cell,estimate,true,probability,current_R,kind,horizon,fold,candidate
0|0|0|0|0|1|0|0|0,1.00605032026334,1,0.14774860007019,1,beta,1,1,ensemble
0|0|0|0|0|1|0|0|1,1.00751384343731,1,0.127168398586049,1,beta,1,1,ensemble
0|0|0|0|0|1|0|1|0,0.962886370866045,1,0.120966322601684,1,beta,1,1,ensemble
0|0|0|0|0|1|0|1|1,0.964289017222598,1,0.104116678742077,1,beta,1,1,ensemble
1|0|0|1|0|1|0|0|0,1.07142678546544,1,0.156475508795044,1,beta,1,1,ensemble
1|0|0|1|0|1|0|0|1,1.09725690068491,1,0.148844108179566,1,beta,1,1,ensemble
1|0|0|1|0|1|0|1|0,1.05336523512003,1,0.0997731894470607,1,beta,1,1,ensemble
1|0|0|1|0|1|0|1|1,1.08130624660104,1,0.0949071935783283,1,beta,1,1,ensemble
0|0|0|0|0|1|0|0|0,0.998842610327006,1,0.14774860007019,1,beta,1,1,sieve_md
0|0|0|0|0|1|0|0|1,1.00833258827799,1,0.127168398586049,1,beta,1,1,sieve_md
0|0|0|0|0|1|0|1|0,0.960254735767577,1,0.120966322601684,1,beta,1,1,sieve_md
0|0|0|0|0|1|0|1|1,0.967595794728031,1,0.104116678742077,1,beta,1,1,sieve_md
1|0|0|1|0|1|0|0|0,1.0730363361205,1,0.156475508795044,1,beta,1,1,sieve_md
1|0|0|1|0|1|0|0|1,1.09935875230594,1,0.148844108179566,1,beta,1,1,sieve_md
1|0|0|1|0|1|0|1|0,1.05554310269141,1,0.0997731894470607,1,beta,1,1,sieve_md
1|0|0|1|0|1|0|1|1,1.08124424845689,1,0.0949071935783283,1,beta,1,1,sieve_md
0|0|0|0|0|1|0|0|0,0.993202451417215,1,0.14774860007019,1,beta,1,1,landweber
0|0|0|0|0|1|0|0|1,1.00909981043609,1,0.127168398586049,1,beta,1,1,landweber
0|0|0|0|0|1|0|1|0,0.966726518141005,1,0.120966322601684,1,beta,1,1,landweber
0|0|0|0|0|1|0|1|1,0.982089978091405,1,0.104116678742077,1,beta,1,1,landweber
1|0|0|1|0|1|0|0|0,1.06430924311765,1,0.156475508795044,1,beta,1,1,landweber
1|0|0|1|0|1|0|0|1,1.0944837276406,1,0.148844108179566,1,beta,1,1,landweber
1|0|0|1|0|1|0|1|0,1.05737111237297,1,0.0997731894470607,1,beta,1,1,landweber
1|0|0|1|0|1|0|1|1,1.08608476192463,1,0.0949071935783283,1,beta,1,1,landweber
0|0|0|0|0|1|0|0|0,1.02083823645088,1,0.14774860007019,1,beta,1,1,pmmr
0|0|0|0|0|1|0|0|1,1.00572833557031,1,0.127168398586049,1,beta,1,1,pmmr
0|0|0|0|0|1|0|1|0,0.961159202329271,1,0.120966322601684,1,beta,1,1,pmmr
0|0|0|0|0|1|0|1|1,0.947558408788124,1,0.104116678742077,1,beta,1,1,pmmr
1|0|0|1|0|1|0|0|0,1.07646680656973,1,0.156475508795044,1,beta,1,1,pmmr
1|0|0|1|0|1|0|0|1,1.09839085670453,1,0.148844108179566,1,beta,1,1,pmmr
1|0|0|1|0|1|0|1|0,1.04879353898222,1,0.0997731894470607,1,beta,1,1,pmmr
1|0|0|1|0|1|0|1|1,1.07734939602971,1,0.0949071935783283,1,beta,1,1,pmmr
0|0|0|0|0|1|0|0|0,-0.052230286268329,0,0.0785500498749289,1,adjoint,1,1,ensemble
0|0|0|0|0|1|0|0|1,1.82918297227515,1.82090167277375,0.0457293559881398,1,adjoint,1,1,ensemble
0|0|0|0|0|1|0|1|0,-0.0906846443158517,0,0.0528936446567127,1,adjoint,1,1,ensemble
0|0|0|0|0|1|0|1|1,1.85711905660383,1.79520390717048,0.0385751813578256,1,adjoint,1,1,ensemble
1|0|0|1|0|1|0|0|0,0.029091339955873,0,0.0762397062809392,1,adjoint,1,1,ensemble
1|0|0|1|0|1|0|0|1,1.88398919251544,1.82545592694467,0.0500247656080652,1,adjoint,1,1,ensemble
1|0|0|1|0|1|0|1|0,0.111909258140709,0,0.0625832169654833,1,adjoint,1,1,ensemble
1|0|0|1|0|1|0|1|1,1.97364612164485,1.79365364433472,0.0521803365091765,1,adjoint,1,1,ensemble
0|0|0|0|0|1|0|0|0,-0.0316108482131885,0,0.0785500498749289,1,adjoint,1,1,sieve_md
0|0|0|0|0|1|0|0|1,1.81506109032985,1.82090167277375,0.0457293559881398,1,adjoint,1,1,sieve_md
0|0|0|0|0|1|0|1|0,-0.095209103117093,0,0.0528936446567127,1,adjoint,1,1,sieve_md
0|0|0|0|0|1|0|1|1,1.84333175633808,1.79520390717048,0.0385751813578256,1,adjoint,1,1,sieve_md
1|0|0|1|0|1|0|0|0,0.0181114006680992,0,0.0762397062809392,1,adjoint,1,1,sieve_md
1|0|0|1|0|1|0|0|1,1.88513794553796,1.82545592694467,0.0500247656080652,1,adjoint,1,1,sieve_md
1|0|0|1|0|1|0|1|0,0.111412517644712,0,0.0625832169654833,1,adjoint,1,1,sieve_md
1|0|0|1|0|1|0|1|1,1.99583815648575,1.79365364433472,0.0521803365091765,1,adjoint,1,1,sieve_md
0|0|0|0|0|1|0|0|0,-0.116242757518393,0,0.0785500498749289,1,adjoint,1,1,landweber
0|0|0|0|0|1|0|0|1,1.87302396152048,1.82090167277375,0.0457293559881398,1,adjoint,1,1,landweber
0|0|0|0|0|1|0|1|0,-0.0766385879605787,0,0.0528936446567127,1,adjoint,1,1,landweber
0|0|0|0|0|1|0|1|1,1.89992134634216,1.79520390717048,0.0385751813578256,1,adjoint,1,1,landweber
1|0|0|1|0|1|0|0|0,0.0631782557149979,0,0.0762397062809392,1,adjoint,1,1,landweber
1|0|0|1|0|1|0|0|1,1.88042292074647,1.82545592694467,0.0500247656080652,1,adjoint,1,1,landweber
1|0|0|1|0|1|0|1|0,0.113451375177737,0,0.0625832169654833,1,adjoint,1,1,landweber
1|0|0|1|0|1|0|1|1,1.9047515674657,1.79365364433472,0.0521803365091765,1,adjoint,1,1,landweber
0|0|0|0|0|1|0|0|0,-0.0540419611175346,0,0.0785500498749289,1,adjoint,1,1,pmmr
0|0|0|0|0|1|0|0|1,1.83235914735958,1.82090167277375,0.0457293559881398,1,adjoint,1,1,pmmr
0|0|0|0|0|1|0|1|0,-0.0417976666621233,0,0.0528936446567127,1,adjoint,1,1,pmmr
0|0|0|0|0|1|0|1|1,1.7819597972126,1.79520390717048,0.0385751813578256,1,adjoint,1,1,pmmr
1|0|0|1|0|1|0|0|0,0.0485521599476247,0,0.0762397062809392,1,adjoint,1,1,pmmr
1|0|0|1|0|1|0|0|1,1.86056176721431,1.82545592694467,0.0500247656080652,1,adjoint,1,1,pmmr
1|0|0|1|0|1|0|1|0,0.15047418880872,0,0.0625832169654833,1,adjoint,1,1,pmmr
1|0|0|1|0|1|0|1|1,1.8779854537739,1.79365364433472,0.0521803365091765,1,adjoint,1,1,pmmr
0|0|0|0|0|1|0|0|0|0|0|0|0|1|0|0|0,1.04092865809004,1,0.0180748527816066,1,beta,2,1,ensemble
0|0|0|0|0|1|0|0|0|0|0|0|0|1|0|0|1,1.0618814574962,1,0.0155571699618374,1,beta,2,1,ensemble
0|0|0|0|0|1|0|0|0|0|0|0|0|1|0|1|0,1.00217071410641,1,0.0147984378296584,1,beta,2,1,ensemble
0|0|0|0|0|1|0|0|0|0|0|0|0|1|0|1|1,0.969897406830539,1,0.0127371334786173,1,beta,2,1,ensemble
0|0|0|0|0|1|0|0|0|0|0|1|0|1|0|0|0,1.05699754957181,1,0.00215565950065452,1,beta,2,1,ensemble
0|0|0|0|0|1|0|0|0|0|0|1|0|1|0|0|1,1.07042039381309,1,0.00250451902352297,1,beta,2,1,ensemble
0|0|0|0|0|1|0|0|0|0|0|1|0|1|0|1|0,0.990372524661782,1,0.00118305101741584,1,beta,2,1,ensemble
0|0|0|0|0|1|0|0|0|0|0|1|0|1|0|1|1,0.996414669991351,1,0.00137450918292826,1,beta,2,1,ensemble
0|0|0|0|0|1|0|0|0|0|1|0|1|0|0|0|0,0.975408657005845,1,0.0705287906750812,0,beta,2,1,ensemble
0|0|0|0|0|1|0|0|0|1|0|0|0|1|0|0|0,0.995363618653239,1,0.00179818220588617,1,beta,2,1,ensemble
0|0|0|0|0|1|0|0|0|1|0|0|0|1|0|0|1,0.974718224977411,1,0.00154770976767183,1,beta,2,1,ensemble
0|0|0|0|0|1|0|0|0|1|0|0|0|1|0|1|0,0.937084675023771,1,0.00230891165619347,1,beta,2,1,ensemble
0|0|0|0|0|1|0|0|0|1|0|0|0|1|0|1|1,0.923753829206144,1,0.00198729867934651,1,beta,2,1,ensemble
0|0|0|0|0|1|0|0|0|1|0|1|0|1|0|0|0,1.02605712383457,1,0.000296423068996605,1,beta,2,1,ensemble
0|0|0|0|0|1|0|0|0|1|0|1|0|1|0|0|1,1.0192274775105,1,0.000344394471894864,1,beta,2,1,ensemble
0|0|0|0|0|1|0|0|0|1|0|1|0|1|0|1|0,0.949786697586389,1,0.000255133699881773,1,beta,2,1,ensemble
0|0|0|0|0|1|0|0|0|1|0|1|0|1|0|1|1,0.928406314692174,1,0.000296423068996605,1,beta,2,1,ensemble
0|0|0|0|0|1|0|0|1|0|0|0|0|1|0|0|0,1.04695840966548,1,0.00257158289856599,1,beta,2,1,ensemble
0|0|0|0|0|1|0|0|1|0|0|0|0|1|0|0|1,1.03035099328842,1,0.00221338191283401,1,beta,2,1,ensemble
0|0|0|0|0|1|0|0|1|0|0|0|0|1|0|1|0,1.00457554583192,1,0.00210543400314539,1,beta,2,1,ensemble
0|0|0|0|0|1|0|0|1|0|0|0|0|1|0|1|1,1.00538583565615,1,0.00181216384034378,1,beta,2,1,ensemble
0|0|0|0|0|1|0|0|1|0|0|1|0|1|0|0|0,1.09436930540584,1,0.000306694454112269,1,beta,2,1,ensemble
0|0|0|0|0|1|0|0|1|0|0|1|0|1|0|0|1,1.10180265208398,1,0.000356328118842492,1,beta,2,1,ensemble
0|0|0|0|0|1|0|0|1|0|0|1|0|1|0|1|0,1.03412178979238,1,0.000168317485142319,1,beta,2,1,ensemble
0|0|0|0|0|1|0|0|1|0|0|1|0|1|0|1|1,1.04675901255677,1,0.000195557017888255,1,beta,2,1,ensemble
0|0|0|0|0|1|0|0|1|0|1|0|1|0|0|0|0,0.991739116252186,1,0.0714379973170373,0,beta,2,1,ensemble
0|0|0|0|0|1|0|0|1|1|0|0|0|1|0|0|0,1.04096537235157,1,0.00936309847164306,1,beta,2,1,ensemble
0|0|0|0|0|1|0|0|1|1|0|0|0|1|0|0|1,1.06828913282869,1,0.00805889353859645,1,beta,2,1,ensemble
0|0|0|0|0|1|0|0|1|1|0|0|0|1|0|1|0,0.9809558970355,1,0.0120224564165398,1,beta,2,1,ensemble
0|0|0|0|0|1|0|0|1|1|0|0|0|1|0|1|1,1.06680088743691,1,0.0103478241339385,1,beta,2,1,ensemble
0|0|0|0|0|1|0|0|1|1|0|1|0|1|0|0|0,1.06743820090819,1,0.00154346894057606,1,beta,2,1,ensemble
0|0|0|0|0|1|0|0|1|1|0|1|0|1|0|0|1,1.06419405624359,1,0.00179325506774882,1,beta,2,1,ensemble
0|0|0|0|0|1|0|0|1|1|0|1|0|1|0|1|0,1.00515636877568,1,0.00132847602851815,1,beta,2,1,ensemble
0|0|0|0|0|1|0|0|1|1|0|1|0|1|0|1|1,1.01323554363545,1,0.00154346894057606,1,beta,2,1,ensemble
0|0|0|0|0|1|0|1|0|0|0|0|0|1|0|0|0,0.960538248802566,1,0.00230891165619347,1,beta,2,1,ensemble
0|0|0|0|0|1|0|1|0|0|0|0|0|1|0|0|1,0.965872252983903,1,0.00198729867934651,1,beta,2,1,ensemble
0|0|0|0|0|1|0|1|0|0|0|0|0|1|0|1|0,0.881266522014498,1,0.00189037697906581,1,beta,2,1,ensemble
0|0|0|0|0|1|0|1|0|0|0|0|0|1|0|1|1,0.85511856181616,1,0.00162706254433225,1,beta,2,1,ensemble
0|0|0|0|0|1|0|1|0|0|0|1|0|1|0|0|0,1.02724231916399,1,0.0100779649802349,1,beta,2,1,ensemble
0|0|0|0|0|1|0|1|0|0|0|1|0|1|0|0|1,0.989012149119558,1,0.0117089248110534,1,beta,2,1,ensemble
0|0|0|0|0|1|0|1|0|0|0|1|0|1|0|1|0,0.975011097239804,1,0.00553090444930101,1,beta,2,1,ensemble
0|0|0|0|0|1|0|1|0|0|0|1|0|1|0|1|1,0.966522484308333,1,0.00642599418245614,1,beta,2,1,ensemble
0|0|0|0|0|1|0|1|0|0|1|0|1|0|0|0|0,0.927528368492091,1,0.0721653351064229,0,beta,2,1,ensemble
0|0|0|0|0|1|0|1|0|1|0|0|0|1|0|0|0,0.947340119555607,1,0.000253997533286871,1,beta,2,1,ensemble
0|0|0|0|0|1|0|1|0|1|0|0|0|1|0|0|1,0.935051639323263,1,0.000218617702892299,1,beta,2,1,ensemble
0|0|0|0|0|1|0|1|0|1|0|0|0|1|0|1|0,0.86492639960865,1,0.000326139288516333,1,beta,2,1,ensemble
0|0|0|0|0|1|0|1|0|1|0|0|0|1|0|1|1,0.840536980382,1,0.000280710687051601,1,beta,2,1,ensemble
0|0|0|0|0|1|0|1|0|1|0|1|0|1|0|0|0,0.986493324127804,1,0.00153238515985756,1,beta,2,1,ensemble
0|0|0|0|0|1|0|1|0|1|0|1|0|1|0|0|1,0.968477355813423,1,0.00178037755177117,1,beta,2,1,ensemble
0|0|0|0|0|1|0|1|0|1|0|1|0|1|0|1|0,0.912035833843722,1,0.00131893613004479,1,beta,2,1,ensemble
0|0|0|0|0|1|0|1|0|1|0|1|0|1|0|1|1,0.901455173333435,1,0.00153238515985756,1,beta,2,1,ensemble
0|0|0|0|0|1|0|1|1|0|0|0|0|1|0|0|0,0.997274963684043,1,0.000255972472562728,1,beta,2,1,ensemble
0|0|0|0|0|1|0|1|1|0|0|0|0|1|0|0|1,0.982748611011747,1,0.000220317548879984,1,beta,2,1,ensemble
0|0|0|0|0|1|0|1|1|0|0|0|0|1|0|1|0,0.925781685051926,1,0.000209572535228515,1,beta,2,1,ensemble
0|0|0|0|0|1|0|1|1|0|0|0|0|1|0|1|1,0.894899998507097,1,0.000180380752710804,1,beta,2,1,ensemble
0|0|0|0|0|1|0|1|1|0|0|1|0|1|0|0|0,1.04537386518966,1,0.0011172716840298,1,beta,2,1,ensemble
0|0|0|0|0|1|0|1|1|0|0|1|0|1|0|0|1,1.03648621009734,1,0.00129808450093651,1,beta,2,1,ensemble
0|0|0|0|0|1|0|1|1|0|0|1|0|1|0|1|0,0.981351672741694,1,0.00061317170087392,1,beta,2,1,ensemble
0|0|0|0|0|1|0|1|1|0|0|1|0|1|0|1|1,0.964970715474488,1,0.000712403878747265,1,beta,2,1,ensemble
0|0|0|0|0|1|0|1|1|0|1|0|1|0|0|0|0,0.959098254318682,1,0.0701196450238517,0,beta,2,1,ensemble
0|0|0|0|0|1|0|1|1|1|0|0|0|1|0|0|0,0.976049717706177,1,0.0010305654561726,1,beta,2,1,ensemble
0|0|0|0|0|1|0|1|1|1|0|0|0|1|0|0|1,0.952205117558822,1,0.000887015908355885,1,beta,2,1,ensemble
0|0|0|0|0|1|0|1|1|1|0|0|0|1|0|1|0,0.898335384900499,1,0.00132327223928601,1,beta,2,1,ensemble
0|0|0|0|0|1|0|1|1|1|0|0|0|1|0|1|1,0.884557119306722,1,0.00113895097133532,1,beta,2,1,ensemble
0|0|0|0|0|1|0|1|1|1|0|1|0|1|0|0|0,1.01797409371919,1,0.00621747459853129,1,beta,2,1,ensemble
0|0|0|0|0|1|0|1|1|1|0|1|0|1|0|0|1,1.00555560370956,1,0.00722367489186694,1,beta,2,1,ensemble
0|0|0|0|0|1|0|1|1|1|0|1|0|1|0|1|0,0.941505854148853,1,0.00535142998017606,1,beta,2,1,ensemble
0|0|0|0|0|1|0|1|1|1|0|1|0|1|0|1|1,0.942162123269718,1,0.00621747459853129,1,beta,2,1,ensemble
1|0|0|1|0|1|0|0|0|0|0|0|0|1|0|0|0,1.10234087593848,1,0.0189820879945186,1,beta,2,1,ensemble
1|0|0|1|0|1|0|0|0|0|0|0|0|1|0|0|1,1.07409118361767,1,0.0133764513277299,1,beta,2,1,ensemble
1|0|0|1|0|1|0|0|0|0|0|0|0|1|0|1|0,1.05306082954057,1,0.0180563206388479,1,beta,2,1,ensemble
1|0|0|1|0|1|0|0|0|0|0|0|0|1|0|1|1,1.03197909533363,1,0.0127240740983383,1,beta,2,1,ensemble
1|0|0|1|0|1|0|0|0|0|0|1|0|1|0|0|0,1.11311888466321,1,0.00400181874163921,1,beta,2,1,ensemble
1|0|0|1|0|1|0|0|0|0|0|1|0|1|0|0|1,1.1299666440953,1,0.00380664773856564,1,beta,2,1,ensemble
1|0|0|1|0|1|0|0|0|0|0|1|0|1|0|1|0,1.05450274255532,1,0.00255167228735678,1,beta,2,1,ensemble
1|0|0|1|0|1|0|0|0|0|0|1|0|1|0|1|1,1.05131029842762,1,0.00242722576141681,1,beta,2,1,ensemble
1|0|0|1|0|1|0|0|0|0|1|0|1|0|0|0|0,0.972814012322028,1,0.0677168438749167,0,beta,2,1,ensemble
1|0|0|1|0|1|0|0|0|1|0|0|0|1|0|0|0,1.03833223198768,1,0.00238359434193912,1,beta,2,1,ensemble
1|0|0|1|0|1|0|0|0|1|0|0|0|1|0|0|1,1.03782483928127,1,0.00167969054348541,1,beta,2,1,ensemble
1|0|0|1|0|1|0|0|0|1|0|0|0|1|0|1|0,0.953703110275224,1,0.00355590490846276,1,beta,2,1,ensemble
1|0|0|1|0|1|0|0|0|1|0|0|0|1|0|1|1,0.911802160750813,1,0.00250580383716602,1,beta,2,1,ensemble
1|0|0|1|0|1|0|0|0|1|0|1|0|1|0|0|0,1.06659691074368,1,0.000693760730200661,1,beta,2,1,ensemble
1|0|0|1|0|1|0|0|0|1|0|1|0|1|0|0|1,1.05456508339685,1,0.000659925620129969,1,beta,2,1,ensemble
1|0|0|1|0|1|0|0|0|1|0|1|0|1|0|1|0,0.991898629599556,1,0.000693760730200661,1,beta,2,1,ensemble
1|0|0|1|0|1|0|0|0|1|0|1|0|1|0|1|1,0.972333854250393,1,0.000659925620129969,1,beta,2,1,ensemble
1|0|0|1|0|1|0|0|1|0|0|0|0|1|0|0|0,1.10090519620697,1,0.00249646270456503,1,beta,2,1,ensemble
1|0|0|1|0|1|0|0|1|0|0|0|0|1|0|0|1,1.11979753956824,1,0.00175922753433395,1,beta,2,1,ensemble
1|0|0|1|0|1|0|0|1|0|0|0|0|1|0|1|0,1.07037639477628,1,0.00237470878175089,1,beta,2,1,ensemble
1|0|0|1|0|1|0|0|1|0|0|0|0|1|0|1|1,1.08723556627188,1,0.00167342899505029,1,beta,2,1,ensemble
1|0|0|1|0|1|0|0|1|0|0|1|0|1|0|0|0,1.13908475797597,1,0.000526306233635443,1,beta,2,1,ensemble
1|0|0|1|0|1|0|0|1|0|0|1|0|1|0|0|1,1.13973403011124,1,0.000500637975732181,1,beta,2,1,ensemble
1|0|0|1|0|1|0|0|1|0|0|1|0|1|0|1|0,1.09661810436176,1,0.000335587670939985,1,beta,2,1,ensemble
1|0|0|1|0|1|0|0|1|0|0|1|0|1|0|1|1,1.09195096870677,1,0.000319220867097777,1,beta,2,1,ensemble
1|0|0|1|0|1|0|0|1|0|1|0|1|0|0|0|0,1.05606904704579,1,0.077092739759399,0,beta,2,1,ensemble
1|0|0|1|0|1|0|0|1|1|0|0|0|1|0|0|0,1.0609711217998,1,0.0114729098421175,1,beta,2,1,ensemble
1|0|0|1|0|1|0|0|1|1|0|0|0|1|0|0|1,1.05175742004279,1,0.00808482292015682,1,beta,2,1,ensemble
1|0|0|1|0|1|0|0|1|1|0|0|0|1|0|1|0,1.0339754024238,1,0.0171155702562825,1,beta,2,1,ensemble
1|0|0|1|0|1|0|0|1|1|0|0|0|1|0|1|1,1.02939600507119,1,0.0120611385083462,1,beta,2,1,ensemble
1|0|0|1|0|1|0|0|1|1|0|1|0|1|0|0|0,1.09684022491728,1,0.0033392654821955,1,beta,2,1,ensemble
1|0|0|1|0|1|0|0|1|1|0|1|0|1|0|0|1,1.10110199306332,1,0.00317640758288393,1,beta,2,1,ensemble
1|0|0|1|0|1|0|0|1|1|0|1|0|1|0|1|0,1.02266598422172,1,0.0033392654821955,1,beta,2,1,ensemble
1|0|0|1|0|1|0|0|1|1|0|1|0|1|0|1|1,0.987846632996737,1,0.00317640758288393,1,beta,2,1,ensemble
1|0|0|1|0|1|0|1|0|0|0|0|0|1|0|0|0,1.01803741486047,1,0.00130754689812861,1,beta,2,1,ensemble
1|0|0|1|0|1|0|1|0|0|0|0|0|1|0|0|1,1.00494769492315,1,0.00092141272585988,1,beta,2,1,ensemble
1|0|0|1|0|1|0|1|0|0|0|0|0|1|0|1|0,0.949120851434364,1,0.00124377708341457,1,beta,2,1,ensemble
1|0|0|1|0|1|0|1|0|0|0|0|0|1|0|1|1,0.933530976357322,1,0.000876474896947328,1,beta,2,1,ensemble
1|0|0|1|0|1|0|1|0|0|0|1|0|1|0|0|0,1.06533510954635,1,0.0100885985590994,1,beta,2,1,ensemble
1|0|0|1|0|1|0|1|0|0|0|1|0|1|0|0|1,1.0370453512988,1,0.00959657180139088,1,beta,2,1,ensemble
1|0|0|1|0|1|0|1|0|0|0|1|0|1|0|1|0,1.01170716355467,1,0.00643277445169266,1,beta,2,1,ensemble
1|0|0|1|0|1|0|1|0|0|0|1|0|1|0|1|1,0.990190254355028,1,0.0061190443396265,1,beta,2,1,ensemble
1|0|0|1|0|1|0|1|0|0|1|0|1|0|0|0|0,0.949668864047707,1,0.0547623847574702,0,beta,2,1,ensemble
1|0|0|1|0|1|0|1|0|1|0|0|0|1|0|0|0,0.986932548930905,1,0.000183873530406896,1,beta,2,1,ensemble
1|0|0|1|0|1|0|1|0|1|0|0|0|1|0|0|1,0.95718485104423,1,0.000129573486892272,1,beta,2,1,ensemble
1|0|0|1|0|1|0|1|0|1|0|0|0|1|0|1|0,0.89905148699251,1,0.000274307073903501,1,beta,2,1,ensemble
1|0|0|1|0|1|0|1|0|1|0|0|0|1|0|1|1,0.849288720284255,1,0.000193300927905388,1,beta,2,1,ensemble
1|0|0|1|0|1|0|1|0|1|0|1|0|1|0|0|0,1.01947687635354,1,0.00195864945924502,1,beta,2,1,ensemble
1|0|0|1|0|1|0|1|0|1|0|1|0|1|0|0|1,0.992883341492394,1,0.00186312499791628,1,beta,2,1,ensemble
1|0|0|1|0|1|0|1|0|1|0|1|0|1|0|1|0,0.932850121233011,1,0.00195864945924502,1,beta,2,1,ensemble
1|0|0|1|0|1|0|1|0|1|0|1|0|1|0|1|1,0.894512214624206,1,0.00186312499791628,1,beta,2,1,ensemble
1|0|0|1|0|1|0|1|1|0|0|0|0|1|0|0|0,1.05198818807662,1,0.000134606321209248,1,beta,2,1,ensemble
1|0|0|1|0|1|0|1|1|0|0|0|0|1|0|0|1,1.03824384052839,1,9.48554713570082e-05,1,beta,2,1,ensemble
1|0|0|1|0|1|0|1|1|0|0|0|0|1|0|1|0,0.991805387408358,1,0.000128041493458031,1,beta,2,1,ensemble
1|0|0|1|0|1|0|1|1|0|0|0|0|1|0|1|1,0.971813383445576,1,9.02293154296708e-05,1,beta,2,1,ensemble
1|0|0|1|0|1|0|1|1|0|0|1|0|1|0|0|0,1.08020363817081,1,0.00103857776737559,1,beta,2,1,ensemble
1|0|0|1|0|1|0|1|1|0|0|1|0|1|0|0|1,1.05861781657991,1,0.000987925731959918,1,beta,2,1,ensemble
1|0|0|1|0|1|0|1|1|0|0|1|0|1|0|1|0,1.01620965491354,1,0.000662226422127165,1,beta,2,1,ensemble
1|0|0|1|0|1|0|1|1|0|0|1|0|1|0|1|1,0.968574866330496,1,0.00062992925840919,1,beta,2,1,ensemble
1|0|0|1|0|1|0|1|1|0|1|0|1|0|0|0|0,0.953781250808022,1,0.0594000062445497,0,beta,2,1,ensemble
1|0|0|1|0|1|0|1|1|1|0|0|0|1|0|0|0,1.01074055619965,1,0.00069276753925408,1,beta,2,1,ensemble
1|0|0|1|0|1|0|1|1|1|0|0|0|1|0|0|1,0.978213311232293,1,0.000488185033856091,1,beta,2,1,ensemble
1|0|0|1|0|1|0|1|1|1|0|0|0|1|0|1|0,0.939509870222737,1,0.0010334877247834,1,beta,2,1,ensemble
1|0|0|1|0|1|0|1|1|1|0|0|0|1|0|1|1,0.912140199961256,1,0.000728286490525357,1,beta,2,1,ensemble
1|0|0|1|0|1|0|1|1|1|0|1|0|1|0|0|0,1.05071253527432,1,0.0073794676326703,1,beta,2,1,ensemble
1|0|0|1|0|1|0|1|1|1|0|1|0|1|0|0|1,1.05159387764749,1,0.00701956674934661,1,beta,2,1,ensemble
1|0|0|1|0|1|0|1|1|1|0|1|0|1|0|1|0,0.961537822234319,1,0.0073794676326703,1,beta,2,1,ensemble
1|0|0|1|0|1|0|1|1|1|0|1|0|1|0|1|1,0.930919309804026,1,0.00701956674934661,1,beta,2,1,ensemble
0|0|0|0|0|1|0|0|0|0|0|0|0|1|0|0|0,0.99550279531066,1,0.0180748527816066,1,beta,2,1,sieve_md
0|0|0|0|0|1|0|0|0|0|0|0|0|1|0|0|1,1.19405975263973,1,0.0155571699618374,1,beta,2,1,sieve_md
0|0|0|0|0|1|0|0|0|0|0|0|0|1|0|1|0,1.00167300788075,1,0.0147984378296584,1,beta,2,1,sieve_md
0|0|0|0|0|1|0|0|0|0|0|0|0|1|0|1|1,1.0395847031733,1,0.0127371334786173,1,beta,2,1,sieve_md
0|0|0|0|0|1|0|0|0|0|0|1|0|1|0|0|0,0.946361272880347,1,0.00215565950065452,1,beta,2,1,sieve_md
0|0|0|0|0|1|0|0|0|0|0|1|0|1|0|0|1,1.11849497573785,1,0.00250451902352297,1,beta,2,1,sieve_md
0|0|0|0|0|1|0|0|0|0|0|1|0|1|0|1|0,0.852961298723532,1,0.00118305101741584,1,beta,2,1,sieve_md
0|0|0|0|0|1|0|0|0|0|0|1|0|1|0|1|1,1.02820157650445,1,0.00137450918292826,1,beta,2,1,sieve_md
0|0|0|0|0|1|0|0|0|0|1|0|1|0|0|0|0,0.983025263124791,1,0.0705287906750812,0,beta,2,1,sieve_md
0|0|0|0|0|1|0|0|0|1|0|0|0|1|0|0|0,0.922158536293322,1,0.00179818220588617,1,beta,2,1,sieve_md
0|0|0|0|0|1|0|0|0|1|0|0|0|1|0|0|1,0.988209968653209,1,0.00154770976767183,1,beta,2,1,sieve_md
0|0|0|0|0|1|0|0|0|1|0|0|0|1|0|1|0,0.91017559370642,1,0.00230891165619347,1,beta,2,1,sieve_md
0|0|0|0|0|1|0|0|0|1|0|0|0|1|0|1|1,1.02244461776748,1,0.00198729867934651,1,beta,2,1,sieve_md
0|0|0|0|0|1|0|0|0|1|0|1|0|1|0|0|0,0.921960595206198,1,0.000296423068996605,1,beta,2,1,sieve_md
0|0|0|0|0|1|0|0|0|1|0|1|0|1|0|0|1,1.0391315049638,1,0.000344394471894864,1,beta,2,1,sieve_md
0|0|0|0|0|1|0|0|0|1|0|1|0|1|0|1|0,0.845424949703085,1,0.000255133699881773,1,beta,2,1,sieve_md
0|0|0|0|0|1|0|0|0|1|0|1|0|1|0|1|1,0.931605792677517,1,0.000296423068996605,1,beta,2,1,sieve_md
0|0|0|0|0|1|0|0|1|0|0|0|0|1|0|0|0,0.932313074175158,1,0.00257158289856599,1,beta,2,1,sieve_md
0|0|0|0|0|1|0|0|1|0|0|0|0|1|0|0|1,0.996575107706409,1,0.00221338191283401,1,beta,2,1,sieve_md
0|0|0|0|0|1|0|0|1|0|0|0|0|1|0|1|0,0.90760312451532,1,0.00210543400314539,1,beta,2,1,sieve_md
0|0|0|0|0|1|0|0|1|0|0|0|0|1|0|1|1,1.06356925491916,1,0.00181216384034378,1,beta,2,1,sieve_md
0|0|0|0|0|1|0|0|1|0|0|1|0|1|0|0|0,0.996050226161266,1,0.000306694454112269,1,beta,2,1,sieve_md
0|0|0|0|0|1|0|0|1|0|0|1|0|1|0|0|1,1.14547447740393,1,0.000356328118842492,1,beta,2,1,sieve_md
0|0|0|0|0|1|0|0|1|0|0|1|0|1|0|1|0,0.90642615054149,1,0.000168317485142319,1,beta,2,1,sieve_md
0|0|0|0|0|1|0|0|1|0|0|1|0|1|0|1|1,1.10487514937512,1,0.000195557017888255,1,beta,2,1,sieve_md
0|0|0|0|0|1|0|0|1|0|1|0|1|0|0|0|0,0.963295923046164,1,0.0714379973170373,0,beta,2,1,sieve_md
0|0|0|0|0|1|0|0|1|1|0|0|0|1|0|0|0,1.01214914025468,1,0.00936309847164306,1,beta,2,1,sieve_md
0|0|0|0|0|1|0|0|1|1|0|0|0|1|0|0|1,1.24726522332365,1,0.00805889353859645,1,beta,2,1,sieve_md
0|0|0|0|0|1|0|0|1|1|0|0|0|1|0|1|0,0.978982019817673,1,0.0120224564165398,1,beta,2,1,sieve_md
0|0|0|0|0|1|0|0|1|1|0|0|0|1|0|1|1,1.4433758352845,1,0.0103478241339385,1,beta,2,1,sieve_md
0|0|0|0|0|1|0|0|1|1|0|1|0|1|0|0|0,0.998583751399534,1,0.00154346894057606,1,beta,2,1,sieve_md
0|0|0|0|0|1|0|0|1|1|0|1|0|1|0|0|1,1.12671066736667,1,0.00179325506774882,1,beta,2,1,sieve_md
0|0|0|0|0|1|0|0|1|1|0|1|0|1|0|1|0,0.955980099450787,1,0.00132847602851815,1,beta,2,1,sieve_md
0|0|0|0|0|1|0|0|1|1|0|1|0|1|0|1|1,1.14608364870774,1,0.00154346894057606,1,beta,2,1,sieve_md
0|0|0|0|0|1|0|1|0|0|0|0|0|1|0|0|0,0.828821494576678,1,0.00230891165619347,1,beta,2,1,sieve_md
0|0|0|0|0|1|0|1|0|0|0|0|0|1|0|0|1,0.985646393147278,1,0.00198729867934651,1,beta,2,1,sieve_md
0|0|0|0|0|1|0|1|0|0|0|0|0|1|0|1|0,0.717285023391025,1,0.00189037697906581,1,beta,2,1,sieve_md
0|0|0|0|0|1|0|1|0|0|0|0|0|1|0|1|1,0.785964664945653,1,0.00162706254433225,1,beta,2,1,sieve_md
0|0|0|0|0|1|0|1|0|0|0|1|0|1|0|0|0,0.949815464948714,1,0.0100779649802349,1,beta,2,1,sieve_md
0|0|0|0|0|1|0|1|0|0|0|1|0|1|0|0|1,0.951538892153137,1,0.0117089248110534,1,beta,2,1,sieve_md
0|0|0|0|0|1|0|1|0|0|0|1|0|1|0|1|0,0.934537944907575,1,0.00553090444930101,1,beta,2,1,sieve_md
0|0|0|0|0|1|0|1|0|0|0|1|0|1|0|1|1,1.06696661171886,1,0.00642599418245614,1,beta,2,1,sieve_md
0|0|0|0|0|1|0|1|0|0|1|0|1|0|0|0|0,0.910840997306676,1,0.0721653351064229,0,beta,2,1,sieve_md
0|0|0|0|0|1|0|1|0|1|0|0|0|1|0|0|0,0.854658953151967,1,0.000253997533286871,1,beta,2,1,sieve_md
0|0|0|0|0|1|0|1|0|1|0|0|0|1|0|0|1,0.962804365029403,1,0.000218617702892299,1,beta,2,1,sieve_md
0|0|0|0|0|1|0|1|0|1|0|0|0|1|0|1|0,0.778624397369301,1,0.000326139288516333,1,beta,2,1,sieve_md
0|0|0|0|0|1|0|1|0|1|0|0|0|1|0|1|1,0.8595536289966,1,0.000280710687051601,1,beta,2,1,sieve_md
0|0|0|0|0|1|0|1|0|1|0|1|0|1|0|0|0,0.875339472753182,1,0.00153238515985756,1,beta,2,1,sieve_md
0|0|0|0|0|1|0|1|0|1|0|1|0|1|0|0|1,0.964514421365332,1,0.00178037755177117,1,beta,2,1,sieve_md
0|0|0|0|0|1|0|1|0|1|0|1|0|1|0|1|0,0.827763280265066,1,0.00131893613004479,1,beta,2,1,sieve_md
0|0|0|0|0|1|0|1|0|1|0|1|0|1|0|1|1,0.960088617471194,1,0.00153238515985756,1,beta,2,1,sieve_md
0|0|0|0|0|1|0|1|1|0|0|0|0|1|0|0|0,0.881831441971879,1,0.000255972472562728,1,beta,2,1,sieve_md
0|0|0|0|0|1|0|1|1|0|0|0|0|1|0|0|1,0.967789970526354,1,0.000220317548879984,1,beta,2,1,sieve_md
0|0|0|0|0|1|0|1|1|0|0|0|0|1|0|1|0,0.782267465640059,1,0.000209572535228515,1,beta,2,1,sieve_md
0|0|0|0|0|1|0|1|1|0|0|0|0|1|0|1|1,0.834898547974133,1,0.000180380752710804,1,beta,2,1,sieve_md
0|0|0|0|0|1|0|1|1|0|0|1|0|1|0|0|0,0.938325553877039,1,0.0011172716840298,1,beta,2,1,sieve_md
0|0|0|0|0|1|0|1|1|0|0|1|0|1|0|0|1,1.04362819194714,1,0.00129808450093651,1,beta,2,1,sieve_md
0|0|0|0|0|1|0|1|1|0|0|1|0|1|0|1|0,0.864615239704449,1,0.00061317170087392,1,beta,2,1,sieve_md
0|0|0|0|0|1|0|1|1|0|0|1|0|1|0|1|1,0.969238000897728,1,0.000712403878747265,1,beta,2,1,sieve_md
0|0|0|0|0|1|0|1|1|0|1|0|1|0|0|0|0,0.951178764115789,1,0.0701196450238517,0,beta,2,1,sieve_md
0|0|0|0|0|1|0|1|1|1|0|0|0|1|0|0|0,0.890606498855411,1,0.0010305654561726,1,beta,2,1,sieve_md
0|0|0|0|0|1|0|1|1|1|0|0|0|1|0|0|1,0.956890192705748,1,0.000887015908355885,1,beta,2,1,sieve_md
0|0|0|0|0|1|0|1|1|1|0|0|0|1|0|1|0,0.818265975777729,1,0.00132327223928601,1,beta,2,1,sieve_md
0|0|0|0|0|1|0|1|1|1|0|0|0|1|0|1|1,0.936983570072298,1,0.00113895097133532,1,beta,2,1,sieve_md
0|0|0|0|0|1|0|1|1|1|0|1|0|1|0|0|0,0.922960880227605,1,0.00621747459853129,1,beta,2,1,sieve_md
0|0|0|0|0|1|0|1|1|1|0|1|0|1|0|0|1,1.03101827232097,1,0.00722367489186694,1,beta,2,1,sieve_md
0|0|0|0|0|1|0|1|1|1|0|1|0|1|0|1|0,0.854483943000077,1,0.00535142998017606,1,beta,2,1,sieve_md
0|0|0|0|0|1|0|1|1|1|0|1|0|1|0|1|1,1.02652273716128,1,0.00621747459853129,1,beta,2,1,sieve_md
1|0|0|1|0|1|0|0|0|0|0|0|0|1|0|0|0,1.0194270721319,1,0.0189820879945186,1,beta,2,1,sieve_md
1|0|0|1|0|1|0|0|0|0|0|0|0|1|0|0|1,1.0367735563906,1,0.0133764513277299,1,beta,2,1,sieve_md
1|0|0|1|0|1|0|0|0|0|0|0|0|1|0|1|0,0.983519041184321,1,0.0180563206388479,1,beta,2,1,sieve_md
1|0|0|1|0|1|0|0|0|0|0|0|0|1|0|1|1,1.05710911779742,1,0.0127240740983383,1,beta,2,1,sieve_md
1|0|0|1|0|1|0|0|0|0|0|1|0|1|0|0|0,0.985138139746784,1,0.00400181874163921,1,beta,2,1,sieve_md
1|0|0|1|0|1|0|0|0|0|0|1|0|1|0|0|1,1.16235364595073,1,0.00380664773856564,1,beta,2,1,sieve_md
1|0|0|1|0|1|0|0|0|0|0|1|0|1|0|1|0,0.910692743986006,1,0.00255167228735678,1,beta,2,1,sieve_md
1|0|0|1|0|1|0|0|0|0|0|1|0|1|0|1|1,1.0462774410771,1,0.00242722576141681,1,beta,2,1,sieve_md
1|0|0|1|0|1|0|0|0|0|1|0|1|0|0|0|0,0.942547215746574,1,0.0677168438749167,0,beta,2,1,sieve_md
1|0|0|1|0|1|0|0|0|1|0|0|0|1|0|0|0,0.912052736546372,1,0.00238359434193912,1,beta,2,1,sieve_md
1|0|0|1|0|1|0|0|0|1|0|0|0|1|0|0|1,1.04361703711403,1,0.00167969054348541,1,beta,2,1,sieve_md
1|0|0|1|0|1|0|0|0|1|0|0|0|1|0|1|0,0.803376420675091,1,0.00355590490846276,1,beta,2,1,sieve_md
1|0|0|1|0|1|0|0|0|1|0|0|0|1|0|1|1,0.808136045991313,1,0.00250580383716602,1,beta,2,1,sieve_md
1|0|0|1|0|1|0|0|0|1|0|1|0|1|0|0|0,0.930067306466404,1,0.000693760730200661,1,beta,2,1,sieve_md
1|0|0|1|0|1|0|0|0|1|0|1|0|1|0|0|1,1.02131749374595,1,0.000659925620129969,1,beta,2,1,sieve_md
1|0|0|1|0|1|0|0|0|1|0|1|0|1|0|1|0,0.849927174971388,1,0.000693760730200661,1,beta,2,1,sieve_md
1|0|0|1|0|1|0|0|0|1|0|1|0|1|0|1|1,0.933886817222297,1,0.000659925620129969,1,beta,2,1,sieve_md
1|0|0|1|0|1|0|0|1|0|0|0|0|1|0|0|0,0.922774568789498,1,0.00249646270456503,1,beta,2,1,sieve_md
1|0|0|1|0|1|0|0|1|0|0|0|0|1|0|0|1,1.10848639324374,1,0.00175922753433395,1,beta,2,1,sieve_md
1|0|0|1|0|1|0|0|1|0|0|0|0|1|0|1|0,0.93531790722154,1,0.00237470878175089,1,beta,2,1,sieve_md
1|0|0|1|0|1|0|0|1|0|0|0|0|1|0|1|1,1.14591898495223,1,0.00167342899505029,1,beta,2,1,sieve_md
1|0|0|1|0|1|0|0|1|0|0|1|0|1|0|0|0,0.987315133009237,1,0.000526306233635443,1,beta,2,1,sieve_md
1|0|0|1|0|1|0|0|1|0|0|1|0|1|0|0|1,1.1067296994822,1,0.000500637975732181,1,beta,2,1,sieve_md
1|0|0|1|0|1|0|0|1|0|0|1|0|1|0|1|0,0.951510784741342,1,0.000335587670939985,1,beta,2,1,sieve_md
1|0|0|1|0|1|0|0|1|0|0|1|0|1|0|1|1,1.08295843802313,1,0.000319220867097777,1,beta,2,1,sieve_md
1|0|0|1|0|1|0|0|1|0|1|0|1|0|0|0|0,1.12727522579373,1,0.077092739759399,0,beta,2,1,sieve_md
1|0|0|1|0|1|0|0|1|1|0|0|0|1|0|0|0,0.917118540783756,1,0.0114729098421175,1,beta,2,1,sieve_md
1|0|0|1|0|1|0|0|1|1|0|0|0|1|0|0|1,1.01747307324793,1,0.00808482292015682,1,beta,2,1,sieve_md
1|0|0|1|0|1|0|0|1|1|0|0|0|1|0|1|0,0.997891035335711,1,0.0171155702562825,1,beta,2,1,sieve_md
1|0|0|1|0|1|0|0|1|1|0|0|0|1|0|1|1,1.13608375076312,1,0.0120611385083462,1,beta,2,1,sieve_md
1|0|0|1|0|1|0|0|1|1|0|1|0|1|0|0|0,0.963398450353822,1,0.0033392654821955,1,beta,2,1,sieve_md
1|0|0|1|0|1|0|0|1|1|0|1|0|1|0|0|1,1.11174887555881,1,0.00317640758288393,1,beta,2,1,sieve_md
1|0|0|1|0|1|0|0|1|1|0|1|0|1|0|1|0,0.869287570938861,1,0.0033392654821955,1,beta,2,1,sieve_md
1|0|0|1|0|1|0|0|1|1|0|1|0|1|0|1|1,0.899219277704871,1,0.00317640758288393,1,beta,2,1,sieve_md
1|0|0|1|0|1|0|1|0|0|0|0|0|1|0|0|0,0.846610590386071,1,0.00130754689812861,1,beta,2,1,sieve_md
1|0|0|1|0|1|0|1|0|0|0|0|0|1|0|0|1,0.932977342035319,1,0.00092141272585988,1,beta,2,1,sieve_md
1|0|0|1|0|1|0|1|0|0|0|0|0|1|0|1|0,0.76980698745302,1,0.00124377708341457,1,beta,2,1,sieve_md
1|0|0|1|0|1|0|1|0|0|0|0|0|1|0|1|1,0.872646163152867,1,0.000876474896947328,1,beta,2,1,sieve_md
1|0|0|1|0|1|0|1|0|0|0|1|0|1|0|0|0,0.92919319729128,1,0.0100885985590994,1,beta,2,1,sieve_md
1|0|0|1|0|1|0|1|0|0|0|1|0|1|0|0|1,0.960252840365165,1,0.00959657180139088,1,beta,2,1,sieve_md
1|0|0|1|0|1|0|1|0|0|0|1|0|1|0|1|0,0.901217355235853,1,0.00643277445169266,1,beta,2,1,sieve_md
1|0|0|1|0|1|0|1|0|0|0|1|0|1|0|1|1,0.981199236893739,1,0.0061190443396265,1,beta,2,1,sieve_md
1|0|0|1|0|1|0|1|0|0|1|0|1|0|0|0|0,1.00142811340587,1,0.0547623847574702,0,beta,2,1,sieve_md
1|0|0|1|0|1|0|1|0|1|0|0|0|1|0|0|0,0.836015834640719,1,0.000183873530406896,1,beta,2,1,sieve_md
1|0|0|1|0|1|0|1|0|1|0|0|0|1|0|0|1,0.876670766121192,1,0.000129573486892272,1,beta,2,1,sieve_md
1|0|0|1|0|1|0|1|0|1|0|0|0|1|0|1|0,0.739703002547741,1,0.000274307073903501,1,beta,2,1,sieve_md
1|0|0|1|0|1|0|1|0|1|0|0|0|1|0|1|1,0.724812439727826,1,0.000193300927905388,1,beta,2,1,sieve_md
1|0|0|1|0|1|0|1|0|1|0|1|0|1|0|0|0,0.858096949929229,1,0.00195864945924502,1,beta,2,1,sieve_md
1|0|0|1|0|1|0|1|0|1|0|1|0|1|0|0|1,0.909868350534377,1,0.00186312499791628,1,beta,2,1,sieve_md
1|0|0|1|0|1|0|1|0|1|0|1|0|1|0|1|0,0.759620668280689,1,0.00195864945924502,1,beta,2,1,sieve_md
1|0|0|1|0|1|0|1|0|1|0|1|0|1|0|1|1,0.784933583787734,1,0.00186312499791628,1,beta,2,1,sieve_md
1|0|0|1|0|1|0|1|1|0|0|0|0|1|0|0|0,0.883334111298215,1,0.000134606321209248,1,beta,2,1,sieve_md
1|0|0|1|0|1|0|1|1|0|0|0|0|1|0|0|1,0.968479731502536,1,9.48554713570082e-05,1,beta,2,1,sieve_md
1|0|0|1|0|1|0|1|1|0|0|0|0|1|0|1|0,0.821744953154889,1,0.000128041493458031,1,beta,2,1,sieve_md
1|0|0|1|0|1|0|1|1|0|0|0|0|1|0|1|1,0.911170246849865,1,9.02293154296708e-05,1,beta,2,1,sieve_md
1|0|0|1|0|1|0|1|1|0|0|1|0|1|0|0|0,0.899701458197148,1,0.00103857776737559,1,beta,2,1,sieve_md
1|0|0|1|0|1|0|1|1|0|0|1|0|1|0|0|1,0.95492849277636,1,0.000987925731959918,1,beta,2,1,sieve_md
1|0|0|1|0|1|0|1|1|0|0|1|0|1|0|1|0,0.818497303918641,1,0.000662226422127165,1,beta,2,1,sieve_md
1|0|0|1|0|1|0|1|1|0|0|1|0|1|0|1|1,0.80705635449833,1,0.00062992925840919,1,beta,2,1,sieve_md
1|0|0|1|0|1|0|1|1|0|1|0|1|0|0|0|0,0.914793987251523,1,0.0594000062445497,0,beta,2,1,sieve_md
1|0|0|1|0|1|0|1|1|1|0|0|0|1|0|0|0,0.85144905979687,1,0.00069276753925408,1,beta,2,1,sieve_md
1|0|0|1|0|1|0|1|1|1|0|0|0|1|0|0|1,0.882468653769613,1,0.000488185033856091,1,beta,2,1,sieve_md
1|0|0|1|0|1|0|1|1|1|0|0|0|1|0|1|0,0.800976928978163,1,0.0010334877247834,1,beta,2,1,sieve_md
1|0|0|1|0|1|0|1|1|1|0|0|0|1|0|1|1,0.866761058377607,1,0.000728286490525357,1,beta,2,1,sieve_md
1|0|0|1|0|1|0|1|1|1|0|1|0|1|0|0|0,0.901430886692445,1,0.0073794676326703,1,beta,2,1,sieve_md
1|0|0|1|0|1|0|1|1|1|0|1|0|1|0|0|1,1.05070096563591,1,0.00701956674934661,1,beta,2,1,sieve_md
1|0|0|1|0|1|0|1|1|1|0|1|0|1|0|1|0,0.780113556875132,1,0.0073794676326703,1,beta,2,1,sieve_md
1|0|0|1|0|1|0|1|1|1|0|1|0|1|0|1|1,0.833494676676943,1,0.00701956674934661,1,beta,2,1,sieve_md
0|0|0|0|0|1|0|0|0|0|0|0|0|1|0|0|0,1.04081228151662,1,0.0180748527816066,1,beta,2,1,landweber
0|0|0|0|0|1|0|0|0|0|0|0|0|1|0|0|1,1.00950264844047,1,0.0155571699618374,1,beta,2,1,landweber
0|0|0|0|0|1|0|0|0|0|0|0|0|1|0|1|0,1.09317609314668,1,0.0147984378296584,1,beta,2,1,landweber
0|0|0|0|0|1|0|0|0|0|0|0|0|1|0|1|1,1.05594429905103,1,0.0127371334786173,1,beta,2,1,landweber
0|0|0|0|0|1|0|0|0|0|0|1|0|1|0|0|0,1.06897230389044,1,0.00215565950065452,1,beta,2,1,landweber
0|0|0|0|0|1|0|0|0|0|0|1|0|1|0|0|1,1.04362858934515,1,0.00250451902352297,1,beta,2,1,landweber
0|0|0|0|0|1|0|0|0|0|0|1|0|1|0|1|0,1.1276271944638,1,0.00118305101741584,1,beta,2,1,landweber
0|0|0|0|0|1|0|0|0|0|0|1|0|1|0|1|1,1.09519113817089,1,0.00137450918292826,1,beta,2,1,landweber
0|0|0|0|0|1|0|0|0|0|1|0|1|0|0|0|0,0.950042150492187,1,0.0705287906750812,0,beta,2,1,landweber
0|0|0|0|0|1|0|0|0|1|0|0|0|1|0|0|0,0.952602578468791,1,0.00179818220588617,1,beta,2,1,landweber
0|0|0|0|0|1|0|0|0|1|0|0|0|1|0|0|1,0.912925579530412,1,0.00154770976767183,1,beta,2,1,landweber
0|0|0|0|0|1|0|0|0|1|0|0|0|1|0|1|0,0.975647867095449,1,0.00230891165619347,1,beta,2,1,landweber
0|0|0|0|0|1|0|0|0|1|0|0|0|1|0|1|1,0.9334265222,1,0.00198729867934651,1,beta,2,1,landweber
0|0|0|0|0|1|0|0|0|1|0|1|0|1|0|0|0,0.981303159612716,1,0.000296423068996605,1,beta,2,1,landweber
0|0|0|0|0|1|0|0|0|1|0|1|0|1|0|0|1,0.946377950310793,1,0.000344394471894864,1,beta,2,1,landweber
0|0|0|0|0|1|0|0|0|1|0|1|0|1|0|1|0,1.00976439334551,1,0.000255133699881773,1,beta,2,1,landweber
0|0|0|0|0|1|0|0|0|1|0|1|0|1|0|1|1,0.971147804501584,1,0.000296423068996605,1,beta,2,1,landweber
0|0|0|0|0|1|0|0|1|0|0|0|0|1|0|0|0,1.09466608457196,1,0.00257158289856599,1,beta,2,1,landweber
0|0|0|0|0|1|0|0|1|0|0|0|0|1|0|0|1,1.06887442263085,1,0.00221338191283401,1,beta,2,1,landweber
0|0|0|0|0|1|0|0|1|0|0|0|0|1|0|1|0,1.16486245695063,1,0.00210543400314539,1,beta,2,1,landweber
0|0|0|0|0|1|0|0|1|0|0|0|0|1|0|1|1,1.1317532107333,1,0.00181216384034378,1,beta,2,1,landweber
0|0|0|0|0|1|0|0|1|0|0|1|0|1|0|0|0,1.12265789542354,1,0.000306694454112269,1,beta,2,1,landweber
0|0|0|0|0|1|0|0|1|0|0|1|0|1|0|0|1,1.10356013302531,1,0.000356328118842492,1,beta,2,1,landweber
0|0|0|0|0|1|0|0|1|0|0|1|0|1|0|1|0,1.19969092638441,1,0.000168317485142319,1,beta,2,1,landweber
0|0|0|0|0|1|0|0|1|0|0|1|0|1|0|1|1,1.17203874501288,1,0.000195557017888255,1,beta,2,1,landweber
0|0|0|0|0|1|0|0|1|0|1|0|1|0|0|0|0,0.992004737972046,1,0.0714379973170373,0,beta,2,1,landweber
0|0|0|0|0|1|0|0|1|1|0|0|0|1|0|0|0,0.997785550326799,1,0.00936309847164306,1,beta,2,1,landweber
0|0|0|0|0|1|0|0|1|1|0|0|0|1|0|0|1,0.962661125336595,1,0.00805889353859645,1,beta,2,1,landweber
0|0|0|0|0|1|0|0|1|1|0|0|0|1|0|1|0,1.03569120975949,1,0.0120224564165398,1,beta,2,1,landweber
0|0|0|0|0|1|0|0|1|1|0|0|0|1|0|1|1,0.996783967744194,1,0.0103478241339385,1,beta,2,1,landweber
0|0|0|0|0|1|0|0|1|1|0|1|0|1|0|0|0,1.02638021481708,1,0.00154346894057606,1,beta,2,1,landweber
0|0|0|0|0|1|0|0|1|1|0|1|0|1|0|0|1,0.996608196485252,1,0.00179325506774882,1,beta,2,1,landweber
0|0|0|0|0|1|0|0|1|1|0|1|0|1|0|1|0,1.07016198632967,1,0.00132847602851815,1,beta,2,1,landweber
0|0|0|0|0|1|0|0|1|1|0|1|0|1|0|1|1,1.03539113903276,1,0.00154346894057606,1,beta,2,1,landweber
0|0|0|0|0|1|0|1|0|0|0|0|0|1|0|0|0,0.984340262397111,1,0.00230891165619347,1,beta,2,1,landweber
0|0|0|0|0|1|0|1|0|0|0|0|0|1|0|0|1,0.947244390397079,1,0.00198729867934651,1,beta,2,1,landweber
0|0|0|0|0|1|0|1|0|0|0|0|0|1|0|1|0,1.01800454577825,1,0.00189037697906581,1,beta,2,1,landweber
0|0|0|0|0|1|0|1|0|0|0|0|0|1|0|1|1,0.976449777456134,1,0.00162706254433225,1,beta,2,1,landweber
0|0|0|0|0|1|0|1|0|0|0|1|0|1|0|0|0,1.01267667425064,1,0.0100779649802349,1,beta,2,1,landweber
0|0|0|0|0|1|0|1|0|0|0|1|0|1|0|0|1,0.980783347439233,1,0.0117089248110534,1,beta,2,1,landweber
0|0|0|0|0|1|0|1|0|0|0|1|0|1|0|1|0,1.05205993243291,1,0.00553090444930101,1,beta,2,1,landweber
0|0|0|0|0|1|0|1|0|0|0|1|0|1|0|1|1,1.01460742306338,1,0.00642599418245614,1,beta,2,1,landweber
0|0|0|0|0|1|0|1|0|0|1|0|1|0|0|0|0,0.906039463439038,1,0.0721653351064229,0,beta,2,1,landweber
0|0|0|0|0|1|0|1|0|1|0|0|0|1|0|0|0,0.905222941268071,1,0.000253997533286871,1,beta,2,1,landweber
0|0|0|0|0|1|0|1|0|1|0|0|0|1|0|0|1,0.860772035410249,1,0.000218617702892299,1,beta,2,1,landweber
0|0|0|0|0|1|0|1|0|1|0|0|0|1|0|1|0,0.912685390862567,1,0.000326139288516333,1,beta,2,1,landweber
0|0|0|0|0|1|0|1|0|1|0|0|0|1|0|1|1,0.866988820995177,1,0.000280710687051601,1,beta,2,1,landweber
0|0|0|0|0|1|0|1|0|1|0|1|0|1|0|0|0,0.934034588426837,1,0.00153238515985756,1,beta,2,1,landweber
0|0|0|0|0|1|0|1|0|1|0|1|0|1|0|0|1,0.893705654921998,1,0.00178037755177117,1,beta,2,1,landweber
0|0|0|0|0|1|0|1|0|1|0|1|0|1|0|1|0,0.94643044416707,1,0.00131893613004479,1,beta,2,1,landweber
0|0|0|0|0|1|0|1|0|1|0|1|0|1|0|1|1,0.903781144950794,1,0.00153238515985756,1,beta,2,1,landweber
0|0|0|0|0|1|0|1|1|0|0|0|0|1|0|0|0,1.03232487442513,1,0.000255972472562728,1,beta,2,1,landweber
0|0|0|0|0|1|0|1|1|0|0|0|0|1|0|0|1,1.00014560420759,1,0.000220317548879984,1,beta,2,1,landweber
0|0|0|0|0|1|0|1|1|0|0|0|0|1|0|1|0,1.08187825867643,1,0.000209572535228515,1,beta,2,1,landweber
0|0|0|0|0|1|0|1|1|0|0|0|0|1|0|1|1,1.04399674738139,1,0.000180380752710804,1,beta,2,1,landweber
0|0|0|0|0|1|0|1|1|0|0|1|0|1|0|0|0,1.06051140708395,1,0.0011172716840298,1,beta,2,1,landweber
0|0|0|0|0|1|0|1|1|0|0|1|0|1|0|0|1,1.03418332494457,1,0.00129808450093651,1,beta,2,1,landweber
0|0|0|0|0|1|0|1|1|0|0|1|0|1|0|1|0,1.11626988644391,1,0.00061317170087392,1,beta,2,1,landweber
0|0|0|0|0|1|0|1|1|0|0|1|0|1|0|1|1,1.08307988722351,1,0.000712403878747265,1,beta,2,1,landweber
0|0|0|0|0|1|0|1|1|0|1|0|1|0|0|0|0,0.943428809514436,1,0.0701196450238517,0,beta,2,1,landweber
0|0|0|0|0|1|0|1|1|1|0|0|0|1|0|0|0,0.945481702058857,1,0.0010305654561726,1,beta,2,1,landweber
0|0|0|0|0|1|0|1|1|1|0|0|0|1|0|0|1,0.905087213431355,1,0.000887015908355885,1,beta,2,1,landweber
0|0|0|0|0|1|0|1|1|1|0|0|0|1|0|1|0,0.96618498307592,1,0.00132327223928601,1,beta,2,1,landweber
0|0|0|0|0|1|0|1|1|1|0|0|0|1|0|1|1,0.92344133262931,1,0.00113895097133532,1,beta,2,1,landweber
0|0|0|0|0|1|0|1|1|1|0|1|0|1|0|0|0,0.974198975761267,1,0.00621747459853129,1,beta,2,1,landweber
0|0|0|0|0|1|0|1|1|1|0|1|0|1|0|0|1,0.93846161899525,1,0.00722367489186694,1,beta,2,1,landweber
0|0|0|0|0|1|0|1|1|1|0|1|0|1|0|1|0,1.00024567916157,1,0.00535142998017606,1,beta,2,1,landweber
0|0|0|0|0|1|0|1|1|1|0|1|0|1|0|1|1,0.961022998041394,1,0.00621747459853129,1,beta,2,1,landweber
1|0|0|1|0|1|0|0|0|0|0|0|0|1|0|0|0,1.065568969826,1,0.0189820879945186,1,beta,2,1,landweber
1|0|0|1|0|1|0|0|0|0|0|0|0|1|0|0|1,1.03917334880953,1,0.0133764513277299,1,beta,2,1,landweber
1|0|0|1|0|1|0|0|0|0|0|0|0|1|0|1|0,1.12394109736988,1,0.0180563206388479,1,beta,2,1,landweber
1|0|0|1|0|1|0|0|0|0|0|0|0|1|0|1|1,1.09138579886885,1,0.0127240740983383,1,beta,2,1,landweber
1|0|0|1|0|1|0|0|0|0|0|1|0|1|0|0|0,1.09308465878696,1,0.00400181874163921,1,beta,2,1,landweber
1|0|0|1|0|1|0|0|0|0|0|1|0|1|0|0|1,1.0730012493072,1,0.00380664773856564,1,beta,2,1,landweber
1|0|0|1|0|1|0|0|0|0|0|1|0|1|0|1|0,1.15677116367592,1,0.00255167228735678,1,beta,2,1,landweber
1|0|0|1|0|1|0|0|0|0|0|1|0|1|0|1|1,1.12944358370961,1,0.00242722576141681,1,beta,2,1,landweber
1|0|0|1|0|1|0|0|0|0|1|0|1|0|0|0|0,1.01658532919343,1,0.0677168438749167,0,beta,2,1,landweber
1|0|0|1|0|1|0|0|0|1|0|0|0|1|0|0|0,0.975783086533549,1,0.00238359434193912,1,beta,2,1,landweber
1|0|0|1|0|1|0|0|0|1|0|0|0|1|0|0|1,0.940795137959712,1,0.00167969054348541,1,beta,2,1,landweber
1|0|0|1|0|1|0|0|0|1|0|0|0|1|0|1|0,1.00372052208428,1,0.00355590490846276,1,beta,2,1,landweber
1|0|0|1|0|1|0|0|0|1|0|0|0|1|0|1|1,0.966169447057416,1,0.00250580383716602,1,beta,2,1,landweber
1|0|0|1|0|1|0|0|0|1|0|1|0|1|0|0|0,1.00380540618468,1,0.000693760730200661,1,beta,2,1,landweber
1|0|0|1|0|1|0|0|0|1|0|1|0|1|0|0|1,0.973821945040509,1,0.000659925620129969,1,beta,2,1,landweber
1|0|0|1|0|1|0|0|0|1|0|1|0|1|0|1|0,1.03675415602862,1,0.000693760730200661,1,beta,2,1,landweber
1|0|0|1|0|1|0|0|0|1|0|1|0|1|0|1|1,1.00312715507244,1,0.000659925620129969,1,beta,2,1,landweber
1|0|0|1|0|1|0|0|1|0|0|0|0|1|0|0|0,1.12032199243364,1,0.00249646270456503,1,beta,2,1,landweber
1|0|0|1|0|1|0|0|1|0|0|0|0|1|0|0|1,1.09996610239357,1,0.00175922753433395,1,beta,2,1,landweber
1|0|0|1|0|1|0|0|1|0|0|0|0|1|0|1|0,1.19718799816164,1,0.00237470878175089,1,beta,2,1,landweber
1|0|0|1|0|1|0|0|1|0|0|0|0|1|0|1|1,1.16912071169532,1,0.00167342899505029,1,beta,2,1,landweber
1|0|0|1|0|1|0|0|1|0|0|1|0|1|0|0|0,1.14773653163372,1,0.000526306233635443,1,beta,2,1,landweber
1|0|0|1|0|1|0|0|1|0|0|1|0|1|0|0|1,1.13441863418127,1,0.000500637975732181,1,beta,2,1,landweber
1|0|0|1|0|1|0|0|1|0|0|1|0|1|0|1|0,1.23010899459771,1,0.000335587670939985,1,beta,2,1,landweber
1|0|0|1|0|1|0|0|1|0|0|1|0|1|0|1|1,1.20794453071797,1,0.000319220867097777,1,beta,2,1,landweber
1|0|0|1|0|1|0|0|1|0|1|0|1|0|0|0|0,1.07991729133551,1,0.077092739759399,0,beta,2,1,landweber
1|0|0|1|0|1|0|0|1|1|0|0|0|1|0|0|0,1.02179286987017,1,0.0114729098421175,1,beta,2,1,landweber
1|0|0|1|0|1|0|0|1|1|0|0|0|1|0|0|1,0.991696783141599,1,0.00808482292015682,1,beta,2,1,landweber
1|0|0|1|0|1|0|0|1|1|0|0|0|1|0|1|0,1.06513405618054,1,0.0171155702562825,1,beta,2,1,landweber
1|0|0|1|0|1|0|0|1|1|0|0|0|1|0|1|1,1.03112250122196,1,0.0120611385083462,1,beta,2,1,landweber
1|0|0|1|0|1|0|0|1|1|0|1|0|1|0|0|0,1.04977136605501,1,0.0033392654821955,1,beta,2,1,landweber
1|0|0|1|0|1|0|0|1|1|0|1|0|1|0|0|1,1.02526761092413,1,0.00317640758288393,1,beta,2,1,landweber
1|0|0|1|0|1|0|0|1|1|0|1|0|1|0|1|0,1.09829084804128,1,0.0033392654821955,1,beta,2,1,landweber
1|0|0|1|0|1|0|0|1|1|0|1|0|1|0|1|1,1.06873579539138,1,0.00317640758288393,1,beta,2,1,landweber
1|0|0|1|0|1|0|1|0|0|0|0|0|1|0|0|0,1.0081540137017,1,0.00130754689812861,1,beta,2,1,landweber
1|0|0|1|0|1|0|1|0|0|0|0|0|1|0|0|1,0.975425027466332,1,0.00092141272585988,1,beta,2,1,landweber
1|0|0|1|0|1|0|1|0|0|0|0|0|1|0|1|0,1.04713314422114,1,0.00124377708341457,1,beta,2,1,landweber
1|0|0|1|0|1|0|1|0|0|0|0|0|1|0|1|1,1.00987163952754,1,0.000876474896947328,1,beta,2,1,landweber
1|0|0|1|0|1|0|1|0|0|0|1|0|1|0|0|0,1.03577577003222,1,0.0100885985590994,1,beta,2,1,landweber
1|0|0|1|0|1|0|1|0|0|0|1|0|1|0|0|1,1.00859792890819,1,0.00959657180139088,1,beta,2,1,landweber
1|0|0|1|0|1|0|1|0|0|0|1|0|1|0|1|0,1.07986785963736,1,0.00643277445169266,1,beta,2,1,landweber
1|0|0|1|0|1|0|1|0|0|0|1|0|1|0|1|1,1.04712614782121,1,0.0061190443396265,1,beta,2,1,landweber
1|0|0|1|0|1|0|1|0|0|1|0|1|0|0|0|0,0.950174350319997,1,0.0547623847574702,0,beta,2,1,landweber
1|0|0|1|0|1|0|1|0|1|0|0|0|1|0|0|0,0.927536440672724,1,0.000183873530406896,1,beta,2,1,landweber
1|0|0|1|0|1|0|1|0|1|0|0|0|1|0|0|1,0.887418802086619,1,0.000129573486892272,1,beta,2,1,landweber
1|0|0|1|0|1|0|1|0|1|0|0|0|1|0|1|0,0.939321239676765,1,0.000274307073903501,1,beta,2,1,landweber
1|0|0|1|0|1|0|1|0|1|0|0|0|1|0|1|1,0.898058563358438,1,0.000193300927905388,1,beta,2,1,landweber
1|0|0|1|0|1|0|1|0|1|0|1|0|1|0|0|0,0.955604714360272,1,0.00195864945924502,1,beta,2,1,landweber
1|0|0|1|0|1|0|1|0|1|0|1|0|1|0|0|1,0.919875139753435,1,0.00186312499791628,1,beta,2,1,landweber
1|0|0|1|0|1|0|1|0|1|0|1|0|1|0|1|0,0.972225728123197,1,0.00195864945924502,1,beta,2,1,landweber
1|0|0|1|0|1|0|1|0|1|0|1|0|1|0|1|1,0.934328812517348,1,0.00186312499791628,1,beta,2,1,landweber
1|0|0|1|0|1|0|1|1|0|0|0|0|1|0|0|0,1.0569398449361,1,0.000134606321209248,1,beta,2,1,landweber
1|0|0|1|0|1|0|1|1|0|0|0|0|1|0|0|1,1.02959235696481,1,9.48554713570082e-05,1,beta,2,1,landweber
1|0|0|1|0|1|0|1|1|0|0|0|0|1|0|1|0,1.11239732088727,1,0.000128041493458031,1,beta,2,1,landweber
1|0|0|1|0|1|0|1|1|0|0|0|0|1|0|1|1,1.0791347077119,1,9.02293154296708e-05,1,beta,2,1,landweber
1|0|0|1|0|1|0|1|1|0|0|1|0|1|0|0|0,1.08447147518903,1,0.00103857776737559,1,beta,2,1,landweber
1|0|0|1|0|1|0|1|1|0|0|1|0|1|0|0|1,1.06332181501757,1,0.000987925731959918,1,beta,2,1,landweber
1|0|0|1|0|1|0|1|1|0|0|1|0|1|0|1|0,1.14521305652423,1,0.000662226422127165,1,beta,2,1,landweber
1|0|0|1|0|1|0|1|1|0|0|1|0|1|0|1|1,1.11707176488667,1,0.00062992925840919,1,beta,2,1,landweber
1|0|0|1|0|1|0|1|1|0|1|0|1|0|0|0|0,1.0066041558295,1,0.0594000062445497,0,beta,2,1,landweber
1|0|0|1|0|1|0|1|1|1|0|0|0|1|0|0|0,0.968531903901792,1,0.00069276753925408,1,beta,2,1,landweber
1|0|0|1|0|1|0|1|1|1|0|0|0|1|0|0|1,0.932772993565545,1,0.000488185033856091,1,beta,2,1,landweber
1|0|0|1|0|1|0|1|1|1|0|0|0|1|0|1|0,0.994041694680653,1,0.0010334877247834,1,beta,2,1,landweber
1|0|0|1|0|1|0|1|1|1|0|0|0|1|0|1|1,0.95593278815399,1,0.000728286490525357,1,beta,2,1,landweber
1|0|0|1|0|1|0|1|1|1|0|1|0|1|0|0|0,0.996561130170056,1,0.0073794676326703,1,beta,2,1,landweber
1|0|0|1|0|1|0|1|1|1|0|1|0|1|0|0|1,0.96571406250159,1,0.00701956674934661,1,beta,2,1,landweber
1|0|0|1|0|1|0|1|1|1|0|1|0|1|0|1|0,1.02705591882821,1,0.0073794676326703,1,beta,2,1,landweber
1|0|0|1|0|1|0|1|1|1|0|1|0|1|0|1|1,0.99278717521004,1,0.00701956674934661,1,beta,2,1,landweber
0|0|0|0|0|1|0|0|0|0|0|0|0|1|0|0|0,1.07490253754641,1,0.0180748527816066,1,beta,2,1,pmmr
0|0|0|0|0|1|0|0|0|0|0|0|0|1|0|0|1,1.01072001874147,1,0.0155571699618374,1,beta,2,1,pmmr
0|0|0|0|0|1|0|0|0|0|0|0|0|1|0|1|0,0.920207700693392,1,0.0147984378296584,1,beta,2,1,pmmr
0|0|0|0|0|1|0|0|0|0|0|0|0|1|0|1|1,0.840091921175546,1,0.0127371334786173,1,beta,2,1,pmmr
0|0|0|0|0|1|0|0|0|0|0|1|0|1|0|0|0,1.12865192725806,1,0.00215565950065452,1,beta,2,1,pmmr
0|0|0|0|0|1|0|0|0|0|0|1|0|1|0|0|1,1.05881596643972,1,0.00250451902352297,1,beta,2,1,pmmr
0|0|0|0|0|1|0|0|0|0|0|1|0|1|0|1|0,0.968646914343008,1,0.00118305101741584,1,beta,2,1,pmmr
0|0|0|0|0|1|0|0|0|0|0|1|0|1|0|1|1,0.883350276768788,1,0.00137450918292826,1,beta,2,1,pmmr
0|0|0|0|0|1|0|0|0|0|1|0|1|0|0|0|0,0.992679375645428,1,0.0705287906750812,0,beta,2,1,pmmr
0|0|0|0|0|1|0|0|0|1|0|0|0|1|0|0|0,1.08863045698811,1,0.00179818220588617,1,beta,2,1,pmmr
0|0|0|0|0|1|0|0|0|1|0|0|0|1|0|0|1,1.02056390046692,1,0.00154770976767183,1,beta,2,1,pmmr
0|0|0|0|0|1|0|0|0|1|0|0|0|1|0|1|0,0.922258767420376,1,0.00230891165619347,1,beta,2,1,pmmr
0|0|0|0|0|1|0|0|0|1|0|0|0|1|0|1|1,0.841420953767659,1,0.00198729867934651,1,beta,2,1,pmmr
0|0|0|0|0|1|0|0|0|1|0|1|0|1|0|0|0,1.14415902273991,1,0.000296423068996605,1,beta,2,1,pmmr
0|0|0|0|0|1|0|0|0|1|0|1|0|1|0|0|1,1.07029563212228,1,0.000344394471894864,1,beta,2,1,pmmr
0|0|0|0|0|1|0|0|0|1|0|1|0|1|0|1|0,0.973333848946081,1,0.000255133699881773,1,beta,2,1,pmmr
0|0|0|0|0|1|0|0|0|1|0|1|0|1|0|1|1,0.887351906738457,1,0.000296423068996605,1,beta,2,1,pmmr
0|0|0|0|0|1|0|0|1|0|0|0|0|1|0|0|0,1.08927368671795,1,0.00257158289856599,1,beta,2,1,pmmr
0|0|0|0|0|1|0|0|1|0|0|0|0|1|0|0|1,1.02068080811693,1,0.00221338191283401,1,beta,2,1,pmmr
0|0|0|0|0|1|0|0|1|0|0|0|0|1|0|1|0,0.931861937105938,1,0.00210543400314539,1,beta,2,1,pmmr
0|0|0|0|0|1|0|0|1|0|0|0|0|1|0|1|1,0.847678787623604,1,0.00181216384034378,1,beta,2,1,pmmr
0|0|0|0|0|1|0|0|1|0|0|1|0|1|0|0|0,1.14208083248777,1,0.000306694454112269,1,beta,2,1,pmmr
0|0|0|0|0|1|0|0|1|0|0|1|0|1|0|0|1,1.06765181233263,1,0.000356328118842492,1,beta,2,1,pmmr
0|0|0|0|0|1|0|0|1|0|0|1|0|1|0|1|0,0.979535864243513,1,0.000168317485142319,1,beta,2,1,pmmr
0|0|0|0|0|1|0|0|1|0|0|1|0|1|0|1|1,0.890086137458705,1,0.000195557017888255,1,beta,2,1,pmmr
0|0|0|0|0|1|0|0|1|0|1|0|1|0|0|0|0,1.01270546532014,1,0.0714379973170373,0,beta,2,1,pmmr
0|0|0|0|0|1|0|0|1|1|0|0|0|1|0|0|0,1.10151567328727,1,0.00936309847164306,1,beta,2,1,pmmr
0|0|0|0|0|1|0|0|1|1|0|0|0|1|0|0|1,1.03041166071003,1,0.00805889353859645,1,beta,2,1,pmmr
0|0|0|0|0|1|0|0|1|1|0|0|0|1|0|1|0,0.93290762383887,1,0.0120224564165398,1,beta,2,1,pmmr
0|0|0|0|0|1|0|0|1|1|0|0|0|1|0|1|1,0.849379811483793,1,0.0103478241339385,1,beta,2,1,pmmr
0|0|0|0|0|1|0|0|1|1|0|1|0|1|0|0|0,1.15592051501351,1,0.00154346894057606,1,beta,2,1,pmmr
0|0|0|0|0|1|0|0|1|1|0|1|0|1|0|0|1,1.07872901421336,1,0.00179325506774882,1,beta,2,1,pmmr
0|0|0|0|0|1|0|0|1|1|0|1|0|1|0|1|0,0.983009513971328,1,0.00132847602851815,1,beta,2,1,pmmr
0|0|0|0|0|1|0|0|1|1|0|1|0|1|0|1|1,0.894142182366076,1,0.00154346894057606,1,beta,2,1,pmmr
0|0|0|0|0|1|0|1|0|0|0|0|0|1|0|0|0,1.03720947832395,1,0.00230891165619347,1,beta,2,1,pmmr
0|0|0|0|0|1|0|1|0|0|0|0|0|1|0|0|1,0.967981999390651,1,0.00198729867934651,1,beta,2,1,pmmr
0|0|0|0|0|1|0|1|0|0|0|0|0|1|0|1|0,0.879818580399131,1,0.00189037697906581,1,beta,2,1,pmmr
0|0|0|0|0|1|0|1|0|0|0|0|0|1|0|1|1,0.796907902965493,1,0.00162706254433225,1,beta,2,1,pmmr
0|0|0|0|0|1|0|1|0|0|0|1|0|1|0|0|0,1.09814797694792,1,0.0100779649802349,1,beta,2,1,pmmr
0|0|0|0|0|1|0|1|0|0|0|1|0|1|0|0|1,1.02439617586147,1,0.0117089248110534,1,beta,2,1,pmmr
0|0|0|0|0|1|0|1|0|0|0|1|0|1|0|1|0,0.935479675889542,1,0.00553090444930101,1,beta,2,1,pmmr
0|0|0|0|0|1|0|1|0|0|0|1|0|1|0|1|1,0.848130152306556,1,0.00642599418245614,1,beta,2,1,pmmr
0|0|0|0|0|1|0|1|0|0|1|0|1|0|0|0|0,0.959411503057563,1,0.0721653351064229,0,beta,2,1,pmmr
0|0|0|0|0|1|0|1|0|1|0|0|0|1|0|0|0,1.05454541404671,1,0.000253997533286871,1,beta,2,1,pmmr
0|0|0|0|0|1|0|1|0|1|0|0|0|1|0|0|1,0.981561779883068,1,0.000218617702892299,1,beta,2,1,pmmr
0|0|0|0|0|1|0|1|0|1|0|0|0|1|0|1|0,0.886063041941654,1,0.000326139288516333,1,beta,2,1,pmmr
0|0|0|0|0|1|0|1|0|1|0|0|0|1|0|1|1,0.802427133287174,1,0.000280710687051601,1,beta,2,1,pmmr
0|0|0|0|0|1|0|1|0|1|0|1|0|1|0|0|0,1.11682765412842,1,0.00153238515985756,1,beta,2,1,pmmr
0|0|0|0|0|1|0|1|0|1|0|1|0|1|0|0|1,1.03907925049702,1,0.00178037755177117,1,beta,2,1,pmmr
0|0|0|0|0|1|0|1|0|1|0|1|0|1|0|1|0,0.943750340484365,1,0.00131893613004479,1,beta,2,1,pmmr
0|0|0|0|0|1|0|1|0|1|0|1|0|1|0|1|1,0.855634934398973,1,0.00153238515985756,1,beta,2,1,pmmr
0|0|0|0|0|1|0|1|1|0|0|0|0|1|0|0|0,1.05163704357823,1,0.000255972472562728,1,beta,2,1,pmmr
0|0|0|0|0|1|0|1|1|0|0|0|0|1|0|0|1,0.978162114994429,1,0.000220317548879984,1,beta,2,1,pmmr
0|0|0|0|0|1|0|1|1|0|0|0|0|1|0|1|0,0.891559755049119,1,0.000209572535228515,1,beta,2,1,pmmr
0|0|0|0|0|1|0|1|1|0|0|0|0|1|0|1|1,0.804745519717123,1,0.000180380752710804,1,beta,2,1,pmmr
0|0|0|0|0|1|0|1|1|0|0|1|0|1|0|0|0,1.11149170250433,1,0.0011172716840298,1,beta,2,1,pmmr
0|0|0|0|0|1|0|1|1|0|0|1|0|1|0|0|1,1.03324475373687,1,0.00129808450093651,1,beta,2,1,pmmr
0|0|0|0|0|1|0|1|1|0|0|1|0|1|0|1|0,0.946325191895232,1,0.00061317170087392,1,beta,2,1,pmmr
0|0|0|0|0|1|0|1|1|0|0|1|0|1|0|1|1,0.854933766106396,1,0.000712403878747265,1,beta,2,1,pmmr
0|0|0|0|0|1|0|1|1|0|1|0|1|0|0|0|0,0.979179273345718,1,0.0701196450238517,0,beta,2,1,pmmr
0|0|0|0|0|1|0|1|1|1|0|0|0|1|0|0|0,1.06740982578042,1,0.0010305654561726,1,beta,2,1,pmmr
0|0|0|0|0|1|0|1|1|1|0|0|0|1|0|0|1,0.991340379851535,1,0.000887015908355885,1,beta,2,1,pmmr
0|0|0|0|0|1|0|1|1|1|0|0|0|1|0|1|0,0.896648824547021,1,0.00132327223928601,1,beta,2,1,pmmr
0|0|0|0|0|1|0|1|1|1|0|0|0|1|0|1|1,0.81028983281833,1,0.00113895097133532,1,beta,2,1,pmmr
0|0|0|0|0|1|0|1|1|1|0|1|0|1|0|0|0,1.12841808052004,1,0.00621747459853129,1,beta,2,1,pmmr
0|0|0|0|0|1|0|1|1|1|0|1|0|1|0|0|1,1.04727221364822,1,0.00722367489186694,1,beta,2,1,pmmr
0|0|0|0|0|1|0|1|1|1|0|1|0|1|0|1|0,0.953244701302502,1,0.00535142998017606,1,beta,2,1,pmmr
0|0|0|0|0|1|0|1|1|1|0|1|0|1|0|1|1,0.862200829978183,1,0.00621747459853129,1,beta,2,1,pmmr
1|0|0|1|0|1|0|0|0|0|0|0|0|1|0|0|0,1.19742786780289,1,0.0189820879945186,1,beta,2,1,pmmr
1|0|0|1|0|1|0|0|0|0|0|0|0|1|0|0|1,1.1335051919778,1,0.0133764513277299,1,beta,2,1,pmmr
1|0|0|1|0|1|0|0|0|0|0|0|0|1|0|1|0,1.04078319338858,1,0.0180563206388479,1,beta,2,1,pmmr
1|0|0|1|0|1|0|0|0|0|0|0|0|1|0|1|1,0.959496424800671,1,0.0127240740983383,1,beta,2,1,pmmr
1|0|0|1|0|1|0|0|0|0|0|1|0|1|0|0|0,1.22666400343823,1,0.00400181874163921,1,beta,2,1,pmmr
1|0|0|1|0|1|0|0|0|0|0|1|0|1|0|0|1,1.1573571079771,1,0.00380664773856564,1,beta,2,1,pmmr
1|0|0|1|0|1|0|0|0|0|0|1|0|1|0|1|0,1.06920057192454,1,0.00255167228735678,1,beta,2,1,pmmr
1|0|0|1|0|1|0|0|0|0|0|1|0|1|0|1|1,0.984374199821941,1,0.00242722576141681,1,beta,2,1,pmmr
1|0|0|1|0|1|0|0|0|0|1|0|1|0|0|0|0,0.955779670480561,1,0.0677168438749167,0,beta,2,1,pmmr
1|0|0|1|0|1|0|0|0|1|0|0|0|1|0|0|0,1.18907289494525,1,0.00238359434193912,1,beta,2,1,pmmr
1|0|0|1|0|1|0|0|0|1|0|0|0|1|0|0|1,1.12129069376191,1,0.00167969054348541,1,beta,2,1,pmmr
1|0|0|1|0|1|0|0|0|1|0|0|0|1|0|1|0,1.02053201541876,1,0.00355590490846276,1,beta,2,1,pmmr
1|0|0|1|0|1|0|0|0|1|0|0|0|1|0|1|1,0.939906493862865,1,0.00250580383716602,1,beta,2,1,pmmr
1|0|0|1|0|1|0|0|0|1|0|1|0|1|0|0|0,1.22519911097045,1,0.000693760730200661,1,beta,2,1,pmmr
1|0|0|1|0|1|0|0|0|1|0|1|0|1|0|0|1,1.15240347602172,1,0.000659925620129969,1,beta,2,1,pmmr
1|0|0|1|0|1|0|0|0|1|0|1|0|1|0|1|0,1.05716808720139,1,0.000693760730200661,1,beta,2,1,pmmr
1|0|0|1|0|1|0|0|0|1|0|1|0|1|0|1|1,0.973139960732956,1,0.000659925620129969,1,beta,2,1,pmmr
1|0|0|1|0|1|0|0|1|0|0|0|0|1|0|0|0,1.21614903735773,1,0.00249646270456503,1,beta,2,1,pmmr
1|0|0|1|0|1|0|0|1|0|0|0|0|1|0|0|1,1.14617273214968,1,0.00175922753433395,1,beta,2,1,pmmr
1|0|0|1|0|1|0|0|1|0|0|0|0|1|0|1|0,1.0563446483347,1,0.00237470878175089,1,beta,2,1,pmmr
1|0|0|1|0|1|0|0|1|0|0|0|0|1|0|1|1,0.9693995482535,1,0.00167342899505029,1,beta,2,1,pmmr
1|0|0|1|0|1|0|0|1|0|0|1|0|1|0|0|0,1.24441367284881,1,0.000526306233635443,1,beta,2,1,pmmr
1|0|0|1|0|1|0|0|1|0|0|1|0|1|0|0|1,1.16915030997964,1,0.000500637975732181,1,beta,2,1,pmmr
1|0|0|1|0|1|0|0|1|0|0|1|0|1|0|1|0,1.08403569815607,1,0.000335587670939985,1,beta,2,1,pmmr
1|0|0|1|0|1|0|0|1|0|0|1|0|1|0|1|1,0.993714293890975,1,0.000319220867097777,1,beta,2,1,pmmr
1|0|0|1|0|1|0|0|1|0|1|0|1|0|0|0|0,0.981403273941543,1,0.077092739759399,0,beta,2,1,pmmr
1|0|0|1|0|1|0|0|1|1|0|0|0|1|0|0|0,1.20366987754204,1,0.0114729098421175,1,beta,2,1,pmmr
1|0|0|1|0|1|0|0|1|1|0|0|0|1|0|0|1,1.13165699153015,1,0.00808482292015682,1,beta,2,1,pmmr
1|0|0|1|0|1|0|0|1|1|0|0|0|1|0|1|0,1.03268940972815,1,0.0171155702562825,1,beta,2,1,pmmr
1|0|0|1|0|1|0|0|1|1|0|0|0|1|0|1|1,0.948289819986836,1,0.0120611385083462,1,beta,2,1,pmmr
1|0|0|1|0|1|0|0|1|1|0|1|0|1|0|0|0,1.23891566134198,1,0.0033392654821955,1,beta,2,1,pmmr
1|0|0|1|0|1|0|0|1|1|0|1|0|1|0|0|1,1.16177253342706,1,0.00317640758288393,1,beta,2,1,pmmr
1|0|0|1|0|1|0|0|1|1|0|1|0|1|0|1|0,1.06860270057284,1,0.0033392654821955,1,beta,2,1,pmmr
1|0|0|1|0|1|0|0|1|1|0|1|0|1|0|1|1,0.980743589307786,1,0.00317640758288393,1,beta,2,1,pmmr
1|0|0|1|0|1|0|1|0|0|0|0|0|1|0|0|0,1.15479141809395,1,0.00130754689812861,1,beta,2,1,pmmr
1|0|0|1|0|1|0|1|0|0|0|0|0|1|0|0|1,1.08531696641674,1,0.00092141272585988,1,beta,2,1,pmmr
1|0|0|1|0|1|0|1|0|0|0|0|0|1|0|1|0,0.994140225378849,1,0.00124377708341457,1,beta,2,1,pmmr
1|0|0|1|0|1|0|1|0|0|0|0|0|1|0|1|1,0.909858765824868,1,0.000876474896947328,1,beta,2,1,pmmr
1|0|0|1|0|1|0|1|0|0|0|1|0|1|0|0|0,1.1935825573912,1,0.0100885985590994,1,beta,2,1,pmmr
1|0|0|1|0|1|0|1|0|0|0|1|0|1|0|0|1,1.12003713268255,1,0.00959657180139088,1,beta,2,1,pmmr
1|0|0|1|0|1|0|1|0|0|0|1|0|1|0|1|0,1.03241997343385,1,0.00643277445169266,1,beta,2,1,pmmr
1|0|0|1|0|1|0|1|0|0|0|1|0|1|0|1|1,0.945382914693993,1,0.0061190443396265,1,beta,2,1,pmmr
1|0|0|1|0|1|0|1|0|0|1|0|1|0|0|0|0,0.91062090738236,1,0.0547623847574702,0,beta,2,1,pmmr
1|0|0|1|0|1|0|1|0|1|0|0|0|1|0|0|0,1.15318961131956,1,0.000183873530406896,1,beta,2,1,pmmr
1|0|0|1|0|1|0|1|0|1|0|0|0|1|0|0|1,1.08033301621139,1,0.000129573486892272,1,beta,2,1,pmmr
1|0|0|1|0|1|0|1|0|1|0|0|0|1|0|1|0,0.981425728058192,1,0.000274307073903501,1,beta,2,1,pmmr
1|0|0|1|0|1|0|1|0|1|0|0|0|1|0|1|1,0.897972786990016,1,0.000193300927905388,1,beta,2,1,pmmr
1|0|0|1|0|1|0|1|0|1|0|1|0|1|0|0|0,1.19758465600893,1,0.00195864945924502,1,beta,2,1,pmmr
1|0|0|1|0|1|0|1|0|1|0|1|0|1|0|0|1,1.12082936091249,1,0.00186312499791628,1,beta,2,1,pmmr
1|0|0|1|0|1|0|1|0|1|0|1|0|1|0|1|0,1.0263826764222,1,0.00195864945924502,1,beta,2,1,pmmr
1|0|0|1|0|1|0|1|0|1|0|1|0|1|0|1|1,0.940189050344337,1,0.00186312499791628,1,beta,2,1,pmmr
1|0|0|1|0|1|0|1|1|0|0|0|0|1|0|0|0,1.17325336165967,1,0.000134606321209248,1,beta,2,1,pmmr
1|0|0|1|0|1|0|1|1|0|0|0|0|1|0|0|1,1.09808567168064,1,9.48554713570082e-05,1,beta,2,1,pmmr
1|0|0|1|0|1|0|1|1|0|0|0|0|1|0|1|0,1.00949741424134,1,0.000128041493458031,1,beta,2,1,pmmr
1|0|0|1|0|1|0|1|1|0|0|0|0|1|0|1|1,0.919932260018542,1,9.02293154296708e-05,1,beta,2,1,pmmr
1|0|0|1|0|1|0|1|1|0|0|1|0|1|0|0|0,1.21092117777637,1,0.00103857776737559,1,beta,2,1,pmmr
1|0|0|1|0|1|0|1|1|0|0|1|0|1|0|0|1,1.13167066347992,1,0.000987925731959918,1,beta,2,1,pmmr
1|0|0|1|0|1|0|1|1|0|0|1|0|1|0|1|0,1.04690838742178,1,0.000662226422127165,1,beta,2,1,pmmr
1|0|0|1|0|1|0|1|1|0|0|1|0|1|0|1|1,0.954652121007298,1,0.00062992925840919,1,beta,2,1,pmmr
1|0|0|1|0|1|0|1|1|0|1|0|1|0|0|0|0,0.935059586660393,1,0.0594000062445497,0,beta,2,1,pmmr
1|0|0|1|0|1|0|1|1|1|0|0|0|1|0|0|0,1.1676919046529,1,0.00069276753925408,1,beta,2,1,pmmr
1|0|0|1|0|1|0|1|1|1|0|0|0|1|0|0|1,1.09070918176541,1,0.000488185033856091,1,beta,2,1,pmmr
1|0|0|1|0|1|0|1|1|1|0|0|0|1|0|1|0,0.99346133362899,1,0.0010334877247834,1,beta,2,1,pmmr
1|0|0|1|0|1|0|1|1|1|0|0|0|1|0|1|1,0.906354068087271,1,0.000728286490525357,1,beta,2,1,pmmr
1|0|0|1|0|1|0|1|1|1|0|1|0|1|0|0|0,1.21100555528608,1,0.0073794676326703,1,beta,2,1,pmmr
1|0|0|1|0|1|0|1|1|1|0|1|0|1|0|0|1,1.12995652386422,1,0.00701956674934661,1,beta,2,1,pmmr
1|0|0|1|0|1|0|1|1|1|0|1|0|1|0|1|0,1.03752871252478,1,0.0073794676326703,1,beta,2,1,pmmr
1|0|0|1|0|1|0|1|1|1|0|1|0|1|0|1|1,0.947584222493736,1,0.00701956674934661,1,beta,2,1,pmmr
0|0|0|0|0|1|0|0|0|0|0|0|0|1|0|0|0,-0.216064130129785,0,0.00960943512698398,1,adjoint,2,1,ensemble
0|0|0|0|0|1|0|0|0|0|0|0|0|1|0|0|1,0.254434823671532,0,0.00559430936665823,1,adjoint,2,1,ensemble
0|0|0|0|0|1|0|0|0|0|0|0|0|1|0|1|0,-0.152809347377769,0,0.00647075396855543,1,adjoint,2,1,ensemble
0|0|0|0|0|1|0|0|0|0|0|0|0|1|0|1|1,0.278457920406958,0,0.00471910206753389,1,adjoint,2,1,ensemble
0|0|0|0|0|1|0|0|0|0|0|1|0|1|0|0|0,0.227536737568346,0,0.0011513122038543,1,adjoint,2,1,ensemble
0|0|0|0|0|1|0|0|0|0|0|1|0|1|0|0|1,0.594312284688384,0,0.000605842398992,1,adjoint,2,1,ensemble
0|0|0|0|0|1|0|0|0|0|0|1|0|1|0|1|0,0.288691988598357,0,0.000965390594166642,1,adjoint,2,1,ensemble
0|0|0|0|0|1|0|0|0|0|0|1|0|1|0|1|1,0.787850978884625,0,0.000640610494039707,1,adjoint,2,1,ensemble
0|0|0|0|0|1|0|0|0|0|1|0|1|0|0|0|0,-0.143345946226314,0,0.0340252866918418,0,adjoint,2,1,ensemble
0|0|0|0|0|1|0|0|0|0|1|0|1|0|0|1|0,-0.143345946226314,0,0.0045037236163738,0,adjoint,2,1,ensemble
0|0|0|0|0|1|0|0|0|1|0|0|0|1|0|0|0,0.0580947066645438,0,0.000943137903452683,1,adjoint,2,1,ensemble
0|0|0|0|0|1|0|0|0|1|0|0|0|1|0|0|1,0.478226657947574,0,0.000751599975898745,1,adjoint,2,1,ensemble
0|0|0|0|0|1|0|0|0|1|0|0|0|1|0|1|0,0.0538105276515967,0,0.000734391765715058,1,adjoint,2,1,ensemble
0|0|0|0|0|1|0|0|0|1|0|0|0|1|0|1|1,0.469901740842435,0,0.00073666848632591,1,adjoint,2,1,ensemble
0|0|0|0|0|1|0|0|0|1|0|1|0|1|0|0|0,0.352598980873012,0,0.000151207584178117,1,adjoint,2,1,ensemble
0|0|0|0|0|1|0|0|0|1|0|1|0|1|0|0|1,1.06724030474139,0,0.000107126420582815,1,adjoint,2,1,ensemble
0|0|0|0|0|1|0|0|0|1|0|1|0|1|0|1|0,0.699292172435559,0,0.000146570757254649,1,adjoint,2,1,ensemble
0|0|0|0|0|1|0|0|0|1|0|1|0|1|0|1|1,0.910776138332885,0,0.000130891106123724,1,adjoint,2,1,ensemble
0|0|0|0|0|1|0|0|1|0|0|0|0|1|0|0|0,0.0478748696090932,0,0.00136717346116248,1,adjoint,2,1,ensemble
0|0|0|0|0|1|0|0|1|0|0|0|0|1|0|0|1,0.508069498508989,0,0.000795925171309036,1,adjoint,2,1,ensemble
0|0|0|0|0|1|0|0|1|0|0|0|0|1|0|1|0,0.176430511514142,0,0.000920620513340971,1,adjoint,2,1,ensemble
0|0|0|0|0|1|0|0|1|0|0|0|0|1|0|1|1,0.576076396794828,0,0.00067140586538038,1,adjoint,2,1,ensemble
0|0|0|0|0|1|0|0|1|0|0|1|0|1|0|0|0,0.541095112130729,0,0.000163801874909593,1,adjoint,2,1,ensemble
0|0|0|0|0|1|0|0|1|0|0|1|0|1|0|0|1,1.17593346644329,0,8.61956648443329e-05,1,adjoint,2,1,ensemble
0|0|0|0|0|1|0|0|1|0|0|1|0|1|0|1|0,0.537020240018132,0,0.000137350050503412,1,adjoint,2,1,ensemble
0|0|0|0|0|1|0|0|1|0|0|1|0|1|0|1|1,1.15665514018913,0,9.1142263288077e-05,1,adjoint,2,1,ensemble
0|0|0|0|0|1|0|0|1|0|1|0|1|0|0|0|0,-0.0793480276210615,0,0.0344639163118675,0,adjoint,2,1,ensemble
0|0|0|0|0|1|0|0|1|0|1|0|1|0|0|1|0,-0.0793480276210615,0,0.00456178239473009,0,adjoint,2,1,ensemble
0|0|0|0|0|1|0|0|1|1|0|0|0|1|0|0|0,-0.219220817153695,0,0.00491090003752682,1,adjoint,2,1,ensemble
0|0|0|0|0|1|0|0|1|1|0|0|0|1|0|0|1,0.187951177738368,0,0.00391356591261363,1,adjoint,2,1,ensemble
0|0|0|0|0|1|0|0|1|1|0|0|0|1|0|1|0,0.209693037382175,0,0.0038239631093253,1,adjoint,2,1,ensemble
0|0|0|0|0|1|0|0|1|1|0|0|0|1|0|1|1,0.404115474311128,0,0.00383581794761813,1,adjoint,2,1,ensemble
0|0|0|0|0|1|0|0|1|1|0|1|0|1|0|0|0,0.292758616874309,0,0.000787334840532057,1,adjoint,2,1,ensemble
0|0|0|0|0|1|0|0|1|1|0|1|0|1|0|0|1,0.796545364009946,0,0.000557805110932701,1,adjoint,2,1,ensemble
0|0|0|0|0|1|0|0|1|1|0|1|0|1|0|1|0,0.721903395554962,0,0.000763190976279434,1,adjoint,2,1,ensemble
0|0|0|0|0|1|0|0|1|1|0|1|0|1|0|1|1,0.886941120335601,0,0.000681547349143487,1,adjoint,2,1,ensemble
0|0|0|0|0|1|0|1|0|0|0|0|0|1|0|0|0,0.65235700774759,0,0.00122752517224963,1,adjoint,2,1,ensemble
0|0|0|0|0|1|0|1|0|0|0|0|0|1|0|0|1,2.43192281458212,4.04495599823807,0.000714626351932113,1,adjoint,2,1,ensemble
0|0|0|0|0|1|0|1|0|0|0|0|0|1|0|1|0,0.620495238830612,0,0.000826584838221285,1,adjoint,2,1,ensemble
0|0|0|0|0|1|0|1|0|0|0|0|0|1|0|1|1,1.54706050095831,3.98787091084841,0.000602825920750167,1,adjoint,2,1,ensemble
0|0|0|0|0|1|0|1|0|0|0|1|0|1|0|0|0,0.669878859049893,0,0.0053825217146946,1,adjoint,2,1,ensemble
0|0|0|0|0|1|0|1|0|0|0|1|0|1|0|0|1,3.24683969847859,4.44657366271764,0.00283238539237251,1,adjoint,2,1,ensemble
0|0|0|0|0|1|0|1|0|0|0|1|0|1|0|1|0,0.210706083952497,0,0.00451331603961828,1,adjoint,2,1,ensemble
0|0|0|0|0|1|0|1|0|0|0|1|0|1|0|1|1,2.91684525658381,4.35192338799567,0.00299493037882045,1,adjoint,2,1,ensemble
0|0|0|0|0|1|0|1|0|0|1|0|1|0|0|0|0,0.153706910259107,0,0.0348148067293662,0,adjoint,2,1,ensemble
0|0|0|0|0|1|0|1|0|0|1|0|1|0|0|1|0,0.153706910259107,0,0.00460822765981663,0,adjoint,2,1,ensemble
0|0|0|0|0|1|0|1|0|1|0|0|0|1|0|0|0,0.894203428732274,0,0.000133220482463999,1,adjoint,2,1,ensemble
0|0|0|0|0|1|0|1|0|1|0|0|0|1|0|0|1,1.33542343356735,3.46090765294227,0.000106165292522552,1,adjoint,2,1,ensemble
0|0|0|0|0|1|0|1|0|1|0|0|0|1|0|1|0,0.631894582325954,0,0.000103734591715575,1,adjoint,2,1,ensemble
0|0|0|0|0|1|0|1|0|1|0|0|0|1|0|1|1,1.28018211898284,3.43054336836202,0.000104056183942018,1,adjoint,2,1,ensemble
0|0|0|0|0|1|0|1|0|1|0|1|0|1|0|0|0,1.07376411949011,0,0.000781680922597538,1,adjoint,2,1,ensemble
0|0|0|0|0|1|0|1|0|1|0|1|0|1|0|0|1,1.86668705015214,3.80006362148138,0.000553799465356878,1,adjoint,2,1,ensemble
0|0|0|0|0|1|0|1|0|1|0|1|0|1|0|1|0,0.711299081757811,0,0.00075771043747166,1,adjoint,2,1,ensemble
0|0|0|0|0|1|0|1|0|1|0|1|0|1|0|1|1,2.00066643092972,3.74570382918115,0.000676653100112234,1,adjoint,2,1,ensemble
0|0|0|0|0|1|0|1|1|0|0|0|0|1|0|0|0,1.11129436806228,0,0.000136086910311564,1,adjoint,2,1,ensemble
0|0|0|0|0|1|0|1|1|0|0|0|0|1|0|0|1,1.83418647163447,4.04495599823807,7.92254973341505e-05,1,adjoint,2,1,ensemble
0|0|0|0|0|1|0|1|1|0|0|0|0|1|0|1|0,1.05791718418724,0,9.1637531585416e-05,1,adjoint,2,1,ensemble
0|0|0|0|0|1|0|1|1|0|0|0|0|1|0|1|1,1.52482413643829,3.98787091084841,6.68309855188298e-05,1,adjoint,2,1,ensemble
0|0|0|0|0|1|0|1|1|0|0|1|0|1|0|0|0,1.33345198095739,0,0.000596721571497624,1,adjoint,2,1,ensemble
0|0|0|0|0|1|0|1|1|0|0|1|0|1|0|0|1,7.13640139920105,4.44657366271764,0.000314006250603549,1,adjoint,2,1,ensemble
0|0|0|0|0|1|0|1|1|0|0|1|0|1|0|1|0,0.904995849587069,0,0.000500358973466633,1,adjoint,2,1,ensemble
0|0|0|0|0|1|0|1|1|0|0|1|0|1|0|1|1,2.41946472886156,4.35192338799567,0.000332026447249942,1,adjoint,2,1,ensemble
0|0|0|0|0|1|0|1|1|0|1|0|1|0|0|0|0,0.219864364112814,0,0.03382790207843,0,adjoint,2,1,ensemble
0|0|0|0|0|1|0|1|1|0|1|0|1|0|0|1|0,0.219864364112814,0,0.00447759699610509,0,adjoint,2,1,ensemble
0|0|0|0|0|1|0|1|1|1|0|0|0|1|0|0|0,0.444068167119287,0,0.00054052661655963,1,adjoint,2,1,ensemble
0|0|0|0|0|1|0|1|1|1|0|0|0|1|0|0|1,0.968267924120036,3.46090765294227,0.00043075332938226,1,adjoint,2,1,ensemble
0|0|0|0|0|1|0|1|1|1|0|0|0|1|0|1|0,0.750946567688315,0,0.000420891043502768,1,adjoint,2,1,ensemble
0|0|0|0|0|1|0|1|1|1|0|0|0|1|0|1|1,2.2491336418651,3.43054336836202,0.000422195866566426,1,adjoint,2,1,ensemble
0|0|0|0|0|1|0|1|1|1|0|1|0|1|0|0|0,0.69442914497144,0,0.003171579448641,1,adjoint,2,1,ensemble
0|0|0|0|0|1|0|1|1|1|0|1|0|1|0|0|1,3.20972303174062,3.80006362148138,0.00224697693421715,1,adjoint,2,1,ensemble
0|0|0|0|0|1|0|1|1|1|0|1|0|1|0|1|0,0.598925594592494,0,0.00307432199255961,1,adjoint,2,1,ensemble
0|0|0|0|0|1|0|1|1|1|0|1|0|1|0|1|1,3.12639673566081,3.74570382918115,0.00274544127166849,1,adjoint,2,1,ensemble
1|0|0|1|0|1|0|0|0|0|0|0|0|1|0|0|0,-0.0429048134915836,0,0.00943156116480374,1,adjoint,2,1,ensemble
1|0|0|1|0|1|0|0|0|0|0|0|0|1|0|0|1,0.365300711785243,0,0.00682651936307502,1,adjoint,2,1,ensemble
1|0|0|1|0|1|0|0|0|0|0|0|0|1|0|1|0,-0.0862111142853958,0,0.00625820931663394,1,adjoint,2,1,ensemble
1|0|0|1|0|1|0|0|0|0|0|0|0|1|0|1|1,0.468446759195882,0,0.00572509049605818,1,adjoint,2,1,ensemble
1|0|0|1|0|1|0|0|0|0|0|1|0|1|0|0|0,0.206569756412516,0,0.00194980983159324,1,adjoint,2,1,ensemble
1|0|0|1|0|1|0|0|0|0|0|1|0|1|0|0|1,0.680249211925714,0,0.00127936982661407,1,adjoint,2,1,ensemble
1|0|0|1|0|1|0|0|0|0|0|1|0|1|0|1|0,0.370197360181241,0,0.00160054881746757,1,adjoint,2,1,ensemble
1|0|0|1|0|1|0|0|0|0|0|1|0|1|0|1|1,1.05251562316089,0,0.00133449796837521,1,adjoint,2,1,ensemble
1|0|0|1|0|1|0|0|0|0|1|0|1|0|0|0|1,0.0959244993830892,0,0.0237718769352928,0,adjoint,2,1,ensemble
1|0|0|1|0|1|0|0|0|0|1|0|1|0|0|1|1,0.0959244993830892,0,0.0038037502158215,0,adjoint,2,1,ensemble
1|0|0|1|0|1|0|0|0|1|0|0|0|1|0|0|0,-0.00276018064657688,0,0.00116348397246529,1,adjoint,2,1,ensemble
1|0|0|1|0|1|0|0|0|1|0|0|0|1|0|0|1,0.555118507189198,0,0.00114964419558553,1,adjoint,2,1,ensemble
1|0|0|1|0|1|0|0|0|1|0|0|0|1|0|1|0,0.278109822626272,0,0.000901817479084268,1,adjoint,2,1,ensemble
1|0|0|1|0|1|0|0|0|1|0|0|0|1|0|1|1,0.492576753416147,0,0.00113623191298732,1,adjoint,2,1,ensemble
1|0|0|1|0|1|0|0|0|1|0|1|0|1|0|0|0,0.901741949812476,0,0.000322217611364569,1,adjoint,2,1,ensemble
1|0|0|1|0|1|0|0|0|1|0|1|0|1|0|0|1,1.00096210485819,0,0.000283949225328405,1,adjoint,2,1,ensemble
1|0|0|1|0|1|0|0|0|1|0|1|0|1|0|1|0,0.890043751783012,0,0.000307447410782635,1,adjoint,2,1,ensemble
1|0|0|1|0|1|0|0|0|1|0|1|0|1|0|1|1,0.984344463059156,0,0.000345828331483746,1,adjoint,2,1,ensemble
1|0|0|1|0|1|0|0|1|0|0|0|0|1|0|0|0,0.264950779732396,0,0.00124040836290273,1,adjoint,2,1,ensemble
1|0|0|1|0|1|0|0|1|0|0|0|0|1|0|0|1,0.726391454915668,0,0.000897801706368077,1,adjoint,2,1,ensemble
1|0|0|1|0|1|0|0|1|0|0|0|0|1|0|1|0,0.701576612816685,0,0.00082305941057957,1,adjoint,2,1,ensemble
1|0|0|1|0|1|0|0|1|0|0|0|0|1|0|1|1,0.883783543976555,0,0.000752945350785231,1,adjoint,2,1,ensemble
1|0|0|1|0|1|0|0|1|0|0|1|0|1|0|0|0,1.00601147143718,0,0.000256432670998698,1,adjoint,2,1,ensemble
1|0|0|1|0|1|0|0|1|0|0|1|0|1|0|0|1,1.14756483917711,0,0.000168258573999348,1,adjoint,2,1,ensemble
1|0|0|1|0|1|0|0|1|0|0|1|0|1|0|1|0,0.728768346566316,0,0.000210498994146338,1,adjoint,2,1,ensemble
1|0|0|1|0|1|0|0|1|0|0|1|0|1|0|1|1,1.24193112509025,0,0.000175508848569691,1,adjoint,2,1,ensemble
1|0|0|1|0|1|0|0|1|0|1|0|1|0|0|0|1,0.160646295336333,0,0.0270632684173845,0,adjoint,2,1,ensemble
1|0|0|1|0|1|0|0|1|0|1|0|1|0|0|1|1,0.160646295336333,0,0.00433040745430704,0,adjoint,2,1,ensemble
1|0|0|1|0|1|0|0|1|1|0|0|0|1|0|0|0,-0.0721327047256145,0,0.00560017553489559,1,adjoint,2,1,ensemble
1|0|0|1|0|1|0|0|1|1|0|0|0|1|0|0|1,0.348643355574853,0,0.00553356079698374,1,adjoint,2,1,ensemble
1|0|0|1|0|1|0|0|1|1|0|0|0|1|0|1|0,-0.0476239370908423,0,0.00434070112079658,1,adjoint,2,1,ensemble
1|0|0|1|0|1|0|0|1|1|0|0|0|1|0|1|1,0.371765448889225,0,0.00546900370926171,1,adjoint,2,1,ensemble
1|0|0|1|0|1|0|0|1|1|0|1|0|1|0|0|0,0.250391578632183,0,0.00155092397212218,1,adjoint,2,1,ensemble
1|0|0|1|0|1|0|0|1|1|0|1|0|1|0|0|1,0.619005157375772,0,0.00136672746893738,1,adjoint,2,1,ensemble
1|0|0|1|0|1|0|0|1|1|0|1|0|1|0|1|0,0.302849887026544,0,0.00147983084329361,1,adjoint,2,1,ensemble
1|0|0|1|0|1|0|0|1|1|0|1|0|1|0|1|1,0.618360554409037,0,0.00166456900746591,1,adjoint,2,1,ensemble
1|0|0|1|0|1|0|1|0|0|0|0|0|1|0|0|0,1.08702990345839,0,0.000649676081425316,1,adjoint,2,1,ensemble
1|0|0|1|0|1|0|1|0|0|0|0|0|1|0|0|1,2.20434228574209,4.32027717676126,0.000470232474993328,1,adjoint,2,1,ensemble
1|0|0|1|0|1|0|1|0|0|0|0|0|1|0|1|0,0.83914391171636,0,0.000431085462366796,1,adjoint,2,1,ensemble
1|0|0|1|0|1|0|1|0|0|0|0|0|1|0|1|1,1.65142640539362,4.27064593570551,0.000394362533868145,1,adjoint,2,1,ensemble
1|0|0|1|0|1|0|1|0|0|0|1|0|1|0|0|0,0.608517439469395,0,0.00491547716863156,1,adjoint,2,1,ensemble
1|0|0|1|0|1|0|1|0|0|0|1|0|1|0|0|1,4.56474734272951,4.68834070124724,0.00322529565245802,1,adjoint,2,1,ensemble
1|0|0|1|0|1|0|1|0|0|0|1|0|1|0|1|0,1.01134395930913,0,0.00403498897280325,1,adjoint,2,1,ensemble
1|0|0|1|0|1|0|1|0|0|0|1|0|1|0|1|1,3.61756482962293,4.60666251129372,0.00336427388396819,1,adjoint,2,1,ensemble
1|0|0|1|0|1|0|1|0|0|1|0|1|0|0|0|1,2.38062756058363,2.56831218549017,0.0192242372302874,0,adjoint,2,1,ensemble
1|0|0|1|0|1|0|1|0|0|1|0|1|0|0|1|1,2.38062756058363,2.56831218549017,0.00307608005513212,0,adjoint,2,1,ensemble
1|0|0|1|0|1|0|1|0|1|0|0|0|1|0|0|0,1.08553698777366,0,8.97526486889509e-05,1,adjoint,2,1,ensemble
1|0|0|1|0|1|0|1|0|1|0|0|0|1|0|0|1,1.50696811992247,3.75666759404159,8.8685030516618e-05,1,adjoint,2,1,ensemble
1|0|0|1|0|1|0|1|0|1|0|0|0|1|0|1|0,1.11167221393258,0,6.9567359153476e-05,1,adjoint,2,1,ensemble
1|0|0|1|0|1|0|1|0|1|0|0|0|1|0|1|1,1.75857203761254,3.73306194682013,8.76503898024846e-05,1,adjoint,2,1,ensemble
1|0|0|1|0|1|0|1|0|1|0|1|0|1|0|0|0,1.32821222668268,0,0.000909695984198899,1,adjoint,2,1,ensemble
1|0|0|1|0|1|0|1|0|1|0|1|0|1|0|0|1,2.73992724381284,4.06724522783076,0.000801655343740288,1,adjoint,2,1,ensemble
1|0|0|1|0|1|0|1|0|1|0|1|0|1|0|1|0,0.842513829022213,0,0.000867996239426118,1,adjoint,2,1,ensemble
1|0|0|1|0|1|0|1|0|1|0|1|0|1|0|1|1,1.79540465336559,4.02554498442964,0.000976354591670722,1,adjoint,2,1,ensemble
1|0|0|1|0|1|0|1|1|0|0|0|0|1|0|0|0,1.22972585626128,0,6.68813542546445e-05,1,adjoint,2,1,ensemble
1|0|0|1|0|1|0|1|1|0|0|0|0|1|0|0|1,1.61894919652026,4.32027717676126,4.84084078839255e-05,1,adjoint,2,1,ensemble
1|0|0|1|0|1|0|1|1|0|0|0|0|1|0|1|0,1.20133301508634,0,4.43783915506443e-05,1,adjoint,2,1,ensemble
1|0|0|1|0|1|0|1|1|0|0|0|0|1|0|1|1,1.58675707579883,4.27064593570551,4.05979242371518e-05,1,adjoint,2,1,ensemble
1|0|0|1|0|1|0|1|1|0|0|1|0|1|0|0|0,1.45293714343145,0,0.000506027202239947,1,adjoint,2,1,ensemble
1|0|0|1|0|1|0|1|1|0|0|1|0|1|0|0|1,2.50096297295333,4.68834070124724,0.000332030295212288,1,adjoint,2,1,ensemble
1|0|0|1|0|1|0|1|1|0|0|1|0|1|0|1|0,1.90533735239682,0,0.000415384734976828,1,adjoint,2,1,ensemble
1|0|0|1|0|1|0|1|1|0|0|1|0|1|0|1|1,8.0991497759177,4.60666251129372,0.000346337505529963,1,adjoint,2,1,ensemble
1|0|0|1|0|1|0|1|1|0|1|0|1|0|0|0|1,2.67058564252273,2.56831218549017,0.0208522659592542,0,adjoint,2,1,ensemble
1|0|0|1|0|1|0|1|1|0|1|0|1|0|0|1|1,2.67058564252273,2.56831218549017,0.00333658176671457,0,adjoint,2,1,ensemble
1|0|0|1|0|1|0|1|1|1|0|0|0|1|0|0|0,1.19024238256675,0,0.000338154825418245,1,adjoint,2,1,ensemble
1|0|0|1|0|1|0|1|1|1|0|0|0|1|0|0|1,1.99571442472241,3.75666759404159,0.000334132434525585,1,adjoint,2,1,ensemble
1|0|0|1|0|1|0|1|1|1|0|0|0|1|0|1|0,0.869493160151541,0,0.0002621041109425,1,adjoint,2,1,ensemble
1|0|0|1|0|1|0|1|1|1|0|0|0|1|0|1|1,1.6120366917905,3.73306194682013,0.000330234290513469,1,adjoint,2,1,ensemble
1|0|0|1|0|1|0|1|1|1|0|1|0|1|0|0|0,-0.230489187710428,0,0.003427398424603,1,adjoint,2,1,ensemble
1|0|0|1|0|1|0|1|1|1|0|1|0|1|0|0|1,4.1410765661747,4.06724522783076,0.0030203412018243,1,adjoint,2,1,ensemble
1|0|0|1|0|1|0|1|1|1|0|1|0|1|0|1|0,0.738480475270405,0,0.00327028919028398,1,adjoint,2,1,ensemble
1|0|0|1|0|1|0|1|1|1|0|1|0|1|0|1|1,2.82557468728911,4.02554498442964,0.00367854343370882,1,adjoint,2,1,ensemble
0|0|0|0|0|1|0|0|0|0|0|0|0|1|0|0|0,0.0361717392327735,0,0.00960943512698398,1,adjoint,2,1,sieve_md
0|0|0|0|0|1|0|0|0|0|0|0|0|1|0|0|1,0.10636400815625,0,0.00559430936665823,1,adjoint,2,1,sieve_md
0|0|0|0|0|1|0|0|0|0|0|0|0|1|0|1|0,0.123924205454999,0,0.00647075396855543,1,adjoint,2,1,sieve_md
0|0|0|0|0|1|0|0|0|0|0|0|0|1|0|1|1,0.150703262013704,0,0.00471910206753389,1,adjoint,2,1,sieve_md
0|0|0|0|0|1|0|0|0|0|0|1|0|1|0|0|0,0.378087061040808,0,0.0011513122038543,1,adjoint,2,1,sieve_md
0|0|0|0|0|1|0|0|0|0|0|1|0|1|0|0|1,0.378527957037237,0,0.000605842398992,1,adjoint,2,1,sieve_md
0|0|0|0|0|1|0|0|0|0|0|1|0|1|0|1|0,0.458995135850624,0,0.000965390594166642,1,adjoint,2,1,sieve_md
0|0|0|0|0|1|0|0|0|0|0|1|0|1|0|1|1,0.647706224447289,0,0.000640610494039707,1,adjoint,2,1,sieve_md
0|0|0|0|0|1|0|0|0|0|1|0|1|0|0|0|0,0.0135169278826057,0,0.0340252866918418,0,adjoint,2,1,sieve_md
0|0|0|0|0|1|0|0|0|0|1|0|1|0|0|1|0,0.0135169278826057,0,0.0045037236163738,0,adjoint,2,1,sieve_md
0|0|0|0|0|1|0|0|0|1|0|0|0|1|0|0|0,0.475741155273372,0,0.000943137903452683,1,adjoint,2,1,sieve_md
0|0|0|0|0|1|0|0|0|1|0|0|0|1|0|0|1,0.47574251866226,0,0.000751599975898745,1,adjoint,2,1,sieve_md
0|0|0|0|0|1|0|0|0|1|0|0|0|1|0|1|0,0.475741137871253,0,0.000734391765715058,1,adjoint,2,1,sieve_md
0|0|0|0|0|1|0|0|0|1|0|0|0|1|0|1|1,0.475742503993753,0,0.00073666848632591,1,adjoint,2,1,sieve_md
0|0|0|0|0|1|0|0|0|1|0|1|0|1|0|0|0,0.6346915176198,0,0.000151207584178117,1,adjoint,2,1,sieve_md
0|0|0|0|0|1|0|0|0|1|0|1|0|1|0|0|1,1.05407789546444,0,0.000107126420582815,1,adjoint,2,1,sieve_md
0|0|0|0|0|1|0|0|0|1|0|1|0|1|0|1|0,1.09526799478517,0,0.000146570757254649,1,adjoint,2,1,sieve_md
0|0|0|0|0|1|0|0|0|1|0|1|0|1|0|1|1,0.862804516253053,0,0.000130891106123724,1,adjoint,2,1,sieve_md
0|0|0|0|0|1|0|0|1|0|0|0|0|1|0|0|0,0.300493430497281,0,0.00136717346116248,1,adjoint,2,1,sieve_md
0|0|0|0|0|1|0|0|1|0|0|0|0|1|0|0|1,0.360807803115119,0,0.000795925171309036,1,adjoint,2,1,sieve_md
0|0|0|0|0|1|0|0|1|0|0|0|0|1|0|1|0,0.477382446213556,0,0.000920620513340971,1,adjoint,2,1,sieve_md
0|0|0|0|0|1|0|0|1|0|0|0|0|1|0|1|1,0.466652305899376,0,0.00067140586538038,1,adjoint,2,1,sieve_md
0|0|0|0|0|1|0|0|1|0|0|1|0|1|0|0|0,0.72204754354234,0,0.000163801874909593,1,adjoint,2,1,sieve_md
0|0|0|0|0|1|0|0|1|0|0|1|0|1|0|0|1,1.07894931365181,0,8.61956648443329e-05,1,adjoint,2,1,sieve_md
0|0|0|0|0|1|0|0|1|0|0|1|0|1|0|1|0,0.719787230723521,0,0.000137350050503412,1,adjoint,2,1,sieve_md
0|0|0|0|0|1|0|0|1|0|0|1|0|1|0|1|1,1.0706181632884,0,9.1142263288077e-05,1,adjoint,2,1,sieve_md
0|0|0|0|0|1|0|0|1|0|1|0|1|0|0|0|0,0.013881442496442,0,0.0344639163118675,0,adjoint,2,1,sieve_md
0|0|0|0|0|1|0|0|1|0|1|0|1|0|0|1|0,0.013881442496442,0,0.00456178239473009,0,adjoint,2,1,sieve_md
0|0|0|0|0|1|0|0|1|1|0|0|0|1|0|0|0,0.0428518898843211,0,0.00491090003752682,1,adjoint,2,1,sieve_md
0|0|0|0|0|1|0|0|1|1|0|0|0|1|0|0|1,0.0283781710256367,0,0.00391356591261363,1,adjoint,2,1,sieve_md
0|0|0|0|0|1|0|0|1|1|0|0|0|1|0|1|0,0.615291134834093,0,0.0038239631093253,1,adjoint,2,1,sieve_md
0|0|0|0|0|1|0|0|1|1|0|0|0|1|0|1|1,0.326148336569047,0,0.00383581794761813,1,adjoint,2,1,sieve_md
0|0|0|0|0|1|0|0|1|1|0|1|0|1|0|0|0,0.500602093794208,0,0.000787334840532057,1,adjoint,2,1,sieve_md
0|0|0|0|0|1|0|0|1|1|0|1|0|1|0|0|1,0.644497961389366,0,0.000557805110932701,1,adjoint,2,1,sieve_md
0|0|0|0|0|1|0|0|1|1|0|1|0|1|0|1|0,1.07101608461087,0,0.000763190976279434,1,adjoint,2,1,sieve_md
0|0|0|0|0|1|0|0|1|1|0|1|0|1|0|1|1,0.780098391378311,0,0.000681547349143487,1,adjoint,2,1,sieve_md
0|0|0|0|0|1|0|1|0|0|0|0|0|1|0|0|0,0.782039615608287,0,0.00122752517224963,1,adjoint,2,1,sieve_md
0|0|0|0|0|1|0|1|0|0|0|0|0|1|0|0|1,2.59222831013293,4.04495599823807,0.000714626351932113,1,adjoint,2,1,sieve_md
0|0|0|0|0|1|0|1|0|0|0|0|0|1|0|1|0,0.754661137651899,0,0.000826584838221285,1,adjoint,2,1,sieve_md
0|0|0|0|0|1|0|1|0|0|0|0|0|1|0|1|1,1.44870520223939,3.98787091084841,0.000602825920750167,1,adjoint,2,1,sieve_md
0|0|0|0|0|1|0|1|0|0|0|1|0|1|0|0|0,0.573717691032755,0,0.0053825217146946,1,adjoint,2,1,sieve_md
0|0|0|0|0|1|0|1|0|0|0|1|0|1|0|0|1,3.49920522068272,4.44657366271764,0.00283238539237251,1,adjoint,2,1,sieve_md
0|0|0|0|0|1|0|1|0|0|0|1|0|1|0|1|0,-0.0224987431933615,0,0.00451331603961828,1,adjoint,2,1,sieve_md
0|0|0|0|0|1|0|1|0|0|0|1|0|1|0|1|1,3.08726802627356,4.35192338799567,0.00299493037882045,1,adjoint,2,1,sieve_md
0|0|0|0|0|1|0|1|0|0|1|0|1|0|0|0|0,0.0130596800862721,0,0.0348148067293662,0,adjoint,2,1,sieve_md
0|0|0|0|0|1|0|1|0|0|1|0|1|0|0|1|0,0.0130596800862721,0,0.00460822765981663,0,adjoint,2,1,sieve_md
0|0|0|0|0|1|0|1|0|1|0|0|0|1|0|0|0,1.19170613970416,0,0.000133220482463999,1,adjoint,2,1,sieve_md
0|0|0|0|0|1|0|1|0|1|0|0|0|1|0|0|1,1.23230849116823,3.46090765294227,0.000106165292522552,1,adjoint,2,1,sieve_md
0|0|0|0|0|1|0|1|0|1|0|0|0|1|0|1|0,0.861589040896883,0,0.000103734591715575,1,adjoint,2,1,sieve_md
0|0|0|0|0|1|0|1|0|1|0|0|0|1|0|1|1,1.1806042713825,3.43054336836202,0.000104056183942018,1,adjoint,2,1,sieve_md
0|0|0|0|0|1|0|1|0|1|0|1|0|1|0|0|0,1.20863340140835,0,0.000781680922597538,1,adjoint,2,1,sieve_md
0|0|0|0|0|1|0|1|0|1|0|1|0|1|0|0|1,1.74180435994213,3.80006362148138,0.000553799465356878,1,adjoint,2,1,sieve_md
0|0|0|0|0|1|0|1|0|1|0|1|0|1|0|1|0,0.743298219089096,0,0.00075771043747166,1,adjoint,2,1,sieve_md
0|0|0|0|0|1|0|1|0|1|0|1|0|1|0|1|1,1.94272725175586,3.74570382918115,0.000676653100112234,1,adjoint,2,1,sieve_md
0|0|0|0|0|1|0|1|1|0|0|0|0|1|0|0|0,1.30488146529276,0,0.000136086910311564,1,adjoint,2,1,sieve_md
0|0|0|0|0|1|0|1|1|0|0|0|0|1|0|0|1,1.72536842451473,4.04495599823807,7.92254973341505e-05,1,adjoint,2,1,sieve_md
0|0|0|0|0|1|0|1|1|0|0|0|0|1|0|1|0,1.25280684529786,0,9.1637531585416e-05,1,adjoint,2,1,sieve_md
0|0|0|0|0|1|0|1|1|0|0|0|0|1|0|1|1,1.34461024937071,3.98787091084841,6.68309855188298e-05,1,adjoint,2,1,sieve_md
0|0|0|0|0|1|0|1|1|0|0|1|0|1|0|0|0,1.38150680327831,0,0.000596721571497624,1,adjoint,2,1,sieve_md
0|0|0|0|0|1|0|1|1|0|0|1|0|1|0|0|1,8.56303219205271,4.44657366271764,0.000314006250603549,1,adjoint,2,1,sieve_md
0|0|0|0|0|1|0|1|1|0|0|1|0|1|0|1|0,0.829169481833025,0,0.000500358973466633,1,adjoint,2,1,sieve_md
0|0|0|0|0|1|0|1|1|0|0|1|0|1|0|1|1,2.37076618404215,4.35192338799567,0.000332026447249942,1,adjoint,2,1,sieve_md
0|0|0|0|0|1|0|1|1|0|1|0|1|0|0|0|0,0.0155598713679732,0,0.03382790207843,0,adjoint,2,1,sieve_md
0|0|0|0|0|1|0|1|1|0|1|0|1|0|0|1|0,0.0155598713679732,0,0.00447759699610509,0,adjoint,2,1,sieve_md
0|0|0|0|0|1|0|1|1|1|0|0|0|1|0|0|0,0.532082129905709,0,0.00054052661655963,1,adjoint,2,1,sieve_md
0|0|0|0|0|1|0|1|1|1|0|0|0|1|0|0|1,0.684629460787083,3.46090765294227,0.00043075332938226,1,adjoint,2,1,sieve_md
0|0|0|0|0|1|0|1|1|1|0|0|0|1|0|1|0,0.954235753208903,0,0.000420891043502768,1,adjoint,2,1,sieve_md
0|0|0|0|0|1|0|1|1|1|0|0|0|1|0|1|1,2.39668290485854,3.43054336836202,0.000422195866566426,1,adjoint,2,1,sieve_md
0|0|0|0|0|1|0|1|1|1|0|1|0|1|0|0|0,0.655383135070186,0,0.003171579448641,1,adjoint,2,1,sieve_md
0|0|0|0|0|1|0|1|1|1|0|1|0|1|0|0|1,3.46182079151799,3.80006362148138,0.00224697693421715,1,adjoint,2,1,sieve_md
0|0|0|0|0|1|0|1|1|1|0|1|0|1|0|1|0,0.543616596738779,0,0.00307432199255961,1,adjoint,2,1,sieve_md
0|0|0|0|0|1|0|1|1|1|0|1|0|1|0|1|1,3.37799901333972,3.74570382918115,0.00274544127166849,1,adjoint,2,1,sieve_md
1|0|0|1|0|1|0|0|0|0|0|0|0|1|0|0|0,0.0690680904643918,0,0.00943156116480374,1,adjoint,2,1,sieve_md
1|0|0|1|0|1|0|0|0|0|0|0|0|1|0|0|1,0.0739150513007532,0,0.00682651936307502,1,adjoint,2,1,sieve_md
1|0|0|1|0|1|0|0|0|0|0|0|0|1|0|1|0,0.0339315212691902,0,0.00625820931663394,1,adjoint,2,1,sieve_md
1|0|0|1|0|1|0|0|0|0|0|0|0|1|0|1|1,0.23704523755499,0,0.00572509049605818,1,adjoint,2,1,sieve_md
1|0|0|1|0|1|0|0|0|0|0|1|0|1|0|0|0,0.163800979971909,0,0.00194980983159324,1,adjoint,2,1,sieve_md
1|0|0|1|0|1|0|0|0|0|0|1|0|1|0|0|1,0.31504582394865,0,0.00127936982661407,1,adjoint,2,1,sieve_md
1|0|0|1|0|1|0|0|0|0|0|1|0|1|0|1|0,0.398158256176095,0,0.00160054881746757,1,adjoint,2,1,sieve_md
1|0|0|1|0|1|0|0|0|0|0|1|0|1|0|1|1,0.834942962197842,0,0.00133449796837521,1,adjoint,2,1,sieve_md
1|0|0|1|0|1|0|0|0|0|1|0|1|0|0|0|1,0.0185505017455816,0,0.0237718769352928,0,adjoint,2,1,sieve_md
1|0|0|1|0|1|0|0|0|0|1|0|1|0|0|1|1,0.0185505017455816,0,0.0038037502158215,0,adjoint,2,1,sieve_md
1|0|0|1|0|1|0|0|0|1|0|0|0|1|0|0|0,0.222721981020701,0,0.00116348397246529,1,adjoint,2,1,sieve_md
1|0|0|1|0|1|0|0|0|1|0|0|0|1|0|0|1,0.416208694209644,0,0.00114964419558553,1,adjoint,2,1,sieve_md
1|0|0|1|0|1|0|0|0|1|0|0|0|1|0|1|0,0.611063262484989,0,0.000901817479084268,1,adjoint,2,1,sieve_md
1|0|0|1|0|1|0|0|0|1|0|0|0|1|0|1|1,0.355376020144253,0,0.00113623191298732,1,adjoint,2,1,sieve_md
1|0|0|1|0|1|0|0|0|1|0|1|0|1|0|0|0,1.18741898696177,0,0.000322217611364569,1,adjoint,2,1,sieve_md
1|0|0|1|0|1|0|0|0|1|0|1|0|1|0|0|1,0.802439062647888,0,0.000283949225328405,1,adjoint,2,1,sieve_md
1|0|0|1|0|1|0|0|0|1|0|1|0|1|0|1|0,1.18965941189228,0,0.000307447410782635,1,adjoint,2,1,sieve_md
1|0|0|1|0|1|0|0|0|1|0|1|0|1|0|1|1,0.806918737312991,0,0.000345828331483746,1,adjoint,2,1,sieve_md
1|0|0|1|0|1|0|0|1|0|0|0|0|1|0|0|0,0.390720765488751,0,0.00124040836290273,1,adjoint,2,1,sieve_md
1|0|0|1|0|1|0|0|1|0|0|0|0|1|0|0|1,0.470509480127505,0,0.000897801706368077,1,adjoint,2,1,sieve_md
1|0|0|1|0|1|0|0|1|0|0|0|0|1|0|1|0,0.990430999251339,0,0.00082305941057957,1,adjoint,2,1,sieve_md
1|0|0|1|0|1|0|0|1|0|0|0|0|1|0|1|1,0.707569252846088,0,0.000752945350785231,1,adjoint,2,1,sieve_md
1|0|0|1|0|1|0|0|1|0|0|1|0|1|0|0|0,1.14778569155948,0,0.000256432670998698,1,adjoint,2,1,sieve_md
1|0|0|1|0|1|0|0|1|0|0|1|0|1|0|0|1,0.865220057316505,0,0.000168258573999348,1,adjoint,2,1,sieve_md
1|0|0|1|0|1|0|0|1|0|0|1|0|1|0|1|0,0.802780280671798,0,0.000210498994146338,1,adjoint,2,1,sieve_md
1|0|0|1|0|1|0|0|1|0|0|1|0|1|0|1|1,1.02072918858246,0,0.000175508848569691,1,adjoint,2,1,sieve_md
1|0|0|1|0|1|0|0|1|0|1|0|1|0|0|0|1,0.0174994338793619,0,0.0270632684173845,0,adjoint,2,1,sieve_md
1|0|0|1|0|1|0|0|1|0|1|0|1|0|0|1|1,0.0174994338793619,0,0.00433040745430704,0,adjoint,2,1,sieve_md
1|0|0|1|0|1|0|0|1|1|0|0|0|1|0|0|0,0.0668086137586513,0,0.00560017553489559,1,adjoint,2,1,sieve_md
1|0|0|1|0|1|0|0|1|1|0|0|0|1|0|0|1,0.0830331005802102,0,0.00553356079698374,1,adjoint,2,1,sieve_md
1|0|0|1|0|1|0|0|1|1|0|0|0|1|0|1|0,0.117368713542103,0,0.00434070112079658,1,adjoint,2,1,sieve_md
1|0|0|1|0|1|0|0|1|1|0|0|0|1|0|1|1,0.13574711695877,0,0.00546900370926171,1,adjoint,2,1,sieve_md
1|0|0|1|0|1|0|0|1|1|0|1|0|1|0|0|0,0.276132290018832,0,0.00155092397212218,1,adjoint,2,1,sieve_md
1|0|0|1|0|1|0|0|1|1|0|1|0|1|0|0|1,0.249797769962804,0,0.00136672746893738,1,adjoint,2,1,sieve_md
1|0|0|1|0|1|0|0|1|1|0|1|0|1|0|1|0,0.362961361583824,0,0.00147983084329361,1,adjoint,2,1,sieve_md
1|0|0|1|0|1|0|0|1|1|0|1|0|1|0|1|1,0.275528507929612,0,0.00166456900746591,1,adjoint,2,1,sieve_md
1|0|0|1|0|1|0|1|0|0|0|0|0|1|0|0|0,1.13376339055134,0,0.000649676081425316,1,adjoint,2,1,sieve_md
1|0|0|1|0|1|0|1|0|0|0|0|0|1|0|0|1,2.08906314356089,4.32027717676126,0.000470232474993328,1,adjoint,2,1,sieve_md
1|0|0|1|0|1|0|1|0|0|0|0|0|1|0|1|0,0.84173501958425,0,0.000431085462366796,1,adjoint,2,1,sieve_md
1|0|0|1|0|1|0|1|0|0|0|0|0|1|0|1|1,1.39970531584362,4.27064593570551,0.000394362533868145,1,adjoint,2,1,sieve_md
1|0|0|1|0|1|0|1|0|0|0|1|0|1|0|0|0,0.283255894520493,0,0.00491547716863156,1,adjoint,2,1,sieve_md
1|0|0|1|0|1|0|1|0|0|0|1|0|1|0|0|1,5.03802615515972,4.68834070124724,0.00322529565245802,1,adjoint,2,1,sieve_md
1|0|0|1|0|1|0|1|0|0|0|1|0|1|0|1|0,0.844656595479983,0,0.00403498897280325,1,adjoint,2,1,sieve_md
1|0|0|1|0|1|0|1|0|0|0|1|0|1|0|1|1,3.82987348831161,4.60666251129372,0.00336427388396819,1,adjoint,2,1,sieve_md
1|0|0|1|0|1|0|1|0|0|1|0|1|0|0|0|1,2.60980998492402,2.56831218549017,0.0192242372302874,0,adjoint,2,1,sieve_md
1|0|0|1|0|1|0|1|0|0|1|0|1|0|0|1|1,2.60980998492402,2.56831218549017,0.00307608005513212,0,adjoint,2,1,sieve_md
1|0|0|1|0|1|0|1|0|1|0|0|0|1|0|0|0,1.24561971465535,0,8.97526486889509e-05,1,adjoint,2,1,sieve_md
1|0|0|1|0|1|0|1|0|1|0|0|0|1|0|0|1,1.27329414011455,3.75666759404159,8.8685030516618e-05,1,adjoint,2,1,sieve_md
1|0|0|1|0|1|0|1|0|1|0|0|0|1|0|1|0,1.31037768853551,0,6.9567359153476e-05,1,adjoint,2,1,sieve_md
1|0|0|1|0|1|0|1|0|1|0|0|0|1|0|1|1,1.63850762071952,3.73306194682013,8.76503898024846e-05,1,adjoint,2,1,sieve_md
1|0|0|1|0|1|0|1|0|1|0|1|0|1|0|0|0,1.34994756735493,0,0.000909695984198899,1,adjoint,2,1,sieve_md
1|0|0|1|0|1|0|1|0|1|0|1|0|1|0|0|1,2.70683562064974,4.06724522783076,0.000801655343740288,1,adjoint,2,1,sieve_md
1|0|0|1|0|1|0|1|0|1|0|1|0|1|0|1|0,0.738811823597314,0,0.000867996239426118,1,adjoint,2,1,sieve_md
1|0|0|1|0|1|0|1|0|1|0|1|0|1|0|1|1,1.49933247154807,4.02554498442964,0.000976354591670722,1,adjoint,2,1,sieve_md
1|0|0|1|0|1|0|1|1|0|0|0|0|1|0|0|0,1.23936541889488,0,6.68813542546445e-05,1,adjoint,2,1,sieve_md
1|0|0|1|0|1|0|1|1|0|0|0|0|1|0|0|1,1.23936541889488,4.32027717676126,4.84084078839255e-05,1,adjoint,2,1,sieve_md
1|0|0|1|0|1|0|1|1|0|0|0|0|1|0|1|0,1.23936541889488,0,4.43783915506443e-05,1,adjoint,2,1,sieve_md
1|0|0|1|0|1|0|1|1|0|0|0|0|1|0|1|1,1.23936541889488,4.27064593570551,4.05979242371518e-05,1,adjoint,2,1,sieve_md
1|0|0|1|0|1|0|1|1|0|0|1|0|1|0|0|0,1.32915465007483,0,0.000506027202239947,1,adjoint,2,1,sieve_md
1|0|0|1|0|1|0|1|1|0|0|1|0|1|0|0|1,2.25366054813437,4.68834070124724,0.000332030295212288,1,adjoint,2,1,sieve_md
1|0|0|1|0|1|0|1|1|0|0|1|0|1|0|1|0,1.95828250977843,0,0.000415384734976828,1,adjoint,2,1,sieve_md
1|0|0|1|0|1|0|1|1|0|0|1|0|1|0|1|1,9.67743763230716,4.60666251129372,0.000346337505529963,1,adjoint,2,1,sieve_md
1|0|0|1|0|1|0|1|1|0|1|0|1|0|0|0|1,2.90515750903155,2.56831218549017,0.0208522659592542,0,adjoint,2,1,sieve_md
1|0|0|1|0|1|0|1|1|0|1|0|1|0|0|1|1,2.90515750903155,2.56831218549017,0.00333658176671457,0,adjoint,2,1,sieve_md
1|0|0|1|0|1|0|1|1|1|0|0|0|1|0|0|0,1.32048584202024,0,0.000338154825418245,1,adjoint,2,1,sieve_md
1|0|0|1|0|1|0|1|1|1|0|0|0|1|0|0|1,1.85806003577157,3.75666759404159,0.000334132434525585,1,adjoint,2,1,sieve_md
1|0|0|1|0|1|0|1|1|1|0|0|0|1|0|1|0,0.928587171758999,0,0.0002621041109425,1,adjoint,2,1,sieve_md
1|0|0|1|0|1|0|1|1|1|0|0|0|1|0|1|1,1.38664431416248,3.73306194682013,0.000330234290513469,1,adjoint,2,1,sieve_md
1|0|0|1|0|1|0|1|1|1|0|1|0|1|0|0|0,-0.755365950452551,0,0.003427398424603,1,adjoint,2,1,sieve_md
1|0|0|1|0|1|0|1|1|1|0|1|0|1|0|0|1,4.50741618409151,4.06724522783076,0.0030203412018243,1,adjoint,2,1,sieve_md
1|0|0|1|0|1|0|1|1|1|0|1|0|1|0|1|0,0.551772533259042,0,0.00327028919028398,1,adjoint,2,1,sieve_md
1|0|0|1|0|1|0|1|1|1|0|1|0|1|0|1|1,2.81127304668608,4.02554498442964,0.00367854343370882,1,adjoint,2,1,sieve_md
0|0|0|0|0|1|0|0|0|0|0|0|0|1|0|0|0,-1.43399690515971,0,0.00960943512698398,1,adjoint,2,1,landweber
0|0|0|0|0|1|0|0|0|0|0|0|0|1|0|0|1,1.06938469953068,0,0.00559430936665823,1,adjoint,2,1,landweber
0|0|0|0|0|1|0|0|0|0|0|0|0|1|0|1|0,-1.51926763049241,0,0.00647075396855543,1,adjoint,2,1,landweber
0|0|0|0|0|1|0|0|0|0|0|0|0|1|0|1|1,0.96970817393223,0,0.00471910206753389,1,adjoint,2,1,landweber
0|0|0|0|0|1|0|0|0|0|0|1|0|1|0|0|0,-0.687037715586148,0,0.0011513122038543,1,adjoint,2,1,landweber
0|0|0|0|0|1|0|0|0|0|0|1|0|1|0|0|1,1.59635617179375,0,0.000605842398992,1,adjoint,2,1,landweber
0|0|0|0|0|1|0|0|0|0|0|1|0|1|0|1|0,-0.76114737711488,0,0.000965390594166642,1,adjoint,2,1,landweber
0|0|0|0|0|1|0|0|0|0|0|1|0|1|0|1|1,1.48334809108548,0,0.000640610494039707,1,adjoint,2,1,landweber
0|0|0|0|0|1|0|0|0|0|1|0|1|0|0|0|0,-0.657267607515005,0,0.0340252866918418,0,adjoint,2,1,landweber
0|0|0|0|0|1|0|0|0|0|1|0|1|0|0|1|0,-0.657267607515005,0,0.0045037236163738,0,adjoint,2,1,landweber
0|0|0|0|0|1|0|0|0|1|0|0|0|1|0|0|0,-1.99768214853007,0,0.000943137903452683,1,adjoint,2,1,landweber
0|0|0|0|0|1|0|0|0|1|0|0|0|1|0|0|1,0.523198068009658,0,0.000751599975898745,1,adjoint,2,1,landweber
0|0|0|0|0|1|0|0|0|1|0|0|0|1|0|1|0,-2.08844739010272,0,0.000734391765715058,1,adjoint,2,1,landweber
0|0|0|0|0|1|0|0|0|1|0|0|0|1|0|1|1,0.438696165592485,0,0.00073666848632591,1,adjoint,2,1,landweber
0|0|0|0|0|1|0|0|0|1|0|1|0|1|0|0|0,-1.31994689347274,0,0.000151207584178117,1,adjoint,2,1,landweber
0|0|0|0|0|1|0|0|0|1|0|1|0|1|0|0|1,1.14191507028103,0,0.000107126420582815,1,adjoint,2,1,landweber
0|0|0|0|0|1|0|0|0|1|0|1|0|1|0|1|0,-1.39930787085054,0,0.000146570757254649,1,adjoint,2,1,landweber
0|0|0|0|0|1|0|0|0|1|0|1|0|1|0|1|1,1.04269329973278,0,0.000130891106123724,1,adjoint,2,1,landweber
0|0|0|0|0|1|0|0|1|0|0|0|0|1|0|0|0,-1.09935841315293,0,0.00136717346116248,1,adjoint,2,1,landweber
0|0|0|0|0|1|0|0|1|0|0|0|0|1|0|0|1,1.40402319153745,0,0.000795925171309036,1,adjoint,2,1,landweber
0|0|0|0|0|1|0|0|1|0|0|0|0|1|0|1|0,-1.18462913848563,0,0.000920620513340971,1,adjoint,2,1,landweber
0|0|0|0|0|1|0|0|1|0|0|0|0|1|0|1|1,1.30434666593901,0,0.00067140586538038,1,adjoint,2,1,landweber
0|0|0|0|0|1|0|0|1|0|0|1|0|1|0|0|0,-0.352399223579372,0,0.000163801874909593,1,adjoint,2,1,landweber
0|0|0|0|0|1|0|0|1|0|0|1|0|1|0|0|1,1.93099466380053,0,8.61956648443329e-05,1,adjoint,2,1,landweber
0|0|0|0|0|1|0|0|1|0|0|1|0|1|0|1|0,-0.426508885108104,0,0.000137350050503412,1,adjoint,2,1,landweber
0|0|0|0|0|1|0|0|1|0|0|1|0|1|0|1|1,1.81798658309226,0,9.1142263288077e-05,1,adjoint,2,1,landweber
0|0|0|0|0|1|0|0|1|0|1|0|1|0|0|0|0,-0.32262911550823,0,0.0344639163118675,0,adjoint,2,1,landweber
0|0|0|0|0|1|0|0|1|0|1|0|1|0|0|1|0,-0.32262911550823,0,0.00456178239473009,0,adjoint,2,1,landweber
0|0|0|0|0|1|0|0|1|1|0|0|0|1|0|0|0,-1.66304365652329,0,0.00491090003752682,1,adjoint,2,1,landweber
0|0|0|0|0|1|0|0|1|1|0|0|0|1|0|0|1,0.857836560016434,0,0.00391356591261363,1,adjoint,2,1,landweber
0|0|0|0|0|1|0|0|1|1|0|0|0|1|0|1|0,-1.75380889809594,0,0.0038239631093253,1,adjoint,2,1,landweber
0|0|0|0|0|1|0|0|1|1|0|0|0|1|0|1|1,0.773334657599261,0,0.00383581794761813,1,adjoint,2,1,landweber
0|0|0|0|0|1|0|0|1|1|0|1|0|1|0|0|0,-0.985308401465964,0,0.000787334840532057,1,adjoint,2,1,landweber
0|0|0|0|0|1|0|0|1|1|0|1|0|1|0|0|1,1.47655356228781,0,0.000557805110932701,1,adjoint,2,1,landweber
0|0|0|0|0|1|0|0|1|1|0|1|0|1|0|1|0,-1.06466937884376,0,0.000763190976279434,1,adjoint,2,1,landweber
0|0|0|0|0|1|0|0|1|1|0|1|0|1|0|1|1,1.37733179173956,0,0.000681547349143487,1,adjoint,2,1,landweber
0|0|0|0|0|1|0|1|0|0|0|0|0|1|0|0|0,-0.0441779013809133,0,0.00122752517224963,1,adjoint,2,1,landweber
0|0|0|0|0|1|0|1|0|0|0|0|0|1|0|0|1,2.45920370330947,4.04495599823807,0.000714626351932113,1,adjoint,2,1,landweber
0|0|0|0|0|1|0|1|0|0|0|0|0|1|0|1|0,-0.12944862671361,0,0.000826584838221285,1,adjoint,2,1,landweber
0|0|0|0|0|1|0|1|0|0|0|0|0|1|0|1|1,2.35952717771103,3.98787091084841,0.000602825920750167,1,adjoint,2,1,landweber
0|0|0|0|0|1|0|1|0|0|0|1|0|1|0|0|0,0.702781288192649,0,0.0053825217146946,1,adjoint,2,1,landweber
0|0|0|0|0|1|0|1|0|0|0|1|0|1|0|0|1,2.98617517557255,4.44657366271764,0.00283238539237251,1,adjoint,2,1,landweber
0|0|0|0|0|1|0|1|0|0|0|1|0|1|0|1|0,0.628671626663917,0,0.00451331603961828,1,adjoint,2,1,landweber
0|0|0|0|0|1|0|1|0|0|0|1|0|1|0|1|1,2.87316709486428,4.35192338799567,0.00299493037882045,1,adjoint,2,1,landweber
0|0|0|0|0|1|0|1|0|0|1|0|1|0|0|0|0,0.732551396263792,0,0.0348148067293662,0,adjoint,2,1,landweber
0|0|0|0|0|1|0|1|0|0|1|0|1|0|0|1|0,0.732551396263792,0,0.00460822765981663,0,adjoint,2,1,landweber
0|0|0|0|0|1|0|1|0|1|0|0|0|1|0|0|0,-0.607863144751274,0,0.000133220482463999,1,adjoint,2,1,landweber
0|0|0|0|0|1|0|1|0|1|0|0|0|1|0|0|1,1.91301707178846,3.46090765294227,0.000106165292522552,1,adjoint,2,1,landweber
0|0|0|0|0|1|0|1|0|1|0|0|0|1|0|1|0,-0.698628386323923,0,0.000103734591715575,1,adjoint,2,1,landweber
0|0|0|0|0|1|0|1|0|1|0|0|0|1|0|1|1,1.82851516937128,3.43054336836202,0.000104056183942018,1,adjoint,2,1,landweber
0|0|0|0|0|1|0|1|0|1|0|1|0|1|0|0|0,0.0698721103060572,0,0.000781680922597538,1,adjoint,2,1,landweber
0|0|0|0|0|1|0|1|0|1|0|1|0|1|0|0|1,2.53173407405983,3.80006362148138,0.000553799465356878,1,adjoint,2,1,landweber
0|0|0|0|0|1|0|1|0|1|0|1|0|1|0|1|0,-0.00948886707174221,0,0.00075771043747166,1,adjoint,2,1,landweber
0|0|0|0|0|1|0|1|0|1|0|1|0|1|0|1|1,2.43251230351158,3.74570382918115,0.000676653100112234,1,adjoint,2,1,landweber
0|0|0|0|0|1|0|1|1|0|0|0|0|1|0|0|0,0.290460590625863,0,0.000136086910311564,1,adjoint,2,1,landweber
0|0|0|0|0|1|0|1|1|0|0|0|0|1|0|0|1,2.79384219531625,4.04495599823807,7.92254973341505e-05,1,adjoint,2,1,landweber
0|0|0|0|0|1|0|1|1|0|0|0|0|1|0|1|0,0.205189865293166,0,9.1637531585416e-05,1,adjoint,2,1,landweber
0|0|0|0|0|1|0|1|1|0|0|0|0|1|0|1|1,2.6941656697178,3.98787091084841,6.68309855188298e-05,1,adjoint,2,1,landweber
0|0|0|0|0|1|0|1|1|0|0|1|0|1|0|0|0,1.03741978019942,0,0.000596721571497624,1,adjoint,2,1,landweber
0|0|0|0|0|1|0|1|1|0|0|1|0|1|0|0|1,3.32081366757932,4.44657366271764,0.000314006250603549,1,adjoint,2,1,landweber
0|0|0|0|0|1|0|1|1|0|0|1|0|1|0|1|0,0.963310118670693,0,0.000500358973466633,1,adjoint,2,1,landweber
0|0|0|0|0|1|0|1|1|0|0|1|0|1|0|1|1,3.20780558687106,4.35192338799567,0.000332026447249942,1,adjoint,2,1,landweber
0|0|0|0|0|1|0|1|1|0|1|0|1|0|0|0|0,1.06718988827057,0,0.03382790207843,0,adjoint,2,1,landweber
0|0|0|0|0|1|0|1|1|0|1|0|1|0|0|1|0,1.06718988827057,0,0.00447759699610509,0,adjoint,2,1,landweber
0|0|0|0|0|1|0|1|1|1|0|0|0|1|0|0|0,-0.273224652744498,0,0.00054052661655963,1,adjoint,2,1,landweber
0|0|0|0|0|1|0|1|1|1|0|0|0|1|0|0|1,2.24765556379523,3.46090765294227,0.00043075332938226,1,adjoint,2,1,landweber
0|0|0|0|0|1|0|1|1|1|0|0|0|1|0|1|0,-0.363989894317147,0,0.000420891043502768,1,adjoint,2,1,landweber
0|0|0|0|0|1|0|1|1|1|0|0|0|1|0|1|1,2.16315366137806,3.43054336836202,0.000422195866566426,1,adjoint,2,1,landweber
0|0|0|0|0|1|0|1|1|1|0|1|0|1|0|0|0,0.404510602312833,0,0.003171579448641,1,adjoint,2,1,landweber
0|0|0|0|0|1|0|1|1|1|0|1|0|1|0|0|1,2.86637256606661,3.80006362148138,0.00224697693421715,1,adjoint,2,1,landweber
0|0|0|0|0|1|0|1|1|1|0|1|0|1|0|1|0,0.325149624935034,0,0.00307432199255961,1,adjoint,2,1,landweber
0|0|0|0|0|1|0|1|1|1|0|1|0|1|0|1|1,2.76715079551836,3.74570382918115,0.00274544127166849,1,adjoint,2,1,landweber
1|0|0|1|0|1|0|0|0|0|0|0|0|1|0|0|0,-0.634092800295565,0,0.00943156116480374,1,adjoint,2,1,landweber
1|0|0|1|0|1|0|0|0|0|0|0|0|1|0|0|1,1.86928790129682,0,0.00682651936307502,1,adjoint,2,1,landweber
1|0|0|1|0|1|0|0|0|0|0|0|0|1|0|1|0,-0.712877646853749,0,0.00625820931663394,1,adjoint,2,1,landweber
1|0|0|1|0|1|0|0|0|0|0|0|0|1|0|1|1,1.78006103599693,0,0.00572509049605818,1,adjoint,2,1,landweber
1|0|0|1|0|1|0|0|0|0|0|1|0|1|0|0|0,0.114325582877893,0,0.00194980983159324,1,adjoint,2,1,landweber
1|0|0|1|0|1|0|0|0|0|0|1|0|1|0|0|1,2.40099856011323,0,0.00127936982661407,1,adjoint,2,1,landweber
1|0|0|1|0|1|0|0|0|0|0|1|0|1|0|1|0,0.0429078659107361,0,0.00160054881746757,1,adjoint,2,1,landweber
1|0|0|1|0|1|0|0|0|0|0|1|0|1|0|1|1,2.29872996649207,0,0.00133449796837521,1,adjoint,2,1,landweber
1|0|0|1|0|1|0|0|0|0|1|0|1|0|0|0|1,0.13890686940612,0,0.0237718769352928,0,adjoint,2,1,landweber
1|0|0|1|0|1|0|0|0|0|1|0|1|0|0|1|1,0.13890686940612,0,0.0038037502158215,0,adjoint,2,1,landweber
1|0|0|1|0|1|0|0|0|1|0|0|0|1|0|0|0,-1.19980553688271,0,0.00116348397246529,1,adjoint,2,1,landweber
1|0|0|1|0|1|0|0|0|1|0|0|0|1|0|0|1,1.32085499066582,0,0.00114964419558553,1,adjoint,2,1,landweber
1|0|0|1|0|1|0|0|0|1|0|0|0|1|0|1|0,-1.27860307617617,0,0.000901817479084268,1,adjoint,2,1,landweber
1|0|0|1|0|1|0|0|0|1|0|0|0|1|0|1|1,1.24791214340086,0,0.00113623191298732,1,adjoint,2,1,landweber
1|0|0|1|0|1|0|0|0|1|0|1|0|1|0|0|0,-0.519727758738533,0,0.000322217611364569,1,adjoint,2,1,landweber
1|0|0|1|0|1|0|0|0|1|0|1|0|1|0|0|1,1.94258515205823,0,0.000283949225328405,1,adjoint,2,1,landweber
1|0|0|1|0|1|0|0|0|1|0|1|0|1|0|1|0,-0.592303800903633,0,0.000307447410782635,1,adjoint,2,1,landweber
1|0|0|1|0|1|0|0|0|1|0|1|0|1|0|1|1,1.85697241793156,0,0.000345828331483746,1,adjoint,2,1,landweber
1|0|0|1|0|1|0|0|1|0|0|0|0|1|0|0|0,-0.29945430828879,0,0.00124040836290273,1,adjoint,2,1,landweber
1|0|0|1|0|1|0|0|1|0|0|0|0|1|0|0|1,2.20392639330359,0,0.000897801706368077,1,adjoint,2,1,landweber
1|0|0|1|0|1|0|0|1|0|0|0|0|1|0|1|0,-0.378239154846973,0,0.00082305941057957,1,adjoint,2,1,landweber
1|0|0|1|0|1|0|0|1|0|0|0|0|1|0|1|1,2.11469952800371,0,0.000752945350785231,1,adjoint,2,1,landweber
1|0|0|1|0|1|0|0|1|0|0|1|0|1|0|0|0,0.448964074884669,0,0.000256432670998698,1,adjoint,2,1,landweber
1|0|0|1|0|1|0|0|1|0|0|1|0|1|0|0|1,2.73563705212001,0,0.000168258573999348,1,adjoint,2,1,landweber
1|0|0|1|0|1|0|0|1|0|0|1|0|1|0|1|0,0.377546357917512,0,0.000210498994146338,1,adjoint,2,1,landweber
1|0|0|1|0|1|0|0|1|0|0|1|0|1|0|1|1,2.63336845849885,0,0.000175508848569691,1,adjoint,2,1,landweber
1|0|0|1|0|1|0|0|1|0|1|0|1|0|0|0|1,0.473545361412896,0,0.0270632684173845,0,adjoint,2,1,landweber
1|0|0|1|0|1|0|0|1|0|1|0|1|0|0|1|1,0.473545361412896,0,0.00433040745430704,0,adjoint,2,1,landweber
1|0|0|1|0|1|0|0|1|1|0|0|0|1|0|0|0,-0.865167044875936,0,0.00560017553489559,1,adjoint,2,1,landweber
1|0|0|1|0|1|0|0|1|1|0|0|0|1|0|0|1,1.6554934826726,0,0.00553356079698374,1,adjoint,2,1,landweber
1|0|0|1|0|1|0|0|1|1|0|0|0|1|0|1|0,-0.943964584169396,0,0.00434070112079658,1,adjoint,2,1,landweber
1|0|0|1|0|1|0|0|1|1|0|0|0|1|0|1|1,1.58255063540764,0,0.00546900370926171,1,adjoint,2,1,landweber
1|0|0|1|0|1|0|0|1|1|0|1|0|1|0|0|0,-0.185089266731757,0,0.00155092397212218,1,adjoint,2,1,landweber
1|0|0|1|0|1|0|0|1|1|0|1|0|1|0|0|1,2.27722364406501,0,0.00136672746893738,1,adjoint,2,1,landweber
1|0|0|1|0|1|0|0|1|1|0|1|0|1|0|1|0,-0.257665308896857,0,0.00147983084329361,1,adjoint,2,1,landweber
1|0|0|1|0|1|0|0|1|1|0|1|0|1|0|1|1,2.19161090993834,0,0.00166456900746591,1,adjoint,2,1,landweber
1|0|0|1|0|1|0|1|0|0|0|0|0|1|0|0|0,0.755726203483232,0,0.000649676081425316,1,adjoint,2,1,landweber
1|0|0|1|0|1|0|1|0|0|0|0|0|1|0|0|1,3.25910690507562,4.32027717676126,0.000470232474993328,1,adjoint,2,1,landweber
1|0|0|1|0|1|0|1|0|0|0|0|0|1|0|1|0,0.676941356925049,0,0.000431085462366796,1,adjoint,2,1,landweber
1|0|0|1|0|1|0|1|0|0|0|0|0|1|0|1|1,3.16988003977573,4.27064593570551,0.000394362533868145,1,adjoint,2,1,landweber
1|0|0|1|0|1|0|1|0|0|0|1|0|1|0|0|0,1.50414458665669,0,0.00491547716863156,1,adjoint,2,1,landweber
1|0|0|1|0|1|0|1|0|0|0|1|0|1|0|0|1,3.79081756389203,4.68834070124724,0.00322529565245802,1,adjoint,2,1,landweber
1|0|0|1|0|1|0|1|0|0|0|1|0|1|0|1|0,1.43272686968953,0,0.00403498897280325,1,adjoint,2,1,landweber
1|0|0|1|0|1|0|1|0|0|0|1|0|1|0|1|1,3.68854897027087,4.60666251129372,0.00336427388396819,1,adjoint,2,1,landweber
1|0|0|1|0|1|0|1|0|0|1|0|1|0|0|0|1,1.52872587318492,2.56831218549017,0.0192242372302874,0,adjoint,2,1,landweber
1|0|0|1|0|1|0|1|0|0|1|0|1|0|0|1|1,1.52872587318492,2.56831218549017,0.00307608005513212,0,adjoint,2,1,landweber
1|0|0|1|0|1|0|1|0|1|0|0|0|1|0|0|0,0.190013466896086,0,8.97526486889509e-05,1,adjoint,2,1,landweber
1|0|0|1|0|1|0|1|0|1|0|0|0|1|0|0|1,2.71067399444462,3.75666759404159,8.8685030516618e-05,1,adjoint,2,1,landweber
1|0|0|1|0|1|0|1|0|1|0|0|0|1|0|1|0,0.111215927602625,0,6.9567359153476e-05,1,adjoint,2,1,landweber
1|0|0|1|0|1|0|1|0|1|0|0|0|1|0|1|1,2.63773114717966,3.73306194682013,8.76503898024846e-05,1,adjoint,2,1,landweber
1|0|0|1|0|1|0|1|0|1|0|1|0|1|0|0|0,0.870091245040264,0,0.000909695984198899,1,adjoint,2,1,landweber
1|0|0|1|0|1|0|1|0|1|0|1|0|1|0|0|1,3.33240415583703,4.06724522783076,0.000801655343740288,1,adjoint,2,1,landweber
1|0|0|1|0|1|0|1|0|1|0|1|0|1|0|1|0,0.797515202875165,0,0.000867996239426118,1,adjoint,2,1,landweber
1|0|0|1|0|1|0|1|0|1|0|1|0|1|0|1|1,3.24679142171036,4.02554498442964,0.000976354591670722,1,adjoint,2,1,landweber
1|0|0|1|0|1|0|1|1|0|0|0|0|1|0|0|0,1.09036469549001,0,6.68813542546445e-05,1,adjoint,2,1,landweber
1|0|0|1|0|1|0|1|1|0|0|0|0|1|0|0|1,3.59374539708239,4.32027717676126,4.84084078839255e-05,1,adjoint,2,1,landweber
1|0|0|1|0|1|0|1|1|0|0|0|0|1|0|1|0,1.01157984893182,0,4.43783915506443e-05,1,adjoint,2,1,landweber
1|0|0|1|0|1|0|1|1|0|0|0|0|1|0|1|1,3.50451853178251,4.27064593570551,4.05979242371518e-05,1,adjoint,2,1,landweber
1|0|0|1|0|1|0|1|1|0|0|1|0|1|0|0|0,1.83878307866347,0,0.000506027202239947,1,adjoint,2,1,landweber
1|0|0|1|0|1|0|1|1|0|0|1|0|1|0|0|1,4.12545605589881,4.68834070124724,0.000332030295212288,1,adjoint,2,1,landweber
1|0|0|1|0|1|0|1|1|0|0|1|0|1|0|1|0,1.76736536169631,0,0.000415384734976828,1,adjoint,2,1,landweber
1|0|0|1|0|1|0|1|1|0|0|1|0|1|0|1|1,4.02318746227765,4.60666251129372,0.000346337505529963,1,adjoint,2,1,landweber
1|0|0|1|0|1|0|1|1|0|1|0|1|0|0|0|1,1.86336436519169,2.56831218549017,0.0208522659592542,0,adjoint,2,1,landweber
1|0|0|1|0|1|0|1|1|0|1|0|1|0|0|1|1,1.86336436519169,2.56831218549017,0.00333658176671457,0,adjoint,2,1,landweber
1|0|0|1|0|1|0|1|1|1|0|0|0|1|0|0|0,0.524651958902862,0,0.000338154825418245,1,adjoint,2,1,landweber
1|0|0|1|0|1|0|1|1|1|0|0|0|1|0|0|1,3.0453124864514,3.75666759404159,0.000334132434525585,1,adjoint,2,1,landweber
1|0|0|1|0|1|0|1|1|1|0|0|0|1|0|1|0,0.445854419609401,0,0.0002621041109425,1,adjoint,2,1,landweber
1|0|0|1|0|1|0|1|1|1|0|0|0|1|0|1|1,2.97236963918644,3.73306194682013,0.000330234290513469,1,adjoint,2,1,landweber
1|0|0|1|0|1|0|1|1|1|0|1|0|1|0|0|0,1.20472973704704,0,0.003427398424603,1,adjoint,2,1,landweber
1|0|0|1|0|1|0|1|1|1|0|1|0|1|0|0|1,3.6670426478438,4.06724522783076,0.0030203412018243,1,adjoint,2,1,landweber
1|0|0|1|0|1|0|1|1|1|0|1|0|1|0|1|0,1.13215369488194,0,0.00327028919028398,1,adjoint,2,1,landweber
1|0|0|1|0|1|0|1|1|1|0|1|0|1|0|1|1,3.58142991371714,4.02554498442964,0.00367854343370882,1,adjoint,2,1,landweber
0|0|0|0|0|1|0|0|0|0|0|0|0|1|0|0|0,-0.595666224391858,0,0.00960943512698398,1,adjoint,2,1,pmmr
0|0|0|0|0|1|0|0|0|0|0|0|0|1|0|0|1,0.380403069324224,0,0.00559430936665823,1,adjoint,2,1,pmmr
0|0|0|0|0|1|0|0|0|0|0|0|0|1|0|1|0,-0.539983120203182,0,0.00647075396855543,1,adjoint,2,1,pmmr
0|0|0|0|0|1|0|0|0|0|0|0|0|1|0|1|1,0.398656563241446,0,0.00471910206753389,1,adjoint,2,1,pmmr
0|0|0|0|0|1|0|0|0|0|0|1|0|1|0|0|0,0.182760736954022,0,0.0011513122038543,1,adjoint,2,1,pmmr
0|0|0|0|0|1|0|0|0|0|0|1|0|1|0|0|1,0.957696186883351,0,0.000605842398992,1,adjoint,2,1,pmmr
0|0|0|0|0|1|0|0|0|0|0|1|0|1|0|1|0,0.252834879224752,0,0.000965390594166642,1,adjoint,2,1,pmmr
0|0|0|0|0|1|0|0|0|0|0|1|0|1|0|1|1,0.980545350841425,0,0.000640610494039707,1,adjoint,2,1,pmmr
0|0|0|0|0|1|0|0|0|0|1|0|1|0|0|0|0,-0.615335221665314,0,0.0340252866918418,0,adjoint,2,1,pmmr
0|0|0|0|0|1|0|0|0|0|1|0|1|0|0|1|0,-0.615335221665314,0,0.0045037236163738,0,adjoint,2,1,pmmr
0|0|0|0|0|1|0|0|0|1|0|0|0|1|0|0|0,-0.532509225297399,0,0.000943137903452683,1,adjoint,2,1,pmmr
0|0|0|0|0|1|0|0|0|1|0|0|0|1|0|0|1,0.450015008797125,0,0.000751599975898745,1,adjoint,2,1,pmmr
0|0|0|0|0|1|0|0|0|1|0|0|0|1|0|1|0,-0.479494078902546,0,0.000734391765715058,1,adjoint,2,1,pmmr
0|0|0|0|0|1|0|0|0|1|0|0|0|1|0|1|1,0.464021385184959,0,0.00073666848632591,1,adjoint,2,1,pmmr
0|0|0|0|0|1|0|0|0|1|0|1|0|1|0|0|0,0.22884945774688,0,0.000151207584178117,1,adjoint,2,1,pmmr
0|0|0|0|0|1|0|0|0|1|0|1|0|1|0|0|1,1.07627572467195,0,0.000107126420582815,1,adjoint,2,1,pmmr
0|0|0|0|0|1|0|0|0|1|0|1|0|1|0|1|0,0.284172189844799,0,0.000146570757254649,1,adjoint,2,1,pmmr
0|0|0|0|0|1|0|0|0|1|0|1|0|1|0|1|1,1.07958315717485,0,0.000130891106123724,1,adjoint,2,1,pmmr
0|0|0|0|0|1|0|0|1|0|0|0|0|1|0|0|0,-0.402592286513945,0,0.00136717346116248,1,adjoint,2,1,pmmr
0|0|0|0|0|1|0|0|1|0|0|0|0|1|0|0|1,0.550552411971604,0,0.000795925171309036,1,adjoint,2,1,pmmr
0|0|0|0|0|1|0|0|1|0|0|0|0|1|0|1|0,-0.365720855287292,0,0.000920620513340971,1,adjoint,2,1,pmmr
0|0|0|0|0|1|0|0|1|0|0|0|0|1|0|1|1,0.547065863938643,0,0.00067140586538038,1,adjoint,2,1,pmmr
0|0|0|0|0|1|0|0|1|0|0|1|0|1|0|0|0,0.287912964760403,0,0.000163801874909593,1,adjoint,2,1,pmmr
0|0|0|0|0|1|0|0|1|0|0|1|0|1|0|0|1,1.04404735810889,0,8.61956648443329e-05,1,adjoint,2,1,pmmr
0|0|0|0|0|1|0|0|1|0|0|1|0|1|0|1|0,0.340473109242398,0,0.000137350050503412,1,adjoint,2,1,pmmr
0|0|0|0|0|1|0|0|1|0|0|1|0|1|0|1|1,1.04789269229176,0,9.1142263288077e-05,1,adjoint,2,1,pmmr
0|0|0|0|0|1|0|0|1|0|1|0|1|0|0|0|0,-0.420095735414069,0,0.0344639163118675,0,adjoint,2,1,pmmr
0|0|0|0|0|1|0|0|1|0|1|0|1|0|0|1|0,-0.420095735414069,0,0.00456178239473009,0,adjoint,2,1,pmmr
0|0|0|0|0|1|0|0|1|1|0|0|0|1|0|0|0,-0.440787301085313,0,0.00491090003752682,1,adjoint,2,1,pmmr
0|0|0|0|0|1|0|0|1|1|0|0|0|1|0|0|1,0.525588749595675,0,0.00391356591261363,1,adjoint,2,1,pmmr
0|0|0|0|0|1|0|0|1|1|0|0|0|1|0|1|0,-0.395816222729727,0,0.0038239631093253,1,adjoint,2,1,pmmr
0|0|0|0|0|1|0|0|1|1|0|0|0|1|0|1|1,0.528475209644668,0,0.00383581794761813,1,adjoint,2,1,pmmr
0|0|0|0|0|1|0|0|1|1|0|1|0|1|0|0|0,0.245905817684918,0,0.000787334840532057,1,adjoint,2,1,pmmr
0|0|0|0|0|1|0|0|1|1|0|1|0|1|0|0|1,1.07784292982515,0,0.000557805110932701,1,adjoint,2,1,pmmr
0|0|0|0|0|1|0|0|1|1|0|1|0|1|0|1|0,0.294232669379702,0,0.000763190976279434,1,adjoint,2,1,pmmr
0|0|0|0|0|1|0|0|1|1|0|1|0|1|0|1|1,1.07244455869562,0,0.000681547349143487,1,adjoint,2,1,pmmr
0|0|0|0|0|1|0|1|0|0|0|0|0|1|0|0|0,0.525357633481776,0,0.00122752517224963,1,adjoint,2,1,pmmr
0|0|0|0|0|1|0|1|0|0|0|0|0|1|0|0|1,1.41429078157092,4.04495599823807,0.000714626351932113,1,adjoint,2,1,pmmr
0|0|0|0|0|1|0|1|0|0|0|0|0|1|0|1|0,0.517521274711178,0,0.000826584838221285,1,adjoint,2,1,pmmr
0|0|0|0|0|1|0|1|0|0|0|0|0|1|0|1|1,1.36803385738678,3.98787091084841,0.000602825920750167,1,adjoint,2,1,pmmr
0|0|0|0|0|1|0|1|0|0|0|1|0|1|0|0|0,1.23258396062353,0,0.0053825217146946,1,adjoint,2,1,pmmr
0|0|0|0|0|1|0|1|0|0|0|1|0|1|0|0|1,1.93896489814561,4.44657366271764,0.00283238539237251,1,adjoint,2,1,pmmr
0|0|0|0|0|1|0|1|0|0|0|1|0|1|0|1|0,1.24770189065214,0,0.00451331603961828,1,adjoint,2,1,pmmr
0|0|0|0|0|1|0|1|0|0|0|1|0|1|0|1|1,1.90540641679528,4.35192338799567,0.00299493037882045,1,adjoint,2,1,pmmr
0|0|0|0|0|1|0|1|0|0|1|0|1|0|0|0|0,0.4625297284175,0,0.0348148067293662,0,adjoint,2,1,pmmr
0|0|0|0|0|1|0|1|0|0|1|0|1|0|0|1|0,0.4625297284175,0,0.00460822765981663,0,adjoint,2,1,pmmr
0|0|0|0|0|1|0|1|0|1|0|0|0|1|0|0|0,0.509997041803772,0,0.000133220482463999,1,adjoint,2,1,pmmr
0|0|0|0|0|1|0|1|0|1|0|0|0|1|0|0|1,1.41338866600498,3.46090765294227,0.000106165292522552,1,adjoint,2,1,pmmr
0|0|0|0|0|1|0|1|0|1|0|0|0|1|0|1|0,0.500756013198197,0,0.000103734591715575,1,adjoint,2,1,pmmr
0|0|0|0|0|1|0|1|0|1|0|0|0|1|0|1|1,1.36462658396152,3.43054336836202,0.000104056183942018,1,adjoint,2,1,pmmr
0|0|0|0|0|1|0|1|0|1|0|1|0|1|0|0|0,1.21248441295865,0,0.000781680922597538,1,adjoint,2,1,pmmr
0|0|0|0|0|1|0|1|0|1|0|1|0|1|0|0|1,1.99451534308368,3.80006362148138,0.000553799465356878,1,adjoint,2,1,pmmr
0|0|0|0|0|1|0|1|0|1|0|1|0|1|0|1|0,1.21179387521946,0,0.00075771043747166,1,adjoint,2,1,pmmr
0|0|0|0|0|1|0|1|0|1|0|1|0|1|0|1|1,1.94051208259074,3.74570382918115,0.000676653100112234,1,adjoint,2,1,pmmr
0|0|0|0|0|1|0|1|1|0|0|0|0|1|0|0|0,0.709590775094291,0,0.000136086910311564,1,adjoint,2,1,pmmr
0|0|0|0|0|1|0|1|1|0|0|0|0|1|0|0|1,1.57724561056088,4.04495599823807,7.92254973341505e-05,1,adjoint,2,1,pmmr
0|0|0|0|0|1|0|1|1|0|0|0|0|1|0|1|0,0.679060363554207,0,9.1637531585416e-05,1,adjoint,2,1,pmmr
0|0|0|0|0|1|0|1|1|0|0|0|0|1|0|1|1,1.50617891137568,3.98787091084841,6.68309855188298e-05,1,adjoint,2,1,pmmr
0|0|0|0|0|1|0|1|1|0|0|1|0|1|0|0|0,1.32313709332077,0,0.000596721571497624,1,adjoint,2,1,pmmr
0|0|0|0|0|1|0|1|1|0|0|1|0|1|0|0|1,2.01208198007514,4.44657366271764,0.000314006250603549,1,adjoint,2,1,pmmr
0|0|0|0|0|1|0|1|1|0|0|1|0|1|0|1|0,1.31734605515491,0,0.000500358973466633,1,adjoint,2,1,pmmr
0|0|0|0|0|1|0|1|1|0|0|1|0|1|0|1|1,1.95677548102663,4.35192338799567,0.000332026447249942,1,adjoint,2,1,pmmr
0|0|0|0|0|1|0|1|1|0|1|0|1|0|0|0|0,0.662168586860346,0,0.03382790207843,0,adjoint,2,1,pmmr
0|0|0|0|0|1|0|1|1|0|1|0|1|0|0|1|0,0.662168586860346,0,0.00447759699610509,0,adjoint,2,1,pmmr
0|0|0|0|0|1|0|1|1|1|0|0|0|1|0|0|0,0.59482597157906,0,0.00054052661655963,1,adjoint,2,1,pmmr
0|0|0|0|0|1|0|1|1|1|0|0|0|1|0|0|1,1.48249647894853,3.46090765294227,0.00043075332938226,1,adjoint,2,1,pmmr
0|0|0|0|0|1|0|1|1|1|0|0|0|1|0|1|0,0.57420110969473,0,0.000420891043502768,1,adjoint,2,1,pmmr
0|0|0|0|0|1|0|1|1|1|0|0|0|1|0|1|1,1.42011125667363,3.43054336836202,0.000422195866566426,1,adjoint,2,1,pmmr
0|0|0|0|0|1|0|1|1|1|0|1|0|1|0|0|0,1.21675243318087,0,0.003171579448641,1,adjoint,2,1,pmmr
0|0|0|0|0|1|0|1|1|1|0|1|0|1|0|0|1,1.98361600827673,3.80006362148138,0.00224697693421715,1,adjoint,2,1,pmmr
0|0|0|0|0|1|0|1|1|1|0|1|0|1|0|1|0,1.20616602995814,0,0.00307432199255961,1,adjoint,2,1,pmmr
0|0|0|0|0|1|0|1|1|1|0|1|0|1|0|1|1,1.9187540658288,3.74570382918115,0.00274544127166849,1,adjoint,2,1,pmmr
1|0|0|1|0|1|0|0|0|0|0|0|0|1|0|0|0,-0.16246936722079,0,0.00943156116480374,1,adjoint,2,1,pmmr
1|0|0|1|0|1|0|0|0|0|0|0|0|1|0|0|1,0.709823343221955,0,0.00682651936307502,1,adjoint,2,1,pmmr
1|0|0|1|0|1|0|0|0|0|0|0|0|1|0|1|0,-0.221916528145303,0,0.00625820931663394,1,adjoint,2,1,pmmr
1|0|0|1|0|1|0|0|0|0|0|0|0|1|0|1|1,0.628460548712223,0,0.00572509049605818,1,adjoint,2,1,pmmr
1|0|0|1|0|1|0|0|0|0|0|1|0|1|0|0|0,0.560390348729959,0,0.00194980983159324,1,adjoint,2,1,pmmr
1|0|0|1|0|1|0|0|0|0|0|1|0|1|0|0|1,1.2711864040097,0,0.00127936982661407,1,adjoint,2,1,pmmr
1|0|0|1|0|1|0|0|0|0|0|1|0|1|0|1|0,0.514411497892948,0,0.00160054881746757,1,adjoint,2,1,pmmr
1|0|0|1|0|1|0|0|0|0|0|1|0|1|0|1|1,1.19038706178625,0,0.00133449796837521,1,adjoint,2,1,pmmr
1|0|0|1|0|1|0|0|0|0|1|0|1|0|0|0|1,0.532698661931126,0,0.0237718769352928,0,adjoint,2,1,pmmr
1|0|0|1|0|1|0|0|0|0|1|0|1|0|0|1|1,0.532698661931126,0,0.0038037502158215,0,adjoint,2,1,pmmr
1|0|0|1|0|1|0|0|0|1|0|0|0|1|0|0|0,-0.237176101000108,0,0.00116348397246529,1,adjoint,2,1,pmmr
1|0|0|1|0|1|0|0|0|1|0|0|0|1|0|0|1,0.672123987419616,0,0.00114964419558553,1,adjoint,2,1,pmmr
1|0|0|1|0|1|0|0|0|1|0|0|0|1|0|1|0,-0.272350044774818,0,0.000901817479084268,1,adjoint,2,1,pmmr
1|0|0|1|0|1|0|0|0|1|0|0|0|1|0|1|1,0.609091993658674,0,0.00113623191298732,1,adjoint,2,1,pmmr
1|0|0|1|0|1|0|0|0|1|0|1|0|1|0|0|0,0.512567925087971,0,0.000322217611364569,1,adjoint,2,1,pmmr
1|0|0|1|0|1|0|0|0|1|0|1|0|1|0|0|1,1.31615619289773,0,0.000283949225328405,1,adjoint,2,1,pmmr
1|0|0|1|0|1|0|0|0|1|0|1|0|1|0|1|0,0.473667365726358,0,0.000307447410782635,1,adjoint,2,1,pmmr
1|0|0|1|0|1|0|0|0|1|0|1|0|1|0|1|1,1.23593716336578,0,0.000345828331483746,1,adjoint,2,1,pmmr
1|0|0|1|0|1|0|0|1|0|0|0|0|1|0|0|0,0.0341269443173292,0,0.00124040836290273,1,adjoint,2,1,pmmr
1|0|0|1|0|1|0|0|1|0|0|0|0|1|0|0|1,0.877016695895659,0,0.000897801706368077,1,adjoint,2,1,pmmr
1|0|0|1|0|1|0|0|1|0|0|0|0|1|0|1|0,-0.0382627481081586,0,0.00082305941057957,1,adjoint,2,1,pmmr
1|0|0|1|0|1|0|0|1|0|0|0|0|1|0|1|1,0.780750230799971,0,0.000752945350785231,1,adjoint,2,1,pmmr
1|0|0|1|0|1|0|0|1|0|0|1|0|1|0|0|0,0.669101649318877,0,0.000256432670998698,1,adjoint,2,1,pmmr
1|0|0|1|0|1|0|0|1|0|0|1|0|1|0|0|1,1.35471826429022,0,0.000168258573999348,1,adjoint,2,1,pmmr
1|0|0|1|0|1|0|0|1|0|0|1|0|1|0|1|0,0.611427421371806,0,0.000210498994146338,1,adjoint,2,1,pmmr
1|0|0|1|0|1|0|0|1|0|0|1|0|1|0|1|1,1.26154050176586,0,0.000175508848569691,1,adjoint,2,1,pmmr
1|0|0|1|0|1|0|0|1|0|1|0|1|0|0|0|1,0.742592070311938,0,0.0270632684173845,0,adjoint,2,1,pmmr
1|0|0|1|0|1|0|0|1|0|1|0|1|0|0|1|1,0.742592070311938,0,0.00433040745430704,0,adjoint,2,1,pmmr
1|0|0|1|0|1|0|0|1|1|0|0|0|1|0|0|0,-0.162884842682865,0,0.00560017553489559,1,adjoint,2,1,pmmr
1|0|0|1|0|1|0|0|1|1|0|0|0|1|0|0|1,0.724792308469136,0,0.00553356079698374,1,adjoint,2,1,pmmr
1|0|0|1|0|1|0|0|1|1|0|0|0|1|0|1|0,-0.199365915843381,0,0.00434070112079658,1,adjoint,2,1,pmmr
1|0|0|1|0|1|0|0|1|1|0|0|0|1|0|1|1,0.658016430935374,0,0.00546900370926171,1,adjoint,2,1,pmmr
1|0|0|1|0|1|0|0|1|1|0|1|0|1|0|0|0,0.513157195354926,0,0.00155092397212218,1,adjoint,2,1,pmmr
1|0|0|1|0|1|0|0|1|1|0|1|0|1|0|0|1,1.29528430549797,0,0.00136672746893738,1,adjoint,2,1,pmmr
1|0|0|1|0|1|0|0|1|1|0|1|0|1|0|1|0,0.474236696353823,0,0.00147983084329361,1,adjoint,2,1,pmmr
1|0|0|1|0|1|0|0|1|1|0|1|0|1|0|1|1,1.21387909473527,0,0.00166456900746591,1,adjoint,2,1,pmmr
1|0|0|1|0|1|0|1|0|0|0|0|0|1|0|0|0,1.11905868198486,0,0.000649676081425316,1,adjoint,2,1,pmmr
1|0|0|1|0|1|0|1|0|0|0|0|0|1|0|0|1,1.89520323423858,4.32027717676126,0.000470232474993328,1,adjoint,2,1,pmmr
1|0|0|1|0|1|0|1|0|0|0|0|0|1|0|1|0,0.980276204085845,0,0.000431085462366796,1,adjoint,2,1,pmmr
1|0|0|1|0|1|0|1|0|0|0|0|0|1|0|1|1,1.73667907090967,4.27064593570551,0.000394362533868145,1,adjoint,2,1,pmmr
1|0|0|1|0|1|0|1|0|0|0|1|0|1|0|0|0,1.75192472194518,0,0.00491547716863156,1,adjoint,2,1,pmmr
1|0|0|1|0|1|0|1|0|0|0|1|0|1|0|0|1,2.38821100625821,4.68834070124724,0.00322529565245802,1,adjoint,2,1,pmmr
1|0|0|1|0|1|0|1|0|0|0|1|0|1|0|1|0,1.63373824762157,0,0.00403498897280325,1,adjoint,2,1,pmmr
1|0|0|1|0|1|0|1|0|0|0|1|0|1|0|1|1,2.23604415166389,4.60666251129372,0.00336427388396819,1,adjoint,2,1,pmmr
1|0|0|1|0|1|0|1|0|0|1|0|1|0|0|0|1,1.78893192597514,2.56831218549017,0.0192242372302874,0,adjoint,2,1,pmmr
1|0|0|1|0|1|0|1|0|0|1|0|1|0|0|1|1,1.78893192597514,2.56831218549017,0.00307608005513212,0,adjoint,2,1,pmmr
1|0|0|1|0|1|0|1|0|1|0|0|0|1|0|0|0,0.963362339509752,0,8.97526486889509e-05,1,adjoint,2,1,pmmr
1|0|0|1|0|1|0|1|0|1|0|0|0|1|0|0|1,1.78558246474808,3.75666759404159,8.8685030516618e-05,1,adjoint,2,1,pmmr
1|0|0|1|0|1|0|1|0|1|0|0|0|1|0|1|0,0.852352027474214,0,6.9567359153476e-05,1,adjoint,2,1,pmmr
1|0|0|1|0|1|0|1|0|1|0|0|0|1|0|1|1,1.64916065560868,3.73306194682013,8.76503898024846e-05,1,adjoint,2,1,pmmr
1|0|0|1|0|1|0|1|0|1|0|1|0|1|0|0|0,1.63767924530168,0,0.000909695984198899,1,adjoint,2,1,pmmr
1|0|0|1|0|1|0|1|0|1|0|1|0|1|0|0|1,2.37050456000981,4.06724522783076,0.000801655343740288,1,adjoint,2,1,pmmr
1|0|0|1|0|1|0|1|0|1|0|1|0|1|0|1|0,1.52732161016159,0,0.000867996239426118,1,adjoint,2,1,pmmr
1|0|0|1|0|1|0|1|0|1|0|1|0|1|0|1|1,2.21986807548728,4.02554498442964,0.000976354591670722,1,adjoint,2,1,pmmr
1|0|0|1|0|1|0|1|1|0|0|0|0|1|0|0|0,1.30514576796621,0,6.68813542546445e-05,1,adjoint,2,1,pmmr
1|0|0|1|0|1|0|1|1|0|0|0|0|1|0|0|1,2.05266410932018,4.32027717676126,4.84084078839255e-05,1,adjoint,2,1,pmmr
1|0|0|1|0|1|0|1|1|0|0|0|0|1|0|1|0,1.15001785630349,0,4.43783915506443e-05,1,adjoint,2,1,pmmr
1|0|0|1|0|1|0|1|1|0|0|0|0|1|0|1|1,1.87668119576713,4.27064593570551,4.05979242371518e-05,1,adjoint,2,1,pmmr
1|0|0|1|0|1|0|1|1|0|0|1|0|1|0|0|0,1.8444730046652,0,0.000506027202239947,1,adjoint,2,1,pmmr
1|0|0|1|0|1|0|1|1|0|0|1|0|1|0|0|1,2.45615544511427,4.68834070124724,0.000332030295212288,1,adjoint,2,1,pmmr
1|0|0|1|0|1|0|1|1|0|0|1|0|1|0|1|0,1.71164434770166,0,0.000415384734976828,1,adjoint,2,1,pmmr
1|0|0|1|0|1|0|1|1|0|0|1|0|1|0|1|1,2.28937479637211,4.60666251129372,0.000346337505529963,1,adjoint,2,1,pmmr
1|0|0|1|0|1|0|1|1|0|1|0|1|0|0|0|1,2.00227640202886,2.56831218549017,0.0208522659592542,0,adjoint,2,1,pmmr
1|0|0|1|0|1|0|1|1|0|1|0|1|0|0|1|1,2.00227640202886,2.56831218549017,0.00333658176671457,0,adjoint,2,1,pmmr
1|0|0|1|0|1|0|1|1|1|0|0|0|1|0|0|0,1.02979388695816,0,0.000338154825418245,1,adjoint,2,1,pmmr
1|0|0|1|0|1|0|1|1|1|0|0|0|1|0|0|1,1.82993164970916,3.75666759404159,0.000334132434525585,1,adjoint,2,1,pmmr
1|0|0|1|0|1|0|1|1|1|0|0|0|1|0|1|0,0.914555287167738,0,0.0002621041109425,1,adjoint,2,1,pmmr
1|0|0|1|0|1|0|1|1|1|0|0|0|1|0|1|1,1.68769257713558,3.73306194682013,0.000330234290513469,1,adjoint,2,1,pmmr
1|0|0|1|0|1|0|1|1|1|0|1|0|1|0|0|0,1.62438242402004,0,0.003427398424603,1,adjoint,2,1,pmmr
1|0|0|1|0|1|0|1|1|1|0|1|0|1|0|0|1,2.33520534754101,4.06724522783076,0.0030203412018243,1,adjoint,2,1,pmmr
1|0|0|1|0|1|0|1|1|1|0|1|0|1|0|1|0,1.51151308766471,0,0.00327028919028398,1,adjoint,2,1,pmmr
1|0|0|1|0|1|0|1|1|1|0|1|0|1|0|1|1,2.18167707337191,4.02554498442964,0.00367854343370882,1,adjoint,2,1,pmmr
