cell,estimate,true,probability,current_R,kind,horizon,fold,candidate
0|0|0|0|0|1|0|0|0,1.00614382663149,1,0.14774860007019,1,beta,1,3,ensemble
0|0|0|0|0|1|0|0|1,0.99772581307592,1,0.127168398586049,1,beta,1,3,ensemble
0|0|0|0|0|1|0|1|0,0.994650525627458,1,0.120966322601684,1,beta,1,3,ensemble
0|0|0|0|0|1|0|1|1,0.984963830890991,1,0.104116678742077,1,beta,1,3,ensemble
1|0|0|1|0|1|0|0|0,1.04987817429518,1,0.156475508795044,1,beta,1,3,ensemble
1|0|0|1|0|1|0|0|1,1.06501419557927,1,0.148844108179566,1,beta,1,3,ensemble
1|0|0|1|0|1|0|1|0,1.02730276756156,1,0.0997731894470607,1,beta,1,3,ensemble
1|0|0|1|0|1|0|1|1,1.04156055872389,1,0.0949071935783283,1,beta,1,3,ensemble
0|0|0|0|0|1|0|0|0,1.01310599585185,1,0.14774860007019,1,beta,1,3,sieve_md
0|0|0|0|0|1|0|0|1,1.00703400834023,1,0.127168398586049,1,beta,1,3,sieve_md
0|0|0|0|0|1|0|1|0,0.98437481252718,1,0.120966322601684,1,beta,1,3,sieve_md
0|0|0|0|0|1|0|1|1,0.972633083181471,1,0.104116678742077,1,beta,1,3,sieve_md
1|0|0|1|0|1|0|0|0,1.05466813670133,1,0.156475508795044,1,beta,1,3,sieve_md
1|0|0|1|0|1|0|0|1,1.05796926774329,1,0.148844108179566,1,beta,1,3,sieve_md
1|0|0|1|0|1|0|1|0,1.03654572584182,1,0.0997731894470607,1,beta,1,3,sieve_md
1|0|0|1|0|1|0|1|1,1.0362964763176,1,0.0949071935783283,1,beta,1,3,sieve_md
0|0|0|0|0|1|0|0|0,0.993642010042613,1,0.14774860007019,1,beta,1,3,landweber
0|0|0|0|0|1|0|0|1,1.00424990120718,1,0.127168398586049,1,beta,1,3,landweber
0|0|0|0|0|1|0|1|0,0.989476566379755,1,0.120966322601684,1,beta,1,3,landweber
0|0|0|0|0|1|0|1|1,1.00181096355812,1,0.104116678742077,1,beta,1,3,landweber
1|0|0|1|0|1|0|0|0,1.03288422485309,1,0.156475508795044,1,beta,1,3,landweber
1|0|0|1|0|1|0|0|1,1.05080396717163,1,0.148844108179566,1,beta,1,3,landweber
1|0|0|1|0|1|0|1|0,1.03952024688971,1,0.0997731894470607,1,beta,1,3,landweber
1|0|0|1|0|1|0|1|1,1.05836020529793,1,0.0949071935783283,1,beta,1,3,landweber
0|0|0|0|0|1|0|0|0,1.00937883964413,1,0.14774860007019,1,beta,1,3,pmmr
0|0|0|0|0|1|0|0|1,0.988986685727981,1,0.127168398586049,1,beta,1,3,pmmr
0|0|0|0|0|1|0|1|0,1.00315777773888,1,0.120966322601684,1,beta,1,3,pmmr
0|0|0|0|0|1|0|1|1,0.982210965664364,1,0.104116678742077,1,beta,1,3,pmmr
1|0|0|1|0|1|0|0|0,1.05682205917504,1,0.156475508795044,1,beta,1,3,pmmr
1|0|0|1|0|1|0|0|1,1.07684119439337,1,0.148844108179566,1,beta,1,3,pmmr
1|0|0|1|0|1|0|1|0,1.01539848474107,1,0.0997731894470607,1,beta,1,3,pmmr
1|0|0|1|0|1|0|1|1,1.03498422371858,1,0.0949071935783283,1,beta,1,3,pmmr
0|0|0|0|0|1|0|0|0,0.00297378028476723,0,0.0785500498749289,1,adjoint,1,3,ensemble
0|0|0|0|0|1|0|0|1,1.81201276740368,1.82090167277375,0.0457293559881398,1,adjoint,1,3,ensemble
0|0|0|0|0|1|0|1|0,-0.0204667535851319,0,0.0528936446567127,1,adjoint,1,3,ensemble
0|0|0|0|0|1|0|1|1,1.80004488759155,1.79520390717048,0.0385751813578256,1,adjoint,1,3,ensemble
1|0|0|1|0|1|0|0|0,-0.0190058156626442,0,0.0762397062809392,1,adjoint,1,3,ensemble
1|0|0|1|0|1|0|0|1,1.75890267875826,1.82545592694467,0.0500247656080652,1,adjoint,1,3,ensemble
1|0|0|1|0|1|0|1|0,0.0608701116368715,0,0.0625832169654833,1,adjoint,1,3,ensemble
1|0|0|1|0|1|0|1|1,1.80785305708916,1.79365364433472,0.0521803365091765,1,adjoint,1,3,ensemble
0|0|0|0|0|1|0|0|0,0.026632425402925,0,0.0785500498749289,1,adjoint,1,3,sieve_md
0|0|0|0|0|1|0|0|1,1.79357950131045,1.82090167277375,0.0457293559881398,1,adjoint,1,3,sieve_md
0|0|0|0|0|1|0|1|0,-0.0188722650973799,0,0.0528936446567127,1,adjoint,1,3,sieve_md
0|0|0|0|0|1|0|1|1,1.76979225649881,1.79520390717048,0.0385751813578256,1,adjoint,1,3,sieve_md
1|0|0|1|0|1|0|0|0,-0.0345839221940903,0,0.0762397062809392,1,adjoint,1,3,sieve_md
1|0|0|1|0|1|0|0|1,1.75946198697511,1.82545592694467,0.0500247656080652,1,adjoint,1,3,sieve_md
1|0|0|1|0|1|0|1|0,0.0637642168712692,0,0.0625832169654833,1,adjoint,1,3,sieve_md
1|0|0|1|0|1|0|1|1,1.8241777923221,1.79365364433472,0.0521803365091765,1,adjoint,1,3,sieve_md
0|0|0|0|0|1|0|0|0,-0.0513409075170225,0,0.0785500498749289,1,adjoint,1,3,landweber
0|0|0|0|0|1|0|0|1,1.85433121328344,1.82090167277375,0.0457293559881398,1,adjoint,1,3,landweber
0|0|0|0|0|1|0|1|0,-0.0241273243398504,0,0.0528936446567127,1,adjoint,1,3,landweber
0|0|0|0|0|1|0|1|1,1.86949781715613,1.79520390717048,0.0385751813578256,1,adjoint,1,3,landweber
1|0|0|1|0|1|0|0|0,0.016757855019796,0,0.0762397062809392,1,adjoint,1,3,landweber
1|0|0|1|0|1|0|0|1,1.75761863856781,1.82545592694467,0.0500247656080652,1,adjoint,1,3,landweber
1|0|0|1|0|1|0|1|0,0.0542259263301147,0,0.0625832169654833,1,adjoint,1,3,landweber
1|0|0|1|0|1|0|1|1,1.77037530241656,1.79365364433472,0.0521803365091765,1,adjoint,1,3,landweber
0|0|0|0|0|1|0|0|0,0.00629803484497477,0,0.0785500498749289,1,adjoint,1,3,pmmr
0|0|0|0|0|1|0|0|1,1.8072312489967,1.82090167277375,0.0457293559881398,1,adjoint,1,3,pmmr
0|0|0|0|0|1|0|1|0,0.00528061153434335,0,0.0528936446567127,1,adjoint,1,3,pmmr
0|0|0|0|0|1|0|1|1,1.75566984378734,1.79520390717048,0.0385751813578256,1,adjoint,1,3,pmmr
1|0|0|1|0|1|0|0|0,-0.00586067788936843,0,0.0762397062809392,1,adjoint,1,3,pmmr
1|0|0|1|0|1|0|0|1,1.74079108035215,1.82545592694467,0.0500247656080652,1,adjoint,1,3,pmmr
1|0|0|1|0|1|0|1|0,0.0940643826706412,0,0.0625832169654833,1,adjoint,1,3,pmmr
1|0|0|1|0|1|0|1|1,1.76761200834906,1.79365364433472,0.0521803365091765,1,adjoint,1,3,pmmr
0|0|0|0|0|1|0|0|0|0|0|0|0|1|0|0|0,0.99841097505256,1,0.0180748527816066,1,beta,2,3,ensemble
0|0|0|0|0|1|0|0|0|0|0|0|0|1|0|0|1,1.02034727423389,1,0.0155571699618374,1,beta,2,3,ensemble
0|0|0|0|0|1|0|0|0|0|0|0|0|1|0|1|0,0.915710518344457,1,0.0147984378296584,1,beta,2,3,ensemble
0|0|0|0|0|1|0|0|0|0|0|0|0|1|0|1|1,0.931278807976968,1,0.0127371334786173,1,beta,2,3,ensemble
0|0|0|0|0|1|0|0|0|0|0|1|0|1|0|0|0,0.985546762452694,1,0.00215565950065452,1,beta,2,3,ensemble
0|0|0|0|0|1|0|0|0|0|0|1|0|1|0|0|1,0.999705968133502,1,0.00250451902352297,1,beta,2,3,ensemble
0|0|0|0|0|1|0|0|0|0|0|1|0|1|0|1|0,0.90551417883988,1,0.00118305101741584,1,beta,2,3,ensemble
0|0|0|0|0|1|0|0|0|0|0|1|0|1|0|1|1,0.915063704878244,1,0.00137450918292826,1,beta,2,3,ensemble
0|0|0|0|0|1|0|0|0|0|1|0|1|0|0|0|0,0.963685790465058,1,0.0705287906750812,0,beta,2,3,ensemble
0|0|0|0|0|1|0|0|0|1|0|0|0|1|0|0|0,0.990001277347665,1,0.00179818220588617,1,beta,2,3,ensemble
0|0|0|0|0|1|0|0|0|1|0|0|0|1|0|0|1,1.00819214681119,1,0.00154770976767183,1,beta,2,3,ensemble
0|0|0|0|0|1|0|0|0|1|0|0|0|1|0|1|0,0.904897504626819,1,0.00230891165619347,1,beta,2,3,ensemble
0|0|0|0|0|1|0|0|0|1|0|0|0|1|0|1|1,0.916847259841244,1,0.00198729867934651,1,beta,2,3,ensemble
0|0|0|0|0|1|0|0|0|1|0|1|0|1|0|0|0,0.977073538987206,1,0.000296423068996605,1,beta,2,3,ensemble
0|0|0|0|0|1|0|0|0|1|0|1|0|1|0|0|1,0.987708980927757,1,0.000344394471894864,1,beta,2,3,ensemble
0|0|0|0|0|1|0|0|0|1|0|1|0|1|0|1|0,0.894771861184422,1,0.000255133699881773,1,beta,2,3,ensemble
0|0|0|0|0|1|0|0|0|1|0|1|0|1|0|1|1,0.901026701991271,1,0.000296423068996605,1,beta,2,3,ensemble
0|0|0|0|0|1|0|0|1|0|0|0|0|1|0|0|0,1.0225003599864,1,0.00257158289856599,1,beta,2,3,ensemble
0|0|0|0|0|1|0|0|1|0|0|0|0|1|0|0|1,1.05015218429164,1,0.00221338191283401,1,beta,2,3,ensemble
0|0|0|0|0|1|0|0|1|0|0|0|0|1|0|1|0,0.942083026392754,1,0.00210543400314539,1,beta,2,3,ensemble
0|0|0|0|0|1|0|0|1|0|0|0|0|1|0|1|1,0.962672562566567,1,0.00181216384034378,1,beta,2,3,ensemble
0|0|0|0|0|1|0|0|1|0|0|1|0|1|0|0|0,1.00658844229034,1,0.000306694454112269,1,beta,2,3,ensemble
0|0|0|0|0|1|0|0|1|0|0|1|0|1|0|0|1,1.02604329641774,1,0.000356328118842492,1,beta,2,3,ensemble
0|0|0|0|0|1|0|0|1|0|0|1|0|1|0|1|0,0.928980007296232,1,0.000168317485142319,1,beta,2,3,ensemble
0|0|0|0|0|1|0|0|1|0|0|1|0|1|0|1|1,0.943282103294986,1,0.000195557017888255,1,beta,2,3,ensemble
0|0|0|0|0|1|0|0|1|0|1|0|1|0|0|0|0,0.985119433954759,1,0.0714379973170373,0,beta,2,3,ensemble
0|0|0|0|0|1|0|0|1|1|0|0|0|1|0|0|0,1.01400754595292,1,0.00936309847164306,1,beta,2,3,ensemble
0|0|0|0|0|1|0|0|1|1|0|0|0|1|0|0|1,1.03779842454328,1,0.00805889353859645,1,beta,2,3,ensemble
0|0|0|0|0|1|0|0|1|1|0|0|0|1|0|1|0,0.931141312613101,1,0.0120224564165398,1,beta,2,3,ensemble
0|0|0|0|0|1|0|0|1|1|0|0|0|1|0|1|1,0.947873845733409,1,0.0103478241339385,1,beta,2,3,ensemble
0|0|0|0|0|1|0|0|1|1|0|1|0|1|0|0|0,0.998006152836067,1,0.00154346894057606,1,beta,2,3,ensemble
0|0|0|0|0|1|0|0|1|1|0|1|0|1|0|0|1,1.01383439007605,1,0.00179325506774882,1,beta,2,3,ensemble
0|0|0|0|0|1|0|0|1|1|0|1|0|1|0|1|0,0.918098846896373,1,0.00132847602851815,1,beta,2,3,ensemble
0|0|0|0|0|1|0|0|1|1|0|1|0|1|0|1|1,0.92888348971917,1,0.00154346894057606,1,beta,2,3,ensemble
0|0|0|0|0|1|0|1|0|0|0|0|0|1|0|0|0,1.02599441311367,1,0.00230891165619347,1,beta,2,3,ensemble
0|0|0|0|0|1|0|1|0|0|0|0|0|1|0|0|1,1.05436528864802,1,0.00198729867934651,1,beta,2,3,ensemble
0|0|0|0|0|1|0|1|0|0|0|0|0|1|0|1|0,0.945764879070778,1,0.00189037697906581,1,beta,2,3,ensemble
0|0|0|0|0|1|0|1|0|0|0|0|0|1|0|1|1,0.967017858285901,1,0.00162706254433225,1,beta,2,3,ensemble
0|0|0|0|0|1|0|1|0|0|0|1|0|1|0|0|0,1.01127673692711,1,0.0100779649802349,1,beta,2,3,ensemble
0|0|0|0|0|1|0|1|0|0|0|1|0|1|0|0|1,1.0314664870912,1,0.0117089248110534,1,beta,2,3,ensemble
0|0|0|0|0|1|0|1|0|0|0|1|0|1|0|1|0,0.933679388711085,1,0.00553090444930101,1,beta,2,3,ensemble
0|0|0|0|0|1|0|1|0|0|0|1|0|1|0|1|1,0.948625962600137,1,0.00642599418245614,1,beta,2,3,ensemble
0|0|0|0|0|1|0|1|0|0|1|0|1|0|0|0|0,0.987692018678291,1,0.0721653351064229,0,beta,2,3,ensemble
0|0|0|0|0|1|0|1|0|1|0|0|0|1|0|0|0,1.01658605330124,1,0.000253997533286871,1,beta,2,3,ensemble
0|0|0|0|0|1|0|1|0|1|0|0|0|1|0|0|1,1.0408472623393,1,0.000218617702892299,1,beta,2,3,ensemble
0|0|0|0|0|1|0|1|0|1|0|0|0|1|0|1|0,0.93393683741247,1,0.000326139288516333,1,beta,2,3,ensemble
0|0|0|0|0|1|0|1|0|1|0|0|0|1|0|1|1,0.951130491178167,1,0.000280710687051601,1,beta,2,3,ensemble
0|0|0|0|0|1|0|1|0|1|0|1|0|1|0|0|0,1.00183534199805,1,0.00153238515985756,1,beta,2,3,ensemble
0|0|0|0|0|1|0|1|0|1|0|1|0|1|0|0|1,1.01816060187805,1,0.00178037755177117,1,beta,2,3,ensemble
0|0|0|0|0|1|0|1|0|1|0|1|0|1|0|1|0,0.921954400452142,1,0.00131893613004479,1,beta,2,3,ensemble
0|0|0|0|0|1|0|1|0|1|0|1|0|1|0|1|1,0.933190624836752,1,0.00153238515985756,1,beta,2,3,ensemble
0|0|0|0|0|1|0|1|1|0|0|0|0|1|0|0|0,1.05137441857543,1,0.000255972472562728,1,beta,2,3,ensemble
0|0|0|0|0|1|0|1|1|0|0|0|0|1|0|0|1,1.08577175510462,1,0.000220317548879984,1,beta,2,3,ensemble
0|0|0|0|0|1|0|1|1|0|0|0|0|1|0|1|0,0.973577576286955,1,0.000209572535228515,1,beta,2,3,ensemble
0|0|0|0|0|1|0|1|1|0|0|0|0|1|0|1|1,1.00013318887724,1,0.000180380752710804,1,beta,2,3,ensemble
0|0|0|0|0|1|0|1|1|0|0|1|0|1|0|0|0,1.03339805995276,1,0.0011172716840298,1,beta,2,3,ensemble
0|0|0|0|0|1|0|1|1|0|0|1|0|1|0|0|1,1.05917459373875,1,0.00129808450093651,1,beta,2,3,ensemble
0|0|0|0|0|1|0|1|1|0|0|1|0|1|0|1|0,0.958390871055568,1,0.00061317170087392,1,beta,2,3,ensemble
0|0|0|0|0|1|0|1|1|0|0|1|0|1|0|1|1,0.978360669255193,1,0.000712403878747265,1,beta,2,3,ensemble
0|0|0|0|0|1|0|1|1|0|1|0|1|0|0|0|0,1.01040120985976,1,0.0701196450238517,0,beta,2,3,ensemble
0|0|0|0|0|1|0|1|1|1|0|0|0|1|0|0|0,1.04181528606112,1,0.0010305654561726,1,beta,2,3,ensemble
0|0|0|0|0|1|0|1|1|1|0|0|0|1|0|0|1,1.07196190458865,1,0.000887015908355885,1,beta,2,3,ensemble
0|0|0|0|0|1|0|1|1|1|0|0|0|1|0|1|0,0.961550230117513,1,0.00132327223928601,1,beta,2,3,ensemble
0|0|0|0|0|1|0|1|1|1|0|0|0|1|0|1|1,0.983779133986929,1,0.00113895097133532,1,beta,2,3,ensemble
0|0|0|0|0|1|0|1|1|1|0|1|0|1|0|0|0,1.02381133339352,1,0.00621747459853129,1,beta,2,3,ensemble
0|0|0|0|0|1|0|1|1|1|0|1|0|1|0|0|1,1.04560181914947,1,0.00722367489186694,1,beta,2,3,ensemble
0|0|0|0|0|1|0|1|1|1|0|1|0|1|0|1|0,0.946486136618978,1,0.00535142998017606,1,beta,2,3,ensemble
0|0|0|0|0|1|0|1|1|1|0|1|0|1|0|1|1,0.962498988081306,1,0.00621747459853129,1,beta,2,3,ensemble
1|0|0|1|0|1|0|0|0|0|0|0|0|1|0|0|0,1.04124495432607,1,0.0189820879945186,1,beta,2,3,ensemble
1|0|0|1|0|1|0|0|0|0|0|0|0|1|0|0|1,1.06958286552897,1,0.0133764513277299,1,beta,2,3,ensemble
1|0|0|1|0|1|0|0|0|0|0|0|0|1|0|1|0,0.96577587853846,1,0.0180563206388479,1,beta,2,3,ensemble
1|0|0|1|0|1|0|0|0|0|0|0|0|1|0|1|1,0.987254728278364,1,0.0127240740983383,1,beta,2,3,ensemble
1|0|0|1|0|1|0|0|0|0|0|1|0|1|0|0|0,1.02233075099809,1,0.00400181874163921,1,beta,2,3,ensemble
1|0|0|1|0|1|0|0|0|0|0|1|0|1|0|0|1,1.0426633034892,1,0.00380664773856564,1,beta,2,3,ensemble
1|0|0|1|0|1|0|0|0|0|0|1|0|1|0|1|0,0.951181500304297,1,0.00255167228735678,1,beta,2,3,ensemble
1|0|0|1|0|1|0|0|0|0|0|1|0|1|0|1|1,0.966658574304111,1,0.00242722576141681,1,beta,2,3,ensemble
1|0|0|1|0|1|0|0|0|0|1|0|1|0|0|0|0,0.897980058527591,1,0.0677168438749167,0,beta,2,3,ensemble
1|0|0|1|0|1|0|0|0|1|0|0|0|1|0|0|0,1.03076695297532,1,0.00238359434193912,1,beta,2,3,ensemble
1|0|0|1|0|1|0|0|0|1|0|0|0|1|0|0|1,1.05461846524406,1,0.00167969054348541,1,beta,2,3,ensemble
1|0|0|1|0|1|0|0|0|1|0|0|0|1|0|1|0,0.952861101412836,1,0.00355590490846276,1,beta,2,3,ensemble
1|0|0|1|0|1|0|0|0|1|0|0|0|1|0|1|1,0.970071890272383,1,0.00250580383716602,1,beta,2,3,ensemble
1|0|0|1|0|1|0|0|0|1|0|1|0|1|0|0|0,1.0120257643198,1,0.000693760730200661,1,beta,2,3,ensemble
1|0|0|1|0|1|0|0|0|1|0|1|0|1|0|0|1,1.02827146140226,1,0.000659925620129969,1,beta,2,3,ensemble
1|0|0|1|0|1|0|0|0|1|0|1|0|1|0|1|0,0.938596697832139,1,0.000693760730200661,1,beta,2,3,ensemble
1|0|0|1|0|1|0|0|0|1|0|1|0|1|0|1|1,0.950245739690384,1,0.000659925620129969,1,beta,2,3,ensemble
1|0|0|1|0|1|0|0|1|0|0|0|0|1|0|0|0,1.06646650280898,1,0.00249646270456503,1,beta,2,3,ensemble
1|0|0|1|0|1|0|0|1|0|0|0|0|1|0|0|1,1.10080599068666,1,0.00175922753433395,1,beta,2,3,ensemble
1|0|0|1|0|1|0|0|1|0|0|0|0|1|0|1|0,0.993670189568253,1,0.00237470878175089,1,beta,2,3,ensemble
1|0|0|1|0|1|0|0|1|0|0|0|0|1|0|1|1,1.02037143077447,1,0.00167342899505029,1,beta,2,3,ensemble
1|0|0|1|0|1|0|0|1|0|0|1|0|1|0|0|0,1.04437568275848,1,0.000526306233635443,1,beta,2,3,ensemble
1|0|0|1|0|1|0|0|1|0|0|1|0|1|0|0|1,1.0702648291708,1,0.000500637975732181,1,beta,2,3,ensemble
1|0|0|1|0|1|0|0|1|0|0|1|0|1|0|1|0,0.975950635022646,1,0.000335587670939985,1,beta,2,3,ensemble
1|0|0|1|0|1|0|0|1|0|0|1|0|1|0|1|1,0.996367472828387,1,0.000319220867097777,1,beta,2,3,ensemble
1|0|0|1|0|1|0|0|1|0|1|0|1|0|0|0|0,0.923381537869074,1,0.077092739759399,0,beta,2,3,ensemble
1|0|0|1|0|1|0|0|1|1|0|0|0|1|0|0|0,1.05574378463239,1,0.0114729098421175,1,beta,2,3,ensemble
1|0|0|1|0|1|0|0|1|1|0|0|0|1|0|0|1,1.08535982062922,1,0.00808482292015682,1,beta,2,3,ensemble
1|0|0|1|0|1|0|0|1|1|0|0|0|1|0|1|0,0.980477083716564,1,0.0171155702562825,1,beta,2,3,ensemble
1|0|0|1|0|1|0|0|1|1|0|0|0|1|0|1|1,1.00256665919455,1,0.0120611385083462,1,beta,2,3,ensemble
1|0|0|1|0|1|0|0|1|1|0|1|0|1|0|0|0,1.03382092961805,1,0.0033392654821955,1,beta,2,3,ensemble
1|0|0|1|0|1|0|0|1|1|0|1|0|1|0|0|1,1.0554097431879,1,0.00317640758288393,1,beta,2,3,ensemble
1|0|0|1|0|1|0|0|1|1|0|1|0|1|0|1|0,0.96310130624938,1,0.0033392654821955,1,beta,2,3,ensemble
1|0|0|1|0|1|0|0|1|1|0|1|0|1|0|1|1,0.979369616517612,1,0.00317640758288393,1,beta,2,3,ensemble
1|0|0|1|0|1|0|1|0|0|0|0|0|1|0|0|0,1.07072392408175,1,0.00130754689812861,1,beta,2,3,ensemble
1|0|0|1|0|1|0|1|0|0|0|0|0|1|0|0|1,1.10590470375833,1,0.00092141272585988,1,beta,2,3,ensemble
1|0|0|1|0|1|0|1|0|0|0|0|0|1|0|1|0,0.998173410250089,1,0.00124377708341457,1,beta,2,3,ensemble
1|0|0|1|0|1|0|1|0|0|0|0|0|1|0|1|1,1.02563205140726,1,0.000876474896947328,1,beta,2,3,ensemble
1|0|0|1|0|1|0|1|0|0|0|1|0|1|0|0|0,1.0498145898096,1,0.0100885985590994,1,beta,2,3,ensemble
1|0|0|1|0|1|0|1|0|0|0|1|0|1|0|0|1,1.07653366711056,1,0.00959657180139088,1,beta,2,3,ensemble
1|0|0|1|0|1|0|1|0|0|0|1|0|1|0|1|0,0.981493876997862,1,0.00643277445169266,1,beta,2,3,ensemble
1|0|0|1|0|1|0|1|0|0|0|1|0|1|0|1|1,1.00262895806891,1,0.0061190443396265,1,beta,2,3,ensemble
1|0|0|1|0|1|0|1|0|0|1|0|1|0|0|0|0,0.926623655131539,1,0.0547623847574702,0,beta,2,3,ensemble
1|0|0|1|0|1|0|1|0|1|0|0|0|1|0|0|0,1.05934193055559,1,0.000183873530406896,1,beta,2,3,ensemble
1|0|0|1|0|1|0|1|0|1|0|0|0|1|0|0|1,1.08956127100198,1,0.000129573486892272,1,beta,2,3,ensemble
1|0|0|1|0|1|0|1|0|1|0|0|0|1|0|1|0,0.984317408276702,1,0.000274307073903501,1,beta,2,3,ensemble
1|0|0|1|0|1|0|1|0|1|0|0|0|1|0|1|1,1.00696288250593,1,0.000193300927905388,1,beta,2,3,ensemble
1|0|0|1|0|1|0|1|0|1|0|1|0|1|0|0|0,1.0386086243901,1,0.00195864945924502,1,beta,2,3,ensemble
1|0|0|1|0|1|0|1|0|1|0|1|0|1|0|0|1,1.0607958752132,1,0.00186312499791628,1,beta,2,3,ensemble
1|0|0|1|0|1|0|1|0|1|0|1|0|1|0|1|0,0.967973821645168,1,0.00195864945924502,1,beta,2,3,ensemble
1|0|0|1|0|1|0|1|0|1|0|1|0|1|0|1|1,0.984765743514437,1,0.00186312499791628,1,beta,2,3,ensemble
1|0|0|1|0|1|0|1|1|0|0|0|0|1|0|0|0,1.09734851673985,1,0.000134606321209248,1,beta,2,3,ensemble
1|0|0|1|0|1|0|1|1|0|0|0|0|1|0|0|1,1.13887176909945,1,9.48554713570082e-05,1,beta,2,3,ensemble
1|0|0|1|0|1|0|1|1|0|0|0|0|1|0|1|0,1.02764229303405,1,0.000128041493458031,1,beta,2,3,ensemble
1|0|0|1|0|1|0|1|1|0|0|0|0|1|0|1|1,1.06062710739193,1,9.02293154296708e-05,1,beta,2,3,ensemble
1|0|0|1|0|1|0|1|1|0|0|1|0|1|0|0|0,1.07303792389918,1,0.00103857776737559,1,beta,2,3,ensemble
1|0|0|1|0|1|0|1|1|0|0|1|0|1|0|0|1,1.10563147386027,1,0.000987925731959918,1,beta,2,3,ensemble
1|0|0|1|0|1|0|1|1|0|0|1|0|1|0|1|0,1.00762231193056,1,0.000662226422127165,1,beta,2,3,ensemble
1|0|0|1|0|1|0|1|1|0|0|1|0|1|0|1|1,1.03398755594639,1,0.00062992925840919,1,beta,2,3,ensemble
1|0|0|1|0|1|0|1|1|0|1|0|1|0|0|0|0,0.953559249240171,1,0.0594000062445497,0,beta,2,3,ensemble
1|0|0|1|0|1|0|1|1|1|0|0|0|1|0|0|0,1.08567480080349,1,0.00069276753925408,1,beta,2,3,ensemble
1|0|0|1|0|1|0|1|1|1|0|0|0|1|0|0|1,1.12197236606074,1,0.000488185033856091,1,beta,2,3,ensemble
1|0|0|1|0|1|0|1|1|1|0|0|0|1|0|1|0,1.01345719357063,1,0.0010334877247834,1,beta,2,3,ensemble
1|0|0|1|0|1|0|1|1|1|0|0|0|1|0|1|1,1.04125406422121,1,0.000728286490525357,1,beta,2,3,ensemble
1|0|0|1|0|1|0|1|1|1|0|1|0|1|0|0|0,1.06156272690621,1,0.0073794676326703,1,beta,2,3,ensemble
1|0|0|1|0|1|0|1|1|1|0|1|0|1|0|0|1,1.08938960552721,1,0.00701956674934661,1,beta,2,3,ensemble
1|0|0|1|0|1|0|1|1|1|0|1|0|1|0|1|0,0.993813830124507,1,0.0073794676326703,1,beta,2,3,ensemble
1|0|0|1|0|1|0|1|1|1|0|1|0|1|0|1|1,1.0154885208982,1,0.00701956674934661,1,beta,2,3,ensemble
0|0|0|0|0|1|0|0|0|0|0|0|0|1|0|0|0,0.949576141881906,1,0.0180748527816066,1,beta,2,3,sieve_md
0|0|0|0|0|1|0|0|0|0|0|0|0|1|0|0|1,0.967167343571471,1,0.0155571699618374,1,beta,2,3,sieve_md
0|0|0|0|0|1|0|0|0|0|0|0|0|1|0|1|0,0.850953819854614,1,0.0147984378296584,1,beta,2,3,sieve_md
0|0|0|0|0|1|0|0|0|0|0|0|0|1|0|1|1,0.858556972376198,1,0.0127371334786173,1,beta,2,3,sieve_md
0|0|0|0|0|1|0|0|0|0|0|1|0|1|0|0|0,0.949516768927573,1,0.00215565950065452,1,beta,2,3,sieve_md
0|0|0|0|0|1|0|0|0|0|0|1|0|1|0|0|1,0.964077991404224,1,0.00250451902352297,1,beta,2,3,sieve_md
0|0|0|0|0|1|0|0|0|0|0|1|0|1|0|1|0,0.857867654143891,1,0.00118305101741584,1,beta,2,3,sieve_md
0|0|0|0|0|1|0|0|0|0|0|1|0|1|0|1|1,0.864970692639991,1,0.00137450918292826,1,beta,2,3,sieve_md
0|0|0|0|0|1|0|0|0|0|1|0|1|0|0|0|0,0.997782819091951,1,0.0705287906750812,0,beta,2,3,sieve_md
0|0|0|0|0|1|0|0|0|1|0|0|0|1|0|0|0,0.919269021069848,1,0.00179818220588617,1,beta,2,3,sieve_md
0|0|0|0|0|1|0|0|0|1|0|0|0|1|0|0|1,0.92919728274565,1,0.00154770976767183,1,beta,2,3,sieve_md
0|0|0|0|0|1|0|0|0|1|0|0|0|1|0|1|0,0.818887605933183,1,0.00230891165619347,1,beta,2,3,sieve_md
0|0|0|0|0|1|0|0|0|1|0|0|0|1|0|1|1,0.820684627336723,1,0.00198729867934651,1,beta,2,3,sieve_md
0|0|0|0|0|1|0|0|0|1|0|1|0|1|0|0|0,0.921186355019089,1,0.000296423068996605,1,beta,2,3,sieve_md
0|0|0|0|0|1|0|0|0|1|0|1|0|1|0|0|1,0.928245922186745,1,0.000344394471894864,1,beta,2,3,sieve_md
0|0|0|0|0|1|0|0|0|1|0|1|0|1|0|1|0,0.82696065574104,1,0.000255133699881773,1,beta,2,3,sieve_md
0|0|0|0|0|1|0|0|0|1|0|1|0|1|0|1|1,0.827505664746734,1,0.000296423068996605,1,beta,2,3,sieve_md
0|0|0|0|0|1|0|0|1|0|0|0|0|1|0|0|0,0.963950468433786,1,0.00257158289856599,1,beta,2,3,sieve_md
0|0|0|0|0|1|0|0|1|0|0|0|0|1|0|0|1,0.985471126574823,1,0.00221338191283401,1,beta,2,3,sieve_md
0|0|0|0|0|1|0|0|1|0|0|0|0|1|0|1|0,0.86588099788241,1,0.00210543400314539,1,beta,2,3,sieve_md
0|0|0|0|0|1|0|0|1|0|0|0|0|1|0|1|1,0.876960743268859,1,0.00181216384034378,1,beta,2,3,sieve_md
0|0|0|0|0|1|0|0|1|0|0|1|0|1|0|0|0,0.963575056388225,1,0.000306694454112269,1,beta,2,3,sieve_md
0|0|0|0|0|1|0|0|1|0|0|1|0|1|0|0|1,0.981440788615763,1,0.000356328118842492,1,beta,2,3,sieve_md
0|0|0|0|0|1|0|0|1|0|0|1|0|1|0|1|0,0.872768872939509,1,0.000168317485142319,1,beta,2,3,sieve_md
0|0|0|0|0|1|0|0|1|0|0|1|0|1|0|1|1,0.882412413065418,1,0.000195557017888255,1,beta,2,3,sieve_md
0|0|0|0|0|1|0|0|1|0|1|0|1|0|0|0|0,1.01229712430516,1,0.0714379973170373,0,beta,2,3,sieve_md
0|0|0|0|0|1|0|0|1|1|0|0|0|1|0|0|0,0.934412740710274,1,0.00936309847164306,1,beta,2,3,sieve_md
0|0|0|0|0|1|0|0|1|1|0|0|0|1|0|0|1,0.947467796247817,1,0.00805889353859645,1,beta,2,3,sieve_md
0|0|0|0|0|1|0|0|1|1|0|0|0|1|0|1|0,0.834230933354416,1,0.0120224564165398,1,beta,2,3,sieve_md
0|0|0|0|0|1|0|0|1|1|0|0|0|1|0|1|1,0.839307076012802,1,0.0103478241339385,1,beta,2,3,sieve_md
0|0|0|0|0|1|0|0|1|1|0|1|0|1|0|0|0,0.934571674146004,1,0.00154346894057606,1,beta,2,3,sieve_md
0|0|0|0|0|1|0|0|1|1|0|1|0|1|0|0|1,0.944607385891827,1,0.00179325506774882,1,beta,2,3,sieve_md
0|0|0|0|0|1|0|0|1|1|0|1|0|1|0|1|0,0.841155889129246,1,0.00132847602851815,1,beta,2,3,sieve_md
0|0|0|0|0|1|0|0|1|1|0|1|0|1|0|1|1,0.843568350746944,1,0.00154346894057606,1,beta,2,3,sieve_md
0|0|0|0|0|1|0|1|0|0|0|0|0|1|0|0|0,0.941967787661252,1,0.00230891165619347,1,beta,2,3,sieve_md
0|0|0|0|0|1|0|1|0|0|0|0|0|1|0|0|1,0.957720982882235,1,0.00198729867934651,1,beta,2,3,sieve_md
0|0|0|0|0|1|0|1|0|0|0|0|0|1|0|1|0,0.843249820592036,1,0.00189037697906581,1,beta,2,3,sieve_md
0|0|0|0|0|1|0|1|0|0|0|0|0|1|0|1|1,0.84971785140128,1,0.00162706254433225,1,beta,2,3,sieve_md
0|0|0|0|0|1|0|1|0|0|0|1|0|1|0|0|0,0.943313882145089,1,0.0100779649802349,1,beta,2,3,sieve_md
0|0|0|0|0|1|0|1|0|0|0|1|0|1|0|0|1,0.955695630923363,1,0.0117089248110534,1,beta,2,3,sieve_md
0|0|0|0|0|1|0|1|0|0|0|1|0|1|0|1|0,0.851058972603057,1,0.00553090444930101,1,beta,2,3,sieve_md
0|0|0|0|0|1|0|1|0|0|0|1|0|1|0|1|1,0.856649641340945,1,0.00642599418245614,1,beta,2,3,sieve_md
0|0|0|0|0|1|0|1|0|0|1|0|1|0|0|0|0,0.988481149565377,1,0.0721653351064229,0,beta,2,3,sieve_md
0|0|0|0|0|1|0|1|0|1|0|0|0|1|0|0|0,0.912402457676481,1,0.000253997533286871,1,beta,2,3,sieve_md
0|0|0|0|0|1|0|1|0|1|0|0|0|1|0|0|1,0.92070895641352,1,0.000218617702892299,1,beta,2,3,sieve_md
0|0|0|0|0|1|0|1|0|1|0|0|0|1|0|1|0,0.811642681184148,1,0.000326139288516333,1,beta,2,3,sieve_md
0|0|0|0|0|1|0|1|0|1|0|0|0|1|0|1|1,0.812047898865394,1,0.000280710687051601,1,beta,2,3,sieve_md
0|0|0|0|0|1|0|1|0|1|0|1|0|1|0|0|0,0.914919814964212,1,0.00153238515985756,1,beta,2,3,sieve_md
0|0|0|0|0|1|0|1|0|1|0|1|0|1|0|0|1,0.920104838545653,1,0.00178037755177117,1,beta,2,3,sieve_md
0|0|0|0|0|1|0|1|0|1|0|1|0|1|0|1|0,0.820648042495007,1,0.00131893613004479,1,beta,2,3,sieve_md
0|0|0|0|0|1|0|1|0|1|0|1|0|1|0|1|1,0.820065205090698,1,0.00153238515985756,1,beta,2,3,sieve_md
0|0|0|0|0|1|0|1|1|0|0|0|0|1|0|0|0,0.957082626183475,1,0.000255972472562728,1,beta,2,3,sieve_md
0|0|0|0|0|1|0|1|1|0|0|0|0|1|0|0|1,0.97624542899677,1,0.000220317548879984,1,beta,2,3,sieve_md
0|0|0|0|0|1|0|1|1|0|0|0|0|1|0|1|0,0.858961164717928,1,0.000209572535228515,1,beta,2,3,sieve_md
0|0|0|0|0|1|0|1|1|0|0|0|0|1|0|1|1,0.86835037715707,1,0.000180380752710804,1,beta,2,3,sieve_md
0|0|0|0|0|1|0|1|1|0|0|1|0|1|0|0|0,0.956845883088641,1,0.0011172716840298,1,beta,2,3,sieve_md
0|0|0|0|0|1|0|1|1|0|0|1|0|1|0|0|1,0.972860045840314,1,0.00129808450093651,1,beta,2,3,sieve_md
0|0|0|0|0|1|0|1|1|0|0|1|0|1|0|1|0,0.865475972494738,1,0.00061317170087392,1,beta,2,3,sieve_md
0|0|0|0|0|1|0|1|1|0|0|1|0|1|0|1|1,0.873624136269072,1,0.000712403878747265,1,beta,2,3,sieve_md
0|0|0|0|0|1|0|1|1|0|1|0|1|0|0|0|0,1.00321701914976,1,0.0701196450238517,0,beta,2,3,sieve_md
0|0|0|0|0|1|0|1|1|1|0|0|0|1|0|0|0,0.926337251328496,1,0.0010305654561726,1,beta,2,3,sieve_md
0|0|0|0|0|1|0|1|1|1|0|0|0|1|0|0|1,0.937341920236697,1,0.000887015908355885,1,beta,2,3,sieve_md
0|0|0|0|0|1|0|1|1|1|0|0|0|1|0|1|0,0.826212870228383,1,0.00132327223928601,1,beta,2,3,sieve_md
0|0|0|0|0|1|0|1|1|1|0|0|0|1|0|1|1,0.828741962575791,1,0.00113895097133532,1,beta,2,3,sieve_md
0|0|0|0|0|1|0|1|1|1|0|1|0|1|0|0|0,0.928400298365971,1,0.00621747459853129,1,beta,2,3,sieve_md
0|0|0|0|0|1|0|1|1|1|0|1|0|1|0|0|1,0.93693828795623,1,0.00722367489186694,1,beta,2,3,sieve_md
0|0|0|0|0|1|0|1|1|1|0|1|0|1|0|1|0,0.83510397468175,1,0.00535142998017606,1,beta,2,3,sieve_md
0|0|0|0|0|1|0|1|1|1|0|1|0|1|0|1|1,0.837308271241921,1,0.00621747459853129,1,beta,2,3,sieve_md
1|0|0|1|0|1|0|0|0|0|0|0|0|1|0|0|0,0.97474974518876,1,0.0189820879945186,1,beta,2,3,sieve_md
1|0|0|1|0|1|0|0|0|0|0|0|0|1|0|0|1,0.996132338473425,1,0.0133764513277299,1,beta,2,3,sieve_md
1|0|0|1|0|1|0|0|0|0|0|0|0|1|0|1|0,0.881948061068609,1,0.0180563206388479,1,beta,2,3,sieve_md
1|0|0|1|0|1|0|0|0|0|0|0|0|1|0|1|1,0.894113109546488,1,0.0127240740983383,1,beta,2,3,sieve_md
1|0|0|1|0|1|0|0|0|0|0|1|0|1|0|0|0,0.972527746999645,1,0.00400181874163921,1,beta,2,3,sieve_md
1|0|0|1|0|1|0|0|0|0|0|1|0|1|0|0|1,0.990764715490445,1,0.00380664773856564,1,beta,2,3,sieve_md
1|0|0|1|0|1|0|0|0|0|0|1|0|1|0|1|0,0.887514037060353,1,0.00255167228735678,1,beta,2,3,sieve_md
1|0|0|1|0|1|0|0|0|0|0|1|0|1|0|1|1,0.898144679340713,1,0.00242722576141681,1,beta,2,3,sieve_md
1|0|0|1|0|1|0|0|0|0|1|0|1|0|0|0|0,0.892554751693338,1,0.0677168438749167,0,beta,2,3,sieve_md
1|0|0|1|0|1|0|0|0|1|0|0|0|1|0|0|0,0.944210615960865,1,0.00238359434193912,1,beta,2,3,sieve_md
1|0|0|1|0|1|0|0|0|1|0|0|0|1|0|0|1,0.957436705435283,1,0.00167969054348541,1,beta,2,3,sieve_md
1|0|0|1|0|1|0|0|0|1|0|0|0|1|0|1|0,0.848524362326362,1,0.00355590490846276,1,beta,2,3,sieve_md
1|0|0|1|0|1|0|0|0|1|0|0|0|1|0|1|1,0.853111803792526,1,0.00250580383716602,1,beta,2,3,sieve_md
1|0|0|1|0|1|0|0|0|1|0|1|0|1|0|0|0,0.943840537432211,1,0.000693760730200661,1,beta,2,3,sieve_md
1|0|0|1|0|1|0|0|0|1|0|1|0|1|0|0|1,0.953870069296152,1,0.000659925620129969,1,beta,2,3,sieve_md
1|0|0|1|0|1|0|0|0|1|0|1|0|1|0|1|0,0.856350548431531,1,0.000693760730200661,1,beta,2,3,sieve_md
1|0|0|1|0|1|0|0|0|1|0|1|0|1|0|1|1,0.859551430067692,1,0.000659925620129969,1,beta,2,3,sieve_md
1|0|0|1|0|1|0|0|1|0|0|0|0|1|0|0|0,0.9893890479993,1,0.00249646270456503,1,beta,2,3,sieve_md
1|0|0|1|0|1|0|0|1|0|0|0|0|1|0|0|1,1.01489643088109,1,0.00175922753433395,1,beta,2,3,sieve_md
1|0|0|1|0|1|0|0|1|0|0|0|0|1|0|1|0,0.897616620153507,1,0.00237470878175089,1,beta,2,3,sieve_md
1|0|0|1|0|1|0|0|1|0|0|0|0|1|0|1|1,0.911823351129317,1,0.00167342899505029,1,beta,2,3,sieve_md
1|0|0|1|0|1|0|0|1|0|0|1|0|1|0|0|0,0.986747990147202,1,0.000526306233635443,1,beta,2,3,sieve_md
1|0|0|1|0|1|0|0|1|0|0|1|0|1|0|0|1,1.00850348220915,1,0.000500637975732181,1,beta,2,3,sieve_md
1|0|0|1|0|1|0|0|1|0|0|1|0|1|0|1|0,0.90305817659658,1,0.000335587670939985,1,beta,2,3,sieve_md
1|0|0|1|0|1|0|0|1|0|0|1|0|1|0|1|1,0.916974360316626,1,0.000319220867097777,1,beta,2,3,sieve_md
1|0|0|1|0|1|0|0|1|0|1|0|1|0|0|0|0,0.913138929237612,1,0.077092739759399,0,beta,2,3,sieve_md
1|0|0|1|0|1|0|0|1|1|0|0|0|1|0|0|0,0.959001738954838,1,0.0114729098421175,1,beta,2,3,sieve_md
1|0|0|1|0|1|0|0|1|1|0|0|0|1|0|0|1,0.975914309764825,1,0.00808482292015682,1,beta,2,3,sieve_md
1|0|0|1|0|1|0|0|1|1|0|0|0|1|0|1|0,0.864981487847245,1,0.0171155702562825,1,beta,2,3,sieve_md
1|0|0|1|0|1|0|0|1|1|0|0|0|1|0|1|1,0.873390122471295,1,0.0120611385083462,1,beta,2,3,sieve_md
1|0|0|1|0|1|0|0|1|1|0|1|0|1|0|0|0,0.957312383955498,1,0.0033392654821955,1,beta,2,3,sieve_md
1|0|0|1|0|1|0|0|1|1|0|1|0|1|0|0|1,0.971176743551115,1,0.00317640758288393,1,beta,2,3,sieve_md
1|0|0|1|0|1|0|0|1|1|0|1|0|1|0|1|0,0.871325365047285,1,0.0033392654821955,1,beta,2,3,sieve_md
1|0|0|1|0|1|0|0|1|1|0|1|0|1|0|1|1,0.878083306618222,1,0.00317640758288393,1,beta,2,3,sieve_md
1|0|0|1|0|1|0|1|0|0|0|0|0|1|0|0|0,0.967107234199606,1,0.00130754689812861,1,beta,2,3,sieve_md
1|0|0|1|0|1|0|1|0|0|0|0|0|1|0|0|1,0.98615899963974,1,0.00092141272585988,1,beta,2,3,sieve_md
1|0|0|1|0|1|0|1|0|0|0|0|0|1|0|1|0,0.873351698247459,1,0.00124377708341457,1,beta,2,3,sieve_md
1|0|0|1|0|1|0|1|0|0|0|0|0|1|0|1|1,0.88438170760252,1,0.000876474896947328,1,beta,2,3,sieve_md
1|0|0|1|0|1|0|1|0|0|0|1|0|1|0|0|0,0.965627575310642,1,0.0100885985590994,1,beta,2,3,sieve_md
1|0|0|1|0|1|0|1|0|0|0|1|0|1|0|0|1,0.982661302224936,1,0.00959657180139088,1,beta,2,3,sieve_md
1|0|0|1|0|1|0|1|0|0|0|1|0|1|0|1|0,0.880917434864892,1,0.00643277445169266,1,beta,2,3,sieve_md
1|0|0|1|0|1|0|1|0|0|0|1|0|1|0|1|1,0.890743230539423,1,0.0061190443396265,1,beta,2,3,sieve_md
1|0|0|1|0|1|0|1|0|0|1|0|1|0|0|0|0,0.889309781249927,1,0.0547623847574702,0,beta,2,3,sieve_md
1|0|0|1|0|1|0|1|0|1|0|0|0|1|0|0|0,0.937163983087734,1,0.000183873530406896,1,beta,2,3,sieve_md
1|0|0|1|0|1|0|1|0|1|0|0|0|1|0|0|1,0.948450979582864,1,0.000129573486892272,1,beta,2,3,sieve_md
1|0|0|1|0|1|0|1|0|1|0|0|0|1|0|1|0,0.841006644405141,1,0.000274307073903501,1,beta,2,3,sieve_md
1|0|0|1|0|1|0|1|0|1|0|0|0|1|0|1|1,0.843943692387325,1,0.000193300927905388,1,beta,2,3,sieve_md
1|0|0|1|0|1|0|1|0|1|0|1|0|1|0|0|0,0.937309877281855,1,0.00195864945924502,1,beta,2,3,sieve_md
1|0|0|1|0|1|0|1|0|1|0|1|0|1|0|0|1,0.945865490098786,1,0.00186312499791628,1,beta,2,3,sieve_md
1|0|0|1|0|1|0|1|0|1|0|1|0|1|0|1|0,0.848880470789201,1,0.00195864945924502,1,beta,2,3,sieve_md
1|0|0|1|0|1|0|1|0|1|0|1|0|1|0|1|1,0.852133732310558,1,0.00186312499791628,1,beta,2,3,sieve_md
1|0|0|1|0|1|0|1|1|0|0|0|0|1|0|0|0,0.982494102960835,1,0.000134606321209248,1,beta,2,3,sieve_md
1|0|0|1|0|1|0|1|1|0|0|0|0|1|0|0|1,1.00520377088728,1,9.48554713570082e-05,1,beta,2,3,sieve_md
1|0|0|1|0|1|0|1|1|0|0|0|0|1|0|1|0,0.889558830890908,1,0.000128041493458031,1,beta,2,3,sieve_md
1|0|0|1|0|1|0|1|1|0|0|0|0|1|0|1|1,0.901550993814437,1,9.02293154296708e-05,1,beta,2,3,sieve_md
1|0|0|1|0|1|0|1|1|0|0|1|0|1|0|0|0,0.979819862090763,1,0.00103857776737559,1,beta,2,3,sieve_md
1|0|0|1|0|1|0|1|1|0|0|1|0|1|0|0|1,0.999726853578644,1,0.000987925731959918,1,beta,2,3,sieve_md
1|0|0|1|0|1|0|1|1|0|0|1|0|1|0|1|0,0.895807209413272,1,0.000662226422127165,1,beta,2,3,sieve_md
1|0|0|1|0|1|0|1|1|0|0|1|0|1|0|1|1,0.907945352996952,1,0.00062992925840919,1,beta,2,3,sieve_md
1|0|0|1|0|1|0|1|1|0|1|0|1|0|0|0|0,0.906864550482358,1,0.0594000062445497,0,beta,2,3,sieve_md
1|0|0|1|0|1|0|1|1|1|0|0|0|1|0|0|0,0.951684575582205,1,0.00069276753925408,1,beta,2,3,sieve_md
1|0|0|1|0|1|0|1|1|1|0|0|0|1|0|0|1,0.966714291579157,1,0.000488185033856091,1,beta,2,3,sieve_md
1|0|0|1|0|1|0|1|1|1|0|0|0|1|0|1|0,0.856677056979516,1,0.0010334877247834,1,beta,2,3,sieve_md
1|0|0|1|0|1|0|1|1|1|0|0|0|1|0|1|1,0.863224394890091,1,0.000728286490525357,1,beta,2,3,sieve_md
1|0|0|1|0|1|0|1|1|1|0|1|0|1|0|0|0,0.951003446904104,1,0.0073794676326703,1,beta,2,3,sieve_md
1|0|0|1|0|1|0|1|1|1|0|1|0|1|0|0|1,0.963034419530823,1,0.00701956674934661,1,beta,2,3,sieve_md
1|0|0|1|0|1|0|1|1|1|0|1|0|1|0|1|0,0.863778986922985,1,0.0073794676326703,1,beta,2,3,sieve_md
1|0|0|1|0|1|0|1|1|1|0|1|0|1|0|1|1,0.868623582436125,1,0.00701956674934661,1,beta,2,3,sieve_md
0|0|0|0|0|1|0|0|0|0|0|0|0|1|0|0|0,0.988751904152671,1,0.0180748527816066,1,beta,2,3,landweber
0|0|0|0|0|1|0|0|0|0|0|0|0|1|0|0|1,1.02377216291476,1,0.0155571699618374,1,beta,2,3,landweber
0|0|0|0|0|1|0|0|0|0|0|0|0|1|0|1|0,0.918720382469745,1,0.0147984378296584,1,beta,2,3,landweber
0|0|0|0|0|1|0|0|0|0|0|0|0|1|0|1|1,0.947600556175851,1,0.0127371334786173,1,beta,2,3,landweber
0|0|0|0|0|1|0|0|0|0|0|1|0|1|0|0|0,0.966876277701979,1,0.00215565950065452,1,beta,2,3,landweber
0|0|0|0|0|1|0|0|0|0|0|1|0|1|0|0|1,0.993254568732649,1,0.00250451902352297,1,beta,2,3,landweber
0|0|0|0|0|1|0|0|0|0|0|1|0|1|0|1|0,0.899707226353409,1,0.00118305101741584,1,beta,2,3,landweber
0|0|0|0|0|1|0|0|0|0|0|1|0|1|0|1|1,0.922014395448919,1,0.00137450918292826,1,beta,2,3,landweber
0|0|0|0|0|1|0|0|0|0|1|0|1|0|0|0|0,0.959144928524944,1,0.0705287906750812,0,beta,2,3,landweber
0|0|0|0|0|1|0|0|0|1|0|0|0|1|0|0|0,0.975661869636614,1,0.00179818220588617,1,beta,2,3,landweber
0|0|0|0|0|1|0|0|0|1|0|0|0|1|0|0|1,1.0065345307737,1,0.00154770976767183,1,beta,2,3,landweber
0|0|0|0|0|1|0|0|0|1|0|0|0|1|0|1|0,0.904119401365408,1,0.00230891165619347,1,beta,2,3,landweber
0|0|0|0|0|1|0|0|0|1|0|0|0|1|0|1|1,0.928702495753154,1,0.00198729867934651,1,beta,2,3,landweber
0|0|0|0|0|1|0|0|0|1|0|1|0|1|0|0|0,0.954957026005154,1,0.000296423068996605,1,beta,2,3,landweber
0|0|0|0|0|1|0|0|0|1|0|1|0|1|0|0|1,0.977521795962438,1,0.000344394471894864,1,beta,2,3,landweber
0|0|0|0|0|1|0|0|0|1|0|1|0|1|0|1|0,0.886235923018846,1,0.000255133699881773,1,beta,2,3,landweber
0|0|0|0|0|1|0|0|0|1|0|1|0|1|0|1|1,0.904638194239844,1,0.000296423068996605,1,beta,2,3,landweber
0|0|0|0|0|1|0|0|1|0|0|0|0|1|0|0|0,1.01381387420504,1,0.00257158289856599,1,beta,2,3,landweber
0|0|0|0|0|1|0|0|1|0|0|0|0|1|0|0|1,1.05525530636103,1,0.00221338191283401,1,beta,2,3,landweber
0|0|0|0|0|1|0|0|1|0|0|0|0|1|0|1|0,0.946426984060225,1,0.00210543400314539,1,beta,2,3,landweber
0|0|0|0|0|1|0|0|1|0|0|0|0|1|0|1|1,0.98099469370845,1,0.00181216384034378,1,beta,2,3,landweber
0|0|0|0|0|1|0|0|1|0|0|1|0|1|0|0|0,0.989160881234581,1,0.000306694454112269,1,beta,2,3,landweber
0|0|0|0|0|1|0|0|1|0|0|1|0|1|0|0|1,1.02155152111842,1,0.000356328118842492,1,beta,2,3,landweber
0|0|0|0|0|1|0|0|1|0|0|1|0|1|0|1|0,0.92473436498661,1,0.000168317485142319,1,beta,2,3,landweber
0|0|0|0|0|1|0|0|1|0|0|1|0|1|0|1|1,0.952459926114866,1,0.000195557017888255,1,beta,2,3,landweber
0|0|0|0|0|1|0|0|1|0|1|0|1|0|0|0|0,0.981343649199855,1,0.0714379973170373,0,beta,2,3,landweber
0|0|0|0|0|1|0|0|1|1|0|0|0|1|0|0|0,1.00027707203364,1,0.00936309847164306,1,beta,2,3,landweber
0|0|0|0|0|1|0|0|1|1|0|0|0|1|0|0|1,1.03729835054089,1,0.00805889353859645,1,beta,2,3,landweber
0|0|0|0|0|1|0|0|1|1|0|0|0|1|0|1|0,0.931336749668455,1,0.0120224564165398,1,beta,2,3,landweber
0|0|0|0|0|1|0|0|1|1|0|0|0|1|0|1|1,0.961226365429388,1,0.0103478241339385,1,beta,2,3,landweber
0|0|0|0|0|1|0|0|1|1|0|1|0|1|0|0|0,0.976860976245008,1,0.00154346894057606,1,beta,2,3,landweber
0|0|0|0|0|1|0|0|1|1|0|1|0|1|0|0|1,1.00518289218269,1,0.00179325506774882,1,beta,2,3,landweber
0|0|0|0|0|1|0|0|1|1|0|1|0|1|0|1|0,0.910840579110658,1,0.00132847602851815,1,beta,2,3,landweber
0|0|0|0|0|1|0|0|1|1|0|1|0|1|0|1|1,0.934298258055262,1,0.00154346894057606,1,beta,2,3,landweber
0|0|0|0|0|1|0|1|0|0|0|0|0|1|0|0|0,1.01848657087379,1,0.00230891165619347,1,beta,2,3,landweber
0|0|0|0|0|1|0|1|0|0|0|0|0|1|0|0|1,1.0611252032285,1,0.00198729867934651,1,beta,2,3,landweber
0|0|0|0|0|1|0|1|0|0|0|0|0|1|0|1|0,0.951592760919891,1,0.00189037697906581,1,beta,2,3,landweber
0|0|0|0|0|1|0|1|0|0|0|0|0|1|0|1|1,0.987220887215115,1,0.00162706254433225,1,beta,2,3,landweber
0|0|0|0|0|1|0|1|0|0|0|1|0|1|0|0|0,0.993315749845212,1,0.0100779649802349,1,beta,2,3,landweber
0|0|0|0|0|1|0|1|0|0|0|1|0|1|0|0|1,1.02682736634816,1,0.0117089248110534,1,beta,2,3,landweber
0|0|0|0|0|1|0|1|0|0|0|1|0|1|0|1|0,0.929400567486864,1,0.00553090444930101,1,beta,2,3,landweber
0|0|0|0|0|1|0|1|0|0|0|1|0|1|0|1|1,0.958136364536257,1,0.00642599418245614,1,beta,2,3,landweber
0|0|0|0|0|1|0|1|0|0|1|0|1|0|0|0|0,0.985482505320558,1,0.0721653351064229,0,beta,2,3,landweber
0|0|0|0|0|1|0|1|0|1|0|0|0|1|0|0|0,1.00486647079203,1,0.000253997533286871,1,beta,2,3,landweber
0|0|0|0|0|1|0|1|0|1|0|0|0|1|0|0|1,1.04303413259807,1,0.000218617702892299,1,beta,2,3,landweber
0|0|0|0|0|1|0|1|0|1|0|0|0|1|0|1|0,0.936411307354145,1,0.000326139288516333,1,beta,2,3,landweber
0|0|0|0|0|1|0|1|0|1|0|0|0|1|0|1|1,0.967290301232254,1,0.000280710687051601,1,beta,2,3,landweber
0|0|0|0|0|1|0|1|0|1|0|1|0|1|0|0|0,0.980944873684209,1,0.00153238515985756,1,beta,2,3,landweber
0|0|0|0|0|1|0|1|0|1|0|1|0|1|0|0|1,1.01034018476153,1,0.00178037755177117,1,beta,2,3,landweber
0|0|0|0|0|1|0|1|0|1|0|1|0|1|0|1|0,0.915428011555739,1,0.00131893613004479,1,beta,2,3,landweber
0|0|0|0|0|1|0|1|0|1|0|1|0|1|0|1|1,0.939828249556151,1,0.00153238515985756,1,beta,2,3,landweber
0|0|0|0|0|1|0|1|1|0|0|0|0|1|0|0|0,1.04514732981299,1,0.000255972472562728,1,beta,2,3,landweber
0|0|0|0|0|1|0|1|1|0|0|0|0|1|0|0|1,1.09461676419978,1,0.000220317548879984,1,beta,2,3,landweber
0|0|0|0|0|1|0|1|1|0|0|0|0|1|0|1|0,0.981066861498758,1,0.000209572535228515,1,beta,2,3,landweber
0|0|0|0|0|1|0|1|1|0|0|0|0|1|0|1|1,1.02274535112911,1,0.000180380752710804,1,beta,2,3,landweber
0|0|0|0|0|1|0|1|1|0|0|1|0|1|0|0|0,1.01702196454409,1,0.0011172716840298,1,beta,2,3,landweber
0|0|0|0|0|1|0|1|1|0|0|1|0|1|0|0|1,1.05692947822104,1,0.00129808450093651,1,beta,2,3,landweber
0|0|0|0|0|1|0|1|1|0|0|1|0|1|0|1|0,0.956024272991391,1,0.00061317170087392,1,beta,2,3,landweber
0|0|0|0|0|1|0|1|1|0|0|1|0|1|0|1|1,0.990524119854954,1,0.000712403878747265,1,beta,2,3,landweber
0|0|0|0|0|1|0|1|1|0|1|0|1|0|0|0|0,1.00909735840017,1,0.0701196450238517,0,beta,2,3,landweber
0|0|0|0|0|1|0|1|1|1|0|0|0|1|0|0|0,1.03105196123732,1,0.0010305654561726,1,beta,2,3,landweber
0|0|0|0|0|1|0|1|1|1|0|0|0|1|0|0|1,1.07576048176966,1,0.000887015908355885,1,beta,2,3,landweber
0|0|0|0|0|1|0|1|1|1|0|0|0|1|0|1|0,0.965364943503072,1,0.00132327223928601,1,beta,2,3,landweber
0|0|0|0|0|1|0|1|1|1|0|0|0|1|0|1|1,1.00188897992335,1,0.00113895097133532,1,beta,2,3,landweber
0|0|0|0|0|1|0|1|1|1|0|1|0|1|0|0|0,1.00424615191336,1,0.00621747459853129,1,beta,2,3,landweber
0|0|0|0|0|1|0|1|1|1|0|1|0|1|0|0|1,1.03976587702678,1,0.00722367489186694,1,beta,2,3,landweber
0|0|0|0|0|1|0|1|1|1|0|1|0|1|0|1|0,0.941602282910898,1,0.00535142998017606,1,beta,2,3,landweber
0|0|0|0|0|1|0|1|1|1|0|1|0|1|0|1|1,0.971380430404329,1,0.00621747459853129,1,beta,2,3,landweber
1|0|0|1|0|1|0|0|0|0|0|0|0|1|0|0|0,1.02905484967733,1,0.0189820879945186,1,beta,2,3,landweber
1|0|0|1|0|1|0|0|0|0|0|0|0|1|0|0|1,1.07205933811995,1,0.0133764513277299,1,beta,2,3,landweber
1|0|0|1|0|1|0|0|0|0|0|0|0|1|0|1|0,0.96721944915667,1,0.0180563206388479,1,beta,2,3,landweber
1|0|0|1|0|1|0|0|0|0|0|0|0|1|0|1|1,1.00328516724683,1,0.0127240740983383,1,beta,2,3,landweber
1|0|0|1|0|1|0|0|0|0|0|1|0|1|0|0|0,1.00296302186929,1,0.00400181874163921,1,beta,2,3,landweber
1|0|0|1|0|1|0|0|0|0|0|1|0|1|0|0|1,1.03678554206911,1,0.00380664773856564,1,beta,2,3,landweber
1|0|0|1|0|1|0|0|0|0|0|1|0|1|0|1|0,0.944871902684257,1,0.00255167228735678,1,beta,2,3,landweber
1|0|0|1|0|1|0|0|0|0|0|1|0|1|0|1|1,0.974062764437207,1,0.00242722576141681,1,beta,2,3,landweber
1|0|0|1|0|1|0|0|0|0|1|0|1|0|0|0|0,0.900559389617424,1,0.0677168438749167,0,beta,2,3,landweber
1|0|0|1|0|1|0|0|0|1|0|0|0|1|0|0|0,1.01603357778122,1,0.00238359434193912,1,beta,2,3,landweber
1|0|0|1|0|1|0|0|0|1|0|0|0|1|0|0|1,1.05384341735057,1,0.00167969054348541,1,beta,2,3,landweber
1|0|0|1|0|1|0|0|0|1|0|0|0|1|0|1|0,0.952479932335454,1,0.00355590490846276,1,beta,2,3,landweber
1|0|0|1|0|1|0|0|0|1|0|0|0|1|0|1|1,0.983209198116795,1,0.00250580383716602,1,beta,2,3,landweber
1|0|0|1|0|1|0|0|0|1|0|1|0|1|0|0|0,0.991084775292134,1,0.000693760730200661,1,beta,2,3,landweber
1|0|0|1|0|1|0|0|0|1|0|1|0|1|0|0|1,1.02024251060084,1,0.000659925620129969,1,beta,2,3,landweber
1|0|0|1|0|1|0|0|0|1|0|1|0|1|0|1|0,0.931300858597517,1,0.000693760730200661,1,beta,2,3,landweber
1|0|0|1|0|1|0|0|0|1|0|1|0|1|0|1|1,0.955699173874218,1,0.000659925620129969,1,beta,2,3,landweber
1|0|0|1|0|1|0|0|1|0|0|0|0|1|0|0|0,1.05541792870439,1,0.00249646270456503,1,beta,2,3,landweber
1|0|0|1|0|1|0|0|1|0|0|0|0|1|0|0|1,1.10527860320759,1,0.00175922753433395,1,beta,2,3,landweber
1|0|0|1|0|1|0|0|1|0|0|0|0|1|0|1|0,0.996686926284343,1,0.00237470878175089,1,beta,2,3,landweber
1|0|0|1|0|1|0|0|1|0|0|0|0|1|0|1|1,1.03876416044457,1,0.00167342899505029,1,beta,2,3,landweber
1|0|0|1|0|1|0|0|1|0|0|1|0|1|0|0|0,1.0263913746353,1,0.000526306233635443,1,beta,2,3,landweber
1|0|0|1|0|1|0|0|1|0|0|1|0|1|0|0|1,1.06661246352191,1,0.000500637975732181,1,beta,2,3,landweber
1|0|0|1|0|1|0|0|1|0|0|1|0|1|0|1|0,0.97141960404505,1,0.000335587670939985,1,beta,2,3,landweber
1|0|0|1|0|1|0|0|1|0|0|1|0|1|0|1|1,1.00632050839038,1,0.000319220867097777,1,beta,2,3,landweber
1|0|0|1|0|1|0|0|1|0|1|0|1|0|0|0|0,0.927085536861087,1,0.077092739759399,0,beta,2,3,landweber
1|0|0|1|0|1|0|0|1|1|0|0|0|1|0|0|0,1.04200087508714,1,0.0114729098421175,1,beta,2,3,landweber
1|0|0|1|0|1|0|0|1|1|0|0|0|1|0|0|1,1.08625574058867,1,0.00808482292015682,1,beta,2,3,landweber
1|0|0|1|0|1|0|0|1|1|0|0|0|1|0|1|0,0.981496995967165,1,0.0171155702562825,1,beta,2,3,landweber
1|0|0|1|0|1|0|0|1|1|0|0|0|1|0|1|1,1.01772875937897,1,0.0120611385083462,1,beta,2,3,landweber
1|0|0|1|0|1|0|0|1|1|0|1|0|1|0|0|0,1.01418122199865,1,0.0033392654821955,1,beta,2,3,landweber
1|0|0|1|0|1|0|0|1|1|0|1|0|1|0|0|1,1.0493538088226,1,0.00317640758288393,1,beta,2,3,landweber
1|0|0|1|0|1|0|0|1|1|0|1|0|1|0|1|0,0.957466700970877,1,0.0033392654821955,1,beta,2,3,landweber
1|0|0|1|0|1|0|0|1|1|0|1|0|1|0|1|1,0.987091567331903,1,0.00317640758288393,1,beta,2,3,landweber
1|0|0|1|0|1|0|1|0|0|0|0|0|1|0|0|0,1.06033321155288,1,0.00130754689812861,1,beta,2,3,landweber
1|0|0|1|0|1|0|1|0|0|0|0|0|1|0|0|1,1.11147219249801,1,0.00092141272585988,1,beta,2,3,landweber
1|0|0|1|0|1|0|1|0|0|0|0|0|1|0|1|0,1.00218101082451,1,0.00124377708341457,1,beta,2,3,landweber
1|0|0|1|0|1|0|1|0|0|0|0|0|1|0|1|1,1.04537906633501,1,0.000876474896947328,1,beta,2,3,landweber
1|0|0|1|0|1|0|1|0|0|0|1|0|1|0|0|0,1.03075949037781,1,0.0100885985590994,1,beta,2,3,landweber
1|0|0|1|0|1|0|1|0|0|0|1|0|1|0|0|1,1.0721735649126,1,0.00959657180139088,1,beta,2,3,landweber
1|0|0|1|0|1|0|1|0|0|0|1|0|1|0|1|0,0.976369308934661,1,0.00643277445169266,1,beta,2,3,landweber
1|0|0|1|0|1|0|1|0|0|0|1|0|1|0|1|1,1.01233482619526,1,0.0061190443396265,1,beta,2,3,landweber
1|0|0|1|0|1|0|1|0|0|1|0|1|0|0|0|0,0.932031223078139,1,0.0547623847574702,0,beta,2,3,landweber
1|0|0|1|0|1|0|1|0|1|0|0|0|1|0|0|0,1.0468423661337,1,0.000183873530406896,1,beta,2,3,landweber
1|0|0|1|0|1|0|1|0|1|0|0|0|1|0|0|1,1.09229887903727,1,0.000129573486892272,1,beta,2,3,landweber
1|0|0|1|0|1|0|1|0|1|0|0|0|1|0|1|0,0.986907102845651,1,0.000274307073903501,1,beta,2,3,landweber
1|0|0|1|0|1|0|1|0|1|0|0|0|1|0|1|1,1.02416478330604,1,0.000193300927905388,1,beta,2,3,landweber
1|0|0|1|0|1|0|1|0|1|0|1|0|1|0|0|0,1.01848745528198,1,0.00195864945924502,1,beta,2,3,landweber
1|0|0|1|0|1|0|1|0|1|0|1|0|1|0|0|1,1.05478148533564,1,0.00186312499791628,1,beta,2,3,landweber
1|0|0|1|0|1|0|1|0|1|0|1|0|1|0|1|0,0.962345209892462,1,0.00195864945924502,1,beta,2,3,landweber
1|0|0|1|0|1|0|1|0|1|0|1|0|1|0|1|1,0.992944544253799,1,0.00186312499791628,1,beta,2,3,landweber
1|0|0|1|0|1|0|1|1|0|0|0|0|1|0|0|0,1.08837808166351,1,0.000134606321209248,1,beta,2,3,landweber
1|0|0|1|0|1|0|1|1|0|0|0|0|1|0|0|1,1.14681062825498,1,9.48554713570082e-05,1,beta,2,3,landweber
1|0|0|1|0|1|0|1|1|0|0|0|0|1|0|1|0,1.03352831922068,1,0.000128041493458031,1,beta,2,3,landweber
1|0|0|1|0|1|0|1|1|0|0|0|0|1|0|1|1,1.08312138599598,1,9.02293154296708e-05,1,beta,2,3,landweber
1|0|0|1|0|1|0|1|1|0|0|1|0|1|0|0|0,1.05568241799011,1,0.00103857776737559,1,beta,2,3,landweber
1|0|0|1|0|1|0|1|1|0|0|1|0|1|0|0|1,1.10390324781821,1,0.000987925731959918,1,beta,2,3,landweber
1|0|0|1|0|1|0|1|1|0|0|1|0|1|0|1|0,1.00461057906988,1,0.000662226422127165,1,beta,2,3,landweber
1|0|0|1|0|1|0|1|1|0|0|1|0|1|0|1|1,1.04665040209215,1,0.00062992925840919,1,beta,2,3,landweber
1|0|0|1|0|1|0|1|1|0|1|0|1|0|0|0|0,0.960249564085294,1,0.0594000062445497,0,beta,2,3,landweber
1|0|0|1|0|1|0|1|1|1|0|0|0|1|0|0|0,1.07446620625196,1,0.00069276753925408,1,beta,2,3,landweber
1|0|0|1|0|1|0|1|1|1|0|0|0|1|0|0|1,1.12677889536099,1,0.000488185033856091,1,beta,2,3,landweber
1|0|0|1|0|1|0|1|1|1|0|0|0|1|0|1|0,1.01777526432664,1,0.0010334877247834,1,beta,2,3,landweber
1|0|0|1|0|1|0|1|1|1|0|0|0|1|0|1|1,1.06088646558299,1,0.000728286490525357,1,beta,2,3,landweber
1|0|0|1|0|1|0|1|1|1|0|1|0|1|0|0|0,1.04305730341074,1,0.0073794676326703,1,beta,2,3,landweber
1|0|0|1|0|1|0|1|1|1|0|1|0|1|0|0|1,1.08574989295386,1,0.00701956674934661,1,beta,2,3,landweber
1|0|0|1|0|1|0|1|1|1|0|1|0|1|0|1|0,0.990180260947881,1,0.0073794676326703,1,beta,2,3,landweber
1|0|0|1|0|1|0|1|1|1|0|1|0|1|0|1|1,1.02633956598397,1,0.00701956674934661,1,beta,2,3,landweber
0|0|0|0|0|1|0|0|0|0|0|0|0|1|0|0|0,1.08161515310787,1,0.0180748527816066,1,beta,2,3,pmmr
0|0|0|0|0|1|0|0|0|0|0|0|0|1|0|0|1,0.990844949364748,1,0.0155571699618374,1,beta,2,3,pmmr
0|0|0|0|0|1|0|0|0|0|0|0|0|1|0|1|0,0.889783255443252,1,0.0147984378296584,1,beta,2,3,pmmr
0|0|0|0|0|1|0|0|0|0|0|0|0|1|0|1|1,0.790681678357651,1,0.0127371334786173,1,beta,2,3,pmmr
0|0|0|0|0|1|0|0|0|0|0|1|0|1|0|0|0,1.14637613762534,1,0.00215565950065452,1,beta,2,3,pmmr
0|0|0|0|0|1|0|0|0|0|0|1|0|1|0|0|1,1.05527895129285,1,0.00250451902352297,1,beta,2,3,pmmr
0|0|0|0|0|1|0|0|0|0|0|1|0|1|0|1|0,0.95553583347424,1,0.00118305101741584,1,beta,2,3,pmmr
0|0|0|0|0|1|0|0|0|0|0|1|0|1|0|1|1,0.855189778923691,1,0.00137450918292826,1,beta,2,3,pmmr
0|0|0|0|0|1|0|0|0|0|1|0|1|0|0|0|0,1.00280121774639,1,0.0705287906750812,0,beta,2,3,pmmr
0|0|0|0|0|1|0|0|0|1|0|0|0|1|0|0|0,1.11352233281602,1,0.00179818220588617,1,beta,2,3,pmmr
0|0|0|0|0|1|0|0|0|1|0|0|0|1|0|0|1,1.02247101290097,1,0.00154770976767183,1,beta,2,3,pmmr
0|0|0|0|0|1|0|0|0|1|0|0|0|1|0|1|0,0.911600161950573,1,0.00230891165619347,1,beta,2,3,pmmr
0|0|0|0|0|1|0|0|0|1|0|0|0|1|0|1|1,0.814725102345372,1,0.00198729867934651,1,beta,2,3,pmmr
0|0|0|0|0|1|0|0|0|1|0|1|0|1|0|0|0,1.16758733717689,1,0.000296423068996605,1,beta,2,3,pmmr
0|0|0|0|0|1|0|0|0|1|0|1|0|1|0|0|1,1.07546238500998,1,0.000344394471894864,1,beta,2,3,pmmr
0|0|0|0|0|1|0|0|0|1|0|1|0|1|0|1|0,0.968301264411586,1,0.000255133699881773,1,beta,2,3,pmmr
0|0|0|0|0|1|0|0|0|1|0|1|0|1|0|1|1,0.869916955804498,1,0.000296423068996605,1,beta,2,3,pmmr
0|0|0|0|0|1|0|0|1|0|0|0|0|1|0|0|0,1.09732659504745,1,0.00257158289856599,1,beta,2,3,pmmr
0|0|0|0|0|1|0|0|1|0|0|0|0|1|0|0|1,1.0061933934617,1,0.00221338191283401,1,beta,2,3,pmmr
0|0|0|0|0|1|0|0|1|0|0|0|0|1|0|1|0,0.904663751705253,1,0.00210543400314539,1,beta,2,3,pmmr
0|0|0|0|0|1|0|0|1|0|0|0|0|1|0|1|1,0.804843939329154,1,0.00181216384034378,1,beta,2,3,pmmr
0|0|0|0|0|1|0|0|1|0|0|1|0|1|0|0|0,1.15671115162568,1,0.000306694454112269,1,beta,2,3,pmmr
0|0|0|0|0|1|0|0|1|0|0|1|0|1|0|0|1,1.06473588659156,1,0.000356328118842492,1,beta,2,3,pmmr
0|0|0|0|0|1|0|0|1|0|0|1|0|1|0|1|0,0.965552383909907,1,0.000168317485142319,1,beta,2,3,pmmr
0|0|0|0|0|1|0|0|1|0|0|1|0|1|0|1|1,0.864223443100852,1,0.000195557017888255,1,beta,2,3,pmmr
0|0|0|0|0|1|0|0|1|0|1|0|1|0|0|0|0,1.01764441180218,1,0.0714379973170373,0,beta,2,3,pmmr
0|0|0|0|0|1|0|0|1|1|0|0|0|1|0|0|0,1.13228318639535,1,0.00936309847164306,1,beta,2,3,pmmr
0|0|0|0|0|1|0|0|1|1|0|0|0|1|0|0|1,1.04210611073453,1,0.00805889353859645,1,beta,2,3,pmmr
0|0|0|0|0|1|0|0|1|1|0|0|0|1|0|1|0,0.929457798771989,1,0.0120224564165398,1,beta,2,3,pmmr
0|0|0|0|0|1|0|0|1|1|0|0|0|1|0|1|1,0.832853939803945,1,0.0103478241339385,1,beta,2,3,pmmr
0|0|0|0|0|1|0|0|1|1|0|1|0|1|0|0|0,1.18015276469225,1,0.00154346894057606,1,beta,2,3,pmmr
0|0|0|0|0|1|0|0|1|1|0|1|0|1|0|0|1,1.08835923606022,1,0.00179325506774882,1,beta,2,3,pmmr
0|0|0|0|0|1|0|0|1|1|0|1|0|1|0|1|0,0.980622272956195,1,0.00132847602851815,1,beta,2,3,pmmr
0|0|0|0|0|1|0|0|1|1|0|1|0|1|0|1|1,0.88224014757644,1,0.00154346894057606,1,beta,2,3,pmmr
0|0|0|0|0|1|0|1|0|0|0|0|0|1|0|0|0,1.09066769784394,1,0.00230891165619347,1,beta,2,3,pmmr
0|0|0|0|0|1|0|1|0|0|0|0|0|1|0|0|1,0.996134725665054,1,0.00198729867934651,1,beta,2,3,pmmr
0|0|0|0|0|1|0|1|0|0|0|0|0|1|0|1|0,0.895562936866954,1,0.00189037697906581,1,beta,2,3,pmmr
0|0|0|0|0|1|0|1|0|0|0|0|0|1|0|1|1,0.79298699820575,1,0.00162706254433225,1,beta,2,3,pmmr
0|0|0|0|0|1|0|1|0|0|0|1|0|1|0|0|0,1.16599443003658,1,0.0100779649802349,1,beta,2,3,pmmr
0|0|0|0|0|1|0|1|0|0|0|1|0|1|0|0|1,1.07142832527668,1,0.0117089248110534,1,beta,2,3,pmmr
0|0|0|0|0|1|0|1|0|0|0|1|0|1|0|1|0,0.970537571728563,1,0.00553090444930101,1,beta,2,3,pmmr
0|0|0|0|0|1|0|1|0|0|0|1|0|1|0|1|1,0.866702433487251,1,0.00642599418245614,1,beta,2,3,pmmr
0|0|0|0|0|1|0|1|0|0|1|0|1|0|0|0|0,1.00672498206968,1,0.0721653351064229,0,beta,2,3,pmmr
0|0|0|0|0|1|0|1|0|1|0|0|0|1|0|0|0,1.11753967916613,1,0.000253997533286871,1,beta,2,3,pmmr
0|0|0|0|0|1|0|1|0|1|0|0|0|1|0|0|1,1.02200934880902,1,0.000218617702892299,1,beta,2,3,pmmr
0|0|0|0|0|1|0|1|0|1|0|0|0|1|0|1|0,0.912621512185685,1,0.000326139288516333,1,beta,2,3,pmmr
0|0|0|0|0|1|0|1|0|1|0|0|0|1|0|1|1,0.811928312519791,1,0.000280710687051601,1,beta,2,3,pmmr
0|0|0|0|0|1|0|1|0|1|0|1|0|1|0|0|0,1.18178787193169,1,0.00153238515985756,1,beta,2,3,pmmr
0|0|0|0|0|1|0|1|0|1|0|1|0|1|0|0|1,1.08552643705766,1,0.00178037755177117,1,beta,2,3,pmmr
0|0|0|0|0|1|0|1|0|1|0|1|0|1|0|1|0,0.978173350434253,1,0.00131893613004479,1,beta,2,3,pmmr
0|0|0|0|0|1|0|1|0|1|0|1|0|1|0|1|1,0.876013478634875,1,0.00153238515985756,1,beta,2,3,pmmr
0|0|0|0|0|1|0|1|1|0|0|0|0|1|0|0|0,1.10501516803538,1,0.000255972472562728,1,beta,2,3,pmmr
0|0|0|0|0|1|0|1|1|0|0|0|0|1|0|0|1,1.00957998476955,1,0.000220317548879984,1,beta,2,3,pmmr
0|0|0|0|0|1|0|1|1|0|0|0|0|1|0|1|0,0.909064143605038,1,0.000209572535228515,1,beta,2,3,pmmr
0|0|0|0|0|1|0|1|1|0|0|0|0|1|0|1|1,0.805349819573917,1,0.000180380752710804,1,beta,2,3,pmmr
0|0|0|0|0|1|0|1|1|0|0|1|0|1|0|0|0,1.17446334173361,1,0.0011172716840298,1,beta,2,3,pmmr
0|0|0|0|0|1|0|1|1|0|0|1|0|1|0|0|1,1.07851423760579,1,0.00129808450093651,1,beta,2,3,pmmr
0|0|0|0|0|1|0|1|1|0|0|1|0|1|0|1|0,0.978776977416938,1,0.00061317170087392,1,beta,2,3,pmmr
0|0|0|0|0|1|0|1|1|0|0|1|0|1|0|1|1,0.873583520401142,1,0.000712403878747265,1,beta,2,3,pmmr
0|0|0|0|0|1|0|1|1|0|1|0|1|0|0|0|0,1.02163271339935,1,0.0701196450238517,0,beta,2,3,pmmr
0|0|0|0|0|1|0|1|1|1|0|0|0|1|0|0|0,1.13453161503192,1,0.0010305654561726,1,beta,2,3,pmmr
0|0|0|0|0|1|0|1|1|1|0|0|0|1|0|0|1,1.03924059056151,1,0.000887015908355885,1,beta,2,3,pmmr
0|0|0|0|0|1|0|1|1|1|0|0|0|1|0|1|0,0.928689917251843,1,0.00132327223928601,1,beta,2,3,pmmr
0|0|0|0|0|1|0|1|1|1|0|0|0|1|0|1|1,0.827779156197599,1,0.00113895097133532,1,beta,2,3,pmmr
0|0|0|0|0|1|0|1|1|1|0|1|0|1|0|0|0,1.19234771338617,1,0.00621747459853129,1,beta,2,3,pmmr
0|0|0|0|0|1|0|1|1|1|0|1|0|1|0|0|1,1.09587319333541,1,0.00722367489186694,1,beta,2,3,pmmr
0|0|0|0|0|1|0|1|1|1|0|1|0|1|0|1|0,0.988556128415791,1,0.00535142998017606,1,beta,2,3,pmmr
0|0|0|0|0|1|0|1|1|1|0|1|0|1|0|1|1,0.885993378370826,1,0.00621747459853129,1,beta,2,3,pmmr
1|0|0|1|0|1|0|0|0|0|0|0|0|1|0|0|0,1.14625170375556,1,0.0189820879945186,1,beta,2,3,pmmr
1|0|0|1|0|1|0|0|0|0|0|0|0|1|0|0|1,1.04825028928588,1,0.0133764513277299,1,beta,2,3,pmmr
1|0|0|1|0|1|0|0|0|0|0|0|0|1|0|1|0,0.953340820550182,1,0.0180563206388479,1,beta,2,3,pmmr
1|0|0|1|0|1|0|0|0|0|0|0|0|1|0|1|1,0.849166964759378,1,0.0127240740983383,1,beta,2,3,pmmr
1|0|0|1|0|1|0|0|0|0|0|1|0|1|0|0|0,1.18916625719346,1,0.00400181874163921,1,beta,2,3,pmmr
1|0|0|1|0|1|0|0|0|0|0|1|0|1|0|0|1,1.09329491317844,1,0.00380664773856564,1,beta,2,3,pmmr
1|0|0|1|0|1|0|0|0|0|0|1|0|1|0|1|0,1.00553298910444,1,0.00255167228735678,1,beta,2,3,pmmr
1|0|0|1|0|1|0|0|0|0|0|1|0|1|0|1|1,0.902878158923107,1,0.00242722576141681,1,beta,2,3,pmmr
1|0|0|1|0|1|0|0|0|0|1|0|1|0|0|0|0,0.875761449151348,1,0.0677168438749167,0,beta,2,3,pmmr
1|0|0|1|0|1|0|0|0|1|0|0|0|1|0|0|0,1.15768168273666,1,0.00238359434193912,1,beta,2,3,pmmr
1|0|0|1|0|1|0|0|0|1|0|0|0|1|0|0|1,1.06129480333078,1,0.00167969054348541,1,beta,2,3,pmmr
1|0|0|1|0|1|0|0|0|1|0|0|0|1|0|1|0,0.956144528992193,1,0.00355590490846276,1,beta,2,3,pmmr
1|0|0|1|0|1|0|0|0|1|0|0|0|1|0|1|1,0.856905840205763,1,0.00250580383716602,1,beta,2,3,pmmr
1|0|0|1|0|1|0|0|0|1|0|1|0|1|0|0|0,1.19241348460586,1,0.000693760730200661,1,beta,2,3,pmmr
1|0|0|1|0|1|0|0|0|1|0|1|0|1|0|0|1,1.09743362606615,1,0.000659925620129969,1,beta,2,3,pmmr
1|0|0|1|0|1|0|0|0|1|0|1|0|1|0|1|0,1.00144376801437,1,0.000693760730200661,1,beta,2,3,pmmr
1|0|0|1|0|1|0|0|0|1|0|1|0|1|0|1|1,0.903269326167022,1,0.000659925620129969,1,beta,2,3,pmmr
1|0|0|1|0|1|0|0|1|0|0|0|0|1|0|0|0,1.16163999688344,1,0.00249646270456503,1,beta,2,3,pmmr
1|0|0|1|0|1|0|0|1|0|0|0|0|1|0|0|1,1.06227847055339,1,0.00175922753433395,1,beta,2,3,pmmr
1|0|0|1|0|1|0|0|1|0|0|0|0|1|0|1|0,0.967683725500116,1,0.00237470878175089,1,beta,2,3,pmmr
1|0|0|1|0|1|0|0|1|0|0|0|0|1|0|1|1,0.861934664934865,1,0.00167342899505029,1,beta,2,3,pmmr
1|0|0|1|0|1|0|0|1|0|0|1|0|1|0|0|0,1.19929426559027,1,0.000526306233635443,1,beta,2,3,pmmr
1|0|0|1|0|1|0|0|1|0|0|1|0|1|0|0|1,1.10172666281125,1,0.000500637975732181,1,beta,2,3,pmmr
1|0|0|1|0|1|0|0|1|0|0|1|0|1|0|1|0,1.01498137743477,1,0.000335587670939985,1,beta,2,3,pmmr
1|0|0|1|0|1|0|0|1|0|0|1|0|1|0|1|1,0.910631054525443,1,0.000319220867097777,1,beta,2,3,pmmr
1|0|0|1|0|1|0|0|1|0|1|0|1|0|0|0|0,0.891474929579074,1,0.077092739759399,0,beta,2,3,pmmr
1|0|0|1|0|1|0|0|1|1|0|0|0|1|0|0|0,1.17412654676892,1,0.0114729098421175,1,beta,2,3,pmmr
1|0|0|1|0|1|0|0|1|1|0|0|0|1|0|0|1,1.07764227878667,1,0.00808482292015682,1,beta,2,3,pmmr
1|0|0|1|0|1|0|0|1|1|0|0|0|1|0|1|0,0.971691460194456,1,0.0171155702562825,1,beta,2,3,pmmr
1|0|0|1|0|1|0|0|1|1|0|0|0|1|0|1|1,0.871958850585191,1,0.0120611385083462,1,beta,2,3,pmmr
1|0|0|1|0|1|0|0|1|1|0|1|0|1|0|0|0,1.20299928503706,1,0.0033392654821955,1,beta,2,3,pmmr
1|0|0|1|0|1|0|0|1|1|0|1|0|1|0|0|1,1.10757615199102,1,0.00317640758288393,1,beta,2,3,pmmr
1|0|0|1|0|1|0|0|1|1|0|1|0|1|0|1|0,1.01163834523823,1,0.0033392654821955,1,beta,2,3,pmmr
1|0|0|1|0|1|0|0|1|1|0|1|0|1|0|1|1,0.912851979661466,1,0.00317640758288393,1,beta,2,3,pmmr
1|0|0|1|0|1|0|1|0|0|0|0|0|1|0|0|0,1.16023053443113,1,0.00130754689812861,1,beta,2,3,pmmr
1|0|0|1|0|1|0|1|0|0|0|0|0|1|0|0|1,1.0579458131757,1,0.00092141272585988,1,beta,2,3,pmmr
1|0|0|1|0|1|0|1|0|0|0|0|0|1|0|1|0,0.963651548341752,1,0.00124377708341457,1,beta,2,3,pmmr
1|0|0|1|0|1|0|1|0|0|0|0|0|1|0|1|1,0.855529340376474,1,0.000876474896947328,1,beta,2,3,pmmr
1|0|0|1|0|1|0|1|0|0|0|1|0|1|0|0|0,1.21395707332766,1,0.0100885985590994,1,beta,2,3,pmmr
1|0|0|1|0|1|0|1|0|0|0|1|0|1|0|0|1,1.11409201235707,1,0.00959657180139088,1,beta,2,3,pmmr
1|0|0|1|0|1|0|1|0|0|0|1|0|1|0|1|0,1.02563740570848,1,0.00643277445169266,1,beta,2,3,pmmr
1|0|0|1|0|1|0|1|0|0|0|1|0|1|0|1|1,0.919021664144304,1,0.0061190443396265,1,beta,2,3,pmmr
1|0|0|1|0|1|0|1|0|0|1|0|1|0|0|0|0,0.880042337845599,1,0.0547623847574702,0,beta,2,3,pmmr
1|0|0|1|0|1|0|1|0|1|0|0|0|1|0|0|0,1.16701439662937,1,0.000183873530406896,1,beta,2,3,pmmr
1|0|0|1|0|1|0|1|0|1|0|0|0|1|0|0|1,1.06597924859268,1,0.000129573486892272,1,beta,2,3,pmmr
1|0|0|1|0|1|0|1|0|1|0|0|0|1|0|1|0,0.962009526881388,1,0.000274307073903501,1,beta,2,3,pmmr
1|0|0|1|0|1|0|1|0|1|0|0|0|1|0|1|1,0.858784032604548,1,0.000193300927905388,1,beta,2,3,pmmr
1|0|0|1|0|1|0|1|0|1|0|1|0|1|0|0|0,1.21193433599369,1,0.00195864945924502,1,beta,2,3,pmmr
1|0|0|1|0|1|0|1|0|1|0|1|0|1|0|0|1,1.11260441575021,1,0.00186312499791628,1,beta,2,3,pmmr
1|0|0|1|0|1|0|1|0|1|0|1|0|1|0|1|0,1.0164592318187,1,0.00195864945924502,1,beta,2,3,pmmr
1|0|0|1|0|1|0|1|0|1|0|1|0|1|0|1|1,0.914312756881472,1,0.00186312499791628,1,beta,2,3,pmmr
1|0|0|1|0|1|0|1|1|0|0|0|0|1|0|0|0,1.17462071870011,1,0.000134606321209248,1,beta,2,3,pmmr
1|0|0|1|0|1|0|1|1|0|0|0|0|1|0|0|1,1.07048566265314,1,9.48554713570082e-05,1,beta,2,3,pmmr
1|0|0|1|0|1|0|1|1|0|0|0|0|1|0|1|0,0.976939489840395,1,0.000128041493458031,1,beta,2,3,pmmr
1|0|0|1|0|1|0|1|1|0|0|0|0|1|0|1|1,0.866859199319243,1,9.02293154296708e-05,1,beta,2,3,pmmr
1|0|0|1|0|1|0|1|1|0|0|1|0|1|0|0|0,1.2225399431788,1,0.00103857776737559,1,beta,2,3,pmmr
1|0|0|1|0|1|0|1|1|0|0|1|0|1|0|0|1,1.12051858141067,1,0.000987925731959918,1,beta,2,3,pmmr
1|0|0|1|0|1|0|1|1|0|0|1|0|1|0|1|0,1.03356567230056,1,0.000662226422127165,1,beta,2,3,pmmr
1|0|0|1|0|1|0|1|1|0|0|1|0|1|0|1|1,0.924908565190556,1,0.00062992925840919,1,beta,2,3,pmmr
1|0|0|1|0|1|0|1|1|0|1|0|1|0|0|0|0,0.895928225160401,1,0.0594000062445497,0,beta,2,3,pmmr
1|0|0|1|0|1|0|1|1|1|0|0|0|1|0|0|0,1.18222672660268,1,0.00069276753925408,1,beta,2,3,pmmr
1|0|0|1|0|1|0|1|1|1|0|0|0|1|0|0|1,1.08056845424865,1,0.000488185033856091,1,beta,2,3,pmmr
1|0|0|1|0|1|0|1|1|1|0|0|0|1|0|1|0,0.976260911261279,1,0.0010334877247834,1,beta,2,3,pmmr
1|0|0|1|0|1|0|1|1|1|0|0|0|1|0|1|1,0.872138645617388,1,0.000728286490525357,1,beta,2,3,pmmr
1|0|0|1|0|1|0|1|1|1|0|1|0|1|0|0|0,1.22097024834009,1,0.0073794676326703,1,beta,2,3,pmmr
1|0|0|1|0|1|0|1|1|1|0|1|0|1|0|0|1,1.12074244434184,1,0.00701956674934661,1,beta,2,3,pmmr
1|0|0|1|0|1|0|1|1|1|0|1|0|1|0|1|0,1.02511374912104,1,0.0073794676326703,1,beta,2,3,pmmr
1|0|0|1|0|1|0|1|1|1|0|1|0|1|0|1|1,0.922016561042053,1,0.00701956674934661,1,beta,2,3,pmmr
0|0|0|0|0|1|0|0|0|0|0|0|0|1|0|0|0,-0.173924285756522,0,0.00960943512698398,1,adjoint,2,3,ensemble
0|0|0|0|0|1|0|0|0|0|0|0|0|1|0|0|1,0.136675349799895,0,0.00559430936665823,1,adjoint,2,3,ensemble
0|0|0|0|0|1|0|0|0|0|0|0|0|1|0|1|0,-0.134986700042803,0,0.00647075396855543,1,adjoint,2,3,ensemble
0|0|0|0|0|1|0|0|0|0|0|0|0|1|0|1|1,0.137113346545516,0,0.00471910206753389,1,adjoint,2,3,ensemble
0|0|0|0|0|1|0|0|0|0|0|1|0|1|0|0|0,0.0430343266271171,0,0.0011513122038543,1,adjoint,2,3,ensemble
0|0|0|0|0|1|0|0|0|0|0|1|0|1|0|0|1,0.348362359930017,0,0.000605842398992,1,adjoint,2,3,ensemble
0|0|0|0|0|1|0|0|0|0|0|1|0|1|0|1|0,0.0122485363152204,0,0.000965390594166642,1,adjoint,2,3,ensemble
0|0|0|0|0|1|0|0|0|0|0|1|0|1|0|1|1,0.474977800543125,0,0.000640610494039707,1,adjoint,2,3,ensemble
0|0|0|0|0|1|0|0|0|0|1|0|1|0|0|0|0,-0.0721118395361059,0,0.0340252866918418,0,adjoint,2,3,ensemble
0|0|0|0|0|1|0|0|0|0|1|0|1|0|0|1|0,-0.0721118395361059,0,0.0045037236163738,0,adjoint,2,3,ensemble
0|0|0|0|0|1|0|0|0|1|0|0|0|1|0|0|0,-0.0112431789751233,0,0.000943137903452683,1,adjoint,2,3,ensemble
0|0|0|0|0|1|0|0|0|1|0|0|0|1|0|0|1,0.302786272735328,0,0.000751599975898745,1,adjoint,2,3,ensemble
0|0|0|0|0|1|0|0|0|1|0|0|0|1|0|1|0,0.165885966982725,0,0.000734391765715058,1,adjoint,2,3,ensemble
0|0|0|0|0|1|0|0|0|1|0|0|0|1|0|1|1,0.33308351240002,0,0.00073666848632591,1,adjoint,2,3,ensemble
0|0|0|0|0|1|0|0|0|1|0|1|0|1|0|0|0,0.316948876336126,0,0.000151207584178117,1,adjoint,2,3,ensemble
0|0|0|0|0|1|0|0|0|1|0|1|0|1|0|0|1,0.850619064248542,0,0.000107126420582815,1,adjoint,2,3,ensemble
0|0|0|0|0|1|0|0|0|1|0|1|0|1|0|1|0,0.616258955604565,0,0.000146570757254649,1,adjoint,2,3,ensemble
0|0|0|0|0|1|0|0|0|1|0|1|0|1|0|1|1,0.650213759471849,0,0.000130891106123724,1,adjoint,2,3,ensemble
0|0|0|0|0|1|0|0|1|0|0|0|0|1|0|0|0,-0.018091326712497,0,0.00136717346116248,1,adjoint,2,3,ensemble
0|0|0|0|0|1|0|0|1|0|0|0|0|1|0|0|1,0.297737189793005,0,0.000795925171309036,1,adjoint,2,3,ensemble
0|0|0|0|0|1|0|0|1|0|0|0|0|1|0|1|0,0.099756424658259,0,0.000920620513340971,1,adjoint,2,3,ensemble
0|0|0|0|0|1|0|0|1|0|0|0|0|1|0|1|1,0.727085031812303,0,0.00067140586538038,1,adjoint,2,3,ensemble
0|0|0|0|0|1|0|0|1|0|0|1|0|1|0|0|0,0.758587325153707,0,0.000163801874909593,1,adjoint,2,3,ensemble
0|0|0|0|0|1|0|0|1|0|0|1|0|1|0|0|1,1.00714715627557,0,8.61956648443329e-05,1,adjoint,2,3,ensemble
0|0|0|0|0|1|0|0|1|0|0|1|0|1|0|1|0,0.763811164642111,0,0.000137350050503412,1,adjoint,2,3,ensemble
0|0|0|0|0|1|0|0|1|0|0|1|0|1|0|1|1,1.00814967829116,0,9.1142263288077e-05,1,adjoint,2,3,ensemble
0|0|0|0|0|1|0|0|1|0|1|0|1|0|0|0|0,-0.0579465011715908,0,0.0344639163118675,0,adjoint,2,3,ensemble
0|0|0|0|0|1|0|0|1|0|1|0|1|0|0|1|0,-0.0579465011715908,0,0.00456178239473009,0,adjoint,2,3,ensemble
0|0|0|0|0|1|0|0|1|1|0|0|0|1|0|0|0,-0.135918976870038,0,0.00491090003752682,1,adjoint,2,3,ensemble
0|0|0|0|0|1|0|0|1|1|0|0|0|1|0|0|1,0.11460191370431,0,0.00391356591261363,1,adjoint,2,3,ensemble
0|0|0|0|0|1|0|0|1|1|0|0|0|1|0|1|0,-0.097327901512594,0,0.0038239631093253,1,adjoint,2,3,ensemble
0|0|0|0|0|1|0|0|1|1|0|0|0|1|0|1|1,0.144616366682714,0,0.00383581794761813,1,adjoint,2,3,ensemble
0|0|0|0|0|1|0|0|1|1|0|1|0|1|0|0|0,0.305627421279287,0,0.000787334840532057,1,adjoint,2,3,ensemble
0|0|0|0|0|1|0|0|1|1|0|1|0|1|0|0|1,0.649947267479617,0,0.000557805110932701,1,adjoint,2,3,ensemble
0|0|0|0|0|1|0|0|1|1|0|1|0|1|0|1|0,0.604383815862769,0,0.000763190976279434,1,adjoint,2,3,ensemble
0|0|0|0|0|1|0|0|1|1|0|1|0|1|0|1|1,0.434381619126649,0,0.000681547349143487,1,adjoint,2,3,ensemble
0|0|0|0|0|1|0|1|0|0|0|0|0|1|0|0|0,0.493950017462146,0,0.00122752517224963,1,adjoint,2,3,ensemble
0|0|0|0|0|1|0|1|0|0|0|0|0|1|0|0|1,2.29360956385656,4.04495599823807,0.000714626351932113,1,adjoint,2,3,ensemble
0|0|0|0|0|1|0|1|0|0|0|0|0|1|0|1|0,0.5047940216181,0,0.000826584838221285,1,adjoint,2,3,ensemble
0|0|0|0|0|1|0|1|0|0|0|0|0|1|0|1|1,1.32512153533309,3.98787091084841,0.000602825920750167,1,adjoint,2,3,ensemble
0|0|0|0|0|1|0|1|0|0|0|1|0|1|0|0|0,0.149879418672546,0,0.0053825217146946,1,adjoint,2,3,ensemble
0|0|0|0|0|1|0|1|0|0|0|1|0|1|0|0|1,3.42843774543523,4.44657366271764,0.00283238539237251,1,adjoint,2,3,ensemble
0|0|0|0|0|1|0|1|0|0|0|1|0|1|0|1|0,-0.00524288768834469,0,0.00451331603961828,1,adjoint,2,3,ensemble
0|0|0|0|0|1|0|1|0|0|0|1|0|1|0|1|1,2.98984320960461,4.35192338799567,0.00299493037882045,1,adjoint,2,3,ensemble
0|0|0|0|0|1|0|1|0|0|1|0|1|0|0|0|0,0.106851977068041,0,0.0348148067293662,0,adjoint,2,3,ensemble
0|0|0|0|0|1|0|1|0|0|1|0|1|0|0|1|0,0.106851977068041,0,0.00460822765981663,0,adjoint,2,3,ensemble
0|0|0|0|0|1|0|1|0|1|0|0|0|1|0|0|0,0.839154111639426,0,0.000133220482463999,1,adjoint,2,3,ensemble
0|0|0|0|0|1|0|1|0|1|0|0|0|1|0|0|1,1.11370524044843,3.46090765294227,0.000106165292522552,1,adjoint,2,3,ensemble
0|0|0|0|0|1|0|1|0|1|0|0|0|1|0|1|0,0.842327032239623,0,0.000103734591715575,1,adjoint,2,3,ensemble
0|0|0|0|0|1|0|1|0|1|0|0|0|1|0|1|1,1.11729085870566,3.43054336836202,0.000104056183942018,1,adjoint,2,3,ensemble
0|0|0|0|0|1|0|1|0|1|0|1|0|1|0|0|0,0.826619672026113,0,0.000781680922597538,1,adjoint,2,3,ensemble
0|0|0|0|0|1|0|1|0|1|0|1|0|1|0|0|1,1.26970050700217,3.80006362148138,0.000553799465356878,1,adjoint,2,3,ensemble
0|0|0|0|0|1|0|1|0|1|0|1|0|1|0|1|0,0.466910046997935,0,0.00075771043747166,1,adjoint,2,3,ensemble
0|0|0|0|0|1|0|1|0|1|0|1|0|1|0|1|1,1.9630953413435,3.74570382918115,0.000676653100112234,1,adjoint,2,3,ensemble
0|0|0|0|0|1|0|1|1|0|0|0|0|1|0|0|0,0.873563672114427,0,0.000136086910311564,1,adjoint,2,3,ensemble
0|0|0|0|0|1|0|1|1|0|0|0|0|1|0|0|1,1.14615196928276,4.04495599823807,7.92254973341505e-05,1,adjoint,2,3,ensemble
0|0|0|0|0|1|0|1|1|0|0|0|0|1|0|1|0,0.877547749870375,0,9.1637531585416e-05,1,adjoint,2,3,ensemble
0|0|0|0|0|1|0|1|1|0|0|0|0|1|0|1|1,1.14841176846525,3.98787091084841,6.68309855188298e-05,1,adjoint,2,3,ensemble
0|0|0|0|0|1|0|1|1|0|0|1|0|1|0|0|0,0.626210736041574,0,0.000596721571497624,1,adjoint,2,3,ensemble
0|0|0|0|0|1|0|1|1|0|0|1|0|1|0|0|1,2.8469995405978,4.44657366271764,0.000314006250603549,1,adjoint,2,3,ensemble
0|0|0|0|0|1|0|1|1|0|0|1|0|1|0|1|0,0.496623323922054,0,0.000500358973466633,1,adjoint,2,3,ensemble
0|0|0|0|0|1|0|1|1|0|0|1|0|1|0|1|1,1.34802480510426,4.35192338799567,0.000332026447249942,1,adjoint,2,3,ensemble
0|0|0|0|0|1|0|1|1|0|1|0|1|0|0|0|0,0.121764448603533,0,0.03382790207843,0,adjoint,2,3,ensemble
0|0|0|0|0|1|0|1|1|0|1|0|1|0|0|1|0,0.121764448603533,0,0.00447759699610509,0,adjoint,2,3,ensemble
0|0|0|0|0|1|0|1|1|1|0|0|0|1|0|0|0,1.57764793108502,0,0.00054052661655963,1,adjoint,2,3,ensemble
0|0|0|0|0|1|0|1|1|1|0|0|0|1|0|0|1,4.50413853142232,3.46090765294227,0.00043075332938226,1,adjoint,2,3,ensemble
0|0|0|0|0|1|0|1|1|1|0|0|0|1|0|1|0,0.585883074499782,0,0.000420891043502768,1,adjoint,2,3,ensemble
0|0|0|0|0|1|0|1|1|1|0|0|0|1|0|1|1,2.43755817315688,3.43054336836202,0.000422195866566426,1,adjoint,2,3,ensemble
0|0|0|0|0|1|0|1|1|1|0|1|0|1|0|0|0,0.0791584039006487,0,0.003171579448641,1,adjoint,2,3,ensemble
0|0|0|0|0|1|0|1|1|1|0|1|0|1|0|0|1,3.18632375997508,3.80006362148138,0.00224697693421715,1,adjoint,2,3,ensemble
0|0|0|0|0|1|0|1|1|1|0|1|0|1|0|1|0,0.625606959878534,0,0.00307432199255961,1,adjoint,2,3,ensemble
0|0|0|0|0|1|0|1|1|1|0|1|0|1|0|1|1,3.80269619943353,3.74570382918115,0.00274544127166849,1,adjoint,2,3,ensemble
1|0|0|1|0|1|0|0|0|0|0|0|0|1|0|0|0,-0.050106222442768,0,0.00943156116480374,1,adjoint,2,3,ensemble
1|0|0|1|0|1|0|0|0|0|0|0|0|1|0|0|1,0.214350526246513,0,0.00682651936307502,1,adjoint,2,3,ensemble
1|0|0|1|0|1|0|0|0|0|0|0|0|1|0|1|0,-0.0290241934655141,0,0.00625820931663394,1,adjoint,2,3,ensemble
1|0|0|1|0|1|0|0|0|0|0|0|0|1|0|1|1,0.261337494518418,0,0.00572509049605818,1,adjoint,2,3,ensemble
1|0|0|1|0|1|0|0|0|0|0|1|0|1|0|0|0,0.0721831578394003,0,0.00194980983159324,1,adjoint,2,3,ensemble
1|0|0|1|0|1|0|0|0|0|0|1|0|1|0|0|1,0.379420660349588,0,0.00127936982661407,1,adjoint,2,3,ensemble
1|0|0|1|0|1|0|0|0|0|0|1|0|1|0|1|0,0.242868960574173,0,0.00160054881746757,1,adjoint,2,3,ensemble
1|0|0|1|0|1|0|0|0|0|0|1|0|1|0|1|1,0.533237873963149,0,0.00133449796837521,1,adjoint,2,3,ensemble
1|0|0|1|0|1|0|0|0|0|1|0|1|0|0|0|1,0.0356534468750915,0,0.0237718769352928,0,adjoint,2,3,ensemble
1|0|0|1|0|1|0|0|0|0|1|0|1|0|0|1|1,0.0356534468750915,0,0.0038037502158215,0,adjoint,2,3,ensemble
1|0|0|1|0|1|0|0|0|1|0|0|0|1|0|0|0,0.141132315721222,0,0.00116348397246529,1,adjoint,2,3,ensemble
1|0|0|1|0|1|0|0|0|1|0|0|0|1|0|0|1,0.586015879003796,0,0.00114964419558553,1,adjoint,2,3,ensemble
1|0|0|1|0|1|0|0|0|1|0|0|0|1|0|1|0,0.252810390287336,0,0.000901817479084268,1,adjoint,2,3,ensemble
1|0|0|1|0|1|0|0|0|1|0|0|0|1|0|1|1,0.424301796203048,0,0.00113623191298732,1,adjoint,2,3,ensemble
1|0|0|1|0|1|0|0|0|1|0|1|0|1|0|0|0,0.731528333014593,0,0.000322217611364569,1,adjoint,2,3,ensemble
1|0|0|1|0|1|0|0|0|1|0|1|0|1|0|0|1,0.682692575965996,0,0.000283949225328405,1,adjoint,2,3,ensemble
1|0|0|1|0|1|0|0|0|1|0|1|0|1|0|1|0,0.418356339048035,0,0.000307447410782635,1,adjoint,2,3,ensemble
1|0|0|1|0|1|0|0|0|1|0|1|0|1|0|1|1,0.613660076932425,0,0.000345828331483746,1,adjoint,2,3,ensemble
1|0|0|1|0|1|0|0|1|0|0|0|0|1|0|0|0,0.0967414184216864,0,0.00124040836290273,1,adjoint,2,3,ensemble
1|0|0|1|0|1|0|0|1|0|0|0|0|1|0|0|1,0.414853021065458,0,0.000897801706368077,1,adjoint,2,3,ensemble
1|0|0|1|0|1|0|0|1|0|0|0|0|1|0|1|0,0.290116366643879,0,0.00082305941057957,1,adjoint,2,3,ensemble
1|0|0|1|0|1|0|0|1|0|0|0|0|1|0|1|1,0.821953707127049,0,0.000752945350785231,1,adjoint,2,3,ensemble
1|0|0|1|0|1|0|0|1|0|0|1|0|1|0|0|0,0.836084897476217,0,0.000256432670998698,1,adjoint,2,3,ensemble
1|0|0|1|0|1|0|0|1|0|0|1|0|1|0|0|1,0.789750189174534,0,0.000168258573999348,1,adjoint,2,3,ensemble
1|0|0|1|0|1|0|0|1|0|0|1|0|1|0|1|0,0.863944692508084,0,0.000210498994146338,1,adjoint,2,3,ensemble
1|0|0|1|0|1|0|0|1|0|0|1|0|1|0|1|1,1.04204193102456,0,0.000175508848569691,1,adjoint,2,3,ensemble
1|0|0|1|0|1|0|0|1|0|1|0|1|0|0|0|1,0.0486720203175125,0,0.0270632684173845,0,adjoint,2,3,ensemble
1|0|0|1|0|1|0|0|1|0|1|0|1|0|0|1|1,0.0486720203175125,0,0.00433040745430704,0,adjoint,2,3,ensemble
1|0|0|1|0|1|0|0|1|1|0|0|0|1|0|0|0,-0.0385825727978587,0,0.00560017553489559,1,adjoint,2,3,ensemble
1|0|0|1|0|1|0|0|1|1|0|0|0|1|0|0|1,0.225169466282828,0,0.00553356079698374,1,adjoint,2,3,ensemble
1|0|0|1|0|1|0|0|1|1|0|0|0|1|0|1|0,-0.0233985070278132,0,0.00434070112079658,1,adjoint,2,3,ensemble
1|0|0|1|0|1|0|0|1|1|0|0|0|1|0|1|1,0.250628047878294,0,0.00546900370926171,1,adjoint,2,3,ensemble
1|0|0|1|0|1|0|0|1|1|0|1|0|1|0|0|0,0.0488948509767892,0,0.00155092397212218,1,adjoint,2,3,ensemble
1|0|0|1|0|1|0|0|1|1|0|1|0|1|0|0|1,0.256411439928501,0,0.00136672746893738,1,adjoint,2,3,ensemble
1|0|0|1|0|1|0|0|1|1|0|1|0|1|0|1|0,0.25341440851306,0,0.00147983084329361,1,adjoint,2,3,ensemble
1|0|0|1|0|1|0|0|1|1|0|1|0|1|0|1|1,0.530759662985132,0,0.00166456900746591,1,adjoint,2,3,ensemble
1|0|0|1|0|1|0|1|0|0|0|0|0|1|0|0|0,1.38337258786131,0,0.000649676081425316,1,adjoint,2,3,ensemble
1|0|0|1|0|1|0|1|0|0|0|0|0|1|0|0|1,2.28217540459316,4.32027717676126,0.000470232474993328,1,adjoint,2,3,ensemble
1|0|0|1|0|1|0|1|0|0|0|0|0|1|0|1|0,0.824778590674674,0,0.000431085462366796,1,adjoint,2,3,ensemble
1|0|0|1|0|1|0|1|0|0|0|0|0|1|0|1|1,2.17442642854534,4.27064593570551,0.000394362533868145,1,adjoint,2,3,ensemble
1|0|0|1|0|1|0|1|0|0|0|1|0|1|0|0|0,-0.0696687905147401,0,0.00491547716863156,1,adjoint,2,3,ensemble
1|0|0|1|0|1|0|1|0|0|0|1|0|1|0|0|1,4.5614494092777,4.68834070124724,0.00322529565245802,1,adjoint,2,3,ensemble
1|0|0|1|0|1|0|1|0|0|0|1|0|1|0|1|0,0.890376727159899,0,0.00403498897280325,1,adjoint,2,3,ensemble
1|0|0|1|0|1|0|1|0|0|0|1|0|1|0|1|1,3.75184313037308,4.60666251129372,0.00336427388396819,1,adjoint,2,3,ensemble
1|0|0|1|0|1|0|1|0|0|1|0|1|0|0|0|1,2.34798177167921,2.56831218549017,0.0192242372302874,0,adjoint,2,3,ensemble
1|0|0|1|0|1|0|1|0|0|1|0|1|0|0|1|1,2.34798177167921,2.56831218549017,0.00307608005513212,0,adjoint,2,3,ensemble
1|0|0|1|0|1|0|1|0|1|0|0|0|1|0|0|0,0.951815637443008,0,8.97526486889509e-05,1,adjoint,2,3,ensemble
1|0|0|1|0|1|0|1|0|1|0|0|0|1|0|0|1,1.25549812520787,3.75666759404159,8.8685030516618e-05,1,adjoint,2,3,ensemble
1|0|0|1|0|1|0|1|0|1|0|0|0|1|0|1|0,1.02363630679152,0,6.9567359153476e-05,1,adjoint,2,3,ensemble
1|0|0|1|0|1|0|1|0|1|0|0|0|1|0|1|1,1.64318171824481,3.73306194682013,8.76503898024846e-05,1,adjoint,2,3,ensemble
1|0|0|1|0|1|0|1|0|1|0|1|0|1|0|0|0,0.873329542494987,0,0.000909695984198899,1,adjoint,2,3,ensemble
1|0|0|1|0|1|0|1|0|1|0|1|0|1|0|0|1,2.99802419087068,4.06724522783076,0.000801655343740288,1,adjoint,2,3,ensemble
1|0|0|1|0|1|0|1|0|1|0|1|0|1|0|1|0,0.595594150353427,0,0.000867996239426118,1,adjoint,2,3,ensemble
1|0|0|1|0|1|0|1|0|1|0|1|0|1|0|1|1,2.87278321166141,4.02554498442964,0.000976354591670722,1,adjoint,2,3,ensemble
1|0|0|1|0|1|0|1|1|0|0|0|0|1|0|0|0,0.9852796498271,0,6.68813542546445e-05,1,adjoint,2,3,ensemble
1|0|0|1|0|1|0|1|1|0|0|0|0|1|0|0|1,1.29330905959612,4.32027717676126,4.84084078839255e-05,1,adjoint,2,3,ensemble
1|0|0|1|0|1|0|1|1|0|0|0|0|1|0|1|0,1.038232002249,0,4.43783915506443e-05,1,adjoint,2,3,ensemble
1|0|0|1|0|1|0|1|1|0|0|0|0|1|0|1|1,1.67494903103915,4.27064593570551,4.05979242371518e-05,1,adjoint,2,3,ensemble
1|0|0|1|0|1|0|1|1|0|0|1|0|1|0|0|0,1.04464623100771,0,0.000506027202239947,1,adjoint,2,3,ensemble
1|0|0|1|0|1|0|1|1|0|0|1|0|1|0|0|1,1.29365998631638,4.68834070124724,0.000332030295212288,1,adjoint,2,3,ensemble
1|0|0|1|0|1|0|1|1|0|0|1|0|1|0|1|0,1.05009682711665,0,0.000415384734976828,1,adjoint,2,3,ensemble
1|0|0|1|0|1|0|1|1|0|0|1|0|1|0|1|1,1.29557463299126,4.60666251129372,0.000346337505529963,1,adjoint,2,3,ensemble
1|0|0|1|0|1|0|1|1|0|1|0|1|0|0|0|1,2.48485947149524,2.56831218549017,0.0208522659592542,0,adjoint,2,3,ensemble
1|0|0|1|0|1|0|1|1|0|1|0|1|0|0|1|1,2.48485947149524,2.56831218549017,0.00333658176671457,0,adjoint,2,3,ensemble
1|0|0|1|0|1|0|1|1|1|0|0|0|1|0|0|0,0.928562307473348,0,0.000338154825418245,1,adjoint,2,3,ensemble
1|0|0|1|0|1|0|1|1|1|0|0|0|1|0|0|1,1.22944491748742,3.75666759404159,0.000334132434525585,1,adjoint,2,3,ensemble
1|0|0|1|0|1|0|1|1|1|0|0|0|1|0|1|0,0.647497412721137,0,0.0002621041109425,1,adjoint,2,3,ensemble
1|0|0|1|0|1|0|1|1|1|0|0|0|1|0|1|1,1.18951716581927,3.73306194682013,0.000330234290513469,1,adjoint,2,3,ensemble
1|0|0|1|0|1|0|1|1|1|0|1|0|1|0|0|0,0.740131376590453,0,0.003427398424603,1,adjoint,2,3,ensemble
1|0|0|1|0|1|0|1|1|1|0|1|0|1|0|0|1,4.25237320386608,4.06724522783076,0.0030203412018243,1,adjoint,2,3,ensemble
1|0|0|1|0|1|0|1|1|1|0|1|0|1|0|1|0,0.742053984588033,0,0.00327028919028398,1,adjoint,2,3,ensemble
1|0|0|1|0|1|0|1|1|1|0|1|0|1|0|1|1,4.05343298387009,4.02554498442964,0.00367854343370882,1,adjoint,2,3,ensemble
0|0|0|0|0|1|0|0|0|0|0|0|0|1|0|0|0,0.00788255201092475,0,0.00960943512698398,1,adjoint,2,3,sieve_md
0|0|0|0|0|1|0|0|0|0|0|0|0|1|0|0|1,0.0519597287295966,0,0.00559430936665823,1,adjoint,2,3,sieve_md
0|0|0|0|0|1|0|0|0|0|0|0|0|1|0|1|0,0.0484139306080824,0,0.00647075396855543,1,adjoint,2,3,sieve_md
0|0|0|0|0|1|0|0|0|0|0|0|0|1|0|1|1,0.0498472035894293,0,0.00471910206753389,1,adjoint,2,3,sieve_md
0|0|0|0|0|1|0|0|0|0|0|1|0|1|0|0|0,0.184206222416936,0,0.0011513122038543,1,adjoint,2,3,sieve_md
0|0|0|0|0|1|0|0|0|0|0|1|0|1|0|0|1,0.250033477800269,0,0.000605842398992,1,adjoint,2,3,sieve_md
0|0|0|0|0|1|0|0|0|0|0|1|0|1|0|1|0,0.142450186360617,0,0.000965390594166642,1,adjoint,2,3,sieve_md
0|0|0|0|0|1|0|0|0|0|0|1|0|1|0|1|1,0.395691669433596,0,0.000640610494039707,1,adjoint,2,3,sieve_md
0|0|0|0|0|1|0|0|0|0|1|0|1|0|0|0|0,0.00683668757235567,0,0.0340252866918418,0,adjoint,2,3,sieve_md
0|0|0|0|0|1|0|0|0|0|1|0|1|0|0|1|0,0.00683668757235567,0,0.0045037236163738,0,adjoint,2,3,sieve_md
0|0|0|0|0|1|0|0|0|1|0|0|0|1|0|0|0,0.219999051713449,0,0.000943137903452683,1,adjoint,2,3,sieve_md
0|0|0|0|0|1|0|0|0|1|0|0|0|1|0|0|1,0.265777313907695,0,0.000751599975898745,1,adjoint,2,3,sieve_md
0|0|0|0|0|1|0|0|0|1|0|0|0|1|0|1|0,0.421715160946944,0,0.000734391765715058,1,adjoint,2,3,sieve_md
0|0|0|0|0|1|0|0|0|1|0|0|0|1|0|1|1,0.296751568094646,0,0.00073666848632591,1,adjoint,2,3,sieve_md
0|0|0|0|0|1|0|0|0|1|0|1|0|1|0|0|0,0.534171732149565,0,0.000151207584178117,1,adjoint,2,3,sieve_md
0|0|0|0|0|1|0|0|0|1|0|1|0|1|0|0|1,0.842176285864839,0,0.000107126420582815,1,adjoint,2,3,sieve_md
0|0|0|0|0|1|0|0|0|1|0|1|0|1|0|1|0,0.875833444040985,0,0.000146570757254649,1,adjoint,2,3,sieve_md
0|0|0|0|0|1|0|0|0|1|0|1|0|1|0|1|1,0.607003148363932,0,0.000130891106123724,1,adjoint,2,3,sieve_md
0|0|0|0|0|1|0|0|1|0|0|0|0|1|0|0|0,0.172157450417604,0,0.00136717346116248,1,adjoint,2,3,sieve_md
0|0|0|0|0|1|0|0|1|0|0|0|0|1|0|0|1,0.22229793138725,0,0.000795925171309036,1,adjoint,2,3,sieve_md
0|0|0|0|0|1|0|0|1|0|0|0|0|1|0|1|0,0.304191455969227,0,0.000920620513340971,1,adjoint,2,3,sieve_md
0|0|0|0|0|1|0|0|1|0|0|0|0|1|0|1|1,0.717540559951223,0,0.00067140586538038,1,adjoint,2,3,sieve_md
0|0|0|0|0|1|0|0|1|0|0|1|0|1|0|0|0,0.997521121503736,0,0.000163801874909593,1,adjoint,2,3,sieve_md
0|0|0|0|0|1|0|0|1|0|0|1|0|1|0|0|1,0.997521121503736,0,8.61956648443329e-05,1,adjoint,2,3,sieve_md
0|0|0|0|0|1|0|0|1|0|0|1|0|1|0|1|0,0.997521121503736,0,0.000137350050503412,1,adjoint,2,3,sieve_md
0|0|0|0|0|1|0|0|1|0|0|1|0|1|0|1|1,0.997521121503736,0,9.1142263288077e-05,1,adjoint,2,3,sieve_md
0|0|0|0|0|1|0|0|1|0|1|0|1|0|0|0|0,0.00683668757235656,0,0.0344639163118675,0,adjoint,2,3,sieve_md
0|0|0|0|0|1|0|0|1|0|1|0|1|0|0|1|0,0.00683668757235656,0,0.00456178239473009,0,adjoint,2,3,sieve_md
0|0|0|0|0|1|0|0|1|1|0|0|0|1|0|0|0,0.0590016872889871,0,0.00491090003752682,1,adjoint,2,3,sieve_md
0|0|0|0|0|1|0|0|1|1|0|0|0|1|0|0|1,0.0311367106221126,0,0.00391356591261363,1,adjoint,2,3,sieve_md
0|0|0|0|0|1|0|0|1|1|0|0|0|1|0|1|0,0.100071860886816,0,0.0038239631093253,1,adjoint,2,3,sieve_md
0|0|0|0|0|1|0|0|1|1|0|0|0|1|0|1|1,0.061783051105582,0,0.00383581794761813,1,adjoint,2,3,sieve_md
0|0|0|0|0|1|0|0|1|1|0|1|0|1|0|0|0,0.504617763642699,0,0.000787334840532057,1,adjoint,2,3,sieve_md
0|0|0|0|0|1|0|0|1|1|0|1|0|1|0|0|1,0.593055503157065,0,0.000557805110932701,1,adjoint,2,3,sieve_md
0|0|0|0|0|1|0|0|1|1|0|1|0|1|0|1|0,0.845637434008085,0,0.000763190976279434,1,adjoint,2,3,sieve_md
0|0|0|0|0|1|0|0|1|1|0|1|0|1|0|1|1,0.340302738858888,0,0.000681547349143487,1,adjoint,2,3,sieve_md
0|0|0|0|0|1|0|1|0|0|0|0|0|1|0|0|0,0.573754669133668,0,0.00122752517224963,1,adjoint,2,3,sieve_md
0|0|0|0|0|1|0|1|0|0|0|0|0|1|0|0|1,2.34451550441222,4.04495599823807,0.000714626351932113,1,adjoint,2,3,sieve_md
0|0|0|0|0|1|0|1|0|0|0|0|0|1|0|1|0,0.581709300594498,0,0.000826584838221285,1,adjoint,2,3,sieve_md
0|0|0|0|0|1|0|1|0|0|0|0|0|1|0|1|1,1.21885602054425,3.98787091084841,0.000602825920750167,1,adjoint,2,3,sieve_md
0|0|0|0|0|1|0|1|0|0|0|1|0|1|0|0|0,0.099520249931044,0,0.0053825217146946,1,adjoint,2,3,sieve_md
0|0|0|0|0|1|0|1|0|0|0|1|0|1|0|0|1,3.6130450247265,4.44657366271764,0.00283238539237251,1,adjoint,2,3,sieve_md
0|0|0|0|0|1|0|1|0|0|0|1|0|1|0|1|0,-0.0864138872624171,0,0.00451331603961828,1,adjoint,2,3,sieve_md
0|0|0|0|0|1|0|1|0|0|0|1|0|1|0|1|1,3.10329719617413,4.35192338799567,0.00299493037882045,1,adjoint,2,3,sieve_md
0|0|0|0|0|1|0|1|0|0|1|0|1|0|0|0|0,0.00577812474632145,0,0.0348148067293662,0,adjoint,2,3,sieve_md
0|0|0|0|0|1|0|1|0|0|1|0|1|0|0|1|0,0.00577812474632145,0,0.00460822765981663,0,adjoint,2,3,sieve_md
0|0|0|0|0|1|0|1|0|1|0|0|0|1|0|0|0,0.997521121503736,0,0.000133220482463999,1,adjoint,2,3,sieve_md
0|0|0|0|0|1|0|1|0|1|0|0|0|1|0|0|1,0.997521121503736,3.46090765294227,0.000106165292522552,1,adjoint,2,3,sieve_md
0|0|0|0|0|1|0|1|0|1|0|0|0|1|0|1|0,0.997521121503736,0,0.000103734591715575,1,adjoint,2,3,sieve_md
0|0|0|0|0|1|0|1|0|1|0|0|0|1|0|1|1,0.997521121503736,3.43054336836202,0.000104056183942018,1,adjoint,2,3,sieve_md
0|0|0|0|0|1|0|1|0|1|0|1|0|1|0|0|0,0.916594271999827,0,0.000781680922597538,1,adjoint,2,3,sieve_md
0|0|0|0|0|1|0|1|0|1|0|1|0|1|0|0|1,1.11955325017026,3.80006362148138,0.000553799465356878,1,adjoint,2,3,sieve_md
0|0|0|0|0|1|0|1|0|1|0|1|0|1|0|1|0,0.494070106751122,0,0.00075771043747166,1,adjoint,2,3,sieve_md
0|0|0|0|0|1|0|1|0|1|0|1|0|1|0|1|1,1.92081261817218,3.74570382918115,0.000676653100112234,1,adjoint,2,3,sieve_md
0|0|0|0|0|1|0|1|1|0|0|0|0|1|0|0|0,0.997521121503736,0,0.000136086910311564,1,adjoint,2,3,sieve_md
0|0|0|0|0|1|0|1|1|0|0|0|0|1|0|0|1,0.997521121503736,4.04495599823807,7.92254973341505e-05,1,adjoint,2,3,sieve_md
0|0|0|0|0|1|0|1|1|0|0|0|0|1|0|1|0,0.997521121503736,0,9.1637531585416e-05,1,adjoint,2,3,sieve_md
0|0|0|0|0|1|0|1|1|0|0|0|0|1|0|1|1,0.997521121503736,3.98787091084841,6.68309855188298e-05,1,adjoint,2,3,sieve_md
0|0|0|0|0|1|0|1|1|0|0|1|0|1|0|0|0,0.635438541519677,0,0.000596721571497624,1,adjoint,2,3,sieve_md
0|0|0|0|0|1|0|1|1|0|0|1|0|1|0|0|1,2.92239524123431,4.44657366271764,0.000314006250603549,1,adjoint,2,3,sieve_md
0|0|0|0|0|1|0|1|1|0|0|1|0|1|0|1|0,0.479114149567975,0,0.000500358973466633,1,adjoint,2,3,sieve_md
0|0|0|0|0|1|0|1|1|0|0|1|0|1|0|1|1,1.18305204899505,4.35192338799567,0.000332026447249942,1,adjoint,2,3,sieve_md
0|0|0|0|0|1|0|1|1|0|1|0|1|0|0|0|0,0.00664448521154204,0,0.03382790207843,0,adjoint,2,3,sieve_md
0|0|0|0|0|1|0|1|1|0|1|0|1|0|0|1|0,0.00664448521154204,0,0.00447759699610509,0,adjoint,2,3,sieve_md
0|0|0|0|0|1|0|1|1|1|0|0|0|1|0|0|0,1.8374377310432,0,0.00054052661655963,1,adjoint,2,3,sieve_md
0|0|0|0|0|1|0|1|1|1|0|0|0|1|0|0|1,4.91257293255493,3.46090765294227,0.00043075332938226,1,adjoint,2,3,sieve_md
0|0|0|0|0|1|0|1|1|1|0|0|0|1|0|1|0,0.683728072589523,0,0.000420891043502768,1,adjoint,2,3,sieve_md
0|0|0|0|0|1|0|1|1|1|0|0|0|1|0|1|1,2.51205047126812,3.43054336836202,0.000422195866566426,1,adjoint,2,3,sieve_md
0|0|0|0|0|1|0|1|1|1|0|1|0|1|0|0|0,0.0334275130407667,0,0.003171579448641,1,adjoint,2,3,sieve_md
0|0|0|0|0|1|0|1|1|1|0|1|0|1|0|0|1,3.32560484577299,3.80006362148138,0.00224697693421715,1,adjoint,2,3,sieve_md
0|0|0|0|0|1|0|1|1|1|0|1|0|1|0|1|0,0.661665987915102,0,0.00307432199255961,1,adjoint,2,3,sieve_md
0|0|0|0|0|1|0|1|1|1|0|1|0|1|0|1|1,4.03755060750599,3.74570382918115,0.00274544127166849,1,adjoint,2,3,sieve_md
1|0|0|1|0|1|0|0|0|0|0|0|0|1|0|0|0,0.0283150593144973,0,0.00943156116480374,1,adjoint,2,3,sieve_md
1|0|0|1|0|1|0|0|0|0|0|0|0|1|0|0|1,0.0187813973903727,0,0.00682651936307502,1,adjoint,2,3,sieve_md
1|0|0|1|0|1|0|0|0|0|0|0|0|1|0|1|0,0.0478353309174462,0,0.00625820931663394,1,adjoint,2,3,sieve_md
1|0|0|1|0|1|0|0|0|0|0|0|0|1|0|1|1,0.0700681539897148,0,0.00572509049605818,1,adjoint,2,3,sieve_md
1|0|0|1|0|1|0|0|0|0|0|1|0|1|0|0|0,0.0948798860056907,0,0.00194980983159324,1,adjoint,2,3,sieve_md
1|0|0|1|0|1|0|0|0|0|0|1|0|1|0|0|1,0.162394961860761,0,0.00127936982661407,1,adjoint,2,3,sieve_md
1|0|0|1|0|1|0|0|0|0|0|1|0|1|0|1|0,0.286483278873227,0,0.00160054881746757,1,adjoint,2,3,sieve_md
1|0|0|1|0|1|0|0|0|0|0|1|0|1|0|1|1,0.338538096275497,0,0.00133449796837521,1,adjoint,2,3,sieve_md
1|0|0|1|0|1|0|0|0|0|1|0|1|0|0|0|1,0.00837010602084187,0,0.0237718769352928,0,adjoint,2,3,sieve_md
1|0|0|1|0|1|0|0|0|0|1|0|1|0|0|1|1,0.00837010602084187,0,0.0038037502158215,0,adjoint,2,3,sieve_md
1|0|0|1|0|1|0|0|0|1|0|0|0|1|0|0|0,0.273670002535725,0,0.00116348397246529,1,adjoint,2,3,sieve_md
1|0|0|1|0|1|0|0|0|1|0|0|0|1|0|0|1,0.471118904032686,0,0.00114964419558553,1,adjoint,2,3,sieve_md
1|0|0|1|0|1|0|0|0|1|0|0|0|1|0|1|0,0.398780718119163,0,0.000901817479084268,1,adjoint,2,3,sieve_md
1|0|0|1|0|1|0|0|0|1|0|0|0|1|0|1|1,0.278978151133746,0,0.00113623191298732,1,adjoint,2,3,sieve_md
1|0|0|1|0|1|0|0|0|1|0|1|0|1|0|0|0,0.891773675090053,0,0.000322217611364569,1,adjoint,2,3,sieve_md
1|0|0|1|0|1|0|0|0|1|0|1|0|1|0|0|1,0.524149419485893,0,0.000283949225328405,1,adjoint,2,3,sieve_md
1|0|0|1|0|1|0|0|0|1|0|1|0|1|0|1|0,0.522738125636093,0,0.000307447410782635,1,adjoint,2,3,sieve_md
1|0|0|1|0|1|0|0|0|1|0|1|0|1|0|1|1,0.440191866892597,0,0.000345828331483746,1,adjoint,2,3,sieve_md
1|0|0|1|0|1|0|0|1|0|0|0|0|1|0|0|0,0.182170765078421,0,0.00124040836290273,1,adjoint,2,3,sieve_md
1|0|0|1|0|1|0|0|1|0|0|0|0|1|0|0|1,0.234854183106102,0,0.000897801706368077,1,adjoint,2,3,sieve_md
1|0|0|1|0|1|0|0|1|0|0|0|0|1|0|1|0,0.401478409896186,0,0.00082305941057957,1,adjoint,2,3,sieve_md
1|0|0|1|0|1|0|0|1|0|0|0|0|1|0|1|1,0.703721499899804,0,0.000752945350785231,1,adjoint,2,3,sieve_md
1|0|0|1|0|1|0|0|1|0|0|1|0|1|0|0|0,0.96425900425476,0,0.000256432670998698,1,adjoint,2,3,sieve_md
1|0|0|1|0|1|0|0|1|0|0|1|0|1|0|0|1,0.621778918675278,0,0.000168258573999348,1,adjoint,2,3,sieve_md
1|0|0|1|0|1|0|0|1|0|0|1|0|1|0|1|0,0.990244256627756,0,0.000210498994146338,1,adjoint,2,3,sieve_md
1|0|0|1|0|1|0|0|1|0|0|1|0|1|0|1|1,0.912111117917238,0,0.000175508848569691,1,adjoint,2,3,sieve_md
1|0|0|1|0|1|0|0|1|0|1|0|1|0|0|0|1,0.00704034068583004,0,0.0270632684173845,0,adjoint,2,3,sieve_md
1|0|0|1|0|1|0|0|1|0|1|0|1|0|0|1|1,0.00704034068583004,0,0.00433040745430704,0,adjoint,2,3,sieve_md
1|0|0|1|0|1|0|0|1|1|0|0|0|1|0|0|0,0.0488504254044142,0,0.00560017553489559,1,adjoint,2,3,sieve_md
1|0|0|1|0|1|0|0|1|1|0|0|0|1|0|0|1,0.036262886719845,0,0.00553356079698374,1,adjoint,2,3,sieve_md
1|0|0|1|0|1|0|0|1|1|0|0|0|1|0|1|0,0.0620686463176155,0,0.00434070112079658,1,adjoint,2,3,sieve_md
1|0|0|1|0|1|0|0|1|1|0|0|0|1|0|1|1,0.0611637575928953,0,0.00546900370926171,1,adjoint,2,3,sieve_md
1|0|0|1|0|1|0|0|1|1|0|1|0|1|0|0|0,0.0837799014779595,0,0.00155092397212218,1,adjoint,2,3,sieve_md
1|0|0|1|0|1|0|0|1|1|0|1|0|1|0|0|1,0.0134166247306652,0,0.00136672746893738,1,adjoint,2,3,sieve_md
1|0|0|1|0|1|0|0|1|1|0|1|0|1|0|1|0,0.315048970829692,0,0.00147983084329361,1,adjoint,2,3,sieve_md
1|0|0|1|0|1|0|0|1|1|0|1|0|1|0|1|1,0.327636390042578,0,0.00166456900746591,1,adjoint,2,3,sieve_md
1|0|0|1|0|1|0|1|0|0|0|0|0|1|0|0|0,1.48196662821243,0,0.000649676081425316,1,adjoint,2,3,sieve_md
1|0|0|1|0|1|0|1|0|0|0|0|0|1|0|0|1,2.20800779547326,4.32027717676126,0.000470232474993328,1,adjoint,2,3,sieve_md
1|0|0|1|0|1|0|1|0|0|0|0|0|1|0|1|0,0.829306341900262,0,0.000431085462366796,1,adjoint,2,3,sieve_md
1|0|0|1|0|1|0|1|0|0|0|0|0|1|0|1|1,2.07986589073798,4.27064593570551,0.000394362533868145,1,adjoint,2,3,sieve_md
1|0|0|1|0|1|0|1|0|0|0|1|0|1|0|0|0,-0.278190128293855,0,0.00491547716863156,1,adjoint,2,3,sieve_md
1|0|0|1|0|1|0|1|0|0|0|1|0|1|0|0|1,4.80320926962193,4.68834070124724,0.00322529565245802,1,adjoint,2,3,sieve_md
1|0|0|1|0|1|0|1|0|0|0|1|0|1|0|1|0,0.828738773367421,0,0.00403498897280325,1,adjoint,2,3,sieve_md
1|0|0|1|0|1|0|1|0|0|0|1|0|1|0|1|1,3.86218607063666,4.60666251129372,0.00336427388396819,1,adjoint,2,3,sieve_md
1|0|0|1|0|1|0|1|0|0|1|0|1|0|0|0|1,2.48111773947302,2.56831218549017,0.0192242372302874,0,adjoint,2,3,sieve_md
1|0|0|1|0|1|0|1|0|0|1|0|1|0|0|1|1,2.48111773947302,2.56831218549017,0.00307608005513212,0,adjoint,2,3,sieve_md
1|0|0|1|0|1|0|1|0|1|0|0|0|1|0|0|0,1.00514055982166,0,8.97526486889509e-05,1,adjoint,2,3,sieve_md
1|0|0|1|0|1|0|1|0|1|0|0|0|1|0|0|1,1.03885555921504,3.75666759404159,8.8685030516618e-05,1,adjoint,2,3,sieve_md
1|0|0|1|0|1|0|1|0|1|0|0|0|1|0|1|0,1.08403343704887,0,6.9567359153476e-05,1,adjoint,2,3,sieve_md
1|0|0|1|0|1|0|1|0|1|0|0|0|1|0|1|1,1.48378520356146,3.73306194682013,8.76503898024846e-05,1,adjoint,2,3,sieve_md
1|0|0|1|0|1|0|1|0|1|0|1|0|1|0|0|0,0.847622107098128,0,0.000909695984198899,1,adjoint,2,3,sieve_md
1|0|0|1|0|1|0|1|0|1|0|1|0|1|0|0|1,3.00037960719987,4.06724522783076,0.000801655343740288,1,adjoint,2,3,sieve_md
1|0|0|1|0|1|0|1|0|1|0|1|0|1|0|1|0,0.519678122087455,0,0.000867996239426118,1,adjoint,2,3,sieve_md
1|0|0|1|0|1|0|1|0|1|0|1|0|1|0|1|1,2.85124384150349,4.02554498442964,0.000976354591670722,1,adjoint,2,3,sieve_md
1|0|0|1|0|1|0|1|1|0|0|0|0|1|0|0|0,1.00392029590392,0,6.68813542546445e-05,1,adjoint,2,3,sieve_md
1|0|0|1|0|1|0|1|1|0|0|0|0|1|0|0|1,1.04491260764866,4.32027717676126,4.84084078839255e-05,1,adjoint,2,3,sieve_md
1|0|0|1|0|1|0|1|1|0|0|0|0|1|0|1|0,1.06039674790254,0,4.43783915506443e-05,1,adjoint,2,3,sieve_md
1|0|0|1|0|1|0|1|1|0|0|0|0|1|0|1|1,1.48425619638605,4.27064593570551,4.05979242371518e-05,1,adjoint,2,3,sieve_md
1|0|0|1|0|1|0|1|1|0|0|1|0|1|0|0|0,0.997521121503736,0,0.000506027202239947,1,adjoint,2,3,sieve_md
1|0|0|1|0|1|0|1|1|0|0|1|0|1|0|0|1,0.997521121503736,4.68834070124724,0.000332030295212288,1,adjoint,2,3,sieve_md
1|0|0|1|0|1|0|1|1|0|0|1|0|1|0|1|0,0.997521121503736,0,0.000415384734976828,1,adjoint,2,3,sieve_md
1|0|0|1|0|1|0|1|1|0|0|1|0|1|0|1|1,0.997521121503736,4.60666251129372,0.000346337505529963,1,adjoint,2,3,sieve_md
1|0|0|1|0|1|0|1|1|0|1|0|1|0|0|0|1,2.62341250389414,2.56831218549017,0.0208522659592542,0,adjoint,2,3,sieve_md
1|0|0|1|0|1|0|1|1|0|1|0|1|0|0|1|1,2.62341250389414,2.56831218549017,0.00333658176671457,0,adjoint,2,3,sieve_md
1|0|0|1|0|1|0|1|1|1|0|0|0|1|0|0|0,0.961750631271817,0,0.000338154825418245,1,adjoint,2,3,sieve_md
1|0|0|1|0|1|0|1|1|1|0|0|0|1|0|0|1,0.992218949236821,3.75666759404159,0.000334132434525585,1,adjoint,2,3,sieve_md
1|0|0|1|0|1|0|1|1|1|0|0|0|1|0|1|0,0.6314445686582,0,0.0002621041109425,1,adjoint,2,3,sieve_md
1|0|0|1|0|1|0|1|1|1|0|0|0|1|0|1|1,0.941299154790982,3.73306194682013,0.000330234290513469,1,adjoint,2,3,sieve_md
1|0|0|1|0|1|0|1|1|1|0|1|0|1|0|0|0,0.676742377654408,0,0.003427398424603,1,adjoint,2,3,sieve_md
1|0|0|1|0|1|0|1|1|1|0|1|0|1|0|0|1,4.43847143212368,4.06724522783076,0.0030203412018243,1,adjoint,2,3,sieve_md
1|0|0|1|0|1|0|1|1|1|0|1|0|1|0|1|0,0.673084135152269,0,0.00327028919028398,1,adjoint,2,3,sieve_md
1|0|0|1|0|1|0|1|1|1|0|1|0|1|0|1|1,4.2038755222192,4.02554498442964,0.00367854343370882,1,adjoint,2,3,sieve_md
0|0|0|0|0|1|0|0|0|0|0|0|0|1|0|0|0,-1.31320971590044,0,0.00960943512698398,1,adjoint,2,3,landweber
0|0|0|0|0|1|0|0|0|0|0|0|0|1|0|0|1,0.66754247215994,0,0.00559430936665823,1,adjoint,2,3,landweber
0|0|0|0|0|1|0|0|0|0|0|0|0|1|0|1|0,-1.28425957088513,0,0.00647075396855543,1,adjoint,2,3,landweber
0|0|0|0|0|1|0|0|0|0|0|0|0|1|0|1|1,0.683963214436059,0,0.00471910206753389,1,adjoint,2,3,landweber
0|0|0|0|0|1|0|0|0|0|0|1|0|1|0|0|0,-0.841613830692814,0,0.0011513122038543,1,adjoint,2,3,landweber
0|0|0|0|0|1|0|0|0|0|0|1|0|1|0|0|1,0.964536449685947,0,0.000605842398992,1,adjoint,2,3,landweber
0|0|0|0|0|1|0|0|0|0|0|1|0|1|0|1|0,-0.803655005592034,0,0.000965390594166642,1,adjoint,2,3,landweber
0|0|0|0|0|1|0|0|0|0|0|1|0|1|0|1|1,0.971821236658043,0,0.000640610494039707,1,adjoint,2,3,landweber
0|0|0|0|0|1|0|0|0|0|1|0|1|0|0|0|0,-0.566839693397371,0,0.0340252866918418,0,adjoint,2,3,landweber
0|0|0|0|0|1|0|0|0|0|1|0|1|0|0|1|0,-0.566839693397371,0,0.0045037236163738,0,adjoint,2,3,landweber
0|0|0|0|0|1|0|0|0|1|0|0|0|1|0|0|0,-1.46031356319496,0,0.000943137903452683,1,adjoint,2,3,landweber
0|0|0|0|0|1|0|0|0|1|0|0|0|1|0|0|1,0.534701464126816,0,0.000751599975898745,1,adjoint,2,3,landweber
0|0|0|0|0|1|0|0|0|1|0|0|0|1|0|1|0,-1.43725765989072,0,0.000734391765715058,1,adjoint,2,3,landweber
0|0|0|0|0|1|0|0|0|1|0|0|0|1|0|1|1,0.560756218796565,0,0.00073666848632591,1,adjoint,2,3,landweber
0|0|0|0|0|1|0|0|0|1|0|1|0|1|0|0|0,-1.04426964416341,0,0.000151207584178117,1,adjoint,2,3,landweber
0|0|0|0|0|1|0|0|0|1|0|1|0|1|0|0|1,0.903525404409361,0,0.000107126420582815,1,adjoint,2,3,landweber
0|0|0|0|0|1|0|0|0|1|0|1|0|1|0|1|0,-1.01035441243029,0,0.000146570757254649,1,adjoint,2,3,landweber
0|0|0|0|0|1|0|0|0|1|0|1|0|1|0|1|1,0.920991362049344,0,0.000130891106123724,1,adjoint,2,3,landweber
0|0|0|0|0|1|0|0|1|0|0|0|0|1|0|0|0,-1.21027783932468,0,0.00136717346116248,1,adjoint,2,3,landweber
0|0|0|0|0|1|0|0|1|0|0|0|0|1|0|0|1,0.7704743487357,0,0.000795925171309036,1,adjoint,2,3,landweber
0|0|0|0|0|1|0|0|1|0|0|0|0|1|0|1|0,-1.18132769430937,0,0.000920620513340971,1,adjoint,2,3,landweber
0|0|0|0|0|1|0|0|1|0|0|0|0|1|0|1|1,0.786895091011819,0,0.00067140586538038,1,adjoint,2,3,landweber
0|0|0|0|0|1|0|0|1|0|0|1|0|1|0|0|0,-0.738681954117054,0,0.000163801874909593,1,adjoint,2,3,landweber
0|0|0|0|0|1|0|0|1|0|0|1|0|1|0|0|1,1.06746832626171,0,8.61956648443329e-05,1,adjoint,2,3,landweber
0|0|0|0|0|1|0|0|1|0|0|1|0|1|0|1|0,-0.700723129016274,0,0.000137350050503412,1,adjoint,2,3,landweber
0|0|0|0|0|1|0|0|1|0|0|1|0|1|0|1|1,1.0747531132338,0,9.1142263288077e-05,1,adjoint,2,3,landweber
0|0|0|0|0|1|0|0|1|0|1|0|1|0|0|0|0,-0.463907816821611,0,0.0344639163118675,0,adjoint,2,3,landweber
0|0|0|0|0|1|0|0|1|0|1|0|1|0|0|1|0,-0.463907816821611,0,0.00456178239473009,0,adjoint,2,3,landweber
0|0|0|0|0|1|0|0|1|1|0|0|0|1|0|0|0,-1.3573816866192,0,0.00491090003752682,1,adjoint,2,3,landweber
0|0|0|0|0|1|0|0|1|1|0|0|0|1|0|0|1,0.637633340702576,0,0.00391356591261363,1,adjoint,2,3,landweber
0|0|0|0|0|1|0|0|1|1|0|0|0|1|0|1|0,-1.33432578331496,0,0.0038239631093253,1,adjoint,2,3,landweber
0|0|0|0|0|1|0|0|1|1|0|0|0|1|0|1|1,0.663688095372325,0,0.00383581794761813,1,adjoint,2,3,landweber
0|0|0|0|0|1|0|0|1|1|0|1|0|1|0|0|0,-0.941337767587647,0,0.000787334840532057,1,adjoint,2,3,landweber
0|0|0|0|0|1|0|0|1|1|0|1|0|1|0|0|1,1.00645728098512,0,0.000557805110932701,1,adjoint,2,3,landweber
0|0|0|0|0|1|0|0|1|1|0|1|0|1|0|1|0,-0.907422535854531,0,0.000763190976279434,1,adjoint,2,3,landweber
0|0|0|0|0|1|0|0|1|1|0|1|0|1|0|1|1,1.0239232386251,0,0.000681547349143487,1,adjoint,2,3,landweber
0|0|0|0|0|1|0|1|0|0|0|0|0|1|0|0|0,-0.00614270745160666,0,0.00122752517224963,1,adjoint,2,3,landweber
0|0|0|0|0|1|0|1|0|0|0|0|0|1|0|0|1,1.97460948060877,4.04495599823807,0.000714626351932113,1,adjoint,2,3,landweber
0|0|0|0|0|1|0|1|0|0|0|0|0|1|0|1|0,0.0228074375636981,0,0.000826584838221285,1,adjoint,2,3,landweber
0|0|0|0|0|1|0|1|0|0|0|0|0|1|0|1|1,1.99103022288489,3.98787091084841,0.000602825920750167,1,adjoint,2,3,landweber
0|0|0|0|0|1|0|1|0|0|0|1|0|1|0|0|0,0.465453177756015,0,0.0053825217146946,1,adjoint,2,3,landweber
0|0|0|0|0|1|0|1|0|0|0|1|0|1|0|0|1,2.27160345813478,4.44657366271764,0.00283238539237251,1,adjoint,2,3,landweber
0|0|0|0|0|1|0|1|0|0|0|1|0|1|0|1|0,0.503412002856796,0,0.00451331603961828,1,adjoint,2,3,landweber
0|0|0|0|0|1|0|1|0|0|0|1|0|1|0|1|1,2.27888824510687,4.35192338799567,0.00299493037882045,1,adjoint,2,3,landweber
0|0|0|0|0|1|0|1|0|0|1|0|1|0|0|0|0,0.740227315051458,0,0.0348148067293662,0,adjoint,2,3,landweber
0|0|0|0|0|1|0|1|0|0|1|0|1|0|0|1|0,0.740227315051458,0,0.00460822765981663,0,adjoint,2,3,landweber
0|0|0|0|0|1|0|1|0|1|0|0|0|1|0|0|0,-0.153246554746135,0,0.000133220482463999,1,adjoint,2,3,landweber
0|0|0|0|0|1|0|1|0|1|0|0|0|1|0|0|1,1.84176847257565,3.46090765294227,0.000106165292522552,1,adjoint,2,3,landweber
0|0|0|0|0|1|0|1|0|1|0|0|0|1|0|1|0,-0.13019065144189,0,0.000103734591715575,1,adjoint,2,3,landweber
0|0|0|0|0|1|0|1|0|1|0|0|0|1|0|1|1,1.86782322724539,3.43054336836202,0.000104056183942018,1,adjoint,2,3,landweber
0|0|0|0|0|1|0|1|0|1|0|1|0|1|0|0|0,0.262797364285422,0,0.000781680922597538,1,adjoint,2,3,landweber
0|0|0|0|0|1|0|1|0|1|0|1|0|1|0|0|1,2.21059241285819,3.80006362148138,0.000553799465356878,1,adjoint,2,3,landweber
0|0|0|0|0|1|0|1|0|1|0|1|0|1|0|1|0,0.296712596018538,0,0.00075771043747166,1,adjoint,2,3,landweber
0|0|0|0|0|1|0|1|0|1|0|1|0|1|0|1|1,2.22805837049817,3.74570382918115,0.000676653100112234,1,adjoint,2,3,landweber
0|0|0|0|0|1|0|1|1|0|0|0|0|1|0|0|0,0.0967891691241534,0,0.000136086910311564,1,adjoint,2,3,landweber
0|0|0|0|0|1|0|1|1|0|0|0|0|1|0|0|1,2.07754135718453,4.04495599823807,7.92254973341505e-05,1,adjoint,2,3,landweber
0|0|0|0|0|1|0|1|1|0|0|0|0|1|0|1|0,0.125739314139458,0,9.1637531585416e-05,1,adjoint,2,3,landweber
0|0|0|0|0|1|0|1|1|0|0|0|0|1|0|1|1,2.09396209946065,3.98787091084841,6.68309855188298e-05,1,adjoint,2,3,landweber
0|0|0|0|0|1|0|1|1|0|0|1|0|1|0|0|0,0.568385054331775,0,0.000596721571497624,1,adjoint,2,3,landweber
0|0|0|0|0|1|0|1|1|0|0|1|0|1|0|0|1,2.37453533471054,4.44657366271764,0.000314006250603549,1,adjoint,2,3,landweber
0|0|0|0|0|1|0|1|1|0|0|1|0|1|0|1|0,0.606343879432556,0,0.000500358973466633,1,adjoint,2,3,landweber
0|0|0|0|0|1|0|1|1|0|0|1|0|1|0|1|1,2.38182012168263,4.35192338799567,0.000332026447249942,1,adjoint,2,3,landweber
0|0|0|0|0|1|0|1|1|0|1|0|1|0|0|0|0,0.843159191627218,0,0.03382790207843,0,adjoint,2,3,landweber
0|0|0|0|0|1|0|1|1|0|1|0|1|0|0|1|0,0.843159191627218,0,0.00447759699610509,0,adjoint,2,3,landweber
0|0|0|0|0|1|0|1|1|1|0|0|0|1|0|0|0,-0.0503146781703752,0,0.00054052661655963,1,adjoint,2,3,landweber
0|0|0|0|0|1|0|1|1|1|0|0|0|1|0|0|1,1.94470034915141,3.46090765294227,0.00043075332938226,1,adjoint,2,3,landweber
0|0|0|0|0|1|0|1|1|1|0|0|0|1|0|1|0,-0.0272587748661304,0,0.000420891043502768,1,adjoint,2,3,landweber
0|0|0|0|0|1|0|1|1|1|0|0|0|1|0|1|1,1.97075510382115,3.43054336836202,0.000422195866566426,1,adjoint,2,3,landweber
0|0|0|0|0|1|0|1|1|1|0|1|0|1|0|0|0,0.365729240861182,0,0.003171579448641,1,adjoint,2,3,landweber
0|0|0|0|0|1|0|1|1|1|0|1|0|1|0|0|1,2.31352428943395,3.80006362148138,0.00224697693421715,1,adjoint,2,3,landweber
0|0|0|0|0|1|0|1|1|1|0|1|0|1|0|1|0,0.399644472594298,0,0.00307432199255961,1,adjoint,2,3,landweber
0|0|0|0|0|1|0|1|1|1|0|1|0|1|0|1|1,2.33099024707393,3.74570382918115,0.00274544127166849,1,adjoint,2,3,landweber
1|0|0|1|0|1|0|0|0|0|0|0|0|1|0|0|0,-0.541530113955284,0,0.00943156116480374,1,adjoint,2,3,landweber
1|0|0|1|0|1|0|0|0|0|0|0|0|1|0|0|1,1.43987681462924,0,0.00682651936307502,1,adjoint,2,3,landweber
1|0|0|1|0|1|0|0|0|0|0|0|0|1|0|1|0,-0.510661393543236,0,0.00625820931663394,1,adjoint,2,3,landweber
1|0|0|1|0|1|0|0|0|0|0|0|0|1|0|1|1,1.45991932770733,0,0.00572509049605818,1,adjoint,2,3,landweber
1|0|0|1|0|1|0|0|0|0|0|1|0|1|0|0|0,-0.0700450005143974,0,0.00194980983159324,1,adjoint,2,3,landweber
1|0|0|1|0|1|0|0|0|0|0|1|0|1|0|0|1,1.73940370219423,0,0.00127936982661407,1,adjoint,2,3,landweber
1|0|0|1|0|1|0|0|0|0|0|1|0|1|0|1|0,-0.0304384573092485,0,0.00160054881746757,1,adjoint,2,3,landweber
1|0|0|1|0|1|0|0|0|0|0|1|0|1|0|1|1,1.75331640728836,0,0.00133449796837521,1,adjoint,2,3,landweber
1|0|0|1|0|1|0|0|0|0|1|0|1|0|0|0|1,0.206623434047172,0,0.0237718769352928,0,adjoint,2,3,landweber
1|0|0|1|0|1|0|0|0|0|1|0|1|0|0|1|1,0.206623434047172,0,0.0038037502158215,0,adjoint,2,3,landweber
1|0|0|1|0|1|0|0|0|1|0|0|0|1|0|0|0,-0.689409909131098,0,0.00116348397246529,1,adjoint,2,3,landweber
1|0|0|1|0|1|0|0|0|1|0|0|0|1|0|0|1,1.30601327381924,0,0.00114964419558553,1,adjoint,2,3,landweber
1|0|0|1|0|1|0|0|0|1|0|0|0|1|0|1|0,-0.661906953539148,0,0.000901817479084268,1,adjoint,2,3,landweber
1|0|0|1|0|1|0|0|0|1|0|0|0|1|0|1|1,1.33496672781931,0,0.00113623191298732,1,adjoint,2,3,landweber
1|0|0|1|0|1|0|0|0|1|0|1|0|1|0|0|0,-0.272642828625233,0,0.000322217611364569,1,adjoint,2,3,landweber
1|0|0|1|0|1|0|0|0|1|0|1|0|1|0|0|1,1.67619705822233,0,0.000283949225328405,1,adjoint,2,3,landweber
1|0|0|1|0|1|0|0|0|1|0|1|0|1|0|1|0,-0.235748039491785,0,0.000307447410782635,1,adjoint,2,3,landweber
1|0|0|1|0|1|0|0|0|1|0|1|0|1|0|1|1,1.70069182292381,0,0.000345828331483746,1,adjoint,2,3,landweber
1|0|0|1|0|1|0|0|1|0|0|0|0|1|0|0|0,-0.438598237379524,0,0.00124040836290273,1,adjoint,2,3,landweber
1|0|0|1|0|1|0|0|1|0|0|0|0|1|0|0|1,1.542808691205,0,0.000897801706368077,1,adjoint,2,3,landweber
1|0|0|1|0|1|0|0|1|0|0|0|0|1|0|1|0,-0.407729516967476,0,0.00082305941057957,1,adjoint,2,3,landweber
1|0|0|1|0|1|0|0|1|0|0|0|0|1|0|1|1,1.56285120428309,0,0.000752945350785231,1,adjoint,2,3,landweber
1|0|0|1|0|1|0|0|1|0|0|1|0|1|0|0|0,0.0328868760613627,0,0.000256432670998698,1,adjoint,2,3,landweber
1|0|0|1|0|1|0|0|1|0|0|1|0|1|0|0|1,1.84233557876999,0,0.000168258573999348,1,adjoint,2,3,landweber
1|0|0|1|0|1|0|0|1|0|0|1|0|1|0|1|0,0.0724934192665116,0,0.000210498994146338,1,adjoint,2,3,landweber
1|0|0|1|0|1|0|0|1|0|0|1|0|1|0|1|1,1.85624828386412,0,0.000175508848569691,1,adjoint,2,3,landweber
1|0|0|1|0|1|0|0|1|0|1|0|1|0|0|0|1,0.309555310622932,0,0.0270632684173845,0,adjoint,2,3,landweber
1|0|0|1|0|1|0|0|1|0|1|0|1|0|0|1|1,0.309555310622932,0,0.00433040745430704,0,adjoint,2,3,landweber
1|0|0|1|0|1|0|0|1|1|0|0|0|1|0|0|0,-0.586478032555338,0,0.00560017553489559,1,adjoint,2,3,landweber
1|0|0|1|0|1|0|0|1|1|0|0|0|1|0|0|1,1.408945150395,0,0.00553356079698374,1,adjoint,2,3,landweber
1|0|0|1|0|1|0|0|1|1|0|0|0|1|0|1|0,-0.558975076963388,0,0.00434070112079658,1,adjoint,2,3,landweber
1|0|0|1|0|1|0|0|1|1|0|0|0|1|0|1|1,1.43789860439507,0,0.00546900370926171,1,adjoint,2,3,landweber
1|0|0|1|0|1|0|0|1|1|0|1|0|1|0|0|0,-0.169710952049473,0,0.00155092397212218,1,adjoint,2,3,landweber
1|0|0|1|0|1|0|0|1|1|0|1|0|1|0|0|1,1.77912893479809,0,0.00136672746893738,1,adjoint,2,3,landweber
1|0|0|1|0|1|0|0|1|1|0|1|0|1|0|1|0,-0.132816162916025,0,0.00147983084329361,1,adjoint,2,3,landweber
1|0|0|1|0|1|0|0|1|1|0|1|0|1|0|1|1,1.80362369949957,0,0.00166456900746591,1,adjoint,2,3,landweber
1|0|0|1|0|1|0|1|0|0|0|0|0|1|0|0|0,0.765536894493546,0,0.000649676081425316,1,adjoint,2,3,landweber
1|0|0|1|0|1|0|1|0|0|0|0|0|1|0|0|1,2.74694382307807,4.32027717676126,0.000470232474993328,1,adjoint,2,3,landweber
1|0|0|1|0|1|0|1|0|0|0|0|0|1|0|1|0,0.796405614905593,0,0.000431085462366796,1,adjoint,2,3,landweber
1|0|0|1|0|1|0|1|0|0|0|0|0|1|0|1|1,2.76698633615616,4.27064593570551,0.000394362533868145,1,adjoint,2,3,landweber
1|0|0|1|0|1|0|1|0|0|0|1|0|1|0|0|0,1.23702200793443,0,0.00491547716863156,1,adjoint,2,3,landweber
1|0|0|1|0|1|0|1|0|0|0|1|0|1|0|0|1,3.04647071064306,4.68834070124724,0.00322529565245802,1,adjoint,2,3,landweber
1|0|0|1|0|1|0|1|0|0|0|1|0|1|0|1|0,1.27662855113958,0,0.00403498897280325,1,adjoint,2,3,landweber
1|0|0|1|0|1|0|1|0|0|0|1|0|1|0|1|1,3.06038341573719,4.60666251129372,0.00336427388396819,1,adjoint,2,3,landweber
1|0|0|1|0|1|0|1|0|0|1|0|1|0|0|0|1,1.513690442496,2.56831218549017,0.0192242372302874,0,adjoint,2,3,landweber
1|0|0|1|0|1|0|1|0|0|1|0|1|0|0|1|1,1.513690442496,2.56831218549017,0.00307608005513212,0,adjoint,2,3,landweber
1|0|0|1|0|1|0|1|0|1|0|0|0|1|0|0|0,0.617657099317731,0,8.97526486889509e-05,1,adjoint,2,3,landweber
1|0|0|1|0|1|0|1|0|1|0|0|0|1|0|0|1,2.61308028226807,3.75666759404159,8.8685030516618e-05,1,adjoint,2,3,landweber
1|0|0|1|0|1|0|1|0|1|0|0|0|1|0|1|0,0.645160054909681,0,6.9567359153476e-05,1,adjoint,2,3,landweber
1|0|0|1|0|1|0|1|0|1|0|0|0|1|0|1|1,2.64203373626814,3.73306194682013,8.76503898024846e-05,1,adjoint,2,3,landweber
1|0|0|1|0|1|0|1|0|1|0|1|0|1|0|0|0,1.0344241798236,0,0.000909695984198899,1,adjoint,2,3,landweber
1|0|0|1|0|1|0|1|0|1|0|1|0|1|0|0|1,2.98326406667116,4.06724522783076,0.000801655343740288,1,adjoint,2,3,landweber
1|0|0|1|0|1|0|1|0|1|0|1|0|1|0|1|0,1.07131896895704,0,0.000867996239426118,1,adjoint,2,3,landweber
1|0|0|1|0|1|0|1|0|1|0|1|0|1|0|1|1,3.00775883137264,4.02554498442964,0.000976354591670722,1,adjoint,2,3,landweber
1|0|0|1|0|1|0|1|1|0|0|0|0|1|0|0|0,0.868468771069306,0,6.68813542546445e-05,1,adjoint,2,3,landweber
1|0|0|1|0|1|0|1|1|0|0|0|0|1|0|0|1,2.84987569965383,4.32027717676126,4.84084078839255e-05,1,adjoint,2,3,landweber
1|0|0|1|0|1|0|1|1|0|0|0|0|1|0|1|0,0.899337491481353,0,4.43783915506443e-05,1,adjoint,2,3,landweber
1|0|0|1|0|1|0|1|1|0|0|0|0|1|0|1|1,2.86991821273192,4.27064593570551,4.05979242371518e-05,1,adjoint,2,3,landweber
1|0|0|1|0|1|0|1|1|0|0|1|0|1|0|0|0,1.33995388451019,0,0.000506027202239947,1,adjoint,2,3,landweber
1|0|0|1|0|1|0|1|1|0|0|1|0|1|0|0|1,3.14940258721882,4.68834070124724,0.000332030295212288,1,adjoint,2,3,landweber
1|0|0|1|0|1|0|1|1|0|0|1|0|1|0|1|0,1.37956042771534,0,0.000415384734976828,1,adjoint,2,3,landweber
1|0|0|1|0|1|0|1|1|0|0|1|0|1|0|1|1,3.16331529231295,4.60666251129372,0.000346337505529963,1,adjoint,2,3,landweber
1|0|0|1|0|1|0|1|1|0|1|0|1|0|0|0|1,1.61662231907176,2.56831218549017,0.0208522659592542,0,adjoint,2,3,landweber
1|0|0|1|0|1|0|1|1|0|1|0|1|0|0|1|1,1.61662231907176,2.56831218549017,0.00333658176671457,0,adjoint,2,3,landweber
1|0|0|1|0|1|0|1|1|1|0|0|0|1|0|0|0,0.720588975893491,0,0.000338154825418245,1,adjoint,2,3,landweber
1|0|0|1|0|1|0|1|1|1|0|0|0|1|0|0|1,2.71601215884383,3.75666759404159,0.000334132434525585,1,adjoint,2,3,landweber
1|0|0|1|0|1|0|1|1|1|0|0|0|1|0|1|0,0.748091931485441,0,0.0002621041109425,1,adjoint,2,3,landweber
1|0|0|1|0|1|0|1|1|1|0|0|0|1|0|1|1,2.7449656128439,3.73306194682013,0.000330234290513469,1,adjoint,2,3,landweber
1|0|0|1|0|1|0|1|1|1|0|1|0|1|0|0|0,1.13735605639936,0,0.003427398424603,1,adjoint,2,3,landweber
1|0|0|1|0|1|0|1|1|1|0|1|0|1|0|0|1,3.08619594324692,4.06724522783076,0.0030203412018243,1,adjoint,2,3,landweber
1|0|0|1|0|1|0|1|1|1|0|1|0|1|0|1|0,1.17425084553281,0,0.00327028919028398,1,adjoint,2,3,landweber
1|0|0|1|0|1|0|1|1|1|0|1|0|1|0|1|1,3.1106907079484,4.02554498442964,0.00367854343370882,1,adjoint,2,3,landweber
0|0|0|0|0|1|0|0|0|0|0|0|0|1|0|0|0,-0.546755062285701,0,0.00960943512698398,1,adjoint,2,3,pmmr
0|0|0|0|0|1|0|0|0|0|0|0|0|1|0|0|1,0.0225882629578829,0,0.00559430936665823,1,adjoint,2,3,pmmr
0|0|0|0|0|1|0|0|0|0|0|0|0|1|0|1|0,-0.532096592438078,0,0.00647075396855543,1,adjoint,2,3,pmmr
0|0|0|0|0|1|0|0|0|0|0|0|0|1|0|1|1,-0.0206972134504843,0,0.00471910206753389,1,adjoint,2,3,pmmr
0|0|0|0|0|1|0|0|0|0|0|1|0|1|0|0|0,0.072087308087893,0,0.0011513122038543,1,adjoint,2,3,pmmr
0|0|0|0|0|1|0|0|0|0|0|1|0|1|0|0|1,0.539710552580012,0,0.000605842398992,1,adjoint,2,3,pmmr
0|0|0|0|0|1|0|0|0|0|0|1|0|1|0|1|0,0.132191923198607,0,0.000965390594166642,1,adjoint,2,3,pmmr
0|0|0|0|0|1|0|0|0|0|0|1|0|1|0|1|1,0.537845690275762,0,0.000640610494039707,1,adjoint,2,3,pmmr
0|0|0|0|0|1|0|0|0|0|1|0|1|0|0|0|0,-0.517686695656258,0,0.0340252866918418,0,adjoint,2,3,pmmr
0|0|0|0|0|1|0|0|0|0|1|0|1|0|0|1|0,-0.517686695656258,0,0.0045037236163738,0,adjoint,2,3,pmmr
0|0|0|0|0|1|0|0|0|1|0|0|0|1|0|0|0,-0.189959780622573,0,0.000943137903452683,1,adjoint,2,3,pmmr
0|0|0|0|0|1|0|0|0|1|0|0|0|1|0|0|1,0.437962891053529,0,0.000751599975898745,1,adjoint,2,3,pmmr
0|0|0|0|0|1|0|0|0|1|0|0|0|1|0|1|0,-0.314545430122755,0,0.000734391765715058,1,adjoint,2,3,pmmr
0|0|0|0|0|1|0|0|0|1|0|0|0|1|0|1|1,0.267900910938843,0,0.00073666848632591,1,adjoint,2,3,pmmr
0|0|0|0|0|1|0|0|0|1|0|1|0|1|0|0|0,0.393074813023303,0,0.000151207584178117,1,adjoint,2,3,pmmr
0|0|0|0|0|1|0|0|0|1|0|1|0|1|0|0|1,0.954156051307071,0,0.000107126420582815,1,adjoint,2,3,pmmr
0|0|0|0|0|1|0|0|0|1|0|1|0|1|0|1|0,0.314424538588844,0,0.000146570757254649,1,adjoint,2,3,pmmr
0|0|0|0|0|1|0|0|0|1|0|1|0|1|0|1|1,0.817553270347417,0,0.000130891106123724,1,adjoint,2,3,pmmr
0|0|0|0|0|1|0|0|1|0|0|0|0|1|0|0|0,-0.532174647539581,0,0.00136717346116248,1,adjoint,2,3,pmmr
0|0|0|0|0|1|0|0|1|0|0|0|0|1|0|0|1,0.0834303889503011,0,0.000795925171309036,1,adjoint,2,3,pmmr
0|0|0|0|0|1|0|0|1|0|0|0|0|1|0|1|0,-0.580833787699953,0,0.000920620513340971,1,adjoint,2,3,pmmr
0|0|0|0|0|1|0|0|1|0|0|0|0|1|0|1|1,-0.0214427427003035,0,0.00067140586538038,1,adjoint,2,3,pmmr
0|0|0|0|0|1|0|0|1|0|0|1|0|1|0|0|0,0.0993262953945656,0,0.000163801874909593,1,adjoint,2,3,pmmr
0|0|0|0|0|1|0|0|1|0|0|1|0|1|0|0|1,0.608747407216765,0,8.61956648443329e-05,1,adjoint,2,3,pmmr
0|0|0|0|0|1|0|0|1|0|0|1|0|1|0|1|0,0.0943357874100948,0,0.000137350050503412,1,adjoint,2,3,pmmr
0|0|0|0|0|1|0|0|1|0|0|1|0|1|0|1|1,0.542249918909793,0,9.1142263288077e-05,1,adjoint,2,3,pmmr
0|0|0|0|0|1|0|0|1|0|1|0|1|0|0|0|0,-0.51745194716668,0,0.0344639163118675,0,adjoint,2,3,pmmr
0|0|0|0|0|1|0|0|1|0|1|0|1|0|0|1|0,-0.51745194716668,0,0.00456178239473009,0,adjoint,2,3,pmmr
0|0|0|0|0|1|0|0|1|1|0|0|0|1|0|0|0,-0.150633178443228,0,0.00491090003752682,1,adjoint,2,3,pmmr
0|0|0|0|0|1|0|0|1|1|0|0|0|1|0|0|1,0.529027880142686,0,0.00391356591261363,1,adjoint,2,3,pmmr
0|0|0|0|0|1|0|0|1|1|0|0|0|1|0|1|0,-0.341054848981437,0,0.0038239631093253,1,adjoint,2,3,pmmr
0|0|0|0|0|1|0|0|1|1|0|0|0|1|0|1|1,0.295442707214968,0,0.00383581794761813,1,adjoint,2,3,pmmr
0|0|0|0|0|1|0|0|1|1|0|1|0|1|0|0|0,0.448515126784197,0,0.000787334840532057,1,adjoint,2,3,pmmr
0|0|0|0|0|1|0|0|1|1|0|1|0|1|0|0|1,1.05929048581291,0,0.000557805110932701,1,adjoint,2,3,pmmr
0|0|0|0|0|1|0|0|1|1|0|1|0|1|0|1|0,0.301988711231516,0,0.000763190976279434,1,adjoint,2,3,pmmr
0|0|0|0|0|1|0|0|1|1|0|1|0|1|0|1|1,0.855760898907212,0,0.000681547349143487,1,adjoint,2,3,pmmr
0|0|0|0|0|1|0|1|0|0|0|0|0|1|0|0|0,0.410786450796111,0,0.00122752517224963,1,adjoint,2,3,pmmr
0|0|0|0|0|1|0|1|0|0|0|0|0|1|0|0|1,0.845073802057953,4.04495599823807,0.000714626351932113,1,adjoint,2,3,pmmr
0|0|0|0|0|1|0|1|0|0|0|0|0|1|0|1|0,0.389601691526347,0,0.000826584838221285,1,adjoint,2,3,pmmr
0|0|0|0|0|1|0|1|0|0|0|0|0|1|0|1|1,0.775099598465863,3.98787091084841,0.000602825920750167,1,adjoint,2,3,pmmr
0|0|0|0|0|1|0|1|0|0|0|1|0|1|0|0|0,1.00602766429787,0,0.0053825217146946,1,adjoint,2,3,pmmr
0|0|0|0|0|1|0|1|0|0|0|1|0|1|0|0|1,1.35284907863791,4.44657366271764,0.00283238539237251,1,adjoint,2,3,pmmr
0|0|0|0|0|1|0|1|0|0|0|1|0|1|0|1|0,1.03295020551326,0,0.00451331603961828,1,adjoint,2,3,pmmr
0|0|0|0|0|1|0|1|0|0|0|1|0|1|0|1|1,1.32681710165139,4.35192338799567,0.00299493037882045,1,adjoint,2,3,pmmr
0|0|0|0|0|1|0|1|0|0|1|0|1|0|0|0|0,0.468084883349389,0,0.0348148067293662,0,adjoint,2,3,pmmr
0|0|0|0|0|1|0|1|0|0|1|0|1|0|0|1|0,0.468084883349389,0,0.00460822765981663,0,adjoint,2,3,pmmr
0|0|0|0|0|1|0|1|0|1|0|0|0|1|0|0|0,0.610609033842494,0,0.000133220482463999,1,adjoint,2,3,pmmr
0|0|0|0|0|1|0|1|0|1|0|0|0|1|0|0|1,1.10959613635681,3.46090765294227,0.000106165292522552,1,adjoint,2,3,pmmr
0|0|0|0|0|1|0|1|0|1|0|0|0|1|0|1|0,0.467354765921003,0,0.000103734591715575,1,adjoint,2,3,pmmr
0|0|0|0|0|1|0|1|0|1|0|0|0|1|0|1|1,0.92802451271099,3.43054336836202,0.000104056183942018,1,adjoint,2,3,pmmr
0|0|0|0|0|1|0|1|0|1|0|1|0|1|0|0|0,1.17130231215706,0,0.000781680922597538,1,adjoint,2,3,pmmr
0|0|0|0|0|1|0|1|0|1|0|1|0|1|0|0|1,1.60902490634917,3.80006362148138,0.000553799465356878,1,adjoint,2,3,pmmr
0|0|0|0|0|1|0|1|0|1|0|1|0|1|0|1|0,1.07508212489383,0,0.00075771043747166,1,adjoint,2,3,pmmr
0|0|0|0|0|1|0|1|0|1|0|1|0|1|0|1|1,1.46282280854531,3.74570382918115,0.000676653100112234,1,adjoint,2,3,pmmr
0|0|0|0|0|1|0|1|1|0|0|0|0|1|0|0|0,0.414525523479575,0,0.000136086910311564,1,adjoint,2,3,pmmr
0|0|0|0|0|1|0|1|1|0|0|0|0|1|0|0|1,0.892224353352054,4.04495599823807,7.92254973341505e-05,1,adjoint,2,3,pmmr
0|0|0|0|0|1|0|1|1|0|0|0|0|1|0|1|0,0.331444727421923,0,9.1637531585416e-05,1,adjoint,2,3,pmmr
0|0|0|0|0|1|0|1|1|0|0|0|0|1|0|1|1,0.762344583058972,3.98787091084841,6.68309855188298e-05,1,adjoint,2,3,pmmr
0|0|0|0|0|1|0|1|1|0|0|1|0|1|0|0|0,1.01007245947823,0,0.000596721571497624,1,adjoint,2,3,pmmr
0|0|0|0|0|1|0|1|1|0|0|1|0|1|0|0|1,1.39711986513958,4.44657366271764,0.000314006250603549,1,adjoint,2,3,pmmr
0|0|0|0|0|1|0|1|1|0|0|1|0|1|0|1|0,0.973799520332692,0,0.000500358973466633,1,adjoint,2,3,pmmr
0|0|0|0|0|1|0|1|1|0|0|1|0|1|0|1|1,1.308584520516,4.35192338799567,0.000332026447249942,1,adjoint,2,3,pmmr
0|0|0|0|0|1|0|1|1|0|1|0|1|0|0|0|0,0.478686522591814,0,0.03382790207843,0,adjoint,2,3,pmmr
0|0|0|0|0|1|0|1|1|0|1|0|1|0|0|1|0,0.478686522591814,0,0.00447759699610509,0,adjoint,2,3,pmmr
0|0|0|0|0|1|0|1|1|1|0|0|0|1|0|0|0,0.638480468566519,0,0.00054052661655963,1,adjoint,2,3,pmmr
0|0|0|0|0|1|0|1|1|1|0|0|0|1|0|0|1,1.18574515839336,3.46090765294227,0.00043075332938226,1,adjoint,2,3,pmmr
0|0|0|0|0|1|0|1|1|1|0|0|0|1|0|1|0,0.431615061729113,0,0.000420891043502768,1,adjoint,2,3,pmmr
0|0|0|0|0|1|0|1|1|1|0|0|0|1|0|1|1,0.943065276135948,3.43054336836202,0.000422195866566426,1,adjoint,2,3,pmmr
0|0|0|0|0|1|0|1|1|1|0|1|0|1|0|0|0,1.20419707020457,0,0.003171579448641,1,adjoint,2,3,pmmr
0|0|0|0|0|1|0|1|1|1|0|1|0|1|0|0|1,1.68922984952311,3.80006362148138,0.00224697693421715,1,adjoint,2,3,pmmr
0|0|0|0|0|1|0|1|1|1|0|1|0|1|0|1|0,1.04271360177266,0,0.00307432199255961,1,adjoint,2,3,pmmr
0|0|0|0|0|1|0|1|1|1|0|1|0|1|0|1|1,1.47892701896908,3.74570382918115,0.00274544127166849,1,adjoint,2,3,pmmr
1|0|0|1|0|1|0|0|0|0|0|0|0|1|0|0|0,0.0203808297971811,0,0.00943156116480374,1,adjoint,2,3,pmmr
1|0|0|1|0|1|0|0|0|0|0|0|0|1|0|0|1,0.452702815665302,0,0.00682651936307502,1,adjoint,2,3,pmmr
1|0|0|1|0|1|0|0|0|0|0|0|0|1|0|1|0,-0.0005386634984265,0,0.00625820931663394,1,adjoint,2,3,pmmr
1|0|0|1|0|1|0|0|0|0|0|0|0|1|0|1|1,0.390208397818697,0,0.00572509049605818,1,adjoint,2,3,pmmr
1|0|0|1|0|1|0|0|0|0|0|1|0|1|0|0|0,0.532521729704628,0,0.00194980983159324,1,adjoint,2,3,pmmr
1|0|0|1|0|1|0|0|0|0|0|1|0|1|0|0|1,0.911800710672777,0,0.00127936982661407,1,adjoint,2,3,pmmr
1|0|0|1|0|1|0|0|0|0|0|1|0|1|0|1|0,0.551362742391462,0,0.00160054881746757,1,adjoint,2,3,pmmr
1|0|0|1|0|1|0|0|0|0|0|1|0|1|0|1|1,0.880895113579144,0,0.00133449796837521,1,adjoint,2,3,pmmr
1|0|0|1|0|1|0|0|0|0|1|0|1|0|0|0|1,0.565696738686109,0,0.0237718769352928,0,adjoint,2,3,pmmr
1|0|0|1|0|1|0|0|0|0|1|0|1|0|0|1|1,0.565696738686109,0,0.0038037502158215,0,adjoint,2,3,pmmr
1|0|0|1|0|1|0|0|0|1|0|0|0|1|0|0|0,0.253750715594448,0,0.00116348397246529,1,adjoint,2,3,pmmr
1|0|0|1|0|1|0|0|0|1|0|0|0|1|0|0|1,0.739840673799079,0,0.00114964419558553,1,adjoint,2,3,pmmr
1|0|0|1|0|1|0|0|0|1|0|0|0|1|0|1|0,0.128585962534657,0,0.000901817479084268,1,adjoint,2,3,pmmr
1|0|0|1|0|1|0|0|0|1|0|0|0|1|0|1|1,0.584071809440318,0,0.00113623191298732,1,adjoint,2,3,pmmr
1|0|0|1|0|1|0|0|0|1|0|1|0|1|0|0|0,0.781472931604333,0,0.000322217611364569,1,adjoint,2,3,pmmr
1|0|0|1|0|1|0|0|0|1|0|1|0|1|0|0|1,1.24275785341246,0,0.000283949225328405,1,adjoint,2,3,pmmr
1|0|0|1|0|1|0|0|0|1|0|1|0|1|0|1|0,0.687060141327018,0,0.000307447410782635,1,adjoint,2,3,pmmr
1|0|0|1|0|1|0|0|0|1|0|1|0|1|0|1|1,1.10407137581026,0,0.000345828331483746,1,adjoint,2,3,pmmr
1|0|0|1|0|1|0|0|1|0|0|0|0|1|0|0|0,0.0472047622360303,0,0.00124040836290273,1,adjoint,2,3,pmmr
1|0|0|1|0|1|0|0|1|0|0|0|0|1|0|0|1,0.516681750992165,0,0.000897801706368077,1,adjoint,2,3,pmmr
1|0|0|1|0|1|0|0|1|0|0|0|0|1|0|1|0,-0.0275344351889013,0,0.00082305941057957,1,adjoint,2,3,pmmr
1|0|0|1|0|1|0|0|1|0|0|0|0|1|0|1|1,0.402923602282469,0,0.000752945350785231,1,adjoint,2,3,pmmr
1|0|0|1|0|1|0|0|1|0|0|1|0|1|0|0|0,0.587806444244978,0,0.000256432670998698,1,adjoint,2,3,pmmr
1|0|0|1|0|1|0|0|1|0|0|1|0|1|0|0|1,1.00150144538558,0,0.000168258573999348,1,adjoint,2,3,pmmr
1|0|0|1|0|1|0|0|1|0|0|1|0|1|0|1|0,0.547761107778937,0,0.000210498994146338,1,adjoint,2,3,pmmr
1|0|0|1|0|1|0|0|1|0|0|1|0|1|0|1|1,0.913202455354891,0,0.000175508848569691,1,adjoint,2,3,pmmr
1|0|0|1|0|1|0|0|1|0|1|0|1|0|0|0|1,0.554006024528402,0,0.0270632684173845,0,adjoint,2,3,pmmr
1|0|0|1|0|1|0|0|1|0|1|0|1|0|0|1|1,0.554006024528402,0,0.00433040745430704,0,adjoint,2,3,pmmr
1|0|0|1|0|1|0|0|1|1|0|0|0|1|0|0|0,0.298997317796863,0,0.00560017553489559,1,adjoint,2,3,pmmr
1|0|0|1|0|1|0|0|1|1|0|0|0|1|0|0|1,0.827016342956945,0,0.00553356079698374,1,adjoint,2,3,pmmr
1|0|0|1|0|1|0|0|1|1|0|0|0|1|0|1|0,0.119559757529193,0,0.00434070112079658,1,adjoint,2,3,pmmr
1|0|0|1|0|1|0|0|1|1|0|0|0|1|0|1|1,0.619838635755668,0,0.00546900370926171,1,adjoint,2,3,pmmr
1|0|0|1|0|1|0|0|1|1|0|1|0|1|0|0|0,0.859491203573192,0,0.00155092397212218,1,adjoint,2,3,pmmr
1|0|0|1|0|1|0|0|1|1|0|1|0|1|0|0|1,1.36217421322061,0,0.00136672746893738,1,adjoint,2,3,pmmr
1|0|0|1|0|1|0|0|1|1|0|1|0|1|0|1|0,0.705374567484945,0,0.00147983084329361,1,adjoint,2,3,pmmr
1|0|0|1|0|1|0|0|1|1|0|1|0|1|0|1|1,1.16565812517601,0,0.00166456900746591,1,adjoint,2,3,pmmr
1|0|0|1|0|1|0|1|0|0|0|0|0|1|0|0|0,1.13458664768312,0,0.000649676081425316,1,adjoint,2,3,pmmr
1|0|0|1|0|1|0|1|0|0|0|0|0|1|0|0|1,1.42375686317911,4.32027717676126,0.000470232474993328,1,adjoint,2,3,pmmr
1|0|0|1|0|1|0|1|0|0|0|0|0|1|0|1|0,1.05526830425796,0,0.000431085462366796,1,adjoint,2,3,pmmr
1|0|0|1|0|1|0|1|0|0|0|0|0|1|0|1|1,1.31422222556511,4.27064593570551,0.000394362533868145,1,adjoint,2,3,pmmr
1|0|0|1|0|1|0|1|0|0|0|1|0|1|0|0|0,1.60812348903072,0,0.00491547716863156,1,adjoint,2,3,pmmr
1|0|0|1|0|1|0|1|0|0|0|1|0|1|0|0|1,1.8583213363847,4.68834070124724,0.00322529565245802,1,adjoint,2,3,pmmr
1|0|0|1|0|1|0|1|0|0|0|1|0|1|0|1|0,1.57106390584094,0,0.00403498897280325,1,adjoint,2,3,pmmr
1|0|0|1|0|1|0|1|0|0|0|1|0|1|0|1|1,1.78241143468829,4.60666251129372,0.00336427388396819,1,adjoint,2,3,pmmr
1|0|0|1|0|1|0|1|0|0|1|0|1|0|0|0|1,1.72506703071202,2.56831218549017,0.0192242372302874,0,adjoint,2,3,pmmr
1|0|0|1|0|1|0|1|0|0|1|0|1|0|0|1|1,1.72506703071202,2.56831218549017,0.00307608005513212,0,adjoint,2,3,pmmr
1|0|0|1|0|1|0|1|0|1|0|0|0|1|0|0|0,1.19295720900169,0,8.97526486889509e-05,1,adjoint,2,3,pmmr
1|0|0|1|0|1|0|1|0|1|0|0|0|1|0|0|1,1.54485747816535,3.75666759404159,8.8685030516618e-05,1,adjoint,2,3,pmmr
1|0|0|1|0|1|0|1|0|1|0|0|0|1|0|1|0,1.0285004385072,0,6.9567359153476e-05,1,adjoint,2,3,pmmr
1|0|0|1|0|1|0|1|0|1|0|0|0|1|0|1|1,1.35879903968122,3.73306194682013,8.76503898024846e-05,1,adjoint,2,3,pmmr
1|0|0|1|0|1|0|1|0|1|0|1|0|1|0|0|0,1.68291912120018,0,0.000909695984198899,1,adjoint,2,3,pmmr
1|0|0|1|0|1|0|1|0|1|0|1|0|1|0|0|1,2.01457700909732,4.06724522783076,0.000801655343740288,1,adjoint,2,3,pmmr
1|0|0|1|0|1|0|1|0|1|0|1|0|1|0|1|0,1.55052894932982,0,0.000867996239426118,1,adjoint,2,3,pmmr
1|0|0|1|0|1|0|1|0|1|0|1|0|1|0|1|1,1.84743048877122,4.02554498442964,0.000976354591670722,1,adjoint,2,3,pmmr
1|0|0|1|0|1|0|1|1|0|0|0|0|1|0|0|0,1.16643423857319,0,6.68813542546445e-05,1,adjoint,2,3,pmmr
1|0|0|1|0|1|0|1|1|0|0|0|0|1|0|0|1,1.48903084771985,4.32027717676126,4.84084078839255e-05,1,adjoint,2,3,pmmr
1|0|0|1|0|1|0|1|1|0|0|0|0|1|0|1|0,1.03293708573202,0,4.43783915506443e-05,1,adjoint,2,3,pmmr
1|0|0|1|0|1|0|1|1|0|0|0|0|1|0|1|1,1.32824969659064,4.27064593570551,4.05979242371518e-05,1,adjoint,2,3,pmmr
1|0|0|1|0|1|0|1|1|0|0|1|0|1|0|0|0,1.65221204795736,0,0.000506027202239947,1,adjoint,2,3,pmmr
1|0|0|1|0|1|0|1|1|0|0|1|0|1|0|0|1,1.93460662610074,4.68834070124724,0.000332030295212288,1,adjoint,2,3,pmmr
1|0|0|1|0|1|0|1|1|0|0|1|0|1|0|1|0,1.5568624881874,0,0.000415384734976828,1,adjoint,2,3,pmmr
1|0|0|1|0|1|0|1|1|0|0|1|0|1|0|1|1,1.80219068271815,4.60666251129372,0.000346337505529963,1,adjoint,2,3,pmmr
1|0|0|1|0|1|0|1|1|0|1|0|1|0|0|0|1,1.74762569555668,2.56831218549017,0.0208522659592542,0,adjoint,2,3,pmmr
1|0|0|1|0|1|0|1|1|0|1|0|1|0|0|1|1,1.74762569555668,2.56831218549017,0.00333658176671457,0,adjoint,2,3,pmmr
1|0|0|1|0|1|0|1|1|1|0|0|0|1|0|0|0,1.24076403875684,0,0.000338154825418245,1,adjoint,2,3,pmmr
1|0|0|1|0|1|0|1|1|1|0|0|0|1|0|0|1,1.63052310428079,3.75666759404159,0.000334132434525585,1,adjoint,2,3,pmmr
1|0|0|1|0|1|0|1|1|1|0|0|0|1|0|1|0,1.02254435081894,0,0.0002621041109425,1,adjoint,2,3,pmmr
1|0|0|1|0|1|0|1|1|1|0|0|0|1|0|1|1,1.39385023380871,3.73306194682013,0.000330234290513469,1,adjoint,2,3,pmmr
1|0|0|1|0|1|0|1|1|1|0|1|0|1|0|0|0,1.74885536484131,0,0.003427398424603,1,adjoint,2,3,pmmr
1|0|0|1|0|1|0|1|1|1|0|1|0|1|0|0|1,2.11904022097386,4.06724522783076,0.0030203412018243,1,adjoint,2,3,pmmr
1|0|0|1|0|1|0|1|1|1|0|1|0|1|0|1|0,1.55809132607181,0,0.00327028919028398,1,adjoint,2,3,pmmr
1|0|0|1|0|1|0|1|1|1|0|1|0|1|0|1|1,1.89565067441009,4.02554498442964,0.00367854343370882,1,adjoint,2,3,pmmr
