basis,candidate,probability,reference,fitted
joint_categories,ensemble,0.00748294912415195,1.77880078307141,1.84945041788766
joint_categories,ensemble,0.0076425891174435,1.70468808971871,2.06654287433846
joint_categories,ensemble,0.000709245152938778,1.77880078307141,2.04250152676531
joint_categories,ensemble,0.000904292506752669,1.70468808971871,1.90232392623768
joint_categories,ensemble,0.000905462486159698,1.67032004603564,1.59160322008705
joint_categories,ensemble,0.00161476113157825,1.60653065971263,1.70637211182122
joint_categories,ensemble,0.000118622468061873,1.67032004603564,1.79064525434745
joint_categories,ensemble,0.000263779258816363,1.60653065971263,1.83773294891431
joint_categories,ensemble,0.000955884325267599,1.77880078307141,1.74279886576021
joint_categories,ensemble,0.000526445968276534,1.70468808971871,1.7684186876743
joint_categories,ensemble,0.000100182572573807,1.77880078307141,1.9243708384993
joint_categories,ensemble,6.97582859681761e-05,1.70468808971871,1.95207844706253
joint_categories,ensemble,0.00423314499514566,1.67032004603564,1.73177883114427
joint_categories,ensemble,0.00407081826466162,1.60653065971263,1.77026441389048
joint_categories,ensemble,0.00061322929520635,1.67032004603564,1.77050174209305
joint_categories,ensemble,0.000744710791703774,1.60653065971263,1.77529647668377
joint_categories,ensemble,0.00106462963936783,1.77880078307141,1.84167351663061
joint_categories,ensemble,0.00100512855611679,1.70468808971871,1.79614040346229
joint_categories,ensemble,0.00369302520387731,1.77880078307141,1.95271080613637
joint_categories,ensemble,0.00435261412495031,1.70468808971871,1.92484228404456
joint_categories,ensemble,0.000128823834574787,1.67032004603564,1.65416077799247
joint_categories,ensemble,0.000212368151645404,1.60653065971263,1.68341019723185
joint_categories,ensemble,0.000617664798248458,1.67032004603564,1.87065304394458
joint_categories,ensemble,0.00126964374825572,1.60653065971263,1.80980656910023
joint_categories,ensemble,0.000105972038196597,1.77880078307141,1.73012932972156
joint_categories,ensemble,5.4195344890929e-05,1.70468808971871,1.8337854430901
joint_categories,ensemble,0.000406479138868103,1.77880078307141,1.94299066810452
joint_categories,ensemble,0.000262823452651471,1.70468808971871,1.94056805748377
joint_categories,ensemble,0.000469298419546449,1.67032004603564,1.65508903035039
joint_categories,ensemble,0.000419073206247334,1.60653065971263,1.69723103534492
joint_categories,ensemble,0.00248810655825924,1.67032004603564,1.7530523802188
joint_categories,ensemble,0.00280579516520357,1.60653065971263,1.85717912881173
joint_categories,ensemble,0.000934898023489231,2.22140275816017,1.88372488539881
joint_categories,ensemble,0.0012271489970857,2.10517091807565,1.97071185332645
joint_categories,ensemble,0.000119612390536422,2.22140275816017,2.54397168615713
joint_categories,ensemble,0.000195999093135422,2.10517091807565,2.12715317060963
joint_categories,ensemble,0.000113220149243466,2.05127109637602,1.78475199952383
joint_categories,ensemble,0.000258943968827728,1.95122942450071,1.96107149332872
joint_categories,ensemble,2.00220509127348e-05,2.05127109637602,2.06712503086036
joint_categories,ensemble,5.70987369063187e-05,1.95122942450071,2.12491503322789
joint_categories,ensemble,0.000119425423258947,2.22140275816017,2.02621909386928
joint_categories,ensemble,8.45299455541655e-05,2.10517091807565,2.17575440208086
joint_categories,ensemble,1.68955359736889e-05,2.22140275816017,2.24730329656985
joint_categories,ensemble,1.51196218992706e-05,2.10517091807565,2.3196166060688
joint_categories,ensemble,0.000529317686205158,2.05127109637602,1.75140711032348
joint_categories,ensemble,0.000652798619692812,1.95122942450071,1.92602686109575
joint_categories,ensemble,0.000103505755447592,2.05127109637602,2.02952138139337
joint_categories,ensemble,0.000161203142952165,1.95122942450071,2.05351038937836
joint_categories,ensemble,0.000133011748319997,2.22140275816017,2.29843050136222
joint_categories,ensemble,0.000161390659713171,2.10517091807565,2.10822156044058
joint_categories,ensemble,0.000622819304603906,2.22140275816017,2.05334656933952
joint_categories,ensemble,0.000943398750833641,2.10517091807565,2.48358406800321
joint_categories,ensemble,1.61082916185006e-05,2.05127109637602,1.88558581143619
joint_categories,ensemble,3.40554717129719e-05,1.95122942450071,1.9345792588601
joint_categories,ensemble,0.000104254415201378,2.05127109637602,1.94077870903542
joint_categories,ensemble,0.00027483227707784,1.95122942450071,2.34783271268591
joint_categories,ensemble,1.32398399897382e-05,2.22140275816017,2.01792228776292
joint_categories,ensemble,8.70199380178946e-06,2.10517091807565,2.09962481240627
joint_categories,ensemble,6.85516725799842e-05,2.22140275816017,2.26383635897366
joint_categories,ensemble,5.69651500921905e-05,2.10517091807565,2.17300407928967
joint_categories,ensemble,5.86816548591944e-05,2.05127109637602,1.8445349323714
joint_categories,ensemble,6.72028061196784e-05,1.95122942450071,1.91354639944561
joint_categories,ensemble,0.000419962566954781,2.05127109637602,2.52498936514817
joint_categories,ensemble,0.000607353893819652,1.95122942450071,2.97692436360883
joint_categories,ensemble,0.000882983424545827,2.49182469764127,2.62412498966592
joint_categories,ensemble,0.00111936699941155,2.349858807576,2.21220526242904
joint_categories,ensemble,8.36904946958843e-05,2.49182469764127,2.32490474750637
joint_categories,ensemble,0.000132446632197425,2.349858807576,3.20423303252403
joint_categories,ensemble,0.00014775000352115,2.28402541668774,1.97361805525426
joint_categories,ensemble,0.000327033383193953,2.16183424272828,2.18300663097384
joint_categories,ensemble,1.93563735016384e-05,2.28402541668774,2.25779961352493
joint_categories,ensemble,5.34225290292901e-05,2.16183424272828,2.10903629290347
joint_categories,ensemble,0.000112793766333419,2.49182469764127,2.16075063521159
joint_categories,ensemble,7.7105577024548e-05,2.349858807576,2.29817137397976
joint_categories,ensemble,1.18214823518603e-05,2.49182469764127,2.42451837930797
joint_categories,ensemble,1.02171033989081e-05,2.349858807576,2.56069167869858
joint_categories,ensemble,0.00069074886867041,2.28402541668774,1.80926764508277
joint_categories,ensemble,0.000824452263201824,2.16183424272828,2.56204285022667
joint_categories,ensemble,0.000100064477447639,2.28402541668774,2.18115715738415
joint_categories,ensemble,0.000150824344820521,2.16183424272828,2.13975076215361
joint_categories,ensemble,0.000125625646953538,2.49182469764127,2.26542382672071
joint_categories,ensemble,0.000147215520629698,2.349858807576,2.16471415397188
joint_categories,ensemble,0.000435774717608172,2.49182469764127,3.15976740408984
joint_categories,ensemble,0.000637502885183462,2.349858807576,2.87240831499858
joint_categories,ensemble,2.10209945778757e-05,2.28402541668774,2.03600710531619
joint_categories,ensemble,4.30103708573674e-05,2.16183424272828,2.10033622660743
joint_categories,ensemble,0.00010078824635039,2.28402541668774,2.26950647391925
joint_categories,ensemble,0.00025713765480427,2.16183424272828,2.84943072133136
joint_categories,ensemble,1.25046357579688e-05,2.49182469764127,2.22718026677246
joint_categories,ensemble,7.93768704039999e-06,2.349858807576,2.31090197192311
joint_categories,ensemble,4.7964290026477e-05,2.49182469764127,2.44781858197016
joint_categories,ensemble,3.84942713848094e-05,2.349858807576,2.34587310038169
joint_categories,ensemble,7.65783720477939e-05,2.28402541668774,2.00530353922588
joint_categories,ensemble,8.48738093609244e-05,2.16183424272828,2.07458160766318
joint_categories,ensemble,0.000405999981625921,2.28402541668774,2.09483146705161
joint_categories,ensemble,0.000568250416412313,2.16183424272828,2.4734772142805
joint_categories,ensemble,0.000145869335475403,3.33964685192599,2.71428667793954
joint_categories,ensemble,0.000237454143139697,3.11700001661268,2.79639725504624
joint_categories,ensemble,1.86627626583844e-05,3.33964685192599,3.06920447005589
joint_categories,ensemble,3.7925954246108e-05,3.11700001661268,5.24384864706
joint_categories,ensemble,2.4400600579441e-05,3.01375270747048,2.41774164175431
joint_categories,ensemble,6.92403232783208e-05,2.82211880039051,2.30514285563018
joint_categories,ensemble,4.31504524916592e-06,3.01375270747048,2.74957353507918
joint_categories,ensemble,1.52679169168351e-05,2.82211880039051,2.81699090135471
joint_categories,ensemble,1.8633590714669e-05,3.33964685192599,2.95138894733987
joint_categories,ensemble,1.63566004119122e-05,3.11700001661268,2.93508406786699
joint_categories,ensemble,2.63615981963957e-06,3.33964685192599,3.07122010656176
joint_categories,ensemble,2.92565684461606e-06,3.11700001661268,3.15406569503624
joint_categories,ensemble,0.000114075714676479,3.01375270747048,2.339888437718
joint_categories,ensemble,0.000174555088762244,2.82211880039051,2.18960600100977
joint_categories,ensemble,2.2307006422673e-05,3.01375270747048,3.29001505297519
joint_categories,ensemble,4.31049148664089e-05,2.82211880039051,2.63944729657135
joint_categories,ensemble,2.07534242777046e-05,3.33964685192599,2.63122931036369
joint_categories,ensemble,3.12291994728862e-05,3.11700001661268,3.1010434438417
joint_categories,ensemble,9.71766286816531e-05,3.33964685192599,3.46684367391063
joint_categories,ensemble,0.000182548282686344,3.11700001661268,3.3502115151459
joint_categories,ensemble,3.47157279359331e-06,3.01375270747048,2.41951966622146
joint_categories,ensemble,9.10626295517483e-06,2.82211880039051,2.43748844910853
joint_categories,ensemble,2.24683535657752e-05,3.01375270747048,2.54362149917702
joint_categories,ensemble,7.34887775078738e-05,2.82211880039051,2.68881135091695
joint_categories,ensemble,2.0657725362343e-06,3.33964685192599,2.68086170188075
joint_categories,ensemble,1.68384156016759e-06,3.11700001661268,2.77609280233527
joint_categories,ensemble,1.06959119323509e-05,3.33964685192599,2.99251216011767
joint_categories,ensemble,1.10227942459221e-05,3.11700001661268,3.02579376213864
joint_categories,ensemble,1.26467561748286e-05,3.01375270747048,2.36496792249689
joint_categories,ensemble,1.79696945327679e-05,2.82211880039051,2.4455249514052
joint_categories,ensemble,9.05080846744403e-05,3.01375270747048,2.64364854883786
joint_categories,ensemble,0.000162403396158639,2.82211880039051,2.35980235611032
joint_categories,ensemble,0.000955884325267599,1.77880078307141,1.84945041788766
joint_categories,ensemble,0.000970351563627095,1.70468808971871,2.06654287433846
joint_categories,ensemble,0.000139844897630605,1.77880078307141,2.04250152676531
joint_categories,ensemble,0.000176779079384732,1.70468808971871,1.90232392623768
joint_categories,ensemble,6.2589294446911e-05,1.67032004603564,1.59160322008705
joint_categories,ensemble,0.000111229908396983,1.60653065971263,1.70637211182122
joint_categories,ensemble,1.26565182893121e-05,1.67032004603564,1.79064525434745
joint_categories,ensemble,2.79761065503157e-05,1.60653065971263,1.83773294891431
joint_categories,ensemble,0.000122106248236165,1.77880078307141,1.74279886576021
joint_categories,ensemble,6.6840917473422e-05,1.70468808971871,1.7684186876743
joint_categories,ensemble,1.9753425945745e-05,1.77880078307141,1.9243708384993
joint_categories,ensemble,1.36369653412199e-05,1.70468808971871,1.95207844706253
joint_categories,ensemble,0.000292612408120141,1.67032004603564,1.73177883114427
joint_categories,ensemble,0.000280410974616735,1.60653065971263,1.77026441389048
joint_categories,ensemble,6.54289859006547e-05,1.67032004603564,1.77050174209305
joint_categories,ensemble,7.89831185035628e-05,1.60653065971263,1.77529647668377
joint_categories,ensemble,0.000135997554921548,1.77880078307141,1.84167351663061
joint_categories,ensemble,0.000127617493376436,1.70468808971871,1.79614040346229
joint_categories,ensemble,0.000728169560896594,1.77880078307141,1.95271080613637
joint_categories,ensemble,0.000850887419922132,1.70468808971871,1.92484228404456
joint_categories,ensemble,8.90483375868919e-06,1.67032004603564,1.65416077799247
joint_categories,ensemble,1.46285971293273e-05,1.60653065971263,1.68341019723185
joint_categories,ensemble,6.5902235414781e-05,1.67032004603564,1.87065304394458
joint_categories,ensemble,0.00013465686779745,1.60653065971263,1.80980656910023
joint_categories,ensemble,1.35370438243179e-05,1.77880078307141,1.73012932972156
joint_categories,ensemble,6.8809845522369e-06,1.70468808971871,1.8337854430901
joint_categories,ensemble,8.01472288227161e-05,1.77880078307141,1.94299066810452
joint_categories,ensemble,5.13790478783116e-05,1.70468808971871,1.94056805748377
joint_categories,ensemble,3.24398386608389e-05,1.67032004603564,1.65508903035039
joint_categories,ensemble,2.88671020319653e-05,1.60653065971263,1.69723103534492
joint_categories,ensemble,0.000265470502130676,1.67032004603564,1.7530523802188
joint_categories,ensemble,0.000297579213969747,1.60653065971263,1.85717912881173
joint_categories,ensemble,0.000132056579730201,2.22140275816017,1.88372488539881
joint_categories,ensemble,0.000172859738935083,2.10517091807565,1.97071185332645
joint_categories,ensemble,2.60789243617065e-05,2.22140275816017,2.54397168615713
joint_categories,ensemble,4.2509300165877e-05,2.10517091807565,2.12715317060963
joint_categories,ensemble,8.70500243869682e-06,2.05127109637602,1.78475199952383
joint_categories,ensemble,1.99752704930459e-05,1.95122942450071,1.96107149332872
joint_categories,ensemble,2.37613678042614e-06,2.05127109637602,2.06712503086036
joint_categories,ensemble,6.7818270053608e-06,1.95122942450071,2.12491503322789
joint_categories,ensemble,1.68691263989926e-05,2.22140275816017,2.02621909386928
joint_categories,ensemble,1.19071313714885e-05,2.10517091807565,2.17575440208086
joint_categories,ensemble,3.68371038094215e-06,2.22140275816017,2.24730329656985
joint_categories,ensemble,3.2792220383723e-06,2.10517091807565,2.3196166060688
joint_categories,ensemble,4.06969234721017e-05,2.05127109637602,1.75140711032348
joint_categories,ensemble,5.03577243559056e-05,1.95122942450071,1.92602686109575
joint_categories,ensemble,1.22836483423577e-05,2.05127109637602,2.02952138139337
joint_categories,ensemble,1.91466902326703e-05,1.95122942450071,2.05351038937836
joint_categories,ensemble,1.87882272780048e-05,2.22140275816017,2.29843050136222
joint_categories,ensemble,2.27339527399143e-05,2.10517091807565,2.10822156044058
joint_categories,ensemble,0.000135792433065955,2.22140275816017,2.05334656933952
joint_categories,ensemble,0.000204609215449747,2.10517091807565,2.48358406800321
joint_categories,ensemble,1.23849614012393e-06,2.05127109637602,1.88558581143619
joint_categories,ensemble,2.62708284851948e-06,1.95122942450071,1.9345792588601
joint_categories,ensemble,1.2372496282299e-05,2.05127109637602,1.94077870903542
joint_categories,ensemble,3.26428404482803e-05,1.95122942450071,2.34783271268591
joint_categories,ensemble,1.87015903477317e-06,2.22140275816017,2.01792228776292
joint_categories,ensemble,1.22578788750539e-06,2.10517091807565,2.09962481240627
joint_categories,ensemble,1.4946226524396e-05,2.22140275816017,2.26383635897366
joint_categories,ensemble,1.23548972881728e-05,2.10517091807565,2.17300407928967
joint_categories,ensemble,4.51177596981956e-06,2.05127109637602,1.8445349323714
joint_categories,ensemble,5.18411081829589e-06,1.95122942450071,1.91354639944561
joint_categories,ensemble,4.98394747917028e-05,2.05127109637602,2.52498936514817
joint_categories,ensemble,7.2137655963828e-05,1.95122942450071,2.97692436360883
joint_categories,ensemble,0.00412805270405592,2.49182469764127,2.62412498966592
joint_categories,ensemble,0.00520141172609965,2.349858807576,2.21220526242904
joint_categories,ensemble,0.000603929882050146,2.49182469764127,2.32490474750637
joint_categories,ensemble,0.00094759550137048,2.349858807576,3.20423303252403
joint_categories,ensemble,0.000373781006118126,2.28402541668774,1.97361805525426
joint_categories,ensemble,0.000824452263201824,2.16183424272828,2.18300663097384
joint_categories,ensemble,7.55842701525296e-05,2.28402541668774,2.25779961352493
joint_categories,ensemble,0.00020736297182466,2.16183424272828,2.10903629290347
joint_categories,ensemble,0.000527324295303528,2.49182469764127,2.16075063521159
joint_categories,ensemble,0.000358289866231539,2.349858807576,2.29817137397976
joint_categories,ensemble,8.53065389129307e-05,2.49182469764127,2.42451837930797
joint_categories,ensemble,7.30987346164517e-05,2.349858807576,2.56069167869858
joint_categories,ensemble,0.00174747073403369,2.28402541668774,1.80926764508277
joint_categories,ensemble,0.00207844693914776,2.16183424272828,2.56204285022667
joint_categories,ensemble,0.00039073954092867,2.28402541668774,2.18115715738415
joint_categories,ensemble,0.000585434365122306,2.16183424272828,2.13975076215361
joint_categories,ensemble,0.000587314865929753,2.49182469764127,2.26542382672071
joint_categories,ensemble,0.00068407281585907,2.349858807576,2.16471415397188
joint_categories,ensemble,0.00314465071286622,2.49182469764127,3.15976740408984
joint_categories,ensemble,0.00456104361498663,2.349858807576,2.87240831499858
joint_categories,ensemble,5.31793456221294e-05,2.28402541668774,2.03600710531619
joint_categories,ensemble,0.000108429290148266,2.16183424272828,2.10033622660743
joint_categories,ensemble,0.000393565769936334,2.28402541668774,2.26950647391925
joint_categories,ensemble,0.000998096294524031,2.16183424272828,2.84943072133136
joint_categories,ensemble,5.84606619093318e-05,2.49182469764127,2.22718026677246
joint_categories,ensemble,3.68843984785601e-05,2.349858807576,2.31090197192311
joint_categories,ensemble,0.000346121362092197,2.49182469764127,2.44781858197016
joint_categories,ensemble,0.000275409029188504,2.349858807576,2.34587310038169
joint_categories,ensemble,0.000193729544966239,2.28402541668774,2.00530353922588
joint_categories,ensemble,0.000213967159960164,2.16183424272828,2.07458160766318
joint_categories,ensemble,0.00158538025165397,2.28402541668774,2.09483146705161
joint_categories,ensemble,0.00220570042693509,2.16183424272828,2.4734772142805
joint_categories,ensemble,0.000754084375812706,3.33964685192599,2.71428667793954
joint_categories,ensemble,0.00122415508932939,3.11700001661268,2.79639725504624
joint_categories,ensemble,0.0001489188152483,3.33964685192599,3.06920447005589
joint_categories,ensemble,0.000301041621736058,3.11700001661268,5.24384864706
joint_categories,ensemble,6.86603202630765e-05,3.01375270747048,2.41774164175431
joint_categories,ensemble,0.000195481692525041,2.82211880039051,2.30514285563018
joint_categories,ensemble,1.87416733633171e-05,3.01375270747048,2.74957353507918
joint_categories,ensemble,6.63682137311478e-05,2.82211880039051,2.81699090135471
joint_categories,ensemble,9.63279881780911e-05,3.33964685192599,2.95138894733987
joint_categories,ensemble,8.4323715617755e-05,3.11700001661268,2.93508406786699
joint_categories,ensemble,2.10351384911134e-05,3.33964685192599,3.07122010656176
joint_categories,ensemble,2.32227375330128e-05,3.11700001661268,3.15406569503624
joint_categories,ensemble,0.000320995177082884,3.01375270747048,2.339888437718
joint_categories,ensemble,0.000492810006864686,2.82211880039051,2.18960600100977
joint_categories,ensemble,9.68867309486421e-05,3.01375270747048,3.29001505297519
joint_categories,ensemble,0.000187373052807374,2.82211880039051,2.63944729657135
joint_categories,ensemble,0.000107286654466648,3.33964685192599,2.63122931036369
joint_categories,ensemble,0.000160996910666349,3.11700001661268,3.1010434438417
joint_categories,ensemble,0.00077541726688542,3.33964685192599,3.46684367391063
joint_categories,ensemble,0.00144899797928404,3.11700001661268,3.3502115151459
joint_categories,ensemble,9.76858332026189e-06,3.01375270747048,2.41951966622146
joint_categories,ensemble,2.5709118773179e-05,2.82211880039051,2.43748844910853
joint_categories,ensemble,9.7587515130386e-05,3.01375270747048,2.54362149917702
joint_categories,ensemble,0.00031944887564232,2.82211880039051,2.68881135091695
joint_categories,ensemble,1.06791930495902e-05,3.33964685192599,2.68086170188075
joint_categories,ensemble,8.68076331812331e-06,3.11700001661268,2.77609280233527
joint_categories,ensemble,8.53476284364712e-05,3.33964685192599,2.99251216011767
joint_categories,ensemble,8.74946964899589e-05,3.11700001661268,3.02579376213864
joint_categories,ensemble,3.55864326546287e-05,3.01375270747048,2.36496792249689
joint_categories,ensemble,5.07326675426327e-05,2.82211880039051,2.4455249514052
joint_categories,ensemble,0.000393106644718428,3.01375270747048,2.64364854883786
joint_categories,ensemble,0.000705952446927189,2.82211880039051,2.35980235611032
joint_categories,ensemble,0.00106462963936783,1.77880078307141,1.84945041788766
joint_categories,ensemble,0.000744617548498822,1.70468808971871,2.06654287433846
joint_categories,ensemble,8.14586064091042e-05,1.77880078307141,2.04250152676531
joint_categories,ensemble,7.13780584804168e-05,1.70468808971871,1.90232392623768
joint_categories,ensemble,0.000173893987726491,1.67032004603564,1.59160322008705
joint_categories,ensemble,0.000212368151645404,1.60653065971263,1.70637211182122
joint_categories,ensemble,1.83906000541097e-05,1.67032004603564,1.79064525434745
joint_categories,ensemble,2.81050774725219e-05,1.60653065971263,1.83773294891431
joint_categories,ensemble,0.000135997554921548,1.77880078307141,1.74279886576021
joint_categories,ensemble,5.12916369428333e-05,1.70468808971871,1.7684186876743
joint_categories,ensemble,1.15062227983188e-05,1.77880078307141,1.9243708384993
joint_categories,ensemble,5.50619515051667e-06,1.70468808971871,1.95207844706253
joint_categories,ensemble,0.000812975109496126,1.67032004603564,1.73177883114427
joint_categories,ensemble,0.000535380827321236,1.60653065971263,1.77026441389048
joint_categories,ensemble,9.50718265592076e-05,1.67032004603564,1.77050174209305
joint_categories,ensemble,7.93472337035748e-05,1.60653065971263,1.77529647668377
joint_categories,ensemble,0.000151469193524543,1.77880078307141,1.84167351663061
joint_categories,ensemble,9.79296871623786e-05,1.70468808971871,1.79614040346229
joint_categories,ensemble,0.000424153320322389,1.77880078307141,1.95271080613637
joint_categories,ensemble,0.000343562667204943,1.70468808971871,1.92484228404456
joint_categories,ensemble,2.4740605658263e-05,1.67032004603564,1.65416077799247
joint_categories,ensemble,2.79299711587711e-05,1.60653065971263,1.68341019723185
joint_categories,ensemble,9.57594834914816e-05,1.67032004603564,1.87065304394458
joint_categories,ensemble,0.000135277641113065,1.60653065971263,1.80980656910023
joint_categories,ensemble,1.50770733485513e-05,1.77880078307141,1.73012932972156
joint_categories,ensemble,5.2802530965096e-06,1.70468808971871,1.8337854430901
joint_categories,ensemble,4.66851610467426e-05,1.77880078307141,1.94299066810452
joint_categories,ensemble,2.07453093255728e-05,1.70468808971871,1.94056805748377
joint_categories,ensemble,9.01287185897598e-05,1.67032004603564,1.65508903035039
joint_categories,ensemble,5.5115150144761e-05,1.60653065971263,1.69723103534492
joint_categories,ensemble,0.000385742881197564,1.67032004603564,1.7530523802188
joint_categories,ensemble,0.000298951065538372,1.60653065971263,1.85717912881173
joint_categories,ensemble,0.00486799514877874,2.22140275816017,1.88372488539881
joint_categories,ensemble,0.00437572668196998,2.10517091807565,1.97071185332645
joint_categories,ensemble,0.000502778739068938,2.22140275816017,2.54397168615713
joint_categories,ensemble,0.000566200169935022,2.10517091807565,2.12715317060963
joint_categories,ensemble,0.000795789056860014,2.05127109637602,1.78475199952383
joint_categories,ensemble,0.00124637013784139,1.95122942450071,1.96107149332872
joint_categories,ensemble,0.000113605050807996,2.05127109637602,2.06712503086036
joint_categories,ensemble,0.000222654142301546,1.95122942450071,2.12491503322789
joint_categories,ensemble,0.000621845769761753,2.22140275816017,2.02621909386928
joint_categories,ensemble,0.000301414041053892,2.10517091807565,2.17575440208086
joint_categories,ensemble,7.10186982690438e-05,2.22140275816017,2.24730329656985
joint_categories,ensemble,4.36774086643626e-05,2.10517091807565,2.3196166060688
joint_categories,ensemble,0.00372040864721646,2.05127109637602,1.75140711032348
joint_categories,ensemble,0.00314210332564453,1.95122942450071,1.92602686109575
joint_categories,ensemble,0.000587291314850503,2.05127109637602,2.02952138139337
joint_categories,ensemble,0.000628604930249441,1.95122942450071,2.05351038937836
joint_categories,ensemble,0.000692589490280147,2.22140275816017,2.29843050136222
joint_categories,ensemble,0.000575481394357805,2.10517091807565,2.10822156044058
joint_categories,ensemble,0.00261795875186688,2.22140275816017,2.05334656933952
joint_categories,ensemble,0.00272528063519881,2.10517091807565,2.48358406800321
joint_categories,ensemble,0.000113220149243466,2.05127109637602,1.88558581143619
joint_categories,ensemble,0.000163918561862273,1.95122942450071,1.9345792588601
joint_categories,ensemble,0.000591539207822979,2.05127109637602,1.94077870903542
joint_categories,ensemble,0.0010716969979554,1.95122942450071,2.34783271268591
joint_categories,ensemble,6.89395797416559e-05,2.22140275816017,2.01792228776292
joint_categories,ensemble,3.10292772558639e-05,2.10517091807565,2.09962481240627
joint_categories,ensemble,0.000288150110086933,2.22140275816017,2.26383635897366
joint_categories,ensemble,0.000164560341308759,2.10517091807565,2.17300407928967
joint_categories,ensemble,0.000412455018717247,2.05127109637602,1.8445349323714
joint_categories,ensemble,0.000323466003498371,1.95122942450071,1.91354639944561
joint_categories,ensemble,0.00238286621906497,2.05127109637602,2.52498936514817
joint_categories,ensemble,0.00236835116902479,1.95122942450071,2.97692436360883
joint_categories,ensemble,0.000125625646953538,2.49182469764127,2.62412498966592
joint_categories,ensemble,0.000109059940049626,2.349858807576,2.21220526242904
joint_categories,ensemble,9.61206578482424e-06,2.49182469764127,2.32490474750637
joint_categories,ensemble,1.0454342359278e-05,2.349858807576,3.20423303252403
joint_categories,ensemble,2.83753746749529e-05,2.28402541668774,1.97361805525426
joint_categories,ensemble,4.30103708573674e-05,2.16183424272828,2.18300663097384
joint_categories,ensemble,3.00090977183953e-06,2.28402541668774,2.25779961352493
joint_categories,ensemble,5.69204843429907e-06,2.16183424272828,2.10903629290347
joint_categories,ensemble,1.60476283858334e-05,2.49182469764127,2.16075063521159
joint_categories,ensemble,7.51239728543871e-06,2.349858807576,2.29817137397976
joint_categories,ensemble,1.35772725986537e-06,2.49182469764127,2.42451837930797
joint_categories,ensemble,8.06461403209649e-07,2.349858807576,2.56069167869858
joint_categories,ensemble,0.000132658257108041,2.28402541668774,1.80926764508277
joint_categories,ensemble,0.000108429290148266,2.16183424272828,2.56204285022667
joint_categories,ensemble,1.55134673424864e-05,2.28402541668774,2.18115715738415
joint_categories,ensemble,1.60699894106312e-05,2.16183424272828,2.13975076215361
joint_categories,ensemble,1.78732722877697e-05,2.49182469764127,2.26542382672071
joint_categories,ensemble,1.43432099237244e-05,2.349858807576,2.16471415397188
joint_categories,ensemble,5.00498326391054e-05,2.49182469764127,3.15976740408984
joint_categories,ensemble,5.03196895697656e-05,2.349858807576,2.87240831499858
joint_categories,ensemble,4.03708008779839e-06,2.28402541668774,2.03600710531619
joint_categories,ensemble,5.65658460681113e-06,2.16183424272828,2.10033622660743
joint_categories,ensemble,1.56256766451553e-05,2.28402541668774,2.26950647391925
joint_categories,ensemble,2.73974297365351e-05,2.16183424272828,2.84943072133136
joint_categories,ensemble,1.77908544299253e-06,2.49182469764127,2.22718026677246
joint_categories,ensemble,7.7336894263794e-07,2.349858807576,2.31090197192311
joint_categories,ensemble,5.50882047874379e-06,2.49182469764127,2.44781858197016
joint_categories,ensemble,3.03844865853506e-06,2.349858807576,2.34587310038169
joint_categories,ensemble,1.47068693541049e-05,2.28402541668774,2.00530353922588
joint_categories,ensemble,1.11623283869032e-05,2.16183424272828,2.07458160766318
joint_categories,ensemble,6.29440898174842e-05,2.28402541668774,2.09483146705161
joint_categories,ensemble,6.05457838069798e-05,2.16183424272828,2.4734772142805
joint_categories,ensemble,0.000759538687224554,3.33964685192599,2.71428667793954
joint_categories,ensemble,0.000846706009089562,3.11700001661268,2.79639725504624
joint_categories,ensemble,7.84470591620539e-05,3.33964685192599,3.06920447005589
joint_categories,ensemble,0.000109560107628954,3.11700001661268,5.24384864706
joint_categories,ensemble,0.000171504198251637,3.01375270747048,2.41774164175431
joint_categories,ensemble,0.000333273146539268,2.82211880039051,2.30514285563018
joint_categories,ensemble,2.44835525045291e-05,3.01375270747048,2.74957353507918
joint_categories,ensemble,5.95366050115374e-05,2.82211880039051,2.81699090135471
joint_categories,ensemble,9.70247309592075e-05,3.33964685192599,2.95138894733987
joint_categories,ensemble,5.83238164385081e-05,3.11700001661268,2.93508406786699
joint_categories,ensemble,1.10808345536661e-05,3.33964685192599,3.07122010656176
joint_categories,ensemble,8.45160748498278e-06,3.11700001661268,3.15406569503624
joint_categories,ensemble,0.000801802558993415,3.01375270747048,2.339888437718
joint_categories,ensemble,0.000840182727662812,2.82211880039051,2.18960600100977
joint_categories,ensemble,0.000126569880831251,3.01375270747048,3.29001505297519
joint_categories,ensemble,0.00016808581710499,2.82211880039051,2.63944729657135
joint_categories,ensemble,0.000108062661558913,3.33964685192599,2.63122931036369
joint_categories,ensemble,0.000111356030697654,3.11700001661268,3.1010434438417
joint_categories,ensemble,0.000408472254558399,3.33964685192599,3.46684367391063
joint_categories,ensemble,0.000527343606671384,3.11700001661268,3.3502115151459
joint_categories,ensemble,2.4400600579441e-05,3.01375270747048,2.41951966622146
joint_categories,ensemble,4.38310043135704e-05,2.82211880039051,2.43748844910853
joint_categories,ensemble,0.000127485363988782,3.01375270747048,2.54362149917702
joint_categories,ensemble,0.000286566421804578,2.82211880039051,2.68881135091695
joint_categories,ensemble,1.07564359237141e-05,3.33964685192599,2.68086170188075
joint_categories,ensemble,6.00418568611739e-06,3.11700001661268,2.77609280233527
joint_categories,ensemble,4.49591977087213e-05,3.33964685192599,2.99251216011767
joint_categories,ensemble,3.1842534959525e-05,3.11700001661268,3.02579376213864
joint_categories,ensemble,8.88900980607588e-05,3.01375270747048,2.36496792249689
joint_categories,ensemble,8.64931929218788e-05,2.82211880039051,2.4455249514052
joint_categories,ensemble,0.000513542573774717,3.01375270747048,2.64364854883786
joint_categories,ensemble,0.000633285267551308,2.82211880039051,2.35980235611032
joint_categories,ensemble,0.000105972038196597,1.77880078307141,1.84945041788766
joint_categories,ensemble,7.40029352343184e-05,1.70468808971871,2.06654287433846
joint_categories,ensemble,1.25892464741956e-05,1.77880078307141,2.04250152676531
joint_categories,ensemble,1.10343278474698e-05,1.70468808971871,1.90232392623768
joint_categories,ensemble,9.36643552119747e-06,1.67032004603564,1.59160322008705
joint_categories,ensemble,1.14506399725992e-05,1.60653065971263,1.70637211182122
joint_categories,ensemble,1.53799777282289e-06,1.67032004603564,1.79064525434745
joint_categories,ensemble,2.35716852536868e-06,1.60653065971263,1.83773294891431
joint_categories,ensemble,1.35370438243179e-05,1.77880078307141,1.74279886576021
joint_categories,ensemble,5.09755873252653e-06,1.70468808971871,1.7684186876743
joint_categories,ensemble,1.778261146128e-06,1.77880078307141,1.9243708384993
joint_categories,ensemble,8.51202229038192e-07,1.70468808971871,1.95207844706253
joint_categories,ensemble,4.37892019326779e-05,1.67032004603564,1.73177883114427
joint_categories,ensemble,2.88671020319653e-05,1.60653065971263,1.77026441389048
joint_categories,ensemble,7.95081493132629e-06,1.67032004603564,1.77050174209305
joint_categories,ensemble,6.65484028798717e-06,1.60653065971263,1.77529647668377
joint_categories,ensemble,1.50770733485513e-05,1.77880078307141,1.84167351663061
joint_categories,ensemble,9.73262624713179e-06,1.70468808971871,1.79614040346229
joint_categories,ensemble,6.55519524305315e-05,1.77880078307141,1.95271080613637
joint_categories,ensemble,5.31113228182101e-05,1.70468808971871,1.92484228404456
joint_categories,ensemble,1.33260091785331e-06,1.67032004603564,1.65416077799247
joint_categories,ensemble,1.50595106519631e-06,1.60653065971263,1.68341019723185
joint_categories,ensemble,8.00832337733632e-06,1.67032004603564,1.87065304394458
joint_categories,ensemble,1.13457149559397e-05,1.60653065971263,1.80980656910023
joint_categories,ensemble,1.50075494209827e-06,1.77880078307141,1.73012932972156
joint_categories,ensemble,5.24771714969094e-07,1.70468808971871,1.8337854430901
joint_categories,ensemble,7.21508782206799e-06,1.77880078307141,1.94299066810452
joint_categories,ensemble,3.20701556288963e-06,1.70468808971871,1.94056805748377
joint_categories,ensemble,4.8545947005765e-06,1.67032004603564,1.65508903035039
joint_categories,ensemble,2.97174381588617e-06,1.60653065971263,1.69723103534492
joint_categories,ensemble,3.22595070535267e-05,1.67032004603564,1.7530523802188
joint_categories,ensemble,2.50729798913181e-05,1.60653065971263,1.85717912881173
joint_categories,ensemble,0.000535804216557258,2.22140275816017,1.88372488539881
joint_categories,ensemble,0.000482473898643181,2.10517091807565,1.97071185332645
joint_categories,ensemble,8.59217117479918e-05,2.22140275816017,2.54397168615713
joint_categories,ensemble,9.71089158479462e-05,2.10517091807565,2.12715317060963
joint_categories,ensemble,4.76763856244649e-05,2.05127109637602,1.78475199952383
joint_categories,ensemble,7.52594403054059e-05,1.95122942450071,1.96107149332872
joint_categories,ensemble,1.05675187534922e-05,2.05127109637602,2.06712503086036
joint_categories,ensemble,2.09127045694097e-05,1.95122942450071,2.12491503322789
joint_categories,ensemble,6.84445188015912e-05,2.22140275816017,2.02621909386928
joint_categories,ensemble,3.32343443872496e-05,2.10517091807565,2.17575440208086
joint_categories,ensemble,1.21366470919004e-05,2.22140275816017,2.24730329656985
joint_categories,ensemble,7.49110655147047e-06,2.10517091807565,2.3196166060688
joint_categories,ensemble,0.000222892782724565,2.05127109637602,1.75140711032348
joint_categories,ensemble,0.000189729303110001,1.95122942450071,1.92602686109575
joint_categories,ensemble,5.46297188312067e-05,2.05127109637602,2.02952138139337
joint_categories,ensemble,5.90414759918424e-05,1.95122942450071,2.05351038937836
joint_categories,ensemble,7.6231047462823e-05,2.22140275816017,2.29843050136222
joint_categories,ensemble,6.34534037686793e-05,2.10517091807565,2.10822156044058
joint_categories,ensemble,0.000447392619788555,2.22140275816017,2.05334656933952
joint_categories,ensemble,0.00046741251931438,2.10517091807565,2.48358406800321
joint_categories,ensemble,6.78311350132134e-06,2.05127109637602,1.88558581143619
joint_categories,ensemble,9.89787772257393e-06,1.95122942450071,1.9345792588601
joint_categories,ensemble,5.50248569727787e-05,2.05127109637602,1.94077870903542
joint_categories,ensemble,0.000100658727812086,1.95122942450071,2.34783271268591
joint_categories,ensemble,7.58795281924868e-06,2.22140275816017,2.01792228776292
joint_categories,ensemble,3.42133260548552e-06,2.10517091807565,2.09962481240627
joint_categories,ensemble,4.92430343114546e-05,2.22140275816017,2.26383635897366
joint_categories,ensemble,2.82237222533781e-05,2.10517091807565,2.17300407928967
joint_categories,ensemble,2.47105239203716e-05,2.05127109637602,1.8445349323714
joint_categories,ensemble,1.95318145404827e-05,1.95122942450071,1.91354639944561
joint_categories,ensemble,0.000221653731748163,2.05127109637602,2.52498936514817
joint_categories,ensemble,0.000222446471475719,1.95122942450071,2.97692436360883
joint_categories,ensemble,0.000457647591102943,2.49182469764127,2.62412498966592
joint_categories,ensemble,0.000396680697514186,2.349858807576,2.21220526242904
joint_categories,ensemble,5.43675333678904e-05,2.49182469764127,2.32490474750637
joint_categories,ensemble,5.91477196583503e-05,2.349858807576,3.20423303252403
joint_categories,ensemble,5.59360146777711e-05,2.28402541668774,1.97361805525426
joint_categories,ensemble,8.48738093609244e-05,2.16183424272828,2.18300663097384
joint_categories,ensemble,9.18486715680733e-06,2.28402541668774,2.25779961352493
joint_categories,ensemble,1.74716760401559e-05,2.16183424272828,2.10903629290347
joint_categories,ensemble,5.84606619093318e-05,2.49182469764127,2.16075063521159
joint_categories,ensemble,2.73246344518023e-05,2.349858807576,2.29817137397976
joint_categories,ensemble,7.67954399789561e-06,2.49182469764127,2.42451837930797
joint_categories,ensemble,4.56273109804858e-06,2.349858807576,2.56069167869858
joint_categories,ensemble,0.00026150753256037,2.28402541668774,1.80926764508277
joint_categories,ensemble,0.000213967159960164,2.16183424272828,2.56204285022667
joint_categories,ensemble,4.74819796380822e-05,2.28402541668774,2.18115715738415
joint_categories,ensemble,4.93266443868302e-05,2.16183424272828,2.13975076215361
joint_categories,ensemble,6.51113861379755e-05,2.49182469764127,2.26542382672071
joint_categories,ensemble,5.2170159955584e-05,2.349858807576,2.16471415397188
joint_categories,ensemble,0.000283090649500133,2.49182469764127,3.15976740408984
joint_categories,ensemble,0.000284694607243882,2.349858807576,2.87240831499858
joint_categories,ensemble,7.95824455652947e-06,2.28402541668774,2.03600710531619
joint_categories,ensemble,1.11623283869032e-05,2.16183424272828,2.10033622660743
joint_categories,ensemble,4.78254180008225e-05,2.28402541668774,2.26950647391925
joint_categories,ensemble,8.40960898725417e-05,2.16183424272828,2.84943072133136
joint_categories,ensemble,6.48111422385726e-06,2.49182469764127,2.22718026677246
joint_categories,ensemble,2.81295342232749e-06,2.349858807576,2.31090197192311
joint_categories,ensemble,3.11588567848423e-05,2.49182469764127,2.44781858197016
joint_categories,ensemble,1.71906852937362e-05,2.349858807576,2.34587310038169
joint_categories,ensemble,2.89914642354107e-05,2.28402541668774,2.00530353922588
joint_categories,ensemble,2.20269975042956e-05,2.16183424272828,2.07458160766318
joint_categories,ensemble,0.000192652611119777,2.28402541668774,2.09483146705161
joint_categories,ensemble,0.000185844574669916,2.16183424272828,2.4734772142805
joint_categories,ensemble,0.00305960966902122,3.33964685192599,2.71428667793954
joint_categories,ensemble,0.00341677525449953,3.11700001661268,2.79639725504624
joint_categories,ensemble,0.000490639849257172,3.33964685192599,3.06920447005589
joint_categories,ensemble,0.000687704229376201,3.11700001661268,5.24384864706
joint_categories,ensemble,0.000376045374945552,3.01375270747048,2.41774164175431
joint_categories,ensemble,0.000736502806032577,2.82211880039051,2.30514285563018
joint_categories,ensemble,8.33508350067117e-05,3.01375270747048,2.74957353507918
joint_categories,ensemble,0.000204655595824225,2.82211880039051,2.81699090135471
joint_categories,ensemble,0.000390839610898199,3.33964685192599,2.95138894733987
joint_categories,ensemble,0.00023535840139997,3.11700001661268,2.93508406786699
joint_categories,ensemble,6.93040510775986e-05,3.33964685192599,3.07122010656176
joint_categories,ensemble,5.30503879398729e-05,3.11700001661268,3.15406569503624
joint_categories,ensemble,0.00175805692806767,3.01375270747048,2.339888437718
joint_categories,ensemble,0.00185672606067844,2.82211880039051,2.18960600100977
joint_categories,ensemble,0.000430889481909668,3.01375270747048,3.29001505297519
joint_categories,ensemble,0.000577790806891949,2.82211880039051,2.63944729657135
joint_categories,ensemble,0.000435303125077114,3.33964685192599,2.63122931036369
joint_categories,ensemble,0.000449363209948342,3.11700001661268,3.1010434438417
joint_categories,ensemble,0.00255475179749266,3.33964685192599,3.46684367391063
joint_categories,ensemble,0.00331011384061995,3.11700001661268,3.3502115151459
joint_categories,ensemble,5.35015065947808e-05,3.01375270747048,2.41951966622146
joint_categories,ensemble,9.68624625277663e-05,2.82211880039051,2.43748844910853
joint_categories,ensemble,0.000434006116458544,3.01375270747048,2.54362149917702
joint_categories,ensemble,0.000985064932511136,2.82211880039051,2.68881135091695
joint_categories,ensemble,4.33295840092911e-05,3.33964685192599,2.68086170188075
joint_categories,ensemble,2.42291336727435e-05,3.11700001661268,2.77609280233527
joint_categories,ensemble,0.000281193128488883,3.33964685192599,2.99251216011767
joint_categories,ensemble,0.000199874264818062,3.11700001661268,3.02579376213864
joint_categories,ensemble,0.000194903160359726,3.01375270747048,2.36496792249689
joint_categories,ensemble,0.000191141950532684,2.82211880039051,2.4455249514052
joint_categories,ensemble,0.00174828396850091,3.01375270747048,2.64364854883786
joint_categories,ensemble,0.00217690232307168,2.82211880039051,2.35980235611032
joint_categories,sieve_md,0.00748294912415195,1.77880078307141,1.84966381715402
joint_categories,sieve_md,0.0076425891174435,1.70468808971871,2.25328968204695
joint_categories,sieve_md,0.000709245152938778,1.77880078307141,2.06628974874164
joint_categories,sieve_md,0.000904292506752669,1.70468808971871,1.58850902703386
joint_categories,sieve_md,0.000905462486159698,1.67032004603564,1.40718164484127
joint_categories,sieve_md,0.00161476113157825,1.60653065971263,1.57747034470398
joint_categories,sieve_md,0.000118622468061873,1.67032004603564,1.68267678221739
joint_categories,sieve_md,0.000263779258816363,1.60653065971263,1.70059000624805
joint_categories,sieve_md,0.000955884325267599,1.77880078307141,1.57097952334993
joint_categories,sieve_md,0.000526445968276534,1.70468808971871,1.48265558304146
joint_categories,sieve_md,0.000100182572573807,1.77880078307141,1.75501657775704
joint_categories,sieve_md,6.97582859681761e-05,1.70468808971871,1.68969254994812
joint_categories,sieve_md,0.00423314499514566,1.67032004603564,1.75429009796467
joint_categories,sieve_md,0.00407081826466162,1.60653065971263,1.72271641117329
joint_categories,sieve_md,0.00061322929520635,1.67032004603564,1.61868647124265
joint_categories,sieve_md,0.000744710791703774,1.60653065971263,1.51805315276135
joint_categories,sieve_md,0.00106462963936783,1.77880078307141,1.7727859893821
joint_categories,sieve_md,0.00100512855611679,1.70468808971871,1.5024436162679
joint_categories,sieve_md,0.00369302520387731,1.77880078307141,1.75991378829114
joint_categories,sieve_md,0.00435261412495031,1.70468808971871,1.55580109111855
joint_categories,sieve_md,0.000128823834574787,1.67032004603564,1.50638221834721
joint_categories,sieve_md,0.000212368151645404,1.60653065971263,1.45314927455818
joint_categories,sieve_md,0.000617664798248458,1.67032004603564,1.80654053909222
joint_categories,sieve_md,0.00126964374825572,1.60653065971263,1.54679682969373
joint_categories,sieve_md,0.000105972038196597,1.77880078307141,1.48019149388135
joint_categories,sieve_md,5.4195344890929e-05,1.70468808971871,1.57473627223623
joint_categories,sieve_md,0.000406479138868103,1.77880078307141,1.72013194348906
joint_categories,sieve_md,0.000262823452651471,1.70468808971871,1.56629059305531
joint_categories,sieve_md,0.000469298419546449,1.67032004603564,1.4988243585512
joint_categories,sieve_md,0.000419073206247334,1.60653065971263,1.4662622689204
joint_categories,sieve_md,0.00248810655825924,1.67032004603564,1.49214906823325
joint_categories,sieve_md,0.00280579516520357,1.60653065971263,1.63392237024256
joint_categories,sieve_md,0.000934898023489231,2.22140275816017,1.66629801812089
joint_categories,sieve_md,0.0012271489970857,2.10517091807565,1.72827528157209
joint_categories,sieve_md,0.000119612390536422,2.22140275816017,3.00981980323446
joint_categories,sieve_md,0.000195999093135422,2.10517091807565,1.81927289556884
joint_categories,sieve_md,0.000113220149243466,2.05127109637602,1.6881614692498
joint_categories,sieve_md,0.000258943968827728,1.95122942450071,2.00022275124351
joint_categories,sieve_md,2.00220509127348e-05,2.05127109637602,2.13133072799977
joint_categories,sieve_md,5.70987369063187e-05,1.95122942450071,2.16101649044449
joint_categories,sieve_md,0.000119425423258947,2.22140275816017,2.02081978174823
joint_categories,sieve_md,8.45299455541655e-05,2.10517091807565,2.23240019353762
joint_categories,sieve_md,1.68955359736889e-05,2.22140275816017,2.25121210624938
joint_categories,sieve_md,1.51196218992706e-05,2.10517091807565,2.2840435183509
joint_categories,sieve_md,0.000529317686205158,2.05127109637602,1.60144835063491
joint_categories,sieve_md,0.000652798619692812,1.95122942450071,1.89998714844297
joint_categories,sieve_md,0.000103505755447592,2.05127109637602,2.02528610046044
joint_categories,sieve_md,0.000161203142952165,1.95122942450071,1.95776439638154
joint_categories,sieve_md,0.000133011748319997,2.22140275816017,2.64318614625528
joint_categories,sieve_md,0.000161390659713171,2.10517091807565,1.99237965718167
joint_categories,sieve_md,0.000622819304603906,2.22140275816017,1.67588438839893
joint_categories,sieve_md,0.000943398750833641,2.10517091807565,2.60968102745952
joint_categories,sieve_md,1.61082916185006e-05,2.05127109637602,1.87117988974398
joint_categories,sieve_md,3.40554717129719e-05,1.95122942450071,1.85243543678655
joint_categories,sieve_md,0.000104254415201378,2.05127109637602,1.71738230601233
joint_categories,sieve_md,0.00027483227707784,1.95122942450071,2.62035059340795
joint_categories,sieve_md,1.32398399897382e-05,2.22140275816017,1.92809888733507
joint_categories,sieve_md,8.70199380178946e-06,2.10517091807565,1.95245191020695
joint_categories,sieve_md,6.85516725799842e-05,2.22140275816017,2.19340135347379
joint_categories,sieve_md,5.69651500921905e-05,2.10517091807565,1.79936881252204
joint_categories,sieve_md,5.86816548591944e-05,2.05127109637602,1.76051605022418
joint_categories,sieve_md,6.72028061196784e-05,1.95122942450071,1.78047175216314
joint_categories,sieve_md,0.000419962566954781,2.05127109637602,3.17384647902089
joint_categories,sieve_md,0.000607353893819652,1.95122942450071,4.17513390204677
joint_categories,sieve_md,0.000882983424545827,2.49182469764127,3.16081939053826
joint_categories,sieve_md,0.00111936699941155,2.349858807576,1.96819367249082
joint_categories,sieve_md,8.36904946958843e-05,2.49182469764127,2.05518813253758
joint_categories,sieve_md,0.000132446632197425,2.349858807576,4.15105215376516
joint_categories,sieve_md,0.00014775000352115,2.28402541668774,1.8872091091078
joint_categories,sieve_md,0.000327033383193953,2.16183424272828,2.28887639948008
joint_categories,sieve_md,1.93563735016384e-05,2.28402541668774,2.31725221117274
joint_categories,sieve_md,5.34225290292901e-05,2.16183424272828,1.84219955766707
joint_categories,sieve_md,0.000112793766333419,2.49182469764127,1.9809534009254
joint_categories,sieve_md,7.7105577024548e-05,2.349858807576,2.16269772319776
joint_categories,sieve_md,1.18214823518603e-05,2.49182469764127,2.28759302960221
joint_categories,sieve_md,1.02171033989081e-05,2.349858807576,2.49506163134118
joint_categories,sieve_md,0.00069074886867041,2.28402541668774,1.46466287489519
joint_categories,sieve_md,0.000824452263201824,2.16183424272828,3.22522194037101
joint_categories,sieve_md,0.000100064477447639,2.28402541668774,2.1049420216831
joint_categories,sieve_md,0.000150824344820521,2.16183424272828,1.88618754235701
joint_categories,sieve_md,0.000125625646953538,2.49182469764127,2.19238943254966
joint_categories,sieve_md,0.000147215520629698,2.349858807576,1.77014173090553
joint_categories,sieve_md,0.000435774717608172,2.49182469764127,4.07104963856144
joint_categories,sieve_md,0.000637502885183462,2.349858807576,3.2115004002176
joint_categories,sieve_md,2.10209945778757e-05,2.28402541668774,1.97708478476424
joint_categories,sieve_md,4.30103708573674e-05,2.16183424272828,2.00272318217623
joint_categories,sieve_md,0.00010078824635039,2.28402541668774,2.25639015465742
joint_categories,sieve_md,0.00025713765480427,2.16183424272828,3.61204493729327
joint_categories,sieve_md,1.25046357579688e-05,2.49182469764127,2.08062150286554
joint_categories,sieve_md,7.93768704039999e-06,2.349858807576,2.10897667119323
joint_categories,sieve_md,4.7964290026477e-05,2.49182469764127,2.25123158729006
joint_categories,sieve_md,3.84942713848094e-05,2.349858807576,1.84198818339175
joint_categories,sieve_md,7.65783720477939e-05,2.28402541668774,1.88549831096814
joint_categories,sieve_md,8.48738093609244e-05,2.16183424272828,1.90873350811608
joint_categories,sieve_md,0.000405999981625921,2.28402541668774,1.78902022417921
joint_categories,sieve_md,0.000568250416412313,2.16183424272828,2.61902843763841
joint_categories,sieve_md,0.000145869335475403,3.33964685192599,2.96813615661181
joint_categories,sieve_md,0.000237454143139697,3.11700001661268,3.01250227778055
joint_categories,sieve_md,1.86627626583844e-05,3.33964685192599,3.42964883879003
joint_categories,sieve_md,3.7925954246108e-05,3.11700001661268,8.78257109665574
joint_categories,sieve_md,2.4400600579441e-05,3.01375270747048,2.6976615501957
joint_categories,sieve_md,6.92403232783208e-05,2.82211880039051,2.27575370747479
joint_categories,sieve_md,4.31504524916592e-06,3.01375270747048,3.18294798042627
joint_categories,sieve_md,1.52679169168351e-05,2.82211880039051,3.24022784879039
joint_categories,sieve_md,1.8633590714669e-05,3.33964685192599,3.55702192880887
joint_categories,sieve_md,1.63566004119122e-05,3.11700001661268,3.34277839532119
joint_categories,sieve_md,2.63615981963957e-06,3.33964685192599,3.41426390428824
joint_categories,sieve_md,2.92565684461606e-06,3.11700001661268,3.47761342973449
joint_categories,sieve_md,0.000114075714676479,3.01375270747048,2.49482012025766
joint_categories,sieve_md,0.000174555088762244,2.82211880039051,1.96632932814317
joint_categories,sieve_md,2.2307006422673e-05,3.01375270747048,4.52549520846633
joint_categories,sieve_md,4.31049148664089e-05,2.82211880039051,2.75713039337934
joint_categories,sieve_md,2.07534242777046e-05,3.33964685192599,2.68059646672346
joint_categories,sieve_md,3.12291994728862e-05,3.11700001661268,3.68618685348124
joint_categories,sieve_md,9.71766286816531e-05,3.33964685192599,4.32295652108851
joint_categories,sieve_md,0.000182548282686344,3.11700001661268,3.88080675580413
joint_categories,sieve_md,3.47157279359331e-06,3.01375270747048,2.61922313700837
joint_categories,sieve_md,9.10626295517483e-06,2.82211880039051,2.51461624733419
joint_categories,sieve_md,2.24683535657752e-05,3.01375270747048,2.55220946719216
joint_categories,sieve_md,7.34887775078738e-05,2.82211880039051,2.79570745495684
joint_categories,sieve_md,2.0657725362343e-06,3.33964685192599,2.79080399886777
joint_categories,sieve_md,1.68384156016759e-06,3.11700001661268,2.83779413250395
joint_categories,sieve_md,1.06959119323509e-05,3.33964685192599,3.09915472496571
joint_categories,sieve_md,1.10227942459221e-05,3.11700001661268,3.01846368310964
joint_categories,sieve_md,1.26467561748286e-05,3.01375270747048,2.46744619838433
joint_categories,sieve_md,1.79696945327679e-05,2.82211880039051,2.50595152504743
joint_categories,sieve_md,9.05080846744403e-05,3.01375270747048,2.77397585813548
joint_categories,sieve_md,0.000162403396158639,2.82211880039051,1.91708260861042
joint_categories,sieve_md,0.000955884325267599,1.77880078307141,1.84966381715402
joint_categories,sieve_md,0.000970351563627095,1.70468808971871,2.25328968204695
joint_categories,sieve_md,0.000139844897630605,1.77880078307141,2.06628974874164
joint_categories,sieve_md,0.000176779079384732,1.70468808971871,1.58850902703386
joint_categories,sieve_md,6.2589294446911e-05,1.67032004603564,1.40718164484127
joint_categories,sieve_md,0.000111229908396983,1.60653065971263,1.57747034470398
joint_categories,sieve_md,1.26565182893121e-05,1.67032004603564,1.68267678221739
joint_categories,sieve_md,2.79761065503157e-05,1.60653065971263,1.70059000624805
joint_categories,sieve_md,0.000122106248236165,1.77880078307141,1.57097952334993
joint_categories,sieve_md,6.6840917473422e-05,1.70468808971871,1.48265558304146
joint_categories,sieve_md,1.9753425945745e-05,1.77880078307141,1.75501657775704
joint_categories,sieve_md,1.36369653412199e-05,1.70468808971871,1.68969254994812
joint_categories,sieve_md,0.000292612408120141,1.67032004603564,1.75429009796467
joint_categories,sieve_md,0.000280410974616735,1.60653065971263,1.72271641117329
joint_categories,sieve_md,6.54289859006547e-05,1.67032004603564,1.61868647124265
joint_categories,sieve_md,7.89831185035628e-05,1.60653065971263,1.51805315276135
joint_categories,sieve_md,0.000135997554921548,1.77880078307141,1.7727859893821
joint_categories,sieve_md,0.000127617493376436,1.70468808971871,1.5024436162679
joint_categories,sieve_md,0.000728169560896594,1.77880078307141,1.75991378829114
joint_categories,sieve_md,0.000850887419922132,1.70468808971871,1.55580109111855
joint_categories,sieve_md,8.90483375868919e-06,1.67032004603564,1.50638221834721
joint_categories,sieve_md,1.46285971293273e-05,1.60653065971263,1.45314927455818
joint_categories,sieve_md,6.5902235414781e-05,1.67032004603564,1.80654053909222
joint_categories,sieve_md,0.00013465686779745,1.60653065971263,1.54679682969373
joint_categories,sieve_md,1.35370438243179e-05,1.77880078307141,1.48019149388135
joint_categories,sieve_md,6.8809845522369e-06,1.70468808971871,1.57473627223623
joint_categories,sieve_md,8.01472288227161e-05,1.77880078307141,1.72013194348906
joint_categories,sieve_md,5.13790478783116e-05,1.70468808971871,1.56629059305531
joint_categories,sieve_md,3.24398386608389e-05,1.67032004603564,1.4988243585512
joint_categories,sieve_md,2.88671020319653e-05,1.60653065971263,1.4662622689204
joint_categories,sieve_md,0.000265470502130676,1.67032004603564,1.49214906823325
joint_categories,sieve_md,0.000297579213969747,1.60653065971263,1.63392237024256
joint_categories,sieve_md,0.000132056579730201,2.22140275816017,1.66629801812089
joint_categories,sieve_md,0.000172859738935083,2.10517091807565,1.72827528157209
joint_categories,sieve_md,2.60789243617065e-05,2.22140275816017,3.00981980323446
joint_categories,sieve_md,4.2509300165877e-05,2.10517091807565,1.81927289556884
joint_categories,sieve_md,8.70500243869682e-06,2.05127109637602,1.6881614692498
joint_categories,sieve_md,1.99752704930459e-05,1.95122942450071,2.00022275124351
joint_categories,sieve_md,2.37613678042614e-06,2.05127109637602,2.13133072799977
joint_categories,sieve_md,6.7818270053608e-06,1.95122942450071,2.16101649044449
joint_categories,sieve_md,1.68691263989926e-05,2.22140275816017,2.02081978174823
joint_categories,sieve_md,1.19071313714885e-05,2.10517091807565,2.23240019353762
joint_categories,sieve_md,3.68371038094215e-06,2.22140275816017,2.25121210624938
joint_categories,sieve_md,3.2792220383723e-06,2.10517091807565,2.2840435183509
joint_categories,sieve_md,4.06969234721017e-05,2.05127109637602,1.60144835063491
joint_categories,sieve_md,5.03577243559056e-05,1.95122942450071,1.89998714844297
joint_categories,sieve_md,1.22836483423577e-05,2.05127109637602,2.02528610046044
joint_categories,sieve_md,1.91466902326703e-05,1.95122942450071,1.95776439638154
joint_categories,sieve_md,1.87882272780048e-05,2.22140275816017,2.64318614625528
joint_categories,sieve_md,2.27339527399143e-05,2.10517091807565,1.99237965718167
joint_categories,sieve_md,0.000135792433065955,2.22140275816017,1.67588438839893
joint_categories,sieve_md,0.000204609215449747,2.10517091807565,2.60968102745952
joint_categories,sieve_md,1.23849614012393e-06,2.05127109637602,1.87117988974398
joint_categories,sieve_md,2.62708284851948e-06,1.95122942450071,1.85243543678655
joint_categories,sieve_md,1.2372496282299e-05,2.05127109637602,1.71738230601233
joint_categories,sieve_md,3.26428404482803e-05,1.95122942450071,2.62035059340795
joint_categories,sieve_md,1.87015903477317e-06,2.22140275816017,1.92809888733507
joint_categories,sieve_md,1.22578788750539e-06,2.10517091807565,1.95245191020695
joint_categories,sieve_md,1.4946226524396e-05,2.22140275816017,2.19340135347379
joint_categories,sieve_md,1.23548972881728e-05,2.10517091807565,1.79936881252204
joint_categories,sieve_md,4.51177596981956e-06,2.05127109637602,1.76051605022418
joint_categories,sieve_md,5.18411081829589e-06,1.95122942450071,1.78047175216314
joint_categories,sieve_md,4.98394747917028e-05,2.05127109637602,3.17384647902089
joint_categories,sieve_md,7.2137655963828e-05,1.95122942450071,4.17513390204677
joint_categories,sieve_md,0.00412805270405592,2.49182469764127,3.16081939053826
joint_categories,sieve_md,0.00520141172609965,2.349858807576,1.96819367249082
joint_categories,sieve_md,0.000603929882050146,2.49182469764127,2.05518813253758
joint_categories,sieve_md,0.00094759550137048,2.349858807576,4.15105215376516
joint_categories,sieve_md,0.000373781006118126,2.28402541668774,1.8872091091078
joint_categories,sieve_md,0.000824452263201824,2.16183424272828,2.28887639948008
joint_categories,sieve_md,7.55842701525296e-05,2.28402541668774,2.31725221117274
joint_categories,sieve_md,0.00020736297182466,2.16183424272828,1.84219955766707
joint_categories,sieve_md,0.000527324295303528,2.49182469764127,1.9809534009254
joint_categories,sieve_md,0.000358289866231539,2.349858807576,2.16269772319776
joint_categories,sieve_md,8.53065389129307e-05,2.49182469764127,2.28759302960221
joint_categories,sieve_md,7.30987346164517e-05,2.349858807576,2.49506163134118
joint_categories,sieve_md,0.00174747073403369,2.28402541668774,1.46466287489519
joint_categories,sieve_md,0.00207844693914776,2.16183424272828,3.22522194037101
joint_categories,sieve_md,0.00039073954092867,2.28402541668774,2.1049420216831
joint_categories,sieve_md,0.000585434365122306,2.16183424272828,1.88618754235701
joint_categories,sieve_md,0.000587314865929753,2.49182469764127,2.19238943254966
joint_categories,sieve_md,0.00068407281585907,2.349858807576,1.77014173090553
joint_categories,sieve_md,0.00314465071286622,2.49182469764127,4.07104963856144
joint_categories,sieve_md,0.00456104361498663,2.349858807576,3.2115004002176
joint_categories,sieve_md,5.31793456221294e-05,2.28402541668774,1.97708478476424
joint_categories,sieve_md,0.000108429290148266,2.16183424272828,2.00272318217623
joint_categories,sieve_md,0.000393565769936334,2.28402541668774,2.25639015465742
joint_categories,sieve_md,0.000998096294524031,2.16183424272828,3.61204493729327
joint_categories,sieve_md,5.84606619093318e-05,2.49182469764127,2.08062150286554
joint_categories,sieve_md,3.68843984785601e-05,2.349858807576,2.10897667119323
joint_categories,sieve_md,0.000346121362092197,2.49182469764127,2.25123158729006
joint_categories,sieve_md,0.000275409029188504,2.349858807576,1.84198818339175
joint_categories,sieve_md,0.000193729544966239,2.28402541668774,1.88549831096814
joint_categories,sieve_md,0.000213967159960164,2.16183424272828,1.90873350811608
joint_categories,sieve_md,0.00158538025165397,2.28402541668774,1.78902022417921
joint_categories,sieve_md,0.00220570042693509,2.16183424272828,2.61902843763841
joint_categories,sieve_md,0.000754084375812706,3.33964685192599,2.96813615661181
joint_categories,sieve_md,0.00122415508932939,3.11700001661268,3.01250227778055
joint_categories,sieve_md,0.0001489188152483,3.33964685192599,3.42964883879003
joint_categories,sieve_md,0.000301041621736058,3.11700001661268,8.78257109665574
joint_categories,sieve_md,6.86603202630765e-05,3.01375270747048,2.6976615501957
joint_categories,sieve_md,0.000195481692525041,2.82211880039051,2.27575370747479
joint_categories,sieve_md,1.87416733633171e-05,3.01375270747048,3.18294798042627
joint_categories,sieve_md,6.63682137311478e-05,2.82211880039051,3.24022784879039
joint_categories,sieve_md,9.63279881780911e-05,3.33964685192599,3.55702192880887
joint_categories,sieve_md,8.4323715617755e-05,3.11700001661268,3.34277839532119
joint_categories,sieve_md,2.10351384911134e-05,3.33964685192599,3.41426390428824
joint_categories,sieve_md,2.32227375330128e-05,3.11700001661268,3.47761342973449
joint_categories,sieve_md,0.000320995177082884,3.01375270747048,2.49482012025766
joint_categories,sieve_md,0.000492810006864686,2.82211880039051,1.96632932814317
joint_categories,sieve_md,9.68867309486421e-05,3.01375270747048,4.52549520846633
joint_categories,sieve_md,0.000187373052807374,2.82211880039051,2.75713039337934
joint_categories,sieve_md,0.000107286654466648,3.33964685192599,2.68059646672346
joint_categories,sieve_md,0.000160996910666349,3.11700001661268,3.68618685348124
joint_categories,sieve_md,0.00077541726688542,3.33964685192599,4.32295652108851
joint_categories,sieve_md,0.00144899797928404,3.11700001661268,3.88080675580413
joint_categories,sieve_md,9.76858332026189e-06,3.01375270747048,2.61922313700837
joint_categories,sieve_md,2.5709118773179e-05,2.82211880039051,2.51461624733419
joint_categories,sieve_md,9.7587515130386e-05,3.01375270747048,2.55220946719216
joint_categories,sieve_md,0.00031944887564232,2.82211880039051,2.79570745495684
joint_categories,sieve_md,1.06791930495902e-05,3.33964685192599,2.79080399886777
joint_categories,sieve_md,8.68076331812331e-06,3.11700001661268,2.83779413250395
joint_categories,sieve_md,8.53476284364712e-05,3.33964685192599,3.09915472496571
joint_categories,sieve_md,8.74946964899589e-05,3.11700001661268,3.01846368310964
joint_categories,sieve_md,3.55864326546287e-05,3.01375270747048,2.46744619838433
joint_categories,sieve_md,5.07326675426327e-05,2.82211880039051,2.50595152504743
joint_categories,sieve_md,0.000393106644718428,3.01375270747048,2.77397585813548
joint_categories,sieve_md,0.000705952446927189,2.82211880039051,1.91708260861042
joint_categories,sieve_md,0.00106462963936783,1.77880078307141,1.84966381715402
joint_categories,sieve_md,0.000744617548498822,1.70468808971871,2.25328968204695
joint_categories,sieve_md,8.14586064091042e-05,1.77880078307141,2.06628974874164
joint_categories,sieve_md,7.13780584804168e-05,1.70468808971871,1.58850902703386
joint_categories,sieve_md,0.000173893987726491,1.67032004603564,1.40718164484127
joint_categories,sieve_md,0.000212368151645404,1.60653065971263,1.57747034470398
joint_categories,sieve_md,1.83906000541097e-05,1.67032004603564,1.68267678221739
joint_categories,sieve_md,2.81050774725219e-05,1.60653065971263,1.70059000624805
joint_categories,sieve_md,0.000135997554921548,1.77880078307141,1.57097952334993
joint_categories,sieve_md,5.12916369428333e-05,1.70468808971871,1.48265558304146
joint_categories,sieve_md,1.15062227983188e-05,1.77880078307141,1.75501657775704
joint_categories,sieve_md,5.50619515051667e-06,1.70468808971871,1.68969254994812
joint_categories,sieve_md,0.000812975109496126,1.67032004603564,1.75429009796467
joint_categories,sieve_md,0.000535380827321236,1.60653065971263,1.72271641117329
joint_categories,sieve_md,9.50718265592076e-05,1.67032004603564,1.61868647124265
joint_categories,sieve_md,7.93472337035748e-05,1.60653065971263,1.51805315276135
joint_categories,sieve_md,0.000151469193524543,1.77880078307141,1.7727859893821
joint_categories,sieve_md,9.79296871623786e-05,1.70468808971871,1.5024436162679
joint_categories,sieve_md,0.000424153320322389,1.77880078307141,1.75991378829114
joint_categories,sieve_md,0.000343562667204943,1.70468808971871,1.55580109111855
joint_categories,sieve_md,2.4740605658263e-05,1.67032004603564,1.50638221834721
joint_categories,sieve_md,2.79299711587711e-05,1.60653065971263,1.45314927455818
joint_categories,sieve_md,9.57594834914816e-05,1.67032004603564,1.80654053909222
joint_categories,sieve_md,0.000135277641113065,1.60653065971263,1.54679682969373
joint_categories,sieve_md,1.50770733485513e-05,1.77880078307141,1.48019149388135
joint_categories,sieve_md,5.2802530965096e-06,1.70468808971871,1.57473627223623
joint_categories,sieve_md,4.66851610467426e-05,1.77880078307141,1.72013194348906
joint_categories,sieve_md,2.07453093255728e-05,1.70468808971871,1.56629059305531
joint_categories,sieve_md,9.01287185897598e-05,1.67032004603564,1.4988243585512
joint_categories,sieve_md,5.5115150144761e-05,1.60653065971263,1.4662622689204
joint_categories,sieve_md,0.000385742881197564,1.67032004603564,1.49214906823325
joint_categories,sieve_md,0.000298951065538372,1.60653065971263,1.63392237024256
joint_categories,sieve_md,0.00486799514877874,2.22140275816017,1.66629801812089
joint_categories,sieve_md,0.00437572668196998,2.10517091807565,1.72827528157209
joint_categories,sieve_md,0.000502778739068938,2.22140275816017,3.00981980323446
joint_categories,sieve_md,0.000566200169935022,2.10517091807565,1.81927289556884
joint_categories,sieve_md,0.000795789056860014,2.05127109637602,1.6881614692498
joint_categories,sieve_md,0.00124637013784139,1.95122942450071,2.00022275124351
joint_categories,sieve_md,0.000113605050807996,2.05127109637602,2.13133072799977
joint_categories,sieve_md,0.000222654142301546,1.95122942450071,2.16101649044449
joint_categories,sieve_md,0.000621845769761753,2.22140275816017,2.02081978174823
joint_categories,sieve_md,0.000301414041053892,2.10517091807565,2.23240019353762
joint_categories,sieve_md,7.10186982690438e-05,2.22140275816017,2.25121210624938
joint_categories,sieve_md,4.36774086643626e-05,2.10517091807565,2.2840435183509
joint_categories,sieve_md,0.00372040864721646,2.05127109637602,1.60144835063491
joint_categories,sieve_md,0.00314210332564453,1.95122942450071,1.89998714844297
joint_categories,sieve_md,0.000587291314850503,2.05127109637602,2.02528610046044
joint_categories,sieve_md,0.000628604930249441,1.95122942450071,1.95776439638154
joint_categories,sieve_md,0.000692589490280147,2.22140275816017,2.64318614625528
joint_categories,sieve_md,0.000575481394357805,2.10517091807565,1.99237965718167
joint_categories,sieve_md,0.00261795875186688,2.22140275816017,1.67588438839893
joint_categories,sieve_md,0.00272528063519881,2.10517091807565,2.60968102745952
joint_categories,sieve_md,0.000113220149243466,2.05127109637602,1.87117988974398
joint_categories,sieve_md,0.000163918561862273,1.95122942450071,1.85243543678655
joint_categories,sieve_md,0.000591539207822979,2.05127109637602,1.71738230601233
joint_categories,sieve_md,0.0010716969979554,1.95122942450071,2.62035059340795
joint_categories,sieve_md,6.89395797416559e-05,2.22140275816017,1.92809888733507
joint_categories,sieve_md,3.10292772558639e-05,2.10517091807565,1.95245191020695
joint_categories,sieve_md,0.000288150110086933,2.22140275816017,2.19340135347379
joint_categories,sieve_md,0.000164560341308759,2.10517091807565,1.79936881252204
joint_categories,sieve_md,0.000412455018717247,2.05127109637602,1.76051605022418
joint_categories,sieve_md,0.000323466003498371,1.95122942450071,1.78047175216314
joint_categories,sieve_md,0.00238286621906497,2.05127109637602,3.17384647902089
joint_categories,sieve_md,0.00236835116902479,1.95122942450071,4.17513390204677
joint_categories,sieve_md,0.000125625646953538,2.49182469764127,3.16081939053826
joint_categories,sieve_md,0.000109059940049626,2.349858807576,1.96819367249082
joint_categories,sieve_md,9.61206578482424e-06,2.49182469764127,2.05518813253758
joint_categories,sieve_md,1.0454342359278e-05,2.349858807576,4.15105215376516
joint_categories,sieve_md,2.83753746749529e-05,2.28402541668774,1.8872091091078
joint_categories,sieve_md,4.30103708573674e-05,2.16183424272828,2.28887639948008
joint_categories,sieve_md,3.00090977183953e-06,2.28402541668774,2.31725221117274
joint_categories,sieve_md,5.69204843429907e-06,2.16183424272828,1.84219955766707
joint_categories,sieve_md,1.60476283858334e-05,2.49182469764127,1.9809534009254
joint_categories,sieve_md,7.51239728543871e-06,2.349858807576,2.16269772319776
joint_categories,sieve_md,1.35772725986537e-06,2.49182469764127,2.28759302960221
joint_categories,sieve_md,8.06461403209649e-07,2.349858807576,2.49506163134118
joint_categories,sieve_md,0.000132658257108041,2.28402541668774,1.46466287489519
joint_categories,sieve_md,0.000108429290148266,2.16183424272828,3.22522194037101
joint_categories,sieve_md,1.55134673424864e-05,2.28402541668774,2.1049420216831
joint_categories,sieve_md,1.60699894106312e-05,2.16183424272828,1.88618754235701
joint_categories,sieve_md,1.78732722877697e-05,2.49182469764127,2.19238943254966
joint_categories,sieve_md,1.43432099237244e-05,2.349858807576,1.77014173090553
joint_categories,sieve_md,5.00498326391054e-05,2.49182469764127,4.07104963856144
joint_categories,sieve_md,5.03196895697656e-05,2.349858807576,3.2115004002176
joint_categories,sieve_md,4.03708008779839e-06,2.28402541668774,1.97708478476424
joint_categories,sieve_md,5.65658460681113e-06,2.16183424272828,2.00272318217623
joint_categories,sieve_md,1.56256766451553e-05,2.28402541668774,2.25639015465742
joint_categories,sieve_md,2.73974297365351e-05,2.16183424272828,3.61204493729327
joint_categories,sieve_md,1.77908544299253e-06,2.49182469764127,2.08062150286554
joint_categories,sieve_md,7.7336894263794e-07,2.349858807576,2.10897667119323
joint_categories,sieve_md,5.50882047874379e-06,2.49182469764127,2.25123158729006
joint_categories,sieve_md,3.03844865853506e-06,2.349858807576,1.84198818339175
joint_categories,sieve_md,1.47068693541049e-05,2.28402541668774,1.88549831096814
joint_categories,sieve_md,1.11623283869032e-05,2.16183424272828,1.90873350811608
joint_categories,sieve_md,6.29440898174842e-05,2.28402541668774,1.78902022417921
joint_categories,sieve_md,6.05457838069798e-05,2.16183424272828,2.61902843763841
joint_categories,sieve_md,0.000759538687224554,3.33964685192599,2.96813615661181
joint_categories,sieve_md,0.000846706009089562,3.11700001661268,3.01250227778055
joint_categories,sieve_md,7.84470591620539e-05,3.33964685192599,3.42964883879003
joint_categories,sieve_md,0.000109560107628954,3.11700001661268,8.78257109665574
joint_categories,sieve_md,0.000171504198251637,3.01375270747048,2.6976615501957
joint_categories,sieve_md,0.000333273146539268,2.82211880039051,2.27575370747479
joint_categories,sieve_md,2.44835525045291e-05,3.01375270747048,3.18294798042627
joint_categories,sieve_md,5.95366050115374e-05,2.82211880039051,3.24022784879039
joint_categories,sieve_md,9.70247309592075e-05,3.33964685192599,3.55702192880887
joint_categories,sieve_md,5.83238164385081e-05,3.11700001661268,3.34277839532119
joint_categories,sieve_md,1.10808345536661e-05,3.33964685192599,3.41426390428824
joint_categories,sieve_md,8.45160748498278e-06,3.11700001661268,3.47761342973449
joint_categories,sieve_md,0.000801802558993415,3.01375270747048,2.49482012025766
joint_categories,sieve_md,0.000840182727662812,2.82211880039051,1.96632932814317
joint_categories,sieve_md,0.000126569880831251,3.01375270747048,4.52549520846633
joint_categories,sieve_md,0.00016808581710499,2.82211880039051,2.75713039337934
joint_categories,sieve_md,0.000108062661558913,3.33964685192599,2.68059646672346
joint_categories,sieve_md,0.000111356030697654,3.11700001661268,3.68618685348124
joint_categories,sieve_md,0.000408472254558399,3.33964685192599,4.32295652108851
joint_categories,sieve_md,0.000527343606671384,3.11700001661268,3.88080675580413
joint_categories,sieve_md,2.4400600579441e-05,3.01375270747048,2.61922313700837
joint_categories,sieve_md,4.38310043135704e-05,2.82211880039051,2.51461624733419
joint_categories,sieve_md,0.000127485363988782,3.01375270747048,2.55220946719216
joint_categories,sieve_md,0.000286566421804578,2.82211880039051,2.79570745495684
joint_categories,sieve_md,1.07564359237141e-05,3.33964685192599,2.79080399886777
joint_categories,sieve_md,6.00418568611739e-06,3.11700001661268,2.83779413250395
joint_categories,sieve_md,4.49591977087213e-05,3.33964685192599,3.09915472496571
joint_categories,sieve_md,3.1842534959525e-05,3.11700001661268,3.01846368310964
joint_categories,sieve_md,8.88900980607588e-05,3.01375270747048,2.46744619838433
joint_categories,sieve_md,8.64931929218788e-05,2.82211880039051,2.50595152504743
joint_categories,sieve_md,0.000513542573774717,3.01375270747048,2.77397585813548
joint_categories,sieve_md,0.000633285267551308,2.82211880039051,1.91708260861042
joint_categories,sieve_md,0.000105972038196597,1.77880078307141,1.84966381715402
joint_categories,sieve_md,7.40029352343184e-05,1.70468808971871,2.25328968204695
joint_categories,sieve_md,1.25892464741956e-05,1.77880078307141,2.06628974874164
joint_categories,sieve_md,1.10343278474698e-05,1.70468808971871,1.58850902703386
joint_categories,sieve_md,9.36643552119747e-06,1.67032004603564,1.40718164484127
joint_categories,sieve_md,1.14506399725992e-05,1.60653065971263,1.57747034470398
joint_categories,sieve_md,1.53799777282289e-06,1.67032004603564,1.68267678221739
joint_categories,sieve_md,2.35716852536868e-06,1.60653065971263,1.70059000624805
joint_categories,sieve_md,1.35370438243179e-05,1.77880078307141,1.57097952334993
joint_categories,sieve_md,5.09755873252653e-06,1.70468808971871,1.48265558304146
joint_categories,sieve_md,1.778261146128e-06,1.77880078307141,1.75501657775704
joint_categories,sieve_md,8.51202229038192e-07,1.70468808971871,1.68969254994812
joint_categories,sieve_md,4.37892019326779e-05,1.67032004603564,1.75429009796467
joint_categories,sieve_md,2.88671020319653e-05,1.60653065971263,1.72271641117329
joint_categories,sieve_md,7.95081493132629e-06,1.67032004603564,1.61868647124265
joint_categories,sieve_md,6.65484028798717e-06,1.60653065971263,1.51805315276135
joint_categories,sieve_md,1.50770733485513e-05,1.77880078307141,1.7727859893821
joint_categories,sieve_md,9.73262624713179e-06,1.70468808971871,1.5024436162679
joint_categories,sieve_md,6.55519524305315e-05,1.77880078307141,1.75991378829114
joint_categories,sieve_md,5.31113228182101e-05,1.70468808971871,1.55580109111855
joint_categories,sieve_md,1.33260091785331e-06,1.67032004603564,1.50638221834721
joint_categories,sieve_md,1.50595106519631e-06,1.60653065971263,1.45314927455818
joint_categories,sieve_md,8.00832337733632e-06,1.67032004603564,1.80654053909222
joint_categories,sieve_md,1.13457149559397e-05,1.60653065971263,1.54679682969373
joint_categories,sieve_md,1.50075494209827e-06,1.77880078307141,1.48019149388135
joint_categories,sieve_md,5.24771714969094e-07,1.70468808971871,1.57473627223623
joint_categories,sieve_md,7.21508782206799e-06,1.77880078307141,1.72013194348906
joint_categories,sieve_md,3.20701556288963e-06,1.70468808971871,1.56629059305531
joint_categories,sieve_md,4.8545947005765e-06,1.67032004603564,1.4988243585512
joint_categories,sieve_md,2.97174381588617e-06,1.60653065971263,1.4662622689204
joint_categories,sieve_md,3.22595070535267e-05,1.67032004603564,1.49214906823325
joint_categories,sieve_md,2.50729798913181e-05,1.60653065971263,1.63392237024256
joint_categories,sieve_md,0.000535804216557258,2.22140275816017,1.66629801812089
joint_categories,sieve_md,0.000482473898643181,2.10517091807565,1.72827528157209
joint_categories,sieve_md,8.59217117479918e-05,2.22140275816017,3.00981980323446
joint_categories,sieve_md,9.71089158479462e-05,2.10517091807565,1.81927289556884
joint_categories,sieve_md,4.76763856244649e-05,2.05127109637602,1.6881614692498
joint_categories,sieve_md,7.52594403054059e-05,1.95122942450071,2.00022275124351
joint_categories,sieve_md,1.05675187534922e-05,2.05127109637602,2.13133072799977
joint_categories,sieve_md,2.09127045694097e-05,1.95122942450071,2.16101649044449
joint_categories,sieve_md,6.84445188015912e-05,2.22140275816017,2.02081978174823
joint_categories,sieve_md,3.32343443872496e-05,2.10517091807565,2.23240019353762
joint_categories,sieve_md,1.21366470919004e-05,2.22140275816017,2.25121210624938
joint_categories,sieve_md,7.49110655147047e-06,2.10517091807565,2.2840435183509
joint_categories,sieve_md,0.000222892782724565,2.05127109637602,1.60144835063491
joint_categories,sieve_md,0.000189729303110001,1.95122942450071,1.89998714844297
joint_categories,sieve_md,5.46297188312067e-05,2.05127109637602,2.02528610046044
joint_categories,sieve_md,5.90414759918424e-05,1.95122942450071,1.95776439638154
joint_categories,sieve_md,7.6231047462823e-05,2.22140275816017,2.64318614625528
joint_categories,sieve_md,6.34534037686793e-05,2.10517091807565,1.99237965718167
joint_categories,sieve_md,0.000447392619788555,2.22140275816017,1.67588438839893
joint_categories,sieve_md,0.00046741251931438,2.10517091807565,2.60968102745952
joint_categories,sieve_md,6.78311350132134e-06,2.05127109637602,1.87117988974398
joint_categories,sieve_md,9.89787772257393e-06,1.95122942450071,1.85243543678655
joint_categories,sieve_md,5.50248569727787e-05,2.05127109637602,1.71738230601233
joint_categories,sieve_md,0.000100658727812086,1.95122942450071,2.62035059340795
joint_categories,sieve_md,7.58795281924868e-06,2.22140275816017,1.92809888733507
joint_categories,sieve_md,3.42133260548552e-06,2.10517091807565,1.95245191020695
joint_categories,sieve_md,4.92430343114546e-05,2.22140275816017,2.19340135347379
joint_categories,sieve_md,2.82237222533781e-05,2.10517091807565,1.79936881252204
joint_categories,sieve_md,2.47105239203716e-05,2.05127109637602,1.76051605022418
joint_categories,sieve_md,1.95318145404827e-05,1.95122942450071,1.78047175216314
joint_categories,sieve_md,0.000221653731748163,2.05127109637602,3.17384647902089
joint_categories,sieve_md,0.000222446471475719,1.95122942450071,4.17513390204677
joint_categories,sieve_md,0.000457647591102943,2.49182469764127,3.16081939053826
joint_categories,sieve_md,0.000396680697514186,2.349858807576,1.96819367249082
joint_categories,sieve_md,5.43675333678904e-05,2.49182469764127,2.05518813253758
joint_categories,sieve_md,5.91477196583503e-05,2.349858807576,4.15105215376516
joint_categories,sieve_md,5.59360146777711e-05,2.28402541668774,1.8872091091078
joint_categories,sieve_md,8.48738093609244e-05,2.16183424272828,2.28887639948008
joint_categories,sieve_md,9.18486715680733e-06,2.28402541668774,2.31725221117274
joint_categories,sieve_md,1.74716760401559e-05,2.16183424272828,1.84219955766707
joint_categories,sieve_md,5.84606619093318e-05,2.49182469764127,1.9809534009254
joint_categories,sieve_md,2.73246344518023e-05,2.349858807576,2.16269772319776
joint_categories,sieve_md,7.67954399789561e-06,2.49182469764127,2.28759302960221
joint_categories,sieve_md,4.56273109804858e-06,2.349858807576,2.49506163134118
joint_categories,sieve_md,0.00026150753256037,2.28402541668774,1.46466287489519
joint_categories,sieve_md,0.000213967159960164,2.16183424272828,3.22522194037101
joint_categories,sieve_md,4.74819796380822e-05,2.28402541668774,2.1049420216831
joint_categories,sieve_md,4.93266443868302e-05,2.16183424272828,1.88618754235701
joint_categories,sieve_md,6.51113861379755e-05,2.49182469764127,2.19238943254966
joint_categories,sieve_md,5.2170159955584e-05,2.349858807576,1.77014173090553
joint_categories,sieve_md,0.000283090649500133,2.49182469764127,4.07104963856144
joint_categories,sieve_md,0.000284694607243882,2.349858807576,3.2115004002176
joint_categories,sieve_md,7.95824455652947e-06,2.28402541668774,1.97708478476424
joint_categories,sieve_md,1.11623283869032e-05,2.16183424272828,2.00272318217623
joint_categories,sieve_md,4.78254180008225e-05,2.28402541668774,2.25639015465742
joint_categories,sieve_md,8.40960898725417e-05,2.16183424272828,3.61204493729327
joint_categories,sieve_md,6.48111422385726e-06,2.49182469764127,2.08062150286554
joint_categories,sieve_md,2.81295342232749e-06,2.349858807576,2.10897667119323
joint_categories,sieve_md,3.11588567848423e-05,2.49182469764127,2.25123158729006
joint_categories,sieve_md,1.71906852937362e-05,2.349858807576,1.84198818339175
joint_categories,sieve_md,2.89914642354107e-05,2.28402541668774,1.88549831096814
joint_categories,sieve_md,2.20269975042956e-05,2.16183424272828,1.90873350811608
joint_categories,sieve_md,0.000192652611119777,2.28402541668774,1.78902022417921
joint_categories,sieve_md,0.000185844574669916,2.16183424272828,2.61902843763841
joint_categories,sieve_md,0.00305960966902122,3.33964685192599,2.96813615661181
joint_categories,sieve_md,0.00341677525449953,3.11700001661268,3.01250227778055
joint_categories,sieve_md,0.000490639849257172,3.33964685192599,3.42964883879003
joint_categories,sieve_md,0.000687704229376201,3.11700001661268,8.78257109665574
joint_categories,sieve_md,0.000376045374945552,3.01375270747048,2.6976615501957
joint_categories,sieve_md,0.000736502806032577,2.82211880039051,2.27575370747479
joint_categories,sieve_md,8.33508350067117e-05,3.01375270747048,3.18294798042627
joint_categories,sieve_md,0.000204655595824225,2.82211880039051,3.24022784879039
joint_categories,sieve_md,0.000390839610898199,3.33964685192599,3.55702192880887
joint_categories,sieve_md,0.00023535840139997,3.11700001661268,3.34277839532119
joint_categories,sieve_md,6.93040510775986e-05,3.33964685192599,3.41426390428824
joint_categories,sieve_md,5.30503879398729e-05,3.11700001661268,3.47761342973449
joint_categories,sieve_md,0.00175805692806767,3.01375270747048,2.49482012025766
joint_categories,sieve_md,0.00185672606067844,2.82211880039051,1.96632932814317
joint_categories,sieve_md,0.000430889481909668,3.01375270747048,4.52549520846633
joint_categories,sieve_md,0.000577790806891949,2.82211880039051,2.75713039337934
joint_categories,sieve_md,0.000435303125077114,3.33964685192599,2.68059646672346
joint_categories,sieve_md,0.000449363209948342,3.11700001661268,3.68618685348124
joint_categories,sieve_md,0.00255475179749266,3.33964685192599,4.32295652108851
joint_categories,sieve_md,0.00331011384061995,3.11700001661268,3.88080675580413
joint_categories,sieve_md,5.35015065947808e-05,3.01375270747048,2.61922313700837
joint_categories,sieve_md,9.68624625277663e-05,2.82211880039051,2.51461624733419
joint_categories,sieve_md,0.000434006116458544,3.01375270747048,2.55220946719216
joint_categories,sieve_md,0.000985064932511136,2.82211880039051,2.79570745495684
joint_categories,sieve_md,4.33295840092911e-05,3.33964685192599,2.79080399886777
joint_categories,sieve_md,2.42291336727435e-05,3.11700001661268,2.83779413250395
joint_categories,sieve_md,0.000281193128488883,3.33964685192599,3.09915472496571
joint_categories,sieve_md,0.000199874264818062,3.11700001661268,3.01846368310964
joint_categories,sieve_md,0.000194903160359726,3.01375270747048,2.46744619838433
joint_categories,sieve_md,0.000191141950532684,2.82211880039051,2.50595152504743
joint_categories,sieve_md,0.00174828396850091,3.01375270747048,2.77397585813548
joint_categories,sieve_md,0.00217690232307168,2.82211880039051,1.91708260861042
joint_categories,landweber,0.00748294912415195,1.77880078307141,1.66640069197308
joint_categories,landweber,0.0076425891174435,1.70468808971871,1.64271671794899
joint_categories,landweber,0.000709245152938778,1.77880078307141,1.81072365965916
joint_categories,landweber,0.000904292506752669,1.70468808971871,1.781910427129
joint_categories,landweber,0.000905462486159698,1.67032004603564,1.4385316727882
joint_categories,landweber,0.00161476113157825,1.60653065971263,1.42294619565385
joint_categories,landweber,0.000118622468061873,1.67032004603564,1.53350485214332
joint_categories,landweber,0.000263779258816363,1.60653065971263,1.51454401489917
joint_categories,landweber,0.000955884325267599,1.77880078307141,1.68228790461865
joint_categories,landweber,0.000526445968276534,1.70468808971871,1.6580392968297
joint_categories,landweber,0.000100182572573807,1.77880078307141,1.83005157953221
joint_categories,landweber,6.97582859681761e-05,1.70468808971871,1.80055143001992
joint_categories,landweber,0.00423314499514566,1.67032004603564,1.44898641273868
joint_categories,landweber,0.00407081826466162,1.60653065971263,1.43302937268072
joint_categories,landweber,0.00061322929520635,1.67032004603564,1.54622378406451
joint_categories,landweber,0.000744710791703774,1.60653065971263,1.52681091419666
joint_categories,landweber,0.00106462963936783,1.77880078307141,1.66882247518277
joint_categories,landweber,0.00100512855611679,1.70468808971871,1.64505243064386
joint_categories,landweber,0.00369302520387731,1.77880078307141,1.81366993052939
joint_categories,landweber,0.00435261412495031,1.70468808971871,1.78475198711942
joint_categories,landweber,0.000128823834574787,1.67032004603564,1.44012535156865
joint_categories,landweber,0.000212368151645404,1.60653065971263,1.42448323486701
joint_categories,landweber,0.000617664798248458,1.67032004603564,1.53544367529997
joint_categories,landweber,0.00126964374825572,1.60653065971263,1.51641393200901
joint_categories,landweber,0.000105972038196597,1.77880078307141,1.6847674239401
joint_categories,landweber,5.4195344890929e-05,1.70468808971871,1.66043069368683
joint_categories,landweber,0.000406479138868103,1.77880078307141,1.8330680904733
joint_categories,landweber,0.000262823452651471,1.70468808971871,1.80346073373924
joint_categories,landweber,0.000469298419546449,1.67032004603564,1.45061808534774
joint_categories,landweber,0.000419073206247334,1.60653065971263,1.43460305541648
joint_categories,landweber,0.00248810655825924,1.67032004603564,1.54820882940572
joint_categories,landweber,0.00280579516520357,1.60653065971263,1.52872541074813
joint_categories,landweber,0.000934898023489231,2.22140275816017,1.9505549566132
joint_categories,landweber,0.0012271489970857,2.10517091807565,1.91677210018453
joint_categories,landweber,0.000119612390536422,2.22140275816017,2.15641745636685
joint_categories,landweber,0.000195999093135422,2.10517091807565,2.11531821783439
joint_categories,landweber,0.000113220149243466,2.05127109637602,1.6255222424312
joint_categories,landweber,0.000258943968827728,1.95122942450071,1.60329109423511
joint_categories,landweber,2.00220509127348e-05,2.05127109637602,1.76099212934568
joint_categories,landweber,5.70987369063187e-05,1.95122942450071,1.73394636237536
joint_categories,landweber,0.000119425423258947,2.22140275816017,1.97321650079963
joint_categories,landweber,8.45299455541655e-05,2.10517091807565,1.93862824991335
joint_categories,landweber,1.68955359736889e-05,2.22140275816017,2.18398683055514
joint_categories,landweber,1.51196218992706e-05,2.10517091807565,2.14190777259873
joint_categories,landweber,0.000529317686205158,2.05127109637602,1.64043489933528
joint_categories,landweber,0.000652798619692812,1.95122942450071,1.61767375322202
joint_categories,landweber,0.000103505755447592,2.05127109637602,1.77913443310698
joint_categories,landweber,0.000161203142952165,1.95122942450071,1.75144388611739
joint_categories,landweber,0.000133011748319997,2.22140275816017,1.95400939185245
joint_categories,landweber,0.000161390659713171,2.10517091807565,1.92010376431105
joint_categories,landweber,0.000622819304603906,2.22140275816017,2.16062002159967
joint_categories,landweber,0.000943398750833641,2.10517091807565,2.11937142330963
joint_categories,landweber,1.61082916185006e-05,2.05127109637602,1.62779546825802
joint_categories,landweber,3.40554717129719e-05,1.95122942450071,1.60548352929733
joint_categories,landweber,0.000104254415201378,2.05127109637602,1.7637576696336
joint_categories,landweber,0.00027483227707784,1.95122942450071,1.73661361497372
joint_categories,landweber,1.32398399897382e-05,2.22140275816017,1.97675329091617
joint_categories,landweber,8.70199380178946e-06,2.10517091807565,1.94203934201328
joint_categories,landweber,6.85516725799842e-05,2.22140275816017,2.18828958633146
joint_categories,landweber,5.69651500921905e-05,2.10517091807565,2.1460576078315
joint_categories,landweber,5.86816548591944e-05,2.05127109637602,1.64276231961679
joint_categories,landweber,6.72028061196784e-05,1.95122942450071,1.61991845666041
joint_categories,landweber,0.000419962566954781,2.05127109637602,1.78196590478898
joint_categories,landweber,0.000607353893819652,1.95122942450071,1.75417472689883
joint_categories,landweber,0.000882983424545827,2.49182469764127,2.31736932369877
joint_categories,landweber,0.00111936699941155,2.349858807576,2.2705498332354
joint_categories,landweber,8.36904946958843e-05,2.49182469764127,2.60267312458753
joint_categories,landweber,0.000132446632197425,2.349858807576,2.54571389704013
joint_categories,landweber,0.00014775000352115,2.28402541668774,1.86690812323589
joint_categories,landweber,0.000327033383193953,2.16183424272828,1.83609808699298
joint_categories,landweber,1.93563735016384e-05,2.28402541668774,2.05465515676032
joint_categories,landweber,5.34225290292901e-05,2.16183424272828,2.01717256462326
joint_categories,landweber,0.000112793766333419,2.49182469764127,2.34877584357555
joint_categories,landweber,7.7105577024548e-05,2.349858807576,2.30084016099247
joint_categories,landweber,1.18214823518603e-05,2.49182469764127,2.64088138132909
joint_categories,landweber,1.02171033989081e-05,2.349858807576,2.58256422698018
joint_categories,landweber,0.00069074886867041,2.28402541668774,1.88757549928143
joint_categories,landweber,0.000824452263201824,2.16183424272828,1.85603094159624
joint_categories,landweber,0.000100064477447639,2.28402541668774,2.0797984841083
joint_categories,landweber,0.000150824344820521,2.16183424272828,2.04142229459212
joint_categories,landweber,0.000125625646953538,2.49182469764127,2.32215680808695
joint_categories,landweber,0.000147215520629698,2.349858807576,2.27516716975721
joint_categories,landweber,0.000435774717608172,2.49182469764127,2.60849743856333
joint_categories,landweber,0.000637502885183462,2.349858807576,2.55133121408065
joint_categories,landweber,2.10209945778757e-05,2.28402541668774,1.87005857545253
joint_categories,landweber,4.30103708573674e-05,2.16183424272828,1.83913657169613
joint_categories,landweber,0.00010078824635039,2.28402541668774,2.05848790510741
joint_categories,landweber,0.00025713765480427,2.16183424272828,2.02086909655672
joint_categories,landweber,1.25046357579688e-05,2.49182469764127,2.35367746317311
joint_categories,landweber,7.93768704039999e-06,2.349858807576,2.30556757634232
joint_categories,landweber,4.7964290026477e-05,2.49182469764127,2.64684454887417
joint_categories,landweber,3.84942713848094e-05,2.349858807576,2.58831546271465
joint_categories,landweber,7.65783720477939e-05,2.28402541668774,1.89080105931968
joint_categories,landweber,8.48738093609244e-05,2.16183424272828,1.85914186477849
joint_categories,landweber,0.000405999981625921,2.28402541668774,2.08372260644214
joint_categories,landweber,0.000568250416412313,2.16183424272828,2.04520695306804
joint_categories,landweber,0.000145869335475403,3.33964685192599,2.8790975991103
joint_categories,landweber,0.000237454143139697,3.11700001661268,2.81231420698282
joint_categories,landweber,1.86627626583844e-05,3.33964685192599,3.28605537292718
joint_categories,landweber,3.7925954246108e-05,3.11700001661268,3.20480864446156
joint_categories,landweber,2.4400600579441e-05,3.01375270747048,2.23655906033095
joint_categories,landweber,6.92403232783208e-05,2.82211880039051,2.19261157795752
joint_categories,landweber,4.31504524916592e-06,3.01375270747048,2.50436171338295
joint_categories,landweber,1.52679169168351e-05,2.82211880039051,2.45089648717332
joint_categories,landweber,1.8633590714669e-05,3.33964685192599,2.92389590664274
joint_categories,landweber,1.63566004119122e-05,3.11700001661268,2.85552037638471
joint_categories,landweber,2.63615981963957e-06,3.33964685192599,3.34055568822803
joint_categories,landweber,2.92565684461606e-06,3.11700001661268,3.25737201091551
joint_categories,landweber,0.000114075714676479,3.01375270747048,2.26603903683295
joint_categories,landweber,0.000174555088762244,2.82211880039051,2.22104383196145
joint_categories,landweber,2.2307006422673e-05,3.01375270747048,2.54022619360371
joint_categories,landweber,4.31049148664089e-05,2.82211880039051,2.48548633873872
joint_categories,landweber,2.07534242777046e-05,3.33964685192599,2.88592647409453
joint_categories,landweber,3.12291994728862e-05,3.11700001661268,2.81890038279269
joint_categories,landweber,9.71766286816531e-05,3.33964685192599,3.29436318320598
joint_categories,landweber,0.000182548282686344,3.11700001661268,3.21282119399827
joint_categories,landweber,3.47157279359331e-06,3.01375270747048,2.24105287014563
joint_categories,landweber,9.10626295517483e-06,2.82211880039051,2.19694567714134
joint_categories,landweber,2.24683535657752e-05,3.01375270747048,2.50982875143176
joint_categories,landweber,7.34887775078738e-05,2.82211880039051,2.45616922592337
joint_categories,landweber,2.0657725362343e-06,3.33964685192599,2.93088758426255
joint_categories,landweber,1.68384156016759e-06,3.11700001661268,2.86226356880165
joint_categories,landweber,1.06959119323509e-05,3.33964685192599,3.3490615594484
joint_categories,landweber,1.10227942459221e-05,3.11700001661268,3.26557558228016
joint_categories,landweber,1.26467561748286e-05,3.01375270747048,2.27063998055816
joint_categories,landweber,1.79696945327679e-05,2.82211880039051,2.22548125750161
joint_categories,landweber,9.05080846744403e-05,3.01375270747048,2.54582356764566
joint_categories,landweber,0.000162403396158639,2.82211880039051,2.49088478132245
joint_categories,landweber,0.000955884325267599,1.77880078307141,1.66640069197308
joint_categories,landweber,0.000970351563627095,1.70468808971871,1.64271671794899
joint_categories,landweber,0.000139844897630605,1.77880078307141,1.81072365965916
joint_categories,landweber,0.000176779079384732,1.70468808971871,1.781910427129
joint_categories,landweber,6.2589294446911e-05,1.67032004603564,1.4385316727882
joint_categories,landweber,0.000111229908396983,1.60653065971263,1.42294619565385
joint_categories,landweber,1.26565182893121e-05,1.67032004603564,1.53350485214332
joint_categories,landweber,2.79761065503157e-05,1.60653065971263,1.51454401489917
joint_categories,landweber,0.000122106248236165,1.77880078307141,1.68228790461865
joint_categories,landweber,6.6840917473422e-05,1.70468808971871,1.6580392968297
joint_categories,landweber,1.9753425945745e-05,1.77880078307141,1.83005157953221
joint_categories,landweber,1.36369653412199e-05,1.70468808971871,1.80055143001992
joint_categories,landweber,0.000292612408120141,1.67032004603564,1.44898641273868
joint_categories,landweber,0.000280410974616735,1.60653065971263,1.43302937268072
joint_categories,landweber,6.54289859006547e-05,1.67032004603564,1.54622378406451
joint_categories,landweber,7.89831185035628e-05,1.60653065971263,1.52681091419666
joint_categories,landweber,0.000135997554921548,1.77880078307141,1.66882247518277
joint_categories,landweber,0.000127617493376436,1.70468808971871,1.64505243064386
joint_categories,landweber,0.000728169560896594,1.77880078307141,1.81366993052939
joint_categories,landweber,0.000850887419922132,1.70468808971871,1.78475198711942
joint_categories,landweber,8.90483375868919e-06,1.67032004603564,1.44012535156865
joint_categories,landweber,1.46285971293273e-05,1.60653065971263,1.42448323486701
joint_categories,landweber,6.5902235414781e-05,1.67032004603564,1.53544367529997
joint_categories,landweber,0.00013465686779745,1.60653065971263,1.51641393200901
joint_categories,landweber,1.35370438243179e-05,1.77880078307141,1.6847674239401
joint_categories,landweber,6.8809845522369e-06,1.70468808971871,1.66043069368683
joint_categories,landweber,8.01472288227161e-05,1.77880078307141,1.8330680904733
joint_categories,landweber,5.13790478783116e-05,1.70468808971871,1.80346073373924
joint_categories,landweber,3.24398386608389e-05,1.67032004603564,1.45061808534774
joint_categories,landweber,2.88671020319653e-05,1.60653065971263,1.43460305541648
joint_categories,landweber,0.000265470502130676,1.67032004603564,1.54820882940572
joint_categories,landweber,0.000297579213969747,1.60653065971263,1.52872541074813
joint_categories,landweber,0.000132056579730201,2.22140275816017,1.9505549566132
joint_categories,landweber,0.000172859738935083,2.10517091807565,1.91677210018453
joint_categories,landweber,2.60789243617065e-05,2.22140275816017,2.15641745636685
joint_categories,landweber,4.2509300165877e-05,2.10517091807565,2.11531821783439
joint_categories,landweber,8.70500243869682e-06,2.05127109637602,1.6255222424312
joint_categories,landweber,1.99752704930459e-05,1.95122942450071,1.60329109423511
joint_categories,landweber,2.37613678042614e-06,2.05127109637602,1.76099212934568
joint_categories,landweber,6.7818270053608e-06,1.95122942450071,1.73394636237536
joint_categories,landweber,1.68691263989926e-05,2.22140275816017,1.97321650079963
joint_categories,landweber,1.19071313714885e-05,2.10517091807565,1.93862824991335
joint_categories,landweber,3.68371038094215e-06,2.22140275816017,2.18398683055514
joint_categories,landweber,3.2792220383723e-06,2.10517091807565,2.14190777259873
joint_categories,landweber,4.06969234721017e-05,2.05127109637602,1.64043489933528
joint_categories,landweber,5.03577243559056e-05,1.95122942450071,1.61767375322202
joint_categories,landweber,1.22836483423577e-05,2.05127109637602,1.77913443310698
joint_categories,landweber,1.91466902326703e-05,1.95122942450071,1.75144388611739
joint_categories,landweber,1.87882272780048e-05,2.22140275816017,1.95400939185245
joint_categories,landweber,2.27339527399143e-05,2.10517091807565,1.92010376431105
joint_categories,landweber,0.000135792433065955,2.22140275816017,2.16062002159967
joint_categories,landweber,0.000204609215449747,2.10517091807565,2.11937142330963
joint_categories,landweber,1.23849614012393e-06,2.05127109637602,1.62779546825802
joint_categories,landweber,2.62708284851948e-06,1.95122942450071,1.60548352929733
joint_categories,landweber,1.2372496282299e-05,2.05127109637602,1.7637576696336
joint_categories,landweber,3.26428404482803e-05,1.95122942450071,1.73661361497372
joint_categories,landweber,1.87015903477317e-06,2.22140275816017,1.97675329091617
joint_categories,landweber,1.22578788750539e-06,2.10517091807565,1.94203934201328
joint_categories,landweber,1.4946226524396e-05,2.22140275816017,2.18828958633146
joint_categories,landweber,1.23548972881728e-05,2.10517091807565,2.1460576078315
joint_categories,landweber,4.51177596981956e-06,2.05127109637602,1.64276231961679
joint_categories,landweber,5.18411081829589e-06,1.95122942450071,1.61991845666041
joint_categories,landweber,4.98394747917028e-05,2.05127109637602,1.78196590478898
joint_categories,landweber,7.2137655963828e-05,1.95122942450071,1.75417472689883
joint_categories,landweber,0.00412805270405592,2.49182469764127,2.31736932369877
joint_categories,landweber,0.00520141172609965,2.349858807576,2.2705498332354
joint_categories,landweber,0.000603929882050146,2.49182469764127,2.60267312458753
joint_categories,landweber,0.00094759550137048,2.349858807576,2.54571389704013
joint_categories,landweber,0.000373781006118126,2.28402541668774,1.86690812323589
joint_categories,landweber,0.000824452263201824,2.16183424272828,1.83609808699298
joint_categories,landweber,7.55842701525296e-05,2.28402541668774,2.05465515676032
joint_categories,landweber,0.00020736297182466,2.16183424272828,2.01717256462326
joint_categories,landweber,0.000527324295303528,2.49182469764127,2.34877584357555
joint_categories,landweber,0.000358289866231539,2.349858807576,2.30084016099247
joint_categories,landweber,8.53065389129307e-05,2.49182469764127,2.64088138132909
joint_categories,landweber,7.30987346164517e-05,2.349858807576,2.58256422698018
joint_categories,landweber,0.00174747073403369,2.28402541668774,1.88757549928143
joint_categories,landweber,0.00207844693914776,2.16183424272828,1.85603094159624
joint_categories,landweber,0.00039073954092867,2.28402541668774,2.0797984841083
joint_categories,landweber,0.000585434365122306,2.16183424272828,2.04142229459212
joint_categories,landweber,0.000587314865929753,2.49182469764127,2.32215680808695
joint_categories,landweber,0.00068407281585907,2.349858807576,2.27516716975721
joint_categories,landweber,0.00314465071286622,2.49182469764127,2.60849743856333
joint_categories,landweber,0.00456104361498663,2.349858807576,2.55133121408065
joint_categories,landweber,5.31793456221294e-05,2.28402541668774,1.87005857545253
joint_categories,landweber,0.000108429290148266,2.16183424272828,1.83913657169613
joint_categories,landweber,0.000393565769936334,2.28402541668774,2.05848790510741
joint_categories,landweber,0.000998096294524031,2.16183424272828,2.02086909655672
joint_categories,landweber,5.84606619093318e-05,2.49182469764127,2.35367746317311
joint_categories,landweber,3.68843984785601e-05,2.349858807576,2.30556757634232
joint_categories,landweber,0.000346121362092197,2.49182469764127,2.64684454887417
joint_categories,landweber,0.000275409029188504,2.349858807576,2.58831546271465
joint_categories,landweber,0.000193729544966239,2.28402541668774,1.89080105931968
joint_categories,landweber,0.000213967159960164,2.16183424272828,1.85914186477849
joint_categories,landweber,0.00158538025165397,2.28402541668774,2.08372260644214
joint_categories,landweber,0.00220570042693509,2.16183424272828,2.04520695306804
joint_categories,landweber,0.000754084375812706,3.33964685192599,2.8790975991103
joint_categories,landweber,0.00122415508932939,3.11700001661268,2.81231420698282
joint_categories,landweber,0.0001489188152483,3.33964685192599,3.28605537292718
joint_categories,landweber,0.000301041621736058,3.11700001661268,3.20480864446156
joint_categories,landweber,6.86603202630765e-05,3.01375270747048,2.23655906033095
joint_categories,landweber,0.000195481692525041,2.82211880039051,2.19261157795752
joint_categories,landweber,1.87416733633171e-05,3.01375270747048,2.50436171338295
joint_categories,landweber,6.63682137311478e-05,2.82211880039051,2.45089648717332
joint_categories,landweber,9.63279881780911e-05,3.33964685192599,2.92389590664274
joint_categories,landweber,8.4323715617755e-05,3.11700001661268,2.85552037638471
joint_categories,landweber,2.10351384911134e-05,3.33964685192599,3.34055568822803
joint_categories,landweber,2.32227375330128e-05,3.11700001661268,3.25737201091551
joint_categories,landweber,0.000320995177082884,3.01375270747048,2.26603903683295
joint_categories,landweber,0.000492810006864686,2.82211880039051,2.22104383196145
joint_categories,landweber,9.68867309486421e-05,3.01375270747048,2.54022619360371
joint_categories,landweber,0.000187373052807374,2.82211880039051,2.48548633873872
joint_categories,landweber,0.000107286654466648,3.33964685192599,2.88592647409453
joint_categories,landweber,0.000160996910666349,3.11700001661268,2.81890038279269
joint_categories,landweber,0.00077541726688542,3.33964685192599,3.29436318320598
joint_categories,landweber,0.00144899797928404,3.11700001661268,3.21282119399827
joint_categories,landweber,9.76858332026189e-06,3.01375270747048,2.24105287014563
joint_categories,landweber,2.5709118773179e-05,2.82211880039051,2.19694567714134
joint_categories,landweber,9.7587515130386e-05,3.01375270747048,2.50982875143176
joint_categories,landweber,0.00031944887564232,2.82211880039051,2.45616922592337
joint_categories,landweber,1.06791930495902e-05,3.33964685192599,2.93088758426255
joint_categories,landweber,8.68076331812331e-06,3.11700001661268,2.86226356880165
joint_categories,landweber,8.53476284364712e-05,3.33964685192599,3.3490615594484
joint_categories,landweber,8.74946964899589e-05,3.11700001661268,3.26557558228016
joint_categories,landweber,3.55864326546287e-05,3.01375270747048,2.27063998055816
joint_categories,landweber,5.07326675426327e-05,2.82211880039051,2.22548125750161
joint_categories,landweber,0.000393106644718428,3.01375270747048,2.54582356764566
joint_categories,landweber,0.000705952446927189,2.82211880039051,2.49088478132245
joint_categories,landweber,0.00106462963936783,1.77880078307141,1.66640069197308
joint_categories,landweber,0.000744617548498822,1.70468808971871,1.64271671794899
joint_categories,landweber,8.14586064091042e-05,1.77880078307141,1.81072365965916
joint_categories,landweber,7.13780584804168e-05,1.70468808971871,1.781910427129
joint_categories,landweber,0.000173893987726491,1.67032004603564,1.4385316727882
joint_categories,landweber,0.000212368151645404,1.60653065971263,1.42294619565385
joint_categories,landweber,1.83906000541097e-05,1.67032004603564,1.53350485214332
joint_categories,landweber,2.81050774725219e-05,1.60653065971263,1.51454401489917
joint_categories,landweber,0.000135997554921548,1.77880078307141,1.68228790461865
joint_categories,landweber,5.12916369428333e-05,1.70468808971871,1.6580392968297
joint_categories,landweber,1.15062227983188e-05,1.77880078307141,1.83005157953221
joint_categories,landweber,5.50619515051667e-06,1.70468808971871,1.80055143001992
joint_categories,landweber,0.000812975109496126,1.67032004603564,1.44898641273868
joint_categories,landweber,0.000535380827321236,1.60653065971263,1.43302937268072
joint_categories,landweber,9.50718265592076e-05,1.67032004603564,1.54622378406451
joint_categories,landweber,7.93472337035748e-05,1.60653065971263,1.52681091419666
joint_categories,landweber,0.000151469193524543,1.77880078307141,1.66882247518277
joint_categories,landweber,9.79296871623786e-05,1.70468808971871,1.64505243064386
joint_categories,landweber,0.000424153320322389,1.77880078307141,1.81366993052939
joint_categories,landweber,0.000343562667204943,1.70468808971871,1.78475198711942
joint_categories,landweber,2.4740605658263e-05,1.67032004603564,1.44012535156865
joint_categories,landweber,2.79299711587711e-05,1.60653065971263,1.42448323486701
joint_categories,landweber,9.57594834914816e-05,1.67032004603564,1.53544367529997
joint_categories,landweber,0.000135277641113065,1.60653065971263,1.51641393200901
joint_categories,landweber,1.50770733485513e-05,1.77880078307141,1.6847674239401
joint_categories,landweber,5.2802530965096e-06,1.70468808971871,1.66043069368683
joint_categories,landweber,4.66851610467426e-05,1.77880078307141,1.8330680904733
joint_categories,landweber,2.07453093255728e-05,1.70468808971871,1.80346073373924
joint_categories,landweber,9.01287185897598e-05,1.67032004603564,1.45061808534774
joint_categories,landweber,5.5115150144761e-05,1.60653065971263,1.43460305541648
joint_categories,landweber,0.000385742881197564,1.67032004603564,1.54820882940572
joint_categories,landweber,0.000298951065538372,1.60653065971263,1.52872541074813
joint_categories,landweber,0.00486799514877874,2.22140275816017,1.9505549566132
joint_categories,landweber,0.00437572668196998,2.10517091807565,1.91677210018453
joint_categories,landweber,0.000502778739068938,2.22140275816017,2.15641745636685
joint_categories,landweber,0.000566200169935022,2.10517091807565,2.11531821783439
joint_categories,landweber,0.000795789056860014,2.05127109637602,1.6255222424312
joint_categories,landweber,0.00124637013784139,1.95122942450071,1.60329109423511
joint_categories,landweber,0.000113605050807996,2.05127109637602,1.76099212934568
joint_categories,landweber,0.000222654142301546,1.95122942450071,1.73394636237536
joint_categories,landweber,0.000621845769761753,2.22140275816017,1.97321650079963
joint_categories,landweber,0.000301414041053892,2.10517091807565,1.93862824991335
joint_categories,landweber,7.10186982690438e-05,2.22140275816017,2.18398683055514
joint_categories,landweber,4.36774086643626e-05,2.10517091807565,2.14190777259873
joint_categories,landweber,0.00372040864721646,2.05127109637602,1.64043489933528
joint_categories,landweber,0.00314210332564453,1.95122942450071,1.61767375322202
joint_categories,landweber,0.000587291314850503,2.05127109637602,1.77913443310698
joint_categories,landweber,0.000628604930249441,1.95122942450071,1.75144388611739
joint_categories,landweber,0.000692589490280147,2.22140275816017,1.95400939185245
joint_categories,landweber,0.000575481394357805,2.10517091807565,1.92010376431105
joint_categories,landweber,0.00261795875186688,2.22140275816017,2.16062002159967
joint_categories,landweber,0.00272528063519881,2.10517091807565,2.11937142330963
joint_categories,landweber,0.000113220149243466,2.05127109637602,1.62779546825802
joint_categories,landweber,0.000163918561862273,1.95122942450071,1.60548352929733
joint_categories,landweber,0.000591539207822979,2.05127109637602,1.7637576696336
joint_categories,landweber,0.0010716969979554,1.95122942450071,1.73661361497372
joint_categories,landweber,6.89395797416559e-05,2.22140275816017,1.97675329091617
joint_categories,landweber,3.10292772558639e-05,2.10517091807565,1.94203934201328
joint_categories,landweber,0.000288150110086933,2.22140275816017,2.18828958633146
joint_categories,landweber,0.000164560341308759,2.10517091807565,2.1460576078315
joint_categories,landweber,0.000412455018717247,2.05127109637602,1.64276231961679
joint_categories,landweber,0.000323466003498371,1.95122942450071,1.61991845666041
joint_categories,landweber,0.00238286621906497,2.05127109637602,1.78196590478898
joint_categories,landweber,0.00236835116902479,1.95122942450071,1.75417472689883
joint_categories,landweber,0.000125625646953538,2.49182469764127,2.31736932369877
joint_categories,landweber,0.000109059940049626,2.349858807576,2.2705498332354
joint_categories,landweber,9.61206578482424e-06,2.49182469764127,2.60267312458753
joint_categories,landweber,1.0454342359278e-05,2.349858807576,2.54571389704013
joint_categories,landweber,2.83753746749529e-05,2.28402541668774,1.86690812323589
joint_categories,landweber,4.30103708573674e-05,2.16183424272828,1.83609808699298
joint_categories,landweber,3.00090977183953e-06,2.28402541668774,2.05465515676032
joint_categories,landweber,5.69204843429907e-06,2.16183424272828,2.01717256462326
joint_categories,landweber,1.60476283858334e-05,2.49182469764127,2.34877584357555
joint_categories,landweber,7.51239728543871e-06,2.349858807576,2.30084016099247
joint_categories,landweber,1.35772725986537e-06,2.49182469764127,2.64088138132909
joint_categories,landweber,8.06461403209649e-07,2.349858807576,2.58256422698018
joint_categories,landweber,0.000132658257108041,2.28402541668774,1.88757549928143
joint_categories,landweber,0.000108429290148266,2.16183424272828,1.85603094159624
joint_categories,landweber,1.55134673424864e-05,2.28402541668774,2.0797984841083
joint_categories,landweber,1.60699894106312e-05,2.16183424272828,2.04142229459212
joint_categories,landweber,1.78732722877697e-05,2.49182469764127,2.32215680808695
joint_categories,landweber,1.43432099237244e-05,2.349858807576,2.27516716975721
joint_categories,landweber,5.00498326391054e-05,2.49182469764127,2.60849743856333
joint_categories,landweber,5.03196895697656e-05,2.349858807576,2.55133121408065
joint_categories,landweber,4.03708008779839e-06,2.28402541668774,1.87005857545253
joint_categories,landweber,5.65658460681113e-06,2.16183424272828,1.83913657169613
joint_categories,landweber,1.56256766451553e-05,2.28402541668774,2.05848790510741
joint_categories,landweber,2.73974297365351e-05,2.16183424272828,2.02086909655672
joint_categories,landweber,1.77908544299253e-06,2.49182469764127,2.35367746317311
joint_categories,landweber,7.7336894263794e-07,2.349858807576,2.30556757634232
joint_categories,landweber,5.50882047874379e-06,2.49182469764127,2.64684454887417
joint_categories,landweber,3.03844865853506e-06,2.349858807576,2.58831546271465
joint_categories,landweber,1.47068693541049e-05,2.28402541668774,1.89080105931968
joint_categories,landweber,1.11623283869032e-05,2.16183424272828,1.85914186477849
joint_categories,landweber,6.29440898174842e-05,2.28402541668774,2.08372260644214
joint_categories,landweber,6.05457838069798e-05,2.16183424272828,2.04520695306804
joint_categories,landweber,0.000759538687224554,3.33964685192599,2.8790975991103
joint_categories,landweber,0.000846706009089562,3.11700001661268,2.81231420698282
joint_categories,landweber,7.84470591620539e-05,3.33964685192599,3.28605537292718
joint_categories,landweber,0.000109560107628954,3.11700001661268,3.20480864446156
joint_categories,landweber,0.000171504198251637,3.01375270747048,2.23655906033095
joint_categories,landweber,0.000333273146539268,2.82211880039051,2.19261157795752
joint_categories,landweber,2.44835525045291e-05,3.01375270747048,2.50436171338295
joint_categories,landweber,5.95366050115374e-05,2.82211880039051,2.45089648717332
joint_categories,landweber,9.70247309592075e-05,3.33964685192599,2.92389590664274
joint_categories,landweber,5.83238164385081e-05,3.11700001661268,2.85552037638471
joint_categories,landweber,1.10808345536661e-05,3.33964685192599,3.34055568822803
joint_categories,landweber,8.45160748498278e-06,3.11700001661268,3.25737201091551
joint_categories,landweber,0.000801802558993415,3.01375270747048,2.26603903683295
joint_categories,landweber,0.000840182727662812,2.82211880039051,2.22104383196145
joint_categories,landweber,0.000126569880831251,3.01375270747048,2.54022619360371
joint_categories,landweber,0.00016808581710499,2.82211880039051,2.48548633873872
joint_categories,landweber,0.000108062661558913,3.33964685192599,2.88592647409453
joint_categories,landweber,0.000111356030697654,3.11700001661268,2.81890038279269
joint_categories,landweber,0.000408472254558399,3.33964685192599,3.29436318320598
joint_categories,landweber,0.000527343606671384,3.11700001661268,3.21282119399827
joint_categories,landweber,2.4400600579441e-05,3.01375270747048,2.24105287014563
joint_categories,landweber,4.38310043135704e-05,2.82211880039051,2.19694567714134
joint_categories,landweber,0.000127485363988782,3.01375270747048,2.50982875143176
joint_categories,landweber,0.000286566421804578,2.82211880039051,2.45616922592337
joint_categories,landweber,1.07564359237141e-05,3.33964685192599,2.93088758426255
joint_categories,landweber,6.00418568611739e-06,3.11700001661268,2.86226356880165
joint_categories,landweber,4.49591977087213e-05,3.33964685192599,3.3490615594484
joint_categories,landweber,3.1842534959525e-05,3.11700001661268,3.26557558228016
joint_categories,landweber,8.88900980607588e-05,3.01375270747048,2.27063998055816
joint_categories,landweber,8.64931929218788e-05,2.82211880039051,2.22548125750161
joint_categories,landweber,0.000513542573774717,3.01375270747048,2.54582356764566
joint_categories,landweber,0.000633285267551308,2.82211880039051,2.49088478132245
joint_categories,landweber,0.000105972038196597,1.77880078307141,1.66640069197308
joint_categories,landweber,7.40029352343184e-05,1.70468808971871,1.64271671794899
joint_categories,landweber,1.25892464741956e-05,1.77880078307141,1.81072365965916
joint_categories,landweber,1.10343278474698e-05,1.70468808971871,1.781910427129
joint_categories,landweber,9.36643552119747e-06,1.67032004603564,1.4385316727882
joint_categories,landweber,1.14506399725992e-05,1.60653065971263,1.42294619565385
joint_categories,landweber,1.53799777282289e-06,1.67032004603564,1.53350485214332
joint_categories,landweber,2.35716852536868e-06,1.60653065971263,1.51454401489917
joint_categories,landweber,1.35370438243179e-05,1.77880078307141,1.68228790461865
joint_categories,landweber,5.09755873252653e-06,1.70468808971871,1.6580392968297
joint_categories,landweber,1.778261146128e-06,1.77880078307141,1.83005157953221
joint_categories,landweber,8.51202229038192e-07,1.70468808971871,1.80055143001992
joint_categories,landweber,4.37892019326779e-05,1.67032004603564,1.44898641273868
joint_categories,landweber,2.88671020319653e-05,1.60653065971263,1.43302937268072
joint_categories,landweber,7.95081493132629e-06,1.67032004603564,1.54622378406451
joint_categories,landweber,6.65484028798717e-06,1.60653065971263,1.52681091419666
joint_categories,landweber,1.50770733485513e-05,1.77880078307141,1.66882247518277
joint_categories,landweber,9.73262624713179e-06,1.70468808971871,1.64505243064386
joint_categories,landweber,6.55519524305315e-05,1.77880078307141,1.81366993052939
joint_categories,landweber,5.31113228182101e-05,1.70468808971871,1.78475198711942
joint_categories,landweber,1.33260091785331e-06,1.67032004603564,1.44012535156865
joint_categories,landweber,1.50595106519631e-06,1.60653065971263,1.42448323486701
joint_categories,landweber,8.00832337733632e-06,1.67032004603564,1.53544367529997
joint_categories,landweber,1.13457149559397e-05,1.60653065971263,1.51641393200901
joint_categories,landweber,1.50075494209827e-06,1.77880078307141,1.6847674239401
joint_categories,landweber,5.24771714969094e-07,1.70468808971871,1.66043069368683
joint_categories,landweber,7.21508782206799e-06,1.77880078307141,1.8330680904733
joint_categories,landweber,3.20701556288963e-06,1.70468808971871,1.80346073373924
joint_categories,landweber,4.8545947005765e-06,1.67032004603564,1.45061808534774
joint_categories,landweber,2.97174381588617e-06,1.60653065971263,1.43460305541648
joint_categories,landweber,3.22595070535267e-05,1.67032004603564,1.54820882940572
joint_categories,landweber,2.50729798913181e-05,1.60653065971263,1.52872541074813
joint_categories,landweber,0.000535804216557258,2.22140275816017,1.9505549566132
joint_categories,landweber,0.000482473898643181,2.10517091807565,1.91677210018453
joint_categories,landweber,8.59217117479918e-05,2.22140275816017,2.15641745636685
joint_categories,landweber,9.71089158479462e-05,2.10517091807565,2.11531821783439
joint_categories,landweber,4.76763856244649e-05,2.05127109637602,1.6255222424312
joint_categories,landweber,7.52594403054059e-05,1.95122942450071,1.60329109423511
joint_categories,landweber,1.05675187534922e-05,2.05127109637602,1.76099212934568
joint_categories,landweber,2.09127045694097e-05,1.95122942450071,1.73394636237536
joint_categories,landweber,6.84445188015912e-05,2.22140275816017,1.97321650079963
joint_categories,landweber,3.32343443872496e-05,2.10517091807565,1.93862824991335
joint_categories,landweber,1.21366470919004e-05,2.22140275816017,2.18398683055514
joint_categories,landweber,7.49110655147047e-06,2.10517091807565,2.14190777259873
joint_categories,landweber,0.000222892782724565,2.05127109637602,1.64043489933528
joint_categories,landweber,0.000189729303110001,1.95122942450071,1.61767375322202
joint_categories,landweber,5.46297188312067e-05,2.05127109637602,1.77913443310698
joint_categories,landweber,5.90414759918424e-05,1.95122942450071,1.75144388611739
joint_categories,landweber,7.6231047462823e-05,2.22140275816017,1.95400939185245
joint_categories,landweber,6.34534037686793e-05,2.10517091807565,1.92010376431105
joint_categories,landweber,0.000447392619788555,2.22140275816017,2.16062002159967
joint_categories,landweber,0.00046741251931438,2.10517091807565,2.11937142330963
joint_categories,landweber,6.78311350132134e-06,2.05127109637602,1.62779546825802
joint_categories,landweber,9.89787772257393e-06,1.95122942450071,1.60548352929733
joint_categories,landweber,5.50248569727787e-05,2.05127109637602,1.7637576696336
joint_categories,landweber,0.000100658727812086,1.95122942450071,1.73661361497372
joint_categories,landweber,7.58795281924868e-06,2.22140275816017,1.97675329091617
joint_categories,landweber,3.42133260548552e-06,2.10517091807565,1.94203934201328
joint_categories,landweber,4.92430343114546e-05,2.22140275816017,2.18828958633146
joint_categories,landweber,2.82237222533781e-05,2.10517091807565,2.1460576078315
joint_categories,landweber,2.47105239203716e-05,2.05127109637602,1.64276231961679
joint_categories,landweber,1.95318145404827e-05,1.95122942450071,1.61991845666041
joint_categories,landweber,0.000221653731748163,2.05127109637602,1.78196590478898
joint_categories,landweber,0.000222446471475719,1.95122942450071,1.75417472689883
joint_categories,landweber,0.000457647591102943,2.49182469764127,2.31736932369877
joint_categories,landweber,0.000396680697514186,2.349858807576,2.2705498332354
joint_categories,landweber,5.43675333678904e-05,2.49182469764127,2.60267312458753
joint_categories,landweber,5.91477196583503e-05,2.349858807576,2.54571389704013
joint_categories,landweber,5.59360146777711e-05,2.28402541668774,1.86690812323589
joint_categories,landweber,8.48738093609244e-05,2.16183424272828,1.83609808699298
joint_categories,landweber,9.18486715680733e-06,2.28402541668774,2.05465515676032
joint_categories,landweber,1.74716760401559e-05,2.16183424272828,2.01717256462326
joint_categories,landweber,5.84606619093318e-05,2.49182469764127,2.34877584357555
joint_categories,landweber,2.73246344518023e-05,2.349858807576,2.30084016099247
joint_categories,landweber,7.67954399789561e-06,2.49182469764127,2.64088138132909
joint_categories,landweber,4.56273109804858e-06,2.349858807576,2.58256422698018
joint_categories,landweber,0.00026150753256037,2.28402541668774,1.88757549928143
joint_categories,landweber,0.000213967159960164,2.16183424272828,1.85603094159624
joint_categories,landweber,4.74819796380822e-05,2.28402541668774,2.0797984841083
joint_categories,landweber,4.93266443868302e-05,2.16183424272828,2.04142229459212
joint_categories,landweber,6.51113861379755e-05,2.49182469764127,2.32215680808695
joint_categories,landweber,5.2170159955584e-05,2.349858807576,2.27516716975721
joint_categories,landweber,0.000283090649500133,2.49182469764127,2.60849743856333
joint_categories,landweber,0.000284694607243882,2.349858807576,2.55133121408065
joint_categories,landweber,7.95824455652947e-06,2.28402541668774,1.87005857545253
joint_categories,landweber,1.11623283869032e-05,2.16183424272828,1.83913657169613
joint_categories,landweber,4.78254180008225e-05,2.28402541668774,2.05848790510741
joint_categories,landweber,8.40960898725417e-05,2.16183424272828,2.02086909655672
joint_categories,landweber,6.48111422385726e-06,2.49182469764127,2.35367746317311
joint_categories,landweber,2.81295342232749e-06,2.349858807576,2.30556757634232
joint_categories,landweber,3.11588567848423e-05,2.49182469764127,2.64684454887417
joint_categories,landweber,1.71906852937362e-05,2.349858807576,2.58831546271465
joint_categories,landweber,2.89914642354107e-05,2.28402541668774,1.89080105931968
joint_categories,landweber,2.20269975042956e-05,2.16183424272828,1.85914186477849
joint_categories,landweber,0.000192652611119777,2.28402541668774,2.08372260644214
joint_categories,landweber,0.000185844574669916,2.16183424272828,2.04520695306804
joint_categories,landweber,0.00305960966902122,3.33964685192599,2.8790975991103
joint_categories,landweber,0.00341677525449953,3.11700001661268,2.81231420698282
joint_categories,landweber,0.000490639849257172,3.33964685192599,3.28605537292718
joint_categories,landweber,0.000687704229376201,3.11700001661268,3.20480864446156
joint_categories,landweber,0.000376045374945552,3.01375270747048,2.23655906033095
joint_categories,landweber,0.000736502806032577,2.82211880039051,2.19261157795752
joint_categories,landweber,8.33508350067117e-05,3.01375270747048,2.50436171338295
joint_categories,landweber,0.000204655595824225,2.82211880039051,2.45089648717332
joint_categories,landweber,0.000390839610898199,3.33964685192599,2.92389590664274
joint_categories,landweber,0.00023535840139997,3.11700001661268,2.85552037638471
joint_categories,landweber,6.93040510775986e-05,3.33964685192599,3.34055568822803
joint_categories,landweber,5.30503879398729e-05,3.11700001661268,3.25737201091551
joint_categories,landweber,0.00175805692806767,3.01375270747048,2.26603903683295
joint_categories,landweber,0.00185672606067844,2.82211880039051,2.22104383196145
joint_categories,landweber,0.000430889481909668,3.01375270747048,2.54022619360371
joint_categories,landweber,0.000577790806891949,2.82211880039051,2.48548633873872
joint_categories,landweber,0.000435303125077114,3.33964685192599,2.88592647409453
joint_categories,landweber,0.000449363209948342,3.11700001661268,2.81890038279269
joint_categories,landweber,0.00255475179749266,3.33964685192599,3.29436318320598
joint_categories,landweber,0.00331011384061995,3.11700001661268,3.21282119399827
joint_categories,landweber,5.35015065947808e-05,3.01375270747048,2.24105287014563
joint_categories,landweber,9.68624625277663e-05,2.82211880039051,2.19694567714134
joint_categories,landweber,0.000434006116458544,3.01375270747048,2.50982875143176
joint_categories,landweber,0.000985064932511136,2.82211880039051,2.45616922592337
joint_categories,landweber,4.33295840092911e-05,3.33964685192599,2.93088758426255
joint_categories,landweber,2.42291336727435e-05,3.11700001661268,2.86226356880165
joint_categories,landweber,0.000281193128488883,3.33964685192599,3.3490615594484
joint_categories,landweber,0.000199874264818062,3.11700001661268,3.26557558228016
joint_categories,landweber,0.000194903160359726,3.01375270747048,2.27063998055816
joint_categories,landweber,0.000191141950532684,2.82211880039051,2.22548125750161
joint_categories,landweber,0.00174828396850091,3.01375270747048,2.54582356764566
joint_categories,landweber,0.00217690232307168,2.82211880039051,2.49088478132245
joint_categories,pmmr,0.00748294912415195,1.77880078307141,1.93995384541691
joint_categories,pmmr,0.0076425891174435,1.70468808971871,2.09313507053207
joint_categories,pmmr,0.000709245152938778,1.77880078307141,2.1339953891674
joint_categories,pmmr,0.000904292506752669,1.70468808971871,2.2702567760435
joint_categories,pmmr,0.000905462486159698,1.67032004603564,1.84861729835398
joint_categories,pmmr,0.00161476113157825,1.60653065971263,1.97344819804646
joint_categories,pmmr,0.000118622468061873,1.67032004603564,2.02413239908002
joint_categories,pmmr,0.000263779258816363,1.60653065971263,2.13260949788909
joint_categories,pmmr,0.000955884325267599,1.77880078307141,1.94156398775843
joint_categories,pmmr,0.000526445968276534,1.70468808971871,2.10382372843489
joint_categories,pmmr,0.000100182572573807,1.77880078307141,2.13746872406814
joint_categories,pmmr,6.97582859681761e-05,1.70468808971871,2.28491140153041
joint_categories,pmmr,0.00423314499514566,1.67032004603564,1.84980807505075
joint_categories,pmmr,0.00407081826466162,1.60653065971263,1.98409268456044
joint_categories,pmmr,0.00061322929520635,1.67032004603564,2.03077408306927
joint_categories,pmmr,0.000744710791703774,1.60653065971263,2.15112715353885
joint_categories,pmmr,0.00106462963936783,1.77880078307141,1.99500061764527
joint_categories,pmmr,0.00100512855611679,1.70468808971871,2.15951244540343
joint_categories,pmmr,0.00369302520387731,1.77880078307141,2.21099896427597
joint_categories,pmmr,0.00435261412495031,1.70468808971871,2.35677501190722
joint_categories,pmmr,0.000128823834574787,1.67032004603564,1.90539201991034
joint_categories,pmmr,0.000212368151645404,1.60653065971263,2.03791047579132
joint_categories,pmmr,0.000617664798248458,1.67032004603564,2.0997487593456
joint_categories,pmmr,0.00126964374825572,1.60653065971263,2.21355596868365
joint_categories,pmmr,0.000105972038196597,1.77880078307141,1.99812284314527
joint_categories,pmmr,5.4195344890929e-05,1.70468808971871,2.1741577956254
joint_categories,pmmr,0.000406479138868103,1.77880078307141,2.21637840567337
joint_categories,pmmr,0.000262823452651471,1.70468808971871,2.37616611338337
joint_categories,pmmr,0.000469298419546449,1.67032004603564,1.90991635063155
joint_categories,pmmr,0.000419073206247334,1.60653065971263,2.05426072327082
joint_categories,pmmr,0.00248810655825924,1.67032004603564,2.11085080405604
joint_categories,pmmr,0.00280579516520357,1.60653065971263,2.23925425379476
joint_categories,pmmr,0.000934898023489231,2.22140275816017,2.06418447577254
joint_categories,pmmr,0.0012271489970857,2.10517091807565,2.23558776248863
joint_categories,pmmr,0.000119612390536422,2.22140275816017,2.27842778817768
joint_categories,pmmr,0.000195999093135422,2.10517091807565,2.43544870936119
joint_categories,pmmr,0.000113220149243466,2.05127109637602,1.95854150572686
joint_categories,pmmr,0.000258943968827728,1.95122942450071,2.09991671078194
joint_categories,pmmr,2.00220509127348e-05,2.05127109637602,2.15576459703203
joint_categories,pmmr,5.70987369063187e-05,1.95122942450071,2.28320301556075
joint_categories,pmmr,0.000119425423258947,2.22140275816017,2.05778906739642
joint_categories,pmmr,8.45299455541655e-05,2.10517091807565,2.23762272332153
joint_categories,pmmr,1.68955359736889e-05,2.22140275816017,2.27484110457059
joint_categories,pmmr,1.51196218992706e-05,2.10517091807565,2.44262631161949
joint_categories,pmmr,0.000529317686205158,2.05127109637602,1.95370543187785
joint_categories,pmmr,0.000652798619692812,1.95122942450071,2.10441467832823
joint_categories,pmmr,0.000103505755447592,2.05127109637602,2.15776471898087
joint_categories,pmmr,0.000161203142952165,1.95122942450071,2.29725520879184
joint_categories,pmmr,0.000133011748319997,2.22140275816017,2.13046037502901
joint_categories,pmmr,0.000161390659713171,2.10517091807565,2.31523757799873
joint_categories,pmmr,0.000622819304603906,2.22140275816017,2.37096639440939
joint_categories,pmmr,0.000943398750833641,2.10517091807565,2.54021018811306
joint_categories,pmmr,1.61082916185006e-05,2.05127109637602,2.02748862523861
joint_categories,pmmr,3.40554717129719e-05,1.95122942450071,2.17835741689035
joint_categories,pmmr,0.000104254415201378,2.05127109637602,2.2479462612963
joint_categories,pmmr,0.00027483227707784,1.95122942450071,2.38303744728081
joint_categories,pmmr,1.32398399897382e-05,2.22140275816017,2.12655765927944
joint_categories,pmmr,8.70199380178946e-06,2.10517091807565,2.32228649132388
joint_categories,pmmr,6.85516725799842e-05,2.22140275816017,2.37046295027654
joint_categories,pmmr,5.69651500921905e-05,2.10517091807565,2.55337943493037
joint_categories,pmmr,5.86816548591944e-05,2.05127109637602,2.0270580716695
joint_categories,pmmr,6.72028061196784e-05,1.95122942450071,2.18977727053402
joint_categories,pmmr,0.000419962566954781,2.05127109637602,2.25583400761407
joint_categories,pmmr,0.000607353893819652,1.95122942450071,2.40587608994128
joint_categories,pmmr,0.000882983424545827,2.49182469764127,2.24894789779905
joint_categories,pmmr,0.00111936699941155,2.349858807576,2.42298412232151
joint_categories,pmmr,8.36904946958843e-05,2.49182469764127,2.45219486008248
joint_categories,pmmr,0.000132446632197425,2.349858807576,2.60051244053112
joint_categories,pmmr,0.00014775000352115,2.28402541668774,2.1113792088904
joint_categories,pmmr,0.000327033383193953,2.16183424272828,2.25092659687853
joint_categories,pmmr,1.93563735016384e-05,2.28402541668774,2.30007067015703
joint_categories,pmmr,5.34225290292901e-05,2.16183424272828,2.41667426050432
joint_categories,pmmr,0.000112793766333419,2.49182469764127,2.24418659087888
joint_categories,pmmr,7.7105577024548e-05,2.349858807576,2.4299244759151
joint_categories,pmmr,1.18214823518603e-05,2.49182469764127,2.45179809623106
joint_categories,pmmr,1.02171033989081e-05,2.349858807576,2.61432075125576
joint_categories,pmmr,0.00069074886867041,2.28402541668774,2.10896600017886
joint_categories,pmmr,0.000824452263201824,2.16183424272828,2.26047739471181
joint_categories,pmmr,0.000100064477447639,2.28402541668774,2.30625304222684
joint_categories,pmmr,0.000150824344820521,2.16183424272828,2.43755386502905
joint_categories,pmmr,0.000125625646953538,2.49182469764127,2.30905057045733
joint_categories,pmmr,0.000147215520629698,2.349858807576,2.49756567568256
joint_categories,pmmr,0.000435774717608172,2.49182469764127,2.53780572577915
joint_categories,pmmr,0.000637502885183462,2.349858807576,2.69843302368144
joint_categories,pmmr,2.10209945778757e-05,2.28402541668774,2.17612474810182
joint_categories,pmmr,4.30103708573674e-05,2.16183424272828,2.3256628667722
joint_categories,pmmr,0.00010078824635039,2.28402541668774,2.38696405483944
joint_categories,pmmr,0.00025713765480427,2.16183424272828,2.51092157885343
joint_categories,pmmr,1.25046357579688e-05,2.49182469764127,2.30845723268416
joint_categories,pmmr,7.93768704039999e-06,2.349858807576,2.51189657452315
joint_categories,pmmr,4.7964290026477e-05,2.49182469764127,2.54229551430584
joint_categories,pmmr,3.84942713848094e-05,2.349858807576,2.72069288883811
joint_categories,pmmr,7.65783720477939e-05,2.28402541668774,2.17973154875732
joint_categories,pmmr,8.48738093609244e-05,2.16183424272828,2.34425847445196
joint_categories,pmmr,0.000405999981625921,2.28402541668774,2.40073477123588
joint_categories,pmmr,0.000568250416412313,2.16183424272828,2.54273814335593
joint_categories,pmmr,0.000145869335475403,3.33964685192599,2.38325600170357
joint_categories,pmmr,0.000237454143139697,3.11700001661268,2.57622957754891
joint_categories,pmmr,1.86627626583844e-05,3.33964685192599,2.60767652103482
joint_categories,pmmr,3.7925954246108e-05,3.11700001661268,2.77824138884426
joint_categories,pmmr,2.4400600579441e-05,3.01375270747048,2.2325642959292
joint_categories,pmmr,6.92403232783208e-05,2.82211880039051,2.38977836253654
joint_categories,pmmr,4.31504524916592e-06,3.01375270747048,2.44538857421749
joint_categories,pmmr,1.52679169168351e-05,2.82211880039051,2.58266918653187
joint_categories,pmmr,1.8633590714669e-05,3.33964685192599,2.37010074126119
joint_categories,pmmr,1.63566004119122e-05,3.11700001661268,2.57403523987044
joint_categories,pmmr,2.63615981963957e-06,3.33964685192599,2.60077515132089
joint_categories,pmmr,2.92565684461606e-06,3.11700001661268,2.78505001103769
joint_categories,pmmr,0.000114075714676479,3.01375270747048,2.22429635223807
joint_categories,pmmr,0.000174555088762244,2.82211880039051,2.39335100863931
joint_categories,pmmr,2.2307006422673e-05,3.01375270747048,2.44797304306221
joint_categories,pmmr,4.31049148664089e-05,2.82211880039051,2.6001449562528
joint_categories,pmmr,2.07534242777046e-05,3.33964685192599,2.45651697519575
joint_categories,pmmr,3.12291994728862e-05,3.11700001661268,2.66607778197468
joint_categories,pmmr,9.71766286816531e-05,3.33964685192599,2.7113600099166
joint_categories,pmmr,0.000182548282686344,3.11700001661268,2.89709407527044
joint_categories,pmmr,3.47157279359331e-06,3.01375270747048,2.31179301503839
joint_categories,pmmr,9.10626295517483e-06,2.82211880039051,2.48093046878611
joint_categories,pmmr,2.24683535657752e-05,3.01375270747048,2.55193205027616
joint_categories,pmmr,7.34887775078738e-05,2.82211880039051,2.69909670280333
joint_categories,pmmr,2.0657725362343e-06,3.33964685192599,2.44896137804269
joint_categories,pmmr,1.68384156016759e-06,3.11700001661268,2.67278041317436
joint_categories,pmmr,1.06959119323509e-05,3.33964685192599,2.71106382685738
joint_categories,pmmr,1.10227942459221e-05,3.11700001661268,2.91416659948101
joint_categories,pmmr,1.26467561748286e-05,3.01375270747048,2.31104922624775
joint_categories,pmmr,1.79696945327679e-05,2.82211880039051,2.49521394375562
joint_categories,pmmr,9.05080846744403e-05,3.01375270747048,2.56410677967996
joint_categories,pmmr,0.000162403396158639,2.82211880039051,2.72972574172617
joint_categories,pmmr,0.000955884325267599,1.77880078307141,1.93995384541691
joint_categories,pmmr,0.000970351563627095,1.70468808971871,2.09313507053207
joint_categories,pmmr,0.000139844897630605,1.77880078307141,2.1339953891674
joint_categories,pmmr,0.000176779079384732,1.70468808971871,2.2702567760435
joint_categories,pmmr,6.2589294446911e-05,1.67032004603564,1.84861729835398
joint_categories,pmmr,0.000111229908396983,1.60653065971263,1.97344819804646
joint_categories,pmmr,1.26565182893121e-05,1.67032004603564,2.02413239908002
joint_categories,pmmr,2.79761065503157e-05,1.60653065971263,2.13260949788909
joint_categories,pmmr,0.000122106248236165,1.77880078307141,1.94156398775843
joint_categories,pmmr,6.6840917473422e-05,1.70468808971871,2.10382372843489
joint_categories,pmmr,1.9753425945745e-05,1.77880078307141,2.13746872406814
joint_categories,pmmr,1.36369653412199e-05,1.70468808971871,2.28491140153041
joint_categories,pmmr,0.000292612408120141,1.67032004603564,1.84980807505075
joint_categories,pmmr,0.000280410974616735,1.60653065971263,1.98409268456044
joint_categories,pmmr,6.54289859006547e-05,1.67032004603564,2.03077408306927
joint_categories,pmmr,7.89831185035628e-05,1.60653065971263,2.15112715353885
joint_categories,pmmr,0.000135997554921548,1.77880078307141,1.99500061764527
joint_categories,pmmr,0.000127617493376436,1.70468808971871,2.15951244540343
joint_categories,pmmr,0.000728169560896594,1.77880078307141,2.21099896427597
joint_categories,pmmr,0.000850887419922132,1.70468808971871,2.35677501190722
joint_categories,pmmr,8.90483375868919e-06,1.67032004603564,1.90539201991034
joint_categories,pmmr,1.46285971293273e-05,1.60653065971263,2.03791047579132
joint_categories,pmmr,6.5902235414781e-05,1.67032004603564,2.0997487593456
joint_categories,pmmr,0.00013465686779745,1.60653065971263,2.21355596868365
joint_categories,pmmr,1.35370438243179e-05,1.77880078307141,1.99812284314527
joint_categories,pmmr,6.8809845522369e-06,1.70468808971871,2.1741577956254
joint_categories,pmmr,8.01472288227161e-05,1.77880078307141,2.21637840567337
joint_categories,pmmr,5.13790478783116e-05,1.70468808971871,2.37616611338337
joint_categories,pmmr,3.24398386608389e-05,1.67032004603564,1.90991635063155
joint_categories,pmmr,2.88671020319653e-05,1.60653065971263,2.05426072327082
joint_categories,pmmr,0.000265470502130676,1.67032004603564,2.11085080405604
joint_categories,pmmr,0.000297579213969747,1.60653065971263,2.23925425379476
joint_categories,pmmr,0.000132056579730201,2.22140275816017,2.06418447577254
joint_categories,pmmr,0.000172859738935083,2.10517091807565,2.23558776248863
joint_categories,pmmr,2.60789243617065e-05,2.22140275816017,2.27842778817768
joint_categories,pmmr,4.2509300165877e-05,2.10517091807565,2.43544870936119
joint_categories,pmmr,8.70500243869682e-06,2.05127109637602,1.95854150572686
joint_categories,pmmr,1.99752704930459e-05,1.95122942450071,2.09991671078194
joint_categories,pmmr,2.37613678042614e-06,2.05127109637602,2.15576459703203
joint_categories,pmmr,6.7818270053608e-06,1.95122942450071,2.28320301556075
joint_categories,pmmr,1.68691263989926e-05,2.22140275816017,2.05778906739642
joint_categories,pmmr,1.19071313714885e-05,2.10517091807565,2.23762272332153
joint_categories,pmmr,3.68371038094215e-06,2.22140275816017,2.27484110457059
joint_categories,pmmr,3.2792220383723e-06,2.10517091807565,2.44262631161949
joint_categories,pmmr,4.06969234721017e-05,2.05127109637602,1.95370543187785
joint_categories,pmmr,5.03577243559056e-05,1.95122942450071,2.10441467832823
joint_categories,pmmr,1.22836483423577e-05,2.05127109637602,2.15776471898087
joint_categories,pmmr,1.91466902326703e-05,1.95122942450071,2.29725520879184
joint_categories,pmmr,1.87882272780048e-05,2.22140275816017,2.13046037502901
joint_categories,pmmr,2.27339527399143e-05,2.10517091807565,2.31523757799873
joint_categories,pmmr,0.000135792433065955,2.22140275816017,2.37096639440939
joint_categories,pmmr,0.000204609215449747,2.10517091807565,2.54021018811306
joint_categories,pmmr,1.23849614012393e-06,2.05127109637602,2.02748862523861
joint_categories,pmmr,2.62708284851948e-06,1.95122942450071,2.17835741689035
joint_categories,pmmr,1.2372496282299e-05,2.05127109637602,2.2479462612963
joint_categories,pmmr,3.26428404482803e-05,1.95122942450071,2.38303744728081
joint_categories,pmmr,1.87015903477317e-06,2.22140275816017,2.12655765927944
joint_categories,pmmr,1.22578788750539e-06,2.10517091807565,2.32228649132388
joint_categories,pmmr,1.4946226524396e-05,2.22140275816017,2.37046295027654
joint_categories,pmmr,1.23548972881728e-05,2.10517091807565,2.55337943493037
joint_categories,pmmr,4.51177596981956e-06,2.05127109637602,2.0270580716695
joint_categories,pmmr,5.18411081829589e-06,1.95122942450071,2.18977727053402
joint_categories,pmmr,4.98394747917028e-05,2.05127109637602,2.25583400761407
joint_categories,pmmr,7.2137655963828e-05,1.95122942450071,2.40587608994128
joint_categories,pmmr,0.00412805270405592,2.49182469764127,2.24894789779905
joint_categories,pmmr,0.00520141172609965,2.349858807576,2.42298412232151
joint_categories,pmmr,0.000603929882050146,2.49182469764127,2.45219486008248
joint_categories,pmmr,0.00094759550137048,2.349858807576,2.60051244053112
joint_categories,pmmr,0.000373781006118126,2.28402541668774,2.1113792088904
joint_categories,pmmr,0.000824452263201824,2.16183424272828,2.25092659687853
joint_categories,pmmr,7.55842701525296e-05,2.28402541668774,2.30007067015703
joint_categories,pmmr,0.00020736297182466,2.16183424272828,2.41667426050432
joint_categories,pmmr,0.000527324295303528,2.49182469764127,2.24418659087888
joint_categories,pmmr,0.000358289866231539,2.349858807576,2.4299244759151
joint_categories,pmmr,8.53065389129307e-05,2.49182469764127,2.45179809623106
joint_categories,pmmr,7.30987346164517e-05,2.349858807576,2.61432075125576
joint_categories,pmmr,0.00174747073403369,2.28402541668774,2.10896600017886
joint_categories,pmmr,0.00207844693914776,2.16183424272828,2.26047739471181
joint_categories,pmmr,0.00039073954092867,2.28402541668774,2.30625304222684
joint_categories,pmmr,0.000585434365122306,2.16183424272828,2.43755386502905
joint_categories,pmmr,0.000587314865929753,2.49182469764127,2.30905057045733
joint_categories,pmmr,0.00068407281585907,2.349858807576,2.49756567568256
joint_categories,pmmr,0.00314465071286622,2.49182469764127,2.53780572577915
joint_categories,pmmr,0.00456104361498663,2.349858807576,2.69843302368144
joint_categories,pmmr,5.31793456221294e-05,2.28402541668774,2.17612474810182
joint_categories,pmmr,0.000108429290148266,2.16183424272828,2.3256628667722
joint_categories,pmmr,0.000393565769936334,2.28402541668774,2.38696405483944
joint_categories,pmmr,0.000998096294524031,2.16183424272828,2.51092157885343
joint_categories,pmmr,5.84606619093318e-05,2.49182469764127,2.30845723268416
joint_categories,pmmr,3.68843984785601e-05,2.349858807576,2.51189657452315
joint_categories,pmmr,0.000346121362092197,2.49182469764127,2.54229551430584
joint_categories,pmmr,0.000275409029188504,2.349858807576,2.72069288883811
joint_categories,pmmr,0.000193729544966239,2.28402541668774,2.17973154875732
joint_categories,pmmr,0.000213967159960164,2.16183424272828,2.34425847445196
joint_categories,pmmr,0.00158538025165397,2.28402541668774,2.40073477123588
joint_categories,pmmr,0.00220570042693509,2.16183424272828,2.54273814335593
joint_categories,pmmr,0.000754084375812706,3.33964685192599,2.38325600170357
joint_categories,pmmr,0.00122415508932939,3.11700001661268,2.57622957754891
joint_categories,pmmr,0.0001489188152483,3.33964685192599,2.60767652103482
joint_categories,pmmr,0.000301041621736058,3.11700001661268,2.77824138884426
joint_categories,pmmr,6.86603202630765e-05,3.01375270747048,2.2325642959292
joint_categories,pmmr,0.000195481692525041,2.82211880039051,2.38977836253654
joint_categories,pmmr,1.87416733633171e-05,3.01375270747048,2.44538857421749
joint_categories,pmmr,6.63682137311478e-05,2.82211880039051,2.58266918653187
joint_categories,pmmr,9.63279881780911e-05,3.33964685192599,2.37010074126119
joint_categories,pmmr,8.4323715617755e-05,3.11700001661268,2.57403523987044
joint_categories,pmmr,2.10351384911134e-05,3.33964685192599,2.60077515132089
joint_categories,pmmr,2.32227375330128e-05,3.11700001661268,2.78505001103769
joint_categories,pmmr,0.000320995177082884,3.01375270747048,2.22429635223807
joint_categories,pmmr,0.000492810006864686,2.82211880039051,2.39335100863931
joint_categories,pmmr,9.68867309486421e-05,3.01375270747048,2.44797304306221
joint_categories,pmmr,0.000187373052807374,2.82211880039051,2.6001449562528
joint_categories,pmmr,0.000107286654466648,3.33964685192599,2.45651697519575
joint_categories,pmmr,0.000160996910666349,3.11700001661268,2.66607778197468
joint_categories,pmmr,0.00077541726688542,3.33964685192599,2.7113600099166
joint_categories,pmmr,0.00144899797928404,3.11700001661268,2.89709407527044
joint_categories,pmmr,9.76858332026189e-06,3.01375270747048,2.31179301503839
joint_categories,pmmr,2.5709118773179e-05,2.82211880039051,2.48093046878611
joint_categories,pmmr,9.7587515130386e-05,3.01375270747048,2.55193205027616
joint_categories,pmmr,0.00031944887564232,2.82211880039051,2.69909670280333
joint_categories,pmmr,1.06791930495902e-05,3.33964685192599,2.44896137804269
joint_categories,pmmr,8.68076331812331e-06,3.11700001661268,2.67278041317436
joint_categories,pmmr,8.53476284364712e-05,3.33964685192599,2.71106382685738
joint_categories,pmmr,8.74946964899589e-05,3.11700001661268,2.91416659948101
joint_categories,pmmr,3.55864326546287e-05,3.01375270747048,2.31104922624775
joint_categories,pmmr,5.07326675426327e-05,2.82211880039051,2.49521394375562
joint_categories,pmmr,0.000393106644718428,3.01375270747048,2.56410677967996
joint_categories,pmmr,0.000705952446927189,2.82211880039051,2.72972574172617
joint_categories,pmmr,0.00106462963936783,1.77880078307141,1.93995384541691
joint_categories,pmmr,0.000744617548498822,1.70468808971871,2.09313507053207
joint_categories,pmmr,8.14586064091042e-05,1.77880078307141,2.1339953891674
joint_categories,pmmr,7.13780584804168e-05,1.70468808971871,2.2702567760435
joint_categories,pmmr,0.000173893987726491,1.67032004603564,1.84861729835398
joint_categories,pmmr,0.000212368151645404,1.60653065971263,1.97344819804646
joint_categories,pmmr,1.83906000541097e-05,1.67032004603564,2.02413239908002
joint_categories,pmmr,2.81050774725219e-05,1.60653065971263,2.13260949788909
joint_categories,pmmr,0.000135997554921548,1.77880078307141,1.94156398775843
joint_categories,pmmr,5.12916369428333e-05,1.70468808971871,2.10382372843489
joint_categories,pmmr,1.15062227983188e-05,1.77880078307141,2.13746872406814
joint_categories,pmmr,5.50619515051667e-06,1.70468808971871,2.28491140153041
joint_categories,pmmr,0.000812975109496126,1.67032004603564,1.84980807505075
joint_categories,pmmr,0.000535380827321236,1.60653065971263,1.98409268456044
joint_categories,pmmr,9.50718265592076e-05,1.67032004603564,2.03077408306927
joint_categories,pmmr,7.93472337035748e-05,1.60653065971263,2.15112715353885
joint_categories,pmmr,0.000151469193524543,1.77880078307141,1.99500061764527
joint_categories,pmmr,9.79296871623786e-05,1.70468808971871,2.15951244540343
joint_categories,pmmr,0.000424153320322389,1.77880078307141,2.21099896427597
joint_categories,pmmr,0.000343562667204943,1.70468808971871,2.35677501190722
joint_categories,pmmr,2.4740605658263e-05,1.67032004603564,1.90539201991034
joint_categories,pmmr,2.79299711587711e-05,1.60653065971263,2.03791047579132
joint_categories,pmmr,9.57594834914816e-05,1.67032004603564,2.0997487593456
joint_categories,pmmr,0.000135277641113065,1.60653065971263,2.21355596868365
joint_categories,pmmr,1.50770733485513e-05,1.77880078307141,1.99812284314527
joint_categories,pmmr,5.2802530965096e-06,1.70468808971871,2.1741577956254
joint_categories,pmmr,4.66851610467426e-05,1.77880078307141,2.21637840567337
joint_categories,pmmr,2.07453093255728e-05,1.70468808971871,2.37616611338337
joint_categories,pmmr,9.01287185897598e-05,1.67032004603564,1.90991635063155
joint_categories,pmmr,5.5115150144761e-05,1.60653065971263,2.05426072327082
joint_categories,pmmr,0.000385742881197564,1.67032004603564,2.11085080405604
joint_categories,pmmr,0.000298951065538372,1.60653065971263,2.23925425379476
joint_categories,pmmr,0.00486799514877874,2.22140275816017,2.06418447577254
joint_categories,pmmr,0.00437572668196998,2.10517091807565,2.23558776248863
joint_categories,pmmr,0.000502778739068938,2.22140275816017,2.27842778817768
joint_categories,pmmr,0.000566200169935022,2.10517091807565,2.43544870936119
joint_categories,pmmr,0.000795789056860014,2.05127109637602,1.95854150572686
joint_categories,pmmr,0.00124637013784139,1.95122942450071,2.09991671078194
joint_categories,pmmr,0.000113605050807996,2.05127109637602,2.15576459703203
joint_categories,pmmr,0.000222654142301546,1.95122942450071,2.28320301556075
joint_categories,pmmr,0.000621845769761753,2.22140275816017,2.05778906739642
joint_categories,pmmr,0.000301414041053892,2.10517091807565,2.23762272332153
joint_categories,pmmr,7.10186982690438e-05,2.22140275816017,2.27484110457059
joint_categories,pmmr,4.36774086643626e-05,2.10517091807565,2.44262631161949
joint_categories,pmmr,0.00372040864721646,2.05127109637602,1.95370543187785
joint_categories,pmmr,0.00314210332564453,1.95122942450071,2.10441467832823
joint_categories,pmmr,0.000587291314850503,2.05127109637602,2.15776471898087
joint_categories,pmmr,0.000628604930249441,1.95122942450071,2.29725520879184
joint_categories,pmmr,0.000692589490280147,2.22140275816017,2.13046037502901
joint_categories,pmmr,0.000575481394357805,2.10517091807565,2.31523757799873
joint_categories,pmmr,0.00261795875186688,2.22140275816017,2.37096639440939
joint_categories,pmmr,0.00272528063519881,2.10517091807565,2.54021018811306
joint_categories,pmmr,0.000113220149243466,2.05127109637602,2.02748862523861
joint_categories,pmmr,0.000163918561862273,1.95122942450071,2.17835741689035
joint_categories,pmmr,0.000591539207822979,2.05127109637602,2.2479462612963
joint_categories,pmmr,0.0010716969979554,1.95122942450071,2.38303744728081
joint_categories,pmmr,6.89395797416559e-05,2.22140275816017,2.12655765927944
joint_categories,pmmr,3.10292772558639e-05,2.10517091807565,2.32228649132388
joint_categories,pmmr,0.000288150110086933,2.22140275816017,2.37046295027654
joint_categories,pmmr,0.000164560341308759,2.10517091807565,2.55337943493037
joint_categories,pmmr,0.000412455018717247,2.05127109637602,2.0270580716695
joint_categories,pmmr,0.000323466003498371,1.95122942450071,2.18977727053402
joint_categories,pmmr,0.00238286621906497,2.05127109637602,2.25583400761407
joint_categories,pmmr,0.00236835116902479,1.95122942450071,2.40587608994128
joint_categories,pmmr,0.000125625646953538,2.49182469764127,2.24894789779905
joint_categories,pmmr,0.000109059940049626,2.349858807576,2.42298412232151
joint_categories,pmmr,9.61206578482424e-06,2.49182469764127,2.45219486008248
joint_categories,pmmr,1.0454342359278e-05,2.349858807576,2.60051244053112
joint_categories,pmmr,2.83753746749529e-05,2.28402541668774,2.1113792088904
joint_categories,pmmr,4.30103708573674e-05,2.16183424272828,2.25092659687853
joint_categories,pmmr,3.00090977183953e-06,2.28402541668774,2.30007067015703
joint_categories,pmmr,5.69204843429907e-06,2.16183424272828,2.41667426050432
joint_categories,pmmr,1.60476283858334e-05,2.49182469764127,2.24418659087888
joint_categories,pmmr,7.51239728543871e-06,2.349858807576,2.4299244759151
joint_categories,pmmr,1.35772725986537e-06,2.49182469764127,2.45179809623106
joint_categories,pmmr,8.06461403209649e-07,2.349858807576,2.61432075125576
joint_categories,pmmr,0.000132658257108041,2.28402541668774,2.10896600017886
joint_categories,pmmr,0.000108429290148266,2.16183424272828,2.26047739471181
joint_categories,pmmr,1.55134673424864e-05,2.28402541668774,2.30625304222684
joint_categories,pmmr,1.60699894106312e-05,2.16183424272828,2.43755386502905
joint_categories,pmmr,1.78732722877697e-05,2.49182469764127,2.30905057045733
joint_categories,pmmr,1.43432099237244e-05,2.349858807576,2.49756567568256
joint_categories,pmmr,5.00498326391054e-05,2.49182469764127,2.53780572577915
joint_categories,pmmr,5.03196895697656e-05,2.349858807576,2.69843302368144
joint_categories,pmmr,4.03708008779839e-06,2.28402541668774,2.17612474810182
joint_categories,pmmr,5.65658460681113e-06,2.16183424272828,2.3256628667722
joint_categories,pmmr,1.56256766451553e-05,2.28402541668774,2.38696405483944
joint_categories,pmmr,2.73974297365351e-05,2.16183424272828,2.51092157885343
joint_categories,pmmr,1.77908544299253e-06,2.49182469764127,2.30845723268416
joint_categories,pmmr,7.7336894263794e-07,2.349858807576,2.51189657452315
joint_categories,pmmr,5.50882047874379e-06,2.49182469764127,2.54229551430584
joint_categories,pmmr,3.03844865853506e-06,2.349858807576,2.72069288883811
joint_categories,pmmr,1.47068693541049e-05,2.28402541668774,2.17973154875732
joint_categories,pmmr,1.11623283869032e-05,2.16183424272828,2.34425847445196
joint_categories,pmmr,6.29440898174842e-05,2.28402541668774,2.40073477123588
joint_categories,pmmr,6.05457838069798e-05,2.16183424272828,2.54273814335593
joint_categories,pmmr,0.000759538687224554,3.33964685192599,2.38325600170357
joint_categories,pmmr,0.000846706009089562,3.11700001661268,2.57622957754891
joint_categories,pmmr,7.84470591620539e-05,3.33964685192599,2.60767652103482
joint_categories,pmmr,0.000109560107628954,3.11700001661268,2.77824138884426
joint_categories,pmmr,0.000171504198251637,3.01375270747048,2.2325642959292
joint_categories,pmmr,0.000333273146539268,2.82211880039051,2.38977836253654
joint_categories,pmmr,2.44835525045291e-05,3.01375270747048,2.44538857421749
joint_categories,pmmr,5.95366050115374e-05,2.82211880039051,2.58266918653187
joint_categories,pmmr,9.70247309592075e-05,3.33964685192599,2.37010074126119
joint_categories,pmmr,5.83238164385081e-05,3.11700001661268,2.57403523987044
joint_categories,pmmr,1.10808345536661e-05,3.33964685192599,2.60077515132089
joint_categories,pmmr,8.45160748498278e-06,3.11700001661268,2.78505001103769
joint_categories,pmmr,0.000801802558993415,3.01375270747048,2.22429635223807
joint_categories,pmmr,0.000840182727662812,2.82211880039051,2.39335100863931
joint_categories,pmmr,0.000126569880831251,3.01375270747048,2.44797304306221
joint_categories,pmmr,0.00016808581710499,2.82211880039051,2.6001449562528
joint_categories,pmmr,0.000108062661558913,3.33964685192599,2.45651697519575
joint_categories,pmmr,0.000111356030697654,3.11700001661268,2.66607778197468
joint_categories,pmmr,0.000408472254558399,3.33964685192599,2.7113600099166
joint_categories,pmmr,0.000527343606671384,3.11700001661268,2.89709407527044
joint_categories,pmmr,2.4400600579441e-05,3.01375270747048,2.31179301503839
joint_categories,pmmr,4.38310043135704e-05,2.82211880039051,2.48093046878611
joint_categories,pmmr,0.000127485363988782,3.01375270747048,2.55193205027616
joint_categories,pmmr,0.000286566421804578,2.82211880039051,2.69909670280333
joint_categories,pmmr,1.07564359237141e-05,3.33964685192599,2.44896137804269
joint_categories,pmmr,6.00418568611739e-06,3.11700001661268,2.67278041317436
joint_categories,pmmr,4.49591977087213e-05,3.33964685192599,2.71106382685738
joint_categories,pmmr,3.1842534959525e-05,3.11700001661268,2.91416659948101
joint_categories,pmmr,8.88900980607588e-05,3.01375270747048,2.31104922624775
joint_categories,pmmr,8.64931929218788e-05,2.82211880039051,2.49521394375562
joint_categories,pmmr,0.000513542573774717,3.01375270747048,2.56410677967996
joint_categories,pmmr,0.000633285267551308,2.82211880039051,2.72972574172617
joint_categories,pmmr,0.000105972038196597,1.77880078307141,1.93995384541691
joint_categories,pmmr,7.40029352343184e-05,1.70468808971871,2.09313507053207
joint_categories,pmmr,1.25892464741956e-05,1.77880078307141,2.1339953891674
joint_categories,pmmr,1.10343278474698e-05,1.70468808971871,2.2702567760435
joint_categories,pmmr,9.36643552119747e-06,1.67032004603564,1.84861729835398
joint_categories,pmmr,1.14506399725992e-05,1.60653065971263,1.97344819804646
joint_categories,pmmr,1.53799777282289e-06,1.67032004603564,2.02413239908002
joint_categories,pmmr,2.35716852536868e-06,1.60653065971263,2.13260949788909
joint_categories,pmmr,1.35370438243179e-05,1.77880078307141,1.94156398775843
joint_categories,pmmr,5.09755873252653e-06,1.70468808971871,2.10382372843489
joint_categories,pmmr,1.778261146128e-06,1.77880078307141,2.13746872406814
joint_categories,pmmr,8.51202229038192e-07,1.70468808971871,2.28491140153041
joint_categories,pmmr,4.37892019326779e-05,1.67032004603564,1.84980807505075
joint_categories,pmmr,2.88671020319653e-05,1.60653065971263,1.98409268456044
joint_categories,pmmr,7.95081493132629e-06,1.67032004603564,2.03077408306927
joint_categories,pmmr,6.65484028798717e-06,1.60653065971263,2.15112715353885
joint_categories,pmmr,1.50770733485513e-05,1.77880078307141,1.99500061764527
joint_categories,pmmr,9.73262624713179e-06,1.70468808971871,2.15951244540343
joint_categories,pmmr,6.55519524305315e-05,1.77880078307141,2.21099896427597
joint_categories,pmmr,5.31113228182101e-05,1.70468808971871,2.35677501190722
joint_categories,pmmr,1.33260091785331e-06,1.67032004603564,1.90539201991034
joint_categories,pmmr,1.50595106519631e-06,1.60653065971263,2.03791047579132
joint_categories,pmmr,8.00832337733632e-06,1.67032004603564,2.0997487593456
joint_categories,pmmr,1.13457149559397e-05,1.60653065971263,2.21355596868365
joint_categories,pmmr,1.50075494209827e-06,1.77880078307141,1.99812284314527
joint_categories,pmmr,5.24771714969094e-07,1.70468808971871,2.1741577956254
joint_categories,pmmr,7.21508782206799e-06,1.77880078307141,2.21637840567337
joint_categories,pmmr,3.20701556288963e-06,1.70468808971871,2.37616611338337
joint_categories,pmmr,4.8545947005765e-06,1.67032004603564,1.90991635063155
joint_categories,pmmr,2.97174381588617e-06,1.60653065971263,2.05426072327082
joint_categories,pmmr,3.22595070535267e-05,1.67032004603564,2.11085080405604
joint_categories,pmmr,2.50729798913181e-05,1.60653065971263,2.23925425379476
joint_categories,pmmr,0.000535804216557258,2.22140275816017,2.06418447577254
joint_categories,pmmr,0.000482473898643181,2.10517091807565,2.23558776248863
joint_categories,pmmr,8.59217117479918e-05,2.22140275816017,2.27842778817768
joint_categories,pmmr,9.71089158479462e-05,2.10517091807565,2.43544870936119
joint_categories,pmmr,4.76763856244649e-05,2.05127109637602,1.95854150572686
joint_categories,pmmr,7.52594403054059e-05,1.95122942450071,2.09991671078194
joint_categories,pmmr,1.05675187534922e-05,2.05127109637602,2.15576459703203
joint_categories,pmmr,2.09127045694097e-05,1.95122942450071,2.28320301556075
joint_categories,pmmr,6.84445188015912e-05,2.22140275816017,2.05778906739642
joint_categories,pmmr,3.32343443872496e-05,2.10517091807565,2.23762272332153
joint_categories,pmmr,1.21366470919004e-05,2.22140275816017,2.27484110457059
joint_categories,pmmr,7.49110655147047e-06,2.10517091807565,2.44262631161949
joint_categories,pmmr,0.000222892782724565,2.05127109637602,1.95370543187785
joint_categories,pmmr,0.000189729303110001,1.95122942450071,2.10441467832823
joint_categories,pmmr,5.46297188312067e-05,2.05127109637602,2.15776471898087
joint_categories,pmmr,5.90414759918424e-05,1.95122942450071,2.29725520879184
joint_categories,pmmr,7.6231047462823e-05,2.22140275816017,2.13046037502901
joint_categories,pmmr,6.34534037686793e-05,2.10517091807565,2.31523757799873
joint_categories,pmmr,0.000447392619788555,2.22140275816017,2.37096639440939
joint_categories,pmmr,0.00046741251931438,2.10517091807565,2.54021018811306
joint_categories,pmmr,6.78311350132134e-06,2.05127109637602,2.02748862523861
joint_categories,pmmr,9.89787772257393e-06,1.95122942450071,2.17835741689035
joint_categories,pmmr,5.50248569727787e-05,2.05127109637602,2.2479462612963
joint_categories,pmmr,0.000100658727812086,1.95122942450071,2.38303744728081
joint_categories,pmmr,7.58795281924868e-06,2.22140275816017,2.12655765927944
joint_categories,pmmr,3.42133260548552e-06,2.10517091807565,2.32228649132388
joint_categories,pmmr,4.92430343114546e-05,2.22140275816017,2.37046295027654
joint_categories,pmmr,2.82237222533781e-05,2.10517091807565,2.55337943493037
joint_categories,pmmr,2.47105239203716e-05,2.05127109637602,2.0270580716695
joint_categories,pmmr,1.95318145404827e-05,1.95122942450071,2.18977727053402
joint_categories,pmmr,0.000221653731748163,2.05127109637602,2.25583400761407
joint_categories,pmmr,0.000222446471475719,1.95122942450071,2.40587608994128
joint_categories,pmmr,0.000457647591102943,2.49182469764127,2.24894789779905
joint_categories,pmmr,0.000396680697514186,2.349858807576,2.42298412232151
joint_categories,pmmr,5.43675333678904e-05,2.49182469764127,2.45219486008248
joint_categories,pmmr,5.91477196583503e-05,2.349858807576,2.60051244053112
joint_categories,pmmr,5.59360146777711e-05,2.28402541668774,2.1113792088904
joint_categories,pmmr,8.48738093609244e-05,2.16183424272828,2.25092659687853
joint_categories,pmmr,9.18486715680733e-06,2.28402541668774,2.30007067015703
joint_categories,pmmr,1.74716760401559e-05,2.16183424272828,2.41667426050432
joint_categories,pmmr,5.84606619093318e-05,2.49182469764127,2.24418659087888
joint_categories,pmmr,2.73246344518023e-05,2.349858807576,2.4299244759151
joint_categories,pmmr,7.67954399789561e-06,2.49182469764127,2.45179809623106
joint_categories,pmmr,4.56273109804858e-06,2.349858807576,2.61432075125576
joint_categories,pmmr,0.00026150753256037,2.28402541668774,2.10896600017886
joint_categories,pmmr,0.000213967159960164,2.16183424272828,2.26047739471181
joint_categories,pmmr,4.74819796380822e-05,2.28402541668774,2.30625304222684
joint_categories,pmmr,4.93266443868302e-05,2.16183424272828,2.43755386502905
joint_categories,pmmr,6.51113861379755e-05,2.49182469764127,2.30905057045733
joint_categories,pmmr,5.2170159955584e-05,2.349858807576,2.49756567568256
joint_categories,pmmr,0.000283090649500133,2.49182469764127,2.53780572577915
joint_categories,pmmr,0.000284694607243882,2.349858807576,2.69843302368144
joint_categories,pmmr,7.95824455652947e-06,2.28402541668774,2.17612474810182
joint_categories,pmmr,1.11623283869032e-05,2.16183424272828,2.3256628667722
joint_categories,pmmr,4.78254180008225e-05,2.28402541668774,2.38696405483944
joint_categories,pmmr,8.40960898725417e-05,2.16183424272828,2.51092157885343
joint_categories,pmmr,6.48111422385726e-06,2.49182469764127,2.30845723268416
joint_categories,pmmr,2.81295342232749e-06,2.349858807576,2.51189657452315
joint_categories,pmmr,3.11588567848423e-05,2.49182469764127,2.54229551430584
joint_categories,pmmr,1.71906852937362e-05,2.349858807576,2.72069288883811
joint_categories,pmmr,2.89914642354107e-05,2.28402541668774,2.17973154875732
joint_categories,pmmr,2.20269975042956e-05,2.16183424272828,2.34425847445196
joint_categories,pmmr,0.000192652611119777,2.28402541668774,2.40073477123588
joint_categories,pmmr,0.000185844574669916,2.16183424272828,2.54273814335593
joint_categories,pmmr,0.00305960966902122,3.33964685192599,2.38325600170357
joint_categories,pmmr,0.00341677525449953,3.11700001661268,2.57622957754891
joint_categories,pmmr,0.000490639849257172,3.33964685192599,2.60767652103482
joint_categories,pmmr,0.000687704229376201,3.11700001661268,2.77824138884426
joint_categories,pmmr,0.000376045374945552,3.01375270747048,2.2325642959292
joint_categories,pmmr,0.000736502806032577,2.82211880039051,2.38977836253654
joint_categories,pmmr,8.33508350067117e-05,3.01375270747048,2.44538857421749
joint_categories,pmmr,0.000204655595824225,2.82211880039051,2.58266918653187
joint_categories,pmmr,0.000390839610898199,3.33964685192599,2.37010074126119
joint_categories,pmmr,0.00023535840139997,3.11700001661268,2.57403523987044
joint_categories,pmmr,6.93040510775986e-05,3.33964685192599,2.60077515132089
joint_categories,pmmr,5.30503879398729e-05,3.11700001661268,2.78505001103769
joint_categories,pmmr,0.00175805692806767,3.01375270747048,2.22429635223807
joint_categories,pmmr,0.00185672606067844,2.82211880039051,2.39335100863931
joint_categories,pmmr,0.000430889481909668,3.01375270747048,2.44797304306221
joint_categories,pmmr,0.000577790806891949,2.82211880039051,2.6001449562528
joint_categories,pmmr,0.000435303125077114,3.33964685192599,2.45651697519575
joint_categories,pmmr,0.000449363209948342,3.11700001661268,2.66607778197468
joint_categories,pmmr,0.00255475179749266,3.33964685192599,2.7113600099166
joint_categories,pmmr,0.00331011384061995,3.11700001661268,2.89709407527044
joint_categories,pmmr,5.35015065947808e-05,3.01375270747048,2.31179301503839
joint_categories,pmmr,9.68624625277663e-05,2.82211880039051,2.48093046878611
joint_categories,pmmr,0.000434006116458544,3.01375270747048,2.55193205027616
joint_categories,pmmr,0.000985064932511136,2.82211880039051,2.69909670280333
joint_categories,pmmr,4.33295840092911e-05,3.33964685192599,2.44896137804269
joint_categories,pmmr,2.42291336727435e-05,3.11700001661268,2.67278041317436
joint_categories,pmmr,0.000281193128488883,3.33964685192599,2.71106382685738
joint_categories,pmmr,0.000199874264818062,3.11700001661268,2.91416659948101
joint_categories,pmmr,0.000194903160359726,3.01375270747048,2.31104922624775
joint_categories,pmmr,0.000191141950532684,2.82211880039051,2.49521394375562
joint_categories,pmmr,0.00174828396850091,3.01375270747048,2.56410677967996
joint_categories,pmmr,0.00217690232307168,2.82211880039051,2.72972574172617
