cell,estimate,true,probability,current_R,kind,horizon,fold,candidate
0|0|0|0|0|1|0|0|0,1.09568260022704,1,0.0712514690855105,1,beta,1,2,ensemble
0|0|0|0|0|1|0|0|1,1.16319739760198,1,0.0613267077739023,1,beta,1,2,ensemble
0|0|0|0|0|1|0|1|0,1.06503015153469,1,0.0827823966282418,1,beta,1,2,ensemble
0|0|0|0|0|1|0|1|1,1.10127605428621,1,0.0712514690855104,1,beta,1,2,ensemble
0|0|0|0|0|1|0|2|0,1.0342013358387,1,0.0644709953186023,1,beta,1,2,ensemble
0|0|0|0|0|1|0|2|1,1.0503280124196,1,0.0554906999187836,1,beta,1,2,ensemble
0|0|0|0|0|1|0|3|0,1.02515759445927,1,0.0502100616395203,1,beta,1,2,ensemble
0|0|0|0|0|1|0|3|1,1.03611722939688,1,0.0432162005499289,1,beta,1,2,ensemble
1|0|0|1|0|1|0|0|0,1.03115048678094,1,0.078387549004066,1,beta,1,2,ensemble
1|0|0|1|0|1|0|0|1,1.03371544054813,1,0.0745645431271591,1,beta,1,2,ensemble
1|0|0|1|0|1|0|1|0,0.966934909636355,1,0.0745645431271592,1,beta,1,2,ensemble
1|0|0|1|0|1|0|1|1,0.939463042725451,1,0.0709279874470063,1,beta,1,2,ensemble
1|0|0|1|0|1|0|2|0,0.921277971825771,1,0.0580709245767931,1,beta,1,2,ensemble
1|0|0|1|0|1|0|2|1,0.885256726782288,1,0.0552387721654073,1,beta,1,2,ensemble
1|0|0|1|0|1|0|3|0,0.905913701739754,1,0.0452256815340869,1,beta,1,2,ensemble
1|0|0|1|0|1|0|3|1,0.871765307313973,1,0.043019999018322,1,beta,1,2,ensemble
0|0|0|0|0|1|0|0|0,1.03935247862428,1,0.0712514690855105,1,beta,1,2,sieve_md
0|0|0|0|0|1|0|0|1,1.2013695462807,1,0.0613267077739023,1,beta,1,2,sieve_md
0|0|0|0|0|1|0|1|0,1.05150869436888,1,0.0827823966282418,1,beta,1,2,sieve_md
0|0|0|0|0|1|0|1|1,1.11342622534999,1,0.0712514690855104,1,beta,1,2,sieve_md
0|0|0|0|0|1|0|2|0,1.05585846585446,1,0.0644709953186023,1,beta,1,2,sieve_md
0|0|0|0|0|1|0|2|1,1.03817461101779,1,0.0554906999187836,1,beta,1,2,sieve_md
0|0|0|0|0|1|0|3|0,1.05235757092996,1,0.0502100616395203,1,beta,1,2,sieve_md
0|0|0|0|0|1|0|3|1,1.01552573016475,1,0.0432162005499289,1,beta,1,2,sieve_md
1|0|0|1|0|1|0|0|0,1.01256173140545,1,0.078387549004066,1,beta,1,2,sieve_md
1|0|0|1|0|1|0|0|1,1.07767467202351,1,0.0745645431271591,1,beta,1,2,sieve_md
1|0|0|1|0|1|0|1|0,0.973167998884584,1,0.0745645431271592,1,beta,1,2,sieve_md
1|0|0|1|0|1|0|1|1,0.939686145368278,1,0.0709279874470063,1,beta,1,2,sieve_md
1|0|0|1|0|1|0|2|0,0.93864795481522,1,0.0580709245767931,1,beta,1,2,sieve_md
1|0|0|1|0|1|0|2|1,0.858699744989911,1,0.0552387721654073,1,beta,1,2,sieve_md
1|0|0|1|0|1|0|3|0,0.920090162170885,1,0.0452256815340869,1,beta,1,2,sieve_md
1|0|0|1|0|1|0|3|1,0.837644110154279,1,0.043019999018322,1,beta,1,2,sieve_md
0|0|0|0|0|1|0|0|0,1.1156587220545,1,0.0712514690855105,1,beta,1,2,landweber
0|0|0|0|0|1|0|0|1,1.16491110753404,1,0.0613267077739023,1,beta,1,2,landweber
0|0|0|0|0|1|0|1|0,1.06276073106781,1,0.0827823966282418,1,beta,1,2,landweber
0|0|0|0|0|1|0|1|1,1.0967123611527,1,0.0712514690855104,1,beta,1,2,landweber
0|0|0|0|0|1|0|2|0,1.01221402939897,1,0.0644709953186023,1,beta,1,2,landweber
0|0|0|0|0|1|0|2|1,1.0415964003341,1,0.0554906999187836,1,beta,1,2,landweber
0|0|0|0|0|1|0|3|0,0.998842600424938,1,0.0502100616395203,1,beta,1,2,landweber
0|0|0|0|0|1|0|3|1,1.02674670314422,1,0.0432162005499289,1,beta,1,2,landweber
1|0|0|1|0|1|0|0|0,0.992191593406976,1,0.078387549004066,1,beta,1,2,landweber
1|0|0|1|0|1|0|0|1,1.00963214531082,1,0.0745645431271591,1,beta,1,2,landweber
1|0|0|1|0|1|0|1|0,0.93611248455468,1,0.0745645431271592,1,beta,1,2,landweber
1|0|0|1|0|1|0|1|1,0.943484179888766,1,0.0709279874470063,1,beta,1,2,landweber
1|0|0|1|0|1|0|2|0,0.898890384297062,1,0.0580709245767931,1,beta,1,2,landweber
1|0|0|1|0|1|0|2|1,0.906035084708359,1,0.0552387721654073,1,beta,1,2,landweber
1|0|0|1|0|1|0|3|0,0.890253700151792,1,0.0452256815340869,1,beta,1,2,landweber
1|0|0|1|0|1|0|3|1,0.897388087549141,1,0.043019999018322,1,beta,1,2,landweber
0|0|0|0|0|1|0|0|0,1.10860476101631,1,0.0712514690855105,1,beta,1,2,pmmr
0|0|0|0|0|1|0|0|1,1.15194184273621,1,0.0613267077739023,1,beta,1,2,pmmr
0|0|0|0|0|1|0|1|0,1.06928951543561,1,0.0827823966282418,1,beta,1,2,pmmr
0|0|0|0|0|1|0|1|1,1.09853056892868,1,0.0712514690855104,1,beta,1,2,pmmr
0|0|0|0|0|1|0|2|0,1.03157743989392,1,0.0644709953186023,1,beta,1,2,pmmr
0|0|0|0|0|1|0|2|1,1.05525289840737,1,0.0554906999187836,1,beta,1,2,pmmr
0|0|0|0|0|1|0|3|0,1.02164919489179,1,0.0502100616395203,1,beta,1,2,pmmr
0|0|0|0|0|1|0|3|1,1.04357281515379,1,0.0432162005499289,1,beta,1,2,pmmr
1|0|0|1|0|1|0|0|0,1.04287840406729,1,0.078387549004066,1,beta,1,2,pmmr
1|0|0|1|0|1|0|0|1,1.02502296842898,1,0.0745645431271591,1,beta,1,2,pmmr
1|0|0|1|0|1|0|1|0,0.970193191126595,1,0.0745645431271592,1,beta,1,2,pmmr
1|0|0|1|0|1|0|1|1,0.93874002491016,1,0.0709279874470063,1,beta,1,2,pmmr
1|0|0|1|0|1|0|2|0,0.919952247680111,1,0.0580709245767931,1,beta,1,2,pmmr
1|0|0|1|0|1|0|2|1,0.889487453767786,1,0.0552387721654073,1,beta,1,2,pmmr
1|0|0|1|0|1|0|3|0,0.904403804354848,1,0.0452256815340869,1,beta,1,2,pmmr
1|0|0|1|0|1|0|3|1,0.877377027188097,1,0.043019999018322,1,beta,1,2,pmmr
0|0|0|0|0|1|0|0|0,-0.0914551166368847,0,0.0593704603742612,1,adjoint,1,2,ensemble
0|0|0|0|0|1|0|0|1,1.2115526191887,1.33887235946356,0.0512744483069173,1,adjoint,1,2,ensemble
0|0|0|0|0|1|0|1|0,-0.157608458715013,0,0.0413271029550734,1,adjoint,1,2,ensemble
0|0|0|0|0|1|0|1|1,1.19933535293441,1.40315839635324,0.0523470621912787,1,adjoint,1,2,ensemble
1|0|0|1|0|1|0|0|0,0.038929905292245,0,0.0534432186448384,1,adjoint,1,2,ensemble
1|0|0|1|0|1|0|0|1,1.28446179136789,1.28594444162883,0.057599396321198,1,adjoint,1,2,ensemble
1|0|0|1|0|1|0|1|0,0.00953065335622494,0,0.0448024451455078,1,adjoint,1,2,ensemble
1|0|0|1|0|1|0|1|1,1.34733338726778,1.36107325553378,0.0716488739170812,1,adjoint,1,2,ensemble
0|0|0|0|0|1|0|0|0,-0.02951506213839,0,0.0593704603742612,1,adjoint,1,2,sieve_md
0|0|0|0|0|1|0|0|1,1.18706413247634,1.33887235946356,0.0512744483069173,1,adjoint,1,2,sieve_md
0|0|0|0|0|1|0|1|0,-0.104872164974238,0,0.0413271029550734,1,adjoint,1,2,sieve_md
0|0|0|0|0|1|0|1|1,1.19473696455849,1.40315839635324,0.0523470621912787,1,adjoint,1,2,sieve_md
1|0|0|1|0|1|0|0|0,-0.0702474428764568,0,0.0534432186448384,1,adjoint,1,2,sieve_md
1|0|0|1|0|1|0|0|1,1.26947186262366,1.28594444162883,0.057599396321198,1,adjoint,1,2,sieve_md
1|0|0|1|0|1|0|1|0,0.0668456812292071,0,0.0448024451455078,1,adjoint,1,2,sieve_md
1|0|0|1|0|1|0|1|1,1.26904381644559,1.36107325553378,0.0716488739170812,1,adjoint,1,2,sieve_md
0|0|0|0|0|1|0|0|0,-0.121737267014433,0,0.0593704603742612,1,adjoint,1,2,landweber
0|0|0|0|0|1|0|0|1,1.20277390706754,1.33887235946356,0.0512744483069173,1,adjoint,1,2,landweber
0|0|0|0|0|1|0|1|0,-0.196862265890644,0,0.0413271029550734,1,adjoint,1,2,landweber
0|0|0|0|0|1|0|1|1,1.25332600907421,1.40315839635324,0.0523470621912787,1,adjoint,1,2,landweber
1|0|0|1|0|1|0|0|0,0.101054256612205,0,0.0534432186448384,1,adjoint,1,2,landweber
1|0|0|1|0|1|0|0|1,1.2934178614281,1.28594444162883,0.057599396321198,1,adjoint,1,2,landweber
1|0|0|1|0|1|0|1|0,0.0235108124363062,0,0.0448024451455078,1,adjoint,1,2,landweber
1|0|0|1|0|1|0|1|1,1.37328228791211,1.36107325553378,0.0716488739170812,1,adjoint,1,2,landweber
0|0|0|0|0|1|0|0|0,-0.0734734361818191,0,0.0593704603742612,1,adjoint,1,2,pmmr
0|0|0|0|0|1|0|0|1,1.21676545890455,1.33887235946356,0.0512744483069173,1,adjoint,1,2,pmmr
0|0|0|0|0|1|0|1|0,-0.13429936710571,0,0.0413271029550734,1,adjoint,1,2,pmmr
0|0|0|0|0|1|0|1|1,1.16727545249269,1.40315839635324,0.0523470621912787,1,adjoint,1,2,pmmr
1|0|0|1|0|1|0|0|0,0.00204017916691685,0,0.0534432186448384,1,adjoint,1,2,pmmr
1|0|0|1|0|1|0|0|1,1.27914363569043,1.28594444162883,0.057599396321198,1,adjoint,1,2,pmmr
1|0|0|1|0|1|0|1|0,0.00122917046433004,0,0.0448024451455078,1,adjoint,1,2,pmmr
1|0|0|1|0|1|0|1|1,1.33192481047487,1.36107325553378,0.0716488739170812,1,adjoint,1,2,pmmr
0|0|0|0|0|1|0|0|0|0|0|0|0|1|0|0|0,0.987932287549548,1,0.00420354465996152,1,beta,2,2,ensemble
0|0|0|0|0|1|0|0|0|0|0|0|0|1|0|0|1,0.890205507954149,1,0.00361802441808784,1,beta,2,2,ensemble
0|0|0|0|0|1|0|0|0|0|0|0|0|1|0|1|0,0.901316600042412,1,0.00488382212678092,1,beta,2,2,ensemble
0|0|0|0|0|1|0|0|0|0|0|0|0|1|0|1|1,0.794064818776079,1,0.00420354465996152,1,beta,2,2,ensemble
0|0|0|0|0|1|0|0|0|0|0|0|0|1|0|2|0,0.816369890234106,1,0.00380352449671843,1,beta,2,2,ensemble
0|0|0|0|0|1|0|0|0|0|0|0|0|1|0|2|1,0.717175134440582,1,0.00327372387285366,1,beta,2,2,ensemble
0|0|0|0|0|1|0|0|0|0|0|0|0|1|0|3|0,0.78266268124067,1,0.00296218785647559,1,beta,2,2,ensemble
0|0|0|0|0|1|0|0|0|0|0|0|0|1|0|3|1,0.693837337394139,1,0.00254957871573798,1,beta,2,2,ensemble
0|0|0|0|0|1|0|0|0|0|0|1|0|1|0|0|0,1.06699364532825,1,0.000520404079326314,1,beta,2,2,ensemble
0|0|0|0|0|1|0|0|0|0|0|1|0|1|0|0|1,0.966431460792295,1,0.000604623279416797,1,beta,2,2,ensemble
0|0|0|0|0|1|0|0|0|0|0|1|0|1|0|1|0,0.973183164519761,1,0.000495023672885394,1,beta,2,2,ensemble
0|0|0|0|0|1|0|0|0|0|0|1|0|1|0|1|1,0.86226930691775,1,0.000575135454119375,1,beta,2,2,ensemble
0|0|0|0|0|1|0|0|0|0|0|1|0|1|0|2|0,0.897098264939568,1,0.000348837286411149,1,beta,2,2,ensemble
0|0|0|0|0|1|0|0|0|0|0|1|0|1|0|2|1,0.79380650352703,1,0.000405291104492887,1,beta,2,2,ensemble
0|0|0|0|0|1|0|0|0|0|0|1|0|1|0|3|0,0.868175180774755,1,0.000245821480983732,1,beta,2,2,ensemble
0|0|0|0|0|1|0|0|0|0|0|1|0|1|0|3|1,0.774585930537513,1,0.00028560381420508,1,beta,2,2,ensemble
0|0|0|0|0|1|0|0|0|0|1|0|1|0|0|0|0,0.990931369077869,1,0.0340123692951178,0,beta,2,2,ensemble
0|0|0|0|0|1|0|0|0|1|0|0|0|1|0|0|0,0.966882264266278,1,0.000389888941052255,1,beta,2,2,ensemble
0|0|0|0|0|1|0|0|0|1|0|0|0|1|0|0|1,0.86896622236466,1,0.000335580521483595,1,beta,2,2,ensemble
0|0|0|0|0|1|0|0|0|1|0|0|0|1|0|1|0,0.877125917620982,1,0.000611467577240109,1,beta,2,2,ensemble
0|0|0|0|0|1|0|0|0|1|0|0|0|1|0|1|1,0.773003722218572,1,0.000526295021055867,1,beta,2,2,ensemble
0|0|0|0|0|1|0|0|0|1|0|0|0|1|0|2|0,0.790080820687662,1,0.000526295021055867,1,beta,2,2,ensemble
0|0|0|0|0|1|0|0|0|1|0|0|0|1|0|2|1,0.696790206379422,1,0.000452986322575578,1,beta,2,2,ensemble
0|0|0|0|0|1|0|0|0|1|0|0|0|1|0|3|0,0.755220764815491,1,0.000452986322575578,1,beta,2,2,ensemble
0|0|0|0|0|1|0|0|0|1|0|0|0|1|0|3|1,0.674142282284995,1,0.000389888941052255,1,beta,2,2,ensemble
0|0|0|0|0|1|0|0|0|1|0|1|0|1|0|0|0,1.04255387140022,1,6.54685048802593e-05,1,beta,2,2,ensemble
0|0|0|0|0|1|0|0|0|1|0|1|0|1|0|0|1,0.943000335761755,1,7.6063550790109e-05,1,beta,2,2,ensemble
0|0|0|0|0|1|0|0|0|1|0|1|0|1|0|1|0,0.945986924047335,1,8.40632242587983e-05,1,beta,2,2,ensemble
0|0|0|0|0|1|0|0|0|1|0|1|0|1|0|1|1,0.839489790218229,1,9.76675324980188e-05,1,beta,2,2,ensemble
0|0|0|0|0|1|0|0|0|1|0|1|0|1|0|2|0,0.868270794310397,1,6.54685048802593e-05,1,beta,2,2,ensemble
0|0|0|0|0|1|0|0|0|1|0|1|0|1|0|2|1,0.772097380922293,1,7.6063550790109e-05,1,beta,2,2,ensemble
0|0|0|0|0|1|0|0|0|1|0|1|0|1|0|3|0,0.838307351366905,1,5.098692286726e-05,1,beta,2,2,ensemble
0|0|0|0|0|1|0|0|0|1|0|1|0|1|0|3|1,0.753694879170237,1,5.92383529185285e-05,1,beta,2,2,ensemble
0|0|0|0|0|1|0|0|1|0|0|0|0|1|0|0|0,0.980984411819606,1,0.000598055413868472,1,beta,2,2,ensemble
0|0|0|0|0|1|0|0|1|0|0|0|0|1|0|0|1,0.881328757868726,1,0.000514751065060783,1,beta,2,2,ensemble
0|0|0|0|0|1|0|0|1|0|0|0|0|1|0|1|0,0.894611712728998,1,0.000694841258881426,1,beta,2,2,ensemble
0|0|0|0|0|1|0|0|1|0|0|0|0|1|0|1|1,0.785690158417862,1,0.000598055413868473,1,beta,2,2,ensemble
0|0|0|0|0|1|0|0|1|0|0|0|0|1|0|2|0,0.809880675283736,1,0.000541142916527176,1,beta,2,2,ensemble
0|0|0|0|0|1|0|0|1|0|0|0|0|1|0|2|1,0.70921551521737,1,0.000465766024640859,1,beta,2,2,ensemble
0|0|0|0|0|1|0|0|1|0|0|0|0|1|0|3|0,0.776130409699348,1,0.000421442527144908,1,beta,2,2,ensemble
0|0|0|0|0|1|0|0|1|0|0|0|0|1|0|3|1,0.685966773103395,1,0.000362738944718357,1,beta,2,2,ensemble
0|0|0|0|0|1|0|0|1|0|0|1|0|1|0|0|0,1.05861931961237,1,7.40400072359856e-05,1,beta,2,2,ensemble
0|0|0|0|0|1|0|0|1|0|0|1|0|1|0|0|1,0.956648514530814,1,8.6022215738618e-05,1,beta,2,2,ensemble
0|0|0|0|0|1|0|0|1|0|0|1|0|1|0|1|0,0.965430218608297,1,7.04290334731153e-05,1,beta,2,2,ensemble
0|0|0|0|0|1|0|0|1|0|0|1|0|1|0|1|1,0.853340000031453,1,8.18268627713218e-05,1,beta,2,2,ensemble
0|0|0|0|0|1|0|0|1|0|0|1|0|1|0|2|0,0.889796450414957,1,4.9630501058905e-05,1,beta,2,2,ensemble
0|0|0|0|0|1|0|0|1|0|0|1|0|1|0|2|1,0.785430674556542,1,5.76624156139981e-05,1,beta,2,2,ensemble
0|0|0|0|0|1|0|0|1|0|0|1|0|1|0|3|0,0.860910371447913,1,3.49740229829823e-05,1,beta,2,2,ensemble
0|0|0|0|0|1|0|0|1|0|0|1|0|1|0|3|1,0.766326823199135,1,4.06340175075948e-05,1,beta,2,2,ensemble
0|0|0|0|0|1|0|0|1|0|1|0|1|0|0|0|0,0.995209460347258,1,0.0344508323933191,0,beta,2,2,ensemble
0|0|0|0|0|1|0|0|1|1|0|0|0|1|0|0|0,0.959113075817339,1,0.0020301438508996,1,beta,2,2,ensemble
0|0|0|0|0|1|0|0|1|1|0|0|0|1|0|0|1,0.860056721624367,1,0.00174736100575957,1,beta,2,2,ensemble
0|0|0|0|0|1|0|0|1|1|0|0|0|1|0|1|0,0.869846492894575,1,0.00318389933966378,1,beta,2,2,ensemble
0|0|0|0|0|1|0|0|1|1|0|0|0|1|0|1|1,0.76482919294919,1,0.00274040755778309,1,beta,2,2,ensemble
0|0|0|0|0|1|0|0|1|1|0|0|0|1|0|2|0,0.783258319463744,1,0.00274040755778309,1,beta,2,2,ensemble
0|0|0|0|0|1|0|0|1|1|0|0|0|1|0|2|1,0.689208014776896,1,0.00235869064363942,1,beta,2,2,ensemble
0|0|0|0|0|1|0|0|1|1|0|0|0|1|0|3|0,0.748471347231755,1,0.00235869064363942,1,beta,2,2,ensemble
0|0|0|0|0|1|0|0|1|1|0|0|0|1|0|3|1,0.666713875639848,1,0.0020301438508996,1,beta,2,2,ensemble
0|0|0|0|0|1|0|0|1|1|0|1|0|1|0|0|0,1.03330142877232,1,0.000340893184227136,1,beta,2,2,ensemble
0|0|0|0|0|1|0|0|1|1|0|1|0|1|0|0|1,0.933105926319647,1,0.000396061374547767,1,beta,2,2,ensemble
0|0|0|0|0|1|0|0|1|1|0|1|0|1|0|1|0,0.937619563023851,1,0.000437715512923259,1,beta,2,2,ensemble
0|0|0|0|0|1|0|0|1|1|0|1|0|1|0|1|1,0.830684597728688,1,0.000508552871487617,1,beta,2,2,ensemble
0|0|0|0|0|1|0|0|1|1|0|1|0|1|0|2|0,0.860568842103369,1,0.000340893184227136,1,beta,2,2,ensemble
0|0|0|0|0|1|0|0|1|1|0|1|0|1|0|2|1,0.763996570238386,1,0.000396061374547767,1,beta,2,2,ensemble
0|0|0|0|0|1|0|0|1|1|0|1|0|1|0|3|0,0.830746461738992,1,0.000265487878819798,1,beta,2,2,ensemble
0|0|0|0|0|1|0|0|1|1|0|1|0|1|0|3|1,0.74576313072103,1,0.000308452908642138,1,beta,2,2,ensemble
0|0|0|0|0|1|0|1|0|0|0|0|0|1|0|0|0,0.996840462228186,1,0.00268589286761164,1,beta,2,2,ensemble
0|0|0|0|0|1|0|1|0|0|0|0|0|1|0|0|1,0.900030004913549,1,0.00231176941497651,1,beta,2,2,ensemble
0|0|0|0|0|1|0|1|0|0|0|0|0|1|0|1|0,0.910686699184813,1,0.00312056230589087,1,beta,2,2,ensemble
0|0|0|0|0|1|0|1|0|0|0|0|0|1|0|1|1,0.804092838299945,1,0.00268589286761164,1,beta,2,2,ensemble
0|0|0|0|0|1|0|1|0|0|0|0|0|1|0|2|0,0.826168710286467,1,0.00243029636745092,1,beta,2,2,ensemble
0|0|0|0|0|1|0|1|0|0|0|0|0|1|0|2|1,0.727351000783639,1,0.00209177546854185,1,beta,2,2,ensemble
0|0|0|0|0|1|0|1|0|0|0|0|0|1|0|3|0,0.792611392092071,1,0.00189271671406637,1,beta,2,2,ensemble
0|0|0|0|0|1|0|1|0|0|0|0|0|1|0|3|1,0.704057548834519,1,0.00162907637290995,1,beta,2,2,ensemble
0|0|0|0|0|1|0|1|0|0|0|1|0|1|0|0|0,1.07701965385991,1,0.00201160997144684,1,beta,2,2,ensemble
0|0|0|0|0|1|0|1|0|0|0|1|0|1|0|0|1,0.977461862125736,1,0.0023371573478406,1,beta,2,2,ensemble
0|0|0|0|0|1|0|1|0|0|0|1|0|1|0|1|0,0.983791706717015,1,0.00191350259545927,1,beta,2,2,ensemble
0|0|0|0|0|1|0|1|0|0|0|1|0|1|0|1|1,0.873567520113102,1,0.00222317283895403,1,beta,2,2,ensemble
0|0|0|0|0|1|0|1|0|0|0|1|0|1|0|2|0,0.908153008760736,1,0.00134842248866599,1,beta,2,2,ensemble
0|0|0|0|0|1|0|1|0|0|0|1|0|1|0|2|1,0.805268944010905,1,0.00156664342099704,1,beta,2,2,ensemble
0|0|0|0|0|1|0|1|0|0|0|1|0|1|0|3|0,0.879373624824867,1,0.000950217267671792,1,beta,2,2,ensemble
0|0|0|0|0|1|0|1|0|0|0|1|0|1|0|3|1,0.786093943166934,1,0.0011039949596128,1,beta,2,2,ensemble
0|0|0|0|0|1|0|1|0|0|1|0|1|0|0|0|0,0.99641584516614,1,0.0447899109255408,0,beta,2,2,ensemble
0|0|0|0|0|1|0|1|0|1|0|0|0|1|0|0|0,0.974277255363079,1,0.000309654570393583,1,beta,2,2,ensemble
0|0|0|0|0|1|0|1|0|1|0|0|0|1|0|0|1,0.877286217290054,1,0.000266522158674232,1,beta,2,2,ensemble
0|0|0|0|0|1|0|1|0|1|0|0|0|1|0|1|0,0.885007491419114,1,0.00048563503604098,1,beta,2,2,ensemble
0|0|0|0|0|1|0|1|0|1|0|0|0|1|0|1|1,0.781559561866843,1,0.000417989949151942,1,beta,2,2,ensemble
0|0|0|0|0|1|0|1|0|1|0|0|0|1|0|2|0,0.798408481014216,1,0.000417989949151942,1,beta,2,2,ensemble
0|0|0|0|0|1|0|1|0|1|0|0|0|1|0|2|1,0.705522314567694,1,0.000359767283300581,1,beta,2,2,ensemble
0|0|0|0|0|1|0|1|0|1|0|0|0|1|0|3|0,0.763709150527761,1,0.000359767283300581,1,beta,2,2,ensemble
0|0|0|0|0|1|0|1|0|1|0|0|0|1|0|3|1,0.682926763378871,1,0.000309654570393583,1,beta,2,2,ensemble
0|0|0|0|0|1|0|1|0|1|0|1|0|1|0|0|0,1.05087871237463,1,0.000314556792644816,1,beta,2,2,ensemble
0|0|0|0|0|1|0|1|0|1|0|1|0|1|0|0|1,0.952405906158222,1,0.000365462852977528,1,beta,2,2,ensemble
0|0|0|0|0|1|0|1|0|1|0|1|0|1|0|1|0,0.954953862803157,1,0.000403898916747719,1,beta,2,2,ensemble
0|0|0|0|0|1|0|1|0|1|0|1|0|1|0|1|1,0.849230882174859,1,0.000469263592078361,1,beta,2,2,ensemble
0|0|0|0|0|1|0|1|0|1|0|1|0|1|0|2|0,0.877727959371219,1,0.000314556792644816,1,beta,2,2,ensemble
0|0|0|0|0|1|0|1|0|1|0|1|0|1|0|2|1,0.782048371736413,1,0.000365462852977528,1,beta,2,2,ensemble
0|0|0|0|0|1|0|1|0|1|0|1|0|1|0|3|0,0.847932204641334,1,0.000244977076432212,1,beta,2,2,ensemble
0|0|0|0|0|1|0|1|0|1|0|1|0|1|0|3|1,0.763703651177985,1,0.000284622756082408,1,beta,2,2,ensemble
0|0|0|0|0|1|0|1|1|0|0|0|0|1|0|0|0,0.989055541149194,1,0.000297765675233586,1,beta,2,2,ensemble
0|0|0|0|0|1|0|1|1|0|0|0|0|1|0|0|1,0.89031500431515,1,0.000256289291779141,1,beta,2,2,ensemble
0|0|0|0|0|1|0|1|1|0|0|0|0|1|0|1|0,0.903221657542659,1,0.000345954357795489,1,beta,2,2,ensemble
0|0|0|0|0|1|0|1|1|0|0|0|0|1|0|1|1,0.794966412024874,1,0.000297765675233586,1,beta,2,2,ensemble
0|0|0|0|0|1|0|1|1|0|0|0|0|1|0|2|0,0.818992983704912,1,0.000269429524758092,1,beta,2,2,ensemble
0|0|0|0|0|1|0|1|1|0|0|0|0|1|0|2|1,0.718708940851358,1,0.000231900141043703,1,beta,2,2,ensemble
0|0|0|0|0|1|0|1|1|0|0|0|0|1|0|3|0,0.785415377077629,1,0.000209831924864159,1,beta,2,2,ensemble
0|0|0|0|0|1|0|1|1|0|0|0|0|1|0|3|1,0.695523893939974,1,0.000180604011439205,1,beta,2,2,ensemble
0|0|0|0|0|1|0|1|1|0|0|1|0|1|0|0|0,1.06767011847824,1,0.000223012767440392,1,beta,2,2,ensemble
0|0|0|0|0|1|0|1|1|0|0|1|0|1|0|0|1,0.966737678069508,1,0.000259103869777846,1,beta,2,2,ensemble
0|0|0|0|0|1|0|1|1|0|0|1|0|1|0|1|0,0.975168607888196,1,0.000212136306428635,1,beta,2,2,ensemble
0|0|0|0|0|1|0|1|1|0|0|1|0|1|0|1|1,0.863811484647127,1,0.000246467224934689,1,beta,2,2,ensemble
0|0|0|0|0|1|0|1|1|0|0|1|0|1|0|2|0,0.900063385298489,1,0.000149489928537179,1,beta,2,2,ensemble
0|0|0|0|0|1|0|1|1|0|0|1|0|1|0|2|1,0.79614104685637,1,0.000173682517917498,1,beta,2,2,ensemble
0|0|0|0|0|1|0|1|1|0|0|1|0|1|0|3|0,0.87134600233804,1,0.000105343772173051,1,beta,2,2,ensemble
0|0|0|0|0|1|0|1|1|0|0|1|0|1|0|3|1,0.777102080460865,1,0.000122392001768818,1,beta,2,2,ensemble
0|0|0|0|0|1|0|1|1|0|1|0|1|0|0|0|0,1.00042892701407,1,0.0445846694872666,0,beta,2,2,ensemble
0|0|0|0|0|1|0|1|1|1|0|0|0|1|0|0|0,0.965747752433411,1,0.00125638741236582,1,beta,2,2,ensemble
0|0|0|0|0|1|0|1|1|1|0|0|0|1|0|0|1,0.867640040386914,1,0.0010813826673033,1,beta,2,2,ensemble
0|0|0|0|0|1|0|1|1|1|0|0|0|1|0|1|0,0.877048305507293,1,0.00197040768850978,1,beta,2,2,ensemble
0|0|0|0|0|1|0|1|1|1|0|0|0|1|0|1|1,0.772736385974421,1,0.00169594561430963,1,beta,2,2,ensemble
0|0|0|0|0|1|0|1|1|1|0|0|0|1|0|2|0,0.790982852361658,1,0.00169594561430963,1,beta,2,2,ensemble
0|0|0|0|0|1|0|1|1|1|0|0|0|1|0|2|1,0.697361482149179,1,0.00145971391781939,1,beta,2,2,ensemble
0|0|0|0|0|1|0|1|1|1|0|0|0|1|0|3|0,0.756381922581494,1,0.00145971391781939,1,beta,2,2,ensemble
0|0|0|0|0|1|0|1|1|1|0|0|0|1|0|3|1,0.674939527600297,1,0.00125638741236582,1,beta,2,2,ensemble
0|0|0|0|0|1|0|1|1|1|0|1|0|1|0|0|0,1.04074469698899,1,0.00127627760911389,1,beta,2,2,ensemble
0|0|0|0|0|1|0|1|1|1|0|1|0|1|0|0|1,0.941683652717501,1,0.0014828230294959,1,beta,2,2,ensemble
0|0|0|0|0|1|0|1|1|1|0|1|0|1|0|1|0,0.945811658498281,1,0.0016387728888517,1,beta,2,2,ensemble
0|0|0|0|0|1|0|1|1|1|0|1|0|1|0|1|1,0.839711408220687,1,0.00190398245832266,1,beta,2,2,ensemble
0|0|0|0|0|1|0|1|1|1|0|1|0|1|0|2|0,0.86933462264158,1,0.00127627760911389,1,beta,2,2,ensemble
0|0|0|0|0|1|0|1|1|1|0|1|0|1|0|2|1,0.773306858466886,1,0.0014828230294959,1,beta,2,2,ensemble
0|0|0|0|0|1|0|1|1|1|0|1|0|1|0|3|0,0.839706937712905,1,0.000993966001394401,1,beta,2,2,ensemble
0|0|0|0|0|1|0|1|1|1|0|1|0|1|0|3|1,0.755150339407816,1,0.00115482373652772,1,beta,2,2,ensemble
0|0|0|0|0|1|0|2|0|0|0|0|0|1|0|0|0,1.00479974808733,1,0.000549674178742178,1,beta,2,2,ensemble
0|0|0|0|0|1|0|2|0|0|0|0|0|1|0|0|1,0.906333623958585,1,0.000473108950078285,1,beta,2,2,ensemble
0|0|0|0|0|1|0|2|0|0|0|0|0|1|0|1|0,0.917951763272759,1,0.000638630283206209,1,beta,2,2,ensemble
0|0|0|0|0|1|0|2|0|0|0|0|0|1|0|1|1,0.809658033830364,1,0.000549674178742178,1,beta,2,2,ensemble
0|0|0|0|0|1|0|2|0|0|0|0|0|1|0|2|0,0.832737617886402,1,0.000497365764654109,1,beta,2,2,ensemble
0|0|0|0|0|1|0|2|0|0|0|0|0|1|0|2|1,0.732328175890259,1,0.000428086680838539,1,beta,2,2,ensemble
0|0|0|0|0|1|0|2|0|0|0|0|0|1|0|3|0,0.798843430440007,1,0.000387348846985528,1,beta,2,2,ensemble
0|0|0|0|0|1|0|2|0|0|0|0|0|1|0|3|1,0.708840025307889,1,0.000333394242259493,1,beta,2,2,ensemble
0|0|0|0|0|1|0|2|0|0|0|1|0|1|0|0|0,1.0853045262523,1,0.00249052265950232,1,beta,2,2,ensemble
0|0|0|0|0|1|0|2|0|0|0|1|0|1|0|0|1,0.984109160941683,1,0.0028935745081005,1,beta,2,2,ensemble
0|0|0|0|0|1|0|2|0|0|0|1|0|1|0|1|0,0.991370311581797,1,0.00236905843610438,1,beta,2,2,ensemble
0|0|0|0|0|1|0|2|0|0|0|1|0|1|0|1|1,0.879458809692211,1,0.00275245321409038,1,beta,2,2,ensemble
0|0|0|0|0|1|0|2|0|0|0|1|0|1|0|2|0,0.915132122529093,1,0.0016694472637704,1,beta,2,2,ensemble
0|0|0|0|0|1|0|2|0|0|0|1|0|1|0|2|1,0.810658547573965,1,0.00193962099747748,1,beta,2,2,ensemble
0|0|0|0|0|1|0|2|0|0|0|1|0|1|0|3|0,0.886061794259713,1,0.00117643960319249,1,beta,2,2,ensemble
0|0|0|0|0|1|0|2|0|0|0|1|0|1|0|3|1,0.791325392090224,1,0.00136682781549071,1,beta,2,2,ensemble
0|0|0|0|0|1|0|2|0|0|1|0|1|0|0|0|0,1.00436867835768,1,0.0388813985793297,0,beta,2,2,ensemble
0|0|0|0|0|1|0|2|0|1|0|0|0|1|0|0|0,0.981054669039064,1,8.0001275564788e-05,1,beta,2,2,ensemble
0|0|0|0|0|1|0|2|0|1|0|0|0|1|0|0|1,0.882613728868554,1,6.8857736002792e-05,1,beta,2,2,ensemble
0|0|0|0|0|1|0|2|0|1|0|0|0|1|0|1|0,0.891191998234732,1,0.000125466975323014,1,beta,2,2,ensemble
0|0|0|0|0|1|0|2|0|1|0|0|0|1|0|1|1,0.786300508720906,1,0.000107990426438444,1,beta,2,2,ensemble
0|0|0|0|0|1|0|2|0|1|0|0|0|1|0|2|0,0.804002419325899,1,0.000107990426438444,1,beta,2,2,ensemble
0|0|0|0|0|1|0|2|0|1|0|0|0|1|0|2|1,0.709799472059974,1,9.29482214131121e-05,1,beta,2,2,ensemble
0|0|0|0|0|1|0|2|0|1|0|0|0|1|0|3|0,0.769003785767386,1,9.29482214131121e-05,1,beta,2,2,ensemble
0|0|0|0|0|1|0|2|0|1|0|0|0|1|0|3|1,0.687054228425761,1,8.0001275564788e-05,1,beta,2,2,ensemble
0|0|0|0|0|1|0|2|0|1|0|1|0|1|0|0|0,1.057923682854,1,0.000491641519759723,1,beta,2,2,ensemble
0|0|0|0|0|1|0|2|0|1|0|1|0|1|0|0|1,0.958045053559923,1,0.00057120595280382,1,beta,2,2,ensemble
0|0|0|0|0|1|0|2|0|1|0|1|0|1|0|1|0,0.961418023176733,1,0.000631280207270472,1,beta,2,2,ensemble
0|0|0|0|0|1|0|2|0|1|0|1|0|1|0|1|1,0.854284177824937,1,0.000733442961563443,1,beta,2,2,ensemble
0|0|0|0|0|1|0|2|0|1|0|1|0|1|0|2|0,0.883695836356947,1,0.000491641519759723,1,beta,2,2,ensemble
0|0|0|0|0|1|0|2|0|1|0|1|0|1|0|2|1,0.786716628890855,1,0.00057120595280382,1,beta,2,2,ensemble
0|0|0|0|0|1|0|2|0|1|0|1|0|1|0|3|0,0.853642748701803,1,0.000382890800579288,1,beta,2,2,ensemble
0|0|0|0|0|1|0|2|0|1|0|1|0|1|0|3|1,0.768254013161707,1,0.000444855643338663,1,beta,2,2,ensemble
0|0|0|0|0|1|0|2|1|0|0|0|0|1|0|0|0,0.996639674884968,1,4.78356554440972e-05,1,beta,2,2,ensemble
0|0|0|0|0|1|0|2|1|0|0|0|0|1|0|0|1,0.896394726364151,1,4.11725301982552e-05,1,beta,2,2,ensemble
0|0|0|0|0|1|0|2|1|0|0|0|0|1|0|1|0,0.910211315686653,1,5.55771025183038e-05,1,beta,2,2,ensemble
0|0|0|0|0|1|0|2|1|0|0|0|0|1|0|1|1,0.800402404918177,1,4.78356554440972e-05,1,beta,2,2,ensemble
0|0|0|0|0|1|0|2|1|0|0|0|0|1|0|2|0,0.825383441706819,1,4.32834909620947e-05,1,beta,2,2,ensemble
0|0|0|0|0|1|0|2|1|0|0|0|0|1|0|2|1,0.723631851322192,1,3.72544459185968e-05,1,beta,2,2,ensemble
0|0|0|0|0|1|0|2|1|0|0|0|0|1|0|3|0,0.791507766882578,1,3.37092166553435e-05,1,beta,2,2,ensemble
0|0|0|0|0|1|0|2|1|0|0|0|0|1|0|3|1,0.700275180846848,1,2.90137916542945e-05,1,beta,2,2,ensemble
0|0|0|0|0|1|0|2|1|0|0|1|0|1|0|0|0,1.07553815397177,1,0.000216738912656018,1,beta,2,2,ensemble
0|0|0|0|0|1|0|2|1|0|0|1|0|1|0|0|1,0.973137426743479,1,0.000251814690455457,1,beta,2,2,ensemble
0|0|0|0|0|1|0|2|1|0|0|1|0|1|0|1|0,0.982448353548179,1,0.000206168431152695,1,beta,2,2,ensemble
0|0|0|0|0|1|0|2|1|0|0|1|0|1|0|1|1,0.869564315645324,1,0.000239533543082769,1,beta,2,2,ensemble
0|0|0|0|0|1|0|2|1|0|0|1|0|1|0|2|0,0.906838508454102,1,0.000145284437909297,1,beta,2,2,ensemble
0|0|0|0|0|1|0|2|1|0|0|1|0|1|0|2|1,0.801463351292078,1,0.000168796434898552,1,beta,2,2,ensemble
0|0|0|0|0|1|0|2|1|0|0|1|0|1|0|3|0,0.877866337201833,1,0.000102380213016159,1,beta,2,2,ensemble
0|0|0|0|0|1|0|2|1|0|0|1|0|1|0|3|1,0.78228660169153,1,0.00011894883725999,1,beta,2,2,ensemble
0|0|0|0|0|1|0|2|1|0|1|0|1|0|0|0|0,1.00819093192275,1,0.0375435951500442,0,beta,2,2,ensemble
0|0|0|0|0|1|0|2|1|1|0|0|0|1|0|0|0,0.972241558010059,1,0.000254802355950676,1,beta,2,2,ensemble
0|0|0|0|0|1|0|2|1|1|0|0|0|1|0|0|1,0.872820695576453,1,0.000219310420178643,1,beta,2,2,ensemble
0|0|0|0|0|1|0|2|1|1|0|0|0|1|0|1|0,0.883041055462899,1,0.000399609639729048,1,beta,2,2,ensemble
0|0|0|0|0|1|0|2|1|1|0|0|0|1|0|1|1,0.77741186113284,1,0.000343947204371135,1,beta,2,2,ensemble
0|0|0|0|0|1|0|2|1|1|0|0|0|1|0|2|0,0.796472941533459,1,0.000343947204371135,1,beta,2,2,ensemble
0|0|0|0|0|1|0|2|1|1|0|0|0|1|0|2|1,0.701637146895406,1,0.000296038102271336,1,beta,2,2,ensemble
0|0|0|0|0|1|0|2|1|1|0|0|0|1|0|3|0,0.761608034986732,1,0.000296038102271336,1,beta,2,2,ensemble
0|0|0|0|0|1|0|2|1|1|0|0|0|1|0|3|1,0.679084724821409,1,0.000254802355950676,1,beta,2,2,ensemble
0|0|0|0|0|1|0|2|1|1|0|1|0|1|0|0|0,1.04748042966868,1,0.00156586775190226,1,beta,2,2,ensemble
0|0|0|0|0|1|0|2|1|1|0|1|0|1|0|0|1,0.947165583305289,1,0.00181927877374401,1,beta,2,2,ensemble
0|0|0|0|0|1|0|2|1|1|0|1|0|1|0|1|0,0.952074592597145,1,0.0020106139926142,1,beta,2,2,ensemble
0|0|0|0|0|1|0|2|1|1|0|1|0|1|0|1|1,0.844701488429378,1,0.00233600018552781,1,beta,2,2,ensemble
0|0|0|0|0|1|0|2|1|1|0|1|0|1|0|2|0,0.87518717582179,1,0.00156586775190226,1,beta,2,2,ensemble
0|0|0|0|0|1|0|2|1|1|0|1|0|1|0|2|1,0.777972661041922,1,0.00181927877374401,1,beta,2,2,ensemble
0|0|0|0|0|1|0|2|1|1|0|1|0|1|0|3|0,0.845335285293112,1,0.00121949903136774,1,beta,2,2,ensemble
0|0|0|0|0|1|0|2|1|1|0|1|0|1|0|3|1,0.759715113774244,1,0.00141685573361702,1,beta,2,2,ensemble
0|0|0|0|0|1|0|3|0|0|0|0|0|1|0|0|0,1.01088915867428,1,7.26614176195367e-05,1,beta,2,2,ensemble
0|0|0|0|0|1|0|3|0|0|0|0|0|1|0|0|1,0.908290292677633,1,6.25402617234875e-05,1,beta,2,2,ensemble
0|0|0|0|0|1|0|3|0|0|0|0|0|1|0|1|0,0.922217235133504,1,8.44205231155579e-05,1,beta,2,2,ensemble
0|0|0|0|0|1|0|3|0|0|0|0|0|1|0|1|1,0.80998855718358,1,7.26614176195367e-05,1,beta,2,2,ensemble
0|0|0|0|0|1|0|3|0|0|0|0|0|1|0|2|0,0.835212011332418,1,6.57467695096942e-05,1,beta,2,2,ensemble
0|0|0|0|0|1|0|3|0|0|0|0|0|1|0|2|1,0.731379263676336,1,5.65887689411735e-05,1,beta,2,2,ensemble
0|0|0|0|0|1|0|3|0|0|0|0|0|1|0|3|0,0.800515021704945,1,5.1203635578565e-05,1,beta,2,2,ensemble
0|0|0|0|0|1|0|3|0|0|0|0|0|1|0|3|1,0.70747280279116,1,4.40713775644328e-05,1,beta,2,2,ensemble
0|0|0|0|0|1|0|3|0|0|0|1|0|1|0|0|0,1.09086106444772,1,0.00199167785833815,1,beta,2,2,ensemble
0|0|0|0|0|1|0|3|0|0|0|1|0|1|0|0|1,0.985486687164485,1,0.002313999536301,1,beta,2,2,ensemble
0|0|0|0|0|1|0|3|0|0|0|1|0|1|0|1|0,0.994957357256919,1,0.00189454258297782,1,beta,2,2,ensemble
0|0|0|0|0|1|0|3|0|0|0|1|0|1|0|1|1,0.879111460531494,1,0.00220114444721052,1,beta,2,2,ensemble
0|0|0|0|0|1|0|3|0|0|0|1|0|1|0|2|0,0.917099918247313,1,0.00133506159368939,1,beta,2,2,ensemble
0|0|0|0|0|1|0|3|0|0|0|1|0|1|0|2|1,0.809181208496215,1,0.00155112027569973,1,beta,2,2,ensemble
0|0|0|0|0|1|0|3|0|0|0|1|0|1|0|3|0,0.887323280365994,1,0.0009408020041138,1,beta,2,2,ensemble
0|0|0|0|0|1|0|3|0|0|0|1|0|1|0|3|1,0.789498797908169,1,0.00109305598400681,1,beta,2,2,ensemble
0|0|0|0|0|1|0|3|0|0|1|0|1|0|0|0|0,1.01410118518017,1,0.0315094930517083,0,beta,2,2,ensemble
0|0|0|0|0|1|0|3|0|1|0|0|0|1|0|0|0,0.986454684091572,1,1.44923340792784e-05,1,beta,2,2,ensemble
0|0|0|0|0|1|0|3|0|1|0|0|0|1|0|0|1,0.884272331554501,1,1.24736675390516e-05,1,beta,2,2,ensemble
0|0|0|0|0|1|0|3|0|1|0|0|0|1|0|1|0,0.894941817084834,1,2.27285041327267e-05,1,beta,2,2,ensemble
0|0|0|0|0|1|0|3|0|1|0|0|0|1|0|1|1,0.786591089547952,1,1.95626047992477e-05,1,beta,2,2,ensemble
0|0|0|0|0|1|0|3|0|1|0|0|0|1|0|2|0,0.806150343071314,1,1.95626047992478e-05,1,beta,2,2,ensemble
0|0|0|0|0|1|0|3|0|1|0|0|0|1|0|2|1,0.709019373206709,1,1.68376899903637e-05,1,beta,2,2,ensemble
0|0|0|0|0|1|0|3|0|1|0|0|0|1|0|3|0,0.770411013136104,1,1.68376899903637e-05,1,beta,2,2,ensemble
0|0|0|0|0|1|0|3|0|1|0|0|0|1|0|3|1,0.685933565302595,1,1.44923340792783e-05,1,beta,2,2,ensemble
0|0|0|0|0|1|0|3|0|1|0|1|0|1|0|0|0,1.06287794458428,1,0.000538790643463431,1,beta,2,2,ensemble
0|0|0|0|0|1|0|3|0|1|0|1|0|1|0|0|1,0.959189220293604,1,0.000625985419237419,1,beta,2,2,ensemble
0|0|0|0|0|1|0|3|0|1|0|1|0|1|0|1|0,0.964586137890376,1,0.000691820880480588,1,beta,2,2,ensemble
0|0|0|0|0|1|0|3|0|1|0|1|0|1|0|1|1,0.853959418978528,1,0.000803781188776778,1,beta,2,2,ensemble
0|0|0|0|0|1|0|3|0|1|0|1|0|1|0|2|0,0.885400376824865,1,0.000538790643463431,1,beta,2,2,ensemble
0|0|0|0|0|1|0|3|0|1|0|1|0|1|0|2|1,0.785437815796424,1,0.000625985419237419,1,beta,2,2,ensemble
0|0|0|0|0|1|0|3|0|1|0|1|0|1|0|3|0,0.854681318792864,1,0.000419610575040866,1,beta,2,2,ensemble
0|0|0|0|0|1|0|3|0|1|0|1|0|1|0|3|1,0.766690133662387,1,0.000487517934693384,1,beta,2,2,ensemble
0|0|0|0|0|1|0|3|1|0|0|0|0|1|0|0|0,1.00288581825675,1,5.03517541734159e-06,1,beta,2,2,ensemble
0|0|0|0|0|1|0|3|1|0|0|0|0|1|0|0|1,0.898794506012678,1,4.33381564440528e-06,1,beta,2,2,ensemble
0|0|0|0|0|1|0|3|1|0|0|0|0|1|0|1|0,0.914743782651413,1,5.85003921801114e-06,1,beta,2,2,ensemble
0|0|0|0|0|1|0|3|1|0|0|0|0|1|0|1|1,0.80126431187663,1,5.03517541734159e-06,1,beta,2,2,ensemble
0|0|0|0|0|1|0|3|1|0|0|0|0|1|0|2|0,0.828232826519563,1,4.5560151239855e-06,1,beta,2,2,ensemble
0|0|0|0|0|1|0|3|1|0|0|0|0|1|0|2|1,0.723283132180413,1,3.92139855792752e-06,1,beta,2,2,ensemble
0|0|0|0|0|1|0|3|1|0|0|0|0|1|0|3|0,0.793603904038272,1,3.54822814624507e-06,1,beta,2,2,ensemble
0|0|0|0|0|1|0|3|1|0|0|0|0|1|0|3|1,0.699531295792387,1,3.05398826764903e-06,1,beta,2,2,ensemble
0|0|0|0|0|1|0|3|1|0|0|1|0|1|0|0|0,1.08131574083128,1,0.000138016126303479,1,beta,2,2,ensemble
0|0|0|0|0|1|0|3|1|0|0|1|0|1|0|0|1,0.975019367583088,1,0.000160351861588094,1,beta,2,2,ensemble
0|0|0|0|0|1|0|3|1|0|0|1|0|1|0|1|0,0.986372098322728,1,0.000131285000395476,1,beta,2,2,ensemble
0|0|0|0|0|1|0|3|1|0|0|1|0|1|0|1|1,0.869807899394367,1,0.000152531409016061,1,beta,2,2,ensemble
0|0|0|0|0|1|0|3|1|0|0|1|0|1|0|2|0,0.909237842022512,1,9.25149761374087e-05,1,beta,2,2,ensemble
0|0|0|0|0|1|0|3|1|0|0|1|0|1|0|2|1,0.800633286766498,1,0.000107487067241631,1,beta,2,2,ensemble
0|0|0|0|0|1|0|3|1|0|0|1|0|1|0|3|0,0.879601499564001,1,6.51942018046429e-05,1,beta,2,2,ensemble
0|0|0|0|0|1|0|3|1|0|0|1|0|1|0|3|1,0.781125430511082,1,7.57448560839722e-05,1,beta,2,2,ensemble
0|0|0|0|0|1|0|3|1|0|1|0|1|0|0|0|0,1.01783349770199,1,0.0299086572901431,0,beta,2,2,ensemble
0|0|0|0|0|1|0|3|1|1|0|0|0|1|0|0|0,0.977890551640132,1,3.67543892415952e-05,1,beta,2,2,ensemble
0|0|0|0|0|1|0|3|1|1|0|0|0|1|0|0|1,0.874960793630651,1,3.16347959888723e-05,1,beta,2,2,ensemble
0|0|0|0|0|1|0|3|1|1|0|0|0|1|0|1|0,0.887131104485068,1,5.76423565178425e-05,1,beta,2,2,ensemble
0|0|0|0|0|1|0|3|1|1|0|0|0|1|0|1|1,0.778245826264452,1,4.96132360348439e-05,1,beta,2,2,ensemble
0|0|0|0|0|1|0|3|1|1|0|0|0|1|0|2|0,0.799048604507476,1,4.9613236034844e-05,1,beta,2,2,ensemble
0|0|0|0|0|1|0|3|1|1|0|0|0|1|0|2|1,0.701448174537753,1,4.27025079914493e-05,1,beta,2,2,ensemble
0|0|0|0|0|1|0|3|1|1|0|0|0|1|0|3|0,0.763483248379793,1,4.27025079914493e-05,1,beta,2,2,ensemble
0|0|0|0|0|1|0|3|1|1|0|0|0|1|0|3|1,0.678570719080405,1,3.67543892415952e-05,1,beta,2,2,ensemble
0|0|0|0|0|1|0|3|1|1|0|1|0|1|0|0|0,1.05276025435811,1,0.00136644110750244,1,beta,2,2,ensemble
0|0|0|0|0|1|0|3|1|1|0|1|0|1|0|0|1,0.948865075329769,1,0.00158757806936789,1,beta,2,2,ensemble
0|0|0|0|0|1|0|3|1|1|0|1|0|1|0|1|0,0.955663111302179,1,0.00175454511244008,1,beta,2,2,ensemble
0|0|0|0|0|1|0|3|1|1|0|1|0|1|0|1|1,0.844991419421774,1,0.00203849059204443,1,beta,2,2,ensemble
0|0|0|0|0|1|0|3|1|1|0|1|0|1|0|2|0,0.877388652920547,1,0.00136644110750244,1,beta,2,2,ensemble
0|0|0|0|0|1|0|3|1|1|0|1|0|1|0|2|1,0.777346645039495,1,0.00158757806936789,1,beta,2,2,ensemble
0|0|0|0|0|1|0|3|1|1|0|1|0|1|0|3|0,0.846905049098252,1,0.00106418540454386,1,beta,2,2,ensemble
0|0|0|0|0|1|0|3|1|1|0|1|0|1|0|3|1,0.75881585388798,1,0.0012364070436107,1,beta,2,2,ensemble
1|0|0|1|0|1|0|0|0|0|0|0|0|1|0|0|0,1.08648410253453,1,0.00461267037531881,1,beta,2,2,ensemble
1|0|0|1|0|1|0|0|0|0|0|0|0|1|0|0|1,0.982442129743847,1,0.00325049387528552,1,beta,2,2,ensemble
1|0|0|1|0|1|0|0|0|0|0|0|0|1|0|1|0,0.989820227149885,1,0.00535915839246372,1,beta,2,2,ensemble
1|0|0|1|0|1|0|0|0|0|0|0|0|1|0|1|1,0.877516287894072,1,0.00377653509008527,1,beta,2,2,ensemble
1|0|0|1|0|1|0|0|0|0|0|0|0|1|0|2|0,0.906793146209263,1,0.00461267037531881,1,beta,2,2,ensemble
1|0|0|1|0|1|0|0|0|0|0|0|0|1|0|2|1,0.804463247123972,1,0.00325049387528552,1,beta,2,2,ensemble
1|0|0|1|0|1|0|0|0|0|0|0|0|1|0|3|0,0.874243242232299,1,0.00397016218465647,1,beta,2,2,ensemble
1|0|0|1|0|1|0|0|0|0|0|0|0|1|0|3|1,0.783874021654732,1,0.00279772600577904,1,beta,2,2,ensemble
1|0|0|1|0|1|0|0|0|0|0|1|0|1|0|0|0,1.16664239837415,1,0.00100428930927588,1,beta,2,2,ensemble
1|0|0|1|0|1|0|0|0|0|0|1|0|1|0|0|1,1.06151750962069,1,0.000955309541694711,1,beta,2,2,ensemble
1|0|0|1|0|1|0|0|0|0|0|1|0|1|0|1|0,1.06625127437619,1,0.000955309541694711,1,beta,2,2,ensemble
1|0|0|1|0|1|0|0|0|0|0|1|0|1|0|1|1,0.952248216719205,1,0.0009087185455663,1,beta,2,2,ensemble
1|0|0|1|0|1|0|0|0|0|0|1|0|1|0|2|0,0.994197467730515,1,0.000743995819147426,1,beta,2,2,ensemble
1|0|0|1|0|1|0|0|0|0|0|1|0|1|0|2|1,0.889428522860244,1,0.000707710714878543,1,beta,2,2,ensemble
1|0|0|1|0|1|0|0|0|0|0|1|0|1|0|3|0,0.966229339099828,1,0.000579424526553867,1,beta,2,2,ensemble
1|0|0|1|0|1|0|0|0|0|0|1|0|1|0|3|1,0.872832095508705,1,0.000551165658935433,1,beta,2,2,ensemble
1|0|0|1|0|1|0|0|0|0|1|0|1|0|0|0|0,0.912336273421189,1,0.0339232475326121,0,beta,2,2,ensemble
1|0|0|1|0|1|0|0|0|1|0|0|0|1|0|0|0,1.05203390649707,1,0.000543041525053394,1,beta,2,2,ensemble
1|0|0|1|0|1|0|0|0|1|0|0|0|1|0|0|1,0.952258727089936,1,0.000382674894927813,1,beta,2,2,ensemble
1|0|0|1|0|1|0|0|0|1|0|0|0|1|0|1|0,0.952956653049278,1,0.000851658640968403,1,beta,2,2,ensemble
1|0|0|1|0|1|0|0|0|1|0|0|0|1|0|1|1,0.848507112710603,1,0.000600153700796459,1,beta,2,2,ensemble
1|0|0|1|0|1|0|0|0|1|0|0|0|1|0|2|0,0.868916337020748,1,0.000810122758919434,1,beta,2,2,ensemble
1|0|0|1|0|1|0|0|0|1|0|0|0|1|0|2|1,0.776776004134019,1,0.00057088385942059,1,beta,2,2,ensemble
1|0|0|1|0|1|0|0|0|1|0|0|0|1|0|3|0,0.835929520446611,1,0.000770612605741864,1,beta,2,2,ensemble
1|0|0|1|0|1|0|0|0|1|0|0|0|1|0|3|1,0.757007916054469,1,0.000543041525053394,1,beta,2,2,ensemble
1|0|0|1|0|1|0|0|0|1|0|1|0|1|0|0|0,1.12821258923902,1,0.000160143047798717,1,beta,2,2,ensemble
1|0|0|1|0|1|0|0|0|1|0|1|0|1|0|0|1,1.02877881320729,1,0.000152332779195364,1,beta,2,2,ensemble
1|0|0|1|0|1|0|0|0|1|0|1|0|1|0|1|0,1.0260127487918,1,0.000205627743679392,1,beta,2,2,ensemble
1|0|0|1|0|1|0|0|0|1|0|1|0|1|0|1|1,0.921271527242747,1,0.000195599160281529,1,beta,2,2,ensemble
1|0|0|1|0|1|0|0|0|1|0|1|0|1|0|2|0,0.953350170562072,1,0.00017698543915914,1,beta,2,2,ensemble
1|0|0|1|0|1|0|0|0|1|0|1|0|1|0|2|1,0.860048214418707,1,0.000168353757436355,1,beta,2,2,ensemble
1|0|0|1|0|1|0|0|0|1|0|1|0|1|0|3|0,0.92506085000589,1,0.000152332779195364,1,beta,2,2,ensemble
1|0|0|1|0|1|0|0|0|1|0|1|0|1|0|3|1,0.844345627376196,1,0.0001449034218866,1,beta,2,2,ensemble
1|0|0|1|0|1|0|0|1|0|0|0|0|1|0|0|0,1.07993686196422,1,0.00060664346112823,1,beta,2,2,ensemble
1|0|0|1|0|1|0|0|1|0|0|0|0|1|0|0|1,0.974647872718671,1,0.000427494421762801,1,beta,2,2,ensemble
1|0|0|1|0|1|0|0|1|0|0|0|0|1|0|1|0,0.983953889740153,1,0.000704819146265982,1,beta,2,2,ensemble
1|0|0|1|0|1|0|0|1|0|0|0|0|1|0|1|1,0.870603827313764,1,0.000496677657779349,1,beta,2,2,ensemble
1|0|0|1|0|1|0|0|1|0|0|0|0|1|0|2|0,0.901458321685983,1,0.00060664346112823,1,beta,2,2,ensemble
1|0|0|1|0|1|0|0|1|0|0|0|0|1|0|2|1,0.798161607405822,1,0.000427494421762801,1,beta,2,2,ensemble
1|0|0|1|0|1|0|0|1|0|0|0|0|1|0|3|0,0.868968552911344,1,0.000522142865839172,1,beta,2,2,ensemble
1|0|0|1|0|1|0|0|1|0|0|0|0|1|0|3|1,0.777713635184358,1,0.000367947858688461,1,beta,2,2,ensemble
1|0|0|1|0|1|0|0|1|0|0|1|0|1|0|0|0,1.15801322846688,1,0.00013208087571423,1,beta,2,2,ensemble
1|0|0|1|0|1|0|0|1|0|0|1|0|1|0|0|1,1.05229824872108,1,0.000125639215393198,1,beta,2,2,ensemble
1|0|0|1|0|1|0|0|1|0|0|1|0|1|0|1|0,1.05882876904004,1,0.000125639215393198,1,beta,2,2,ensemble
1|0|0|1|0|1|0|0|1|0|0|1|0|1|0|1|1,0.944373776235755,1,0.000119511718553193,1,beta,2,2,ensemble
1|0|0|1|0|1|0|0|1|0|0|1|0|1|0|2|0,0.987556276520377,1,9.78479193326993e-05,1,beta,2,2,ensemble
1|0|0|1|0|1|0|0|1|0|0|1|0|1|0|2|1,0.882310513400152,1,9.30758199954358e-05,1,beta,2,2,ensemble
1|0|0|1|0|1|0|0|1|0|0|1|0|1|0|3|0,0.959735967638677,1,7.62040361982139e-05,1,beta,2,2,ensemble
1|0|0|1|0|1|0|0|1|0|0|1|0|1|0|3|1,0.865882106708859,1,7.24875214974585e-05,1,beta,2,2,ensemble
1|0|0|1|0|1|0|0|1|0|1|0|1|0|0|0|0,0.918795599558331,1,0.0386201710560533,0,beta,2,2,ensemble
1|0|0|1|0|1|0|0|1|1|0|0|0|1|0|0|0,1.0440761849047,1,0.00261381156509841,1,beta,2,2,ensemble
1|0|0|1|0|1|0|0|1|1|0|0|0|1|0|0|1,0.943881576942933,1,0.00184192187869388,1,beta,2,2,ensemble
1|0|0|1|0|1|0|0|1|1|0|0|0|1|0|1|0,0.94595330395822,1,0.00409927252811897,1,beta,2,2,ensemble
1|0|0|1|0|1|0|0|1|1|0|0|0|1|0|1|1,0.841243181774298,1,0.00288870852707656,1,beta,2,2,ensemble
1|0|0|1|0|1|0|0|1|1|0|0|0|1|0|2|0,0.8626789800594,1,0.00389934864779419,1,beta,2,2,ensemble
1|0|0|1|0|1|0|0|1|1|0|0|0|1|0|2|1,0.770279667738475,1,0.00274782454976134,1,beta,2,2,ensemble
1|0|0|1|0|1|0|0|1|1|0|0|0|1|0|3|0,0.829875460681944,1,0.00370917517016891,1,beta,2,2,ensemble
1|0|0|1|0|1|0|0|1|1|0|0|0|1|0|3|1,0.75070556691862,1,0.00261381156509841,1,beta,2,2,ensemble
1|0|0|1|0|1|0|0|1|1|0|1|0|1|0|0|0,1.11815476300051,1,0.000770813521793267,1,beta,2,2,ensemble
1|0|0|1|0|1|0|0|1|1|0|1|0|1|0|0|1,1.01889913862376,1,0.000733220502732778,1,beta,2,2,ensemble
1|0|0|1|0|1|0|0|1|1|0|1|0|1|0|1|0,1.0174312692759,1,0.000989744153509145,1,beta,2,2,ensemble
1|0|0|1|0|1|0|0|1|1|0|1|0|1|0|1|1,0.912958513309184,1,0.00094147376154545,1,beta,2,2,ensemble
1|0|0|1|0|1|0|0|1|1|0|1|0|1|0|2|0,0.945747606515476,1,0.000851880687545388,1,beta,2,2,ensemble
1|0|0|1|0|1|0|0|1|1|0|1|0|1|0|2|1,0.852617411892822,1,0.000810333976157072,1,beta,2,2,ensemble
1|0|0|1|0|1|0|0|1|1|0|1|0|1|0|3|0,0.917716620676496,1,0.000733220502732778,1,beta,2,2,ensemble
1|0|0|1|0|1|0|0|1|1|0|1|0|1|0|3|1,0.837123160263948,1,0.000697460916846624,1,beta,2,2,ensemble
1|0|0|1|0|1|0|1|0|0|0|0|0|1|0|0|0,1.09904099926564,1,0.00196390023995983,1,beta,2,2,ensemble
1|0|0|1|0|1|0|1|0|0|0|0|0|1|0|0|1,0.995882141697264,1,0.00138393710849542,1,beta,2,2,ensemble
1|0|0|1|0|1|0|1|0|0|0|0|0|1|0|1|0,1.00288649427075,1,0.00228172654808762,1,beta,2,2,ensemble
1|0|0|1|0|1|0|1|0|0|0|0|0|1|0|1|1,0.891097062486916,1,0.00160790552243234,1,beta,2,2,ensemble
1|0|0|1|0|1|0|1|0|0|0|0|0|1|0|2|0,0.920258761592676,1,0.00196390023995983,1,beta,2,2,ensemble
1|0|0|1|0|1|0|1|0|0|0|0|0|1|0|2|1,0.818129336256381,1,0.00138393710849542,1,beta,2,2,ensemble
1|0|0|1|0|1|0|1|0|0|0|0|0|1|0|3|0,0.887825092048738,1,0.00169034460143651,1,beta,2,2,ensemble
1|0|0|1|0|1|0|1|0|0|0|0|0|1|0|3|1,0.797561737822927,1,0.00119116570815263,1,beta,2,2,ensemble
1|0|0|1|0|1|0|1|0|0|0|1|0|1|0|0|0,1.18035293851942,1,0.00258675864702349,1,beta,2,2,ensemble
1|0|0|1|0|1|0|1|0|0|0|1|0|1|0|0|1,1.07629518231286,1,0.0024606009391304,1,beta,2,2,ensemble
1|0|0|1|0|1|0|1|0|0|0|1|0|1|0|1|0,1.08065353560701,1,0.0024606009391304,1,beta,2,2,ensemble
1|0|0|1|0|1|0|1|0|0|0|1|0|1|0|1|1,0.967287673258312,1,0.00234059601525493,1,beta,2,2,ensemble
1|0|0|1|0|1|0|1|0|0|0|1|0|1|0|2|0,1.00905409308082,1,0.00191631793822099,1,beta,2,2,ensemble
1|0|0|1|0|1|0|1|0|0|0|1|0|1|0|2|1,0.904607971317527,1,0.00182285800953435,1,beta,2,2,ensemble
1|0|0|1|0|1|0|1|0|0|0|1|0|1|0|3|0,0.981217852447288,1,0.00149242991090029,1,beta,2,2,ensemble
1|0|0|1|0|1|0|1|0|0|0|1|0|1|0|3|1,0.888046686260561,1,0.00141964324525333,1,beta,2,2,ensemble
1|0|0|1|0|1|0|1|0|0|1|0|1|0|0|0|0,0.923614556597756,1,0.0376646392861478,0,beta,2,2,ensemble
1|0|0|1|0|1|0|1|0|1|0|0|0|1|0|0|0,1.06215350516339,1,0.00028357343711388,1,beta,2,2,ensemble
1|0|0|1|0|1|0|1|0|1|0|0|0|1|0|0|1,0.963378691437764,1,0.00019983082369475,1,beta,2,2,ensemble
1|0|0|1|0|1|0|1|0|1|0|0|0|1|0|1|0,0.96365486527684,1,0.000444731676907028,1,beta,2,2,ensemble
1|0|0|1|0|1|0|1|0|1|0|0|0|1|0|1|1,0.859864673330253,1,0.000313397115837013,1,beta,2,2,ensemble
1|0|0|1|0|1|0|1|0|1|0|0|0|1|0|2|0,0.880069979216148,1,0.000423041857081509,1,beta,2,2,ensemble
1|0|0|1|0|1|0|1|0|1|0|0|0|1|0|2|1,0.78828896999183,1,0.000298112558137826,1,beta,2,2,ensemble
1|0|0|1|0|1|0|1|0|1|0|0|0|1|0|3|0,0.847233433171759,1,0.000402409862251357,1,beta,2,2,ensemble
1|0|0|1|0|1|0|1|0|1|0|0|0|1|0|3|1,0.768563295420375,1,0.00028357343711388,1,beta,2,2,ensemble
1|0|0|1|0|1|0|1|0|1|0|1|0|1|0|0|0,1.13924070715522,1,0.000505906971305358,1,beta,2,2,ensemble
1|0|0|1|0|1|0|1|0|1|0|1|0|1|0|0|1,1.04107039852547,1,0.000481233597165695,1,beta,2,2,ensemble
1|0|0|1|0|1|0|1|0|1|0|1|0|1|0|1|0,1.03784768125711,1,0.000649597409635596,1,beta,2,2,ensemble
1|0|0|1|0|1|0|1|0|1|0|1|0|1|0|1|1,0.933964953509152,1,0.000617916170124823,1,beta,2,2,ensemble
1|0|0|1|0|1|0|1|0|1|0|1|0|1|0|2|0,0.96572277291802,1,0.000559113671938413,1,beta,2,2,ensemble
1|0|0|1|0|1|0|1|0|1|0|1|0|1|0|2|1,0.872963801257058,1,0.000531845376388458,1,beta,2,2,ensemble
1|0|0|1|0|1|0|1|0|1|0|1|0|1|0|3|0,0.93761390175046,1,0.000481233597165695,1,beta,2,2,ensemble
1|0|0|1|0|1|0|1|0|1|0|1|0|1|0|3|1,0.857318768833712,1,0.000457763557682333,1,beta,2,2,ensemble
1|0|0|1|0|1|0|1|1|0|0|0|0|1|0|0|0,1.09161214717739,1,0.000202175070661939,1,beta,2,2,ensemble
1|0|0|1|0|1|0|1|1|0|0|0|0|1|0|0|1,0.987255544059362,1,0.000142470364333508,1,beta,2,2,ensemble
1|0|0|1|0|1|0|1|1|0|0|0|0|1|0|1|0,0.99625963822434,1,0.000234893920121051,1,beta,2,2,ensemble
1|0|0|1|0|1|0|1|1|0|0|0|0|1|0|1|1,0.883478368329643,1,0.000165526947856643,1,beta,2,2,ensemble
1|0|0|1|0|1|0|1|1|0|0|0|0|1|0|2|0,0.914263885252797,1,0.000202175070661939,1,beta,2,2,ensemble
1|0|0|1|0|1|0|1|1|0|0|0|0|1|0|2|1,0.811208754722983,1,0.000142470364333508,1,beta,2,2,ensemble
1|0|0|1|0|1|0|1|1|0|0|0|0|1|0|3|0,0.88192178431036,1,0.000174013695953031,1,beta,2,2,ensemble
1|0|0|1|0|1|0|1|1|0|0|0|0|1|0|3|1,0.790805526394742,1,0.000122625378986034,1,beta,2,2,ensemble
1|0|0|1|0|1|0|1|1|0|0|1|0|1|0|0|0,1.17062654984969,1,0.000266295660851925,1,beta,2,2,ensemble
1|0|0|1|0|1|0|1|1|0|0|1|0|1|0|0|1,1.06607529698091,1,0.000253308268219214,1,beta,2,2,ensemble
1|0|0|1|0|1|0|1|1|0|0|1|0|1|0|1|0,1.0722917648996,1,0.000253308268219214,1,beta,2,2,ensemble
1|0|0|1|0|1|0|1|1|0|0|1|0|1|0|1|1,0.958574527251022,1,0.000240954278199435,1,beta,2,2,ensemble
1|0|0|1|0|1|0|1|1|0|0|1|0|1|0|2|0,1.00158252885903,1,0.000197276677647585,1,beta,2,2,ensemble
1|0|0|1|0|1|0|1|1|0|0|1|0|1|0|2|1,0.896743411123039,1,0.000187655380546125,1,beta,2,2,ensemble
1|0|0|1|0|1|0|1|1|0|0|1|0|1|0|3|0,0.973928919431087,1,0.000153639231033664,1,beta,2,2,ensemble
1|0|0|1|0|1|0|1|1|0|0|1|0|1|0|3|1,0.880373134151741,1,0.000146146157316885,1,beta,2,2,ensemble
1|0|0|1|0|1|0|1|1|0|1|0|1|0|0|0|0,0.930094308130684,1,0.0417210106241467,0,beta,2,2,ensemble
1|0|0|1|0|1|0|1|1|1|0|0|0|1|0|0|0,1.05337523611487,1,0.00106839995834352,1,beta,2,2,ensemble
1|0|0|1|0|1|0|1|1|1|0|0|0|1|0|0|1,0.954249016342269,1,0.000752888725700648,1,beta,2,2,ensemble
1|0|0|1|0|1|0|1|1|1|0|0|0|1|0|1|0,0.95595076037962,1,0.00167558467364733,1,beta,2,2,ensemble
1|0|0|1|0|1|0|1|1|1|0|0|0|1|0|1|1,0.851970925215908,1,0.00118076456283449,1,beta,2,2,ensemble
1|0|0|1|0|1|0|1|1|1|0|0|0|1|0|2|0,0.87323078985381,1,0.00159386544481577,1,beta,2,2,ensemble
1|0|0|1|0|1|0|1|1|1|0|0|0|1|0|2|1,0.781247374037029,1,0.00112317799557589,1,beta,2,2,ensemble
1|0|0|1|0|1|0|1|1|1|0|0|0|1|0|3|0,0.840610540930516,1,0.00151613170980368,1,beta,2,2,ensemble
1|0|0|1|0|1|0|1|1|1|0|0|0|1|0|3|1,0.761738199468869,1,0.00106839995834352,1,beta,2,2,ensemble
1|0|0|1|0|1|0|1|1|1|0|1|0|1|0|0|0,1.12817583474596,1,0.00190607058464111,1,beta,2,2,ensemble
1|0|0|1|0|1|0|1|1|1|0|1|0|1|0|0|1,1.03028946701704,1,0.0018131104252859,1,beta,2,2,ensemble
1|0|0|1|0|1|0|1|1|1|0|1|0|1|0|1|0,1.02841144327593,1,0.00244744307668005,1,beta,2,2,ensemble
1|0|0|1|0|1|0|1|1|1|0|1|0|1|0|1|1,0.924905124512749,1,0.00232807986932862,1,beta,2,2,ensemble
1|0|0|1|0|1|0|1|1|1|0|1|0|1|0|2|0,0.95737045759323,1,0.0021065337779448,1,beta,2,2,ensemble
1|0|0|1|0|1|0|1|1|1|0|1|0|1|0|2|1,0.864873652149725,1,0.00200379691328575,1,beta,2,2,ensemble
1|0|0|1|0|1|0|1|1|1|0|1|0|1|0|3|0,0.929555604623448,1,0.0018131104252859,1,beta,2,2,ensemble
1|0|0|1|0|1|0|1|1|1|0|1|0|1|0|3|1,0.849458697205844,1,0.00172468398640095,1,beta,2,2,ensemble
1|0|0|1|0|1|0|2|0|0|0|0|0|1|0|0|0,1.10840506356573,1,0.000336512942947367,1,beta,2,2,ensemble
1|0|0|1|0|1|0|2|0|0|0|0|0|1|0|0|1,1.00348498820443,1,0.000237136662931203,1,beta,2,2,ensemble
1|0|0|1|0|1|0|2|0|0|0|0|0|1|0|1|0,1.01149761410035,1,0.00039097226023752,1,beta,2,2,ensemble
1|0|0|1|0|1|0|2|0|0|0|0|0|1|0|1|1,0.897921719502634,1,0.000275513495199786,1,beta,2,2,ensemble
1|0|0|1|0|1|0|2|0|0|0|0|0|1|0|2|0,0.928193969158507,1,0.000336512942947367,1,beta,2,2,ensemble
1|0|0|1|0|1|0|2|0|0|0|0|0|1|0|2|1,0.824409691815043,1,0.000237136662931203,1,beta,2,2,ensemble
1|0|0|1|0|1|0|2|0|0|0|0|0|1|0|3|0,0.895419168343099,1,0.000289639374165069,1,beta,2,2,ensemble
1|0|0|1|0|1|0|2|0|0|0|0|0|1|0|3|1,0.803673269066666,1,0.000204105417287706,1,beta,2,2,ensemble
1|0|0|1|0|1|0|2|0|0|0|1|0|1|0|0|0,1.18994958151486,1,0.00268144149928643,1,beta,2,2,ensemble
1|0|0|1|0|1|0|2|0|0|0|1|0|1|0|0|1,1.08420162517074,1,0.00255066605419856,1,beta,2,2,ensemble
1|0|0|1|0|1|0|2|0|0|0|1|0|1|0|1|0,1.08952933346464,1,0.00255066605419856,1,beta,2,2,ensemble
1|0|0|1|0|1|0|2|0|0|0|1|0|1|0|1|1,0.974436789638235,1,0.00242626860282881,1,beta,2,2,ensemble
1|0|0|1|0|1|0|2|0|0|0|1|0|1|0|2|0,1.01737111198424,1,0.00198646072036349,1,beta,2,2,ensemble
1|0|0|1|0|1|0|2|0|0|0|1|0|1|0|2|1,0.911313579932267,1,0.00188957988782464,1,beta,2,2,ensemble
1|0|0|1|0|1|0|2|0|0|0|1|0|1|0|3|0,0.989241255952652,1,0.00154705716455967,1,beta,2,2,ensemble
1|0|0|1|0|1|0|2|0|0|0|1|0|1|0|3|1,0.894619247878417,1,0.00147160629631381,1,beta,2,2,ensemble
1|0|0|1|0|1|0|2|0|0|1|0|1|0|0|0|0,0.932017108089373,1,0.0323167270827079,0,beta,2,2,ensemble
1|0|0|1|0|1|0|2|0|1|0|0|0|1|0|0|0,1.06991538221016,1,6.29591762750604e-05,1,beta,2,2,ensemble
1|0|0|1|0|1|0|2|0|1|0|0|0|1|0|0|1,0.969683330344669,1,4.43665816595361e-05,1,beta,2,2,ensemble
1|0|0|1|0|1|0|2|0|1|0|0|0|1|0|1|0,0.970807820246405,1,9.87396433406007e-05,1,beta,2,2,ensemble
1|0|0|1|0|1|0|2|0|1|0|0|0|1|0|1|1,0.865579508106114,1,6.9580650645195e-05,1,beta,2,2,ensemble
1|0|0|1|0|1|0|2|0|1|0|0|0|1|0|2|0,0.886676650604348,1,9.39240541102854e-05,1,beta,2,2,ensemble
1|0|0|1|0|1|0|2|0|1|0|0|0|1|0|2|1,0.793594155487634,1,6.61871622696141e-05,1,beta,2,2,ensemble
1|0|0|1|0|1|0|2|0|1|0|0|0|1|0|3|0,0.853549760290905,1,8.93433239381007e-05,1,beta,2,2,ensemble
1|0|0|1|0|1|0|2|0|1|0|0|0|1|0|3|1,0.773744484202722,1,6.29591762750604e-05,1,beta,2,2,ensemble
1|0|0|1|0|1|0|2|0|1|0|1|0|1|0|0|0,1.14716124020103,1,0.000679507448226446,1,beta,2,2,ensemble
1|0|0|1|0|1|0|2|0|1|0|1|0|1|0|0|1,1.04762818278229,1,0.000646367478920391,1,beta,2,2,ensemble
1|0|0|1|0|1|0|2|0|1|0|1|0|1|0|1|0,1.04521586414944,1,0.000872504834351386,1,beta,2,2,ensemble
1|0|0|1|0|1|0|2|0|1|0|1|0|1|0|1|1,0.939971177338171,1,0.00082995227145416,1,beta,2,2,ensemble
1|0|0|1|0|1|0|2|0|1|0|1|0|1|0|2|0,0.972654758554705,1,0.000750971870395662,1,beta,2,2,ensemble
1|0|0|1|0|1|0|2|0|1|0|1|0|1|0|2|1,0.878649867931156,1,0.00071434654009269,1,beta,2,2,ensemble
1|0|0|1|0|1|0|2|0|1|0|1|0|1|0|3|0,0.944299037820878,1,0.000646367478920391,1,beta,2,2,ensemble
1|0|0|1|0|1|0|2|0|1|0|1|0|1|0|3|1,0.862911247331561,1,0.000614843764989421,1,beta,2,2,ensemble
1|0|0|1|0|1|0|2|1|0|0|0|0|1|0|0|0,1.10063256635057,1,2.7454609880748e-05,1,beta,2,2,ensemble
1|0|0|1|0|1|0|2|1|0|0|0|0|1|0|0|1,0.99468051554594,1,1.93469365908368e-05,1,beta,2,2,ensemble
1|0|0|1|0|1|0|2|1|0|0|0|0|1|0|1|0,1.00464959089045,1,3.18977058801993e-05,1,beta,2,2,ensemble
1|0|0|1|0|1|0|2|1|0|0|0|0|1|0|1|1,0.890233258372811,1,2.2477933423127e-05,1,beta,2,2,ensemble
1|0|0|1|0|1|0|2|1|0|0|0|0|1|0|2|0,0.922081316535749,1,2.7454609880748e-05,1,beta,2,2,ensemble
1|0|0|1|0|1|0|2|1|0|0|0|0|1|0|2|1,0.817493902630572,1,1.93469365908368e-05,1,beta,2,2,ensemble
1|0|0|1|0|1|0|2|1|0|0|0|0|1|0|3|0,0.889437384996214,1,2.3630401713998e-05,1,beta,2,2,ensemble
1|0|0|1|0|1|0|2|1|0|0|0|0|1|0|3|1,0.796942952357954,1,1.66520626431231e-05,1,beta,2,2,ensemble
1|0|0|1|0|1|0|2|1|0|0|1|0|1|0|0|0,1.1798001453564,1,0.000218767009780279,1,beta,2,2,ensemble
1|0|0|1|0|1|0|2|1|0|0|1|0|1|0|0|1,1.07375022045265,1,0.000208097616813036,1,beta,2,2,ensemble
1|0|0|1|0|1|0|2|1|0|0|1|0|1|0|1|0,1.08088851365568,1,0.000208097616813036,1,beta,2,2,ensemble
1|0|0|1|0|1|0|2|1|0|0|1|0|1|0|1|1,0.965617689725639,1,0.000197948576281035,1,beta,2,2,ensemble
1|0|0|1|0|1|0|2|1|0|0|1|0|1|0|2|0,1.00972208488934,1,0.000162066586929286,1,beta,2,2,ensemble
1|0|0|1|0|1|0|2|1|0|0|1|0|1|0|2|1,0.903414767579411,1,0.00015416250621554,1,beta,2,2,ensemble
1|0|0|1|0|1|0|2|1|0|0|1|0|1|0|3|0,0.98181310947684,1,0.000126217584810238,1,beta,2,2,ensemble
1|0|0|1|0|1|0|2|1|0|0|1|0|1|0|3|1,0.886930600720885,1,0.000120061880560913,1,beta,2,2,ensemble
1|0|0|1|0|1|0|2|1|0|1|0|1|0|0|0|0,0.938595843683851,1,0.0347158330496133,0,beta,2,2,ensemble
1|0|0|1|0|1|0|2|1|1|0|0|0|1|0|0|0,1.06088526019882,1,0.000187989103333224,1,beta,2,2,ensemble
1|0|0|1|0|1|0|2|1|1|0|0|0|1|0|0|1,0.960448192613536,1,0.000132473682115823,1,beta,2,2,ensemble
1|0|0|1|0|1|0|2|1|1|0|0|0|1|0|1|0,0.962962614653049,1,0.000294825601496865,1,beta,2,2,ensemble
1|0|0|1|0|1|0|2|1|1|0|0|0|1|0|1|1,0.85767326877936,1,0.000207760089918997,1,beta,2,2,ensemble
1|0|0|1|0|1|0|2|1|1|0|0|0|1|0|2|0,0.879788476433702,1,0.00028044678723994,1,beta,2,2,ensemble
1|0|0|1|0|1|0|2|1|1|0|0|0|1|0|2|1,0.78660382630799,1,0.000197627510767864,1,beta,2,2,ensemble
1|0|0|1|0|1|0|2|1|1|0|0|0|1|0|3|0,0.846913144219727,1,0.000266769236029322,1,beta,2,2,ensemble
1|0|0|1|0|1|0|2|1|1|0|0|0|1|0|3|1,0.766988323847953,1,0.000187989103333224,1,beta,2,2,ensemble
1|0|0|1|0|1|0|2|1|1|0|1|0|1|0|0|0,1.13578973372358,1,0.00202893372273896,1,beta,2,2,ensemble
1|0|0|1|0|1|0|2|1|1|0|1|0|1|0|0|1,1.03670823924909,1,0.00192998145743107,1,beta,2,2,ensemble
1|0|0|1|0|1|0|2|1|1|0|1|0|1|0|1|0,1.03560246313399,1,0.0026052024687717,1,beta,2,2,ensemble
1|0|0|1|0|1|0|2|1|1|0|1|0|1|0|1|1,0.930880458989655,1,0.00247814524507754,1,beta,2,2,ensemble
1|0|0|1|0|1|0|2|1|1|0|1|0|1|0|2|0,0.964215742963667,1,0.00224231854507406,1,beta,2,2,ensemble
1|0|0|1|0|1|0|2|1|1|0|1|0|1|0|2|1,0.870590078489318,1,0.00213295937917807,1,beta,2,2,ensemble
1|0|0|1|0|1|0|2|1|1|0|1|0|1|0|3|0,0.936188598847531,1,0.00192998145743107,1,beta,2,2,ensemble
1|0|0|1|0|1|0|2|1|1|0|1|0|1|0|3|1,0.855097447734231,1,0.00183585515104921,1,beta,2,2,ensemble
1|0|0|1|0|1|0|3|0|0|0|0|0|1|0|0|0,1.11338064998841,1,4.16596616204748e-05,1,beta,2,2,ensemble
1|0|0|1|0|1|0|3|0|0|0|0|0|1|0|0|1,1.0041721488799,1,2.93570673656604e-05,1,beta,2,2,ensemble
1|0|0|1|0|1|0|3|0|0|0|0|0|1|0|1|0,1.01448676802765,1,4.84016214111409e-05,1,beta,2,2,ensemble
1|0|0|1|0|1|0|3|0|0|0|0|0|1|0|1|1,0.896969342937603,1,3.41080461315053e-05,1,beta,2,2,ensemble
1|0|0|1|0|1|0|3|0|0|0|0|0|1|0|2|0,0.929462984043382,1,4.16596616204748e-05,1,beta,2,2,ensemble
1|0|0|1|0|1|0|3|0|0|0|0|0|1|0|2|1,0.822324747182011,1,2.93570673656604e-05,1,beta,2,2,ensemble
1|0|0|1|0|1|0|3|0|0|0|0|0|1|0|3|0,0.89591378005248,1,3.58568030519115e-05,1,beta,2,2,ensemble
1|0|0|1|0|1|0|3|0|0|0|0|0|1|0|3|1,0.801242687043476,1,2.52678620460717e-05,1,beta,2,2,ensemble
1|0|0|1|0|1|0|3|0|0|0|1|0|1|0|0|0,1.19418579632558,1,0.00200822495391373,1,beta,2,2,ensemble
1|0|0|1|0|1|0|3|0|0|0|1|0|1|0|0|1,1.08410329598308,1,0.00191028266717933,1,beta,2,2,ensemble
1|0|0|1|0|1|0|3|0|0|0|1|0|1|0|1|0,1.09165423653969,1,0.00191028266717933,1,beta,2,2,ensemble
1|0|0|1|0|1|0|3|0|0|0|1|0|1|0|1|1,0.9726148220301,1,0.00181711708213468,1,beta,2,2,ensemble
1|0|0|1|0|1|0|3|0|0|0|1|0|1|0|2|0,1.01794766593984,1,0.00148772963708699,1,beta,2,2,ensemble
1|0|0|1|0|1|0|3|0|0|0|1|0|1|0|2|1,0.908496617553499,1,0.00141517220649891,1,beta,2,2,ensemble
1|0|0|1|0|1|0|3|0|0|0|1|0|1|0|3|0,0.989119942952284,1,0.00115864500636189,1,beta,2,2,ensemble
1|0|0|1|0|1|0|3|0|0|0|1|0|1|0|3|1,0.89151153106114,1,0.00110213722260224,1,beta,2,2,ensemble
1|0|0|1|0|1|0|3|0|0|1|0|1|0|0|0|0,0.936493241784665,1,0.0260489960763803,0,beta,2,2,ensemble
1|0|0|1|0|1|0|3|0|1|0|0|0|1|0|0|0,1.07437534470848,1,1.08149645313477e-05,1,beta,2,2,ensemble
1|0|0|1|0|1|0|3|0|1|0|0|0|1|0|0|1,0.970317586493943,1,7.62117669597106e-06,1,beta,2,2,ensemble
1|0|0|1|0|1|0|3|0|1|0|0|0|1|0|1|0,0.973490219901837,1,1.69612406601566e-05,1,beta,2,2,ensemble
1|0|0|1|0|1|0|3|0|1|0|0|0|1|0|1|1,0.864834608062373,1,1.19523842800651e-05,1,beta,2,2,ensemble
1|0|0|1|0|1|0|3|0|1|0|0|0|1|0|2|0,0.887832786442418,1,1.61340311919789e-05,1,beta,2,2,ensemble
1|0|0|1|0|1|0|3|0|1|0|0|0|1|0|2|1,0.791901644610992,1,1.13694596201377e-05,1,beta,2,2,ensemble
1|0|0|1|0|1|0|3|0|1|0|0|0|1|0|3|0,0.853994036280955,1,1.53471652056226e-05,1,beta,2,2,ensemble
1|0|0|1|0|1|0|3|0|1|0|0|0|1|0|3|1,0.771770336314109,1,1.08149645313477e-05,1,beta,2,2,ensemble
1|0|0|1|0|1|0|3|0|1|0|1|0|1|0|0|0,1.15099641422237,1,0.000706139248561502,1,beta,2,2,ensemble
1|0|0|1|0|1|0|3|0|1|0|1|0|1|0|0|1,1.04755335455988,1,0.000671700431026524,1,beta,2,2,ensemble
1|0|0|1|0|1|0|3|0|1|0|1|0|1|0|1|0,1.04714773168809,1,0.000906700742873751,1,beta,2,2,ensemble
1|0|0|1|0|1|0|3|0|1|0|1|0|1|0|1|1,0.938421321423384,1,0.000862480425838168,1,beta,2,2,ensemble
1|0|0|1|0|1|0|3|0|1|0|1|0|1|0|2|0,0.973189529616422,1,0.000780404561621963,1,beta,2,2,ensemble
1|0|0|1|0|1|0|3|0|1|0|1|0|1|0|2|1,0.876255669757131,1,0.000742343782029392,1,beta,2,2,ensemble
1|0|0|1|0|1|0|3|0|1|0|1|0|1|0|3|0,0.94417541105066,1,0.000671700431026524,1,beta,2,2,ensemble
1|0|0|1|0|1|0|3|0|1|0|1|0|1|0|3|1,0.86027829259584,1,0.000638941214442242,1,beta,2,2,ensemble
1|0|0|1|0|1|0|3|1|0|0|0|0|1|0|0|0,1.10587522859041,1,2.74435569969999e-06,1,beta,2,2,ensemble
1|0|0|1|0|1|0|3|1|0|0|0|0|1|0|0|1,0.995894043058576,1,1.93391477553025e-06,1,beta,2,2,ensemble
1|0|0|1|0|1|0|3|1|0|0|0|0|1|0|1|0,1.00801182218409,1,3.18848642613798e-06,1,beta,2,2,ensemble
1|0|0|1|0|1|0|3|1|0|0|0|0|1|0|1|1,0.889878681741583,1,2.24688840872922e-06,1,beta,2,2,ensemble
1|0|0|1|0|1|0|3|1|0|0|0|0|1|0|2|0,0.923814334630178,1,2.74435569969999e-06,1,beta,2,2,ensemble
1|0|0|1|0|1|0|3|1|0|0|0|0|1|0|2|1,0.81605559108859,1,1.93391477553025e-06,1,beta,2,2,ensemble
1|0|0|1|0|1|0|3|1|0|0|0|0|1|0|3|0,0.890436928137482,1,2.36208884087935e-06,1,beta,2,2,ensemble
1|0|0|1|0|1|0|3|1|0|0|0|0|1|0|3|1,0.795174379286703,1,1.66453587302516e-06,1,beta,2,2,ensemble
1|0|0|1|0|1|0|3|1|0|0|1|0|1|0|0|0,1.18437645508659,1,0.000132293047619095,1,beta,2,2,ensemble
1|0|0|1|0|1|0|3|1|0|0|1|0|1|0|0|1,1.07425057250413,1,0.000125841039552158,1,beta,2,2,ensemble
1|0|0|1|0|1|0|3|1|0|0|1|0|1|0|1|0,1.0834623292144,1,0.000125841039552158,1,beta,2,2,ensemble
1|0|0|1|0|1|0|3|1|0|0|1|0|1|0|1|1,0.964461951684484,1,0.00011970369963177,1,beta,2,2,ensemble
1|0|0|1|0|1|0|3|1|0|0|1|0|1|0|2|0,1.01082649868255,1,9.800510014574e-05,1,beta,2,2,ensemble
1|0|0|1|0|1|0|3|1|0|0|1|0|1|0|2|1,0.901302815551581,1,9.32253350097671e-05,1,beta,2,2,ensemble
1|0|0|1|0|1|0|3|1|0|0|1|0|1|0|3|0,0.982255121155269,1,7.63264487384938e-05,1,beta,2,2,ensemble
1|0|0|1|0|1|0|3|1|0|0|1|0|1|0|3|1,0.884539851545516,1,7.26039639077007e-05,1,beta,2,2,ensemble
1|0|0|1|0|1|0|3|1|0|1|0|1|0|0|0|0,0.943243642729586,1,0.0274954412637132,0,beta,2,2,ensemble
1|0|0|1|0|1|0|3|1|1|0|0|0|1|0|0|0,1.06571954345769,1,2.60741341985584e-05,1,beta,2,2,ensemble
1|0|0|1|0|1|0|3|1|1|0|0|0|1|0|0|1,0.961659884902181,1,1.83741318194515e-05,1,beta,2,2,ensemble
1|0|0|1|0|1|0|3|1|1|0|0|0|1|0|1|0,0.966104677092521,1,4.08923823897052e-05,1,beta,2,2,ensemble
1|0|0|1|0|1|0|3|1|1|0|0|0|1|0|1|1,0.857552919033159,1,2.88163748302485e-05,1,beta,2,2,ensemble
1|0|0|1|0|1|0|3|1|1|0|0|0|1|0|2|0,0.881475621367709,1,3.88980373670224e-05,1,beta,2,2,ensemble
1|0|0|1|0|1|0|3|1|1|0|0|0|1|0|2|1,0.785567687796108,1,2.74109836459741e-05,1,beta,2,2,ensemble
1|0|0|1|0|1|0|3|1|1|0|0|0|1|0|3|0,0.847920147148685,1,3.700095769884e-05,1,beta,2,2,ensemble
1|0|0|1|0|1|0|3|1|1|0|0|0|1|0|3|1,0.765680248898813,1,2.60741341985585e-05,1,beta,2,2,ensemble
1|0|0|1|0|1|0|3|1|1|0|1|0|1|0|0|0,1.14008746330984,1,0.00170245306644269,1,beta,2,2,ensemble
1|0|0|1|0|1|0|3|1|1|0|1|0|1|0|0|1,1.03729997750882,1,0.00161942345063175,1,beta,2,2,ensemble
1|0|0|1|0|1|0|3|1|1|0|1|0|1|0|1|0,1.0380843593618,1,0.0021859930080304,1,beta,2,2,ensemble
1|0|0|1|0|1|0|3|1|1|0|1|0|1|0|1|1,0.930040292538044,1,0.00207938087099134,1,beta,2,2,ensemble
1|0|0|1|0|1|0|3|1|1|0|1|0|1|0|2|0,0.965362644759401,1,0.00188150161842117,1,beta,2,2,ensemble
1|0|0|1|0|1|0|3|1|1|0|1|0|1|0|2|1,0.868929941149247,1,0.00178973970168793,1,beta,2,2,ensemble
1|0|0|1|0|1|0|3|1|1|0|1|0|1|0|3|0,0.936704738885814,1,0.00161942345063176,1,beta,2,2,ensemble
1|0|0|1|0|1|0|3|1|1|0|1|0|1|0|3|1,0.85320582633975,1,0.0015404432369674,1,beta,2,2,ensemble
0|0|0|0|0|1|0|0|0|0|0|0|0|1|0|0|0,0.897022604285148,1,0.00420354465996152,1,beta,2,2,sieve_md
0|0|0|0|0|1|0|0|0|0|0|0|0|1|0|0|1,0.871806621831498,1,0.00361802441808784,1,beta,2,2,sieve_md
0|0|0|0|0|1|0|0|0|0|0|0|0|1|0|1|0,0.810434842501614,1,0.00488382212678092,1,beta,2,2,sieve_md
0|0|0|0|0|1|0|0|0|0|0|0|0|1|0|1|1,0.850726424251401,1,0.00420354465996152,1,beta,2,2,sieve_md
0|0|0|0|0|1|0|0|0|0|0|0|0|1|0|2|0,0.735025408826172,1,0.00380352449671843,1,beta,2,2,sieve_md
0|0|0|0|0|1|0|0|0|0|0|0|0|1|0|2|1,0.837287601913902,1,0.00327372387285366,1,beta,2,2,sieve_md
0|0|0|0|0|1|0|0|0|0|0|0|0|1|0|3|0,0.722716289318799,1,0.00296218785647559,1,beta,2,2,sieve_md
0|0|0|0|0|1|0|0|0|0|0|0|0|1|0|3|1,0.836633480926392,1,0.00254957871573798,1,beta,2,2,sieve_md
0|0|0|0|0|1|0|0|0|0|0|1|0|1|0|0|0,0.957652858031685,1,0.000520404079326314,1,beta,2,2,sieve_md
0|0|0|0|0|1|0|0|0|0|0|1|0|1|0|0|1,0.869149507008441,1,0.000604623279416797,1,beta,2,2,sieve_md
0|0|0|0|0|1|0|0|0|0|0|1|0|1|0|1|0,0.833788386492005,1,0.000495023672885394,1,beta,2,2,sieve_md
0|0|0|0|0|1|0|0|0|0|0|1|0|1|0|1|1,0.745883536139193,1,0.000575135454119375,1,beta,2,2,sieve_md
0|0|0|0|0|1|0|0|0|0|0|1|0|1|0|2|0,0.736284476633976,1,0.000348837286411149,1,beta,2,2,sieve_md
0|0|0|0|0|1|0|0|0|0|0|1|0|1|0|2|1,0.66569750567812,1,0.000405291104492887,1,beta,2,2,sieve_md
0|0|0|0|0|1|0|0|0|0|0|1|0|1|0|3|0,0.704661285286969,1,0.000245821480983732,1,beta,2,2,sieve_md
0|0|0|0|0|1|0|0|0|0|0|1|0|1|0|3|1,0.644398261477067,1,0.00028560381420508,1,beta,2,2,sieve_md
0|0|0|0|0|1|0|0|0|0|1|0|1|0|0|0|0,0.934312562895148,1,0.0340123692951178,0,beta,2,2,sieve_md
0|0|0|0|0|1|0|0|0|1|0|0|0|1|0|0|0,0.733156680540195,1,0.000389888941052255,1,beta,2,2,sieve_md
0|0|0|0|0|1|0|0|0|1|0|0|0|1|0|0|1,0.591972594685367,1,0.000335580521483595,1,beta,2,2,sieve_md
0|0|0|0|0|1|0|0|0|1|0|0|0|1|0|1|0,0.646366851747166,1,0.000611467577240109,1,beta,2,2,sieve_md
0|0|0|0|0|1|0|0|0|1|0|0|0|1|0|1|1,0.515687034838741,1,0.000526295021055867,1,beta,2,2,sieve_md
0|0|0|0|0|1|0|0|0|1|0|0|0|1|0|2|0,0.563059535437089,1,0.000526295021055867,1,beta,2,2,sieve_md
0|0|0|0|0|1|0|0|0|1|0|0|0|1|0|2|1,0.455748845932027,1,0.000452986322575578,1,beta,2,2,sieve_md
0|0|0|0|0|1|0|0|0|1|0|0|0|1|0|3|0,0.528629558513313,1,0.000452986322575578,1,beta,2,2,sieve_md
0|0|0|0|0|1|0|0|0|1|0|0|0|1|0|3|1,0.437557477300907,1,0.000389888941052255,1,beta,2,2,sieve_md
0|0|0|0|0|1|0|0|0|1|0|1|0|1|0|0|0,0.82258525889063,1,6.54685048802593e-05,1,beta,2,2,sieve_md
0|0|0|0|0|1|0|0|0|1|0|1|0|1|0|0|1,0.74003034185591,1,7.6063550790109e-05,1,beta,2,2,sieve_md
0|0|0|0|0|1|0|0|0|1|0|1|0|1|0|1|0,0.722472134140635,1,8.40632242587983e-05,1,beta,2,2,sieve_md
0|0|0|0|0|1|0|0|0|1|0|1|0|1|0|1|1,0.608777354682127,1,9.76675324980188e-05,1,beta,2,2,sieve_md
0|0|0|0|0|1|0|0|0|1|0|1|0|1|0|2|0,0.639779932472865,1,6.54685048802593e-05,1,beta,2,2,sieve_md
0|0|0|0|0|1|0|0|0|1|0|1|0|1|0|2|1,0.522696752802825,1,7.6063550790109e-05,1,beta,2,2,sieve_md
0|0|0|0|0|1|0|0|0|1|0|1|0|1|0|3|0,0.605757018439386,1,5.098692286726e-05,1,beta,2,2,sieve_md
0|0|0|0|0|1|0|0|0|1|0|1|0|1|0|3|1,0.499093448153461,1,5.92383529185285e-05,1,beta,2,2,sieve_md
0|0|0|0|0|1|0|0|1|0|0|0|0|1|0|0|0,0.73574925245713,1,0.000598055413868472,1,beta,2,2,sieve_md
0|0|0|0|0|1|0|0|1|0|0|0|0|1|0|0|1,0.635078940002365,1,0.000514751065060783,1,beta,2,2,sieve_md
0|0|0|0|0|1|0|0|1|0|0|0|0|1|0|1|0,0.673064674643406,1,0.000694841258881426,1,beta,2,2,sieve_md
0|0|0|0|0|1|0|0|1|0|0|0|0|1|0|1|1,0.550213690079006,1,0.000598055413868473,1,beta,2,2,sieve_md
0|0|0|0|0|1|0|0|1|0|0|0|0|1|0|2|0,0.609324648804443,1,0.000541142916527176,1,beta,2,2,sieve_md
0|0|0|0|0|1|0|0|1|0|0|0|0|1|0|2|1,0.481662883107361,1,0.000465766024640859,1,beta,2,2,sieve_md
0|0|0|0|0|1|0|0|1|0|0|0|0|1|0|3|0,0.57929824262392,1,0.000421442527144908,1,beta,2,2,sieve_md
0|0|0|0|0|1|0|0|1|0|0|0|0|1|0|3|1,0.459861167709577,1,0.000362738944718357,1,beta,2,2,sieve_md
0|0|0|0|0|1|0|0|1|0|0|1|0|1|0|0|0,0.819177438200689,1,7.40400072359856e-05,1,beta,2,2,sieve_md
0|0|0|0|0|1|0|0|1|0|0|1|0|1|0|0|1,0.813998259871653,1,8.6022215738618e-05,1,beta,2,2,sieve_md
0|0|0|0|0|1|0|0|1|0|0|1|0|1|0|1|0,0.762844949369127,1,7.04290334731153e-05,1,beta,2,2,sieve_md
0|0|0|0|0|1|0|0|1|0|0|1|0|1|0|1|1,0.7192534833068,1,8.18268627713218e-05,1,beta,2,2,sieve_md
0|0|0|0|0|1|0|0|1|0|0|1|0|1|0|2|0,0.715695940258569,1,4.9630501058905e-05,1,beta,2,2,sieve_md
0|0|0|0|0|1|0|0|1|0|0|1|0|1|0|2|1,0.656130549169767,1,5.76624156139981e-05,1,beta,2,2,sieve_md
0|0|0|0|0|1|0|0|1|0|0|1|0|1|0|3|0,0.697319300320566,1,3.49740229829823e-05,1,beta,2,2,sieve_md
0|0|0|0|0|1|0|0|1|0|0|1|0|1|0|3|1,0.63883060840365,1,4.06340175075948e-05,1,beta,2,2,sieve_md
0|0|0|0|0|1|0|0|1|0|1|0|1|0|0|0|0,0.990819783178624,1,0.0344508323933191,0,beta,2,2,sieve_md
0|0|0|0|0|1|0|0|1|1|0|0|0|1|0|0|0,0.724842162564952,1,0.0020301438508996,1,beta,2,2,sieve_md
0|0|0|0|0|1|0|0|1|1|0|0|0|1|0|0|1,0.726128403789948,1,0.00174736100575957,1,beta,2,2,sieve_md
0|0|0|0|0|1|0|0|1|1|0|0|0|1|0|1|0,0.714195396740358,1,0.00318389933966378,1,beta,2,2,sieve_md
0|0|0|0|0|1|0|0|1|1|0|0|0|1|0|1|1,0.739936312726501,1,0.00274040755778309,1,beta,2,2,sieve_md
0|0|0|0|0|1|0|0|1|1|0|0|0|1|0|2|0,0.707443553815975,1,0.00274040755778309,1,beta,2,2,sieve_md
0|0|0|0|0|1|0|0|1|1|0|0|0|1|0|2|1,0.751865985161317,1,0.00235869064363942,1,beta,2,2,sieve_md
0|0|0|0|0|1|0|0|1|1|0|0|0|1|0|3|0,0.710592151207997,1,0.00235869064363942,1,beta,2,2,sieve_md
0|0|0|0|0|1|0|0|1|1|0|0|0|1|0|3|1,0.756181539851197,1,0.0020301438508996,1,beta,2,2,sieve_md
0|0|0|0|0|1|0|0|1|1|0|1|0|1|0|0|0,0.75923751879314,1,0.000340893184227136,1,beta,2,2,sieve_md
0|0|0|0|0|1|0|0|1|1|0|1|0|1|0|0|1,0.679205388356789,1,0.000396061374547767,1,beta,2,2,sieve_md
0|0|0|0|0|1|0|0|1|1|0|1|0|1|0|1|0,0.688166235120043,1,0.000437715512923259,1,beta,2,2,sieve_md
0|0|0|0|0|1|0|0|1|1|0|1|0|1|0|1|1,0.62348491443062,1,0.000508552871487617,1,beta,2,2,sieve_md
0|0|0|0|0|1|0|0|1|1|0|1|0|1|0|2|0,0.633233359331089,1,0.000340893184227136,1,beta,2,2,sieve_md
0|0|0|0|0|1|0|0|1|1|0|1|0|1|0|2|1,0.587806247835065,1,0.000396061374547767,1,beta,2,2,sieve_md
0|0|0|0|0|1|0|0|1|1|0|1|0|1|0|3|0,0.614856632531955,1,0.000265487878819798,1,beta,2,2,sieve_md
0|0|0|0|0|1|0|0|1|1|0|1|0|1|0|3|1,0.578328398043901,1,0.000308452908642138,1,beta,2,2,sieve_md
0|0|0|0|0|1|0|1|0|0|0|0|0|1|0|0|0,1.09106678696319,1,0.00268589286761164,1,beta,2,2,sieve_md
0|0|0|0|0|1|0|1|0|0|0|0|0|1|0|0|1,0.78808173840286,1,0.00231176941497651,1,beta,2,2,sieve_md
0|0|0|0|0|1|0|1|0|0|0|0|0|1|0|1|0,0.911601068499595,1,0.00312056230589087,1,beta,2,2,sieve_md
0|0|0|0|0|1|0|1|0|0|0|0|0|1|0|1|1,0.623441178074798,1,0.00268589286761164,1,beta,2,2,sieve_md
0|0|0|0|0|1|0|1|0|0|0|0|0|1|0|2|0,0.737101188371607,1,0.00243029636745092,1,beta,2,2,sieve_md
0|0|0|0|0|1|0|1|0|0|0|0|0|1|0|2|1,0.493503076823848,1,0.00209177546854185,1,beta,2,2,sieve_md
0|0|0|0|0|1|0|1|0|0|0|0|0|1|0|3|0,0.665868937904657,1,0.00189271671406637,1,beta,2,2,sieve_md
0|0|0|0|0|1|0|1|0|0|0|0|0|1|0|3|1,0.453020215953584,1,0.00162907637290995,1,beta,2,2,sieve_md
0|0|0|0|0|1|0|1|0|0|0|1|0|1|0|0|0,1.17776378491534,1,0.00201160997144684,1,beta,2,2,sieve_md
0|0|0|0|0|1|0|1|0|0|0|1|0|1|0|0|1,1.55778212210587,1,0.0023371573478406,1,beta,2,2,sieve_md
0|0|0|0|0|1|0|1|0|0|0|1|0|1|0|1|0,1.13389297524459,1,0.00191350259545927,1,beta,2,2,sieve_md
0|0|0|0|0|1|0|1|0|0|0|1|0|1|0|1|1,1.43385016909083,1,0.00222317283895403,1,beta,2,2,sieve_md
0|0|0|0|0|1|0|1|0|0|0|1|0|1|0|2|0,1.104911595327,1,0.00134842248866599,1,beta,2,2,sieve_md
0|0|0|0|0|1|0|1|0|0|0|1|0|1|0|2|1,1.35238734258731,1,0.00156664342099704,1,beta,2,2,sieve_md
0|0|0|0|0|1|0|1|0|0|0|1|0|1|0|3|0,1.11556265523869,1,0.000950217267671792,1,beta,2,2,sieve_md
0|0|0|0|0|1|0|1|0|0|0|1|0|1|0|3|1,1.33656956248377,1,0.0011039949596128,1,beta,2,2,sieve_md
0|0|0|0|0|1|0|1|0|0|1|0|1|0|0|0|0,0.938286765567473,1,0.0447899109255408,0,beta,2,2,sieve_md
0|0|0|0|0|1|0|1|0|1|0|0|0|1|0|0|0,0.7858166952937,1,0.000309654570393583,1,beta,2,2,sieve_md
0|0|0|0|0|1|0|1|0|1|0|0|0|1|0|0|1,0.632239564139986,1,0.000266522158674232,1,beta,2,2,sieve_md
0|0|0|0|0|1|0|1|0|1|0|0|0|1|0|1|0,0.687727448978588,1,0.00048563503604098,1,beta,2,2,sieve_md
0|0|0|0|0|1|0|1|0|1|0|0|0|1|0|1|1,0.567860233686622,1,0.000417989949151942,1,beta,2,2,sieve_md
0|0|0|0|0|1|0|1|0|1|0|0|0|1|0|2|0,0.596531881223078,1,0.000417989949151942,1,beta,2,2,sieve_md
0|0|0|0|0|1|0|1|0|1|0|0|0|1|0|2|1,0.51829909805182,1,0.000359767283300581,1,beta,2,2,sieve_md
0|0|0|0|0|1|0|1|0|1|0|0|0|1|0|3|0,0.563414146153307,1,0.000359767283300581,1,beta,2,2,sieve_md
0|0|0|0|0|1|0|1|0|1|0|0|0|1|0|3|1,0.503726252404772,1,0.000309654570393583,1,beta,2,2,sieve_md
0|0|0|0|0|1|0|1|0|1|0|1|0|1|0|0|0,0.824814138962753,1,0.000314556792644816,1,beta,2,2,sieve_md
0|0|0|0|0|1|0|1|0|1|0|1|0|1|0|0|1,0.74217038222846,1,0.000365462852977528,1,beta,2,2,sieve_md
0|0|0|0|0|1|0|1|0|1|0|1|0|1|0|1|0,0.724387171543772,1,0.000403898916747719,1,beta,2,2,sieve_md
0|0|0|0|0|1|0|1|0|1|0|1|0|1|0|1|1,0.610160151937477,1,0.000469263592078361,1,beta,2,2,sieve_md
0|0|0|0|0|1|0|1|0|1|0|1|0|1|0|2|0,0.641399774921733,1,0.000314556792644816,1,beta,2,2,sieve_md
0|0|0|0|0|1|0|1|0|1|0|1|0|1|0|2|1,0.523574773658048,1,0.000365462852977528,1,beta,2,2,sieve_md
0|0|0|0|0|1|0|1|0|1|0|1|0|1|0|3|0,0.607213948197218,1,0.000244977076432212,1,beta,2,2,sieve_md
0|0|0|0|0|1|0|1|0|1|0|1|0|1|0|3|1,0.499829778574128,1,0.000284622756082408,1,beta,2,2,sieve_md
0|0|0|0|0|1|0|1|1|0|0|0|0|1|0|0|0,0.809033470511928,1,0.000297765675233586,1,beta,2,2,sieve_md
0|0|0|0|0|1|0|1|1|0|0|0|0|1|0|0|1,0.740097419978952,1,0.000256289291779141,1,beta,2,2,sieve_md
0|0|0|0|0|1|0|1|1|0|0|0|0|1|0|1|0,0.725164214041898,1,0.000345954357795489,1,beta,2,2,sieve_md
0|0|0|0|0|1|0|1|1|0|0|0|0|1|0|1|1,0.647829679090202,1,0.000297765675233586,1,beta,2,2,sieve_md
0|0|0|0|0|1|0|1|1|0|0|0|0|1|0|2|0,0.643549708470983,1,0.000269429524758092,1,beta,2,2,sieve_md
0|0|0|0|0|1|0|1|1|0|0|0|0|1|0|2|1,0.57404532400373,1,0.000231900141043703,1,beta,2,2,sieve_md
0|0|0|0|0|1|0|1|1|0|0|0|0|1|0|3|0,0.613236992945636,1,0.000209831924864159,1,beta,2,2,sieve_md
0|0|0|0|0|1|0|1|1|0|0|0|0|1|0|3|1,0.552175118831506,1,0.000180604011439205,1,beta,2,2,sieve_md
0|0|0|0|0|1|0|1|1|0|0|1|0|1|0|0|0,0.877281288192046,1,0.000223012767440392,1,beta,2,2,sieve_md
0|0|0|0|0|1|0|1|1|0|0|1|0|1|0|0|1,0.826087670369061,1,0.000259103869777846,1,beta,2,2,sieve_md
0|0|0|0|0|1|0|1|1|0|0|1|0|1|0|1|0,0.754933128487785,1,0.000212136306428635,1,beta,2,2,sieve_md
0|0|0|0|0|1|0|1|1|0|0|1|0|1|0|1|1,0.720575577093289,1,0.000246467224934689,1,beta,2,2,sieve_md
0|0|0|0|0|1|0|1|1|0|0|1|0|1|0|2|0,0.661512389443235,1,0.000149489928537179,1,beta,2,2,sieve_md
0|0|0|0|0|1|0|1|1|0|0|1|0|1|0|2|1,0.652902919294577,1,0.000173682517917498,1,beta,2,2,sieve_md
0|0|0|0|0|1|0|1|1|0|0|1|0|1|0|3|0,0.636489671883181,1,0.000105343772173051,1,beta,2,2,sieve_md
0|0|0|0|0|1|0|1|1|0|0|1|0|1|0|3|1,0.636193751287379,1,0.000122392001768818,1,beta,2,2,sieve_md
0|0|0|0|0|1|0|1|1|0|1|0|1|0|0|0|0,0.972809529988203,1,0.0445846694872666,0,beta,2,2,sieve_md
0|0|0|0|0|1|0|1|1|1|0|0|0|1|0|0|0,0.82807773861412,1,0.00125638741236582,1,beta,2,2,sieve_md
0|0|0|0|0|1|0|1|1|1|0|0|0|1|0|0|1,1.17842572182288,1,0.0010813826673033,1,beta,2,2,sieve_md
0|0|0|0|0|1|0|1|1|1|0|0|0|1|0|1|0,0.809270484619427,1,0.00197040768850978,1,beta,2,2,sieve_md
0|0|0|0|0|1|0|1|1|1|0|0|0|1|0|1|1,1.11615995055895,1,0.00169594561430963,1,beta,2,2,sieve_md
0|0|0|0|0|1|0|1|1|1|0|0|0|1|0|2|0,0.795622969145097,1,0.00169594561430963,1,beta,2,2,sieve_md
0|0|0|0|0|1|0|1|1|1|0|0|0|1|0|2|1,1.06497725897413,1,0.00145971391781939,1,beta,2,2,sieve_md
0|0|0|0|0|1|0|1|1|1|0|0|0|1|0|3|0,0.815365141609411,1,0.00145971391781939,1,beta,2,2,sieve_md
0|0|0|0|0|1|0|1|1|1|0|0|0|1|0|3|1,1.05479603416112,1,0.00125638741236582,1,beta,2,2,sieve_md
0|0|0|0|0|1|0|1|1|1|0|1|0|1|0|0|0,0.821684000248387,1,0.00127627760911389,1,beta,2,2,sieve_md
0|0|0|0|0|1|0|1|1|1|0|1|0|1|0|0|1,0.689468285143427,1,0.0014828230294959,1,beta,2,2,sieve_md
0|0|0|0|0|1|0|1|1|1|0|1|0|1|0|1|0,0.821004020608276,1,0.0016387728888517,1,beta,2,2,sieve_md
0|0|0|0|0|1|0|1|1|1|0|1|0|1|0|1|1,0.639254715746235,1,0.00190398245832266,1,beta,2,2,sieve_md
0|0|0|0|0|1|0|1|1|1|0|1|0|1|0|2|0,0.808856615531669,1,0.00127627760911389,1,beta,2,2,sieve_md
0|0|0|0|0|1|0|1|1|1|0|1|0|1|0|2|1,0.604241828715346,1,0.0014828230294959,1,beta,2,2,sieve_md
0|0|0|0|0|1|0|1|1|1|0|1|0|1|0|3|0,0.784183757337879,1,0.000993966001394401,1,beta,2,2,sieve_md
0|0|0|0|0|1|0|1|1|1|0|1|0|1|0|3|1,0.591579750840184,1,0.00115482373652772,1,beta,2,2,sieve_md
0|0|0|0|0|1|0|2|0|0|0|0|0|1|0|0|0,0.765264166453399,1,0.000549674178742178,1,beta,2,2,sieve_md
0|0|0|0|0|1|0|2|0|0|0|0|0|1|0|0|1,0.634775303969317,1,0.000473108950078285,1,beta,2,2,sieve_md
0|0|0|0|0|1|0|2|0|0|0|0|0|1|0|1|0,0.690839286725258,1,0.000638630283206209,1,beta,2,2,sieve_md
0|0|0|0|0|1|0|2|0|0|0|0|0|1|0|1|1,0.545386030022361,1,0.000549674178742178,1,beta,2,2,sieve_md
0|0|0|0|0|1|0|2|0|0|0|0|0|1|0|2|0,0.616131540488766,1,0.000497365764654109,1,beta,2,2,sieve_md
0|0|0|0|0|1|0|2|0|0|0|0|0|1|0|2|1,0.473634467237956,1,0.000428086680838539,1,beta,2,2,sieve_md
0|0|0|0|0|1|0|2|0|0|0|0|0|1|0|3|0,0.581879479078699,1,0.000387348846985528,1,beta,2,2,sieve_md
0|0|0|0|0|1|0|2|0|0|0|0|0|1|0|3|1,0.450764224663266,1,0.000333394242259493,1,beta,2,2,sieve_md
0|0|0|0|0|1|0|2|0|0|0|1|0|1|0|0|0,1.22262376281583,1,0.00249052265950232,1,beta,2,2,sieve_md
0|0|0|0|0|1|0|2|0|0|0|1|0|1|0|0|1,0.724798037264812,1,0.0028935745081005,1,beta,2,2,sieve_md
0|0|0|0|0|1|0|2|0|0|0|1|0|1|0|1|0,0.957681057415217,1,0.00236905843610438,1,beta,2,2,sieve_md
0|0|0|0|0|1|0|2|0|0|0|1|0|1|0|1|1,0.601558472899213,1,0.00275245321409038,1,beta,2,2,sieve_md
0|0|0|0|0|1|0|2|0|0|0|1|0|1|0|2|0,0.753218011099851,1,0.0016694472637704,1,beta,2,2,sieve_md
0|0|0|0|0|1|0|2|0|0|0|1|0|1|0|2|1,0.525595709395465,1,0.00193962099747748,1,beta,2,2,sieve_md
0|0|0|0|0|1|0|2|0|0|0|1|0|1|0|3|0,0.683946164986613,1,0.00117643960319249,1,beta,2,2,sieve_md
0|0|0|0|0|1|0|2|0|0|0|1|0|1|0|3|1,0.503646033051444,1,0.00136682781549071,1,beta,2,2,sieve_md
0|0|0|0|0|1|0|2|0|0|1|0|1|0|0|0|0,1.05625369102057,1,0.0388813985793297,0,beta,2,2,sieve_md
0|0|0|0|0|1|0|2|0|1|0|0|0|1|0|0|0,0.750858329930431,1,8.0001275564788e-05,1,beta,2,2,sieve_md
0|0|0|0|0|1|0|2|0|1|0|0|0|1|0|0|1,0.685043478493796,1,6.8857736002792e-05,1,beta,2,2,sieve_md
0|0|0|0|0|1|0|2|0|1|0|0|0|1|0|1|0,0.655826034659926,1,0.000125466975323014,1,beta,2,2,sieve_md
0|0|0|0|0|1|0|2|0|1|0|0|0|1|0|1|1,0.596862121290696,1,0.000107990426438444,1,beta,2,2,sieve_md
0|0|0|0|0|1|0|2|0|1|0|0|0|1|0|2|0,0.56640285860071,1,0.000107990426438444,1,beta,2,2,sieve_md
0|0|0|0|0|1|0|2|0|1|0|0|0|1|0|2|1,0.527332332953105,1,9.29482214131121e-05,1,beta,2,2,sieve_md
0|0|0|0|0|1|0|2|0|1|0|0|0|1|0|3|0,0.536472057761113,1,9.29482214131121e-05,1,beta,2,2,sieve_md
0|0|0|0|0|1|0|2|0|1|0|0|0|1|0|3|1,0.507579869224502,1,8.0001275564788e-05,1,beta,2,2,sieve_md
0|0|0|0|0|1|0|2|0|1|0|1|0|1|0|0|0,0.823244194541782,1,0.000491641519759723,1,beta,2,2,sieve_md
0|0|0|0|0|1|0|2|0|1|0|1|0|1|0|0|1,0.72568654086147,1,0.00057120595280382,1,beta,2,2,sieve_md
0|0|0|0|0|1|0|2|0|1|0|1|0|1|0|1|0,0.723266422204325,1,0.000631280207270472,1,beta,2,2,sieve_md
0|0|0|0|0|1|0|2|0|1|0|1|0|1|0|1|1,0.599873556042599,1,0.000733442961563443,1,beta,2,2,sieve_md
0|0|0|0|0|1|0|2|0|1|0|1|0|1|0|2|0,0.640714608862058,1,0.000491641519759723,1,beta,2,2,sieve_md
0|0|0|0|0|1|0|2|0|1|0|1|0|1|0|2|1,0.517410893977979,1,0.00057120595280382,1,beta,2,2,sieve_md
0|0|0|0|0|1|0|2|0|1|0|1|0|1|0|3|0,0.606274570027617,1,0.000382890800579288,1,beta,2,2,sieve_md
0|0|0|0|0|1|0|2|0|1|0|1|0|1|0|3|1,0.494641143744084,1,0.000444855643338663,1,beta,2,2,sieve_md
0|0|0|0|0|1|0|2|1|0|0|0|0|1|0|0|0,0.811382759701485,1,4.78356554440972e-05,1,beta,2,2,sieve_md
0|0|0|0|0|1|0|2|1|0|0|0|0|1|0|0|1,0.742573580401035,1,4.11725301982552e-05,1,beta,2,2,sieve_md
0|0|0|0|0|1|0|2|1|0|0|0|0|1|0|1|0,0.727348046440541,1,5.55771025183038e-05,1,beta,2,2,sieve_md
0|0|0|0|0|1|0|2|1|0|0|0|0|1|0|1|1,0.650073774193797,1,4.78356554440972e-05,1,beta,2,2,sieve_md
0|0|0|0|0|1|0|2|1|0|0|0|0|1|0|2|0,0.645572867384168,1,4.32834909620947e-05,1,beta,2,2,sieve_md
0|0|0|0|0|1|0|2|1|0|0|0|0|1|0|2|1,0.576101185283763,1,3.72544459185968e-05,1,beta,2,2,sieve_md
0|0|0|0|0|1|0|2|1|0|0|0|0|1|0|3|0,0.615212221678791,1,3.37092166553435e-05,1,beta,2,2,sieve_md
0|0|0|0|0|1|0|2|1|0|0|0|0|1|0|3|1,0.554178691404857,1,2.90137916542945e-05,1,beta,2,2,sieve_md
0|0|0|0|0|1|0|2|1|0|0|1|0|1|0|0|0,0.890775272001268,1,0.000216738912656018,1,beta,2,2,sieve_md
0|0|0|0|0|1|0|2|1|0|0|1|0|1|0|0|1,0.804449446667605,1,0.000251814690455457,1,beta,2,2,sieve_md
0|0|0|0|0|1|0|2|1|0|0|1|0|1|0|1|0,0.78626858628636,1,0.000206168431152695,1,beta,2,2,sieve_md
0|0|0|0|0|1|0|2|1|0|0|1|0|1|0|1|1,0.651768492230885,1,0.000239533543082769,1,beta,2,2,sieve_md
0|0|0|0|0|1|0|2|1|0|0|1|0|1|0|2|0,0.698599021162386,1,0.000145284437909297,1,beta,2,2,sieve_md
0|0|0|0|0|1|0|2|1|0|0|1|0|1|0|2|1,0.550201788516081,1,0.000168796434898552,1,beta,2,2,sieve_md
0|0|0|0|0|1|0|2|1|0|0|1|0|1|0|3|0,0.661925140127781,1,0.000102380213016159,1,beta,2,2,sieve_md
0|0|0|0|0|1|0|2|1|0|0|1|0|1|0|3|1,0.521411323065221,1,0.00011894883725999,1,beta,2,2,sieve_md
0|0|0|0|0|1|0|2|1|0|1|0|1|0|0|0|0,0.934990325296219,1,0.0375435951500442,0,beta,2,2,sieve_md
0|0|0|0|0|1|0|2|1|1|0|0|0|1|0|0|0,0.766994336476118,1,0.000254802355950676,1,beta,2,2,sieve_md
0|0|0|0|0|1|0|2|1|1|0|0|0|1|0|0|1,0.751115304809081,1,0.000219310420178643,1,beta,2,2,sieve_md
0|0|0|0|0|1|0|2|1|1|0|0|0|1|0|1|0,0.677677799239901,1,0.000399609639729048,1,beta,2,2,sieve_md
0|0|0|0|0|1|0|2|1|1|0|0|0|1|0|1|1,0.620603792093535,1,0.000343947204371135,1,beta,2,2,sieve_md
0|0|0|0|0|1|0|2|1|1|0|0|0|1|0|2|0,0.588771801269103,1,0.000343947204371135,1,beta,2,2,sieve_md
0|0|0|0|0|1|0|2|1|1|0|0|0|1|0|2|1,0.515581989938707,1,0.000296038102271336,1,beta,2,2,sieve_md
0|0|0|0|0|1|0|2|1|1|0|0|0|1|0|3|0,0.553903924699865,1,0.000296038102271336,1,beta,2,2,sieve_md
0|0|0|0|0|1|0|2|1|1|0|0|0|1|0|3|1,0.484903830221886,1,0.000254802355950676,1,beta,2,2,sieve_md
0|0|0|0|0|1|0|2|1|1|0|1|0|1|0|0|0,0.755615107629811,1,0.00156586775190226,1,beta,2,2,sieve_md
0|0|0|0|0|1|0|2|1|1|0|1|0|1|0|0|1,0.777513406227544,1,0.00181927877374401,1,beta,2,2,sieve_md
0|0|0|0|0|1|0|2|1|1|0|1|0|1|0|1|0,0.699735879879837,1,0.0020106139926142,1,beta,2,2,sieve_md
0|0|0|0|0|1|0|2|1|1|0|1|0|1|0|1|1,0.695209763443994,1,0.00233600018552781,1,beta,2,2,sieve_md
0|0|0|0|0|1|0|2|1|1|0|1|0|1|0|2|0,0.655270593494015,1,0.00156586775190226,1,beta,2,2,sieve_md
0|0|0|0|0|1|0|2|1|1|0|1|0|1|0|2|1,0.641393259884198,1,0.00181927877374401,1,beta,2,2,sieve_md
0|0|0|0|0|1|0|2|1|1|0|1|0|1|0|3|0,0.641499628870233,1,0.00121949903136774,1,beta,2,2,sieve_md
0|0|0|0|0|1|0|2|1|1|0|1|0|1|0|3|1,0.627607916119161,1,0.00141685573361702,1,beta,2,2,sieve_md
0|0|0|0|0|1|0|3|0|0|0|0|0|1|0|0|0,0.818417808345274,1,7.26614176195367e-05,1,beta,2,2,sieve_md
0|0|0|0|0|1|0|3|0|0|0|0|0|1|0|0|1,0.749988550467986,1,6.25402617234875e-05,1,beta,2,2,sieve_md
0|0|0|0|0|1|0|3|0|0|0|0|0|1|0|1|0,0.733887627528571,1,8.44205231155579e-05,1,beta,2,2,sieve_md
0|0|0|0|0|1|0|3|0|0|0|0|0|1|0|1|1,0.656793814572505,1,7.26614176195367e-05,1,beta,2,2,sieve_md
0|0|0|0|0|1|0|3|0|0|0|0|0|1|0|2|0,0.651631304732638,1,6.57467695096942e-05,1,beta,2,2,sieve_md
0|0|0|0|0|1|0|3|0|0|0|0|0|1|0|2|1,0.58225755129192,1,5.65887689411735e-05,1,beta,2,2,sieve_md
0|0|0|0|0|1|0|3|0|0|0|0|0|1|0|3|0,0.621127130018779,1,5.1203635578565e-05,1,beta,2,2,sieve_md
0|0|0|0|0|1|0|3|0|0|0|0|0|1|0|3|1,0.560178476606927,1,4.40713775644328e-05,1,beta,2,2,sieve_md
0|0|0|0|0|1|0|3|0|0|0|1|0|1|0|0|0,1.0773330276155,1,0.00199167785833815,1,beta,2,2,sieve_md
0|0|0|0|0|1|0|3|0|0|0|1|0|1|0|0|1,0.951751053880872,1,0.002313999536301,1,beta,2,2,sieve_md
0|0|0|0|0|1|0|3|0|0|0|1|0|1|0|1|0,1.00975127483572,1,0.00189454258297782,1,beta,2,2,sieve_md
0|0|0|0|0|1|0|3|0|0|0|1|0|1|0|1|1,0.838450133939813,1,0.00220114444721052,1,beta,2,2,sieve_md
0|0|0|0|0|1|0|3|0|0|0|1|0|1|0|2|0,0.949214595137707,1,0.00133506159368939,1,beta,2,2,sieve_md
0|0|0|0|0|1|0|3|0|0|0|1|0|1|0|2|1,0.762181963201455,1,0.00155112027569973,1,beta,2,2,sieve_md
0|0|0|0|0|1|0|3|0|0|0|1|0|1|0|3|0,0.916609152801594,1,0.0009408020041138,1,beta,2,2,sieve_md
0|0|0|0|0|1|0|3|0|0|0|1|0|1|0|3|1,0.738853669014976,1,0.00109305598400681,1,beta,2,2,sieve_md
0|0|0|0|0|1|0|3|0|0|1|0|1|0|0|0|0,1.08576495656631,1,0.0315094930517083,0,beta,2,2,sieve_md
0|0|0|0|0|1|0|3|0|1|0|0|0|1|0|0|0,0.758533518893764,1,1.44923340792784e-05,1,beta,2,2,sieve_md
0|0|0|0|0|1|0|3|0|1|0|0|0|1|0|0|1,0.687868817613815,1,1.24736675390516e-05,1,beta,2,2,sieve_md
0|0|0|0|0|1|0|3|0|1|0|0|0|1|0|1|0,0.676364622879979,1,2.27285041327267e-05,1,beta,2,2,sieve_md
0|0|0|0|0|1|0|3|0|1|0|0|0|1|0|1|1,0.60068667586854,1,1.95626047992477e-05,1,beta,2,2,sieve_md
0|0|0|0|0|1|0|3|0|1|0|0|0|1|0|2|0,0.597274475044114,1,1.95626047992478e-05,1,beta,2,2,sieve_md
0|0|0|0|0|1|0|3|0|1|0|0|0|1|0|2|1,0.531466446435784,1,1.68376899903637e-05,1,beta,2,2,sieve_md
0|0|0|0|0|1|0|3|0|1|0|0|0|1|0|3|0,0.567417242785707,1,1.68376899903637e-05,1,beta,2,2,sieve_md
0|0|0|0|0|1|0|3|0|1|0|0|0|1|0|3|1,0.51121705842523,1,1.44923340792783e-05,1,beta,2,2,sieve_md
0|0|0|0|0|1|0|3|0|1|0|1|0|1|0|0|0,0.814576645816105,1,0.000538790643463431,1,beta,2,2,sieve_md
0|0|0|0|0|1|0|3|0|1|0|1|0|1|0|0|1,0.67446812935183,1,0.000625985419237419,1,beta,2,2,sieve_md
0|0|0|0|0|1|0|3|0|1|0|1|0|1|0|1|0,0.715697849610626,1,0.000691820880480588,1,beta,2,2,sieve_md
0|0|0|0|0|1|0|3|0|1|0|1|0|1|0|1|1,0.564856327410346,1,0.000803781188776778,1,beta,2,2,sieve_md
0|0|0|0|0|1|0|3|0|1|0|1|0|1|0|2|0,0.634089884757764,1,0.000538790643463431,1,beta,2,2,sieve_md
0|0|0|0|0|1|0|3|0|1|0|1|0|1|0|2|1,0.493153486700515,1,0.000625985419237419,1,beta,2,2,sieve_md
0|0|0|0|0|1|0|3|0|1|0|1|0|1|0|3|0,0.598612264866468,1,0.000419610575040866,1,beta,2,2,sieve_md
0|0|0|0|0|1|0|3|0|1|0|1|0|1|0|3|1,0.472871854041502,1,0.000487517934693384,1,beta,2,2,sieve_md
0|0|0|0|0|1|0|3|1|0|0|0|0|1|0|0|0,0.813751320358482,1,5.03517541734159e-06,1,beta,2,2,sieve_md
0|0|0|0|0|1|0|3|1|0|0|0|0|1|0|0|1,0.745070053028683,1,4.33381564440528e-06,1,beta,2,2,sieve_md
0|0|0|0|0|1|0|3|1|0|0|0|0|1|0|1|0,0.729549793047088,1,5.85003921801114e-06,1,beta,2,2,sieve_md
0|0|0|0|0|1|0|3|1|0|0|0|0|1|0|1|1,0.652336277846631,1,5.03517541734159e-06,1,beta,2,2,sieve_md
0|0|0|0|0|1|0|3|1|0|0|0|0|1|0|2|0,0.647612622483677,1,4.5560151239855e-06,1,beta,2,2,sieve_md
0|0|0|0|0|1|0|3|1|0|0|0|0|1|0|2|1,0.578173911011092,1,3.92139855792752e-06,1,beta,2,2,sieve_md
0|0|0|0|0|1|0|3|1|0|0|0|0|1|0|3|0,0.61720365342194,1,3.54822814624507e-06,1,beta,2,2,sieve_md
0|0|0|0|0|1|0|3|1|0|0|0|0|1|0|3|1,0.556198699495718,1,3.05398826764903e-06,1,beta,2,2,sieve_md
0|0|0|0|0|1|0|3|1|0|0|1|0|1|0|0|0,0.898069657496506,1,0.000138016126303479,1,beta,2,2,sieve_md
0|0|0|0|0|1|0|3|1|0|0|1|0|1|0|0|1,0.834555101205419,1,0.000160351861588094,1,beta,2,2,sieve_md
0|0|0|0|0|1|0|3|1|0|0|1|0|1|0|1|0,0.805289964726138,1,0.000131285000395476,1,beta,2,2,sieve_md
0|0|0|0|0|1|0|3|1|0|0|1|0|1|0|1|1,0.731801862184425,1,0.000152531409016061,1,beta,2,2,sieve_md
0|0|0|0|0|1|0|3|1|0|0|1|0|1|0|2|0,0.731275670602958,1,9.25149761374087e-05,1,beta,2,2,sieve_md
0|0|0|0|0|1|0|3|1|0|0|1|0|1|0|2|1,0.664513818228392,1,0.000107487067241631,1,beta,2,2,sieve_md
0|0|0|0|0|1|0|3|1|0|0|1|0|1|0|3|0,0.705918597737796,1,6.51942018046429e-05,1,beta,2,2,sieve_md
0|0|0|0|0|1|0|3|1|0|0|1|0|1|0|3|1,0.64636051053444,1,7.57448560839722e-05,1,beta,2,2,sieve_md
0|0|0|0|0|1|0|3|1|0|1|0|1|0|0|0|0,0.965788257650625,1,0.0299086572901431,0,beta,2,2,sieve_md
0|0|0|0|0|1|0|3|1|1|0|0|0|1|0|0|0,0.710815296713916,1,3.67543892415952e-05,1,beta,2,2,sieve_md
0|0|0|0|0|1|0|3|1|1|0|0|0|1|0|0|1,0.667371700460649,1,3.16347959888723e-05,1,beta,2,2,sieve_md
0|0|0|0|0|1|0|3|1|1|0|0|0|1|0|1|0,0.624728061743174,1,5.76423565178425e-05,1,beta,2,2,sieve_md
0|0|0|0|0|1|0|3|1|1|0|0|0|1|0|1|1,0.558100952701867,1,4.96132360348439e-05,1,beta,2,2,sieve_md
0|0|0|0|0|1|0|3|1|1|0|0|0|1|0|2|0,0.540394258097284,1,4.9613236034844e-05,1,beta,2,2,sieve_md
0|0|0|0|0|1|0|3|1|1|0|0|0|1|0|2|1,0.470641062705238,1,4.27025079914493e-05,1,beta,2,2,sieve_md
0|0|0|0|0|1|0|3|1|1|0|0|0|1|0|3|0,0.507905079008585,1,4.27025079914493e-05,1,beta,2,2,sieve_md
0|0|0|0|0|1|0|3|1|1|0|0|0|1|0|3|1,0.445078631633487,1,3.67543892415952e-05,1,beta,2,2,sieve_md
0|0|0|0|0|1|0|3|1|1|0|1|0|1|0|0|0,1.05097729329913,1,0.00136644110750244,1,beta,2,2,sieve_md
0|0|0|0|0|1|0|3|1|1|0|1|0|1|0|0|1,0.843740854932549,1,0.00158757806936789,1,beta,2,2,sieve_md
0|0|0|0|0|1|0|3|1|1|0|1|0|1|0|1|0,0.816027143693353,1,0.00175454511244008,1,beta,2,2,sieve_md
0|0|0|0|0|1|0|3|1|1|0|1|0|1|0|1|1,0.670863388171879,1,0.00203849059204443,1,beta,2,2,sieve_md
0|0|0|0|0|1|0|3|1|1|0|1|0|1|0|2|0,0.638210750802165,1,0.00136644110750244,1,beta,2,2,sieve_md
0|0|0|0|0|1|0|3|1|1|0|1|0|1|0|2|1,0.560980679127382,1,0.00158757806936789,1,beta,2,2,sieve_md
0|0|0|0|0|1|0|3|1|1|0|1|0|1|0|3|0,0.585927146672867,1,0.00106418540454386,1,beta,2,2,sieve_md
0|0|0|0|0|1|0|3|1|1|0|1|0|1|0|3|1,0.533013858325328,1,0.0012364070436107,1,beta,2,2,sieve_md
1|0|0|1|0|1|0|0|0|0|0|0|0|1|0|0|0,0.790725667955816,1,0.00461267037531881,1,beta,2,2,sieve_md
1|0|0|1|0|1|0|0|0|0|0|0|0|1|0|0|1,0.865930345157434,1,0.00325049387528552,1,beta,2,2,sieve_md
1|0|0|1|0|1|0|0|0|0|0|0|0|1|0|1|0,0.839219467203187,1,0.00535915839246372,1,beta,2,2,sieve_md
1|0|0|1|0|1|0|0|0|0|0|0|0|1|0|1|1,1.04490126026776,1,0.00377653509008527,1,beta,2,2,sieve_md
1|0|0|1|0|1|0|0|0|0|0|0|0|1|0|2|0,0.897055945913334,1,0.00461267037531881,1,beta,2,2,sieve_md
1|0|0|1|0|1|0|0|0|0|0|0|0|1|0|2|1,1.17390293631522,1,0.00325049387528552,1,beta,2,2,sieve_md
1|0|0|1|0|1|0|0|0|0|0|0|0|1|0|3|0,0.943025419887143,1,0.00397016218465647,1,beta,2,2,sieve_md
1|0|0|1|0|1|0|0|0|0|0|0|0|1|0|3|1,1.21314135609916,1,0.00279772600577904,1,beta,2,2,sieve_md
1|0|0|1|0|1|0|0|0|0|0|1|0|1|0|0|0,0.864196900855553,1,0.00100428930927588,1,beta,2,2,sieve_md
1|0|0|1|0|1|0|0|0|0|0|1|0|1|0|0|1,0.764311847409647,1,0.000955309541694711,1,beta,2,2,sieve_md
1|0|0|1|0|1|0|0|0|0|0|1|0|1|0|1|0,0.817774341333124,1,0.000955309541694711,1,beta,2,2,sieve_md
1|0|0|1|0|1|0|0|0|0|0|1|0|1|0|1|1,0.695175342237894,1,0.0009087185455663,1,beta,2,2,sieve_md
1|0|0|1|0|1|0|0|0|0|0|1|0|1|0|2|0,0.779792276592688,1,0.000743995819147426,1,beta,2,2,sieve_md
1|0|0|1|0|1|0|0|0|0|0|1|0|1|0|2|1,0.654420009834598,1,0.000707710714878543,1,beta,2,2,sieve_md
1|0|0|1|0|1|0|0|0|0|0|1|0|1|0|3|0,0.757810392035554,1,0.000579424526553867,1,beta,2,2,sieve_md
1|0|0|1|0|1|0|0|0|0|0|1|0|1|0|3|1,0.642462432236283,1,0.000551165658935433,1,beta,2,2,sieve_md
1|0|0|1|0|1|0|0|0|0|1|0|1|0|0|0|0,0.944951271556858,1,0.0339232475326121,0,beta,2,2,sieve_md
1|0|0|1|0|1|0|0|0|1|0|0|0|1|0|0|0,0.85144514973338,1,0.000543041525053394,1,beta,2,2,sieve_md
1|0|0|1|0|1|0|0|0|1|0|0|0|1|0|0|1,0.884106088861877,1,0.000382674894927813,1,beta,2,2,sieve_md
1|0|0|1|0|1|0|0|0|1|0|0|0|1|0|1|0,0.774730646169051,1,0.000851658640968403,1,beta,2,2,sieve_md
1|0|0|1|0|1|0|0|0|1|0|0|0|1|0|1|1,0.836624615672298,1,0.000600153700796459,1,beta,2,2,sieve_md
1|0|0|1|0|1|0|0|0|1|0|0|0|1|0|2|0,0.719218843762963,1,0.000810122758919434,1,beta,2,2,sieve_md
1|0|0|1|0|1|0|0|0|1|0|0|0|1|0|2|1,0.80515151329038,1,0.00057088385942059,1,beta,2,2,sieve_md
1|0|0|1|0|1|0|0|0|1|0|0|0|1|0|3|0,0.714808549634451,1,0.000770612605741864,1,beta,2,2,sieve_md
1|0|0|1|0|1|0|0|0|1|0|0|0|1|0|3|1,0.798593948421577,1,0.000543041525053394,1,beta,2,2,sieve_md
1|0|0|1|0|1|0|0|0|1|0|1|0|1|0|0|0,0.877211538449403,1,0.000160143047798717,1,beta,2,2,sieve_md
1|0|0|1|0|1|0|0|0|1|0|1|0|1|0|0|1,0.716157018083311,1,0.000152332779195364,1,beta,2,2,sieve_md
1|0|0|1|0|1|0|0|0|1|0|1|0|1|0|1|0,0.772920837887849,1,0.000205627743679392,1,beta,2,2,sieve_md
1|0|0|1|0|1|0|0|0|1|0|1|0|1|0|1|1,0.61724734180743,1,0.000195599160281529,1,beta,2,2,sieve_md
1|0|0|1|0|1|0|0|0|1|0|1|0|1|0|2|0,0.696866217675554,1,0.00017698543915914,1,beta,2,2,sieve_md
1|0|0|1|0|1|0|0|0|1|0|1|0|1|0|2|1,0.560688653981808,1,0.000168353757436355,1,beta,2,2,sieve_md
1|0|0|1|0|1|0|0|0|1|0|1|0|1|0|3|0,0.663178518461407,1,0.000152332779195364,1,beta,2,2,sieve_md
1|0|0|1|0|1|0|0|0|1|0|1|0|1|0|3|1,0.545476656551757,1,0.0001449034218866,1,beta,2,2,sieve_md
1|0|0|1|0|1|0|0|1|0|0|0|0|1|0|0|0,0.928010641914935,1,0.00060664346112823,1,beta,2,2,sieve_md
1|0|0|1|0|1|0|0|1|0|0|0|0|1|0|0|1,0.807382253718206,1,0.000427494421762801,1,beta,2,2,sieve_md
1|0|0|1|0|1|0|0|1|0|0|0|0|1|0|1|0,0.831533641070925,1,0.000704819146265982,1,beta,2,2,sieve_md
1|0|0|1|0|1|0|0|1|0|0|0|0|1|0|1|1,0.918060681760048,1,0.000496677657779349,1,beta,2,2,sieve_md
1|0|0|1|0|1|0|0|1|0|0|0|0|1|0|2|0,0.774261292396648,1,0.00060664346112823,1,beta,2,2,sieve_md
1|0|0|1|0|1|0|0|1|0|0|0|0|1|0|2|1,1.00238828502516,1,0.000427494421762801,1,beta,2,2,sieve_md
1|0|0|1|0|1|0|0|1|0|0|0|0|1|0|3|0,0.786652798336911,1,0.000522142865839172,1,beta,2,2,sieve_md
1|0|0|1|0|1|0|0|1|0|0|0|0|1|0|3|1,1.03011292997275,1,0.000367947858688461,1,beta,2,2,sieve_md
1|0|0|1|0|1|0|0|1|0|0|1|0|1|0|0|0,0.979063981373847,1,0.00013208087571423,1,beta,2,2,sieve_md
1|0|0|1|0|1|0|0|1|0|0|1|0|1|0|0|1,0.886388022431498,1,0.000125639215393198,1,beta,2,2,sieve_md
1|0|0|1|0|1|0|0|1|0|0|1|0|1|0|1|0,0.85823900440632,1,0.000125639215393198,1,beta,2,2,sieve_md
1|0|0|1|0|1|0|0|1|0|0|1|0|1|0|1|1,0.703540478752943,1,0.000119511718553193,1,beta,2,2,sieve_md
1|0|0|1|0|1|0|0|1|0|0|1|0|1|0|2|0,0.767022913850209,1,9.78479193326993e-05,1,beta,2,2,sieve_md
1|0|0|1|0|1|0|0|1|0|0|1|0|1|0|2|1,0.597302671800448,1,9.30758199954358e-05,1,beta,2,2,sieve_md
1|0|0|1|0|1|0|0|1|0|0|1|0|1|0|3|0,0.726795853874755,1,7.62040361982139e-05,1,beta,2,2,sieve_md
1|0|0|1|0|1|0|0|1|0|0|1|0|1|0|3|1,0.569008310053397,1,7.24875214974585e-05,1,beta,2,2,sieve_md
1|0|0|1|0|1|0|0|1|0|1|0|1|0|0|0|0,1.05803449598532,1,0.0386201710560533,0,beta,2,2,sieve_md
1|0|0|1|0|1|0|0|1|1|0|0|0|1|0|0|0,0.754200008154993,1,0.00261381156509841,1,beta,2,2,sieve_md
1|0|0|1|0|1|0|0|1|1|0|0|0|1|0|0|1,0.821681912879541,1,0.00184192187869388,1,beta,2,2,sieve_md
1|0|0|1|0|1|0|0|1|1|0|0|0|1|0|1|0,0.751810030431645,1,0.00409927252811897,1,beta,2,2,sieve_md
1|0|0|1|0|1|0|0|1|1|0|0|0|1|0|1|1,0.779809479886946,1,0.00288870852707656,1,beta,2,2,sieve_md
1|0|0|1|0|1|0|0|1|1|0|0|0|1|0|2|0,0.74710091003615,1,0.00389934864779419,1,beta,2,2,sieve_md
1|0|0|1|0|1|0|0|1|1|0|0|0|1|0|2|1,0.750009375901668,1,0.00274782454976134,1,beta,2,2,sieve_md
1|0|0|1|0|1|0|0|1|1|0|0|0|1|0|3|0,0.744751999939308,1,0.00370917517016891,1,beta,2,2,sieve_md
1|0|0|1|0|1|0|0|1|1|0|0|0|1|0|3|1,0.742109232355868,1,0.00261381156509841,1,beta,2,2,sieve_md
1|0|0|1|0|1|0|0|1|1|0|1|0|1|0|0|0,0.912518175070814,1,0.000770813521793267,1,beta,2,2,sieve_md
1|0|0|1|0|1|0|0|1|1|0|1|0|1|0|0|1,0.877565331116301,1,0.000733220502732778,1,beta,2,2,sieve_md
1|0|0|1|0|1|0|0|1|1|0|1|0|1|0|1|0,0.834229410378432,1,0.000989744153509145,1,beta,2,2,sieve_md
1|0|0|1|0|1|0|0|1|1|0|1|0|1|0|1|1,0.827291489871995,1,0.00094147376154545,1,beta,2,2,sieve_md
1|0|0|1|0|1|0|0|1|1|0|1|0|1|0|2|0,0.785514491481951,1,0.000851880687545388,1,beta,2,2,sieve_md
1|0|0|1|0|1|0|0|1|1|0|1|0|1|0|2|1,0.799759361146974,1,0.000810333976157072,1,beta,2,2,sieve_md
1|0|0|1|0|1|0|0|1|1|0|1|0|1|0|3|0,0.776135954201907,1,0.000733220502732778,1,beta,2,2,sieve_md
1|0|0|1|0|1|0|0|1|1|0|1|0|1|0|3|1,0.793745351666625,1,0.000697460916846624,1,beta,2,2,sieve_md
1|0|0|1|0|1|0|1|0|0|0|0|0|1|0|0|0,1.10262947771538,1,0.00196390023995983,1,beta,2,2,sieve_md
1|0|0|1|0|1|0|1|0|0|0|0|0|1|0|0|1,1.53243419921046,1,0.00138393710849542,1,beta,2,2,sieve_md
1|0|0|1|0|1|0|1|0|0|0|0|0|1|0|1|0,0.859957846219627,1,0.00228172654808762,1,beta,2,2,sieve_md
1|0|0|1|0|1|0|1|0|0|0|0|0|1|0|1|1,1.0161341291995,1,0.00160790552243234,1,beta,2,2,sieve_md
1|0|0|1|0|1|0|1|0|0|0|0|0|1|0|2|0,0.645438546433368,1,0.00196390023995983,1,beta,2,2,sieve_md
1|0|0|1|0|1|0|1|0|0|0|0|0|1|0|2|1,0.650838180110988,1,0.00138393710849542,1,beta,2,2,sieve_md
1|0|0|1|0|1|0|1|0|0|0|0|0|1|0|3|0,0.57884563757865,1,0.00169034460143651,1,beta,2,2,sieve_md
1|0|0|1|0|1|0|1|0|0|0|0|0|1|0|3|1,0.554666802499906,1,0.00119116570815263,1,beta,2,2,sieve_md
1|0|0|1|0|1|0|1|0|0|0|1|0|1|0|0|0,0.993274290401676,1,0.00258675864702349,1,beta,2,2,sieve_md
1|0|0|1|0|1|0|1|0|0|0|1|0|1|0|0|1,1.01433428073801,1,0.0024606009391304,1,beta,2,2,sieve_md
1|0|0|1|0|1|0|1|0|0|0|1|0|1|0|1|0,0.894858167641499,1,0.0024606009391304,1,beta,2,2,sieve_md
1|0|0|1|0|1|0|1|0|0|0|1|0|1|0|1|1,0.818594880438985,1,0.00234059601525493,1,beta,2,2,sieve_md
1|0|0|1|0|1|0|1|0|0|0|1|0|1|0|2|0,0.819596224425602,1,0.00191631793822099,1,beta,2,2,sieve_md
1|0|0|1|0|1|0|1|0|0|0|1|0|1|0|2|1,0.704757539898823,1,0.00182285800953435,1,beta,2,2,sieve_md
1|0|0|1|0|1|0|1|0|0|0|1|0|1|0|3|0,0.787737849888523,1,0.00149242991090029,1,beta,2,2,sieve_md
1|0|0|1|0|1|0|1|0|0|0|1|0|1|0|3|1,0.675435879512677,1,0.00141964324525333,1,beta,2,2,sieve_md
1|0|0|1|0|1|0|1|0|0|1|0|1|0|0|0|0,0.813261976234619,1,0.0376646392861478,0,beta,2,2,sieve_md
1|0|0|1|0|1|0|1|0|1|0|0|0|1|0|0|0,0.742746392743766,1,0.00028357343711388,1,beta,2,2,sieve_md
1|0|0|1|0|1|0|1|0|1|0|0|0|1|0|0|1,0.73499977933358,1,0.00019983082369475,1,beta,2,2,sieve_md
1|0|0|1|0|1|0|1|0|1|0|0|0|1|0|1|0,0.679490709850028,1,0.000444731676907028,1,beta,2,2,sieve_md
1|0|0|1|0|1|0|1|0|1|0|0|0|1|0|1|1,0.605146156777728,1,0.000313397115837013,1,beta,2,2,sieve_md
1|0|0|1|0|1|0|1|0|1|0|0|0|1|0|2|0,0.619022470806315,1,0.000423041857081509,1,beta,2,2,sieve_md
1|0|0|1|0|1|0|1|0|1|0|0|0|1|0|2|1,0.513776122940408,1,0.000298112558137826,1,beta,2,2,sieve_md
1|0|0|1|0|1|0|1|0|1|0|0|0|1|0|3|0,0.588735474036238,1,0.000402409862251357,1,beta,2,2,sieve_md
1|0|0|1|0|1|0|1|0|1|0|0|0|1|0|3|1,0.48829568730623,1,0.00028357343711388,1,beta,2,2,sieve_md
1|0|0|1|0|1|0|1|0|1|0|1|0|1|0|0|0,1.01816791970162,1,0.000505906971305358,1,beta,2,2,sieve_md
1|0|0|1|0|1|0|1|0|1|0|1|0|1|0|0|1,1.21252488030813,1,0.000481233597165695,1,beta,2,2,sieve_md
1|0|0|1|0|1|0|1|0|1|0|1|0|1|0|1|0,0.947965483311482,1,0.000649597409635596,1,beta,2,2,sieve_md
1|0|0|1|0|1|0|1|0|1|0|1|0|1|0|1|1,1.0257868031339,1,0.000617916170124823,1,beta,2,2,sieve_md
1|0|0|1|0|1|0|1|0|1|0|1|0|1|0|2|0,0.89715811562916,1,0.000559113671938413,1,beta,2,2,sieve_md
1|0|0|1|0|1|0|1|0|1|0|1|0|1|0|2|1,0.918915633480608,1,0.000531845376388458,1,beta,2,2,sieve_md
1|0|0|1|0|1|0|1|0|1|0|1|0|1|0|3|0,0.884180627748356,1,0.000481233597165695,1,beta,2,2,sieve_md
1|0|0|1|0|1|0|1|0|1|0|1|0|1|0|3|1,0.893693132599435,1,0.000457763557682333,1,beta,2,2,sieve_md
1|0|0|1|0|1|0|1|1|0|0|0|0|1|0|0|0,0.803550654690295,1,0.000202175070661939,1,beta,2,2,sieve_md
1|0|0|1|0|1|0|1|1|0|0|0|0|1|0|0|1,0.821065428566849,1,0.000142470364333508,1,beta,2,2,sieve_md
1|0|0|1|0|1|0|1|1|0|0|0|0|1|0|1|0,0.718279132055861,1,0.000234893920121051,1,beta,2,2,sieve_md
1|0|0|1|0|1|0|1|1|0|0|0|0|1|0|1|1,0.72222230877908,1,0.000165526947856643,1,beta,2,2,sieve_md
1|0|0|1|0|1|0|1|1|0|0|0|0|1|0|2|0,0.648175121026544,1,0.000202175070661939,1,beta,2,2,sieve_md
1|0|0|1|0|1|0|1|1|0|0|0|0|1|0|2|1,0.653630607895135,1,0.000142470364333508,1,beta,2,2,sieve_md
1|0|0|1|0|1|0|1|1|0|0|0|0|1|0|3|0,0.629143355420805,1,0.000174013695953031,1,beta,2,2,sieve_md
1|0|0|1|0|1|0|1|1|0|0|0|0|1|0|3|1,0.636035927045407,1,0.000122625378986034,1,beta,2,2,sieve_md
1|0|0|1|0|1|0|1|1|0|0|1|0|1|0|0|0,0.971482671662081,1,0.000266295660851925,1,beta,2,2,sieve_md
1|0|0|1|0|1|0|1|1|0|0|1|0|1|0|0|1,0.932755173579856,1,0.000253308268219214,1,beta,2,2,sieve_md
1|0|0|1|0|1|0|1|1|0|0|1|0|1|0|1|0,0.837096961416767,1,0.000253308268219214,1,beta,2,2,sieve_md
1|0|0|1|0|1|0|1|1|0|0|1|0|1|0|1|1,0.819175422976284,1,0.000240954278199435,1,beta,2,2,sieve_md
1|0|0|1|0|1|0|1|1|0|0|1|0|1|0|2|0,0.749405238590122,1,0.000197276677647585,1,beta,2,2,sieve_md
1|0|0|1|0|1|0|1|1|0|0|1|0|1|0|2|1,0.755762041802707,1,0.000187655380546125,1,beta,2,2,sieve_md
1|0|0|1|0|1|0|1|1|0|0|1|0|1|0|3|0,0.729114270979795,1,0.000153639231033664,1,beta,2,2,sieve_md
1|0|0|1|0|1|0|1|1|0|0|1|0|1|0|3|1,0.741307797442641,1,0.000146146157316885,1,beta,2,2,sieve_md
1|0|0|1|0|1|0|1|1|0|1|0|1|0|0|0|0,0.899659184727134,1,0.0417210106241467,0,beta,2,2,sieve_md
1|0|0|1|0|1|0|1|1|1|0|0|0|1|0|0|0,0.857681713583123,1,0.00106839995834352,1,beta,2,2,sieve_md
1|0|0|1|0|1|0|1|1|1|0|0|0|1|0|0|1,1.07434083056474,1,0.000752888725700648,1,beta,2,2,sieve_md
1|0|0|1|0|1|0|1|1|1|0|0|0|1|0|1|0,0.724205578319634,1,0.00167558467364733,1,beta,2,2,sieve_md
1|0|0|1|0|1|0|1|1|1|0|0|0|1|0|1|1,0.82597914822918,1,0.00118076456283449,1,beta,2,2,sieve_md
1|0|0|1|0|1|0|1|1|1|0|0|0|1|0|2|0,0.610479967165124,1,0.00159386544481577,1,beta,2,2,sieve_md
1|0|0|1|0|1|0|1|1|1|0|0|0|1|0|2|1,0.652528838918768,1,0.00112317799557589,1,beta,2,2,sieve_md
1|0|0|1|0|1|0|1|1|1|0|0|0|1|0|3|0,0.580421310500097,1,0.00151613170980368,1,beta,2,2,sieve_md
1|0|0|1|0|1|0|1|1|1|0|0|0|1|0|3|1,0.607826293381537,1,0.00106839995834352,1,beta,2,2,sieve_md
1|0|0|1|0|1|0|1|1|1|0|1|0|1|0|0|0,0.88330346192472,1,0.00190607058464111,1,beta,2,2,sieve_md
1|0|0|1|0|1|0|1|1|1|0|1|0|1|0|0|1,0.782200557846929,1,0.0018131104252859,1,beta,2,2,sieve_md
1|0|0|1|0|1|0|1|1|1|0|1|0|1|0|1|0,0.818351434913586,1,0.00244744307668005,1,beta,2,2,sieve_md
1|0|0|1|0|1|0|1|1|1|0|1|0|1|0|1|1,0.827363972454126,1,0.00232807986932862,1,beta,2,2,sieve_md
1|0|0|1|0|1|0|1|1|1|0|1|0|1|0|2|0,0.786134828529466,1,0.0021065337779448,1,beta,2,2,sieve_md
1|0|0|1|0|1|0|1|1|1|0|1|0|1|0|2|1,0.855464226099784,1,0.00200379691328575,1,beta,2,2,sieve_md
1|0|0|1|0|1|0|1|1|1|0|1|0|1|0|3|0,0.78924002544337,1,0.0018131104252859,1,beta,2,2,sieve_md
1|0|0|1|0|1|0|1|1|1|0|1|0|1|0|3|1,0.863729991194816,1,0.00172468398640095,1,beta,2,2,sieve_md
1|0|0|1|0|1|0|2|0|0|0|0|0|1|0|0|0,0.896543477463342,1,0.000336512942947367,1,beta,2,2,sieve_md
1|0|0|1|0|1|0|2|0|0|0|0|0|1|0|0|1,0.872689072755383,1,0.000237136662931203,1,beta,2,2,sieve_md
1|0|0|1|0|1|0|2|0|0|0|0|0|1|0|1|0,0.78750504409809,1,0.00039097226023752,1,beta,2,2,sieve_md
1|0|0|1|0|1|0|2|0|0|0|0|0|1|0|1|1,0.827746751462176,1,0.000275513495199786,1,beta,2,2,sieve_md
1|0|0|1|0|1|0|2|0|0|0|0|0|1|0|2|0,0.70611505067809,1,0.000336512942947367,1,beta,2,2,sieve_md
1|0|0|1|0|1|0|2|0|0|0|0|0|1|0|2|1,0.799333786906994,1,0.000237136662931203,1,beta,2,2,sieve_md
1|0|0|1|0|1|0|2|0|0|0|0|0|1|0|3|0,0.694717933556307,1,0.000289639374165069,1,beta,2,2,sieve_md
1|0|0|1|0|1|0|2|0|0|0|0|0|1|0|3|1,0.794364392295761,1,0.000204105417287706,1,beta,2,2,sieve_md
1|0|0|1|0|1|0|2|0|0|0|1|0|1|0|0|0,2.10637745599012,1,0.00268144149928643,1,beta,2,2,sieve_md
1|0|0|1|0|1|0|2|0|0|0|1|0|1|0|0|1,1.76821440623119,1,0.00255066605419856,1,beta,2,2,sieve_md
1|0|0|1|0|1|0|2|0|0|0|1|0|1|0|1|0,1.51939379506331,1,0.00255066605419856,1,beta,2,2,sieve_md
1|0|0|1|0|1|0|2|0|0|0|1|0|1|0|1|1,1.08365985838491,1,0.00242626860282881,1,beta,2,2,sieve_md
1|0|0|1|0|1|0|2|0|0|0|1|0|1|0|2|0,1.10586085074105,1,0.00198646072036349,1,beta,2,2,sieve_md
1|0|0|1|0|1|0|2|0|0|0|1|0|1|0|2|1,0.691449759409557,1,0.00188957988782464,1,beta,2,2,sieve_md
1|0|0|1|0|1|0|2|0|0|0|1|0|1|0|3|0,0.962351581006031,1,0.00154705716455967,1,beta,2,2,sieve_md
1|0|0|1|0|1|0|2|0|0|0|1|0|1|0|3|1,0.591925539286559,1,0.00147160629631381,1,beta,2,2,sieve_md
1|0|0|1|0|1|0|2|0|0|1|0|1|0|0|0|0,1.09784060555885,1,0.0323167270827079,0,beta,2,2,sieve_md
1|0|0|1|0|1|0|2|0|1|0|0|0|1|0|0|0,0.832076839595846,1,6.29591762750604e-05,1,beta,2,2,sieve_md
1|0|0|1|0|1|0|2|0|1|0|0|0|1|0|0|1,0.767281769910113,1,4.43665816595361e-05,1,beta,2,2,sieve_md
1|0|0|1|0|1|0|2|0|1|0|0|0|1|0|1|0,0.740788604691893,1,9.87396433406007e-05,1,beta,2,2,sieve_md
1|0|0|1|0|1|0|2|0|1|0|0|0|1|0|1|1,0.671085275106578,1,6.9580650645195e-05,1,beta,2,2,sieve_md
1|0|0|1|0|1|0|2|0|1|0|0|0|1|0|2|0,0.664448752132543,1,9.39240541102854e-05,1,beta,2,2,sieve_md
1|0|0|1|0|1|0|2|0|1|0|0|0|1|0|2|1,0.604664453409573,1,6.61871622696141e-05,1,beta,2,2,sieve_md
1|0|0|1|0|1|0|2|0|1|0|0|0|1|0|3|0,0.637104997414829,1,8.93433239381007e-05,1,beta,2,2,sieve_md
1|0|0|1|0|1|0|2|0|1|0|0|0|1|0|3|1,0.586732843823321,1,6.29591762750604e-05,1,beta,2,2,sieve_md
1|0|0|1|0|1|0|2|0|1|0|1|0|1|0|0|0,0.815730643527201,1,0.000679507448226446,1,beta,2,2,sieve_md
1|0|0|1|0|1|0|2|0|1|0|1|0|1|0|0|1,0.82235134011575,1,0.000646367478920391,1,beta,2,2,sieve_md
1|0|0|1|0|1|0|2|0|1|0|1|0|1|0|1|0,0.777932313656356,1,0.000872504834351386,1,beta,2,2,sieve_md
1|0|0|1|0|1|0|2|0|1|0|1|0|1|0|1|1,0.646235020927452,1,0.00082995227145416,1,beta,2,2,sieve_md
1|0|0|1|0|1|0|2|0|1|0|1|0|1|0|2|0,0.734157238582795,1,0.000750971870395662,1,beta,2,2,sieve_md
1|0|0|1|0|1|0|2|0|1|0|1|0|1|0|2|1,0.54306237641461,1,0.00071434654009269,1,beta,2,2,sieve_md
1|0|0|1|0|1|0|2|0|1|0|1|0|1|0|3|0,0.698099876604878,1,0.000646367478920391,1,beta,2,2,sieve_md
1|0|0|1|0|1|0|2|0|1|0|1|0|1|0|3|1,0.515297722284044,1,0.000614843764989421,1,beta,2,2,sieve_md
1|0|0|1|0|1|0|2|1|0|0|0|0|1|0|0|0,0.900057362382923,1,2.7454609880748e-05,1,beta,2,2,sieve_md
1|0|0|1|0|1|0|2|1|0|0|0|0|1|0|0|1,0.837117208302168,1,1.93469365908368e-05,1,beta,2,2,sieve_md
1|0|0|1|0|1|0|2|1|0|0|0|0|1|0|1|0,0.806033372880561,1,3.18977058801993e-05,1,beta,2,2,sieve_md
1|0|0|1|0|1|0|2|1|0|0|0|0|1|0|1|1,0.734246589347399,1,2.2477933423127e-05,1,beta,2,2,sieve_md
1|0|0|1|0|1|0|2|1|0|0|0|0|1|0|2|0,0.726541168212824,1,2.7454609880748e-05,1,beta,2,2,sieve_md
1|0|0|1|0|1|0|2|1|0|0|0|0|1|0|2|1,0.662751021578931,1,1.93469365908368e-05,1,beta,2,2,sieve_md
1|0|0|1|0|1|0|2|1|0|0|0|0|1|0|3|0,0.698569921427121,1,2.3630401713998e-05,1,beta,2,2,sieve_md
1|0|0|1|0|1|0|2|1|0|0|0|0|1|0|3|1,0.643236246154403,1,1.66520626431231e-05,1,beta,2,2,sieve_md
1|0|0|1|0|1|0|2|1|0|0|1|0|1|0|0|0,0.967322644411139,1,0.000218767009780279,1,beta,2,2,sieve_md
1|0|0|1|0|1|0|2|1|0|0|1|0|1|0|0|1,0.799308192857528,1,0.000208097616813036,1,beta,2,2,sieve_md
1|0|0|1|0|1|0|2|1|0|0|1|0|1|0|1|0,0.879361491887589,1,0.000208097616813036,1,beta,2,2,sieve_md
1|0|0|1|0|1|0|2|1|0|0|1|0|1|0|1|1,0.768299642392914,1,0.000197948576281035,1,beta,2,2,sieve_md
1|0|0|1|0|1|0|2|1|0|0|1|0|1|0|2|0,0.820312170593374,1,0.000162066586929286,1,beta,2,2,sieve_md
1|0|0|1|0|1|0|2|1|0|0|1|0|1|0|2|1,0.751566164673085,1,0.00015416250621554,1,beta,2,2,sieve_md
1|0|0|1|0|1|0|2|1|0|0|1|0|1|0|3|0,0.800598918960677,1,0.000126217584810238,1,beta,2,2,sieve_md
1|0|0|1|0|1|0|2|1|0|0|1|0|1|0|3|1,0.74685243350956,1,0.000120061880560913,1,beta,2,2,sieve_md
1|0|0|1|0|1|0|2|1|0|1|0|1|0|0|0|0,1.03006271285482,1,0.0347158330496133,0,beta,2,2,sieve_md
1|0|0|1|0|1|0|2|1|1|0|0|0|1|0|0|0,0.797834774955154,1,0.000187989103333224,1,beta,2,2,sieve_md
1|0|0|1|0|1|0|2|1|1|0|0|0|1|0|0|1,0.679293294310251,1,0.000132473682115823,1,beta,2,2,sieve_md
1|0|0|1|0|1|0|2|1|1|0|0|0|1|0|1|0,0.69564101376454,1,0.000294825601496865,1,beta,2,2,sieve_md
1|0|0|1|0|1|0|2|1|1|0|0|0|1|0|1|1,0.624458484908486,1,0.000207760089918997,1,beta,2,2,sieve_md
1|0|0|1|0|1|0|2|1|1|0|0|0|1|0|2|0,0.61586297014676,1,0.00028044678723994,1,beta,2,2,sieve_md
1|0|0|1|0|1|0|2|1|1|0|0|0|1|0|2|1,0.587969559185095,1,0.000197627510767864,1,beta,2,2,sieve_md
1|0|0|1|0|1|0|2|1|1|0|0|0|1|0|3|0,0.592975729803223,1,0.000266769236029322,1,beta,2,2,sieve_md
1|0|0|1|0|1|0|2|1|1|0|0|0|1|0|3|1,0.578587534121776,1,0.000187989103333224,1,beta,2,2,sieve_md
1|0|0|1|0|1|0|2|1|1|0|1|0|1|0|0|0,0.928538676296563,1,0.00202893372273896,1,beta,2,2,sieve_md
1|0|0|1|0|1|0|2|1|1|0|1|0|1|0|0|1,1.19183953750469,1,0.00192998145743107,1,beta,2,2,sieve_md
1|0|0|1|0|1|0|2|1|1|0|1|0|1|0|1|0,0.896183047460213,1,0.0026052024687717,1,beta,2,2,sieve_md
1|0|0|1|0|1|0|2|1|1|0|1|0|1|0|1|1,0.92648984600842,1,0.00247814524507754,1,beta,2,2,sieve_md
1|0|0|1|0|1|0|2|1|1|0|1|0|1|0|2|0,0.857284073674697,1,0.00224231854507406,1,beta,2,2,sieve_md
1|0|0|1|0|1|0|2|1|1|0|1|0|1|0|2|1,0.772305955747866,1,0.00213295937917807,1,beta,2,2,sieve_md
1|0|0|1|0|1|0|2|1|1|0|1|0|1|0|3|0,0.831875003023036,1,0.00192998145743107,1,beta,2,2,sieve_md
1|0|0|1|0|1|0|2|1|1|0|1|0|1|0|3|1,0.733736899690551,1,0.00183585515104921,1,beta,2,2,sieve_md
1|0|0|1|0|1|0|3|0|0|0|0|0|1|0|0|0,0.90886055661764,1,4.16596616204748e-05,1,beta,2,2,sieve_md
1|0|0|1|0|1|0|3|0|0|0|0|0|1|0|0|1,0.846445909503356,1,2.93570673656604e-05,1,beta,2,2,sieve_md
1|0|0|1|0|1|0|3|0|0|0|0|0|1|0|1|0,0.814218443027298,1,4.84016214111409e-05,1,beta,2,2,sieve_md
1|0|0|1|0|1|0|3|0|0|0|0|0|1|0|1|1,0.74270016065638,1,3.41080461315053e-05,1,beta,2,2,sieve_md
1|0|0|1|0|1|0|3|0|0|0|0|0|1|0|2|0,0.734213000897227,1,4.16596616204748e-05,1,beta,2,2,sieve_md
1|0|0|1|0|1|0|3|0|0|0|0|0|1|0|2|1,0.670593140135077,1,2.93570673656604e-05,1,beta,2,2,sieve_md
1|0|0|1|0|1|0|3|0|0|0|0|0|1|0|3|0,0.706109755891392,1,3.58568030519115e-05,1,beta,2,2,sieve_md
1|0|0|1|0|1|0|3|0|0|0|0|0|1|0|3|1,0.650922286591906,1,2.52678620460717e-05,1,beta,2,2,sieve_md
1|0|0|1|0|1|0|3|0|0|0|1|0|1|0|0|0,0.877384847820263,1,0.00200822495391373,1,beta,2,2,sieve_md
1|0|0|1|0|1|0|3|0|0|0|1|0|1|0|0|1,0.69211934166435,1,0.00191028266717933,1,beta,2,2,sieve_md
1|0|0|1|0|1|0|3|0|0|0|1|0|1|0|1|0,0.766807818419895,1,0.00191028266717933,1,beta,2,2,sieve_md
1|0|0|1|0|1|0|3|0|0|0|1|0|1|0|1|1,0.591470015236639,1,0.00181711708213468,1,beta,2,2,sieve_md
1|0|0|1|0|1|0|3|0|0|0|1|0|1|0|2|0,0.686472904788571,1,0.00148772963708699,1,beta,2,2,sieve_md
1|0|0|1|0|1|0|3|0|0|0|1|0|1|0|2|1,0.533498762133727,1,0.00141517220649891,1,beta,2,2,sieve_md
1|0|0|1|0|1|0|3|0|0|0|1|0|1|0|3|0,0.652259738453837,1,0.00115864500636189,1,beta,2,2,sieve_md
1|0|0|1|0|1|0|3|0|0|0|1|0|1|0|3|1,0.517285590848153,1,0.00110213722260224,1,beta,2,2,sieve_md
1|0|0|1|0|1|0|3|0|0|1|0|1|0|0|0|0,0.931959574778438,1,0.0260489960763803,0,beta,2,2,sieve_md
1|0|0|1|0|1|0|3|0|1|0|0|0|1|0|0|0,0.834529481297806,1,1.08149645313477e-05,1,beta,2,2,sieve_md
1|0|0|1|0|1|0|3|0|1|0|0|0|1|0|0|1,0.769876007545421,1,7.62117669597106e-06,1,beta,2,2,sieve_md
1|0|0|1|0|1|0|3|0|1|0|0|0|1|0|1|0,0.743066209573874,1,1.69612406601566e-05,1,beta,2,2,sieve_md
1|0|0|1|0|1|0|3|0|1|0|0|0|1|0|1|1,0.673433325325427,1,1.19523842800651e-05,1,beta,2,2,sieve_md
1|0|0|1|0|1|0|3|0|1|0|0|0|1|0|2|0,0.666582576246718,1,1.61340311919789e-05,1,beta,2,2,sieve_md
1|0|0|1|0|1|0|3|0|1|0|0|0|1|0|2|1,0.606841727388274,1,1.13694596201377e-05,1,beta,2,2,sieve_md
1|0|0|1|0|1|0|3|0|1|0|0|0|1|0|3|0,0.639202376888488,1,1.53471652056226e-05,1,beta,2,2,sieve_md
1|0|0|1|0|1|0|3|0|1|0|0|0|1|0|3|1,0.588866466455584,1,1.08149645313477e-05,1,beta,2,2,sieve_md
1|0|0|1|0|1|0|3|0|1|0|1|0|1|0|0|0,0.975470616802925,1,0.000706139248561502,1,beta,2,2,sieve_md
1|0|0|1|0|1|0|3|0|1|0|1|0|1|0|0|1,0.844652517552462,1,0.000671700431026524,1,beta,2,2,sieve_md
1|0|0|1|0|1|0|3|0|1|0|1|0|1|0|1|0,0.852699868391902,1,0.000906700742873751,1,beta,2,2,sieve_md
1|0|0|1|0|1|0|3|0|1|0|1|0|1|0|1|1,0.703640729406123,1,0.000862480425838168,1,beta,2,2,sieve_md
1|0|0|1|0|1|0|3|0|1|0|1|0|1|0|2|0,0.76306599567807,1,0.000780404561621963,1,beta,2,2,sieve_md
1|0|0|1|0|1|0|3|0|1|0|1|0|1|0|2|1,0.622962903541835,1,0.000742343782029392,1,beta,2,2,sieve_md
1|0|0|1|0|1|0|3|0|1|0|1|0|1|0|3|0,0.725008608955753,1,0.000671700431026524,1,beta,2,2,sieve_md
1|0|0|1|0|1|0|3|0|1|0|1|0|1|0|3|1,0.601939023499008,1,0.000638941214442242,1,beta,2,2,sieve_md
1|0|0|1|0|1|0|3|1|0|0|0|0|1|0|0|0,0.903021222418014,1,2.74435569969999e-06,1,beta,2,2,sieve_md
1|0|0|1|0|1|0|3|1|0|0|0|0|1|0|0|1,0.840257996058557,1,1.93391477553025e-06,1,beta,2,2,sieve_md
1|0|0|1|0|1|0|3|1|0|0|0|0|1|0|1|0,0.808789122855572,1,3.18848642613798e-06,1,beta,2,2,sieve_md
1|0|0|1|0|1|0|3|1|0|0|0|0|1|0|1|1,0.737092738312019,1,2.24688840872922e-06,1,beta,2,2,sieve_md
1|0|0|1|0|1|0|3|1|0|0|0|0|1|0|2|0,0.729124121364027,1,2.74435569969999e-06,1,beta,2,2,sieve_md
1|0|0|1|0|1|0|3|1|0|0|0|0|1|0|2|1,0.665391306589042,1,1.93391477553025e-06,1,beta,2,2,sieve_md
1|0|0|1|0|1|0|3|1|0|0|0|0|1|0|3|0,0.701108433408571,1,2.36208884087935e-06,1,beta,2,2,sieve_md
1|0|0|1|0|1|0|3|1|0|0|0|0|1|0|3|1,0.645823982772889,1,1.66453587302516e-06,1,beta,2,2,sieve_md
1|0|0|1|0|1|0|3|1|0|0|1|0|1|0|0|0,0.99848603422688,1,0.000132293047619095,1,beta,2,2,sieve_md
1|0|0|1|0|1|0|3|1|0|0|1|0|1|0|0|1,0.942992507368695,1,0.000125841039552158,1,beta,2,2,sieve_md
1|0|0|1|0|1|0|3|1|0|0|1|0|1|0|1|0,0.897821527134805,1,0.000125841039552158,1,beta,2,2,sieve_md
1|0|0|1|0|1|0|3|1|0|0|1|0|1|0|1|1,0.831848312034821,1,0.00011970369963177,1,beta,2,2,sieve_md
1|0|0|1|0|1|0|3|1|0|0|1|0|1|0|2|0,0.827766682890942,1,9.800510014574e-05,1,beta,2,2,sieve_md
1|0|0|1|0|1|0|3|1|0|0|1|0|1|0|2|1,0.768380393348291,1,9.32253350097671e-05,1,beta,2,2,sieve_md
1|0|0|1|0|1|0|3|1|0|0|1|0|1|0|3|0,0.804650449211603,1,7.63264487384938e-05,1,beta,2,2,sieve_md
1|0|0|1|0|1|0|3|1|0|0|1|0|1|0|3|1,0.752458021515838,1,7.26039639077007e-05,1,beta,2,2,sieve_md
1|0|0|1|0|1|0|3|1|0|1|0|1|0|0|0|0,0.927329436316891,1,0.0274954412637132,0,beta,2,2,sieve_md
1|0|0|1|0|1|0|3|1|1|0|0|0|1|0|0|0,0.829773576197806,1,2.60741341985584e-05,1,beta,2,2,sieve_md
1|0|0|1|0|1|0|3|1|1|0|0|0|1|0|0|1,0.764845534488343,1,1.83741318194515e-05,1,beta,2,2,sieve_md
1|0|0|1|0|1|0|3|1|1|0|0|0|1|0|1|0,0.738649717484817,1,4.08923823897052e-05,1,beta,2,2,sieve_md
1|0|0|1|0|1|0|3|1|1|0|0|0|1|0|1|1,0.6688802330405,1,2.88163748302485e-05,1,beta,2,2,sieve_md
1|0|0|1|0|1|0|3|1|1|0|0|0|1|0|2|0,0.662444888716166,1,3.88980373670224e-05,1,beta,2,2,sieve_md
1|0|0|1|0|1|0|3|1|1|0|0|0|1|0|2|1,0.602619786445522,1,2.74109836459741e-05,1,beta,2,2,sieve_md
1|0|0|1|0|1|0|3|1|1|0|0|0|1|0|3|0,0.635135358975744,1,3.700095769884e-05,1,beta,2,2,sieve_md
1|0|0|1|0|1|0|3|1|1|0|0|0|1|0|3|1,0.584729169617587,1,2.60741341985585e-05,1,beta,2,2,sieve_md
1|0|0|1|0|1|0|3|1|1|0|1|0|1|0|0|0,1.08693817056509,1,0.00170245306644269,1,beta,2,2,sieve_md
1|0|0|1|0|1|0|3|1|1|0|1|0|1|0|0|1,1.21236486478742,1,0.00161942345063175,1,beta,2,2,sieve_md
1|0|0|1|0|1|0|3|1|1|0|1|0|1|0|1|0,1.09975340904054,1,0.0021859930080304,1,beta,2,2,sieve_md
1|0|0|1|0|1|0|3|1|1|0|1|0|1|0|1|1,0.981049769165483,1,0.00207938087099134,1,beta,2,2,sieve_md
1|0|0|1|0|1|0|3|1|1|0|1|0|1|0|2|0,1.08054756527009,1,0.00188150161842117,1,beta,2,2,sieve_md
1|0|0|1|0|1|0|3|1|1|0|1|0|1|0|2|1,0.844440594647439,1,0.00178973970168793,1,beta,2,2,sieve_md
1|0|0|1|0|1|0|3|1|1|0|1|0|1|0|3|0,1.04241887317661,1,0.00161942345063176,1,beta,2,2,sieve_md
1|0|0|1|0|1|0|3|1|1|0|1|0|1|0|3|1,0.807568935442041,1,0.0015404432369674,1,beta,2,2,sieve_md
0|0|0|0|0|1|0|0|0|0|0|0|0|1|0|0|0,0.77333413494626,1,0.00420354465996152,1,beta,2,2,landweber
0|0|0|0|0|1|0|0|0|0|0|0|0|1|0|0|1,0.660184468847897,1,0.00361802441808784,1,beta,2,2,landweber
0|0|0|0|0|1|0|0|0|0|0|0|0|1|0|1|0,0.701919312784245,1,0.00488382212678092,1,beta,2,2,landweber
0|0|0|0|0|1|0|0|0|0|0|0|0|1|0|1|1,0.58508681299503,1,0.00420354465996152,1,beta,2,2,landweber
0|0|0|0|0|1|0|0|0|0|0|0|0|1|0|2|0,0.631623787926518,1,0.00380352449671843,1,beta,2,2,landweber
0|0|0|0|0|1|0|0|0|0|0|0|0|1|0|2|1,0.525260327950285,1,0.00327372387285366,1,beta,2,2,landweber
0|0|0|0|0|1|0|0|0|0|0|0|0|1|0|3|0,0.601947135888821,1,0.00296218785647559,1,beta,2,2,landweber
0|0|0|0|0|1|0|0|0|0|0|0|0|1|0|3|1,0.506575357071566,1,0.00254957871573798,1,beta,2,2,landweber
0|0|0|0|0|1|0|0|0|0|0|1|0|1|0|0|0,0.832508734058482,1,0.000520404079326314,1,beta,2,2,landweber
0|0|0|0|0|1|0|0|0|0|0|1|0|1|0|0|1,0.717379777773024,1,0.000604623279416797,1,beta,2,2,landweber
0|0|0|0|0|1|0|0|0|0|0|1|0|1|0|1|0,0.756904711842374,1,0.000495023672885394,1,beta,2,2,landweber
0|0|0|0|0|1|0|0|0|0|0|1|0|1|0|1|1,0.637438311566175,1,0.000575135454119375,1,beta,2,2,landweber
0|0|0|0|0|1|0|0|0|0|0|1|0|1|0|2|0,0.694853626833251,1,0.000348837286411149,1,beta,2,2,landweber
0|0|0|0|0|1|0|0|0|0|0|1|0|1|0|2|1,0.584820035165602,1,0.000405291104492887,1,beta,2,2,landweber
0|0|0|0|0|1|0|0|0|0|0|1|0|1|0|3|0,0.669246602361724,1,0.000245821480983732,1,beta,2,2,landweber
0|0|0|0|0|1|0|0|0|0|0|1|0|1|0|3|1,0.569441261318474,1,0.00028560381420508,1,beta,2,2,landweber
0|0|0|0|0|1|0|0|0|0|1|0|1|0|0|0|0,0.973245369672084,1,0.0340123692951178,0,beta,2,2,landweber
0|0|0|0|0|1|0|0|0|1|0|0|0|1|0|0|0,0.751927951495695,1,0.000389888941052255,1,beta,2,2,landweber
0|0|0|0|0|1|0|0|0|1|0|0|0|1|0|0|1,0.641725676299079,1,0.000335580521483595,1,beta,2,2,landweber
0|0|0|0|0|1|0|0|0|1|0|0|0|1|0|1|0,0.679068621133788,1,0.000611467577240109,1,beta,2,2,landweber
0|0|0|0|0|1|0|0|0|1|0|0|0|1|0|1|1,0.568339420776451,1,0.000526295021055867,1,beta,2,2,landweber
0|0|0|0|0|1|0|0|0|1|0|0|0|1|0|2|0,0.608160274698033,1,0.000526295021055867,1,beta,2,2,landweber
0|0|0|0|0|1|0|0|0|1|0|0|0|1|0|2|1,0.510238500064651,1,0.000452986322575578,1,beta,2,2,landweber
0|0|0|0|0|1|0|0|0|1|0|0|0|1|0|3|0,0.577864885001341,1,0.000452986322575578,1,beta,2,2,landweber
0|0|0|0|0|1|0|0|0|1|0|0|0|1|0|3|1,0.492579239364465,1,0.000389888941052255,1,beta,2,2,landweber
0|0|0|0|0|1|0|0|0|1|0|1|0|1|0|0|0,0.8092236098064,1,6.54685048802593e-05,1,beta,2,2,landweber
0|0|0|0|0|1|0|0|0|1|0|1|0|1|0|0|1,0.697119680060329,1,7.6063550790109e-05,1,beta,2,2,landweber
0|0|0|0|0|1|0|0|0|1|0|1|0|1|0|1|0,0.732028017775726,1,8.40632242587983e-05,1,beta,2,2,landweber
0|0|0|0|0|1|0|0|0|1|0|1|0|1|0|1|1,0.618869603302967,1,9.76675324980188e-05,1,beta,2,2,landweber
0|0|0|0|0|1|0|0|0|1|0|1|0|1|0|2|0,0.669114246175822,1,6.54685048802593e-05,1,beta,2,2,landweber
0|0|0|0|0|1|0|0|0|1|0|1|0|1|0|2|1,0.567872250867591,1,7.6063550790109e-05,1,beta,2,2,landweber
0|0|0|0|0|1|0|0|0|1|0|1|0|1|0|3|0,0.642700940170736,1,5.098692286726e-05,1,beta,2,2,landweber
0|0|0|0|0|1|0|0|0|1|0|1|0|1|0|3|1,0.553488325055547,1,5.92383529185285e-05,1,beta,2,2,landweber
0|0|0|0|0|1|0|0|1|0|0|0|0|1|0|0|0,0.786564294690349,1,0.000598055413868472,1,beta,2,2,landweber
0|0|0|0|0|1|0|0|1|0|0|0|0|1|0|0|1,0.671897491944319,1,0.000514751065060783,1,beta,2,2,landweber
0|0|0|0|0|1|0|0|1|0|0|0|0|1|0|1|0,0.714742284166978,1,0.000694841258881426,1,beta,2,2,landweber
0|0|0|0|0|1|0|0|1|0|0|0|0|1|0|1|1,0.596212988336669,1,0.000598055413868473,1,beta,2,2,landweber
0|0|0|0|0|1|0|0|1|0|0|0|0|1|0|2|0,0.644010421079766,1,0.000541142916527176,1,beta,2,2,landweber
0|0|0|0|0|1|0|0|1|0|0|0|0|1|0|2|1,0.53591212208506,1,0.000465766024640859,1,beta,2,2,landweber
0|0|0|0|0|1|0|0|1|0|0|0|0|1|0|3|0,0.614058977678626,1,0.000421442527144908,1,beta,2,2,landweber
0|0|0|0|0|1|0|0|1|0|0|0|0|1|0|3|1,0.517058851167354,1,0.000362738944718357,1,beta,2,2,landweber
0|0|0|0|0|1|0|0|1|0|0|1|0|1|0|0|0,0.847290266097592,1,7.40400072359856e-05,1,beta,2,2,landweber
0|0|0|0|0|1|0|0|1|0|0|1|0|1|0|0|1,0.730594525738016,1,8.6022215738618e-05,1,beta,2,2,landweber
0|0|0|0|0|1|0|0|1|0|0|1|0|1|0|1|0,0.771345340938815,1,7.04290334731153e-05,1,beta,2,2,landweber
0|0|0|0|0|1|0|0|1|0|0|1|0|1|0|1|1,0.650082874646186,1,8.18268627713218e-05,1,beta,2,2,landweber
0|0|0|0|0|1|0|0|1|0|0|1|0|1|0|2|0,0.708957677212242,1,4.9630501058905e-05,1,beta,2,2,landweber
0|0|0|0|0|1|0|0|1|0|0|1|0|1|0|2|1,0.597074610353693,1,5.76624156139981e-05,1,beta,2,2,landweber
0|0|0|0|0|1|0|0|1|0|0|1|0|1|0|3|0,0.683103345333355,1,3.49740229829823e-05,1,beta,2,2,landweber
0|0|0|0|0|1|0|0|1|0|0|1|0|1|0|3|1,0.581557712198986,1,4.06340175075948e-05,1,beta,2,2,landweber
0|0|0|0|0|1|0|0|1|0|1|0|1|0|0|0|0,0.995777973551599,1,0.0344508323933191,0,beta,2,2,landweber
0|0|0|0|0|1|0|0|1|1|0|0|0|1|0|0|0,0.764280717446327,1,0.0020301438508996,1,beta,2,2,landweber
0|0|0|0|0|1|0|0|1|1|0|0|0|1|0|0|1,0.652668223375406,1,0.00174736100575957,1,beta,2,2,landweber
0|0|0|0|0|1|0|0|1|1|0|0|0|1|0|1|0,0.69100539116471,1,0.00318389933966378,1,beta,2,2,landweber
0|0|0|0|0|1|0|0|1|1|0|0|0|1|0|1|1,0.578739402103954,1,0.00274040755778309,1,beta,2,2,landweber
0|0|0|0|0|1|0|0|1|1|0|0|0|1|0|2|0,0.619655327063559,1,0.00274040755778309,1,beta,2,2,landweber
0|0|0|0|0|1|0|0|1|1|0|0|0|1|0|2|1,0.520204108966338,1,0.00235869064363942,1,beta,2,2,landweber
0|0|0|0|0|1|0|0|1|1|0|0|0|1|0|3|0,0.589079481124759,1,0.00235869064363942,1,beta,2,2,landweber
0|0|0|0|0|1|0|0|1|1|0|0|0|1|0|3|1,0.502398186692592,1,0.0020301438508996,1,beta,2,2,landweber
0|0|0|0|0|1|0|0|1|1|0|1|0|1|0|0|0,0.823031691986132,1,0.000340893184227136,1,beta,2,2,landweber
0|0|0|0|0|1|0|0|1|1|0|1|0|1|0|0|1,0.709471394762101,1,0.000396061374547767,1,beta,2,2,landweber
0|0|0|0|0|1|0|0|1|1|0|1|0|1|0|1|0,0.745478366428737,1,0.000437715512923259,1,beta,2,2,landweber
0|0|0|0|0|1|0|0|1|1|0|1|0|1|0|1|1,0.630693254404949,1,0.000508552871487617,1,beta,2,2,landweber
0|0|0|0|0|1|0|0|1|1|0|1|0|1|0|2|0,0.682213674089826,1,0.000340893184227136,1,beta,2,2,landweber
0|0|0|0|0|1|0|0|1|1|0|1|0|1|0|2|1,0.579341171447984,1,0.000396061374547767,1,beta,2,2,landweber
0|0|0|0|0|1|0|0|1|1|0|1|0|1|0|3|0,0.655543825065441,1,0.000265487878819798,1,beta,2,2,landweber
0|0|0|0|0|1|0|0|1|1|0|1|0|1|0|3|1,0.564839614163092,1,0.000308452908642138,1,beta,2,2,landweber
0|0|0|0|0|1|0|1|0|0|0|0|0|1|0|0|0,0.774956147507046,1,0.00268589286761164,1,beta,2,2,landweber
0|0|0|0|0|1|0|1|0|0|0|0|0|1|0|0|1,0.661620481031776,1,0.00231176941497651,1,beta,2,2,landweber
0|0|0|0|0|1|0|1|0|0|0|0|0|1|0|1|0,0.703491404206549,1,0.00312056230589087,1,beta,2,2,landweber
0|0|0|0|0|1|0|1|0|0|0|0|0|1|0|1|1,0.586450877867013,1,0.00268589286761164,1,beta,2,2,landweber
0|0|0|0|0|1|0|1|0|0|0|0|0|1|0|2|0,0.633142384447576,1,0.00243029636745092,1,beta,2,2,landweber
0|0|0|0|0|1|0|1|0|0|0|0|0|1|0|2|1,0.526566233866443,1,0.00209177546854185,1,beta,2,2,landweber
0|0|0|0|0|1|0|1|0|0|0|0|0|1|0|3|0,0.603432043093066,1,0.00189271671406637,1,beta,2,2,landweber
0|0|0|0|0|1|0|1|0|0|0|0|0|1|0|3|1,0.507860629466851,1,0.00162907637290995,1,beta,2,2,landweber
0|0|0|0|0|1|0|1|0|0|0|1|0|1|0|0|0,0.83432094427354,1,0.00201160997144684,1,beta,2,2,landweber
0|0|0|0|0|1|0|1|0|0|0|1|0|1|0|0|1,0.718999900855545,1,0.0023371573478406,1,beta,2,2,landweber
0|0|0|0|0|1|0|1|0|0|0|1|0|1|0|1|0,0.758675127486111,1,0.00191350259545927,1,beta,2,2,landweber
0|0|0|0|0|1|0|1|0|0|0|1|0|1|0|1|1,0.638988530198311,1,0.00222317283895403,1,beta,2,2,landweber
0|0|0|0|0|1|0|1|0|0|0|1|0|1|0|2|0,0.696582778054037,1,0.00134842248866599,1,beta,2,2,landweber
0|0|0|0|0|1|0|1|0|0|0|1|0|1|0|2|1,0.586322441430278,1,0.00156664342099704,1,beta,2,2,landweber
0|0|0|0|0|1|0|1|0|0|0|1|0|1|0|3|0,0.670945433788276,1,0.000950217267671792,1,beta,2,2,landweber
0|0|0|0|0|1|0|1|0|0|0|1|0|1|0|3|1,0.57092673359549,1,0.0011039949596128,1,beta,2,2,landweber
0|0|0|0|0|1|0|1|0|0|1|0|1|0|0|0|0,0.976007858351491,1,0.0447899109255408,0,beta,2,2,landweber
0|0|0|0|0|1|0|1|0|1|0|0|0|1|0|0|0,0.753442395910573,1,0.000309654570393583,1,beta,2,2,landweber
0|0|0|0|0|1|0|1|0|1|0|0|0|1|0|0|1,0.643067228415464,1,0.000266522158674232,1,beta,2,2,landweber
0|0|0|0|0|1|0|1|0|1|0|0|0|1|0|1|0,0.680532064606874,1,0.00048563503604098,1,beta,2,2,landweber
0|0|0|0|0|1|0|1|0|1|0|0|0|1|0|1|1,0.569614454538057,1,0.000417989949151942,1,beta,2,2,landweber
0|0|0|0|0|1|0|1|0|1|0|0|0|1|0|2|0,0.609569563753073,1,0.000417989949151942,1,beta,2,2,landweber
0|0|0|0|0|1|0|1|0|1|0|0|0|1|0|2|1,0.511460279931795,1,0.000359767283300581,1,beta,2,2,landweber
0|0|0|0|0|1|0|1|0|1|0|0|0|1|0|3|0,0.579239790227595,1,0.000359767283300581,1,beta,2,2,landweber
0|0|0|0|0|1|0|1|0|1|0|0|0|1|0|3|1,0.493783038578381,1,0.000309654570393583,1,beta,2,2,landweber
0|0|0|0|0|1|0|1|0|1|0|1|0|1|0|0|0,0.810916475438344,1,0.000314556792644816,1,beta,2,2,landweber
0|0|0|0|0|1|0|1|0|1|0|1|0|1|0|0|1,0.698633995592496,1,0.000365462852977528,1,beta,2,2,landweber
0|0|0|0|0|1|0|1|0|1|0|1|0|1|0|1|0,0.733677025413135,1,0.000403898916747719,1,beta,2,2,landweber
0|0|0|0|0|1|0|1|0|1|0|1|0|1|0|1|1,0.620319178438319,1,0.000469263592078361,1,beta,2,2,landweber
0|0|0|0|0|1|0|1|0|1|0|1|0|1|0|2|0,0.670720231063882,1,0.000314556792644816,1,beta,2,2,landweber
0|0|0|0|0|1|0|1|0|1|0|1|0|1|0|2|1,0.569278336175697,1,0.000365462852977528,1,beta,2,2,landweber
0|0|0|0|0|1|0|1|0|1|0|1|0|1|0|3|0,0.644275472982046,1,0.000244977076432212,1,beta,2,2,landweber
0|0|0|0|0|1|0|1|0|1|0|1|0|1|0|3|1,0.554879988789749,1,0.000284622756082408,1,beta,2,2,landweber
0|0|0|0|0|1|0|1|1|0|0|0|0|1|0|0|0,0.788271908631478,1,0.000297765675233586,1,beta,2,2,landweber
0|0|0|0|0|1|0|1|1|0|0|0|0|1|0|0|1,0.673409289376785,1,0.000256289291779141,1,beta,2,2,landweber
0|0|0|0|0|1|0|1|1|0|0|0|0|1|0|1|0,0.716397342391778,1,0.000345954357795489,1,beta,2,2,landweber
0|0|0|0|0|1|0|1|1|0|0|0|0|1|0|1|1,0.597649041452606,1,0.000297765675233586,1,beta,2,2,landweber
0|0|0|0|0|1|0|1|1|0|0|0|0|1|0|2|0,0.645609161220874,1,0.000269429524758092,1,beta,2,2,landweber
0|0|0|0|0|1|0|1|1|0|0|0|0|1|0|2|1,0.5372869469182,1,0.000231900141043703,1,beta,2,2,landweber
0|0|0|0|0|1|0|1|1|0|0|0|0|1|0|3|0,0.615622250556134,1,0.000209831924864159,1,beta,2,2,landweber
0|0|0|0|0|1|0|1|1|0|0|0|0|1|0|3|1,0.518411953549789,1,0.000180604011439205,1,beta,2,2,landweber
0|0|0|0|0|1|0|1|1|0|0|1|0|1|0|0|0,0.849198115335204,1,0.000223012767440392,1,beta,2,2,landweber
0|0|0|0|0|1|0|1|1|0|0|1|0|1|0|0|1,0.732300150484053,1,0.000259103869777846,1,beta,2,2,landweber
0|0|0|0|0|1|0|1|1|0|0|1|0|1|0|1|0,0.773209189905172,1,0.000212136306428635,1,beta,2,2,landweber
0|0|0|0|0|1|0|1|1|0|0|1|0|1|0|1|1,0.651714905748802,1,0.000246467224934689,1,beta,2,2,landweber
0|0|0|0|0|1|0|1|1|0|0|1|0|1|0|2|0,0.710778084034187,1,0.000149489928537179,1,beta,2,2,landweber
0|0|0|0|0|1|0|1|1|0|0|1|0|1|0|2|1,0.598656305800957,1,0.000173682517917498,1,beta,2,2,landweber
0|0|0|0|0|1|0|1|1|0|0|1|0|1|0|3|0,0.684891832240142,1,0.000105343772173051,1,beta,2,2,landweber
0|0|0|0|0|1|0|1|1|0|0|1|0|1|0|3|1,0.583121579970864,1,0.000122392001768818,1,beta,2,2,landweber
0|0|0|0|0|1|0|1|1|0|1|0|1|0|0|0|0,0.998686252004685,1,0.0445846694872666,0,beta,2,2,landweber
0|0|0|0|0|1|0|1|1|1|0|0|0|1|0|0|0,0.765875086354702,1,0.00125638741236582,1,beta,2,2,landweber
0|0|0|0|0|1|0|1|1|1|0|0|0|1|0|0|1,0.654080575629682,1,0.0010813826673033,1,beta,2,2,landweber
0|0|0|0|0|1|0|1|1|1|0|0|0|1|0|1|0,0.692546067567046,1,0.00197040768850978,1,beta,2,2,landweber
0|0|0|0|0|1|0|1|1|1|0|0|0|1|0|1|1,0.580081725510916,1,0.00169594561430963,1,beta,2,2,landweber
0|0|0|0|0|1|0|1|1|1|0|0|0|1|0|2|0,0.621138991059541,1,0.00169594561430963,1,beta,2,2,landweber
0|0|0|0|0|1|0|1|1|1|0|0|0|1|0|2|1,0.521490368015475,1,0.00145971391781939,1,beta,2,2,landweber
0|0|0|0|0|1|0|1|1|1|0|0|0|1|0|3|0,0.59052694669244,1,0.00145971391781939,1,beta,2,2,landweber
0|0|0|0|0|1|0|1|1|1|0|0|0|1|0|3|1,0.503665516163214,1,0.00125638741236582,1,beta,2,2,landweber
0|0|0|0|0|1|0|1|1|1|0|1|0|1|0|0|0,0.824813898254723,1,0.00127627760911389,1,beta,2,2,landweber
0|0|0|0|0|1|0|1|1|1|0|1|0|1|0|0|1,0.711065627986007,1,0.0014828230294959,1,beta,2,2,landweber
0|0|0|0|0|1|0|1|1|1|0|1|0|1|0|1|0,0.747214400106123,1,0.0016387728888517,1,beta,2,2,landweber
0|0|0|0|0|1|0|1|1|1|0|1|0|1|0|1|1,0.632219330570872,1,0.00190398245832266,1,beta,2,2,landweber
0|0|0|0|0|1|0|1|1|1|0|1|0|1|0|2|0,0.683904414501088,1,0.00127627760911389,1,beta,2,2,landweber
0|0|0|0|0|1|0|1|1|1|0|1|0|1|0|2|1,0.580821462619944,1,0.0014828230294959,1,beta,2,2,landweber
0|0|0|0|0|1|0|1|1|1|0|1|0|1|0|3|0,0.65720145352305,1,0.000993966001394401,1,beta,2,2,landweber
0|0|0|0|0|1|0|1|1|1|0|1|0|1|0|3|1,0.566304722665542,1,0.00115482373652772,1,beta,2,2,landweber
0|0|0|0|0|1|0|2|0|0|0|0|0|1|0|0|0,0.776588654764557,1,0.000549674178742178,1,beta,2,2,landweber
0|0|0|0|0|1|0|2|0|0|0|0|0|1|0|0|1,0.663065784458354,1,0.000473108950078285,1,beta,2,2,landweber
0|0|0|0|0|1|0|2|0|0|0|0|0|1|0|1|0,0.705073667327335,1,0.000638630283206209,1,beta,2,2,landweber
0|0|0|0|0|1|0|2|0|0|0|0|0|1|0|1|1,0.58782376847037,1,0.000549674178742178,1,beta,2,2,landweber
0|0|0|0|0|1|0|2|0|0|0|0|0|1|0|2|0,0.63467080654602,1,0.000497365764654109,1,beta,2,2,landweber
0|0|0|0|0|1|0|2|0|0|0|0|0|1|0|2|1,0.527880589215652,1,0.000428086680838539,1,beta,2,2,landweber
0|0|0|0|0|1|0|2|0|0|0|0|0|1|0|3|0,0.604926557899096,1,0.000387348846985528,1,beta,2,2,landweber
0|0|0|0|0|1|0|2|0|0|0|0|0|1|0|3|1,0.509154217792804,1,0.000333394242259493,1,beta,2,2,landweber
0|0|0|0|0|1|0|2|0|0|0|1|0|1|0|0|0,0.836144879796448,1,0.00249052265950232,1,beta,2,2,landweber
0|0|0|0|0|1|0|2|0|0|0|1|0|1|0|0|1,0.720630506409546,1,0.0028935745081005,1,beta,2,2,landweber
0|0|0|0|0|1|0|2|0|0|0|1|0|1|0|1|0,0.760456998019723,1,0.00236905843610438,1,beta,2,2,landweber
0|0|0|0|0|1|0|2|0|0|0|1|0|1|0|1|1,0.640548779008262,1,0.00275245321409038,1,beta,2,2,landweber
0|0|0|0|0|1|0|2|0|0|0|1|0|1|0|2|0,0.698323117176873,1,0.0016694472637704,1,beta,2,2,landweber
0|0|0|0|0|1|0|2|0|0|0|1|0|1|0|2|1,0.587834568518631,1,0.00193962099747748,1,beta,2,2,landweber
0|0|0|0|0|1|0|2|0|0|0|1|0|1|0|3|0,0.672655256942661,1,0.00117643960319249,1,beta,2,2,landweber
0|0|0|0|0|1|0|2|0|0|0|1|0|1|0|3|1,0.572421817130408,1,0.00136682781549071,1,beta,2,2,landweber
0|0|0|0|0|1|0|2|0|0|1|0|1|0|0|0|0,0.97878822080179,1,0.0388813985793297,0,beta,2,2,landweber
0|0|0|0|0|1|0|2|0|1|0|0|0|1|0|0|0,0.754966639038004,1,8.0001275564788e-05,1,beta,2,2,landweber
0|0|0|0|0|1|0|2|0|1|0|0|0|1|0|0|1,0.64441746060187,1,6.8857736002792e-05,1,beta,2,2,landweber
0|0|0|0|0|1|0|2|0|1|0|0|0|1|0|1|0,0.682004976807759,1,0.000125466975323014,1,beta,2,2,landweber
0|0|0|0|0|1|0|2|0|1|0|0|0|1|0|1|1,0.570897737984631,1,0.000107990426438444,1,beta,2,2,landweber
0|0|0|0|0|1|0|2|0|1|0|0|0|1|0|2|0,0.61098797114763,1,0.000107990426438444,1,beta,2,2,landweber
0|0|0|0|0|1|0|2|0|1|0|0|0|1|0|2|1,0.512689964922166,1,9.29482214131121e-05,1,beta,2,2,landweber
0|0|0|0|0|1|0|2|0|1|0|0|0|1|0|3|0,0.580623591324155,1,9.29482214131121e-05,1,beta,2,2,landweber
0|0|0|0|0|1|0|2|0|1|0|0|0|1|0|3|1,0.494994626577645,1,8.0001275564788e-05,1,beta,2,2,landweber
0|0|0|0|0|1|0|2|0|1|0|1|0|1|0|0|0,0.812620294198415,1,0.000491641519759723,1,beta,2,2,landweber
0|0|0|0|0|1|0|2|0|1|0|1|0|1|0|0|1,0.700158109003323,1,0.00057120595280382,1,beta,2,2,landweber
0|0|0|0|0|1|0|2|0|1|0|1|0|1|0|1|0,0.735336702409998,1,0.000631280207270472,1,beta,2,2,landweber
0|0|0|0|0|1|0|2|0|1|0|1|0|1|0|1|1,0.62177813257097,1,0.000733442961563443,1,beta,2,2,landweber
0|0|0|0|0|1|0|2|0|1|0|1|0|1|0|2|0,0.672336606946902,1,0.000491641519759723,1,beta,2,2,landweber
0|0|0|0|0|1|0|2|0|1|0|1|0|1|0|2|1,0.570693519094534,1,0.00057120595280382,1,beta,2,2,landweber
0|0|0|0|0|1|0|2|0|1|0|1|0|1|0|3|0,0.645860193288039,1,0.000382890800579288,1,beta,2,2,landweber
0|0|0|0|0|1|0|2|0|1|0|1|0|1|0|3|1,0.55628065682465,1,0.000444855643338663,1,beta,2,2,landweber
0|0|0|0|0|1|0|2|1|0|0|0|0|1|0|0|0,0.789990571124801,1,4.78356554440972e-05,1,beta,2,2,landweber
0|0|0|0|0|1|0|2|1|0|0|0|0|1|0|0|1,0.674930868395378,1,4.11725301982552e-05,1,beta,2,2,landweber
0|0|0|0|0|1|0|2|1|0|0|0|0|1|0|1|0,0.71806310912436,1,5.55771025183038e-05,1,beta,2,2,landweber
0|0|0|0|0|1|0|2|1|0|0|0|0|1|0|1|1,0.599094386076079,1,4.78356554440972e-05,1,beta,2,2,landweber
0|0|0|0|0|1|0|2|1|0|0|0|0|1|0|2|0,0.6472182454822,1,4.32834909620947e-05,1,beta,2,2,landweber
0|0|0|0|0|1|0|2|1|0|0|0|0|1|0|2|1,0.538670667101489,1,3.72544459185968e-05,1,beta,2,2,landweber
0|0|0|0|0|1|0|2|1|0|0|0|0|1|0|3|0,0.61719563807464,1,3.37092166553435e-05,1,beta,2,2,landweber
0|0|0|0|0|1|0|2|1|0|0|0|0|1|0|3|1,0.519773810734428,1,2.90137916542945e-05,1,beta,2,2,landweber
0|0|0|0|0|1|0|2|1|0|0|1|0|1|0|0|0,0.851118308681382,1,0.000216738912656018,1,beta,2,2,landweber
0|0|0|0|0|1|0|2|1|0|0|1|0|1|0|0|1,0.734016810911853,1,0.000251814690455457,1,beta,2,2,landweber
0|0|0|0|0|1|0|2|1|0|0|1|0|1|0|1|0,0.775085098290869,1,0.000206168431152695,1,beta,2,2,landweber
0|0|0|0|0|1|0|2|1|0|0|1|0|1|0|1|1,0.653357496369809,1,0.000239533543082769,1,beta,2,2,landweber
0|0|0|0|0|1|0|2|1|0|0|1|0|1|0|2|0,0.712610269197419,1,0.000145284437909297,1,beta,2,2,landweber
0|0|0|0|0|1|0|2|1|0|0|1|0|1|0|2|1,0.600248235086375,1,0.000168796434898552,1,beta,2,2,landweber
0|0|0|0|0|1|0|2|1|0|0|1|0|1|0|3|0,0.686691890960945,1,0.000102380213016159,1,beta,2,2,landweber
0|0|0|0|0|1|0|2|1|0|0|1|0|1|0|3|1,0.584695566232808,1,0.00011894883725999,1,beta,2,2,landweber
0|0|0|0|0|1|0|2|1|0|1|0|1|0|0|0|0,1.00161334751326,1,0.0375435951500442,0,beta,2,2,landweber
0|0|0|0|0|1|0|2|1|1|0|0|0|1|0|0|0,0.767479771100677,1,0.000254802355950676,1,beta,2,2,landweber
0|0|0|0|0|1|0|2|1|1|0|0|0|1|0|0|1,0.655502066042896,1,0.000219310420178643,1,beta,2,2,landweber
0|0|0|0|0|1|0|2|1|1|0|0|0|1|0|1|0,0.69409671240735,1,0.000399609639729048,1,beta,2,2,landweber
0|0|0|0|0|1|0|2|1|1|0|0|0|1|0|1|1,0.58143273397828,1,0.000343947204371135,1,beta,2,2,landweber
0|0|0|0|0|1|0|2|1|1|0|0|0|1|0|2|0,0.622632254613538,1,0.000343947204371135,1,beta,2,2,landweber
0|0|0|0|0|1|0|2|1|1|0|0|0|1|0|2|1,0.522784949379099,1,0.000296038102271336,1,beta,2,2,landweber
0|0|0|0|0|1|0|2|1|1|0|0|0|1|0|3|0,0.591983777608159,1,0.000296038102271336,1,beta,2,2,landweber
0|0|0|0|0|1|0|2|1|1|0|0|0|1|0|3|1,0.504941045470735,1,0.000254802355950676,1,beta,2,2,landweber
0|0|0|0|0|1|0|2|1|1|0|1|0|1|0|0|0,0.826607635700533,1,0.00156586775190226,1,beta,2,2,landweber
0|0|0|0|0|1|0|2|1|1|0|1|0|1|0|0|1,0.71267017616961,1,0.00181927877374401,1,beta,2,2,landweber
0|0|0|0|0|1|0|2|1|1|0|1|0|1|0|1|0,0.748961666216222,1,0.0020106139926142,1,beta,2,2,landweber
0|0|0|0|0|1|0|2|1|1|0|1|0|1|0|1|1,0.633755280708752,1,0.00233600018552781,1,beta,2,2,landweber
0|0|0|0|0|1|0|2|1|1|0|1|0|1|0|2|0,0.685606094289939,1,0.00156586775190226,1,beta,2,2,landweber
0|0|0|0|0|1|0|2|1|1|0|1|0|1|0|2|1,0.582311331527175,1,0.00181927877374401,1,beta,2,2,landweber
0|0|0|0|0|1|0|2|1|1|0|1|0|1|0|3|0,0.658869807118286,1,0.00121949903136774,1,beta,2,2,landweber
0|0|0|0|0|1|0|2|1|1|0|1|0|1|0|3|1,0.567779310668814,1,0.00141685573361702,1,beta,2,2,landweber
0|0|0|0|0|1|0|3|0|0|0|0|0|1|0|0|0,0.778231724621263,1,7.26614176195367e-05,1,beta,2,2,landweber
0|0|0|0|0|1|0|3|0|0|0|0|0|1|0|0|1,0.664520439243549,1,6.25402617234875e-05,1,beta,2,2,landweber
0|0|0|0|0|1|0|3|0|0|0|0|0|1|0|1|0,0.706666167959217,1,8.44205231155579e-05,1,beta,2,2,landweber
0|0|0|0|0|1|0|3|0|0|0|0|0|1|0|1|1,0.589205541909081,1,7.26614176195367e-05,1,beta,2,2,landweber
0|0|0|0|0|1|0|3|0|0|0|0|0|1|0|2|0,0.636209117795003,1,6.57467695096942e-05,1,beta,2,2,landweber
0|0|0|0|0|1|0|3|0|0|0|0|0|1|0|2|1,0.529203448667179,1,5.65887689411735e-05,1,beta,2,2,landweber
0|0|0|0|0|1|0|3|0|0|0|0|0|1|0|3|0,0.606430742469726,1,5.1203635578565e-05,1,beta,2,2,landweber
0|0|0|0|0|1|0|3|0|0|0|0|0|1|0|3|1,0.510456175854909,1,4.40713775644328e-05,1,beta,2,2,landweber
0|0|0|0|0|1|0|3|0|0|0|1|0|1|0|0|0,0.837980616491936,1,0.00199167785833815,1,beta,2,2,landweber
0|0|0|0|0|1|0|3|0|0|0|1|0|1|0|0|1,0.722271662258397,1,0.002313999536301,1,beta,2,2,landweber
0|0|0|0|0|1|0|3|0|0|0|1|0|1|0|1|0,0.762250397558291,1,0.00189454258297782,1,beta,2,2,landweber
0|0|0|0|0|1|0|3|0|0|0|1|0|1|0|1|1,0.642119122892981,1,0.00220114444721052,1,beta,2,2,landweber
0|0|0|0|0|1|0|3|0|0|0|1|0|1|0|2|0,0.700074716589385,1,0.00133506159368939,1,beta,2,2,landweber
0|0|0|0|0|1|0|3|0|0|0|1|0|1|0|2|1,0.589356479326041,1,0.00155112027569973,1,beta,2,2,landweber
0|0|0|0|0|1|0|3|0|0|0|1|0|1|0|3|0,0.674376142943224,1,0.0009408020041138,1,beta,2,2,landweber
0|0|0|0|0|1|0|3|0|0|0|1|0|1|0|3|1,0.573926574109697,1,0.00109305598400681,1,beta,2,2,landweber
0|0|0|0|0|1|0|3|0|0|1|0|1|0|0|0|0,0.981586572669316,1,0.0315094930517083,0,beta,2,2,landweber
0|0|0|0|0|1|0|3|0|1|0|0|0|1|0|0|0,0.756500744277323,1,1.44923340792784e-05,1,beta,2,2,landweber
0|0|0|0|0|1|0|3|0|1|0|0|0|1|0|0|1,0.645776429019824,1,1.24736675390516e-05,1,beta,2,2,landweber
0|0|0|0|0|1|0|3|0|1|0|0|0|1|0|1|0,0.683487419000719,1,2.27285041327267e-05,1,beta,2,2,landweber
0|0|0|0|0|1|0|3|0|1|0|0|0|1|0|1|1,0.572189324493038,1,1.95626047992477e-05,1,beta,2,2,landweber
0|0|0|0|0|1|0|3|0|1|0|0|0|1|0|2|0,0.61241555587891,1,1.95626047992478e-05,1,beta,2,2,landweber
0|0|0|0|0|1|0|3|0|1|0|0|0|1|0|2|1,0.513927606183255,1,1.68376899903637e-05,1,beta,2,2,landweber
0|0|0|0|0|1|0|3|0|1|0|0|0|1|0|3|0,0.582016345848813,1,1.68376899903637e-05,1,beta,2,2,landweber
0|0|0|0|0|1|0|3|0|1|0|0|0|1|0|3|1,0.496214053757022,1,1.44923340792783e-05,1,beta,2,2,landweber
0|0|0|0|0|1|0|3|0|1|0|1|0|1|0|0|0,0.814335136955214,1,0.000538790643463431,1,beta,2,2,landweber
0|0|0|0|0|1|0|3|0|1|0|1|0|1|0|0|1,0.701692083686749,1,0.000625985419237419,1,beta,2,2,landweber
0|0|0|0|0|1|0|3|0|1|0|1|0|1|0|1|0,0.737007117798884,1,0.000691820880480588,1,beta,2,2,landweber
0|0|0|0|0|1|0|3|0|1|0|1|0|1|0|1|1,0.623246526384624,1,0.000803781188776778,1,beta,2,2,landweber
0|0|0|0|0|1|0|3|0|1|0|1|0|1|0|2|0,0.673963441056386,1,0.000538790643463431,1,beta,2,2,landweber
0|0|0|0|0|1|0|3|0|1|0|1|0|1|0|2|1,0.572117858487187,1,0.000625985419237419,1,beta,2,2,landweber
0|0|0|0|0|1|0|3|0|1|0|1|0|1|0|3|0,0.647455167003535,1,0.000419610575040866,1,beta,2,2,landweber
0|0|0|0|0|1|0|3|0|1|0|1|0|1|0|3|1,0.557690387419603,1,0.000487517934693384,1,beta,2,2,landweber
0|0|0|0|0|1|0|3|1|0|0|0|0|1|0|0|0,0.791720353656326,1,5.03517541734159e-06,1,beta,2,2,landweber
0|0|0|0|0|1|0|3|1|0|0|0|0|1|0|0|1,0.676462292288623,1,4.33381564440528e-06,1,beta,2,2,landweber
0|0|0|0|0|1|0|3|1|0|0|0|0|1|0|1|0,0.71973965365059,1,5.85003921801114e-06,1,beta,2,2,landweber
0|0|0|0|0|1|0|3|1|0|0|0|0|1|0|1|1,0.60054908232472,1,5.03517541734159e-06,1,beta,2,2,landweber
0|0|0|0|0|1|0|3|1|0|0|0|0|1|0|2|0,0.648837740791958,1,4.5560151239855e-06,1,beta,2,2,landweber
0|0|0|0|0|1|0|3|1|0|0|0|0|1|0|2|1,0.540063340189353,1,3.92139855792752e-06,1,beta,2,2,landweber
0|0|0|0|0|1|0|3|1|0|0|0|0|1|0|3|0,0.618779205677591,1,3.54822814624507e-06,1,beta,2,2,landweber
0|0|0|0|0|1|0|3|1|0|0|0|0|1|0|3|1,0.521144479366327,1,3.05398826764903e-06,1,beta,2,2,landweber
0|0|0|0|0|1|0|3|1|0|0|1|0|1|0|0|0,0.853050926004605,1,0.000138016126303479,1,beta,2,2,landweber
0|0|0|0|0|1|0|3|1|0|0|1|0|1|0|0|1,0.735744578424151,1,0.000160351861588094,1,beta,2,2,landweber
0|0|0|0|0|1|0|3|1|0|0|1|0|1|0|1|0,0.776973144122395,1,0.000131285000395476,1,beta,2,2,landweber
0|0|0|0|0|1|0|3|1|0|0|1|0|1|0|1|1,0.655010714831087,1,0.000152531409016061,1,beta,2,2,landweber
0|0|0|0|0|1|0|3|1|0|0|1|0|1|0|2|0,0.714454308909806,1,9.25149761374087e-05,1,beta,2,2,landweber
0|0|0|0|0|1|0|3|1|0|0|1|0|1|0|2|1,0.601850464424618,1,0.000107487067241631,1,beta,2,2,landweber
0|0|0|0|0|1|0|3|1|0|0|1|0|1|0|3|0,0.688503596367364,1,6.51942018046429e-05,1,beta,2,2,landweber
0|0|0|0|0|1|0|3|1|0|0|1|0|1|0|3|1,0.586279736453168,1,7.57448560839722e-05,1,beta,2,2,landweber
0|0|0|0|0|1|0|3|1|0|1|0|1|0|0|0|0,1.00455938182686,1,0.0299086572901431,0,beta,2,2,landweber
0|0|0|0|0|1|0|3|1|1|0|0|0|1|0|0|0,0.769094838429472,1,3.67543892415952e-05,1,beta,2,2,landweber
0|0|0|0|0|1|0|3|1|1|0|0|0|1|0|0|1,0.656932753740486,1,3.16347959888723e-05,1,beta,2,2,landweber
0|0|0|0|0|1|0|3|1|1|0|0|0|1|0|1|0,0.695657390183108,1,5.76423565178425e-05,1,beta,2,2,landweber
0|0|0|0|0|1|0|3|1|1|0|0|0|1|0|1|1,0.582792483699861,1,4.96132360348439e-05,1,beta,2,2,landweber
0|0|0|0|0|1|0|3|1|1|0|0|0|1|0|2|0,0.624135179836322,1,4.9613236034844e-05,1,beta,2,2,landweber
0|0|0|0|0|1|0|3|1|1|0|0|0|1|0|2|1,0.524087906903995,1,4.27025079914493e-05,1,beta,2,2,landweber
0|0|0|0|0|1|0|3|1|1|0|0|0|1|0|3|0,0.593450034467307,1,4.27025079914493e-05,1,beta,2,2,landweber
0|0|0|0|0|1|0|3|1|1|0|0|0|1|0|3|1,0.506224827669491,1,3.67543892415952e-05,1,beta,2,2,landweber
0|0|0|0|0|1|0|3|1|1|0|1|0|1|0|0|0,0.828412978932238,1,0.00136644110750244,1,beta,2,2,landweber
0|0|0|0|0|1|0|3|1|1|0|1|0|1|0|0|1,0.714285106052453,1,0.00158757806936789,1,beta,2,2,landweber
0|0|0|0|0|1|0|3|1|1|0|1|0|1|0|1|0,0.750720237434781,1,0.00175454511244008,1,beta,2,2,landweber
0|0|0|0|0|1|0|3|1|1|0|1|0|1|0|1|1,0.635301168704866,1,0.00203849059204443,1,beta,2,2,landweber
0|0|0|0|0|1|0|3|1|1|0|1|0|1|0|2|0,0.68731878423601,1,0.00136644110750244,1,beta,2,2,landweber
0|0|0|0|0|1|0|3|1|1|0|1|0|1|0|2|1,0.583810840139252,1,0.00158757806936789,1,beta,2,2,landweber
0|0|0|0|0|1|0|3|1|1|0|1|0|1|0|3|0,0.66054895524461,1,0.00106418540454386,1,beta,2,2,landweber
0|0|0|0|0|1|0|3|1|1|0|1|0|1|0|3|1,0.569263439506888,1,0.0012364070436107,1,beta,2,2,landweber
1|0|0|1|0|1|0|0|0|0|0|0|0|1|0|0|0,0.858766327563419,1,0.00461267037531881,1,beta,2,2,landweber
1|0|0|1|0|1|0|0|0|0|0|0|0|1|0|0|1,0.739504925770683,1,0.00325049387528552,1,beta,2,2,landweber
1|0|0|1|0|1|0|0|0|0|0|0|0|1|0|1|0,0.781071682259036,1,0.00535915839246372,1,beta,2,2,landweber
1|0|0|1|0|1|0|0|0|0|0|0|0|1|0|1|1,0.659598877728831,1,0.00377653509008527,1,beta,2,2,landweber
1|0|0|1|0|1|0|0|0|0|0|0|0|1|0|2|0,0.71360410191282,1,0.00461267037531881,1,beta,2,2,landweber
1|0|0|1|0|1|0|0|0|0|0|0|0|1|0|2|1,0.603972778835637,1,0.00325049387528552,1,beta,2,2,landweber
1|0|0|1|0|1|0|0|0|0|0|0|0|1|0|3|0,0.684799589398726,1,0.00397016218465647,1,beta,2,2,landweber
1|0|0|1|0|1|0|0|0|0|0|0|0|1|0|3|1,0.58777563368656,1,0.00279772600577904,1,beta,2,2,landweber
1|0|0|1|0|1|0|0|0|0|0|1|0|1|0|0|0,0.924064382256405,1,0.00100428930927588,1,beta,2,2,landweber
1|0|0|1|0|1|0|0|0|0|0|1|0|1|0|0|1,0.803205086433792,1,0.000955309541694711,1,beta,2,2,landweber
1|0|0|1|0|1|0|0|0|0|0|1|0|1|0|1|0,0.844877638954034,1,0.000955309541694711,1,beta,2,2,landweber
1|0|0|1|0|1|0|0|0|0|0|1|0|1|0|1|1,0.721094609839304,1,0.0009087185455663,1,beta,2,2,landweber
1|0|0|1|0|1|0|0|0|0|0|1|0|1|0|2|0,0.786717409515619,1,0.000743995819147426,1,beta,2,2,landweber
1|0|0|1|0|1|0|0|0|0|0|1|0|1|0|2|1,0.673642877681098,1,0.000707710714878543,1,beta,2,2,landweber
1|0|0|1|0|1|0|0|0|0|0|1|0|1|0|3|0,0.761478916414931,1,0.000579424526553867,1,beta,2,2,landweber
1|0|0|1|0|1|0|0|0|0|0|1|0|1|0|3|1,0.660509940828193,1,0.000551165658935433,1,beta,2,2,landweber
1|0|0|1|0|1|0|0|0|0|1|0|1|0|0|0|0,0.926770120738337,1,0.0339232475326121,0,beta,2,2,landweber
1|0|0|1|0|1|0|0|0|1|0|0|0|1|0|0|0,0.831648951683619,1,0.000543041525053394,1,beta,2,2,landweber
1|0|0|1|0|1|0|0|0|1|0|0|0|1|0|0|1,0.717880052474177,1,0.000382674894927813,1,beta,2,2,landweber
1|0|0|1|0|1|0|0|0|1|0|0|0|1|0|1|0,0.752337544549067,1,0.000851658640968403,1,beta,2,2,landweber
1|0|0|1|0|1|0|0|0|1|0|0|0|1|0|1|1,0.639690537415978,1,0.000600153700796459,1,beta,2,2,landweber
1|0|0|1|0|1|0|0|0|1|0|0|0|1|0|2|0,0.684294971126539,1,0.000810122758919434,1,beta,2,2,landweber
1|0|0|1|0|1|0|0|0|1|0|0|0|1|0|2|1,0.585640678351153,1,0.00057088385942059,1,beta,2,2,landweber
1|0|0|1|0|1|0|0|0|1|0|0|0|1|0|3|0,0.655102154470696,1,0.000770612605741864,1,beta,2,2,landweber
1|0|0|1|0|1|0|0|0|1|0|0|0|1|0|3|1,0.570349797235354,1,0.000543041525053394,1,beta,2,2,landweber
1|0|0|1|0|1|0|0|0|1|0|1|0|1|0|0|0,0.894627320089409,1,0.000160143047798717,1,beta,2,2,landweber
1|0|0|1|0|1|0|0|0|1|0|1|0|1|0|0|1,0.779361080010479,1,0.000152332779195364,1,beta,2,2,landweber
1|0|0|1|0|1|0|0|0|1|0|1|0|1|0|1|0,0.813609712774128,1,0.000205627743679392,1,beta,2,2,landweber
1|0|0|1|0|1|0|0|0|1|0|1|0|1|0|1|1,0.698893959365279,1,0.000195599160281529,1,beta,2,2,landweber
1|0|0|1|0|1|0|0|0|1|0|1|0|1|0|2|0,0.75457941206435,1,0.00017698543915914,1,beta,2,2,landweber
1|0|0|1|0|1|0|0|0|1|0|1|0|1|0|2|1,0.652884138193085,1,0.000168353757436355,1,beta,2,2,landweber
1|0|0|1|0|1|0|0|0|1|0|1|0|1|0|3|0,0.728787900864307,1,0.000152332779195364,1,beta,2,2,landweber
1|0|0|1|0|1|0|0|0|1|0|1|0|1|0|3|1,0.640625778097751,1,0.0001449034218866,1,beta,2,2,landweber
1|0|0|1|0|1|0|0|1|0|0|0|0|1|0|0|0,0.875655236656266,1,0.00060664346112823,1,beta,2,2,landweber
1|0|0|1|0|1|0|0|1|0|0|0|0|1|0|0|1,0.754559759532306,1,0.000427494421762801,1,beta,2,2,landweber
1|0|0|1|0|1|0|0|1|0|0|0|0|1|0|1|0,0.797483490161759,1,0.000704819146265982,1,beta,2,2,landweber
1|0|0|1|0|1|0|0|1|0|0|0|0|1|0|1|1,0.673970099224281,1,0.000496677657779349,1,beta,2,2,landweber
1|0|0|1|0|1|0|0|1|0|0|0|0|1|0|2|0,0.729538816115983,1,0.00060664346112823,1,beta,2,2,landweber
1|0|0|1|0|1|0|0|1|0|0|0|0|1|0|2|1,0.617857079666703,1,0.000427494421762801,1,beta,2,2,landweber
1|0|0|1|0|1|0|0|1|0|0|0|0|1|0|3|0,0.700404415286731,1,0.000522142865839172,1,beta,2,2,landweber
1|0|0|1|0|1|0|0|1|0|0|0|0|1|0|3|1,0.601496950962731,1,0.000367947858688461,1,beta,2,2,landweber
1|0|0|1|0|1|0|0|1|0|0|1|0|1|0|0|0,0.942895885415206,1,0.00013208087571423,1,beta,2,2,landweber
1|0|0|1|0|1|0|0|1|0|0|1|0|1|0|0|1,0.820153602284753,1,0.000125639215393198,1,beta,2,2,landweber
1|0|0|1|0|1|0|0|1|0|0|1|0|1|0|1|0,0.863349115317835,1,0.000125639215393198,1,beta,2,2,landweber
1|0|0|1|0|1|0|0|1|0|0|1|0|1|0|1|1,0.737418438828175,1,0.000119511718553193,1,beta,2,2,landweber
1|0|0|1|0|1|0|0|1|0|0|1|0|1|0|2|0,0.804830872001344,1,9.78479193326993e-05,1,beta,2,2,landweber
1|0|0|1|0|1|0|0|1|0|0|1|0|1|0|2|1,0.689586748250545,1,9.30758199954358e-05,1,beta,2,2,landweber
1|0|0|1|0|1|0|0|1|0|0|1|0|1|0|3|0,0.779288134215582,1,7.62040361982139e-05,1,beta,2,2,landweber
1|0|0|1|0|1|0|0|1|0|0|1|0|1|0|3|1,0.676323462274916,1,7.24875214974585e-05,1,beta,2,2,landweber
1|0|0|1|0|1|0|0|1|0|1|0|1|0|0|0|0,0.95418929211206,1,0.0386201710560533,0,beta,2,2,landweber
1|0|0|1|0|1|0|0|1|1|0|0|0|1|0|0|0,0.847405474680206,1,0.00261381156509841,1,beta,2,2,landweber
1|0|0|1|0|1|0|0|1|1|0|0|0|1|0|0|1,0.731962951076091,1,0.00184192187869388,1,beta,2,2,landweber
1|0|0|1|0|1|0|0|1|1|0|0|0|1|0|1|0,0.767600040346157,1,0.00409927252811897,1,beta,2,2,landweber
1|0|0|1|0|1|0|0|1|1|0|0|0|1|0|1|1,0.653139900495001,1,0.00288870852707656,1,beta,2,2,landweber
1|0|0|1|0|1|0|0|1|1|0|0|0|1|0|2|0,0.69907033854827,1,0.00389934864779419,1,beta,2,2,landweber
1|0|0|1|0|1|0|0|1|1|0|0|0|1|0|2|1,0.598644225117194,1,0.00274782454976134,1,beta,2,2,landweber
1|0|0|1|0|1|0|0|1|1|0|0|0|1|0|3|0,0.669545470923254,1,0.00370917517016891,1,beta,2,2,landweber
1|0|0|1|0|1|0|0|1|1|0|0|0|1|0|3|1,0.583211876357168,1,0.00261381156509841,1,beta,2,2,landweber
1|0|0|1|0|1|0|0|1|1|0|1|0|1|0|0|0,0.912206388403272,1,0.000770813521793267,1,beta,2,2,landweber
1|0|0|1|0|1|0|0|1|1|0|1|0|1|0|0|1,0.795221890933485,1,0.000733220502732778,1,beta,2,2,landweber
1|0|0|1|0|1|0|0|1|1|0|1|0|1|0|1|0,0.830799405284533,1,0.000989744153509145,1,beta,2,2,landweber
1|0|0|1|0|1|0|0|1|1|0|1|0|1|0|1|1,0.71417539172631,1,0.00094147376154545,1,beta,2,2,landweber
1|0|0|1|0|1|0|0|1|1|0|1|0|1|0|2|0,0.771390721243172,1,0.000851880687545388,1,beta,2,2,landweber
1|0|0|1|0|1|0|0|1|1|0|1|0|1|0|2|1,0.667820641138203,1,0.000810333976157072,1,beta,2,2,landweber
1|0|0|1|0|1|0|0|1|1|0|1|0|1|0|3|0,0.745289659051977,1,0.000733220502732778,1,beta,2,2,landweber
1|0|0|1|0|1|0|0|1|1|0|1|0|1|0|3|1,0.655452115448035,1,0.000697460916846624,1,beta,2,2,landweber
1|0|0|1|0|1|0|1|0|0|0|0|0|1|0|0|0,0.86083690140504,1,0.00196390023995983,1,beta,2,2,landweber
1|0|0|1|0|1|0|1|0|0|0|0|0|1|0|0|1,0.741350642673142,1,0.00138393710849542,1,beta,2,2,landweber
1|0|0|1|0|1|0|1|0|0|0|0|0|1|0|1|0,0.783083763675915,1,0.00228172654808762,1,beta,2,2,landweber
1|0|0|1|0|1|0|1|0|0|0|0|0|1|0|1|1,0.661360784027043,1,0.00160790552243234,1,beta,2,2,landweber
1|0|0|1|0|1|0|1|0|0|0|0|0|1|0|2|0,0.715557691823298,1,0.00196390023995983,1,beta,2,2,landweber
1|0|0|1|0|1|0|1|0|0|0|0|0|1|0|2|1,0.605674988845292,1,0.00138393710849542,1,beta,2,2,landweber
1|0|0|1|0|1|0|1|0|0|0|0|0|1|0|3|0,0.686712735127033,1,0.00169034460143651,1,beta,2,2,landweber
1|0|0|1|0|1|0|1|0|0|0|0|0|1|0|3|1,0.589457861974274,1,0.00119116570815263,1,beta,2,2,landweber
1|0|0|1|0|1|0|1|0|0|0|1|0|1|0|0|0,0.926373117392857,1,0.00258675864702349,1,beta,2,2,landweber
1|0|0|1|0|1|0|1|0|0|0|1|0|1|0|0|1,0.805282968041323,1,0.0024606009391304,1,beta,2,2,landweber
1|0|0|1|0|1|0|1|0|0|0|1|0|1|0|1|0,0.847142234942131,1,0.0024606009391304,1,beta,2,2,landweber
1|0|0|1|0|1|0|1|0|0|0|1|0|1|0|1|1,0.723095905074753,1,0.00234059601525493,1,beta,2,2,landweber
1|0|0|1|0|1|0|1|0|0|0|1|0|1|0|2|0,0.788938113138211,1,0.00191631793822099,1,beta,2,2,landweber
1|0|0|1|0|1|0|1|0|0|0|1|0|1|0|2|1,0.675597590158605,1,0.00182285800953435,1,beta,2,2,landweber
1|0|0|1|0|1|0|1|0|0|0|1|0|1|0|3|0,0.763662319754663,1,0.00149242991090029,1,beta,2,2,landweber
1|0|0|1|0|1|0|1|0|0|0|1|0|1|0|3|1,0.662448672552752,1,0.00141964324525333,1,beta,2,2,landweber
1|0|0|1|0|1|0|1|0|0|1|0|1|0|0|0|0,0.930131700736976,1,0.0376646392861478,0,beta,2,2,landweber
1|0|0|1|0|1|0|1|0|1|0|0|0|1|0|0|0,0.833580695419835,1,0.00028357343711388,1,beta,2,2,landweber
1|0|0|1|0|1|0|1|0|1|0|0|0|1|0|0|1,0.719606610495125,1,0.00019983082369475,1,beta,2,2,landweber
1|0|0|1|0|1|0|1|0|1|0|0|0|1|0|1|0,0.75420872073822,1,0.000444731676907028,1,beta,2,2,landweber
1|0|0|1|0|1|0|1|0|1|0|0|0|1|0|1|1,0.641339424222389,1,0.000313397115837013,1,beta,2,2,landweber
1|0|0|1|0|1|0|1|0|1|0|0|0|1|0|2|0,0.686106425561848,1,0.000423041857081509,1,beta,2,2,landweber
1|0|0|1|0|1|0|1|0|1|0|0|0|1|0|2|1,0.587234908246881,1,0.000298112558137826,1,beta,2,2,landweber
1|0|0|1|0|1|0|1|0|1|0|0|0|1|0|3|0,0.656872899583273,1,0.000402409862251357,1,beta,2,2,landweber
1|0|0|1|0|1|0|1|0|1|0|0|0|1|0|3|1,0.571926683251619,1,0.00028357343711388,1,beta,2,2,landweber
1|0|0|1|0|1|0|1|0|1|0|1|0|1|0|0|0,0.896782507189455,1,0.000505906971305358,1,beta,2,2,landweber
1|0|0|1|0|1|0|1|0|1|0|1|0|1|0|0|1,0.781305609406873,1,0.000481233597165695,1,beta,2,2,landweber
1|0|0|1|0|1|0|1|0|1|0|1|0|1|0|1|0,0.815717162548525,1,0.000649597409635596,1,beta,2,2,landweber
1|0|0|1|0|1|0|1|0|1|0|1|0|1|0|1|1,0.70076745716998,1,0.000617916170124823,1,beta,2,2,landweber
1|0|0|1|0|1|0|1|0|1|0|1|0|1|0|2|0,0.756640472185977,1,0.000559113671938413,1,beta,2,2,landweber
1|0|0|1|0|1|0|1|0|1|0|1|0|1|0|2|1,0.654715347782374,1,0.000531845376388458,1,beta,2,2,landweber
1|0|0|1|0|1|0|1|0|1|0|1|0|1|0|3|0,0.730811010151964,1,0.000481233597165695,1,beta,2,2,landweber
1|0|0|1|0|1|0|1|0|1|0|1|0|1|0|3|1,0.642443481426945,1,0.000457763557682333,1,beta,2,2,landweber
1|0|0|1|0|1|0|1|1|0|0|0|0|1|0|0|0,0.87783508460786,1,0.000202175070661939,1,beta,2,2,landweber
1|0|0|1|0|1|0|1|1|0|0|0|0|1|0|0|1,0.756502883765876,1,0.000142470364333508,1,beta,2,2,landweber
1|0|0|1|0|1|0|1|1|0|0|0|0|1|0|1|0,0.799601758762889,1,0.000234893920121051,1,beta,2,2,landweber
1|0|0|1|0|1|0|1|1|0|0|0|0|1|0|1|1,0.675824989766148,1,0.000165526947856643,1,beta,2,2,landweber
1|0|0|1|0|1|0|1|1|0|0|0|0|1|0|2|0,0.731595506333453,1,0.000202175070661939,1,beta,2,2,landweber
1|0|0|1|0|1|0|1|1|0|0|0|0|1|0|2|1,0.619649123460624,1,0.000142470364333508,1,beta,2,2,landweber
1|0|0|1|0|1|0|1|1|0|0|0|0|1|0|3|0,0.702418526888608,1,0.000174013695953031,1,beta,2,2,landweber
1|0|0|1|0|1|0|1|1|0|0|0|0|1|0|3|1,0.603267958503432,1,0.000122625378986034,1,beta,2,2,landweber
1|0|0|1|0|1|0|1|1|0|0|1|0|1|0|0|0,0.945326463575138,1,0.000266295660851925,1,beta,2,2,landweber
1|0|0|1|0|1|0|1|1|0|0|1|0|1|0|0|1,0.822341143668105,1,0.000253308268219214,1,beta,2,2,landweber
1|0|0|1|0|1|0|1|1|0|0|1|0|1|0|1|0,0.865733224894908,1,0.000253308268219214,1,beta,2,2,landweber
1|0|0|1|0|1|0|1|1|0|0|1|0|1|0|1|1,0.739525352009362,1,0.000240954278199435,1,beta,2,2,landweber
1|0|0|1|0|1|0|1|1|0|0|1|0|1|0|2|0,0.807168772802321,1,0.000197276677647585,1,beta,2,2,landweber
1|0|0|1|0|1|0|1|1|0|0|1|0|1|0|2|1,0.69164462027829,1,0.000187655380546125,1,beta,2,2,landweber
1|0|0|1|0|1|0|1|1|0|0|1|0|1|0|3|0,0.781586766218918,1,0.000153639231033664,1,beta,2,2,landweber
1|0|0|1|0|1|0|1|1|0|0|1|0|1|0|3|1,0.678364510168752,1,0.000146146157316885,1,beta,2,2,landweber
1|0|0|1|0|1|0|1|1|0|1|0|1|0|0|0|0,0.957728278805922,1,0.0417210106241467,0,beta,2,2,landweber
1|0|0|1|0|1|0|1|1|1|0|0|0|1|0|0|0,0.849439165796047,1,0.00106839995834352,1,beta,2,2,landweber
1|0|0|1|0|1|0|1|1|1|0|0|0|1|0|0|1,0.733780627842608,1,0.000752888725700648,1,beta,2,2,landweber
1|0|0|1|0|1|0|1|1|1|0|0|0|1|0|1|0,0.769569967475055,1,0.00167558467364733,1,beta,2,2,landweber
1|0|0|1|0|1|0|1|1|1|0|0|0|1|0|1|1,0.65487580696456,1,0.00118076456283449,1,beta,2,2,landweber
1|0|0|1|0|1|0|1|1|1|0|0|0|1|0|2|0,0.70097739212001,1,0.00159386544481577,1,beta,2,2,landweber
1|0|0|1|0|1|0|1|1|1|0|0|0|1|0|2|1,0.600322590168814,1,0.00112317799557589,1,beta,2,2,landweber
1|0|0|1|0|1|0|1|1|1|0|0|0|1|0|3|0,0.671409666746102,1,0.00151613170980368,1,beta,2,2,landweber
1|0|0|1|0|1|0|1|1|1|0|0|0|1|0|3|1,0.584871982209641,1,0.00106839995834352,1,beta,2,2,landweber
1|0|0|1|0|1|0|1|1|1|0|1|0|1|0|0|0,0.914475315060657,1,0.00190607058464111,1,beta,2,2,landweber
1|0|0|1|0|1|0|1|1|1|0|1|0|1|0|0|1,0.797269042470099,1,0.0018131104252859,1,beta,2,2,landweber
1|0|0|1|0|1|0|1|1|1|0|1|0|1|0|1|0,0.833018075288696,1,0.00244744307668005,1,beta,2,2,landweber
1|0|0|1|0|1|0|1|1|1|0|1|0|1|0|1|1,0.716147762993542,1,0.00232807986932862,1,beta,2,2,landweber
1|0|0|1|0|1|0|1|1|1|0|1|0|1|0|2|0,0.773560553390152,1,0.0021065337779448,1,beta,2,2,landweber
1|0|0|1|0|1|0|1|1|1|0|1|0|1|0|2|1,0.669748492438124,1,0.00200379691328575,1,beta,2,2,landweber
1|0|0|1|0|1|0|1|1|1|0|1|0|1|0|3|0,0.747419537517504,1,0.0018131104252859,1,beta,2,2,landweber
1|0|0|1|0|1|0|1|1|1|0|1|0|1|0|3|1,0.657365747697755,1,0.00172468398640095,1,beta,2,2,landweber
1|0|0|1|0|1|0|2|0|0|0|0|0|1|0|0|0,0.862920872211049,1,0.000336512942947367,1,beta,2,2,landweber
1|0|0|1|0|1|0|2|0|0|0|0|0|1|0|0|1,0.743208301677407,1,0.000237136662931203,1,beta,2,2,landweber
1|0|0|1|0|1|0|2|0|0|0|0|0|1|0|1|0,0.785108863601261,1,0.00039097226023752,1,beta,2,2,landweber
1|0|0|1|0|1|0|2|0|0|0|0|0|1|0|1|1,0.663134090158218,1,0.000275513495199786,1,beta,2,2,landweber
1|0|0|1|0|1|0|2|0|0|0|0|0|1|0|2|0,0.717523921792264,1,0.000336512942947367,1,beta,2,2,landweber
1|0|0|1|0|1|0|2|0|0|0|0|0|1|0|2|1,0.607388212442785,1,0.000237136662931203,1,beta,2,2,landweber
1|0|0|1|0|1|0|2|0|0|0|0|0|1|0|3|0,0.6886382592331,1,0.000289639374165069,1,beta,2,2,landweber
1|0|0|1|0|1|0|2|0|0|0|0|0|1|0|3|1,0.591150974564692,1,0.000204105417287706,1,beta,2,2,landweber
1|0|0|1|0|1|0|2|0|0|0|1|0|1|0|0|0,0.928696790437721,1,0.00268144149928643,1,beta,2,2,landweber
1|0|0|1|0|1|0|2|0|0|0|1|0|1|0|0|1,0.807374293895729,1,0.00255066605419856,1,beta,2,2,landweber
1|0|0|1|0|1|0|2|0|0|0|1|0|1|0|1|0,0.849421483250854,1,0.00255066605419856,1,beta,2,2,landweber
1|0|0|1|0|1|0|2|0|0|0|1|0|1|0|1|1,0.725110149030243,1,0.00242626860282881,1,beta,2,2,landweber
1|0|0|1|0|1|0|2|0|0|0|1|0|1|0|2|0,0.79117318509037,1,0.00198646072036349,1,beta,2,2,landweber
1|0|0|1|0|1|0|2|0|0|0|1|0|1|0|2|1,0.6775649499578,1,0.00188957988782464,1,beta,2,2,landweber
1|0|0|1|0|1|0|2|0|0|0|1|0|1|0|3|0,0.765859850084798,1,0.00154705716455967,1,beta,2,2,landweber
1|0|0|1|0|1|0|2|0|0|0|1|0|1|0|3|1,0.664399948200812,1,0.00147160629631381,1,beta,2,2,landweber
1|0|0|1|0|1|0|2|0|0|1|0|1|0|0|0|0,0.933515030729083,1,0.0323167270827079,0,beta,2,2,landweber
1|0|0|1|0|1|0|2|0|1|0|0|0|1|0|0|0,0.835524937866081,1,6.29591762750604e-05,1,beta,2,2,landweber
1|0|0|1|0|1|0|2|0|1|0|0|0|1|0|0|1,0.721344339639679,1,4.43665816595361e-05,1,beta,2,2,landweber
1|0|0|1|0|1|0|2|0|1|0|0|0|1|0|1|0,0.756092003755087,1,9.87396433406007e-05,1,beta,2,2,landweber
1|0|0|1|0|1|0|2|0|1|0|0|0|1|0|1|1,0.642998979606459,1,6.9580650645195e-05,1,beta,2,2,landweber
1|0|0|1|0|1|0|2|0|1|0|0|0|1|0|2|0,0.687929600414982,1,9.39240541102854e-05,1,beta,2,2,landweber
1|0|0|1|0|1|0|2|0|1|0|0|0|1|0|2|1,0.588839453080774,1,6.61871622696141e-05,1,beta,2,2,landweber
1|0|0|1|0|1|0|2|0|1|0|0|0|1|0|3|0,0.658655101717443,1,8.93433239381007e-05,1,beta,2,2,landweber
1|0|0|1|0|1|0|2|0|1|0|0|0|1|0|3|1,0.573513771988202,1,6.29591762750604e-05,1,beta,2,2,landweber
1|0|0|1|0|1|0|2|0|1|0|1|0|1|0|0|0,0.89895163871604,1,0.000679507448226446,1,beta,2,2,landweber
1|0|0|1|0|1|0|2|0|1|0|1|0|1|0|0|1,0.783262720238689,1,0.000646367478920391,1,beta,2,2,landweber
1|0|0|1|0|1|0|2|0|1|0|1|0|1|0|1|0,0.817838247880859,1,0.000872504834351386,1,beta,2,2,landweber
1|0|0|1|0|1|0|2|0|1|0|1|0|1|0|1|1,0.702653076823643,1,0.00082995227145416,1,beta,2,2,landweber
1|0|0|1|0|1|0|2|0|1|0|1|0|1|0|2|0,0.75871486771661,1,0.000750971870395662,1,beta,2,2,landweber
1|0|0|1|0|1|0|2|0|1|0|1|0|1|0|2|1,0.656558405608689,1,0.00071434654009269,1,beta,2,2,landweber
1|0|0|1|0|1|0|2|0|1|0|1|0|1|0|3|0,0.732847209300285,1,0.000646367478920391,1,beta,2,2,landweber
1|0|0|1|0|1|0|2|0|1|0|1|0|1|0|3|1,0.64427294560537,1,0.000614843764989421,1,beta,2,2,landweber
1|0|0|1|0|1|0|2|1|0|0|0|0|1|0|0|0,0.880029036545892,1,2.7454609880748e-05,1,beta,2,2,landweber
1|0|0|1|0|1|0|2|1|0|0|0|0|1|0|0|1,0.758458580343226,1,1.93469365908368e-05,1,beta,2,2,landweber
1|0|0|1|0|1|0|2|1|0|0|0|0|1|0|1|0,0.801733732921601,1,3.18977058801993e-05,1,beta,2,2,landweber
1|0|0|1|0|1|0|2|1|0|0|0|0|1|0|1|1,0.677691881764825,1,2.2477933423127e-05,1,beta,2,2,landweber
1|0|0|1|0|1|0|2|1|0|0|0|0|1|0|2|0,0.733665503685906,1,2.7454609880748e-05,1,beta,2,2,landweber
1|0|0|1|0|1|0|2|1|0|0|0|0|1|0|2|1,0.621452762082223,1,1.93469365908368e-05,1,beta,2,2,landweber
1|0|0|1|0|1|0|2|1|0|0|0|0|1|0|3|0,0.704445670134595,1,2.3630401713998e-05,1,beta,2,2,landweber
1|0|0|1|0|1|0|2|1|0|0|0|0|1|0|3|1,0.605050424763681,1,1.66520626431231e-05,1,beta,2,2,landweber
1|0|0|1|0|1|0|2|1|0|0|1|0|1|0|0|0,0.947772767988536,1,0.000218767009780279,1,beta,2,2,landweber
1|0|0|1|0|1|0|2|1|0|0|1|0|1|0|0|1,0.824542838815706,1,0.000208097616813036,1,beta,2,2,landweber
1|0|0|1|0|1|0|2|1|0|0|1|0|1|0|1|0,0.868132760065823,1,0.000208097616813036,1,beta,2,2,landweber
1|0|0|1|0|1|0|2|1|0|0|1|0|1|0|1|1,0.741645897276634,1,0.000197948576281035,1,beta,2,2,landweber
1|0|0|1|0|1|0|2|1|0|0|1|0|1|0|2|0,0.809521800218512,1,0.000162066586929286,1,beta,2,2,landweber
1|0|0|1|0|1|0|2|1|0|0|1|0|1|0|2|1,0.693715807087531,1,0.00015416250621554,1,beta,2,2,landweber
1|0|0|1|0|1|0|2|1|0|0|1|0|1|0|3|0,0.783900270761678,1,0.000126217584810238,1,beta,2,2,landweber
1|0|0|1|0|1|0|2|1|0|0|1|0|1|0|3|1,0.680418763989079,1,0.000120061880560913,1,beta,2,2,landweber
1|0|0|1|0|1|0|2|1|0|1|0|1|0|0|0|0,0.961290163344698,1,0.0347158330496133,0,beta,2,2,landweber
1|0|0|1|0|1|0|2|1|1|0|0|0|1|0|0|0,0.851486015238776,1,0.000187989103333224,1,beta,2,2,landweber
1|0|0|1|0|1|0|2|1|1|0|0|0|1|0|0|1,0.73561006528649,1,0.000132473682115823,1,beta,2,2,landweber
1|0|0|1|0|1|0|2|1|1|0|0|0|1|0|1|0,0.77155264036702,1,0.000294825601496865,1,beta,2,2,landweber
1|0|0|1|0|1|0|2|1|1|0|0|0|1|0|1|1,0.656622945043775,1,0.000207760089918997,1,beta,2,2,landweber
1|0|0|1|0|1|0|2|1|1|0|0|0|1|0|2|0,0.702896784652224,1,0.00028044678723994,1,beta,2,2,landweber
1|0|0|1|0|1|0|2|1|1|0|0|0|1|0|2|1,0.602011814527345,1,0.000197627510767864,1,beta,2,2,landweber
1|0|0|1|0|1|0|2|1|1|0|0|0|1|0|3|0,0.673285924232509,1,0.000266769236029322,1,beta,2,2,landweber
1|0|0|1|0|1|0|2|1|1|0|0|0|1|0|3|1,0.586542829228907,1,0.000187989103333224,1,beta,2,2,landweber
1|0|0|1|0|1|0|2|1|1|0|1|0|1|0|0|0,0.916758922058834,1,0.00202893372273896,1,beta,2,2,landweber
1|0|0|1|0|1|0|2|1|1|0|1|0|1|0|0|1,0.79932943942481,1,0.00192998145743107,1,beta,2,2,landweber
1|0|0|1|0|1|0|2|1|1|0|1|0|1|0|1|0,0.835251100464571,1,0.0026052024687717,1,beta,2,2,landweber
1|0|0|1|0|1|0|2|1|1|0|1|0|1|0|1|1,0.718132895837829,1,0.00247814524507754,1,beta,2,2,landweber
1|0|0|1|0|1|0|2|1|1|0|1|0|1|0|2|0,0.775744424719612,1,0.00224231854507406,1,beta,2,2,landweber
1|0|0|1|0|1|0|2|1|1|0|1|0|1|0|2|1,0.671688817263352,1,0.00213295937917807,1,beta,2,2,landweber
1|0|0|1|0|1|0|2|1|1|0|1|0|1|0|3|0,0.749563196658408,1,0.00192998145743107,1,beta,2,2,landweber
1|0|0|1|0|1|0|2|1|1|0|1|0|1|0|3|1,0.659291761473112,1,0.00183585515104921,1,beta,2,2,landweber
1|0|0|1|0|1|0|3|0|0|0|0|0|1|0|0|0,0.865018326662081,1,4.16596616204748e-05,1,beta,2,2,landweber
1|0|0|1|0|1|0|3|0|0|0|0|0|1|0|0|1,0.745077980050905,1,2.93570673656604e-05,1,beta,2,2,landweber
1|0|0|1|0|1|0|3|0|0|0|0|0|1|0|1|0,0.787147066267035,1,4.84016214111409e-05,1,beta,2,2,landweber
1|0|0|1|0|1|0|3|0|0|0|0|0|1|0|1|1,0.664918869881212,1,3.41080461315053e-05,1,beta,2,2,landweber
1|0|0|1|0|1|0|3|0|0|0|0|0|1|0|2|0,0.719502873603041,1,4.16596616204748e-05,1,beta,2,2,landweber
1|0|0|1|0|1|0|3|0|0|0|0|0|1|0|2|1,0.609112520887901,1,2.93570673656604e-05,1,beta,2,2,landweber
1|0|0|1|0|1|0|3|0|0|0|0|0|1|0|3|0,0.690576241807134,1,3.58568030519115e-05,1,beta,2,2,landweber
1|0|0|1|0|1|0|3|0|0|0|0|0|1|0|3|1,0.592855041881102,1,2.52678620460717e-05,1,beta,2,2,landweber
1|0|0|1|0|1|0|3|0|0|0|1|0|1|0|0|0,0.931035498041801,1,0.00200822495391373,1,beta,2,2,landweber
1|0|0|1|0|1|0|3|0|0|0|1|0|1|0|0|1,0.809479150983571,1,0.00191028266717933,1,beta,2,2,landweber
1|0|0|1|0|1|0|3|0|0|0|1|0|1|0|1|0,0.851715478683206,1,0.00191028266717933,1,beta,2,2,landweber
1|0|0|1|0|1|0|3|0|0|0|1|0|1|0|1|1,0.727137425486193,1,0.00181711708213468,1,beta,2,2,landweber
1|0|0|1|0|1|0|3|0|0|0|1|0|1|0|2|0,0.793422718337629,1,0.00148772963708699,1,beta,2,2,landweber
1|0|0|1|0|1|0|3|0|0|0|1|0|1|0|2|1,0.679545038909,1,0.00141517220649891,1,beta,2,2,landweber
1|0|0|1|0|1|0|3|0|0|0|1|0|1|0|3|0,0.768071598809361,1,0.00115864500636189,1,beta,2,2,landweber
1|0|0|1|0|1|0|3|0|0|0|1|0|1|0|3|1,0.666363848933688,1,0.00110213722260224,1,beta,2,2,landweber
1|0|0|1|0|1|0|3|0|0|1|0|1|0|0|0|0,0.936920251440809,1,0.0260489960763803,0,beta,2,2,landweber
1|0|0|1|0|1|0|3|0|1|0|0|0|1|0|0|0,0.837481759891133,1,1.08149645313477e-05,1,beta,2,2,landweber
1|0|0|1|0|1|0|3|0|1|0|0|0|1|0|0|1,0.723093312186908,1,7.62117669597106e-06,1,beta,2,2,landweber
1|0|0|1|0|1|0|3|0|1|0|0|0|1|0|1|0,0.7579874719329,1,1.69612406601566e-05,1,beta,2,2,landweber
1|0|0|1|0|1|0|3|0|1|0|0|0|1|0|1|1,0.644669272595696,1,1.19523842800651e-05,1,beta,2,2,landweber
1|0|0|1|0|1|0|3|0|1|0|0|0|1|0|2|0,0.689764571519035,1,1.61340311919789e-05,1,beta,2,2,landweber
1|0|0|1|0|1|0|3|0|1|0|0|0|1|0|2|1,0.590454379592232,1,1.13694596201377e-05,1,beta,2,2,landweber
1|0|0|1|0|1|0|3|0|1|0|0|0|1|0|3|0,0.660448835002083,1,1.53471652056226e-05,1,beta,2,2,landweber
1|0|0|1|0|1|0|3|0|1|0|0|0|1|0|3|1,0.575111129458437,1,1.08149645313477e-05,1,beta,2,2,landweber
1|0|0|1|0|1|0|3|0|1|0|1|0|1|0|0|0,0.901134804891973,1,0.000706139248561502,1,beta,2,2,landweber
1|0|0|1|0|1|0|3|0|1|0|1|0|1|0|0|1,0.785232493909952,1,0.000671700431026524,1,beta,2,2,landweber
1|0|0|1|0|1|0|3|0|1|0|1|0|1|0|1|0,0.819973056995505,1,0.000906700742873751,1,beta,2,2,landweber
1|0|0|1|0|1|0|3|0|1|0|1|0|1|0|1|1,0.704550896756688,1,0.000862480425838168,1,beta,2,2,landweber
1|0|0|1|0|1|0|3|0|1|0|1|0|1|0|2|0,0.760802684938608,1,0.000780404561621963,1,beta,2,2,landweber
1|0|0|1|0|1|0|3|0|1|0|1|0|1|0|2|1,0.658413388332135,1,0.000742343782029392,1,beta,2,2,landweber
1|0|0|1|0|1|0|3|0|1|0|1|0|1|0|3|0,0.734896583002891,1,0.000671700431026524,1,beta,2,2,landweber
1|0|0|1|0|1|0|3|0|1|0|1|0|1|0|3|1,0.646114246727716,1,0.000638941214442242,1,beta,2,2,landweber
1|0|0|1|0|1|0|3|1|0|0|0|0|1|0|0|0,0.882237183725549,1,2.74435569969999e-06,1,beta,2,2,landweber
1|0|0|1|0|1|0|3|1|0|0|0|0|1|0|0|1,0.760426930609557,1,1.93391477553025e-06,1,beta,2,2,landweber
1|0|0|1|0|1|0|3|1|0|0|0|0|1|0|1|0,0.803879501315181,1,3.18848642613798e-06,1,beta,2,2,landweber
1|0|0|1|0|1|0|3|1|0|0|0|0|1|0|1|1,0.679570852871778,1,2.24688840872922e-06,1,beta,2,2,landweber
1|0|0|1|0|1|0|3|1|0|0|0|0|1|0|2|0,0.735748894272765,1,2.74435569969999e-06,1,beta,2,2,landweber
1|0|0|1|0|1|0|3|1|0|0|0|0|1|0|2|1,0.623268070552005,1,1.93391477553025e-06,1,beta,2,2,landweber
1|0|0|1|0|1|0|3|1|0|0|0|0|1|0|3|0,0.70648592934164,1,2.36208884087935e-06,1,beta,2,2,landweber
1|0|0|1|0|1|0|3|1|0|0|0|0|1|0|3|1,0.606844423883339,1,1.66453587302516e-06,1,beta,2,2,landweber
1|0|0|1|0|1|0|3|1|0|0|1|0|1|0|0|0,0.95023490040693,1,0.000132293047619095,1,beta,2,2,landweber
1|0|0|1|0|1|0|3|1|0|0|1|0|1|0|0|1,0.826758779304811,1,0.000125841039552158,1,beta,2,2,landweber
1|0|0|1|0|1|0|3|1|0|0|1|0|1|0|1|0,0.870547820636793,1,0.000125841039552158,1,beta,2,2,landweber
1|0|0|1|0|1|0|3|1|0|0|1|0|1|0|1|1,0.743780162831906,1,0.00011970369963177,1,beta,2,2,landweber
1|0|0|1|0|1|0|3|1|0|0|1|0|1|0|2|0,0.811890052121687,1,9.800510014574e-05,1,beta,2,2,landweber
1|0|0|1|0|1|0|3|1|0|0|1|0|1|0|2|1,0.695800394827165,1,9.32253350097671e-05,1,beta,2,2,landweber
1|0|0|1|0|1|0|3|1|0|0|1|0|1|0|3|0,0.786228744071719,1,7.63264487384938e-05,1,beta,2,2,landweber
1|0|0|1|0|1|0|3|1|0|0|1|0|1|0|3|1,0.682486309180486,1,7.26039639077007e-05,1,beta,2,2,landweber
1|0|0|1|0|1|0|3|1|0|1|0|1|0|0|0|0,0.964875093881334,1,0.0274954412637132,0,beta,2,2,landweber
1|0|0|1|0|1|0|3|1|1|0|0|0|1|0|0|0,0.853546108145005,1,2.60741341985584e-05,1,beta,2,2,landweber
1|0|0|1|0|1|0|3|1|1|0|0|0|1|0|0|1,0.737451339501317,1,1.83741318194515e-05,1,beta,2,2,landweber
1|0|0|1|0|1|0|3|1|1|0|0|0|1|0|1|0,0.7735481414893,1,4.08923823897052e-05,1,beta,2,2,landweber
1|0|0|1|0|1|0|3|1|1|0|0|0|1|0|1|1,0.658381387403069,1,2.88163748302485e-05,1,beta,2,2,landweber
1|0|0|1|0|1|0|3|1|1|0|0|0|1|0|2|0,0.70482859598008,1,3.88980373670224e-05,1,beta,2,2,landweber
1|0|0|1|0|1|0|3|1|1|0|0|0|1|0|2|1,0.603711968454347,1,2.74109836459741e-05,1,beta,2,2,landweber
1|0|0|1|0|1|0|3|1|1|0|0|0|1|0|3|0,0.675174321423487,1,3.700095769884e-05,1,beta,2,2,landweber
1|0|0|1|0|1|0|3|1|1|0|0|0|1|0|3|1,0.588224486912136,1,2.60741341985585e-05,1,beta,2,2,landweber
1|0|0|1|0|1|0|3|1|1|0|1|0|1|0|0|0,0.9190573043821,1,0.00170245306644269,1,beta,2,2,landweber
1|0|0|1|0|1|0|3|1|1|0|1|0|1|0|0|1,0.801403167497722,1,0.00161942345063175,1,beta,2,2,landweber
1|0|0|1|0|1|0|3|1|1|0|1|0|1|0|1|0,0.837498573692554,1,0.0021859930080304,1,beta,2,2,landweber
1|0|0|1|0|1|0|3|1|1|0|1|0|1|0|1|1,0.720130872828742,1,0.00207938087099134,1,beta,2,2,landweber
1|0|0|1|0|1|0|3|1|1|0|1|0|1|0|2|0,0.777942426067449,1,0.00188150161842117,1,beta,2,2,landweber
1|0|0|1|0|1|0|3|1|1|0|1|0|1|0|2|1,0.673641696319712,1,0.00178973970168793,1,beta,2,2,landweber
1|0|0|1|0|1|0|3|1|1|0|1|0|1|0|3|0,0.751720725637998,1,0.00161942345063176,1,beta,2,2,landweber
1|0|0|1|0|1|0|3|1|1|0|1|0|1|0|3|1,0.661230236884679,1,0.0015404432369674,1,beta,2,2,landweber
0|0|0|0|0|1|0|0|0|0|0|0|0|1|0|0|0,1.07494373347812,1,0.00420354465996152,1,beta,2,2,pmmr
0|0|0|0|0|1|0|0|0|0|0|0|0|1|0|0|1,0.983470351867444,1,0.00361802441808784,1,beta,2,2,pmmr
0|0|0|0|0|1|0|0|0|0|0|0|0|1|0|1|0,0.982164669180457,1,0.00488382212678092,1,beta,2,2,pmmr
0|0|0|0|0|1|0|0|0|0|0|0|0|1|0|1|1,0.878797507430172,1,0.00420354465996152,1,beta,2,2,pmmr
0|0|0|0|0|1|0|0|0|0|0|0|0|1|0|2|0,0.891277457221262,1,0.00380352449671843,1,beta,2,2,pmmr
0|0|0|0|0|1|0|0|0|0|0|0|0|1|0|2|1,0.794989340225905,1,0.00327372387285366,1,beta,2,2,pmmr
0|0|0|0|0|1|0|0|0|0|0|0|0|1|0|3|0,0.855936009608519,1,0.00296218785647559,1,beta,2,2,pmmr
0|0|0|0|0|1|0|0|0|0|0|0|0|1|0|3|1,0.769764997896585,1,0.00254957871573798,1,beta,2,2,pmmr
0|0|0|0|0|1|0|0|0|0|0|1|0|1|0|0|0,1.16206842081213,1,0.000520404079326314,1,beta,2,2,pmmr
0|0|0|0|0|1|0|0|0|0|0|1|0|1|0|0|1,1.06741251206216,1,0.000604623279416797,1,beta,2,2,pmmr
0|0|0|0|0|1|0|0|0|0|0|1|0|1|0|1|0,1.06087590866673,1,0.000495023672885394,1,beta,2,2,pmmr
0|0|0|0|0|1|0|0|0|0|0|1|0|1|0|1|1,0.953429784106315,1,0.000575135454119375,1,beta,2,2,pmmr
0|0|0|0|0|1|0|0|0|0|0|1|0|1|0|2|0,0.979100827307672,1,0.000348837286411149,1,beta,2,2,pmmr
0|0|0|0|0|1|0|0|0|0|0|1|0|1|0|2|1,0.878542623437853,1,0.000405291104492887,1,beta,2,2,pmmr
0|0|0|0|0|1|0|0|0|0|0|1|0|1|0|3|0,0.948833206178313,1,0.000245821480983732,1,beta,2,2,pmmr
0|0|0|0|0|1|0|0|0|0|0|1|0|1|0|3|1,0.857764345993328,1,0.00028560381420508,1,beta,2,2,pmmr
0|0|0|0|0|1|0|0|0|0|1|0|1|0|0|0|0,0.998102373871344,1,0.0340123692951178,0,beta,2,2,pmmr
0|0|0|0|0|1|0|0|0|1|0|0|0|1|0|0|0,1.05403811969121,1,0.000389888941052255,1,beta,2,2,pmmr
0|0|0|0|0|1|0|0|0|1|0|0|0|1|0|0|1,0.961103681363742,1,0.000335580521483595,1,beta,2,2,pmmr
0|0|0|0|0|1|0|0|0|1|0|0|0|1|0|1|0,0.957430671110225,1,0.000611467577240109,1,beta,2,2,pmmr
0|0|0|0|0|1|0|0|0|1|0|0|0|1|0|1|1,0.855987366683397,1,0.000526295021055867,1,beta,2,2,pmmr
0|0|0|0|0|1|0|0|0|1|0|0|0|1|0|2|0,0.863842731303615,1,0.000526295021055867,1,beta,2,2,pmmr
0|0|0|0|0|1|0|0|0|1|0|0|0|1|0|2|1,0.772429877597362,1,0.000452986322575578,1,beta,2,2,pmmr
0|0|0|0|0|1|0|0|0|1|0|0|0|1|0|3|0,0.827131875695792,1,0.000452986322575578,1,beta,2,2,pmmr
0|0|0|0|0|1|0|0|0|1|0|0|0|1|0|3|1,0.74775923890862,1,0.000389888941052255,1,beta,2,2,pmmr
0|0|0|0|0|1|0|0|0|1|0|1|0|1|0|0|0,1.13716048004937,1,6.54685048802593e-05,1,beta,2,2,pmmr
0|0|0|0|0|1|0|0|0|1|0|1|0|1|0|0|1,1.04269565521773,1,7.6063550790109e-05,1,beta,2,2,pmmr
0|0|0|0|0|1|0|0|0|1|0|1|0|1|0|1|0,1.03273917973149,1,8.40632242587983e-05,1,beta,2,2,pmmr
0|0|0|0|0|1|0|0|0|1|0|1|0|1|0|1|1,0.928942943619859,1,9.76675324980188e-05,1,beta,2,2,pmmr
0|0|0|0|0|1|0|0|0|1|0|1|0|1|0|2|0,0.949021252826071,1,6.54685048802593e-05,1,beta,2,2,pmmr
0|0|0|0|0|1|0|0|0|1|0|1|0|1|0|2|1,0.854902957976164,1,7.6063550790109e-05,1,beta,2,2,pmmr
0|0|0|0|0|1|0|0|0|1|0|1|0|1|0|3|0,0.917618363435777,1,5.098692286726e-05,1,beta,2,2,pmmr
0|0|0|0|0|1|0|0|0|1|0|1|0|1|0|3|1,0.834871075454178,1,5.92383529185285e-05,1,beta,2,2,pmmr
0|0|0|0|0|1|0|0|1|0|0|0|0|1|0|0|0,1.05981442644835,1,0.000598055413868472,1,beta,2,2,pmmr
0|0|0|0|0|1|0|0|1|0|0|0|0|1|0|0|1,0.966245226392203,1,0.000514751065060783,1,beta,2,2,pmmr
0|0|0|0|0|1|0|0|1|0|0|0|0|1|0|1|0,0.967541972694746,1,0.000694841258881426,1,beta,2,2,pmmr
0|0|0|0|0|1|0|0|1|0|0|0|0|1|0|1|1,0.862515994704049,1,0.000598055413868473,1,beta,2,2,pmmr
0|0|0|0|0|1|0|0|1|0|0|0|0|1|0|2|0,0.8771347987687,1,0.000541142916527176,1,beta,2,2,pmmr
0|0|0|0|0|1|0|0|1|0|0|0|0|1|0|2|1,0.779483495802673,1,0.000465766024640859,1,beta,2,2,pmmr
0|0|0|0|0|1|0|0|1|0|0|0|0|1|0|3|0,0.841844254263083,1,0.000421442527144908,1,beta,2,2,pmmr
0|0|0|0|0|1|0|0|1|0|0|0|0|1|0|3|1,0.754452556126952,1,0.000362738944718357,1,beta,2,2,pmmr
0|0|0|0|0|1|0|0|1|0|0|1|0|1|0|0|0,1.14430526932802,1,7.40400072359856e-05,1,beta,2,2,pmmr
0|0|0|0|0|1|0|0|1|0|0|1|0|1|0|0|1,1.04830486936973,1,8.6022215738618e-05,1,beta,2,2,pmmr
0|0|0|0|0|1|0|0|1|0|0|1|0|1|0|1|0,1.04412430629744,1,7.04290334731153e-05,1,beta,2,2,pmmr
0|0|0|0|0|1|0|0|1|0|0|1|0|1|0|1|1,0.93575308775151,1,8.18268627713218e-05,1,beta,2,2,pmmr
0|0|0|0|0|1|0|0|1|0|0|1|0|1|0|2|0,0.963119743022257,1,4.9630501058905e-05,1,beta,2,2,pmmr
0|0|0|0|0|1|0|0|1|0|0|1|0|1|0|2|1,0.861801944751034,1,5.76624156139981e-05,1,beta,2,2,pmmr
0|0|0|0|0|1|0|0|1|0|0|1|0|1|0|3|0,0.933004405114117,1,3.49740229829823e-05,1,beta,2,2,pmmr
0|0|0|0|0|1|0|0|1|0|0|1|0|1|0|3|1,0.841243719342132,1,4.06340175075948e-05,1,beta,2,2,pmmr
0|0|0|0|0|1|0|0|1|0|1|0|1|0|0|0|0,0.994978949714528,1,0.0344508323933191,0,beta,2,2,pmmr
0|0|0|0|0|1|0|0|1|1|0|0|0|1|0|0|0,1.03811023870007,1,0.0020301438508996,1,beta,2,2,pmmr
0|0|0|0|0|1|0|0|1|1|0|0|0|1|0|0|1,0.944144925006787,1,0.00174736100575957,1,beta,2,2,pmmr
0|0|0|0|0|1|0|0|1|1|0|0|0|1|0|1|0,0.942359805167775,1,0.00318389933966378,1,beta,2,2,pmmr
0|0|0|0|0|1|0|0|1|1|0|0|0|1|0|1|1,0.840281574889877,1,0.00274040755778309,1,beta,2,2,pmmr
0|0|0|0|0|1|0|0|1|1|0|0|0|1|0|2|0,0.849593153917314,1,0.00274040755778309,1,beta,2,2,pmmr
0|0|0|0|0|1|0|0|1|1|0|0|0|1|0|2|1,0.757732715636446,1,0.00235869064363942,1,beta,2,2,pmmr
0|0|0|0|0|1|0|0|1|1|0|0|0|1|0|3|0,0.813098729019431,1,0.00235869064363942,1,beta,2,2,pmmr
0|0|0|0|0|1|0|0|1|1|0|0|0|1|0|3|1,0.733337681626102,1,0.0020301438508996,1,beta,2,2,pmmr
0|0|0|0|0|1|0|0|1|1|0|1|0|1|0|0|0,1.11855786556285,1,0.000340893184227136,1,beta,2,2,pmmr
0|0|0|0|0|1|0|0|1|1|0|1|0|1|0|0|1,1.02378128262783,1,0.000396061374547767,1,beta,2,2,pmmr
0|0|0|0|0|1|0|0|1|1|0|1|0|1|0|1|0,1.01552556144637,1,0.000437715512923259,1,beta,2,2,pmmr
0|0|0|0|0|1|0|0|1|1|0|1|0|1|0|1|1,0.911773534164989,1,0.000508552871487617,1,beta,2,2,pmmr
0|0|0|0|0|1|0|0|1|1|0|1|0|1|0|2|0,0.932885126607366,1,0.000340893184227136,1,beta,2,2,pmmr
0|0|0|0|0|1|0|0|1|1|0|1|0|1|0|2|1,0.838867360375018,1,0.000396061374547767,1,beta,2,2,pmmr
0|0|0|0|0|1|0|0|1|1|0|1|0|1|0|3|0,0.901784513849558,1,0.000265487878819798,1,beta,2,2,pmmr
0|0|0|0|0|1|0|0|1|1|0|1|0|1|0|3|1,0.819120783558282,1,0.000308452908642138,1,beta,2,2,pmmr
0|0|0|0|0|1|0|1|0|0|0|0|0|1|0|0|0,1.08680617171147,1,0.00268589286761164,1,beta,2,2,pmmr
0|0|0|0|0|1|0|1|0|0|0|0|0|1|0|0|1,0.996696062586672,1,0.00231176941497651,1,beta,2,2,pmmr
0|0|0|0|0|1|0|1|0|0|0|0|0|1|0|1|0,0.994696565937875,1,0.00312056230589087,1,beta,2,2,pmmr
0|0|0|0|0|1|0|1|0|0|0|0|0|1|0|1|1,0.892338433344774,1,0.00268589286761164,1,beta,2,2,pmmr
0|0|0|0|0|1|0|1|0|0|0|0|0|1|0|2|0,0.904433595187735,1,0.00243029636745092,1,beta,2,2,pmmr
0|0|0|0|0|1|0|1|0|0|0|0|0|1|0|2|1,0.808761640521031,1,0.00209177546854185,1,beta,2,2,pmmr
0|0|0|0|0|1|0|1|0|0|0|0|0|1|0|3|0,0.869316473177549,1,0.00189271671406637,1,beta,2,2,pmmr
0|0|0|0|0|1|0|1|0|0|0|0|0|1|0|3|1,0.783607989664597,1,0.00162907637290995,1,beta,2,2,pmmr
0|0|0|0|0|1|0|1|0|0|0|1|0|1|0|0|0,1.17542481434211,1,0.00201160997144684,1,beta,2,2,pmmr
0|0|0|0|0|1|0|1|0|0|0|1|0|1|0|0|1,1.08225842581856,1,0.0023371573478406,1,beta,2,2,pmmr
0|0|0|0|0|1|0|1|0|0|0|1|0|1|0|1|0,1.0750679773827,1,0.00191350259545927,1,beta,2,2,pmmr
0|0|0|0|0|1|0|1|0|0|0|1|0|1|0|1|1,0.968680440934381,1,0.00222317283895403,1,beta,2,2,pmmr
0|0|0|0|0|1|0|1|0|0|0|1|0|1|0|2|0,0.993936746718921,1,0.00134842248866599,1,beta,2,2,pmmr
0|0|0|0|0|1|0|1|0|0|0|1|0|1|0|2|1,0.89404348162662,1,0.00156664342099704,1,beta,2,2,pmmr
0|0|0|0|0|1|0|1|0|0|0|1|0|1|0|3|0,0.96388338436551,1,0.000950217267671792,1,beta,2,2,pmmr
0|0|0|0|0|1|0|1|0|0|0|1|0|1|0|3|1,0.873336120203923,1,0.0011039949596128,1,beta,2,2,pmmr
0|0|0|0|0|1|0|1|0|0|1|0|1|0|0|0|0,1.00469051304978,1,0.0447899109255408,0,beta,2,2,pmmr
0|0|0|0|0|1|0|1|0|1|0|0|0|1|0|0|0,1.0638174503708,1,0.000309654570393583,1,beta,2,2,pmmr
0|0|0|0|0|1|0|1|0|1|0|0|0|1|0|0|1,0.972253171286066,1,0.000266522158674232,1,beta,2,2,pmmr
0|0|0|0|0|1|0|1|0|1|0|0|0|1|0|1|0,0.967914554354947,1,0.00048563503604098,1,beta,2,2,pmmr
0|0|0|0|0|1|0|1|0|1|0|0|0|1|0|1|1,0.867495298136928,1,0.000417989949151942,1,beta,2,2,pmmr
0|0|0|0|0|1|0|1|0|1|0|0|0|1|0|2|0,0.874975529887431,1,0.000417989949151942,1,beta,2,2,pmmr
0|0|0|0|0|1|0|1|0|1|0|0|0|1|0|2|1,0.784207140269456,1,0.000359767283300581,1,beta,2,2,pmmr
0|0|0|0|0|1|0|1|0|1|0|0|0|1|0|3|0,0.838504509082911,1,0.000359767283300581,1,beta,2,2,pmmr
0|0|0|0|0|1|0|1|0|1|0|0|0|1|0|3|1,0.759617400197308,1,0.000309654570393583,1,beta,2,2,pmmr
0|0|0|0|0|1|0|1|0|1|0|1|0|1|0|0|0,1.14817433654843,1,0.000314556792644816,1,beta,2,2,pmmr
0|0|0|0|0|1|0|1|0|1|0|1|0|1|0|0|1,1.05530083142442,1,0.000365462852977528,1,beta,2,2,pmmr
0|0|0|0|0|1|0|1|0|1|0|1|0|1|0|1|0,1.0446732631719,1,0.000403898916747719,1,beta,2,2,pmmr
0|0|0|0|0|1|0|1|0|1|0|1|0|1|0|1|1,0.94204593249316,1,0.000469263592078361,1,beta,2,2,pmmr
0|0|0|0|0|1|0|1|0|1|0|1|0|1|0|2|0,0.961661774923245,1,0.000314556792644816,1,beta,2,2,pmmr
0|0|0|0|0|1|0|1|0|1|0|1|0|1|0|2|1,0.868318585248621,1,0.000365462852977528,1,beta,2,2,pmmr
0|0|0|0|0|1|0|1|0|1|0|1|0|1|0|3|0,0.930507317613159,1,0.000244977076432212,1,beta,2,2,pmmr
0|0|0|0|0|1|0|1|0|1|0|1|0|1|0|3|1,0.848373759415541,1,0.000284622756082408,1,beta,2,2,pmmr
0|0|0|0|0|1|0|1|1|0|0|0|0|1|0|0|0,1.07046572093044,1,0.000297765675233586,1,beta,2,2,pmmr
0|0|0|0|0|1|0|1|1|0|0|0|0|1|0|0|1,0.978262079618482,1,0.000256289291779141,1,beta,2,2,pmmr
0|0|0|0|0|1|0|1|1|0|0|0|0|1|0|1|0,0.978971861347741,1,0.000345954357795489,1,beta,2,2,pmmr
0|0|0|0|0|1|0|1|1|0|0|0|0|1|0|1|1,0.874971153501169,1,0.000297765675233586,1,beta,2,2,pmmr
0|0|0|0|0|1|0|1|1|0|0|0|0|1|0|2|0,0.889293575354681,1,0.000269429524758092,1,beta,2,2,pmmr
0|0|0|0|0|1|0|1|1|0|0|0|0|1|0|2|1,0.792268707437748,1,0.000231900141043703,1,beta,2,2,pmmr
0|0|0|0|0|1|0|1|1|0|0|0|0|1|0|3|0,0.854260077128144,1,0.000209831924864159,1,beta,2,2,pmmr
0|0|0|0|0|1|0|1|1|0|0|0|0|1|0|3|1,0.767336096596972,1,0.000180604011439205,1,beta,2,2,pmmr
0|0|0|0|0|1|0|1|1|0|0|1|0|1|0|0|0,1.15625226449293,1,0.000223012767440392,1,beta,2,2,pmmr
0|0|0|0|0|1|0|1|1|0|0|1|0|1|0|0|1,1.061793241259,1,0.000259103869777846,1,beta,2,2,pmmr
0|0|0|0|0|1|0|1|1|0|0|1|0|1|0|1|0,1.05705552426851,1,0.000212136306428635,1,beta,2,2,pmmr
0|0|0|0|0|1|0|1|1|0|0|1|0|1|0|1|1,0.949808636917876,1,0.000246467224934689,1,beta,2,2,pmmr
0|0|0|0|0|1|0|1|1|0|0|1|0|1|0|2|0,0.976811426025935,1,0.000149489928537179,1,beta,2,2,pmmr
0|0|0|0|0|1|0|1|1|0|0|1|0|1|0|2|1,0.876213650742325,1,0.000173682517917498,1,beta,2,2,pmmr
0|0|0|0|0|1|0|1|1|0|0|1|0|1|0|3|0,0.94694612630379,1,0.000105343772173051,1,beta,2,2,pmmr
0|0|0|0|0|1|0|1|1|0|0|1|0|1|0|3|1,0.855753847145851,1,0.000122392001768818,1,beta,2,2,pmmr
0|0|0|0|0|1|0|1|1|0|1|0|1|0|0|0|0,1.00113551591295,1,0.0445846694872666,0,beta,2,2,pmmr
0|0|0|0|0|1|0|1|1|1|0|0|0|1|0|0|0,1.04678856972906,1,0.00125638741236582,1,beta,2,2,pmmr
0|0|0|0|0|1|0|1|1|1|0|0|0|1|0|0|1,0.954230337623115,1,0.0010813826673033,1,beta,2,2,pmmr
0|0|0|0|0|1|0|1|1|1|0|0|0|1|0|1|0,0.951856994703772,1,0.00197040768850978,1,beta,2,2,pmmr
0|0|0|0|0|1|0|1|1|1|0|0|0|1|0|1|1,0.850850574603044,1,0.00169594561430963,1,beta,2,2,pmmr
0|0|0|0|0|1|0|1|1|1|0|0|0|1|0|2|0,0.859848123449561,1,0.00169594561430963,1,beta,2,2,pmmr
0|0|0|0|0|1|0|1|1|1|0|0|0|1|0|2|1,0.768670576622751,1,0.00145971391781939,1,beta,2,2,pmmr
0|0|0|0|0|1|0|1|1|1|0|0|0|1|0|3|0,0.823629851286793,1,0.00145971391781939,1,beta,2,2,pmmr
0|0|0|0|0|1|0|1|1|1|0|0|0|1|0|3|1,0.744384670553958,1,0.00125638741236582,1,beta,2,2,pmmr
0|0|0|0|0|1|0|1|1|1|0|1|0|1|0|0|0,1.12829648059223,1,0.00127627760911389,1,beta,2,2,pmmr
0|0|0|0|0|1|0|1|1|1|0|1|0|1|0|0|1,1.03519055175485,1,0.0014828230294959,1,beta,2,2,pmmr
0|0|0|0|0|1|0|1|1|1|0|1|0|1|0|1|0,1.02633534614668,1,0.0016387728888517,1,beta,2,2,pmmr
0|0|0|0|0|1|0|1|1|1|0|1|0|1|0|1|1,0.923841609138162,1,0.00190398245832266,1,beta,2,2,pmmr
0|0|0|0|0|1|0|1|1|1|0|1|0|1|0|2|0,0.944519568706641,1,0.00127627760911389,1,beta,2,2,pmmr
0|0|0|0|0|1|0|1|1|1|0|1|0|1|0|2|1,0.851352416686287,1,0.0014828230294959,1,beta,2,2,pmmr
0|0|0|0|0|1|0|1|1|1|0|1|0|1|0|3|0,0.91370601867708,1,0.000993966001394401,1,beta,2,2,pmmr
0|0|0|0|0|1|0|1|1|1|0|1|0|1|0|3|1,0.831720104667603,1,0.00115482373652772,1,beta,2,2,pmmr
0|0|0|0|0|1|0|2|0|0|0|0|0|1|0|0|0,1.09733072734353,1,0.000549674178742178,1,beta,2,2,pmmr
0|0|0|0|0|1|0|2|0|0|0|0|0|1|0|0|1,1.00496954512592,1,0.000473108950078285,1,beta,2,2,pmmr
0|0|0|0|0|1|0|2|0|0|0|0|0|1|0|1|0,1.00426579118974,1,0.000638630283206209,1,beta,2,2,pmmr
0|0|0|0|0|1|0|2|0|0|0|0|0|1|0|1|1,0.899603450187967,1,0.000549674178742178,1,beta,2,2,pmmr
0|0|0|0|0|1|0|2|0|0|0|0|0|1|0|2|0,0.913046229289256,1,0.000497365764654109,1,beta,2,2,pmmr
0|0|0|0|0|1|0|2|0|0|0|0|0|1|0|2|1,0.81522395070175,1,0.000428086680838539,1,beta,2,2,pmmr
0|0|0|0|0|1|0|2|0|0|0|0|0|1|0|3|0,0.877469398394739,1,0.000387348846985528,1,beta,2,2,pmmr
0|0|0|0|0|1|0|2|0|0|0|0|0|1|0|3|1,0.789805078513269,1,0.000333394242259493,1,beta,2,2,pmmr
0|0|0|0|0|1|0|2|0|0|0|1|0|1|0|0|0,1.18632935261814,1,0.00249052265950232,1,beta,2,2,pmmr
0|0|0|0|0|1|0|2|0|0|0|1|0|1|0|0|1,1.09093980428155,1,0.0028935745081005,1,beta,2,2,pmmr
0|0|0|0|0|1|0|2|0|0|0|1|0|1|0|1|0,1.08499693908747,1,0.00236905843610438,1,beta,2,2,pmmr
0|0|0|0|0|1|0|2|0|0|0|1|0|1|0|1|1,0.976327803970454,1,0.00275245321409038,1,beta,2,2,pmmr
0|0|0|0|0|1|0|2|0|0|0|1|0|1|0|2|0,1.00303998574778,1,0.0016694472637704,1,beta,2,2,pmmr
0|0|0|0|0|1|0|2|0|0|0|1|0|1|0|2|1,0.90100525545548,1,0.00193962099747748,1,beta,2,2,pmmr
0|0|0|0|0|1|0|2|0|0|0|1|0|1|0|3|0,0.97259008519469,1,0.00117643960319249,1,beta,2,2,pmmr
0|0|0|0|0|1|0|2|0|0|0|1|0|1|0|3|1,0.880082524176993,1,0.00136682781549071,1,beta,2,2,pmmr
0|0|0|0|0|1|0|2|0|0|1|0|1|0|0|0|0,1.0147405877728,1,0.0388813985793297,0,beta,2,2,pmmr
0|0|0|0|0|1|0|2|0|1|0|0|0|1|0|0|0,1.07272482630226,1,8.0001275564788e-05,1,beta,2,2,pmmr
0|0|0|0|0|1|0|2|0|1|0|0|0|1|0|0|1,0.979193319444005,1,6.8857736002792e-05,1,beta,2,2,pmmr
0|0|0|0|0|1|0|2|0|1|0|0|0|1|0|1|0,0.976009434839136,1,0.000125466975323014,1,beta,2,2,pmmr
0|0|0|0|0|1|0|2|0|1|0|0|0|1|0|1|1,0.87363819691355,1,0.000107990426438444,1,beta,2,2,pmmr
0|0|0|0|0|1|0|2|0|1|0|0|0|1|0|2|0,0.882262488284382,1,0.000107990426438444,1,beta,2,2,pmmr
0|0|0|0|0|1|0|2|0|1|0|0|0|1|0|2|1,0.78971993276419,1,9.29482214131121e-05,1,beta,2,2,pmmr
0|0|0|0|0|1|0|2|0|1|0|0|0|1|0|3|0,0.845384839863,1,9.29482214131121e-05,1,beta,2,2,pmmr
0|0|0|0|0|1|0|2|0|1|0|0|0|1|0|3|1,0.764927143260042,1,8.0001275564788e-05,1,beta,2,2,pmmr
0|0|0|0|0|1|0|2|0|1|0|1|0|1|0|0|0,1.15738494232512,1,0.000491641519759723,1,beta,2,2,pmmr
0|0|0|0|0|1|0|2|0|1|0|1|0|1|0|0|1,1.06260846969264,1,0.00057120595280382,1,beta,2,2,pmmr
0|0|0|0|0|1|0|2|0|1|0|1|0|1|0|1|0,1.0530854600988,1,0.000631280207270472,1,beta,2,2,pmmr
0|0|0|0|0|1|0|2|0|1|0|1|0|1|0|1|1,0.948556597877313,1,0.000733442961563443,1,beta,2,2,pmmr
0|0|0|0|0|1|0|2|0|1|0|1|0|1|0|2|0,0.969394021258445,1,0.000491641519759723,1,beta,2,2,pmmr
0|0|0|0|0|1|0|2|0|1|0|1|0|1|0|2|1,0.874305841143357,1,0.00057120595280382,1,beta,2,2,pmmr
0|0|0|0|0|1|0|2|0|1|0|1|0|1|0|3|0,0.937890727381783,1,0.000382890800579288,1,beta,2,2,pmmr
0|0|0|0|0|1|0|2|0|1|0|1|0|1|0|3|1,0.854201203337736,1,0.000444855643338663,1,beta,2,2,pmmr
0|0|0|0|0|1|0|2|1|0|0|0|0|1|0|0|0,1.08042808172766,1,4.78356554440972e-05,1,beta,2,2,pmmr
0|0|0|0|0|1|0|2|1|0|0|0|0|1|0|0|1,0.986189956514176,1,4.11725301982552e-05,1,beta,2,2,pmmr
0|0|0|0|0|1|0|2|1|0|0|0|0|1|0|1|0,0.988120156386107,1,5.55771025183038e-05,1,beta,2,2,pmmr
0|0|0|0|0|1|0|2|1|0|0|0|0|1|0|1|1,0.882025203548917,1,4.78356554440972e-05,1,beta,2,2,pmmr
0|0|0|0|0|1|0|2|1|0|0|0|0|1|0|2|0,0.897622699825269,1,4.32834909620947e-05,1,beta,2,2,pmmr
0|0|0|0|0|1|0|2|1|0|0|0|0|1|0|2|1,0.798626625901893,1,3.72544459185968e-05,1,beta,2,2,pmmr
0|0|0|0|0|1|0|2|1|0|0|0|0|1|0|3|0,0.862184751686376,1,3.37092166553435e-05,1,beta,2,2,pmmr
0|0|0|0|0|1|0|2|1|0|0|0|0|1|0|3|1,0.773461669244088,1,2.90137916542945e-05,1,beta,2,2,pmmr
0|0|0|0|0|1|0|2|1|0|0|1|0|1|0|0|0,1.16653192533886,1,0.000216738912656018,1,beta,2,2,pmmr
0|0|0|0|0|1|0|2|1|0|0|1|0|1|0|0|1,1.07009180534572,1,0.000251814690455457,1,beta,2,2,pmmr
0|0|0|0|0|1|0|2|1|0|0|1|0|1|0|1|0,1.06652632185086,1,0.000206168431152695,1,beta,2,2,pmmr
0|0|0|0|0|1|0|2|1|0|0|1|0|1|0|1|1,0.957228015153291,1,0.000239533543082769,1,beta,2,2,pmmr
0|0|0|0|0|1|0|2|1|0|0|1|0|1|0|2|0,0.985590723852369,1,0.000145284437909297,1,beta,2,2,pmmr
0|0|0|0|0|1|0|2|1|0|0|1|0|1|0|2|1,0.88304848141251,1,0.000168796434898552,1,beta,2,2,pmmr
0|0|0|0|0|1|0|2|1|0|0|1|0|1|0|3|0,0.955380354867977,1,0.000102380213016159,1,beta,2,2,pmmr
0|0|0|0|0|1|0|2|1|0|0|1|0|1|0|3|1,0.862402303943494,1,0.00011894883725999,1,beta,2,2,pmmr
0|0|0|0|0|1|0|2|1|0|1|0|1|0|0|0|0,1.01085789397832,1,0.0375435951500442,0,beta,2,2,pmmr
0|0|0|0|0|1|0|2|1|1|0|0|0|1|0|0|0,1.05526472915002,1,0.000254802355950676,1,beta,2,2,pmmr
0|0|0|0|0|1|0|2|1|1|0|0|0|1|0|0|1,0.96093519215316,1,0.000219310420178643,1,beta,2,2,pmmr
0|0|0|0|0|1|0|2|1|1|0|0|0|1|0|1|0,0.95965085051402,1,0.000399609639729048,1,beta,2,2,pmmr
0|0|0|0|0|1|0|2|1|1|0|0|0|1|0|1|1,0.856873995446087,1,0.000343947204371135,1,beta,2,2,pmmr
0|0|0|0|0|1|0|2|1|1|0|0|0|1|0|2|0,0.866958774457103,1,0.000343947204371135,1,beta,2,2,pmmr
0|0|0|0|0|1|0|2|1|1|0|0|0|1|0|2|1,0.774154958090942,1,0.000296038102271336,1,beta,2,2,pmmr
0|0|0|0|0|1|0|2|1|1|0|0|0|1|0|3|0,0.830384264977649,1,0.000296038102271336,1,beta,2,2,pmmr
0|0|0|0|0|1|0|2|1|1|0|0|0|1|0|3|1,0.749693409732293,1,0.000254802355950676,1,beta,2,2,pmmr
0|0|0|0|0|1|0|2|1|1|0|1|0|1|0|0|0,1.13703600568978,1,0.00156586775190226,1,beta,2,2,pmmr
0|0|0|0|0|1|0|2|1|1|0|1|0|1|0|0|1,1.0422446144664,1,0.00181927877374401,1,beta,2,2,pmmr
0|0|0|0|0|1|0|2|1|1|0|1|0|1|0|1|0,1.03442921306705,1,0.0020106139926142,1,beta,2,2,pmmr
0|0|0|0|0|1|0|2|1|1|0|1|0|1|0|1|1,0.930232208634837,1,0.00233600018552781,1,beta,2,2,pmmr
0|0|0|0|0|1|0|2|1|1|0|1|0|1|0|2|0,0.952055144276685,1,0.00156586775190226,1,beta,2,2,pmmr
0|0|0|0|0|1|0|2|1|1|0|1|0|1|0|2|1,0.85730594041482,1,0.00181927877374401,1,beta,2,2,pmmr
0|0|0|0|0|1|0|2|1|1|0|1|0|1|0|3|0,0.920939994256973,1,0.00121949903136774,1,beta,2,2,pmmr
0|0|0|0|0|1|0|2|1|1|0|1|0|1|0|3|1,0.837537832894003,1,0.00141685573361702,1,beta,2,2,pmmr
0|0|0|0|0|1|0|3|0|0|0|0|0|1|0|0|0,1.10522296116701,1,7.26614176195367e-05,1,beta,2,2,pmmr
0|0|0|0|0|1|0|3|0|0|0|0|0|1|0|0|1,1.00712976153507,1,6.25402617234875e-05,1,beta,2,2,pmmr
0|0|0|0|0|1|0|3|0|0|0|0|0|1|0|1|0,1.0096150519309,1,8.44205231155579e-05,1,beta,2,2,pmmr
0|0|0|0|0|1|0|3|0|0|0|0|0|1|0|1|1,0.899507731335172,1,7.26614176195367e-05,1,beta,2,2,pmmr
0|0|0|0|0|1|0|3|0|0|0|0|0|1|0|2|0,0.915900168712177,1,6.57467695096942e-05,1,beta,2,2,pmmr
0|0|0|0|0|1|0|3|0|0|0|0|0|1|0|2|1,0.813353920877856,1,5.65887689411735e-05,1,beta,2,2,pmmr
0|0|0|0|0|1|0|3|0|0|0|0|0|1|0|3|0,0.879208866751596,1,5.1203635578565e-05,1,beta,2,2,pmmr
0|0|0|0|0|1|0|3|0|0|0|0|0|1|0|3|1,0.787355604081548,1,4.40713775644328e-05,1,beta,2,2,pmmr
0|0|0|0|0|1|0|3|0|0|0|1|0|1|0|0|0,1.19339453529439,1,0.00199167785833815,1,beta,2,2,pmmr
0|0|0|0|0|1|0|3|0|0|0|1|0|1|0|0|1,1.09221043864776,1,0.002313999536301,1,beta,2,2,pmmr
0|0|0|0|0|1|0|3|0|0|0|1|0|1|0|1|0,1.08931124052846,1,0.00189454258297782,1,beta,2,2,pmmr
0|0|0|0|0|1|0|3|0|0|0|1|0|1|0|1|1,0.975202902707325,1,0.00220114444721052,1,beta,2,2,pmmr
0|0|0|0|0|1|0|3|0|0|0|1|0|1|0|2|0,1.00509544090265,1,0.00133506159368939,1,beta,2,2,pmmr
0|0|0|0|0|1|0|3|0|0|0|1|0|1|0|2|1,0.898311833825093,1,0.00155112027569973,1,beta,2,2,pmmr
0|0|0|0|0|1|0|3|0|0|0|1|0|1|0|3|0,0.973665301994475,1,0.0009408020041138,1,beta,2,2,pmmr
0|0|0|0|0|1|0|3|0|0|0|1|0|1|0|3|1,0.876905192917624,1,0.00109305598400681,1,beta,2,2,pmmr
0|0|0|0|0|1|0|3|0|0|1|0|1|0|0|0|0,1.02728463254007,1,0.0315094930517083,0,beta,2,2,pmmr
0|0|0|0|0|1|0|3|0|1|0|0|0|1|0|0|0,1.07969232177617,1,1.44923340792784e-05,1,beta,2,2,pmmr
0|0|0|0|0|1|0|3|0|1|0|0|0|1|0|0|1,0.980973412509023,1,1.24736675390516e-05,1,beta,2,2,pmmr
0|0|0|0|0|1|0|3|0|1|0|0|0|1|0|1|0,0.980678589289332,1,2.27285041327267e-05,1,beta,2,2,pmmr
0|0|0|0|0|1|0|3|0|1|0|0|0|1|0|1|1,0.873522907742829,1,1.95626047992477e-05,1,beta,2,2,pmmr
0|0|0|0|0|1|0|3|0|1|0|0|0|1|0|2|0,0.884702482294233,1,1.95626047992478e-05,1,beta,2,2,pmmr
0|0|0|0|0|1|0|3|0|1|0|0|0|1|0|2|1,0.788121716500649,1,1.68376899903637e-05,1,beta,2,2,pmmr
0|0|0|0|0|1|0|3|0|1|0|0|0|1|0|3|0,0.846797935423374,1,1.68376899903637e-05,1,beta,2,2,pmmr
0|0|0|0|0|1|0|3|0|1|0|0|0|1|0|3|1,0.762857661899825,1,1.44923340792783e-05,1,beta,2,2,pmmr
0|0|0|0|0|1|0|3|0|1|0|1|0|1|0|0|0,1.16365266610265,1,0.000538790643463431,1,beta,2,2,pmmr
0|0|0|0|0|1|0|3|0|1|0|1|0|1|0|0|1,1.06359458402499,1,0.000625985419237419,1,beta,2,2,pmmr
0|0|0|0|0|1|0|3|0|1|0|1|0|1|0|1|0,1.05686083532346,1,0.000691820880480588,1,beta,2,2,pmmr
0|0|0|0|0|1|0|3|0|1|0|1|0|1|0|1|1,0.947504783351114,1,0.000803781188776778,1,beta,2,2,pmmr
0|0|0|0|0|1|0|3|0|1|0|1|0|1|0|2|0,0.97113006871989,1,0.000538790643463431,1,beta,2,2,pmmr
0|0|0|0|0|1|0|3|0|1|0|1|0|1|0|2|1,0.87193100180819,1,0.000625985419237419,1,beta,2,2,pmmr
0|0|0|0|0|1|0|3|0|1|0|1|0|1|0|3|0,0.93870369681741,1,0.000419610575040866,1,beta,2,2,pmmr
0|0|0|0|0|1|0|3|0|1|0|1|0|1|0|3|1,0.85143163725262,1,0.000487517934693384,1,beta,2,2,pmmr
0|0|0|0|0|1|0|3|1|0|0|0|0|1|0|0|0,1.08850543884607,1,5.03517541734159e-06,1,beta,2,2,pmmr
0|0|0|0|0|1|0|3|1|0|0|0|0|1|0|0|1,0.988941821625372,1,4.33381564440528e-06,1,beta,2,2,pmmr
0|0|0|0|0|1|0|3|1|0|0|0|0|1|0|1|0,0.993810592037091,1,5.85003921801114e-06,1,beta,2,2,pmmr
0|0|0|0|0|1|0|3|1|0|0|0|0|1|0|1|1,0.882646756838689,1,5.03517541734159e-06,1,beta,2,2,pmmr
0|0|0|0|0|1|0|3|1|0|0|0|0|1|0|2|0,0.900970758380955,1,4.5560151239855e-06,1,beta,2,2,pmmr
0|0|0|0|0|1|0|3|1|0|0|0|0|1|0|2|1,0.79757183797997,1,3.92139855792752e-06,1,beta,2,2,pmmr
0|0|0|0|0|1|0|3|1|0|0|0|0|1|0|3|0,0.864488716436959,1,3.54822814624507e-06,1,beta,2,2,pmmr
0|0|0|0|0|1|0|3|1|0|0|0|0|1|0|3|1,0.771860412532361,1,3.05398826764903e-06,1,beta,2,2,pmmr
0|0|0|0|0|1|0|3|1|0|0|1|0|1|0|0|0,1.17386850212836,1,0.000138016126303479,1,beta,2,2,pmmr
0|0|0|0|0|1|0|3|1|0|0|1|0|1|0|0|1,1.07203625764673,1,0.000160351861588094,1,beta,2,2,pmmr
0|0|0|0|0|1|0|3|1|0|0|1|0|1|0|1|0,1.07127546566244,1,0.000131285000395476,1,beta,2,2,pmmr
0|0|0|0|0|1|0|3|1|0|0|1|0|1|0|1|1,0.956900045265667,1,0.000152531409016061,1,beta,2,2,pmmr
0|0|0|0|0|1|0|3|1|0|0|1|0|1|0|2|0,0.988215208107034,1,9.25149761374087e-05,1,beta,2,2,pmmr
0|0|0|0|0|1|0|3|1|0|0|1|0|1|0|2|1,0.881232213588126,1,0.000107487067241631,1,beta,2,2,pmmr
0|0|0|0|0|1|0|3|1|0|0|1|0|1|0|3|0,0.957084481916583,1,6.51942018046429e-05,1,beta,2,2,pmmr
0|0|0|0|0|1|0|3|1|0|0|1|0|1|0|3|1,0.860128000511189,1,7.57448560839722e-05,1,beta,2,2,pmmr
0|0|0|0|0|1|0|3|1|0|1|0|1|0|0|0|0,1.02321565035198,1,0.0299086572901431,0,beta,2,2,pmmr
0|0|0|0|0|1|0|3|1|1|0|0|0|1|0|0|0,1.06254932754177,1,3.67543892415952e-05,1,beta,2,2,pmmr
0|0|0|0|0|1|0|3|1|1|0|0|0|1|0|0|1,0.963362929313922,1,3.16347959888723e-05,1,beta,2,2,pmmr
0|0|0|0|0|1|0|3|1|1|0|0|0|1|0|1|0,0.964766464047208,1,5.76423565178425e-05,1,beta,2,2,pmmr
0|0|0|0|0|1|0|3|1|1|0|0|0|1|0|1|1,0.857494774784323,1,4.96132360348439e-05,1,beta,2,2,pmmr
0|0|0|0|0|1|0|3|1|1|0|0|0|1|0|2|0,0.869969392074042,1,4.9613236034844e-05,1,beta,2,2,pmmr
0|0|0|0|0|1|0|3|1|1|0|0|0|1|0|2|1,0.773361064513186,1,4.27025079914493e-05,1,beta,2,2,pmmr
0|0|0|0|0|1|0|3|1|1|0|0|0|1|0|3|0,0.832425294799723,1,4.27025079914493e-05,1,beta,2,2,pmmr
0|0|0|0|0|1|0|3|1|1|0|0|0|1|0|3|1,0.748450468880647,1,3.67543892415952e-05,1,beta,2,2,pmmr
0|0|0|0|0|1|0|3|1|1|0|1|0|1|0|0|0,1.14372460138595,1,0.00136644110750244,1,beta,2,2,pmmr
0|0|0|0|0|1|0|3|1|1|0|1|0|1|0|0|1,1.04397839324556,1,0.00158757806936789,1,beta,2,2,pmmr
0|0|0|0|0|1|0|3|1|1|0|1|0|1|0|1|0,1.03875970636432,1,0.00175454511244008,1,beta,2,2,pmmr
0|0|0|0|0|1|0|3|1|1|0|1|0|1|0|1|1,0.930012896497262,1,0.00203849059204443,1,beta,2,2,pmmr
0|0|0|0|0|1|0|3|1|1|0|1|0|1|0|2|0,0.954454806105323,1,0.00136644110750244,1,beta,2,2,pmmr
0|0|0|0|0|1|0|3|1|1|0|1|0|1|0|2|1,0.855818104458116,1,0.00158757806936789,1,beta,2,2,pmmr
0|0|0|0|0|1|0|3|1|1|0|1|0|1|0|3|0,0.922465406851105,1,0.00106418540454386,1,beta,2,2,pmmr
0|0|0|0|0|1|0|3|1|1|0|1|0|1|0|3|1,0.835672198895946,1,0.0012364070436107,1,beta,2,2,pmmr
1|0|0|1|0|1|0|0|0|0|0|0|0|1|0|0|0,1.17881505983081,1,0.00461267037531881,1,beta,2,2,pmmr
1|0|0|1|0|1|0|0|0|0|0|0|0|1|0|0|1,1.08094399069242,1,0.00325049387528552,1,beta,2,2,pmmr
1|0|0|1|0|1|0|0|0|0|0|0|0|1|0|1|0,1.07445987807929,1,0.00535915839246372,1,beta,2,2,pmmr
1|0|0|1|0|1|0|0|0|0|0|0|0|1|0|1|1,0.965873567402154,1,0.00377653509008527,1,beta,2,2,pmmr
1|0|0|1|0|1|0|0|0|0|0|0|0|1|0|2|0,0.985124007299512,1,0.00461267037531881,1,beta,2,2,pmmr
1|0|0|1|0|1|0|0|0|0|0|0|0|1|0|2|1,0.885754559882444,1,0.00325049387528552,1,beta,2,2,pmmr
1|0|0|1|0|1|0|0|0|0|0|0|0|1|0|3|0,0.951055488540456,1,0.00397016218465647,1,beta,2,2,pmmr
1|0|0|1|0|1|0|0|0|0|0|0|0|1|0|3|1,0.863384511723652,1,0.00279772600577904,1,beta,2,2,pmmr
1|0|0|1|0|1|0|0|0|0|0|1|0|1|0|0|0,1.26499862221317,1,0.00100428930927588,1,beta,2,2,pmmr
1|0|0|1|0|1|0|0|0|0|0|1|0|1|0|0|1,1.1662534412685,1,0.000955309541694711,1,beta,2,2,pmmr
1|0|0|1|0|1|0|0|0|0|0|1|0|1|0|1|0,1.15600992269109,1,0.000955309541694711,1,beta,2,2,pmmr
1|0|0|1|0|1|0|0|0|0|0|1|0|1|0|1|1,1.04597227408985,1,0.0009087185455663,1,beta,2,2,pmmr
1|0|0|1|0|1|0|0|0|0|0|1|0|1|0|2|0,1.07832279522108,1,0.000743995819147426,1,beta,2,2,pmmr
1|0|0|1|0|1|0|0|0|0|0|1|0|1|0|2|1,0.976921452179055,1,0.000707710714878543,1,beta,2,2,pmmr
1|0|0|1|0|1|0|0|0|0|0|1|0|1|0|3|0,1.04924790247597,1,0.000579424526553867,1,beta,2,2,pmmr
1|0|0|1|0|1|0|0|0|0|0|1|0|1|0|3|1,0.958920710239575,1,0.000551165658935433,1,beta,2,2,pmmr
1|0|0|1|0|1|0|0|0|0|1|0|1|0|0|0|0,0.906483893472239,1,0.0339232475326121,0,beta,2,2,pmmr
1|0|0|1|0|1|0|0|0|1|0|0|0|1|0|0|0,1.14139168216568,1,0.000543041525053394,1,beta,2,2,pmmr
1|0|0|1|0|1|0|0|0|1|0|0|0|1|0|0|1,1.04729042762298,1,0.000382674894927813,1,beta,2,2,pmmr
1|0|0|1|0|1|0|0|0|1|0|0|0|1|0|1|0,1.03430012455518,1,0.000851658640968403,1,beta,2,2,pmmr
1|0|0|1|0|1|0|0|0|1|0|0|0|1|0|1|1,0.933174347399365,1,0.000600153700796459,1,beta,2,2,pmmr
1|0|0|1|0|1|0|0|0|1|0|0|0|1|0|2|0,0.943773328103329,1,0.000810122758919434,1,beta,2,2,pmmr
1|0|0|1|0|1|0|0|0|1|0|0|0|1|0|2|1,0.85427415993194,1,0.00057088385942059,1,beta,2,2,pmmr
1|0|0|1|0|1|0|0|0|1|0|0|0|1|0|3|0,0.909248187854272,1,0.000770612605741864,1,beta,2,2,pmmr
1|0|0|1|0|1|0|0|0|1|0|0|0|1|0|3|1,0.832690733523929,1,0.000543041525053394,1,beta,2,2,pmmr
1|0|0|1|0|1|0|0|0|1|0|1|0|1|0|0|0,1.22292259382091,1,0.000160143047798717,1,beta,2,2,pmmr
1|0|0|1|0|1|0|0|0|1|0|1|0|1|0|0|1,1.12990828399915,1,0.000152332779195364,1,beta,2,2,pmmr
1|0|0|1|0|1|0|0|0|1|0|1|0|1|0|1|0,1.11213415785015,1,0.000205627743679392,1,beta,2,2,pmmr
1|0|0|1|0|1|0|0|0|1|0|1|0|1|0|1|1,1.01143723225171,1,0.000195599160281529,1,beta,2,2,pmmr
1|0|0|1|0|1|0|0|0|1|0|1|0|1|0|2|0,1.03394420595052,1,0.00017698543915914,1,beta,2,2,pmmr
1|0|0|1|0|1|0|0|0|1|0|1|0|1|0|2|1,0.944045423146644,1,0.000168353757436355,1,beta,2,2,pmmr
1|0|0|1|0|1|0|0|0|1|0|1|0|1|0|3|0,1.00464211803779,1,0.000152332779195364,1,beta,2,2,pmmr
1|0|0|1|0|1|0|0|0|1|0|1|0|1|0|3|1,0.92694633215876,1,0.0001449034218866,1,beta,2,2,pmmr
1|0|0|1|0|1|0|0|1|0|0|0|0|1|0|0|0,1.16276534570957,1,0.00060664346112823,1,beta,2,2,pmmr
1|0|0|1|0|1|0|0|1|0|0|0|0|1|0|0|1,1.06388529031862,1,0.000427494421762801,1,beta,2,2,pmmr
1|0|0|1|0|1|0|0|1|0|0|0|0|1|0|1|0,1.05956059414729,1,0.000704819146265982,1,beta,2,2,pmmr
1|0|0|1|0|1|0|0|1|0|0|0|0|1|0|1|1,0.950331377583128,1,0.000496677657779349,1,beta,2,2,pmmr
1|0|0|1|0|1|0|0|1|0|0|0|0|1|0|2|0,0.971165188131493,1,0.00060664346112823,1,beta,2,2,pmmr
1|0|0|1|0|1|0|0|1|0|0|0|0|1|0|2|1,0.87126828365504,1,0.000427494421762801,1,beta,2,2,pmmr
1|0|0|1|0|1|0|0|1|0|0|0|0|1|0|3|0,0.937314944380678,1,0.000522142865839172,1,beta,2,2,pmmr
1|0|0|1|0|1|0|0|1|0|0|0|0|1|0|3|1,0.849162845277078,1,0.000367947858688461,1,beta,2,2,pmmr
1|0|0|1|0|1|0|0|1|0|0|1|0|1|0|0|0,1.24523518651347,1,0.00013208087571423,1,beta,2,2,pmmr
1|0|0|1|0|1|0|0|1|0|0|1|0|1|0|0|1,1.14642413520224,1,0.000125639215393198,1,beta,2,2,pmmr
1|0|0|1|0|1|0|0|1|0|0|1|0|1|0|1|0,1.1380883857406,1,0.000125639215393198,1,beta,2,2,pmmr
1|0|0|1|0|1|0|0|1|0|0|1|0|1|0|1|1,1.02828634925663,1,0.000119511718553193,1,beta,2,2,pmmr
1|0|0|1|0|1|0|0|1|0|0|1|0|1|0|2|0,1.06164452687207,1,9.78479193326993e-05,1,beta,2,2,pmmr
1|0|0|1|0|1|0|0|1|0|0|1|0|1|0|2|1,0.96045272136904,1,9.30758199954358e-05,1,beta,2,2,pmmr
1|0|0|1|0|1|0|0|1|0|0|1|0|1|0|3|0,1.03290074893037,1,7.62040361982139e-05,1,beta,2,2,pmmr
1|0|0|1|0|1|0|0|1|0|0|1|0|1|0|3|1,0.942740977767957,1,7.24875214974585e-05,1,beta,2,2,pmmr
1|0|0|1|0|1|0|0|1|0|1|0|1|0|0|0|0,0.904444793978265,1,0.0386201710560533,0,beta,2,2,pmmr
1|0|0|1|0|1|0|0|1|1|0|0|0|1|0|0|0,1.12381873003306,1,0.00261381156509841,1,beta,2,2,pmmr
1|0|0|1|0|1|0|0|1|1|0|0|0|1|0|0|1,1.02980657598035,1,0.00184192187869388,1,beta,2,2,pmmr
1|0|0|1|0|1|0|0|1|1|0|0|0|1|0|1|0,1.01826881629934,1,0.00409927252811897,1,beta,2,2,pmmr
1|0|0|1|0|1|0|0|1|1|0|0|0|1|0|1|1,0.917511958040405,1,0.00288870852707656,1,beta,2,2,pmmr
1|0|0|1|0|1|0|0|1|1|0|0|0|1|0|2|0,0.929016105014102,1,0.00389934864779419,1,beta,2,2,pmmr
1|0|0|1|0|1|0|0|1|1|0|0|0|1|0|2|1,0.839871357386781,1,0.00274782454976134,1,beta,2,2,pmmr
1|0|0|1|0|1|0|0|1|1|0|0|0|1|0|3|0,0.894883216179289,1,0.00370917517016891,1,beta,2,2,pmmr
1|0|0|1|0|1|0|0|1|1|0|0|0|1|0|3|1,0.818617932532531,1,0.00261381156509841,1,beta,2,2,pmmr
1|0|0|1|0|1|0|0|1|1|0|1|0|1|0|0|0,1.20165905063281,1,0.000770813521793267,1,beta,2,2,pmmr
1|0|0|1|0|1|0|0|1|1|0|1|0|1|0|0|1,1.10959181471046,1,0.000733220502732778,1,beta,2,2,pmmr
1|0|0|1|0|1|0|0|1|1|0|1|0|1|0|1|0,1.09310344140431,1,0.000989744153509145,1,beta,2,2,pmmr
1|0|0|1|0|1|0|0|1|1|0|1|0|1|0|1|1,0.993557561461733,1,0.00094147376154545,1,beta,2,2,pmmr
1|0|0|1|0|1|0|0|1|1|0|1|0|1|0|2|0,1.01644273837521,1,0.000851880687545388,1,beta,2,2,pmmr
1|0|0|1|0|1|0|0|1|1|0|1|0|1|0|2|1,0.927545523021602,1,0.000810333976157072,1,beta,2,2,pmmr
1|0|0|1|0|1|0|0|1|1|0|1|0|1|0|3|0,0.987629241386492,1,0.000733220502732778,1,beta,2,2,pmmr
1|0|0|1|0|1|0|0|1|1|0|1|0|1|0|3|1,0.910783907577131,1,0.000697460916846624,1,beta,2,2,pmmr
1|0|0|1|0|1|0|1|0|0|0|0|0|1|0|0|0,1.19562376444572,1,0.00196390023995983,1,beta,2,2,pmmr
1|0|0|1|0|1|0|1|0|0|0|0|0|1|0|0|1,1.09908505139517,1,0.00138393710849542,1,beta,2,2,pmmr
1|0|0|1|0|1|0|1|0|0|0|0|0|1|0|1|0,1.09200820000817,1,0.00228172654808762,1,beta,2,2,pmmr
1|0|0|1|0|1|0|1|0|0|0|0|0|1|0|1|1,0.984246446712956,1,0.00160790552243234,1,beta,2,2,pmmr
1|0|0|1|0|1|0|1|0|0|0|0|0|1|0|2|0,1.00325731422554,1,0.00196390023995983,1,beta,2,2,pmmr
1|0|0|1|0|1|0|1|0|0|0|0|0|1|0|2|1,0.904271550146839,1,0.00138393710849542,1,beta,2,2,pmmr
1|0|0|1|0|1|0|1|0|0|0|0|0|1|0|3|0,0.969368557160526,1,0.00169034460143651,1,beta,2,2,pmmr
1|0|0|1|0|1|0|1|0|0|0|0|0|1|0|3|1,0.881939999803611,1,0.00119116570815263,1,beta,2,2,pmmr
1|0|0|1|0|1|0|1|0|0|0|1|0|1|0|0|0,1.28333216366567,1,0.00258675864702349,1,beta,2,2,pmmr
1|0|0|1|0|1|0|1|0|0|0|1|0|1|0|0|1,1.18618039959925,1,0.0024606009391304,1,beta,2,2,pmmr
1|0|0|1|0|1|0|1|0|0|0|1|0|1|0|1|0,1.17533354876199,1,0.0024606009391304,1,beta,2,2,pmmr
1|0|0|1|0|1|0|1|0|0|0|1|0|1|0|1|1,1.06629821261176,1,0.00234059601525493,1,beta,2,2,pmmr
1|0|0|1|0|1|0|1|0|0|0|1|0|1|0|2|0,1.09830280959794,1,0.00191631793822099,1,beta,2,2,pmmr
1|0|0|1|0|1|0|1|0|0|0|1|0|1|0|2|1,0.997463031603751,1,0.00182285800953435,1,beta,2,2,pmmr
1|0|0|1|0|1|0|1|0|0|0|1|0|1|0|3|0,1.06942840430763,1,0.00149242991090029,1,beta,2,2,pmmr
1|0|0|1|0|1|0|1|0|0|0|1|0|1|0|3|1,0.979518160423797,1,0.00141964324525333,1,beta,2,2,pmmr
1|0|0|1|0|1|0|1|0|0|1|0|1|0|0|0|0,0.920972100789076,1,0.0376646392861478,0,beta,2,2,pmmr
1|0|0|1|0|1|0|1|0|1|0|0|0|1|0|0|0,1.1548311467669,1,0.00028357343711388,1,beta,2,2,pmmr
1|0|0|1|0|1|0|1|0|1|0|0|0|1|0|0|1,1.06221906346579,1,0.00019983082369475,1,beta,2,2,pmmr
1|0|0|1|0|1|0|1|0|1|0|0|0|1|0|1|0,1.04857736651644,1,0.000444731676907028,1,beta,2,2,pmmr
1|0|0|1|0|1|0|1|0|1|0|0|0|1|0|1|1,0.948468408572682,1,0.000313397115837013,1,beta,2,2,pmmr
1|0|0|1|0|1|0|1|0|1|0|0|0|1|0|2|0,0.958714874599305,1,0.000423041857081509,1,beta,2,2,pmmr
1|0|0|1|0|1|0|1|0|1|0|0|0|1|0|2|1,0.869808798611138,1,0.000298112558137826,1,beta,2,2,pmmr
1|0|0|1|0|1|0|1|0|1|0|0|0|1|0|3|0,0.924417439997242,1,0.000402409862251357,1,beta,2,2,pmmr
1|0|0|1|0|1|0|1|0|1|0|0|0|1|0|3|1,0.848292015074957,1,0.00028357343711388,1,beta,2,2,pmmr
1|0|0|1|0|1|0|1|0|1|0|1|0|1|0|0|0,1.23754835006983,1,0.000505906971305358,1,beta,2,2,pmmr
1|0|0|1|0|1|0|1|0|1|0|1|0|1|0|0|1,1.14639520970557,1,0.000481233597165695,1,beta,2,2,pmmr
1|0|0|1|0|1|0|1|0|1|0|1|0|1|0|1|0,1.12791321715866,1,0.000649597409635596,1,beta,2,2,pmmr
1|0|0|1|0|1|0|1|0|1|0|1|0|1|0|1|1,1.02851773086183,1,0.000617916170124823,1,beta,2,2,pmmr
1|0|0|1|0|1|0|1|0|1|0|1|0|1|0|2|0,1.05049774923573,1,0.000559113671938413,1,beta,2,2,pmmr
1|0|0|1|0|1|0|1|0|1|0|1|0|1|0|2|1,0.961455306324262,1,0.000531845376388458,1,beta,2,2,pmmr
1|0|0|1|0|1|0|1|0|1|0|1|0|1|0|3|0,1.02146466375333,1,0.000481233597165695,1,beta,2,2,pmmr
1|0|0|1|0|1|0|1|0|1|0|1|0|1|0|3|1,0.944442582458254,1,0.000457763557682333,1,beta,2,2,pmmr
1|0|0|1|0|1|0|1|1|0|0|0|0|1|0|0|0,1.17829067210823,1,0.000202175070661939,1,beta,2,2,pmmr
1|0|0|1|0|1|0|1|1|0|0|0|0|1|0|0|1,1.08081703273218,1,0.000142470364333508,1,beta,2,2,pmmr
1|0|0|1|0|1|0|1|1|0|0|0|0|1|0|1|0,1.07599698096289,1,0.000234893920121051,1,beta,2,2,pmmr
1|0|0|1|0|1|0|1|1|0|0|0|0|1|0|1|1,0.967673970675595,1,0.000165526947856643,1,beta,2,2,pmmr
1|0|0|1|0|1|0|1|1|0|0|0|0|1|0|2|0,0.988329013877564,1,0.000202175070661939,1,beta,2,2,pmmr
1|0|0|1|0|1|0|1|1|0|0|0|0|1|0|2|1,0.88887895036765,1,0.000142470364333508,1,beta,2,2,pmmr
1|0|0|1|0|1|0|1|1|0|0|0|0|1|0|3|0,0.954703575708296,1,0.000174013695953031,1,beta,2,2,pmmr
1|0|0|1|0|1|0|1|1|0|0|0|0|1|0|3|1,0.866844927247908,1,0.000122625378986034,1,beta,2,2,pmmr
1|0|0|1|0|1|0|1|1|0|0|1|0|1|0|0|0,1.26197722569088,1,0.000266295660851925,1,beta,2,2,pmmr
1|0|0|1|0|1|0|1|1|0|0|1|0|1|0|0|1,1.16490029078748,1,0.000253308268219214,1,beta,2,2,pmmr
1|0|0|1|0|1|0|1|1|0|0|1|0|1|0|1|0,1.15604345155987,1,0.000253308268219214,1,beta,2,2,pmmr
1|0|0|1|0|1|0|1|1|0|0|1|0|1|0|1|1,1.04739069475304,1,0.000240954278199435,1,beta,2,2,pmmr
1|0|0|1|0|1|0|1|1|0|0|1|0|1|0|2|0,1.08040996431311,1,0.000197276677647585,1,beta,2,2,pmmr
1|0|0|1|0|1|0|1|1|0|0|1|0|1|0|2|1,0.979903224630817,1,0.000187655380546125,1,beta,2,2,pmmr
1|0|0|1|0|1|0|1|1|0|0|1|0|1|0|3|0,1.05191639817208,1,0.000153639231033664,1,beta,2,2,pmmr
1|0|0|1|0|1|0|1|1|0|0|1|0|1|0|3|1,0.962280001706627,1,0.000146146157316885,1,beta,2,2,pmmr
1|0|0|1|0|1|0|1|1|0|1|0|1|0|0|0|0,0.918889776702842,1,0.0417210106241467,0,beta,2,2,pmmr
1|0|0|1|0|1|0|1|1|1|0|0|0|1|0|0|0,1.13606361036306,1,0.00106839995834352,1,beta,2,2,pmmr
1|0|0|1|0|1|0|1|1|1|0|0|0|1|0|0|1,1.0436406212195,1,0.000752888725700648,1,beta,2,2,pmmr
1|0|0|1|0|1|0|1|1|1|0|0|0|1|0|1|0,1.03152113266479,1,0.00167558467364733,1,beta,2,2,pmmr
1|0|0|1|0|1|0|1|1|1|0|0|0|1|0|1|1,0.931885551770105,1,0.00118076456283449,1,beta,2,2,pmmr
1|0|0|1|0|1|0|1|1|1|0|0|0|1|0|2|0,0.943073036961287,1,0.00159386544481577,1,beta,2,2,pmmr
1|0|0|1|0|1|0|1|1|1|0|0|0|1|0|2|1,0.854605540720735,1,0.00112317799557589,1,beta,2,2,pmmr
1|0|0|1|0|1|0|1|1|1|0|0|0|1|0|3|0,0.909215105026556,1,0.00151613170980368,1,beta,2,2,pmmr
1|0|0|1|0|1|0|1|1|1|0|0|0|1|0|3|1,0.833450770676745,1,0.00106839995834352,1,beta,2,2,pmmr
1|0|0|1|0|1|0|1|1|1|0|1|0|1|0|0|0,1.21482332442813,1,0.00190607058464111,1,beta,2,2,pmmr
1|0|0|1|0|1|0|1|1|1|0|1|0|1|0|0|1,1.12477044844561,1,0.0018131104252859,1,beta,2,2,pmmr
1|0|0|1|0|1|0|1|1|1|0|1|0|1|0|1|0,1.10763607436981,1,0.00244744307668005,1,beta,2,2,pmmr
1|0|0|1|0|1|0|1|1|1|0|1|0|1|0|1|1,1.00954835025197,1,0.00232807986932862,1,beta,2,2,pmmr
1|0|0|1|0|1|0|1|1|1|0|1|0|1|0|2|0,1.03189843160738,1,0.0021065337779448,1,beta,2,2,pmmr
1|0|0|1|0|1|0|1|1|1|0|1|0|1|0|2|1,0.943989534917531,1,0.00200379691328575,1,beta,2,2,pmmr
1|0|0|1|0|1|0|1|1|1|0|1|0|1|0|3|0,1.00340490091226,1,0.0018131104252859,1,beta,2,2,pmmr
1|0|0|1|0|1|0|1|1|1|0|1|0|1|0|3|1,0.927345133256769,1,0.00172468398640095,1,beta,2,2,pmmr
1|0|0|1|0|1|0|2|0|0|0|0|0|1|0|0|0,1.20793963170277,1,0.000336512942947367,1,beta,2,2,pmmr
1|0|0|1|0|1|0|2|0|0|0|0|0|1|0|0|1,1.10901735445028,1,0.000237136662931203,1,beta,2,2,pmmr
1|0|0|1|0|1|0|2|0|0|0|0|0|1|0|1|0,1.10328970216787,1,0.00039097226023752,1,beta,2,2,pmmr
1|0|0|1|0|1|0|2|0|0|0|0|0|1|0|1|1,0.993119235732723,1,0.000275513495199786,1,beta,2,2,pmmr
1|0|0|1|0|1|0|2|0|0|0|0|0|1|0|2|0,1.0136127167703,1,0.000336512942947367,1,beta,2,2,pmmr
1|0|0|1|0|1|0|2|0|0|0|0|0|1|0|2|1,0.912403705224123,1,0.000237136662931203,1,beta,2,2,pmmr
1|0|0|1|0|1|0|2|0|0|0|0|0|1|0|3|0,0.979261017277121,1,0.000289639374165069,1,beta,2,2,pmmr
1|0|0|1|0|1|0|2|0|0|0|0|0|1|0|3|1,0.889843032936249,1,0.000204105417287706,1,beta,2,2,pmmr
1|0|0|1|0|1|0|2|0|0|0|1|0|1|0|0|0,1.29587772129022,1,0.00268144149928643,1,beta,2,2,pmmr
1|0|0|1|0|1|0|2|0|0|0|1|0|1|0|0|1,1.19644465277646,1,0.00255066605419856,1,beta,2,2,pmmr
1|0|0|1|0|1|0|2|0|0|0|1|0|1|0|1|0,1.18688399832293,1,0.00255066605419856,1,beta,2,2,pmmr
1|0|0|1|0|1|0|2|0|0|0|1|0|1|0|1|1,1.07552932582572,1,0.00242626860282881,1,beta,2,2,pmmr
1|0|0|1|0|1|0|2|0|0|0|1|0|1|0|2|0,1.10908582828687,1,0.00198646072036349,1,beta,2,2,pmmr
1|0|0|1|0|1|0|2|0|0|0|1|0|1|0|2|1,1.00608982115882,1,0.00188957988782464,1,beta,2,2,pmmr
1|0|0|1|0|1|0|2|0|0|0|1|0|1|0|3|0,1.07981397935372,1,0.00154705716455967,1,beta,2,2,pmmr
1|0|0|1|0|1|0|2|0|0|0|1|0|1|0|3|1,0.987964478965482,1,0.00147160629631381,1,beta,2,2,pmmr
1|0|0|1|0|1|0|2|0|0|1|0|1|0|0|0|0,0.931409757032576,1,0.0323167270827079,0,beta,2,2,pmmr
1|0|0|1|0|1|0|2|0|1|0|0|0|1|0|0|0,1.16495185492351,1,6.29591762750604e-05,1,beta,2,2,pmmr
1|0|0|1|0|1|0|2|0|1|0|0|0|1|0|0|1,1.07037541179808,1,4.43665816595361e-05,1,beta,2,2,pmmr
1|0|0|1|0|1|0|2|0|1|0|0|0|1|0|1|0,1.05786697443764,1,9.87396433406007e-05,1,beta,2,2,pmmr
1|0|0|1|0|1|0|2|0|1|0|0|0|1|0|1|1,0.955827505981952,1,6.9580650645195e-05,1,beta,2,2,pmmr
1|0|0|1|0|1|0|2|0|1|0|0|0|1|0|2|0,0.967261073169176,1,9.39240541102854e-05,1,beta,2,2,pmmr
1|0|0|1|0|1|0|2|0|1|0|0|0|1|0|2|1,0.876614454129394,1,6.61871622696141e-05,1,beta,2,2,pmmr
1|0|0|1|0|1|0|2|0|1|0|0|0|1|0|3|0,0.932572183552772,1,8.93433239381007e-05,1,beta,2,2,pmmr
1|0|0|1|0|1|0|2|0|1|0|0|0|1|0|3|1,0.85493047568374,1,6.29591762750604e-05,1,beta,2,2,pmmr
1|0|0|1|0|1|0|2|0|1|0|1|0|1|0|0|0,1.24780085921252,1,0.000679507448226446,1,beta,2,2,pmmr
1|0|0|1|0|1|0|2|0|1|0|1|0|1|0|0|1,1.1548183932778,1,0.000646367478920391,1,beta,2,2,pmmr
1|0|0|1|0|1|0|2|0|1|0|1|0|1|0|1|0,1.13740889993897,1,0.000872504834351386,1,beta,2,2,pmmr
1|0|0|1|0|1|0|2|0|1|0|1|0|1|0|1|1,1.0361947040568,1,0.00082995227145416,1,beta,2,2,pmmr
1|0|0|1|0|1|0|2|0|1|0|1|0|1|0|2|0,1.05939930419875,1,0.000750971870395662,1,beta,2,2,pmmr
1|0|0|1|0|1|0|2|0|1|0|1|0|1|0|2|1,0.968699567943217,1,0.00071434654009269,1,beta,2,2,pmmr
1|0|0|1|0|1|0|2|0|1|0|1|0|1|0|3|0,1.03003476816442,1,0.000646367478920391,1,beta,2,2,pmmr
1|0|0|1|0|1|0|2|0|1|0|1|0|1|0|3|1,0.951560821140945,1,0.000614843764989421,1,beta,2,2,pmmr
1|0|0|1|0|1|0|2|1|0|0|0|0|1|0|0|0,1.19007896592297,1,2.7454609880748e-05,1,beta,2,2,pmmr
1|0|0|1|0|1|0|2|1|0|0|0|0|1|0|0|1,1.09045958863065,1,1.93469365908368e-05,1,beta,2,2,pmmr
1|0|0|1|0|1|0|2|1|0|0|0|0|1|0|1|0,1.08692430756215,1,3.18977058801993e-05,1,beta,2,2,pmmr
1|0|0|1|0|1|0|2|1|0|0|0|0|1|0|1|1,0.976410759315689,1,2.2477933423127e-05,1,beta,2,2,pmmr
1|0|0|1|0|1|0|2|1|0|0|0|0|1|0|2|0,0.998476812550007,1,2.7454609880748e-05,1,beta,2,2,pmmr
1|0|0|1|0|1|0|2|1|0|0|0|0|1|0|2|1,0.896981181032878,1,1.93469365908368e-05,1,beta,2,2,pmmr
1|0|0|1|0|1|0|2|1|0|0|0|0|1|0|3|0,0.964444538597725,1,2.3630401713998e-05,1,beta,2,2,pmmr
1|0|0|1|0|1|0|2|1|0|0|0|0|1|0|3|1,0.87474812489237,1,1.66520626431231e-05,1,beta,2,2,pmmr
1|0|0|1|0|1|0|2|1|0|0|1|0|1|0|0|0,1.27387848365931,1,0.000218767009780279,1,beta,2,2,pmmr
1|0|0|1|0|1|0|2|1|0|0|1|0|1|0|0|1,1.17479440163154,1,0.000208097616813036,1,beta,2,2,pmmr
1|0|0|1|0|1|0|2|1|0|0|1|0|1|0|1|0,1.1671529363681,1,0.000208097616813036,1,beta,2,2,pmmr
1|0|0|1|0|1|0|2|1|0|0|1|0|1|0|1|1,1.05642979258762,1,0.000197948576281035,1,beta,2,2,pmmr
1|0|0|1|0|1|0|2|1|0|0|1|0|1|0|2|0,1.09089573915058,1,0.000162066586929286,1,beta,2,2,pmmr
1|0|0|1|0|1|0|2|1|0|0|1|0|1|0|2|1,0.988439776139699,1,0.00015416250621554,1,beta,2,2,pmmr
1|0|0|1|0|1|0|2|1|0|0|1|0|1|0|3|0,1.06205929079541,1,0.000126217584810238,1,beta,2,2,pmmr
1|0|0|1|0|1|0|2|1|0|0|1|0|1|0|3|1,0.970663350967888,1,0.000120061880560913,1,beta,2,2,pmmr
1|0|0|1|0|1|0|2|1|0|1|0|1|0|0|0|0,0.929394154181399,1,0.0347158330496133,0,beta,2,2,pmmr
1|0|0|1|0|1|0|2|1|1|0|0|0|1|0|0|0,1.14578874543061,1,0.000187989103333224,1,beta,2,2,pmmr
1|0|0|1|0|1|0|2|1|1|0|0|0|1|0|0|1,1.05161156154879,1,0.000132473682115823,1,beta,2,2,pmmr
1|0|0|1|0|1|0|2|1|1|0|0|0|1|0|1|0,1.04057213004607,1,0.000294825601496865,1,beta,2,2,pmmr
1|0|0|1|0|1|0|2|1|1|0|0|0|1|0|1|1,0.939191581777047,1,0.000207760089918997,1,beta,2,2,pmmr
1|0|0|1|0|1|0|2|1|1|0|0|0|1|0|2|0,0.951511376598228,1,0.00028044678723994,1,beta,2,2,pmmr
1|0|0|1|0|1|0|2|1|1|0|0|0|1|0|2|1,0.861448915406168,1,0.000197627510767864,1,beta,2,2,pmmr
1|0|0|1|0|1|0|2|1|1|0|0|0|1|0|3|0,0.917312424364388,1,0.000266769236029322,1,beta,2,2,pmmr
1|0|0|1|0|1|0|2|1|1|0|0|0|1|0|3|1,0.840152156842938,1,0.000187989103333224,1,beta,2,2,pmmr
1|0|0|1|0|1|0|2|1|1|0|1|0|1|0|0|0,1.22459845548872,1,0.00202893372273896,1,beta,2,2,pmmr
1|0|0|1|0|1|0|2|1|1|0|1|0|1|0|0|1,1.13295637724533,1,0.00192998145743107,1,beta,2,2,pmmr
1|0|0|1|0|1|0|2|1|1|0|1|0|1|0|1|0,1.11683737381774,1,0.0026052024687717,1,beta,2,2,pmmr
1|0|0|1|0|1|0|2|1|1|0|1|0|1|0|1|1,1.0171415607888,1,0.00247814524507754,1,beta,2,2,pmmr
1|0|0|1|0|1|0|2|1|1|0|1|0|1|0|2|0,1.04063374431895,1,0.00224231854507406,1,beta,2,2,pmmr
1|0|0|1|0|1|0|2|1|1|0|1|0|1|0|2|1,0.951237027805239,1,0.00213295937917807,1,beta,2,2,pmmr
1|0|0|1|0|1|0|2|1|1|0|1|0|1|0|3|0,1.01185815095917,1,0.00192998145743107,1,beta,2,2,pmmr
1|0|0|1|0|1|0|2|1|1|0|1|0|1|0|3|1,0.934489258315711,1,0.00183585515104921,1,beta,2,2,pmmr
1|0|0|1|0|1|0|3|0|0|0|0|0|1|0|0|0,1.21408219193856,1,4.16596616204748e-05,1,beta,2,2,pmmr
1|0|0|1|0|1|0|3|0|0|0|0|0|1|0|0|1,1.10922504886058,1,2.93570673656604e-05,1,beta,2,2,pmmr
1|0|0|1|0|1|0|3|0|0|0|0|0|1|0|1|0,1.10666443091614,1,4.84016214111409e-05,1,beta,2,2,pmmr
1|0|0|1|0|1|0|3|0|0|0|0|0|1|0|1|1,0.991057045669932,1,3.41080461315053e-05,1,beta,2,2,pmmr
1|0|0|1|0|1|0|3|0|0|0|0|0|1|0|2|0,1.01459387904465,1,4.16596616204748e-05,1,beta,2,2,pmmr
1|0|0|1|0|1|0|3|0|0|0|0|0|1|0|2|1,0.908774252335932,1,2.93570673656604e-05,1,beta,2,2,pmmr
1|0|0|1|0|1|0|3|0|0|0|0|0|1|0|3|0,0.979170396614177,1,3.58568030519115e-05,1,beta,2,2,pmmr
1|0|0|1|0|1|0|3|0|0|0|0|0|1|0|3|1,0.885736006763461,1,2.52678620460717e-05,1,beta,2,2,pmmr
1|0|0|1|0|1|0|3|0|0|0|1|0|1|0|0|0,1.30088330360811,1,0.00200822495391373,1,beta,2,2,pmmr
1|0|0|1|0|1|0|3|0|0|0|1|0|1|0|0|1,1.1954530147641,1,0.00191028266717933,1,beta,2,2,pmmr
1|0|0|1|0|1|0|3|0|0|0|1|0|1|0|1|0,1.18894034083339,1,0.00191028266717933,1,beta,2,2,pmmr
1|0|0|1|0|1|0|3|0|0|0|1|0|1|0|1|1,1.07214663512801,1,0.00181711708213468,1,beta,2,2,pmmr
1|0|0|1|0|1|0|3|0|0|0|1|0|1|0|2|0,1.10898405232486,1,0.00148772963708699,1,beta,2,2,pmmr
1|0|0|1|0|1|0|3|0|0|0|1|0|1|0|2|1,1.00132783564098,1,0.00141517220649891,1,beta,2,2,pmmr
1|0|0|1|0|1|0|3|0|0|0|1|0|1|0|3|0,1.07874669793907,1,0.00115864500636189,1,beta,2,2,pmmr
1|0|0|1|0|1|0|3|0|0|0|1|0|1|0|3|1,0.982800412776684,1,0.00110213722260224,1,beta,2,2,pmmr
1|0|0|1|0|1|0|3|0|0|1|0|1|0|0|0|0,0.936320105496418,1,0.0260489960763803,0,beta,2,2,pmmr
1|0|0|1|0|1|0|3|0|1|0|0|0|1|0|0|0,1.17042674634503,1,1.08149645313477e-05,1,beta,2,2,pmmr
1|0|0|1|0|1|0|3|0|1|0|0|0|1|0|0|1,1.07055769254864,1,7.62117669597106e-06,1,beta,2,2,pmmr
1|0|0|1|0|1|0|3|0|1|0|0|0|1|0|1|0,1.06086844508638,1,1.69612406601566e-05,1,beta,2,2,pmmr
1|0|0|1|0|1|0|3|0|1|0|0|0|1|0|1|1,0.95410333638045,1,1.19523842800651e-05,1,beta,2,2,pmmr
1|0|0|1|0|1|0|3|0|1|0|0|0|1|0|2|0,0.968141966945168,1,1.61340311919789e-05,1,beta,2,2,pmmr
1|0|0|1|0|1|0|3|0|1|0|0|0|1|0|2|1,0.873580902307312,1,1.13694596201377e-05,1,beta,2,2,pmmr
1|0|0|1|0|1|0|3|0|1|0|0|0|1|0|3|0,0.932469305576227,1,1.53471652056226e-05,1,beta,2,2,pmmr
1|0|0|1|0|1|0|3|0|1|0|0|0|1|0|3|1,0.851508217260879,1,1.08149645313477e-05,1,beta,2,2,pmmr
1|0|0|1|0|1|0|3|0|1|0|1|0|1|0|0|0,1.25230586002206,1,0.000706139248561502,1,beta,2,2,pmmr
1|0|0|1|0|1|0|3|0|1|0|1|0|1|0|0|1,1.15391455620811,1,0.000671700431026524,1,beta,2,2,pmmr
1|0|0|1|0|1|0|3|0|1|0|1|0|1|0|1|0,1.13925848233326,1,0.000906700742873751,1,beta,2,2,pmmr
1|0|0|1|0|1|0|3|0|1|0|1|0|1|0|1|1,1.03324694579768,1,0.000862480425838168,1,beta,2,2,pmmr
1|0|0|1|0|1|0|3|0|1|0|1|0|1|0|2|0,1.05930437369798,1,0.000780404561621963,1,beta,2,2,pmmr
1|0|0|1|0|1|0|3|0|1|0|1|0|1|0|2|1,0.96458248739851,1,0.000742343782029392,1,beta,2,2,pmmr
1|0|0|1|0|1|0|3|0|1|0|1|0|1|0|3|0,1.02903007177244,1,0.000671700431026524,1,beta,2,2,pmmr
1|0|0|1|0|1|0|3|0|1|0|1|0|1|0|3|1,0.947113724638662,1,0.000638941214442242,1,beta,2,2,pmmr
1|0|0|1|0|1|0|3|1|0|0|0|0|1|0|0|0,1.19655200941202,1,2.74435569969999e-06,1,beta,2,2,pmmr
1|0|0|1|0|1|0|3|1|0|0|0|0|1|0|0|1,1.09136706402484,1,1.93391477553025e-06,1,beta,2,2,pmmr
1|0|0|1|0|1|0|3|1|0|0|0|0|1|0|1|0,1.09077976861834,1,3.18848642613798e-06,1,beta,2,2,pmmr
1|0|0|1|0|1|0|3|1|0|0|0|0|1|0|1|1,0.975150563433353,1,2.24688840872922e-06,1,beta,2,2,pmmr
1|0|0|1|0|1|0|3|1|0|0|0|0|1|0|2|0,1.00006776783164,1,2.74435569969999e-06,1,beta,2,2,pmmr
1|0|0|1|0|1|0|3|1|0|0|0|0|1|0|2|1,0.894223649458982,1,1.93391477553025e-06,1,beta,2,2,pmmr
1|0|0|1|0|1|0|3|1|0|0|0|0|1|0|3|0,0.965022110680128,1,2.36208884087935e-06,1,beta,2,2,pmmr
1|0|0|1|0|1|0|3|1|0|0|0|0|1|0|3|1,0.871535063349081,1,1.66453587302516e-06,1,beta,2,2,pmmr
1|0|0|1|0|1|0|3|1|0|0|1|0|1|0|0|0,1.27931201244109,1,0.000132293047619095,1,beta,2,2,pmmr
1|0|0|1|0|1|0|3|1|0|0|1|0|1|0|0|1,1.17459914736599,1,0.000125841039552158,1,beta,2,2,pmmr
1|0|0|1|0|1|0|3|1|0|0|1|0|1|0|1|0,1.16979112107849,1,0.000125841039552158,1,beta,2,2,pmmr
1|0|0|1|0|1|0|3|1|0|0|1|0|1|0|1|1,1.05394008234511,1,0.00011970369963177,1,beta,2,2,pmmr
1|0|0|1|0|1|0|3|1|0|0|1|0|1|0|2|0,1.09148771432289,1,9.800510014574e-05,1,beta,2,2,pmmr
1|0|0|1|0|1|0|3|1|0|0|1|0|1|0|2|1,0.984626285731254,1,9.32253350097671e-05,1,beta,2,2,pmmr
1|0|0|1|0|1|0|3|1|0|0|1|0|1|0|3|0,1.06173641353019,1,7.63264487384938e-05,1,beta,2,2,pmmr
1|0|0|1|0|1|0|3|1|0|0|1|0|1|0|3|1,0.96646493180784,1,7.26039639077007e-05,1,beta,2,2,pmmr
1|0|0|1|0|1|0|3|1|0|1|0|1|0|0|0|0,0.93447290626511,1,0.0274954412637132,0,beta,2,2,pmmr
1|0|0|1|0|1|0|3|1|1|0|0|0|1|0|0|0,1.15174785810175,1,2.60741341985584e-05,1,beta,2,2,pmmr
1|0|0|1|0|1|0|3|1|1|0|0|0|1|0|0|1,1.05256798214445,1,1.83741318194515e-05,1,beta,2,2,pmmr
1|0|0|1|0|1|0|3|1|1|0|0|0|1|0|1|0,1.04417907979628,1,4.08923823897052e-05,1,beta,2,2,pmmr
1|0|0|1|0|1|0|3|1|1|0|0|0|1|0|1|1,0.938309452790368,1,2.88163748302485e-05,1,beta,2,2,pmmr
1|0|0|1|0|1|0|3|1|1|0|0|0|1|0|2|0,0.9530993185501,1,3.88980373670224e-05,1,beta,2,2,pmmr
1|0|0|1|0|1|0|3|1|1|0|0|0|1|0|2|1,0.859303313654727,1,2.74109836459741e-05,1,beta,2,2,pmmr
1|0|0|1|0|1|0|3|1|1|0|0|0|1|0|3|0,0.917962055208633,1,3.700095769884e-05,1,beta,2,2,pmmr
1|0|0|1|0|1|0|3|1|1|0|0|0|1|0|3|1,0.83763185822772,1,2.60741341985585e-05,1,beta,2,2,pmmr
1|0|0|1|0|1|0|3|1|1|0|1|0|1|0|0|0,1.22970684487869,1,0.00170245306644269,1,beta,2,2,pmmr
1|0|0|1|0|1|0|3|1|1|0|1|0|1|0|0|1,1.13294722460766,1,0.00161942345063175,1,beta,2,2,pmmr
1|0|0|1|0|1|0|3|1|1|0|1|0|1|0|1|0,1.11941431971828,1,0.0021859930080304,1,beta,2,2,pmmr
1|0|0|1|0|1|0|3|1|1|0|1|0|1|0|1|1,1.01515063436236,1,0.00207938087099134,1,beta,2,2,pmmr
1|0|0|1|0|1|0|3|1|1|0|1|0|1|0|2|0,1.04135446494428,1,0.00188150161842117,1,beta,2,2,pmmr
1|0|0|1|0|1|0|3|1|1|0|1|0|1|0|2|1,0.94811194877297,1,0.00178973970168793,1,beta,2,2,pmmr
1|0|0|1|0|1|0|3|1|1|0|1|0|1|0|3|0,1.0117087697738,1,0.00161942345063176,1,beta,2,2,pmmr
1|0|0|1|0|1|0|3|1|1|0|1|0|1|0|3|1,0.931044677321636,1,0.0015404432369674,1,beta,2,2,pmmr
0|0|0|0|0|1|0|0|0|0|0|0|0|1|0|0|0,-0.19674735249419,0,0.00350261383896762,1,adjoint,2,2,ensemble
0|0|0|0|0|1|0|0|0|0|0|0|0|1|0|0|1,0.20661074692746,0,0.00302498230758369,1,adjoint,2,2,ensemble
0|0|0|0|0|1|0|0|0|0|0|0|0|1|0|1|0,-0.143344664039171,0,0.00243812969989423,1,adjoint,2,2,ensemble
0|0|0|0|0|1|0|0|0|0|0|0|0|1|0|1|1,0.291964051230904,0,0.00308826213077438,1,adjoint,2,2,ensemble
0|0|0|0|0|1|0|0|0|0|0|1|0|1|0|0|0,0.242101842641645,0,0.000399286329847866,1,adjoint,2,2,ensemble
0|0|0|0|0|1|0|0|0|0|0|1|0|1|0|0|1,0.50013274199425,0,0.000350882670742753,1,adjoint,2,2,ensemble
0|0|0|0|0|1|0|0|0|0|0|1|0|1|0|1|0,0.148752305153986,0,0.000341577967159091,1,adjoint,2,2,ensemble
0|0|0|0|0|1|0|0|0|0|0|1|0|1|0|1|1,0.566072828431106,0,0.000435241504152723,1,adjoint,2,2,ensemble
0|0|0|0|0|1|0|0|0|0|1|0|1|0|0|0|0,-0.0571936717047831,0,0.016408626962947,0,adjoint,2,2,ensemble
0|0|0|0|0|1|0|0|0|0|1|0|1|0|0|1|0,-0.0571936717047831,0,0.00217191177357548,0,adjoint,2,2,ensemble
0|0|0|0|0|1|0|0|0|1|0|0|0|1|0|0|0,0.197165431144997,0,0.000349141419095855,1,adjoint,2,2,ensemble
0|0|0|0|0|1|0|0|0|1|0|0|0|1|0|0|1,0.534854895073927,0,0.000370120280505743,1,adjoint,2,2,ensemble
0|0|0|0|0|1|0|0|0|1|0|0|0|1|0|1|0,0.11377324478212,0,0.000284870795156022,1,adjoint,2,2,ensemble
0|0|0|0|0|1|0|0|0|1|0|0|0|1|0|1|1,0.432818345196714,0,0.00045191844502641,1,adjoint,2,2,ensemble
0|0|0|0|0|1|0|0|0|1|0|1|0|1|0|0|0,0.314591075886924,0,5.21382105666385e-05,1,adjoint,2,2,ensemble
0|0|0|0|0|1|0|0|0|1|0|1|0|1|0|0|1,0.584715729007812,0,5.66729020607878e-05,1,adjoint,2,2,ensemble
0|0|0|0|0|1|0|0|0|1|0|1|0|1|0|1|0,0.223467580469055,0,5.20153711259976e-05,1,adjoint,2,2,ensemble
0|0|0|0|0|1|0|0|0|1|0|1|0|1|0|1|1,0.544715088618407,0,8.35478866208866e-05,1,adjoint,2,2,ensemble
0|0|0|0|0|1|0|0|1|0|0|0|0|1|0|0|0,0.159770484151215,0,0.000498331132065192,1,adjoint,2,2,ensemble
0|0|0|0|0|1|0|0|1|0|0|0|0|1|0|0|1,0.579298498524514,0,0.000430376549377099,1,adjoint,2,2,ensemble
0|0|0|0|0|1|0|0|1|0|0|0|0|1|0|1|0,0.190379764625086,0,0.000346882639459957,1,adjoint,2,2,ensemble
0|0|0|0|0|1|0|0|1|0|0|0|0|1|0|1|1,0.491622141237024,0,0.000439379627471713,1,adjoint,2,2,ensemble
0|0|0|0|0|1|0|0|1|0|0|1|0|1|0|0|0,0.276147590122673,0,5.68080918762915e-05,1,adjoint,2,2,ensemble
0|0|0|0|0|1|0|0|1|0|0|1|0|1|0|0|1,0.507600611659173,0,4.99215062157215e-05,1,adjoint,2,2,ensemble
0|0|0|0|0|1|0|0|1|0|0|1|0|1|0|1|0,0.324756560266695,0,4.85976881519683e-05,1,adjoint,2,2,ensemble
0|0|0|0|0|1|0|0|1|0|0|1|0|1|0|1|1,0.597010840959617,0,6.19235809192464e-05,1,adjoint,2,2,ensemble
0|0|0|0|0|1|0|0|1|0|1|0|1|0|0|0|0,-0.0559519869240436,0,0.016620155226473,0,adjoint,2,2,ensemble
0|0|0|0|0|1|0|0|1|0|1|0|1|0|0|1|0,-0.0559519869240436,0,0.0021999105041843,0,adjoint,2,2,ensemble
0|0|0|0|0|1|0|0|1|1|0|0|0|1|0|0|0,-0.0881827692707417,0,0.00181797232606506,1,adjoint,2,2,ensemble
0|0|0|0|0|1|0|0|1|1|0|0|0|1|0|0|1,0.336532459893149,0,0.00192720883422355,1,adjoint,2,2,ensemble
0|0|0|0|0|1|0|0|1|1|0|0|0|1|0|1|0,0.04778296445203,0,0.00148331648373009,1,adjoint,2,2,ensemble
0|0|0|0|0|1|0|0|1|1|0|0|0|1|0|1|1,0.317367350023937,0,0.00235313022678301,1,adjoint,2,2,ensemble
0|0|0|0|0|1|0|0|1|1|0|1|0|1|0|0|0,0.19496581906105,0,0.000271482610645742,1,adjoint,2,2,ensemble
0|0|0|0|0|1|0|0|1|1|0|1|0|1|0|0|1,0.410999617708096,0,0.000295094657778261,1,adjoint,2,2,ensemble
0|0|0|0|0|1|0|0|1|1|0|1|0|1|0|1|0,0.268082696826538,0,0.000270842988156343,1,adjoint,2,2,ensemble
0|0|0|0|0|1|0|0|1|1|0|1|0|1|0|1|1,0.494331211603559,0,0.000435032160238466,1,adjoint,2,2,ensemble
0|0|0|0|0|1|0|1|0|0|0|0|0|1|0|0|0,0.264394262347715,0,0.00223802678194148,1,adjoint,2,2,ensemble
0|0|0|0|0|1|0|1|0|0|0|0|0|1|0|0|1,0.83874759741345,1.15237811920532,0.00193283979636957,1,adjoint,2,2,ensemble
0|0|0|0|0|1|0|1|0|0|0|0|0|1|0|1|0,-0.0114004072589728,0,0.00155786501654962,1,adjoint,2,2,ensemble
0|0|0|0|0|1|0|1|0|0|0|0|0|1|0|1|1,0.715517280055123,1.20770962392902,0.00197327301155353,1,adjoint,2,2,ensemble
0|0|0|0|0|1|0|1|0|0|0|1|0|1|0|0|0,0.045455175722094,0,0.0015434321030384,1,adjoint,2,2,ensemble
0|0|0|0|0|1|0|1|0|0|0|1|0|1|0|0|1,0.541957767179659,1.1609879114833,0.00135632887464633,1,adjoint,2,2,ensemble
0|0|0|0|0|1|0|1|0|0|0|1|0|1|0|1|0,0.154221654981738,0,0.00132036175745063,1,adjoint,2,2,ensemble
0|0|0|0|0|1|0|1|0|0|0|1|0|1|0|1|1,0.595772306623997,1.2177773277593,0.00168241600041752,1,adjoint,2,2,ensemble
0|0|0|0|0|1|0|1|0|0|1|0|1|0|0|0|0,0.00531108431144328,0,0.0216080489337248,0,adjoint,2,2,ensemble
0|0|0|0|0|1|0|1|0|0|1|0|1|0|0|1|0,0.00531108431144328,0,0.00286012815021807,0,adjoint,2,2,ensemble
0|0|0|0|0|1|0|1|0|1|0|0|0|1|0|0|0,0.17433071495552,0,0.000277292389583944,1,adjoint,2,2,ensemble
0|0|0|0|0|1|0|1|0|1|0|0|0|1|0|0|1,0.707395136809771,1.08734971179017,0.000293954058159854,1,adjoint,2,2,ensemble
0|0|0|0|0|1|0|1|0|1|0|0|0|1|0|1|0,0.327778443468193,0,0.000226247873185749,1,adjoint,2,2,ensemble
0|0|0|0|0|1|0|1|0|1|0|0|0|1|0|1|1,0.777854504105338,1.15052576631158,0.000358919161877008,1,adjoint,2,2,ensemble
0|0|0|0|0|1|0|1|0|1|0|1|0|1|0|0|0,0.397956584316575,0,0.000250508673141046,1,adjoint,2,2,ensemble
0|0|0|0|0|1|0|1|0|1|0|1|0|1|0|0|1,0.696607192621692,1.08947668598861,0.000272296523873887,1,adjoint,2,2,ensemble
0|0|0|0|0|1|0|1|0|1|0|1|0|1|0|1|0,0.37786501206482,0,0.00024991846597916,1,adjoint,2,2,ensemble
0|0|0|0|0|1|0|1|0|1|0|1|0|1|0|1|1,0.689546530239146,1.1544295679605,0.000401422871895204,1,adjoint,2,2,ensemble
0|0|0|0|0|1|0|1|1|0|0|0|0|1|0|0|0,0.390445406138077,0,0.000248113975040352,1,adjoint,2,2,ensemble
0|0|0|0|0|1|0|1|1|0|0|0|0|1|0|0|1,0.680201000832425,1.15237811920532,0.000214280083179978,1,adjoint,2,2,ensemble
0|0|0|0|0|1|0|1|1|0|0|0|0|1|0|1|0,0.375153865987138,0,0.000172709319187467,1,adjoint,2,2,ensemble
0|0|0|0|0|1|0|1|1|0|0|0|0|1|0|1|1,0.696458681358902,1.20770962392902,0.000218762623703578,1,adjoint,2,2,ensemble
0|0|0|0|0|1|0|1|1|0|0|1|0|1|0|0|0,0.420875559741953,0,0.000171109245599619,1,adjoint,2,2,ensemble
0|0|0|0|0|1|0|1|1|0|0|1|0|1|0|0|1,0.66102633033459,1.1609879114833,0.000150366452835106,1,adjoint,2,2,ensemble
0|0|0|0|0|1|0|1|1|0|0|1|0|1|0|1|0,0.404371974806569,0,0.000146379036558333,1,adjoint,2,2,ensemble
0|0|0|0|0|1|0|1|1|0|0|1|0|1|0|1|1,0.676640044046216,1.2177773277593,0.000186517393314195,1,adjoint,2,2,ensemble
0|0|0|0|0|1|0|1|1|0|1|0|1|0|0|0|0,0.00658253291529436,0,0.0215090340674342,0,adjoint,2,2,ensemble
0|0|0|0|0|1|0|1|1|0|1|0|1|0|0|1|0,0.00658253291529436,0,0.00284702214480146,0,adjoint,2,2,ensemble
0|0|0|0|0|1|0|1|1|1|0|0|0|1|0|0|0,0.04818817219548,0,0.00112508162684404,1,adjoint,2,2,ensemble
0|0|0|0|0|1|0|1|1|1|0|0|0|1|0|0|1,0.685840146790213,1.08734971179017,0.00119268440965192,1,adjoint,2,2,ensemble
0|0|0|0|0|1|0|1|1|1|0|0|0|1|0|1|0,-0.0221051104043796,0,0.000917974437076171,1,adjoint,2,2,ensemble
0|0|0|0|0|1|0|1|1|1|0|0|0|1|0|1|1,0.573748384341744,1.15052576631158,0.00145627276376382,1,adjoint,2,2,ensemble
0|0|0|0|0|1|0|1|1|1|0|1|0|1|0|0|0,0.159347555076522,0,0.00101640981181977,1,adjoint,2,2,ensemble
0|0|0|0|0|1|0|1|1|1|0|1|0|1|0|0|1,0.5953293849944,1.08947668598861,0.00110481148265077,1,adjoint,2,2,ensemble
0|0|0|0|0|1|0|1|1|1|0|1|0|1|0|1|0,0.33534057275986,0,0.00101401511489042,1,adjoint,2,2,ensemble
0|0|0|0|0|1|0|1|1|1|0|1|0|1|0|1|1,0.672469048819959,1.1544295679605,0.0016287266247801,1,adjoint,2,2,ensemble
0|0|0|0|0|1|0|2|0|0|0|0|0|1|0|0|0,0.190579198601725,0,0.000458017349910382,1,adjoint,2,2,ensemble
0|0|0|0|0|1|0|2|0|0|0|0|0|1|0|0|1,0.703255427632033,1.7191461392519,0.000395560128447857,1,adjoint,2,2,ensemble
0|0|0|0|0|1|0|2|0|0|0|0|0|1|0|1|0,0.284710352478023,0,0.00031882067370935,1,adjoint,2,2,ensemble
0|0|0|0|0|1|0|2|0|0|0|0|0|1|0|1|1,0.86620688941827,1.80169104455637,0.00040383487932052,1,adjoint,2,2,ensemble
0|0|0|0|0|1|0|2|0|0|0|1|0|1|0|0|0,0.091990650879328,0,0.0019108836606411,1,adjoint,2,2,ensemble
0|0|0|0|0|1|0|2|0|0|0|1|0|1|0|0|1,0.705408114897228,1.73199044001375,0.00167923595726382,1,adjoint,2,2,ensemble
0|0|0|0|0|1|0|2|0|0|0|1|0|1|0|1|0,0.265724369374062,0,0.00163470599288486,1,adjoint,2,2,ensemble
0|0|0|0|0|1|0|2|0|0|0|1|0|1|0|1|1,0.815813907557159,1.81671029377891,0.00208295605570865,1,adjoint,2,2,ensemble
0|0|0|0|0|1|0|2|0|0|1|0|1|0|0|0|0,0.0495827139549347,0,0.018757598435739,0,adjoint,2,2,ensemble
0|0|0|0|0|1|0|2|0|0|1|0|1|0|0|1|0,0.0495827139549347,0,0.00248283107286056,0,adjoint,2,2,ensemble
0|0|0|0|0|1|0|2|0|1|0|0|0|1|0|0|0,0.520445364187978,0,7.16402953230343e-05,1,adjoint,2,2,ensemble
0|0|0|0|0|1|0|2|0|1|0|0|0|1|0|0|1,0.797513989241514,1.62213515502169,7.59449459452304e-05,1,adjoint,2,2,ensemble
0|0|0|0|0|1|0|2|0|1|0|0|0|1|0|1|0,0.42221569540624,0,5.84526119723482e-05,1,adjoint,2,2,ensemble
0|0|0|0|0|1|0|2|0|1|0|0|0|1|0|1|1,0.759916730301744,1.71638275345627,9.27291037180837e-05,1,adjoint,2,2,ensemble
0|0|0|0|0|1|0|2|0|1|0|1|0|1|0|0|0,0.209951149828974,0,0.000391536497242719,1,adjoint,2,2,ensemble
0|0|0|0|0|1|0|2|0|1|0|1|0|1|0|0|1,0.669985394917595,1.62530822766217,0.000425590163534666,1,adjoint,2,2,ensemble
0|0|0|0|0|1|0|2|0|1|0|1|0|1|0|1|0,0.394487911172596,0,0.000390614023613703,1,adjoint,2,2,ensemble
0|0|0|0|0|1|0|2|0|1|0|1|0|1|0|1|1,0.720844674716781,1.72220654117081,0.000627410233762513,1,adjoint,2,2,ensemble
0|0|0|0|0|1|0|2|1|0|0|0|0|1|0|0|0,0.433713371098478,0,3.98591765541312e-05,1,adjoint,2,2,ensemble
0|0|0|0|0|1|0|2|1|0|0|0|0|1|0|0|1,0.723468965792826,1.7191461392519,3.44238073091837e-05,1,adjoint,2,2,ensemble
0|0|0|0|0|1|0|2|1|0|0|0|0|1|0|1|0,0.418421830947539,0,2.77455199567758e-05,1,adjoint,2,2,ensemble
0|0|0|0|0|1|0|2|1|0|0|0|0|1|0|1|1,0.739726646319303,1.80169104455637,3.51439214184843e-05,1,adjoint,2,2,ensemble
0|0|0|0|0|1|0|2|1|0|0|1|0|1|0|0|0,0.485711591918441,0,0.000166295554565348,1,adjoint,2,2,ensemble
0|0|0|0|0|1|0|2|1|0|0|1|0|1|0|0|1,0.851805688860443,1.73199044001375,0.000146136303591382,1,adjoint,2,2,ensemble
0|0|0|0|0|1|0|2|1|0|0|1|0|1|0|1|0,0.452618318614398,0,0.000142261062375133,1,adjoint,2,2,ensemble
0|0|0|0|0|1|0|2|1|0|0|1|0|1|0|1|1,0.750997308030086,1.81671029377891,0.000181270236149859,1,adjoint,2,2,ensemble
0|0|0|0|0|1|0|2|1|0|1|0|1|0|0|0|0,0.052985896243546,0,0.0181122003680411,0,adjoint,2,2,ensemble
0|0|0|0|0|1|0|2|1|0|1|0|1|0|0|1|0,0.052985896243546,0,0.00239740359224069,0,adjoint,2,2,ensemble
0|0|0|0|0|1|0|2|1|1|0|0|0|1|0|0|0,0.585704681028711,0,0.000228172812251331,1,adjoint,2,2,ensemble
0|0|0|0|0|1|0|2|1|1|0|0|0|1|0|0|1,0.852087264034195,1.62213515502169,0.000241883032648902,1,adjoint,2,2,ensemble
0|0|0|0|0|1|0|2|1|1|0|0|0|1|0|1|0,0.354427442345242,0,0.000186170322121469,1,adjoint,2,2,ensemble
0|0|0|0|0|1|0|2|1|1|0|0|0|1|0|1|1,0.826803649292389,1.71638275345627,0.000295340217087261,1,adjoint,2,2,ensemble
0|0|0|0|0|1|0|2|1|1|0|1|0|1|0|0|0,0.304753099279508,0,0.00124703539079608,1,adjoint,2,2,ensemble
0|0|0|0|0|1|0|2|1|1|0|1|0|1|0|0|1,1.46355766410536,1.62530822766217,0.00135549559144525,1,adjoint,2,2,ensemble
0|0|0|0|0|1|0|2|1|1|0|1|0|1|0|1|0,0.204542822074118,0,0.00124409733196744,1,adjoint,2,2,ensemble
0|0|0|0|0|1|0|2|1|1|0|1|0|1|0|1|1,0.98368498418556,1.72220654117081,0.0019982882095522,1,adjoint,2,2,ensemble
0|0|0|0|0|1|0|3|0|0|0|0|0|1|0|0|0,0.535595286670599,0,6.05453034286365e-05,1,adjoint,2,2,ensemble
0|0|0|0|0|1|0|3|0|0|0|0|0|1|0|0|1,0.825350881364947,3.05801849871546,5.22890846947871e-05,1,adjoint,2,2,ensemble
0|0|0|0|0|1|0|3|0|0|0|0|0|1|0|1|0,0.52030374651966,0,4.21448978577599e-05,1,adjoint,2,2,ensemble
0|0|0|0|0|1|0|3|0|0|0|0|0|1|0|1|1,0.841608561891423,3.2048494409096,5.33829238309678e-05,1,adjoint,2,2,ensemble
0|0|0|0|0|1|0|3|0|0|0|1|0|1|0|0|0,0.207161555765556,0,0.00152813894795864,1,adjoint,2,2,ensemble
0|0|0|0|0|1|0|3|0|0|0|1|0|1|0|0|1,0.873569948676849,3.08086595096864,0.00134288963894669,1,adjoint,2,2,ensemble
0|0|0|0|0|1|0|3|0|0|0|1|0|1|0|1|0,0.324348798092835,0,0.00130727890328534,1,adjoint,2,2,ensemble
0|0|0|0|0|1|0|3|0|0|0|1|0|1|0|1|1,1.15100686600755,3.23156569318781,0.00166574571815994,1,adjoint,2,2,ensemble
0|0|0|0|0|1|0|3|0|0|1|0|1|0|0|0|0,0.153795048527268,0,0.0152011614595537,0,adjoint,2,2,ensemble
0|0|0|0|0|1|0|3|0|0|1|0|1|0|0|1|0,0.153795048527268,0,0.00201208678950288,0,adjoint,2,2,ensemble
0|0|0|0|0|1|0|3|0|1|0|0|0|1|0|0|0,0.50923671018788,0,1.29777317427742e-05,1,adjoint,2,2,ensemble
0|0|0|0|0|1|0|3|0|1|0|0|0|1|0|0|1,0.82370121549526,2.88545528400023,1.3757524745711e-05,1,adjoint,2,2,ensemble
0|0|0|0|0|1|0|3|0|1|0|0|0|1|0|1|0,0.496088249976055,0,1.05887659231592e-05,1,adjoint,2,2,ensemble
0|0|0|0|0|1|0|3|0|1|0|0|0|1|0|1|1,0.84570303386687,3.05310298589826,1.67979965377704e-05,1,adjoint,2,2,ensemble
0|0|0|0|0|1|0|3|0|1|0|1|0|1|0|0|0,0.507236700276427,0,0.000429085406358523,1,adjoint,2,2,ensemble
0|0|0|0|0|1|0|3|0|1|0|1|0|1|0|0|1,0.825039782404785,2.89109954809786,0.000466404867869207,1,adjoint,2,2,ensemble
0|0|0|0|0|1|0|3|0|1|0|1|0|1|0|1|0,0.375353944087443,0,0.000428074466191389,1,adjoint,2,2,ensemble
0|0|0|0|0|1|0|3|0|1|0|1|0|1|0|1|1,0.96198563680257,3.06346234404534,0.000687579770987722,1,adjoint,2,2,ensemble
0|0|0|0|0|1|0|3|1|0|0|0|0|1|0|0|0,0.537002661997844,0,4.19557219562683e-06,1,adjoint,2,2,ensemble
0|0|0|0|0|1|0|3|1|0|0|0|0|1|0|0|1,0.826758256692192,3.05801849871546,3.623445873697e-06,1,adjoint,2,2,ensemble
0|0|0|0|0|1|0|3|1|0|0|0|0|1|0|1|0,0.521711121846905,0,2.92049013922223e-06,1,adjoint,2,2,ensemble
0|0|0|0|0|1|0|3|1|0|0|0|0|1|0|1|1,0.843015937218669,3.2048494409096,3.69924499941544e-06,1,adjoint,2,2,ensemble
0|0|0|0|0|1|0|3|1|0|0|1|0|1|0|0|0,0.567460191036736,0,0.0001058945437224,1,adjoint,2,2,ensemble
0|0|0|0|0|1|0|3|1|0|0|1|0|1|0|0|1,0.808709048077877,3.08086595096864,9.30574315743746e-05,1,adjoint,2,2,ensemble
0|0|0|0|0|1|0|3|1|0|0|1|0|1|0|1|0,0.550937955564629,0,9.05897354204905e-05,1,adjoint,2,2,ensemble
0|0|0|0|0|1|0|3|1|0|0|1|0|1|0|1|1,0.823524028327972,3.23156569318781,0.000115430198947368,1,adjoint,2,2,ensemble
0|0|0|0|0|1|0|3|1|0|1|0|1|0|0|0|0,0.155777668806933,0,0.0144288683972106,0,adjoint,2,2,ensemble
0|0|0|0|0|1|0|3|1|0|1|0|1|0|0|1|0,0.155777668806933,0,0.00190986297769089,0,adjoint,2,2,ensemble
0|0|0|0|0|1|0|3|1|1|0|0|0|1|0|0|0,0.383077828709533,0,3.2913166460118e-05,1,adjoint,2,2,ensemble
0|0|0|0|0|1|0|3|1|1|0|0|0|1|0|0|1,1.03577753670174,2.88545528400023,3.48908199837689e-05,1,adjoint,2,2,ensemble
0|0|0|0|0|1|0|3|1|1|0|0|0|1|0|1|0,0.473307481894423,0,2.68544474754002e-05,1,adjoint,2,2,ensemble
0|0|0|0|0|1|0|3|1|1|0|0|0|1|0|1|1,0.933043573830498,3.05310298589826,4.26018403833901e-05,1,adjoint,2,2,ensemble
0|0|0|0|0|1|0|3|1|1|0|1|0|1|0|0|0,0.241396272018264,0,0.00108821477319784,1,adjoint,2,2,ensemble
0|0|0|0|0|1|0|3|1|1|0|1|0|1|0|0|1,0.878355909380795,2.89109954809786,0.00118286164009636,1,adjoint,2,2,ensemble
0|0|0|0|0|1|0|3|1|1|0|1|0|1|0|1|0,0.668808012686719,0,0.00108565090127772,1,adjoint,2,2,ensemble
0|0|0|0|0|1|0|3|1|1|0|1|0|1|0|1|1,1.75754991015389,3.06346234404534,0.00174378912322093,1,adjoint,2,2,ensemble
1|0|0|1|0|1|0|0|0|0|0|0|0|1|0|0|0,0.0745330965875104,0,0.00348157433012709,1,adjoint,2,2,ensemble
1|0|0|1|0|1|0|0|0|0|0|0|0|1|0|0|1,0.477447171887241,0,0.00369902966371158,1,adjoint,2,2,ensemble
1|0|0|1|0|1|0|0|0|0|0|0|0|1|0|1|0,0.234685668534998,0,0.00239311113130031,1,adjoint,2,2,ensemble
1|0|0|1|0|1|0|0|0|0|0|0|0|1|0|1|1,0.699195605246404,0,0.00383856478161443,1,adjoint,2,2,ensemble
1|0|0|1|0|1|0|0|0|0|0|1|0|1|0|0|0,0.445148312079684,0,0.000684706357326217,1,adjoint,2,2,ensemble
1|0|0|1|0|1|0|0|0|0|0|1|0|1|0|0|1,0.580096446363308,0,0.000737954671131801,1,adjoint,2,2,ensemble
1|0|0|1|0|1|0|0|0|0|0|1|0|1|0|1|0,0.181593883025553,0,0.000574002086565029,1,adjoint,2,2,ensemble
1|0|0|1|0|1|0|0|0|0|0|1|0|1|0|1|1,0.483064514391657,0,0.000917954432952705,1,adjoint,2,2,ensemble
1|0|0|1|0|1|0|0|0|0|1|0|1|0|0|0|1,0.105427517016496,0,0.0119086953768889,0,adjoint,2,2,ensemble
1|0|0|1|0|1|0|0|0|0|1|0|1|0|0|1|1,0.105427517016496,0,0.0019055164526257,0,adjoint,2,2,ensemble
1|0|0|1|0|1|0|0|0|1|0|0|0|1|0|0|0,0.0941826151092985,0,0.000435548231941948,1,adjoint,2,2,ensemble
1|0|0|1|0|1|0|0|0|1|0|0|0|1|0|0|1,0.521462336226446,0,0.000568978215856641,1,adjoint,2,2,ensemble
1|0|0|1|0|1|0|0|0|1|0|0|0|1|0|1|0,0.244491986935846,0,0.000355398130512882,1,adjoint,2,2,ensemble
1|0|0|1|0|1|0|0|0|1|0|0|0|1|0|1|1,0.698310596791398,0,0.000720090899867005,1,adjoint,2,2,ensemble
1|0|0|1|0|1|0|0|0|1|0|1|0|1|0|0|0,0.464020790382084,0,0.000112321789717737,1,adjoint,2,2,ensemble
1|0|0|1|0|1|0|0|0|1|0|1|0|1|0|0|1,0.739829894455475,0,0.000149912039557223,1,adjoint,2,2,ensemble
1|0|0|1|0|1|0|0|0|1|0|1|0|1|0|1|0,0.37737391917314,0,0.000110684793440412,1,adjoint,2,2,ensemble
1|0|0|1|0|1|0|0|0|1|0|1|0|1|0|1|1,0.654625624504977,0,0.000225282267809345,1,adjoint,2,2,ensemble
1|0|0|1|0|1|0|0|1|0|0|0|0|1|0|0|0,0.207152619524056,0,0.000457885374403654,1,adjoint,2,2,ensemble
1|0|0|1|0|1|0|0|1|0|0|0|0|1|0|0|1,0.580712513130355,0,0.000486484395246839,1,adjoint,2,2,ensemble
1|0|0|1|0|1|0|0|1|0|0|0|0|1|0|1|0,0.373929161109602,0,0.000314734221487954,1,adjoint,2,2,ensemble
1|0|0|1|0|1|0|0|1|0|0|0|0|1|0|1|1,0.663088636188572,0,0.000504835601811794,1,adjoint,2,2,ensemble
1|0|0|1|0|1|0|0|1|0|0|1|0|1|0|0|0,0.425646149403637,0,9.00503614321606e-05,1,adjoint,2,2,ensemble
1|0|0|1|0|1|0|0|1|0|0|1|0|1|0|0|1,0.666553688200249,0,9.70534071210754e-05,1,adjoint,2,2,ensemble
1|0|0|1|0|1|0|0|1|0|0|1|0|1|0|1|0,0.468230157411056,0,7.54908944614469e-05,1,adjoint,2,2,ensemble
1|0|0|1|0|1|0|0|1|0|0|1|0|1|0|1|1,0.758105095513614,0,0.000120726392534811,1,adjoint,2,2,ensemble
1|0|0|1|0|1|0|0|1|0|1|0|1|0|0|0|1,0.104895069661013,0,0.0135575419796628,0,adjoint,2,2,ensemble
1|0|0|1|0|1|0|0|1|0|1|0|1|0|0|1|1,0.104895069661013,0,0.00216934924286896,0,adjoint,2,2,ensemble
1|0|0|1|0|1|0|0|1|1|0|0|0|1|0|0|0,0.0640642777223965,0,0.00209641611789465,1,adjoint,2,2,ensemble
1|0|0|1|0|1|0|0|1|1|0|0|0|1|0|0|1,0.396758531329471,0,0.00273865215141498,1,adjoint,2,2,ensemble
1|0|0|1|0|1|0|0|1|1|0|0|0|1|0|1|0,0.10682698964941,0,0.00171063114125128,1,adjoint,2,2,ensemble
1|0|0|1|0|1|0|0|1|1|0|0|0|1|0|1|1,0.468698735410403,0,0.00346599999292768,1,adjoint,2,2,ensemble
1|0|0|1|0|1|0|0|1|1|0|1|0|1|0|0|0,0.470169801881429,0,0.00054063635915855,1,adjoint,2,2,ensemble
1|0|0|1|0|1|0|0|1|1|0|1|0|1|0|0|1,0.671064229442853,0,0.000721568802134668,1,adjoint,2,2,ensemble
1|0|0|1|0|1|0|0|1|1|0|1|0|1|0|1|0,0.444226671553388,0,0.000532757035747186,1,adjoint,2,2,ensemble
1|0|0|1|0|1|0|0|1|1|0|1|0|1|0|1|1,0.681365626994095,0,0.00108434690506175,1,adjoint,2,2,ensemble
1|0|0|1|0|1|0|1|0|0|0|0|0|1|0|0|0,0.0911359784316379,0,0.00148232240893693,1,adjoint,2,2,ensemble
1|0|0|1|0|1|0|1|0|0|0|0|0|1|0|0|1,0.873003620969342,1.34068417118409,0.00157490664909686,1,adjoint,2,2,ensemble
1|0|0|1|0|1|0|1|0|0|0|0|0|1|0|1|0,0.280306186796841,0,0.00101889602824403,1,adjoint,2,2,ensemble
1|0|0|1|0|1|0|1|0|0|0|0|0|1|0|1|1,0.879788062365514,1.41989411583333,0.00163431541435321,1,adjoint,2,2,ensemble
1|0|0|1|0|1|0|1|0|0|0|1|0|1|0|0|0,0.0674885680610476,0,0.00176360544130717,1,adjoint,2,2,ensemble
1|0|0|1|0|1|0|1|0|0|0|1|0|1|0|0|1,0.92695024168654,1.35187622302979,0.00190075768907463,1,adjoint,2,2,ensemble
1|0|0|1|0|1|0|1|0|0|0|1|0|1|0|1|0,0.238839645619228,0,0.00147846327459386,1,adjoint,2,2,ensemble
1|0|0|1|0|1|0|1|0|0|0|1|0|1|0|1|1,0.964332287189812,1.43085697359309,0.00236438498855083,1,adjoint,2,2,ensemble
1|0|0|1|0|1|0|1|0|0|1|0|1|0|0|0|1,0.887600677664056,1.05127109637602,0.0132221042607414,0,adjoint,2,2,ensemble
1|0|0|1|0|1|0|1|0|0|1|0|1|0|0|1|1,0.887600677664056,1.05127109637602,0.00211567568149158,0,adjoint,2,2,ensemble
1|0|0|1|0|1|0|1|0|1|0|0|0|1|0|0|0,0.356105265381086,0,0.000227441003058666,1,adjoint,2,2,ensemble
1|0|0|1|0|1|0|1|0|1|0|0|0|1|0|0|1,0.759164722254427,1.26624996395681,0.00029711744106038,1,adjoint,2,2,ensemble
1|0|0|1|0|1|0|1|0|1|0|0|0|1|0|1|0,0.348296033514731,0,0.000185587040334486,1,adjoint,2,2,ensemble
1|0|0|1|0|1|0|1|0|1|0|0|0|1|0|1|1,0.817774609078575,1.35653713282116,0.000376027692338326,1,adjoint,2,2,ensemble
1|0|0|1|0|1|0|1|0|1|0|1|0|1|0|0|0,0.563857354224844,0,0.000354835112911803,1,adjoint,2,2,ensemble
1|0|0|1|0|1|0|1|0|1|0|1|0|1|0|0|1,0.894941214615722,1.26983321343187,0.000473586252647876,1,adjoint,2,2,ensemble
1|0|0|1|0|1|0|1|0|1|0|1|0|1|0|1|0,0.410285895684153,0,0.000349663687488823,1,adjoint,2,2,ensemble
1|0|0|1|0|1|0|1|0|1|0|1|0|1|0|1|1,0.918783177638694,1.36135821946778,0.000711687902552468,1,adjoint,2,2,ensemble
1|0|0|1|0|1|0|1|1|0|0|0|0|1|0|0|0,0.453195831161857,0,0.000152598707242242,1,adjoint,2,2,ensemble
1|0|0|1|0|1|0|1|1|0|0|0|0|1|0|0|1,0.824568808445364,1.34068417118409,0.000162129855981701,1,adjoint,2,2,ensemble
1|0|0|1|0|1|0|1|1|0|0|0|0|1|0|1|0,0.500026815273571,0,0.000104890957450883,1,adjoint,2,2,ensemble
1|0|0|1|0|1|0|1|1|0|0|0|0|1|0|1|1,0.86370855905358,1.41989411583333,0.000168245732475451,1,adjoint,2,2,ensemble
1|0|0|1|0|1|0|1|1|0|0|1|0|1|0|0|0,0.749741593147305,0,0.000181555583863745,1,adjoint,2,2,ensemble
1|0|0|1|0|1|0|1|1|0|0|1|0|1|0|0|1,0.904494521053109,1.35187622302979,0.000195674817020108,1,adjoint,2,2,ensemble
1|0|0|1|0|1|0|1|1|0|0|1|0|1|0|1|0,0.588720988309216,0,0.000152201425983944,1,adjoint,2,2,ensemble
1|0|0|1|0|1|0|1|1|0|0|1|0|1|0|1|1,0.858541829651052,1.43085697359309,0.000243403250534797,1,adjoint,2,2,ensemble
1|0|0|1|0|1|0|1|1|0|1|0|1|0|0|0|1,1.08060603047078,1.05127109637602,0.0146460861644001,0,adjoint,2,2,ensemble
1|0|0|1|0|1|0|1|1|0|1|0|1|0|0|1|1,1.08060603047078,1.05127109637602,0.00234352775594541,0,adjoint,2,2,ensemble
1|0|0|1|0|1|0|1|1|1|0|0|0|1|0|0|0,0.31189678173075,0,0.000856913682278011,1,adjoint,2,2,ensemble
1|0|0|1|0|1|0|1|1|1|0|0|0|1|0|0|1,1.018038335156,1.26624996395681,0.00111942876202669,1,adjoint,2,2,ensemble
1|0|0|1|0|1|0|1|1|1|0|0|0|1|0|1|0,0.386374719837372,0,0.000699223411686598,1,adjoint,2,2,ensemble
1|0|0|1|0|1|0|1|1|1|0|0|0|1|0|1|1,0.963613194900342,1.35653713282116,0.00141673343920764,1,adjoint,2,2,ensemble
1|0|0|1|0|1|0|1|1|1|0|1|0|1|0|0|0,0.332159581460391,0,0.0013368876285177,1,adjoint,2,2,ensemble
1|0|0|1|0|1|0|1|1|1|0|1|0|1|0|0|1,0.831970618604521,1.26983321343187,0.00178429805609,1,adjoint,2,2,ensemble
1|0|0|1|0|1|0|1|1|1|0|1|0|1|0|1|0,0.382395873162194,0,0.00131740360786075,1,adjoint,2,2,ensemble
1|0|0|1|0|1|0|1|1|1|0|1|0|1|0|1|1,1.10669981641984,1.36135821946778,0.00268137711761518,1,adjoint,2,2,ensemble
1|0|0|1|0|1|0|2|0|0|0|0|0|1|0|0|0,0.754173153850328,0,0.000253994915871286,1,adjoint,2,2,ensemble
1|0|0|1|0|1|0|2|0|0|0|0|0|1|0|0|1,0.909177462661548,1.63751534450593,0.000269859161158716,1,adjoint,2,2,ensemble
1|0|0|1|0|1|0|2|0|0|0|0|0|1|0|1|0,0.668154264817376,0,0.000174587127210084,1,adjoint,2,2,ensemble
1|0|0|1|0|1|0|2|0|0|0|0|0|1|0|1|1,1.00731448839626,1.73426258937422,0.000280038811848963,1,adjoint,2,2,ensemble
1|0|0|1|0|1|0|2|0|0|0|1|0|1|0|0|0,0.66120479997362,0,0.00182815850413023,1,adjoint,2,2,ensemble
1|0|0|1|0|1|0|2|0|0|0|1|0|1|0|0|1,1.18784597410666,1.65118534749974,0.0019703309210688,1,adjoint,2,2,ensemble
1|0|0|1|0|1|0|2|0|0|0|1|0|1|0|1|0,0.358588173015049,0,0.00153257930894659,1,adjoint,2,2,ensemble
1|0|0|1|0|1|0|2|0|0|0|1|0|1|0|1|1,1.06991341394767,1.74765265407931,0.00245092832138988,1,adjoint,2,2,ensemble
1|0|0|1|0|1|0|2|0|0|1|0|1|0|0|0|1,1.20525695045387,1.28402541668774,0.0113447292461033,0,adjoint,2,2,ensemble
1|0|0|1|0|1|0|2|0|0|1|0|1|0|0|1|1,1.20525695045387,1.28402541668774,0.00181527594290359,0,adjoint,2,2,ensemble
1|0|0|1|0|1|0|2|0|1|0|0|0|1|0|0|0,0.551734093208785,0,5.0496613326997e-05,1,adjoint,2,2,ensemble
1|0|0|1|0|1|0|2|0|1|0|0|0|1|0|0|1,0.875612526371443,1.54660119849706,6.59662256680378e-05,1,adjoint,2,2,ensemble
1|0|0|1|0|1|0|2|0|1|0|0|0|1|0|1|0,0.541317049439709,0,4.12041667432106e-05,1,adjoint,2,2,ensemble
1|0|0|1|0|1|0|2|0|1|0|0|0|1|0|1|1,0.908226026034985,1.65687819557445,8.34859358026736e-05,1,adjoint,2,2,ensemble
1|0|0|1|0|1|0|2|0|1|0|1|0|1|0|0|0,0.287040869034847,0,0.000476595729633283,1,adjoint,2,2,ensemble
1|0|0|1|0|1|0|2|0|1|0|1|0|1|0|0|1,0.956145951784103,1.55097778928908,0.000636095970809712,1,adjoint,2,2,ensemble
1|0|0|1|0|1|0|2|0|1|0|1|0|1|0|1|0,0.247813793034693,0,0.000469649744912425,1,adjoint,2,2,ensemble
1|0|0|1|0|1|0|2|0|1|0|1|0|1|0|1|1,1.08238079142351,1.66276668410197,0.000955901495781457,1,adjoint,2,2,ensemble
1|0|0|1|0|1|0|2|1|0|0|0|0|1|0|0|0,0.579614146158085,0,2.07223272479901e-05,1,adjoint,2,2,ensemble
1|0|0|1|0|1|0|2|1|0|0|0|0|1|0|0|1,0.87894879770367,1.63751534450593,2.20166211958071e-05,1,adjoint,2,2,ensemble
1|0|0|1|0|1|0|2|1|0|0|0|0|1|0|1|0,0.566175786135856,0,1.4243795278041e-05,1,adjoint,2,2,ensemble
1|0|0|1|0|1|0|2|1|0|0|0|0|1|0|1|1,0.904933663732937,1.73426258937422,2.28471340907205e-05,1,adjoint,2,2,ensemble
1|0|0|1|0|1|0|2|1|0|0|1|0|1|0|0|0,0.586202116390759,0,0.000149151405861133,1,adjoint,2,2,ensemble
1|0|0|1|0|1|0|2|1|0|0|1|0|1|0|0|1,0.857146346608086,1.65118534749974,0.00016075062759883,1,adjoint,2,2,ensemble
1|0|0|1|0|1|0|2|1|0|0|1|0|1|0|1|0,0.425526197982533,0,0.000125036400293869,1,adjoint,2,2,ensemble
1|0|0|1|0|1|0|2|1|0|0|1|0|1|0|1|1,0.856484428906551,1.74765265407931,0.000199960454180689,1,adjoint,2,2,ensemble
1|0|0|1|0|1|0|2|1|0|1|0|1|0|0|0|1,1.18891584799807,1.28402541668774,0.0121869311051466,0,adjoint,2,2,ensemble
1|0|0|1|0|1|0|2|1|0|1|0|1|0|0|1|1,1.18891584799807,1.28402541668774,0.00195003709415056,0,adjoint,2,2,ensemble
1|0|0|1|0|1|0|2|1|1|0|0|0|1|0|0|0,0.657691713802412,0,0.000150777275408335,1,adjoint,2,2,ensemble
1|0|0|1|0|1|0|2|1|1|0|0|0|1|0|0|1,0.947933206740972,1.54660119849706,0.000196967818629543,1,adjoint,2,2,ensemble
1|0|0|1|0|1|0|2|1|1|0|0|0|1|0|1|0,0.493971655387248,0,0.000123031062633473,1,adjoint,2,2,ensemble
1|0|0|1|0|1|0|2|1|1|0|0|0|1|0|1|1,0.881466463914036,1.65687819557445,0.000249279726022982,1,adjoint,2,2,ensemble
1|0|0|1|0|1|0|2|1|1|0|1|0|1|0|0|0,0.139366852902377,0,0.00142306188179427,1,adjoint,2,2,ensemble
1|0|0|1|0|1|0|2|1|1|0|1|0|1|0|0|1,1.02407415571844,1.55097778928908,0.00189931187574578,1,adjoint,2,2,ensemble
1|0|0|1|0|1|0|2|1|1|0|1|0|1|0|1|0,0.353151845081267,0,0.00140232194336598,1,adjoint,2,2,ensemble
1|0|0|1|0|1|0|2|1|1|0|1|0|1|0|1|1,1.48523703839603,1.66276668410197,0.00285421563143968,1,adjoint,2,2,ensemble
1|0|0|1|0|1|0|3|0|0|0|0|0|1|0|0|0,0.681496061730206,0,3.14440869817413e-05,1,adjoint,2,2,ensemble
1|0|0|1|0|1|0|3|0|0|0|0|0|1|0|0|1,0.980830713275792,2.9128135770986,3.34080503430016e-05,1,adjoint,2,2,ensemble
1|0|0|1|0|1|0|3|0|0|0|0|0|1|0|1|0,0.668057701707977,0,2.16135539369149e-05,1,adjoint,2,2,ensemble
1|0|0|1|0|1|0|3|0|0|0|0|0|1|0|1|1,1.00681557930506,3.08490765203031,3.46682717165274e-05,1,adjoint,2,2,ensemble
1|0|0|1|0|1|0|3|0|0|0|1|0|1|0|0|0,0.501956549407701,0,0.00136917159247401,1,adjoint,2,2,ensemble
1|0|0|1|0|1|0|3|0|0|0|1|0|1|0|0|1,1.90500740936596,2.93712978912857,0.00147564946847103,1,adjoint,2,2,ensemble
1|0|0|1|0|1|0|3|0|0|0|1|0|1|0|1|0,0.293496232516323,0,0.0011478020359189,1,adjoint,2,2,ensemble
1|0|0|1|0|1|0|3|0|0|0|1|0|1|0|1|1,1.7045233273876,3.10872590961309,0.00183558560445151,1,adjoint,2,2,ensemble
1|0|0|1|0|1|0|3|0|0|1|0|1|0|0|0|1,2.38677553524491,2.28402541668774,0.00914445348574507,0,adjoint,2,2,ensemble
1|0|0|1|0|1|0|3|0|0|1|0|1|0|0|1|1,2.38677553524491,2.28402541668774,0.00146320869044765,0,adjoint,2,2,ensemble
1|0|0|1|0|1|0|3|0|1|0|0|0|1|0|0|0,0.655023384108151,0,8.67417768775642e-06,1,adjoint,2,2,ensemble
1|0|0|1|0|1|0|3|0|1|0|0|0|1|0|0|1,0.978901817270809,2.75109542298575,1.13315077019092e-05,1,adjoint,2,2,ensemble
1|0|0|1|0|1|0|3|0|1|0|0|0|1|0|1|0,0.644606340339075,0,7.07794523747733e-06,1,adjoint,2,2,ensemble
1|0|0|1|0|1|0|3|0|1|0|0|0|1|0|1|1,1.01151531693435,2.94725623174177,1.43409982149011e-05,1,adjoint,2,2,ensemble
1|0|0|1|0|1|0|3|0|1|0|1|0|1|0|0|0,1.10459240315844,0,0.000495274851319532,1,adjoint,2,2,ensemble
1|0|0|1|0|1|0|3|0|1|0|1|0|1|0|0|1,0.984856030918671,2.75888050611378,0.000661026353740398,1,adjoint,2,2,ensemble
1|0|0|1|0|1|0|3|0|1|0|1|0|1|0|1|0,0.987575603433782,0,0.000488056634000342,1,adjoint,2,2,ensemble
1|0|0|1|0|1|0|3|0|1|0|1|0|1|0|1|1,1.36634977702227,2.95773067974563,0.000993365953076338,1,adjoint,2,2,ensemble
1|0|0|1|0|1|0|3|1|0|0|0|0|1|0|0|0,0.682903437057451,0,2.07139846973198e-06,1,adjoint,2,2,ensemble
1|0|0|1|0|1|0|3|1|0|0|0|0|1|0|0|1,0.982238088603037,2.9128135770986,2.20077575785253e-06,1,adjoint,2,2,ensemble
1|0|0|1|0|1|0|3|1|0|0|0|0|1|0|1|0,0.669465077035223,0,1.42380609035944e-06,1,adjoint,2,2,ensemble
1|0|0|1|0|1|0|3|1|0|0|0|0|1|0|1|1,1.0082229546323,3.08490765203031,2.28379361192986e-06,1,adjoint,2,2,ensemble
1|0|0|1|0|1|0|3|1|0|0|1|0|1|0|0|0,0.713654598359448,0,9.01950164143109e-05,1,adjoint,2,2,ensemble
1|0|0|1|0|1|0|3|1|0|0|1|0|1|0|0|1,0.964976232462589,2.93712978912857,9.72093116466258e-05,1,adjoint,2,2,ensemble
1|0|0|1|0|1|0|3|1|0|0|1|0|1|0|1|0,0.697977494293706,0,7.56121614260338e-05,1,adjoint,2,2,ensemble
1|0|0|1|0|1|0|3|1|0|0|1|0|1|0|1|1,0.98805821678277,3.10872590961309,0.000120920324839795,1,adjoint,2,2,ensemble
1|0|0|1|0|1|0|3|1|0|1|0|1|0|0|0|1,2.05911724967256,2.28402541668774,0.00965222548188887,0,adjoint,2,2,ensemble
1|0|0|1|0|1|0|3|1|0|1|0|1|0|0|1|1,2.05911724967256,2.28402541668774,0.00154445754787601,0,adjoint,2,2,ensemble
1|0|0|1|0|1|0|3|1|1|0|0|0|1|0|0|0,0.656430759435396,0,2.09128446456882e-05,1,adjoint,2,2,ensemble
1|0|0|1|0|1|0|3|1|1|0|0|0|1|0|0|1,0.980309192598054,2.75109542298575,2.73194841864878e-05,1,adjoint,2,2,ensemble
1|0|0|1|0|1|0|3|1|1|0|0|0|1|0|1|0,0.64601371566632,0,1.7064438208475e-05,1,adjoint,2,2,ensemble
1|0|0|1|0|1|0|3|1|1|0|0|0|1|0|1|1,1.0129226922616,2.94725623174177,3.4575158421719e-05,1,adjoint,2,2,ensemble
1|0|0|1|0|1|0|3|1|1|0|1|0|1|0|0|0,0.634628339779018,0,0.00119407353589049,1,adjoint,2,2,ensemble
1|0|0|1|0|1|0|3|1|1|0|1|0|1|0|0|1,2.02945820036008,2.75888050611378,0.00159368898587253,1,adjoint,2,2,ensemble
1|0|0|1|0|1|0|3|1|1|0|1|0|1|0|1|0,0.628124706136436,0,0.00117667091135951,1,adjoint,2,2,ensemble
1|0|0|1|0|1|0|3|1|1|0|1|0|1|0|1|1,1.92876903190992,2.95773067974562,0.00239493685751031,1,adjoint,2,2,ensemble
0|0|0|0|0|1|0|0|0|0|0|0|0|1|0|0|0,0.00889056029338307,0,0.00350261383896762,1,adjoint,2,2,sieve_md
0|0|0|0|0|1|0|0|0|0|0|0|0|1|0|0|1,0.150236355161722,0,0.00302498230758369,1,adjoint,2,2,sieve_md
0|0|0|0|0|1|0|0|0|0|0|0|0|1|0|1|0,0.0943608619252358,0,0.00243812969989423,1,adjoint,2,2,sieve_md
0|0|0|0|0|1|0|0|0|0|0|0|0|1|0|1|1,0.236206078171991,0,0.00308826213077438,1,adjoint,2,2,sieve_md
0|0|0|0|0|1|0|0|0|0|0|1|0|1|0|0|0,0.517017073882519,0,0.000399286329847866,1,adjoint,2,2,sieve_md
0|0|0|0|0|1|0|0|0|0|0|1|0|1|0|0|1,0.537897521155419,0,0.000350882670742753,1,adjoint,2,2,sieve_md
0|0|0|0|0|1|0|0|0|0|0|1|0|1|0|1|0,0.421427490738686,0,0.000341577967159091,1,adjoint,2,2,sieve_md
0|0|0|0|0|1|0|0|0|0|0|1|0|1|0|1|1,0.601508079646557,0,0.000435241504152723,1,adjoint,2,2,sieve_md
0|0|0|0|0|1|0|0|0|0|1|0|1|0|0|0|0,0.00983346995330325,0,0.016408626962947,0,adjoint,2,2,sieve_md
0|0|0|0|0|1|0|0|0|0|1|0|1|0|0|1|0,0.00983346995330325,0,0.00217191177357548,0,adjoint,2,2,sieve_md
0|0|0|0|0|1|0|0|0|1|0|0|0|1|0|0|0,0.531797952163166,0,0.000349141419095855,1,adjoint,2,2,sieve_md
0|0|0|0|0|1|0|0|0|1|0|0|0|1|0|0|1,0.560694764297964,0,0.000370120280505743,1,adjoint,2,2,sieve_md
0|0|0|0|0|1|0|0|0|1|0|0|0|1|0|1|0,0.444399744428507,0,0.000284870795156022,1,adjoint,2,2,sieve_md
0|0|0|0|0|1|0|0|0|1|0|0|0|1|0|1|1,0.406364524868939,0,0.00045191844502641,1,adjoint,2,2,sieve_md
0|0|0|0|0|1|0|0|0|1|0|1|0|1|0|0|0,0.642196950105906,0,5.21382105666385e-05,1,adjoint,2,2,sieve_md
0|0|0|0|0|1|0|0|0|1|0|1|0|1|0|0|1,0.643505484998861,0,5.66729020607878e-05,1,adjoint,2,2,sieve_md
0|0|0|0|0|1|0|0|0|1|0|1|0|1|0|1|0,0.54781611747873,0,5.20153711259976e-05,1,adjoint,2,2,sieve_md
0|0|0|0|0|1|0|0|0|1|0|1|0|1|0|1|1,0.568269721664675,0,8.35478866208866e-05,1,adjoint,2,2,sieve_md
0|0|0|0|0|1|0|0|1|0|0|0|0|1|0|0|0,0.450723867944164,0,0.000498331132065192,1,adjoint,2,2,sieve_md
0|0|0|0|0|1|0|0|1|0|0|0|0|1|0|0|1,0.612188492826687,0,0.000430376549377099,1,adjoint,2,2,sieve_md
0|0|0|0|0|1|0|0|1|0|0|0|0|1|0|1|0,0.507834298668351,0,0.000346882639459957,1,adjoint,2,2,sieve_md
0|0|0|0|0|1|0|0|1|0|0|0|0|1|0|1|1,0.482872337131394,0,0.000439379627471713,1,adjoint,2,2,sieve_md
0|0|0|0|0|1|0|0|1|0|0|1|0|1|0|0|0,0.557626184274574,0,5.68080918762915e-05,1,adjoint,2,2,sieve_md
0|0|0|0|0|1|0|0|1|0|0|1|0|1|0|0|1,0.545438071352885,0,4.99215062157215e-05,1,adjoint,2,2,sieve_md
0|0|0|0|0|1|0|0|1|0|0|1|0|1|0|1|0,0.638663323822188,0,4.85976881519683e-05,1,adjoint,2,2,sieve_md
0|0|0|0|0|1|0|0|1|0|0|1|0|1|0|1|1,0.63825050357639,0,6.19235809192464e-05,1,adjoint,2,2,sieve_md
0|0|0|0|0|1|0|0|1|0|1|0|1|0|0|0|0,0.00962731550227047,0,0.016620155226473,0,adjoint,2,2,sieve_md
0|0|0|0|0|1|0|0|1|0|1|0|1|0|0|1|0,0.00962731550227047,0,0.0021999105041843,0,adjoint,2,2,sieve_md
0|0|0|0|0|1|0|0|1|1|0|0|0|1|0|0|0,0.175012730889969,0,0.00181797232606506,1,adjoint,2,2,sieve_md
0|0|0|0|0|1|0|0|1|1|0|0|0|1|0|0|1,0.312188194016559,0,0.00192720883422355,1,adjoint,2,2,sieve_md
0|0|0|0|0|1|0|0|1|1|0|0|0|1|0|1|0,0.360542656646718,0,0.00148331648373009,1,adjoint,2,2,sieve_md
0|0|0|0|0|1|0|0|1|1|0|0|0|1|0|1|1,0.260967737139709,0,0.00235313022678301,1,adjoint,2,2,sieve_md
0|0|0|0|0|1|0|0|1|1|0|1|0|1|0|0|0,0.491606488762158,0,0.000271482610645742,1,adjoint,2,2,sieve_md
0|0|0|0|0|1|0|0|1|1|0|1|0|1|0|0|1,0.42561444045877,0,0.000295094657778261,1,adjoint,2,2,sieve_md
0|0|0|0|0|1|0|0|1|1|0|1|0|1|0|1|0,0.601575781625611,0,0.000270842988156343,1,adjoint,2,2,sieve_md
0|0|0|0|0|1|0|0|1|1|0|1|0|1|0|1|1,0.503830334988366,0,0.000435032160238466,1,adjoint,2,2,sieve_md
0|0|0|0|0|1|0|1|0|0|0|0|0|1|0|0|0,0.501363201703457,0,0.00223802678194148,1,adjoint,2,2,sieve_md
0|0|0|0|0|1|0|1|0|0|0|0|0|1|0|0|1,0.855463614604465,1.15237811920532,0.00193283979636957,1,adjoint,2,2,sieve_md
0|0|0|0|0|1|0|1|0|0|0|0|0|1|0|1|0,0.17724163425211,0,0.00155786501654962,1,adjoint,2,2,sieve_md
0|0|0|0|0|1|0|1|0|0|0|0|0|1|0|1|1,0.681910734032438,1.20770962392902,0.00197327301155353,1,adjoint,2,2,sieve_md
0|0|0|0|0|1|0|1|0|0|0|1|0|1|0|0|0,0.191060511078874,0,0.0015434321030384,1,adjoint,2,2,sieve_md
0|0|0|0|0|1|0|1|0|0|0|1|0|1|0|0|1,0.50865070920705,1.1609879114833,0.00135632887464633,1,adjoint,2,2,sieve_md
0|0|0|0|0|1|0|1|0|0|0|1|0|1|0|1|0,0.346946448755172,0,0.00132036175745063,1,adjoint,2,2,sieve_md
0|0|0|0|0|1|0|1|0|0|0|1|0|1|0|1|1,0.557174495782508,1.2177773277593,0.00168241600041752,1,adjoint,2,2,sieve_md
0|0|0|0|0|1|0|1|0|0|1|0|1|0|0|0|0,0.0063166628051069,0,0.0216080489337248,0,adjoint,2,2,sieve_md
0|0|0|0|0|1|0|1|0|0|1|0|1|0|0|1|0,0.0063166628051069,0,0.00286012815021807,0,adjoint,2,2,sieve_md
0|0|0|0|0|1|0|1|0|1|0|0|0|1|0|0|0,0.422100602944046,0,0.000277292389583944,1,adjoint,2,2,sieve_md
0|0|0|0|0|1|0|1|0|1|0|0|0|1|0|0|1,0.694085618033631,1.08734971179017,0.000293954058159854,1,adjoint,2,2,sieve_md
0|0|0|0|0|1|0|1|0|1|0|0|0|1|0|1|0,0.629381866449855,0,0.000226247873185749,1,adjoint,2,2,sieve_md
0|0|0|0|0|1|0|1|0|1|0|0|0|1|0|1|1,0.754377165182783,1.15052576631158,0.000358919161877008,1,adjoint,2,2,sieve_md
0|0|0|0|0|1|0|1|0|1|0|1|0|1|0|0|0,0.664635377294355,0,0.000250508673141046,1,adjoint,2,2,sieve_md
0|0|0|0|0|1|0|1|0|1|0|1|0|1|0|0|1,0.701436296968546,1.08947668598861,0.000272296523873887,1,adjoint,2,2,sieve_md
0|0|0|0|0|1|0|1|0|1|0|1|0|1|0|1|0,0.658633437941072,0,0.00024991846597916,1,adjoint,2,2,sieve_md
0|0|0|0|0|1|0|1|0|1|0|1|0|1|0|1|1,0.667184906166473,1.1544295679605,0.000401422871895204,1,adjoint,2,2,sieve_md
0|0|0|0|0|1|0|1|1|0|0|0|0|1|0|0|0,0.656446688384452,0,0.000248113975040352,1,adjoint,2,2,sieve_md
0|0|0|0|0|1|0|1|1|0|0|0|0|1|0|0|1,0.656446688384452,1.15237811920532,0.000214280083179978,1,adjoint,2,2,sieve_md
0|0|0|0|0|1|0|1|1|0|0|0|0|1|0|1|0,0.656446688384452,0,0.000172709319187467,1,adjoint,2,2,sieve_md
0|0|0|0|0|1|0|1|1|0|0|0|0|1|0|1|1,0.656446688384452,1.20770962392902,0.000218762623703578,1,adjoint,2,2,sieve_md
0|0|0|0|0|1|0|1|1|0|0|1|0|1|0|0|0,0.656412627492648,0,0.000171109245599619,1,adjoint,2,2,sieve_md
0|0|0|0|0|1|0|1|1|0|0|1|0|1|0|0|1,0.655046373269024,1.1609879114833,0.000150366452835106,1,adjoint,2,2,sieve_md
0|0|0|0|0|1|0|1|1|0|0|1|0|1|0|1|0,0.656435832746302,0,0.000146379036558333,1,adjoint,2,2,sieve_md
0|0|0|0|0|1|0|1|1|0|0|1|0|1|0|1|1,0.656040168399501,1.2177773277593,0.000186517393314195,1,adjoint,2,2,sieve_md
0|0|0|0|0|1|0|1|1|0|1|0|1|0|0|0|0,0.00614754091111258,0,0.0215090340674342,0,adjoint,2,2,sieve_md
0|0|0|0|0|1|0|1|1|0|1|0|1|0|0|1|0,0.00614754091111258,0,0.00284702214480146,0,adjoint,2,2,sieve_md
0|0|0|0|0|1|0|1|1|1|0|0|0|1|0|0|0,0.263401245031863,0,0.00112508162684404,1,adjoint,2,2,sieve_md
0|0|0|0|0|1|0|1|1|1|0|0|0|1|0|0|1,0.66551552805373,1.08734971179017,0.00119268440965192,1,adjoint,2,2,sieve_md
0|0|0|0|0|1|0|1|1|1|0|0|0|1|0|1|0,0.192300873059998,0,0.000917974437076171,1,adjoint,2,2,sieve_md
0|0|0|0|0|1|0|1|1|1|0|0|0|1|0|1|1,0.4986744551984,1.15052576631158,0.00145627276376382,1,adjoint,2,2,sieve_md
0|0|0|0|0|1|0|1|1|1|0|1|0|1|0|0|0,0.366003674001884,0,0.00101640981181977,1,adjoint,2,2,sieve_md
0|0|0|0|0|1|0|1|1|1|0|1|0|1|0|0|1,0.573673983622108,1.08947668598861,0.00110481148265077,1,adjoint,2,2,sieve_md
0|0|0|0|0|1|0|1|1|1|0|1|0|1|0|1|0,0.603972871485225,0,0.00101401511489042,1,adjoint,2,2,sieve_md
0|0|0|0|0|1|0|1|1|1|0|1|0|1|0|1|1,0.644185793813066,1.1544295679605,0.0016287266247801,1,adjoint,2,2,sieve_md
0|0|0|0|0|1|0|2|0|0|0|0|0|1|0|0|0,0.355686891151829,0,0.000458017349910382,1,adjoint,2,2,sieve_md
0|0|0|0|0|1|0|2|0|0|0|0|0|1|0|0|1,0.63304780258953,1.7191461392519,0.000395560128447857,1,adjoint,2,2,sieve_md
0|0|0|0|0|1|0|2|0|0|0|0|0|1|0|1|0,0.491832108205284,0,0.00031882067370935,1,adjoint,2,2,sieve_md
0|0|0|0|0|1|0|2|0|0|0|0|0|1|0|1|1,0.815566217691163,1.80169104455637,0.00040383487932052,1,adjoint,2,2,sieve_md
0|0|0|0|0|1|0|2|0|0|0|1|0|1|0|0|0,0.195125992091994,0,0.0019108836606411,1,adjoint,2,2,sieve_md
0|0|0|0|0|1|0|2|0|0|0|1|0|1|0|0|1,0.658183278587979,1.73199044001375,0.00167923595726382,1,adjoint,2,2,sieve_md
0|0|0|0|0|1|0|2|0|0|0|1|0|1|0|1|0,0.431845060095202,0,0.00163470599288486,1,adjoint,2,2,sieve_md
0|0|0|0|0|1|0|2|0|0|0|1|0|1|0|1|1,0.777118678776662,1.81671029377891,0.00208295605570865,1,adjoint,2,2,sieve_md
0|0|0|0|0|1|0|2|0|0|1|0|1|0|0|0|0,0.0075654361728531,0,0.018757598435739,0,adjoint,2,2,sieve_md
0|0|0|0|0|1|0|2|0|0|1|0|1|0|0|1|0,0.0075654361728531,0,0.00248283107286056,0,adjoint,2,2,sieve_md
0|0|0|0|0|1|0|2|0|1|0|0|0|1|0|0|0,0.798906602199331,0,7.16402953230343e-05,1,adjoint,2,2,sieve_md
0|0|0|0|0|1|0|2|0|1|0|0|0|1|0|0|1,0.752378134962022,1.62213515502169,7.59449459452304e-05,1,adjoint,2,2,sieve_md
0|0|0|0|0|1|0|2|0|1|0|0|0|1|0|1|0,0.693047395287119,0,5.84526119723482e-05,1,adjoint,2,2,sieve_md
0|0|0|0|0|1|0|2|0|1|0|0|0|1|0|1|1,0.678224145345172,1.71638275345627,9.27291037180837e-05,1,adjoint,2,2,sieve_md
0|0|0|0|0|1|0|2|0|1|0|1|0|1|0|0|0,0.376881840914588,0,0.000391536497242719,1,adjoint,2,2,sieve_md
0|0|0|0|0|1|0|2|0|1|0|1|0|1|0|0|1,0.614478495459802,1.62530822766217,0.000425590163534666,1,adjoint,2,2,sieve_md
0|0|0|0|0|1|0|2|0|1|0|1|0|1|0|1|0,0.625481281469708,0,0.000390614023613703,1,adjoint,2,2,sieve_md
0|0|0|0|0|1|0|2|0|1|0|1|0|1|0|1|1,0.652291891310602,1.72220654117081,0.000627410233762513,1,adjoint,2,2,sieve_md
0|0|0|0|0|1|0|2|1|0|0|0|0|1|0|0|0,0.656446688384452,0,3.98591765541312e-05,1,adjoint,2,2,sieve_md
0|0|0|0|0|1|0|2|1|0|0|0|0|1|0|0|1,0.656446688384452,1.7191461392519,3.44238073091837e-05,1,adjoint,2,2,sieve_md
0|0|0|0|0|1|0|2|1|0|0|0|0|1|0|1|0,0.656446688384452,0,2.77455199567758e-05,1,adjoint,2,2,sieve_md
0|0|0|0|0|1|0|2|1|0|0|0|0|1|0|1|1,0.656446688384452,1.80169104455637,3.51439214184843e-05,1,adjoint,2,2,sieve_md
0|0|0|0|0|1|0|2|1|0|0|1|0|1|0|0|0,0.683247912610257,0,0.000166295554565348,1,adjoint,2,2,sieve_md
0|0|0|0|0|1|0|2|1|0|0|1|0|1|0|0|1,0.838582072818034,1.73199044001375,0.000146136303591382,1,adjoint,2,2,sieve_md
0|0|0|0|0|1|0|2|1|0|0|1|0|1|0|1|0,0.662630000005506,0,0.000142261062375133,1,adjoint,2,2,sieve_md
0|0|0|0|0|1|0|2|1|0|0|1|0|1|0|1|1,0.694721900751443,1.81671029377891,0.000181270236149859,1,adjoint,2,2,sieve_md
0|0|0|0|0|1|0|2|1|0|1|0|1|0|0|0|0,0.0100486465742015,0,0.0181122003680411,0,adjoint,2,2,sieve_md
0|0|0|0|0|1|0|2|1|0|1|0|1|0|0|1|0,0.0100486465742015,0,0.00239740359224069,0,adjoint,2,2,sieve_md
0|0|0|0|0|1|0|2|1|1|0|0|0|1|0|0|0,0.87835206380051,0,0.000228172812251331,1,adjoint,2,2,sieve_md
0|0|0|0|0|1|0|2|1|1|0|0|0|1|0|0|1,0.818527876447661,1.62213515502169,0.000241883032648902,1,adjoint,2,2,sieve_md
0|0|0|0|0|1|0|2|1|1|0|0|0|1|0|1|0,0.606953245167559,0,0.000186170322121469,1,adjoint,2,2,sieve_md
0|0|0|0|0|1|0|2|1|1|0|0|0|1|0|1|1,0.759694691869969,1.71638275345627,0.000295340217087261,1,adjoint,2,2,sieve_md
0|0|0|0|0|1|0|2|1|1|0|1|0|1|0|0|0,0.493084651297462,0,0.00124703539079608,1,adjoint,2,2,sieve_md
0|0|0|0|0|1|0|2|1|1|0|1|0|1|0|0|1,1.600100923929,1.62530822766217,0.00135549559144525,1,adjoint,2,2,sieve_md
0|0|0|0|0|1|0|2|1|1|0|1|0|1|0|1|0,0.387397920110784,0,0.00124409733196744,1,adjoint,2,2,sieve_md
0|0|0|0|0|1|0|2|1|1|0|1|0|1|0|1|1,0.97757033450778,1.72220654117081,0.0019982882095522,1,adjoint,2,2,sieve_md
0|0|0|0|0|1|0|3|0|0|0|0|0|1|0|0|0,0.656446688384452,0,6.05453034286365e-05,1,adjoint,2,2,sieve_md
0|0|0|0|0|1|0|3|0|0|0|0|0|1|0|0|1,0.656446688384452,3.05801849871546,5.22890846947871e-05,1,adjoint,2,2,sieve_md
0|0|0|0|0|1|0|3|0|0|0|0|0|1|0|1|0,0.656446688384452,0,4.21448978577599e-05,1,adjoint,2,2,sieve_md
0|0|0|0|0|1|0|3|0|0|0|0|0|1|0|1|1,0.656446688384452,3.2048494409096,5.33829238309678e-05,1,adjoint,2,2,sieve_md
0|0|0|0|0|1|0|3|0|0|0|1|0|1|0|0|0,0.209909259215577,0,0.00152813894795864,1,adjoint,2,2,sieve_md
0|0|0|0|0|1|0|3|0|0|0|1|0|1|0|0|1,0.738898586411084,3.08086595096864,0.00134288963894669,1,adjoint,2,2,sieve_md
0|0|0|0|0|1|0|3|0|0|0|1|0|1|0|1|0,0.376272425823138,0,0.00130727890328534,1,adjoint,2,2,sieve_md
0|0|0|0|0|1|0|3|0|0|0|1|0|1|0|1|1,1.06565640337671,3.23156569318781,0.00166574571815994,1,adjoint,2,2,sieve_md
0|0|0|0|0|1|0|3|0|0|1|0|1|0|0|0|0,0.00871389977378256,0,0.0152011614595537,0,adjoint,2,2,sieve_md
0|0|0|0|0|1|0|3|0|0|1|0|1|0|0|1|0,0.00871389977378256,0,0.00201208678950288,0,adjoint,2,2,sieve_md
0|0|0|0|0|1|0|3|0|1|0|0|0|1|0|0|0,0.656446688384452,0,1.29777317427742e-05,1,adjoint,2,2,sieve_md
0|0|0|0|0|1|0|3|0|1|0|0|0|1|0|0|1,0.656446688384452,2.88545528400023,1.3757524745711e-05,1,adjoint,2,2,sieve_md
0|0|0|0|0|1|0|3|0|1|0|0|0|1|0|1|0,0.656446688384452,0,1.05887659231592e-05,1,adjoint,2,2,sieve_md
0|0|0|0|0|1|0|3|0|1|0|0|0|1|0|1|1,0.656446688384452,3.05310298589826,1.67979965377704e-05,1,adjoint,2,2,sieve_md
0|0|0|0|0|1|0|3|0|1|0|1|0|1|0|0|0,0.618254648434375,0,0.000429085406358523,1,adjoint,2,2,sieve_md
0|0|0|0|0|1|0|3|0|1|0|1|0|1|0|0|1,0.678885338787822,2.89109954809786,0.000466404867869207,1,adjoint,2,2,sieve_md
0|0|0|0|0|1|0|3|0|1|0|1|0|1|0|1|0,0.473160584388856,0,0.000428074466191389,1,adjoint,2,2,sieve_md
0|0|0|0|0|1|0|3|0|1|0|1|0|1|0|1|1,0.823808831756115,3.06346234404534,0.000687579770987722,1,adjoint,2,2,sieve_md
0|0|0|0|0|1|0|3|1|0|0|0|0|1|0|0|0,0.656446688384452,0,4.19557219562683e-06,1,adjoint,2,2,sieve_md
0|0|0|0|0|1|0|3|1|0|0|0|0|1|0|0|1,0.656446688384452,3.05801849871546,3.623445873697e-06,1,adjoint,2,2,sieve_md
0|0|0|0|0|1|0|3|1|0|0|0|0|1|0|1|0,0.656446688384452,0,2.92049013922223e-06,1,adjoint,2,2,sieve_md
0|0|0|0|0|1|0|3|1|0|0|0|0|1|0|1|1,0.656446688384452,3.2048494409096,3.69924499941544e-06,1,adjoint,2,2,sieve_md
0|0|0|0|0|1|0|3|1|0|0|1|0|1|0|0|0,0.656446688384452,0,0.0001058945437224,1,adjoint,2,2,sieve_md
0|0|0|0|0|1|0|3|1|0|0|1|0|1|0|0|1,0.656446688384452,3.08086595096864,9.30574315743746e-05,1,adjoint,2,2,sieve_md
0|0|0|0|0|1|0|3|1|0|0|1|0|1|0|1|0,0.656446688384452,0,9.05897354204905e-05,1,adjoint,2,2,sieve_md
0|0|0|0|0|1|0|3|1|0|0|1|0|1|0|1|1,0.656446688384452,3.23156569318781,0.000115430198947368,1,adjoint,2,2,sieve_md
0|0|0|0|0|1|0|3|1|0|1|0|1|0|0|0|0,0.00942962743523634,0,0.0144288683972106,0,adjoint,2,2,sieve_md
0|0|0|0|0|1|0|3|1|0|1|0|1|0|0|1|0,0.00942962743523634,0,0.00190986297769089,0,adjoint,2,2,sieve_md
0|0|0|0|0|1|0|3|1|1|0|0|0|1|0|0|0,0.497727001614804,0,3.2913166460118e-05,1,adjoint,2,2,sieve_md
0|0|0|0|0|1|0|3|1|1|0|0|0|1|0|0|1,0.918563880966195,2.88545528400023,3.48908199837689e-05,1,adjoint,2,2,sieve_md
0|0|0|0|0|1|0|3|1|1|0|0|0|1|0|1|0,0.626351468523553,0,2.68544474754002e-05,1,adjoint,2,2,sieve_md
0|0|0|0|0|1|0|3|1|1|0|0|0|1|0|1|1,0.763365910722357,3.05310298589826,4.26018403833901e-05,1,adjoint,2,2,sieve_md
0|0|0|0|0|1|0|3|1|1|0|1|0|1|0|0|0,0.285741264902272,0,0.00108821477319784,1,adjoint,2,2,sieve_md
0|0|0|0|0|1|0|3|1|1|0|1|0|1|0|0|1,0.743470919713439,2.89109954809786,0.00118286164009636,1,adjoint,2,2,sieve_md
0|0|0|0|0|1|0|3|1|1|0|1|0|1|0|1|0,0.836529086679316,0,0.00108565090127772,1,adjoint,2,2,sieve_md
0|0|0|0|0|1|0|3|1|1|0|1|0|1|0|1|1,1.81190973913345,3.06346234404534,0.00174378912322093,1,adjoint,2,2,sieve_md
1|0|0|1|0|1|0|0|0|0|0|0|0|1|0|0|0,0.164889670766577,0,0.00348157433012709,1,adjoint,2,2,sieve_md
1|0|0|1|0|1|0|0|0|0|0|0|0|1|0|0|1,0.29376461078377,0,0.00369902966371158,1,adjoint,2,2,sieve_md
1|0|0|1|0|1|0|0|0|0|0|0|0|1|0|1|0,0.380873889777359,0,0.00239311113130031,1,adjoint,2,2,sieve_md
1|0|0|1|0|1|0|0|0|0|0|0|0|1|0|1|1,0.537336326890972,0,0.00383856478161443,1,adjoint,2,2,sieve_md
1|0|0|1|0|1|0|0|0|0|0|1|0|1|0|0|0,0.587753189506768,0,0.000684706357326217,1,adjoint,2,2,sieve_md
1|0|0|1|0|1|0|0|0|0|0|1|0|1|0|0|1,0.442959684530053,0,0.000737954671131801,1,adjoint,2,2,sieve_md
1|0|0|1|0|1|0|0|0|0|0|1|0|1|0|1|0,0.279340821184217,0,0.000574002086565029,1,adjoint,2,2,sieve_md
1|0|0|1|0|1|0|0|0|0|0|1|0|1|0|1|1,0.293512302064571,0,0.000917954432952705,1,adjoint,2,2,sieve_md
1|0|0|1|0|1|0|0|0|0|1|0|1|0|0|0|1,0.0327666444980554,0,0.0119086953768889,0,adjoint,2,2,sieve_md
1|0|0|1|0|1|0|0|0|0|1|0|1|0|0|1|1,0.0327666444980554,0,0.0019055164526257,0,adjoint,2,2,sieve_md
1|0|0|1|0|1|0|0|0|1|0|0|0|1|0|0|0,0.222275539948545,0,0.000435548231941948,1,adjoint,2,2,sieve_md
1|0|0|1|0|1|0|0|0|1|0|0|0|1|0|0|1,0.350928840960003,0,0.000568978215856641,1,adjoint,2,2,sieve_md
1|0|0|1|0|1|0|0|0|1|0|0|0|1|0|1|0,0.42225355120134,0,0.000355398130512882,1,adjoint,2,2,sieve_md
1|0|0|1|0|1|0|0|0|1|0|0|0|1|0|1|1,0.530387709197041,0,0.000720090899867005,1,adjoint,2,2,sieve_md
1|0|0|1|0|1|0|0|0|1|0|1|0|1|0|0|0,0.646337643811168,0,0.000112321789717737,1,adjoint,2,2,sieve_md
1|0|0|1|0|1|0|0|0|1|0|1|0|1|0|0|1,0.642099687546276,0,0.000149912039557223,1,adjoint,2,2,sieve_md
1|0|0|1|0|1|0|0|0|1|0|1|0|1|0|1|0,0.555549219765485,0,0.000110684793440412,1,adjoint,2,2,sieve_md
1|0|0|1|0|1|0|0|0|1|0|1|0|1|0|1|1,0.498488357450064,0,0.000225282267809345,1,adjoint,2,2,sieve_md
1|0|0|1|0|1|0|0|1|0|0|0|0|1|0|0|0,0.328145624891337,0,0.000457885374403654,1,adjoint,2,2,sieve_md
1|0|0|1|0|1|0|0|1|0|0|0|0|1|0|0|1,0.420497689342296,0,0.000486484395246839,1,adjoint,2,2,sieve_md
1|0|0|1|0|1|0|0|1|0|0|0|0|1|0|1|0,0.552371477798506,0,0.000314734221487954,1,adjoint,2,2,sieve_md
1|0|0|1|0|1|0|0|1|0|0|0|0|1|0|1|1,0.490660464956399,0,0.000504835601811794,1,adjoint,2,2,sieve_md
1|0|0|1|0|1|0|0|1|0|0|1|0|1|0|0|0,0.561737255469931,0,9.00503614321606e-05,1,adjoint,2,2,sieve_md
1|0|0|1|0|1|0|0|1|0|0|1|0|1|0|0|1,0.548779895220971,0,9.70534071210754e-05,1,adjoint,2,2,sieve_md
1|0|0|1|0|1|0|0|1|0|0|1|0|1|0|1|0,0.634226530382151,0,7.54908944614469e-05,1,adjoint,2,2,sieve_md
1|0|0|1|0|1|0|0|1|0|0|1|0|1|0|1|1,0.633970490625352,0,0.000120726392534811,1,adjoint,2,2,sieve_md
1|0|0|1|0|1|0|0|1|0|1|0|1|0|0|0|1,0.0303530905042238,0,0.0135575419796628,0,adjoint,2,2,sieve_md
1|0|0|1|0|1|0|0|1|0|1|0|1|0|0|1|1,0.0303530905042237,0,0.00216934924286896,0,adjoint,2,2,sieve_md
1|0|0|1|0|1|0|0|1|1|0|0|0|1|0|0|0,0.183050815695603,0,0.00209641611789465,1,adjoint,2,2,sieve_md
1|0|0|1|0|1|0|0|1|1|0|0|0|1|0|0|1,0.194019580434758,0,0.00273865215141498,1,adjoint,2,2,sieve_md
1|0|0|1|0|1|0|0|1|1|0|0|0|1|0|1|0,0.249217797293512,0,0.00171063114125128,1,adjoint,2,2,sieve_md
1|0|0|1|0|1|0|0|1|1|0|0|0|1|0|1|1,0.242950405584885,0,0.00346599999292768,1,adjoint,2,2,sieve_md
1|0|0|1|0|1|0|0|1|1|0|1|0|1|0|0|0,0.652237252585911,0,0.00054063635915855,1,adjoint,2,2,sieve_md
1|0|0|1|0|1|0|0|1|1|0|1|0|1|0|0|1,0.554789428067616,0,0.000721568802134668,1,adjoint,2,2,sieve_md
1|0|0|1|0|1|0|0|1|1|0|1|0|1|0|1|0,0.636977255724904,0,0.000532757035747186,1,adjoint,2,2,sieve_md
1|0|0|1|0|1|0|0|1|1|0|1|0|1|0|1|1,0.530007559697351,0,0.00108434690506175,1,adjoint,2,2,sieve_md
1|0|0|1|0|1|0|1|0|0|0|0|0|1|0|0|0,0.104261122056204,0,0.00148232240893693,1,adjoint,2,2,sieve_md
1|0|0|1|0|1|0|1|0|0|0|0|0|1|0|0|1,0.704635289207694,1.34068417118409,0.00157490664909686,1,adjoint,2,2,sieve_md
1|0|0|1|0|1|0|1|0|0|0|0|0|1|0|1|0,0.356349482384185,0,0.00101889602824403,1,adjoint,2,2,sieve_md
1|0|0|1|0|1|0|1|0|0|0|0|0|1|0|1|1,0.68074585747299,1.41989411583333,0.00163431541435321,1,adjoint,2,2,sieve_md
1|0|0|1|0|1|0|1|0|0|0|1|0|1|0|0|0,0.0365776728996794,0,0.00176360544130717,1,adjoint,2,2,sieve_md
1|0|0|1|0|1|0|1|0|0|0|1|0|1|0|0|1,0.793233853006689,1.35187622302979,0.00190075768907463,1,adjoint,2,2,sieve_md
1|0|0|1|0|1|0|1|0|0|0|1|0|1|0|1|0,0.269280702272761,0,0.00147846327459386,1,adjoint,2,2,sieve_md
1|0|0|1|0|1|0|1|0|0|0|1|0|1|0|1|1,0.811026185309941,1.43085697359309,0.00236438498855083,1,adjoint,2,2,sieve_md
1|0|0|1|0|1|0|1|0|0|1|0|1|0|0|0|1,0.924671139357447,1.05127109637602,0.0132221042607414,0,adjoint,2,2,sieve_md
1|0|0|1|0|1|0|1|0|0|1|0|1|0|0|1|1,0.924671139357447,1.05127109637602,0.00211567568149158,0,adjoint,2,2,sieve_md
1|0|0|1|0|1|0|1|0|1|0|0|0|1|0|0|0,0.466877212601333,0,0.000227441003058666,1,adjoint,2,2,sieve_md
1|0|0|1|0|1|0|1|0|1|0|0|0|1|0|0|1,0.565395328568413,1.26624996395681,0.00029711744106038,1,adjoint,2,2,sieve_md
1|0|0|1|0|1|0|1|0|1|0|0|0|1|0|1|0,0.47012188794667,0,0.000185587040334486,1,adjoint,2,2,sieve_md
1|0|0|1|0|1|0|1|0|1|0|0|0|1|0|1|1,0.597740390112094,1.35653713282116,0.000376027692338326,1,adjoint,2,2,sieve_md
1|0|0|1|0|1|0|1|0|1|0|1|0|1|0|0|0,0.689269584107228,0,0.000354835112911803,1,adjoint,2,2,sieve_md
1|0|0|1|0|1|0|1|0|1|0|1|0|1|0|0|1,0.753805237954219,1.26983321343187,0.000473586252647876,1,adjoint,2,2,sieve_md
1|0|0|1|0|1|0|1|0|1|0|1|0|1|0|1|0,0.515212670380369,0,0.000349663687488823,1,adjoint,2,2,sieve_md
1|0|0|1|0|1|0|1|0|1|0|1|0|1|0|1|1,0.745870726903783,1.36135821946778,0.000711687902552468,1,adjoint,2,2,sieve_md
1|0|0|1|0|1|0|1|1|0|0|0|0|1|0|0|0,0.552989882149354,0,0.000152598707242242,1,adjoint,2,2,sieve_md
1|0|0|1|0|1|0|1|1|0|0|0|0|1|0|0|1,0.642620955309693,1.34068417118409,0.000162129855981701,1,adjoint,2,2,sieve_md
1|0|0|1|0|1|0|1|1|0|0|0|0|1|0|1|0,0.627977826942072,0,0.000104890957450883,1,adjoint,2,2,sieve_md
1|0|0|1|0|1|0|1|1|0|0|0|0|1|0|1|1,0.658988443171657,1.41989411583333,0.000168245732475451,1,adjoint,2,2,sieve_md
1|0|0|1|0|1|0|1|1|0|0|1|0|1|0|0|0,0.883695170694683,0,0.000181555583863745,1,adjoint,2,2,sieve_md
1|0|0|1|0|1|0|1|1|0|0|1|0|1|0|0|1,0.763543061640092,1.35187622302979,0.000195674817020108,1,adjoint,2,2,sieve_md
1|0|0|1|0|1|0|1|1|0|0|1|0|1|0|1|0,0.702856793099679,0,0.000152201425983944,1,adjoint,2,2,sieve_md
1|0|0|1|0|1|0|1|1|0|0|1|0|1|0|1|1,0.67764917103565,1.43085697359309,0.000243403250534797,1,adjoint,2,2,sieve_md
1|0|0|1|0|1|0|1|1|0|1|0|1|0|0|0|1,1.16305997142599,1.05127109637602,0.0146460861644001,0,adjoint,2,2,sieve_md
1|0|0|1|0|1|0|1|1|0|1|0|1|0|0|1|1,1.16305997142599,1.05127109637602,0.00234352775594541,0,adjoint,2,2,sieve_md
1|0|0|1|0|1|0|1|1|1|0|0|0|1|0|0|0,0.41012133506795,0,0.000856913682278011,1,adjoint,2,2,sieve_md
1|0|0|1|0|1|0|1|1|1|0|0|0|1|0|0|1,0.885738353478479,1.26624996395681,0.00111942876202669,1,adjoint,2,2,sieve_md
1|0|0|1|0|1|0|1|1|1|0|0|0|1|0|1|0,0.515748836172421,0,0.000699223411686598,1,adjoint,2,2,sieve_md
1|0|0|1|0|1|0|1|1|1|0|0|0|1|0|1|1,0.777443683627928,1.35653713282116,0.00141673343920764,1,adjoint,2,2,sieve_md
1|0|0|1|0|1|0|1|1|1|0|1|0|1|0|0|0,0.399236960935637,0,0.0013368876285177,1,adjoint,2,2,sieve_md
1|0|0|1|0|1|0|1|1|1|0|1|0|1|0|0|1,0.673705282828346,1.26983321343187,0.00178429805609,1,adjoint,2,2,sieve_md
1|0|0|1|0|1|0|1|1|1|0|1|0|1|0|1|0,0.478760446052127,0,0.00131740360786075,1,adjoint,2,2,sieve_md
1|0|0|1|0|1|0|1|1|1|0|1|0|1|0|1|1,0.977928111170809,1.36135821946778,0.00268137711761518,1,adjoint,2,2,sieve_md
1|0|0|1|0|1|0|2|0|0|0|0|0|1|0|0|0,0.875386476179628,0,0.000253994915871286,1,adjoint,2,2,sieve_md
1|0|0|1|0|1|0|2|0|0|0|0|0|1|0|0|1,0.69580868371476,1.63751534450593,0.000269859161158716,1,adjoint,2,2,sieve_md
1|0|0|1|0|1|0|2|0|0|0|0|0|1|0|1|0,0.785080786268904,0,0.000174587127210084,1,adjoint,2,2,sieve_md
1|0|0|1|0|1|0|2|0|0|0|0|0|1|0|1|1,0.785581390659161,1.73426258937422,0.000280038811848963,1,adjoint,2,2,sieve_md
1|0|0|1|0|1|0|2|0|0|0|1|0|1|0|0|0,0.721452958114715,0,0.00182815850413023,1,adjoint,2,2,sieve_md
1|0|0|1|0|1|0|2|0|0|0|1|0|1|0|0|1,1.06400930686535,1.65118534749974,0.0019703309210688,1,adjoint,2,2,sieve_md
1|0|0|1|0|1|0|2|0|0|0|1|0|1|0|1|0,0.364438867274152,0,0.00153257930894659,1,adjoint,2,2,sieve_md
1|0|0|1|0|1|0|2|0|0|0|1|0|1|0|1|1,0.888557076078273,1.74765265407931,0.00245092832138988,1,adjoint,2,2,sieve_md
1|0|0|1|0|1|0|2|0|0|1|0|1|0|0|0|1,1.26606883622887,1.28402541668774,0.0113447292461033,0,adjoint,2,2,sieve_md
1|0|0|1|0|1|0|2|0|0|1|0|1|0|0|1|1,1.26606883622887,1.28402541668774,0.00181527594290359,0,adjoint,2,2,sieve_md
1|0|0|1|0|1|0|2|0|1|0|0|0|1|0|0|0,0.656446688384452,0,5.0496613326997e-05,1,adjoint,2,2,sieve_md
1|0|0|1|0|1|0|2|0|1|0|0|0|1|0|0|1,0.656446688384452,1.54660119849706,6.59662256680378e-05,1,adjoint,2,2,sieve_md
1|0|0|1|0|1|0|2|0|1|0|0|0|1|0|1|0,0.656446688384452,0,4.12041667432106e-05,1,adjoint,2,2,sieve_md
1|0|0|1|0|1|0|2|0|1|0|0|0|1|0|1|1,0.656446688384452,1.65687819557445,8.34859358026736e-05,1,adjoint,2,2,sieve_md
1|0|0|1|0|1|0|2|0|1|0|1|0|1|0|0|0,0.291016120065167,0,0.000476595729633283,1,adjoint,2,2,sieve_md
1|0|0|1|0|1|0|2|0|1|0|1|0|1|0|0|1,0.77612241600584,1.55097778928908,0.000636095970809712,1,adjoint,2,2,sieve_md
1|0|0|1|0|1|0|2|0|1|0|1|0|1|0|1|0,0.259228055759522,0,0.000469649744912425,1,adjoint,2,2,sieve_md
1|0|0|1|0|1|0|2|0|1|0|1|0|1|0|1|1,0.895586526745893,1.66276668410197,0.000955901495781457,1,adjoint,2,2,sieve_md
1|0|0|1|0|1|0|2|1|0|0|0|0|1|0|0|0,0.656446688384452,0,2.07223272479901e-05,1,adjoint,2,2,sieve_md
1|0|0|1|0|1|0|2|1|0|0|0|0|1|0|0|1,0.656446688384452,1.63751534450593,2.20166211958071e-05,1,adjoint,2,2,sieve_md
1|0|0|1|0|1|0|2|1|0|0|0|0|1|0|1|0,0.656446688384452,0,1.4243795278041e-05,1,adjoint,2,2,sieve_md
1|0|0|1|0|1|0|2|1|0|0|0|0|1|0|1|1,0.656446688384452,1.73426258937422,2.28471340907205e-05,1,adjoint,2,2,sieve_md
1|0|0|1|0|1|0|2|1|0|0|1|0|1|0|0|0,0.626382514566741,0,0.000149151405861133,1,adjoint,2,2,sieve_md
1|0|0|1|0|1|0|2|1|0|0|1|0|1|0|0|1,0.650797217849894,1.65118534749974,0.00016075062759883,1,adjoint,2,2,sieve_md
1|0|0|1|0|1|0|2|1|0|0|1|0|1|0|1|0,0.445973000556445,0,0.000125036400293869,1,adjoint,2,2,sieve_md
1|0|0|1|0|1|0|2|1|0|0|1|0|1|0|1|1,0.621254729217345,1.74765265407931,0.000199960454180689,1,adjoint,2,2,sieve_md
1|0|0|1|0|1|0|2|1|0|1|0|1|0|0|0|1,1.24398593668393,1.28402541668774,0.0121869311051466,0,adjoint,2,2,sieve_md
1|0|0|1|0|1|0|2|1|0|1|0|1|0|0|1|1,1.24398593668393,1.28402541668774,0.00195003709415056,0,adjoint,2,2,sieve_md
1|0|0|1|0|1|0|2|1|1|0|0|0|1|0|0|0,0.786529537845648,0,0.000150777275408335,1,adjoint,2,2,sieve_md
1|0|0|1|0|1|0|2|1|1|0|0|0|1|0|0|1,0.74467799536138,1.54660119849706,0.000196967818629543,1,adjoint,2,2,sieve_md
1|0|0|1|0|1|0|2|1|1|0|0|0|1|0|1|0,0.595787823894195,0,0.000123031062633473,1,adjoint,2,2,sieve_md
1|0|0|1|0|1|0|2|1|1|0|0|0|1|0|1|1,0.621400998395675,1.65687819557445,0.000249279726022982,1,adjoint,2,2,sieve_md
1|0|0|1|0|1|0|2|1|1|0|1|0|1|0|0|0,0.105527007597676,0,0.00142306188179427,1,adjoint,2,2,sieve_md
1|0|0|1|0|1|0|2|1|1|0|1|0|1|0|0|1,0.858888543542732,1.55097778928908,0.00189931187574578,1,adjoint,2,2,sieve_md
1|0|0|1|0|1|0|2|1|1|0|1|0|1|0|1|0,0.388540029534756,0,0.00140232194336598,1,adjoint,2,2,sieve_md
1|0|0|1|0|1|0|2|1|1|0|1|0|1|0|1|1,1.39507472023166,1.66276668410197,0.00285421563143968,1,adjoint,2,2,sieve_md
1|0|0|1|0|1|0|3|0|0|0|0|0|1|0|0|0,0.656446688384452,0,3.14440869817413e-05,1,adjoint,2,2,sieve_md
1|0|0|1|0|1|0|3|0|0|0|0|0|1|0|0|1,0.656446688384452,2.9128135770986,3.34080503430016e-05,1,adjoint,2,2,sieve_md
1|0|0|1|0|1|0|3|0|0|0|0|0|1|0|1|0,0.656446688384452,0,2.16135539369149e-05,1,adjoint,2,2,sieve_md
1|0|0|1|0|1|0|3|0|0|0|0|0|1|0|1|1,0.656446688384452,3.08490765203031,3.46682717165274e-05,1,adjoint,2,2,sieve_md
1|0|0|1|0|1|0|3|0|0|0|1|0|1|0|0|0,0.394800147331473,0,0.00136917159247401,1,adjoint,2,2,sieve_md
1|0|0|1|0|1|0|3|0|0|0|1|0|1|0|0|1,1.8277974504487,2.93712978912857,0.00147564946847103,1,adjoint,2,2,sieve_md
1|0|0|1|0|1|0|3|0|0|0|1|0|1|0|1|0,0.154936629185269,0,0.0011478020359189,1,adjoint,2,2,sieve_md
1|0|0|1|0|1|0|3|0|0|0|1|0|1|0|1|1,1.54963348370863,3.10872590961309,0.00183558560445151,1,adjoint,2,2,sieve_md
1|0|0|1|0|1|0|3|0|0|1|0|1|0|0|0|1,2.60761651566853,2.28402541668774,0.00914445348574507,0,adjoint,2,2,sieve_md
1|0|0|1|0|1|0|3|0|0|1|0|1|0|0|1|1,2.60761651566853,2.28402541668774,0.00146320869044765,0,adjoint,2,2,sieve_md
1|0|0|1|0|1|0|3|0|1|0|0|0|1|0|0|0,0.656446688384452,0,8.67417768775642e-06,1,adjoint,2,2,sieve_md
1|0|0|1|0|1|0|3|0|1|0|0|0|1|0|0|1,0.656446688384452,2.75109542298575,1.13315077019092e-05,1,adjoint,2,2,sieve_md
1|0|0|1|0|1|0|3|0|1|0|0|0|1|0|1|0,0.656446688384452,0,7.07794523747733e-06,1,adjoint,2,2,sieve_md
1|0|0|1|0|1|0|3|0|1|0|0|0|1|0|1|1,0.656446688384452,2.94725623174177,1.43409982149011e-05,1,adjoint,2,2,sieve_md
1|0|0|1|0|1|0|3|0|1|0|1|0|1|0|0|0,1.17971100188414,0,0.000495274851319532,1,adjoint,2,2,sieve_md
1|0|0|1|0|1|0|3|0|1|0|1|0|1|0|0|1,0.68332993759303,2.75888050611378,0.000661026353740398,1,adjoint,2,2,sieve_md
1|0|0|1|0|1|0|3|0|1|0|1|0|1|0|1|0,1.05113589614115,0,0.000488056634000342,1,adjoint,2,2,sieve_md
1|0|0|1|0|1|0|3|0|1|0|1|0|1|0|1|1,1.12039068159404,2.95773067974563,0.000993365953076338,1,adjoint,2,2,sieve_md
1|0|0|1|0|1|0|3|1|0|0|0|0|1|0|0|0,0.656446688384452,0,2.07139846973198e-06,1,adjoint,2,2,sieve_md
1|0|0|1|0|1|0|3|1|0|0|0|0|1|0|0|1,0.656446688384452,2.9128135770986,2.20077575785253e-06,1,adjoint,2,2,sieve_md
1|0|0|1|0|1|0|3|1|0|0|0|0|1|0|1|0,0.656446688384452,0,1.42380609035944e-06,1,adjoint,2,2,sieve_md
1|0|0|1|0|1|0|3|1|0|0|0|0|1|0|1|1,0.656446688384452,3.08490765203031,2.28379361192986e-06,1,adjoint,2,2,sieve_md
1|0|0|1|0|1|0|3|1|0|0|1|0|1|0|0|0,0.656446688384452,0,9.01950164143109e-05,1,adjoint,2,2,sieve_md
1|0|0|1|0|1|0|3|1|0|0|1|0|1|0|0|1,0.656446688384452,2.93712978912857,9.72093116466258e-05,1,adjoint,2,2,sieve_md
1|0|0|1|0|1|0|3|1|0|0|1|0|1|0|1|0,0.656446688384452,0,7.56121614260338e-05,1,adjoint,2,2,sieve_md
1|0|0|1|0|1|0|3|1|0|0|1|0|1|0|1|1,0.656446688384452,3.10872590961309,0.000120920324839795,1,adjoint,2,2,sieve_md
1|0|0|1|0|1|0|3|1|0|1|0|1|0|0|0|1,2.19818850600115,2.28402541668774,0.00965222548188887,0,adjoint,2,2,sieve_md
1|0|0|1|0|1|0|3|1|0|1|0|1|0|0|1|1,2.19818850600115,2.28402541668774,0.00154445754787601,0,adjoint,2,2,sieve_md
1|0|0|1|0|1|0|3|1|1|0|0|0|1|0|0|0,0.656446688384452,0,2.09128446456882e-05,1,adjoint,2,2,sieve_md
1|0|0|1|0|1|0|3|1|1|0|0|0|1|0|0|1,0.656446688384452,2.75109542298575,2.73194841864878e-05,1,adjoint,2,2,sieve_md
1|0|0|1|0|1|0|3|1|1|0|0|0|1|0|1|0,0.656446688384452,0,1.7064438208475e-05,1,adjoint,2,2,sieve_md
1|0|0|1|0|1|0|3|1|1|0|0|0|1|0|1|1,0.656446688384452,2.94725623174177,3.4575158421719e-05,1,adjoint,2,2,sieve_md
1|0|0|1|0|1|0|3|1|1|0|1|0|1|0|0|0,0.593224191208986,0,0.00119407353589049,1,adjoint,2,2,sieve_md
1|0|0|1|0|1|0|3|1|1|0|1|0|1|0|0|1,1.98128721177927,2.75888050611378,0.00159368898587253,1,adjoint,2,2,sieve_md
1|0|0|1|0|1|0|3|1|1|0|1|0|1|0|1|0,0.602151082810009,0,0.00117667091135951,1,adjoint,2,2,sieve_md
1|0|0|1|0|1|0|3|1|1|0|1|0|1|0|1|1,1.81840935853601,2.95773067974562,0.00239493685751031,1,adjoint,2,2,sieve_md
0|0|0|0|0|1|0|0|0|0|0|0|0|1|0|0|0,-1.03878814292695,0,0.00350261383896762,1,adjoint,2,2,landweber
0|0|0|0|0|1|0|0|0|0|0|0|0|1|0|0|1,0.437451143812957,0,0.00302498230758369,1,adjoint,2,2,landweber
0|0|0|0|0|1|0|0|0|0|0|0|0|1|0|1|0,-1.11669508498062,0,0.00243812969989423,1,adjoint,2,2,landweber
0|0|0|0|0|1|0|0|0|0|0|0|0|1|0|1|1,0.520280352787398,0,0.00308826213077438,1,adjoint,2,2,landweber
0|0|0|0|0|1|0|0|0|0|0|1|0|1|0|0|0,-0.883613914137127,0,0.000399286329847866,1,adjoint,2,2,landweber
0|0|0|0|0|1|0|0|0|0|0|1|0|1|0|0|1,0.345494504014083,0,0.000350882670742753,1,adjoint,2,2,landweber
0|0|0|0|0|1|0|0|0|0|0|1|0|1|0|1|0,-0.967790970785234,0,0.000341577967159091,1,adjoint,2,2,landweber
0|0|0|0|0|1|0|0|0|0|0|1|0|1|0|1|1,0.420973481048287,0,0.000435241504152723,1,adjoint,2,2,landweber
0|0|0|0|0|1|0|0|0|0|1|0|1|0|0|0|0,-0.331654672485931,0,0.016408626962947,0,adjoint,2,2,landweber
0|0|0|0|0|1|0|0|0|0|1|0|1|0|0|1|0,-0.331654672485931,0,0.00217191177357548,0,adjoint,2,2,landweber
0|0|0|0|0|1|0|0|0|1|0|0|0|1|0|0|0,-1.17307913457243,0,0.000349141419095855,1,adjoint,2,2,landweber
0|0|0|0|0|1|0|0|0|1|0|0|0|1|0|0|1,0.429046468937238,0,0.000370120280505743,1,adjoint,2,2,landweber
0|0|0|0|0|1|0|0|0|1|0|0|0|1|0|1|0,-1.24006756855007,0,0.000284870795156022,1,adjoint,2,2,landweber
0|0|0|0|0|1|0|0|0|1|0|0|0|1|0|1|1,0.541140762385305,0,0.00045191844502641,1,adjoint,2,2,landweber
0|0|0|0|0|1|0|0|0|1|0|1|0|1|0|0|0,-1.02688095880899,0,5.21382105666385e-05,1,adjoint,2,2,landweber
0|0|0|0|0|1|0|0|0|1|0|1|0|1|0|0|1,0.343984961354136,0,5.66729020607878e-05,1,adjoint,2,2,landweber
0|0|0|0|0|1|0|0|0|1|0|1|0|1|0|1|0,-1.10466639432706,0,5.20153711259976e-05,1,adjoint,2,2,landweber
0|0|0|0|0|1|0|0|0|1|0|1|0|1|0|1|1,0.448264188296725,0,8.35478866208866e-05,1,adjoint,2,2,landweber
0|0|0|0|0|1|0|0|1|0|0|0|0|1|0|0|0,-1.03161788362114,0,0.000498331132065192,1,adjoint,2,2,landweber
0|0|0|0|0|1|0|0|1|0|0|0|0|1|0|0|1,0.444621403118768,0,0.000430376549377099,1,adjoint,2,2,landweber
0|0|0|0|0|1|0|0|1|0|0|0|0|1|0|1|0,-1.10952482567481,0,0.000346882639459957,1,adjoint,2,2,landweber
0|0|0|0|0|1|0|0|1|0|0|0|0|1|0|1|1,0.527450612093208,0,0.000439379627471713,1,adjoint,2,2,landweber
0|0|0|0|0|1|0|0|1|0|0|1|0|1|0|0|0,-0.876443654831317,0,5.68080918762915e-05,1,adjoint,2,2,landweber
0|0|0|0|0|1|0|0|1|0|0|1|0|1|0|0|1,0.352664763319893,0,4.99215062157215e-05,1,adjoint,2,2,landweber
0|0|0|0|0|1|0|0|1|0|0|1|0|1|0|1|0,-0.960620711479424,0,4.85976881519683e-05,1,adjoint,2,2,landweber
0|0|0|0|0|1|0|0|1|0|0|1|0|1|0|1|1,0.428143740354097,0,6.19235809192464e-05,1,adjoint,2,2,landweber
0|0|0|0|0|1|0|0|1|0|1|0|1|0|0|0|0,-0.324484413180121,0,0.016620155226473,0,adjoint,2,2,landweber
0|0|0|0|0|1|0|0|1|0|1|0|1|0|0|1|0,-0.324484413180121,0,0.0021999105041843,0,adjoint,2,2,landweber
0|0|0|0|0|1|0|0|1|1|0|0|0|1|0|0|0,-1.16590887526662,0,0.00181797232606506,1,adjoint,2,2,landweber
0|0|0|0|0|1|0|0|1|1|0|0|0|1|0|0|1,0.436216728243048,0,0.00192720883422355,1,adjoint,2,2,landweber
0|0|0|0|0|1|0|0|1|1|0|0|0|1|0|1|0,-1.23289730924426,0,0.00148331648373009,1,adjoint,2,2,landweber
0|0|0|0|0|1|0|0|1|1|0|0|0|1|0|1|1,0.548311021691115,0,0.00235313022678301,1,adjoint,2,2,landweber
0|0|0|0|0|1|0|0|1|1|0|1|0|1|0|0|0,-1.01971069950318,0,0.000271482610645742,1,adjoint,2,2,landweber
0|0|0|0|0|1|0|0|1|1|0|1|0|1|0|0|1,0.351155220659946,0,0.000295094657778261,1,adjoint,2,2,landweber
0|0|0|0|0|1|0|0|1|1|0|1|0|1|0|1|0,-1.09749613502125,0,0.000270842988156343,1,adjoint,2,2,landweber
0|0|0|0|0|1|0|0|1|1|0|1|0|1|0|1|1,0.455434447602535,0,0.000435032160238466,1,adjoint,2,2,landweber
0|0|0|0|0|1|0|1|0|0|0|0|0|1|0|0|0,-0.705940002857782,0,0.00223802678194148,1,adjoint,2,2,landweber
0|0|0|0|0|1|0|1|0|0|0|0|0|1|0|0|1,0.770299283882129,1.15237811920532,0.00193283979636957,1,adjoint,2,2,landweber
0|0|0|0|0|1|0|1|0|0|0|0|0|1|0|1|0,-0.783846944911445,0,0.00155786501654962,1,adjoint,2,2,landweber
0|0|0|0|0|1|0|1|0|0|0|0|0|1|0|1|1,0.85312849285657,1.20770962392902,0.00197327301155353,1,adjoint,2,2,landweber
0|0|0|0|0|1|0|1|0|0|0|1|0|1|0|0|0,-0.550765774067955,0,0.0015434321030384,1,adjoint,2,2,landweber
0|0|0|0|0|1|0|1|0|0|0|1|0|1|0|0|1,0.678342644083255,1.1609879114833,0.00135632887464633,1,adjoint,2,2,landweber
0|0|0|0|0|1|0|1|0|0|0|1|0|1|0|1|0,-0.634942830716062,0,0.00132036175745063,1,adjoint,2,2,landweber
0|0|0|0|0|1|0|1|0|0|0|1|0|1|0|1|1,0.753821621117459,1.2177773277593,0.00168241600041752,1,adjoint,2,2,landweber
0|0|0|0|0|1|0|1|0|0|1|0|1|0|0|0|0,0.00119346758324106,0,0.0216080489337248,0,adjoint,2,2,landweber
0|0|0|0|0|1|0|1|0|0|1|0|1|0|0|1|0,0.00119346758324106,0,0.00286012815021807,0,adjoint,2,2,landweber
0|0|0|0|0|1|0|1|0|1|0|0|0|1|0|0|0,-0.840230994503257,0,0.000277292389583944,1,adjoint,2,2,landweber
0|0|0|0|0|1|0|1|0|1|0|0|0|1|0|0|1,0.76189460900641,1.08734971179017,0.000293954058159854,1,adjoint,2,2,landweber
0|0|0|0|0|1|0|1|0|1|0|0|0|1|0|1|0,-0.907219428480895,0,0.000226247873185749,1,adjoint,2,2,landweber
0|0|0|0|0|1|0|1|0|1|0|0|0|1|0|1|1,0.873988902454476,1.15052576631158,0.000358919161877008,1,adjoint,2,2,landweber
0|0|0|0|0|1|0|1|0|1|0|1|0|1|0|0|0,-0.694032818739819,0,0.000250508673141046,1,adjoint,2,2,landweber
0|0|0|0|0|1|0|1|0|1|0|1|0|1|0|0|1,0.676833101423308,1.08947668598861,0.000272296523873887,1,adjoint,2,2,landweber
0|0|0|0|0|1|0|1|0|1|0|1|0|1|0|1|0,-0.77181825425789,0,0.00024991846597916,1,adjoint,2,2,landweber
0|0|0|0|0|1|0|1|0|1|0|1|0|1|0|1|1,0.781112328365896,1.1544295679605,0.000401422871895204,1,adjoint,2,2,landweber
0|0|0|0|0|1|0|1|1|0|0|0|0|1|0|0|0,-0.698769743551972,0,0.000248113975040352,1,adjoint,2,2,landweber
0|0|0|0|0|1|0|1|1|0|0|0|0|1|0|0|1,0.777469543187939,1.15237811920532,0.000214280083179978,1,adjoint,2,2,landweber
0|0|0|0|0|1|0|1|1|0|0|0|0|1|0|1|0,-0.776676685605635,0,0.000172709319187467,1,adjoint,2,2,landweber
0|0|0|0|0|1|0|1|1|0|0|0|0|1|0|1|1,0.86029875216238,1.20770962392902,0.000218762623703578,1,adjoint,2,2,landweber
0|0|0|0|0|1|0|1|1|0|0|1|0|1|0|0|0,-0.543595514762145,0,0.000171109245599619,1,adjoint,2,2,landweber
0|0|0|0|0|1|0|1|1|0|0|1|0|1|0|0|1,0.685512903389065,1.1609879114833,0.000150366452835106,1,adjoint,2,2,landweber
0|0|0|0|0|1|0|1|1|0|0|1|0|1|0|1|0,-0.627772571410252,0,0.000146379036558333,1,adjoint,2,2,landweber
0|0|0|0|0|1|0|1|1|0|0|1|0|1|0|1|1,0.760991880423269,1.2177773277593,0.000186517393314195,1,adjoint,2,2,landweber
0|0|0|0|0|1|0|1|1|0|1|0|1|0|0|0|0,0.00836372688905115,0,0.0215090340674342,0,adjoint,2,2,landweber
0|0|0|0|0|1|0|1|1|0|1|0|1|0|0|1|0,0.00836372688905115,0,0.00284702214480146,0,adjoint,2,2,landweber
0|0|0|0|0|1|0|1|1|1|0|0|0|1|0|0|0,-0.833060735197447,0,0.00112508162684404,1,adjoint,2,2,landweber
0|0|0|0|0|1|0|1|1|1|0|0|0|1|0|0|1,0.76906486831222,1.08734971179017,0.00119268440965192,1,adjoint,2,2,landweber
0|0|0|0|0|1|0|1|1|1|0|0|0|1|0|1|0,-0.900049169175085,0,0.000917974437076171,1,adjoint,2,2,landweber
0|0|0|0|0|1|0|1|1|1|0|0|0|1|0|1|1,0.881159161760286,1.15052576631158,0.00145627276376382,1,adjoint,2,2,landweber
0|0|0|0|0|1|0|1|1|1|0|1|0|1|0|0|0,-0.686862559434009,0,0.00101640981181977,1,adjoint,2,2,landweber
0|0|0|0|0|1|0|1|1|1|0|1|0|1|0|0|1,0.684003360729118,1.08947668598861,0.00110481148265077,1,adjoint,2,2,landweber
0|0|0|0|0|1|0|1|1|1|0|1|0|1|0|1|0,-0.76464799495208,0,0.00101401511489042,1,adjoint,2,2,landweber
0|0|0|0|0|1|0|1|1|1|0|1|0|1|0|1|1,0.788282587671706,1.1544295679605,0.0016287266247801,1,adjoint,2,2,landweber
0|0|0|0|0|1|0|2|0|0|0|0|0|1|0|0|0,-0.485499497475279,0,0.000458017349910382,1,adjoint,2,2,landweber
0|0|0|0|0|1|0|2|0|0|0|0|0|1|0|0|1,0.990739789264632,1.7191461392519,0.000395560128447857,1,adjoint,2,2,landweber
0|0|0|0|0|1|0|2|0|0|0|0|0|1|0|1|0,-0.563406439528942,0,0.00031882067370935,1,adjoint,2,2,landweber
0|0|0|0|0|1|0|2|0|0|0|0|0|1|0|1|1,1.07356899823907,1.80169104455637,0.00040383487932052,1,adjoint,2,2,landweber
0|0|0|0|0|1|0|2|0|0|0|1|0|1|0|0|0,-0.330325268685453,0,0.0019108836606411,1,adjoint,2,2,landweber
0|0|0|0|0|1|0|2|0|0|0|1|0|1|0|0|1,0.898783149465758,1.73199044001375,0.00167923595726382,1,adjoint,2,2,landweber
0|0|0|0|0|1|0|2|0|0|0|1|0|1|0|1|0,-0.414502325333559,0,0.00163470599288486,1,adjoint,2,2,landweber
0|0|0|0|0|1|0|2|0|0|0|1|0|1|0|1|1,0.974262126499962,1.81671029377891,0.00208295605570865,1,adjoint,2,2,landweber
0|0|0|0|0|1|0|2|0|0|1|0|1|0|0|0|0,0.221633972965744,0,0.018757598435739,0,adjoint,2,2,landweber
0|0|0|0|0|1|0|2|0|0|1|0|1|0|0|1|0,0.221633972965744,0,0.00248283107286056,0,adjoint,2,2,landweber
0|0|0|0|0|1|0|2|0|1|0|0|0|1|0|0|0,-0.619790489120755,0,7.16402953230343e-05,1,adjoint,2,2,landweber
0|0|0|0|0|1|0|2|0|1|0|0|0|1|0|0|1,0.982335114388912,1.62213515502169,7.59449459452304e-05,1,adjoint,2,2,landweber
0|0|0|0|0|1|0|2|0|1|0|0|0|1|0|1|0,-0.686778923098392,0,5.84526119723482e-05,1,adjoint,2,2,landweber
0|0|0|0|0|1|0|2|0|1|0|0|0|1|0|1|1,1.09442940783698,1.71638275345627,9.27291037180837e-05,1,adjoint,2,2,landweber
0|0|0|0|0|1|0|2|0|1|0|1|0|1|0|0|0,-0.473592313357317,0,0.000391536497242719,1,adjoint,2,2,landweber
0|0|0|0|0|1|0|2|0|1|0|1|0|1|0|0|1,0.897273606805811,1.62530822766217,0.000425590163534666,1,adjoint,2,2,landweber
0|0|0|0|0|1|0|2|0|1|0|1|0|1|0|1|0,-0.551377748875387,0,0.000390614023613703,1,adjoint,2,2,landweber
0|0|0|0|0|1|0|2|0|1|0|1|0|1|0|1|1,1.0015528337484,1.72220654117081,0.000627410233762513,1,adjoint,2,2,landweber
0|0|0|0|0|1|0|2|1|0|0|0|0|1|0|0|0,-0.478329238169469,0,3.98591765541312e-05,1,adjoint,2,2,landweber
0|0|0|0|0|1|0|2|1|0|0|0|0|1|0|0|1,0.997910048570442,1.7191461392519,3.44238073091837e-05,1,adjoint,2,2,landweber
0|0|0|0|0|1|0|2|1|0|0|0|0|1|0|1|0,-0.556236180223132,0,2.77455199567758e-05,1,adjoint,2,2,landweber
0|0|0|0|0|1|0|2|1|0|0|0|0|1|0|1|1,1.08073925754488,1.80169104455637,3.51439214184843e-05,1,adjoint,2,2,landweber
0|0|0|0|0|1|0|2|1|0|0|1|0|1|0|0|0,-0.323155009379643,0,0.000166295554565348,1,adjoint,2,2,landweber
0|0|0|0|0|1|0|2|1|0|0|1|0|1|0|0|1,0.905953408771568,1.73199044001375,0.000146136303591382,1,adjoint,2,2,landweber
0|0|0|0|0|1|0|2|1|0|0|1|0|1|0|1|0,-0.407332066027749,0,0.000142261062375133,1,adjoint,2,2,landweber
0|0|0|0|0|1|0|2|1|0|0|1|0|1|0|1|1,0.981432385805772,1.81671029377891,0.000181270236149859,1,adjoint,2,2,landweber
0|0|0|0|0|1|0|2|1|0|1|0|1|0|0|0|0,0.228804232271554,0,0.0181122003680411,0,adjoint,2,2,landweber
0|0|0|0|0|1|0|2|1|0|1|0|1|0|0|1|0,0.228804232271554,0,0.00239740359224069,0,adjoint,2,2,landweber
0|0|0|0|0|1|0|2|1|1|0|0|0|1|0|0|0,-0.612620229814945,0,0.000228172812251331,1,adjoint,2,2,landweber
0|0|0|0|0|1|0|2|1|1|0|0|0|1|0|0|1,0.989505373694722,1.62213515502169,0.000241883032648902,1,adjoint,2,2,landweber
0|0|0|0|0|1|0|2|1|1|0|0|0|1|0|1|0,-0.679608663792582,0,0.000186170322121469,1,adjoint,2,2,landweber
0|0|0|0|0|1|0|2|1|1|0|0|0|1|0|1|1,1.10159966714279,1.71638275345627,0.000295340217087261,1,adjoint,2,2,landweber
0|0|0|0|0|1|0|2|1|1|0|1|0|1|0|0|0,-0.466422054051506,0,0.00124703539079608,1,adjoint,2,2,landweber
0|0|0|0|0|1|0|2|1|1|0|1|0|1|0|0|1,0.904443866111621,1.62530822766217,0.00135549559144525,1,adjoint,2,2,landweber
0|0|0|0|0|1|0|2|1|1|0|1|0|1|0|1|0,-0.544207489569577,0,0.00124409733196744,1,adjoint,2,2,landweber
0|0|0|0|0|1|0|2|1|1|0|1|0|1|0|1|1,1.00872309305421,1.72220654117081,0.0019982882095522,1,adjoint,2,2,landweber
0|0|0|0|0|1|0|3|0|0|0|0|0|1|0|0|0,0.040736102172061,0,6.05453034286365e-05,1,adjoint,2,2,landweber
0|0|0|0|0|1|0|3|0|0|0|0|0|1|0|0|1,1.51697538891197,3.05801849871546,5.22890846947871e-05,1,adjoint,2,2,landweber
0|0|0|0|0|1|0|3|0|0|0|0|0|1|0|1|0,-0.0371708398816021,0,4.21448978577599e-05,1,adjoint,2,2,landweber
0|0|0|0|0|1|0|3|0|0|0|0|0|1|0|1|1,1.59980459788641,3.2048494409096,5.33829238309678e-05,1,adjoint,2,2,landweber
0|0|0|0|0|1|0|3|0|0|0|1|0|1|0|0|0,0.195910330961887,0,0.00152813894795864,1,adjoint,2,2,landweber
0|0|0|0|0|1|0|3|0|0|0|1|0|1|0|0|1,1.4250187491131,3.08086595096864,0.00134288963894669,1,adjoint,2,2,landweber
0|0|0|0|0|1|0|3|0|0|0|1|0|1|0|1|0,0.111733274313781,0,0.00130727890328534,1,adjoint,2,2,landweber
0|0|0|0|0|1|0|3|0|0|0|1|0|1|0|1|1,1.5004977261473,3.23156569318781,0.00166574571815994,1,adjoint,2,2,landweber
0|0|0|0|0|1|0|3|0|0|1|0|1|0|0|0|0,0.747869572613084,0,0.0152011614595537,0,adjoint,2,2,landweber
0|0|0|0|0|1|0|3|0|0|1|0|1|0|0|1|0,0.747869572613084,0,0.00201208678950288,0,adjoint,2,2,landweber
0|0|0|0|0|1|0|3|0|1|0|0|0|1|0|0|0,-0.0935548894734148,0,1.29777317427742e-05,1,adjoint,2,2,landweber
0|0|0|0|0|1|0|3|0|1|0|0|0|1|0|0|1,1.50857071403625,2.88545528400023,1.3757524745711e-05,1,adjoint,2,2,landweber
0|0|0|0|0|1|0|3|0|1|0|0|0|1|0|1|0,-0.160543323451052,0,1.05887659231592e-05,1,adjoint,2,2,landweber
0|0|0|0|0|1|0|3|0|1|0|0|0|1|0|1|1,1.62066500748432,3.05310298589826,1.67979965377704e-05,1,adjoint,2,2,landweber
0|0|0|0|0|1|0|3|0|1|0|1|0|1|0|0|0,0.0526432862900235,0,0.000429085406358523,1,adjoint,2,2,landweber
0|0|0|0|0|1|0|3|0|1|0|1|0|1|0|0|1,1.42350920645315,2.89109954809786,0.000466404867869207,1,adjoint,2,2,landweber
0|0|0|0|0|1|0|3|0|1|0|1|0|1|0|1|0,-0.0251421492280476,0,0.000428074466191389,1,adjoint,2,2,landweber
0|0|0|0|0|1|0|3|0|1|0|1|0|1|0|1|1,1.52778843339574,3.06346234404534,0.000687579770987722,1,adjoint,2,2,landweber
0|0|0|0|0|1|0|3|1|0|0|0|0|1|0|0|0,0.047906361477871,0,4.19557219562683e-06,1,adjoint,2,2,landweber
0|0|0|0|0|1|0|3|1|0|0|0|0|1|0|0|1,1.52414564821778,3.05801849871546,3.623445873697e-06,1,adjoint,2,2,landweber
0|0|0|0|0|1|0|3|1|0|0|0|0|1|0|1|0,-0.0300005805757921,0,2.92049013922223e-06,1,adjoint,2,2,landweber
0|0|0|0|0|1|0|3|1|0|0|0|0|1|0|1|1,1.60697485719222,3.2048494409096,3.69924499941544e-06,1,adjoint,2,2,landweber
0|0|0|0|0|1|0|3|1|0|0|1|0|1|0|0|0,0.203080590267697,0,0.0001058945437224,1,adjoint,2,2,landweber
0|0|0|0|0|1|0|3|1|0|0|1|0|1|0|0|1,1.43218900841891,3.08086595096864,9.30574315743746e-05,1,adjoint,2,2,landweber
0|0|0|0|0|1|0|3|1|0|0|1|0|1|0|1|0,0.118903533619591,0,9.05897354204905e-05,1,adjoint,2,2,landweber
0|0|0|0|0|1|0|3|1|0|0|1|0|1|0|1|1,1.50766798545311,3.23156569318781,0.000115430198947368,1,adjoint,2,2,landweber
0|0|0|0|0|1|0|3|1|0|1|0|1|0|0|0|0,0.755039831918894,0,0.0144288683972106,0,adjoint,2,2,landweber
0|0|0|0|0|1|0|3|1|0|1|0|1|0|0|1|0,0.755039831918894,0,0.00190986297769089,0,adjoint,2,2,landweber
0|0|0|0|0|1|0|3|1|1|0|0|0|1|0|0|0,-0.0863846301676047,0,3.2913166460118e-05,1,adjoint,2,2,landweber
0|0|0|0|0|1|0|3|1|1|0|0|0|1|0|0|1,1.51574097334206,2.88545528400023,3.48908199837689e-05,1,adjoint,2,2,landweber
0|0|0|0|0|1|0|3|1|1|0|0|0|1|0|1|0,-0.153373064145242,0,2.68544474754002e-05,1,adjoint,2,2,landweber
0|0|0|0|0|1|0|3|1|1|0|0|0|1|0|1|1,1.62783526679013,3.05310298589826,4.26018403833901e-05,1,adjoint,2,2,landweber
0|0|0|0|0|1|0|3|1|1|0|1|0|1|0|0|0,0.0598135455958335,0,0.00108821477319784,1,adjoint,2,2,landweber
0|0|0|0|0|1|0|3|1|1|0|1|0|1|0|0|1,1.43067946575896,2.89109954809786,0.00118286164009636,1,adjoint,2,2,landweber
0|0|0|0|0|1|0|3|1|1|0|1|0|1|0|1|0,-0.0179718899222375,0,0.00108565090127772,1,adjoint,2,2,landweber
0|0|0|0|0|1|0|3|1|1|0|1|0|1|0|1|1,1.53495869270155,3.06346234404534,0.00174378912322093,1,adjoint,2,2,landweber
1|0|0|1|0|1|0|0|0|0|0|0|0|1|0|0|0,-0.295456659246735,0,0.00348157433012709,1,adjoint,2,2,landweber
1|0|0|1|0|1|0|0|0|0|0|0|0|1|0|0|1,1.22958575783007,0,0.00369902966371158,1,adjoint,2,2,landweber
1|0|0|1|0|1|0|0|0|0|0|0|0|1|0|1|0,-0.363922067257561,0,0.00239311113130031,1,adjoint,2,2,landweber
1|0|0|1|0|1|0|0|0|0|0|0|0|1|0|1|1,1.36197277915244,0,0.00383856478161443,1,adjoint,2,2,landweber
1|0|0|1|0|1|0|0|0|0|0|1|0|1|0|0|0,-0.138786440420516,0,0.000684706357326217,1,adjoint,2,2,landweber
1|0|0|1|0|1|0|0|0|0|0|1|0|1|0|0|1,1.14164050098883,0,0.000737954671131801,1,adjoint,2,2,landweber
1|0|0|1|0|1|0|0|0|0|0|1|0|1|0|1|0,-0.218657743504657,0,0.000574002086565029,1,adjoint,2,2,landweber
1|0|0|1|0|1|0|0|0|0|0|1|0|1|0|1|1,1.259237995889,0,0.000917954432952705,1,adjoint,2,2,landweber
1|0|0|1|0|1|0|0|0|0|1|0|1|0|0|0|1,0.402957372769144,0,0.0119086953768889,0,adjoint,2,2,landweber
1|0|0|1|0|1|0|0|0|0|1|0|1|0|0|1|1,0.402957372769144,0,0.0019055164526257,0,adjoint,2,2,landweber
1|0|0|1|0|1|0|0|0|1|0|0|0|1|0|0|0,-0.430328970416778,0,0.000435548231941948,1,adjoint,2,2,landweber
1|0|0|1|0|1|0|0|0|1|0|0|0|1|0|0|1,1.2197584685051,0,0.000568978215856641,1,adjoint,2,2,landweber
1|0|0|1|0|1|0|0|0|1|0|0|0|1|0|1|0,-0.483401454762841,0,0.000355398130512882,1,adjoint,2,2,landweber
1|0|0|1|0|1|0|0|0|1|0|0|0|1|0|1|1,1.3859168805012,0,0.000720090899867005,1,adjoint,2,2,landweber
1|0|0|1|0|1|0|0|0|1|0|1|0|1|0|0|0,-0.282525531206127,0,0.000112321789717737,1,adjoint,2,2,landweber
1|0|0|1|0|1|0|0|0|1|0|1|0|1|0|0|1,1.14001301029943,0,0.000149912039557223,1,adjoint,2,2,landweber
1|0|0|1|0|1|0|0|0|1|0|1|0|1|0|1|0,-0.352213679303204,0,0.000110684793440412,1,adjoint,2,2,landweber
1|0|0|1|0|1|0|0|0|1|0|1|0|1|0|1|1,1.29397245498338,0,0.000225282267809345,1,adjoint,2,2,landweber
1|0|0|1|0|1|0|0|1|0|0|0|0|1|0|0|0,-0.288286399940925,0,0.000457885374403654,1,adjoint,2,2,landweber
1|0|0|1|0|1|0|0|1|0|0|0|0|1|0|0|1,1.23675601713588,0,0.000486484395246839,1,adjoint,2,2,landweber
1|0|0|1|0|1|0|0|1|0|0|0|0|1|0|1|0,-0.356751807951751,0,0.000314734221487954,1,adjoint,2,2,landweber
1|0|0|1|0|1|0|0|1|0|0|0|0|1|0|1|1,1.36914303845825,0,0.000504835601811794,1,adjoint,2,2,landweber
1|0|0|1|0|1|0|0|1|0|0|1|0|1|0|0|0,-0.131616181114706,0,9.00503614321606e-05,1,adjoint,2,2,landweber
1|0|0|1|0|1|0|0|1|0|0|1|0|1|0|0|1,1.14881076029464,0,9.70534071210754e-05,1,adjoint,2,2,landweber
1|0|0|1|0|1|0|0|1|0|0|1|0|1|0|1|0,-0.211487484198847,0,7.54908944614469e-05,1,adjoint,2,2,landweber
1|0|0|1|0|1|0|0|1|0|0|1|0|1|0|1|1,1.26640825519481,0,0.000120726392534811,1,adjoint,2,2,landweber
1|0|0|1|0|1|0|0|1|0|1|0|1|0|0|0|1,0.410127632074954,0,0.0135575419796628,0,adjoint,2,2,landweber
1|0|0|1|0|1|0|0|1|0|1|0|1|0|0|1|1,0.410127632074954,0,0.00216934924286896,0,adjoint,2,2,landweber
1|0|0|1|0|1|0|0|1|1|0|0|0|1|0|0|0,-0.423158711110968,0,0.00209641611789465,1,adjoint,2,2,landweber
1|0|0|1|0|1|0|0|1|1|0|0|0|1|0|0|1,1.22692872781091,0,0.00273865215141498,1,adjoint,2,2,landweber
1|0|0|1|0|1|0|0|1|1|0|0|0|1|0|1|0,-0.476231195457031,0,0.00171063114125128,1,adjoint,2,2,landweber
1|0|0|1|0|1|0|0|1|1|0|0|0|1|0|1|1,1.39308713980701,0,0.00346599999292768,1,adjoint,2,2,landweber
1|0|0|1|0|1|0|0|1|1|0|1|0|1|0|0|0,-0.275355271900317,0,0.00054063635915855,1,adjoint,2,2,landweber
1|0|0|1|0|1|0|0|1|1|0|1|0|1|0|0|1,1.14718326960524,0,0.000721568802134668,1,adjoint,2,2,landweber
1|0|0|1|0|1|0|0|1|1|0|1|0|1|0|1|0,-0.345043419997394,0,0.000532757035747186,1,adjoint,2,2,landweber
1|0|0|1|0|1|0|0|1|1|0|1|0|1|0|1|1,1.30114271428919,0,0.00108434690506175,1,adjoint,2,2,landweber
1|0|0|1|0|1|0|1|0|0|0|0|0|1|0|0|0,0.0373914808224371,0,0.00148232240893693,1,adjoint,2,2,landweber
1|0|0|1|0|1|0|1|0|0|0|0|0|1|0|0|1,1.56243389789924,1.34068417118409,0.00157490664909686,1,adjoint,2,2,landweber
1|0|0|1|0|1|0|1|0|0|0|0|0|1|0|1|0,-0.0310739271883888,0,0.00101889602824403,1,adjoint,2,2,landweber
1|0|0|1|0|1|0|1|0|0|0|0|0|1|0|1|1,1.69482091922161,1.41989411583333,0.00163431541435321,1,adjoint,2,2,landweber
1|0|0|1|0|1|0|1|0|0|0|1|0|1|0|0|0,0.194061699648656,0,0.00176360544130717,1,adjoint,2,2,landweber
1|0|0|1|0|1|0|1|0|0|0|1|0|1|0|0|1,1.474488641058,1.35187622302979,0.00190075768907463,1,adjoint,2,2,landweber
1|0|0|1|0|1|0|1|0|0|0|1|0|1|0|1|0,0.114190396564515,0,0.00147846327459386,1,adjoint,2,2,landweber
1|0|0|1|0|1|0|1|0|0|0|1|0|1|0|1|1,1.59208613595818,1.43085697359309,0.00236438498855083,1,adjoint,2,2,landweber
1|0|0|1|0|1|0|1|0|0|1|0|1|0|0|0|1,0.735805512838316,1.05127109637602,0.0132221042607414,0,adjoint,2,2,landweber
1|0|0|1|0|1|0|1|0|0|1|0|1|0|0|1|1,0.735805512838316,1.05127109637602,0.00211567568149158,0,adjoint,2,2,landweber
1|0|0|1|0|1|0|1|0|1|0|0|0|1|0|0|0,-0.0974808303476065,0,0.000227441003058666,1,adjoint,2,2,landweber
1|0|0|1|0|1|0|1|0|1|0|0|0|1|0|0|1,1.55260660857427,1.26624996395681,0.00029711744106038,1,adjoint,2,2,landweber
1|0|0|1|0|1|0|1|0|1|0|0|0|1|0|1|0,-0.150553314693669,0,0.000185587040334486,1,adjoint,2,2,landweber
1|0|0|1|0|1|0|1|0|1|0|0|0|1|0|1|1,1.71876502057038,1.35653713282116,0.000376027692338326,1,adjoint,2,2,landweber
1|0|0|1|0|1|0|1|0|1|0|1|0|1|0|0|0,0.0503226088630448,0,0.000354835112911803,1,adjoint,2,2,landweber
1|0|0|1|0|1|0|1|0|1|0|1|0|1|0|0|1,1.4728611503686,1.26983321343187,0.000473586252647876,1,adjoint,2,2,landweber
1|0|0|1|0|1|0|1|0|1|0|1|0|1|0|1|0,-0.0193655392340326,0,0.000349663687488823,1,adjoint,2,2,landweber
1|0|0|1|0|1|0|1|0|1|0|1|0|1|0|1|1,1.62682059505255,1.36135821946778,0.000711687902552468,1,adjoint,2,2,landweber
1|0|0|1|0|1|0|1|1|0|0|0|0|1|0|0|0,0.0445617401282471,0,0.000152598707242242,1,adjoint,2,2,landweber
1|0|0|1|0|1|0|1|1|0|0|0|0|1|0|0|1,1.56960415720506,1.34068417118409,0.000162129855981701,1,adjoint,2,2,landweber
1|0|0|1|0|1|0|1|1|0|0|0|0|1|0|1|0,-0.0239036678825788,0,0.000104890957450883,1,adjoint,2,2,landweber
1|0|0|1|0|1|0|1|1|0|0|0|0|1|0|1|1,1.70199117852742,1.41989411583333,0.000168245732475451,1,adjoint,2,2,landweber
1|0|0|1|0|1|0|1|1|0|0|1|0|1|0|0|0,0.201231958954466,0,0.000181555583863745,1,adjoint,2,2,landweber
1|0|0|1|0|1|0|1|1|0|0|1|0|1|0|0|1,1.48165890036381,1.35187622302979,0.000195674817020108,1,adjoint,2,2,landweber
1|0|0|1|0|1|0|1|1|0|0|1|0|1|0|1|0,0.121360655870325,0,0.000152201425983944,1,adjoint,2,2,landweber
1|0|0|1|0|1|0|1|1|0|0|1|0|1|0|1|1,1.59925639526399,1.43085697359309,0.000243403250534797,1,adjoint,2,2,landweber
1|0|0|1|0|1|0|1|1|0|1|0|1|0|0|0|1,0.742975772144126,1.05127109637602,0.0146460861644001,0,adjoint,2,2,landweber
1|0|0|1|0|1|0|1|1|0|1|0|1|0|0|1|1,0.742975772144126,1.05127109637602,0.00234352775594541,0,adjoint,2,2,landweber
1|0|0|1|0|1|0|1|1|1|0|0|0|1|0|0|0,-0.0903105710417964,0,0.000856913682278011,1,adjoint,2,2,landweber
1|0|0|1|0|1|0|1|1|1|0|0|0|1|0|0|1,1.55977686788008,1.26624996395681,0.00111942876202669,1,adjoint,2,2,landweber
1|0|0|1|0|1|0|1|1|1|0|0|0|1|0|1|0,-0.143383055387859,0,0.000699223411686598,1,adjoint,2,2,landweber
1|0|0|1|0|1|0|1|1|1|0|0|0|1|0|1|1,1.72593527987619,1.35653713282116,0.00141673343920764,1,adjoint,2,2,landweber
1|0|0|1|0|1|0|1|1|1|0|1|0|1|0|0|0,0.0574928681688549,0,0.0013368876285177,1,adjoint,2,2,landweber
1|0|0|1|0|1|0|1|1|1|0|1|0|1|0|0|1,1.48003140967441,1.26983321343187,0.00178429805609,1,adjoint,2,2,landweber
1|0|0|1|0|1|0|1|1|1|0|1|0|1|0|1|0,-0.0121952799282225,0,0.00131740360786075,1,adjoint,2,2,landweber
1|0|0|1|0|1|0|1|1|1|0|1|0|1|0|1|1,1.63399085435836,1.36135821946778,0.00268137711761518,1,adjoint,2,2,landweber
1|0|0|1|0|1|0|2|0|0|0|0|0|1|0|0|0,0.25783198620494,0,0.000253994915871286,1,adjoint,2,2,landweber
1|0|0|1|0|1|0|2|0|0|0|0|0|1|0|0|1,1.78287440328175,1.63751534450593,0.000269859161158716,1,adjoint,2,2,landweber
1|0|0|1|0|1|0|2|0|0|0|0|0|1|0|1|0,0.189366578194114,0,0.000174587127210084,1,adjoint,2,2,landweber
1|0|0|1|0|1|0|2|0|0|0|0|0|1|0|1|1,1.91526142460412,1.73426258937422,0.000280038811848963,1,adjoint,2,2,landweber
1|0|0|1|0|1|0|2|0|0|0|1|0|1|0|0|0,0.414502205031159,0,0.00182815850413023,1,adjoint,2,2,landweber
1|0|0|1|0|1|0|2|0|0|0|1|0|1|0|0|1,1.6949291464405,1.65118534749974,0.0019703309210688,1,adjoint,2,2,landweber
1|0|0|1|0|1|0|2|0|0|0|1|0|1|0|1|0,0.334630901947017,0,0.00153257930894659,1,adjoint,2,2,landweber
1|0|0|1|0|1|0|2|0|0|0|1|0|1|0|1|1,1.81252664134068,1.74765265407931,0.00245092832138988,1,adjoint,2,2,landweber
1|0|0|1|0|1|0|2|0|0|1|0|1|0|0|0|1,0.956246018220818,1.28402541668774,0.0113447292461033,0,adjoint,2,2,landweber
1|0|0|1|0|1|0|2|0|0|1|0|1|0|0|1|1,0.956246018220818,1.28402541668774,0.00181527594290359,0,adjoint,2,2,landweber
1|0|0|1|0|1|0|2|0|1|0|0|0|1|0|0|0,0.122959675034896,0,5.0496613326997e-05,1,adjoint,2,2,landweber
1|0|0|1|0|1|0|2|0|1|0|0|0|1|0|0|1,1.77304711395677,1.54660119849706,6.59662256680378e-05,1,adjoint,2,2,landweber
1|0|0|1|0|1|0|2|0|1|0|0|0|1|0|1|0,0.0698871906888335,0,4.12041667432106e-05,1,adjoint,2,2,landweber
1|0|0|1|0|1|0|2|0|1|0|0|0|1|0|1|1,1.93920552595288,1.65687819557445,8.34859358026736e-05,1,adjoint,2,2,landweber
1|0|0|1|0|1|0|2|0|1|0|1|0|1|0|0|0,0.270763114245547,0,0.000476595729633283,1,adjoint,2,2,landweber
1|0|0|1|0|1|0|2|0|1|0|1|0|1|0|0|1,1.69330165575111,1.55097778928908,0.000636095970809712,1,adjoint,2,2,landweber
1|0|0|1|0|1|0|2|0|1|0|1|0|1|0|1|0,0.20107496614847,0,0.000469649744912425,1,adjoint,2,2,landweber
1|0|0|1|0|1|0|2|0|1|0|1|0|1|0|1|1,1.84726110043506,1.66276668410197,0.000955901495781457,1,adjoint,2,2,landweber
1|0|0|1|0|1|0|2|1|0|0|0|0|1|0|0|0,0.26500224551075,0,2.07223272479901e-05,1,adjoint,2,2,landweber
1|0|0|1|0|1|0|2|1|0|0|0|0|1|0|0|1,1.79004466258756,1.63751534450593,2.20166211958071e-05,1,adjoint,2,2,landweber
1|0|0|1|0|1|0|2|1|0|0|0|0|1|0|1|0,0.196536837499924,0,1.4243795278041e-05,1,adjoint,2,2,landweber
1|0|0|1|0|1|0|2|1|0|0|0|0|1|0|1|1,1.92243168390993,1.73426258937422,2.28471340907205e-05,1,adjoint,2,2,landweber
1|0|0|1|0|1|0|2|1|0|0|1|0|1|0|0|0,0.421672464336969,0,0.000149151405861133,1,adjoint,2,2,landweber
1|0|0|1|0|1|0|2|1|0|0|1|0|1|0|0|1,1.70209940574631,1.65118534749974,0.00016075062759883,1,adjoint,2,2,landweber
1|0|0|1|0|1|0|2|1|0|0|1|0|1|0|1|0,0.341801161252827,0,0.000125036400293869,1,adjoint,2,2,landweber
1|0|0|1|0|1|0|2|1|0|0|1|0|1|0|1|1,1.81969690064649,1.74765265407931,0.000199960454180689,1,adjoint,2,2,landweber
1|0|0|1|0|1|0|2|1|0|1|0|1|0|0|0|1,0.963416277526628,1.28402541668774,0.0121869311051466,0,adjoint,2,2,landweber
1|0|0|1|0|1|0|2|1|0|1|0|1|0|0|1|1,0.963416277526628,1.28402541668774,0.00195003709415056,0,adjoint,2,2,landweber
1|0|0|1|0|1|0|2|1|1|0|0|0|1|0|0|0,0.130129934340706,0,0.000150777275408335,1,adjoint,2,2,landweber
1|0|0|1|0|1|0|2|1|1|0|0|0|1|0|0|1,1.78021737326258,1.54660119849706,0.000196967818629543,1,adjoint,2,2,landweber
1|0|0|1|0|1|0|2|1|1|0|0|0|1|0|1|0,0.0770574499946436,0,0.000123031062633473,1,adjoint,2,2,landweber
1|0|0|1|0|1|0|2|1|1|0|0|0|1|0|1|1,1.94637578525869,1.65687819557445,0.000249279726022982,1,adjoint,2,2,landweber
1|0|0|1|0|1|0|2|1|1|0|1|0|1|0|0|0,0.277933373551357,0,0.00142306188179427,1,adjoint,2,2,landweber
1|0|0|1|0|1|0|2|1|1|0|1|0|1|0|0|1,1.70047191505692,1.55097778928908,0.00189931187574578,1,adjoint,2,2,landweber
1|0|0|1|0|1|0|2|1|1|0|1|0|1|0|1|0,0.20824522545428,0,0.00140232194336598,1,adjoint,2,2,landweber
1|0|0|1|0|1|0|2|1|1|0|1|0|1|0|1|1,1.85443135974087,1.66276668410197,0.00285421563143968,1,adjoint,2,2,landweber
1|0|0|1|0|1|0|3|0|0|0|0|0|1|0|0|0,0.78406758585228,0,3.14440869817413e-05,1,adjoint,2,2,landweber
1|0|0|1|0|1|0|3|0|0|0|0|0|1|0|0|1,2.30911000292909,2.9128135770986,3.34080503430016e-05,1,adjoint,2,2,landweber
1|0|0|1|0|1|0|3|0|0|0|0|0|1|0|1|0,0.715602177841453,0,2.16135539369149e-05,1,adjoint,2,2,landweber
1|0|0|1|0|1|0|3|0|0|0|0|0|1|0|1|1,2.44149702425146,3.08490765203031,3.46682717165274e-05,1,adjoint,2,2,landweber
1|0|0|1|0|1|0|3|0|0|0|1|0|1|0|0|0,0.940737804678498,0,0.00136917159247401,1,adjoint,2,2,landweber
1|0|0|1|0|1|0|3|0|0|0|1|0|1|0|0|1,2.22116474608784,2.93712978912857,0.00147564946847103,1,adjoint,2,2,landweber
1|0|0|1|0|1|0|3|0|0|0|1|0|1|0|1|0,0.860866501594357,0,0.0011478020359189,1,adjoint,2,2,landweber
1|0|0|1|0|1|0|3|0|0|0|1|0|1|0|1|1,2.33876224098802,3.10872590961309,0.00183558560445151,1,adjoint,2,2,landweber
1|0|0|1|0|1|0|3|0|0|1|0|1|0|0|0|1,1.48248161786816,2.28402541668774,0.00914445348574507,0,adjoint,2,2,landweber
1|0|0|1|0|1|0|3|0|0|1|0|1|0|0|1|1,1.48248161786816,2.28402541668774,0.00146320869044765,0,adjoint,2,2,landweber
1|0|0|1|0|1|0|3|0|1|0|0|0|1|0|0|0,0.649195274682236,0,8.67417768775642e-06,1,adjoint,2,2,landweber
1|0|0|1|0|1|0|3|0|1|0|0|0|1|0|0|1,2.29928271360411,2.75109542298575,1.13315077019092e-05,1,adjoint,2,2,landweber
1|0|0|1|0|1|0|3|0|1|0|0|0|1|0|1|0,0.596122790336173,0,7.07794523747733e-06,1,adjoint,2,2,landweber
1|0|0|1|0|1|0|3|0|1|0|0|0|1|0|1|1,2.46544112560022,2.94725623174177,1.43409982149011e-05,1,adjoint,2,2,landweber
1|0|0|1|0|1|0|3|0|1|0|1|0|1|0|0|0,0.796998713892887,0,0.000495274851319532,1,adjoint,2,2,landweber
1|0|0|1|0|1|0|3|0|1|0|1|0|1|0|0|1,2.21953725539845,2.75888050611378,0.000661026353740398,1,adjoint,2,2,landweber
1|0|0|1|0|1|0|3|0|1|0|1|0|1|0|1|0,0.72731056579581,0,0.000488056634000342,1,adjoint,2,2,landweber
1|0|0|1|0|1|0|3|0|1|0|1|0|1|0|1|1,2.3734967000824,2.95773067974563,0.000993365953076338,1,adjoint,2,2,landweber
1|0|0|1|0|1|0|3|1|0|0|0|0|1|0|0|0,0.79123784515809,0,2.07139846973198e-06,1,adjoint,2,2,landweber
1|0|0|1|0|1|0|3|1|0|0|0|0|1|0|0|1,2.3162802622349,2.9128135770986,2.20077575785253e-06,1,adjoint,2,2,landweber
1|0|0|1|0|1|0|3|1|0|0|0|0|1|0|1|0,0.722772437147264,0,1.42380609035944e-06,1,adjoint,2,2,landweber
1|0|0|1|0|1|0|3|1|0|0|0|0|1|0|1|1,2.44866728355727,3.08490765203031,2.28379361192986e-06,1,adjoint,2,2,landweber
1|0|0|1|0|1|0|3|1|0|0|1|0|1|0|0|0,0.947908063984308,0,9.01950164143109e-05,1,adjoint,2,2,landweber
1|0|0|1|0|1|0|3|1|0|0|1|0|1|0|0|1,2.22833500539365,2.93712978912857,9.72093116466258e-05,1,adjoint,2,2,landweber
1|0|0|1|0|1|0|3|1|0|0|1|0|1|0|1|0,0.868036760900167,0,7.56121614260338e-05,1,adjoint,2,2,landweber
1|0|0|1|0|1|0|3|1|0|0|1|0|1|0|1|1,2.34593250029383,3.10872590961309,0.000120920324839795,1,adjoint,2,2,landweber
1|0|0|1|0|1|0|3|1|0|1|0|1|0|0|0|1,1.48965187717397,2.28402541668774,0.00965222548188887,0,adjoint,2,2,landweber
1|0|0|1|0|1|0|3|1|0|1|0|1|0|0|1|1,1.48965187717397,2.28402541668774,0.00154445754787601,0,adjoint,2,2,landweber
1|0|0|1|0|1|0|3|1|1|0|0|0|1|0|0|0,0.656365533988046,0,2.09128446456882e-05,1,adjoint,2,2,landweber
1|0|0|1|0|1|0|3|1|1|0|0|0|1|0|0|1,2.30645297290992,2.75109542298575,2.73194841864878e-05,1,adjoint,2,2,landweber
1|0|0|1|0|1|0|3|1|1|0|0|0|1|0|1|0,0.603293049641983,0,1.7064438208475e-05,1,adjoint,2,2,landweber
1|0|0|1|0|1|0|3|1|1|0|0|0|1|0|1|1,2.47261138490603,2.94725623174177,3.4575158421719e-05,1,adjoint,2,2,landweber
1|0|0|1|0|1|0|3|1|1|0|1|0|1|0|0|0,0.804168973198697,0,0.00119407353589049,1,adjoint,2,2,landweber
1|0|0|1|0|1|0|3|1|1|0|1|0|1|0|0|1,2.22670751470426,2.75888050611378,0.00159368898587253,1,adjoint,2,2,landweber
1|0|0|1|0|1|0|3|1|1|0|1|0|1|0|1|0,0.73448082510162,0,0.00117667091135951,1,adjoint,2,2,landweber
1|0|0|1|0|1|0|3|1|1|0|1|0|1|0|1|1,2.38066695938821,2.95773067974562,0.00239493685751031,1,adjoint,2,2,landweber
0|0|0|0|0|1|0|0|0|0|0|0|0|1|0|0|0,-0.330226202219802,0,0.00350261383896762,1,adjoint,2,2,pmmr
0|0|0|0|0|1|0|0|0|0|0|0|0|1|0|0|1,0.108703038473133,0,0.00302498230758369,1,adjoint,2,2,pmmr
0|0|0|0|0|1|0|0|0|0|0|0|0|1|0|1|0,-0.220026183784241,0,0.00243812969989423,1,adjoint,2,2,pmmr
0|0|0|0|0|1|0|0|0|0|0|0|0|1|0|1|1,0.207028408864017,0,0.00308826213077438,1,adjoint,2,2,pmmr
0|0|0|0|0|1|0|0|0|0|0|1|0|1|0|0|0,-0.12905496841891,0,0.000399286329847866,1,adjoint,2,2,pmmr
0|0|0|0|0|1|0|0|0|0|0|1|0|1|0|0|1,0.281283628300652,0,0.000350882670742753,1,adjoint,2,2,pmmr
0|0|0|0|0|1|0|0|0|0|0|1|0|1|0|1|0,-0.0321235088184303,0,0.000341577967159091,1,adjoint,2,2,pmmr
0|0|0|0|0|1|0|0|0|0|0|1|0|1|0|1|1,0.374195725386094,0,0.000435241504152723,1,adjoint,2,2,pmmr
0|0|0|0|0|1|0|0|0|0|1|0|1|0|0|0|0,-0.401341818129663,0,0.016408626962947,0,adjoint,2,2,pmmr
0|0|0|0|0|1|0|0|0|0|1|0|1|0|0|1|0,-0.401341818129663,0,0.00217191177357548,0,adjoint,2,2,pmmr
0|0|0|0|0|1|0|0|0|1|0|0|0|1|0|0|0,-0.265665048639601,0,0.000349141419095855,1,adjoint,2,2,pmmr
0|0|0|0|0|1|0|0|0|1|0|0|0|1|0|0|1,0.17345740169508,0,0.000370120280505743,1,adjoint,2,2,pmmr
0|0|0|0|0|1|0|0|0|1|0|0|0|1|0|1|0,-0.150742424435668,0,0.000284870795156022,1,adjoint,2,2,pmmr
0|0|0|0|0|1|0|0|0|1|0|0|0|1|0|1|1,0.278474859241469,0,0.00045191844502641,1,adjoint,2,2,pmmr
0|0|0|0|0|1|0|0|0|1|0|1|0|1|0|0|0,-0.0337518136744986,0,5.21382105666385e-05,1,adjoint,2,2,pmmr
0|0|0|0|0|1|0|0|0|1|0|1|0|1|0|0|1,0.387375396580609,0,5.66729020607878e-05,1,adjoint,2,2,pmmr
0|0|0|0|0|1|0|0|0|1|0|1|0|1|0|1|0,0.0673165917003278,0,5.20153711259976e-05,1,adjoint,2,2,pmmr
0|0|0|0|0|1|0|0|0|1|0|1|0|1|0|1|1,0.486311215521541,0,8.35478866208866e-05,1,adjoint,2,2,pmmr
0|0|0|0|0|1|0|0|1|0|0|0|0|1|0|0|0,-0.312167021766581,0,0.000498331132065192,1,adjoint,2,2,pmmr
0|0|0|0|0|1|0|0|1|0|0|0|0|1|0|0|1,0.128335406469492,0,0.000430376549377099,1,adjoint,2,2,pmmr
0|0|0|0|0|1|0|0|1|0|0|0|0|1|0|1|0,-0.192008443929527,0,0.000346882639459957,1,adjoint,2,2,pmmr
0|0|0|0|0|1|0|0|1|0|0|0|0|1|0|1|1,0.237766510965257,0,0.000439379627471713,1,adjoint,2,2,pmmr
0|0|0|0|0|1|0|0|1|0|0|1|0|1|0|0|0,-0.0890768457014733,0,5.68080918762915e-05,1,adjoint,2,2,pmmr
0|0|0|0|0|1|0|0|1|0|0|1|0|1|0|0|1,0.324229843098206,0,4.99215062157215e-05,1,adjoint,2,2,pmmr
0|0|0|0|0|1|0|0|1|0|0|1|0|1|0|1|0,0.0173129453072946,0,4.85976881519683e-05,1,adjoint,2,2,pmmr
0|0|0|0|0|1|0|0|1|0|0|1|0|1|0|1|1,0.428057151656581,0,6.19235809192464e-05,1,adjoint,2,2,pmmr
0|0|0|0|0|1|0|0|1|0|1|0|1|0|0|0|0,-0.389865746546622,0,0.016620155226473,0,adjoint,2,2,pmmr
0|0|0|0|0|1|0|0|1|0|1|0|1|0|0|1|0,-0.389865746546622,0,0.0021999105041843,0,adjoint,2,2,pmmr
0|0|0|0|0|1|0|0|1|1|0|0|0|1|0|0|0,-0.243733682086702,0,0.00181797232606506,1,adjoint,2,2,pmmr
0|0|0|0|0|1|0|0|1|1|0|0|0|1|0|0|1,0.201843248543029,0,0.00192720883422355,1,adjoint,2,2,pmmr
0|0|0|0|0|1|0|0|1|1|0|0|0|1|0|1|0,-0.117499629826176,0,0.00148331648373009,1,adjoint,2,2,pmmr
0|0|0|0|0|1|0|0|1|1|0|0|0|1|0|1|1,0.318924012223049,0,0.00235313022678301,1,adjoint,2,2,pmmr
0|0|0|0|0|1|0|0|1|1|0|1|0|1|0|0|0,0.0139610941015395,0,0.000271482610645742,1,adjoint,2,2,pmmr
0|0|0|0|0|1|0|0|1|1|0|1|0|1|0|0|1,0.442715054703673,0,0.000295094657778261,1,adjoint,2,2,pmmr
0|0|0|0|0|1|0|0|1|1|0|1|0|1|0|1|0,0.125866958927006,0,0.000270842988156343,1,adjoint,2,2,pmmr
0|0|0|0|0|1|0|0|1|1|0|1|0|1|0|1|1,0.553683179705443,0,0.000435032160238466,1,adjoint,2,2,pmmr
0|0|0|0|0|1|0|1|0|0|0|0|0|1|0|0|0,-0.0566432266830337,0,0.00223802678194148,1,adjoint,2,2,pmmr
0|0|0|0|0|1|0|1|0|0|0|0|0|1|0|0|1,0.386251596535364,1.15237811920532,0.00193283979636957,1,adjoint,2,2,pmmr
0|0|0|0|0|1|0|1|0|0|0|0|0|1|0|1|0,0.0446053191023479,0,0.00155786501654962,1,adjoint,2,2,pmmr
0|0|0|0|0|1|0|1|0|0|0|0|0|1|0|1|1,0.476957149511698,1.20770962392902,0.00197327301155353,1,adjoint,2,2,pmmr
0|0|0|0|0|1|0|1|0|0|0|1|0|1|0|0|0,0.140022232328705,0,0.0015434321030384,1,adjoint,2,2,pmmr
0|0|0|0|0|1|0|1|0|0|0|1|0|1|0|0|1,0.556799337522918,1.1609879114833,0.00135632887464633,1,adjoint,2,2,pmmr
0|0|0|0|0|1|0|1|0|0|0|1|0|1|0|1|0,0.227031081003666,0,0.00132036175745063,1,adjoint,2,2,pmmr
0|0|0|0|0|1|0|1|0|0|0|1|0|1|0|1|1,0.640910877721549,1.2177773277593,0.00168241600041752,1,adjoint,2,2,pmmr
0|0|0|0|0|1|0|1|0|0|1|0|1|0|0|0|0,-0.134258395077617,0,0.0216080489337248,0,adjoint,2,2,pmmr
0|0|0|0|0|1|0|1|0|0|1|0|1|0|0|1|0,-0.134258395077617,0,0.00286012815021807,0,adjoint,2,2,pmmr
0|0|0|0|0|1|0|1|0|1|0|0|0|1|0|0|0,0.00125052828797186,0,0.000277292389583944,1,adjoint,2,2,pmmr
0|0|0|0|0|1|0|1|0|1|0|0|0|1|0|0|1,0.445750599404304,1.08734971179017,0.000293954058159854,1,adjoint,2,2,pmmr
0|0|0|0|0|1|0|1|0|1|0|0|0|1|0|1|0,0.111480714774703,0,0.000226247873185749,1,adjoint,2,2,pmmr
0|0|0|0|0|1|0|1|0|1|0|0|0|1|0|1|1,0.547245493798718,1.15052576631158,0.000358919161877008,1,adjoint,2,2,pmmr
0|0|0|0|0|1|0|1|0|1|0|1|0|1|0|0|0,0.228694444848949,0,0.000250508673141046,1,adjoint,2,2,pmmr
0|0|0|0|0|1|0|1|0|1|0|1|0|1|0|0|1,0.657671364240954,1.08947668598861,0.000272296523873887,1,adjoint,2,2,pmmr
0|0|0|0|0|1|0|1|0|1|0|1|0|1|0|1|0,0.323847988556409,0,0.00024991846597916,1,adjoint,2,2,pmmr
0|0|0|0|0|1|0|1|0|1|0|1|0|1|0|1|1,0.751891227341762,1.1544295679605,0.000401422871895204,1,adjoint,2,2,pmmr
0|0|0|0|0|1|0|1|1|0|0|0|0|1|0|0|0,-0.033565842684017,0,0.000248113975040352,1,adjoint,2,2,pmmr
0|0|0|0|0|1|0|1|1|0|0|0|0|1|0|0|1,0.411706754756746,1.15237811920532,0.000214280083179978,1,adjoint,2,2,pmmr
0|0|0|0|0|1|0|1|1|0|0|0|0|1|0|1|0,0.0791784370851005,0,0.000172709319187467,1,adjoint,2,2,pmmr
0|0|0|0|0|1|0|1|1|0|0|0|0|1|0|1|1,0.51510019681918,1.20770962392902,0.000218762623703578,1,adjoint,2,2,pmmr
0|0|0|0|0|1|0|1|1|0|0|1|0|1|0|0|0,0.183595552480649,0,0.000171109245599619,1,adjoint,2,2,pmmr
0|0|0|0|0|1|0|1|1|0|0|1|0|1|0|0|1,0.60417383545337,1.1609879114833,0.000150366452835106,1,adjoint,2,2,pmmr
0|0|0|0|0|1|0|1|1|0|0|1|0|1|0|1|0,0.281673287448484,0,0.000146379036558333,1,adjoint,2,2,pmmr
0|0|0|0|0|1|0|1|1|0|0|1|0|1|0|1|1,0.700907889004987,1.2177773277593,0.000186517393314195,1,adjoint,2,2,pmmr
0|0|0|0|0|1|0|1|1|0|1|0|1|0|0|0|0,-0.118516356038804,0,0.0215090340674342,0,adjoint,2,2,pmmr
0|0|0|0|0|1|0|1|1|0|1|0|1|0|0|1|0,-0.118516356038804,0,0.00284702214480146,0,adjoint,2,2,pmmr
0|0|0|0|0|1|0|1|1|1|0|0|0|1|0|0|0,0.0302652906439557,0,0.00112508162684404,1,adjoint,2,2,pmmr
0|0|0|0|0|1|0|1|1|1|0|0|0|1|0|0|1,0.482181327748766,1.08734971179017,0.00119268440965192,1,adjoint,2,2,pmmr
0|0|0|0|0|1|0|1|1|1|0|0|0|1|0|1|0,0.153411776919169,0,0.000917974437076171,1,adjoint,2,2,pmmr
0|0|0|0|0|1|0|1|1|1|0|0|0|1|0|1|1,0.597359913558182,1.15052576631158,0.00145627276376382,1,adjoint,2,2,pmmr
0|0|0|0|0|1|0|1|1|1|0|1|0|1|0|0|0,0.282188544474885,0,0.00101640981181977,1,adjoint,2,2,pmmr
0|0|0|0|0|1|0|1|1|1|0|1|0|1|0|0|1,0.719815424526085,1.08947668598861,0.00110481148265077,1,adjoint,2,2,pmmr
0|0|0|0|0|1|0|1|1|1|0|1|0|1|0|1|0,0.38985430151405,0,0.00101401511489042,1,adjoint,2,2,pmmr
0|0|0|0|0|1|0|1|1|1|0|1|0|1|0|1|1,0.82781579829819,1.1544295679605,0.0016287266247801,1,adjoint,2,2,pmmr
0|0|0|0|0|1|0|2|0|0|0|0|0|1|0|0|0,0.228703489377405,0,0.000458017349910382,1,adjoint,2,2,pmmr
0|0|0|0|0|1|0|2|0|0|0|0|0|1|0|0|1,0.658600727371372,1.7191461392519,0.000395560128447857,1,adjoint,2,2,pmmr
0|0|0|0|0|1|0|2|0|0|0|0|0|1|0|1|0,0.316494400854215,0,0.00031882067370935,1,adjoint,2,2,pmmr
0|0|0|0|0|1|0|2|0|0|0|0|0|1|0|1|1,0.73759207028581,1.80169104455637,0.00040383487932052,1,adjoint,2,2,pmmr
0|0|0|0|0|1|0|2|0|0|0|1|0|1|0|0|0,0.414241529614894,0,0.0019108836606411,1,adjoint,2,2,pmmr
0|0|0|0|0|1|0|2|0|0|0|1|0|1|0|0|1,0.821577115077996,1.73199044001375,0.00167923595726382,1,adjoint,2,2,pmmr
0|0|0|0|0|1|0|2|0|0|0|1|0|1|0|1|0,0.487228291195524,0,0.00163470599288486,1,adjoint,2,2,pmmr
0|0|0|0|0|1|0|2|0|0|0|1|0|1|0|1|1,0.892892136070273,1.81671029377891,0.00208295605570865,1,adjoint,2,2,pmmr
0|0|0|0|0|1|0|2|0|0|1|0|1|0|0|0|0,0.145954411238927,0,0.018757598435739,0,adjoint,2,2,pmmr
0|0|0|0|0|1|0|2|0|0|1|0|1|0|0|1|0,0.145954411238927,0,0.00248283107286056,0,adjoint,2,2,pmmr
0|0|0|0|0|1|0|2|0|1|0|0|0|1|0|0|0,0.2769166698598,0,7.16402953230343e-05,1,adjoint,2,2,pmmr
0|0|0|0|0|1|0|2|0|1|0|0|0|1|0|0|1,0.709827246884512,1.62213515502169,7.59449459452304e-05,1,adjoint,2,2,pmmr
0|0|0|0|0|1|0|2|0|1|0|0|0|1|0|1|0,0.377770203238284,0,5.84526119723482e-05,1,adjoint,2,2,pmmr
0|0|0|0|0|1|0|2|0|1|0|0|0|1|0|1|1,0.803451626669847,1.71638275345627,9.27291037180837e-05,1,adjoint,2,2,pmmr
0|0|0|0|0|1|0|2|0|1|0|1|0|1|0|0|0,0.492049100130835,0,0.000391536497242719,1,adjoint,2,2,pmmr
0|0|0|0|0|1|0|2|0|1|0|1|0|1|0|0|1,0.912579845185169,1.62530822766217,0.000425590163534666,1,adjoint,2,2,pmmr
0|0|0|0|0|1|0|2|0|1|0|1|0|1|0|1|0,0.577037679578139,0,0.000390614023613703,1,adjoint,2,2,pmmr
0|0|0|0|0|1|0|2|0|1|0|1|0|1|0|1|1,0.997863905537769,1.72220654117081,0.000627410233762513,1,adjoint,2,2,pmmr
0|0|0|0|0|1|0|2|1|0|0|0|0|1|0|0|0,0.255931932404971,0,3.98591765541312e-05,1,adjoint,2,2,pmmr
0|0|0|0|0|1|0|2|1|0|0|0|0|1|0|0|1,0.688935538549532,1.7191461392519,3.44238073091837e-05,1,adjoint,2,2,pmmr
0|0|0|0|0|1|0|2|1|0|0|0|0|1|0|1|0,0.356348492873718,0,2.77455199567758e-05,1,adjoint,2,2,pmmr
0|0|0|0|0|1|0|2|1|0|0|0|0|1|0|1|1,0.781742559966313,1.80169104455637,3.51439214184843e-05,1,adjoint,2,2,pmmr
0|0|0|0|0|1|0|2|1|0|0|1|0|1|0|0|0,0.459647046984115,0,0.000166295554565348,1,adjoint,2,2,pmmr
0|0|0|0|0|1|0|2|1|0|0|1|0|1|0|0|1,0.871492003746539,1.73199044001375,0.000146136303591382,1,adjoint,2,2,pmmr
0|0|0|0|0|1|0|2|1|0|0|1|0|1|0|1|0,0.544932003356607,0,0.000142261062375133,1,adjoint,2,2,pmmr
0|0|0|0|0|1|0|2|1|0|0|1|0|1|0|1|1,0.956695628472665,1.81671029377891,0.000181270236149859,1,adjoint,2,2,pmmr
0|0|0|0|0|1|0|2|1|0|1|0|1|0|0|0|0,0.16564105332675,0,0.0181122003680411,0,adjoint,2,2,pmmr
0|0|0|0|0|1|0|2|1|0|1|0|1|0|0|1|0,0.16564105332675,0,0.00239740359224069,0,adjoint,2,2,pmmr
0|0|0|0|0|1|0|2|1|1|0|0|0|1|0|0|0,0.311949193229738,0,0.000228172812251331,1,adjoint,2,2,pmmr
0|0|0|0|0|1|0|2|1|1|0|0|0|1|0|0|1,0.752975940348259,1.62213515502169,0.000241883032648902,1,adjoint,2,2,pmmr
0|0|0|0|0|1|0|2|1|1|0|0|0|1|0|1|0,0.426863697999496,0,0.000186170322121469,1,adjoint,2,2,pmmr
0|0|0|0|0|1|0|2|1|1|0|0|0|1|0|1|1,0.861412289192761,1.71638275345627,0.000295340217087261,1,adjoint,2,2,pmmr
0|0|0|0|0|1|0|2|1|1|0|1|0|1|0|0|0,0.549229153248964,0,0.00124703539079608,1,adjoint,2,2,pmmr
0|0|0|0|0|1|0|2|1|1|0|1|0|1|0|0|1,0.979130652149391,1.62530822766217,0.00135549559144525,1,adjoint,2,2,pmmr
0|0|0|0|0|1|0|2|1|1|0|1|0|1|0|1|0,0.647967613002284,0,0.00124409733196744,1,adjoint,2,2,pmmr
0|0|0|0|0|1|0|2|1|1|0|1|0|1|0|1|1,1.07945624898939,1.72220654117081,0.0019982882095522,1,adjoint,2,2,pmmr
0|0|0|0|0|1|0|3|0|0|0|0|0|1|0|0|0,0.493428824398147,0,6.05453034286365e-05,1,adjoint,2,2,pmmr
0|0|0|0|0|1|0|3|0|0|0|0|0|1|0|0|1,0.894836352061838,3.05801849871546,5.22890846947871e-05,1,adjoint,2,2,pmmr
0|0|0|0|0|1|0|3|0|0|0|0|0|1|0|1|0,0.564756513722256,0,4.21448978577599e-05,1,adjoint,2,2,pmmr
0|0|0|0|0|1|0|3|0|0|0|0|0|1|0|1|1,0.959322628535952,3.2048494409096,5.33829238309678e-05,1,adjoint,2,2,pmmr
0|0|0|0|0|1|0|3|0|0|0|1|0|1|0|0|0,0.662477136965921,0,0.00152813894795864,1,adjoint,2,2,pmmr
0|0|0|0|0|1|0|3|0|0|0|1|0|1|0|0|1,1.04555972182375,3.08086595096864,0.00134288963894669,1,adjoint,2,2,pmmr
0|0|0|0|0|1|0|3|0|0|0|1|0|1|0|1|0,0.718908682662786,0,0.00130727890328534,1,adjoint,2,2,pmmr
0|0|0|0|0|1|0|3|0|0|0|1|0|1|0|1|1,1.10150934616023,3.23156569318781,0.00166574571815994,1,adjoint,2,2,pmmr
0|0|0|0|0|1|0|3|0|0|1|0|1|0|0|0|0,0.407557830449592,0,0.0152011614595537,0,adjoint,2,2,pmmr
0|0|0|0|0|1|0|3|0|0|1|0|1|0|0|1|0,0.407557830449592,0,0.00201208678950288,0,adjoint,2,2,pmmr
0|0|0|0|0|1|0|3|0|1|0|0|0|1|0|0|0,0.530028269445805,0,1.29777317427742e-05,1,adjoint,2,2,pmmr
0|0|0|0|0|1|0|3|0|1|0|0|0|1|0|0|1,0.935692985916061,2.88545528400023,1.3757524745711e-05,1,adjoint,2,2,pmmr
0|0|0|0|0|1|0|3|0|1|0|0|0|1|0|1|0,0.617857038374274,0,1.05887659231592e-05,1,adjoint,2,2,pmmr
0|0|0|0|0|1|0|3|0|1|0|0|0|1|0|1|1,1.01796545294774,3.05310298589826,1.67979965377704e-05,1,adjoint,2,2,pmmr
0|0|0|0|0|1|0|3|0|1|0|1|0|1|0|0|0,0.726403763068668,0,0.000429085406358523,1,adjoint,2,2,pmmr
0|0|0|0|0|1|0|3|0|1|0|1|0|1|0|0|1,1.1231472271394,2.89109954809786,0.000466404867869207,1,adjoint,2,2,pmmr
0|0|0|0|0|1|0|3|0|1|0|1|0|1|0|1|0,0.798103939213398,0,0.000428074466191389,1,adjoint,2,2,pmmr
0|0|0|0|0|1|0|3|0|1|0|1|0|1|0|1|1,1.19626313285136,3.06346234404534,0.000687579770987722,1,adjoint,2,2,pmmr
0|0|0|0|0|1|0|3|1|0|0|0|0|1|0|0|0,0.523400824211643,0,4.19557219562683e-06,1,adjoint,2,2,pmmr
0|0|0|0|0|1|0|3|1|0|0|0|0|1|0|0|1,0.928489084131326,3.05801849871546,3.623445873697e-06,1,adjoint,2,2,pmmr
0|0|0|0|0|1|0|3|1|0|0|0|0|1|0|1|0,0.60795399755799,0,2.92049013922223e-06,1,adjoint,2,2,pmmr
0|0|0|0|0|1|0|3|1|0|0|0|0|1|0|1|1,1.00734147442176,3.2048494409096,3.69924499941544e-06,1,adjoint,2,2,pmmr
0|0|0|0|0|1|0|3|1|0|0|1|0|1|0|0|0,0.707683675764088,0,0.0001058945437224,1,adjoint,2,2,pmmr
0|0|0|0|0|1|0|3|1|0|0|1|0|1|0|0|1,1.09578178699104,3.08086595096864,9.30574315743746e-05,1,adjoint,2,2,pmmr
0|0|0|0|0|1|0|3|1|0|0|1|0|1|0|1|0,0.777126631994461,0,9.05897354204905e-05,1,adjoint,2,2,pmmr
0|0|0|0|0|1|0|3|1|0|0|1|0|1|0|1|1,1.16630565656927,3.23156569318781,0.000115430198947368,1,adjoint,2,2,pmmr
0|0|0|0|0|1|0|3|1|0|1|0|1|0|0|0|0,0.430328105829013,0,0.0144288683972106,0,adjoint,2,2,pmmr
0|0|0|0|0|1|0|3|1|0|1|0|1|0|0|1|0,0.430328105829013,0,0.00190986297769089,0,adjoint,2,2,pmmr
0|0|0|0|0|1|0|3|1|1|0|0|0|1|0|0|0,0.569268095834836,0,3.2913166460118e-05,1,adjoint,2,2,pmmr
0|0|0|0|0|1|0|3|1|1|0|0|0|1|0|0|1,0.983412469024255,2.88545528400023,3.48908199837689e-05,1,adjoint,2,2,pmmr
0|0|0|0|0|1|0|3|1|1|0|0|0|1|0|1|0,0.671716563607823,0,2.68544474754002e-05,1,adjoint,2,2,pmmr
0|0|0|0|0|1|0|3|1|1|0|0|0|1|0|1|1,1.08100883245902,3.05310298589826,4.26018403833901e-05,1,adjoint,2,2,pmmr
0|0|0|0|0|1|0|3|1|1|0|1|0|1|0|0|0,0.784702407421358,0,0.00108821477319784,1,adjoint,2,2,pmmr
0|0|0|0|0|1|0|3|1|1|0|1|0|1|0|0|1,1.19115617535436,2.89109954809786,0.00118286164009636,1,adjoint,2,2,pmmr
0|0|0|0|0|1|0|3|1|1|0|1|0|1|0|1|0,0.870816192351821,0,0.00108565090127772,1,adjoint,2,2,pmmr
0|0|0|0|0|1|0|3|1|1|0|1|0|1|0|1|1,1.27994773841305,3.06346234404534,0.00174378912322093,1,adjoint,2,2,pmmr
1|0|0|1|0|1|0|0|0|0|0|0|0|1|0|0|0,0.0773991070296471,0,0.00348157433012709,1,adjoint,2,2,pmmr
1|0|0|1|0|1|0|0|0|0|0|0|0|1|0|0|1,0.437456548567969,0,0.00369902966371158,1,adjoint,2,2,pmmr
1|0|0|1|0|1|0|0|0|0|0|0|0|1|0|1|0,0.123913422107916,0,0.00239311113130031,1,adjoint,2,2,pmmr
1|0|0|1|0|1|0|0|0|0|0|0|0|1|0|1|1,0.48126988514821,0,0.00383856478161443,1,adjoint,2,2,pmmr
1|0|0|1|0|1|0|0|0|0|0|1|0|1|0|0|0,0.194150716187372,0,0.000684706357326217,1,adjoint,2,2,pmmr
1|0|0|1|0|1|0|0|0|0|0|1|0|1|0|0|1,0.550196767097646,0,0.000737954671131801,1,adjoint,2,2,pmmr
1|0|0|1|0|1|0|0|0|0|0|1|0|1|0|1|0,0.243302749693141,0,0.000574002086565029,1,adjoint,2,2,pmmr
1|0|0|1|0|1|0|0|0|0|0|1|0|1|0|1|1,0.601665055633246,0,0.000917954432952705,1,adjoint,2,2,pmmr
1|0|0|1|0|1|0|0|0|0|1|0|1|0|0|0|1,0.595201263599147,0,0.0119086953768889,0,adjoint,2,2,pmmr
1|0|0|1|0|1|0|0|0|0|1|0|1|0|0|1|1,0.595201263599147,0,0.0019055164526257,0,adjoint,2,2,pmmr
1|0|0|1|0|1|0|0|0|1|0|0|0|1|0|0|0,-0.00734049776201579,0,0.000435548231941948,1,adjoint,2,2,pmmr
1|0|0|1|0|1|0|0|0|1|0|0|0|1|0|0|1,0.364819233185193,0,0.000568978215856641,1,adjoint,2,2,pmmr
1|0|0|1|0|1|0|0|0|1|0|0|0|1|0|1|0,0.0576152626739054,0,0.000355398130512882,1,adjoint,2,2,pmmr
1|0|0|1|0|1|0|0|0|1|0|0|0|1|0|1|1,0.427645741010142,0,0.000720090899867005,1,adjoint,2,2,pmmr
1|0|0|1|0|1|0|0|0|1|0|1|0|1|0|0|0,0.156844951848007,0,0.000112321789717737,1,adjoint,2,2,pmmr
1|0|0|1|0|1|0|0|0|1|0|1|0|1|0|0|1,0.532266821206937,0,0.000149912039557223,1,adjoint,2,2,pmmr
1|0|0|1|0|1|0|0|0|1|0|1|0|1|0|1|0,0.222755800588971,0,0.000110684793440412,1,adjoint,2,2,pmmr
1|0|0|1|0|1|0|0|0|1|0|1|0|1|0|1|1,0.60209335523869,0,0.000225282267809345,1,adjoint,2,2,pmmr
1|0|0|1|0|1|0|0|1|0|0|0|0|1|0|0|0,0.099272541569986,0,0.000457885374403654,1,adjoint,2,2,pmmr
1|0|0|1|0|1|0|0|1|0|0|0|0|1|0|0|1,0.460918131521014,0,0.000486484395246839,1,adjoint,2,2,pmmr
1|0|0|1|0|1|0|0|1|0|0|0|0|1|0|1|0,0.15441238275352,0,0.000314734221487954,1,adjoint,2,2,pmmr
1|0|0|1|0|1|0|0|1|0|0|0|0|1|0|1|1,0.51400244179957,0,0.000504835601811794,1,adjoint,2,2,pmmr
1|0|0|1|0|1|0|0|1|0|0|1|0|1|0|0|0,0.235185413268017,0,9.00503614321606e-05,1,adjoint,2,2,pmmr
1|0|0|1|0|1|0|0|1|0|0|1|0|1|0|0|1,0.594368014349332,0,9.70534071210754e-05,1,adjoint,2,2,pmmr
1|0|0|1|0|1|0|0|1|0|0|1|0|1|0|1|0,0.293756170580474,0,7.54908944614469e-05,1,adjoint,2,2,pmmr
1|0|0|1|0|1|0|0|1|0|0|1|0|1|0|1|1,0.656289300228657,0,0.000120726392534811,1,adjoint,2,2,pmmr
1|0|0|1|0|1|0|0|1|0|1|0|1|0|0|0|1,0.612978238437404,0,0.0135575419796628,0,adjoint,2,2,pmmr
1|0|0|1|0|1|0|0|1|0|1|0|1|0|0|1|1,0.612978238437404,0,0.00216934924286896,0,adjoint,2,2,pmmr
1|0|0|1|0|1|0|0|1|1|0|0|0|1|0|0|0,0.0105333934962358,0,0.00209641611789465,1,adjoint,2,2,pmmr
1|0|0|1|0|1|0|0|1|1|0|0|0|1|0|0|1,0.389349179567582,0,0.00273865215141498,1,adjoint,2,2,pmmr
1|0|0|1|0|1|0|0|1|1|0|0|0|1|0|1|0,0.0859816322373516,0,0.00171063114125128,1,adjoint,2,2,pmmr
1|0|0|1|0|1|0|0|1|1|0|0|0|1|0|1|1,0.462946783091055,0,0.00346599999292768,1,adjoint,2,2,pmmr
1|0|0|1|0|1|0|0|1|1|0|1|0|1|0|0|0,0.198673428994712,0,0.00054063635915855,1,adjoint,2,2,pmmr
1|0|0|1|0|1|0|0|1|1|0|1|0|1|0|0|1,0.582132865960834,0,0.000721568802134668,1,adjoint,2,2,pmmr
1|0|0|1|0|1|0|0|1|1|0|1|0|1|0|1|0,0.275950359724759,0,0.000532757035747186,1,adjoint,2,2,pmmr
1|0|0|1|0|1|0|0|1|1|0|1|0|1|0|1|1,0.664094931936092,0,0.00108434690506175,1,adjoint,2,2,pmmr
1|0|0|1|0|1|0|1|0|0|0|0|0|1|0|0|0,0.412519916751481,0,0.00148232240893693,1,adjoint,2,2,pmmr
1|0|0|1|0|1|0|1|0|0|0|0|0|1|0|0|1,0.770562239832185,1.34068417118409,0.00157490664909686,1,adjoint,2,2,pmmr
1|0|0|1|0|1|0|1|0|0|0|0|0|1|0|1|0,0.443315086920851,0,0.00101889602824403,1,adjoint,2,2,pmmr
1|0|0|1|0|1|0|1|0|0|0|0|0|1|0|1|1,0.800692181734317,1.41989411583333,0.00163431541435321,1,adjoint,2,2,pmmr
1|0|0|1|0|1|0|1|0|0|0|1|0|1|0|0|0,0.519995771817236,0,0.00176360544130717,1,adjoint,2,2,pmmr
1|0|0|1|0|1|0|1|0|0|0|1|0|1|0|0|1,0.877830852428738,1.35187622302979,0.00190075768907463,1,adjoint,2,2,pmmr
1|0|0|1|0|1|0|1|0|0|0|1|0|1|0|1|0,0.552852517840968,0,0.00147846327459386,1,adjoint,2,2,pmmr
1|0|0|1|0|1|0|1|0|0|0|1|0|1|0|1|1,0.914735816522848,1.43085697359309,0.00236438498855083,1,adjoint,2,2,pmmr
1|0|0|1|0|1|0|1|0|0|1|0|1|0|0|0|1,0.944560233774665,1.05127109637602,0.0132221042607414,0,adjoint,2,2,pmmr
1|0|0|1|0|1|0|1|0|0|1|0|1|0|0|1|1,0.944560233774665,1.05127109637602,0.00211567568149158,0,adjoint,2,2,pmmr
1|0|0|1|0|1|0|1|0|1|0|0|0|1|0|0|0,0.310992255699965,0,0.000227441003058666,1,adjoint,2,2,pmmr
1|0|0|1|0|1|0|1|0|1|0|0|0|1|0|0|1,0.683044584968101,1.26624996395681,0.00029711744106038,1,adjoint,2,2,pmmr
1|0|0|1|0|1|0|1|0|1|0|0|0|1|0|1|0,0.365631633059402,0,0.000185587040334486,1,adjoint,2,2,pmmr
1|0|0|1|0|1|0|1|0|1|0|0|0|1|0|1|1,0.737224621939699,1.35653713282116,0.000376027692338326,1,adjoint,2,2,pmmr
1|0|0|1|0|1|0|1|0|1|0|1|0|1|0|0|0,0.466495399901187,0,0.000354835112911803,1,adjoint,2,2,pmmr
1|0|0|1|0|1|0|1|0|1|0|1|0|1|0|0|1,0.845416398497233,1.26983321343187,0.000473586252647876,1,adjoint,2,2,pmmr
1|0|0|1|0|1|0|1|0|1|0|1|0|1|0|1|0,0.52133001733155,0,0.000349663687488823,1,adjoint,2,2,pmmr
1|0|0|1|0|1|0|1|0|1|0|1|0|1|0|1|1,0.905832110968265,1.36135821946778,0.000711687902552468,1,adjoint,2,2,pmmr
1|0|0|1|0|1|0|1|1|0|0|0|0|1|0|0|0,0.442762540387332,0,0.000152598707242242,1,adjoint,2,2,pmmr
1|0|0|1|0|1|0|1|1|0|0|0|0|1|0|0|1,0.802748246175731,1.34068417118409,0.000162129855981701,1,adjoint,2,2,pmmr
1|0|0|1|0|1|0|1|1|0|0|0|0|1|0|1|0,0.483251329321836,0,0.000104890957450883,1,adjoint,2,2,pmmr
1|0|0|1|0|1|0|1|1|0|0|0|0|1|0|1|1,0.843271878083342,1.41989411583333,0.000168245732475451,1,adjoint,2,2,pmmr
1|0|0|1|0|1|0|1|1|0|0|1|0|1|0|0|0,0.567057945905592,0,0.000181555583863745,1,adjoint,2,2,pmmr
1|0|0|1|0|1|0|1|1|0|0|1|0|1|0|0|1,0.928518331709176,1.35187622302979,0.000195674817020108,1,adjoint,2,2,pmmr
1|0|0|1|0|1|0|1|1|0|0|1|0|1|0|1|0,0.610640651250856,0,0.000152201425983944,1,adjoint,2,2,pmmr
1|0|0|1|0|1|0|1|1|0|0|1|0|1|0|1|1,0.977275591410251,1.43085697359309,0.000243403250534797,1,adjoint,2,2,pmmr
1|0|0|1|0|1|0|1|1|0|1|0|1|0|0|0|1,0.972211020545389,1.05127109637602,0.0146460861644001,0,adjoint,2,2,pmmr
1|0|0|1|0|1|0|1|1|0|1|0|1|0|0|1|1,0.972211020545389,1.05127109637602,0.00234352775594541,0,adjoint,2,2,pmmr
1|0|0|1|0|1|0|1|1|1|0|0|0|1|0|0|0,0.338697617107162,0,0.000856913682278011,1,adjoint,2,2,pmmr
1|0|0|1|0|1|0|1|1|1|0|0|0|1|0|0|1,0.717954949523265,1.26624996395681,0.00111942876202669,1,adjoint,2,2,pmmr
1|0|0|1|0|1|0|1|1|1|0|0|0|1|0|1|0,0.405006589349358,0,0.000699223411686598,1,adjoint,2,2,pmmr
1|0|0|1|0|1|0|1|1|1|0|0|0|1|0|1|1,0.784109242873791,1.35653713282116,0.00141673343920764,1,adjoint,2,2,pmmr
1|0|0|1|0|1|0|1|1|1|0|1|0|1|0|0|0,0.516051215843591,0,0.0013368876285177,1,adjoint,2,2,pmmr
1|0|0|1|0|1|0|1|1|1|0|1|0|1|0|0|1,0.90371231530311,1.26983321343187,0.00178429805609,1,adjoint,2,2,pmmr
1|0|0|1|0|1|0|1|1|1|0|1|0|1|0|1|0,0.583651468831386,0,0.00131740360786075,1,adjoint,2,2,pmmr
1|0|0|1|0|1|0|1|1|1|0|1|0|1|0|1|1,0.977734771497709,1.36135821946778,0.00268137711761518,1,adjoint,2,2,pmmr
1|0|0|1|0|1|0|2|0|0|0|0|0|1|0|0|0,0.744199586745693,0,0.000253994915871286,1,adjoint,2,2,pmmr
1|0|0|1|0|1|0|2|0|0|0|0|0|1|0|0|1,1.08629931397455,1.63751534450593,0.000269859161158716,1,adjoint,2,2,pmmr
1|0|0|1|0|1|0|2|0|0|0|0|0|1|0|1|0,0.757153770793339,0,0.000174587127210084,1,adjoint,2,2,pmmr
1|0|0|1|0|1|0|2|0|0|0|0|0|1|0|1|1,1.10069146471139,1.73426258937422,0.000280038811848963,1,adjoint,2,2,pmmr
1|0|0|1|0|1|0|2|0|0|0|1|0|1|0|0|0,0.839190826314904,0,0.00182815850413023,1,adjoint,2,2,pmmr
1|0|0|1|0|1|0|2|0|0|0|1|0|1|0|0|1,1.18501086332944,1.65118534749974,0.0019703309210688,1,adjoint,2,2,pmmr
1|0|0|1|0|1|0|2|0|0|0|1|0|1|0|1|0,0.8533966220912,0,0.00153257930894659,1,adjoint,2,2,pmmr
1|0|0|1|0|1|0|2|0|0|0|1|0|1|0|1|1,1.20486422396165,1.74765265407931,0.00245092832138988,1,adjoint,2,2,pmmr
1|0|0|1|0|1|0|2|0|0|1|0|1|0|0|0|1,1.26874128420166,1.28402541668774,0.0113447292461033,0,adjoint,2,2,pmmr
1|0|0|1|0|1|0|2|0|0|1|0|1|0|0|1|1,1.26874128420166,1.28402541668774,0.00181527594290359,0,adjoint,2,2,pmmr
1|0|0|1|0|1|0|2|0|1|0|0|0|1|0|0|0,0.628535584876191,0,5.0496613326997e-05,1,adjoint,2,2,pmmr
1|0|0|1|0|1|0|2|0|1|0|0|0|1|0|0|1,0.98608607538893,1.54660119849706,6.59662256680378e-05,1,adjoint,2,2,pmmr
1|0|0|1|0|1|0|2|0|1|0|0|0|1|0|1|0,0.670042293391283,0,4.12041667432106e-05,1,adjoint,2,2,pmmr
1|0|0|1|0|1|0|2|0|1|0|0|0|1|0|1|1,1.02884951570163,1.65687819557445,8.34859358026736e-05,1,adjoint,2,2,pmmr
1|0|0|1|0|1|0|2|0|1|0|1|0|1|0|0|0,0.770274495638559,0,0.000476595729633283,1,adjoint,2,2,pmmr
1|0|0|1|0|1|0|2|0|1|0|1|0|1|0|0|1,1.13813939926266,1.55097778928908,0.000636095970809712,1,adjoint,2,2,pmmr
1|0|0|1|0|1|0|2|0|1|0|1|0|1|0|1|0,0.811054784462388,0,0.000469649744912425,1,adjoint,2,2,pmmr
1|0|0|1|0|1|0|2|0|1|0|1|0|1|0|1|1,1.18597164984679,1.66276668410197,0.000955901495781457,1,adjoint,2,2,pmmr
1|0|0|1|0|1|0|2|1|0|0|0|0|1|0|0|0,0.781679644555024,0,2.07223272479901e-05,1,adjoint,2,2,pmmr
1|0|0|1|0|1|0|2|1|0|0|0|0|1|0|0|1,1.12600425206094,1.63751534450593,2.20166211958071e-05,1,adjoint,2,2,pmmr
1|0|0|1|0|1|0|2|1|0|0|0|0|1|0|1|0,0.805048770530923,0,1.4243795278041e-05,1,adjoint,2,2,pmmr
1|0|0|1|0|1|0|2|1|0|0|0|0|1|0|1|1,1.15153834304786,1.73426258937422,2.28471340907205e-05,1,adjoint,2,2,pmmr
1|0|0|1|0|1|0|2|1|0|0|1|0|1|0|0|0,0.890361373444101,0,0.000149151405861133,1,adjoint,2,2,pmmr
1|0|0|1|0|1|0|2|1|0|0|1|0|1|0|0|1,1.24016606934849,1.65118534749974,0.00016075062759883,1,adjoint,2,2,pmmr
1|0|0|1|0|1|0|2|1|0|0|1|0|1|0|1|0,0.916228846063986,0,0.000125036400293869,1,adjoint,2,2,pmmr
1|0|0|1|0|1|0|2|1|0|0|1|0|1|0|1|1,1.27285588032615,1.74765265407931,0.000199960454180689,1,adjoint,2,2,pmmr
1|0|0|1|0|1|0|2|1|0|1|0|1|0|0|0|1,1.30559977002565,1.28402541668774,0.0121869311051466,0,adjoint,2,2,pmmr
1|0|0|1|0|1|0|2|1|0|1|0|1|0|0|1|1,1.30559977002565,1.28402541668774,0.00195003709415056,0,adjoint,2,2,pmmr
1|0|0|1|0|1|0|2|1|1|0|0|0|1|0|0|0,0.665056096875055,0,0.000150777275408335,1,adjoint,2,2,pmmr
1|0|0|1|0|1|0|2|1|1|0|0|0|1|0|0|1,1.03009421208499,1.54660119849706,0.000196967818629543,1,adjoint,2,2,pmmr
1|0|0|1|0|1|0|2|1|1|0|0|0|1|0|1|0,0.718988389195755,0,0.000123031062633473,1,adjoint,2,2,pmmr
1|0|0|1|0|1|0|2|1|1|0|0|0|1|0|1|1,1.0856005339685,1.65687819557445,0.000249279726022982,1,adjoint,2,2,pmmr
1|0|0|1|0|1|0|2|1|1|0|1|0|1|0|0|0,0.825584933654997,0,0.00142306188179427,1,adjoint,2,2,pmmr
1|0|0|1|0|1|0|2|1|1|0|1|0|1|0|0|1,1.20257606261869,1.55097778928908,0.00189931187574578,1,adjoint,2,2,pmmr
1|0|0|1|0|1|0|2|1|1|0|1|0|1|0|1|0,0.880079424241379,0,0.00140232194336598,1,adjoint,2,2,pmmr
1|0|0|1|0|1|0|2|1|1|0|1|0|1|0|1|1,1.265001817061,1.66276668410197,0.00285421563143968,1,adjoint,2,2,pmmr
1|0|0|1|0|1|0|3|0|0|0|0|0|1|0|0|0,1.03473318602542,0,3.14440869817413e-05,1,adjoint,2,2,pmmr
1|0|0|1|0|1|0|3|0|0|0|0|0|1|0|0|1,1.34877271353868,2.9128135770986,3.34080503430016e-05,1,adjoint,2,2,pmmr
1|0|0|1|0|1|0|3|0|0|0|0|0|1|0|1|0,1.02973334956708,0,2.16135539369149e-05,1,adjoint,2,2,pmmr
1|0|0|1|0|1|0|3|0|0|0|0|0|1|0|1|1,1.34714357936458,3.08490765203031,3.46682717165274e-05,1,adjoint,2,2,pmmr
1|0|0|1|0|1|0|3|0|0|0|1|0|1|0|0|0,1.11544873019902,0,0.00136917159247401,1,adjoint,2,2,pmmr
1|0|0|1|0|1|0|3|0|0|0|1|0|1|0|0|1,1.43681365744324,2.93712978912857,0.00147564946847103,1,adjoint,2,2,pmmr
1|0|0|1|0|1|0|3|0|0|0|1|0|1|0|1|0,1.11074873737265,0,0.0011478020359189,1,adjoint,2,2,pmmr
1|0|0|1|0|1|0|3|0|0|0|1|0|1|0|1|1,1.43904654837679,3.10872590961309,0.00183558560445151,1,adjoint,2,2,pmmr
1|0|0|1|0|1|0|3|0|0|1|0|1|0|0|0|1,1.53093135990637,2.28402541668774,0.00914445348574507,0,adjoint,2,2,pmmr
1|0|0|1|0|1|0|3|0|0|1|0|1|0|0|1|1,1.53093135990637,2.28402541668774,0.00146320869044765,0,adjoint,2,2,pmmr
1|0|0|1|0|1|0|3|0|1|0|0|0|1|0|0|0,0.909181660792078,0,8.67417768775642e-06,1,adjoint,2,2,pmmr
1|0|0|1|0|1|0|3|0|1|0|0|0|1|0|0|1,1.23948112462496,2.75109542298575,1.13315077019092e-05,1,adjoint,2,2,pmmr
1|0|0|1|0|1|0|3|0|1|0|0|0|1|0|1|0,0.936212004513028,0,7.07794523747733e-06,1,adjoint,2,2,pmmr
1|0|0|1|0|1|0|3|0|1|0|0|0|1|0|1|1,1.26933692820219,2.94725623174177,1.43409982149011e-05,1,adjoint,2,2,pmmr
1|0|0|1|0|1|0|3|0|1|0|1|0|1|0|0|0,1.0336384525436,0,0.000495274851319532,1,adjoint,2,2,pmmr
1|0|0|1|0|1|0|3|0|1|0|1|0|1|0|0|1,1.37714595487411,2.75888050611378,0.000661026353740398,1,adjoint,2,2,pmmr
1|0|0|1|0|1|0|3|0|1|0|1|0|1|0|1|0,1.05896317865544,0,0.000488056634000342,1,adjoint,2,2,pmmr
1|0|0|1|0|1|0|3|0|1|0|1|0|1|0|1|1,1.4106325580567,2.95773067974563,0.000993365953076338,1,adjoint,2,2,pmmr
1|0|0|1|0|1|0|3|1|0|0|0|0|1|0|0|0,1.07743250888494,0,2.07139846973198e-06,1,adjoint,2,2,pmmr
1|0|0|1|0|1|0|3|1|0|0|0|0|1|0|0|1,1.39387712458111,2.9128135770986,2.20077575785253e-06,1,adjoint,2,2,pmmr
1|0|0|1|0|1|0|3|1|0|0|0|0|1|0|1|0,1.0831453776852,0,1.42380609035944e-06,1,adjoint,2,2,pmmr
1|0|0|1|0|1|0|3|1|0|0|0|0|1|0|1|1,1.40368344531115,3.08490765203031,2.28379361192986e-06,1,adjoint,2,2,pmmr
1|0|0|1|0|1|0|3|1|0|0|1|0|1|0|0|0,1.16828540888474,0,9.01950164143109e-05,1,adjoint,2,2,pmmr
1|0|0|1|0|1|0|3|1|0|0|1|0|1|0|0|1,1.49382734924771,2.93712978912857,9.72093116466258e-05,1,adjoint,2,2,pmmr
1|0|0|1|0|1|0|3|1|0|0|1|0|1|0|1|0,1.17570960271974,0,7.56121614260338e-05,1,adjoint,2,2,pmmr
1|0|0|1|0|1|0|3|1|0|0|1|0|1|0|1|1,1.50935825689722,3.10872590961309,0.000120920324839795,1,adjoint,2,2,pmmr
1|0|0|1|0|1|0|3|1|0|1|0|1|0|0|0|1,1.57519911252623,2.28402541668774,0.00965222548188887,0,adjoint,2,2,pmmr
1|0|0|1|0|1|0|3|1|0|1|0|1|0|0|1|1,1.57519911252623,2.28402541668774,0.00154445754787601,0,adjoint,2,2,pmmr
1|0|0|1|0|1|0|3|1|1|0|0|0|1|0|0|0,0.952442824985033,0,2.09128446456882e-05,1,adjoint,2,2,pmmr
1|0|0|1|0|1|0|3|1|1|0|0|0|1|0|0|1,1.2902180604746,2.75109542298575,2.73194841864878e-05,1,adjoint,2,2,pmmr
1|0|0|1|0|1|0|3|1|1|0|0|0|1|0|1|0,0.992151688439751,0,1.7064438208475e-05,1,adjoint,2,2,pmmr
1|0|0|1|0|1|0|3|1|1|0|0|0|1|0|1|1,1.33306714037759,2.94725623174177,3.4575158421719e-05,1,adjoint,2,2,pmmr
1|0|0|1|0|1|0|3|1|1|0|1|0|1|0|0|0,1.09202716185665,0,0.00119407353589049,1,adjoint,2,2,pmmr
1|0|0|1|0|1|0|3|1|1|0|1|0|1|0|0|1,1.44468967319908,2.75888050611378,0.00159368898587253,1,adjoint,2,2,pmmr
1|0|0|1|0|1|0|3|1|1|0|1|0|1|0|1|0,1.13145947320296,0,0.00117667091135951,1,adjoint,2,2,pmmr
1|0|0|1|0|1|0|3|1|1|0|1|0|1|0|1|1,1.49316333140959,2.95773067974562,0.00239493685751031,1,adjoint,2,2,pmmr
