cell,current_R,true,estimate,probability,kind,horizon,fold,candidate,unique_solution,applied_estimate
0|0|0|0|0|1|0|0|0,1,1.77880078307141,1.94426954503065,0.0593704603742612,beta,1,2,ensemble,TRUE,1.94426954503065
1|0|0|1|0|1|0|0|0,1,1.60653065971263,1.70132209433575,0.0534432186448384,beta,1,2,ensemble,TRUE,1.70132209433575
0|0|0|0|0|1|0|1|0,1,2.22140275816017,2.68805131291987,0.0413271029550734,beta,1,2,ensemble,TRUE,2.68805131291987
1|0|0|1|0|1|0|1|0,1,1.95122942450071,2.14428222263992,0.0448024451455078,beta,1,2,ensemble,TRUE,2.14428222263992
0|0|0|0|0|1|0|0|1,1,2.49182469764127,2.53547938830712,0.0512744483069173,beta,1,2,ensemble,TRUE,2.53547938830712
1|0|0|1|0|1|0|0|1,1,2.16183424272828,2.00185533415654,0.057599396321198,beta,1,2,ensemble,TRUE,2.00185533415654
0|0|0|0|0|1|0|1|1,1,3.33964685192599,3.45234638307526,0.0523470621912787,beta,1,2,ensemble,TRUE,3.45234638307526
1|0|0|1|0|1|0|1|1,1,2.82211880039051,2.44548369495433,0.0716488739170812,beta,1,2,ensemble,TRUE,2.44548369495433
0|0|0|0|0|1|0|0|0,1,1.77880078307141,1.7723049584977,0.0593704603742612,beta,1,2,sieve_md,TRUE,1.7723049584977
1|0|0|1|0|1|0|0|0,1,1.60653065971263,1.61109945101596,0.0534432186448384,beta,1,2,sieve_md,TRUE,1.61109945101596
0|0|0|0|0|1|0|1|0,1,2.22140275816017,2.85798838510766,0.0413271029550734,beta,1,2,sieve_md,TRUE,2.85798838510766
1|0|0|1|0|1|0|1|0,1,1.95122942450071,2.31996973860068,0.0448024451455078,beta,1,2,sieve_md,TRUE,2.31996973860068
0|0|0|0|0|1|0|0|1,1,2.49182469764127,2.67454143335837,0.0512744483069173,beta,1,2,sieve_md,TRUE,2.67454143335837
1|0|0|1|0|1|0|0|1,1,2.16183424272828,2.10419091341602,0.057599396321198,beta,1,2,sieve_md,TRUE,2.10419091341602
0|0|0|0|0|1|0|1|1,1,3.33964685192599,3.36309036099727,0.0523470621912787,beta,1,2,sieve_md,TRUE,3.36309036099727
1|0|0|1|0|1|0|1|1,1,2.82211880039051,2.33483739776373,0.0716488739170812,beta,1,2,sieve_md,TRUE,2.33483739776373
0|0|0|0|0|1|0|0|0,1,1.77880078307141,2.00402153612263,0.0593704603742612,beta,1,2,landweber,TRUE,2.00402153612263
1|0|0|1|0|1|0|0|0,1,1.60653065971263,1.63282027805139,0.0534432186448384,beta,1,2,landweber,TRUE,1.63282027805139
0|0|0|0|0|1|0|1|0,1,2.22140275816017,2.68701686076409,0.0413271029550734,beta,1,2,landweber,TRUE,2.68701686076409
1|0|0|1|0|1|0|1|0,1,1.95122942450071,2.06330237001582,0.0448024451455078,beta,1,2,landweber,TRUE,2.06330237001582
0|0|0|0|0|1|0|0|1,1,2.49182469764127,2.44354467223819,0.0512744483069173,beta,1,2,landweber,TRUE,2.44354467223819
1|0|0|1|0|1|0|0|1,1,2.16183424272828,1.90984536486456,0.057599396321198,beta,1,2,landweber,TRUE,1.90984536486456
0|0|0|0|0|1|0|1|1,1,3.33964685192599,3.42552984544205,0.0523470621912787,beta,1,2,landweber,TRUE,3.42552984544205
1|0|0|1|0|1|0|1|1,1,2.82211880039051,2.52877644153153,0.0716488739170812,beta,1,2,landweber,TRUE,2.52877644153153
0|0|0|0|0|1|0|0|0,1,1.77880078307141,1.9839200363002,0.0593704603742612,beta,1,2,pmmr,TRUE,1.9839200363002
1|0|0|1|0|1|0|0|0,1,1.60653065971263,1.73848594194588,0.0534432186448384,beta,1,2,pmmr,TRUE,1.73848594194588
0|0|0|0|0|1|0|1|0,1,2.22140275816017,2.63936271785863,0.0413271029550734,beta,1,2,pmmr,TRUE,2.63936271785863
1|0|0|1|0|1|0|1|0,1,1.95122942450071,2.10703960599938,0.0448024451455078,beta,1,2,pmmr,TRUE,2.10703960599938
0|0|0|0|0|1|0|0|1,1,2.49182469764127,2.51056183400478,0.0512744483069173,beta,1,2,pmmr,TRUE,2.51056183400478
1|0|0|1|0|1|0|0|1,1,2.16183424272828,1.98750922522863,0.057599396321198,beta,1,2,pmmr,TRUE,1.98750922522863
0|0|0|0|0|1|0|1|1,1,3.33964685192599,3.48240207416782,0.0523470621912787,beta,1,2,pmmr,TRUE,3.48240207416782
1|0|0|1|0|1|0|1|1,1,2.82211880039051,2.46364753384797,0.0716488739170812,beta,1,2,pmmr,TRUE,2.46364753384797
0|0|0|0|0|1|0|0|0,1,-0.74434947143154,-0.475829984928599,0.0712514690855105,adjoint,1,2,ensemble,FALSE,
1|0|0|1|0|1|0|0|0,1,-0.628093108597141,-0.25295922075905,0.078387549004066,adjoint,1,2,ensemble,FALSE,
0|0|0|0|0|1|0|1|0,1,0.793354796477599,0.217210219095513,0.0827823966282418,adjoint,1,2,ensemble,FALSE,
1|0|0|1|0|1|0|1|0,1,1.18572764084861,0.459031344752014,0.0745645431271592,adjoint,1,2,ensemble,FALSE,
0|0|0|0|0|1|0|2|0,1,1.88136902142138,1.28928749069885,0.0644709953186023,adjoint,1,2,ensemble,FALSE,
1|0|0|1|0|1|0|2|0,1,1.86123032878786,1.53001089184399,0.0580709245767931,adjoint,1,2,ensemble,FALSE,
0|0|0|0|0|1|0|3|0,1,1.79477239908956,2.67595321251165,0.0502100616395203,adjoint,1,2,ensemble,FALSE,
1|0|0|1|0|1|0|3|0,1,1.6432692710379,2.89945906520384,0.0452256815340869,adjoint,1,2,ensemble,FALSE,
0|0|0|0|0|1|0|0|1,1,-0.894709038599695,-0.582274540486666,0.0613267077739023,adjoint,1,2,ensemble,FALSE,
1|0|0|1|0|1|0|0|1,1,-0.736930796240368,-0.313111125043091,0.0745645431271591,adjoint,1,2,ensemble,FALSE,
0|0|0|0|0|1|0|1|1,1,0.899069475234414,0.0749453240728395,0.0712514690855104,adjoint,1,2,ensemble,FALSE,
1|0|0|1|0|1|0|1|1,1,1.30573619283756,0.376767759072293,0.0709279874470063,adjoint,1,2,ensemble,FALSE,
0|0|0|0|0|1|0|2|1,1,1.92231793979997,1.11428813192055,0.0554906999187836,adjoint,1,2,ensemble,FALSE,
1|0|0|1|0|1|0|2|1,1,1.90478656689232,1.42783465900864,0.0552387721654073,adjoint,1,2,ensemble,FALSE,
0|0|0|0|0|1|0|3|1,1,1.76911298801725,2.48320905100608,0.0432162005499289,adjoint,1,2,ensemble,FALSE,
1|0|0|1|0|1|0|3|1,1,1.64749381544094,2.78763992299386,0.043019999018322,adjoint,1,2,ensemble,FALSE,
0|0|0|0|0|1|0|0|0,1,-0.74434947143154,-0.461770762106051,0.0712514690855105,adjoint,1,2,sieve_md,FALSE,
1|0|0|1|0|1|0|0|0,1,-0.628093108597141,-0.789472734062422,0.078387549004066,adjoint,1,2,sieve_md,FALSE,
0|0|0|0|0|1|0|1|0,1,0.793354796477599,0.305532031954014,0.0827823966282418,adjoint,1,2,sieve_md,FALSE,
1|0|0|1|0|1|0|1|0,1,1.18572764084861,1.23972782909514,0.0745645431271592,adjoint,1,2,sieve_md,FALSE,
0|0|0|0|0|1|0|2|0,1,1.88136902142138,1.66669982658391,0.0644709953186023,adjoint,1,2,sieve_md,FALSE,
1|0|0|1|0|1|0|2|0,1,1.86123032878786,1.80696750299588,0.0580709245767931,adjoint,1,2,sieve_md,FALSE,
0|0|0|0|0|1|0|3|0,1,1.79477239908956,2.00509112803735,0.0502100616395203,adjoint,1,2,sieve_md,FALSE,
1|0|0|1|0|1|0|3|0,1,1.6432692710379,1.69435512540637,0.0452256815340869,adjoint,1,2,sieve_md,FALSE,
0|0|0|0|0|1|0|0|1,1,-0.894709038599695,-0.280790577759344,0.0613267077739023,adjoint,1,2,sieve_md,FALSE,
1|0|0|1|0|1|0|0|1,1,-0.736930796240368,-0.466263940617855,0.0745645431271591,adjoint,1,2,sieve_md,FALSE,
0|0|0|0|0|1|0|1|1,1,0.899069475234414,-0.41708269298142,0.0712514690855104,adjoint,1,2,sieve_md,FALSE,
1|0|0|1|0|1|0|1|1,1,1.30573619283756,1.05082982658375,0.0709279874470063,adjoint,1,2,sieve_md,FALSE,
0|0|0|0|0|1|0|2|1,1,1.92231793979997,1.89498247730701,0.0554906999187836,adjoint,1,2,sieve_md,FALSE,
1|0|0|1|0|1|0|2|1,1,1.90478656689232,1.70328399510887,0.0552387721654073,adjoint,1,2,sieve_md,FALSE,
0|0|0|0|0|1|0|3|1,1,1.76911298801725,2.06059316846011,0.0432162005499289,adjoint,1,2,sieve_md,FALSE,
1|0|0|1|0|1|0|3|1,1,1.64749381544094,1.59276582468555,0.043019999018322,adjoint,1,2,sieve_md,FALSE,
0|0|0|0|0|1|0|0|0,1,-0.74434947143154,-0.278335091988835,0.0712514690855105,adjoint,1,2,landweber,FALSE,
1|0|0|1|0|1|0|0|0,1,-0.628093108597141,-0.00313002473378948,0.078387549004066,adjoint,1,2,landweber,FALSE,
0|0|0|0|0|1|0|1|0,1,0.793354796477599,-0.135400364488723,0.0827823966282418,adjoint,1,2,landweber,FALSE,
1|0|0|1|0|1|0|1|0,1,1.18572764084861,0.139804702766322,0.0745645431271592,adjoint,1,2,landweber,FALSE,
0|0|0|0|0|1|0|2|0,1,1.88136902142138,0.958847701863306,0.0644709953186023,adjoint,1,2,landweber,FALSE,
1|0|0|1|0|1|0|2|0,1,1.86123032878786,1.23405276911835,0.0580709245767931,adjoint,1,2,landweber,FALSE,
0|0|0|0|0|1|0|3|0,1,1.79477239908956,3.37046994774376,0.0502100616395203,adjoint,1,2,landweber,FALSE,
1|0|0|1|0|1|0|3|0,1,1.6432692710379,3.6456750149988,0.0452256815340869,adjoint,1,2,landweber,FALSE,
0|0|0|0|0|1|0|0|1,1,-0.894709038599695,-0.409364565591835,0.0613267077739023,adjoint,1,2,landweber,FALSE,
1|0|0|1|0|1|0|0|1,1,-0.736930796240368,-0.134159498336789,0.0745645431271591,adjoint,1,2,landweber,FALSE,
0|0|0|0|0|1|0|1|1,1,0.899069475234414,-0.266429838091723,0.0712514690855104,adjoint,1,2,landweber,FALSE,
1|0|0|1|0|1|0|1|1,1,1.30573619283756,0.00877522916332227,0.0709279874470063,adjoint,1,2,landweber,FALSE,
0|0|0|0|0|1|0|2|1,1,1.92231793979997,0.827818228260306,0.0554906999187836,adjoint,1,2,landweber,FALSE,
1|0|0|1|0|1|0|2|1,1,1.90478656689232,1.10302329551535,0.0552387721654073,adjoint,1,2,landweber,FALSE,
0|0|0|0|0|1|0|3|1,1,1.76911298801725,3.23944047414076,0.0432162005499289,adjoint,1,2,landweber,FALSE,
1|0|0|1|0|1|0|3|1,1,1.64749381544094,3.5146455413958,0.043019999018322,adjoint,1,2,landweber,FALSE,
0|0|0|0|0|1|0|0|0,1,-0.74434947143154,-0.593103362547885,0.0712514690855105,adjoint,1,2,pmmr,FALSE,
1|0|0|1|0|1|0|0|0,1,-0.628093108597141,-0.401308948742796,0.078387549004066,adjoint,1,2,pmmr,FALSE,
0|0|0|0|0|1|0|1|0,1,0.793354796477599,0.426592008698769,0.0827823966282418,adjoint,1,2,pmmr,FALSE,
1|0|0|1|0|1|0|1|0,1,1.18572764084861,0.648589595977999,0.0745645431271592,adjoint,1,2,pmmr,FALSE,
0|0|0|0|0|1|0|2|0,1,1.88136902142138,1.48550416020213,0.0644709953186023,adjoint,1,2,pmmr,FALSE,
1|0|0|1|0|1|0|2|0,1,1.86123032878786,1.7057521890961,0.0580709245767931,adjoint,1,2,pmmr,FALSE,
0|0|0|0|0|1|0|3|0,1,1.79477239908956,2.2635459743223,0.0502100616395203,adjoint,1,2,pmmr,FALSE,
1|0|0|1|0|1|0|3|0,1,1.6432692710379,2.45635259514169,0.0452256815340869,adjoint,1,2,pmmr,FALSE,
0|0|0|0|0|1|0|0|1,1,-0.894709038599695,-0.68494928046674,0.0613267077739023,adjoint,1,2,pmmr,FALSE,
1|0|0|1|0|1|0|0|1,1,-0.736930796240368,-0.419373425712883,0.0745645431271591,adjoint,1,2,pmmr,FALSE,
0|0|0|0|0|1|0|1|1,1,0.899069475234414,0.27765546865658,0.0712514690855104,adjoint,1,2,pmmr,FALSE,
1|0|0|1|0|1|0|1|1,1,1.30573619283756,0.595283419293713,0.0709279874470063,adjoint,1,2,pmmr,FALSE,
0|0|0|0|0|1|0|2|1,1,1.92231793979997,1.28439528096341,0.0554906999187836,adjoint,1,2,pmmr,FALSE,
1|0|0|1|0|1|0|2|1,1,1.90478656689232,1.62070914360405,0.0552387721654073,adjoint,1,2,pmmr,FALSE,
0|0|0|0|0|1|0|3|1,1,1.76911298801725,2.03415534671665,0.0432162005499289,adjoint,1,2,pmmr,FALSE,
1|0|0|1|0|1|0|3|1,1,1.64749381544094,2.35594063624725,0.043019999018322,adjoint,1,2,pmmr,FALSE,
0|0|0|0|0|1|0|0|0|0|1|0|1|0|0|0|0,0,1.83053730451109,1.79769349202201,0.016408626962947,beta,2,2,ensemble,FALSE,1.79769349202201
0|0|0|0|0|1|0|0|0|0|0|0|0|1|0|0|0,1,1.77880078307141,1.84607287402231,0.00350261383896762,beta,2,2,ensemble,TRUE,1.84607287402231
1|0|0|1|0|1|0|0|0|0|0|0|0|1|0|0|0,1,1.70468808971871,1.95906253281636,0.00348157433012709,beta,2,2,ensemble,TRUE,1.95906253281636
0|0|0|0|0|1|0|0|0|1|0|0|0|1|0|0|0,1,1.77880078307141,1.81979637586248,0.000349141419095855,beta,2,2,ensemble,TRUE,1.81979637586248
1|0|0|1|0|1|0|0|0|1|0|0|0|1|0|0|0,1,1.70468808971871,1.91176656310054,0.000435548231941948,beta,2,2,ensemble,TRUE,1.91176656310054
0|0|0|0|0|1|0|0|0|0|0|1|0|1|0|0|0,1,1.67032004603564,1.88066910138243,0.000399286329847866,beta,2,2,ensemble,TRUE,1.88066910138243
1|0|0|1|0|1|0|0|0|0|0|1|0|1|0|0|0,1,1.60653065971263,1.98981398323625,0.000684706357326217,beta,2,2,ensemble,TRUE,1.98981398323625
0|0|0|0|0|1|0|0|0|1|0|1|0|1|0|0|0,1,1.67032004603564,1.84992815208884,5.21382105666385e-05,beta,2,2,ensemble,TRUE,1.84992815208884
1|0|0|1|0|1|0|0|0|1|0|1|0|1|0|0|0,1,1.60653065971263,1.93783241069889,0.000112321789717737,beta,2,2,ensemble,TRUE,1.93783241069889
0|0|0|0|0|1|0|1|0|0|1|0|1|0|0|0|0,0,1.83053730451109,1.80724019736792,0.0216080489337248,beta,2,2,ensemble,FALSE,1.80724019736792
0|0|0|0|0|1|0|1|0|0|0|0|0|1|0|0|0,1,1.77880078307141,1.86126747765631,0.00223802678194148,beta,2,2,ensemble,TRUE,1.86126747765631
1|0|0|1|0|1|0|1|0|0|0|0|0|1|0|0|0,1,1.70468808971871,1.97968254920676,0.00148232240893693,beta,2,2,ensemble,TRUE,1.97968254920676
0|0|0|0|0|1|0|1|0|1|0|0|0|1|0|0|0,1,1.77880078307141,1.8321842908426,0.000277292389583944,beta,2,2,ensemble,TRUE,1.8321842908426
1|0|0|1|0|1|0|1|0|1|0|0|0|1|0|0|0,1,1.70468808971871,1.92801172646727,0.000227441003058666,beta,2,2,ensemble,TRUE,1.92801172646727
0|0|0|0|0|1|0|1|0|0|0|1|0|1|0|0|0,1,1.67032004603564,1.89662044988549,0.0015434321030384,beta,2,2,ensemble,TRUE,1.89662044988549
1|0|0|1|0|1|0|1|0|0|0|1|0|1|0|0|0,1,1.60653065971263,2.0107950963791,0.00176360544130717,beta,2,2,ensemble,TRUE,2.0107950963791
0|0|0|0|0|1|0|1|0|1|0|1|0|1|0|0|0,1,1.67032004603564,1.86286588510191,0.000250508673141046,beta,2,2,ensemble,TRUE,1.86286588510191
1|0|0|1|0|1|0|1|0|1|0|1|0|1|0|0|0,1,1.60653065971263,1.95419382059198,0.000354835112911803,beta,2,2,ensemble,TRUE,1.95419382059198
0|0|0|0|0|1|0|2|0|0|1|0|1|0|0|0|0,0,1.83053730451109,1.82181846057301,0.018757598435739,beta,2,2,ensemble,FALSE,1.82181846057301
0|0|0|0|0|1|0|2|0|0|0|0|0|1|0|0|0,1,1.77880078307141,1.87640633026848,0.000458017349910382,beta,2,2,ensemble,TRUE,1.87640633026848
1|0|0|1|0|1|0|2|0|0|0|0|0|1|0|0|0,1,1.70468808971871,1.99682230830671,0.000253994915871286,beta,2,2,ensemble,TRUE,1.99682230830671
0|0|0|0|0|1|0|2|0|1|0|0|0|1|0|0|0,1,1.77880078307141,1.84522514548241,7.16402953230343e-05,beta,2,2,ensemble,TRUE,1.84522514548241
1|0|0|1|0|1|0|2|0|1|0|0|0|1|0|0|0,1,1.70468808971871,1.94237293977734,5.0496613326997e-05,beta,2,2,ensemble,TRUE,1.94237293977734
0|0|0|0|0|1|0|2|0|0|0|1|0|1|0|0|0,1,1.67032004603564,1.9114484254648,0.0019108836606411,beta,2,2,ensemble,TRUE,1.9114484254648
1|0|0|1|0|1|0|2|0|0|0|1|0|1|0|0|0,1,1.60653065971263,2.02734801029786,0.00182815850413023,beta,2,2,ensemble,TRUE,2.02734801029786
0|0|0|0|0|1|0|2|0|1|0|1|0|1|0|0|0,1,1.67032004603564,1.87558289266472,0.000391536497242719,beta,2,2,ensemble,TRUE,1.87558289266472
1|0|0|1|0|1|0|2|0|1|0|1|0|1|0|0|0,1,1.60653065971263,1.9679487657823,0.000476595729633283,beta,2,2,ensemble,TRUE,1.9679487657823
0|0|0|0|0|1|0|3|0|0|1|0|1|0|0|0|0,0,1.83053730451109,1.84019692016871,0.0152011614595537,beta,2,2,ensemble,FALSE,1.84019692016871
0|0|0|0|0|1|0|3|0|0|0|0|0|1|0|0|0,1,1.77880078307141,1.88980916049431,6.05453034286365e-05,beta,2,2,ensemble,TRUE,1.88980916049431
1|0|0|1|0|1|0|3|0|0|0|0|0|1|0|0|0,1,1.70468808971871,2.00838813367229,3.14440869817413e-05,beta,2,2,ensemble,TRUE,2.00838813367229
0|0|0|0|0|1|0|3|0|1|0|0|0|1|0|0|0,1,1.77880078307141,1.85752385161358,1.29777317427742e-05,beta,2,2,ensemble,TRUE,1.85752385161358
1|0|0|1|0|1|0|3|0|1|0|0|0|1|0|0|0,1,1.70468808971871,1.95319211210949,8.67417768775642e-06,beta,2,2,ensemble,TRUE,1.95319211210949
0|0|0|0|0|1|0|3|0|0|0|1|0|1|0|0|0,1,1.67032004603564,1.92346267218333,0.00152813894795864,beta,2,2,ensemble,TRUE,1.92346267218333
1|0|0|1|0|1|0|3|0|0|0|1|0|1|0|0|0,1,1.60653065971263,2.03742424710314,0.00136917159247401,beta,2,2,ensemble,TRUE,2.03742424710314
0|0|0|0|0|1|0|3|0|1|0|1|0|1|0|0|0,1,1.67032004603564,1.8866876154992,0.000429085406358523,beta,2,2,ensemble,TRUE,1.8866876154992
1|0|0|1|0|1|0|3|0|1|0|1|0|1|0|0|0,1,1.60653065971263,1.97749495610243,0.000495274851319532,beta,2,2,ensemble,TRUE,1.97749495610243
0|0|0|0|0|1|0|0|1|0|1|0|1|0|0|0|0,0,1.83053730451109,1.80597747958482,0.016620155226473,beta,2,2,ensemble,FALSE,1.80597747958482
0|0|0|0|0|1|0|0|1|0|0|0|0|1|0|0|0,1,1.77880078307141,1.83417463563954,0.000498331132065192,beta,2,2,ensemble,TRUE,1.83417463563954
1|0|0|1|0|1|0|0|1|0|0|0|0|1|0|0|0,1,1.70468808971871,1.94787986013243,0.000457885374403654,beta,2,2,ensemble,TRUE,1.94787986013243
0|0|0|0|0|1|0|0|1|1|0|0|0|1|0|0|0,1,1.77880078307141,1.80613763397916,0.00181797232606506,beta,2,2,ensemble,TRUE,1.80613763397916
1|0|0|1|0|1|0|0|1|1|0|0|0|1|0|0|0,1,1.70468808971871,1.89773043450685,0.00209641611789465,beta,2,2,ensemble,TRUE,1.89773043450685
0|0|0|0|0|1|0|0|1|0|0|1|0|1|0|0|0,1,1.67032004603564,1.86663488334154,5.68080918762915e-05,beta,2,2,ensemble,TRUE,1.86663488334154
1|0|0|1|0|1|0|0|1|0|0|1|0|1|0|0|0,1,1.60653065971263,1.97516146437513,9.00503614321606e-05,beta,2,2,ensemble,TRUE,1.97516146437513
0|0|0|0|0|1|0|0|1|1|0|1|0|1|0|0|0,1,1.67032004603564,1.83406989435177,0.000271482610645742,beta,2,2,ensemble,TRUE,1.83406989435177
1|0|0|1|0|1|0|0|1|1|0|1|0|1|0|0|0,1,1.60653065971263,1.92039025009106,0.00054063635915855,beta,2,2,ensemble,TRUE,1.92039025009106
0|0|0|0|0|1|0|1|1|0|1|0|1|0|0|0|0,0,1.83053730451109,1.8150487821997,0.0215090340674342,beta,2,2,ensemble,FALSE,1.8150487821997
0|0|0|0|0|1|0|1|1|0|0|0|0|1|0|0|0,1,1.77880078307141,1.847828314634,0.000248113975040352,beta,2,2,ensemble,TRUE,1.847828314634
1|0|0|1|0|1|0|1|1|0|0|0|0|1|0|0|0,1,1.70468808971871,1.96689015621317,0.000152598707242242,beta,2,2,ensemble,TRUE,1.96689015621317
0|0|0|0|0|1|0|1|1|1|0|0|0|1|0|0|0,1,1.77880078307141,1.81710898588105,0.00112508162684404,beta,2,2,ensemble,TRUE,1.81710898588105
1|0|0|1|0|1|0|1|1|1|0|0|0|1|0|0|0,1,1.70468808971871,1.91245684628443,0.000856913682278011,beta,2,2,ensemble,TRUE,1.91245684628443
0|0|0|0|0|1|0|1|1|0|0|1|0|1|0|0|0,1,1.67032004603564,1.88086828214469,0.000171109245599619,beta,2,2,ensemble,TRUE,1.88086828214469
1|0|0|1|0|1|0|1|1|0|0|1|0|1|0|0|0,1,1.60653065971263,1.99421710789571,0.000181555583863745,beta,2,2,ensemble,TRUE,1.99421710789571
0|0|0|0|0|1|0|1|1|1|0|1|0|1|0|0|0,1,1.67032004603564,1.84543494422995,0.00101640981181977,beta,2,2,ensemble,TRUE,1.84543494422995
1|0|0|1|0|1|0|1|1|1|0|1|0|1|0|0|0,1,1.60653065971263,1.93496245841588,0.0013368876285177,beta,2,2,ensemble,TRUE,1.93496245841588
0|0|0|0|0|1|0|2|1|0|1|0|1|0|0|0|0,0,1.83053730451109,1.82926090036127,0.0181122003680411,beta,2,2,ensemble,FALSE,1.82926090036127
0|0|0|0|0|1|0|2|1|0|0|0|0|1|0|0|0,1,1.77880078307141,1.86218292204486,3.98591765541312e-05,beta,2,2,ensemble,TRUE,1.86218292204486
1|0|0|1|0|1|0|2|1|0|0|0|0|1|0|0|0,1,1.70468808971871,1.98329038640827,2.07223272479901e-05,beta,2,2,ensemble,TRUE,1.98329038640827
0|0|0|0|0|1|0|2|1|1|0|0|0|1|0|0|0,1,1.77880078307141,1.82952466575776,0.000228172812251331,beta,2,2,ensemble,TRUE,1.82952466575776
1|0|0|1|0|1|0|2|1|1|0|0|0|1|0|0|0,1,1.70468808971871,1.92623276127084,0.000150777275408335,beta,2,2,ensemble,TRUE,1.92623276127084
0|0|0|0|0|1|0|2|1|0|0|1|0|1|0|0|0,1,1.67032004603564,1.89485981911899,0.000166295554565348,beta,2,2,ensemble,TRUE,1.89485981911899
1|0|0|1|0|1|0|2|1|0|0|1|0|1|0|0|0,1,1.60653065971263,2.00990276483295,0.000149151405861133,beta,2,2,ensemble,TRUE,2.00990276483295
0|0|0|0|0|1|0|2|1|1|0|1|0|1|0|0|0,1,1.67032004603564,1.85749359581713,0.00124703539079608,beta,2,2,ensemble,TRUE,1.85749359581713
1|0|0|1|0|1|0|2|1|1|0|1|0|1|0|0|0,1,1.60653065971263,1.94803820952566,0.00142306188179427,beta,2,2,ensemble,TRUE,1.94803820952566
0|0|0|0|0|1|0|3|1|0|1|0|1|0|0|0|0,0,1.83053730451109,1.84743130145906,0.0144288683972106,beta,2,2,ensemble,FALSE,1.84743130145906
0|0|0|0|0|1|0|3|1|0|0|0|0|1|0|0|0,1,1.77880078307141,1.87569618343468,4.19557219562683e-06,beta,2,2,ensemble,TRUE,1.87569618343468
1|0|0|1|0|1|0|3|1|0|0|0|0|1|0|0|0,1,1.70468808971871,1.99513215846235,2.07139846973198e-06,beta,2,2,ensemble,TRUE,1.99513215846235
0|0|0|0|0|1|0|3|1|1|0|0|0|1|0|0|0,1,1.77880078307141,1.84210390093774,3.2913166460118e-05,beta,2,2,ensemble,TRUE,1.84210390093774
1|0|0|1|0|1|0|3|1|1|0|0|0|1|0|0|0,1,1.70468808971871,1.93752033332141,2.09128446456882e-05,beta,2,2,ensemble,TRUE,1.93752033332141
0|0|0|0|0|1|0|3|1|0|0|1|0|1|0|0|0,1,1.67032004603564,1.90706925196153,0.0001058945437224,beta,2,2,ensemble,TRUE,1.90706925196153
1|0|0|1|0|1|0|3|1|0|0|1|0|1|0|0|0,1,1.60653065971263,2.02033953619925,9.01950164143109e-05,beta,2,2,ensemble,TRUE,2.02033953619925
0|0|0|0|0|1|0|3|1|1|0|1|0|1|0|0|0,1,1.67032004603564,1.86897699328653,0.00108821477319784,beta,2,2,ensemble,TRUE,1.86897699328653
1|0|0|1|0|1|0|3|1|1|0|1|0|1|0|0|0,1,1.60653065971263,1.95815260030466,0.00119407353589049,beta,2,2,ensemble,TRUE,1.95815260030466
0|0|0|0|0|1|0|0|0|0|1|0|1|0|0|1|0,0,1.83053730451109,1.93665406581501,0.00217191177357548,beta,2,2,ensemble,FALSE,1.93665406581501
0|0|0|0|0|1|0|0|0|0|0|0|0|1|0|1|0,1,2.22140275816017,2.03310389237743,0.00243812969989423,beta,2,2,ensemble,TRUE,2.03310389237743
1|0|0|1|0|1|0|0|0|0|0|0|0|1|0|1|0,1,2.10517091807565,2.14913708490956,0.00239311113130031,beta,2,2,ensemble,TRUE,2.14913708490956
0|0|0|0|0|1|0|0|0|1|0|0|0|1|0|1|0,1,2.22140275816017,1.9958485656143,0.000284870795156022,beta,2,2,ensemble,TRUE,1.9958485656143
1|0|0|1|0|1|0|0|0|1|0|0|0|1|0|1|0,1,2.10517091807565,2.09362101426772,0.000355398130512882,beta,2,2,ensemble,TRUE,2.09362101426772
0|0|0|0|0|1|0|0|0|0|0|1|0|1|0|1|0,1,2.05127109637602,2.06076264360527,0.000341577967159091,beta,2,2,ensemble,TRUE,2.06076264360527
1|0|0|1|0|1|0|0|0|0|0|1|0|1|0|1|0,1,1.95122942450071,2.17545062010277,0.000574002086565029,beta,2,2,ensemble,TRUE,2.17545062010277
0|0|0|0|0|1|0|0|0|1|0|1|0|1|0|1|0,1,2.05127109637602,2.02207331465571,5.20153711259976e-05,beta,2,2,ensemble,TRUE,2.02207331465571
1|0|0|1|0|1|0|0|0|1|0|1|0|1|0|1|0,1,1.95122942450071,2.11859530052376,0.000110684793440412,beta,2,2,ensemble,TRUE,2.11859530052376
0|0|0|0|0|1|0|1|0|0|1|0|1|0|0|1|0,0,1.83053730451109,1.95041691738293,0.00286012815021807,beta,2,2,ensemble,FALSE,1.95041691738293
0|0|0|0|0|1|0|1|0|0|0|0|0|1|0|1|0,1,2.22140275816017,2.05520416821355,0.00155786501654962,beta,2,2,ensemble,TRUE,2.05520416821355
1|0|0|1|0|1|0|1|0|0|0|0|0|1|0|1|0,1,2.10517091807565,2.17765879471803,0.00101889602824403,beta,2,2,ensemble,TRUE,2.17765879471803
0|0|0|0|0|1|0|1|0|1|0|0|0|1|0|1|0,1,2.22140275816017,2.01446382499791,0.000226247873185749,beta,2,2,ensemble,TRUE,2.01446382499791
1|0|0|1|0|1|0|1|0|1|0|0|0|1|0|1|0,1,2.10517091807565,2.11709611590358,0.000185587040334486,beta,2,2,ensemble,TRUE,2.11709611590358
0|0|0|0|0|1|0|1|0|0|0|1|0|1|0|1|0,1,2.05127109637602,2.08359461639269,0.00132036175745063,beta,2,2,ensemble,TRUE,2.08359461639269
1|0|0|1|0|1|0|1|0|0|0|1|0|1|0|1|0,1,1.95122942450071,2.20440265808285,0.00147846327459386,beta,2,2,ensemble,TRUE,2.20440265808285
0|0|0|0|0|1|0|1|0|1|0|1|0|1|0|1|0,1,2.05127109637602,2.04140068403461,0.00024991846597916,beta,2,2,ensemble,TRUE,2.04140068403461
1|0|0|1|0|1|0|1|0|1|0|1|0|1|0|1|0,1,1.95122942450071,2.14246941257422,0.000349663687488823,beta,2,2,ensemble,TRUE,2.14246941257422
0|0|0|0|0|1|0|2|0|0|1|0|1|0|0|1|0,0,1.83053730451109,1.96482146969202,0.00248283107286056,beta,2,2,ensemble,FALSE,1.96482146969202
0|0|0|0|0|1|0|2|0|0|0|0|0|1|0|1|0,1,2.22140275816017,2.06918304112465,0.00031882067370935,beta,2,2,ensemble,TRUE,2.06918304112465
1|0|0|1|0|1|0|2|0|0|0|0|0|1|0|1|0,1,2.10517091807565,2.1938810019718,0.000174587127210084,beta,2,2,ensemble,TRUE,2.1938810019718
0|0|0|0|0|1|0|2|0|1|0|0|0|1|0|1|0,1,2.22140275816017,2.02636846373593,5.84526119723482e-05,beta,2,2,ensemble,TRUE,2.02636846373593
1|0|0|1|0|1|0|2|0|1|0|0|0|1|0|1|0,1,2.10517091807565,2.13060336863078,4.12041667432106e-05,beta,2,2,ensemble,TRUE,2.13060336863078
0|0|0|0|0|1|0|2|0|0|0|1|0|1|0|1|0,1,2.05127109637602,2.09737156981921,0.00163470599288486,beta,2,2,ensemble,TRUE,2.09737156981921
1|0|0|1|0|1|0|2|0|0|0|1|0|1|0|1|0,1,1.95122942450071,2.22019857779508,0.00153257930894659,beta,2,2,ensemble,TRUE,2.22019857779508
0|0|0|0|0|1|0|2|0|1|0|1|0|1|0|1|0,1,2.05127109637602,2.05315669664694,0.000390614023613703,beta,2,2,ensemble,TRUE,2.05315669664694
1|0|0|1|0|1|0|2|0|1|0|1|0|1|0|1|0,1,1.95122942450071,2.15559049828503,0.000469649744912425,beta,2,2,ensemble,TRUE,2.15559049828503
0|0|0|0|0|1|0|3|0|0|1|0|1|0|0|1|0,0,1.83053730451109,1.97838570784971,0.00201208678950288,beta,2,2,ensemble,FALSE,1.97838570784971
0|0|0|0|0|1|0|3|0|0|0|0|0|1|0|1|0,1,2.22140275816017,2.07319021712627,4.21448978577599e-05,beta,2,2,ensemble,TRUE,2.07319021712627
1|0|0|1|0|1|0|3|0|0|0|0|0|1|0|1|0,1,2.10517091807565,2.19550839484157,2.16135539369149e-05,beta,2,2,ensemble,TRUE,2.19550839484157
0|0|0|0|0|1|0|3|0|1|0|0|0|1|0|1|0,1,2.22140275816017,2.03004578328644,1.05887659231592e-05,beta,2,2,ensemble,TRUE,2.03004578328644
1|0|0|1|0|1|0|3|0|1|0|0|0|1|0|1|0,1,2.10517091807565,2.13232386475027,7.07794523747733e-06,beta,2,2,ensemble,TRUE,2.13232386475027
0|0|0|0|0|1|0|3|0|0|0|1|0|1|0|1|0,1,2.05127109637602,2.10025128451769,0.00130727890328534,beta,2,2,ensemble,TRUE,2.10025128451769
1|0|0|1|0|1|0|3|0|0|0|1|0|1|0|1|0,1,1.95122942450071,2.22059470714185,0.0011478020359189,beta,2,2,ensemble,TRUE,2.22059470714185
0|0|0|0|0|1|0|3|0|1|0|1|0|1|0|1|0,1,2.05127109637602,2.05582826848726,0.000428074466191389,beta,2,2,ensemble,TRUE,2.05582826848726
1|0|0|1|0|1|0|3|0|1|0|1|0|1|0|1|0,1,1.95122942450071,2.15618580192978,0.000488056634000342,beta,2,2,ensemble,TRUE,2.15618580192978
0|0|0|0|0|1|0|0|1|0|1|0|1|0|0|1|0,0,1.83053730451109,1.94106453891313,0.0021999105041843,beta,2,2,ensemble,FALSE,1.94106453891313
0|0|0|0|0|1|0|0|1|0|0|0|0|1|0|1|0,1,2.22140275816017,2.0118584255429,0.000346882639459957,beta,2,2,ensemble,TRUE,2.0118584255429
1|0|0|1|0|1|0|0|1|0|0|0|0|1|0|1|0,1,2.10517091807565,2.131219544645,0.000314734221487954,beta,2,2,ensemble,TRUE,2.131219544645
0|0|0|0|0|1|0|0|1|1|0|0|0|1|0|1|0,1,2.22140275816017,1.97480917377307,0.00148331648373009,beta,2,2,ensemble,TRUE,1.97480917377307
1|0|0|1|0|1|0|0|1|1|0|0|0|1|0|1|0,1,2.10517091807565,2.07457438578061,0.00171063114125128,beta,2,2,ensemble,TRUE,2.07457438578061
0|0|0|0|0|1|0|0|1|0|0|1|0|1|0|1|0,1,2.05127109637602,2.03898755265035,4.85976881519683e-05,beta,2,2,ensemble,TRUE,2.03898755265035
1|0|0|1|0|1|0|0|1|0|0|1|0|1|0|1|0,1,1.95122942450071,2.15549014365542,7.54908944614469e-05,beta,2,2,ensemble,TRUE,2.15549014365542
0|0|0|0|0|1|0|0|1|1|0|1|0|1|0|1|0,1,2.05127109637602,2.00022789470641,0.000270842988156343,beta,2,2,ensemble,TRUE,2.00022789470641
1|0|0|1|0|1|0|0|1|1|0|1|0|1|0|1|0,1,1.95122942450071,2.09733523863837,0.000532757035747186,beta,2,2,ensemble,TRUE,2.09733523863837
0|0|0|0|0|1|0|1|1|0|1|0|1|0|0|1|0,0,1.83053730451109,1.95426894595601,0.00284702214480146,beta,2,2,ensemble,FALSE,1.95426894595601
0|0|0|0|0|1|0|1|1|0|0|0|0|1|0|1|0,1,2.22140275816017,2.03200247043286,0.000172709319187467,beta,2,2,ensemble,TRUE,2.03200247043286
1|0|0|1|0|1|0|1|1|0|0|0|0|1|0|1|0,1,2.10517091807565,2.15786348160115,0.000104890957450883,beta,2,2,ensemble,TRUE,2.15786348160115
0|0|0|0|0|1|0|1|1|1|0|0|0|1|0|1|0,1,2.22140275816017,1.99170239143702,0.000917974437076171,beta,2,2,ensemble,TRUE,1.99170239143702
1|0|0|1|0|1|0|1|1|1|0|0|0|1|0|1|0,1,2.10517091807565,2.0963454553225,0.000699223411686598,beta,2,2,ensemble,TRUE,2.0963454553225
0|0|0|0|0|1|0|1|1|0|0|1|0|1|0|1|0,1,2.05127109637602,2.05976733636428,0.000146379036558333,beta,2,2,ensemble,TRUE,2.05976733636428
1|0|0|1|0|1|0|1|1|0|0|1|0|1|0|1|0,1,1.95122942450071,2.18231527316516,0.000152201425983944,beta,2,2,ensemble,TRUE,2.18231527316516
0|0|0|0|0|1|0|1|1|1|0|1|0|1|0|1|0,1,2.05127109637602,2.01774102534582,0.00101401511489042,beta,2,2,ensemble,TRUE,2.01774102534582
1|0|0|1|0|1|0|1|1|1|0|1|0|1|0|1|0,1,1.95122942450071,2.11928120939266,0.00131740360786075,beta,2,2,ensemble,TRUE,2.11928120939266
0|0|0|0|0|1|0|2|1|0|1|0|1|0|0|1|0,0,1.83053730451109,1.96845130480366,0.00239740359224069,beta,2,2,ensemble,FALSE,1.96845130480366
0|0|0|0|0|1|0|2|1|0|0|0|0|1|0|1|0,1,2.22140275816017,2.04545861819774,2.77455199567758e-05,beta,2,2,ensemble,TRUE,2.04545861819774
1|0|0|1|0|1|0|2|1|0|0|0|0|1|0|1|0,1,2.10517091807565,2.17365340500636,1.4243795278041e-05,beta,2,2,ensemble,TRUE,2.17365340500636
0|0|0|0|0|1|0|2|1|1|0|0|0|1|0|1|0,1,2.22140275816017,2.00324768526126,0.000186170322121469,beta,2,2,ensemble,TRUE,2.00324768526126
1|0|0|1|0|1|0|2|1|1|0|0|0|1|0|1|0,1,2.10517091807565,2.10957042444161,0.000123031062633473,beta,2,2,ensemble,TRUE,2.10957042444161
0|0|0|0|0|1|0|2|1|0|0|1|0|1|0|1|0,1,2.05127109637602,2.0729876802601,0.000142261062375133,beta,2,2,ensemble,TRUE,2.0729876802601
1|0|0|1|0|1|0|2|1|0|0|1|0|1|0|1|0,1,1.95122942450071,2.19756991382044,0.000125036400293869,beta,2,2,ensemble,TRUE,2.19756991382044
0|0|0|0|0|1|0|2|1|1|0|1|0|1|0|1|0,1,2.05127109637602,2.02911986389283,0.00124409733196744,beta,2,2,ensemble,TRUE,2.02911986389283
1|0|0|1|0|1|0|2|1|1|0|1|0|1|0|1|0,1,1.95122942450071,2.13204171866565,0.00140232194336598,beta,2,2,ensemble,TRUE,2.13204171866565
0|0|0|0|0|1|0|3|1|0|1|0|1|0|0|1|0,0,1.83053730451109,1.98217892266441,0.00190986297769089,beta,2,2,ensemble,FALSE,1.98217892266441
0|0|0|0|0|1|0|3|1|0|0|0|0|1|0|1|0,1,2.22140275816017,2.05050091983341,2.92049013922223e-06,beta,2,2,ensemble,TRUE,2.05050091983341
1|0|0|1|0|1|0|3|1|0|0|0|0|1|0|1|0,1,2.10517091807565,2.17641139957395,1.42380609035944e-06,beta,2,2,ensemble,TRUE,2.17641139957395
0|0|0|0|0|1|0|3|1|1|0|0|0|1|0|1|0,1,2.22140275816017,2.00802112522121,2.68544474754002e-05,beta,2,2,ensemble,TRUE,2.00802112522121
1|0|0|1|0|1|0|3|1|1|0|0|0|1|0|1|0,1,2.10517091807565,2.11251770787714,1.7064438208475e-05,beta,2,2,ensemble,TRUE,2.11251770787714
0|0|0|0|0|1|0|3|1|0|0|1|0|1|0|1|0,1,2.05127109637602,2.07693667082837,9.05897354204905e-05,beta,2,2,ensemble,TRUE,2.07693667082837
1|0|0|1|0|1|0|3|1|0|0|1|0|1|0|1|0,1,1.95122942450071,2.19914749726751,7.56121614260338e-05,beta,2,2,ensemble,TRUE,2.19914749726751
0|0|0|0|0|1|0|3|1|1|0|1|0|1|0|1|0,1,2.05127109637602,2.03294784998898,0.00108565090127772,beta,2,2,ensemble,TRUE,2.03294784998898
1|0|0|1|0|1|0|3|1|1|0|1|0|1|0|1|0,1,1.95122942450071,2.1339453952046,0.00117667091135951,beta,2,2,ensemble,TRUE,2.1339453952046
1|0|0|1|0|1|0|0|0|0|1|0|1|0|0|0|1,0,2.45567738147273,2.21642008482073,0.0119086953768889,beta,2,2,ensemble,FALSE,2.21642008482073
0|0|0|0|0|1|0|0|0|0|0|0|0|1|0|0|1,1,2.49182469764127,2.0496994917619,0.00302498230758369,beta,2,2,ensemble,TRUE,2.0496994917619
1|0|0|1|0|1|0|0|0|0|0|0|0|1|0|0|1,1,2.349858807576,2.18137210894234,0.00369902966371158,beta,2,2,ensemble,TRUE,2.18137210894234
0|0|0|0|0|1|0|0|0|1|0|0|0|1|0|0|1,1,2.49182469764127,2.00553274164304,0.000370120280505743,beta,2,2,ensemble,TRUE,2.00553274164304
1|0|0|1|0|1|0|0|0|1|0|0|0|1|0|0|1,1,2.349858807576,2.11422675523201,0.000568978215856641,beta,2,2,ensemble,TRUE,2.11422675523201
0|0|0|0|0|1|0|0|0|0|0|1|0|1|0|0|1,1,2.28402541668774,2.08305453367155,0.000350882670742753,beta,2,2,ensemble,TRUE,2.08305453367155
1|0|0|1|0|1|0|0|0|0|0|1|0|1|0|0|1,1,2.16183424272828,2.21282698056322,0.000737954671131801,beta,2,2,ensemble,TRUE,2.21282698056322
0|0|0|0|0|1|0|0|0|1|0|1|0|1|0|0|1,1,2.28402541668774,2.03705919113458,5.66729020607878e-05,beta,2,2,ensemble,TRUE,2.03705919113458
1|0|0|1|0|1|0|0|0|1|0|1|0|1|0|0|1,1,2.16183424272828,2.14404797900459,0.000149912039557223,beta,2,2,ensemble,TRUE,2.14404797900459
1|0|0|1|0|1|0|1|0|0|1|0|1|0|0|0|1,0,2.45567738147273,2.24312840764336,0.0132221042607414,beta,2,2,ensemble,FALSE,2.24312840764336
0|0|0|0|0|1|0|1|0|0|0|0|0|1|0|0|1,1,2.49182469764127,2.07422865976719,0.00193283979636957,beta,2,2,ensemble,TRUE,2.07422865976719
1|0|0|1|0|1|0|1|0|0|0|0|0|1|0|0|1,1,2.349858807576,2.21319990261603,0.00157490664909686,beta,2,2,ensemble,TRUE,2.21319990261603
0|0|0|0|0|1|0|1|0|1|0|0|0|1|0|0|1,1,2.49182469764127,2.02626990952963,0.000293954058159854,beta,2,2,ensemble,TRUE,2.02626990952963
1|0|0|1|0|1|0|1|0|1|0|0|0|1|0|0|1,1,2.349858807576,2.1403571359769,0.00029711744106038,beta,2,2,ensemble,TRUE,2.1403571359769
0|0|0|0|0|1|0|1|0|0|0|1|0|1|0|0|1,1,2.28402541668774,2.10833769297799,0.00135632887464633,beta,2,2,ensemble,TRUE,2.10833769297799
1|0|0|1|0|1|0|1|0|0|0|1|0|1|0|0|1,1,2.16183424272828,2.24497498759282,0.00190075768907463,beta,2,2,ensemble,TRUE,2.24497498759282
0|0|0|0|0|1|0|1|0|1|0|1|0|1|0|0|1,1,2.28402541668774,2.05851788449601,0.000272296523873887,beta,2,2,ensemble,TRUE,2.05851788449601
1|0|0|1|0|1|0|1|0|1|0|1|0|1|0|0|1,1,2.16183424272828,2.17046742979945,0.000473586252647876,beta,2,2,ensemble,TRUE,2.17046742979945
1|0|0|1|0|1|0|2|0|0|1|0|1|0|0|0|1,0,2.45567738147273,2.26382164849354,0.0113447292461033,beta,2,2,ensemble,FALSE,2.26382164849354
0|0|0|0|0|1|0|2|0|0|0|0|0|1|0|0|1,1,2.49182469764127,2.09150897422891,0.000395560128447857,beta,2,2,ensemble,TRUE,2.09150897422891
1|0|0|1|0|1|0|2|0|0|0|0|0|1|0|0|1,1,2.349858807576,2.23323659263524,0.000269859161158716,beta,2,2,ensemble,TRUE,2.23323659263524
0|0|0|0|0|1|0|2|0|1|0|0|0|1|0|0|1,1,2.49182469764127,2.04136713525621,7.59449459452304e-05,beta,2,2,ensemble,TRUE,2.04136713525621
1|0|0|1|0|1|0|2|0|1|0|0|0|1|0|0|1,1,2.349858807576,2.15746086613845,6.59662256680378e-05,beta,2,2,ensemble,TRUE,2.15746086613845
0|0|0|0|0|1|0|2|0|0|0|1|0|1|0|0|1,1,2.28402541668774,2.12525629575614,0.00167923595726382,beta,2,2,ensemble,TRUE,2.12525629575614
1|0|0|1|0|1|0|2|0|0|0|1|0|1|0|0|1,1,2.16183424272828,2.26431635765409,0.0019703309210688,beta,2,2,ensemble,TRUE,2.26431635765409
0|0|0|0|0|1|0|2|0|1|0|1|0|1|0|0|1,1,2.28402541668774,2.07332114560455,0.000425590163534666,beta,2,2,ensemble,TRUE,2.07332114560455
1|0|0|1|0|1|0|2|0|1|0|1|0|1|0|0|1,1,2.16183424272828,2.18694104098126,0.000636095970809712,beta,2,2,ensemble,TRUE,2.18694104098126
1|0|0|1|0|1|0|3|0|0|1|0|1|0|0|0|1,0,2.45567738147273,2.27595076207967,0.00914445348574507,beta,2,2,ensemble,FALSE,2.27595076207967
0|0|0|0|0|1|0|3|0|0|0|0|0|1|0|0|1,1,2.49182469764127,2.09927141871734,5.22890846947871e-05,beta,2,2,ensemble,TRUE,2.09927141871734
1|0|0|1|0|1|0|3|0|0|0|0|0|1|0|0|1,1,2.349858807576,2.23864778481086,3.34080503430016e-05,beta,2,2,ensemble,TRUE,2.23864778481086
0|0|0|0|0|1|0|3|0|1|0|0|0|1|0|0|1,1,2.49182469764127,2.04892265890024,1.3757524745711e-05,beta,2,2,ensemble,TRUE,2.04892265890024
1|0|0|1|0|1|0|3|0|1|0|0|0|1|0|0|1,1,2.349858807576,2.16324830835349,1.13315077019092e-05,beta,2,2,ensemble,TRUE,2.16324830835349
0|0|0|0|0|1|0|3|0|0|0|1|0|1|0|0|1,1,2.28402541668774,2.13156013426756,0.00134288963894669,beta,2,2,ensemble,TRUE,2.13156013426756
1|0|0|1|0|1|0|3|0|0|0|1|0|1|0|0|1,1,2.16183424272828,2.26810195582391,0.00147564946847103,beta,2,2,ensemble,TRUE,2.26810195582391
0|0|0|0|0|1|0|3|0|1|0|1|0|1|0|0|1,1,2.28402541668774,2.07957971268129,0.000466404867869207,beta,2,2,ensemble,TRUE,2.07957971268129
1|0|0|1|0|1|0|3|0|1|0|1|0|1|0|0|1,1,2.16183424272828,2.19125322368359,0.000661026353740398,beta,2,2,ensemble,TRUE,2.19125322368359
1|0|0|1|0|1|0|0|1|0|1|0|1|0|0|0|1,0,2.45567738147273,2.23270293788412,0.0135575419796628,beta,2,2,ensemble,FALSE,2.23270293788412
0|0|0|0|0|1|0|0|1|0|0|0|0|1|0|0|1,1,2.49182469764127,2.03519286419406,0.000430376549377099,beta,2,2,ensemble,TRUE,2.03519286419406
1|0|0|1|0|1|0|0|1|0|0|0|0|1|0|0|1,1,2.349858807576,2.17043151498916,0.000486484395246839,beta,2,2,ensemble,TRUE,2.17043151498916
0|0|0|0|0|1|0|0|1|1|0|0|0|1|0|0|1,1,2.49182469764127,1.98996589658239,0.00192720883422355,beta,2,2,ensemble,TRUE,1.98996589658239
1|0|0|1|0|1|0|0|1|1|0|0|0|1|0|0|1,1,2.349858807576,2.10063400240974,0.00273865215141498,beta,2,2,ensemble,TRUE,2.10063400240974
0|0|0|0|0|1|0|0|1|0|0|1|0|1|0|0|1,1,2.28402541668774,2.0677043967745,4.99215062157215e-05,beta,2,2,ensemble,TRUE,2.0677043967745
1|0|0|1|0|1|0|0|1|0|0|1|0|1|0|0|1,1,2.16183424272828,2.1995374491097,9.70534071210754e-05,beta,2,2,ensemble,TRUE,2.1995374491097
0|0|0|0|0|1|0|0|1|1|0|1|0|1|0|0|1,1,2.28402541668774,2.02047009923025,0.000295094657778261,beta,2,2,ensemble,TRUE,2.02047009923025
1|0|0|1|0|1|0|0|1|1|0|1|0|1|0|0|1,1,2.16183424272828,2.12806406985594,0.000721568802134668,beta,2,2,ensemble,TRUE,2.12806406985594
1|0|0|1|0|1|0|1|1|0|1|0|1|0|0|0|1,0,2.45567738147273,2.25945788826071,0.0146460861644001,beta,2,2,ensemble,FALSE,2.25945788826071
0|0|0|0|0|1|0|1|1|0|0|0|0|1|0|0|1,1,2.49182469764127,2.05808103055109,0.000214280083179978,beta,2,2,ensemble,TRUE,2.05808103055109
1|0|0|1|0|1|0|1|1|0|0|0|0|1|0|0|1,1,2.349858807576,2.20074739809929,0.000162129855981701,beta,2,2,ensemble,TRUE,2.20074739809929
0|0|0|0|0|1|0|1|1|1|0|0|0|1|0|0|1,1,2.49182469764127,2.00924492457565,0.00119268440965192,beta,2,2,ensemble,TRUE,2.00924492457565
1|0|0|1|0|1|0|1|1|1|0|0|0|1|0|0|1,1,2.349858807576,2.12534833465696,0.00111942876202669,beta,2,2,ensemble,TRUE,2.12534833465696
0|0|0|0|0|1|0|1|1|0|0|1|0|1|0|0|1,1,2.28402541668774,2.09122157295266,0.000150366452835106,beta,2,2,ensemble,TRUE,2.09122157295266
1|0|0|1|0|1|0|1|1|0|0|1|0|1|0|0|1,1,2.16183424272828,2.22987691036329,0.000195674817020108,beta,2,2,ensemble,TRUE,2.22987691036329
0|0|0|0|0|1|0|1|1|1|0|1|0|1|0|0|1,1,2.28402541668774,2.0403559480296,0.00110481148265077,beta,2,2,ensemble,TRUE,2.0403559480296
1|0|0|1|0|1|0|1|1|1|0|1|0|1|0|0|1,1,2.16183424272828,2.15280797726978,0.00178429805609,beta,2,2,ensemble,TRUE,2.15280797726978
1|0|0|1|0|1|0|2|1|0|1|0|1|0|0|0|1,0,2.45567738147273,2.28035230548258,0.0121869311051466,beta,2,2,ensemble,FALSE,2.28035230548258
0|0|0|0|0|1|0|2|1|0|0|0|0|1|0|0|1,1,2.49182469764127,2.07489124129512,3.44238073091837e-05,beta,2,2,ensemble,TRUE,2.07489124129512
1|0|0|1|0|1|0|2|1|0|0|0|0|1|0|0|1,1,2.349858807576,2.22045496272086,2.20166211958071e-05,beta,2,2,ensemble,TRUE,2.22045496272086
0|0|0|0|0|1|0|2|1|1|0|0|0|1|0|0|1,1,2.49182469764127,2.02403971808262,0.000241883032648902,beta,2,2,ensemble,TRUE,2.02403971808262
1|0|0|1|0|1|0|2|1|1|0|0|0|1|0|0|1,1,2.349858807576,2.14226441148637,0.000196967818629543,beta,2,2,ensemble,TRUE,2.14226441148637
0|0|0|0|0|1|0|2|1|0|0|1|0|1|0|0|1,1,2.28402541668774,2.1076274900102,0.000146136303591382,beta,2,2,ensemble,TRUE,2.1076274900102
1|0|0|1|0|1|0|2|1|0|0|1|0|1|0|0|1,1,2.16183424272828,2.24875392360182,0.00016075062759883,beta,2,2,ensemble,TRUE,2.24875392360182
0|0|0|0|0|1|0|2|1|1|0|1|0|1|0|0|1,1,2.28402541668774,2.05483199129329,0.00135549559144525,beta,2,2,ensemble,TRUE,2.05483199129329
1|0|0|1|0|1|0|2|1|1|0|1|0|1|0|0|1,1,2.16183424272828,2.16899401979871,0.00189931187574578,beta,2,2,ensemble,TRUE,2.16899401979871
1|0|0|1|0|1|0|3|1|0|1|0|1|0|0|0|1,0,2.45567738147273,2.292828356207,0.00965222548188887,beta,2,2,ensemble,FALSE,2.292828356207
0|0|0|0|0|1|0|3|1|0|0|0|0|1|0|0|1,1,2.49182469764127,2.08347482847053,3.623445873697e-06,beta,2,2,ensemble,TRUE,2.08347482847053
1|0|0|1|0|1|0|3|1|0|0|0|0|1|0|0|1,1,2.349858807576,2.2268247910868,2.20077575785253e-06,beta,2,2,ensemble,TRUE,2.2268247910868
0|0|0|0|0|1|0|3|1|1|0|0|0|1|0|0|1,1,2.49182469764127,2.03253982679951,3.48908199837689e-05,beta,2,2,ensemble,TRUE,2.03253982679951
1|0|0|1|0|1|0|3|1|1|0|0|0|1|0|0|1,1,2.349858807576,2.14917335956632,2.73194841864878e-05,beta,2,2,ensemble,TRUE,2.14917335956632
0|0|0|0|0|1|0|3|1|0|0|1|0|1|0|0|1,1,2.28402541668774,2.11480017071168,9.30574315743746e-05,beta,2,2,ensemble,TRUE,2.11480017071168
1|0|0|1|0|1|0|3|1|0|0|1|0|1|0|0|1,1,2.16183424272828,2.25354944201478,9.72093116466258e-05,beta,2,2,ensemble,TRUE,2.25354944201478
0|0|0|0|0|1|0|3|1|1|0|1|0|1|0|0|1,1,2.28402541668774,2.0621053431696,0.00118286164009636,beta,2,2,ensemble,TRUE,2.0621053431696
1|0|0|1|0|1|0|3|1|1|0|1|0|1|0|0|1,1,2.16183424272828,2.17450537016044,0.00159368898587253,beta,2,2,ensemble,TRUE,2.17450537016044
1|0|0|1|0|1|0|0|0|0|1|0|1|0|0|1|1,0,2.45567738147273,2.39029036596523,0.0019055164526257,beta,2,2,ensemble,FALSE,2.39029036596523
0|0|0|0|0|1|0|0|0|0|0|0|0|1|0|1|1,1,3.33964685192599,2.27646044816778,0.00308826213077438,beta,2,2,ensemble,TRUE,2.27646044816778
1|0|0|1|0|1|0|0|0|0|0|0|0|1|0|1|1,1,3.11700001661268,2.41040003413424,0.00383856478161443,beta,2,2,ensemble,TRUE,2.41040003413424
0|0|0|0|0|1|0|0|0|1|0|0|0|1|0|1|1,1,3.33964685192599,2.21706074675026,0.00045191844502641,beta,2,2,ensemble,TRUE,2.21706074675026
1|0|0|1|0|1|0|0|0|1|0|0|0|1|0|1|1,1,3.11700001661268,2.33233039333685,0.000720090899867005,beta,2,2,ensemble,TRUE,2.33233039333685
0|0|0|0|0|1|0|0|0|0|0|1|0|1|0|1|1,1,3.01375270747048,2.29947207965777,0.000435241504152723,beta,2,2,ensemble,TRUE,2.29947207965777
1|0|0|1|0|1|0|0|0|0|0|1|0|1|0|1|1,1,2.82211880039051,2.4354164738859,0.000917954432952705,beta,2,2,ensemble,TRUE,2.4354164738859
0|0|0|0|0|1|0|0|0|1|0|1|0|1|0|1|1,1,3.01375270747048,2.24281347103696,8.35478866208866e-05,beta,2,2,ensemble,TRUE,2.24281347103696
1|0|0|1|0|1|0|0|0|1|0|1|0|1|0|1|1,1,2.82211880039051,2.36050614171817,0.000225282267809345,beta,2,2,ensemble,TRUE,2.36050614171817
1|0|0|1|0|1|0|1|0|0|1|0|1|0|0|1|1,0,2.45567738147273,2.42415767334551,0.00211567568149158,beta,2,2,ensemble,FALSE,2.42415767334551
0|0|0|0|0|1|0|1|0|0|0|0|0|1|0|1|1,1,3.33964685192599,2.31069071962104,0.00197327301155353,beta,2,2,ensemble,TRUE,2.31069071962104
1|0|0|1|0|1|0|1|0|0|0|0|0|1|0|1|1,1,3.11700001661268,2.45309643099686,0.00163431541435321,beta,2,2,ensemble,TRUE,2.45309643099686
0|0|0|0|0|1|0|1|0|1|0|0|0|1|0|1|1,1,3.33964685192599,2.24649654058157,0.000358919161877008,beta,2,2,ensemble,TRUE,2.24649654058157
1|0|0|1|0|1|0|1|0|1|0|0|0|1|0|1|1,1,3.11700001661268,2.36841805646482,0.000376027692338326,beta,2,2,ensemble,TRUE,2.36841805646482
0|0|0|0|0|1|0|1|0|0|0|1|0|1|0|1|1,1,3.01375270747048,2.33425346243241,0.00168241600041752,beta,2,2,ensemble,TRUE,2.33425346243241
1|0|0|1|0|1|0|1|0|0|0|1|0|1|0|1|1,1,2.82211880039051,2.47841430012373,0.00236438498855083,beta,2,2,ensemble,TRUE,2.47841430012373
0|0|0|0|0|1|0|1|0|1|0|1|0|1|0|1|1,1,3.01375270747048,2.27308732092457,0.000401422871895204,beta,2,2,ensemble,TRUE,2.27308732092457
1|0|0|1|0|1|0|1|0|1|0|1|0|1|0|1|1,1,2.82211880039051,2.39721704646516,0.000711687902552468,beta,2,2,ensemble,TRUE,2.39721704646516
1|0|0|1|0|1|0|2|0|0|1|0|1|0|0|1|1,0,2.45567738147273,2.44442112079938,0.00181527594290359,beta,2,2,ensemble,FALSE,2.44442112079938
0|0|0|0|0|1|0|2|0|0|0|0|0|1|0|1|1,1,3.33964685192599,2.32613333717059,0.00040383487932052,beta,2,2,ensemble,TRUE,2.32613333717059
1|0|0|1|0|1|0|2|0|0|0|0|0|1|0|1|1,1,3.11700001661268,2.47171847377214,0.000280038811848963,beta,2,2,ensemble,TRUE,2.47171847377214
0|0|0|0|0|1|0|2|0|1|0|0|0|1|0|1|1,1,3.33964685192599,2.2599149796245,9.27291037180837e-05,beta,2,2,ensemble,TRUE,2.2599149796245
1|0|0|1|0|1|0|2|0|1|0|0|0|1|0|1|1,1,3.11700001661268,2.38428286187542,8.34859358026736e-05,beta,2,2,ensemble,TRUE,2.38428286187542
0|0|0|0|0|1|0|2|0|0|0|1|0|1|0|1|1,1,3.01375270747048,2.34956603259949,0.00208295605570865,beta,2,2,ensemble,TRUE,2.34956603259949
1|0|0|1|0|1|0|2|0|0|0|1|0|1|0|1|1,1,2.82211880039051,2.49660445143488,0.00245092832138988,beta,2,2,ensemble,TRUE,2.49660445143488
0|0|0|0|0|1|0|2|0|1|0|1|0|1|0|1|1,1,3.01375270747048,2.28649436756428,0.000627410233762513,beta,2,2,ensemble,TRUE,2.28649436756428
1|0|0|1|0|1|0|2|0|1|0|1|0|1|0|1|1,1,2.82211880039051,2.41276770415273,0.000955901495781457,beta,2,2,ensemble,TRUE,2.41276770415273
1|0|0|1|0|1|0|3|0|0|1|0|1|0|0|1|1,0,2.45567738147273,2.44830619480929,0.00146320869044765,beta,2,2,ensemble,FALSE,2.44830619480929
0|0|0|0|0|1|0|3|0|0|0|0|0|1|0|1|1,1,3.33964685192599,2.32045765796153,5.33829238309678e-05,beta,2,2,ensemble,TRUE,2.32045765796153
1|0|0|1|0|1|0|3|0|0|0|0|0|1|0|1|1,1,3.11700001661268,2.46329581487958,3.46682717165274e-05,beta,2,2,ensemble,TRUE,2.46329581487958
0|0|0|0|0|1|0|3|0|1|0|0|0|1|0|1|1,1,3.33964685192599,2.25537303547487,1.67979965377704e-05,beta,2,2,ensemble,TRUE,2.25537303547487
1|0|0|1|0|1|0|3|0|1|0|0|0|1|0|1|1,1,3.11700001661268,2.37751446256543,1.43409982149011e-05,beta,2,2,ensemble,TRUE,2.37751446256543
0|0|0|0|0|1|0|3|0|0|0|1|0|1|0|1|1,1,3.01375270747048,2.34309573113811,0.00166574571815994,beta,2,2,ensemble,TRUE,2.34309573113811
1|0|0|1|0|1|0|3|0|0|0|1|0|1|0|1|1,1,2.82211880039051,2.48709057319892,0.00183558560445151,beta,2,2,ensemble,TRUE,2.48709057319892
0|0|0|0|0|1|0|3|0|1|0|1|0|1|0|1|1,1,3.01375270747048,2.2810840714855,0.000687579770987722,beta,2,2,ensemble,TRUE,2.2810840714855
1|0|0|1|0|1|0|3|0|1|0|1|0|1|0|1|1,1,2.82211880039051,2.40479329152488,0.000993365953076338,beta,2,2,ensemble,TRUE,2.40479329152488
1|0|0|1|0|1|0|0|1|0|1|0|1|0|0|1|1,0,2.45567738147273,2.4035223600584,0.00216934924286896,beta,2,2,ensemble,FALSE,2.4035223600584
0|0|0|0|0|1|0|0|1|0|0|0|0|1|0|1|1,1,3.33964685192599,2.24988555615599,0.000439379627471713,beta,2,2,ensemble,TRUE,2.24988555615599
1|0|0|1|0|1|0|0|1|0|0|0|0|1|0|1|1,1,3.11700001661268,2.39110497102309,0.000504835601811794,beta,2,2,ensemble,TRUE,2.39110497102309
0|0|0|0|0|1|0|0|1|1|0|0|0|1|0|1|1,1,3.33964685192599,2.19221710285799,0.00235313022678301,beta,2,2,ensemble,TRUE,2.19221710285799
1|0|0|1|0|1|0|0|1|1|0|0|0|1|0|1|1,1,3.11700001661268,2.31277180815149,0.00346599999292768,beta,2,2,ensemble,TRUE,2.31277180815149
0|0|0|0|0|1|0|0|1|0|0|1|0|1|0|1|1,1,3.01375270747048,2.27441634375035,6.19235809192464e-05,beta,2,2,ensemble,TRUE,2.27441634375035
1|0|0|1|0|1|0|0|1|0|0|1|0|1|0|1|1,1,2.82211880039051,2.41581387188309,0.000120726392534811,beta,2,2,ensemble,TRUE,2.41581387188309
0|0|0|0|0|1|0|0|1|1|0|1|0|1|0|1|1,1,3.01375270747048,2.21894419685556,0.000435032160238466,beta,2,2,ensemble,TRUE,2.21894419685556
1|0|0|1|0|1|0|0|1|1|0|1|0|1|0|1|1,1,2.82211880039051,2.34026623936899,0.00108434690506175,beta,2,2,ensemble,TRUE,2.34026623936899
1|0|0|1|0|1|0|1|1|0|1|0|1|0|0|1|1,0,2.45567738147273,2.43746189059937,0.00234352775594541,beta,2,2,ensemble,FALSE,2.43746189059937
0|0|0|0|0|1|0|1|1|0|0|0|0|1|0|1|1,1,3.33964685192599,2.28191552229721,0.000218762623703578,beta,2,2,ensemble,TRUE,2.28191552229721
1|0|0|1|0|1|0|1|1|0|0|0|0|1|0|1|1,1,3.11700001661268,2.43196645938286,0.000168245732475451,beta,2,2,ensemble,TRUE,2.43196645938286
0|0|0|0|0|1|0|1|1|1|0|0|0|1|0|1|1,1,3.33964685192599,2.21980518003633,0.00145627276376382,beta,2,2,ensemble,TRUE,2.21980518003633
1|0|0|1|0|1|0|1|1|1|0|0|0|1|0|1|1,1,3.11700001661268,2.34725326271679,0.00141673343920764,beta,2,2,ensemble,TRUE,2.34725326271679
0|0|0|0|0|1|0|1|1|0|0|1|0|1|0|1|1,1,3.01375270747048,2.30700893580046,0.000186517393314195,beta,2,2,ensemble,TRUE,2.30700893580046
1|0|0|1|0|1|0|1|1|0|0|1|0|1|0|1|1,1,2.82211880039051,2.45679708972262,0.000243403250534797,beta,2,2,ensemble,TRUE,2.45679708972262
0|0|0|0|0|1|0|1|1|1|0|1|0|1|0|1|1,1,3.01375270747048,2.24736555162972,0.0016287266247801,beta,2,2,ensemble,TRUE,2.24736555162972
1|0|0|1|0|1|0|1|1|1|0|1|0|1|0|1|1,1,2.82211880039051,2.3752029252847,0.00268137711761518,beta,2,2,ensemble,TRUE,2.3752029252847
1|0|0|1|0|1|0|2|1|0|1|0|1|0|0|1|1,0,2.45567738147273,2.45823024720424,0.00195003709415056,beta,2,2,ensemble,FALSE,2.45823024720424
0|0|0|0|0|1|0|2|1|0|0|0|0|1|0|1|1,1,3.33964685192599,2.29729943003182,3.51439214184843e-05,beta,2,2,ensemble,TRUE,2.29729943003182
1|0|0|1|0|1|0|2|1|0|0|0|0|1|0|1|1,1,3.11700001661268,2.45070516604183,2.28471340907205e-05,beta,2,2,ensemble,TRUE,2.45070516604183
0|0|0|0|0|1|0|2|1|1|0|0|0|1|0|1|1,1,3.33964685192599,2.23331556361396,0.000295340217087261,beta,2,2,ensemble,TRUE,2.23331556361396
1|0|0|1|0|1|0|2|1|1|0|0|0|1|0|1|1,1,3.11700001661268,2.3633592479311,0.000249279726022982,beta,2,2,ensemble,TRUE,2.3633592479311
0|0|0|0|0|1|0|2|1|0|0|1|0|1|0|1|1,1,3.01375270747048,2.32222208582145,0.000181270236149859,beta,2,2,ensemble,TRUE,2.32222208582145
1|0|0|1|0|1|0|2|1|0|0|1|0|1|0|1|1,1,2.82211880039051,2.47497965334309,0.000199960454180689,beta,2,2,ensemble,TRUE,2.47497965334309
0|0|0|0|0|1|0|2|1|1|0|1|0|1|0|1|1,1,3.01375270747048,2.26084586336943,0.0019982882095522,beta,2,2,ensemble,TRUE,2.26084586336943
1|0|0|1|0|1|0|2|1|1|0|1|0|1|0|1|1,1,2.82211880039051,2.39090931737806,0.00285421563143968,beta,2,2,ensemble,TRUE,2.39090931737806
1|0|0|1|0|1|0|3|1|0|1|0|1|0|0|1|1,0,2.45567738147273,2.46300320516742,0.00154445754787601,beta,2,2,ensemble,FALSE,2.46300320516742
0|0|0|0|0|1|0|3|1|0|0|0|0|1|0|1|1,1,3.33964685192599,2.29377484678771,3.69924499941544e-06,beta,2,2,ensemble,TRUE,2.29377484678771
1|0|0|1|0|1|0|3|1|0|0|0|0|1|0|1|1,1,3.11700001661268,2.44438913305096,2.28379361192986e-06,beta,2,2,ensemble,TRUE,2.44438913305096
0|0|0|0|0|1|0|3|1|1|0|0|0|1|0|1|1,1,3.33964685192599,2.23084097711552,4.26018403833901e-05,beta,2,2,ensemble,TRUE,2.23084097711552
1|0|0|1|0|1|0|3|1|1|0|0|0|1|0|1|1,1,3.11700001661268,2.35869151073406,3.4575158421719e-05,beta,2,2,ensemble,TRUE,2.35869151073406
0|0|0|0|0|1|0|3|1|0|0|1|0|1|0|1|1,1,3.01375270747048,2.31781472249839,0.000115430198947368,beta,2,2,ensemble,TRUE,2.31781472249839
1|0|0|1|0|1|0|3|1|0|0|1|0|1|0|1|1,1,2.82211880039051,2.46752545612229,0.000120920324839795,beta,2,2,ensemble,TRUE,2.46752545612229
0|0|0|0|0|1|0|3|1|1|0|1|0|1|0|1|1,1,3.01375270747048,2.2574723276249,0.00174378912322093,beta,2,2,ensemble,TRUE,2.2574723276249
1|0|0|1|0|1|0|3|1|1|0|1|0|1|0|1|1,1,2.82211880039051,2.38504746417771,0.00239493685751031,beta,2,2,ensemble,TRUE,2.38504746417771
0|0|0|0|0|1|0|0|0|0|1|0|1|0|0|0|0,0,1.83053730451109,1.66249710113487,0.016408626962947,beta,2,2,sieve_md,FALSE,1.66249710113487
0|0|0|0|0|1|0|0|0|0|0|0|0|1|0|0|0,1,1.77880078307141,1.67667156601061,0.00350261383896762,beta,2,2,sieve_md,TRUE,1.67667156601061
1|0|0|1|0|1|0|0|0|0|0|0|0|1|0|0|0,1,1.70468808971871,1.31820302280406,0.00348157433012709,beta,2,2,sieve_md,TRUE,1.31820302280406
0|0|0|0|0|1|0|0|0|1|0|0|0|1|0|0|0,1,1.77880078307141,1.42300557071197,0.000349141419095855,beta,2,2,sieve_md,TRUE,1.42300557071197
1|0|0|1|0|1|0|0|0|1|0|0|0|1|0|0|0,1,1.70468808971871,1.50381633181115,0.000435548231941948,beta,2,2,sieve_md,TRUE,1.50381633181115
0|0|0|0|0|1|0|0|0|0|0|1|0|1|0|0|0,1,1.67032004603564,1.72036593508781,0.000399286329847866,beta,2,2,sieve_md,TRUE,1.72036593508781
1|0|0|1|0|1|0|0|0|0|0|1|0|1|0|0|0,1,1.60653065971263,1.45284020491424,0.000684706357326217,beta,2,2,sieve_md,TRUE,1.45284020491424
0|0|0|0|0|1|0|0|0|1|0|1|0|1|0|0|0,1,1.67032004603564,1.47257509149088,5.21382105666385e-05,beta,2,2,sieve_md,TRUE,1.47257509149088
1|0|0|1|0|1|0|0|0|1|0|1|0|1|0|0|0,1,1.60653065971263,1.56590197765583,0.000112321789717737,beta,2,2,sieve_md,TRUE,1.56590197765583
0|0|0|0|0|1|0|1|0|0|1|0|1|0|0|0|0,0,1.83053730451109,1.66860215437928,0.0216080489337248,beta,2,2,sieve_md,FALSE,1.66860215437928
0|0|0|0|0|1|0|1|0|0|0|0|0|1|0|0|0,1,1.77880078307141,2.16156888523477,0.00223802678194148,beta,2,2,sieve_md,TRUE,2.16156888523477
1|0|0|1|0|1|0|1|0|0|0|0|0|1|0|0|0,1,1.70468808971871,1.84133049534728,0.00148232240893693,beta,2,2,sieve_md,TRUE,1.84133049534728
0|0|0|0|0|1|0|1|0|1|0|0|0|1|0|0|0,1,1.77880078307141,1.53525626025773,0.000277292389583944,beta,2,2,sieve_md,TRUE,1.53525626025773
1|0|0|1|0|1|0|1|0|1|0|0|0|1|0|0|0,1,1.70468808971871,1.29485229744228,0.000227441003058666,beta,2,2,sieve_md,TRUE,1.29485229744228
0|0|0|0|0|1|0|1|0|0|0|1|0|1|0|0|0,1,1.67032004603564,1.87992108282628,0.0015434321030384,beta,2,2,sieve_md,TRUE,1.87992108282628
1|0|0|1|0|1|0|1|0|0|0|1|0|1|0|0|0,1,1.60653065971263,1.64424931923352,0.00176360544130717,beta,2,2,sieve_md,TRUE,1.64424931923352
0|0|0|0|0|1|0|1|0|1|0|1|0|1|0|0|0,1,1.67032004603564,1.47645167489717,0.000250508673141046,beta,2,2,sieve_md,TRUE,1.47645167489717
1|0|0|1|0|1|0|1|0|1|0|1|0|1|0|0|0,1,1.60653065971263,1.57054413136995,0.000354835112911803,beta,2,2,sieve_md,TRUE,1.57054413136995
0|0|0|0|0|1|0|2|0|0|1|0|1|0|0|0|0,0,1.83053730451109,1.90222079208571,0.018757598435739,beta,2,2,sieve_md,FALSE,1.90222079208571
0|0|0|0|0|1|0|2|0|0|0|0|0|1|0|0|0,1,1.77880078307141,1.45026713253294,0.000458017349910382,beta,2,2,sieve_md,TRUE,1.45026713253294
1|0|0|1|0|1|0|2|0|0|0|0|0|1|0|0|0,1,1.70468808971871,1.63471053622717,0.000253994915871286,beta,2,2,sieve_md,TRUE,1.63471053622717
0|0|0|0|0|1|0|2|0|1|0|0|0|1|0|0|0,1,1.77880078307141,1.42997395393542,7.16402953230343e-05,beta,2,2,sieve_md,TRUE,1.42997395393542
1|0|0|1|0|1|0|2|0|1|0|0|0|1|0|0|0,1,1.70468808971871,1.51488771891239,5.0496613326997e-05,beta,2,2,sieve_md,TRUE,1.51488771891239
0|0|0|0|0|1|0|2|0|0|0|1|0|1|0|0|0,1,1.67032004603564,2.41487817242877,0.0019108836606411,beta,2,2,sieve_md,TRUE,2.41487817242877
1|0|0|1|0|1|0|2|0|0|0|1|0|1|0|0|0,1,1.60653065971263,3.95858071257108,0.00182815850413023,beta,2,2,sieve_md,TRUE,3.95858071257108
0|0|0|0|0|1|0|2|0|1|0|1|0|1|0|0|0,1,1.67032004603564,1.48036005832672,0.000391536497242719,beta,2,2,sieve_md,TRUE,1.48036005832672
1|0|0|1|0|1|0|2|0|1|0|1|0|1|0|0|0,1,1.60653065971263,1.28761069398437,0.000476595729633283,beta,2,2,sieve_md,TRUE,1.28761069398437
0|0|0|0|0|1|0|3|0|0|1|0|1|0|0|0|0,0,1.83053730451109,1.96090749467913,0.0152011614595537,beta,2,2,sieve_md,FALSE,1.96090749467913
0|0|0|0|0|1|0|3|0|0|0|0|0|1|0|0|0,1,1.77880078307141,1.53438388625713,6.05453034286365e-05,beta,2,2,sieve_md,TRUE,1.53438388625713
1|0|0|1|0|1|0|3|0|0|0|0|0|1|0|0|0,1,1.70468808971871,1.63991713381735,3.14440869817413e-05,beta,2,2,sieve_md,TRUE,1.63991713381735
0|0|0|0|0|1|0|3|0|1|0|0|0|1|0|0|0,1,1.77880078307141,1.43350107570924,1.29777317427742e-05,beta,2,2,sieve_md,TRUE,1.43350107570924
1|0|0|1|0|1|0|3|0|1|0|0|0|1|0|0|0,1,1.70468808971871,1.51911139727203,8.67417768775642e-06,beta,2,2,sieve_md,TRUE,1.51911139727203
0|0|0|0|0|1|0|3|0|0|0|1|0|1|0|0|0,1,1.67032004603564,1.87704113294284,0.00152813894795864,beta,2,2,sieve_md,TRUE,1.87704113294284
1|0|0|1|0|1|0|3|0|0|0|1|0|1|0|0|0,1,1.60653065971263,1.56458411318568,0.00136917159247401,beta,2,2,sieve_md,TRUE,1.56458411318568
0|0|0|0|0|1|0|3|0|1|0|1|0|1|0|0|0,1,1.67032004603564,1.48430050263849,0.000429085406358523,beta,2,2,sieve_md,TRUE,1.48430050263849
1|0|0|1|0|1|0|3|0|1|0|1|0|1|0|0|0,1,1.60653065971263,1.71792382071927,0.000495274851319532,beta,2,2,sieve_md,TRUE,1.71792382071927
0|0|0|0|0|1|0|0|1|0|1|0|1|0|0|0|0,0,1.83053730451109,1.77368169622239,0.016620155226473,beta,2,2,sieve_md,FALSE,1.77368169622239
0|0|0|0|0|1|0|0|1|0|0|0|0|1|0|0|0,1,1.77880078307141,1.37911793668577,0.000498331132065192,beta,2,2,sieve_md,TRUE,1.37911793668577
1|0|0|1|0|1|0|0|1|0|0|0|0|1|0|0|0,1,1.70468808971871,1.74916228913287,0.000457885374403654,beta,2,2,sieve_md,TRUE,1.74916228913287
0|0|0|0|0|1|0|0|1|1|0|0|0|1|0|0|0,1,1.77880078307141,1.30244124371914,0.00181797232606506,beta,2,2,sieve_md,TRUE,1.30244124371914
1|0|0|1|0|1|0|0|1|1|0|0|0|1|0|0|0,1,1.70468808971871,1.24339130852321,0.00209641611789465,beta,2,2,sieve_md,TRUE,1.24339130852321
0|0|0|0|0|1|0|0|1|0|0|1|0|1|0|0|0,1,1.67032004603564,1.40546226606044,5.68080918762915e-05,beta,2,2,sieve_md,TRUE,1.40546226606044
1|0|0|1|0|1|0|0|1|0|0|1|0|1|0|0|0,1,1.60653065971263,1.68659054266443,9.00503614321606e-05,beta,2,2,sieve_md,TRUE,1.68659054266443
0|0|0|0|0|1|0|0|1|1|0|1|0|1|0|0|0,1,1.67032004603564,1.35607247717469,0.000271482610645742,beta,2,2,sieve_md,TRUE,1.35607247717469
1|0|0|1|0|1|0|0|1|1|0|1|0|1|0|0|0,1,1.60653065971263,1.55697364099338,0.00054063635915855,beta,2,2,sieve_md,TRUE,1.55697364099338
0|0|0|0|0|1|0|1|1|0|1|0|1|0|0|0|0,0,1.83053730451109,1.73636920958465,0.0215090340674342,beta,2,2,sieve_md,FALSE,1.73636920958465
0|0|0|0|0|1|0|1|1|0|0|0|0|1|0|0|0,1,1.77880078307141,1.51742894919494,0.000248113975040352,beta,2,2,sieve_md,TRUE,1.51742894919494
1|0|0|1|0|1|0|1|1|0|0|0|0|1|0|0|0,1,1.70468808971871,1.42415928113048,0.000152598707242242,beta,2,2,sieve_md,TRUE,1.42415928113048
0|0|0|0|0|1|0|1|1|1|0|0|0|1|0|0|0,1,1.77880078307141,1.33866966269106,0.00112508162684404,beta,2,2,sieve_md,TRUE,1.33866966269106
1|0|0|1|0|1|0|1|1|1|0|0|0|1|0|0|0,1,1.70468808971871,1.4246348651554,0.000856913682278011,beta,2,2,sieve_md,TRUE,1.4246348651554
0|0|0|0|0|1|0|1|1|0|0|1|0|1|0|0|0,1,1.67032004603564,1.5780633871896,0.000171109245599619,beta,2,2,sieve_md,TRUE,1.5780633871896
1|0|0|1|0|1|0|1|1|0|0|1|0|1|0|0|0,1,1.60653065971263,1.69222271742889,0.000181555583863745,beta,2,2,sieve_md,TRUE,1.69222271742889
0|0|0|0|0|1|0|1|1|1|0|1|0|1|0|0|0,1,1.67032004603564,1.40637378049426,0.00101640981181977,beta,2,2,sieve_md,TRUE,1.40637378049426
1|0|0|1|0|1|0|1|1|1|0|1|0|1|0|0|0,1,1.60653065971263,1.55706996471633,0.0013368876285177,beta,2,2,sieve_md,TRUE,1.55706996471633
0|0|0|0|0|1|0|2|1|0|1|0|1|0|0|0|0,0,1.83053730451109,1.66255505320273,0.0181122003680411,beta,2,2,sieve_md,FALSE,1.66255505320273
0|0|0|0|0|1|0|2|1|0|0|0|0|1|0|0|0,1,1.77880078307141,1.52167347353509,3.98591765541312e-05,beta,2,2,sieve_md,TRUE,1.52167347353509
1|0|0|1|0|1|0|2|1|0|0|0|0|1|0|0|0,1,1.70468808971871,1.62469659463588,2.07223272479901e-05,beta,2,2,sieve_md,TRUE,1.62469659463588
0|0|0|0|0|1|0|2|1|1|0|0|0|1|0|0|0,1,1.77880078307141,1.42319017800178,0.000228172812251331,beta,2,2,sieve_md,TRUE,1.42319017800178
1|0|0|1|0|1|0|2|1|1|0|0|0|1|0|0|0,1,1.70468808971871,1.50676424332947,0.000150777275408335,beta,2,2,sieve_md,TRUE,1.50676424332947
0|0|0|0|0|1|0|2|1|0|0|1|0|1|0|0|0,1,1.67032004603564,1.58280530223106,0.000166295554565348,beta,2,2,sieve_md,TRUE,1.58280530223106
1|0|0|1|0|1|0|2|1|0|0|1|0|1|0|0|0,1,1.60653065971263,1.69790109351801,0.000149151405861133,beta,2,2,sieve_md,TRUE,1.69790109351801
0|0|0|0|0|1|0|2|1|1|0|1|0|1|0|0|0,1,1.67032004603564,1.29050806372247,0.00124703539079608,beta,2,2,sieve_md,TRUE,1.29050806372247
1|0|0|1|0|1|0|2|1|1|0|1|0|1|0|0|0,1,1.60653065971263,1.32231697168178,0.00142306188179427,beta,2,2,sieve_md,TRUE,1.32231697168178
0|0|0|0|0|1|0|3|1|0|1|0|1|0|0|0|0,0,1.83053730451109,1.71993578268106,0.0144288683972106,beta,2,2,sieve_md,FALSE,1.71993578268106
0|0|0|0|0|1|0|3|1|0|0|0|0|1|0|0|0,1,1.77880078307141,1.52595281615686,4.19557219562683e-06,beta,2,2,sieve_md,TRUE,1.52595281615686
1|0|0|1|0|1|0|3|1|0|0|0|0|1|0|0|0,1,1.70468808971871,1.62982104680514,2.07139846973198e-06,beta,2,2,sieve_md,TRUE,1.62982104680514
0|0|0|0|0|1|0|3|1|1|0|0|0|1|0|0|0,1,1.77880078307141,1.33622932628583,3.2913166460118e-05,beta,2,2,sieve_md,TRUE,1.33622932628583
1|0|0|1|0|1|0|3|1|1|0|0|0|1|0|0|0,1,1.70468808971871,1.5109212839606,2.09128446456882e-05,beta,2,2,sieve_md,TRUE,1.5109212839606
0|0|0|0|0|1|0|3|1|0|0|1|0|1|0|0|0,1,1.67032004603564,1.58758611570262,0.0001058945437224,beta,2,2,sieve_md,TRUE,1.58758611570262
1|0|0|1|0|1|0|3|1|0|0|1|0|1|0|0|0,1,1.60653065971263,1.70362604992616,9.01950164143109e-05,beta,2,2,sieve_md,TRUE,1.70362604992616
0|0|0|0|0|1|0|3|1|1|0|1|0|1|0|0|0,1,1.67032004603564,2.02879831723345,0.00108821477319784,beta,2,2,sieve_md,TRUE,2.02879831723345
1|0|0|1|0|1|0|3|1|1|0|1|0|1|0|0|0,1,1.60653065971263,1.59166363087642,0.00119407353589049,beta,2,2,sieve_md,TRUE,1.59166363087642
0|0|0|0|0|1|0|0|0|0|1|0|1|0|0|1|0,0,1.83053730451109,2.0713959109622,0.00217191177357548,beta,2,2,sieve_md,FALSE,2.0713959109622
0|0|0|0|0|1|0|0|0|0|0|0|0|1|0|1|0,1,2.22140275816017,1.93632047492777,0.00243812969989423,beta,2,2,sieve_md,TRUE,1.93632047492777
1|0|0|1|0|1|0|0|0|0|0|0|0|1|0|1|0,1,2.10517091807565,1.62970531421501,0.00239311113130031,beta,2,2,sieve_md,TRUE,1.62970531421501
0|0|0|0|0|1|0|0|0|1|0|0|0|1|0|1|0,1,2.22140275816017,1.34100466401934,0.000284870795156022,beta,2,2,sieve_md,TRUE,1.34100466401934
1|0|0|1|0|1|0|0|0|1|0|0|0|1|0|1|0,1,2.10517091807565,1.92181183286985,0.000355398130512882,beta,2,2,sieve_md,TRUE,1.92181183286985
0|0|0|0|0|1|0|0|0|0|0|1|0|1|0|1|0,1,2.05127109637602,1.88753452743098,0.000341577967159091,beta,2,2,sieve_md,TRUE,1.88753452743098
1|0|0|1|0|1|0|0|0|0|0|1|0|1|0|1|0,1,1.95122942450071,1.54781550679355,0.000574002086565029,beta,2,2,sieve_md,TRUE,1.54781550679355
0|0|0|0|0|1|0|0|0|1|0|1|0|1|0|1|0,1,2.05127109637602,1.64804891512222,5.20153711259976e-05,beta,2,2,sieve_md,TRUE,1.64804891512222
1|0|0|1|0|1|0|0|0|1|0|1|0|1|0|1|0,1,1.95122942450071,1.4786940065897,0.000110684793440412,beta,2,2,sieve_md,TRUE,1.4786940065897
0|0|0|0|0|1|0|1|0|0|1|0|1|0|0|1|0,0,1.83053730451109,2.0875091380712,0.00286012815021807,beta,2,2,sieve_md,FALSE,2.0875091380712
0|0|0|0|0|1|0|1|0|0|0|0|0|1|0|1|0,1,2.22140275816017,1.77405289753555,0.00155786501654962,beta,2,2,sieve_md,TRUE,1.77405289753555
1|0|0|1|0|1|0|1|0|0|0|0|0|1|0|1|0,1,2.10517091807565,4.01649961698611,0.00101889602824403,beta,2,2,sieve_md,TRUE,4.01649961698611
0|0|0|0|0|1|0|1|0|1|0|0|0|1|0|1|0,1,2.22140275816017,1.41016928480518,0.000226247873185749,beta,2,2,sieve_md,TRUE,1.41016928480518
1|0|0|1|0|1|0|1|0|1|0|0|0|1|0|1|0,1,2.10517091807565,1.70032795607853,0.000185587040334486,beta,2,2,sieve_md,TRUE,1.70032795607853
0|0|0|0|0|1|0|1|0|0|0|1|0|1|0|1|0,1,2.05127109637602,3.53319041974968,0.00132036175745063,beta,2,2,sieve_md,TRUE,3.53319041974968
1|0|0|1|0|1|0|1|0|0|0|1|0|1|0|1|0,1,1.95122942450071,2.25469156718569,0.00147846327459386,beta,2,2,sieve_md,TRUE,2.25469156718569
0|0|0|0|0|1|0|1|0|1|0|1|0|1|0|1|0,1,2.05127109637602,1.65336492884376,0.00024991846597916,beta,2,2,sieve_md,TRUE,1.65336492884376
1|0|0|1|0|1|0|1|0|1|0|1|0|1|0|1|0,1,1.95122942450071,2.67660796430074,0.000349663687488823,beta,2,2,sieve_md,TRUE,2.67660796430074
0|0|0|0|0|1|0|2|0|0|1|0|1|0|0|1|0,0,1.83053730451109,2.16991283309278,0.00248283107286056,beta,2,2,sieve_md,FALSE,2.16991283309278
0|0|0|0|0|1|0|2|0|0|0|0|0|1|0|1|0,1,2.22140275816017,1.44319947196908,0.00031882067370935,beta,2,2,sieve_md,TRUE,1.44319947196908
1|0|0|1|0|1|0|2|0|0|0|0|0|1|0|1|0,1,2.10517091807565,1.87038754649767,0.000174587127210084,beta,2,2,sieve_md,TRUE,1.87038754649767
0|0|0|0|0|1|0|2|0|1|0|0|0|1|0|1|0,1,2.22140275816017,1.58962937191547,5.84526119723482e-05,beta,2,2,sieve_md,TRUE,1.58962937191547
1|0|0|1|0|1|0|2|0|1|0|0|0|1|0|1|0,1,2.10517091807565,1.70607282029667,4.12041667432106e-05,beta,2,2,sieve_md,TRUE,1.70607282029667
0|0|0|0|0|1|0|2|0|0|0|1|0|1|0|1|0,1,2.05127109637602,1.37608682237349,0.00163470599288486,beta,2,2,sieve_md,TRUE,1.37608682237349
1|0|0|1|0|1|0|2|0|0|0|1|0|1|0|1|0,1,1.95122942450071,4.22594771432027,0.00153257930894659,beta,2,2,sieve_md,TRUE,4.22594771432027
0|0|0|0|0|1|0|2|0|1|0|1|0|1|0|1|0,1,2.05127109637602,1.60604961452544,0.000390614023613703,beta,2,2,sieve_md,TRUE,1.60604961452544
1|0|0|1|0|1|0|2|0|1|0|1|0|1|0|1|0,1,1.95122942450071,1.85109282536923,0.000469649744912425,beta,2,2,sieve_md,TRUE,1.85109282536923
0|0|0|0|0|1|0|3|0|0|1|0|1|0|0|1|0,0,1.83053730451109,2.18868884971708,0.00201208678950288,beta,2,2,sieve_md,FALSE,2.18868884971708
0|0|0|0|0|1|0|3|0|0|0|0|0|1|0|1|0,1,2.22140275816017,1.73280819066277,4.21448978577599e-05,beta,2,2,sieve_md,TRUE,1.73280819066277
1|0|0|1|0|1|0|3|0|0|0|0|0|1|0|1|0,1,2.10517091807565,1.87752742750398,2.16135539369149e-05,beta,2,2,sieve_md,TRUE,1.87752742750398
0|0|0|0|0|1|0|3|0|1|0|0|0|1|0|1|0,1,2.22140275816017,1.59446616395166,1.05887659231592e-05,beta,2,2,sieve_md,TRUE,1.59446616395166
1|0|0|1|0|1|0|3|0|1|0|0|0|1|0|1|0,1,2.10517091807565,1.71186481024298,7.07794523747733e-06,beta,2,2,sieve_md,TRUE,1.71186481024298
0|0|0|0|0|1|0|3|0|0|0|1|0|1|0|1|0,1,2.05127109637602,2.03601497509671,0.00130727890328534,beta,2,2,sieve_md,TRUE,2.03601497509671
1|0|0|1|0|1|0|3|0|0|0|1|0|1|0|1|0,1,1.95122942450071,1.41147012716751,0.0011478020359189,beta,2,2,sieve_md,TRUE,1.41147012716751
0|0|0|0|0|1|0|3|0|1|0|1|0|1|0|1|0,1,2.05127109637602,1.46439537454507,0.000428074466191389,beta,2,2,sieve_md,TRUE,1.46439537454507
1|0|0|1|0|1|0|3|0|1|0|1|0|1|0|1|0,1,1.95122942450071,1.79528403671729,0.000488056634000342,beta,2,2,sieve_md,TRUE,1.79528403671729
0|0|0|0|0|1|0|0|1|0|1|0|1|0|0|1|0,0,1.83053730451109,2.11631389542712,0.0021999105041843,beta,2,2,sieve_md,FALSE,2.11631389542712
0|0|0|0|0|1|0|0|1|0|0|0|0|1|0|1|0,1,2.22140275816017,1.45490505053258,0.000346882639459957,beta,2,2,sieve_md,TRUE,1.45490505053258
1|0|0|1|0|1|0|0|1|0|0|0|0|1|0|1|0,1,2.10517091807565,1.49879991945983,0.000314734221487954,beta,2,2,sieve_md,TRUE,1.49879991945983
0|0|0|0|0|1|0|0|1|1|0|0|0|1|0|1|0,1,2.22140275816017,1.59578058868162,0.00148331648373009,beta,2,2,sieve_md,TRUE,1.59578058868162
1|0|0|1|0|1|0|0|1|1|0|0|0|1|0|1|0,1,2.10517091807565,1.80201183590117,0.00171063114125128,beta,2,2,sieve_md,TRUE,1.80201183590117
0|0|0|0|0|1|0|0|1|0|0|1|0|1|0|1|0,1,2.05127109637602,1.78625676155079,4.85976881519683e-05,beta,2,2,sieve_md,TRUE,1.78625676155079
1|0|0|1|0|1|0|0|1|0|0|1|0|1|0|1|0,1,1.95122942450071,1.94153133400059,7.54908944614469e-05,beta,2,2,sieve_md,TRUE,1.94153133400059
0|0|0|0|0|1|0|0|1|1|0|1|0|1|0|1|0,1,2.05127109637602,1.42829959284913,0.000270842988156343,beta,2,2,sieve_md,TRUE,1.42829959284913
1|0|0|1|0|1|0|0|1|1|0|1|0|1|0|1|0,1,1.95122942450071,1.76378584122729,0.000532757035747186,beta,2,2,sieve_md,TRUE,1.76378584122729
0|0|0|0|0|1|0|1|1|0|1|0|1|0|0|1|0,0,1.83053730451109,2.11616439197287,0.00284702214480146,beta,2,2,sieve_md,FALSE,2.11616439197287
0|0|0|0|0|1|0|1|1|0|0|0|0|1|0|1|0,1,2.22140275816017,1.70955764536964,0.000172709319187467,beta,2,2,sieve_md,TRUE,1.70955764536964
1|0|0|1|0|1|0|1|1|0|0|0|0|1|0|1|0,1,2.10517091807565,1.84968522887804,0.000104890957450883,beta,2,2,sieve_md,TRUE,1.84968522887804
0|0|0|0|0|1|0|1|1|1|0|0|0|1|0|1|0,1,2.22140275816017,2.82312662694115,0.000917974437076171,beta,2,2,sieve_md,TRUE,2.82312662694115
1|0|0|1|0|1|0|1|1|1|0|0|0|1|0|1|0,1,2.10517091807565,2.62207737994144,0.000699223411686598,beta,2,2,sieve_md,TRUE,2.62207737994144
0|0|0|0|0|1|0|1|1|0|0|1|0|1|0|1|0,1,2.05127109637602,1.79270650883919,0.000146379036558333,beta,2,2,sieve_md,TRUE,1.79270650883919
1|0|0|1|0|1|0|1|1|0|0|1|0|1|0|1|0,1,1.95122942450071,1.94925481501261,0.000152201425983944,beta,2,2,sieve_md,TRUE,1.94925481501261
0|0|0|0|0|1|0|1|1|1|0|1|0|1|0|1|0,1,2.05127109637602,1.43302472613736,0.00101401511489042,beta,2,2,sieve_md,TRUE,1.43302472613736
1|0|0|1|0|1|0|1|1|1|0|1|0|1|0|1|0,1,1.95122942450071,1.42549881686909,0.00131740360786075,beta,2,2,sieve_md,TRUE,1.42549881686909
0|0|0|0|0|1|0|2|1|0|1|0|1|0|0|1|0,0,1.83053730451109,2.08157191879327,0.00239740359224069,beta,2,2,sieve_md,FALSE,2.08157191879327
0|0|0|0|0|1|0|2|1|0|0|0|0|1|0|1|0,1,2.22140275816017,1.71537822170422,2.77455199567758e-05,beta,2,2,sieve_md,TRUE,1.71537822170422
1|0|0|1|0|1|0|2|1|0|0|0|0|1|0|1|0,1,2.10517091807565,1.85665528658558,1.4243795278041e-05,beta,2,2,sieve_md,TRUE,1.85665528658558
0|0|0|0|0|1|0|2|1|1|0|0|0|1|0|1|0,1,2.22140275816017,1.80647787397989,0.000186170322121469,beta,2,2,sieve_md,TRUE,1.80647787397989
1|0|0|1|0|1|0|2|1|1|0|0|0|1|0|1|0,1,2.10517091807565,1.45187784954254,0.000123031062633473,beta,2,2,sieve_md,TRUE,1.45187784954254
0|0|0|0|0|1|0|2|1|0|0|1|0|1|0|1|0,1,2.05127109637602,1.79920916408605,0.000142261062375133,beta,2,2,sieve_md,TRUE,1.79920916408605
1|0|0|1|0|1|0|2|1|0|0|1|0|1|0|1|0,1,1.95122942450071,1.52965708744945,0.000125036400293869,beta,2,2,sieve_md,TRUE,1.52965708744945
0|0|0|0|0|1|0|2|1|1|0|1|0|1|0|1|0,1,2.05127109637602,1.70390423603855,0.00124409733196744,beta,2,2,sieve_md,TRUE,1.70390423603855
1|0|0|1|0|1|0|2|1|1|0|1|0|1|0|1|0,1,1.95122942450071,2.77184259721573,0.00140232194336598,beta,2,2,sieve_md,TRUE,2.77184259721573
0|0|0|0|0|1|0|3|1|0|1|0|1|0|0|1|0,0,1.83053730451109,2.13036380121766,0.00190986297769089,beta,2,2,sieve_md,FALSE,2.13036380121766
0|0|0|0|0|1|0|3|1|0|0|0|0|1|0|1|0,1,2.22140275816017,1.72124654484145,2.92049013922223e-06,beta,2,2,sieve_md,TRUE,1.72124654484145
1|0|0|1|0|1|0|3|1|0|0|0|0|1|0|1|0,1,2.10517091807565,1.86368252041292,1.42380609035944e-06,beta,2,2,sieve_md,TRUE,1.86368252041292
0|0|0|0|0|1|0|3|1|1|0|0|0|1|0|1|0,1,2.22140275816017,1.58508716501586,2.68544474754002e-05,beta,2,2,sieve_md,TRUE,1.58508716501586
1|0|0|1|0|1|0|3|1|1|0|0|0|1|0|1|0,1,2.10517091807565,1.7006335918784,1.7064438208475e-05,beta,2,2,sieve_md,TRUE,1.7006335918784
0|0|0|0|0|1|0|3|1|0|0|1|0|1|0|1|0,1,2.05127109637602,1.80576516130095,9.05897354204905e-05,beta,2,2,sieve_md,TRUE,1.80576516130095
1|0|0|1|0|1|0|3|1|0|0|1|0|1|0|1|0,1,1.95122942450071,1.96489236634931,7.56121614260338e-05,beta,2,2,sieve_md,TRUE,1.96489236634931
0|0|0|0|0|1|0|3|1|1|0|1|0|1|0|1|0,1,2.05127109637602,1.85231678684379,0.00108565090127772,beta,2,2,sieve_md,TRUE,1.85231678684379
1|0|0|1|0|1|0|3|1|1|0|1|0|1|0|1|0,1,1.95122942450071,2.73028197264462,0.00117667091135951,beta,2,2,sieve_md,TRUE,2.73028197264462
1|0|0|1|0|1|0|0|0|0|1|0|1|0|0|0|1,0,2.45567738147273,2.27362298322978,0.0119086953768889,beta,2,2,sieve_md,FALSE,2.27362298322978
0|0|0|0|0|1|0|0|0|0|0|0|0|1|0|0|1,1,2.49182469764127,1.63610029496849,0.00302498230758369,beta,2,2,sieve_md,TRUE,1.63610029496849
1|0|0|1|0|1|0|0|0|0|0|0|0|1|0|0|1,1,2.349858807576,1.80201542460392,0.00369902966371158,beta,2,2,sieve_md,TRUE,1.80201542460392
0|0|0|0|0|1|0|0|0|1|0|0|0|1|0|0|1,1,2.49182469764127,1.45815633813096,0.000370120280505743,beta,2,2,sieve_md,TRUE,1.45815633813096
1|0|0|1|0|1|0|0|0|1|0|0|0|1|0|0|1,1,2.349858807576,1.49581670363227,0.000568978215856641,beta,2,2,sieve_md,TRUE,1.49581670363227
0|0|0|0|0|1|0|0|0|0|0|1|0|1|0|0|1,1,2.28402541668774,1.66656655293554,0.000350882670742753,beta,2,2,sieve_md,TRUE,1.66656655293554
1|0|0|1|0|1|0|0|0|0|0|1|0|1|0|0|1,1,2.16183424272828,1.79820400469145,0.000737954671131801,beta,2,2,sieve_md,TRUE,1.79820400469145
0|0|0|0|0|1|0|0|0|1|0|1|0|1|0|0|1,1,2.28402541668774,1.54072984826178,5.66729020607878e-05,beta,2,2,sieve_md,TRUE,1.54072984826178
1|0|0|1|0|1|0|0|0|1|0|1|0|1|0|0|1,1,2.16183424272828,1.64751633342229,0.000149912039557223,beta,2,2,sieve_md,TRUE,1.64751633342229
1|0|0|1|0|1|0|1|0|0|1|0|1|0|0|0|1,0,2.45567738147273,1.92328990263438,0.0132221042607414,beta,2,2,sieve_md,FALSE,1.92328990263438
0|0|0|0|0|1|0|1|0|0|0|0|0|1|0|0|1,1,2.49182469764127,1.90174454305457,0.00193283979636957,beta,2,2,sieve_md,TRUE,1.90174454305457
1|0|0|1|0|1|0|1|0|0|0|0|0|1|0|0|1,1,2.349858807576,1.37170607556147,0.00157490664909686,beta,2,2,sieve_md,TRUE,1.37170607556147
0|0|0|0|0|1|0|1|0|1|0|0|0|1|0|0|1,1,2.49182469764127,1.48798181036555,0.000293954058159854,beta,2,2,sieve_md,TRUE,1.48798181036555
1|0|0|1|0|1|0|1|0|1|0|0|0|1|0|0|1,1,2.349858807576,1.58435130525974,0.00029711744106038,beta,2,2,sieve_md,TRUE,1.58435130525974
0|0|0|0|0|1|0|1|0|0|0|1|0|1|0|0|1,1,2.28402541668774,2.28294352549456,0.00135632887464633,beta,2,2,sieve_md,TRUE,2.28294352549456
1|0|0|1|0|1|0|1|0|0|0|1|0|1|0|0|1,1,2.16183424272828,1.85534355086511,0.00190075768907463,beta,2,2,sieve_md,TRUE,1.85534355086511
0|0|0|0|0|1|0|1|0|1|0|1|0|1|0|0|1,1,2.28402541668774,1.54516551233887,0.000272296523873887,beta,2,2,sieve_md,TRUE,1.54516551233887
1|0|0|1|0|1|0|1|0|1|0|1|0|1|0|0|1,1,2.16183424272828,1.88992114723911,0.000473586252647876,beta,2,2,sieve_md,TRUE,1.88992114723911
1|0|0|1|0|1|0|2|0|0|1|0|1|0|0|0|1,0,2.45567738147273,2.69881853859358,0.0113447292461033,beta,2,2,sieve_md,FALSE,2.69881853859358
0|0|0|0|0|1|0|2|0|0|0|0|0|1|0|0|1,1,2.49182469764127,1.60647770372876,0.000395560128447857,beta,2,2,sieve_md,TRUE,1.60647770372876
1|0|0|1|0|1|0|2|0|0|0|0|0|1|0|0|1,1,2.349858807576,1.46259576335562,0.000269859161158716,beta,2,2,sieve_md,TRUE,1.46259576335562
0|0|0|0|0|1|0|2|0|1|0|0|0|1|0|0|1,1,2.49182469764127,1.36914873319988,7.59449459452304e-05,beta,2,2,sieve_md,TRUE,1.36914873319988
1|0|0|1|0|1|0|2|0|1|0|0|0|1|0|0|1,1,2.349858807576,1.58914480075749,6.59662256680378e-05,beta,2,2,sieve_md,TRUE,1.58914480075749
0|0|0|0|0|1|0|2|0|0|0|1|0|1|0|0|1,1,2.28402541668774,1.74276994506641,0.00167923595726382,beta,2,2,sieve_md,TRUE,1.74276994506641
1|0|0|1|0|1|0|2|0|0|0|1|0|1|0|0|1,1,2.16183424272828,2.55714019143092,0.0019703309210688,beta,2,2,sieve_md,TRUE,2.55714019143092
0|0|0|0|0|1|0|2|0|1|0|1|0|1|0|0|1,1,2.28402541668774,1.54963756263705,0.000425590163534666,beta,2,2,sieve_md,TRUE,1.54963756263705
1|0|0|1|0|1|0|2|0|1|0|1|0|1|0|0|1,1,2.16183424272828,1.85491180338385,0.000636095970809712,beta,2,2,sieve_md,TRUE,1.85491180338385
1|0|0|1|0|1|0|3|0|0|1|0|1|0|0|0|1,0,2.45567738147273,2.2354977537365,0.00914445348574507,beta,2,2,sieve_md,FALSE,2.2354977537365
0|0|0|0|0|1|0|3|0|0|0|0|0|1|0|0|1,1,2.49182469764127,1.61145270441096,5.22890846947871e-05,beta,2,2,sieve_md,TRUE,1.61145270441096
1|0|0|1|0|1|0|3|0|0|0|0|0|1|0|0|1,1,2.349858807576,1.73220595181505,3.34080503430016e-05,beta,2,2,sieve_md,TRUE,1.73220595181505
0|0|0|0|0|1|0|3|0|1|0|0|0|1|0|0|1,1,2.49182469764127,1.49602057981953,1.3757524745711e-05,beta,2,2,sieve_md,TRUE,1.49602057981953
1|0|0|1|0|1|0|3|0|1|0|0|0|1|0|0|1,1,2.349858807576,1.59397761780527,1.13315077019092e-05,beta,2,2,sieve_md,TRUE,1.59397761780527
0|0|0|0|0|1|0|3|0|0|0|1|0|1|0|0|1,1,2.28402541668774,2.29677547045122,0.00134288963894669,beta,2,2,sieve_md,TRUE,2.29677547045122
1|0|0|1|0|1|0|3|0|0|0|1|0|1|0|0|1,1,2.16183424272828,1.59185459744369,0.00147564946847103,beta,2,2,sieve_md,TRUE,1.59185459744369
0|0|0|0|0|1|0|3|0|1|0|1|0|1|0|0|1,1,2.28402541668774,1.55414629763632,0.000466404867869207,beta,2,2,sieve_md,TRUE,1.55414629763632
1|0|0|1|0|1|0|3|0|1|0|1|0|1|0|0|1,1,2.16183424272828,1.79026849214246,0.000661026353740398,beta,2,2,sieve_md,TRUE,1.79026849214246
1|0|0|1|0|1|0|0|1|0|1|0|1|0|0|0|1,0,2.45567738147273,2.59376504185437,0.0135575419796628,beta,2,2,sieve_md,FALSE,2.59376504185437
0|0|0|0|0|1|0|0|1|0|0|0|0|1|0|0|1,1,2.49182469764127,1.58723537333523,0.000430376549377099,beta,2,2,sieve_md,TRUE,1.58723537333523
1|0|0|1|0|1|0|0|1|0|0|0|0|1|0|0|1,1,2.349858807576,1.45478337729743,0.000486484395246839,beta,2,2,sieve_md,TRUE,1.45478337729743
0|0|0|0|0|1|0|0|1|1|0|0|0|1|0|0|1,1,2.49182469764127,1.68941673707943,0.00192720883422355,beta,2,2,sieve_md,TRUE,1.68941673707943
1|0|0|1|0|1|0|0|1|1|0|0|0|1|0|0|1,1,2.349858807576,1.75639186899223,0.00273865215141498,beta,2,2,sieve_md,TRUE,1.75639186899223
0|0|0|0|0|1|0|0|1|0|0|1|0|1|0|0|1,1,2.28402541668774,1.65605001327404,4.99215062157215e-05,beta,2,2,sieve_md,TRUE,1.65605001327404
1|0|0|1|0|1|0|0|1|0|0|1|0|1|0|0|1,1,2.16183424272828,1.78561059742201,9.70534071210754e-05,beta,2,2,sieve_md,TRUE,1.78561059742201
0|0|0|0|0|1|0|0|1|1|0|1|0|1|0|0|1,1,2.28402541668774,1.45343077851685,0.000295094657778261,beta,2,2,sieve_md,TRUE,1.45343077851685
1|0|0|1|0|1|0|0|1|1|0|1|0|1|0|0|1,1,2.16183424272828,1.63730035247947,0.000721568802134668,beta,2,2,sieve_md,TRUE,1.63730035247947
1|0|0|1|0|1|0|1|1|0|1|0|1|0|0|0|1,0,2.45567738147273,2.15178757725388,0.0146460861644001,beta,2,2,sieve_md,FALSE,2.15178757725388
0|0|0|0|0|1|0|1|1|0|0|0|0|1|0|0|1,1,2.49182469764127,1.59205252714813,0.000214280083179978,beta,2,2,sieve_md,TRUE,1.59205252714813
1|0|0|1|0|1|0|1|1|0|0|0|0|1|0|0|1,1,2.349858807576,1.45676281005577,0.000162129855981701,beta,2,2,sieve_md,TRUE,1.45676281005577
0|0|0|0|0|1|0|1|1|1|0|0|0|1|0|0|1,1,2.49182469764127,1.61701015428925,0.00119268440965192,beta,2,2,sieve_md,TRUE,1.61701015428925
1|0|0|1|0|1|0|1|1|1|0|0|0|1|0|0|1,1,2.349858807576,1.29322006656962,0.00111942876202669,beta,2,2,sieve_md,TRUE,1.29322006656962
0|0|0|0|0|1|0|1|1|0|0|1|0|1|0|0|1,1,2.28402541668774,1.43986023801058,0.000150366452835106,beta,2,2,sieve_md,TRUE,1.43986023801058
1|0|0|1|0|1|0|1|1|0|0|1|0|1|0|0|1,1,2.16183424272828,1.54714534965918,0.000195674817020108,beta,2,2,sieve_md,TRUE,1.54714534965918
0|0|0|0|0|1|0|1|1|1|0|1|0|1|0|0|1,1,2.28402541668774,2.09524899415123,0.00110481148265077,beta,2,2,sieve_md,TRUE,2.09524899415123
1|0|0|1|0|1|0|1|1|1|0|1|0|1|0|0|1,1,2.16183424272828,1.5573651754715,0.00178429805609,beta,2,2,sieve_md,TRUE,1.5573651754715
1|0|0|1|0|1|0|2|1|0|1|0|1|0|0|0|1,0,2.45567738147273,2.52282115247649,0.0121869311051466,beta,2,2,sieve_md,FALSE,2.52282115247649
0|0|0|0|0|1|0|2|1|0|0|0|0|1|0|0|1,1,2.49182469764127,1.59690919658272,3.44238073091837e-05,beta,2,2,sieve_md,TRUE,1.59690919658272
1|0|0|1|0|1|0|2|1|0|0|0|0|1|0|0|1,1,2.349858807576,1.71479030721116,2.20166211958071e-05,beta,2,2,sieve_md,TRUE,1.71479030721116
0|0|0|0|0|1|0|2|1|1|0|0|0|1|0|0|1,1,2.49182469764127,1.48422264494487,0.000241883032648902,beta,2,2,sieve_md,TRUE,1.48422264494487
1|0|0|1|0|1|0|2|1|1|0|0|0|1|0|0|1,1,2.349858807576,1.40818293708544,0.000196967818629543,beta,2,2,sieve_md,TRUE,1.40818293708544
0|0|0|0|0|1|0|2|1|0|0|1|0|1|0|0|1,1,2.28402541668774,1.66685745464781,0.000146136303591382,beta,2,2,sieve_md,TRUE,1.66685745464781
1|0|0|1|0|1|0|2|1|0|0|1|0|1|0|0|1,1,2.16183424272828,1.79855235537103,0.00016075062759883,beta,2,2,sieve_md,TRUE,1.79855235537103
0|0|0|0|0|1|0|2|1|1|0|1|0|1|0|0|1,1,2.28402541668774,1.48126978667215,0.00135549559144525,beta,2,2,sieve_md,TRUE,1.48126978667215
1|0|0|1|0|1|0|2|1|1|0|1|0|1|0|0|1,1,2.16183424272828,1.98628878550579,0.00189931187574578,beta,2,2,sieve_md,TRUE,1.98628878550579
1|0|0|1|0|1|0|3|1|0|1|0|1|0|0|0|1,0,2.45567738147273,2.22540026244407,0.00965222548188887,beta,2,2,sieve_md,FALSE,2.22540026244407
0|0|0|0|0|1|0|3|1|0|0|0|0|1|0|0|1,1,2.49182469764127,1.60180570578982,3.623445873697e-06,beta,2,2,sieve_md,TRUE,1.60180570578982
1|0|0|1|0|1|0|3|1|0|0|0|0|1|0|0|1,1,2.349858807576,1.72065380762369,2.20077575785253e-06,beta,2,2,sieve_md,TRUE,1.72065380762369
0|0|0|0|0|1|0|3|1|1|0|0|0|1|0|0|1,1,2.49182469764127,1.358994154022,3.48908199837689e-05,beta,2,2,sieve_md,TRUE,1.358994154022
1|0|0|1|0|1|0|3|1|1|0|0|0|1|0|0|1,1,2.349858807576,1.58460632674936,2.73194841864878e-05,beta,2,2,sieve_md,TRUE,1.58460632674936
0|0|0|0|0|1|0|3|1|0|0|1|0|1|0|0|1,1,2.28402541668774,1.67232775680632,9.30574315743746e-05,beta,2,2,sieve_md,TRUE,1.67232775680632
1|0|0|1|0|1|0|3|1|0|0|1|0|1|0|0|1,1,2.16183424272828,1.80510296471465,9.72093116466258e-05,beta,2,2,sieve_md,TRUE,1.80510296471465
0|0|0|0|0|1|0|3|1|1|0|1|0|1|0|0|1,1,2.28402541668774,1.39349912382056,0.00118286164009636,beta,2,2,sieve_md,TRUE,1.39349912382056
1|0|0|1|0|1|0|3|1|1|0|1|0|1|0|0|1,1,2.16183424272828,2.70432086022545,0.00159368898587253,beta,2,2,sieve_md,TRUE,2.70432086022545
1|0|0|1|0|1|0|0|0|0|1|0|1|0|0|1|1,0,2.45567738147273,2.61342922294943,0.0019055164526257,beta,2,2,sieve_md,FALSE,2.61342922294943
0|0|0|0|0|1|0|0|0|0|0|0|0|1|0|1|1,1,3.33964685192599,2.82576087915269,0.00308826213077438,beta,2,2,sieve_md,TRUE,2.82576087915269
1|0|0|1|0|1|0|0|0|0|0|0|0|1|0|1|1,1,3.11700001661268,3.86656673681131,0.00383856478161443,beta,2,2,sieve_md,TRUE,3.86656673681131
0|0|0|0|0|1|0|0|0|1|0|0|0|1|0|1|1,1,3.33964685192599,1.42823948755888,0.00045191844502641,beta,2,2,sieve_md,TRUE,1.42823948755888
1|0|0|1|0|1|0|0|0|1|0|0|0|1|0|1|1,1,3.11700001661268,2.5001543579208,0.000720090899867005,beta,2,2,sieve_md,TRUE,2.5001543579208
0|0|0|0|0|1|0|0|0|0|0|1|0|1|0|1|1,1,3.01375270747048,1.91407215332459,0.000435241504152723,beta,2,2,sieve_md,TRUE,1.91407215332459
1|0|0|1|0|1|0|0|0|0|0|1|0|1|0|1|1,1,2.82211880039051,1.78363163982898,0.000917954432952705,beta,2,2,sieve_md,TRUE,1.78363163982898
0|0|0|0|0|1|0|0|0|1|0|1|0|1|0|1|1,1,3.01375270747048,1.46753814471188,8.35478866208866e-05,beta,2,2,sieve_md,TRUE,1.46753814471188
1|0|0|1|0|1|0|0|0|1|0|1|0|1|0|1|1,1,2.82211880039051,1.51143114938154,0.000225282267809345,beta,2,2,sieve_md,TRUE,1.51143114938154
1|0|0|1|0|1|0|1|0|0|1|0|1|0|0|1|1,0,2.45567738147273,2.45844833839874,0.00211567568149158,beta,2,2,sieve_md,FALSE,2.45844833839874
0|0|0|0|0|1|0|1|0|0|0|0|0|1|0|1|1,1,3.33964685192599,1.42726430686127,0.00197327301155353,beta,2,2,sieve_md,TRUE,1.42726430686127
1|0|0|1|0|1|0|1|0|0|0|0|0|1|0|1|1,1,3.11700001661268,1.65670461727256,0.00163431541435321,beta,2,2,sieve_md,TRUE,1.65670461727256
0|0|0|0|0|1|0|1|0|1|0|0|0|1|0|1|1,1,3.33964685192599,1.65918010108914,0.000358919161877008,beta,2,2,sieve_md,TRUE,1.65918010108914
1|0|0|1|0|1|0|1|0|1|0|0|0|1|0|1|1,1,3.11700001661268,1.48647907240293,0.000376027692338326,beta,2,2,sieve_md,TRUE,1.48647907240293
0|0|0|0|0|1|0|1|0|0|0|1|0|1|0|1|1,1,3.01375270747048,4.07065449705749,0.00168241600041752,beta,2,2,sieve_md,TRUE,4.07065449705749
1|0|0|1|0|1|0|1|0|0|0|1|0|1|0|1|1,1,2.82211880039051,1.86648057317826,0.00236438498855083,beta,2,2,sieve_md,TRUE,1.86648057317826
0|0|0|0|0|1|0|1|0|1|0|1|0|1|0|1|1,1,3.01375270747048,1.46951859025069,0.000401422871895204,beta,2,2,sieve_md,TRUE,1.46951859025069
1|0|0|1|0|1|0|1|0|1|0|1|0|1|0|1|1,1,2.82211880039051,2.50804686913704,0.000711687902552468,beta,2,2,sieve_md,TRUE,2.50804686913704
1|0|0|1|0|1|0|2|0|0|1|0|1|0|0|1|1,0,2.45567738147273,2.67796730544236,0.00181527594290359,beta,2,2,sieve_md,FALSE,2.67796730544236
0|0|0|0|0|1|0|2|0|0|0|0|0|1|0|1|1,1,3.33964685192599,1.45352318004159,0.00040383487932052,beta,2,2,sieve_md,TRUE,1.45352318004159
1|0|0|1|0|1|0|2|0|0|0|0|0|1|0|1|1,1,3.11700001661268,2.49488421268232,0.000280038811848963,beta,2,2,sieve_md,TRUE,2.49488421268232
0|0|0|0|0|1|0|2|0|1|0|0|0|1|0|1|1,1,3.33964685192599,1.67466569133107,9.27291037180837e-05,beta,2,2,sieve_md,TRUE,1.67466569133107
1|0|0|1|0|1|0|2|0|1|0|0|0|1|0|1|1,1,3.11700001661268,1.80790260818932,8.34859358026736e-05,beta,2,2,sieve_md,TRUE,1.80790260818932
0|0|0|0|0|1|0|2|0|0|0|1|0|1|0|1|1,1,3.01375270747048,1.46241955079686,0.00208295605570865,beta,2,2,sieve_md,TRUE,1.46241955079686
1|0|0|1|0|1|0|2|0|0|0|1|0|1|0|1|1,1,2.82211880039051,1.53992100433225,0.00245092832138988,beta,2,2,sieve_md,TRUE,1.53992100433225
0|0|0|0|0|1|0|2|0|1|0|1|0|1|0|1|1,1,3.01375270747048,1.45371275933077,0.000627410233762513,beta,2,2,sieve_md,TRUE,1.45371275933077
1|0|0|1|0|1|0|2|0|1|0|1|0|1|0|1|1,1,2.82211880039051,1.40737931875922,0.000955901495781457,beta,2,2,sieve_md,TRUE,1.40737931875922
1|0|0|1|0|1|0|3|0|0|1|0|1|0|0|1|1,0,2.45567738147273,2.62040958699099,0.00146320869044765,beta,2,2,sieve_md,FALSE,2.62040958699099
0|0|0|0|0|1|0|3|0|0|0|0|0|1|0|1|1,1,3.33964685192599,1.83849375237272,5.33829238309678e-05,beta,2,2,sieve_md,TRUE,1.83849375237272
1|0|0|1|0|1|0|3|0|0|0|0|0|1|0|1|1,1,3.11700001661268,2.00408439053105,3.46682717165274e-05,beta,2,2,sieve_md,TRUE,2.00408439053105
0|0|0|0|0|1|0|3|0|1|0|0|0|1|0|1|1,1,3.33964685192599,1.68020004528009,1.67979965377704e-05,beta,2,2,sieve_md,TRUE,1.68020004528009
1|0|0|1|0|1|0|3|0|1|0|0|0|1|0|1|1,1,3.11700001661268,1.81452991864472,1.43409982149011e-05,beta,2,2,sieve_md,TRUE,1.81452991864472
0|0|0|0|0|1|0|3|0|0|0|1|0|1|0|1|1,1,3.01375270747048,2.16823934840137,0.00166574571815994,beta,2,2,sieve_md,TRUE,2.16823934840137
1|0|0|1|0|1|0|3|0|0|0|1|0|1|0|1|1,1,2.82211880039051,1.42437583687339,0.00183558560445151,beta,2,2,sieve_md,TRUE,1.42437583687339
0|0|0|0|0|1|0|3|0|1|0|1|0|1|0|1|1,1,3.01375270747048,1.38702725300945,0.000687579770987722,beta,2,2,sieve_md,TRUE,1.38702725300945
1|0|0|1|0|1|0|3|0|1|0|1|0|1|0|1|1,1,2.82211880039051,1.66633169622449,0.000993365953076338,beta,2,2,sieve_md,TRUE,1.66633169622449
1|0|0|1|0|1|0|0|1|0|1|0|1|0|0|1|1,0,2.45567738147273,2.625854180262,0.00216934924286896,beta,2,2,sieve_md,FALSE,2.625854180262
0|0|0|0|0|1|0|0|1|0|0|0|0|1|0|1|1,1,3.33964685192599,1.48763058111054,0.000439379627471713,beta,2,2,sieve_md,TRUE,1.48763058111054
1|0|0|1|0|1|0|0|1|0|0|0|0|1|0|1|1,1,3.11700001661268,3.28384949179163,0.000504835601811794,beta,2,2,sieve_md,TRUE,3.28384949179163
0|0|0|0|0|1|0|0|1|1|0|0|0|1|0|1|1,1,3.33964685192599,2.53900706529074,0.00235313022678301,beta,2,2,sieve_md,TRUE,2.53900706529074
1|0|0|1|0|1|0|0|1|1|0|0|0|1|0|1|1,1,3.11700001661268,2.30703635771618,0.00346599999292768,beta,2,2,sieve_md,TRUE,2.30703635771618
0|0|0|0|0|1|0|0|1|0|0|1|0|1|0|1|1,1,3.01375270747048,1.8996506735615,6.19235809192464e-05,beta,2,2,sieve_md,TRUE,1.8996506735615
1|0|0|1|0|1|0|0|1|0|0|1|0|1|0|1|1,1,2.82211880039051,1.55824854165807,0.000120726392534811,beta,2,2,sieve_md,TRUE,1.55824854165807
0|0|0|0|0|1|0|0|1|1|0|1|0|1|0|1|1,1,3.01375270747048,1.72981155454189,0.000435032160238466,beta,2,2,sieve_md,TRUE,1.72981155454189
1|0|0|1|0|1|0|0|1|1|0|1|0|1|0|1|1,1,2.82211880039051,2.23954933142347,0.00108434690506175,beta,2,2,sieve_md,TRUE,2.23954933142347
1|0|0|1|0|1|0|1|1|0|1|0|1|0|0|1|1,0,2.45567738147273,2.56853119187298,0.00234352775594541,beta,2,2,sieve_md,FALSE,2.56853119187298
0|0|0|0|0|1|0|1|1|0|0|0|0|1|0|1|1,1,3.33964685192599,1.81189001456526,0.000218762623703578,beta,2,2,sieve_md,TRUE,1.81189001456526
1|0|0|1|0|1|0|1|1|0|0|0|0|1|0|1|1,1,3.11700001661268,1.97222679136987,0.000168245732475451,beta,2,2,sieve_md,TRUE,1.97222679136987
0|0|0|0|0|1|0|1|1|1|0|0|0|1|0|1|1,1,3.33964685192599,3.56755223538388,0.00145627276376382,beta,2,2,sieve_md,TRUE,3.56755223538388
1|0|0|1|0|1|0|1|1|1|0|0|0|1|0|1|1,1,3.11700001661268,1.86867322298993,0.00141673343920764,beta,2,2,sieve_md,TRUE,1.86867322298993
0|0|0|0|0|1|0|1|1|0|0|1|0|1|0|1|1,1,3.01375270747048,1.90703060309096,0.000186517393314195,beta,2,2,sieve_md,TRUE,1.90703060309096
1|0|0|1|0|1|0|1|1|0|0|1|0|1|0|1|1,1,2.82211880039051,2.08615629838679,0.000243403250534797,beta,2,2,sieve_md,TRUE,2.08615629838679
0|0|0|0|0|1|0|1|1|1|0|1|0|1|0|1|1,1,3.01375270747048,1.73579827583337,0.0016287266247801,beta,2,2,sieve_md,TRUE,1.73579827583337
1|0|0|1|0|1|0|1|1|1|0|1|0|1|0|1|1,1,2.82211880039051,2.45520888797399,0.00268137711761518,beta,2,2,sieve_md,TRUE,2.45520888797399
1|0|0|1|0|1|0|2|1|0|1|0|1|0|0|1|1,0,2.45567738147273,2.57125241837831,0.00195003709415056,beta,2,2,sieve_md,FALSE,2.57125241837831
0|0|0|0|0|1|0|2|1|0|0|0|0|1|0|1|1,1,3.33964685192599,1.81855003413647,3.51439214184843e-05,beta,2,2,sieve_md,TRUE,1.81855003413647
1|0|0|1|0|1|0|2|1|0|0|0|0|1|0|1|1,1,3.11700001661268,1.98020207046187,2.28471340907205e-05,beta,2,2,sieve_md,TRUE,1.98020207046187
0|0|0|0|0|1|0|2|1|1|0|0|0|1|0|1|1,1,3.33964685192599,1.58135044618214,0.000295340217087261,beta,2,2,sieve_md,TRUE,1.58135044618214
1|0|0|1|0|1|0|2|1|1|0|0|0|1|0|1|1,1,3.11700001661268,1.79515618431876,0.000249279726022982,beta,2,2,sieve_md,TRUE,1.79515618431876
0|0|0|0|0|1|0|2|1|0|0|1|0|1|0|1|1,1,3.01375270747048,1.51850479993811,0.000181270236149859,beta,2,2,sieve_md,TRUE,1.51850479993811
1|0|0|1|0|1|0|2|1|0|0|1|0|1|0|1|1,1,2.82211880039051,2.09506615326228,0.000199960454180689,beta,2,2,sieve_md,TRUE,2.09506615326228
0|0|0|0|0|1|0|2|1|1|0|1|0|1|0|1|1,1,3.01375270747048,1.87966255996553,0.0019982882095522,beta,2,2,sieve_md,TRUE,1.87966255996553
1|0|0|1|0|1|0|2|1|1|0|1|0|1|0|1|1,1,2.82211880039051,2.03057155976337,0.00285421563143968,beta,2,2,sieve_md,TRUE,2.03057155976337
1|0|0|1|0|1|0|3|1|0|1|0|1|0|0|1|1,0,2.45567738147273,2.60108601451893,0.00154445754787601,beta,2,2,sieve_md,FALSE,2.60108601451893
0|0|0|0|0|1|0|3|1|0|0|0|0|1|0|1|1,1,3.33964685192599,1.82526468655189,3.69924499941544e-06,beta,2,2,sieve_md,TRUE,1.82526468655189
1|0|0|1|0|1|0|3|1|0|0|0|0|1|0|1|1,1,3.11700001661268,1.98824277161091,2.28379361192986e-06,beta,2,2,sieve_md,TRUE,1.98824277161091
0|0|0|0|0|1|0|3|1|1|0|0|0|1|0|1|1,1,3.33964685192599,1.45371228158118,4.26018403833901e-05,beta,2,2,sieve_md,TRUE,1.45371228158118
1|0|0|1|0|1|0|3|1|1|0|0|0|1|0|1|1,1,3.11700001661268,1.8016789345124,3.4575158421719e-05,beta,2,2,sieve_md,TRUE,1.8016789345124
0|0|0|0|0|1|0|3|1|0|0|1|0|1|0|1|1,1,3.01375270747048,1.92197257377731,0.000115430198947368,beta,2,2,sieve_md,TRUE,1.92197257377731
1|0|0|1|0|1|0|3|1|0|0|1|0|1|0|1|1,1,2.82211880039051,2.10404909661871,0.000120920324839795,beta,2,2,sieve_md,TRUE,2.10404909661871
0|0|0|0|0|1|0|3|1|1|0|1|0|1|0|1|1,1,3.01375270747048,1.57879702633672,0.00174378912322093,beta,2,2,sieve_md,TRUE,1.57879702633672
1|0|0|1|0|1|0|3|1|1|0|1|0|1|0|1|1,1,2.82211880039051,2.21771277280947,0.00239493685751031,beta,2,2,sieve_md,TRUE,2.21771277280947
0|0|0|0|0|1|0|0|0|0|1|0|1|0|0|0|0,0,1.83053730451109,1.77528693000767,0.016408626962947,beta,2,2,landweber,FALSE,1.77528693000767
0|0|0|0|0|1|0|0|0|0|0|0|0|1|0|0|0,1,1.77880078307141,1.45940341937842,0.00350261383896762,beta,2,2,landweber,TRUE,1.45940341937842
1|0|0|1|0|1|0|0|0|0|0|0|0|1|0|0|0,1,1.70468808971871,1.56352842062182,0.00348157433012709,beta,2,2,landweber,TRUE,1.56352842062182
0|0|0|0|0|1|0|0|0|1|0|0|0|1|0|0|0,1,1.77880078307141,1.43174125495883,0.000349141419095855,beta,2,2,landweber,TRUE,1.43174125495883
1|0|0|1|0|1|0|0|0|1|0|0|0|1|0|0|0,1,1.70468808971871,1.5295965534027,0.000435548231941948,beta,2,2,landweber,TRUE,1.5295965534027
0|0|0|0|0|1|0|0|0|0|0|1|0|1|0|0|0,1,1.67032004603564,1.48012335856996,0.000399286329847866,beta,2,2,landweber,TRUE,1.48012335856996
1|0|0|1|0|1|0|0|0|0|0|1|0|1|0|0|0,1,1.60653065971263,1.58894458888583,0.000684706357326217,beta,2,2,landweber,TRUE,1.58894458888583
0|0|0|0|0|1|0|0|0|1|0|1|0|1|0|0|0,1,1.67032004603564,1.45121357965621,5.21382105666385e-05,beta,2,2,landweber,TRUE,1.45121357965621
1|0|0|1|0|1|0|0|0|1|0|1|0|1|0|0|0,1,1.60653065971263,1.55348233204448,0.000112321789717737,beta,2,2,landweber,TRUE,1.55348233204448
0|0|0|0|0|1|0|1|0|0|1|0|1|0|0|0|0,0,1.83053730451109,1.78030316810721,0.0216080489337248,beta,2,2,landweber,FALSE,1.78030316810721
0|0|0|0|0|1|0|1|0|0|0|0|0|1|0|0|0,1,1.77880078307141,1.46237583751956,0.00223802678194148,beta,2,2,landweber,TRUE,1.46237583751956
1|0|0|1|0|1|0|1|0|0|0|0|0|1|0|0|0,1,1.70468808971871,1.56717454520393,0.00148232240893693,beta,2,2,landweber,TRUE,1.56717454520393
0|0|0|0|0|1|0|1|0|1|0|0|0|1|0|0|0,1,1.77880078307141,1.43453469419847,0.000277292389583944,beta,2,2,landweber,TRUE,1.43453469419847
1|0|0|1|0|1|0|1|0|1|0|0|0|1|0|0|0,1,1.70468808971871,1.53302313304146,0.000227441003058666,beta,2,2,landweber,TRUE,1.53302313304146
0|0|0|0|0|1|0|1|0|0|0|1|0|1|0|0|0,1,1.67032004603564,1.48322983823641,0.0015434321030384,beta,2,2,landweber,TRUE,1.48322983823641
1|0|0|1|0|1|0|1|0|0|0|1|0|1|0|0|0,1,1.60653065971263,1.59275516039289,0.00176360544130717,beta,2,2,landweber,TRUE,1.59275516039289
0|0|0|0|0|1|0|1|0|1|0|1|0|1|0|0|0,1,1.67032004603564,1.45413300814351,0.000250508673141046,beta,2,2,landweber,TRUE,1.45413300814351
1|0|0|1|0|1|0|1|0|1|0|1|0|1|0|0|0,1,1.60653065971263,1.55706345672743,0.000354835112911803,beta,2,2,landweber,TRUE,1.55706345672743
0|0|0|0|0|1|0|2|0|0|1|0|1|0|0|0|0,0,1.83053730451109,1.78535186211912,0.018757598435739,beta,2,2,landweber,FALSE,1.78535186211912
0|0|0|0|0|1|0|2|0|0|0|0|0|1|0|0|0,1,1.77880078307141,1.46536748771086,0.000458017349910382,beta,2,2,landweber,TRUE,1.46536748771086
1|0|0|1|0|1|0|2|0|0|0|0|0|1|0|0|0,1,1.70468808971871,1.57084426083129,0.000253994915871286,beta,2,2,landweber,TRUE,1.57084426083129
0|0|0|0|0|1|0|2|0|1|0|0|0|1|0|0|0,1,1.77880078307141,1.43734620746439,7.16402953230343e-05,beta,2,2,landweber,TRUE,1.43734620746439
1|0|0|1|0|1|0|2|0|1|0|0|0|1|0|0|0,1,1.70468808971871,1.5364718832324,5.0496613326997e-05,beta,2,2,landweber,TRUE,1.5364718832324
0|0|0|0|0|1|0|2|0|0|0|1|0|1|0|0|0,1,1.67032004603564,1.48635641735386,0.0019108836606411,beta,2,2,landweber,TRUE,1.48635641735386
1|0|0|1|0|1|0|2|0|0|0|1|0|1|0|0|0,1,1.60653065971263,1.59659038694472,0.00182815850413023,beta,2,2,landweber,TRUE,1.59659038694472
0|0|0|0|0|1|0|2|0|1|0|1|0|1|0|0|0,1,1.67032004603564,1.45707132582892,0.000391536497242719,beta,2,2,landweber,TRUE,1.45707132582892
1|0|0|1|0|1|0|2|0|1|0|1|0|1|0|0|0,1,1.60653065971263,1.56066775189524,0.000476595729633283,beta,2,2,landweber,TRUE,1.56066775189524
0|0|0|0|0|1|0|3|0|0|1|0|1|0|0|0|0,0,1.83053730451109,1.79043322203869,0.0152011614595537,beta,2,2,landweber,FALSE,1.79043322203869
0|0|0|0|0|1|0|3|0|0|0|0|0|1|0|0|0,1,1.77880078307141,1.46837849438695,6.05453034286365e-05,beta,2,2,landweber,TRUE,1.46837849438695
1|0|0|1|0|1|0|3|0|0|0|0|0|1|0|0|0,1,1.70468808971871,1.57453772014197,3.14440869817413e-05,beta,2,2,landweber,TRUE,1.57453772014197
0|0|0|0|0|1|0|3|0|1|0|0|0|1|0|0|0,1,1.77880078307141,1.4401759116986,1.29777317427742e-05,beta,2,2,landweber,TRUE,1.4401759116986
1|0|0|1|0|1|0|3|0|1|0|0|0|1|0|0|0,1,1.70468808971871,1.53994294742275,8.67417768775642e-06,beta,2,2,landweber,TRUE,1.53994294742275
0|0|0|0|0|1|0|3|0|0|0|1|0|1|0|0|0,1,1.67032004603564,1.48950322596916,0.00152813894795864,beta,2,2,landweber,TRUE,1.48950322596916
1|0|0|1|0|1|0|3|0|0|0|1|0|1|0|0|0,1,1.60653065971263,1.60045042806366,0.00136917159247401,beta,2,2,landweber,TRUE,1.60045042806366
0|0|0|0|0|1|0|3|0|1|0|1|0|1|0|0|0,1,1.67032004603564,1.46002865492874,0.000429085406358523,beta,2,2,landweber,TRUE,1.46002865492874
1|0|0|1|0|1|0|3|0|1|0|1|0|1|0|0|0,1,1.60653065971263,1.56429536746489,0.000495274851319532,beta,2,2,landweber,TRUE,1.56429536746489
0|0|0|0|0|1|0|0|1|0|1|0|1|0|0|0|0,0,1.83053730451109,1.81620253878635,0.016620155226473,beta,2,2,landweber,FALSE,1.81620253878635
0|0|0|0|0|1|0|0|1|0|0|0|0|1|0|0|0,1,1.77880078307141,1.48364834064736,0.000498331132065192,beta,2,2,landweber,TRUE,1.48364834064736
1|0|0|1|0|1|0|0|1|0|0|0|0|1|0|0|0,1,1.70468808971871,1.59326851748324,0.000457885374403654,beta,2,2,landweber,TRUE,1.59326851748324
0|0|0|0|0|1|0|0|1|1|0|0|0|1|0|0|0,1,1.77880078307141,1.45452631117193,0.00181797232606506,beta,2,2,landweber,TRUE,1.45452631117193
1|0|0|1|0|1|0|0|1|1|0|0|0|1|0|0|0,1,1.70468808971871,1.55754590292849,0.00209641611789465,beta,2,2,landweber,TRUE,1.55754590292849
0|0|0|0|0|1|0|0|1|0|0|1|0|1|0|0|0,1,1.67032004603564,1.50546177038164,5.68080918762915e-05,beta,2,2,landweber,TRUE,1.50546177038164
1|0|0|1|0|1|0|0|1|0|0|1|0|1|0|0|0,1,1.60653065971263,1.62002601881646,9.00503614321606e-05,beta,2,2,landweber,TRUE,1.62002601881646
0|0|0|0|0|1|0|0|1|1|0|1|0|1|0|0|0,1,1.67032004603564,1.47502628381292,0.000271482610645742,beta,2,2,landweber,TRUE,1.47502628381292
1|0|0|1|0|1|0|0|1|1|0|1|0|1|0|0|0,1,1.60653065971263,1.58269224864093,0.00054063635915855,beta,2,2,landweber,TRUE,1.58269224864093
0|0|0|0|0|1|0|1|1|0|1|0|1|0|0|0|0,0,1.83053730451109,1.82148350782313,0.0215090340674342,beta,2,2,landweber,FALSE,1.82148350782313
0|0|0|0|0|1|0|1|1|0|0|0|0|1|0|0|0,1,1.77880078307141,1.48677762754648,0.000248113975040352,beta,2,2,landweber,TRUE,1.48677762754648
1|0|0|1|0|1|0|1|1|0|0|0|0|1|0|0|0,1,1.70468808971871,1.59710706554263,0.000152598707242242,beta,2,2,landweber,TRUE,1.59710706554263
0|0|0|0|0|1|0|1|1|1|0|0|0|1|0|0|0,1,1.77880078307141,1.45746717359473,0.00112508162684404,beta,2,2,landweber,TRUE,1.45746717359473
1|0|0|1|0|1|0|1|1|1|0|0|0|1|0|0|0,1,1.70468808971871,1.56115331960515,0.000856913682278011,beta,2,2,landweber,TRUE,1.56115331960515
0|0|0|0|0|1|0|1|1|0|0|1|0|1|0|0|0,1,1.67032004603564,1.50873219387559,0.000171109245599619,beta,2,2,landweber,TRUE,1.50873219387559
1|0|0|1|0|1|0|1|1|0|0|1|0|1|0|0|0,1,1.60653065971263,1.62403769245354,0.000181555583863745,beta,2,2,landweber,TRUE,1.62403769245354
0|0|0|0|0|1|0|1|1|1|0|1|0|1|0|0|0,1,1.67032004603564,1.47809978454009,0.00101640981181977,beta,2,2,landweber,TRUE,1.47809978454009
1|0|0|1|0|1|0|1|1|1|0|1|0|1|0|0|0,1,1.60653065971263,1.5864623664448,0.0013368876285177,beta,2,2,landweber,TRUE,1.5864623664448
0|0|0|0|0|1|0|2|1|0|1|0|1|0|0|0|0,0,1.83053730451109,1.82679864562642,0.0181122003680411,beta,2,2,landweber,FALSE,1.82679864562642
0|0|0|0|0|1|0|2|1|0|0|0|0|1|0|0|0,1,1.77880078307141,1.48992716146327,3.98591765541312e-05,beta,2,2,landweber,TRUE,1.48992716146327
1|0|0|1|0|1|0|2|1|0|0|0|0|1|0|0|0,1,1.70468808971871,1.60097044965985,2.07223272479901e-05,beta,2,2,landweber,TRUE,1.60097044965985
0|0|0|0|0|1|0|2|1|1|0|0|0|1|0|0|0,1,1.77880078307141,1.46042706389682,0.000228172812251331,beta,2,2,landweber,TRUE,1.46042706389682
1|0|0|1|0|1|0|2|1|1|0|0|0|1|0|0|0,1,1.70468808971871,1.56478407688034,0.000150777275408335,beta,2,2,landweber,TRUE,1.56478407688034
0|0|0|0|0|1|0|2|1|0|0|1|0|1|0|0|0,1,1.67032004603564,1.51202377756493,0.000166295554565348,beta,2,2,landweber,TRUE,1.51202377756493
1|0|0|1|0|1|0|2|1|0|0|1|0|1|0|0|0,1,1.60653065971263,1.62807532230034,0.000149151405861133,beta,2,2,landweber,TRUE,1.62807532230034
0|0|0|0|0|1|0|2|1|1|0|1|0|1|0|0|0,1,1.67032004603564,1.48119317133891,0.00124703539079608,beta,2,2,landweber,TRUE,1.48119317133891
1|0|0|1|0|1|0|2|1|1|0|1|0|1|0|0|0,1,1.60653065971263,1.59025687755113,0.00142306188179427,beta,2,2,landweber,TRUE,1.59025687755113
0|0|0|0|0|1|0|3|1|0|1|0|1|0|0|0|0,0,1.83053730451109,1.83214817327394,0.0144288683972106,beta,2,2,landweber,FALSE,1.83214817327394
0|0|0|0|0|1|0|3|1|0|0|0|0|1|0|0|0,1,1.77880078307141,1.49309707339936,4.19557219562683e-06,beta,2,2,landweber,TRUE,1.49309707339936
1|0|0|1|0|1|0|3|1|0|0|0|0|1|0|0|0,1,1.70468808971871,1.6048588305284,2.07139846973198e-06,beta,2,2,landweber,TRUE,1.6048588305284
0|0|0|0|0|1|0|3|1|1|0|0|0|1|0|0|0,1,1.77880078307141,1.46340610519183,3.2913166460118e-05,beta,2,2,landweber,TRUE,1.46340610519183
1|0|0|1|0|1|0|3|1|1|0|0|0|1|0|0|0,1,1.70468808971871,1.56843832577169,2.09128446456882e-05,beta,2,2,landweber,TRUE,1.56843832577169
0|0|0|0|0|1|0|3|1|0|0|1|0|1|0|0|0,1,1.67032004603564,1.51533665835974,0.0001058945437224,beta,2,2,landweber,TRUE,1.51533665835974
1|0|0|1|0|1|0|3|1|0|0|1|0|1|0|0|0,1,1.60653065971263,1.63213907629793,9.01950164143109e-05,beta,2,2,landweber,TRUE,1.63213907629793
0|0|0|0|0|1|0|3|1|1|0|1|0|1|0|0|0,1,1.67032004603564,1.48430657287566,0.00108821477319784,beta,2,2,landweber,TRUE,1.48430657287566
1|0|0|1|0|1|0|3|1|1|0|1|0|1|0|0|0,1,1.60653065971263,1.59407593978871,0.00119407353589049,beta,2,2,landweber,TRUE,1.59407593978871
0|0|0|0|0|1|0|0|0|0|1|0|1|0|0|1|0,0,1.83053730451109,1.82896929317695,0.00217191177357548,beta,2,2,landweber,FALSE,1.82896929317695
0|0|0|0|0|1|0|0|0|0|0|0|0|1|0|1|0,1,2.22140275816017,1.4912133986851,0.00243812969989423,beta,2,2,landweber,TRUE,1.4912133986851
1|0|0|1|0|1|0|0|0|0|0|0|0|1|0|1|0,1,2.10517091807565,1.60254821595324,0.00239311113130031,beta,2,2,landweber,TRUE,1.60254821595324
0|0|0|0|0|1|0|0|0|1|0|0|0|1|0|1|0,1,2.22140275816017,1.46163585261912,0.000284870795156022,beta,2,2,landweber,TRUE,1.46163585261912
1|0|0|1|0|1|0|0|0|1|0|0|0|1|0|1|0,1,2.10517091807565,1.56626684076674,0.000355398130512882,beta,2,2,landweber,TRUE,1.56626684076674
0|0|0|0|0|1|0|0|0|0|0|1|0|1|0|1|0,1,2.05127109637602,1.51336802645124,0.000341577967159091,beta,2,2,landweber,TRUE,1.51336802645124
1|0|0|1|0|1|0|0|0|0|0|1|0|1|0|1|0,1,1.95122942450071,1.62972424875554,0.000574002086565029,beta,2,2,landweber,TRUE,1.62972424875554
0|0|0|0|0|1|0|0|0|1|0|1|0|1|0|1|0,1,2.05127109637602,1.4824564786559,5.20153711259976e-05,beta,2,2,landweber,TRUE,1.4824564786559
1|0|0|1|0|1|0|0|0|1|0|1|0|1|0|1|0,1,1.95122942450071,1.59180651681604,0.000110684793440412,beta,2,2,landweber,TRUE,1.59180651681604
0|0|0|0|0|1|0|1|0|0|1|0|1|0|0|1|0,0,1.83053730451109,1.83433286528275,0.00286012815021807,beta,2,2,landweber,FALSE,1.83433286528275
0|0|0|0|0|1|0|1|0|0|0|0|0|1|0|1|0,1,2.22140275816017,1.49439163279445,0.00155786501654962,beta,2,2,landweber,TRUE,1.49439163279445
1|0|0|1|0|1|0|1|0|0|0|0|0|1|0|1|0,1,2.10517091807565,1.60644680523765,0.00101889602824403,beta,2,2,landweber,TRUE,1.60644680523765
0|0|0|0|0|1|0|1|0|1|0|0|0|1|0|1|0,1,2.22140275816017,1.46462271498244,0.000226247873185749,beta,2,2,landweber,TRUE,1.46462271498244
1|0|0|1|0|1|0|1|0|1|0|0|0|1|0|1|0,1,2.10517091807565,1.56993068339224,0.000185587040334486,beta,2,2,landweber,TRUE,1.56993068339224
0|0|0|0|0|1|0|1|0|0|0|1|0|1|0|1|0,1,2.05127109637602,1.51668960476463,0.00132036175745063,beta,2,2,landweber,TRUE,1.51668960476463
1|0|0|1|0|1|0|1|0|0|0|1|0|1|0|1|0,1,1.95122942450071,1.63379867158733,0.00147846327459386,beta,2,2,landweber,TRUE,1.63379867158733
0|0|0|0|0|1|0|1|0|1|0|1|0|1|0|1|0,1,2.05127109637602,1.48557805400553,0.00024991846597916,beta,2,2,landweber,TRUE,1.48557805400553
1|0|0|1|0|1|0|1|0|1|0|1|0|1|0|1|0,1,1.95122942450071,1.59563560548283,0.000349663687488823,beta,2,2,landweber,TRUE,1.59563560548283
0|0|0|0|0|1|0|2|0|0|1|0|1|0|0|1|0,0,1.83053730451109,1.83973114061093,0.00248283107286056,beta,2,2,landweber,FALSE,1.83973114061093
0|0|0|0|0|1|0|2|0|0|0|0|0|1|0|1|0,1,2.22140275816017,1.49759043061823,0.00031882067370935,beta,2,2,landweber,TRUE,1.49759043061823
1|0|0|1|0|1|0|2|0|0|0|0|0|1|0|1|0,1,2.10517091807565,1.6103706190568,0.000174587127210084,beta,2,2,landweber,TRUE,1.6103706190568
0|0|0|0|0|1|0|2|0|1|0|0|0|1|0|1|0,1,2.22140275816017,1.4676289028525,5.84526119723482e-05,beta,2,2,landweber,TRUE,1.4676289028525
1|0|0|1|0|1|0|2|0|1|0|0|0|1|0|1|0,1,2.10517091807565,1.57361823170174,4.12041667432106e-05,beta,2,2,landweber,TRUE,1.57361823170174
0|0|0|0|0|1|0|2|0|0|0|1|0|1|0|1|0,1,2.05127109637602,1.52003267425379,0.00163470599288486,beta,2,2,landweber,TRUE,1.52003267425379
1|0|0|1|0|1|0|2|0|0|0|1|0|1|0|1|0,1,1.95122942450071,1.63789945662677,0.00153257930894659,beta,2,2,landweber,TRUE,1.63789945662677
0|0|0|0|0|1|0|2|0|1|0|1|0|1|0|1|0,1,2.05127109637602,1.48871982647779,0.000390614023613703,beta,2,2,landweber,TRUE,1.48871982647779
1|0|0|1|0|1|0|2|0|1|0|1|0|1|0|1|0,1,1.95122942450071,1.59948946900357,0.000469649744912425,beta,2,2,landweber,TRUE,1.59948946900357
0|0|0|0|0|1|0|3|0|0|1|0|1|0|0|1|0,0,1.83053730451109,1.84516434369725,0.00201208678950288,beta,2,2,landweber,FALSE,1.84516434369725
0|0|0|0|0|1|0|3|0|0|0|0|0|1|0|1|0,1,2.22140275816017,1.50080992520717,4.21448978577599e-05,beta,2,2,landweber,TRUE,1.50080992520717
1|0|0|1|0|1|0|3|0|0|0|0|0|1|0|1|0,1,2.10517091807565,1.61431982061773,2.16135539369149e-05,beta,2,2,landweber,TRUE,1.61431982061773
0|0|0|0|0|1|0|3|0|1|0|0|0|1|0|1|0,1,2.22140275816017,1.4706545412686,1.05887659231592e-05,beta,2,2,landweber,TRUE,1.4706545412686
1|0|0|1|0|1|0|3|0|1|0|0|0|1|0|1|0,1,2.10517091807565,1.57732963907503,7.07794523747733e-06,beta,2,2,landweber,TRUE,1.57732963907503
0|0|0|0|0|1|0|3|0|0|0|1|0|1|0|1|0,1,2.05127109637602,1.52339737397028,0.00130727890328534,beta,2,2,landweber,TRUE,1.52339737397028
1|0|0|1|0|1|0|3|0|0|0|1|0|1|0|1|0,1,1.95122942450071,1.64202677444183,0.0011478020359189,beta,2,2,landweber,TRUE,1.64202677444183
0|0|0|0|0|1|0|3|0|1|0|1|0|1|0|1|0,1,2.05127109637602,1.49188192675149,0.000428074466191389,beta,2,2,landweber,TRUE,1.49188192675149
1|0|0|1|0|1|0|3|0|1|0|1|0|1|0|1|0,1,1.95122942450071,1.60336826767577,0.000488056634000342,beta,2,2,landweber,TRUE,1.60336826767577
0|0|0|0|0|1|0|0|1|0|1|0|1|0|0|1|0,0,1.83053730451109,1.8727179776657,0.0021999105041843,beta,2,2,landweber,FALSE,1.8727179776657
0|0|0|0|0|1|0|0|1|0|0|0|0|1|0|1|0,1,2.22140275816017,1.51713708509014,0.000346882639459957,beta,2,2,landweber,TRUE,1.51713708509014
1|0|0|1|0|1|0|0|1|0|0|0|0|1|0|1|0,1,2.10517091807565,1.63434757451329,0.000314734221487954,beta,2,2,landweber,TRUE,1.63434757451329
0|0|0|0|0|1|0|0|1|1|0|0|0|1|0|1|0,1,2.22140275816017,1.48599859009463,0.00148331648373009,beta,2,2,landweber,TRUE,1.48599859009463
1|0|0|1|0|1|0|0|1|1|0|0|0|1|0|1|0,1,2.10517091807565,1.59615145718987,0.00171063114125128,beta,2,2,landweber,TRUE,1.59615145718987
0|0|0|0|0|1|0|0|1|0|0|1|0|1|0|1|0,1,2.05127109637602,1.5404609187944,4.85976881519683e-05,beta,2,2,landweber,TRUE,1.5404609187944
1|0|0|1|0|1|0|0|1|0|0|1|0|1|0|1|0,1,1.95122942450071,1.66295781687499,7.54908944614469e-05,beta,2,2,landweber,TRUE,1.66295781687499
0|0|0|0|0|1|0|0|1|1|0|1|0|1|0|1|0,1,2.05127109637602,1.50791802040178,0.000270842988156343,beta,2,2,landweber,TRUE,1.50791802040178
1|0|0|1|0|1|0|0|1|1|0|1|0|1|0|1|0,1,1.95122942450071,1.62303898440643,0.000532757035747186,beta,2,2,landweber,TRUE,1.62303898440643
0|0|0|0|0|1|0|1|1|0|1|0|1|0|0|1|0,0,1.83053730451109,1.87836461118972,0.00284702214480146,beta,2,2,landweber,FALSE,1.87836461118972
0|0|0|0|0|1|0|1|1|0|0|0|0|1|0|1|0,1,2.22140275816017,1.52048304985299,0.000172709319187467,beta,2,2,landweber,TRUE,1.52048304985299
1|0|0|1|0|1|0|1|1|0|0|0|0|1|0|1|0,1,2.10517091807565,1.63845191104788,0.000104890957450883,beta,2,2,landweber,TRUE,1.63845191104788
0|0|0|0|0|1|0|1|1|1|0|0|0|1|0|1|0,1,2.22140275816017,1.4891430835068,0.000917974437076171,beta,2,2,landweber,TRUE,1.4891430835068
1|0|0|1|0|1|0|1|1|1|0|0|0|1|0|1|0,1,2.10517091807565,1.60000865835876,0.000699223411686598,beta,2,2,landweber,TRUE,1.60000865835876
0|0|0|0|0|1|0|1|1|0|0|1|0|1|0|1|0,1,2.05127109637602,1.54395779272227,0.000146379036558333,beta,2,2,landweber,TRUE,1.54395779272227
1|0|0|1|0|1|0|1|1|0|0|1|0|1|0|1|0,1,1.95122942450071,1.66724726653636,0.000152201425983944,beta,2,2,landweber,TRUE,1.66724726653636
0|0|0|0|0|1|0|1|1|1|0|1|0|1|0|1|0,1,2.05127109637602,1.51120433625048,0.00101401511489042,beta,2,2,landweber,TRUE,1.51120433625048
1|0|0|1|0|1|0|1|1|1|0|1|0|1|0|1|0,1,1.95122942450071,1.62707015244255,0.00131740360786075,beta,2,2,landweber,TRUE,1.62707015244255
0|0|0|0|0|1|0|2|1|0|1|0|1|0|0|1|0,0,1.83053730451109,1.88404777939158,0.00239740359224069,beta,2,2,landweber,FALSE,1.88404777939158
0|0|0|0|0|1|0|2|1|0|0|0|0|1|0|1|0,1,2.22140275816017,1.52385066357609,2.77455199567758e-05,beta,2,2,landweber,TRUE,1.52385066357609
1|0|0|1|0|1|0|2|1|0|0|0|0|1|0|1|0,1,2.10517091807565,1.64258280333686,1.4243795278041e-05,beta,2,2,landweber,TRUE,1.64258280333686
0|0|0|0|0|1|0|2|1|1|0|0|0|1|0|1|0,1,2.22140275816017,1.49230792232536,0.000186170322121469,beta,2,2,landweber,TRUE,1.49230792232536
1|0|0|1|0|1|0|2|1|1|0|0|0|1|0|1|0,1,2.10517091807565,1.60389081627425,0.000123031062633473,beta,2,2,landweber,TRUE,1.60389081627425
0|0|0|0|0|1|0|2|1|0|0|1|0|1|0|1|0,1,2.05127109637602,1.54747729201832,0.000142261062375133,beta,2,2,landweber,TRUE,1.54747729201832
1|0|0|1|0|1|0|2|1|0|0|1|0|1|0|1|0,1,1.95122942450071,1.6715644696655,0.000125036400293869,beta,2,2,landweber,TRUE,1.6715644696655
0|0|0|0|0|1|0|2|1|1|0|1|0|1|0|1|0,1,2.05127109637602,1.51451191512083,0.00124409733196744,beta,2,2,landweber,TRUE,1.51451191512083
1|0|0|1|0|1|0|2|1|1|0|1|0|1|0|1|0,1,1.95122942450071,1.63112740282046,0.00140232194336598,beta,2,2,landweber,TRUE,1.63112740282046
0|0|0|0|0|1|0|3|1|0|1|0|1|0|0|1|0,0,1.83053730451109,1.88976771865683,0.00190986297769089,beta,2,2,landweber,FALSE,1.88976771865683
0|0|0|0|0|1|0|3|1|0|0|0|0|1|0|1|0,1,2.22140275816017,1.52724006633189,2.92049013922223e-06,beta,2,2,landweber,TRUE,1.52724006633189
1|0|0|1|0|1|0|3|1|0|0|0|0|1|0|1|0,1,2.10517091807565,1.64674042320048,1.42380609035944e-06,beta,2,2,landweber,TRUE,1.64674042320048
0|0|0|0|0|1|0|3|1|1|0|0|0|1|0|1|0,1,2.22140275816017,1.49549323818854,2.68544474754002e-05,beta,2,2,landweber,TRUE,1.49549323818854
1|0|0|1|0|1|0|3|1|1|0|0|0|1|0|1|0,1,2.10517091807565,1.60779809241074,1.7064438208475e-05,beta,2,2,landweber,TRUE,1.60779809241074
0|0|0|0|0|1|0|3|1|0|0|1|0|1|0|1|0,1,2.05127109637602,1.5510195630725,9.05897354204905e-05,beta,2,2,landweber,TRUE,1.5510195630725
1|0|0|1|0|1|0|3|1|0|0|1|0|1|0|1|0,1,1.95122942450071,1.67590960583205,7.56121614260338e-05,beta,2,2,landweber,TRUE,1.67590960583205
0|0|0|0|0|1|0|3|1|1|0|1|0|1|0|1|0,1,2.05127109637602,1.51784089458817,0.00108565090127772,beta,2,2,landweber,TRUE,1.51784089458817
1|0|0|1|0|1|0|3|1|1|0|1|0|1|0|1|0,1,1.95122942450071,1.63521090429734,0.00117667091135951,beta,2,2,landweber,TRUE,1.63521090429734
1|0|0|1|0|1|0|0|0|0|1|0|1|0|0|0|1,0,2.45567738147273,2.2637778886616,0.0119086953768889,beta,2,2,landweber,FALSE,2.2637778886616
0|0|0|0|0|1|0|0|0|0|0|0|0|1|0|0|1,1,2.49182469764127,1.61049331521886,0.00302498230758369,beta,2,2,landweber,TRUE,1.61049331521886
1|0|0|1|0|1|0|0|0|0|0|0|0|1|0|0|1,1,2.349858807576,1.74886324135535,0.00369902966371158,beta,2,2,landweber,TRUE,1.74886324135535
0|0|0|0|0|1|0|0|0|1|0|0|0|1|0|0|1,1,2.49182469764127,1.57373353993138,0.000370120280505743,beta,2,2,landweber,TRUE,1.57373353993138
1|0|0|1|0|1|0|0|0|1|0|0|0|1|0|0|1,1,2.349858807576,1.70377176567981,0.000568978215856641,beta,2,2,landweber,TRUE,1.70377176567981
0|0|0|0|0|1|0|0|0|0|0|1|0|1|0|0|1,1,2.28402541668774,1.6380276866114,0.000350882670742753,beta,2,2,landweber,TRUE,1.6380276866114
1|0|0|1|0|1|0|0|0|0|0|1|0|1|0|0|1,1,2.16183424272828,1.78263835091951,0.000737954671131801,beta,2,2,landweber,TRUE,1.78263835091951
0|0|0|0|0|1|0|0|0|1|0|1|0|1|0|0|1,1,2.28402541668774,1.59960997784646,5.66729020607878e-05,beta,2,2,landweber,TRUE,1.59960997784646
1|0|0|1|0|1|0|0|0|1|0|1|0|1|0|0|1,1,2.16183424272828,1.73551316675456,0.000149912039557223,beta,2,2,landweber,TRUE,1.73551316675456
1|0|0|1|0|1|0|1|0|0|1|0|1|0|0|0|1,0,2.45567738147273,2.27195474622115,0.0132221042607414,beta,2,2,landweber,FALSE,2.27195474622115
0|0|0|0|0|1|0|1|0|0|0|0|0|1|0|0|1,1,2.49182469764127,1.61444331064478,0.00193283979636957,beta,2,2,landweber,TRUE,1.61444331064478
1|0|0|1|0|1|0|1|0|0|0|0|0|1|0|0|1,1,2.349858807576,1.75370851370193,0.00157490664909686,beta,2,2,landweber,TRUE,1.75370851370193
0|0|0|0|0|1|0|1|0|1|0|0|0|1|0|0|1,1,2.49182469764127,1.57744569336851,0.000293954058159854,beta,2,2,landweber,TRUE,1.57744569336851
1|0|0|1|0|1|0|1|0|1|0|0|0|1|0|0|1,1,2.349858807576,1.70832528852115,0.00029711744106038,beta,2,2,landweber,TRUE,1.70832528852115
0|0|0|0|0|1|0|1|0|0|0|1|0|1|0|0|1,1,2.28402541668774,1.64215583409624,0.00135632887464633,beta,2,2,landweber,TRUE,1.64215583409624
1|0|0|1|0|1|0|1|0|0|0|1|0|1|0|0|1,1,2.16183424272828,1.78770215396079,0.00190075768907463,beta,2,2,landweber,TRUE,1.78770215396079
0|0|0|0|0|1|0|1|0|1|0|1|0|1|0|0|1,1,2.28402541668774,1.60348955623134,0.000272296523873887,beta,2,2,landweber,TRUE,1.60348955623134
1|0|0|1|0|1|0|1|0|1|0|1|0|1|0|0|1,1,2.16183424272828,1.7402720618513,0.000473586252647876,beta,2,2,landweber,TRUE,1.7402720618513
1|0|0|1|0|1|0|2|0|0|1|0|1|0|0|0|1,0,2.45567738147273,2.28018450943774,0.0113447292461033,beta,2,2,landweber,FALSE,2.28018450943774
0|0|0|0|0|1|0|2|0|0|0|0|0|1|0|0|1,1,2.49182469764127,1.61841886321192,0.000395560128447857,beta,2,2,landweber,TRUE,1.61841886321192
1|0|0|1|0|1|0|2|0|0|0|0|0|1|0|0|1,1,2.349858807576,1.75858513578343,0.000269859161158716,beta,2,2,landweber,TRUE,1.75858513578343
0|0|0|0|0|1|0|2|0|1|0|0|0|1|0|0|1,1,2.49182469764127,1.58118186506878,7.59449459452304e-05,beta,2,2,landweber,TRUE,1.58118186506878
1|0|0|1|0|1|0|2|0|1|0|0|0|1|0|0|1,1,2.349858807576,1.71290827342856,6.59662256680378e-05,beta,2,2,landweber,TRUE,1.71290827342856
0|0|0|0|0|1|0|2|0|0|0|1|0|1|0|0|1,1,2.28402541668774,1.64631069139636,0.00167923595726382,beta,2,2,landweber,TRUE,1.64631069139636
1|0|0|1|0|1|0|2|0|0|0|1|0|1|0|0|1,1,2.16183424272828,1.79279872066771,0.0019703309210688,beta,2,2,landweber,TRUE,1.79279872066771
0|0|0|0|0|1|0|2|0|1|0|1|0|1|0|0|1,1,2.28402541668774,1.60739423614721,0.000425590163534666,beta,2,2,landweber,TRUE,1.60739423614721
1|0|0|1|0|1|0|2|0|1|0|1|0|1|0|0|1,1,2.16183424272828,1.7450617478075,0.000636095970809712,beta,2,2,landweber,TRUE,1.7450617478075
1|0|0|1|0|1|0|3|0|0|1|0|1|0|0|0|1,0,2.45567738147273,2.28846752061995,0.00914445348574507,beta,2,2,landweber,FALSE,2.28846752061995
0|0|0|0|0|1|0|3|0|0|0|0|0|1|0|0|1,1,2.49182469764127,1.62242013827931,5.22890846947871e-05,beta,2,2,landweber,TRUE,1.62242013827931
1|0|0|1|0|1|0|3|0|0|0|0|0|1|0|0|1,1,2.349858807576,1.76349331043796,3.34080503430016e-05,beta,2,2,landweber,TRUE,1.76349331043796
0|0|0|0|0|1|0|3|0|1|0|0|0|1|0|0|1,1,2.49182469764127,1.58494221043445,1.3757524745711e-05,beta,2,2,landweber,TRUE,1.58494221043445
1|0|0|1|0|1|0|3|0|1|0|0|0|1|0|0|1,1,2.349858807576,1.71752091102663,1.13315077019092e-05,beta,2,2,landweber,TRUE,1.71752091102663
0|0|0|0|0|1|0|3|0|0|0|1|0|1|0|0|1,1,2.28402541668774,1.65049243132881,0.00134288963894669,beta,2,2,landweber,TRUE,1.65049243132881
1|0|0|1|0|1|0|3|0|0|0|1|0|1|0|0|1,1,2.16183424272828,1.79792826302673,0.00147564946847103,beta,2,2,landweber,TRUE,1.79792826302673
0|0|0|0|0|1|0|3|0|1|0|1|0|1|0|0|1,1,2.28402541668774,1.61132418000524,0.000466404867869207,beta,2,2,landweber,TRUE,1.61132418000524
1|0|0|1|0|1|0|3|0|1|0|1|0|1|0|0|1,1,2.16183424272828,1.74988242384523,0.000661026353740398,beta,2,2,landweber,TRUE,1.74988242384523
1|0|0|1|0|1|0|0|1|0|1|0|1|0|0|0|1,0,2.45567738147273,2.33047350763083,0.0135575419796628,beta,2,2,landweber,FALSE,2.33047350763083
0|0|0|0|0|1|0|0|1|0|0|0|0|1|0|0|1,1,2.49182469764127,1.64271197476371,0.000430376549377099,beta,2,2,landweber,TRUE,1.64271197476371
1|0|0|1|0|1|0|0|1|0|0|0|0|1|0|0|1,1,2.349858807576,1.78838434538289,0.000486484395246839,beta,2,2,landweber,TRUE,1.78838434538289
0|0|0|0|0|1|0|0|1|1|0|0|0|1|0|0|1,1,2.49182469764127,1.60401220987208,0.00192720883422355,beta,2,2,landweber,TRUE,1.60401220987208
1|0|0|1|0|1|0|0|1|1|0|0|0|1|0|0|1,1,2.349858807576,1.74091317632341,0.00273865215141498,beta,2,2,landweber,TRUE,1.74091317632341
0|0|0|0|0|1|0|0|1|0|0|1|0|1|0|0|1,1,2.28402541668774,1.67169946696129,4.99215062157215e-05,beta,2,2,landweber,TRUE,1.67169946696129
1|0|0|1|0|1|0|0|1|0|0|1|0|1|0|0|1,1,2.16183424272828,1.82394192942959,9.70534071210754e-05,beta,2,2,landweber,TRUE,1.82394192942959
0|0|0|0|0|1|0|0|1|1|0|1|0|1|0|0|1,1,2.28402541668774,1.63125427149283,0.000295094657778261,beta,2,2,landweber,TRUE,1.63125427149283
1|0|0|1|0|1|0|0|1|1|0|1|0|1|0|0|1,1,2.16183424272828,1.77432972333213,0.000721568802134668,beta,2,2,landweber,TRUE,1.77432972333213
1|0|0|1|0|1|0|1|1|0|1|0|1|0|0|0|1,0,2.45567738147273,2.33908189717163,0.0146460861644001,beta,2,2,landweber,FALSE,2.33908189717163
0|0|0|0|0|1|0|1|1|0|0|0|0|1|0|0|1,1,2.49182469764127,1.64687043038839,0.000214280083179978,beta,2,2,landweber,TRUE,1.64687043038839
1|0|0|1|0|1|0|1|1|0|0|0|0|1|0|0|1,1,2.349858807576,1.79348532598416,0.000162129855981701,beta,2,2,landweber,TRUE,1.79348532598416
0|0|0|0|0|1|0|1|1|1|0|0|0|1|0|0|1,1,2.49182469764127,1.60792027144576,0.00119268440965192,beta,2,2,landweber,TRUE,1.60792027144576
1|0|0|1|0|1|0|1|1|1|0|0|0|1|0|0|1,1,2.349858807576,1.74570701039912,0.00111942876202669,beta,2,2,landweber,TRUE,1.74570701039912
0|0|0|0|0|1|0|1|1|0|0|1|0|1|0|0|1,1,2.28402541668774,1.67604547658326,0.000150366452835106,beta,2,2,landweber,TRUE,1.67604547658326
1|0|0|1|0|1|0|1|1|0|0|1|0|1|0|0|1,1,2.16183424272828,1.82927297363817,0.000195674817020108,beta,2,2,landweber,TRUE,1.82927297363817
0|0|0|0|0|1|0|1|1|1|0|1|0|1|0|0|1,1,2.28402541668774,1.63533859383156,0.00110481148265077,beta,2,2,landweber,TRUE,1.63533859383156
1|0|0|1|0|1|0|1|1|1|0|1|0|1|0|0|1,1,2.16183424272828,1.77933976814192,0.00178429805609,beta,2,2,landweber,TRUE,1.77933976814192
1|0|0|1|0|1|0|2|1|0|1|0|1|0|0|0|1,0,2.45567738147273,2.34774598445467,0.0121869311051466,beta,2,2,landweber,FALSE,2.34774598445467
0|0|0|0|0|1|0|2|1|0|0|0|0|1|0|0|1,1,2.49182469764127,1.65105579192718,3.44238073091837e-05,beta,2,2,landweber,TRUE,1.65105579192718
1|0|0|1|0|1|0|2|1|0|0|0|0|1|0|0|1,1,2.349858807576,1.79861931079618,2.20166211958071e-05,beta,2,2,landweber,TRUE,1.79861931079618
0|0|0|0|0|1|0|2|1|1|0|0|0|1|0|0|1,1,2.49182469764127,1.61185361884151,0.000241883032648902,beta,2,2,landweber,TRUE,1.61185361884151
1|0|0|1|0|1|0|2|1|1|0|0|0|1|0|0|1,1,2.349858807576,1.7505318613954,0.000196967818629543,beta,2,2,landweber,TRUE,1.7505318613954
0|0|0|0|0|1|0|2|1|0|0|1|0|1|0|0|1,1,2.28402541668774,1.68041960562555,0.000146136303591382,beta,2,2,landweber,TRUE,1.68041960562555
1|0|0|1|0|1|0|2|1|0|0|1|0|1|0|0|1,1,2.16183424272828,1.83463851060812,0.00016075062759883,beta,2,2,landweber,TRUE,1.83463851060812
0|0|0|0|0|1|0|2|1|1|0|1|0|1|0|0|1,1,2.28402541668774,1.63944934242944,0.00135549559144525,beta,2,2,landweber,TRUE,1.63944934242944
1|0|0|1|0|1|0|2|1|1|0|1|0|1|0|0|1,1,2.16183424272828,1.78438222879245,0.00189931187574578,beta,2,2,landweber,TRUE,1.78438222879245
1|0|0|1|0|1|0|3|1|0|1|0|1|0|0|0|1,0,2.45567738147273,2.35646612985381,0.00965222548188887,beta,2,2,landweber,FALSE,2.35646612985381
0|0|0|0|0|1|0|3|1|0|0|0|0|1|0|0|1,1,2.49182469764127,1.65526823346589,3.623445873697e-06,beta,2,2,landweber,TRUE,1.65526823346589
1|0|0|1|0|1|0|3|1|0|0|0|0|1|0|0|1,1,2.349858807576,1.80378651336182,2.20077575785253e-06,beta,2,2,landweber,TRUE,1.80378651336182
0|0|0|0|0|1|0|3|1|1|0|0|0|1|0|0|1,1,2.49182469764127,1.61581241566289,3.48908199837689e-05,beta,2,2,landweber,TRUE,1.61581241566289
1|0|0|1|0|1|0|3|1|1|0|0|0|1|0|0|1,1,2.349858807576,1.75538792999701,2.73194841864878e-05,beta,2,2,landweber,TRUE,1.75538792999701
0|0|0|0|0|1|0|3|1|0|0|1|0|1|0|0|1,1,2.28402541668774,1.68482203602558,9.30574315743746e-05,beta,2,2,landweber,TRUE,1.68482203602558
1|0|0|1|0|1|0|3|1|0|0|1|0|1|0|0|1,1,2.16183424272828,1.84003876351347,9.72093116466258e-05,beta,2,2,landweber,TRUE,1.84003876351347
0|0|0|0|0|1|0|3|1|1|0|1|0|1|0|0|1,1,2.28402541668774,1.64358668826885,0.00118286164009636,beta,2,2,landweber,TRUE,1.64358668826885
1|0|0|1|0|1|0|3|1|1|0|1|0|1|0|0|1,1,2.16183424272828,1.78945731501972,0.00159368898587253,beta,2,2,landweber,TRUE,1.78945731501972
1|0|0|1|0|1|0|0|0|0|1|0|1|0|0|1|1,0,2.45567738147273,2.35128430848963,0.0019055164526257,beta,2,2,landweber,FALSE,2.35128430848963
0|0|0|0|0|1|0|0|0|0|0|0|0|1|0|1|1,1,3.33964685192599,1.65276505048424,0.00308826213077438,beta,2,2,landweber,TRUE,1.65276505048424
1|0|0|1|0|1|0|0|0|0|0|0|0|1|0|1|1,1,3.11700001661268,1.80071597733035,0.00383856478161443,beta,2,2,landweber,TRUE,1.80071597733035
0|0|0|0|0|1|0|0|0|1|0|0|0|1|0|1|1,1,3.33964685192599,1.61345995741747,0.00045191844502641,beta,2,2,landweber,TRUE,1.61345995741747
1|0|0|1|0|1|0|0|0|1|0|0|0|1|0|1|1,1,3.11700001661268,1.75250228086228,0.000720090899867005,beta,2,2,landweber,TRUE,1.75250228086228
0|0|0|0|0|1|0|0|0|0|0|1|0|1|0|1|1,1,3.01375270747048,1.68220595488736,0.000435241504152723,beta,2,2,landweber,TRUE,1.68220595488736
1|0|0|1|0|1|0|0|0|0|0|1|0|1|0|1|1,1,2.82211880039051,1.83682974065937,0.000917954432952705,beta,2,2,landweber,TRUE,1.83682974065937
0|0|0|0|0|1|0|0|0|1|0|1|0|1|0|1|1,1,3.01375270747048,1.6411281298297,8.35478866208866e-05,beta,2,2,landweber,TRUE,1.6411281298297
1|0|0|1|0|1|0|0|0|1|0|1|0|1|0|1|1,1,2.82211880039051,1.78644151780146,0.000225282267809345,beta,2,2,landweber,TRUE,1.78644151780146
1|0|0|1|0|1|0|1|0|0|1|0|1|0|0|1|1,0,2.45567738147273,2.36002734744616,0.00211567568149158,beta,2,2,landweber,FALSE,2.36002734744616
0|0|0|0|0|1|0|1|0|0|0|0|0|1|0|1|1,1,3.33964685192599,1.65698855121609,0.00197327301155353,beta,2,2,landweber,TRUE,1.65698855121609
1|0|0|1|0|1|0|1|0|0|0|0|0|1|0|1|1,1,3.11700001661268,1.80589674568453,0.00163431541435321,beta,2,2,landweber,TRUE,1.80589674568453
0|0|0|0|0|1|0|1|0|1|0|0|0|1|0|1|1,1,3.33964685192599,1.61742914752223,0.000358919161877008,beta,2,2,landweber,TRUE,1.61742914752223
1|0|0|1|0|1|0|1|0|1|0|0|0|1|0|1|1,1,3.11700001661268,1.75737109841246,0.000376027692338326,beta,2,2,landweber,TRUE,1.75737109841246
0|0|0|0|0|1|0|1|0|0|0|1|0|1|0|1|1,1,3.01375270747048,1.68661994327048,0.00168241600041752,beta,2,2,landweber,TRUE,1.68661994327048
1|0|0|1|0|1|0|1|0|0|0|1|0|1|0|1|1,1,2.82211880039051,1.84224417119527,0.00236438498855083,beta,2,2,landweber,TRUE,1.84224417119527
0|0|0|0|0|1|0|1|0|1|0|1|0|1|0|1|1,1,3.01375270747048,1.64527633770869,0.000401422871895204,beta,2,2,landweber,TRUE,1.64527633770869
1|0|0|1|0|1|0|1|0|1|0|1|0|1|0|1|1,1,2.82211880039051,1.79152992797834,0.000711687902552468,beta,2,2,landweber,TRUE,1.79152992797834
1|0|0|1|0|1|0|2|0|0|1|0|1|0|0|1|1,0,2.45567738147273,2.36882695534952,0.00181527594290359,beta,2,2,landweber,FALSE,2.36882695534952
0|0|0|0|0|1|0|2|0|0|0|0|0|1|0|1|1,1,3.33964685192599,1.66123937871493,0.00040383487932052,beta,2,2,landweber,TRUE,1.66123937871493
1|0|0|1|0|1|0|2|0|0|0|0|0|1|0|1|1,1,3.11700001661268,1.81111103448978,0.000280038811848963,beta,2,2,landweber,TRUE,1.81111103448978
0|0|0|0|0|1|0|2|0|1|0|0|0|1|0|1|1,1,3.33964685192599,1.62142401896103,9.27291037180837e-05,beta,2,2,landweber,TRUE,1.62142401896103
1|0|0|1|0|1|0|2|0|1|0|0|0|1|0|1|1,1,3.11700001661268,1.76227141803903,8.34859358026736e-05,beta,2,2,landweber,TRUE,1.76227141803903
0|0|0|0|0|1|0|2|0|0|0|1|0|1|0|1|1,1,3.01375270747048,1.69106249090803,0.00208295605570865,beta,2,2,landweber,TRUE,1.69106249090803
1|0|0|1|0|1|0|2|0|0|0|1|0|1|0|1|1,1,2.82211880039051,1.84769363401624,0.00245092832138988,beta,2,2,landweber,TRUE,1.84769363401624
0|0|0|0|0|1|0|2|0|1|0|1|0|1|0|1|1,1,3.01375270747048,1.64945138519712,0.000627410233762513,beta,2,2,landweber,TRUE,1.64945138519712
1|0|0|1|0|1|0|2|0|1|0|1|0|1|0|1|1,1,2.82211880039051,1.79665126103319,0.000955901495781457,beta,2,2,landweber,TRUE,1.79665126103319
1|0|0|1|0|1|0|3|0|0|1|0|1|0|0|1|1,0,2.45567738147273,2.3776834982104,0.00146320869044765,beta,2,2,landweber,FALSE,2.3776834982104
0|0|0|0|0|1|0|3|0|0|0|0|0|1|0|1|1,1,3.33964685192599,1.66551770978958,5.33829238309678e-05,beta,2,2,landweber,TRUE,1.66551770978958
1|0|0|1|0|1|0|3|0|0|0|0|0|1|0|1|1,1,3.11700001661268,1.8163590606291,3.46682717165274e-05,beta,2,2,landweber,TRUE,1.8163590606291
0|0|0|0|0|1|0|3|0|1|0|0|0|1|0|1|1,1,3.33964685192599,1.62544473789647,1.67979965377704e-05,beta,2,2,landweber,TRUE,1.62544473789647
1|0|0|1|0|1|0|3|0|1|0|0|0|1|0|1|1,1,3.11700001661268,1.76720344356578,1.43409982149011e-05,beta,2,2,landweber,TRUE,1.76720344356578
0|0|0|0|0|1|0|3|0|0|0|1|0|1|0|1|1,1,3.01375270747048,1.69553378258326,0.00166574571815994,beta,2,2,landweber,TRUE,1.69553378258326
1|0|0|1|0|1|0|3|0|0|0|1|0|1|0|1|1,1,2.82211880039051,1.85317835578711,0.00183558560445151,beta,2,2,landweber,TRUE,1.85317835578711
0|0|0|0|0|1|0|3|0|1|0|1|0|1|0|1|1,1,3.01375270747048,1.65365344595182,0.000687579770987722,beta,2,2,landweber,TRUE,1.65365344595182
1|0|0|1|0|1|0|3|0|1|0|1|0|1|0|1|1,1,2.82211880039051,1.80180572998264,0.000993365953076338,beta,2,2,landweber,TRUE,1.80180572998264
1|0|0|1|0|1|0|0|1|0|1|0|1|0|0|1|1,0,2.45567738147273,2.42259806082436,0.00216934924286896,beta,2,2,landweber,FALSE,2.42259806082436
0|0|0|0|0|1|0|0|1|0|0|0|0|1|0|1|1,1,3.33964685192599,1.68721459219099,0.000439379627471713,beta,2,2,landweber,TRUE,1.68721459219099
1|0|0|1|0|1|0|0|1|0|0|0|0|1|0|1|1,1,3.11700001661268,1.84297359886791,0.000504835601811794,beta,2,2,landweber,TRUE,1.84297359886791
0|0|0|0|0|1|0|0|1|1|0|0|0|1|0|1|1,1,3.33964685192599,1.64583518089612,0.00235313022678301,beta,2,2,landweber,TRUE,1.64583518089612
1|0|0|1|0|1|0|0|1|1|0|0|0|1|0|1|1,1,3.11700001661268,1.7922154344537,0.00346599999292768,beta,2,2,landweber,TRUE,1.7922154344537
0|0|0|0|0|1|0|0|1|0|0|1|0|1|0|1|1,1,3.01375270747048,1.7182092342879,6.19235809192464e-05,beta,2,2,landweber,TRUE,1.7182092342879
1|0|0|1|0|1|0|0|1|0|0|1|0|1|0|1|1,1,2.82211880039051,1.88099325865243,0.000120726392534811,beta,2,2,landweber,TRUE,1.88099325865243
0|0|0|0|0|1|0|0|1|1|0|1|0|1|0|1|1,1,3.01375270747048,1.67496353543476,0.000435032160238466,beta,2,2,landweber,TRUE,1.67496353543476
1|0|0|1|0|1|0|0|1|1|0|1|0|1|0|1|1,1,2.82211880039051,1.82794580766399,0.00108434690506175,beta,2,2,landweber,TRUE,1.82794580766399
1|0|0|1|0|1|0|1|1|0|1|0|1|0|0|1|1,0,2.45567738147273,2.43180251186929,0.00234352775594541,beta,2,2,landweber,FALSE,2.43180251186929
0|0|0|0|0|1|0|1|1|0|0|0|0|1|0|1|1,1,3.33964685192599,1.69166098730805,0.000218762623703578,beta,2,2,landweber,TRUE,1.69166098730805
1|0|0|1|0|1|0|1|1|0|0|0|0|1|0|1|1,1,3.11700001661268,1.8484277812098,0.000168245732475451,beta,2,2,landweber,TRUE,1.8484277812098
0|0|0|0|0|1|0|1|1|1|0|0|0|1|0|1|1,1,3.33964685192599,1.65001384419488,0.00145627276376382,beta,2,2,landweber,TRUE,1.65001384419488
1|0|0|1|0|1|0|1|1|1|0|0|0|1|0|1|1,1,3.11700001661268,1.79734120285187,0.00141673343920764,beta,2,2,landweber,TRUE,1.79734120285187
0|0|0|0|0|1|0|1|1|0|0|1|0|1|0|1|1,1,3.01375270747048,1.72285617000296,0.000186517393314195,beta,2,2,landweber,TRUE,1.72285617000296
1|0|0|1|0|1|0|1|1|0|0|1|0|1|0|1|1,1,2.82211880039051,1.88669343464977,0.000243403250534797,beta,2,2,landweber,TRUE,1.88669343464977
0|0|0|0|0|1|0|1|1|1|0|1|0|1|0|1|1,1,3.01375270747048,1.67933066413408,0.0016287266247801,beta,2,2,landweber,TRUE,1.67933066413408
1|0|0|1|0|1|0|1|1|1|0|1|0|1|0|1|1,1,2.82211880039051,1.8333027576447,0.00268137711761518,beta,2,2,landweber,TRUE,1.8333027576447
1|0|0|1|0|1|0|2|1|0|1|0|1|0|0|1|1,0,2.45567738147273,2.44106651727562,0.00195003709415056,beta,2,2,landweber,FALSE,2.44106651727562
0|0|0|0|0|1|0|2|1|0|0|0|0|1|0|1|1,1,3.33964685192599,1.69613615135662,3.51439214184843e-05,beta,2,2,landweber,TRUE,1.69613615135662
1|0|0|1|0|1|0|2|1|0|0|0|0|1|0|1|1,1,3.11700001661268,1.85391725303769,2.28471340907205e-05,beta,2,2,landweber,TRUE,1.85391725303769
0|0|0|0|0|1|0|2|1|1|0|0|0|1|0|1|1,1,3.33964685192599,1.65421954415482,0.000295340217087261,beta,2,2,landweber,TRUE,1.65421954415482
1|0|0|1|0|1|0|2|1|1|0|0|0|1|0|1|1,1,3.11700001661268,1.80250013584205,0.000249279726022982,beta,2,2,landweber,TRUE,1.80250013584205
0|0|0|0|0|1|0|2|1|0|0|1|0|1|0|1|1,1,3.01375270747048,1.72753317218126,0.000181270236149859,beta,2,2,landweber,TRUE,1.72753317218126
1|0|0|1|0|1|0|2|1|0|0|1|0|1|0|1|1,1,2.82211880039051,1.89243049175385,0.000199960454180689,beta,2,2,landweber,TRUE,1.89243049175385
0|0|0|0|0|1|0|2|1|1|0|1|0|1|0|1|1,1,3.01375270747048,1.68372604889773,0.0019982882095522,beta,2,2,landweber,TRUE,1.68372604889773
1|0|0|1|0|1|0|2|1|1|0|1|0|1|0|1|1,1,2.82211880039051,1.83869436800153,0.00285421563143968,beta,2,2,landweber,TRUE,1.83869436800153
1|0|0|1|0|1|0|3|1|0|1|0|1|0|0|1|1,0,2.45567738147273,2.45039046237017,0.00154445754787601,beta,2,2,landweber,FALSE,2.45039046237017
0|0|0|0|0|1|0|3|1|0|0|0|0|1|0|1|1,1,3.33964685192599,1.70064027047657,3.69924499941544e-06,beta,2,2,landweber,TRUE,1.70064027047657
1|0|0|1|0|1|0|3|1|0|0|0|0|1|0|1|1,1,3.11700001661268,1.85944224268055,2.28379361192986e-06,beta,2,2,landweber,TRUE,1.85944224268055
0|0|0|0|0|1|0|3|1|1|0|0|0|1|0|1|1,1,3.33964685192599,1.65845245570773,4.26018403833901e-05,beta,2,2,landweber,TRUE,1.65845245570773
1|0|0|1|0|1|0|3|1|1|0|0|0|1|0|1|1,1,3.11700001661268,1.80769244800479,3.4575158421719e-05,beta,2,2,landweber,TRUE,1.80769244800479
0|0|0|0|0|1|0|3|1|0|0|1|0|1|0|1|1,1,3.01375270747048,1.73224043535792,0.000115430198947368,beta,2,2,landweber,TRUE,1.73224043535792
1|0|0|1|0|1|0|3|1|0|0|1|0|1|0|1|1,1,2.82211880039051,1.89820466859167,0.000120920324839795,beta,2,2,landweber,TRUE,1.89820466859167
0|0|0|0|0|1|0|3|1|1|0|1|0|1|0|1|1,1,3.01375270747048,1.68814987254724,0.00174378912322093,beta,2,2,landweber,TRUE,1.68814987254724
1|0|0|1|0|1|0|3|1|1|0|1|0|1|0|1|1,1,2.82211880039051,1.844120862993,0.00239493685751031,beta,2,2,landweber,TRUE,1.844120862993
0|0|0|0|0|1|0|0|0|0|1|0|1|0|0|0|0,0,1.83053730451109,1.80677850666685,0.016408626962947,beta,2,2,pmmr,FALSE,1.80677850666685
0|0|0|0|0|1|0|0|0|0|0|0|0|1|0|0|0,1,1.77880078307141,2.00285273413217,0.00350261383896762,beta,2,2,pmmr,TRUE,2.00285273413217
1|0|0|1|0|1|0|0|0|0|0|0|0|1|0|0|0,1,1.70468808971871,2.11943667676225,0.00348157433012709,beta,2,2,pmmr,TRUE,2.11943667676225
0|0|0|0|0|1|0|0|0|1|0|0|0|1|0|0|0,1,1.77880078307141,1.97713807130676,0.000349141419095855,beta,2,2,pmmr,TRUE,1.97713807130676
1|0|0|1|0|1|0|0|0|1|0|0|0|1|0|0|0,1,1.70468808971871,2.06672206822,0.000435548231941948,beta,2,2,pmmr,TRUE,2.06672206822
0|0|0|0|0|1|0|0|0|0|0|1|0|1|0|0|0,1,1.67032004603564,2.04307527226441,0.000399286329847866,beta,2,2,pmmr,TRUE,2.04307527226441
1|0|0|1|0|1|0|0|0|0|0|1|0|1|0|0|0,1,1.60653065971263,2.15235138259318,0.000684706357326217,beta,2,2,pmmr,TRUE,2.15235138259318
0|0|0|0|0|1|0|0|0|1|0|1|0|1|0|0|0,1,1.67032004603564,2.01159185254151,5.21382105666385e-05,beta,2,2,pmmr,TRUE,2.01159185254151
1|0|0|1|0|1|0|0|0|1|0|1|0|1|0|0|0,1,1.60653065971263,2.09367185144329,0.000112321789717737,beta,2,2,pmmr,TRUE,2.09367185144329
0|0|0|0|0|1|0|1|0|0|1|0|1|0|0|0|0,0,1.83053730451109,1.81816214537428,0.0216080489337248,beta,2,2,pmmr,FALSE,1.81816214537428
0|0|0|0|0|1|0|1|0|0|0|0|0|1|0|0|0,1,1.77880078307141,2.0230029723755,0.00223802678194148,beta,2,2,pmmr,TRUE,2.0230029723755
1|0|0|1|0|1|0|1|0|0|0|0|0|1|0|0|0,1,1.70468808971871,2.14693896521024,0.00148232240893693,beta,2,2,pmmr,TRUE,2.14693896521024
0|0|0|0|0|1|0|1|0|1|0|0|0|1|0|0|0,1,1.77880078307141,1.99341618383508,0.000277292389583944,beta,2,2,pmmr,TRUE,1.99341618383508
1|0|0|1|0|1|0|1|0|1|0|0|0|1|0|0|0,1,1.70468808971871,2.0881646831556,0.000227441003058666,beta,2,2,pmmr,TRUE,2.0881646831556
0|0|0|0|0|1|0|1|0|0|0|1|0|1|0|0|0,1,1.67032004603564,2.06423472995517,0.0015434321030384,beta,2,2,pmmr,TRUE,2.06423472995517
1|0|0|1|0|1|0|1|0|0|0|1|0|1|0|0|0,1,1.60653065971263,2.18029450187161,0.00176360544130717,beta,2,2,pmmr,TRUE,2.18029450187161
0|0|0|0|0|1|0|1|0|1|0|1|0|1|0|0|0,1,1.67032004603564,2.02859162966804,0.000250508673141046,beta,2,2,pmmr,TRUE,2.02859162966804
1|0|0|1|0|1|0|1|0|1|0|1|0|1|0|0|0,1,1.60653065971263,2.11521518430275,0.000354835112911803,beta,2,2,pmmr,TRUE,2.11521518430275
0|0|0|0|0|1|0|2|0|0|1|0|1|0|0|0|0,0,1.83053730451109,1.83660428897404,0.018757598435739,beta,2,2,pmmr,FALSE,1.83660428897404
0|0|0|0|0|1|0|2|0|0|0|0|0|1|0|0|0,1,1.77880078307141,2.04306705679328,0.000458017349910382,beta,2,2,pmmr,TRUE,2.04306705679328
1|0|0|1|0|1|0|2|0|0|0|0|0|1|0|0|0,1,1.70468808971871,2.16954031820117,0.000253994915871286,beta,2,2,pmmr,TRUE,2.16954031820117
0|0|0|0|0|1|0|2|0|1|0|0|0|1|0|0|0,1,1.77880078307141,2.01060465005981,7.16402953230343e-05,beta,2,2,pmmr,TRUE,2.01060465005981
1|0|0|1|0|1|0|2|0|1|0|0|0|1|0|0|0,1,1.70468808971871,2.10695048811811,5.0496613326997e-05,beta,2,2,pmmr,TRUE,2.10695048811811
0|0|0|0|0|1|0|2|0|0|0|1|0|1|0|0|0,1,1.67032004603564,2.08380717986093,0.0019108836606411,beta,2,2,pmmr,TRUE,2.08380717986093
1|0|0|1|0|1|0|2|0|0|0|1|0|1|0|0|0,1,1.60653065971263,2.20200395769551,0.00182815850413023,beta,2,2,pmmr,TRUE,2.20200395769551
0|0|0|0|0|1|0|2|0|1|0|1|0|1|0|0|0,1,1.67032004603564,2.04527352665416,0.000391536497242719,beta,2,2,pmmr,TRUE,2.04527352665416
1|0|0|1|0|1|0|2|0|1|0|1|0|1|0|0|0,1,1.60653065971263,2.13308583470702,0.000476595729633283,beta,2,2,pmmr,TRUE,2.13308583470702
0|0|0|0|0|1|0|3|0|0|1|0|1|0|0|0|0,0,1.83053730451109,1.86037422028299,0.0152011614595537,beta,2,2,pmmr,FALSE,1.86037422028299
0|0|0|0|0|1|0|3|0|0|0|0|0|1|0|0|0,1,1.77880078307141,2.0606833789897,6.05453034286365e-05,beta,2,2,pmmr,TRUE,2.0606833789897
1|0|0|1|0|1|0|3|0|0|0|0|0|1|0|0|0,1,1.70468808971871,2.18429809067815,3.14440869817413e-05,beta,2,2,pmmr,TRUE,2.18429809067815
0|0|0|0|0|1|0|3|0|1|0|0|0|1|0|0|0,1,1.77880078307141,2.02674267883454,1.29777317427742e-05,beta,2,2,pmmr,TRUE,2.02674267883454
1|0|0|1|0|1|0|3|0|1|0|0|0|1|0|0|0,1,1.70468808971871,2.12074904077811,8.67417768775642e-06,beta,2,2,pmmr,TRUE,2.12074904077811
0|0|0|0|0|1|0|3|0|0|0|1|0|1|0|0|0,1,1.67032004603564,2.09941683782453,0.00152813894795864,beta,2,2,pmmr,TRUE,2.09941683782453
1|0|0|1|0|1|0|3|0|0|0|1|0|1|0|0|0,1,1.60653065971263,2.21460062707806,0.00136917159247401,beta,2,2,pmmr,TRUE,2.21460062707806
0|0|0|0|0|1|0|3|0|1|0|1|0|1|0|0|0,1,1.67032004603564,2.05968170993693,0.000429085406358523,beta,2,2,pmmr,TRUE,2.05968170993693
1|0|0|1|0|1|0|3|0|1|0|1|0|1|0|0|0,1,1.60653065971263,2.1450317835555,0.000495274851319532,beta,2,2,pmmr,TRUE,2.1450317835555
0|0|0|0|0|1|0|0|1|0|1|0|1|0|0|0|0,0,1.83053730451109,1.80183160425907,0.016620155226473,beta,2,2,pmmr,FALSE,1.80183160425907
0|0|0|0|0|1|0|0|1|0|0|0|0|1|0|0|0,1,1.77880078307141,1.97629980956699,0.000498331132065192,beta,2,2,pmmr,TRUE,1.97629980956699
1|0|0|1|0|1|0|0|1|0|0|0|0|1|0|0|0,1,1.70468808971871,2.09166136660056,0.000457885374403654,beta,2,2,pmmr,TRUE,2.09166136660056
0|0|0|0|0|1|0|0|1|1|0|0|0|1|0|0|0,1,1.77880078307141,1.94870274570624,0.00181797232606506,beta,2,2,pmmr,TRUE,1.94870274570624
1|0|0|1|0|1|0|0|1|1|0|0|0|1|0|0|0,1,1.70468808971871,2.03566241395816,0.00209641611789465,beta,2,2,pmmr,TRUE,2.03566241395816
0|0|0|0|0|1|0|0|1|0|0|1|0|1|0|0|0,1,1.67032004603564,2.01307693984545,5.68080918762915e-05,beta,2,2,pmmr,TRUE,2.01307693984545
1|0|0|1|0|1|0|0|1|0|0|1|0|1|0|0|0,1,1.60653065971263,2.11915547477872,9.00503614321606e-05,beta,2,2,pmmr,TRUE,2.11915547477872
0|0|0|0|0|1|0|0|1|1|0|1|0|1|0|0|0,1,1.67032004603564,1.97964851805108,0.000271482610645742,beta,2,2,pmmr,TRUE,1.97964851805108
1|0|0|1|0|1|0|0|1|1|0|1|0|1|0|0|0,1,1.60653065971263,2.05731403548675,0.00054063635915855,beta,2,2,pmmr,TRUE,2.05731403548675
0|0|0|0|0|1|0|1|1|0|1|0|1|0|0|0|0,0,1.83053730451109,1.81243974398639,0.0215090340674342,beta,2,2,pmmr,FALSE,1.81243974398639
0|0|0|0|0|1|0|1|1|0|0|0|0|1|0|0|0,1,1.77880078307141,1.99422073207044,0.000248113975040352,beta,2,2,pmmr,TRUE,1.99422073207044
1|0|0|1|0|1|0|1|1|0|0|0|0|1|0|0|0,1,1.70468808971871,2.11682323349673,0.000152598707242242,beta,2,2,pmmr,TRUE,2.11682323349673
0|0|0|0|0|1|0|1|1|1|0|0|0|1|0|0|0,1,1.77880078307141,1.96293015779605,0.00112508162684404,beta,2,2,pmmr,TRUE,1.96293015779605
1|0|0|1|0|1|0|1|1|1|0|0|0|1|0|0|0,1,1.70468808971871,2.05489715830649,0.000856913682278011,beta,2,2,pmmr,TRUE,2.05489715830649
0|0|0|0|0|1|0|1|1|0|0|1|0|1|0|0|0,1,1.67032004603564,2.03175541108636,0.000171109245599619,beta,2,2,pmmr,TRUE,2.03175541108636
1|0|0|1|0|1|0|1|1|0|0|1|0|1|0|0|0,1,1.60653065971263,2.14431087990576,0.000181555583863745,beta,2,2,pmmr,TRUE,2.14431087990576
0|0|0|0|0|1|0|1|1|1|0|1|0|1|0|0|0,1,1.67032004603564,1.99437547795441,0.00101640981181977,beta,2,2,pmmr,TRUE,1.99437547795441
1|0|0|1|0|1|0|1|1|1|0|1|0|1|0|0|0,1,1.60653065971263,2.07626608354401,0.0013368876285177,beta,2,2,pmmr,TRUE,2.07626608354401
0|0|0|0|0|1|0|2|1|0|1|0|1|0|0|0|0,0,1.83053730451109,1.83025925166171,0.0181122003680411,beta,2,2,pmmr,FALSE,1.83025925166171
0|0|0|0|0|1|0|2|1|0|0|0|0|1|0|0|0,1,1.77880078307141,2.01311857358945,3.98591765541312e-05,beta,2,2,pmmr,TRUE,2.01311857358945
1|0|0|1|0|1|0|2|1|0|0|0|0|1|0|0|0,1,1.70468808971871,2.13830668128428,2.07223272479901e-05,beta,2,2,pmmr,TRUE,2.13830668128428
0|0|0|0|0|1|0|2|1|1|0|0|0|1|0|0|0,1,1.77880078307141,1.9791798032186,0.000228172812251331,beta,2,2,pmmr,TRUE,1.9791798032186
1|0|0|1|0|1|0|2|1|1|0|0|0|1|0|0|0,1,1.70468808971871,2.07278655158206,0.000150777275408335,beta,2,2,pmmr,TRUE,2.07278655158206
0|0|0|0|0|1|0|2|1|0|0|1|0|1|0|0|0,1,1.67032004603564,2.05008537500143,0.000166295554565348,beta,2,2,pmmr,TRUE,2.05008537500143
1|0|0|1|0|1|0|2|1|0|0|1|0|1|0|0|0,1,1.60653065971263,2.16471937190499,0.000149151405861133,beta,2,2,pmmr,TRUE,2.16471937190499
0|0|0|0|0|1|0|2|1|1|0|1|0|1|0|0|0,1,1.67032004603564,2.01006920581277,0.00124703539079608,beta,2,2,pmmr,TRUE,2.01006920581277
1|0|0|1|0|1|0|2|1|1|0|1|0|1|0|0|0,1,1.60653065971263,2.09310502694091,0.00142306188179427,beta,2,2,pmmr,TRUE,2.09310502694091
0|0|0|0|0|1|0|3|1|0|1|0|1|0|0|0|0,0,1.83053730451109,1.8536280327243,0.0144288683972106,beta,2,2,pmmr,FALSE,1.8536280327243
0|0|0|0|0|1|0|3|1|0|0|0|0|1|0|0|0,1,1.77880078307141,2.0308256725347,4.19557219562683e-06,beta,2,2,pmmr,TRUE,2.0308256725347
1|0|0|1|0|1|0|3|1|0|0|0|0|1|0|0|0,1,1.70468808971871,2.15337325308008,2.07139846973198e-06,beta,2,2,pmmr,TRUE,2.15337325308008
0|0|0|0|0|1|0|3|1|1|0|0|0|1|0|0|0,1,1.77880078307141,1.99565155443842,3.2913166460118e-05,beta,2,2,pmmr,TRUE,1.99565155443842
1|0|0|1|0|1|0|3|1|1|0|0|0|1|0|0|0,1,1.70468808971871,2.08716914787802,2.09128446456882e-05,beta,2,2,pmmr,TRUE,2.08716914787802
0|0|0|0|0|1|0|3|1|0|0|1|0|1|0|0|0,1,1.67032004603564,2.06590202369396,0.0001058945437224,beta,2,2,pmmr,TRUE,2.06590202369396
1|0|0|1|0|1|0|3|1|0|0|1|0|1|0|0|0,1,1.60653065971263,2.17774016111792,9.01950164143109e-05,beta,2,2,pmmr,TRUE,2.17774016111792
0|0|0|0|0|1|0|3|1|1|0|1|0|1|0|0|0,1,1.67032004603564,2.0249463205145,0.00108821477319784,beta,2,2,pmmr,TRUE,2.0249463205145
1|0|0|1|0|1|0|3|1|1|0|1|0|1|0|0|0,1,1.60653065971263,2.10577193568124,0.00119407353589049,beta,2,2,pmmr,TRUE,2.10577193568124
0|0|0|0|0|1|0|0|0|0|1|0|1|0|0|1|0,0,1.83053730451109,1.98031617407671,0.00217191177357548,beta,2,2,pmmr,FALSE,1.98031617407671
0|0|0|0|0|1|0|0|0|0|0|0|0|1|0|1|0,1,2.22140275816017,2.25282002142668,0.00243812969989423,beta,2,2,pmmr,TRUE,2.25282002142668
1|0|0|1|0|1|0|0|0|0|0|0|0|1|0|1|0,1,2.10517091807565,2.37075822767992,0.00239311113130031,beta,2,2,pmmr,TRUE,2.37075822767992
0|0|0|0|0|1|0|0|0|1|0|0|0|1|0|1|0,1,2.22140275816017,2.21245164456561,0.000284870795156022,beta,2,2,pmmr,TRUE,2.21245164456561
1|0|0|1|0|1|0|0|0|1|0|0|0|1|0|1|0,1,2.10517091807565,2.30744321448774,0.000355398130512882,beta,2,2,pmmr,TRUE,2.30744321448774
0|0|0|0|0|1|0|0|0|0|0|1|0|1|0|1|0,1,2.05127109637602,2.28271048683829,0.000341577967159091,beta,2,2,pmmr,TRUE,2.28271048683829
1|0|0|1|0|1|0|0|0|0|0|1|0|1|0|1|0,1,1.95122942450071,2.3967220526675,0.000574002086565029,beta,2,2,pmmr,TRUE,2.3967220526675
0|0|0|0|0|1|0|0|0|1|0|1|0|1|0|1|0,1,2.05127109637602,2.24086756138225,5.20153711259976e-05,beta,2,2,pmmr,TRUE,2.24086756138225
1|0|0|1|0|1|0|0|0|1|0|1|0|1|0|1|0,1,1.95122942450071,2.33218825653628,0.000110684793440412,beta,2,2,pmmr,TRUE,2.33218825653628
0|0|0|0|0|1|0|1|0|0|1|0|1|0|0|1|0,0,1.83053730451109,1.99748461624219,0.00286012815021807,beta,2,2,pmmr,FALSE,1.99748461624219
0|0|0|0|0|1|0|1|0|0|0|0|0|1|0|1|0,1,2.22140275816017,2.28259247053454,0.00155786501654962,beta,2,2,pmmr,TRUE,2.28259247053454
1|0|0|1|0|1|0|1|0|0|0|0|0|1|0|1|0,1,2.10517091807565,2.40926368289386,0.00101889602824403,beta,2,2,pmmr,TRUE,2.40926368289386
0|0|0|0|0|1|0|1|0|1|0|0|0|1|0|1|0,1,2.22140275816017,2.23740362868699,0.000226247873185749,beta,2,2,pmmr,TRUE,2.23740362868699
1|0|0|1|0|1|0|1|0|1|0|0|0|1|0|1|0,1,2.10517091807565,2.33895103341983,0.000185587040334486,beta,2,2,pmmr,TRUE,2.33895103341983
0|0|0|0|0|1|0|1|0|0|0|1|0|1|0|1|0,1,2.05127109637602,2.31345318771552,0.00132036175745063,beta,2,2,pmmr,TRUE,2.31345318771552
1|0|0|1|0|1|0|1|0|0|0|1|0|1|0|1|0,1,1.95122942450071,2.4357610240114,0.00147846327459386,beta,2,2,pmmr,TRUE,2.4357610240114
0|0|0|0|0|1|0|1|0|1|0|1|0|1|0|1|0,1,2.05127109637602,2.2667657681789,0.00024991846597916,beta,2,2,pmmr,TRUE,2.2667657681789
1|0|0|1|0|1|0|1|0|1|0|1|0|1|0|1|0,1,1.95122942450071,2.36418986850752,0.000349663687488823,beta,2,2,pmmr,TRUE,2.36418986850752
0|0|0|0|0|1|0|2|0|0|1|0|1|0|0|1|0,0,1.83053730451109,2.01554087371759,0.00248283107286056,beta,2,2,pmmr,FALSE,2.01554087371759
0|0|0|0|0|1|0|2|0|0|0|0|0|1|0|1|0,1,2.22140275816017,2.30094225675122,0.00031882067370935,beta,2,2,pmmr,TRUE,2.30094225675122
1|0|0|1|0|1|0|2|0|0|0|0|0|1|0|1|0,1,2.10517091807565,2.43047242419912,0.000174587127210084,beta,2,2,pmmr,TRUE,2.43047242419912
0|0|0|0|0|1|0|2|0|1|0|0|0|1|0|1|0,1,2.22140275816017,2.2529162531749,5.84526119723482e-05,beta,2,2,pmmr,TRUE,2.2529162531749
1|0|0|1|0|1|0|2|0|1|0|0|0|1|0|1|0,1,2.10517091807565,2.3564398054174,4.12041667432106e-05,beta,2,2,pmmr,TRUE,2.3564398054174
0|0|0|0|0|1|0|2|0|0|0|1|0|1|0|1|0,1,2.05127109637602,2.33146068701128,0.00163470599288486,beta,2,2,pmmr,TRUE,2.33146068701128
1|0|0|1|0|1|0|2|0|0|0|1|0|1|0|1|0,1,1.95122942450071,2.45629887913111,0.00153257930894659,beta,2,2,pmmr,TRUE,2.45629887913111
0|0|0|0|0|1|0|2|0|1|0|1|0|1|0|1|0,1,2.05127109637602,2.28201452982505,0.000390614023613703,beta,2,2,pmmr,TRUE,2.28201452982505
1|0|0|1|0|1|0|2|0|1|0|1|0|1|0|1|0,1,1.95122942450071,2.38106846281157,0.000469649744912425,beta,2,2,pmmr,TRUE,2.38106846281157
0|0|0|0|0|1|0|3|0|0|1|0|1|0|0|1|0,0,1.83053730451109,2.03240193950345,0.00201208678950288,beta,2,2,pmmr,FALSE,2.03240193950345
0|0|0|0|0|1|0|3|0|0|0|0|0|1|0|1|0,1,2.22140275816017,2.30526880781649,4.21448978577599e-05,beta,2,2,pmmr,TRUE,2.30526880781649
1|0|0|1|0|1|0|3|0|0|0|0|0|1|0|1|0,1,2.10517091807565,2.43115841133479,2.16135539369149e-05,beta,2,2,pmmr,TRUE,2.43115841133479
0|0|0|0|0|1|0|3|0|1|0|0|0|1|0|1|0,1,2.22140275816017,2.25685780481269,1.05887659231592e-05,beta,2,2,pmmr,TRUE,2.25685780481269
1|0|0|1|0|1|0|3|0|1|0|0|0|1|0|1|0,1,2.10517091807565,2.35735306221629,7.07794523747733e-06,beta,2,2,pmmr,TRUE,2.35735306221629
0|0|0|0|0|1|0|3|0|0|0|1|0|1|0|1|0,1,2.05127109637602,2.33414375860188,0.00130727890328534,beta,2,2,pmmr,TRUE,2.33414375860188
1|0|0|1|0|1|0|3|0|0|0|1|0|1|0|1|0,1,1.95122942450071,2.45518215247367,0.0011478020359189,beta,2,2,pmmr,TRUE,2.45518215247367
0|0|0|0|0|1|0|3|0|1|0|1|0|1|0|1|0,1,2.05127109637602,2.28448721091193,0.000428074466191389,beta,2,2,pmmr,TRUE,2.28448721091193
1|0|0|1|0|1|0|3|0|1|0|1|0|1|0|1|0,1,1.95122942450071,2.38033243323387,0.000488056634000342,beta,2,2,pmmr,TRUE,2.38033243323387
0|0|0|0|0|1|0|0|1|0|1|0|1|0|0|1|0,0,1.83053730451109,1.96877648818316,0.0021999105041843,beta,2,2,pmmr,FALSE,1.96877648818316
0|0|0|0|0|1|0|0|1|0|0|0|0|1|0|1|0,1,2.22140275816017,2.21244924444008,0.000346882639459957,beta,2,2,pmmr,TRUE,2.21244924444008
1|0|0|1|0|1|0|0|1|0|0|0|0|1|0|1|0,1,2.10517091807565,2.33268236265192,0.000314734221487954,beta,2,2,pmmr,TRUE,2.33268236265192
0|0|0|0|0|1|0|0|1|1|0|0|0|1|0|1|0,1,2.22140275816017,2.17300340403597,0.00148331648373009,beta,2,2,pmmr,TRUE,2.17300340403597
1|0|0|1|0|1|0|0|1|1|0|0|0|1|0|1|0,1,2.10517091807565,2.26855681422684,0.00171063114125128,beta,2,2,pmmr,TRUE,2.26855681422684
0|0|0|0|0|1|0|0|1|0|0|1|0|1|0|1|0,1,2.05127109637602,2.24112127430405,4.85976881519683e-05,beta,2,2,pmmr,TRUE,2.24112127430405
1|0|0|1|0|1|0|0|1|0|0|1|0|1|0|1|0,1,1.95122942450071,2.35519340018323,7.54908944614469e-05,beta,2,2,pmmr,TRUE,2.35519340018323
0|0|0|0|0|1|0|0|1|1|0|1|0|1|0|1|0,1,2.05127109637602,2.19984095515688,0.000270842988156343,beta,2,2,pmmr,TRUE,2.19984095515688
1|0|0|1|0|1|0|0|1|1|0|1|0|1|0|1|0,1,1.95122942450071,2.28964445648853,0.000532757035747186,beta,2,2,pmmr,TRUE,2.28964445648853
0|0|0|0|0|1|0|1|1|0|1|0|1|0|0|1|0,0,1.83053730451109,1.98504528694563,0.00284702214480146,beta,2,2,pmmr,FALSE,1.98504528694563
0|0|0|0|0|1|0|1|1|0|0|0|0|1|0|1|0,1,2.22140275816017,2.23940427639099,0.000172709319187467,beta,2,2,pmmr,TRUE,2.23940427639099
1|0|0|1|0|1|0|1|1|0|0|0|0|1|0|1|0,1,2.10517091807565,2.36846525630244,0.000104890957450883,beta,2,2,pmmr,TRUE,2.36846525630244
0|0|0|0|0|1|0|1|1|1|0|0|0|1|0|1|0,1,2.22140275816017,2.19547121012162,0.000917974437076171,beta,2,2,pmmr,TRUE,2.19547121012162
1|0|0|1|0|1|0|1|1|1|0|0|0|1|0|1|0,1,2.10517091807565,2.29759128082225,0.000699223411686598,beta,2,2,pmmr,TRUE,2.29759128082225
0|0|0|0|0|1|0|1|1|0|0|1|0|1|0|1|0,1,2.05127109637602,2.26890862519456,0.000146379036558333,beta,2,2,pmmr,TRUE,2.26890862519456
1|0|0|1|0|1|0|1|1|0|0|1|0|1|0|1|0,1,1.95122942450071,2.39115589674297,0.000152201425983944,beta,2,2,pmmr,TRUE,2.39115589674297
0|0|0|0|0|1|0|1|1|1|0|1|0|1|0|1|0,1,2.05127109637602,2.22312252187498,0.00101401511489042,beta,2,2,pmmr,TRUE,2.22312252187498
1|0|0|1|0|1|0|1|1|1|0|1|0|1|0|1|0,1,1.95122942450071,2.318854203138,0.00131740360786075,beta,2,2,pmmr,TRUE,2.318854203138
0|0|0|0|0|1|0|2|1|0|1|0|1|0|0|1|0,0,1.83053730451109,2.00267374660235,0.00239740359224069,beta,2,2,pmmr,FALSE,2.00267374660235
0|0|0|0|0|1|0|2|1|0|0|0|0|1|0|1|0,1,2.22140275816017,2.25695094368563,2.77455199567758e-05,beta,2,2,pmmr,TRUE,2.25695094368563
1|0|0|1|0|1|0|2|1|0|0|0|0|1|0|1|0,1,2.10517091807565,2.3889824764865,1.4243795278041e-05,beta,2,2,pmmr,TRUE,2.3889824764865
0|0|0|0|0|1|0|2|1|1|0|0|0|1|0|1|0,1,2.22140275816017,2.21041446193729,0.000186170322121469,beta,2,2,pmmr,TRUE,2.21041446193729
1|0|0|1|0|1|0|2|1|1|0|0|0|1|0|1|0,1,2.10517091807565,2.31460440702474,0.000123031062633473,beta,2,2,pmmr,TRUE,2.31460440702474
0|0|0|0|0|1|0|2|1|0|0|1|0|1|0|1|0,1,2.05127109637602,2.28606229519368,0.000142261062375133,beta,2,2,pmmr,TRUE,2.28606229519368
1|0|0|1|0|1|0|2|1|0|0|1|0|1|0|1|0,1,1.95122942450071,2.41084525522951,0.000125036400293869,beta,2,2,pmmr,TRUE,2.41084525522951
0|0|0|0|0|1|0|2|1|1|0|1|0|1|0|1|0,1,2.05127109637602,2.23777395138521,0.00124409733196744,beta,2,2,pmmr,TRUE,2.23777395138521
1|0|0|1|0|1|0|2|1|1|0|1|0|1|0|1|0,1,1.95122942450071,2.3351435551879,0.00140232194336598,beta,2,2,pmmr,TRUE,2.3351435551879
0|0|0|0|0|1|0|3|1|0|1|0|1|0|0|1|0,0,1.83053730451109,2.01964817569924,0.00190986297769089,beta,2,2,pmmr,FALSE,2.01964817569924
0|0|0|0|0|1|0|3|1|0|0|0|0|1|0|1|0,1,2.22140275816017,2.26266343339033,2.92049013922223e-06,beta,2,2,pmmr,TRUE,2.26266343339033
1|0|0|1|0|1|0|3|1|0|0|0|0|1|0|1|0,1,2.10517091807565,2.39117297585765,1.42380609035944e-06,beta,2,2,pmmr,TRUE,2.39117297585765
0|0|0|0|0|1|0|3|1|1|0|0|0|1|0|1|0,1,2.22140275816017,2.21583182623813,2.68544474754002e-05,beta,2,2,pmmr,TRUE,2.21583182623813
1|0|0|1|0|1|0|3|1|1|0|0|0|1|0|1|0,1,2.10517091807565,2.31716244967707,1.7064438208475e-05,beta,2,2,pmmr,TRUE,2.31716244967707
0|0|0|0|0|1|0|3|1|0|0|1|0|1|0|1|0,1,2.05127109637602,2.29017619516391,9.05897354204905e-05,beta,2,2,pmmr,TRUE,2.29017619516391
1|0|0|1|0|1|0|3|1|0|0|1|0|1|0|1|0,1,1.95122942450071,2.41130070057388,7.56121614260338e-05,beta,2,2,pmmr,TRUE,2.41130070057388
0|0|0|0|0|1|0|3|1|1|0|1|0|1|0|1|0,1,2.05127109637602,2.24180426582284,0.00108565090127772,beta,2,2,pmmr,TRUE,2.24180426582284
1|0|0|1|0|1|0|3|1|1|0|1|0|1|0|1|0,1,1.95122942450071,2.33616339504224,0.00117667091135951,beta,2,2,pmmr,TRUE,2.33616339504224
1|0|0|1|0|1|0|0|0|0|1|0|1|0|0|0|1,0,2.45567738147273,2.19721828397479,0.0119086953768889,beta,2,2,pmmr,FALSE,2.19721828397479
0|0|0|0|0|1|0|0|0|0|0|0|0|1|0|0|1,1,2.49182469764127,2.22778100839274,0.00302498230758369,beta,2,2,pmmr,TRUE,2.22778100839274
1|0|0|1|0|1|0|0|0|0|0|0|0|1|0|0|1,1,2.349858807576,2.35673811973574,0.00369902966371158,beta,2,2,pmmr,TRUE,2.35673811973574
0|0|0|0|0|1|0|0|0|1|0|0|0|1|0|0|1,1,2.49182469764127,2.18061100972668,0.000370120280505743,beta,2,2,pmmr,TRUE,2.18061100972668
1|0|0|1|0|1|0|0|0|1|0|0|0|1|0|0|1,1,2.349858807576,2.28065075141409,0.000568978215856641,beta,2,2,pmmr,TRUE,2.28065075141409
0|0|0|0|0|1|0|0|0|0|0|1|0|1|0|0|1,1,2.28402541668774,2.26349611236174,0.000350882670742753,beta,2,2,pmmr,TRUE,2.26349611236174
1|0|0|1|0|1|0|0|0|0|0|1|0|1|0|0|1,1,2.16183424272828,2.38725222250146,0.000737954671131801,beta,2,2,pmmr,TRUE,2.38725222250146
0|0|0|0|0|1|0|0|0|1|0|1|0|1|0|0|1,1,2.28402541668774,2.2144283255226,5.66729020607878e-05,beta,2,2,pmmr,TRUE,2.2144283255226
1|0|0|1|0|1|0|0|0|1|0|1|0|1|0|0|1,1,2.16183424272828,2.30969341581199,0.000149912039557223,beta,2,2,pmmr,TRUE,2.30969341581199
1|0|0|1|0|1|0|1|0|0|1|0|1|0|0|0|1,0,2.45567738147273,2.23144041606444,0.0132221042607414,beta,2,2,pmmr,FALSE,2.23144041606444
0|0|0|0|0|1|0|1|0|0|0|0|0|1|0|0|1,1,2.49182469764127,2.2606542536439,0.00193283979636957,beta,2,2,pmmr,TRUE,2.2606542536439
1|0|0|1|0|1|0|1|0|0|0|0|0|1|0|0|1,1,2.349858807576,2.39950630673057,0.00157490664909686,beta,2,2,pmmr,TRUE,2.39950630673057
0|0|0|0|0|1|0|1|0|1|0|0|0|1|0|0|1,1,2.49182469764127,2.20825117797107,0.000293954058159854,beta,2,2,pmmr,TRUE,2.20825117797107
1|0|0|1|0|1|0|1|0|1|0|0|0|1|0|0|1,1,2.349858807576,2.3155297331232,0.00029711744106038,beta,2,2,pmmr,TRUE,2.3155297331232
0|0|0|0|0|1|0|1|0|0|0|1|0|1|0|0|1,1,2.28402541668774,2.29735682997847,0.00135632887464633,beta,2,2,pmmr,TRUE,2.29735682997847
1|0|0|1|0|1|0|1|0|0|0|1|0|1|0|0|1,1,2.16183424272828,2.43038185133098,0.00190075768907463,beta,2,2,pmmr,TRUE,2.43038185133098
0|0|0|0|0|1|0|1|0|1|0|1|0|1|0|0|1,1,2.28402541668774,2.24301468607827,0.000272296523873887,beta,2,2,pmmr,TRUE,2.24301468607827
1|0|0|1|0|1|0|1|0|1|0|1|0|1|0|0|1,1,2.16183424272828,2.34489540386566,0.000473586252647876,beta,2,2,pmmr,TRUE,2.34489540386566
1|0|0|1|0|1|0|2|0|0|1|0|1|0|0|0|1,0,2.45567738147273,2.25718712637389,0.0113447292461033,beta,2,2,pmmr,FALSE,2.25718712637389
0|0|0|0|0|1|0|2|0|0|0|0|0|1|0|0|1,1,2.49182469764127,2.28332914655906,0.000395560128447857,beta,2,2,pmmr,TRUE,2.28332914655906
1|0|0|1|0|1|0|2|0|0|0|0|0|1|0|0|1,1,2.349858807576,2.42568983173244,0.000269859161158716,beta,2,2,pmmr,TRUE,2.42568983173244
0|0|0|0|0|1|0|2|0|1|0|0|0|1|0|0|1,1,2.49182469764127,2.22795488202056,7.59449459452304e-05,beta,2,2,pmmr,TRUE,2.22795488202056
1|0|0|1|0|1|0|2|0|1|0|0|0|1|0|0|1,1,2.349858807576,2.33771015260127,6.59662256680378e-05,beta,2,2,pmmr,TRUE,2.33771015260127
0|0|0|0|0|1|0|2|0|0|0|1|0|1|0|0|1,1,2.28402541668774,2.31945064948629,0.00167923595726382,beta,2,2,pmmr,TRUE,2.31945064948629
1|0|0|1|0|1|0|2|0|0|0|1|0|1|0|0|1,1,2.16183424272828,2.4554989511541,0.0019703309210688,beta,2,2,pmmr,TRUE,2.4554989511541
0|0|0|0|0|1|0|2|0|1|0|1|0|1|0|0|1,1,2.28402541668774,2.26223691024236,0.000425590163534666,beta,2,2,pmmr,TRUE,2.26223691024236
1|0|0|1|0|1|0|2|0|1|0|1|0|1|0|0|1,1,2.16183424272828,2.36610640544747,0.000636095970809712,beta,2,2,pmmr,TRUE,2.36610640544747
1|0|0|1|0|1|0|3|0|0|1|0|1|0|0|0|1,0,2.45567738147273,2.27087568922506,0.00914445348574507,beta,2,2,pmmr,FALSE,2.27087568922506
0|0|0|0|0|1|0|3|0|0|0|0|0|1|0|0|1,1,2.49182469764127,2.29261660319573,5.22890846947871e-05,beta,2,2,pmmr,TRUE,2.29261660319573
1|0|0|1|0|1|0|3|0|0|0|0|0|1|0|0|1,1,2.349858807576,2.43130497851488,3.34080503430016e-05,beta,2,2,pmmr,TRUE,2.43130497851488
0|0|0|0|0|1|0|3|0|1|0|0|0|1|0|0|1,1,2.49182469764127,2.23704920712,1.3757524745711e-05,beta,2,2,pmmr,TRUE,2.23704920712
1|0|0|1|0|1|0|3|0|1|0|0|0|1|0|0|1,1,2.349858807576,2.34397393371842,1.13315077019092e-05,beta,2,2,pmmr,TRUE,2.34397393371842
0|0|0|0|0|1|0|3|0|0|0|1|0|1|0|0|1,1,2.28402541668774,2.32661491882397,0.00134288963894669,beta,2,2,pmmr,TRUE,2.32661491882397
1|0|0|1|0|1|0|3|0|0|0|1|0|1|0|0|1,1,2.16183424272828,2.45873963071334,0.00147564946847103,beta,2,2,pmmr,TRUE,2.45873963071334
0|0|0|0|0|1|0|3|0|1|0|1|0|1|0|0|1,1,2.28402541668774,2.26943964608675,0.000466404867869207,beta,2,2,pmmr,TRUE,2.26943964608675
1|0|0|1|0|1|0|3|0|1|0|1|0|1|0|0|1,1,2.16183424272828,2.37021241330709,0.000661026353740398,beta,2,2,pmmr,TRUE,2.37021241330709
1|0|0|1|0|1|0|0|1|0|1|0|1|0|0|0|1,0,2.45567738147273,2.19306066445483,0.0135575419796628,beta,2,2,pmmr,FALSE,2.19306066445483
0|0|0|0|0|1|0|0|1|0|0|0|0|1|0|0|1,1,2.49182469764127,2.19432904162331,0.000430376549377099,beta,2,2,pmmr,TRUE,2.19432904162331
1|0|0|1|0|1|0|0|1|0|0|0|0|1|0|0|1,1,2.349858807576,2.32533721309092,0.000486484395246839,beta,2,2,pmmr,TRUE,2.32533721309092
0|0|0|0|0|1|0|0|1|1|0|0|0|1|0|0|1,1,2.49182469764127,2.14645553982833,0.00192720883422355,beta,2,2,pmmr,TRUE,2.14645553982833
1|0|0|1|0|1|0|0|1|1|0|0|0|1|0|0|1,1,2.349858807576,2.24648721143644,0.00273865215141498,beta,2,2,pmmr,TRUE,2.24648721143644
0|0|0|0|0|1|0|0|1|0|0|1|0|1|0|0|1,1,2.28402541668774,2.2282694394829,4.99215062157215e-05,beta,2,2,pmmr,TRUE,2.2282694394829
1|0|0|1|0|1|0|0|1|0|0|1|0|1|0|0|1,1,2.16183424272828,2.35182724683258,9.70534071210754e-05,beta,2,2,pmmr,TRUE,2.35182724683258
0|0|0|0|0|1|0|0|1|1|0|1|0|1|0|0|1,1,2.28402541668774,2.17828241745801,0.000295094657778261,beta,2,2,pmmr,TRUE,2.17828241745801
1|0|0|1|0|1|0|0|1|1|0|1|0|1|0|0|1,1,2.16183424272828,2.27148998751765,0.000721568802134668,beta,2,2,pmmr,TRUE,2.27148998751765
1|0|0|1|0|1|0|1|1|0|1|0|1|0|0|0|1,0,2.45567738147273,2.22717335989025,0.0146460861644001,beta,2,2,pmmr,FALSE,2.22717335989025
0|0|0|0|0|1|0|1|1|0|0|0|0|1|0|0|1,1,2.49182469764127,2.22481139829781,0.000214280083179978,beta,2,2,pmmr,TRUE,2.22481139829781
1|0|0|1|0|1|0|1|1|0|0|0|0|1|0|0|1,1,2.349858807576,2.36587678685089,0.000162129855981701,beta,2,2,pmmr,TRUE,2.36587678685089
0|0|0|0|0|1|0|1|1|1|0|0|0|1|0|0|1,1,2.49182469764127,2.17196691417342,0.00119268440965192,beta,2,2,pmmr,TRUE,2.17196691417342
1|0|0|1|0|1|0|1|1|1|0|0|0|1|0|0|1,1,2.349858807576,2.27927855333399,0.00111942876202669,beta,2,2,pmmr,TRUE,2.27927855333399
0|0|0|0|0|1|0|1|1|0|0|1|0|1|0|0|1,1,2.28402541668774,2.25955979964217,0.000150366452835106,beta,2,2,pmmr,TRUE,2.25955979964217
1|0|0|1|0|1|0|1|1|0|0|1|0|1|0|0|1,1,2.16183424272828,2.39230667667897,0.000195674817020108,beta,2,2,pmmr,TRUE,2.39230667667897
0|0|0|0|0|1|0|1|1|1|0|1|0|1|0|0|1,1,2.28402541668774,2.20457518844442,0.00110481148265077,beta,2,2,pmmr,TRUE,2.20457518844442
1|0|0|1|0|1|0|1|1|1|0|1|0|1|0|0|1,1,2.16183424272828,2.30423523090808,0.00178429805609,beta,2,2,pmmr,TRUE,2.30423523090808
1|0|0|1|0|1|0|2|1|0|1|0|1|0|0|0|1,0,2.45567738147273,2.2530267139867,0.0121869311051466,beta,2,2,pmmr,FALSE,2.2530267139867
0|0|0|0|0|1|0|2|1|0|0|0|0|1|0|0|1,1,2.49182469764127,2.24674050857873,3.44238073091837e-05,beta,2,2,pmmr,TRUE,2.24674050857873
1|0|0|1|0|1|0|2|1|0|0|0|0|1|0|0|1,1,2.349858807576,2.39149338766966,2.20166211958071e-05,beta,2,2,pmmr,TRUE,2.39149338766966
0|0|0|0|0|1|0|2|1|1|0|0|0|1|0|0|1,1,2.49182469764127,2.19116561386294,0.000241883032648902,beta,2,2,pmmr,TRUE,2.19116561386294
1|0|0|1|0|1|0|2|1|1|0|0|0|1|0|0|1,1,2.349858807576,2.30109716557681,0.000196967818629543,beta,2,2,pmmr,TRUE,2.30109716557681
0|0|0|0|0|1|0|2|1|0|0|1|0|1|0|0|1,1,2.28402541668774,2.28084415232281,0.000146136303591382,beta,2,2,pmmr,TRUE,2.28084415232281
1|0|0|1|0|1|0|2|1|0|0|1|0|1|0|0|1,1,2.16183424272828,2.41666208324241,0.00016075062759883,beta,2,2,pmmr,TRUE,2.41666208324241
0|0|0|0|0|1|0|2|1|1|0|1|0|1|0|0|1,1,2.28402541668774,2.22325396721822,0.00135549559144525,beta,2,2,pmmr,TRUE,2.22325396721822
1|0|0|1|0|1|0|2|1|1|0|1|0|1|0|0|1,1,2.16183424272828,2.32493957501743,0.00189931187574578,beta,2,2,pmmr,TRUE,2.32493957501743
1|0|0|1|0|1|0|3|1|0|1|0|1|0|0|0|1,0,2.45567738147273,2.26702564246733,0.00965222548188887,beta,2,2,pmmr,FALSE,2.26702564246733
0|0|0|0|0|1|0|3|1|0|0|0|0|1|0|0|1,1,2.49182469764127,2.2570964302202,3.623445873697e-06,beta,2,2,pmmr,TRUE,2.2570964302202
1|0|0|1|0|1|0|3|1|0|0|0|0|1|0|0|1,1,2.349858807576,2.39835083537679,2.20077575785253e-06,beta,2,2,pmmr,TRUE,2.39835083537679
0|0|0|0|0|1|0|3|1|1|0|0|0|1|0|0|1,1,2.49182469764127,2.201507053037,3.48908199837689e-05,beta,2,2,pmmr,TRUE,2.201507053037
1|0|0|1|0|1|0|3|1|1|0|0|0|1|0|0|1,1,2.349858807576,2.30883847875199,2.73194841864878e-05,beta,2,2,pmmr,TRUE,2.30883847875199
0|0|0|0|0|1|0|3|1|0|0|1|0|1|0|0|1,1,2.28402541668774,2.2891400648946,9.30574315743746e-05,beta,2,2,pmmr,TRUE,2.2891400648946
1|0|0|1|0|1|0|3|1|0|0|1|0|1|0|0|1,1,2.16183424272828,2.42121240465835,9.72093116466258e-05,beta,2,2,pmmr,TRUE,2.42121240465835
0|0|0|0|0|1|0|3|1|1|0|1|0|1|0|0|1,1,2.28402541668774,2.23179885110168,0.00118286164009636,beta,2,2,pmmr,TRUE,2.23179885110168
1|0|0|1|0|1|0|3|1|1|0|1|0|1|0|0|1,1,2.16183424272828,2.33062781400885,0.00159368898587253,beta,2,2,pmmr,TRUE,2.33062781400885
1|0|0|1|0|1|0|0|0|0|1|0|1|0|0|1|1,0,2.45567738147273,2.40610584908916,0.0019055164526257,beta,2,2,pmmr,FALSE,2.40610584908916
0|0|0|0|0|1|0|0|0|0|0|0|0|1|0|1|1,1,3.33964685192599,2.52934537617441,0.00308826213077438,beta,2,2,pmmr,TRUE,2.52934537617441
1|0|0|1|0|1|0|0|0|0|0|0|0|1|0|1|1,1,3.11700001661268,2.65760389259508,0.00383856478161443,beta,2,2,pmmr,TRUE,2.65760389259508
0|0|0|0|0|1|0|0|0|1|0|0|0|1|0|1|1,1,3.33964685192599,2.46179807000468,0.00045191844502641,beta,2,2,pmmr,TRUE,2.46179807000468
1|0|0|1|0|1|0|0|0|1|0|0|0|1|0|1|1,1,3.11700001661268,2.56742879397273,0.000720090899867005,beta,2,2,pmmr,TRUE,2.56742879397273
0|0|0|0|0|1|0|0|0|0|0|1|0|1|0|1|1,1,3.01375270747048,2.54975018031917,0.000435241504152723,beta,2,2,pmmr,TRUE,2.54975018031917
1|0|0|1|0|1|0|0|0|0|0|1|0|1|0|1|1,1,2.82211880039051,2.67812078676031,0.000917954432952705,beta,2,2,pmmr,TRUE,2.67812078676031
0|0|0|0|0|1|0|0|0|1|0|1|0|1|0|1|1,1,3.01375270747048,2.48677415241921,8.35478866208866e-05,beta,2,2,pmmr,TRUE,2.48677415241921
1|0|0|1|0|1|0|0|0|1|0|1|0|1|0|1|1,1,2.82211880039051,2.59326766541951,0.000225282267809345,beta,2,2,pmmr,TRUE,2.59326766541951
1|0|0|1|0|1|0|1|0|0|1|0|1|0|0|1|1,0,2.45567738147273,2.45016009842084,0.00211567568149158,beta,2,2,pmmr,FALSE,2.45016009842084
0|0|0|0|0|1|0|1|0|0|0|0|0|1|0|1|1,1,3.33964685192599,2.57574225985823,0.00197327301155353,beta,2,2,pmmr,TRUE,2.57574225985823
1|0|0|1|0|1|0|1|0|0|0|0|0|1|0|1|1,1,3.11700001661268,2.71551145992604,0.00163431541435321,beta,2,2,pmmr,TRUE,2.71551145992604
0|0|0|0|0|1|0|1|0|1|0|0|0|1|0|1|1,1,3.33964685192599,2.50155960982334,0.000358919161877008,beta,2,2,pmmr,TRUE,2.50155960982334
1|0|0|1|0|1|0|1|0|1|0|0|0|1|0|1|1,1,3.11700001661268,2.61617451990782,0.000376027692338326,beta,2,2,pmmr,TRUE,2.61617451990782
0|0|0|0|0|1|0|1|0|0|0|1|0|1|0|1|1,1,3.01375270747048,2.59684439460255,0.00168241600041752,beta,2,2,pmmr,TRUE,2.59684439460255
1|0|0|1|0|1|0|1|0|0|0|1|0|1|0|1|1,1,2.82211880039051,2.736357260504,0.00236438498855083,beta,2,2,pmmr,TRUE,2.736357260504
0|0|0|0|0|1|0|1|0|1|0|1|0|1|0|1|1,1,3.01375270747048,2.52764096342696,0.000401422871895204,beta,2,2,pmmr,TRUE,2.52764096342696
1|0|0|1|0|1|0|1|0|1|0|1|0|1|0|1|1,1,2.82211880039051,2.64280029739497,0.000711687902552468,beta,2,2,pmmr,TRUE,2.64280029739497
1|0|0|1|0|1|0|2|0|0|1|0|1|0|0|1|1,0,2.45567738147273,2.47507169984568,0.00181527594290359,beta,2,2,pmmr,FALSE,2.47507169984568
0|0|0|0|0|1|0|2|0|0|0|0|0|1|0|1|1,1,3.33964685192599,2.59572272558135,0.00040383487932052,beta,2,2,pmmr,TRUE,2.59572272558135
1|0|0|1|0|1|0|2|0|0|0|0|0|1|0|1|1,1,3.11700001661268,2.73956984055155,0.000280038811848963,beta,2,2,pmmr,TRUE,2.73956984055155
0|0|0|0|0|1|0|2|0|1|0|0|0|1|0|1|1,1,3.33964685192599,2.51879894962006,9.27291037180837e-05,beta,2,2,pmmr,TRUE,2.51879894962006
1|0|0|1|0|1|0|2|0|1|0|0|0|1|0|1|1,1,3.11700001661268,2.63648501019667,8.34859358026736e-05,beta,2,2,pmmr,TRUE,2.63648501019667
0|0|0|0|0|1|0|2|0|0|0|1|0|1|0|1|1,1,3.01375270747048,2.61656434836589,0.00208295605570865,beta,2,2,pmmr,TRUE,2.61656434836589
1|0|0|1|0|1|0|2|0|0|0|1|0|1|0|1|1,1,2.82211880039051,2.75971327980706,0.00245092832138988,beta,2,2,pmmr,TRUE,2.75971327980706
0|0|0|0|0|1|0|2|0|1|0|1|0|1|0|1|1,1,3.01375270747048,2.54479123704799,0.000627410233762513,beta,2,2,pmmr,TRUE,2.54479123704799
1|0|0|1|0|1|0|2|0|1|0|1|0|1|0|1|1,1,2.82211880039051,2.66257965232594,0.000955901495781457,beta,2,2,pmmr,TRUE,2.66257965232594
1|0|0|1|0|1|0|3|0|0|1|0|1|0|0|1|1,0,2.45567738147273,2.47694103099916,0.00146320869044765,beta,2,2,pmmr,FALSE,2.47694103099916
0|0|0|0|0|1|0|3|0|0|0|0|0|1|0|1|1,1,3.33964685192599,2.58601107114572,5.33829238309678e-05,beta,2,2,pmmr,TRUE,2.58601107114572
1|0|0|1|0|1|0|3|0|0|0|0|0|1|0|1|1,1,3.11700001661268,2.72560423519357,3.46682717165274e-05,beta,2,2,pmmr,TRUE,2.72560423519357
0|0|0|0|0|1|0|3|0|1|0|0|0|1|0|1|1,1,3.33964685192599,2.51078516898445,1.67979965377704e-05,beta,2,2,pmmr,TRUE,2.51078516898445
1|0|0|1|0|1|0|3|0|1|0|0|0|1|0|1|1,1,3.11700001661268,2.62497253051752,1.43409982149011e-05,beta,2,2,pmmr,TRUE,2.62497253051752
0|0|0|0|0|1|0|3|0|0|0|1|0|1|0|1|1,1,3.01375270747048,2.60565764413016,0.00166574571815994,beta,2,2,pmmr,TRUE,2.60565764413016
1|0|0|1|0|1|0|3|0|0|0|1|0|1|0|1|1,1,2.82211880039051,2.74411803573609,0.00183558560445151,beta,2,2,pmmr,TRUE,2.74411803573609
0|0|0|0|0|1|0|3|0|1|0|1|0|1|0|1|1,1,3.01375270747048,2.53548349331312,0.000687579770987722,beta,2,2,pmmr,TRUE,2.53548349331312
1|0|0|1|0|1|0|3|0|1|0|1|0|1|0|1|1,1,2.82211880039051,2.64928197407065,0.000993365953076338,beta,2,2,pmmr,TRUE,2.64928197407065
1|0|0|1|0|1|0|0|1|0|1|0|1|0|0|1|1,0,2.45567738147273,2.39578788384968,0.00216934924286896,beta,2,2,pmmr,FALSE,2.39578788384968
0|0|0|0|0|1|0|0|1|0|0|0|0|1|0|1|1,1,3.33964685192599,2.47802738106314,0.000439379627471713,beta,2,2,pmmr,TRUE,2.47802738106314
1|0|0|1|0|1|0|0|1|0|0|0|0|1|0|1|1,1,3.11700001661268,2.61335154058327,0.000504835601811794,beta,2,2,pmmr,TRUE,2.61335154058327
0|0|0|0|0|1|0|0|1|1|0|0|0|1|0|1|1,1,3.33964685192599,2.41375433643809,0.00235313022678301,beta,2,2,pmmr,TRUE,2.41375433643809
1|0|0|1|0|1|0|0|1|1|0|0|0|1|0|1|1,1,3.11700001661268,2.5238377572909,0.00346599999292768,beta,2,2,pmmr,TRUE,2.5238377572909
0|0|0|0|0|1|0|0|1|0|0|1|0|1|0|1|1,1,3.01375270747048,2.49993731978385,6.19235809192464e-05,beta,2,2,pmmr,TRUE,2.49993731978385
1|0|0|1|0|1|0|0|1|0|0|1|0|1|0|1|1,1,2.82211880039051,2.63266343142068,0.000120726392534811,beta,2,2,pmmr,TRUE,2.63266343142068
0|0|0|0|0|1|0|0|1|1|0|1|0|1|0|1|1,1,3.01375270747048,2.43950780997717,0.000435032160238466,beta,2,2,pmmr,TRUE,2.43950780997717
1|0|0|1|0|1|0|0|1|1|0|1|0|1|0|1|1,1,2.82211880039051,2.54799282508574,0.00108434690506175,beta,2,2,pmmr,TRUE,2.54799282508574
1|0|0|1|0|1|0|1|1|0|1|0|1|0|0|1|1,0,2.45567738147273,2.43975655493076,0.00234352775594541,beta,2,2,pmmr,FALSE,2.43975655493076
0|0|0|0|0|1|0|1|1|0|0|0|0|1|0|1|1,1,3.33964685192599,2.52124144347718,0.000218762623703578,beta,2,2,pmmr,TRUE,2.52124144347718
1|0|0|1|0|1|0|1|1|0|0|0|0|1|0|1|1,1,3.11700001661268,2.66856935426867,0.000168245732475451,beta,2,2,pmmr,TRUE,2.66856935426867
0|0|0|0|0|1|0|1|1|1|0|0|0|1|0|1|1,1,3.33964685192599,2.45083404681687,0.00145627276376382,beta,2,2,pmmr,TRUE,2.45083404681687
1|0|0|1|0|1|0|1|1|1|0|0|0|1|0|1|1,1,3.11700001661268,2.57022183389018,0.00141673343920764,beta,2,2,pmmr,TRUE,2.57022183389018
0|0|0|0|0|1|0|1|1|0|0|1|0|1|0|1|1,1,3.01375270747048,2.54386082002508,0.000186517393314195,beta,2,2,pmmr,TRUE,2.54386082002508
1|0|0|1|0|1|0|1|1|0|0|1|0|1|0|1|1,1,2.82211880039051,2.68795259015581,0.000243403250534797,beta,2,2,pmmr,TRUE,2.68795259015581
0|0|0|0|0|1|0|1|1|1|0|1|0|1|0|1|1,1,3.01375270747048,2.47768224494365,0.0016287266247801,beta,2,2,pmmr,TRUE,2.47768224494365
1|0|0|1|0|1|0|1|1|1|0|1|0|1|0|1|1,1,2.82211880039051,2.59492297675437,0.00268137711761518,beta,2,2,pmmr,TRUE,2.59492297675437
1|0|0|1|0|1|0|2|1|0|1|0|1|0|0|1|1,0,2.45567738147273,2.46518949144982,0.00195003709415056,beta,2,2,pmmr,FALSE,2.46518949144982
0|0|0|0|0|1|0|2|1|0|0|0|0|1|0|1|1,1,3.33964685192599,2.54104843477459,3.51439214184843e-05,beta,2,2,pmmr,TRUE,2.54104843477459
1|0|0|1|0|1|0|2|1|0|0|0|0|1|0|1|1,1,3.11700001661268,2.69268012525399,2.28471340907205e-05,beta,2,2,pmmr,TRUE,2.69268012525399
0|0|0|0|0|1|0|2|1|1|0|0|0|1|0|1|1,1,3.33964685192599,2.46811712818179,0.000295340217087261,beta,2,2,pmmr,TRUE,2.46811712818179
1|0|0|1|0|1|0|2|1|1|0|0|0|1|0|1|1,1,3.11700001661268,2.59076643533265,0.000249279726022982,beta,2,2,pmmr,TRUE,2.59076643533265
0|0|0|0|0|1|0|2|1|0|0|1|0|1|0|1|1,1,3.01375270747048,2.56334598006661,0.000181270236149859,beta,2,2,pmmr,TRUE,2.56334598006661
1|0|0|1|0|1|0|2|1|0|0|1|0|1|0|1|1,1,2.82211880039051,2.71118133662627,0.000199960454180689,beta,2,2,pmmr,TRUE,2.71118133662627
0|0|0|0|0|1|0|2|1|1|0|1|0|1|0|1|1,1,3.01375270747048,2.49484615145225,0.0019982882095522,beta,2,2,pmmr,TRUE,2.49484615145225
1|0|0|1|0|1|0|2|1|1|0|1|0|1|0|1|1,1,2.82211880039051,2.61481162327278,0.00285421563143968,beta,2,2,pmmr,TRUE,2.61481162327278
1|0|0|1|0|1|0|3|1|0|1|0|1|0|0|1|1,0,2.45567738147273,2.4681171960131,0.00154445754787601,beta,2,2,pmmr,FALSE,2.4681171960131
0|0|0|0|0|1|0|3|1|0|0|0|0|1|0|1|1,1,3.33964685192599,2.53426851595022,3.69924499941544e-06,beta,2,2,pmmr,TRUE,2.53426851595022
1|0|0|1|0|1|0|3|1|0|0|0|0|1|0|1|1,1,3.11700001661268,2.68156300479737,2.28379361192986e-06,beta,2,2,pmmr,TRUE,2.68156300479737
0|0|0|0|0|1|0|3|1|1|0|0|0|1|0|1|1,1,3.33964685192599,2.4629229045526,4.26018403833901e-05,beta,2,2,pmmr,TRUE,2.4629229045526
1|0|0|1|0|1|0|3|1|1|0|0|0|1|0|1|1,1,3.11700001661268,2.58210082051498,3.4575158421719e-05,beta,2,2,pmmr,TRUE,2.58210082051498
0|0|0|0|0|1|0|3|1|0|0|1|0|1|0|1|1,1,3.01375270747048,2.55524297993952,0.000115430198947368,beta,2,2,pmmr,TRUE,2.55524297993952
1|0|0|1|0|1|0|3|1|0|0|1|0|1|0|1|1,1,2.82211880039051,2.69836353333448,0.000120920324839795,beta,2,2,pmmr,TRUE,2.69836353333448
0|0|0|0|0|1|0|3|1|1|0|1|0|1|0|1|1,1,3.01375270747048,2.48831108096444,0.00174378912322093,beta,2,2,pmmr,TRUE,2.48831108096444
1|0|0|1|0|1|0|3|1|1|0|1|0|1|0|1|1,1,2.82211880039051,2.60437277121947,0.00239493685751031,beta,2,2,pmmr,TRUE,2.60437277121947
0|0|0|0|0|1|0|0|0|0|1|0|1|0|0|0|0,0,0,-0.0571936717047831,0.0340123692951178,adjoint,2,2,ensemble,TRUE,
0|0|0|0|0|1|0|0|0|0|0|0|0|1|0|0|0,1,0,-0.169188525977557,0.00420354465996152,adjoint,2,2,ensemble,FALSE,
1|0|0|1|0|1|0|0|0|0|0|0|0|1|0|0|0,1,0,0.173665644289094,0.00461267037531881,adjoint,2,2,ensemble,FALSE,
0|0|0|0|0|1|0|0|0|1|0|0|0|1|0|0|0,1,0,0.293416593596712,0.000389888941052255,adjoint,2,2,ensemble,FALSE,
1|0|0|1|0|1|0|0|0|1|0|0|0|1|0|0|0,1,0,0.0467271591383911,0.000543041525053394,adjoint,2,2,ensemble,FALSE,
0|0|0|0|0|1|0|0|0|0|0|1|0|1|0|0|0,1,0,0.360226821309931,0.000520404079326314,adjoint,2,2,ensemble,FALSE,
1|0|0|1|0|1|0|0|0|0|0|1|0|1|0|0|0,1,0,0.504416148849496,0.00100428930927588,adjoint,2,2,ensemble,FALSE,
0|0|0|0|0|1|0|0|0|1|0|1|0|1|0|0|0,1,0,0.329653782529338,6.54685048802593e-05,adjoint,2,2,ensemble,FALSE,
1|0|0|1|0|1|0|0|0|1|0|1|0|1|0|0|0,1,0,0.473843110068903,0.000160143047798717,adjoint,2,2,ensemble,FALSE,
0|0|0|0|0|1|0|1|0|0|1|0|1|0|0|0|0,0,0,0.00531108431144328,0.0447899109255408,adjoint,2,2,ensemble,TRUE,
0|0|0|0|0|1|0|1|0|0|0|0|0|1|0|0|0,1,-0.640667527308902,0.203150445568108,0.00268589286761164,adjoint,2,2,ensemble,FALSE,
1|0|0|1|0|1|0|1|0|0|0|0|0|1|0|0|0,1,-0.663918291420844,-0.0752217502059048,0.00196390023995983,adjoint,2,2,ensemble,FALSE,
0|0|0|0|0|1|0|1|0|1|0|0|0|1|0|0|0,1,-0.61097871822111,0.0483149127225333,0.000309654570393583,adjoint,2,2,ensemble,FALSE,
1|0|0|1|0|1|0|1|0|1|0|0|0|1|0|0|0,1,-0.630758890718092,0.192503273642746,0.00028357343711388,adjoint,2,2,ensemble,FALSE,
0|0|0|0|0|1|0|1|0|0|0|1|0|1|0|0|0,1,-0.633469039072831,-0.0717936682286573,0.00201160997144684,adjoint,2,2,ensemble,FALSE,
1|0|0|1|0|1|0|1|0|0|0|1|0|1|0|0|0,1,-0.660296130901142,-0.307858801498651,0.00258675864702349,adjoint,2,2,ensemble,FALSE,
0|0|0|0|0|1|0|1|0|1|0|1|0|1|0|0|0,1,-0.653527313487882,0.394985068341163,0.000314556792644816,adjoint,2,2,ensemble,FALSE,
1|0|0|1|0|1|0|1|0|1|0|1|0|1|0|0|0,1,-0.676419076242787,0.539174395880729,0.000505906971305358,adjoint,2,2,ensemble,FALSE,
0|0|0|0|0|1|0|2|0|0|1|0|1|0|0|0|0,0,0,0.0495827139549347,0.0388813985793297,adjoint,2,2,ensemble,TRUE,
0|0|0|0|0|1|0|2|0|0|0|0|0|1|0|0|0,1,-0.955763640216183,-0.0230506928478381,0.000549674178742178,adjoint,2,2,ensemble,FALSE,
1|0|0|1|0|1|0|2|0|0|0|0|0|1|0|0|0,1,-0.810911632334406,0.895503936785776,0.000336512942947367,adjoint,2,2,ensemble,FALSE,
0|0|0|0|0|1|0|2|0|1|0|0|0|1|0|0|0,1,-0.911473141575458,0.402015844368939,8.0001275564788e-05,adjoint,2,2,ensemble,FALSE,
1|0|0|1|0|1|0|2|0|1|0|0|0|1|0|0|0,1,-0.770410648857126,0.546205171908504,6.29591762750604e-05,adjoint,2,2,ensemble,FALSE,
0|0|0|0|0|1|0|2|0|0|0|1|0|1|0|0|0,1,-0.945024757679931,-0.0856091028292046,0.00249052265950232,adjoint,2,2,ensemble,FALSE,
1|0|0|1|0|1|0|2|0|0|0|1|0|1|0|0|0,1,-0.806487515485143,0.39004407132223,0.00268144149928643,adjoint,2,2,ensemble,FALSE,
0|0|0|0|0|1|0|2|0|1|0|1|0|1|0|0|0,1,-0.974948186844371,-0.0132377593751886,0.000491641519759723,adjoint,2,2,ensemble,FALSE,
1|0|0|1|0|1|0|2|0|1|0|1|0|1|0|0|0,1,-0.826180125395095,0.213776403498473,0.000679507448226446,adjoint,2,2,ensemble,FALSE,
0|0|0|0|0|1|0|3|0|0|1|0|1|0|0|0|0,0,0,0.153795048527268,0.0315094930517083,adjoint,2,2,ensemble,TRUE,
0|0|0|0|0|1|0|3|0|0|0|0|0|1|0|0|0,1,-1.70011311164772,0.535878174048898,7.26614176195367e-05,adjoint,2,2,ensemble,FALSE,
1|0|0|1|0|1|0|3|0|0|0|0|0|1|0|0|0,1,-1.44245024659815,0.680067501588463,4.16596616204748e-05,adjoint,2,2,ensemble,FALSE,
0|0|0|0|0|1|0|3|0|1|0|0|0|1|0|0|0,1,-1.62132913798298,0.505305135268305,1.44923340792784e-05,adjoint,2,2,ensemble,FALSE,
1|0|0|1|0|1|0|3|0|1|0|0|0|1|0|0|0,1,-1.37040706547361,0.64949446280787,1.08149645313477e-05,adjoint,2,2,ensemble,FALSE,
0|0|0|0|0|1|0|3|0|0|0|1|0|1|0|0|0,1,-1.68101077898293,0.144280288523416,0.00199167785833815,adjoint,2,2,ensemble,FALSE,
1|0|0|1|0|1|0|3|0|0|0|1|0|1|0|0|0,1,-1.43458062408228,0.0742778296127926,0.00200822495391373,adjoint,2,2,ensemble,FALSE,
0|0|0|0|0|1|0|3|0|1|0|1|0|1|0|0|0,1,-1.73423859821281,0.54154232420093,0.000538790643463431,adjoint,2,2,ensemble,FALSE,
1|0|0|1|0|1|0|3|0|1|0|1|0|1|0|0|0,1,-1.46960985401083,1.59334133290383,0.000706139248561502,adjoint,2,2,ensemble,FALSE,
0|0|0|0|0|1|0|0|1|0|1|0|1|0|0|0|0,0,0,-0.0559519869240436,0.0344508323933191,adjoint,2,2,ensemble,TRUE,
0|0|0|0|0|1|0|0|1|0|0|0|0|1|0|0|0,1,0,0.0149640410185477,0.000598055413868472,adjoint,2,2,ensemble,FALSE,
1|0|0|1|0|1|0|0|1|0|0|0|0|1|0|0|0,1,0,0.159153368558113,0.00060664346112823,adjoint,2,2,ensemble,FALSE,
0|0|0|0|0|1|0|0|1|1|0|0|0|1|0|0|0,1,0,-0.191604877302703,0.0020301438508996,adjoint,2,2,ensemble,FALSE,
1|0|0|1|0|1|0|0|1|1|0|0|0|1|0|0|0,1,0,0.173912858013238,0.00261381156509841,adjoint,2,2,ensemble,FALSE,
0|0|0|0|0|1|0|0|1|0|0|1|0|1|0|0|0,1,0,0.361634196637176,7.40400072359856e-05,adjoint,2,2,ensemble,FALSE,
1|0|0|1|0|1|0|0|1|0|0|1|0|1|0|0|0,1,0,0.505823524176741,0.00013208087571423,adjoint,2,2,ensemble,FALSE,
0|0|0|0|0|1|0|0|1|1|0|1|0|1|0|0|0,1,0,0.331061157856583,0.000340893184227136,adjoint,2,2,ensemble,FALSE,
1|0|0|1|0|1|0|0|1|1|0|1|0|1|0|0|0,1,0,0.475250485396148,0.000770813521793267,adjoint,2,2,ensemble,FALSE,
0|0|0|0|0|1|0|1|1|0|1|0|1|0|0|0|0,0,0,0.00658253291529436,0.0445846694872666,adjoint,2,2,ensemble,TRUE,
0|0|0|0|0|1|0|1|1|0|0|0|0|1|0|0|0,1,-0.640667527308902,0.390728293516376,0.000297765675233586,adjoint,2,2,ensemble,FALSE,
1|0|0|1|0|1|0|1|1|0|0|0|0|1|0|0|0,1,-0.663918291420844,0.534917621055941,0.000202175070661939,adjoint,2,2,ensemble,FALSE,
0|0|0|0|0|1|0|1|1|1|0|0|0|1|0|0|0,1,-0.61097871822111,0.00703133384491752,0.00125638741236582,adjoint,2,2,ensemble,FALSE,
1|0|0|1|0|1|0|1|1|1|0|0|0|1|0|0|0,1,-0.630758890718092,0.0487050062779782,0.00106839995834352,adjoint,2,2,ensemble,FALSE,
0|0|0|0|0|1|0|1|1|0|0|1|0|1|0|0|0,1,-0.633469039072831,0.426965482449002,0.000223012767440392,adjoint,2,2,ensemble,FALSE,
1|0|0|1|0|1|0|1|1|0|0|1|0|1|0|0|0,1,-0.660296130901142,0.787602814457029,0.000266295660851925,adjoint,2,2,ensemble,FALSE,
0|0|0|0|0|1|0|1|1|1|0|1|0|1|0|0|0,1,-0.653527313487882,0.085959476982404,0.00127627760911389,adjoint,2,2,ensemble,FALSE,
1|0|0|1|0|1|0|1|1|1|0|1|0|1|0|0|0,1,-0.676419076242787,0.452432060230385,0.00190607058464111,adjoint,2,2,ensemble,FALSE,
0|0|0|0|0|1|0|2|1|0|1|0|1|0|0|0|0,0,0,0.052985896243546,0.0375435951500442,adjoint,2,2,ensemble,TRUE,
0|0|0|0|0|1|0|2|1|0|0|0|0|1|0|0|0,1,-0.955763640216183,0.433996258476777,4.78356554440972e-05,adjoint,2,2,ensemble,FALSE,
1|0|0|1|0|1|0|2|1|0|0|0|0|1|0|0|0,1,-0.810911632334406,0.578185586016342,2.7454609880748e-05,adjoint,2,2,ensemble,FALSE,
0|0|0|0|0|1|0|2|1|1|0|0|0|1|0|0|0,1,-0.911473141575458,0.403423219696184,0.000254802355950676,adjoint,2,2,ensemble,FALSE,
1|0|0|1|0|1|0|2|1|1|0|0|0|1|0|0|0,1,-0.770410648857126,0.547612547235749,0.000187989103333224,adjoint,2,2,ensemble,FALSE,
0|0|0|0|0|1|0|2|1|0|0|1|0|1|0|0|0,1,-0.945024757679931,0.470233447409403,0.000216738912656018,adjoint,2,2,ensemble,FALSE,
1|0|0|1|0|1|0|2|1|0|0|1|0|1|0|0|0,1,-0.806487515485143,0.614422774948968,0.000218767009780279,adjoint,2,2,ensemble,FALSE,
0|0|0|0|0|1|0|2|1|1|0|1|0|1|0|0|0,1,-0.974948186844371,-0.186025179413955,0.00156586775190226,adjoint,2,2,ensemble,FALSE,
1|0|0|1|0|1|0|2|1|1|0|1|0|1|0|0|0,1,-0.826180125395095,-0.0482915579277949,0.00202893372273896,adjoint,2,2,ensemble,FALSE,
0|0|0|0|0|1|0|3|1|0|1|0|1|0|0|0|0,0,0,0.155777668806933,0.0299086572901431,adjoint,2,2,ensemble,TRUE,
0|0|0|0|0|1|0|3|1|0|0|0|0|1|0|0|0,1,-1.70011311164772,0.537285549376143,5.03517541734159e-06,adjoint,2,2,ensemble,FALSE,
1|0|0|1|0|1|0|3|1|0|0|0|0|1|0|0|0,1,-1.44245024659815,0.681474876915708,2.74435569969999e-06,adjoint,2,2,ensemble,FALSE,
0|0|0|0|0|1|0|3|1|1|0|0|0|1|0|0|0,1,-1.62132913798298,0.196279543909547,3.67543892415952e-05,adjoint,2,2,ensemble,FALSE,
1|0|0|1|0|1|0|3|1|1|0|0|0|1|0|0|0,1,-1.37040706547361,0.650901838135115,2.60741341985584e-05,adjoint,2,2,ensemble,FALSE,
0|0|0|0|0|1|0|3|1|0|0|1|0|1|0|0|0,1,-1.68101077898293,0.573522738308769,0.000138016126303479,adjoint,2,2,ensemble,FALSE,
1|0|0|1|0|1|0|3|1|0|0|1|0|1|0|0|0,1,-1.43458062408228,0.717712065848334,0.000132293047619095,adjoint,2,2,ensemble,FALSE,
0|0|0|0|0|1|0|3|1|1|0|1|0|1|0|0|0,1,-1.73423859821281,0.257726199807096,0.00136644110750244,adjoint,2,2,ensemble,FALSE,
1|0|0|1|0|1|0|3|1|1|0|1|0|1|0|0|0,1,-1.46960985401083,0.0346766773999212,0.00170245306644269,adjoint,2,2,ensemble,FALSE,
1|0|0|1|0|1|0|0|0|0|1|0|1|0|0|0|0,0,0,0.105427517016496,0.0339232475326121,adjoint,2,2,ensemble,TRUE,
1|0|0|1|0|1|0|1|0|0|1|0|1|0|0|0|0,0,1.05127109637602,0.887600677664056,0.0376646392861478,adjoint,2,2,ensemble,TRUE,
1|0|0|1|0|1|0|2|0|0|1|0|1|0|0|0|0,0,1.28402541668774,1.20525695045387,0.0323167270827079,adjoint,2,2,ensemble,TRUE,
1|0|0|1|0|1|0|3|0|0|1|0|1|0|0|0|0,0,2.28402541668774,2.38677553524491,0.0260489960763803,adjoint,2,2,ensemble,TRUE,
1|0|0|1|0|1|0|0|1|0|1|0|1|0|0|0|0,0,0,0.104895069661013,0.0386201710560533,adjoint,2,2,ensemble,TRUE,
1|0|0|1|0|1|0|1|1|0|1|0|1|0|0|0|0,0,1.05127109637602,1.08060603047078,0.0417210106241467,adjoint,2,2,ensemble,TRUE,
1|0|0|1|0|1|0|2|1|0|1|0|1|0|0|0|0,0,1.28402541668774,1.18891584799807,0.0347158330496133,adjoint,2,2,ensemble,TRUE,
1|0|0|1|0|1|0|3|1|0|1|0|1|0|0|0|0,0,2.28402541668774,2.05911724967256,0.0274954412637132,adjoint,2,2,ensemble,TRUE,
0|0|0|0|0|1|0|0|0|0|0|0|0|1|0|1|0,1,0,-0.379863796872039,0.00488382212678092,adjoint,2,2,ensemble,FALSE,
1|0|0|1|0|1|0|0|0|0|0|0|0|1|0|1|0,1,0,-0.262558514782215,0.00535915839246372,adjoint,2,2,ensemble,FALSE,
0|0|0|0|0|1|0|0|0|1|0|0|0|1|0|1|0,1,0,0.00564127027165389,0.000611467577240109,adjoint,2,2,ensemble,FALSE,
1|0|0|1|0|1|0|0|0|1|0|0|0|1|0|1|0,1,0,-0.0316536292976115,0.000851658640968403,adjoint,2,2,ensemble,FALSE,
0|0|0|0|0|1|0|0|0|0|0|1|0|1|0|1|0,1,0,-0.010333863184545,0.000495023672885394,adjoint,2,2,ensemble,FALSE,
1|0|0|1|0|1|0|0|0|0|0|1|0|1|0|1|0,1,0,0.444288431041024,0.000955309541694711,adjoint,2,2,ensemble,FALSE,
0|0|0|0|0|1|0|0|0|1|0|1|0|1|0|1|0,1,0,0.269526064720866,8.40632242587983e-05,adjoint,2,2,ensemble,FALSE,
1|0|0|1|0|1|0|0|0|1|0|1|0|1|0|1|0,1,0,0.413715392260431,0.000205627743679392,adjoint,2,2,ensemble,FALSE,
0|0|0|0|0|1|0|1|0|0|0|0|0|1|0|1|0,1,0.682846801463348,0.329193200380659,0.00312056230589087,adjoint,2,2,ensemble,FALSE,
1|0|0|1|0|1|0|1|0|0|0|0|0|1|0|1|0,1,0.74963004235783,0.0675611972971629,0.00228172654808762,adjoint,2,2,ensemble,FALSE,
0|0|0|0|0|1|0|1|0|1|0|0|0|1|0|1|0,1,0.383318642077374,0.0974646525876764,0.00048563503604098,adjoint,2,2,ensemble,FALSE,
1|0|0|1|0|1|0|1|0|1|0|0|0|1|0|1|0,1,0.421604640727319,0.442809489139631,0.000444731676907028,adjoint,2,2,ensemble,FALSE,
0|0|0|0|0|1|0|1|0|0|0|1|0|1|0|1|0,1,1.12218853869537,0.100601005869716,0.00191350259545927,adjoint,2,2,ensemble,FALSE,
1|0|0|1|0|1|0|1|0|0|0|1|0|1|0|1|0,1,1.24652119699827,0.646754832181936,0.0024606009391304,adjoint,2,2,ensemble,FALSE,
0|0|0|0|0|1|0|1|0|1|0|1|0|1|0|1|0,1,0.791760908044091,0.334857350532691,0.000403898916747719,adjoint,2,2,ensemble,FALSE,
1|0|0|1|0|1|0|1|0|1|0|1|0|1|0|1|0,1,0.87727265809054,0.617605150196001,0.000649597409635596,adjoint,2,2,ensemble,FALSE,
0|0|0|0|0|1|0|2|0|0|0|0|0|1|0|1|0,1,1.01868772312837,0.37246116534106,0.000638630283206209,adjoint,2,2,ensemble,FALSE,
1|0|0|1|0|1|0|2|0|0|0|0|0|1|0|1|0,1,0.915600201335578,0.516650492880625,0.00039097226023752,adjoint,2,2,ensemble,FALSE,
0|0|0|0|0|1|0|2|0|1|0|0|0|1|0|1|0,1,0.571844217317341,0.648118960969747,0.000125466975323014,adjoint,2,2,ensemble,FALSE,
1|0|0|1|0|1|0|2|0|1|0|0|0|1|0|1|0,1,0.514949071037475,0.486077454100032,9.87396433406007e-05,adjoint,2,2,ensemble,FALSE,
0|0|0|0|0|1|0|2|0|0|0|1|0|1|0|1|0,1,1.67410857743571,0.223886629303226,0.00236905843610438,adjoint,2,2,ensemble,FALSE,
1|0|0|1|0|1|0|2|0|0|0|1|0|1|0|1|0,1,1.52250442811881,1.3850076690071,0.00255066605419856,adjoint,2,2,ensemble,FALSE,
0|0|0|0|0|1|0|2|0|1|0|1|0|1|0|1|0,1,1.18116847724705,0.378125315493092,0.000631280207270472,adjoint,2,2,ensemble,FALSE,
1|0|0|1|0|1|0|2|0|1|0|1|0|1|0|1|0,1,1.07150324425029,0.248033883828293,0.000872504834351386,adjoint,2,2,ensemble,FALSE,
0|0|0|0|0|1|0|3|0|0|0|0|0|1|0|1|0,1,1.81204251960597,0.475750456240426,8.44205231155579e-05,adjoint,2,2,ensemble,FALSE,
1|0|0|1|0|1|0|3|0|0|0|0|0|1|0|1|0,1,1.62867035511606,0.619939783779991,4.84016214111409e-05,adjoint,2,2,ensemble,FALSE,
0|0|0|0|0|1|0|3|0|1|0|0|0|1|0|1|0,1,1.01719694155894,0.445177417459833,2.27285041327267e-05,adjoint,2,2,ensemble,FALSE,
1|0|0|1|0|1|0|3|0|1|0|0|0|1|0|1|0,1,0.915991810803352,0.589366744999398,1.69612406601566e-05,adjoint,2,2,ensemble,FALSE,
0|0|0|0|0|1|0|3|0|0|0|1|0|1|0|1|0,1,2.9779056484892,0.0841525707149428,0.00189454258297782,adjoint,2,2,ensemble,FALSE,
1|0|0|1|0|1|0|3|0|0|0|1|0|1|0|1|0,1,2.70823206896742,1.06569521017878,0.00191028266717933,adjoint,2,2,ensemble,FALSE,
0|0|0|0|0|1|0|3|0|1|0|1|0|1|0|1|0,1,2.10106341226632,0.481414606392458,0.000691820880480588,adjoint,2,2,ensemble,FALSE,
1|0|0|1|0|1|0|3|0|1|0|1|0|1|0|1|0,1,1.90599080993596,0.315170967246022,0.000906700742873751,adjoint,2,2,ensemble,FALSE,
0|0|0|0|0|1|0|0|1|0|0|0|0|1|0|1|0,1,0,0.265269289896078,0.000694841258881426,adjoint,2,2,ensemble,FALSE,
1|0|0|1|0|1|0|0|1|0|0|0|0|1|0|1|0,1,0,0.107386620702901,0.000704819146265982,adjoint,2,2,ensemble,FALSE,
0|0|0|0|0|1|0|0|1|1|0|0|0|1|0|1|0,1,0,-0.089589646368954,0.00318389933966378,adjoint,2,2,ensemble,FALSE,
1|0|0|1|0|1|0|0|1|1|0|0|0|1|0|1|0,1,0,-0.138709306722162,0.00409927252811897,adjoint,2,2,ensemble,FALSE,
0|0|0|0|0|1|0|0|1|0|0|1|0|1|0|1|0,1,0,-0.00892648785729707,7.04290334731153e-05,adjoint,2,2,ensemble,FALSE,
1|0|0|1|0|1|0|0|1|0|0|1|0|1|0|1|0,1,0,0.143613077765881,0.000125639215393198,adjoint,2,2,ensemble,FALSE,
0|0|0|0|0|1|0|0|1|1|0|1|0|1|0|1|0,1,0,-0.142582596233899,0.000437715512923259,adjoint,2,2,ensemble,FALSE,
1|0|0|1|0|1|0|0|1|1|0|1|0|1|0|1|0,1,0,0.415122767587676,0.000989744153509145,adjoint,2,2,ensemble,FALSE,
0|0|0|0|0|1|0|1|1|0|0|0|0|1|0|1|0,1,0.682846801463348,0.330600575707904,0.000345954357795489,adjoint,2,2,ensemble,FALSE,
1|0|0|1|0|1|0|1|1|0|0|0|0|1|0|1|0,1,0.74963004235783,0.164356936561466,0.000234893920121051,adjoint,2,2,ensemble,FALSE,
0|0|0|0|0|1|0|1|1|1|0|0|0|1|0|1|0,1,0.383318642077374,-0.09620190163078,0.00197040768850978,adjoint,2,2,ensemble,FALSE,
1|0|0|1|0|1|0|1|1|1|0|0|0|1|0|1|0,1,0.421604640727319,0.444216864466876,0.00167558467364733,adjoint,2,2,ensemble,FALSE,
0|0|0|0|0|1|0|1|1|0|0|1|0|1|0|1|0,1,1.12218853869537,0.366837764640529,0.000212136306428635,adjoint,2,2,ensemble,FALSE,
1|0|0|1|0|1|0|1|1|0|0|1|0|1|0|1|0,1,1.24652119699827,0.727475096648563,0.000253308268219214,adjoint,2,2,ensemble,FALSE,
0|0|0|0|0|1|0|1|1|1|0|1|0|1|0|1|0,1,0.791760908044091,0.0690121070857412,0.0016387728888517,adjoint,2,2,ensemble,FALSE,
1|0|0|1|0|1|0|1|1|1|0|1|0|1|0|1|0,1,0.87727265809054,-0.0484442124660322,0.00244744307668005,adjoint,2,2,ensemble,FALSE,
0|0|0|0|0|1|0|2|1|0|0|0|0|1|0|1|0,1,1.01868772312837,0.373868540668305,5.55771025183038e-05,adjoint,2,2,ensemble,FALSE,
1|0|0|1|0|1|0|2|1|0|0|0|0|1|0|1|0,1,0.915600201335578,0.51805786820787,3.18977058801993e-05,adjoint,2,2,ensemble,FALSE,
0|0|0|0|0|1|0|2|1|1|0|0|0|1|0|1|0,1,0.571844217317341,0.847491860796982,0.000399609639729048,adjoint,2,2,ensemble,FALSE,
1|0|0|1|0|1|0|2|1|1|0|0|0|1|0|1|0,1,0.514949071037475,0.791654613946265,0.000294825601496865,adjoint,2,2,ensemble,FALSE,
0|0|0|0|0|1|0|2|1|0|0|1|0|1|0|1|0,1,1.67410857743571,0.41010572960093,0.000206168431152695,adjoint,2,2,ensemble,FALSE,
1|0|0|1|0|1|0|2|1|0|0|1|0|1|0|1|0,1,1.52250442811881,0.554295057140495,0.000208097616813036,adjoint,2,2,ensemble,FALSE,
0|0|0|0|0|1|0|2|1|1|0|1|0|1|0|1|0,1,1.18116847724705,0.729792522808292,0.0020106139926142,adjoint,2,2,ensemble,FALSE,
1|0|0|1|0|1|0|2|1|1|0|1|0|1|0|1|0,1,1.07150324425029,0.151430529077411,0.0026052024687717,adjoint,2,2,ensemble,FALSE,
0|0|0|0|0|1|0|3|1|0|0|0|0|1|0|1|0,1,1.81204251960597,0.477157831567671,5.85003921801114e-06,adjoint,2,2,ensemble,FALSE,
1|0|0|1|0|1|0|3|1|0|0|0|0|1|0|1|0,1,1.62867035511606,0.621347159107236,3.18848642613798e-06,adjoint,2,2,ensemble,FALSE,
0|0|0|0|0|1|0|3|1|1|0|0|0|1|0|1|0,1,1.01719694155894,0.446584792787078,5.76423565178425e-05,adjoint,2,2,ensemble,FALSE,
1|0|0|1|0|1|0|3|1|1|0|0|0|1|0|1|0,1,0.915991810803352,0.590774120326643,4.08923823897052e-05,adjoint,2,2,ensemble,FALSE,
0|0|0|0|0|1|0|3|1|0|0|1|0|1|0|1|0,1,2.9779056484892,0.513395020500296,0.000131285000395476,adjoint,2,2,ensemble,FALSE,
1|0|0|1|0|1|0|3|1|0|0|1|0|1|0|1|0,1,2.70823206896742,0.657584348039862,0.000125841039552158,adjoint,2,2,ensemble,FALSE,
0|0|0|0|0|1|0|3|1|1|0|1|0|1|0|1|0,1,2.10106341226632,-0.0876246937830076,0.00175454511244008,adjoint,2,2,ensemble,FALSE,
1|0|0|1|0|1|0|3|1|1|0|1|0|1|0|1|0,1,1.90599080993596,1.40775194122793,0.0021859930080304,adjoint,2,2,ensemble,FALSE,
0|0|0|0|0|1|0|0|0|0|0|0|0|1|0|2|0,1,0,0.255499905126495,0.00380352449671843,adjoint,2,2,ensemble,FALSE,
1|0|0|1|0|1|0|0|0|0|0|0|0|1|0|2|0,1,0,0.486725251975441,0.00461267037531881,adjoint,2,2,ensemble,FALSE,
0|0|0|0|0|1|0|0|0|1|0|0|0|1|0|2|0,1,0,0.524521700458925,0.000526295021055867,adjoint,2,2,ensemble,FALSE,
1|0|0|1|0|1|0|0|0|1|0|0|0|1|0|2|0,1,0,0.66871102799849,0.000810122758919434,adjoint,2,2,ensemble,FALSE,
0|0|0|0|0|1|0|0|0|0|0|1|0|1|0|2|0,1,0,0.591331928172144,0.000348837286411149,adjoint,2,2,ensemble,FALSE,
1|0|0|1|0|1|0|0|0|0|0|1|0|1|0|2|0,1,0,0.425088289025705,0.000743995819147426,adjoint,2,2,ensemble,FALSE,
0|0|0|0|0|1|0|0|0|1|0|1|0|1|0|2|0,1,0,0.560758889391551,6.54685048802593e-05,adjoint,2,2,ensemble,FALSE,
1|0|0|1|0|1|0|0|0|1|0|1|0|1|0|2|0,1,0,0.704948216931116,0.00017698543915914,adjoint,2,2,ensemble,FALSE,
0|0|0|0|0|1|0|1|0|0|0|0|0|1|0|2|0,1,1.61930932333639,0.913920042539415,0.00243029636745092,adjoint,2,2,ensemble,FALSE,
1|0|0|1|0|1|0|1|0|0|0|0|0|1|0|2|0,1,1.79964064314873,1.08853790623036,0.00196390023995983,adjoint,2,2,ensemble,FALSE,
0|0|0|0|0|1|0|1|0|1|0|0|0|1|0|2|0,1,1.45553714733445,0.85533899344504,0.000417989949151942,adjoint,2,2,ensemble,FALSE,
1|0|0|1|0|1|0|1|0|1|0|0|0|1|0|2|0,1,1.59162073083693,0.854623623496777,0.000423041857081509,adjoint,2,2,ensemble,FALSE,
0|0|0|0|0|1|0|1|0|0|0|1|0|1|0|2|0,1,1.71454130603506,0.656663213983969,0.00134842248866599,adjoint,2,2,ensemble,FALSE,
1|0|0|1|0|1|0|1|0|0|0|1|0|1|0|2|0,1,1.95665764835312,1.20684384720891,0.00191631793822099,adjoint,2,2,ensemble,FALSE,
0|0|0|0|0|1|0|1|0|1|0|1|0|1|0|2|0,1,1.57005885650516,0.742394979217761,0.000314556792644816,adjoint,2,2,ensemble,FALSE,
1|0|0|1|0|1|0|1|0|1|0|1|0|1|0|2|0,1,1.76277851380977,0.770279502742941,0.000559113671938413,adjoint,2,2,ensemble,FALSE,
0|0|0|0|0|1|0|2|0|0|0|0|0|1|0|2|0,1,2.415725641674,0.663693990011745,0.000497365764654109,adjoint,2,2,ensemble,FALSE,
1|0|0|1|0|1|0|2|0|0|0|0|0|1|0|2|0,1,2.198086045239,0.80788331755131,0.000336512942947367,adjoint,2,2,ensemble,FALSE,
0|0|0|0|0|1|0|2|0|1|0|0|0|1|0|2|0,1,2.17140626472785,0.633120951231151,0.000107990426438444,adjoint,2,2,ensemble,FALSE,
1|0|0|1|0|1|0|2|0|1|0|0|0|1|0|2|0,1,1.94400995058913,0.777310278770717,9.39240541102854e-05,adjoint,2,2,ensemble,FALSE,
0|0|0|0|0|1|0|2|0|0|0|1|0|1|0|2|0,1,2.55779506546923,0.69993117894437,0.0016694472637704,adjoint,2,2,ensemble,FALSE,
1|0|0|1|0|1|0|2|0|0|0|1|0|1|0|2|0,1,2.38986704847369,1.10961142897002,0.00198646072036349,adjoint,2,2,ensemble,FALSE,
0|0|0|0|0|1|0|2|0|1|0|1|0|1|0|2|0,1,2.34225257888481,0.669358140163777,0.000491641519759723,adjoint,2,2,ensemble,FALSE,
1|0|0|1|0|1|0|2|0|1|0|1|0|1|0|2|0,1,2.15306253879273,1.15458736325155,0.000750971870395662,adjoint,2,2,ensemble,FALSE,
0|0|0|0|0|1|0|3|0|0|0|0|0|1|0|2|0,1,4.29709466309539,0.766983280911111,6.57467695096942e-05,adjoint,2,2,ensemble,FALSE,
1|0|0|1|0|1|0|3|0|0|0|0|0|1|0|2|0,1,3.90995717852947,0.911172608450676,4.16596616204748e-05,adjoint,2,2,ensemble,FALSE,
0|0|0|0|0|1|0|3|0|1|0|0|0|1|0|2|0,1,3.86249916406405,0.736410242130518,1.95626047992478e-05,adjoint,2,2,ensemble,FALSE,
1|0|0|1|0|1|0|3|0|1|0|0|0|1|0|2|0,1,3.45800642240656,0.880599569670083,1.61340311919789e-05,adjoint,2,2,ensemble,FALSE,
0|0|0|0|0|1|0|3|0|0|0|1|0|1|0|2|0,1,4.54980786539284,1.45152962340387,0.00133506159368939,adjoint,2,2,ensemble,FALSE,
1|0|0|1|0|1|0|3|0|0|0|1|0|1|0|2|0,1,4.25109737726155,3.84750459489116,0.00148772963708699,adjoint,2,2,ensemble,FALSE,
0|0|0|0|0|1|0|3|0|1|0|1|0|1|0|2|0,1,4.16640072147132,0.772647431063143,0.000538790643463431,adjoint,2,2,ensemble,FALSE,
1|0|0|1|0|1|0|3|0|1|0|1|0|1|0|2|0,1,3.82986933000622,0.916836758602708,0.000780404561621963,adjoint,2,2,ensemble,FALSE,
0|0|0|0|0|1|0|0|1|0|0|0|0|1|0|2|0,1,0,0.556502114566763,0.000541142916527176,adjoint,2,2,ensemble,FALSE,
1|0|0|1|0|1|0|0|1|0|0|0|0|1|0|2|0,1,0,0.700691442106329,0.00060664346112823,adjoint,2,2,ensemble,FALSE,
0|0|0|0|0|1|0|0|1|1|0|0|0|1|0|2|0,1,0,0.0895234580772152,0.00274040755778309,adjoint,2,2,ensemble,FALSE,
1|0|0|1|0|1|0|0|1|1|0|0|0|1|0|2|0,1,0,0.103200689603993,0.00389934864779419,adjoint,2,2,ensemble,FALSE,
0|0|0|0|0|1|0|0|1|0|0|1|0|1|0|2|0,1,0,0.592739303499389,4.9630501058905e-05,adjoint,2,2,ensemble,FALSE,
1|0|0|1|0|1|0|0|1|0|0|1|0|1|0|2|0,1,0,0.736928631038954,9.78479193326993e-05,adjoint,2,2,ensemble,FALSE,
0|0|0|0|0|1|0|0|1|1|0|1|0|1|0|2|0,1,0,0.562166264718796,0.000340893184227136,adjoint,2,2,ensemble,FALSE,
1|0|0|1|0|1|0|0|1|1|0|1|0|1|0|2|0,1,0,0.706355592258361,0.000851880687545388,adjoint,2,2,ensemble,FALSE,
0|0|0|0|0|1|0|1|1|0|0|0|0|1|0|2|0,1,1.61930932333639,0.621833400378589,0.000269429524758092,adjoint,2,2,ensemble,FALSE,
1|0|0|1|0|1|0|1|1|0|0|0|0|1|0|2|0,1,1.79964064314873,0.979075968293287,0.000202175070661939,adjoint,2,2,ensemble,FALSE,
0|0|0|0|0|1|0|1|1|1|0|0|0|1|0|2|0,1,1.45553714733445,0.859475450716107,0.00169594561430963,adjoint,2,2,ensemble,FALSE,
1|0|0|1|0|1|0|1|1|1|0|0|0|1|0|2|0,1,1.59162073083693,0.949259418597584,0.00159386544481577,adjoint,2,2,ensemble,FALSE,
0|0|0|0|0|1|0|1|1|0|0|1|0|1|0|2|0,1,1.71454130603506,0.658070589311214,0.000149489928537179,adjoint,2,2,ensemble,FALSE,
1|0|0|1|0|1|0|1|1|0|0|1|0|1|0|2|0,1,1.95665764835312,0.80225991685078,0.000197276677647585,adjoint,2,2,ensemble,FALSE,
0|0|0|0|0|1|0|1|1|1|0|1|0|1|0|2|0,1,1.57005885650516,0.732402792650568,0.00127627760911389,adjoint,2,2,ensemble,FALSE,
1|0|0|1|0|1|0|1|1|1|0|1|0|1|0|2|0,1,1.76277851380977,1.05388496682372,0.0021065337779448,adjoint,2,2,ensemble,FALSE,
0|0|0|0|0|1|0|2|1|0|0|0|0|1|0|2|0,1,2.415725641674,0.66510136533899,4.32834909620947e-05,adjoint,2,2,ensemble,FALSE,
1|0|0|1|0|1|0|2|1|0|0|0|0|1|0|2|0,1,2.198086045239,0.809290692878555,2.7454609880748e-05,adjoint,2,2,ensemble,FALSE,
0|0|0|0|0|1|0|2|1|1|0|0|0|1|0|2|0,1,2.17140626472785,0.634528326558397,0.000343947204371135,adjoint,2,2,ensemble,FALSE,
1|0|0|1|0|1|0|2|1|1|0|0|0|1|0|2|0,1,1.94400995058913,0.778717654097962,0.00028044678723994,adjoint,2,2,ensemble,FALSE,
0|0|0|0|0|1|0|2|1|0|0|1|0|1|0|2|0,1,2.55779506546923,1.20448792251497,0.000145284437909297,adjoint,2,2,ensemble,FALSE,
1|0|0|1|0|1|0|2|1|0|0|1|0|1|0|2|0,1,2.38986704847369,0.84552788181118,0.000162066586929286,adjoint,2,2,ensemble,FALSE,
0|0|0|0|0|1|0|2|1|1|0|1|0|1|0|2|0,1,2.34225257888481,2.51331993093901,0.00156586775190226,adjoint,2,2,ensemble,FALSE,
1|0|0|1|0|1|0|2|1|1|0|1|0|1|0|2|0,1,2.15306253879273,1.26724181229439,0.00224231854507406,adjoint,2,2,ensemble,FALSE,
0|0|0|0|0|1|0|3|1|0|0|0|0|1|0|2|0,1,4.29709466309539,0.768390656238356,4.5560151239855e-06,adjoint,2,2,ensemble,FALSE,
1|0|0|1|0|1|0|3|1|0|0|0|0|1|0|2|0,1,3.90995717852947,0.912579983777921,2.74435569969999e-06,adjoint,2,2,ensemble,FALSE,
0|0|0|0|0|1|0|3|1|1|0|0|0|1|0|2|0,1,3.86249916406405,0.737817617457763,4.9613236034844e-05,adjoint,2,2,ensemble,FALSE,
1|0|0|1|0|1|0|3|1|1|0|0|0|1|0|2|0,1,3.45800642240655,0.882006944997328,3.88980373670224e-05,adjoint,2,2,ensemble,FALSE,
0|0|0|0|0|1|0|3|1|0|0|1|0|1|0|2|0,1,4.54980786539284,0.804627845170982,9.25149761374087e-05,adjoint,2,2,ensemble,FALSE,
1|0|0|1|0|1|0|3|1|0|0|1|0|1|0|2|0,1,4.25109737726154,0.948817172710547,9.800510014574e-05,adjoint,2,2,ensemble,FALSE,
0|0|0|0|0|1|0|3|1|1|0|1|0|1|0|2|0,1,4.16640072147132,0.774054806390388,0.00136644110750244,adjoint,2,2,ensemble,FALSE,
1|0|0|1|0|1|0|3|1|1|0|1|0|1|0|2|0,1,3.82986933000622,2.11169695198075,0.00188150161842117,adjoint,2,2,ensemble,FALSE,
0|0|0|0|0|1|0|0|0|0|0|0|0|1|0|3|0,1,0,0.841982006327322,0.00296218785647559,adjoint,2,2,ensemble,FALSE,
1|0|0|1|0|1|0|0|0|0|0|0|0|1|0|3|0,1,0,1.20257039304261,0.00397016218465647,adjoint,2,2,ensemble,FALSE,
0|0|0|0|0|1|0|0|0|1|0|0|0|1|0|3|0,1,0,1.11268898317077,0.000452986322575578,adjoint,2,2,ensemble,FALSE,
1|0|0|1|0|1|0|0|0|1|0|0|0|1|0|3|0,1,0,0.863474164908884,0.000770612605741864,adjoint,2,2,ensemble,FALSE,
0|0|0|0|0|1|0|0|0|0|0|1|0|1|0|3|0,1,0,1.17949921088399,0.000245821480983732,adjoint,2,2,ensemble,FALSE,
1|0|0|1|0|1|0|0|0|0|0|1|0|1|0|3|0,1,0,1.08418823425743,0.000579424526553867,adjoint,2,2,ensemble,FALSE,
0|0|0|0|0|1|0|0|0|1|0|1|0|1|0|3|0,1,0,1.14892617210339,5.098692286726e-05,adjoint,2,2,ensemble,FALSE,
1|0|0|1|0|1|0|0|0|1|0|1|0|1|0|3|0,1,0,1.29311549964296,0.000152332779195364,adjoint,2,2,ensemble,FALSE,
0|0|0|0|0|1|0|1|0|0|0|0|0|1|0|3|0,1,1.54477491976393,1.54098925681656,0.00189271671406637,adjoint,2,2,ensemble,FALSE,
1|0|0|1|0|1|0|1|0|0|0|0|0|1|0|3|0,1,1.91228614516847,1.65979518080956,0.00169034460143651,adjoint,2,2,ensemble,FALSE,
0|0|0|0|0|1|0|1|0|1|0|0|0|1|0|3|0,1,1.57848090994668,1.17802026898259,0.000359767283300581,adjoint,2,2,ensemble,FALSE,
1|0|0|1|0|1|0|1|0|1|0|0|0|1|0|3|0,1,1.93470945814506,1.01177566321681,0.000402409862251357,adjoint,2,2,ensemble,FALSE,
0|0|0|0|0|1|0|1|0|0|0|1|0|1|0|3|0,1,1.36759793628731,1.35057850513518,0.000950217267671792,adjoint,2,2,ensemble,FALSE,
1|0|0|1|0|1|0|1|0|0|0|1|0|1|0|3|0,1,1.72752148820504,1.59201547707806,0.00149242991090029,adjoint,2,2,ensemble,FALSE,
0|0|0|0|0|1|0|1|0|1|0|1|0|1|0|3|0,1,1.40250402431465,1.21425745791522,0.000244977076432212,adjoint,2,2,ensemble,FALSE,
1|0|0|1|0|1|0|1|0|1|0|1|0|1|0|3|0,1,1.74905440548635,1.49700525757853,0.000481233597165695,adjoint,2,2,ensemble,FALSE,
0|0|0|0|0|1|0|2|0|0|0|0|0|1|0|3|0,1,2.30453337760063,1.25186127272359,0.000387348846985528,adjoint,2,2,ensemble,FALSE,
1|0|0|1|0|1|0|2|0|0|0|0|0|1|0|3|0,1,2.33567157210025,1.39605060026315,0.000289639374165069,adjoint,2,2,ensemble,FALSE,
0|0|0|0|0|1|0|2|0|1|0|0|0|1|0|3|0,1,2.35481680621372,1.22128823394299,9.29482214131121e-05,adjoint,2,2,ensemble,FALSE,
1|0|0|1|0|1|0|2|0|1|0|0|0|1|0|3|0,1,2.36305946841695,1.36547756148256,8.93433239381007e-05,adjoint,2,2,ensemble,FALSE,
0|0|0|0|0|1|0|2|0|0|0|1|0|1|0|3|0,1,2.04021637779664,1.81967678464918,0.00117643960319249,adjoint,2,2,ensemble,FALSE,
1|0|0|1|0|1|0|2|0|0|0|1|0|1|0|3|0,1,2.1099995104746,1.56503325043882,0.00154705716455967,adjoint,2,2,ensemble,FALSE,
0|0|0|0|0|1|0|2|0|1|0|1|0|1|0|3|0,1,2.09229014201387,1.25752542287562,0.000382890800579288,adjoint,2,2,ensemble,FALSE,
1|0|0|1|0|1|0|2|0|1|0|1|0|1|0|3|0,1,2.13629987503322,1.75463291758033,0.000646367478920391,adjoint,2,2,ensemble,FALSE,
0|0|0|0|0|1|0|3|0|0|0|0|0|1|0|3|0,1,4.0993057766902,1.35515056362295,5.1203635578565e-05,adjoint,2,2,ensemble,FALSE,
1|0|0|1|0|1|0|3|0|0|0|0|0|1|0|3|0,1,4.15469442144954,1.49933989116252,3.58568030519115e-05,adjoint,2,2,ensemble,FALSE,
0|0|0|0|0|1|0|3|0|1|0|0|0|1|0|3|0,1,4.18874997888267,1.32457752484236,1.68376899903637e-05,adjoint,2,2,ensemble,FALSE,
1|0|0|1|0|1|0|3|0|1|0|0|0|1|0|3|0,1,4.20341203286436,1.46876685238193,1.53471652056226e-05,adjoint,2,2,ensemble,FALSE,
0|0|0|0|0|1|0|3|0|0|0|1|0|1|0|3|0,1,3.62913849045977,1.39138775255558,0.0009408020041138,adjoint,2,2,ensemble,FALSE,
1|0|0|1|0|1|0|3|0|0|0|1|0|1|0|3|0,1,3.7532687815125,1.53557708009514,0.00115864500636189,adjoint,2,2,ensemble,FALSE,
0|0|0|0|0|1|0|3|0|1|0|1|0|1|0|3|0,1,3.72176734302686,1.36081471377499,0.000419610575040866,adjoint,2,2,ensemble,FALSE,
1|0|0|1|0|1|0|3|0|1|0|1|0|1|0|3|0,1,3.80005189058444,1.50500404131455,0.000671700431026524,adjoint,2,2,ensemble,FALSE,
0|0|0|0|0|1|0|0|1|0|0|0|0|1|0|3|0,1,0,1.14466939727861,0.000421442527144908,adjoint,2,2,ensemble,FALSE,
1|0|0|1|0|1|0|0|1|0|0|0|0|1|0|3|0,1,0,0.994106201889533,0.000522142865839172,adjoint,2,2,ensemble,FALSE,
0|0|0|0|0|1|0|0|1|1|0|0|0|1|0|3|0,1,0,1.11409635849801,0.00235869064363942,adjoint,2,2,ensemble,FALSE,
1|0|0|1|0|1|0|0|1|1|0|0|0|1|0|3|0,1,0,1.19659256115073,0.00370917517016891,adjoint,2,2,ensemble,FALSE,
0|0|0|0|0|1|0|0|1|0|0|1|0|1|0|3|0,1,0,1.18090658621123,3.49740229829823e-05,adjoint,2,2,ensemble,FALSE,
1|0|0|1|0|1|0|0|1|0|0|1|0|1|0|3|0,1,0,1.3250959137508,7.62040361982139e-05,adjoint,2,2,ensemble,FALSE,
0|0|0|0|0|1|0|0|1|1|0|1|0|1|0|3|0,1,0,0.899896603371665,0.000265487878819798,adjoint,2,2,ensemble,FALSE,
1|0|0|1|0|1|0|0|1|1|0|1|0|1|0|3|0,1,0,0.998041982793338,0.000733220502732778,adjoint,2,2,ensemble,FALSE,
0|0|0|0|0|1|0|1|1|0|0|0|0|1|0|3|0,1,1.54477491976393,1.21000068309043,0.000209831924864159,adjoint,2,2,ensemble,FALSE,
1|0|0|1|0|1|0|1|1|0|0|0|0|1|0|3|0,1,1.91228614516847,1.35419001063,0.000174013695953031,adjoint,2,2,ensemble,FALSE,
0|0|0|0|0|1|0|1|1|1|0|0|0|1|0|3|0,1,1.57848090994668,1.35165745294122,0.00145971391781939,adjoint,2,2,ensemble,FALSE,
1|0|0|1|0|1|0|1|1|1|0|0|0|1|0|3|0,1,1.93470945814506,1.76633891466225,0.00151613170980368,adjoint,2,2,ensemble,FALSE,
0|0|0|0|0|1|0|1|1|0|0|1|0|1|0|3|0,1,1.36759793628731,1.24072607880279,0.000105343772173051,adjoint,2,2,ensemble,FALSE,
1|0|0|1|0|1|0|1|1|0|0|1|0|1|0|3|0,1,1.72752148820504,1.39042719956262,0.000153639231033664,adjoint,2,2,ensemble,FALSE,
0|0|0|0|0|1|0|1|1|1|0|1|0|1|0|3|0,1,1.40250402431465,1.21566483324246,0.000993966001394401,adjoint,2,2,ensemble,FALSE,
1|0|0|1|0|1|0|1|1|1|0|1|0|1|0|3|0,1,1.74905440548635,1.59693303099026,0.0018131104252859,adjoint,2,2,ensemble,FALSE,
0|0|0|0|0|1|0|2|1|0|0|0|0|1|0|3|0,1,2.30453337760063,1.25326864805083,3.37092166553435e-05,adjoint,2,2,ensemble,FALSE,
1|0|0|1|0|1|0|2|1|0|0|0|0|1|0|3|0,1,2.33567157210025,1.3974579755904,2.3630401713998e-05,adjoint,2,2,ensemble,FALSE,
0|0|0|0|0|1|0|2|1|1|0|0|0|1|0|3|0,1,2.35481680621372,1.22269560927024,0.000296038102271336,adjoint,2,2,ensemble,FALSE,
1|0|0|1|0|1|0|2|1|1|0|0|0|1|0|3|0,1,2.36305946841695,1.3668849368098,0.000266769236029322,adjoint,2,2,ensemble,FALSE,
0|0|0|0|0|1|0|2|1|0|0|1|0|1|0|3|0,1,2.04021637779664,1.28950583698346,0.000102380213016159,adjoint,2,2,ensemble,FALSE,
1|0|0|1|0|1|0|2|1|0|0|1|0|1|0|3|0,1,2.1099995104746,1.43369516452302,0.000126217584810238,adjoint,2,2,ensemble,FALSE,
0|0|0|0|0|1|0|2|1|1|0|1|0|1|0|3|0,1,2.09229014201387,1.81775449287173,0.00121949903136774,adjoint,2,2,ensemble,FALSE,
1|0|0|1|0|1|0|2|1|1|0|1|0|1|0|3|0,1,2.13629987503322,1.95761865822345,0.00192998145743107,adjoint,2,2,ensemble,FALSE,
0|0|0|0|0|1|0|3|1|0|0|0|0|1|0|3|0,1,4.0993057766902,1.3565579389502,3.54822814624507e-06,adjoint,2,2,ensemble,FALSE,
1|0|0|1|0|1|0|3|1|0|0|0|0|1|0|3|0,1,4.15469442144954,1.50074726648976,2.36208884087935e-06,adjoint,2,2,ensemble,FALSE,
0|0|0|0|0|1|0|3|1|1|0|0|0|1|0|3|0,1,4.18874997888267,2.09972025712093,4.27025079914493e-05,adjoint,2,2,ensemble,FALSE,
1|0|0|1|0|1|0|3|1|1|0|0|0|1|0|3|0,1,4.20341203286436,1.47017422770917,3.700095769884e-05,adjoint,2,2,ensemble,FALSE,
0|0|0|0|0|1|0|3|1|0|0|1|0|1|0|3|0,1,3.62913849045977,1.39279512788282,6.51942018046429e-05,adjoint,2,2,ensemble,FALSE,
1|0|0|1|0|1|0|3|1|0|0|1|0|1|0|3|0,1,3.7532687815125,1.53698445542239,7.63264487384938e-05,adjoint,2,2,ensemble,FALSE,
0|0|0|0|0|1|0|3|1|1|0|1|0|1|0|3|0,1,3.72176734302686,1.99599481776927,0.00106418540454386,adjoint,2,2,ensemble,FALSE,
1|0|0|1|0|1|0|3|1|1|0|1|0|1|0|3|0,1,3.80005189058444,3.36741280880848,0.00161942345063176,adjoint,2,2,ensemble,FALSE,
0|0|0|0|0|1|0|0|0|0|0|0|0|1|0|0|1,1,0,-0.118283846627566,0.00361802441808784,adjoint,2,2,ensemble,FALSE,
1|0|0|1|0|1|0|0|0|0|0|0|0|1|0|0|1,1,0,0.174495174892864,0.00325049387528552,adjoint,2,2,ensemble,FALSE,
0|0|0|0|0|1|0|0|0|1|0|0|0|1|0|0|1,1,0,0.26734382236946,0.000335580521483595,adjoint,2,2,ensemble,FALSE,
1|0|0|1|0|1|0|0|0|1|0|0|0|1|0|0|1,1,0,0.171747485155103,0.000382674894927813,adjoint,2,2,ensemble,FALSE,
0|0|0|0|0|1|0|0|0|0|0|1|0|1|0|0|1,1,0,0.0237210833966753,0.000604623279416797,adjoint,2,2,ensemble,FALSE,
1|0|0|1|0|1|0|0|0|0|0|1|0|1|0|0|1,1,0,0.0505084388265445,0.000955309541694711,adjoint,2,2,ensemble,FALSE,
0|0|0|0|0|1|0|0|0|1|0|1|0|1|0|0|1,1,0,0.303581011302085,7.6063550790109e-05,adjoint,2,2,ensemble,FALSE,
1|0|0|1|0|1|0|0|0|1|0|1|0|1|0|0|1,1,0,0.447770338841651,0.000152332779195364,adjoint,2,2,ensemble,FALSE,
0|0|0|0|0|1|0|1|0|0|0|0|0|1|0|0|1,1,-0.770083206102352,-0.194741738589513,0.00231176941497651,adjoint,2,2,ensemble,FALSE,
1|0|0|1|0|1|0|1|0|0|0|0|0|1|0|0|1,1,-0.826957025638408,0.197004507815442,0.00138393710849542,adjoint,2,2,ensemble,FALSE,
0|0|0|0|0|1|0|1|0|1|0|0|0|1|0|0|1,1,-0.755828847931774,0.332675108181285,0.000266522158674232,adjoint,2,2,ensemble,FALSE,
1|0|0|1|0|1|0|1|0|1|0|0|0|1|0|0|1,1,-0.827319744552918,0.166430502415493,0.00019983082369475,adjoint,2,2,ensemble,FALSE,
0|0|0|0|0|1|0|1|0|0|0|1|0|1|0|0|1,1,-0.734080947483544,0.166962943987654,0.0023371573478406,adjoint,2,2,ensemble,FALSE,
1|0|0|1|0|1|0|1|0|0|0|1|0|1|0|0|1,1,-0.774714046116868,0.175181659673963,0.0024606009391304,adjoint,2,2,ensemble,FALSE,
0|0|0|0|0|1|0|1|0|1|0|1|0|1|0|0|1,1,-0.770900638738044,0.368912297113911,0.000365462852977528,adjoint,2,2,ensemble,FALSE,
1|0|0|1|0|1|0|1|0|1|0|1|0|1|0|0|1,1,-0.82239829508859,0.122222862655588,0.000481233597165695,adjoint,2,2,ensemble,FALSE,
0|0|0|0|0|1|0|2|0|0|0|0|0|1|0|0|1,1,-1.14882914610226,0.156607217851499,0.000473108950078285,adjoint,2,2,ensemble,FALSE,
1|0|0|1|0|1|0|2|0|0|0|0|0|1|0|0|1,1,-1.01004759199468,0.550705439461845,0.000237136662931203,adjoint,2,2,ensemble,FALSE,
0|0|0|0|0|1|0|2|0|1|0|0|0|1|0|0|1,1,-1.12756414253437,0.375943073141686,6.8857736002792e-05,adjoint,2,2,ensemble,FALSE,
1|0|0|1|0|1|0|2|0|1|0|0|0|1|0|0|1,1,-1.0104906178773,0.520132400681251,4.43665816595361e-05,adjoint,2,2,ensemble,FALSE,
0|0|0|0|0|1|0|2|0|0|0|1|0|1|0|0|1,1,-1.09512008752385,0.299301430330636,0.0028935745081005,adjoint,2,2,ensemble,FALSE,
1|0|0|1|0|1|0|2|0|0|0|1|0|1|0|0|1,1,-0.946237872712568,0.140999971795482,0.00255066605419856,adjoint,2,2,ensemble,FALSE,
0|0|0|0|0|1|0|2|0|1|0|1|0|1|0|0|1,1,-1.15004861229684,0.44015862494339,0.00057120595280382,adjoint,2,2,ensemble,FALSE,
1|0|0|1|0|1|0|2|0|1|0|1|0|1|0|0|1,1,-1.00447954592743,0.0977558517381909,0.000646367478920391,adjoint,2,2,ensemble,FALSE,
0|0|0|0|0|1|0|3|0|0|0|0|0|1|0|0|1,1,-2.04353818470196,0.509805402821646,6.25402617234875e-05,adjoint,2,2,ensemble,FALSE,
1|0|0|1|0|1|0|3|0|0|0|0|0|1|0|0|1,1,-1.79667344757953,0.653994730361211,2.93570673656604e-05,adjoint,2,2,ensemble,FALSE,
0|0|0|0|0|1|0|3|0|1|0|0|0|1|0|0|1,1,-2.00571197970337,0.479232364041052,1.24736675390516e-05,adjoint,2,2,ensemble,FALSE,
1|0|0|1|0|1|0|3|0|1|0|0|0|1|0|0|1,1,-1.79746150236645,0.623421691580618,7.62117669597106e-06,adjoint,2,2,ensemble,FALSE,
0|0|0|0|0|1|0|3|0|0|0|1|0|1|0|0|1,1,-1.94800046924466,-0.222115523502989,0.002313999536301,adjoint,2,2,ensemble,FALSE,
1|0|0|1|0|1|0|3|0|0|0|1|0|1|0|0|1,1,-1.68316866895294,-0.114130644078285,0.00191028266717933,adjoint,2,2,ensemble,FALSE,
0|0|0|0|0|1|0|3|0|1|0|1|0|1|0|0|1,1,-2.04570737212381,-0.261960544790355,0.000625985419237419,adjoint,2,2,ensemble,FALSE,
1|0|0|1|0|1|0|3|0|1|0|1|0|1|0|0|1,1,-1.78676900287491,0.659658880513243,0.000671700431026524,adjoint,2,2,ensemble,FALSE,
0|0|0|0|0|1|0|0|1|0|0|0|0|1|0|0|1,1,0,0.299324236477298,0.000514751065060783,adjoint,2,2,ensemble,FALSE,
1|0|0|1|0|1|0|0|1|0|0|0|0|1|0|0|1,1,0,0.443513564016863,0.000427494421762801,adjoint,2,2,ensemble,FALSE,
0|0|0|0|0|1|0|0|1|1|0|0|0|1|0|0|1,1,0,0.268751197696705,0.00174736100575957,adjoint,2,2,ensemble,FALSE,
1|0|0|1|0|1|0|0|1|1|0|0|0|1|0|0|1,1,0,0.367216665914243,0.00184192187869388,adjoint,2,2,ensemble,FALSE,
0|0|0|0|0|1|0|0|1|0|0|1|0|1|0|0|1,1,0,0.335561425409924,8.6022215738618e-05,adjoint,2,2,ensemble,FALSE,
1|0|0|1|0|1|0|0|1|0|0|1|0|1|0|0|1,1,0,0.479750752949489,0.000125639215393198,adjoint,2,2,ensemble,FALSE,
0|0|0|0|0|1|0|0|1|1|0|1|0|1|0|0|1,1,0,0.304988386629331,0.000396061374547767,adjoint,2,2,ensemble,FALSE,
1|0|0|1|0|1|0|0|1|1|0|1|0|1|0|0|1,1,0,0.449177714168896,0.000733220502732778,adjoint,2,2,ensemble,FALSE,
0|0|0|0|0|1|0|1|1|0|0|0|0|1|0|0|1,1,-0.770083206102352,0.364655522289124,0.000256289291779141,adjoint,2,2,ensemble,FALSE,
1|0|0|1|0|1|0|1|1|0|0|0|0|1|0|0|1,1,-0.826957025638408,0.508844849828689,0.000142470364333508,adjoint,2,2,ensemble,FALSE,
0|0|0|0|0|1|0|1|1|1|0|0|0|1|0|0|1,1,-0.755828847931774,-0.0190414373823304,0.0010813826673033,adjoint,2,2,ensemble,FALSE,
1|0|0|1|0|1|0|1|1|1|0|0|0|1|0|0|1,1,-0.827319744552918,0.478271811048096,0.000752888725700648,adjoint,2,2,ensemble,FALSE,
0|0|0|0|0|1|0|1|1|0|0|1|0|1|0|0|1,1,-0.734080947483544,0.400892711221749,0.000259103869777846,adjoint,2,2,ensemble,FALSE,
1|0|0|1|0|1|0|1|1|0|0|1|0|1|0|0|1,1,-0.774714046116868,0.545082038761314,0.000253308268219214,adjoint,2,2,ensemble,FALSE,
0|0|0|0|0|1|0|1|1|1|0|1|0|1|0|0|1,1,-0.770900638738044,0.370319672441156,0.0014828230294959,adjoint,2,2,ensemble,FALSE,
1|0|0|1|0|1|0|1|1|1|0|1|0|1|0|0|1,1,-0.82239829508859,0.100735960002244,0.0018131104252859,adjoint,2,2,ensemble,FALSE,
0|0|0|0|0|1|0|2|1|0|0|0|0|1|0|0|1,1,-1.14882914610226,0.407923487249524,4.11725301982552e-05,adjoint,2,2,ensemble,FALSE,
1|0|0|1|0|1|0|2|1|0|0|0|0|1|0|0|1,1,-1.01004759199468,0.55211281478909,1.93469365908368e-05,adjoint,2,2,ensemble,FALSE,
0|0|0|0|0|1|0|2|1|1|0|0|0|1|0|0|1,1,-1.12756414253437,0.377350448468931,0.000219310420178643,adjoint,2,2,ensemble,FALSE,
1|0|0|1|0|1|0|2|1|1|0|0|0|1|0|0|1,1,-1.0104906178773,0.521539776008496,0.000132473682115823,adjoint,2,2,ensemble,FALSE,
0|0|0|0|0|1|0|2|1|0|0|1|0|1|0|0|1,1,-1.09512008752385,0.44416067618215,0.000251814690455457,adjoint,2,2,ensemble,FALSE,
1|0|0|1|0|1|0|2|1|0|0|1|0|1|0|0|1,1,-0.946237872712568,0.27791703703571,0.000208097616813036,adjoint,2,2,ensemble,FALSE,
0|0|0|0|0|1|0|2|1|1|0|1|0|1|0|0|1,1,-1.15004861229684,0.00542887070304641,0.00181927877374401,adjoint,2,2,ensemble,FALSE,
1|0|0|1|0|1|0|2|1|1|0|1|0|1|0|0|1,1,-1.00447954592743,0.365542386793407,0.00192998145743107,adjoint,2,2,ensemble,FALSE,
0|0|0|0|0|1|0|3|1|0|0|0|0|1|0|0|1,1,-2.04353818470196,0.511212778148891,4.33381564440528e-06,adjoint,2,2,ensemble,FALSE,
1|0|0|1|0|1|0|3|1|0|0|0|0|1|0|0|1,1,-1.79667344757953,0.655402105688456,1.93391477553025e-06,adjoint,2,2,ensemble,FALSE,
0|0|0|0|0|1|0|3|1|1|0|0|0|1|0|0|1,1,-2.00571197970337,0.480639739368298,3.16347959888723e-05,adjoint,2,2,ensemble,FALSE,
1|0|0|1|0|1|0|3|1|1|0|0|0|1|0|0|1,1,-1.79746150236645,0.624829066907863,1.83741318194515e-05,adjoint,2,2,ensemble,FALSE,
0|0|0|0|0|1|0|3|1|0|0|1|0|1|0|0|1,1,-1.94800046924466,0.547449967081516,0.000160351861588094,adjoint,2,2,ensemble,FALSE,
1|0|0|1|0|1|0|3|1|0|0|1|0|1|0|0|1,1,-1.68316866895294,0.691639294621081,0.000125841039552158,adjoint,2,2,ensemble,FALSE,
0|0|0|0|0|1|0|3|1|1|0|1|0|1|0|0|1,1,-2.04570737212381,0.231653752519289,0.00158757806936789,adjoint,2,2,ensemble,FALSE,
1|0|0|1|0|1|0|3|1|1|0|1|0|1|0|0|1,1,-1.78676900287491,-0.348372339267045,0.00161942345063175,adjoint,2,2,ensemble,FALSE,
0|0|0|0|0|1|0|0|0|0|0|0|0|1|0|1|1,1,0,-0.296093634338206,0.00420354465996152,adjoint,2,2,ensemble,FALSE,
1|0|0|1|0|1|0|0|0|0|0|0|0|1|0|1|1,1,0,0.381978470881146,0.00377653509008527,adjoint,2,2,ensemble,FALSE,
0|0|0|0|0|1|0|0|0|1|0|0|0|1|0|1|1,1,0,-0.15744504403184,0.000526295021055867,adjoint,2,2,ensemble,FALSE,
1|0|0|1|0|1|0|0|0|1|0|0|0|1|0|1|1,1,0,0.351405432100553,0.000600153700796459,adjoint,2,2,ensemble,FALSE,
0|0|0|0|0|1|0|0|0|0|0|1|0|1|0|1|1,1,0,0.274026332274206,0.000575135454119375,adjoint,2,2,ensemble,FALSE,
1|0|0|1|0|1|0|0|0|0|0|1|0|1|0|1|1,1,0,0.178715355647647,0.0009087185455663,adjoint,2,2,ensemble,FALSE,
0|0|0|0|0|1|0|0|0|1|0|1|0|1|0|1|1,1,0,-0.0586308752199335,9.76675324980188e-05,adjoint,2,2,ensemble,FALSE,
1|0|0|1|0|1|0|0|0|1|0|1|0|1|0|1|1,1,0,0.0772096543471735,0.000195599160281529,adjoint,2,2,ensemble,FALSE,
0|0|0|0|0|1|0|1|0|0|0|0|0|1|0|1|1,1,0.773836268694551,-0.154345226731417,0.00268589286761164,adjoint,2,2,ensemble,FALSE,
1|0|0|1|0|1|0|1|0|0|0|0|0|1|0|1|1,1,0.865694068722909,0.447309756692971,0.00160790552243234,adjoint,2,2,ensemble,FALSE,
0|0|0|0|0|1|0|1|0|1|0|0|0|1|0|1|1,1,0.435488965815403,0.272547390372813,0.000417989949151942,adjoint,2,2,ensemble,FALSE,
1|0|0|1|0|1|0|1|0|1|0|0|0|1|0|1|1,1,0.489233428643141,0.416736717912378,0.000313397115837013,adjoint,2,2,ensemble,FALSE,
0|0|0|0|0|1|0|1|0|0|0|1|0|1|0|1|1,1,1.23390479172961,0.0745282346424619,0.00222317283895403,adjoint,2,2,ensemble,FALSE,
1|0|0|1|0|1|0|1|0|0|0|1|0|1|0|1|1,1,1.37268271902219,0.317812681983804,0.00234059601525493,adjoint,2,2,ensemble,FALSE,
0|0|0|0|0|1|0|1|0|1|0|1|0|1|0|1|1,1,0.871701600993315,0.308784579305438,0.000469263592078361,adjoint,2,2,ensemble,FALSE,
1|0|0|1|0|1|0|1|0|1|0|1|0|1|0|1|1,1,0.969063373570781,0.646823195448656,0.000617916170124823,adjoint,2,2,ensemble,FALSE,
0|0|0|0|0|1|0|2|0|0|0|0|0|1|0|1|1,1,1.1544280575691,0.346388394113807,0.000549674178742178,adjoint,2,2,ensemble,FALSE,
1|0|0|1|0|1|0|2|0|0|0|0|0|1|0|1|1,1,1.05736112326106,0.735749657835663,0.000275513495199786,adjoint,2,2,ensemble,FALSE,
0|0|0|0|0|1|0|2|0|1|0|0|0|1|0|1|1,1,0.649673194753673,0.315815355333214,0.000107990426438444,adjoint,2,2,ensemble,FALSE,
1|0|0|1|0|1|0|2|0|1|0|0|0|1|0|1|1,1,0.597551059128889,0.460004682872779,6.9580650645195e-05,adjoint,2,2,ensemble,FALSE,
0|0|0|0|0|1|0|2|0|0|0|1|0|1|0|1|1,1,1.84076964284014,0.177354511536171,0.00275245321409038,adjoint,2,2,ensemble,FALSE,
1|0|0|1|0|1|0|2|0|0|0|1|0|1|0|1|1,1,1.67659845909251,0.332997852011852,0.00242626860282881,adjoint,2,2,ensemble,FALSE,
0|0|0|0|0|1|0|2|0|1|0|1|0|1|0|1|1,1,1.30042597733526,0.352052544265839,0.000733442961563443,adjoint,2,2,ensemble,FALSE,
1|0|0|1|0|1|0|2|0|1|0|1|0|1|0|1|1,1,1.18361667731135,0.221961112601052,0.00082995227145416,adjoint,2,2,ensemble,FALSE,
0|0|0|0|0|1|0|3|0|0|0|0|0|1|0|1|1,1,2.05349753280351,0.449677685013173,7.26614176195367e-05,adjoint,2,2,ensemble,FALSE,
1|0|0|1|0|1|0|3|0|0|0|0|0|1|0|1|1,1,1.88083479404604,0.593867012552738,3.41080461315053e-05,adjoint,2,2,ensemble,FALSE,
0|0|0|0|0|1|0|3|0|1|0|0|0|1|0|1|1,1,1.15563918756834,0.41910464623258,1.95626047992477e-05,adjoint,2,2,ensemble,FALSE,
1|0|0|1|0|1|0|3|0|1|0|0|0|1|0|1|1,1,1.06292429190362,0.563293973772145,1.19523842800651e-05,adjoint,2,2,ensemble,FALSE,
0|0|0|0|0|1|0|3|0|0|0|1|0|1|0|1|1,1,3.27436248213811,1.39648207160684,0.00220114444721052,adjoint,2,2,ensemble,FALSE,
1|0|0|1|0|1|0|3|0|0|0|1|0|1|0|1|1,1,2.98233465193007,0.630104201485364,0.00181711708213468,adjoint,2,2,ensemble,FALSE,
0|0|0|0|0|1|0|3|0|1|0|1|0|1|0|1|1,1,2.31319874681036,1.24318618781596,0.000803781188776778,adjoint,2,2,ensemble,FALSE,
1|0|0|1|0|1|0|3|0|1|0|1|0|1|0|1|1,1,2.10541827245781,1.49646913440643,0.000862480425838168,adjoint,2,2,ensemble,FALSE,
0|0|0|0|0|1|0|0|1|0|0|0|0|1|0|1|1,1,0,-0.0712364480171763,0.000598055413868473,adjoint,2,2,ensemble,FALSE,
1|0|0|1|0|1|0|0|1|0|0|0|0|1|0|1|1,1,0,0.383385846208391,0.000496677657779349,adjoint,2,2,ensemble,FALSE,
0|0|0|0|0|1|0|0|1|1|0|0|0|1|0|1|1,1,0,-0.168549611472667,0.00274040755778309,adjoint,2,2,ensemble,FALSE,
1|0|0|1|0|1|0|0|1|1|0|0|0|1|0|1|1,1,0,-0.278881029366595,0.00288870852707656,adjoint,2,2,ensemble,FALSE,
0|0|0|0|0|1|0|0|1|0|0|1|0|1|0|1|1,1,0,0.275433707601451,8.18268627713218e-05,adjoint,2,2,ensemble,FALSE,
1|0|0|1|0|1|0|0|1|0|0|1|0|1|0|1|1,1,0,0.419623035141017,0.000119511718553193,adjoint,2,2,ensemble,FALSE,
0|0|0|0|0|1|0|0|1|1|0|1|0|1|0|1|1,1,0,0.244860668820858,0.000508552871487617,adjoint,2,2,ensemble,FALSE,
1|0|0|1|0|1|0|0|1|1|0|1|0|1|0|1|1,1,0,0.389049996360423,0.00094147376154545,adjoint,2,2,ensemble,FALSE,
0|0|0|0|0|1|0|1|1|0|0|0|0|1|0|1|1,1,0.773836268694551,0.304527804480651,0.000297765675233586,adjoint,2,2,ensemble,FALSE,
1|0|0|1|0|1|0|1|1|0|0|0|0|1|0|1|1,1,0.865694068722909,0.448717132020216,0.000165526947856643,adjoint,2,2,ensemble,FALSE,
0|0|0|0|0|1|0|1|1|1|0|0|0|1|0|1|1,1,0.435488965815403,-0.277283874469854,0.00169594561430963,adjoint,2,2,ensemble,FALSE,
1|0|0|1|0|1|0|1|1|1|0|0|0|1|0|1|1,1,0.489233428643141,0.168235199168848,0.00118076456283449,adjoint,2,2,ensemble,FALSE,
0|0|0|0|0|1|0|1|1|0|0|1|0|1|0|1|1,1,1.23390479172961,0.340764993413277,0.000246467224934689,adjoint,2,2,ensemble,FALSE,
1|0|0|1|0|1|0|1|1|0|0|1|0|1|0|1|1,1,1.37268271902219,0.484954320952842,0.000240954278199435,adjoint,2,2,ensemble,FALSE,
0|0|0|0|0|1|0|1|1|1|0|1|0|1|0|1|1,1,0.871701600993315,0.310191954632684,0.00190398245832266,adjoint,2,2,ensemble,FALSE,
1|0|0|1|0|1|0|1|1|1|0|1|0|1|0|1|1,1,0.969063373570781,0.691460152380474,0.00232807986932862,adjoint,2,2,ensemble,FALSE,
0|0|0|0|0|1|0|2|1|0|0|0|0|1|0|1|1,1,1.1544280575691,0.347795769441052,4.78356554440972e-05,adjoint,2,2,ensemble,FALSE,
1|0|0|1|0|1|0|2|1|0|0|0|0|1|0|1|1,1,1.05736112326106,0.491985096980617,2.2477933423127e-05,adjoint,2,2,ensemble,FALSE,
0|0|0|0|0|1|0|2|1|1|0|0|0|1|0|1|1,1,0.649673194753674,-0.0736560313374304,0.000343947204371135,adjoint,2,2,ensemble,FALSE,
1|0|0|1|0|1|0|2|1|1|0|0|0|1|0|1|1,1,0.597551059128889,0.150979091514021,0.000207760089918997,adjoint,2,2,ensemble,FALSE,
0|0|0|0|0|1|0|2|1|0|0|1|0|1|0|1|1,1,1.84076964284014,0.384032958373678,0.000239533543082769,adjoint,2,2,ensemble,FALSE,
1|0|0|1|0|1|0|2|1|0|0|1|0|1|0|1|1,1,1.67659845909251,0.528222285913243,0.000197948576281035,adjoint,2,2,ensemble,FALSE,
0|0|0|0|0|1|0|2|1|1|0|1|0|1|0|1|1,1,1.30042597733526,0.277479815777276,0.00233600018552781,adjoint,2,2,ensemble,FALSE,
1|0|0|1|0|1|0|2|1|1|0|1|0|1|0|1|1,1,1.18361667731135,0.113180090837219,0.00247814524507754,adjoint,2,2,ensemble,FALSE,
0|0|0|0|0|1|0|3|1|0|0|0|0|1|0|1|1,1,2.05349753280351,0.451085060340418,5.03517541734159e-06,adjoint,2,2,ensemble,FALSE,
1|0|0|1|0|1|0|3|1|0|0|0|0|1|0|1|1,1,1.88083479404604,0.595274387879984,2.24688840872922e-06,adjoint,2,2,ensemble,FALSE,
0|0|0|0|0|1|0|3|1|1|0|0|0|1|0|1|1,1,1.15563918756834,0.420512021559825,4.96132360348439e-05,adjoint,2,2,ensemble,FALSE,
1|0|0|1|0|1|0|3|1|1|0|0|0|1|0|1|1,1,1.06292429190361,0.56470134909939,2.88163748302485e-05,adjoint,2,2,ensemble,FALSE,
0|0|0|0|0|1|0|3|1|0|0|1|0|1|0|1|1,1,3.27436248213811,0.487322249273044,0.000152531409016061,adjoint,2,2,ensemble,FALSE,
1|0|0|1|0|1|0|3|1|0|0|1|0|1|0|1|1,1,2.98233465193007,0.631511576812609,0.00011970369963177,adjoint,2,2,ensemble,FALSE,
0|0|0|0|0|1|0|3|1|1|0|1|0|1|0|1|1,1,2.31319874681036,1.20562442432074,0.00203849059204443,adjoint,2,2,ensemble,FALSE,
1|0|0|1|0|1|0|3|1|1|0|1|0|1|0|1|1,1,2.10541827245781,2.12004990920705,0.00207938087099134,adjoint,2,2,ensemble,FALSE,
0|0|0|0|0|1|0|0|0|0|0|0|0|1|0|2|1,1,0,0.424971791067861,0.00327372387285366,adjoint,2,2,ensemble,FALSE,
1|0|0|1|0|1|0|0|0|0|0|0|0|1|0|2|1,1,0,0.673211295551831,0.00325049387528552,adjoint,2,2,ensemble,FALSE,
0|0|0|0|0|1|0|0|0|1|0|0|0|1|0|2|1,1,0,0.0276231948190945,0.000452986322575578,adjoint,2,2,ensemble,FALSE,
1|0|0|1|0|1|0|0|0|1|0|0|0|1|0|2|1,1,0,0.642638256771238,0.00057088385942059,adjoint,2,2,ensemble,FALSE,
0|0|0|0|0|1|0|0|0|0|0|1|0|1|0|2|1,1,0,0.565259156944891,0.000405291104492887,adjoint,2,2,ensemble,FALSE,
1|0|0|1|0|1|0|0|0|0|0|1|0|1|0|2|1,1,0,0.469948180318335,0.000707710714878543,adjoint,2,2,ensemble,FALSE,
0|0|0|0|0|1|0|0|0|1|0|1|0|1|0|2|1,1,0,0.534686118164298,7.6063550790109e-05,adjoint,2,2,ensemble,FALSE,
1|0|0|1|0|1|0|0|0|1|0|1|0|1|0|2|1,1,0,0.678875445703863,0.000168353757436355,adjoint,2,2,ensemble,FALSE,
0|0|0|0|0|1|0|1|0|0|0|0|0|1|0|2|1,1,1.65455438401082,0.839792579940282,0.00209177546854185,adjoint,2,2,ensemble,FALSE,
1|0|0|1|0|1|0|1|0|0|0|0|0|1|0|2|1,1,1.85362906299535,0.738542581363657,0.00138393710849542,adjoint,2,2,ensemble,FALSE,
0|0|0|0|0|1|0|1|0|1|0|0|0|1|0|2|1,1,1.49600359771114,0.829266222217789,0.000359767283300581,adjoint,2,2,ensemble,FALSE,
1|0|0|1|0|1|0|1|0|1|0|0|0|1|0|2|1,1,1.65473534285956,0.707969542583063,0.000298112558137826,adjoint,2,2,ensemble,FALSE,
0|0|0|0|0|1|0|1|0|0|0|1|0|1|0|2|1,1,1.74660715763045,0.630590442756717,0.00156664342099704,adjoint,2,2,ensemble,FALSE,
1|0|0|1|0|1|0|1|0|0|0|1|0|1|0|2|1,1,2.00244706253921,1.01456298689113,0.00182285800953435,adjoint,2,2,ensemble,FALSE,
0|0|0|0|0|1|0|1|0|1|0|1|0|1|0|2|1,1,1.6096318489296,0.600017403976124,0.000365462852977528,adjoint,2,2,ensemble,FALSE,
1|0|0|1|0|1|0|1|0|1|0|1|0|1|0|2|1,1,1.81934793582407,0.882765203639434,0.000531845376388458,adjoint,2,2,ensemble,FALSE,
0|0|0|0|0|1|0|2|0|0|0|0|0|1|0|2|1,1,2.46830509365798,1.02765679083428,0.000428086680838539,adjoint,2,2,ensemble,FALSE,
1|0|0|1|0|1|0|2|0|0|0|0|0|1|0|2|1,1,2.26402765014837,0.781810546324057,0.000237136662931203,adjoint,2,2,ensemble,FALSE,
0|0|0|0|0|1|0|2|0|1|0|0|0|1|0|2|1,1,2.23177511482567,0.607048180003899,9.29482214131121e-05,adjoint,2,2,ensemble,FALSE,
1|0|0|1|0|1|0|2|0|1|0|0|0|1|0|2|1,1,2.02109831179378,0.751237507543464,6.61871622696141e-05,adjoint,2,2,ensemble,FALSE,
0|0|0|0|0|1|0|2|0|0|0|1|0|1|0|2|1,1,2.60563169483013,0.673858407717118,0.00193962099747748,adjoint,2,2,ensemble,FALSE,
1|0|0|1|0|1|0|2|0|0|0|1|0|1|0|2|1,1,2.44579436525512,1.38467679996444,0.00188957988782464,adjoint,2,2,ensemble,FALSE,
0|0|0|0|0|1|0|2|0|1|0|1|0|1|0|2|1,1,2.40128854634316,0.643285368936524,0.00057120595280382,adjoint,2,2,ensemble,FALSE,
1|0|0|1|0|1|0|2|0|1|0|1|0|1|0|2|1,1,2.22215658686853,1.1285145920243,0.00071434654009269,adjoint,2,2,ensemble,FALSE,
0|0|0|0|0|1|0|3|0|0|0|0|0|1|0|2|1,1,4.39062303345795,0.740910509683858,5.65887689411735e-05,adjoint,2,2,ensemble,FALSE,
1|0|0|1|0|1|0|3|0|0|0|0|0|1|0|2|1,1,4.02725415697924,0.885099837223424,2.93570673656604e-05,adjoint,2,2,ensemble,FALSE,
0|0|0|0|0|1|0|3|0|1|0|0|0|1|0|2|1,1,3.96988332189117,0.710337470903265,1.68376899903637e-05,adjoint,2,2,ensemble,FALSE,
1|0|0|1|0|1|0|3|0|1|0|0|0|1|0|2|1,1,3.59513125968308,0.85452679844283,1.13694596201377e-05,adjoint,2,2,ensemble,FALSE,
0|0|0|0|0|1|0|3|0|0|0|1|0|1|0|2|1,1,4.63489969915951,1.36045764998988,0.00155112027569973,adjoint,2,2,ensemble,FALSE,
1|0|0|1|0|1|0|3|0|0|0|1|0|1|0|2|1,1,4.35058093214744,1.86607235195303,0.00141517220649891,adjoint,2,2,ensemble,FALSE,
0|0|0|0|0|1|0|3|0|1|0|1|0|1|0|2|1,1,4.27141394661561,0.746574659835891,0.000625985419237419,adjoint,2,2,ensemble,FALSE,
1|0|0|1|0|1|0|3|0|1|0|1|0|1|0|2|1,1,3.95277387682903,0.890763987375456,0.000742343782029392,adjoint,2,2,ensemble,FALSE,
0|0|0|0|0|1|0|0|1|0|0|0|0|1|0|2|1,1,0,0.530429343339511,0.000465766024640859,adjoint,2,2,ensemble,FALSE,
1|0|0|1|0|1|0|0|1|0|0|0|0|1|0|2|1,1,0,0.364185704193073,0.000427494421762801,adjoint,2,2,ensemble,FALSE,
0|0|0|0|0|1|0|0|1|1|0|0|0|1|0|2|1,1,0,0.109586045877218,0.00235869064363942,adjoint,2,2,ensemble,FALSE,
1|0|0|1|0|1|0|0|1|1|0|0|0|1|0|2|1,1,0,0.34173972696029,0.00274782454976134,adjoint,2,2,ensemble,FALSE,
0|0|0|0|0|1|0|0|1|0|0|1|0|1|0|2|1,1,0,0.566666532272136,5.76624156139981e-05,adjoint,2,2,ensemble,FALSE,
1|0|0|1|0|1|0|0|1|0|0|1|0|1|0|2|1,1,0,0.710855859811702,9.30758199954358e-05,adjoint,2,2,ensemble,FALSE,
0|0|0|0|0|1|0|0|1|1|0|1|0|1|0|2|1,1,0,0.22566052680554,0.000396061374547767,adjoint,2,2,ensemble,FALSE,
1|0|0|1|0|1|0|0|1|1|0|1|0|1|0|2|1,1,0,0.383801928854243,0.000810333976157072,adjoint,2,2,ensemble,FALSE,
0|0|0|0|0|1|0|1|1|0|0|0|0|1|0|2|1,1,1.65455438401082,0.595760629151337,0.000231900141043703,adjoint,2,2,ensemble,FALSE,
1|0|0|1|0|1|0|1|1|0|0|0|0|1|0|2|1,1,1.85362906299535,0.739949956690902,0.000142470364333508,adjoint,2,2,ensemble,FALSE,
0|0|0|0|0|1|0|1|1|1|0|0|0|1|0|2|1,1,1.49600359771114,0.565187590370743,0.00145971391781939,adjoint,2,2,ensemble,FALSE,
1|0|0|1|0|1|0|1|1|1|0|0|0|1|0|2|1,1,1.65473534285956,0.709376917910308,0.00112317799557589,adjoint,2,2,ensemble,FALSE,
0|0|0|0|0|1|0|1|1|0|0|1|0|1|0|2|1,1,1.74660715763045,0.631997818083962,0.000173682517917498,adjoint,2,2,ensemble,FALSE,
1|0|0|1|0|1|0|1|1|0|0|1|0|1|0|2|1,1,2.00244706253921,0.776187145623527,0.000187655380546125,adjoint,2,2,ensemble,FALSE,
0|0|0|0|0|1|0|1|1|1|0|1|0|1|0|2|1,1,1.6096318489296,0.601424779303369,0.0014828230294959,adjoint,2,2,ensemble,FALSE,
1|0|0|1|0|1|0|1|1|1|0|1|0|1|0|2|1,1,1.81934793582407,1.45685071746761,0.00200379691328575,adjoint,2,2,ensemble,FALSE,
0|0|0|0|0|1|0|2|1|0|0|0|0|1|0|2|1,1,2.46830509365798,0.639028594111737,3.72544459185968e-05,adjoint,2,2,ensemble,FALSE,
1|0|0|1|0|1|0|2|1|0|0|0|0|1|0|2|1,1,2.26402765014837,0.783217921651302,1.93469365908368e-05,adjoint,2,2,ensemble,FALSE,
0|0|0|0|0|1|0|2|1|1|0|0|0|1|0|2|1,1,2.23177511482567,1.11265191424041,0.000296038102271336,adjoint,2,2,ensemble,FALSE,
1|0|0|1|0|1|0|2|1|1|0|0|0|1|0|2|1,1,2.02109831179378,0.752644882870709,0.000197627510767864,adjoint,2,2,ensemble,FALSE,
0|0|0|0|0|1|0|2|1|0|0|1|0|1|0|2|1,1,2.60563169483013,0.675265783044363,0.000168796434898552,adjoint,2,2,ensemble,FALSE,
1|0|0|1|0|1|0|2|1|0|0|1|0|1|0|2|1,1,2.44579436525512,0.819455110583928,0.00015416250621554,adjoint,2,2,ensemble,FALSE,
0|0|0|0|0|1|0|2|1|1|0|1|0|1|0|2|1,1,2.40128854634316,0.64469274426377,0.00181927877374401,adjoint,2,2,ensemble,FALSE,
1|0|0|1|0|1|0|2|1|1|0|1|0|1|0|2|1,1,2.22215658686853,1.89787513676537,0.00213295937917807,adjoint,2,2,ensemble,FALSE,
0|0|0|0|0|1|0|3|1|0|0|0|0|1|0|2|1,1,4.39062303345795,0.742317885011104,3.92139855792752e-06,adjoint,2,2,ensemble,FALSE,
1|0|0|1|0|1|0|3|1|0|0|0|0|1|0|2|1,1,4.02725415697924,0.886507212550669,1.93391477553025e-06,adjoint,2,2,ensemble,FALSE,
0|0|0|0|0|1|0|3|1|1|0|0|0|1|0|2|1,1,3.96988332189117,0.71174484623051,4.27025079914493e-05,adjoint,2,2,ensemble,FALSE,
1|0|0|1|0|1|0|3|1|1|0|0|0|1|0|2|1,1,3.59513125968308,0.855934173770076,2.74109836459741e-05,adjoint,2,2,ensemble,FALSE,
0|0|0|0|0|1|0|3|1|0|0|1|0|1|0|2|1,1,4.63489969915951,0.778555073943729,0.000107487067241631,adjoint,2,2,ensemble,FALSE,
1|0|0|1|0|1|0|3|1|0|0|1|0|1|0|2|1,1,4.35058093214744,0.922744401483294,9.32253350097671e-05,adjoint,2,2,ensemble,FALSE,
0|0|0|0|0|1|0|3|1|1|0|1|0|1|0|2|1,1,4.27141394661561,2.994607676648,0.00158757806936789,adjoint,2,2,ensemble,FALSE,
1|0|0|1|0|1|0|3|1|1|0|1|0|1|0|2|1,1,3.95277387682903,1.14700775073645,0.00178973970168793,adjoint,2,2,ensemble,FALSE,
0|0|0|0|0|1|0|0|0|0|0|0|0|1|0|3|1,1,0,0.764143041017573,0.00254957871573798,adjoint,2,2,ensemble,FALSE,
1|0|0|1|0|1|0|0|0|0|0|0|0|1|0|3|1,1,0,1.26137857826367,0.00279772600577904,adjoint,2,2,ensemble,FALSE,
0|0|0|0|0|1|0|0|0|1|0|0|0|1|0|3|1,1,0,1.08661621194352,0.000389888941052255,adjoint,2,2,ensemble,FALSE,
1|0|0|1|0|1|0|0|0|1|0|0|0|1|0|3|1,1,0,1.23080553948308,0.000543041525053394,adjoint,2,2,ensemble,FALSE,
0|0|0|0|0|1|0|0|0|0|0|1|0|1|0|3|1,1,0,1.15342643965673,0.00028560381420508,adjoint,2,2,ensemble,FALSE,
1|0|0|1|0|1|0|0|0|0|0|1|0|1|0|3|1,1,0,0.818615158864062,0.000551165658935433,adjoint,2,2,ensemble,FALSE,
0|0|0|0|0|1|0|0|0|1|0|1|0|1|0|3|1,1,0,1.12285340087614,5.92383529185285e-05,adjoint,2,2,ensemble,FALSE,
1|0|0|1|0|1|0|0|0|1|0|1|0|1|0|3|1,1,0,0.972289612679373,0.0001449034218866,adjoint,2,2,ensemble,FALSE,
0|0|0|0|0|1|0|1|0|0|0|0|0|1|0|3|1,1,1.52268965998362,1.32926754527997,0.00162907637290995,adjoint,2,2,ensemble,FALSE,
1|0|0|1|0|1|0|1|0|0|0|0|0|1|0|3|1,1,1.85420213282105,1.3267098640755,0.00119116570815263,adjoint,2,2,ensemble,FALSE,
0|0|0|0|0|1|0|1|0|1|0|0|0|1|0|3|1,1,1.56145831472382,1.15194749775534,0.000309654570393583,adjoint,2,2,ensemble,FALSE,
1|0|0|1|0|1|0|1|0|1|0|0|0|1|0|3|1,1,1.87691311816571,1.29613682529491,0.00028357343711388,adjoint,2,2,ensemble,FALSE,
0|0|0|0|0|1|0|1|0|0|0|1|0|1|0|3|1,1,1.37946501088407,1.33506252948295,0.0011039949596128,adjoint,2,2,ensemble,FALSE,
1|0|0|1|0|1|0|1|0|0|0|1|0|1|0|3|1,1,1.73196262963132,1.84251348619783,0.00141964324525333,adjoint,2,2,ensemble,FALSE,
0|0|0|0|0|1|0|1|0|1|0|1|0|1|0|3|1,1,1.42975305880877,1.18818468668797,0.000284622756082408,adjoint,2,2,ensemble,FALSE,
1|0|0|1|0|1|0|1|0|1|0|1|0|1|0|3|1,1,1.76664602055749,1.33237401422753,0.000457763557682333,adjoint,2,2,ensemble,FALSE,
0|0|0|0|0|1|0|2|0|0|0|0|0|1|0|3|1,1,2.27158604160655,1.42080628752123,0.000333394242259493,adjoint,2,2,ensemble,FALSE,
1|0|0|1|0|1|0|2|0|0|0|0|0|1|0|3|1,1,2.2647275992141,1.61514976521819,0.000204105417287706,adjoint,2,2,ensemble,FALSE,
0|0|0|0|0|1|0|2|0|1|0|0|0|1|0|3|1,1,2.32942207824231,1.19521546271574,8.0001275564788e-05,adjoint,2,2,ensemble,FALSE,
1|0|0|1|0|1|0|2|0|1|0|0|0|1|0|3|1,1,2.2924668593546,1.33940479025531,6.29591762750604e-05,adjoint,2,2,ensemble,FALSE,
0|0|0|0|0|1|0|2|0|0|0|1|0|1|0|3|1,1,2.05791997276884,1.99278831819993,0.00136682781549071,adjoint,2,2,ensemble,FALSE,
1|0|0|1|0|1|0|2|0|0|0|1|0|1|0|3|1,1,2.11542393286203,1.6895295503224,0.00147160629631381,adjoint,2,2,ensemble,FALSE,
0|0|0|0|0|1|0|2|0|1|0|1|0|1|0|3|1,1,2.13294092465908,1.23145265164837,0.000444855643338663,adjoint,2,2,ensemble,FALSE,
1|0|0|1|0|1|0|2|0|1|0|1|0|1|0|3|1,1,2.1577863222016,2.05772177028435,0.000614843764989421,adjoint,2,2,ensemble,FALSE,
0|0|0|0|0|1|0|3|0|0|0|0|0|1|0|3|1,1,4.0406990296238,1.3290777923957,4.40713775644328e-05,adjoint,2,2,ensemble,FALSE,
1|0|0|1|0|1|0|3|0|0|0|0|0|1|0|3|1,1,4.02849922692546,1.47326711993527,2.52678620460717e-05,adjoint,2,2,ensemble,FALSE,
0|0|0|0|0|1|0|3|0|1|0|0|0|1|0|3|1,1,4.14357781688124,1.29850475361511,1.44923340792783e-05,adjoint,2,2,ensemble,FALSE,
1|0|0|1|0|1|0|3|0|1|0|0|0|1|0|3|1,1,4.0778418445852,1.44269408115467,1.08149645313477e-05,adjoint,2,2,ensemble,FALSE,
0|0|0|0|0|1|0|3|0|0|0|1|0|1|0|3|1,1,3.6606296590595,1.36531498132833,0.00109305598400681,adjoint,2,2,ensemble,FALSE,
1|0|0|1|0|1|0|3|0|0|0|1|0|1|0|3|1,1,3.76291774830298,3.09626649557316,0.00110213722260224,adjoint,2,2,ensemble,FALSE,
0|0|0|0|0|1|0|3|0|1|0|1|0|1|0|3|1,1,3.79407698702861,1.33474194254773,0.000487517934693384,adjoint,2,2,ensemble,FALSE,
1|0|0|1|0|1|0|3|0|1|0|1|0|1|0|3|1,1,3.83827199963298,2.38654095125063,0.000638941214442242,adjoint,2,2,ensemble,FALSE,
0|0|0|0|0|1|0|0|1|0|0|0|0|1|0|3|1,1,0,0.814946279391585,0.000362738944718357,adjoint,2,2,ensemble,FALSE,
1|0|0|1|0|1|0|0|1|0|0|0|0|1|0|3|1,1,0,1.26278595359092,0.000367947858688461,adjoint,2,2,ensemble,FALSE,
0|0|0|0|0|1|0|0|1|1|0|0|0|1|0|3|1,1,0,0.747419918693596,0.0020301438508996,adjoint,2,2,ensemble,FALSE,
1|0|0|1|0|1|0|0|1|1|0|0|0|1|0|3|1,1,0,1.03067564471819,0.00261381156509841,adjoint,2,2,ensemble,FALSE,
0|0|0|0|0|1|0|0|1|0|0|1|0|1|0|3|1,1,0,1.15483381498398,4.06340175075948e-05,adjoint,2,2,ensemble,FALSE,
1|0|0|1|0|1|0|0|1|0|0|1|0|1|0|3|1,1,0,1.29902314252354,7.24875214974585e-05,adjoint,2,2,ensemble,FALSE,
0|0|0|0|0|1|0|0|1|1|0|1|0|1|0|3|1,1,0,1.12426077620339,0.000308452908642138,adjoint,2,2,ensemble,FALSE,
1|0|0|1|0|1|0|0|1|1|0|1|0|1|0|3|1,1,0,1.26845010374295,0.000697460916846624,adjoint,2,2,ensemble,FALSE,
0|0|0|0|0|1|0|1|1|0|0|0|0|1|0|3|1,1,1.52268965998362,1.18392791186318,0.000180604011439205,adjoint,2,2,ensemble,FALSE,
1|0|0|1|0|1|0|1|1|0|0|0|0|1|0|3|1,1,1.85420213282105,1.32811723940274,0.000122625378986034,adjoint,2,2,ensemble,FALSE,
0|0|0|0|0|1|0|1|1|1|0|0|0|1|0|3|1,1,1.56145831472382,1.03148468194818,0.00125638741236582,adjoint,2,2,ensemble,FALSE,
1|0|0|1|0|1|0|1|1|1|0|0|0|1|0|3|1,1,1.87691311816571,1.51135393008218,0.00106839995834352,adjoint,2,2,ensemble,FALSE,
0|0|0|0|0|1|0|1|1|0|0|1|0|1|0|3|1,1,1.37946501088407,1.22016510079581,0.000122392001768818,adjoint,2,2,ensemble,FALSE,
1|0|0|1|0|1|0|1|1|0|0|1|0|1|0|3|1,1,1.73196262963132,1.36435442833537,0.000146146157316885,adjoint,2,2,ensemble,FALSE,
0|0|0|0|0|1|0|1|1|1|0|1|0|1|0|3|1,1,1.42975305880877,1.18959206201521,0.00115482373652772,adjoint,2,2,ensemble,FALSE,
1|0|0|1|0|1|0|1|1|1|0|1|0|1|0|3|1,1,1.76664602055749,1.570860259763,0.00172468398640095,adjoint,2,2,ensemble,FALSE,
0|0|0|0|0|1|0|2|1|0|0|0|0|1|0|3|1,1,2.27158604160655,1.22719587682358,2.90137916542945e-05,adjoint,2,2,ensemble,FALSE,
1|0|0|1|0|1|0|2|1|0|0|0|0|1|0|3|1,1,2.2647275992141,1.37138520436315,1.66520626431231e-05,adjoint,2,2,ensemble,FALSE,
0|0|0|0|0|1|0|2|1|1|0|0|0|1|0|3|1,1,2.32942207824231,1.19662283804299,0.000254802355950676,adjoint,2,2,ensemble,FALSE,
1|0|0|1|0|1|0|2|1|1|0|0|0|1|0|3|1,1,2.2924668593546,1.34081216558255,0.000187989103333224,adjoint,2,2,ensemble,FALSE,
0|0|0|0|0|1|0|2|1|0|0|1|0|1|0|3|1,1,2.05791997276884,1.26343306575621,0.00011894883725999,adjoint,2,2,ensemble,FALSE,
1|0|0|1|0|1|0|2|1|0|0|1|0|1|0|3|1,1,2.11542393286203,1.40762239329577,0.000120061880560913,adjoint,2,2,ensemble,FALSE,
0|0|0|0|0|1|0|2|1|1|0|1|0|1|0|3|1,1,2.13294092465908,1.73112802129966,0.00141685573361702,adjoint,2,2,ensemble,FALSE,
1|0|0|1|0|1|0|2|1|1|0|1|0|1|0|3|1,1,2.1577863222016,2.99748852689433,0.00183585515104921,adjoint,2,2,ensemble,FALSE,
0|0|0|0|0|1|0|3|1|0|0|0|0|1|0|3|1,1,4.0406990296238,1.33048516772295,3.05398826764903e-06,adjoint,2,2,ensemble,FALSE,
1|0|0|1|0|1|0|3|1|0|0|0|0|1|0|3|1,1,4.02849922692546,1.47467449526251,1.66453587302516e-06,adjoint,2,2,ensemble,FALSE,
0|0|0|0|0|1|0|3|1|1|0|0|0|1|0|3|1,1,4.14357781688124,1.29991212894235,3.67543892415952e-05,adjoint,2,2,ensemble,FALSE,
1|0|0|1|0|1|0|3|1|1|0|0|0|1|0|3|1,1,4.0778418445852,1.44410145648192,2.60741341985585e-05,adjoint,2,2,ensemble,FALSE,
0|0|0|0|0|1|0|3|1|0|0|1|0|1|0|3|1,1,3.6606296590595,1.36672235665557,7.57448560839722e-05,adjoint,2,2,ensemble,FALSE,
1|0|0|1|0|1|0|3|1|0|0|1|0|1|0|3|1,1,3.76291774830297,1.51091168419514,7.26039639077007e-05,adjoint,2,2,ensemble,FALSE,
0|0|0|0|0|1|0|3|1|1|0|1|0|1|0|3|1,1,3.79407698702861,2.08502453170326,0.0012364070436107,adjoint,2,2,ensemble,FALSE,
1|0|0|1|0|1|0|3|1|1|0|1|0|1|0|3|1,1,3.83827199963298,2.74461362855583,0.0015404432369674,adjoint,2,2,ensemble,FALSE,
0|0|0|0|0|1|0|0|0|0|1|0|1|0|0|0|0,0,0,0.00983346995330325,0.0340123692951178,adjoint,2,2,sieve_md,TRUE,
0|0|0|0|0|1|0|0|0|0|0|0|0|1|0|0|0,1,0,0.0428276579616332,0.00420354465996152,adjoint,2,2,sieve_md,FALSE,
1|0|0|1|0|1|0|0|0|0|0|0|0|1|0|0|0,1,0,0.290009180719948,0.00461267037531881,adjoint,2,2,sieve_md,FALSE,
0|0|0|0|0|1|0|0|0|1|0|0|0|1|0|0|0,1,0,0.656446688384452,0.000389888941052255,adjoint,2,2,sieve_md,FALSE,
1|0|0|1|0|1|0|0|0|1|0|0|0|1|0|0|0,1,0,0.170109970330867,0.000543041525053394,adjoint,2,2,sieve_md,FALSE,
0|0|0|0|0|1|0|0|0|0|0|1|0|1|0|0|0,1,0,0.656446688384452,0.000520404079326314,adjoint,2,2,sieve_md,FALSE,
1|0|0|1|0|1|0|0|0|0|0|1|0|1|0|0|0,1,0,0.656446688384452,0.00100428930927588,adjoint,2,2,sieve_md,FALSE,
0|0|0|0|0|1|0|0|0|1|0|1|0|1|0|0|0,1,0,0.656446688384452,6.54685048802593e-05,adjoint,2,2,sieve_md,FALSE,
1|0|0|1|0|1|0|0|0|1|0|1|0|1|0|0|0,1,0,0.656446688384452,0.000160143047798717,adjoint,2,2,sieve_md,FALSE,
0|0|0|0|0|1|0|1|0|0|1|0|1|0|0|0|0,0,0,0.0063166628051069,0.0447899109255408,adjoint,2,2,sieve_md,TRUE,
0|0|0|0|0|1|0|1|0|0|0|0|0|1|0|0|0,1,-0.640667527308902,0.42481083231949,0.00268589286761164,adjoint,2,2,sieve_md,FALSE,
1|0|0|1|0|1|0|1|0|0|0|0|0|1|0|0|0,1,-0.663918291420844,-0.100946012011592,0.00196390023995983,adjoint,2,2,sieve_md,FALSE,
0|0|0|0|0|1|0|1|0|1|0|0|0|1|0|0|0,1,-0.61097871822111,0.27020173247527,0.000309654570393583,adjoint,2,2,sieve_md,FALSE,
1|0|0|1|0|1|0|1|0|1|0|0|0|1|0|0|0,1,-0.630758890718092,0.270200529794211,0.00028357343711388,adjoint,2,2,sieve_md,FALSE,
0|0|0|0|0|1|0|1|0|0|0|1|0|1|0|0|0,1,-0.633469039072831,0.0376347864388769,0.00201160997144684,adjoint,2,2,sieve_md,FALSE,
1|0|0|1|0|1|0|1|0|0|0|1|0|1|0|0|0,1,-0.660296130901142,-0.435483030323846,0.00258675864702349,adjoint,2,2,sieve_md,FALSE,
0|0|0|0|0|1|0|1|0|1|0|1|0|1|0|0|0,1,-0.653527313487882,0.656446688384452,0.000314556792644816,adjoint,2,2,sieve_md,FALSE,
1|0|0|1|0|1|0|1|0|1|0|1|0|1|0|0|0,1,-0.676419076242787,0.656446688384452,0.000505906971305358,adjoint,2,2,sieve_md,FALSE,
0|0|0|0|0|1|0|2|0|0|1|0|1|0|0|0|0,0,0,0.0075654361728531,0.0388813985793297,adjoint,2,2,sieve_md,TRUE,
0|0|0|0|0|1|0|2|0|0|0|0|0|1|0|0|0,1,-0.955763640216183,0.0895336771140011,0.000549674178742178,adjoint,2,2,sieve_md,FALSE,
1|0|0|1|0|1|0|2|0|0|0|0|0|1|0|0|0,1,-0.810911632334406,1.05300960931885,0.000336512942947367,adjoint,2,2,sieve_md,FALSE,
0|0|0|0|0|1|0|2|0|1|0|0|0|1|0|0|0,1,-0.911473141575458,0.656446688384452,8.0001275564788e-05,adjoint,2,2,sieve_md,FALSE,
1|0|0|1|0|1|0|2|0|1|0|0|0|1|0|0|0,1,-0.770410648857126,0.656446688384452,6.29591762750604e-05,adjoint,2,2,sieve_md,FALSE,
0|0|0|0|0|1|0|2|0|0|0|1|0|1|0|0|0,1,-0.945024757679931,-0.0333891624088813,0.00249052265950232,adjoint,2,2,sieve_md,FALSE,
1|0|0|1|0|1|0|2|0|0|0|1|0|1|0|0|0,1,-0.806487515485143,0.379022702821866,0.00268144149928643,adjoint,2,2,sieve_md,FALSE,
0|0|0|0|0|1|0|2|0|1|0|1|0|1|0|0|0,1,-0.974948186844371,0.0946956502377169,0.000491641519759723,adjoint,2,2,sieve_md,FALSE,
1|0|0|1|0|1|0|2|0|1|0|1|0|1|0|0|0,1,-0.826180125395095,0.197747446615262,0.000679507448226446,adjoint,2,2,sieve_md,FALSE,
0|0|0|0|0|1|0|3|0|0|1|0|1|0|0|0|0,0,0,0.00871389977378256,0.0315094930517083,adjoint,2,2,sieve_md,TRUE,
0|0|0|0|0|1|0|3|0|0|0|0|0|1|0|0|0,1,-1.70011311164772,0.656446688384452,7.26614176195367e-05,adjoint,2,2,sieve_md,FALSE,
1|0|0|1|0|1|0|3|0|0|0|0|0|1|0|0|0,1,-1.44245024659815,0.656446688384452,4.16596616204748e-05,adjoint,2,2,sieve_md,FALSE,
0|0|0|0|0|1|0|3|0|1|0|0|0|1|0|0|0,1,-1.62132913798298,0.656446688384452,1.44923340792784e-05,adjoint,2,2,sieve_md,FALSE,
1|0|0|1|0|1|0|3|0|1|0|0|0|1|0|0|0,1,-1.37040706547361,0.656446688384452,1.08149645313477e-05,adjoint,2,2,sieve_md,FALSE,
0|0|0|0|0|1|0|3|0|0|0|1|0|1|0|0|0,1,-1.68101077898293,0.124128419372712,0.00199167785833815,adjoint,2,2,sieve_md,FALSE,
1|0|0|1|0|1|0|3|0|0|0|1|0|1|0|0|0,1,-1.43458062408228,-0.142371939776457,0.00200822495391373,adjoint,2,2,sieve_md,FALSE,
0|0|0|0|0|1|0|3|0|1|0|1|0|1|0|0|0,1,-1.73423859821281,0.656446688384452,0.000538790643463431,adjoint,2,2,sieve_md,FALSE,
1|0|0|1|0|1|0|3|0|1|0|1|0|1|0|0|0,1,-1.46960985401083,1.78570710497629,0.000706139248561502,adjoint,2,2,sieve_md,FALSE,
0|0|0|0|0|1|0|0|1|0|1|0|1|0|0|0|0,0,0,0.00962731550227047,0.0344508323933191,adjoint,2,2,sieve_md,TRUE,
0|0|0|0|0|1|0|0|1|0|0|0|0|1|0|0|0,1,0,0.270201732475272,0.000598055413868472,adjoint,2,2,sieve_md,FALSE,
1|0|0|1|0|1|0|0|1|0|0|0|0|1|0|0|0,1,0,0.270201732475272,0.00060664346112823,adjoint,2,2,sieve_md,FALSE,
0|0|0|0|0|1|0|0|1|1|0|0|0|1|0|0|0,1,0,0.0512252447038023,0.0020301438508996,adjoint,2,2,sieve_md,FALSE,
1|0|0|1|0|1|0|0|1|1|0|0|0|1|0|0|0,1,0,0.326605086012679,0.00261381156509841,adjoint,2,2,sieve_md,FALSE,
0|0|0|0|0|1|0|0|1|0|0|1|0|1|0|0|0,1,0,0.656446688384452,7.40400072359856e-05,adjoint,2,2,sieve_md,FALSE,
1|0|0|1|0|1|0|0|1|0|0|1|0|1|0|0|0,1,0,0.656446688384452,0.00013208087571423,adjoint,2,2,sieve_md,FALSE,
0|0|0|0|0|1|0|0|1|1|0|1|0|1|0|0|0,1,0,0.656446688384452,0.000340893184227136,adjoint,2,2,sieve_md,FALSE,
1|0|0|1|0|1|0|0|1|1|0|1|0|1|0|0|0,1,0,0.656446688384452,0.000770813521793267,adjoint,2,2,sieve_md,FALSE,
0|0|0|0|0|1|0|1|1|0|1|0|1|0|0|0|0,0,0,0.00614754091111258,0.0445846694872666,adjoint,2,2,sieve_md,TRUE,
0|0|0|0|0|1|0|1|1|0|0|0|0|1|0|0|0,1,-0.640667527308902,0.656446688384452,0.000297765675233586,adjoint,2,2,sieve_md,FALSE,
1|0|0|1|0|1|0|1|1|0|0|0|0|1|0|0|0,1,-0.663918291420844,0.656446688384452,0.000202175070661939,adjoint,2,2,sieve_md,FALSE,
0|0|0|0|0|1|0|1|1|1|0|0|0|1|0|0|0,1,-0.61097871822111,0.217085061586203,0.00125638741236582,adjoint,2,2,sieve_md,FALSE,
1|0|0|1|0|1|0|1|1|1|0|0|0|1|0|0|0,1,-0.630758890718092,0.0895336771140011,0.00106839995834352,adjoint,2,2,sieve_md,FALSE,
0|0|0|0|0|1|0|1|1|0|0|1|0|1|0|0|0,1,-0.633469039072831,0.656446688384452,0.000223012767440392,adjoint,2,2,sieve_md,FALSE,
1|0|0|1|0|1|0|1|1|0|0|1|0|1|0|0|0,1,-0.660296130901142,0.925754264944493,0.000266295660851925,adjoint,2,2,sieve_md,FALSE,
0|0|0|0|0|1|0|1|1|1|0|1|0|1|0|0|0,1,-0.653527313487882,0.27020173247527,0.00127627760911389,adjoint,2,2,sieve_md,FALSE,
1|0|0|1|0|1|0|1|1|1|0|1|0|1|0|0|0,1,-0.676419076242787,0.54676960868053,0.00190607058464111,adjoint,2,2,sieve_md,FALSE,
0|0|0|0|0|1|0|2|1|0|1|0|1|0|0|0|0,0,0,0.0100486465742015,0.0375435951500442,adjoint,2,2,sieve_md,TRUE,
0|0|0|0|0|1|0|2|1|0|0|0|0|1|0|0|0,1,-0.955763640216183,0.656446688384452,4.78356554440972e-05,adjoint,2,2,sieve_md,FALSE,
1|0|0|1|0|1|0|2|1|0|0|0|0|1|0|0|0,1,-0.810911632334406,0.656446688384452,2.7454609880748e-05,adjoint,2,2,sieve_md,FALSE,
0|0|0|0|0|1|0|2|1|1|0|0|0|1|0|0|0,1,-0.911473141575458,0.656446688384452,0.000254802355950676,adjoint,2,2,sieve_md,FALSE,
1|0|0|1|0|1|0|2|1|1|0|0|0|1|0|0|0,1,-0.770410648857126,0.656446688384452,0.000187989103333224,adjoint,2,2,sieve_md,FALSE,
0|0|0|0|0|1|0|2|1|0|0|1|0|1|0|0|0,1,-0.945024757679931,0.656446688384452,0.000216738912656018,adjoint,2,2,sieve_md,FALSE,
1|0|0|1|0|1|0|2|1|0|0|1|0|1|0|0|0,1,-0.806487515485143,0.656446688384452,0.000218767009780279,adjoint,2,2,sieve_md,FALSE,
0|0|0|0|0|1|0|2|1|1|0|1|0|1|0|0|0,1,-0.974948186844371,-0.122039903894999,0.00156586775190226,adjoint,2,2,sieve_md,FALSE,
1|0|0|1|0|1|0|2|1|1|0|1|0|1|0|0|0,1,-0.826180125395095,-0.130072181930992,0.00202893372273896,adjoint,2,2,sieve_md,FALSE,
0|0|0|0|0|1|0|3|1|0|1|0|1|0|0|0|0,0,0,0.00942962743523634,0.0299086572901431,adjoint,2,2,sieve_md,TRUE,
0|0|0|0|0|1|0|3|1|0|0|0|0|1|0|0|0,1,-1.70011311164772,0.656446688384452,5.03517541734159e-06,adjoint,2,2,sieve_md,FALSE,
1|0|0|1|0|1|0|3|1|0|0|0|0|1|0|0|0,1,-1.44245024659815,0.656446688384452,2.74435569969999e-06,adjoint,2,2,sieve_md,FALSE,
0|0|0|0|0|1|0|3|1|1|0|0|0|1|0|0|0,1,-1.62132913798298,0.270201732475273,3.67543892415952e-05,adjoint,2,2,sieve_md,FALSE,
1|0|0|1|0|1|0|3|1|1|0|0|0|1|0|0|0,1,-1.37040706547361,0.656446688384452,2.60741341985584e-05,adjoint,2,2,sieve_md,FALSE,
0|0|0|0|0|1|0|3|1|0|0|1|0|1|0|0|0,1,-1.68101077898293,0.656446688384452,0.000138016126303479,adjoint,2,2,sieve_md,FALSE,
1|0|0|1|0|1|0|3|1|0|0|1|0|1|0|0|0,1,-1.43458062408228,0.656446688384452,0.000132293047619095,adjoint,2,2,sieve_md,FALSE,
0|0|0|0|0|1|0|3|1|1|0|1|0|1|0|0|0,1,-1.73423859821281,0.301567697115908,0.00136644110750244,adjoint,2,2,sieve_md,FALSE,
1|0|0|1|0|1|0|3|1|1|0|1|0|1|0|0|0,1,-1.46960985401083,-0.155355918053125,0.00170245306644269,adjoint,2,2,sieve_md,FALSE,
1|0|0|1|0|1|0|0|0|0|1|0|1|0|0|0|0,0,0,0.0327666444980554,0.0339232475326121,adjoint,2,2,sieve_md,TRUE,
1|0|0|1|0|1|0|1|0|0|1|0|1|0|0|0|0,0,1.05127109637602,0.924671139357447,0.0376646392861478,adjoint,2,2,sieve_md,TRUE,
1|0|0|1|0|1|0|2|0|0|1|0|1|0|0|0|0,0,1.28402541668774,1.26606883622887,0.0323167270827079,adjoint,2,2,sieve_md,TRUE,
1|0|0|1|0|1|0|3|0|0|1|0|1|0|0|0|0,0,2.28402541668774,2.60761651566853,0.0260489960763803,adjoint,2,2,sieve_md,TRUE,
1|0|0|1|0|1|0|0|1|0|1|0|1|0|0|0|0,0,0,0.0303530905042237,0.0386201710560533,adjoint,2,2,sieve_md,TRUE,
1|0|0|1|0|1|0|1|1|0|1|0|1|0|0|0|0,0,1.05127109637602,1.16305997142599,0.0417210106241467,adjoint,2,2,sieve_md,TRUE,
1|0|0|1|0|1|0|2|1|0|1|0|1|0|0|0|0,0,1.28402541668774,1.24398593668393,0.0347158330496133,adjoint,2,2,sieve_md,TRUE,
1|0|0|1|0|1|0|3|1|0|1|0|1|0|0|0|0,0,2.28402541668774,2.19818850600115,0.0274954412637132,adjoint,2,2,sieve_md,TRUE,
0|0|0|0|0|1|0|0|0|0|0|0|0|1|0|1|0,1,0,-0.144485672915227,0.00488382212678092,adjoint,2,2,sieve_md,FALSE,
1|0|0|1|0|1|0|0|0|0|0|0|0|1|0|1|0,1,0,-0.17793517107983,0.00535915839246372,adjoint,2,2,sieve_md,FALSE,
0|0|0|0|0|1|0|0|0|1|0|0|0|1|0|1|0,1,0,0.373204414555586,0.000611467577240109,adjoint,2,2,sieve_md,FALSE,
1|0|0|1|0|1|0|0|0|1|0|0|0|1|0|1|0,1,0,0.147399249446417,0.000851658640968403,adjoint,2,2,sieve_md,FALSE,
0|0|0|0|0|1|0|0|0|0|0|1|0|1|0|1|0,1,0,0.270201732475271,0.000495023672885394,adjoint,2,2,sieve_md,FALSE,
1|0|0|1|0|1|0|0|0|0|0|1|0|1|0|1|0,1,0,0.656446688384452,0.000955309541694711,adjoint,2,2,sieve_md,FALSE,
0|0|0|0|0|1|0|0|0|1|0|1|0|1|0|1|0,1,0,0.656446688384452,8.40632242587983e-05,adjoint,2,2,sieve_md,FALSE,
1|0|0|1|0|1|0|0|0|1|0|1|0|1|0|1|0,1,0,0.656446688384452,0.000205627743679392,adjoint,2,2,sieve_md,FALSE,
0|0|0|0|0|1|0|1|0|0|0|0|0|1|0|1|0,1,0.682846801463348,0.656446688384452,0.00312056230589087,adjoint,2,2,sieve_md,FALSE,
1|0|0|1|0|1|0|1|0|0|0|0|0|1|0|1|0,1,0.74963004235783,0.151518221453764,0.00228172654808762,adjoint,2,2,sieve_md,FALSE,
0|0|0|0|0|1|0|1|0|1|0|0|0|1|0|1|0,1,0.383318642077374,0.406166244465085,0.00048563503604098,adjoint,2,2,sieve_md,FALSE,
1|0|0|1|0|1|0|1|0|1|0|0|0|1|0|1|0,1,0.421604640727319,0.656446688384452,0.000444731676907028,adjoint,2,2,sieve_md,FALSE,
0|0|0|0|0|1|0|1|0|0|0|1|0|1|0|1|0,1,1.12218853869537,0.326942336370578,0.00191350259545927,adjoint,2,2,sieve_md,FALSE,
1|0|0|1|0|1|0|1|0|0|0|1|0|1|0|1|0,1,1.24652119699827,0.827072080202001,0.0024606009391304,adjoint,2,2,sieve_md,FALSE,
0|0|0|0|0|1|0|1|0|1|0|1|0|1|0|1|0,1,0.791760908044091,0.656446688384452,0.000403898916747719,adjoint,2,2,sieve_md,FALSE,
1|0|0|1|0|1|0|1|0|1|0|1|0|1|0|1|0,1,0.87727265809054,0.828843040252619,0.000649597409635596,adjoint,2,2,sieve_md,FALSE,
0|0|0|0|0|1|0|2|0|0|0|0|0|1|0|1|0,1,1.01868772312837,0.656446688384452,0.000638630283206209,adjoint,2,2,sieve_md,FALSE,
1|0|0|1|0|1|0|2|0|0|0|0|0|1|0|1|0,1,0.915600201335578,0.656446688384452,0.00039097226023752,adjoint,2,2,sieve_md,FALSE,
0|0|0|0|0|1|0|2|0|1|0|0|0|1|0|1|0,1,0.571844217317341,1.03746329366685,0.000125466975323014,adjoint,2,2,sieve_md,FALSE,
1|0|0|1|0|1|0|2|0|1|0|0|0|1|0|1|0,1,0.514949071037475,0.656446688384452,9.87396433406007e-05,adjoint,2,2,sieve_md,FALSE,
0|0|0|0|0|1|0|2|0|0|0|1|0|1|0|1|0,1,1.67410857743571,0.426501404786668,0.00236905843610438,adjoint,2,2,sieve_md,FALSE,
1|0|0|1|0|1|0|2|0|0|0|1|0|1|0|1|0,1,1.52250442811881,1.69178179211371,0.00255066605419856,adjoint,2,2,sieve_md,FALSE,
0|0|0|0|0|1|0|2|0|1|0|1|0|1|0|1|0,1,1.18116847724705,0.656446688384452,0.000631280207270472,adjoint,2,2,sieve_md,FALSE,
1|0|0|1|0|1|0|2|0|1|0|1|0|1|0|1|0,1,1.07150324425029,0.315182804987745,0.000872504834351386,adjoint,2,2,sieve_md,FALSE,
0|0|0|0|0|1|0|3|0|0|0|0|0|1|0|1|0,1,1.81204251960597,0.656446688384452,8.44205231155579e-05,adjoint,2,2,sieve_md,FALSE,
1|0|0|1|0|1|0|3|0|0|0|0|0|1|0|1|0,1,1.62867035511606,0.656446688384452,4.84016214111409e-05,adjoint,2,2,sieve_md,FALSE,
0|0|0|0|0|1|0|3|0|1|0|0|0|1|0|1|0,1,1.01719694155894,0.656446688384452,2.27285041327267e-05,adjoint,2,2,sieve_md,FALSE,
1|0|0|1|0|1|0|3|0|1|0|0|0|1|0|1|0,1,0.915991810803352,0.656446688384452,1.69612406601566e-05,adjoint,2,2,sieve_md,FALSE,
0|0|0|0|0|1|0|3|0|0|0|1|0|1|0|1|0,1,2.9779056484892,0.12412841937271,0.00189454258297782,adjoint,2,2,sieve_md,FALSE,
1|0|0|1|0|1|0|3|0|0|0|1|0|1|0|1|0,1,2.70823206896742,1.16597489752634,0.00191028266717933,adjoint,2,2,sieve_md,FALSE,
0|0|0|0|0|1|0|3|0|1|0|1|0|1|0|1|0,1,2.10106341226632,0.656446688384452,0.000691820880480588,adjoint,2,2,sieve_md,FALSE,
1|0|0|1|0|1|0|3|0|1|0|1|0|1|0|1|0,1,1.90599080993596,0.270201732475274,0.000906700742873751,adjoint,2,2,sieve_md,FALSE,
0|0|0|0|0|1|0|0|1|0|0|0|0|1|0|1|0,1,0,0.656446688384452,0.000694841258881426,adjoint,2,2,sieve_md,FALSE,
1|0|0|1|0|1|0|0|1|0|0|0|0|1|0|1|0,1,0,0.280604565993342,0.000704819146265982,adjoint,2,2,sieve_md,FALSE,
0|0|0|0|0|1|0|0|1|1|0|0|0|1|0|1|0,1,0,0.252965725930687,0.00318389933966378,adjoint,2,2,sieve_md,FALSE,
1|0|0|1|0|1|0|0|1|1|0|0|0|1|0|1|0,1,0,0.0124480312329645,0.00409927252811897,adjoint,2,2,sieve_md,FALSE,
0|0|0|0|0|1|0|0|1|0|0|1|0|1|0|1|0,1,0,0.270201732475275,7.04290334731153e-05,adjoint,2,2,sieve_md,FALSE,
1|0|0|1|0|1|0|0|1|0|0|1|0|1|0|1|0,1,0,0.280591213253901,0.000125639215393198,adjoint,2,2,sieve_md,FALSE,
0|0|0|0|0|1|0|0|1|1|0|1|0|1|0|1|0,1,0,0.141944363111004,0.000437715512923259,adjoint,2,2,sieve_md,FALSE,
1|0|0|1|0|1|0|0|1|1|0|1|0|1|0|1|0,1,0,0.656446688384452,0.000989744153509145,adjoint,2,2,sieve_md,FALSE,
0|0|0|0|0|1|0|1|1|0|0|0|0|1|0|1|0,1,0.682846801463348,0.656446688384452,0.000345954357795489,adjoint,2,2,sieve_md,FALSE,
1|0|0|1|0|1|0|1|1|0|0|0|0|1|0|1|0,1,0.74963004235783,0.270201732475272,0.000234893920121051,adjoint,2,2,sieve_md,FALSE,
0|0|0|0|0|1|0|1|1|1|0|0|0|1|0|1|0,1,0.383318642077374,0.163452585149961,0.00197040768850978,adjoint,2,2,sieve_md,FALSE,
1|0|0|1|0|1|0|1|1|1|0|0|0|1|0|1|0,1,0.421604640727319,0.656446688384452,0.00167558467364733,adjoint,2,2,sieve_md,FALSE,
0|0|0|0|0|1|0|1|1|0|0|1|0|1|0|1|0,1,1.12218853869537,0.656446688384452,0.000212136306428635,adjoint,2,2,sieve_md,FALSE,
1|0|0|1|0|1|0|1|1|0|0|1|0|1|0|1|0,1,1.24652119699827,0.9257542649445,0.000253308268219214,adjoint,2,2,sieve_md,FALSE,
0|0|0|0|0|1|0|1|1|1|0|1|0|1|0|1|0,1,0.791760908044091,0.323927313728403,0.0016387728888517,adjoint,2,2,sieve_md,FALSE,
1|0|0|1|0|1|0|1|1|1|0|1|0|1|0|1|0,1,0.87727265809054,-0.00161578983908106,0.00244744307668005,adjoint,2,2,sieve_md,FALSE,
0|0|0|0|0|1|0|2|1|0|0|0|0|1|0|1|0,1,1.01868772312837,0.656446688384452,5.55771025183038e-05,adjoint,2,2,sieve_md,FALSE,
1|0|0|1|0|1|0|2|1|0|0|0|0|1|0|1|0,1,0.915600201335578,0.656446688384452,3.18977058801993e-05,adjoint,2,2,sieve_md,FALSE,
0|0|0|0|0|1|0|2|1|1|0|0|0|1|0|1|0,1,0.571844217317341,1.28377471509322,0.000399609639729048,adjoint,2,2,sieve_md,FALSE,
1|0|0|1|0|1|0|2|1|1|0|0|0|1|0|1|0,1,0.514949071037475,1.03489890711828,0.000294825601496865,adjoint,2,2,sieve_md,FALSE,
0|0|0|0|0|1|0|2|1|0|0|1|0|1|0|1|0,1,1.67410857743571,0.656446688384452,0.000206168431152695,adjoint,2,2,sieve_md,FALSE,
1|0|0|1|0|1|0|2|1|0|0|1|0|1|0|1|0,1,1.52250442811881,0.656446688384452,0.000208097616813036,adjoint,2,2,sieve_md,FALSE,
0|0|0|0|0|1|0|2|1|1|0|1|0|1|0|1|0,1,1.18116847724705,1.09224477647792,0.0020106139926142,adjoint,2,2,sieve_md,FALSE,
1|0|0|1|0|1|0|2|1|1|0|1|0|1|0|1|0,1,1.07150324425029,0.193236510037881,0.0026052024687717,adjoint,2,2,sieve_md,FALSE,
0|0|0|0|0|1|0|3|1|0|0|0|0|1|0|1|0,1,1.81204251960597,0.656446688384452,5.85003921801114e-06,adjoint,2,2,sieve_md,FALSE,
1|0|0|1|0|1|0|3|1|0|0|0|0|1|0|1|0,1,1.62867035511606,0.656446688384452,3.18848642613798e-06,adjoint,2,2,sieve_md,FALSE,
0|0|0|0|0|1|0|3|1|1|0|0|0|1|0|1|0,1,1.01719694155894,0.656446688384452,5.76423565178425e-05,adjoint,2,2,sieve_md,FALSE,
1|0|0|1|0|1|0|3|1|1|0|0|0|1|0|1|0,1,0.915991810803352,0.656446688384452,4.08923823897052e-05,adjoint,2,2,sieve_md,FALSE,
0|0|0|0|0|1|0|3|1|0|0|1|0|1|0|1|0,1,2.9779056484892,0.656446688384452,0.000131285000395476,adjoint,2,2,sieve_md,FALSE,
1|0|0|1|0|1|0|3|1|0|0|1|0|1|0|1|0,1,2.70823206896742,0.656446688384452,0.000125841039552158,adjoint,2,2,sieve_md,FALSE,
0|0|0|0|0|1|0|3|1|1|0|1|0|1|0|1|0,1,2.10106341226632,-0.0533108911027308,0.00175454511244008,adjoint,2,2,sieve_md,FALSE,
1|0|0|1|0|1|0|3|1|1|0|1|0|1|0|1|0,1,1.90599080993596,1.62785489348099,0.0021859930080304,adjoint,2,2,sieve_md,FALSE,
0|0|0|0|0|1|0|0|0|0|0|0|0|1|0|2|0,1,0,0.283686685708421,0.00380352449671843,adjoint,2,2,sieve_md,FALSE,
1|0|0|1|0|1|0|0|0|0|0|0|0|1|0|2|0,1,0,0.391978094960279,0.00461267037531881,adjoint,2,2,sieve_md,FALSE,
0|0|0|0|0|1|0|0|0|1|0|0|0|1|0|2|0,1,0,0.656446688384452,0.000526295021055867,adjoint,2,2,sieve_md,FALSE,
1|0|0|1|0|1|0|0|0|1|0|0|0|1|0|2|0,1,0,0.656446688384452,0.000810122758919434,adjoint,2,2,sieve_md,FALSE,
0|0|0|0|0|1|0|0|0|0|0|1|0|1|0|2|0,1,0,0.656446688384452,0.000348837286411149,adjoint,2,2,sieve_md,FALSE,
1|0|0|1|0|1|0|0|0|0|0|1|0|1|0|2|0,1,0,0.270201732475271,0.000743995819147426,adjoint,2,2,sieve_md,FALSE,
0|0|0|0|0|1|0|0|0|1|0|1|0|1|0|2|0,1,0,0.656446688384452,6.54685048802593e-05,adjoint,2,2,sieve_md,FALSE,
1|0|0|1|0|1|0|0|0|1|0|1|0|1|0|2|0,1,0,0.656446688384452,0.00017698543915914,adjoint,2,2,sieve_md,FALSE,
0|0|0|0|0|1|0|1|0|0|0|0|0|1|0|2|0,1,1.61930932333639,1.02161597132002,0.00243029636745092,adjoint,2,2,sieve_md,FALSE,
1|0|0|1|0|1|0|1|0|0|0|0|0|1|0|2|0,1,1.79964064314873,1.05947557344165,0.00196390023995983,adjoint,2,2,sieve_md,FALSE,
0|0|0|0|0|1|0|1|0|1|0|0|0|1|0|2|0,1,1.45553714733445,0.986768020652161,0.000417989949151942,adjoint,2,2,sieve_md,FALSE,
1|0|0|1|0|1|0|1|0|1|0|0|0|1|0|2|0,1,1.59162073083693,0.806475608123595,0.000423041857081509,adjoint,2,2,sieve_md,FALSE,
0|0|0|0|0|1|0|1|0|0|0|1|0|1|0|2|0,1,1.71454130603506,0.656446688384452,0.00134842248866599,adjoint,2,2,sieve_md,FALSE,
1|0|0|1|0|1|0|1|0|0|0|1|0|1|0|2|0,1,1.95665764835312,1.16158664061952,0.00191631793822099,adjoint,2,2,sieve_md,FALSE,
0|0|0|0|0|1|0|1|0|1|0|1|0|1|0|2|0,1,1.57005885650516,0.801154721098001,0.000314556792644816,adjoint,2,2,sieve_md,FALSE,
1|0|0|1|0|1|0|1|0|1|0|1|0|1|0|2|0,1,1.76277851380977,0.656446688384452,0.000559113671938413,adjoint,2,2,sieve_md,FALSE,
0|0|0|0|0|1|0|2|0|0|0|0|0|1|0|2|0,1,2.415725641674,0.656446688384452,0.000497365764654109,adjoint,2,2,sieve_md,FALSE,
1|0|0|1|0|1|0|2|0|0|0|0|0|1|0|2|0,1,2.198086045239,0.656446688384452,0.000336512942947367,adjoint,2,2,sieve_md,FALSE,
0|0|0|0|0|1|0|2|0|1|0|0|0|1|0|2|0,1,2.17140626472785,0.656446688384452,0.000107990426438444,adjoint,2,2,sieve_md,FALSE,
1|0|0|1|0|1|0|2|0|1|0|0|0|1|0|2|0,1,1.94400995058913,0.656446688384452,9.39240541102854e-05,adjoint,2,2,sieve_md,FALSE,
0|0|0|0|0|1|0|2|0|0|0|1|0|1|0|2|0,1,2.55779506546923,0.656446688384452,0.0016694472637704,adjoint,2,2,sieve_md,FALSE,
1|0|0|1|0|1|0|2|0|0|0|1|0|1|0|2|0,1,2.38986704847369,0.986774136350522,0.00198646072036349,adjoint,2,2,sieve_md,FALSE,
0|0|0|0|0|1|0|2|0|1|0|1|0|1|0|2|0,1,2.34225257888481,0.656446688384452,0.000491641519759723,adjoint,2,2,sieve_md,FALSE,
1|0|0|1|0|1|0|2|0|1|0|1|0|1|0|2|0,1,2.15306253879273,1.08077320507341,0.000750971870395662,adjoint,2,2,sieve_md,FALSE,
0|0|0|0|0|1|0|3|0|0|0|0|0|1|0|2|0,1,4.29709466309539,0.656446688384452,6.57467695096942e-05,adjoint,2,2,sieve_md,FALSE,
1|0|0|1|0|1|0|3|0|0|0|0|0|1|0|2|0,1,3.90995717852947,0.656446688384452,4.16596616204748e-05,adjoint,2,2,sieve_md,FALSE,
0|0|0|0|0|1|0|3|0|1|0|0|0|1|0|2|0,1,3.86249916406405,0.656446688384452,1.95626047992478e-05,adjoint,2,2,sieve_md,FALSE,
1|0|0|1|0|1|0|3|0|1|0|0|0|1|0|2|0,1,3.45800642240656,0.656446688384452,1.61340311919789e-05,adjoint,2,2,sieve_md,FALSE,
0|0|0|0|0|1|0|3|0|0|0|1|0|1|0|2|0,1,4.54980786539284,1.4630818312481,0.00133506159368939,adjoint,2,2,sieve_md,FALSE,
1|0|0|1|0|1|0|3|0|0|0|1|0|1|0|2|0,1,4.25109737726155,4.26478442117709,0.00148772963708699,adjoint,2,2,sieve_md,FALSE,
0|0|0|0|0|1|0|3|0|1|0|1|0|1|0|2|0,1,4.16640072147132,0.656446688384452,0.000538790643463431,adjoint,2,2,sieve_md,FALSE,
1|0|0|1|0|1|0|3|0|1|0|1|0|1|0|2|0,1,3.82986933000622,0.656446688384452,0.000780404561621963,adjoint,2,2,sieve_md,FALSE,
0|0|0|0|0|1|0|0|1|0|0|0|0|1|0|2|0,1,0,0.656446688384452,0.000541142916527176,adjoint,2,2,sieve_md,FALSE,
1|0|0|1|0|1|0|0|1|0|0|0|0|1|0|2|0,1,0,0.656446688384452,0.00060664346112823,adjoint,2,2,sieve_md,FALSE,
0|0|0|0|0|1|0|0|1|1|0|0|0|1|0|2|0,1,0,0.113464831882696,0.00274040755778309,adjoint,2,2,sieve_md,FALSE,
1|0|0|1|0|1|0|0|1|1|0|0|0|1|0|2|0,1,0,-0.0489201084418354,0.00389934864779419,adjoint,2,2,sieve_md,FALSE,
0|0|0|0|0|1|0|0|1|0|0|1|0|1|0|2|0,1,0,0.656446688384452,4.9630501058905e-05,adjoint,2,2,sieve_md,FALSE,
1|0|0|1|0|1|0|0|1|0|0|1|0|1|0|2|0,1,0,0.656446688384452,9.78479193326993e-05,adjoint,2,2,sieve_md,FALSE,
0|0|0|0|0|1|0|0|1|1|0|1|0|1|0|2|0,1,0,0.656446688384452,0.000340893184227136,adjoint,2,2,sieve_md,FALSE,
1|0|0|1|0|1|0|0|1|1|0|1|0|1|0|2|0,1,0,0.656446688384452,0.000851880687545388,adjoint,2,2,sieve_md,FALSE,
0|0|0|0|0|1|0|1|1|0|0|0|0|1|0|2|0,1,1.61930932333639,0.656446688384452,0.000269429524758092,adjoint,2,2,sieve_md,FALSE,
1|0|0|1|0|1|0|1|1|0|0|0|0|1|0|2|0,1,1.79964064314873,0.921530452887585,0.000202175070661939,adjoint,2,2,sieve_md,FALSE,
0|0|0|0|0|1|0|1|1|1|0|0|0|1|0|2|0,1,1.45553714733445,0.99016358184631,0.00169594561430963,adjoint,2,2,sieve_md,FALSE,
1|0|0|1|0|1|0|1|1|1|0|0|0|1|0|2|0,1,1.59162073083693,0.922471686985104,0.00159386544481577,adjoint,2,2,sieve_md,FALSE,
0|0|0|0|0|1|0|1|1|0|0|1|0|1|0|2|0,1,1.71454130603506,0.656446688384452,0.000149489928537179,adjoint,2,2,sieve_md,FALSE,
1|0|0|1|0|1|0|1|1|0|0|1|0|1|0|2|0,1,1.95665764835312,0.656446688384452,0.000197276677647585,adjoint,2,2,sieve_md,FALSE,
0|0|0|0|0|1|0|1|1|1|0|1|0|1|0|2|0,1,1.57005885650516,0.786971229800973,0.00127627760911389,adjoint,2,2,sieve_md,FALSE,
1|0|0|1|0|1|0|1|1|1|0|1|0|1|0|2|0,1,1.76277851380977,1.00756142182226,0.0021065337779448,adjoint,2,2,sieve_md,FALSE,
0|0|0|0|0|1|0|2|1|0|0|0|0|1|0|2|0,1,2.415725641674,0.656446688384452,4.32834909620947e-05,adjoint,2,2,sieve_md,FALSE,
1|0|0|1|0|1|0|2|1|0|0|0|0|1|0|2|0,1,2.198086045239,0.656446688384452,2.7454609880748e-05,adjoint,2,2,sieve_md,FALSE,
0|0|0|0|0|1|0|2|1|1|0|0|0|1|0|2|0,1,2.17140626472785,0.656446688384452,0.000343947204371135,adjoint,2,2,sieve_md,FALSE,
1|0|0|1|0|1|0|2|1|1|0|0|0|1|0|2|0,1,1.94400995058913,0.656446688384452,0.00028044678723994,adjoint,2,2,sieve_md,FALSE,
0|0|0|0|0|1|0|2|1|0|0|1|0|1|0|2|0,1,2.55779506546923,1.28247203494327,0.000145284437909297,adjoint,2,2,sieve_md,FALSE,
1|0|0|1|0|1|0|2|1|0|0|1|0|1|0|2|0,1,2.38986704847369,0.656446688384452,0.000162066586929286,adjoint,2,2,sieve_md,FALSE,
0|0|0|0|0|1|0|2|1|1|0|1|0|1|0|2|0,1,2.34225257888481,2.94897816966498,0.00156586775190226,adjoint,2,2,sieve_md,FALSE,
1|0|0|1|0|1|0|2|1|1|0|1|0|1|0|2|0,1,2.15306253879273,1.21918834036336,0.00224231854507406,adjoint,2,2,sieve_md,FALSE,
0|0|0|0|0|1|0|3|1|0|0|0|0|1|0|2|0,1,4.29709466309539,0.656446688384452,4.5560151239855e-06,adjoint,2,2,sieve_md,FALSE,
1|0|0|1|0|1|0|3|1|0|0|0|0|1|0|2|0,1,3.90995717852947,0.656446688384452,2.74435569969999e-06,adjoint,2,2,sieve_md,FALSE,
0|0|0|0|0|1|0|3|1|1|0|0|0|1|0|2|0,1,3.86249916406405,0.656446688384452,4.9613236034844e-05,adjoint,2,2,sieve_md,FALSE,
1|0|0|1|0|1|0|3|1|1|0|0|0|1|0|2|0,1,3.45800642240655,0.656446688384452,3.88980373670224e-05,adjoint,2,2,sieve_md,FALSE,
0|0|0|0|0|1|0|3|1|0|0|1|0|1|0|2|0,1,4.54980786539284,0.656446688384452,9.25149761374087e-05,adjoint,2,2,sieve_md,FALSE,
1|0|0|1|0|1|0|3|1|0|0|1|0|1|0|2|0,1,4.25109737726154,0.656446688384452,9.800510014574e-05,adjoint,2,2,sieve_md,FALSE,
0|0|0|0|0|1|0|3|1|1|0|1|0|1|0|2|0,1,4.16640072147132,0.656446688384452,0.00136644110750244,adjoint,2,2,sieve_md,FALSE,
1|0|0|1|0|1|0|3|1|1|0|1|0|1|0|2|0,1,3.82986933000622,2.14135705730791,0.00188150161842117,adjoint,2,2,sieve_md,FALSE,
0|0|0|0|0|1|0|0|0|0|0|0|0|1|0|3|0,1,0,0.281589959753797,0.00296218785647559,adjoint,2,2,sieve_md,FALSE,
1|0|0|1|0|1|0|0|0|0|0|0|0|1|0|3|0,1,0,0.55083663790914,0.00397016218465647,adjoint,2,2,sieve_md,FALSE,
0|0|0|0|0|1|0|0|0|1|0|0|0|1|0|3|0,1,0,0.656446688384452,0.000452986322575578,adjoint,2,2,sieve_md,FALSE,
1|0|0|1|0|1|0|0|0|1|0|0|0|1|0|3|0,1,0,0.166967853157315,0.000770612605741864,adjoint,2,2,sieve_md,FALSE,
0|0|0|0|0|1|0|0|0|0|0|1|0|1|0|3|0,1,0,0.656446688384452,0.000245821480983732,adjoint,2,2,sieve_md,FALSE,
1|0|0|1|0|1|0|0|0|0|0|1|0|1|0|3|0,1,0,0.358457124291385,0.000579424526553867,adjoint,2,2,sieve_md,FALSE,
0|0|0|0|0|1|0|0|0|1|0|1|0|1|0|3|0,1,0,0.656446688384452,5.098692286726e-05,adjoint,2,2,sieve_md,FALSE,
1|0|0|1|0|1|0|0|0|1|0|1|0|1|0|3|0,1,0,0.656446688384452,0.000152332779195364,adjoint,2,2,sieve_md,FALSE,
0|0|0|0|0|1|0|1|0|0|0|0|0|1|0|3|0,1,1.54477491976393,1.07001828826022,0.00189271671406637,adjoint,2,2,sieve_md,FALSE,
1|0|0|1|0|1|0|1|0|0|0|0|0|1|0|3|0,1,1.91228614516847,1.0384359093385,0.00169034460143651,adjoint,2,2,sieve_md,FALSE,
0|0|0|0|0|1|0|1|0|1|0|0|0|1|0|3|0,1,1.57848090994668,0.656446688384452,0.000359767283300581,adjoint,2,2,sieve_md,FALSE,
1|0|0|1|0|1|0|1|0|1|0|0|0|1|0|3|0,1,1.93470945814506,0.270200529794219,0.000402409862251357,adjoint,2,2,sieve_md,FALSE,
0|0|0|0|0|1|0|1|0|0|0|1|0|1|0|3|0,1,1.36759793628731,0.788019811217316,0.000950217267671792,adjoint,2,2,sieve_md,FALSE,
1|0|0|1|0|1|0|1|0|0|0|1|0|1|0|3|0,1,1.72752148820504,0.909016664501983,0.00149242991090029,adjoint,2,2,sieve_md,FALSE,
0|0|0|0|0|1|0|1|0|1|0|1|0|1|0|3|0,1,1.40250402431465,0.656446688384452,0.000244977076432212,adjoint,2,2,sieve_md,FALSE,
1|0|0|1|0|1|0|1|0|1|0|1|0|1|0|3|0,1,1.74905440548635,0.828843040252624,0.000481233597165695,adjoint,2,2,sieve_md,FALSE,
0|0|0|0|0|1|0|2|0|0|0|0|0|1|0|3|0,1,2.30453337760063,0.656446688384452,0.000387348846985528,adjoint,2,2,sieve_md,FALSE,
1|0|0|1|0|1|0|2|0|0|0|0|0|1|0|3|0,1,2.33567157210025,0.656446688384452,0.000289639374165069,adjoint,2,2,sieve_md,FALSE,
0|0|0|0|0|1|0|2|0|1|0|0|0|1|0|3|0,1,2.35481680621372,0.656446688384452,9.29482214131121e-05,adjoint,2,2,sieve_md,FALSE,
1|0|0|1|0|1|0|2|0|1|0|0|0|1|0|3|0,1,2.36305946841695,0.656446688384452,8.93433239381007e-05,adjoint,2,2,sieve_md,FALSE,
0|0|0|0|0|1|0|2|0|0|0|1|0|1|0|3|0,1,2.04021637779664,1.31784373045302,0.00117643960319249,adjoint,2,2,sieve_md,FALSE,
1|0|0|1|0|1|0|2|0|0|0|1|0|1|0|3|0,1,2.1099995104746,0.821610412367491,0.00154705716455967,adjoint,2,2,sieve_md,FALSE,
0|0|0|0|0|1|0|2|0|1|0|1|0|1|0|3|0,1,2.09229014201387,0.656446688384452,0.000382890800579288,adjoint,2,2,sieve_md,FALSE,
1|0|0|1|0|1|0|2|0|1|0|1|0|1|0|3|0,1,2.13629987503322,1.09555231357447,0.000646367478920391,adjoint,2,2,sieve_md,FALSE,
0|0|0|0|0|1|0|3|0|0|0|0|0|1|0|3|0,1,4.0993057766902,0.656446688384452,5.1203635578565e-05,adjoint,2,2,sieve_md,FALSE,
1|0|0|1|0|1|0|3|0|0|0|0|0|1|0|3|0,1,4.15469442144954,0.656446688384452,3.58568030519115e-05,adjoint,2,2,sieve_md,FALSE,
0|0|0|0|0|1|0|3|0|1|0|0|0|1|0|3|0,1,4.18874997888267,0.656446688384452,1.68376899903637e-05,adjoint,2,2,sieve_md,FALSE,
1|0|0|1|0|1|0|3|0|1|0|0|0|1|0|3|0,1,4.20341203286436,0.656446688384452,1.53471652056226e-05,adjoint,2,2,sieve_md,FALSE,
0|0|0|0|0|1|0|3|0|0|0|1|0|1|0|3|0,1,3.62913849045977,0.656446688384452,0.0009408020041138,adjoint,2,2,sieve_md,FALSE,
1|0|0|1|0|1|0|3|0|0|0|1|0|1|0|3|0,1,3.7532687815125,0.656446688384452,0.00115864500636189,adjoint,2,2,sieve_md,FALSE,
0|0|0|0|0|1|0|3|0|1|0|1|0|1|0|3|0,1,3.72176734302686,0.656446688384452,0.000419610575040866,adjoint,2,2,sieve_md,FALSE,
1|0|0|1|0|1|0|3|0|1|0|1|0|1|0|3|0,1,3.80005189058444,0.656446688384452,0.000671700431026524,adjoint,2,2,sieve_md,FALSE,
0|0|0|0|0|1|0|0|1|0|0|0|0|1|0|3|0,1,0,0.656446688384452,0.000421442527144908,adjoint,2,2,sieve_md,FALSE,
1|0|0|1|0|1|0|0|1|0|0|0|0|1|0|3|0,1,0,0.289711555714585,0.000522142865839172,adjoint,2,2,sieve_md,FALSE,
0|0|0|0|0|1|0|0|1|1|0|0|0|1|0|3|0,1,0,0.656446688384452,0.00235869064363942,adjoint,2,2,sieve_md,FALSE,
1|0|0|1|0|1|0|0|1|1|0|0|0|1|0|3|0,1,0,0.579687256046441,0.00370917517016891,adjoint,2,2,sieve_md,FALSE,
0|0|0|0|0|1|0|0|1|0|0|1|0|1|0|3|0,1,0,0.656446688384452,3.49740229829823e-05,adjoint,2,2,sieve_md,FALSE,
1|0|0|1|0|1|0|0|1|0|0|1|0|1|0|3|0,1,0,0.656446688384452,7.62040361982139e-05,adjoint,2,2,sieve_md,FALSE,
0|0|0|0|0|1|0|0|1|1|0|1|0|1|0|3|0,1,0,0.344849606899455,0.000265487878819798,adjoint,2,2,sieve_md,FALSE,
1|0|0|1|0|1|0|0|1|1|0|1|0|1|0|3|0,1,0,0.287561094984841,0.000733220502732778,adjoint,2,2,sieve_md,FALSE,
0|0|0|0|0|1|0|1|1|0|0|0|0|1|0|3|0,1,1.54477491976393,0.656446688384452,0.000209831924864159,adjoint,2,2,sieve_md,FALSE,
1|0|0|1|0|1|0|1|1|0|0|0|0|1|0|3|0,1,1.91228614516847,0.656446688384452,0.000174013695953031,adjoint,2,2,sieve_md,FALSE,
0|0|0|0|0|1|0|1|1|1|0|0|0|1|0|3|0,1,1.57848090994668,0.870737379064738,0.00145971391781939,adjoint,2,2,sieve_md,FALSE,
1|0|0|1|0|1|0|1|1|1|0|0|0|1|0|3|0,1,1.93470945814506,1.20728740323268,0.00151613170980368,adjoint,2,2,sieve_md,FALSE,
0|0|0|0|0|1|0|1|1|0|0|1|0|1|0|3|0,1,1.36759793628731,0.649588839644778,0.000105343772173051,adjoint,2,2,sieve_md,FALSE,
1|0|0|1|0|1|0|1|1|0|0|1|0|1|0|3|0,1,1.72752148820504,0.656446688384452,0.000153639231033664,adjoint,2,2,sieve_md,FALSE,
0|0|0|0|0|1|0|1|1|1|0|1|0|1|0|3|0,1,1.40250402431465,0.656446688384452,0.000993966001394401,adjoint,2,2,sieve_md,FALSE,
1|0|0|1|0|1|0|1|1|1|0|1|0|1|0|3|0,1,1.74905440548635,0.951423471128008,0.0018131104252859,adjoint,2,2,sieve_md,FALSE,
0|0|0|0|0|1|0|2|1|0|0|0|0|1|0|3|0,1,2.30453337760063,0.656446688384452,3.37092166553435e-05,adjoint,2,2,sieve_md,FALSE,
1|0|0|1|0|1|0|2|1|0|0|0|0|1|0|3|0,1,2.33567157210025,0.656446688384452,2.3630401713998e-05,adjoint,2,2,sieve_md,FALSE,
0|0|0|0|0|1|0|2|1|1|0|0|0|1|0|3|0,1,2.35481680621372,0.656446688384452,0.000296038102271336,adjoint,2,2,sieve_md,FALSE,
1|0|0|1|0|1|0|2|1|1|0|0|0|1|0|3|0,1,2.36305946841695,0.656446688384452,0.000266769236029322,adjoint,2,2,sieve_md,FALSE,
0|0|0|0|0|1|0|2|1|0|0|1|0|1|0|3|0,1,2.04021637779664,0.656446688384452,0.000102380213016159,adjoint,2,2,sieve_md,FALSE,
1|0|0|1|0|1|0|2|1|0|0|1|0|1|0|3|0,1,2.1099995104746,0.656446688384452,0.000126217584810238,adjoint,2,2,sieve_md,FALSE,
0|0|0|0|0|1|0|2|1|1|0|1|0|1|0|3|0,1,2.09229014201387,1.35174030723773,0.00121949903136774,adjoint,2,2,sieve_md,FALSE,
1|0|0|1|0|1|0|2|1|1|0|1|0|1|0|3|0,1,2.13629987503322,1.3463588811077,0.00192998145743107,adjoint,2,2,sieve_md,FALSE,
0|0|0|0|0|1|0|3|1|0|0|0|0|1|0|3|0,1,4.0993057766902,0.656446688384452,3.54822814624507e-06,adjoint,2,2,sieve_md,FALSE,
1|0|0|1|0|1|0|3|1|0|0|0|0|1|0|3|0,1,4.15469442144954,0.656446688384452,2.36208884087935e-06,adjoint,2,2,sieve_md,FALSE,
0|0|0|0|0|1|0|3|1|1|0|0|0|1|0|3|0,1,4.18874997888267,1.61913883420066,4.27025079914493e-05,adjoint,2,2,sieve_md,FALSE,
1|0|0|1|0|1|0|3|1|1|0|0|0|1|0|3|0,1,4.20341203286436,0.656446688384452,3.700095769884e-05,adjoint,2,2,sieve_md,FALSE,
0|0|0|0|0|1|0|3|1|0|0|1|0|1|0|3|0,1,3.62913849045977,0.656446688384452,6.51942018046429e-05,adjoint,2,2,sieve_md,FALSE,
1|0|0|1|0|1|0|3|1|0|0|1|0|1|0|3|0,1,3.7532687815125,0.656446688384452,7.63264487384938e-05,adjoint,2,2,sieve_md,FALSE,
0|0|0|0|0|1|0|3|1|1|0|1|0|1|0|3|0,1,3.72176734302686,1.44499541197424,0.00106418540454386,adjoint,2,2,sieve_md,FALSE,
1|0|0|1|0|1|0|3|1|1|0|1|0|1|0|3|0,1,3.80005189058444,2.97193015116821,0.00161942345063176,adjoint,2,2,sieve_md,FALSE,
0|0|0|0|0|1|0|0|0|0|0|0|0|1|0|0|1,1,0,0.138604058005776,0.00361802441808784,adjoint,2,2,sieve_md,FALSE,
1|0|0|1|0|1|0|0|0|0|0|0|0|1|0|0|1,1,0,0.323481393724596,0.00325049387528552,adjoint,2,2,sieve_md,FALSE,
0|0|0|0|0|1|0|0|0|1|0|0|0|1|0|0|1,1,0,0.656446688384452,0.000335580521483595,adjoint,2,2,sieve_md,FALSE,
1|0|0|1|0|1|0|0|0|1|0|0|0|1|0|0|1,1,0,0.35810207473325,0.000382674894927813,adjoint,2,2,sieve_md,FALSE,
0|0|0|0|0|1|0|0|0|0|0|1|0|1|0|0|1,1,0,0.270201732475272,0.000604623279416797,adjoint,2,2,sieve_md,FALSE,
1|0|0|1|0|1|0|0|0|0|0|1|0|1|0|0|1,1,0,0.124128588165741,0.000955309541694711,adjoint,2,2,sieve_md,FALSE,
0|0|0|0|0|1|0|0|0|1|0|1|0|1|0|0|1,1,0,0.656446688384452,7.6063550790109e-05,adjoint,2,2,sieve_md,FALSE,
1|0|0|1|0|1|0|0|0|1|0|1|0|1|0|0|1,1,0,0.656446688384452,0.000152332779195364,adjoint,2,2,sieve_md,FALSE,
0|0|0|0|0|1|0|1|0|0|0|0|0|1|0|0|1,1,-0.770083206102352,-0.0378119821534638,0.00231176941497651,adjoint,2,2,sieve_md,FALSE,
1|0|0|1|0|1|0|1|0|0|0|0|0|1|0|0|1,1,-0.826957025638408,0.270201732475274,0.00138393710849542,adjoint,2,2,sieve_md,FALSE,
0|0|0|0|0|1|0|1|0|1|0|0|0|1|0|0|1,1,-0.755828847931774,0.656446688384452,0.000266522158674232,adjoint,2,2,sieve_md,FALSE,
1|0|0|1|0|1|0|1|0|1|0|0|0|1|0|0|1,1,-0.827319744552918,0.270200529794211,0.00019983082369475,adjoint,2,2,sieve_md,FALSE,
0|0|0|0|0|1|0|1|0|0|0|1|0|1|0|0|1,1,-0.734080947483544,0.367139138452747,0.0023371573478406,adjoint,2,2,sieve_md,FALSE,
1|0|0|1|0|1|0|1|0|0|0|1|0|1|0|0|1,1,-0.774714046116868,0.197962637835381,0.0024606009391304,adjoint,2,2,sieve_md,FALSE,
0|0|0|0|0|1|0|1|0|1|0|1|0|1|0|0|1,1,-0.770900638738044,0.656446688384452,0.000365462852977528,adjoint,2,2,sieve_md,FALSE,
1|0|0|1|0|1|0|1|0|1|0|1|0|1|0|0|1,1,-0.82239829508859,0.170109970330866,0.000481233597165695,adjoint,2,2,sieve_md,FALSE,
0|0|0|0|0|1|0|2|0|0|0|0|0|1|0|0|1,1,-1.14882914610226,0.345506613938961,0.000473108950078285,adjoint,2,2,sieve_md,FALSE,
1|0|0|1|0|1|0|2|0|0|0|0|0|1|0|0|1,1,-1.01004759199468,0.656446688384452,0.000237136662931203,adjoint,2,2,sieve_md,FALSE,
0|0|0|0|0|1|0|2|0|1|0|0|0|1|0|0|1,1,-1.12756414253437,0.656446688384452,6.8857736002792e-05,adjoint,2,2,sieve_md,FALSE,
1|0|0|1|0|1|0|2|0|1|0|0|0|1|0|0|1,1,-1.0104906178773,0.656446688384452,4.43665816595361e-05,adjoint,2,2,sieve_md,FALSE,
0|0|0|0|0|1|0|2|0|0|0|1|0|1|0|0|1,1,-1.09512008752385,0.477961903094947,0.0028935745081005,adjoint,2,2,sieve_md,FALSE,
1|0|0|1|0|1|0|2|0|0|0|1|0|1|0|0|1,1,-0.946237872712568,0.101598717259274,0.00255066605419856,adjoint,2,2,sieve_md,FALSE,
0|0|0|0|0|1|0|2|0|1|0|1|0|1|0|0|1,1,-1.15004861229684,0.691257751294884,0.00057120595280382,adjoint,2,2,sieve_md,FALSE,
1|0|0|1|0|1|0|2|0|1|0|1|0|1|0|0|1,1,-1.00447954592743,0.0858331841031578,0.000646367478920391,adjoint,2,2,sieve_md,FALSE,
0|0|0|0|0|1|0|3|0|0|0|0|0|1|0|0|1,1,-2.04353818470196,0.656446688384452,6.25402617234875e-05,adjoint,2,2,sieve_md,FALSE,
1|0|0|1|0|1|0|3|0|0|0|0|0|1|0|0|1,1,-1.79667344757953,0.656446688384452,2.93570673656604e-05,adjoint,2,2,sieve_md,FALSE,
0|0|0|0|0|1|0|3|0|1|0|0|0|1|0|0|1,1,-2.00571197970337,0.656446688384452,1.24736675390516e-05,adjoint,2,2,sieve_md,FALSE,
1|0|0|1|0|1|0|3|0|1|0|0|0|1|0|0|1,1,-1.79746150236645,0.656446688384452,7.62117669597106e-06,adjoint,2,2,sieve_md,FALSE,
0|0|0|0|0|1|0|3|0|0|0|1|0|1|0|0|1,1,-1.94800046924466,-0.2993061768031,0.002313999536301,adjoint,2,2,sieve_md,FALSE,
1|0|0|1|0|1|0|3|0|0|0|1|0|1|0|0|1,1,-1.68316866895294,-0.344352247828105,0.00191028266717933,adjoint,2,2,sieve_md,FALSE,
0|0|0|0|0|1|0|3|0|1|0|1|0|1|0|0|1,1,-2.04570737212381,-0.310842504638221,0.000625985419237419,adjoint,2,2,sieve_md,FALSE,
1|0|0|1|0|1|0|3|0|1|0|1|0|1|0|0|1,1,-1.78676900287491,0.656446688384452,0.000671700431026524,adjoint,2,2,sieve_md,FALSE,
0|0|0|0|0|1|0|0|1|0|0|0|0|1|0|0|1,1,0,0.656446688384452,0.000514751065060783,adjoint,2,2,sieve_md,FALSE,
1|0|0|1|0|1|0|0|1|0|0|0|0|1|0|0|1,1,0,0.656446688384452,0.000427494421762801,adjoint,2,2,sieve_md,FALSE,
0|0|0|0|0|1|0|0|1|1|0|0|0|1|0|0|1,1,0,0.656446688384452,0.00174736100575957,adjoint,2,2,sieve_md,FALSE,
1|0|0|1|0|1|0|0|1|1|0|0|0|1|0|0|1,1,0,0.599556435340878,0.00184192187869388,adjoint,2,2,sieve_md,FALSE,
0|0|0|0|0|1|0|0|1|0|0|1|0|1|0|0|1,1,0,0.656446688384452,8.6022215738618e-05,adjoint,2,2,sieve_md,FALSE,
1|0|0|1|0|1|0|0|1|0|0|1|0|1|0|0|1,1,0,0.656446688384452,0.000125639215393198,adjoint,2,2,sieve_md,FALSE,
0|0|0|0|0|1|0|0|1|1|0|1|0|1|0|0|1,1,0,0.656446688384452,0.000396061374547767,adjoint,2,2,sieve_md,FALSE,
1|0|0|1|0|1|0|0|1|1|0|1|0|1|0|0|1,1,0,0.656446688384452,0.000733220502732778,adjoint,2,2,sieve_md,FALSE,
0|0|0|0|0|1|0|1|1|0|0|0|0|1|0|0|1,1,-0.770083206102352,0.656446688384452,0.000256289291779141,adjoint,2,2,sieve_md,FALSE,
1|0|0|1|0|1|0|1|1|0|0|0|0|1|0|0|1,1,-0.826957025638408,0.656446688384452,0.000142470364333508,adjoint,2,2,sieve_md,FALSE,
0|0|0|0|0|1|0|1|1|1|0|0|0|1|0|0|1,1,-0.755828847931774,0.217085061586208,0.0010813826673033,adjoint,2,2,sieve_md,FALSE,
1|0|0|1|0|1|0|1|1|1|0|0|0|1|0|0|1,1,-0.827319744552918,0.656446688384452,0.000752888725700648,adjoint,2,2,sieve_md,FALSE,
0|0|0|0|0|1|0|1|1|0|0|1|0|1|0|0|1,1,-0.734080947483544,0.656446688384452,0.000259103869777846,adjoint,2,2,sieve_md,FALSE,
1|0|0|1|0|1|0|1|1|0|0|1|0|1|0|0|1,1,-0.774714046116868,0.656446688384452,0.000253308268219214,adjoint,2,2,sieve_md,FALSE,
0|0|0|0|0|1|0|1|1|1|0|1|0|1|0|0|1,1,-0.770900638738044,0.656446688384452,0.0014828230294959,adjoint,2,2,sieve_md,FALSE,
1|0|0|1|0|1|0|1|1|1|0|1|0|1|0|0|1,1,-0.82239829508859,0.141624595586084,0.0018131104252859,adjoint,2,2,sieve_md,FALSE,
0|0|0|0|0|1|0|2|1|0|0|0|0|1|0|0|1,1,-1.14882914610226,0.656446688384452,4.11725301982552e-05,adjoint,2,2,sieve_md,FALSE,
1|0|0|1|0|1|0|2|1|0|0|0|0|1|0|0|1,1,-1.01004759199468,0.656446688384452,1.93469365908368e-05,adjoint,2,2,sieve_md,FALSE,
0|0|0|0|0|1|0|2|1|1|0|0|0|1|0|0|1,1,-1.12756414253437,0.656446688384452,0.000219310420178643,adjoint,2,2,sieve_md,FALSE,
1|0|0|1|0|1|0|2|1|1|0|0|0|1|0|0|1,1,-1.0104906178773,0.656446688384452,0.000132473682115823,adjoint,2,2,sieve_md,FALSE,
0|0|0|0|0|1|0|2|1|0|0|1|0|1|0|0|1,1,-1.09512008752385,0.656446688384452,0.000251814690455457,adjoint,2,2,sieve_md,FALSE,
1|0|0|1|0|1|0|2|1|0|0|1|0|1|0|0|1,1,-0.946237872712568,0.270201732475269,0.000208097616813036,adjoint,2,2,sieve_md,FALSE,
0|0|0|0|0|1|0|2|1|1|0|1|0|1|0|0|1,1,-1.15004861229684,0.148609951421942,0.00181927877374401,adjoint,2,2,sieve_md,FALSE,
1|0|0|1|0|1|0|2|1|1|0|1|0|1|0|0|1,1,-1.00447954592743,0.417265789031111,0.00192998145743107,adjoint,2,2,sieve_md,FALSE,
0|0|0|0|0|1|0|3|1|0|0|0|0|1|0|0|1,1,-2.04353818470196,0.656446688384452,4.33381564440528e-06,adjoint,2,2,sieve_md,FALSE,
1|0|0|1|0|1|0|3|1|0|0|0|0|1|0|0|1,1,-1.79667344757953,0.656446688384452,1.93391477553025e-06,adjoint,2,2,sieve_md,FALSE,
0|0|0|0|0|1|0|3|1|1|0|0|0|1|0|0|1,1,-2.00571197970337,0.656446688384452,3.16347959888723e-05,adjoint,2,2,sieve_md,FALSE,
1|0|0|1|0|1|0|3|1|1|0|0|0|1|0|0|1,1,-1.79746150236645,0.656446688384452,1.83741318194515e-05,adjoint,2,2,sieve_md,FALSE,
0|0|0|0|0|1|0|3|1|0|0|1|0|1|0|0|1,1,-1.94800046924466,0.656446688384452,0.000160351861588094,adjoint,2,2,sieve_md,FALSE,
1|0|0|1|0|1|0|3|1|0|0|1|0|1|0|0|1,1,-1.68316866895294,0.656446688384452,0.000125841039552158,adjoint,2,2,sieve_md,FALSE,
0|0|0|0|0|1|0|3|1|1|0|1|0|1|0|0|1,1,-2.04570737212381,0.30156810016581,0.00158757806936789,adjoint,2,2,sieve_md,FALSE,
1|0|0|1|0|1|0|3|1|1|0|1|0|1|0|0|1,1,-1.78676900287491,-0.599510659904206,0.00161942345063175,adjoint,2,2,sieve_md,FALSE,
0|0|0|0|0|1|0|0|0|0|0|0|0|1|0|1|1,1,0,-0.00781758781974573,0.00420354465996152,adjoint,2,2,sieve_md,FALSE,
1|0|0|1|0|1|0|0|0|0|0|0|0|1|0|1|1,1,0,0.656446688384452,0.00377653509008527,adjoint,2,2,sieve_md,FALSE,
0|0|0|0|0|1|0|0|0|1|0|0|0|1|0|1|1,1,0,0.202730284602849,0.000526295021055867,adjoint,2,2,sieve_md,FALSE,
1|0|0|1|0|1|0|0|0|1|0|0|0|1|0|1|1,1,0,0.656446688384452,0.000600153700796459,adjoint,2,2,sieve_md,FALSE,
0|0|0|0|0|1|0|0|0|0|0|1|0|1|0|1|1,1,0,0.656446688384452,0.000575135454119375,adjoint,2,2,sieve_md,FALSE,
1|0|0|1|0|1|0|0|0|0|0|1|0|1|0|1|1,1,0,0.358457124291384,0.0009087185455663,adjoint,2,2,sieve_md,FALSE,
0|0|0|0|0|1|0|0|0|1|0|1|0|1|0|1|1,1,0,0.280589421447841,9.76675324980188e-05,adjoint,2,2,sieve_md,FALSE,
1|0|0|1|0|1|0|0|0|1|0|1|0|1|0|1|1,1,0,0.27020173247527,0.000195599160281529,adjoint,2,2,sieve_md,FALSE,
0|0|0|0|0|1|0|1|0|0|0|0|0|1|0|1|1,1,0.773836268694551,0.0872616434664617,0.00268589286761164,adjoint,2,2,sieve_md,FALSE,
1|0|0|1|0|1|0|1|0|0|0|0|0|1|0|1|1,1,0.865694068722909,0.656446688384452,0.00160790552243234,adjoint,2,2,sieve_md,FALSE,
0|0|0|0|0|1|0|1|0|1|0|0|0|1|0|1|1,1,0.435488965815403,0.656446688384452,0.000417989949151942,adjoint,2,2,sieve_md,FALSE,
1|0|0|1|0|1|0|1|0|1|0|0|0|1|0|1|1,1,0.489233428643141,0.656446688384452,0.000313397115837013,adjoint,2,2,sieve_md,FALSE,
0|0|0|0|0|1|0|1|0|0|0|1|0|1|0|1|1,1,1.23390479172961,0.326942336370575,0.00222317283895403,adjoint,2,2,sieve_md,FALSE,
1|0|0|1|0|1|0|1|0|0|0|1|0|1|0|1|1,1,1.37268271902219,0.450237843891097,0.00234059601525493,adjoint,2,2,sieve_md,FALSE,
0|0|0|0|0|1|0|1|0|1|0|1|0|1|0|1|1,1,0.871701600993315,0.656446688384452,0.000469263592078361,adjoint,2,2,sieve_md,FALSE,
1|0|0|1|0|1|0|1|0|1|0|1|0|1|0|1|1,1,0.969063373570781,0.897636632638912,0.000617916170124823,adjoint,2,2,sieve_md,FALSE,
0|0|0|0|0|1|0|2|0|0|0|0|0|1|0|1|1,1,1.1544280575691,0.656446688384452,0.000549674178742178,adjoint,2,2,sieve_md,FALSE,
1|0|0|1|0|1|0|2|0|0|0|0|0|1|0|1|1,1,1.05736112326106,0.961492974839849,0.000275513495199786,adjoint,2,2,sieve_md,FALSE,
0|0|0|0|0|1|0|2|0|1|0|0|0|1|0|1|1,1,0.649673194753673,0.656446688384452,0.000107990426438444,adjoint,2,2,sieve_md,FALSE,
1|0|0|1|0|1|0|2|0|1|0|0|0|1|0|1|1,1,0.597551059128889,0.656446688384452,6.9580650645195e-05,adjoint,2,2,sieve_md,FALSE,
0|0|0|0|0|1|0|2|0|0|0|1|0|1|0|1|1,1,1.84076964284014,0.401045605144777,0.00275245321409038,adjoint,2,2,sieve_md,FALSE,
1|0|0|1|0|1|0|2|0|0|0|1|0|1|0|1|1,1,1.67659845909251,0.415296845174862,0.00242626860282881,adjoint,2,2,sieve_md,FALSE,
0|0|0|0|0|1|0|2|0|1|0|1|0|1|0|1|1,1,1.30042597733526,0.656446688384452,0.000733442961563443,adjoint,2,2,sieve_md,FALSE,
1|0|0|1|0|1|0|2|0|1|0|1|0|1|0|1|1,1,1.18361667731135,0.315182804987759,0.00082995227145416,adjoint,2,2,sieve_md,FALSE,
0|0|0|0|0|1|0|3|0|0|0|0|0|1|0|1|1,1,2.05349753280351,0.656446688384452,7.26614176195367e-05,adjoint,2,2,sieve_md,FALSE,
1|0|0|1|0|1|0|3|0|0|0|0|0|1|0|1|1,1,1.88083479404604,0.656446688384452,3.41080461315053e-05,adjoint,2,2,sieve_md,FALSE,
0|0|0|0|0|1|0|3|0|1|0|0|0|1|0|1|1,1,1.15563918756834,0.656446688384452,1.95626047992477e-05,adjoint,2,2,sieve_md,FALSE,
1|0|0|1|0|1|0|3|0|1|0|0|0|1|0|1|1,1,1.06292429190362,0.656446688384452,1.19523842800651e-05,adjoint,2,2,sieve_md,FALSE,
0|0|0|0|0|1|0|3|0|0|0|1|0|1|0|1|1,1,3.27436248213811,1.78938688757622,0.00220114444721052,adjoint,2,2,sieve_md,FALSE,
1|0|0|1|0|1|0|3|0|0|0|1|0|1|0|1|1,1,2.98233465193007,0.656446688384452,0.00181711708213468,adjoint,2,2,sieve_md,FALSE,
0|0|0|0|0|1|0|3|0|1|0|1|0|1|0|1|1,1,2.31319874681036,1.63669344020795,0.000803781188776778,adjoint,2,2,sieve_md,FALSE,
1|0|0|1|0|1|0|3|0|1|0|1|0|1|0|1|1,1,2.10541827245781,1.77242921766135,0.000862480425838168,adjoint,2,2,sieve_md,FALSE,
0|0|0|0|0|1|0|0|1|0|0|0|0|1|0|1|1,1,0,0.270201732475273,0.000598055413868473,adjoint,2,2,sieve_md,FALSE,
1|0|0|1|0|1|0|0|1|0|0|0|0|1|0|1|1,1,0,0.656446688384452,0.000496677657779349,adjoint,2,2,sieve_md,FALSE,
0|0|0|0|0|1|0|0|1|1|0|0|0|1|0|1|1,1,0,0.187162753762349,0.00274040755778309,adjoint,2,2,sieve_md,FALSE,
1|0|0|1|0|1|0|0|1|1|0|0|0|1|0|1|1,1,0,-0.129515449417558,0.00288870852707656,adjoint,2,2,sieve_md,FALSE,
0|0|0|0|0|1|0|0|1|0|0|1|0|1|0|1|1,1,0,0.656446688384452,8.18268627713218e-05,adjoint,2,2,sieve_md,FALSE,
1|0|0|1|0|1|0|0|1|0|0|1|0|1|0|1|1,1,0,0.656446688384452,0.000119511718553193,adjoint,2,2,sieve_md,FALSE,
0|0|0|0|0|1|0|0|1|1|0|1|0|1|0|1|1,1,0,0.656446688384452,0.000508552871487617,adjoint,2,2,sieve_md,FALSE,
1|0|0|1|0|1|0|0|1|1|0|1|0|1|0|1|1,1,0,0.656446688384452,0.00094147376154545,adjoint,2,2,sieve_md,FALSE,
0|0|0|0|0|1|0|1|1|0|0|0|0|1|0|1|1,1,0.773836268694551,0.656446688384452,0.000297765675233586,adjoint,2,2,sieve_md,FALSE,
1|0|0|1|0|1|0|1|1|0|0|0|0|1|0|1|1,1,0.865694068722909,0.656446688384452,0.000165526947856643,adjoint,2,2,sieve_md,FALSE,
0|0|0|0|0|1|0|1|1|1|0|0|0|1|0|1|1,1,0.435488965815403,-0.029411990031044,0.00169594561430963,adjoint,2,2,sieve_md,FALSE,
1|0|0|1|0|1|0|1|1|1|0|0|0|1|0|1|1,1,0.489233428643141,0.345506613938968,0.00118076456283449,adjoint,2,2,sieve_md,FALSE,
0|0|0|0|0|1|0|1|1|0|0|1|0|1|0|1|1,1,1.23390479172961,0.656446688384452,0.000246467224934689,adjoint,2,2,sieve_md,FALSE,
1|0|0|1|0|1|0|1|1|0|0|1|0|1|0|1|1,1,1.37268271902219,0.656446688384452,0.000240954278199435,adjoint,2,2,sieve_md,FALSE,
0|0|0|0|0|1|0|1|1|1|0|1|0|1|0|1|1,1,0.871701600993315,0.656446688384452,0.00190398245832266,adjoint,2,2,sieve_md,FALSE,
1|0|0|1|0|1|0|1|1|1|0|1|0|1|0|1|1,1,0.969063373570781,0.951423471128007,0.00232807986932862,adjoint,2,2,sieve_md,FALSE,
0|0|0|0|0|1|0|2|1|0|0|0|0|1|0|1|1,1,1.1544280575691,0.656446688384452,4.78356554440972e-05,adjoint,2,2,sieve_md,FALSE,
1|0|0|1|0|1|0|2|1|0|0|0|0|1|0|1|1,1,1.05736112326106,0.656446688384452,2.2477933423127e-05,adjoint,2,2,sieve_md,FALSE,
0|0|0|0|0|1|0|2|1|1|0|0|0|1|0|1|1,1,0.649673194753674,0.170109970330864,0.000343947204371135,adjoint,2,2,sieve_md,FALSE,
1|0|0|1|0|1|0|2|1|1|0|0|0|1|0|1|1,1,0.597551059128889,0.270201732475272,0.000207760089918997,adjoint,2,2,sieve_md,FALSE,
0|0|0|0|0|1|0|2|1|0|0|1|0|1|0|1|1,1,1.84076964284014,0.656446688384452,0.000239533543082769,adjoint,2,2,sieve_md,FALSE,
1|0|0|1|0|1|0|2|1|0|0|1|0|1|0|1|1,1,1.67659845909251,0.656446688384452,0.000197948576281035,adjoint,2,2,sieve_md,FALSE,
0|0|0|0|0|1|0|2|1|1|0|1|0|1|0|1|1,1,1.30042597733526,0.561911200863258,0.00233600018552781,adjoint,2,2,sieve_md,FALSE,
1|0|0|1|0|1|0|2|1|1|0|1|0|1|0|1|1,1,1.18361667731135,0.17808488967777,0.00247814524507754,adjoint,2,2,sieve_md,FALSE,
0|0|0|0|0|1|0|3|1|0|0|0|0|1|0|1|1,1,2.05349753280351,0.656446688384452,5.03517541734159e-06,adjoint,2,2,sieve_md,FALSE,
1|0|0|1|0|1|0|3|1|0|0|0|0|1|0|1|1,1,1.88083479404604,0.656446688384452,2.24688840872922e-06,adjoint,2,2,sieve_md,FALSE,
0|0|0|0|0|1|0|3|1|1|0|0|0|1|0|1|1,1,1.15563918756834,0.656446688384452,4.96132360348439e-05,adjoint,2,2,sieve_md,FALSE,
1|0|0|1|0|1|0|3|1|1|0|0|0|1|0|1|1,1,1.06292429190361,0.656446688384452,2.88163748302485e-05,adjoint,2,2,sieve_md,FALSE,
0|0|0|0|0|1|0|3|1|0|0|1|0|1|0|1|1,1,3.27436248213811,0.656446688384452,0.000152531409016061,adjoint,2,2,sieve_md,FALSE,
1|0|0|1|0|1|0|3|1|0|0|1|0|1|0|1|1,1,2.98233465193007,0.656446688384452,0.00011970369963177,adjoint,2,2,sieve_md,FALSE,
0|0|0|0|0|1|0|3|1|1|0|1|0|1|0|1|1,1,2.31319874681036,1.58820750307638,0.00203849059204443,adjoint,2,2,sieve_md,FALSE,
1|0|0|1|0|1|0|3|1|1|0|1|0|1|0|1|1,1,2.10541827245781,2.54654589673985,0.00207938087099134,adjoint,2,2,sieve_md,FALSE,
0|0|0|0|0|1|0|0|0|0|0|0|0|1|0|2|1,1,0,0.526986030789783,0.00327372387285366,adjoint,2,2,sieve_md,FALSE,
1|0|0|1|0|1|0|0|0|0|0|0|0|1|0|2|1,1,0,0.656446688384452,0.00325049387528552,adjoint,2,2,sieve_md,FALSE,
0|0|0|0|0|1|0|0|0|1|0|0|0|1|0|2|1,1,0,0.0706388504783853,0.000452986322575578,adjoint,2,2,sieve_md,FALSE,
1|0|0|1|0|1|0|0|0|1|0|0|0|1|0|2|1,1,0,0.656446688384452,0.00057088385942059,adjoint,2,2,sieve_md,FALSE,
0|0|0|0|0|1|0|0|0|0|0|1|0|1|0|2|1,1,0,0.656446688384452,0.000405291104492887,adjoint,2,2,sieve_md,FALSE,
1|0|0|1|0|1|0|0|0|0|0|1|0|1|0|2|1,1,0,0.358457124291387,0.000707710714878543,adjoint,2,2,sieve_md,FALSE,
0|0|0|0|0|1|0|0|0|1|0|1|0|1|0|2|1,1,0,0.656446688384452,7.6063550790109e-05,adjoint,2,2,sieve_md,FALSE,
1|0|0|1|0|1|0|0|0|1|0|1|0|1|0|2|1,1,0,0.656446688384452,0.000168353757436355,adjoint,2,2,sieve_md,FALSE,
0|0|0|0|0|1|0|1|0|0|0|0|0|1|0|2|1,1,1.65455438401082,0.961825665063868,0.00209177546854185,adjoint,2,2,sieve_md,FALSE,
1|0|0|1|0|1|0|1|0|0|0|0|0|1|0|2|1,1,1.85362906299535,0.656446688384452,0.00138393710849542,adjoint,2,2,sieve_md,FALSE,
0|0|0|0|0|1|0|1|0|1|0|0|0|1|0|2|1,1,1.49600359771114,0.986768020652163,0.000359767283300581,adjoint,2,2,sieve_md,FALSE,
1|0|0|1|0|1|0|1|0|1|0|0|0|1|0|2|1,1,1.65473534285956,0.656446688384452,0.000298112558137826,adjoint,2,2,sieve_md,FALSE,
0|0|0|0|0|1|0|1|0|0|0|1|0|1|0|2|1,1,1.74660715763045,0.656446688384452,0.00156664342099704,adjoint,2,2,sieve_md,FALSE,
1|0|0|1|0|1|0|1|0|0|0|1|0|1|0|2|1,1,2.00244706253921,0.954788256002547,0.00182285800953435,adjoint,2,2,sieve_md,FALSE,
0|0|0|0|0|1|0|1|0|1|0|1|0|1|0|2|1,1,1.6096318489296,0.656446688384452,0.000365462852977528,adjoint,2,2,sieve_md,FALSE,
1|0|0|1|0|1|0|1|0|1|0|1|0|1|0|2|1,1,1.81934793582407,0.82884304025262,0.000531845376388458,adjoint,2,2,sieve_md,FALSE,
0|0|0|0|0|1|0|2|0|0|0|0|0|1|0|2|1,1,2.46830509365798,1.14173429793708,0.000428086680838539,adjoint,2,2,sieve_md,FALSE,
1|0|0|1|0|1|0|2|0|0|0|0|0|1|0|2|1,1,2.26402765014837,0.656446688384452,0.000237136662931203,adjoint,2,2,sieve_md,FALSE,
0|0|0|0|0|1|0|2|0|1|0|0|0|1|0|2|1,1,2.23177511482567,0.656446688384452,9.29482214131121e-05,adjoint,2,2,sieve_md,FALSE,
1|0|0|1|0|1|0|2|0|1|0|0|0|1|0|2|1,1,2.02109831179378,0.656446688384452,6.61871622696141e-05,adjoint,2,2,sieve_md,FALSE,
0|0|0|0|0|1|0|2|0|0|0|1|0|1|0|2|1,1,2.60563169483013,0.656446688384452,0.00193962099747748,adjoint,2,2,sieve_md,FALSE,
1|0|0|1|0|1|0|2|0|0|0|1|0|1|0|2|1,1,2.44579436525512,1.36145434414763,0.00188957988782464,adjoint,2,2,sieve_md,FALSE,
0|0|0|0|0|1|0|2|0|1|0|1|0|1|0|2|1,1,2.40128854634316,0.656446688384452,0.00057120595280382,adjoint,2,2,sieve_md,FALSE,
1|0|0|1|0|1|0|2|0|1|0|1|0|1|0|2|1,1,2.22215658686853,1.0807732050734,0.00071434654009269,adjoint,2,2,sieve_md,FALSE,
0|0|0|0|0|1|0|3|0|0|0|0|0|1|0|2|1,1,4.39062303345795,0.656446688384452,5.65887689411735e-05,adjoint,2,2,sieve_md,FALSE,
1|0|0|1|0|1|0|3|0|0|0|0|0|1|0|2|1,1,4.02725415697924,0.656446688384452,2.93570673656604e-05,adjoint,2,2,sieve_md,FALSE,
0|0|0|0|0|1|0|3|0|1|0|0|0|1|0|2|1,1,3.96988332189117,0.656446688384452,1.68376899903637e-05,adjoint,2,2,sieve_md,FALSE,
1|0|0|1|0|1|0|3|0|1|0|0|0|1|0|2|1,1,3.59513125968308,0.656446688384452,1.13694596201377e-05,adjoint,2,2,sieve_md,FALSE,
0|0|0|0|0|1|0|3|0|0|0|1|0|1|0|2|1,1,4.63489969915951,1.38220893217826,0.00155112027569973,adjoint,2,2,sieve_md,FALSE,
1|0|0|1|0|1|0|3|0|0|0|1|0|1|0|2|1,1,4.35058093214744,1.83189934134765,0.00141517220649891,adjoint,2,2,sieve_md,FALSE,
0|0|0|0|0|1|0|3|0|1|0|1|0|1|0|2|1,1,4.27141394661561,0.656446688384452,0.000625985419237419,adjoint,2,2,sieve_md,FALSE,
1|0|0|1|0|1|0|3|0|1|0|1|0|1|0|2|1,1,3.95277387682903,0.656446688384452,0.000742343782029392,adjoint,2,2,sieve_md,FALSE,
0|0|0|0|0|1|0|0|1|0|0|0|0|1|0|2|1,1,0,0.656446688384452,0.000465766024640859,adjoint,2,2,sieve_md,FALSE,
1|0|0|1|0|1|0|0|1|0|0|0|0|1|0|2|1,1,0,0.270201732475272,0.000427494421762801,adjoint,2,2,sieve_md,FALSE,
0|0|0|0|0|1|0|0|1|1|0|0|0|1|0|2|1,1,0,0.170867078504784,0.00235869064363942,adjoint,2,2,sieve_md,FALSE,
1|0|0|1|0|1|0|0|1|1|0|0|0|1|0|2|1,1,0,0.280313533946345,0.00274782454976134,adjoint,2,2,sieve_md,FALSE,
0|0|0|0|0|1|0|0|1|0|0|1|0|1|0|2|1,1,0,0.656446688384452,5.76624156139981e-05,adjoint,2,2,sieve_md,FALSE,
1|0|0|1|0|1|0|0|1|0|0|1|0|1|0|2|1,1,0,0.656446688384452,9.30758199954358e-05,adjoint,2,2,sieve_md,FALSE,
0|0|0|0|0|1|0|0|1|1|0|1|0|1|0|2|1,1,0,0.270201732475272,0.000396061374547767,adjoint,2,2,sieve_md,FALSE,
1|0|0|1|0|1|0|0|1|1|0|1|0|1|0|2|1,1,0,0.287561094984841,0.000810333976157072,adjoint,2,2,sieve_md,FALSE,
0|0|0|0|0|1|0|1|1|0|0|0|0|1|0|2|1,1,1.65455438401082,0.656446688384452,0.000231900141043703,adjoint,2,2,sieve_md,FALSE,
1|0|0|1|0|1|0|1|1|0|0|0|0|1|0|2|1,1,1.85362906299535,0.656446688384452,0.000142470364333508,adjoint,2,2,sieve_md,FALSE,
0|0|0|0|0|1|0|1|1|1|0|0|0|1|0|2|1,1,1.49600359771114,0.656446688384452,0.00145971391781939,adjoint,2,2,sieve_md,FALSE,
1|0|0|1|0|1|0|1|1|1|0|0|0|1|0|2|1,1,1.65473534285956,0.656446688384452,0.00112317799557589,adjoint,2,2,sieve_md,FALSE,
0|0|0|0|0|1|0|1|1|0|0|1|0|1|0|2|1,1,1.74660715763045,0.656446688384452,0.000173682517917498,adjoint,2,2,sieve_md,FALSE,
1|0|0|1|0|1|0|1|1|0|0|1|0|1|0|2|1,1,2.00244706253921,0.656446688384452,0.000187655380546125,adjoint,2,2,sieve_md,FALSE,
0|0|0|0|0|1|0|1|1|1|0|1|0|1|0|2|1,1,1.6096318489296,0.656446688384452,0.0014828230294959,adjoint,2,2,sieve_md,FALSE,
1|0|0|1|0|1|0|1|1|1|0|1|0|1|0|2|1,1,1.81934793582407,1.54137703661511,0.00200379691328575,adjoint,2,2,sieve_md,FALSE,
0|0|0|0|0|1|0|2|1|0|0|0|0|1|0|2|1,1,2.46830509365798,0.656446688384452,3.72544459185968e-05,adjoint,2,2,sieve_md,FALSE,
1|0|0|1|0|1|0|2|1|0|0|0|0|1|0|2|1,1,2.26402765014837,0.656446688384452,1.93469365908368e-05,adjoint,2,2,sieve_md,FALSE,
0|0|0|0|0|1|0|2|1|1|0|0|0|1|0|2|1,1,2.23177511482567,1.28377471509322,0.000296038102271336,adjoint,2,2,sieve_md,FALSE,
1|0|0|1|0|1|0|2|1|1|0|0|0|1|0|2|1,1,2.02109831179378,0.656446688384452,0.000197627510767864,adjoint,2,2,sieve_md,FALSE,
0|0|0|0|0|1|0|2|1|0|0|1|0|1|0|2|1,1,2.60563169483013,0.656446688384452,0.000168796434898552,adjoint,2,2,sieve_md,FALSE,
1|0|0|1|0|1|0|2|1|0|0|1|0|1|0|2|1,1,2.44579436525512,0.656446688384452,0.00015416250621554,adjoint,2,2,sieve_md,FALSE,
0|0|0|0|0|1|0|2|1|1|0|1|0|1|0|2|1,1,2.40128854634316,0.656446688384452,0.00181927877374401,adjoint,2,2,sieve_md,FALSE,
1|0|0|1|0|1|0|2|1|1|0|1|0|1|0|2|1,1,2.22215658686853,2.03627107383095,0.00213295937917807,adjoint,2,2,sieve_md,FALSE,
0|0|0|0|0|1|0|3|1|0|0|0|0|1|0|2|1,1,4.39062303345795,0.656446688384452,3.92139855792752e-06,adjoint,2,2,sieve_md,FALSE,
1|0|0|1|0|1|0|3|1|0|0|0|0|1|0|2|1,1,4.02725415697924,0.656446688384452,1.93391477553025e-06,adjoint,2,2,sieve_md,FALSE,
0|0|0|0|0|1|0|3|1|1|0|0|0|1|0|2|1,1,3.96988332189117,0.656446688384452,4.27025079914493e-05,adjoint,2,2,sieve_md,FALSE,
1|0|0|1|0|1|0|3|1|1|0|0|0|1|0|2|1,1,3.59513125968308,0.656446688384452,2.74109836459741e-05,adjoint,2,2,sieve_md,FALSE,
0|0|0|0|0|1|0|3|1|0|0|1|0|1|0|2|1,1,4.63489969915951,0.656446688384452,0.000107487067241631,adjoint,2,2,sieve_md,FALSE,
1|0|0|1|0|1|0|3|1|0|0|1|0|1|0|2|1,1,4.35058093214744,0.656446688384452,9.32253350097671e-05,adjoint,2,2,sieve_md,FALSE,
0|0|0|0|0|1|0|3|1|1|0|1|0|1|0|2|1,1,4.27141394661561,3.45172913246026,0.00158757806936789,adjoint,2,2,sieve_md,FALSE,
1|0|0|1|0|1|0|3|1|1|0|1|0|1|0|2|1,1,3.95277387682903,0.973517618417829,0.00178973970168793,adjoint,2,2,sieve_md,FALSE,
0|0|0|0|0|1|0|0|0|0|0|0|0|1|0|3|1,1,0,0.217181750907847,0.00254957871573798,adjoint,2,2,sieve_md,FALSE,
1|0|0|1|0|1|0|0|0|0|0|0|0|1|0|3|1,1,0,0.656446688384452,0.00279772600577904,adjoint,2,2,sieve_md,FALSE,
0|0|0|0|0|1|0|0|0|1|0|0|0|1|0|3|1,1,0,0.656446688384452,0.000389888941052255,adjoint,2,2,sieve_md,FALSE,
1|0|0|1|0|1|0|0|0|1|0|0|0|1|0|3|1,1,0,0.656446688384452,0.000543041525053394,adjoint,2,2,sieve_md,FALSE,
0|0|0|0|0|1|0|0|0|0|0|1|0|1|0|3|1,1,0,0.656446688384452,0.00028560381420508,adjoint,2,2,sieve_md,FALSE,
1|0|0|1|0|1|0|0|0|0|0|1|0|1|0|3|1,1,0,0.0604675601983299,0.000551165658935433,adjoint,2,2,sieve_md,FALSE,
0|0|0|0|0|1|0|0|0|1|0|1|0|1|0|3|1,1,0,0.656446688384452,5.92383529185285e-05,adjoint,2,2,sieve_md,FALSE,
1|0|0|1|0|1|0|0|0|1|0|1|0|1|0|3|1,1,0,0.289710818135119,0.0001449034218866,adjoint,2,2,sieve_md,FALSE,
0|0|0|0|0|1|0|1|0|0|0|0|0|1|0|3|1,1,1.52268965998362,0.83903132985223,0.00162907637290995,adjoint,2,2,sieve_md,FALSE,
1|0|0|1|0|1|0|1|0|0|0|0|0|1|0|3|1,1,1.85420213282105,0.656446688384452,0.00119116570815263,adjoint,2,2,sieve_md,FALSE,
0|0|0|0|0|1|0|1|0|1|0|0|0|1|0|3|1,1,1.56145831472382,0.656446688384452,0.000309654570393583,adjoint,2,2,sieve_md,FALSE,
1|0|0|1|0|1|0|1|0|1|0|0|0|1|0|3|1,1,1.87691311816571,0.656446688384452,0.00028357343711388,adjoint,2,2,sieve_md,FALSE,
0|0|0|0|0|1|0|1|0|0|0|1|0|1|0|3|1,1,1.37946501088407,0.801154721098003,0.0011039949596128,adjoint,2,2,sieve_md,FALSE,
1|0|0|1|0|1|0|1|0|0|0|1|0|1|0|3|1,1,1.73196262963132,1.25312982362065,0.00141964324525333,adjoint,2,2,sieve_md,FALSE,
0|0|0|0|0|1|0|1|0|1|0|1|0|1|0|3|1,1,1.42975305880877,0.656446688384452,0.000284622756082408,adjoint,2,2,sieve_md,FALSE,
1|0|0|1|0|1|0|1|0|1|0|1|0|1|0|3|1,1,1.76664602055749,0.656446688384452,0.000457763557682333,adjoint,2,2,sieve_md,FALSE,
0|0|0|0|0|1|0|2|0|0|0|0|0|1|0|3|1,1,2.27158604160655,0.899090493160765,0.000333394242259493,adjoint,2,2,sieve_md,FALSE,
1|0|0|1|0|1|0|2|0|0|0|0|0|1|0|3|1,1,2.2647275992141,0.96149297483985,0.000204105417287706,adjoint,2,2,sieve_md,FALSE,
0|0|0|0|0|1|0|2|0|1|0|0|0|1|0|3|1,1,2.32942207824231,0.656446688384452,8.0001275564788e-05,adjoint,2,2,sieve_md,FALSE,
1|0|0|1|0|1|0|2|0|1|0|0|0|1|0|3|1,1,2.2924668593546,0.656446688384452,6.29591762750604e-05,adjoint,2,2,sieve_md,FALSE,
0|0|0|0|0|1|0|2|0|0|0|1|0|1|0|3|1,1,2.05791997276884,1.56567157502147,0.00136682781549071,adjoint,2,2,sieve_md,FALSE,
1|0|0|1|0|1|0|2|0|0|0|1|0|1|0|3|1,1,2.11542393286203,1.00895051626604,0.00147160629631381,adjoint,2,2,sieve_md,FALSE,
0|0|0|0|0|1|0|2|0|1|0|1|0|1|0|3|1,1,2.13294092465908,0.656446688384452,0.000444855643338663,adjoint,2,2,sieve_md,FALSE,
1|0|0|1|0|1|0|2|0|1|0|1|0|1|0|3|1,1,2.1577863222016,1.50509972176235,0.000614843764989421,adjoint,2,2,sieve_md,FALSE,
0|0|0|0|0|1|0|3|0|0|0|0|0|1|0|3|1,1,4.0406990296238,0.656446688384452,4.40713775644328e-05,adjoint,2,2,sieve_md,FALSE,
1|0|0|1|0|1|0|3|0|0|0|0|0|1|0|3|1,1,4.02849922692546,0.656446688384452,2.52678620460717e-05,adjoint,2,2,sieve_md,FALSE,
0|0|0|0|0|1|0|3|0|1|0|0|0|1|0|3|1,1,4.14357781688124,0.656446688384452,1.44923340792783e-05,adjoint,2,2,sieve_md,FALSE,
1|0|0|1|0|1|0|3|0|1|0|0|0|1|0|3|1,1,4.0778418445852,0.656446688384452,1.08149645313477e-05,adjoint,2,2,sieve_md,FALSE,
0|0|0|0|0|1|0|3|0|0|0|1|0|1|0|3|1,1,3.6606296590595,0.656446688384452,0.00109305598400681,adjoint,2,2,sieve_md,FALSE,
1|0|0|1|0|1|0|3|0|0|0|1|0|1|0|3|1,1,3.76291774830298,2.63071796950855,0.00110213722260224,adjoint,2,2,sieve_md,FALSE,
0|0|0|0|0|1|0|3|0|1|0|1|0|1|0|3|1,1,3.79407698702861,0.656446688384452,0.000487517934693384,adjoint,2,2,sieve_md,FALSE,
1|0|0|1|0|1|0|3|0|1|0|1|0|1|0|3|1,1,3.83827199963298,1.78570710497629,0.000638941214442242,adjoint,2,2,sieve_md,FALSE,
0|0|0|0|0|1|0|0|1|0|0|0|0|1|0|3|1,1,0,0.278640761361116,0.000362738944718357,adjoint,2,2,sieve_md,FALSE,
1|0|0|1|0|1|0|0|1|0|0|0|0|1|0|3|1,1,0,0.656446688384452,0.000367947858688461,adjoint,2,2,sieve_md,FALSE,
0|0|0|0|0|1|0|0|1|1|0|0|0|1|0|3|1,1,0,0.23266293127737,0.0020301438508996,adjoint,2,2,sieve_md,FALSE,
1|0|0|1|0|1|0|0|1|1|0|0|0|1|0|3|1,1,0,0.405691252092377,0.00261381156509841,adjoint,2,2,sieve_md,FALSE,
0|0|0|0|0|1|0|0|1|0|0|1|0|1|0|3|1,1,0,0.656446688384452,4.06340175075948e-05,adjoint,2,2,sieve_md,FALSE,
1|0|0|1|0|1|0|0|1|0|0|1|0|1|0|3|1,1,0,0.656446688384452,7.24875214974585e-05,adjoint,2,2,sieve_md,FALSE,
0|0|0|0|0|1|0|0|1|1|0|1|0|1|0|3|1,1,0,0.656446688384452,0.000308452908642138,adjoint,2,2,sieve_md,FALSE,
1|0|0|1|0|1|0|0|1|1|0|1|0|1|0|3|1,1,0,0.656446688384452,0.000697460916846624,adjoint,2,2,sieve_md,FALSE,
0|0|0|0|0|1|0|1|1|0|0|0|0|1|0|3|1,1,1.52268965998362,0.656446688384452,0.000180604011439205,adjoint,2,2,sieve_md,FALSE,
1|0|0|1|0|1|0|1|1|0|0|0|0|1|0|3|1,1,1.85420213282105,0.656446688384452,0.000122625378986034,adjoint,2,2,sieve_md,FALSE,
0|0|0|0|0|1|0|1|1|1|0|0|0|1|0|3|1,1,1.56145831472382,0.504814124665909,0.00125638741236582,adjoint,2,2,sieve_md,FALSE,
1|0|0|1|0|1|0|1|1|1|0|0|0|1|0|3|1,1,1.87691311816571,0.922471686985107,0.00106839995834352,adjoint,2,2,sieve_md,FALSE,
0|0|0|0|0|1|0|1|1|0|0|1|0|1|0|3|1,1,1.37946501088407,0.656446688384452,0.000122392001768818,adjoint,2,2,sieve_md,FALSE,
1|0|0|1|0|1|0|1|1|0|0|1|0|1|0|3|1,1,1.73196262963132,0.656446688384452,0.000146146157316885,adjoint,2,2,sieve_md,FALSE,
0|0|0|0|0|1|0|1|1|1|0|1|0|1|0|3|1,1,1.42975305880877,0.656446688384452,0.00115482373652772,adjoint,2,2,sieve_md,FALSE,
1|0|0|1|0|1|0|1|1|1|0|1|0|1|0|3|1,1,1.76664602055749,0.951423471128003,0.00172468398640095,adjoint,2,2,sieve_md,FALSE,
0|0|0|0|0|1|0|2|1|0|0|0|0|1|0|3|1,1,2.27158604160655,0.656446688384452,2.90137916542945e-05,adjoint,2,2,sieve_md,FALSE,
1|0|0|1|0|1|0|2|1|0|0|0|0|1|0|3|1,1,2.2647275992141,0.656446688384452,1.66520626431231e-05,adjoint,2,2,sieve_md,FALSE,
0|0|0|0|0|1|0|2|1|1|0|0|0|1|0|3|1,1,2.32942207824231,0.656446688384452,0.000254802355950676,adjoint,2,2,sieve_md,FALSE,
1|0|0|1|0|1|0|2|1|1|0|0|0|1|0|3|1,1,2.2924668593546,0.656446688384452,0.000187989103333224,adjoint,2,2,sieve_md,FALSE,
0|0|0|0|0|1|0|2|1|0|0|1|0|1|0|3|1,1,2.05791997276884,0.656446688384452,0.00011894883725999,adjoint,2,2,sieve_md,FALSE,
1|0|0|1|0|1|0|2|1|0|0|1|0|1|0|3|1,1,2.11542393286203,0.656446688384452,0.000120061880560913,adjoint,2,2,sieve_md,FALSE,
0|0|0|0|0|1|0|2|1|1|0|1|0|1|0|3|1,1,2.13294092465908,1.27639856254641,0.00141685573361702,adjoint,2,2,sieve_md,FALSE,
1|0|0|1|0|1|0|2|1|1|0|1|0|1|0|3|1,1,2.1577863222016,2.67261933709082,0.00183585515104921,adjoint,2,2,sieve_md,FALSE,
0|0|0|0|0|1|0|3|1|0|0|0|0|1|0|3|1,1,4.0406990296238,0.656446688384452,3.05398826764903e-06,adjoint,2,2,sieve_md,FALSE,
1|0|0|1|0|1|0|3|1|0|0|0|0|1|0|3|1,1,4.02849922692546,0.656446688384452,1.66453587302516e-06,adjoint,2,2,sieve_md,FALSE,
0|0|0|0|0|1|0|3|1|1|0|0|0|1|0|3|1,1,4.14357781688124,0.656446688384452,3.67543892415952e-05,adjoint,2,2,sieve_md,FALSE,
1|0|0|1|0|1|0|3|1|1|0|0|0|1|0|3|1,1,4.0778418445852,0.656446688384452,2.60741341985585e-05,adjoint,2,2,sieve_md,FALSE,
0|0|0|0|0|1|0|3|1|0|0|1|0|1|0|3|1,1,3.6606296590595,0.656446688384452,7.57448560839722e-05,adjoint,2,2,sieve_md,FALSE,
1|0|0|1|0|1|0|3|1|0|0|1|0|1|0|3|1,1,3.76291774830297,0.656446688384452,7.26039639077007e-05,adjoint,2,2,sieve_md,FALSE,
0|0|0|0|0|1|0|3|1|1|0|1|0|1|0|3|1,1,3.79407698702861,1.58820750307638,0.0012364070436107,adjoint,2,2,sieve_md,FALSE,
1|0|0|1|0|1|0|3|1|1|0|1|0|1|0|3|1,1,3.83827199963298,2.22947496670649,0.0015404432369674,adjoint,2,2,sieve_md,FALSE,
0|0|0|0|0|1|0|0|0|0|1|0|1|0|0|0|0,0,0,-0.331654672485931,0.0340123692951178,adjoint,2,2,landweber,TRUE,
0|0|0|0|0|1|0|0|0|0|0|0|0|1|0|0|0,1,0,-1.03734689565092,0.00420354465996152,adjoint,2,2,landweber,FALSE,
1|0|0|1|0|1|0|0|0|0|0|0|0|1|0|0|0,1,0,-0.302734850395848,0.00461267037531881,adjoint,2,2,landweber,FALSE,
0|0|0|0|0|1|0|0|0|1|0|0|0|1|0|0|0,1,0,-1.19310962047611,0.000389888941052255,adjoint,2,2,landweber,FALSE,
1|0|0|1|0|1|0|0|0|1|0|0|0|1|0|0|0,1,0,-0.458497575221037,0.000543041525053394,adjoint,2,2,landweber,FALSE,
0|0|0|0|0|1|0|0|0|0|0|1|0|1|0|0|0,1,0,-0.852726605575806,0.000520404079326314,adjoint,2,2,landweber,FALSE,
1|0|0|1|0|1|0|0|0|0|0|1|0|1|0|0|0,1,0,-0.118114560320732,0.00100428930927588,adjoint,2,2,landweber,FALSE,
0|0|0|0|0|1|0|0|0|1|0|1|0|1|0|0|0,1,0,-1.00848933040099,6.54685048802593e-05,adjoint,2,2,landweber,FALSE,
1|0|0|1|0|1|0|0|0|1|0|1|0|1|0|0|0,1,0,-0.27387728514592,0.000160143047798717,adjoint,2,2,landweber,FALSE,
0|0|0|0|0|1|0|1|0|0|1|0|1|0|0|0|0,0,0,0.00119346758324106,0.0447899109255408,adjoint,2,2,landweber,TRUE,
0|0|0|0|0|1|0|1|0|0|0|0|0|1|0|0|0,1,-0.640667527308902,-0.704498755581751,0.00268589286761164,adjoint,2,2,landweber,FALSE,
1|0|0|1|0|1|0|1|0|0|0|0|0|1|0|0|0,1,-0.663918291420844,0.0301132896733234,0.00196390023995983,adjoint,2,2,landweber,FALSE,
0|0|0|0|0|1|0|1|0|1|0|0|0|1|0|0|0,1,-0.61097871822111,-0.86026148040694,0.000309654570393583,adjoint,2,2,landweber,FALSE,
1|0|0|1|0|1|0|1|0|1|0|0|0|1|0|0|0,1,-0.630758890718092,-0.125649435151865,0.00028357343711388,adjoint,2,2,landweber,FALSE,
0|0|0|0|0|1|0|1|0|0|0|1|0|1|0|0|0,1,-0.633469039072831,-0.519878465506634,0.00201160997144684,adjoint,2,2,landweber,FALSE,
1|0|0|1|0|1|0|1|0|0|0|1|0|1|0|0|0,1,-0.660296130901142,0.21473357974844,0.00258675864702349,adjoint,2,2,landweber,FALSE,
0|0|0|0|0|1|0|1|0|1|0|1|0|1|0|0|0,1,-0.653527313487882,-0.675641190331823,0.000314556792644816,adjoint,2,2,landweber,FALSE,
1|0|0|1|0|1|0|1|0|1|0|1|0|1|0|0|0,1,-0.676419076242787,0.0589708549232516,0.000505906971305358,adjoint,2,2,landweber,FALSE,
0|0|0|0|0|1|0|2|0|0|1|0|1|0|0|0|0,0,0,0.221633972965744,0.0388813985793297,adjoint,2,2,landweber,TRUE,
0|0|0|0|0|1|0|2|0|0|0|0|0|1|0|0|0,1,-0.955763640216183,-0.484058250199248,0.000549674178742178,adjoint,2,2,landweber,FALSE,
1|0|0|1|0|1|0|2|0|0|0|0|0|1|0|0|0,1,-0.810911632334406,0.250553795055826,0.000336512942947367,adjoint,2,2,landweber,FALSE,
0|0|0|0|0|1|0|2|0|1|0|0|0|1|0|0|0,1,-0.911473141575458,-0.639820975024437,8.0001275564788e-05,adjoint,2,2,landweber,FALSE,
1|0|0|1|0|1|0|2|0|1|0|0|0|1|0|0|0,1,-0.770410648857126,0.0947910702306375,6.29591762750604e-05,adjoint,2,2,landweber,FALSE,
0|0|0|0|0|1|0|2|0|0|0|1|0|1|0|0|0,1,-0.945024757679931,-0.299437960124132,0.00249052265950232,adjoint,2,2,landweber,FALSE,
1|0|0|1|0|1|0|2|0|0|0|1|0|1|0|0|0,1,-0.806487515485143,0.435174085130943,0.00268144149928643,adjoint,2,2,landweber,FALSE,
0|0|0|0|0|1|0|2|0|1|0|1|0|1|0|0|0,1,-0.974948186844371,-0.45520068494932,0.000491641519759723,adjoint,2,2,landweber,FALSE,
1|0|0|1|0|1|0|2|0|1|0|1|0|1|0|0|0,1,-0.826180125395095,0.279411360305754,0.000679507448226446,adjoint,2,2,landweber,FALSE,
0|0|0|0|0|1|0|3|0|0|1|0|1|0|0|0|0,0,0,0.747869572613084,0.0315094930517083,adjoint,2,2,landweber,TRUE,
0|0|0|0|0|1|0|3|0|0|0|0|0|1|0|0|0,1,-1.70011311164772,0.0421773494480915,7.26614176195367e-05,adjoint,2,2,landweber,FALSE,
1|0|0|1|0|1|0|3|0|0|0|0|0|1|0|0|0,1,-1.44245024659815,0.776789394703166,4.16596616204748e-05,adjoint,2,2,landweber,FALSE,
0|0|0|0|0|1|0|3|0|1|0|0|0|1|0|0|0,1,-1.62132913798298,-0.113585375377097,1.44923340792784e-05,adjoint,2,2,landweber,FALSE,
1|0|0|1|0|1|0|3|0|1|0|0|0|1|0|0|0,1,-1.37040706547361,0.621026669877977,1.08149645313477e-05,adjoint,2,2,landweber,FALSE,
0|0|0|0|0|1|0|3|0|0|0|1|0|1|0|0|0,1,-1.68101077898293,0.226797639523208,0.00199167785833815,adjoint,2,2,landweber,FALSE,
1|0|0|1|0|1|0|3|0|0|0|1|0|1|0|0|0,1,-1.43458062408228,0.961409684778282,0.00200822495391373,adjoint,2,2,landweber,FALSE,
0|0|0|0|0|1|0|3|0|1|0|1|0|1|0|0|0,1,-1.73423859821281,0.0710349146980197,0.000538790643463431,adjoint,2,2,landweber,FALSE,
1|0|0|1|0|1|0|3|0|1|0|1|0|1|0|0|0,1,-1.46960985401083,0.805646959953094,0.000706139248561502,adjoint,2,2,landweber,FALSE,
0|0|0|0|0|1|0|0|1|0|1|0|1|0|0|0|0,0,0,-0.324484413180121,0.0344508323933191,adjoint,2,2,landweber,TRUE,
0|0|0|0|0|1|0|0|1|0|0|0|0|1|0|0|0,1,0,-1.03017663634511,0.000598055413868472,adjoint,2,2,landweber,FALSE,
1|0|0|1|0|1|0|0|1|0|0|0|0|1|0|0|0,1,0,-0.295564591090038,0.00060664346112823,adjoint,2,2,landweber,FALSE,
0|0|0|0|0|1|0|0|1|1|0|0|0|1|0|0|0,1,0,-1.1859393611703,0.0020301438508996,adjoint,2,2,landweber,FALSE,
1|0|0|1|0|1|0|0|1|1|0|0|0|1|0|0|0,1,0,-0.451327315915227,0.00261381156509841,adjoint,2,2,landweber,FALSE,
0|0|0|0|0|1|0|0|1|0|0|1|0|1|0|0|0,1,0,-0.845556346269996,7.40400072359856e-05,adjoint,2,2,landweber,FALSE,
1|0|0|1|0|1|0|0|1|0|0|1|0|1|0|0|0,1,0,-0.110944301014922,0.00013208087571423,adjoint,2,2,landweber,FALSE,
0|0|0|0|0|1|0|0|1|1|0|1|0|1|0|0|0,1,0,-1.00131907109518,0.000340893184227136,adjoint,2,2,landweber,FALSE,
1|0|0|1|0|1|0|0|1|1|0|1|0|1|0|0|0,1,0,-0.26670702584011,0.000770813521793267,adjoint,2,2,landweber,FALSE,
0|0|0|0|0|1|0|1|1|0|1|0|1|0|0|0|0,0,0,0.00836372688905115,0.0445846694872666,adjoint,2,2,landweber,TRUE,
0|0|0|0|0|1|0|1|1|0|0|0|0|1|0|0|0,1,-0.640667527308902,-0.697328496275941,0.000297765675233586,adjoint,2,2,landweber,FALSE,
1|0|0|1|0|1|0|1|1|0|0|0|0|1|0|0|0,1,-0.663918291420844,0.0372835489791334,0.000202175070661939,adjoint,2,2,landweber,FALSE,
0|0|0|0|0|1|0|1|1|1|0|0|0|1|0|0|0,1,-0.61097871822111,-0.853091221101129,0.00125638741236582,adjoint,2,2,landweber,FALSE,
1|0|0|1|0|1|0|1|1|1|0|0|0|1|0|0|0,1,-0.630758890718092,-0.118479175846055,0.00106839995834352,adjoint,2,2,landweber,FALSE,
0|0|0|0|0|1|0|1|1|0|0|1|0|1|0|0|0,1,-0.633469039072831,-0.512708206200824,0.000223012767440392,adjoint,2,2,landweber,FALSE,
1|0|0|1|0|1|0|1|1|0|0|1|0|1|0|0|0,1,-0.660296130901142,0.22190383905425,0.000266295660851925,adjoint,2,2,landweber,FALSE,
0|0|0|0|0|1|0|1|1|1|0|1|0|1|0|0|0,1,-0.653527313487882,-0.668470931026013,0.00127627760911389,adjoint,2,2,landweber,FALSE,
1|0|0|1|0|1|0|1|1|1|0|1|0|1|0|0|0,1,-0.676419076242787,0.0661411142290617,0.00190607058464111,adjoint,2,2,landweber,FALSE,
0|0|0|0|0|1|0|2|1|0|1|0|1|0|0|0|0,0,0,0.228804232271554,0.0375435951500442,adjoint,2,2,landweber,TRUE,
0|0|0|0|0|1|0|2|1|0|0|0|0|1|0|0|0,1,-0.955763640216183,-0.476887990893438,4.78356554440972e-05,adjoint,2,2,landweber,FALSE,
1|0|0|1|0|1|0|2|1|0|0|0|0|1|0|0|0,1,-0.810911632334406,0.257724054361636,2.7454609880748e-05,adjoint,2,2,landweber,FALSE,
0|0|0|0|0|1|0|2|1|1|0|0|0|1|0|0|0,1,-0.911473141575458,-0.632650715718627,0.000254802355950676,adjoint,2,2,landweber,FALSE,
1|0|0|1|0|1|0|2|1|1|0|0|0|1|0|0|0,1,-0.770410648857126,0.101961329536448,0.000187989103333224,adjoint,2,2,landweber,FALSE,
0|0|0|0|0|1|0|2|1|0|0|1|0|1|0|0|0,1,-0.945024757679931,-0.292267700818322,0.000216738912656018,adjoint,2,2,landweber,FALSE,
1|0|0|1|0|1|0|2|1|0|0|1|0|1|0|0|0,1,-0.806487515485143,0.442344344436753,0.000218767009780279,adjoint,2,2,landweber,FALSE,
0|0|0|0|0|1|0|2|1|1|0|1|0|1|0|0|0,1,-0.974948186844371,-0.44803042564351,0.00156586775190226,adjoint,2,2,landweber,FALSE,
1|0|0|1|0|1|0|2|1|1|0|1|0|1|0|0|0,1,-0.826180125395095,0.286581619611564,0.00202893372273896,adjoint,2,2,landweber,FALSE,
0|0|0|0|0|1|0|3|1|0|1|0|1|0|0|0|0,0,0,0.755039831918894,0.0299086572901431,adjoint,2,2,landweber,TRUE,
0|0|0|0|0|1|0|3|1|0|0|0|0|1|0|0|0,1,-1.70011311164772,0.0493476087539015,5.03517541734159e-06,adjoint,2,2,landweber,FALSE,
1|0|0|1|0|1|0|3|1|0|0|0|0|1|0|0|0,1,-1.44245024659815,0.783959654008976,2.74435569969999e-06,adjoint,2,2,landweber,FALSE,
0|0|0|0|0|1|0|3|1|1|0|0|0|1|0|0|0,1,-1.62132913798298,-0.106415116071287,3.67543892415952e-05,adjoint,2,2,landweber,FALSE,
1|0|0|1|0|1|0|3|1|1|0|0|0|1|0|0|0,1,-1.37040706547361,0.628196929183787,2.60741341985584e-05,adjoint,2,2,landweber,FALSE,
0|0|0|0|0|1|0|3|1|0|0|1|0|1|0|0|0,1,-1.68101077898293,0.233967898829018,0.000138016126303479,adjoint,2,2,landweber,FALSE,
1|0|0|1|0|1|0|3|1|0|0|1|0|1|0|0|0,1,-1.43458062408228,0.968579944084092,0.000132293047619095,adjoint,2,2,landweber,FALSE,
0|0|0|0|0|1|0|3|1|1|0|1|0|1|0|0|0,1,-1.73423859821281,0.0782051740038298,0.00136644110750244,adjoint,2,2,landweber,FALSE,
1|0|0|1|0|1|0|3|1|1|0|1|0|1|0|0|0,1,-1.46960985401083,0.812817219258904,0.00170245306644269,adjoint,2,2,landweber,FALSE,
1|0|0|1|0|1|0|0|0|0|1|0|1|0|0|0|0,0,0,0.402957372769144,0.0339232475326121,adjoint,2,2,landweber,TRUE,
1|0|0|1|0|1|0|1|0|0|1|0|1|0|0|0|0,0,1.05127109637602,0.735805512838316,0.0376646392861478,adjoint,2,2,landweber,TRUE,
1|0|0|1|0|1|0|2|0|0|1|0|1|0|0|0|0,0,1.28402541668774,0.956246018220818,0.0323167270827079,adjoint,2,2,landweber,TRUE,
1|0|0|1|0|1|0|3|0|0|1|0|1|0|0|0|0,0,2.28402541668774,1.48248161786816,0.0260489960763803,adjoint,2,2,landweber,TRUE,
1|0|0|1|0|1|0|0|1|0|1|0|1|0|0|0|0,0,0,0.410127632074954,0.0386201710560533,adjoint,2,2,landweber,TRUE,
1|0|0|1|0|1|0|1|1|0|1|0|1|0|0|0|0,0,1.05127109637602,0.742975772144126,0.0417210106241467,adjoint,2,2,landweber,TRUE,
1|0|0|1|0|1|0|2|1|0|1|0|1|0|0|0|0,0,1.28402541668774,0.963416277526628,0.0347158330496133,adjoint,2,2,landweber,TRUE,
1|0|0|1|0|1|0|3|1|0|1|0|1|0|0|0|0,0,2.28402541668774,1.48965187717397,0.0274954412637132,adjoint,2,2,landweber,TRUE,
0|0|0|0|0|1|0|0|0|0|0|0|0|1|0|1|0,1,0,-1.34368403245241,0.00488382212678092,adjoint,2,2,landweber,FALSE,
1|0|0|1|0|1|0|0|0|0|0|0|0|1|0|1|0,1,0,-0.609071987197333,0.00535915839246372,adjoint,2,2,landweber,FALSE,
0|0|0|0|0|1|0|0|0|1|0|0|0|1|0|1|0,1,0,-1.4994467572776,0.000611467577240109,adjoint,2,2,landweber,FALSE,
1|0|0|1|0|1|0|0|0|1|0|0|0|1|0|1|0,1,0,-0.764834712022522,0.000851658640968403,adjoint,2,2,landweber,FALSE,
0|0|0|0|0|1|0|0|0|0|0|1|0|1|0|1|0,1,0,-1.15906374237729,0.000495023672885394,adjoint,2,2,landweber,FALSE,
1|0|0|1|0|1|0|0|0|0|0|1|0|1|0|1|0,1,0,-0.424451697122216,0.000955309541694711,adjoint,2,2,landweber,FALSE,
0|0|0|0|0|1|0|0|0|1|0|1|0|1|0|1|0,1,0,-1.31482646720248,8.40632242587983e-05,adjoint,2,2,landweber,FALSE,
1|0|0|1|0|1|0|0|0|1|0|1|0|1|0|1|0,1,0,-0.580214421947405,0.000205627743679392,adjoint,2,2,landweber,FALSE,
0|0|0|0|0|1|0|1|0|0|0|0|0|1|0|1|0,1,0.682846801463348,-1.01083589238324,0.00312056230589087,adjoint,2,2,landweber,FALSE,
1|0|0|1|0|1|0|1|0|0|0|0|0|1|0|1|0,1,0.74963004235783,-0.276223847128161,0.00228172654808762,adjoint,2,2,landweber,FALSE,
0|0|0|0|0|1|0|1|0|1|0|0|0|1|0|1|0,1,0.383318642077374,-1.16659861720842,0.00048563503604098,adjoint,2,2,landweber,FALSE,
1|0|0|1|0|1|0|1|0|1|0|0|0|1|0|1|0,1,0.421604640727319,-0.43198657195335,0.000444731676907028,adjoint,2,2,landweber,FALSE,
0|0|0|0|0|1|0|1|0|0|0|1|0|1|0|1|0,1,1.12218853869537,-0.826215602308119,0.00191350259545927,adjoint,2,2,landweber,FALSE,
1|0|0|1|0|1|0|1|0|0|0|1|0|1|0|1|0,1,1.24652119699827,-0.0916035570530446,0.0024606009391304,adjoint,2,2,landweber,FALSE,
0|0|0|0|0|1|0|1|0|1|0|1|0|1|0|1|0,1,0.791760908044091,-0.981978327133307,0.000403898916747719,adjoint,2,2,landweber,FALSE,
1|0|0|1|0|1|0|1|0|1|0|1|0|1|0|1|0,1,0.87727265809054,-0.247366281878233,0.000649597409635596,adjoint,2,2,landweber,FALSE,
0|0|0|0|0|1|0|2|0|0|0|0|0|1|0|1|0,1,1.01868772312837,-0.790395387000733,0.000638630283206209,adjoint,2,2,landweber,FALSE,
1|0|0|1|0|1|0|2|0|0|0|0|0|1|0|1|0,1,0.915600201335578,-0.0557833417456587,0.00039097226023752,adjoint,2,2,landweber,FALSE,
0|0|0|0|0|1|0|2|0|1|0|0|0|1|0|1|0,1,0.571844217317341,-0.946158111825921,0.000125466975323014,adjoint,2,2,landweber,FALSE,
1|0|0|1|0|1|0|2|0|1|0|0|0|1|0|1|0,1,0.514949071037475,-0.211546066570847,9.87396433406007e-05,adjoint,2,2,landweber,FALSE,
0|0|0|0|0|1|0|2|0|0|0|1|0|1|0|1|0,1,1.67410857743571,-0.605775096925616,0.00236905843610438,adjoint,2,2,landweber,FALSE,
1|0|0|1|0|1|0|2|0|0|0|1|0|1|0|1|0,1,1.52250442811881,0.128836948329458,0.00255066605419856,adjoint,2,2,landweber,FALSE,
0|0|0|0|0|1|0|2|0|1|0|1|0|1|0|1|0,1,1.18116847724705,-0.761537821750805,0.000631280207270472,adjoint,2,2,landweber,FALSE,
1|0|0|1|0|1|0|2|0|1|0|1|0|1|0|1|0,1,1.07150324425029,-0.0269257764957306,0.000872504834351386,adjoint,2,2,landweber,FALSE,
0|0|0|0|0|1|0|3|0|0|0|0|0|1|0|1|0,1,1.81204251960597,-0.264159787353393,8.44205231155579e-05,adjoint,2,2,landweber,FALSE,
1|0|0|1|0|1|0|3|0|0|0|0|0|1|0|1|0,1,1.62867035511606,0.470452257901681,4.84016214111409e-05,adjoint,2,2,landweber,FALSE,
0|0|0|0|0|1|0|3|0|1|0|0|0|1|0|1|0,1,1.01719694155894,-0.419922512178582,2.27285041327267e-05,adjoint,2,2,landweber,FALSE,
1|0|0|1|0|1|0|3|0|1|0|0|0|1|0|1|0,1,0.915991810803352,0.314689533076493,1.69612406601566e-05,adjoint,2,2,landweber,FALSE,
0|0|0|0|0|1|0|3|0|0|0|1|0|1|0|1|0,1,2.9779056484892,-0.0795394972782765,0.00189454258297782,adjoint,2,2,landweber,FALSE,
1|0|0|1|0|1|0|3|0|0|0|1|0|1|0|1|0,1,2.70823206896742,0.655072547976798,0.00191028266717933,adjoint,2,2,landweber,FALSE,
0|0|0|0|0|1|0|3|0|1|0|1|0|1|0|1|0,1,2.10106341226632,-0.235302222103465,0.000691820880480588,adjoint,2,2,landweber,FALSE,
1|0|0|1|0|1|0|3|0|1|0|1|0|1|0|1|0,1,1.90599080993596,0.499309823151609,0.000906700742873751,adjoint,2,2,landweber,FALSE,
0|0|0|0|0|1|0|0|1|0|0|0|0|1|0|1|0,1,0,-1.3365137731466,0.000694841258881426,adjoint,2,2,landweber,FALSE,
1|0|0|1|0|1|0|0|1|0|0|0|0|1|0|1|0,1,0,-0.601901727891523,0.000704819146265982,adjoint,2,2,landweber,FALSE,
0|0|0|0|0|1|0|0|1|1|0|0|0|1|0|1|0,1,0,-1.49227649797179,0.00318389933966378,adjoint,2,2,landweber,FALSE,
1|0|0|1|0|1|0|0|1|1|0|0|0|1|0|1|0,1,0,-0.757664452716711,0.00409927252811897,adjoint,2,2,landweber,FALSE,
0|0|0|0|0|1|0|0|1|0|0|1|0|1|0|1|0,1,0,-1.15189348307148,7.04290334731153e-05,adjoint,2,2,landweber,FALSE,
1|0|0|1|0|1|0|0|1|0|0|1|0|1|0|1|0,1,0,-0.417281437816406,0.000125639215393198,adjoint,2,2,landweber,FALSE,
0|0|0|0|0|1|0|0|1|1|0|1|0|1|0|1|0,1,0,-1.30765620789667,0.000437715512923259,adjoint,2,2,landweber,FALSE,
1|0|0|1|0|1|0|0|1|1|0|1|0|1|0|1|0,1,0,-0.573044162641595,0.000989744153509145,adjoint,2,2,landweber,FALSE,
0|0|0|0|0|1|0|1|1|0|0|0|0|1|0|1|0,1,0.682846801463348,-1.00366563307743,0.000345954357795489,adjoint,2,2,landweber,FALSE,
1|0|0|1|0|1|0|1|1|0|0|0|0|1|0|1|0,1,0.74963004235783,-0.269053587822351,0.000234893920121051,adjoint,2,2,landweber,FALSE,
0|0|0|0|0|1|0|1|1|1|0|0|0|1|0|1|0,1,0.383318642077374,-1.15942835790261,0.00197040768850978,adjoint,2,2,landweber,FALSE,
1|0|0|1|0|1|0|1|1|1|0|0|0|1|0|1|0,1,0.421604640727319,-0.42481631264754,0.00167558467364733,adjoint,2,2,landweber,FALSE,
0|0|0|0|0|1|0|1|1|0|0|1|0|1|0|1|0,1,1.12218853869537,-0.819045343002309,0.000212136306428635,adjoint,2,2,landweber,FALSE,
1|0|0|1|0|1|0|1|1|0|0|1|0|1|0|1|0,1,1.24652119699827,-0.0844332977472345,0.000253308268219214,adjoint,2,2,landweber,FALSE,
0|0|0|0|0|1|0|1|1|1|0|1|0|1|0|1|0,1,0.791760908044091,-0.974808067827497,0.0016387728888517,adjoint,2,2,landweber,FALSE,
1|0|0|1|0|1|0|1|1|1|0|1|0|1|0|1|0,1,0.87727265809054,-0.240196022572423,0.00244744307668005,adjoint,2,2,landweber,FALSE,
0|0|0|0|0|1|0|2|1|0|0|0|0|1|0|1|0,1,1.01868772312837,-0.783225127694923,5.55771025183038e-05,adjoint,2,2,landweber,FALSE,
1|0|0|1|0|1|0|2|1|0|0|0|0|1|0|1|0,1,0.915600201335578,-0.0486130824398486,3.18977058801993e-05,adjoint,2,2,landweber,FALSE,
0|0|0|0|0|1|0|2|1|1|0|0|0|1|0|1|0,1,0.571844217317341,-0.938987852520111,0.000399609639729048,adjoint,2,2,landweber,FALSE,
1|0|0|1|0|1|0|2|1|1|0|0|0|1|0|1|0,1,0.514949071037475,-0.204375807265037,0.000294825601496865,adjoint,2,2,landweber,FALSE,
0|0|0|0|0|1|0|2|1|0|0|1|0|1|0|1|0,1,1.67410857743571,-0.598604837619806,0.000206168431152695,adjoint,2,2,landweber,FALSE,
1|0|0|1|0|1|0|2|1|0|0|1|0|1|0|1|0,1,1.52250442811881,0.136007207635268,0.000208097616813036,adjoint,2,2,landweber,FALSE,
0|0|0|0|0|1|0|2|1|1|0|1|0|1|0|1|0,1,1.18116847724705,-0.754367562444995,0.0020106139926142,adjoint,2,2,landweber,FALSE,
1|0|0|1|0|1|0|2|1|1|0|1|0|1|0|1|0,1,1.07150324425029,-0.0197555171899205,0.0026052024687717,adjoint,2,2,landweber,FALSE,
0|0|0|0|0|1|0|3|1|0|0|0|0|1|0|1|0,1,1.81204251960597,-0.256989528047583,5.85003921801114e-06,adjoint,2,2,landweber,FALSE,
1|0|0|1|0|1|0|3|1|0|0|0|0|1|0|1|0,1,1.62867035511606,0.477622517207491,3.18848642613798e-06,adjoint,2,2,landweber,FALSE,
0|0|0|0|0|1|0|3|1|1|0|0|0|1|0|1|0,1,1.01719694155894,-0.412752252872772,5.76423565178425e-05,adjoint,2,2,landweber,FALSE,
1|0|0|1|0|1|0|3|1|1|0|0|0|1|0|1|0,1,0.915991810803352,0.321859792382303,4.08923823897052e-05,adjoint,2,2,landweber,FALSE,
0|0|0|0|0|1|0|3|1|0|0|1|0|1|0|1|0,1,2.9779056484892,-0.0723692379724664,0.000131285000395476,adjoint,2,2,landweber,FALSE,
1|0|0|1|0|1|0|3|1|0|0|1|0|1|0|1|0,1,2.70823206896742,0.662242807282608,0.000125841039552158,adjoint,2,2,landweber,FALSE,
0|0|0|0|0|1|0|3|1|1|0|1|0|1|0|1|0,1,2.10106341226632,-0.228131962797655,0.00175454511244008,adjoint,2,2,landweber,FALSE,
1|0|0|1|0|1|0|3|1|1|0|1|0|1|0|1|0,1,1.90599080993596,0.506480082457419,0.0021859930080304,adjoint,2,2,landweber,FALSE,
0|0|0|0|0|1|0|0|0|0|0|0|0|1|0|2|0,1,0,0.140081407247275,0.00380352449671843,adjoint,2,2,landweber,FALSE,
1|0|0|1|0|1|0|0|0|0|0|0|0|1|0|2|0,1,0,0.874693452502349,0.00461267037531881,adjoint,2,2,landweber,FALSE,
0|0|0|0|0|1|0|0|0|1|0|0|0|1|0|2|0,1,0,-0.0156813175779134,0.000526295021055867,adjoint,2,2,landweber,FALSE,
1|0|0|1|0|1|0|0|0|1|0|0|0|1|0|2|0,1,0,0.718930727677161,0.000810122758919434,adjoint,2,2,landweber,FALSE,
0|0|0|0|0|1|0|0|0|0|0|1|0|1|0|2|0,1,0,0.324701697322392,0.000348837286411149,adjoint,2,2,landweber,FALSE,
1|0|0|1|0|1|0|0|0|0|0|1|0|1|0|2|0,1,0,1.05931374257747,0.000743995819147426,adjoint,2,2,landweber,FALSE,
0|0|0|0|0|1|0|0|0|1|0|1|0|1|0|2|0,1,0,0.168938972497203,6.54685048802593e-05,adjoint,2,2,landweber,FALSE,
1|0|0|1|0|1|0|0|0|1|0|1|0|1|0|2|0,1,0,0.903551017752278,0.00017698543915914,adjoint,2,2,landweber,FALSE,
0|0|0|0|0|1|0|1|0|0|0|0|0|1|0|2|0,1,1.61930932333639,0.472929547316447,0.00243029636745092,adjoint,2,2,landweber,FALSE,
1|0|0|1|0|1|0|1|0|0|0|0|0|1|0|2|0,1,1.79964064314873,1.20754159257152,0.00196390023995983,adjoint,2,2,landweber,FALSE,
0|0|0|0|0|1|0|1|0|1|0|0|0|1|0|2|0,1,1.45553714733445,0.317166822491258,0.000417989949151942,adjoint,2,2,landweber,FALSE,
1|0|0|1|0|1|0|1|0|1|0|0|0|1|0|2|0,1,1.59162073083693,1.05177886774633,0.000423041857081509,adjoint,2,2,landweber,FALSE,
0|0|0|0|0|1|0|1|0|0|0|1|0|1|0|2|0,1,1.71454130603506,0.657549837391564,0.00134842248866599,adjoint,2,2,landweber,FALSE,
1|0|0|1|0|1|0|1|0|0|0|1|0|1|0|2|0,1,1.95665764835312,1.39216188264664,0.00191631793822099,adjoint,2,2,landweber,FALSE,
0|0|0|0|0|1|0|1|0|1|0|1|0|1|0|2|0,1,1.57005885650516,0.501787112566375,0.000314556792644816,adjoint,2,2,landweber,FALSE,
1|0|0|1|0|1|0|1|0|1|0|1|0|1|0|2|0,1,1.76277851380977,1.23639915782145,0.000559113671938413,adjoint,2,2,landweber,FALSE,
0|0|0|0|0|1|0|2|0|0|0|0|0|1|0|2|0,1,2.415725641674,0.69337005269895,0.000497365764654109,adjoint,2,2,landweber,FALSE,
1|0|0|1|0|1|0|2|0|0|0|0|0|1|0|2|0,1,2.198086045239,1.42798209795402,0.000336512942947367,adjoint,2,2,landweber,FALSE,
0|0|0|0|0|1|0|2|0|1|0|0|0|1|0|2|0,1,2.17140626472785,0.537607327873761,0.000107990426438444,adjoint,2,2,landweber,FALSE,
1|0|0|1|0|1|0|2|0|1|0|0|0|1|0|2|0,1,1.94400995058913,1.27221937312884,9.39240541102854e-05,adjoint,2,2,landweber,FALSE,
0|0|0|0|0|1|0|2|0|0|0|1|0|1|0|2|0,1,2.55779506546923,0.877990342774066,0.0016694472637704,adjoint,2,2,landweber,FALSE,
1|0|0|1|0|1|0|2|0|0|0|1|0|1|0|2|0,1,2.38986704847369,1.61260238802914,0.00198646072036349,adjoint,2,2,landweber,FALSE,
0|0|0|0|0|1|0|2|0|1|0|1|0|1|0|2|0,1,2.34225257888481,0.722227617948878,0.000491641519759723,adjoint,2,2,landweber,FALSE,
1|0|0|1|0|1|0|2|0|1|0|1|0|1|0|2|0,1,2.15306253879273,1.45683966320395,0.000750971870395662,adjoint,2,2,landweber,FALSE,
0|0|0|0|0|1|0|3|0|0|0|0|0|1|0|2|0,1,4.29709466309539,1.21960565234629,6.57467695096942e-05,adjoint,2,2,landweber,FALSE,
1|0|0|1|0|1|0|3|0|0|0|0|0|1|0|2|0,1,3.90995717852947,1.95421769760136,4.16596616204748e-05,adjoint,2,2,landweber,FALSE,
0|0|0|0|0|1|0|3|0|1|0|0|0|1|0|2|0,1,3.86249916406405,1.0638429275211,1.95626047992478e-05,adjoint,2,2,landweber,FALSE,
1|0|0|1|0|1|0|3|0|1|0|0|0|1|0|2|0,1,3.45800642240656,1.79845497277618,1.61340311919789e-05,adjoint,2,2,landweber,FALSE,
0|0|0|0|0|1|0|3|0|0|0|1|0|1|0|2|0,1,4.54980786539284,1.40422594242141,0.00133506159368939,adjoint,2,2,landweber,FALSE,
1|0|0|1|0|1|0|3|0|0|0|1|0|1|0|2|0,1,4.25109737726155,2.13883798767648,0.00148772963708699,adjoint,2,2,landweber,FALSE,
0|0|0|0|0|1|0|3|0|1|0|1|0|1|0|2|0,1,4.16640072147132,1.24846321759622,0.000538790643463431,adjoint,2,2,landweber,FALSE,
1|0|0|1|0|1|0|3|0|1|0|1|0|1|0|2|0,1,3.82986933000622,1.98307526285129,0.000780404561621963,adjoint,2,2,landweber,FALSE,
0|0|0|0|0|1|0|0|1|0|0|0|0|1|0|2|0,1,0,0.147251666553085,0.000541142916527176,adjoint,2,2,landweber,FALSE,
1|0|0|1|0|1|0|0|1|0|0|0|0|1|0|2|0,1,0,0.88186371180816,0.00060664346112823,adjoint,2,2,landweber,FALSE,
0|0|0|0|0|1|0|0|1|1|0|0|0|1|0|2|0,1,0,-0.0085110582721033,0.00274040755778309,adjoint,2,2,landweber,FALSE,
1|0|0|1|0|1|0|0|1|1|0|0|0|1|0|2|0,1,0,0.726100986982971,0.00389934864779419,adjoint,2,2,landweber,FALSE,
0|0|0|0|0|1|0|0|1|0|0|1|0|1|0|2|0,1,0,0.331871956628202,4.9630501058905e-05,adjoint,2,2,landweber,FALSE,
1|0|0|1|0|1|0|0|1|0|0|1|0|1|0|2|0,1,0,1.06648400188328,9.78479193326993e-05,adjoint,2,2,landweber,FALSE,
0|0|0|0|0|1|0|0|1|1|0|1|0|1|0|2|0,1,0,0.176109231803014,0.000340893184227136,adjoint,2,2,landweber,FALSE,
1|0|0|1|0|1|0|0|1|1|0|1|0|1|0|2|0,1,0,0.910721277058088,0.000851880687545388,adjoint,2,2,landweber,FALSE,
0|0|0|0|0|1|0|1|1|0|0|0|0|1|0|2|0,1,1.61930932333639,0.480099806622257,0.000269429524758092,adjoint,2,2,landweber,FALSE,
1|0|0|1|0|1|0|1|1|0|0|0|0|1|0|2|0,1,1.79964064314873,1.21471185187733,0.000202175070661939,adjoint,2,2,landweber,FALSE,
0|0|0|0|0|1|0|1|1|1|0|0|0|1|0|2|0,1,1.45553714733445,0.324337081797068,0.00169594561430963,adjoint,2,2,landweber,FALSE,
1|0|0|1|0|1|0|1|1|1|0|0|0|1|0|2|0,1,1.59162073083693,1.05894912705214,0.00159386544481577,adjoint,2,2,landweber,FALSE,
0|0|0|0|0|1|0|1|1|0|0|1|0|1|0|2|0,1,1.71454130603506,0.664720096697374,0.000149489928537179,adjoint,2,2,landweber,FALSE,
1|0|0|1|0|1|0|1|1|0|0|1|0|1|0|2|0,1,1.95665764835312,1.39933214195245,0.000197276677647585,adjoint,2,2,landweber,FALSE,
0|0|0|0|0|1|0|1|1|1|0|1|0|1|0|2|0,1,1.57005885650516,0.508957371872185,0.00127627760911389,adjoint,2,2,landweber,FALSE,
1|0|0|1|0|1|0|1|1|1|0|1|0|1|0|2|0,1,1.76277851380977,1.24356941712726,0.0021065337779448,adjoint,2,2,landweber,FALSE,
0|0|0|0|0|1|0|2|1|0|0|0|0|1|0|2|0,1,2.415725641674,0.70054031200476,4.32834909620947e-05,adjoint,2,2,landweber,FALSE,
1|0|0|1|0|1|0|2|1|0|0|0|0|1|0|2|0,1,2.198086045239,1.43515235725983,2.7454609880748e-05,adjoint,2,2,landweber,FALSE,
0|0|0|0|0|1|0|2|1|1|0|0|0|1|0|2|0,1,2.17140626472785,0.544777587179571,0.000343947204371135,adjoint,2,2,landweber,FALSE,
1|0|0|1|0|1|0|2|1|1|0|0|0|1|0|2|0,1,1.94400995058913,1.27938963243465,0.00028044678723994,adjoint,2,2,landweber,FALSE,
0|0|0|0|0|1|0|2|1|0|0|1|0|1|0|2|0,1,2.55779506546923,0.885160602079876,0.000145284437909297,adjoint,2,2,landweber,FALSE,
1|0|0|1|0|1|0|2|1|0|0|1|0|1|0|2|0,1,2.38986704847369,1.61977264733495,0.000162066586929286,adjoint,2,2,landweber,FALSE,
0|0|0|0|0|1|0|2|1|1|0|1|0|1|0|2|0,1,2.34225257888481,0.729397877254688,0.00156586775190226,adjoint,2,2,landweber,FALSE,
1|0|0|1|0|1|0|2|1|1|0|1|0|1|0|2|0,1,2.15306253879273,1.46400992250976,0.00224231854507406,adjoint,2,2,landweber,FALSE,
0|0|0|0|0|1|0|3|1|0|0|0|0|1|0|2|0,1,4.29709466309539,1.2267759116521,4.5560151239855e-06,adjoint,2,2,landweber,FALSE,
1|0|0|1|0|1|0|3|1|0|0|0|0|1|0|2|0,1,3.90995717852947,1.96138795690717,2.74435569969999e-06,adjoint,2,2,landweber,FALSE,
0|0|0|0|0|1|0|3|1|1|0|0|0|1|0|2|0,1,3.86249916406405,1.07101318682691,4.9613236034844e-05,adjoint,2,2,landweber,FALSE,
1|0|0|1|0|1|0|3|1|1|0|0|0|1|0|2|0,1,3.45800642240655,1.80562523208199,3.88980373670224e-05,adjoint,2,2,landweber,FALSE,
0|0|0|0|0|1|0|3|1|0|0|1|0|1|0|2|0,1,4.54980786539284,1.41139620172722,9.25149761374087e-05,adjoint,2,2,landweber,FALSE,
1|0|0|1|0|1|0|3|1|0|0|1|0|1|0|2|0,1,4.25109737726154,2.14600824698229,9.800510014574e-05,adjoint,2,2,landweber,FALSE,
0|0|0|0|0|1|0|3|1|1|0|1|0|1|0|2|0,1,4.16640072147132,1.25563347690203,0.00136644110750244,adjoint,2,2,landweber,FALSE,
1|0|0|1|0|1|0|3|1|1|0|1|0|1|0|2|0,1,3.82986933000622,1.9902455221571,0.00188150161842117,adjoint,2,2,landweber,FALSE,
0|0|0|0|0|1|0|0|0|0|0|0|0|1|0|3|0,1,0,3.13666082042545,0.00296218785647559,adjoint,2,2,landweber,FALSE,
1|0|0|1|0|1|0|0|0|0|0|0|0|1|0|3|0,1,0,3.87127286568053,0.00397016218465647,adjoint,2,2,landweber,FALSE,
0|0|0|0|0|1|0|0|0|1|0|0|0|1|0|3|0,1,0,2.98089809560027,0.000452986322575578,adjoint,2,2,landweber,FALSE,
1|0|0|1|0|1|0|0|0|1|0|0|0|1|0|3|0,1,0,3.71551014085534,0.000770612605741864,adjoint,2,2,landweber,FALSE,
0|0|0|0|0|1|0|0|0|0|0|1|0|1|0|3|0,1,0,3.32128111050057,0.000245821480983732,adjoint,2,2,landweber,FALSE,
1|0|0|1|0|1|0|0|0|0|0|1|0|1|0|3|0,1,0,4.05589315575565,0.000579424526553867,adjoint,2,2,landweber,FALSE,
0|0|0|0|0|1|0|0|0|1|0|1|0|1|0|3|0,1,0,3.16551838567538,5.098692286726e-05,adjoint,2,2,landweber,FALSE,
1|0|0|1|0|1|0|0|0|1|0|1|0|1|0|3|0,1,0,3.90013043093046,0.000152332779195364,adjoint,2,2,landweber,FALSE,
0|0|0|0|0|1|0|1|0|0|0|0|0|1|0|3|0,1,1.54477491976393,3.46950896049463,0.00189271671406637,adjoint,2,2,landweber,FALSE,
1|0|0|1|0|1|0|1|0|0|0|0|0|1|0|3|0,1,1.91228614516847,4.2041210057497,0.00169034460143651,adjoint,2,2,landweber,FALSE,
0|0|0|0|0|1|0|1|0|1|0|0|0|1|0|3|0,1,1.57848090994668,3.31374623566944,0.000359767283300581,adjoint,2,2,landweber,FALSE,
1|0|0|1|0|1|0|1|0|1|0|0|0|1|0|3|0,1,1.93470945814506,4.04835828092451,0.000402409862251357,adjoint,2,2,landweber,FALSE,
0|0|0|0|0|1|0|1|0|0|0|1|0|1|0|3|0,1,1.36759793628731,3.65412925056974,0.000950217267671792,adjoint,2,2,landweber,FALSE,
1|0|0|1|0|1|0|1|0|0|0|1|0|1|0|3|0,1,1.72752148820504,4.38874129582482,0.00149242991090029,adjoint,2,2,landweber,FALSE,
0|0|0|0|0|1|0|1|0|1|0|1|0|1|0|3|0,1,1.40250402431465,3.49836652574455,0.000244977076432212,adjoint,2,2,landweber,FALSE,
1|0|0|1|0|1|0|1|0|1|0|1|0|1|0|3|0,1,1.74905440548635,4.23297857099963,0.000481233597165695,adjoint,2,2,landweber,FALSE,
0|0|0|0|0|1|0|2|0|0|0|0|0|1|0|3|0,1,2.30453337760063,3.68994946587713,0.000387348846985528,adjoint,2,2,landweber,FALSE,
1|0|0|1|0|1|0|2|0|0|0|0|0|1|0|3|0,1,2.33567157210025,4.4245615111322,0.000289639374165069,adjoint,2,2,landweber,FALSE,
0|0|0|0|0|1|0|2|0|1|0|0|0|1|0|3|0,1,2.35481680621372,3.53418674105194,9.29482214131121e-05,adjoint,2,2,landweber,FALSE,
1|0|0|1|0|1|0|2|0|1|0|0|0|1|0|3|0,1,2.36305946841695,4.26879878630701,8.93433239381007e-05,adjoint,2,2,landweber,FALSE,
0|0|0|0|0|1|0|2|0|0|0|1|0|1|0|3|0,1,2.04021637779664,3.87456975595225,0.00117643960319249,adjoint,2,2,landweber,FALSE,
1|0|0|1|0|1|0|2|0|0|0|1|0|1|0|3|0,1,2.1099995104746,4.60918180120732,0.00154705716455967,adjoint,2,2,landweber,FALSE,
0|0|0|0|0|1|0|2|0|1|0|1|0|1|0|3|0,1,2.09229014201387,3.71880703112706,0.000382890800579288,adjoint,2,2,landweber,FALSE,
1|0|0|1|0|1|0|2|0|1|0|1|0|1|0|3|0,1,2.13629987503322,4.45341907638213,0.000646367478920391,adjoint,2,2,landweber,FALSE,
0|0|0|0|0|1|0|3|0|0|0|0|0|1|0|3|0,1,4.0993057766902,4.21618506552447,5.1203635578565e-05,adjoint,2,2,landweber,FALSE,
1|0|0|1|0|1|0|3|0|0|0|0|0|1|0|3|0,1,4.15469442144954,4.95079711077954,3.58568030519115e-05,adjoint,2,2,landweber,FALSE,
0|0|0|0|0|1|0|3|0|1|0|0|0|1|0|3|0,1,4.18874997888267,4.06042234069928,1.68376899903637e-05,adjoint,2,2,landweber,FALSE,
1|0|0|1|0|1|0|3|0|1|0|0|0|1|0|3|0,1,4.20341203286436,4.79503438595436,1.53471652056226e-05,adjoint,2,2,landweber,FALSE,
0|0|0|0|0|1|0|3|0|0|0|1|0|1|0|3|0,1,3.62913849045977,4.40080535559959,0.0009408020041138,adjoint,2,2,landweber,FALSE,
1|0|0|1|0|1|0|3|0|0|0|1|0|1|0|3|0,1,3.7532687815125,5.13541740085466,0.00115864500636189,adjoint,2,2,landweber,FALSE,
0|0|0|0|0|1|0|3|0|1|0|1|0|1|0|3|0,1,3.72176734302686,4.2450426307744,0.000419610575040866,adjoint,2,2,landweber,FALSE,
1|0|0|1|0|1|0|3|0|1|0|1|0|1|0|3|0,1,3.80005189058444,4.97965467602947,0.000671700431026524,adjoint,2,2,landweber,FALSE,
0|0|0|0|0|1|0|0|1|0|0|0|0|1|0|3|0,1,0,3.14383107973126,0.000421442527144908,adjoint,2,2,landweber,FALSE,
1|0|0|1|0|1|0|0|1|0|0|0|0|1|0|3|0,1,0,3.87844312498634,0.000522142865839172,adjoint,2,2,landweber,FALSE,
0|0|0|0|0|1|0|0|1|1|0|0|0|1|0|3|0,1,0,2.98806835490608,0.00235869064363942,adjoint,2,2,landweber,FALSE,
1|0|0|1|0|1|0|0|1|1|0|0|0|1|0|3|0,1,0,3.72268040016115,0.00370917517016891,adjoint,2,2,landweber,FALSE,
0|0|0|0|0|1|0|0|1|0|0|1|0|1|0|3|0,1,0,3.32845136980638,3.49740229829823e-05,adjoint,2,2,landweber,FALSE,
1|0|0|1|0|1|0|0|1|0|0|1|0|1|0|3|0,1,0,4.06306341506146,7.62040361982139e-05,adjoint,2,2,landweber,FALSE,
0|0|0|0|0|1|0|0|1|1|0|1|0|1|0|3|0,1,0,3.17268864498119,0.000265487878819798,adjoint,2,2,landweber,FALSE,
1|0|0|1|0|1|0|0|1|1|0|1|0|1|0|3|0,1,0,3.90730069023627,0.000733220502732778,adjoint,2,2,landweber,FALSE,
0|0|0|0|0|1|0|1|1|0|0|0|0|1|0|3|0,1,1.54477491976393,3.47667921980044,0.000209831924864159,adjoint,2,2,landweber,FALSE,
1|0|0|1|0|1|0|1|1|0|0|0|0|1|0|3|0,1,1.91228614516847,4.21129126505551,0.000174013695953031,adjoint,2,2,landweber,FALSE,
0|0|0|0|0|1|0|1|1|1|0|0|0|1|0|3|0,1,1.57848090994668,3.32091649497525,0.00145971391781939,adjoint,2,2,landweber,FALSE,
1|0|0|1|0|1|0|1|1|1|0|0|0|1|0|3|0,1,1.93470945814506,4.05552854023032,0.00151613170980368,adjoint,2,2,landweber,FALSE,
0|0|0|0|0|1|0|1|1|0|0|1|0|1|0|3|0,1,1.36759793628731,3.66129950987555,0.000105343772173051,adjoint,2,2,landweber,FALSE,
1|0|0|1|0|1|0|1|1|0|0|1|0|1|0|3|0,1,1.72752148820504,4.39591155513063,0.000153639231033664,adjoint,2,2,landweber,FALSE,
0|0|0|0|0|1|0|1|1|1|0|1|0|1|0|3|0,1,1.40250402431465,3.50553678505036,0.000993966001394401,adjoint,2,2,landweber,FALSE,
1|0|0|1|0|1|0|1|1|1|0|1|0|1|0|3|0,1,1.74905440548635,4.24014883030544,0.0018131104252859,adjoint,2,2,landweber,FALSE,
0|0|0|0|0|1|0|2|1|0|0|0|0|1|0|3|0,1,2.30453337760063,3.69711972518294,3.37092166553435e-05,adjoint,2,2,landweber,FALSE,
1|0|0|1|0|1|0|2|1|0|0|0|0|1|0|3|0,1,2.33567157210025,4.43173177043801,2.3630401713998e-05,adjoint,2,2,landweber,FALSE,
0|0|0|0|0|1|0|2|1|1|0|0|0|1|0|3|0,1,2.35481680621372,3.54135700035775,0.000296038102271336,adjoint,2,2,landweber,FALSE,
1|0|0|1|0|1|0|2|1|1|0|0|0|1|0|3|0,1,2.36305946841695,4.27596904561282,0.000266769236029322,adjoint,2,2,landweber,FALSE,
0|0|0|0|0|1|0|2|1|0|0|1|0|1|0|3|0,1,2.04021637779664,3.88174001525806,0.000102380213016159,adjoint,2,2,landweber,FALSE,
1|0|0|1|0|1|0|2|1|0|0|1|0|1|0|3|0,1,2.1099995104746,4.61635206051313,0.000126217584810238,adjoint,2,2,landweber,FALSE,
0|0|0|0|0|1|0|2|1|1|0|1|0|1|0|3|0,1,2.09229014201387,3.72597729043287,0.00121949903136774,adjoint,2,2,landweber,FALSE,
1|0|0|1|0|1|0|2|1|1|0|1|0|1|0|3|0,1,2.13629987503322,4.46058933568794,0.00192998145743107,adjoint,2,2,landweber,FALSE,
0|0|0|0|0|1|0|3|1|0|0|0|0|1|0|3|0,1,4.0993057766902,4.22335532483028,3.54822814624507e-06,adjoint,2,2,landweber,FALSE,
1|0|0|1|0|1|0|3|1|0|0|0|0|1|0|3|0,1,4.15469442144954,4.95796737008535,2.36208884087935e-06,adjoint,2,2,landweber,FALSE,
0|0|0|0|0|1|0|3|1|1|0|0|0|1|0|3|0,1,4.18874997888267,4.06759260000509,4.27025079914493e-05,adjoint,2,2,landweber,FALSE,
1|0|0|1|0|1|0|3|1|1|0|0|0|1|0|3|0,1,4.20341203286436,4.80220464526017,3.700095769884e-05,adjoint,2,2,landweber,FALSE,
0|0|0|0|0|1|0|3|1|0|0|1|0|1|0|3|0,1,3.62913849045977,4.4079756149054,6.51942018046429e-05,adjoint,2,2,landweber,FALSE,
1|0|0|1|0|1|0|3|1|0|0|1|0|1|0|3|0,1,3.7532687815125,5.14258766016047,7.63264487384938e-05,adjoint,2,2,landweber,FALSE,
0|0|0|0|0|1|0|3|1|1|0|1|0|1|0|3|0,1,3.72176734302686,4.25221289008021,0.00106418540454386,adjoint,2,2,landweber,FALSE,
1|0|0|1|0|1|0|3|1|1|0|1|0|1|0|3|0,1,3.80005189058444,4.98682493533528,0.00161942345063176,adjoint,2,2,landweber,FALSE,
0|0|0|0|0|1|0|0|0|0|0|0|0|1|0|0|1,1,0,-1.17018177409547,0.00361802441808784,adjoint,2,2,landweber,FALSE,
1|0|0|1|0|1|0|0|0|0|0|0|0|1|0|0|1,1,0,-0.435569728840399,0.00325049387528552,adjoint,2,2,landweber,FALSE,
0|0|0|0|0|1|0|0|0|1|0|0|0|1|0|0|1,1,0,-1.32594449892066,0.000335580521483595,adjoint,2,2,landweber,FALSE,
1|0|0|1|0|1|0|0|0|1|0|0|0|1|0|0|1,1,0,-0.591332453665588,0.000382674894927813,adjoint,2,2,landweber,FALSE,
0|0|0|0|0|1|0|0|0|0|0|1|0|1|0|0|1,1,0,-0.985561484020357,0.000604623279416797,adjoint,2,2,landweber,FALSE,
1|0|0|1|0|1|0|0|0|0|0|1|0|1|0|0|1,1,0,-0.250949438765282,0.000955309541694711,adjoint,2,2,landweber,FALSE,
0|0|0|0|0|1|0|0|0|1|0|1|0|1|0|0|1,1,0,-1.14132420884555,7.6063550790109e-05,adjoint,2,2,landweber,FALSE,
1|0|0|1|0|1|0|0|0|1|0|1|0|1|0|0|1,1,0,-0.406712163590471,0.000152332779195364,adjoint,2,2,landweber,FALSE,
0|0|0|0|0|1|0|1|0|0|0|0|0|1|0|0|1,1,-0.770083206102352,-0.837333634026302,0.00231176941497651,adjoint,2,2,landweber,FALSE,
1|0|0|1|0|1|0|1|0|0|0|0|0|1|0|0|1,1,-0.826957025638408,-0.102721588771227,0.00138393710849542,adjoint,2,2,landweber,FALSE,
0|0|0|0|0|1|0|1|0|1|0|0|0|1|0|0|1,1,-0.755828847931774,-0.99309635885149,0.000266522158674232,adjoint,2,2,landweber,FALSE,
1|0|0|1|0|1|0|1|0|1|0|0|0|1|0|0|1,1,-0.827319744552918,-0.258484313596416,0.00019983082369475,adjoint,2,2,landweber,FALSE,
0|0|0|0|0|1|0|1|0|0|0|1|0|1|0|0|1,1,-0.734080947483544,-0.652713343951185,0.0023371573478406,adjoint,2,2,landweber,FALSE,
1|0|0|1|0|1|0|1|0|0|0|1|0|1|0|0|1,1,-0.774714046116868,0.0818987013038895,0.0024606009391304,adjoint,2,2,landweber,FALSE,
0|0|0|0|0|1|0|1|0|1|0|1|0|1|0|0|1,1,-0.770900638738044,-0.808476068776374,0.000365462852977528,adjoint,2,2,landweber,FALSE,
1|0|0|1|0|1|0|1|0|1|0|1|0|1|0|0|1,1,-0.82239829508859,-0.073864023521299,0.000481233597165695,adjoint,2,2,landweber,FALSE,
0|0|0|0|0|1|0|2|0|0|0|0|0|1|0|0|1,1,-1.14882914610226,-0.616893128643799,0.000473108950078285,adjoint,2,2,landweber,FALSE,
1|0|0|1|0|1|0|2|0|0|0|0|0|1|0|0|1,1,-1.01004759199468,0.117718916611275,0.000237136662931203,adjoint,2,2,landweber,FALSE,
0|0|0|0|0|1|0|2|0|1|0|0|0|1|0|0|1,1,-1.12756414253437,-0.772655853468987,6.8857736002792e-05,adjoint,2,2,landweber,FALSE,
1|0|0|1|0|1|0|2|0|1|0|0|0|1|0|0|1,1,-1.0104906178773,-0.0380438082139131,4.43665816595361e-05,adjoint,2,2,landweber,FALSE,
0|0|0|0|0|1|0|2|0|0|0|1|0|1|0|0|1,1,-1.09512008752385,-0.432272838568682,0.0028935745081005,adjoint,2,2,landweber,FALSE,
1|0|0|1|0|1|0|2|0|0|0|1|0|1|0|0|1,1,-0.946237872712568,0.302339206686392,0.00255066605419856,adjoint,2,2,landweber,FALSE,
0|0|0|0|0|1|0|2|0|1|0|1|0|1|0|0|1,1,-1.15004861229684,-0.588035563393871,0.00057120595280382,adjoint,2,2,landweber,FALSE,
1|0|0|1|0|1|0|2|0|1|0|1|0|1|0|0|1,1,-1.00447954592743,0.146576481861203,0.000646367478920391,adjoint,2,2,landweber,FALSE,
0|0|0|0|0|1|0|3|0|0|0|0|0|1|0|0|1,1,-2.04353818470196,-0.0906575289964591,6.25402617234875e-05,adjoint,2,2,landweber,FALSE,
1|0|0|1|0|1|0|3|0|0|0|0|0|1|0|0|1,1,-1.79667344757953,0.643954516258615,2.93570673656604e-05,adjoint,2,2,landweber,FALSE,
0|0|0|0|0|1|0|3|0|1|0|0|0|1|0|0|1,1,-2.00571197970337,-0.246420253821648,1.24736675390516e-05,adjoint,2,2,landweber,FALSE,
1|0|0|1|0|1|0|3|0|1|0|0|0|1|0|0|1,1,-1.79746150236645,0.488191791433427,7.62117669597106e-06,adjoint,2,2,landweber,FALSE,
0|0|0|0|0|1|0|3|0|0|0|1|0|1|0|0|1,1,-1.94800046924466,0.0939627610786576,0.002313999536301,adjoint,2,2,landweber,FALSE,
1|0|0|1|0|1|0|3|0|0|0|1|0|1|0|0|1,1,-1.68316866895294,0.828574806333732,0.00191028266717933,adjoint,2,2,landweber,FALSE,
0|0|0|0|0|1|0|3|0|1|0|1|0|1|0|0|1,1,-2.04570737212381,-0.0617999637465309,0.000625985419237419,adjoint,2,2,landweber,FALSE,
1|0|0|1|0|1|0|3|0|1|0|1|0|1|0|0|1,1,-1.78676900287491,0.672812081508543,0.000671700431026524,adjoint,2,2,landweber,FALSE,
0|0|0|0|0|1|0|0|1|0|0|0|0|1|0|0|1,1,0,-1.16301151478966,0.000514751065060783,adjoint,2,2,landweber,FALSE,
1|0|0|1|0|1|0|0|1|0|0|0|0|1|0|0|1,1,0,-0.428399469534589,0.000427494421762801,adjoint,2,2,landweber,FALSE,
0|0|0|0|0|1|0|0|1|1|0|0|0|1|0|0|1,1,0,-1.31877423961485,0.00174736100575957,adjoint,2,2,landweber,FALSE,
1|0|0|1|0|1|0|0|1|1|0|0|0|1|0|0|1,1,0,-0.584162194359777,0.00184192187869388,adjoint,2,2,landweber,FALSE,
0|0|0|0|0|1|0|0|1|0|0|1|0|1|0|0|1,1,0,-0.978391224714547,8.6022215738618e-05,adjoint,2,2,landweber,FALSE,
1|0|0|1|0|1|0|0|1|0|0|1|0|1|0|0|1,1,0,-0.243779179459472,0.000125639215393198,adjoint,2,2,landweber,FALSE,
0|0|0|0|0|1|0|0|1|1|0|1|0|1|0|0|1,1,0,-1.13415394953974,0.000396061374547767,adjoint,2,2,landweber,FALSE,
1|0|0|1|0|1|0|0|1|1|0|1|0|1|0|0|1,1,0,-0.399541904284661,0.000733220502732778,adjoint,2,2,landweber,FALSE,
0|0|0|0|0|1|0|1|1|0|0|0|0|1|0|0|1,1,-0.770083206102352,-0.830163374720492,0.000256289291779141,adjoint,2,2,landweber,FALSE,
1|0|0|1|0|1|0|1|1|0|0|0|0|1|0|0|1,1,-0.826957025638408,-0.0955513294654172,0.000142470364333508,adjoint,2,2,landweber,FALSE,
0|0|0|0|0|1|0|1|1|1|0|0|0|1|0|0|1,1,-0.755828847931774,-0.98592609954568,0.0010813826673033,adjoint,2,2,landweber,FALSE,
1|0|0|1|0|1|0|1|1|1|0|0|0|1|0|0|1,1,-0.827319744552918,-0.251314054290606,0.000752888725700648,adjoint,2,2,landweber,FALSE,
0|0|0|0|0|1|0|1|1|0|0|1|0|1|0|0|1,1,-0.734080947483544,-0.645543084645375,0.000259103869777846,adjoint,2,2,landweber,FALSE,
1|0|0|1|0|1|0|1|1|0|0|1|0|1|0|0|1,1,-0.774714046116868,0.0890689606096995,0.000253308268219214,adjoint,2,2,landweber,FALSE,
0|0|0|0|0|1|0|1|1|1|0|1|0|1|0|0|1,1,-0.770900638738044,-0.801305809470563,0.0014828230294959,adjoint,2,2,landweber,FALSE,
1|0|0|1|0|1|0|1|1|1|0|1|0|1|0|0|1,1,-0.82239829508859,-0.066693764215489,0.0018131104252859,adjoint,2,2,landweber,FALSE,
0|0|0|0|0|1|0|2|1|0|0|0|0|1|0|0|1,1,-1.14882914610226,-0.609722869337989,4.11725301982552e-05,adjoint,2,2,landweber,FALSE,
1|0|0|1|0|1|0|2|1|0|0|0|0|1|0|0|1,1,-1.01004759199468,0.124889175917085,1.93469365908368e-05,adjoint,2,2,landweber,FALSE,
0|0|0|0|0|1|0|2|1|1|0|0|0|1|0|0|1,1,-1.12756414253437,-0.765485594163177,0.000219310420178643,adjoint,2,2,landweber,FALSE,
1|0|0|1|0|1|0|2|1|1|0|0|0|1|0|0|1,1,-1.0104906178773,-0.0308735489081031,0.000132473682115823,adjoint,2,2,landweber,FALSE,
0|0|0|0|0|1|0|2|1|0|0|1|0|1|0|0|1,1,-1.09512008752385,-0.425102579262872,0.000251814690455457,adjoint,2,2,landweber,FALSE,
1|0|0|1|0|1|0|2|1|0|0|1|0|1|0|0|1,1,-0.946237872712568,0.309509465992202,0.000208097616813036,adjoint,2,2,landweber,FALSE,
0|0|0|0|0|1|0|2|1|1|0|1|0|1|0|0|1,1,-1.15004861229684,-0.580865304088061,0.00181927877374401,adjoint,2,2,landweber,FALSE,
1|0|0|1|0|1|0|2|1|1|0|1|0|1|0|0|1,1,-1.00447954592743,0.153746741167014,0.00192998145743107,adjoint,2,2,landweber,FALSE,
0|0|0|0|0|1|0|3|1|0|0|0|0|1|0|0|1,1,-2.04353818470196,-0.0834872696906491,4.33381564440528e-06,adjoint,2,2,landweber,FALSE,
1|0|0|1|0|1|0|3|1|0|0|0|0|1|0|0|1,1,-1.79667344757953,0.651124775564425,1.93391477553025e-06,adjoint,2,2,landweber,FALSE,
0|0|0|0|0|1|0|3|1|1|0|0|0|1|0|0|1,1,-2.00571197970337,-0.239249994515838,3.16347959888723e-05,adjoint,2,2,landweber,FALSE,
1|0|0|1|0|1|0|3|1|1|0|0|0|1|0|0|1,1,-1.79746150236645,0.495362050739237,1.83741318194515e-05,adjoint,2,2,landweber,FALSE,
0|0|0|0|0|1|0|3|1|0|0|1|0|1|0|0|1,1,-1.94800046924466,0.101133020384468,0.000160351861588094,adjoint,2,2,landweber,FALSE,
1|0|0|1|0|1|0|3|1|0|0|1|0|1|0|0|1,1,-1.68316866895294,0.835745065639542,0.000125841039552158,adjoint,2,2,landweber,FALSE,
0|0|0|0|0|1|0|3|1|1|0|1|0|1|0|0|1,1,-2.04570737212381,-0.0546297044407209,0.00158757806936789,adjoint,2,2,landweber,FALSE,
1|0|0|1|0|1|0|3|1|1|0|1|0|1|0|0|1,1,-1.78676900287491,0.679982340814353,0.00161942345063175,adjoint,2,2,landweber,FALSE,
0|0|0|0|0|1|0|0|0|0|0|0|0|1|0|1|1,1,0,-1.47651891089696,0.00420354465996152,adjoint,2,2,landweber,FALSE,
1|0|0|1|0|1|0|0|0|0|0|0|0|1|0|1|1,1,0,-0.741906865641884,0.00377653509008527,adjoint,2,2,landweber,FALSE,
0|0|0|0|0|1|0|0|0|1|0|0|0|1|0|1|1,1,0,-1.63228163572215,0.000526295021055867,adjoint,2,2,landweber,FALSE,
1|0|0|1|0|1|0|0|0|1|0|0|0|1|0|1|1,1,0,-0.897669590467072,0.000600153700796459,adjoint,2,2,landweber,FALSE,
0|0|0|0|0|1|0|0|0|0|0|1|0|1|0|1|1,1,0,-1.29189862082184,0.000575135454119375,adjoint,2,2,landweber,FALSE,
1|0|0|1|0|1|0|0|0|0|0|1|0|1|0|1|1,1,0,-0.557286575566767,0.0009087185455663,adjoint,2,2,landweber,FALSE,
0|0|0|0|0|1|0|0|0|1|0|1|0|1|0|1|1,1,0,-1.44766134564703,9.76675324980188e-05,adjoint,2,2,landweber,FALSE,
1|0|0|1|0|1|0|0|0|1|0|1|0|1|0|1|1,1,0,-0.713049300391955,0.000195599160281529,adjoint,2,2,landweber,FALSE,
0|0|0|0|0|1|0|1|0|0|0|0|0|1|0|1|1,1,0.773836268694551,-1.14367077082779,0.00268589286761164,adjoint,2,2,landweber,FALSE,
1|0|0|1|0|1|0|1|0|0|0|0|0|1|0|1|1,1,0.865694068722909,-0.409058725572712,0.00160790552243234,adjoint,2,2,landweber,FALSE,
0|0|0|0|0|1|0|1|0|1|0|0|0|1|0|1|1,1,0.435488965815403,-1.29943349565297,0.000417989949151942,adjoint,2,2,landweber,FALSE,
1|0|0|1|0|1|0|1|0|1|0|0|0|1|0|1|1,1,0.489233428643141,-0.5648214503979,0.000313397115837013,adjoint,2,2,landweber,FALSE,
0|0|0|0|0|1|0|1|0|0|0|1|0|1|0|1|1,1,1.23390479172961,-0.95905048075267,0.00222317283895403,adjoint,2,2,landweber,FALSE,
1|0|0|1|0|1|0|1|0|0|0|1|0|1|0|1|1,1,1.37268271902219,-0.224438435497595,0.00234059601525493,adjoint,2,2,landweber,FALSE,
0|0|0|0|0|1|0|1|0|1|0|1|0|1|0|1|1,1,0.871701600993315,-1.11481320557786,0.000469263592078361,adjoint,2,2,landweber,FALSE,
1|0|0|1|0|1|0|1|0|1|0|1|0|1|0|1|1,1,0.969063373570781,-0.380201160322784,0.000617916170124823,adjoint,2,2,landweber,FALSE,
0|0|0|0|0|1|0|2|0|0|0|0|0|1|0|1|1,1,1.1544280575691,-0.923230265445284,0.000549674178742178,adjoint,2,2,landweber,FALSE,
1|0|0|1|0|1|0|2|0|0|0|0|0|1|0|1|1,1,1.05736112326106,-0.188618220190209,0.000275513495199786,adjoint,2,2,landweber,FALSE,
0|0|0|0|0|1|0|2|0|1|0|0|0|1|0|1|1,1,0.649673194753673,-1.07899299027047,0.000107990426438444,adjoint,2,2,landweber,FALSE,
1|0|0|1|0|1|0|2|0|1|0|0|0|1|0|1|1,1,0.597551059128889,-0.344380945015398,6.9580650645195e-05,adjoint,2,2,landweber,FALSE,
0|0|0|0|0|1|0|2|0|0|0|1|0|1|0|1|1,1,1.84076964284014,-0.738609975370167,0.00275245321409038,adjoint,2,2,landweber,FALSE,
1|0|0|1|0|1|0|2|0|0|0|1|0|1|0|1|1,1,1.67659845909251,-0.0039979301150927,0.00242626860282881,adjoint,2,2,landweber,FALSE,
0|0|0|0|0|1|0|2|0|1|0|1|0|1|0|1|1,1,1.30042597733526,-0.894372700195356,0.000733442961563443,adjoint,2,2,landweber,FALSE,
1|0|0|1|0|1|0|2|0|1|0|1|0|1|0|1|1,1,1.18361667731135,-0.159760654940281,0.00082995227145416,adjoint,2,2,landweber,FALSE,
0|0|0|0|0|1|0|3|0|0|0|0|0|1|0|1|1,1,2.05349753280351,-0.396994665797944,7.26614176195367e-05,adjoint,2,2,landweber,FALSE,
1|0|0|1|0|1|0|3|0|0|0|0|0|1|0|1|1,1,1.88083479404604,0.337617379457131,3.41080461315053e-05,adjoint,2,2,landweber,FALSE,
0|0|0|0|0|1|0|3|0|1|0|0|0|1|0|1|1,1,1.15563918756834,-0.552757390623132,1.95626047992477e-05,adjoint,2,2,landweber,FALSE,
1|0|0|1|0|1|0|3|0|1|0|0|0|1|0|1|1,1,1.06292429190362,0.181854654631942,1.19523842800651e-05,adjoint,2,2,landweber,FALSE,
0|0|0|0|0|1|0|3|0|0|0|1|0|1|0|1|1,1,3.27436248213811,-0.212374375722827,0.00220114444721052,adjoint,2,2,landweber,FALSE,
1|0|0|1|0|1|0|3|0|0|0|1|0|1|0|1|1,1,2.98233465193007,0.522237669532247,0.00181711708213468,adjoint,2,2,landweber,FALSE,
0|0|0|0|0|1|0|3|0|1|0|1|0|1|0|1|1,1,2.31319874681036,-0.368137100548016,0.000803781188776778,adjoint,2,2,landweber,FALSE,
1|0|0|1|0|1|0|3|0|1|0|1|0|1|0|1|1,1,2.10541827245781,0.366474944707059,0.000862480425838168,adjoint,2,2,landweber,FALSE,
0|0|0|0|0|1|0|0|1|0|0|0|0|1|0|1|1,1,0,-1.46934865159115,0.000598055413868473,adjoint,2,2,landweber,FALSE,
1|0|0|1|0|1|0|0|1|0|0|0|0|1|0|1|1,1,0,-0.734736606336074,0.000496677657779349,adjoint,2,2,landweber,FALSE,
0|0|0|0|0|1|0|0|1|1|0|0|0|1|0|1|1,1,0,-1.62511137641634,0.00274040755778309,adjoint,2,2,landweber,FALSE,
1|0|0|1|0|1|0|0|1|1|0|0|0|1|0|1|1,1,0,-0.890499331161262,0.00288870852707656,adjoint,2,2,landweber,FALSE,
0|0|0|0|0|1|0|0|1|0|0|1|0|1|0|1|1,1,0,-1.28472836151603,8.18268627713218e-05,adjoint,2,2,landweber,FALSE,
1|0|0|1|0|1|0|0|1|0|0|1|0|1|0|1|1,1,0,-0.550116316260957,0.000119511718553193,adjoint,2,2,landweber,FALSE,
0|0|0|0|0|1|0|0|1|1|0|1|0|1|0|1|1,1,0,-1.44049108634122,0.000508552871487617,adjoint,2,2,landweber,FALSE,
1|0|0|1|0|1|0|0|1|1|0|1|0|1|0|1|1,1,0,-0.705879041086145,0.00094147376154545,adjoint,2,2,landweber,FALSE,
0|0|0|0|0|1|0|1|1|0|0|0|0|1|0|1|1,1,0.773836268694551,-1.13650051152198,0.000297765675233586,adjoint,2,2,landweber,FALSE,
1|0|0|1|0|1|0|1|1|0|0|0|0|1|0|1|1,1,0.865694068722909,-0.401888466266902,0.000165526947856643,adjoint,2,2,landweber,FALSE,
0|0|0|0|0|1|0|1|1|1|0|0|0|1|0|1|1,1,0.435488965815403,-1.29226323634716,0.00169594561430963,adjoint,2,2,landweber,FALSE,
1|0|0|1|0|1|0|1|1|1|0|0|0|1|0|1|1,1,0.489233428643141,-0.55765119109209,0.00118076456283449,adjoint,2,2,landweber,FALSE,
0|0|0|0|0|1|0|1|1|0|0|1|0|1|0|1|1,1,1.23390479172961,-0.95188022144686,0.000246467224934689,adjoint,2,2,landweber,FALSE,
1|0|0|1|0|1|0|1|1|0|0|1|0|1|0|1|1,1,1.37268271902219,-0.217268176191785,0.000240954278199435,adjoint,2,2,landweber,FALSE,
0|0|0|0|0|1|0|1|1|1|0|1|0|1|0|1|1,1,0.871701600993315,-1.10764294627205,0.00190398245832266,adjoint,2,2,landweber,FALSE,
1|0|0|1|0|1|0|1|1|1|0|1|0|1|0|1|1,1,0.969063373570781,-0.373030901016974,0.00232807986932862,adjoint,2,2,landweber,FALSE,
0|0|0|0|0|1|0|2|1|0|0|0|0|1|0|1|1,1,1.1544280575691,-0.916060006139474,4.78356554440972e-05,adjoint,2,2,landweber,FALSE,
1|0|0|1|0|1|0|2|1|0|0|0|0|1|0|1|1,1,1.05736112326106,-0.181447960884399,2.2477933423127e-05,adjoint,2,2,landweber,FALSE,
0|0|0|0|0|1|0|2|1|1|0|0|0|1|0|1|1,1,0.649673194753674,-1.07182273096466,0.000343947204371135,adjoint,2,2,landweber,FALSE,
1|0|0|1|0|1|0|2|1|1|0|0|0|1|0|1|1,1,0.597551059128889,-0.337210685709588,0.000207760089918997,adjoint,2,2,landweber,FALSE,
0|0|0|0|0|1|0|2|1|0|0|1|0|1|0|1|1,1,1.84076964284014,-0.731439716064357,0.000239533543082769,adjoint,2,2,landweber,FALSE,
1|0|0|1|0|1|0|2|1|0|0|1|0|1|0|1|1,1,1.67659845909251,0.00317232919071736,0.000197948576281035,adjoint,2,2,landweber,FALSE,
0|0|0|0|0|1|0|2|1|1|0|1|0|1|0|1|1,1,1.30042597733526,-0.887202440889545,0.00233600018552781,adjoint,2,2,landweber,FALSE,
1|0|0|1|0|1|0|2|1|1|0|1|0|1|0|1|1,1,1.18361667731135,-0.152590395634471,0.00247814524507754,adjoint,2,2,landweber,FALSE,
0|0|0|0|0|1|0|3|1|0|0|0|0|1|0|1|1,1,2.05349753280351,-0.389824406492134,5.03517541734159e-06,adjoint,2,2,landweber,FALSE,
1|0|0|1|0|1|0|3|1|0|0|0|0|1|0|1|1,1,1.88083479404604,0.344787638762941,2.24688840872922e-06,adjoint,2,2,landweber,FALSE,
0|0|0|0|0|1|0|3|1|1|0|0|0|1|0|1|1,1,1.15563918756834,-0.545587131317322,4.96132360348439e-05,adjoint,2,2,landweber,FALSE,
1|0|0|1|0|1|0|3|1|1|0|0|0|1|0|1|1,1,1.06292429190361,0.189024913937752,2.88163748302485e-05,adjoint,2,2,landweber,FALSE,
0|0|0|0|0|1|0|3|1|0|0|1|0|1|0|1|1,1,3.27436248213811,-0.205204116417017,0.000152531409016061,adjoint,2,2,landweber,FALSE,
1|0|0|1|0|1|0|3|1|0|0|1|0|1|0|1|1,1,2.98233465193007,0.529407928838057,0.00011970369963177,adjoint,2,2,landweber,FALSE,
0|0|0|0|0|1|0|3|1|1|0|1|0|1|0|1|1,1,2.31319874681036,-0.360966841242206,0.00203849059204443,adjoint,2,2,landweber,FALSE,
1|0|0|1|0|1|0|3|1|1|0|1|0|1|0|1|1,1,2.10541827245781,0.373645204012869,0.00207938087099134,adjoint,2,2,landweber,FALSE,
0|0|0|0|0|1|0|0|0|0|0|0|0|1|0|2|1,1,0,0.00724652880272453,0.00327372387285366,adjoint,2,2,landweber,FALSE,
1|0|0|1|0|1|0|0|0|0|0|0|0|1|0|2|1,1,0,0.741858574057799,0.00325049387528552,adjoint,2,2,landweber,FALSE,
0|0|0|0|0|1|0|0|0|1|0|0|0|1|0|2|1,1,0,-0.148516196022464,0.000452986322575578,adjoint,2,2,landweber,FALSE,
1|0|0|1|0|1|0|0|0|1|0|0|0|1|0|2|1,1,0,0.58609584923261,0.00057088385942059,adjoint,2,2,landweber,FALSE,
0|0|0|0|0|1|0|0|0|0|0|1|0|1|0|2|1,1,0,0.191866818877841,0.000405291104492887,adjoint,2,2,landweber,FALSE,
1|0|0|1|0|1|0|0|0|0|0|1|0|1|0|2|1,1,0,0.926478864132916,0.000707710714878543,adjoint,2,2,landweber,FALSE,
0|0|0|0|0|1|0|0|0|1|0|1|0|1|0|2|1,1,0,0.0361040940526529,7.6063550790109e-05,adjoint,2,2,landweber,FALSE,
1|0|0|1|0|1|0|0|0|1|0|1|0|1|0|2|1,1,0,0.770716139307727,0.000168353757436355,adjoint,2,2,landweber,FALSE,
0|0|0|0|0|1|0|1|0|0|0|0|0|1|0|2|1,1,1.65455438401082,0.340094668871896,0.00209177546854185,adjoint,2,2,landweber,FALSE,
1|0|0|1|0|1|0|1|0|0|0|0|0|1|0|2|1,1,1.85362906299535,1.07470671412697,0.00138393710849542,adjoint,2,2,landweber,FALSE,
0|0|0|0|0|1|0|1|0|1|0|0|0|1|0|2|1,1,1.49600359771114,0.184331944046708,0.000359767283300581,adjoint,2,2,landweber,FALSE,
1|0|0|1|0|1|0|1|0|1|0|0|0|1|0|2|1,1,1.65473534285956,0.918943989301782,0.000298112558137826,adjoint,2,2,landweber,FALSE,
0|0|0|0|0|1|0|1|0|0|0|1|0|1|0|2|1,1,1.74660715763045,0.524714958947013,0.00156664342099704,adjoint,2,2,landweber,FALSE,
1|0|0|1|0|1|0|1|0|0|0|1|0|1|0|2|1,1,2.00244706253921,1.25932700420209,0.00182285800953435,adjoint,2,2,landweber,FALSE,
0|0|0|0|0|1|0|1|0|1|0|1|0|1|0|2|1,1,1.6096318489296,0.368952234121824,0.000365462852977528,adjoint,2,2,landweber,FALSE,
1|0|0|1|0|1|0|1|0|1|0|1|0|1|0|2|1,1,1.81934793582407,1.1035642793769,0.000531845376388458,adjoint,2,2,landweber,FALSE,
0|0|0|0|0|1|0|2|0|0|0|0|0|1|0|2|1,1,2.46830509365798,0.560535174254399,0.000428086680838539,adjoint,2,2,landweber,FALSE,
1|0|0|1|0|1|0|2|0|0|0|0|0|1|0|2|1,1,2.26402765014837,1.29514721950947,0.000237136662931203,adjoint,2,2,landweber,FALSE,
0|0|0|0|0|1|0|2|0|1|0|0|0|1|0|2|1,1,2.23177511482567,0.40477244942921,9.29482214131121e-05,adjoint,2,2,landweber,FALSE,
1|0|0|1|0|1|0|2|0|1|0|0|0|1|0|2|1,1,2.02109831179378,1.13938449468428,6.61871622696141e-05,adjoint,2,2,landweber,FALSE,
0|0|0|0|0|1|0|2|0|0|0|1|0|1|0|2|1,1,2.60563169483013,0.745155464329516,0.00193962099747748,adjoint,2,2,landweber,FALSE,
1|0|0|1|0|1|0|2|0|0|0|1|0|1|0|2|1,1,2.44579436525512,1.47976750958459,0.00188957988782464,adjoint,2,2,landweber,FALSE,
0|0|0|0|0|1|0|2|0|1|0|1|0|1|0|2|1,1,2.40128854634316,0.589392739504327,0.00057120595280382,adjoint,2,2,landweber,FALSE,
1|0|0|1|0|1|0|2|0|1|0|1|0|1|0|2|1,1,2.22215658686853,1.3240047847594,0.00071434654009269,adjoint,2,2,landweber,FALSE,
0|0|0|0|0|1|0|3|0|0|0|0|0|1|0|2|1,1,4.39062303345795,1.08677077390174,5.65887689411735e-05,adjoint,2,2,landweber,FALSE,
1|0|0|1|0|1|0|3|0|0|0|0|0|1|0|2|1,1,4.02725415697924,1.82138281915681,2.93570673656604e-05,adjoint,2,2,landweber,FALSE,
0|0|0|0|0|1|0|3|0|1|0|0|0|1|0|2|1,1,3.96988332189117,0.93100804907655,1.68376899903637e-05,adjoint,2,2,landweber,FALSE,
1|0|0|1|0|1|0|3|0|1|0|0|0|1|0|2|1,1,3.59513125968308,1.66562009433162,1.13694596201377e-05,adjoint,2,2,landweber,FALSE,
0|0|0|0|0|1|0|3|0|0|0|1|0|1|0|2|1,1,4.63489969915951,1.27139106397686,0.00155112027569973,adjoint,2,2,landweber,FALSE,
1|0|0|1|0|1|0|3|0|0|0|1|0|1|0|2|1,1,4.35058093214744,2.00600310923193,0.00141517220649891,adjoint,2,2,landweber,FALSE,
0|0|0|0|0|1|0|3|0|1|0|1|0|1|0|2|1,1,4.27141394661561,1.11562833915167,0.000625985419237419,adjoint,2,2,landweber,FALSE,
1|0|0|1|0|1|0|3|0|1|0|1|0|1|0|2|1,1,3.95277387682903,1.85024038440674,0.000742343782029392,adjoint,2,2,landweber,FALSE,
0|0|0|0|0|1|0|0|1|0|0|0|0|1|0|2|1,1,0,0.0144167881085346,0.000465766024640859,adjoint,2,2,landweber,FALSE,
1|0|0|1|0|1|0|0|1|0|0|0|0|1|0|2|1,1,0,0.749028833363609,0.000427494421762801,adjoint,2,2,landweber,FALSE,
0|0|0|0|0|1|0|0|1|1|0|0|0|1|0|2|1,1,0,-0.141345936716654,0.00235869064363942,adjoint,2,2,landweber,FALSE,
1|0|0|1|0|1|0|0|1|1|0|0|0|1|0|2|1,1,0,0.59326610853842,0.00274782454976134,adjoint,2,2,landweber,FALSE,
0|0|0|0|0|1|0|0|1|0|0|1|0|1|0|2|1,1,0,0.199037078183651,5.76624156139981e-05,adjoint,2,2,landweber,FALSE,
1|0|0|1|0|1|0|0|1|0|0|1|0|1|0|2|1,1,0,0.933649123438726,9.30758199954358e-05,adjoint,2,2,landweber,FALSE,
0|0|0|0|0|1|0|0|1|1|0|1|0|1|0|2|1,1,0,0.0432743533584629,0.000396061374547767,adjoint,2,2,landweber,FALSE,
1|0|0|1|0|1|0|0|1|1|0|1|0|1|0|2|1,1,0,0.777886398613537,0.000810333976157072,adjoint,2,2,landweber,FALSE,
0|0|0|0|0|1|0|1|1|0|0|0|0|1|0|2|1,1,1.65455438401082,0.347264928177706,0.000231900141043703,adjoint,2,2,landweber,FALSE,
1|0|0|1|0|1|0|1|1|0|0|0|0|1|0|2|1,1,1.85362906299535,1.08187697343278,0.000142470364333508,adjoint,2,2,landweber,FALSE,
0|0|0|0|0|1|0|1|1|1|0|0|0|1|0|2|1,1,1.49600359771114,0.191502203352518,0.00145971391781939,adjoint,2,2,landweber,FALSE,
1|0|0|1|0|1|0|1|1|1|0|0|0|1|0|2|1,1,1.65473534285956,0.926114248607592,0.00112317799557589,adjoint,2,2,landweber,FALSE,
0|0|0|0|0|1|0|1|1|0|0|1|0|1|0|2|1,1,1.74660715763045,0.531885218252823,0.000173682517917498,adjoint,2,2,landweber,FALSE,
1|0|0|1|0|1|0|1|1|0|0|1|0|1|0|2|1,1,2.00244706253921,1.2664972635079,0.000187655380546125,adjoint,2,2,landweber,FALSE,
0|0|0|0|0|1|0|1|1|1|0|1|0|1|0|2|1,1,1.6096318489296,0.376122493427634,0.0014828230294959,adjoint,2,2,landweber,FALSE,
1|0|0|1|0|1|0|1|1|1|0|1|0|1|0|2|1,1,1.81934793582407,1.11073453868271,0.00200379691328575,adjoint,2,2,landweber,FALSE,
0|0|0|0|0|1|0|2|1|0|0|0|0|1|0|2|1,1,2.46830509365798,0.567705433560209,3.72544459185968e-05,adjoint,2,2,landweber,FALSE,
1|0|0|1|0|1|0|2|1|0|0|0|0|1|0|2|1,1,2.26402765014837,1.30231747881528,1.93469365908368e-05,adjoint,2,2,landweber,FALSE,
0|0|0|0|0|1|0|2|1|1|0|0|0|1|0|2|1,1,2.23177511482567,0.411942708735021,0.000296038102271336,adjoint,2,2,landweber,FALSE,
1|0|0|1|0|1|0|2|1|1|0|0|0|1|0|2|1,1,2.02109831179378,1.1465547539901,0.000197627510767864,adjoint,2,2,landweber,FALSE,
0|0|0|0|0|1|0|2|1|0|0|1|0|1|0|2|1,1,2.60563169483013,0.752325723635326,0.000168796434898552,adjoint,2,2,landweber,FALSE,
1|0|0|1|0|1|0|2|1|0|0|1|0|1|0|2|1,1,2.44579436525512,1.4869377688904,0.00015416250621554,adjoint,2,2,landweber,FALSE,
0|0|0|0|0|1|0|2|1|1|0|1|0|1|0|2|1,1,2.40128854634316,0.596562998810137,0.00181927877374401,adjoint,2,2,landweber,FALSE,
1|0|0|1|0|1|0|2|1|1|0|1|0|1|0|2|1,1,2.22215658686853,1.33117504406521,0.00213295937917807,adjoint,2,2,landweber,FALSE,
0|0|0|0|0|1|0|3|1|0|0|0|0|1|0|2|1,1,4.39062303345795,1.09394103320755,3.92139855792752e-06,adjoint,2,2,landweber,FALSE,
1|0|0|1|0|1|0|3|1|0|0|0|0|1|0|2|1,1,4.02725415697924,1.82855307846262,1.93391477553025e-06,adjoint,2,2,landweber,FALSE,
0|0|0|0|0|1|0|3|1|1|0|0|0|1|0|2|1,1,3.96988332189117,0.93817830838236,4.27025079914493e-05,adjoint,2,2,landweber,FALSE,
1|0|0|1|0|1|0|3|1|1|0|0|0|1|0|2|1,1,3.59513125968308,1.67279035363743,2.74109836459741e-05,adjoint,2,2,landweber,FALSE,
0|0|0|0|0|1|0|3|1|0|0|1|0|1|0|2|1,1,4.63489969915951,1.27856132328267,0.000107487067241631,adjoint,2,2,landweber,FALSE,
1|0|0|1|0|1|0|3|1|0|0|1|0|1|0|2|1,1,4.35058093214744,2.01317336853774,9.32253350097671e-05,adjoint,2,2,landweber,FALSE,
0|0|0|0|0|1|0|3|1|1|0|1|0|1|0|2|1,1,4.27141394661561,1.12279859845748,0.00158757806936789,adjoint,2,2,landweber,FALSE,
1|0|0|1|0|1|0|3|1|1|0|1|0|1|0|2|1,1,3.95277387682903,1.85741064371255,0.00178973970168793,adjoint,2,2,landweber,FALSE,
0|0|0|0|0|1|0|0|0|0|0|0|0|1|0|3|1,1,0,3.0038259419809,0.00254957871573798,adjoint,2,2,landweber,FALSE,
1|0|0|1|0|1|0|0|0|0|0|0|0|1|0|3|1,1,0,3.73843798723598,0.00279772600577904,adjoint,2,2,landweber,FALSE,
0|0|0|0|0|1|0|0|0|1|0|0|0|1|0|3|1,1,0,2.84806321715572,0.000389888941052255,adjoint,2,2,landweber,FALSE,
1|0|0|1|0|1|0|0|0|1|0|0|0|1|0|3|1,1,0,3.58267526241079,0.000543041525053394,adjoint,2,2,landweber,FALSE,
0|0|0|0|0|1|0|0|0|0|0|1|0|1|0|3|1,1,0,3.18844623205602,0.00028560381420508,adjoint,2,2,landweber,FALSE,
1|0|0|1|0|1|0|0|0|0|0|1|0|1|0|3|1,1,0,3.9230582773111,0.000551165658935433,adjoint,2,2,landweber,FALSE,
0|0|0|0|0|1|0|0|0|1|0|1|0|1|0|3|1,1,0,3.03268350723083,5.92383529185285e-05,adjoint,2,2,landweber,FALSE,
1|0|0|1|0|1|0|0|0|1|0|1|0|1|0|3|1,1,0,3.76729555248591,0.0001449034218866,adjoint,2,2,landweber,FALSE,
0|0|0|0|0|1|0|1|0|0|0|0|0|1|0|3|1,1,1.52268965998362,3.33667408205008,0.00162907637290995,adjoint,2,2,landweber,FALSE,
1|0|0|1|0|1|0|1|0|0|0|0|0|1|0|3|1,1,1.85420213282105,4.07128612730515,0.00119116570815263,adjoint,2,2,landweber,FALSE,
0|0|0|0|0|1|0|1|0|1|0|0|0|1|0|3|1,1,1.56145831472382,3.18091135722489,0.000309654570393583,adjoint,2,2,landweber,FALSE,
1|0|0|1|0|1|0|1|0|1|0|0|0|1|0|3|1,1,1.87691311816571,3.91552340247996,0.00028357343711388,adjoint,2,2,landweber,FALSE,
0|0|0|0|0|1|0|1|0|0|0|1|0|1|0|3|1,1,1.37946501088407,3.52129437212519,0.0011039949596128,adjoint,2,2,landweber,FALSE,
1|0|0|1|0|1|0|1|0|0|0|1|0|1|0|3|1,1,1.73196262963132,4.25590641738027,0.00141964324525333,adjoint,2,2,landweber,FALSE,
0|0|0|0|0|1|0|1|0|1|0|1|0|1|0|3|1,1,1.42975305880877,3.3655316473,0.000284622756082408,adjoint,2,2,landweber,FALSE,
1|0|0|1|0|1|0|1|0|1|0|1|0|1|0|3|1,1,1.76664602055749,4.10014369255508,0.000457763557682333,adjoint,2,2,landweber,FALSE,
0|0|0|0|0|1|0|2|0|0|0|0|0|1|0|3|1,1,2.27158604160655,3.55711458743258,0.000333394242259493,adjoint,2,2,landweber,FALSE,
1|0|0|1|0|1|0|2|0|0|0|0|0|1|0|3|1,1,2.2647275992141,4.29172663268765,0.000204105417287706,adjoint,2,2,landweber,FALSE,
0|0|0|0|0|1|0|2|0|1|0|0|0|1|0|3|1,1,2.32942207824231,3.40135186260739,8.0001275564788e-05,adjoint,2,2,landweber,FALSE,
1|0|0|1|0|1|0|2|0|1|0|0|0|1|0|3|1,1,2.2924668593546,4.13596390786246,6.29591762750604e-05,adjoint,2,2,landweber,FALSE,
0|0|0|0|0|1|0|2|0|0|0|1|0|1|0|3|1,1,2.05791997276884,3.7417348775077,0.00136682781549071,adjoint,2,2,landweber,FALSE,
1|0|0|1|0|1|0|2|0|0|0|1|0|1|0|3|1,1,2.11542393286203,4.47634692276277,0.00147160629631381,adjoint,2,2,landweber,FALSE,
0|0|0|0|0|1|0|2|0|1|0|1|0|1|0|3|1,1,2.13294092465908,3.58597215268251,0.000444855643338663,adjoint,2,2,landweber,FALSE,
1|0|0|1|0|1|0|2|0|1|0|1|0|1|0|3|1,1,2.1577863222016,4.32058419793758,0.000614843764989421,adjoint,2,2,landweber,FALSE,
0|0|0|0|0|1|0|3|0|0|0|0|0|1|0|3|1,1,4.0406990296238,4.08335018707992,4.40713775644328e-05,adjoint,2,2,landweber,FALSE,
1|0|0|1|0|1|0|3|0|0|0|0|0|1|0|3|1,1,4.02849922692546,4.81796223233499,2.52678620460717e-05,adjoint,2,2,landweber,FALSE,
0|0|0|0|0|1|0|3|0|1|0|0|0|1|0|3|1,1,4.14357781688124,3.92758746225473,1.44923340792783e-05,adjoint,2,2,landweber,FALSE,
1|0|0|1|0|1|0|3|0|1|0|0|0|1|0|3|1,1,4.0778418445852,4.6621995075098,1.08149645313477e-05,adjoint,2,2,landweber,FALSE,
0|0|0|0|0|1|0|3|0|0|0|1|0|1|0|3|1,1,3.6606296590595,4.26797047715503,0.00109305598400681,adjoint,2,2,landweber,FALSE,
1|0|0|1|0|1|0|3|0|0|0|1|0|1|0|3|1,1,3.76291774830298,5.00258252241011,0.00110213722260224,adjoint,2,2,landweber,FALSE,
0|0|0|0|0|1|0|3|0|1|0|1|0|1|0|3|1,1,3.79407698702861,4.11220775232985,0.000487517934693384,adjoint,2,2,landweber,FALSE,
1|0|0|1|0|1|0|3|0|1|0|1|0|1|0|3|1,1,3.83827199963298,4.84681979758492,0.000638941214442242,adjoint,2,2,landweber,FALSE,
0|0|0|0|0|1|0|0|1|0|0|0|0|1|0|3|1,1,0,3.01099620128671,0.000362738944718357,adjoint,2,2,landweber,FALSE,
1|0|0|1|0|1|0|0|1|0|0|0|0|1|0|3|1,1,0,3.74560824654179,0.000367947858688461,adjoint,2,2,landweber,FALSE,
0|0|0|0|0|1|0|0|1|1|0|0|0|1|0|3|1,1,0,2.85523347646153,0.0020301438508996,adjoint,2,2,landweber,FALSE,
1|0|0|1|0|1|0|0|1|1|0|0|0|1|0|3|1,1,0,3.5898455217166,0.00261381156509841,adjoint,2,2,landweber,FALSE,
0|0|0|0|0|1|0|0|1|0|0|1|0|1|0|3|1,1,0,3.19561649136183,4.06340175075948e-05,adjoint,2,2,landweber,FALSE,
1|0|0|1|0|1|0|0|1|0|0|1|0|1|0|3|1,1,0,3.93022853661691,7.24875214974585e-05,adjoint,2,2,landweber,FALSE,
0|0|0|0|0|1|0|0|1|1|0|1|0|1|0|3|1,1,0,3.03985376653664,0.000308452908642138,adjoint,2,2,landweber,FALSE,
1|0|0|1|0|1|0|0|1|1|0|1|0|1|0|3|1,1,0,3.77446581179172,0.000697460916846624,adjoint,2,2,landweber,FALSE,
0|0|0|0|0|1|0|1|1|0|0|0|0|1|0|3|1,1,1.52268965998362,3.34384434135589,0.000180604011439205,adjoint,2,2,landweber,FALSE,
1|0|0|1|0|1|0|1|1|0|0|0|0|1|0|3|1,1,1.85420213282105,4.07845638661096,0.000122625378986034,adjoint,2,2,landweber,FALSE,
0|0|0|0|0|1|0|1|1|1|0|0|0|1|0|3|1,1,1.56145831472382,3.1880816165307,0.00125638741236582,adjoint,2,2,landweber,FALSE,
1|0|0|1|0|1|0|1|1|1|0|0|0|1|0|3|1,1,1.87691311816571,3.92269366178577,0.00106839995834352,adjoint,2,2,landweber,FALSE,
0|0|0|0|0|1|0|1|1|0|0|1|0|1|0|3|1,1,1.37946501088407,3.528464631431,0.000122392001768818,adjoint,2,2,landweber,FALSE,
1|0|0|1|0|1|0|1|1|0|0|1|0|1|0|3|1,1,1.73196262963132,4.26307667668608,0.000146146157316885,adjoint,2,2,landweber,FALSE,
0|0|0|0|0|1|0|1|1|1|0|1|0|1|0|3|1,1,1.42975305880877,3.37270190660581,0.00115482373652772,adjoint,2,2,landweber,FALSE,
1|0|0|1|0|1|0|1|1|1|0|1|0|1|0|3|1,1,1.76664602055749,4.10731395186089,0.00172468398640095,adjoint,2,2,landweber,FALSE,
0|0|0|0|0|1|0|2|1|0|0|0|0|1|0|3|1,1,2.27158604160655,3.56428484673839,2.90137916542945e-05,adjoint,2,2,landweber,FALSE,
1|0|0|1|0|1|0|2|1|0|0|0|0|1|0|3|1,1,2.2647275992141,4.29889689199346,1.66520626431231e-05,adjoint,2,2,landweber,FALSE,
0|0|0|0|0|1|0|2|1|1|0|0|0|1|0|3|1,1,2.32942207824231,3.4085221219132,0.000254802355950676,adjoint,2,2,landweber,FALSE,
1|0|0|1|0|1|0|2|1|1|0|0|0|1|0|3|1,1,2.2924668593546,4.14313416716827,0.000187989103333224,adjoint,2,2,landweber,FALSE,
0|0|0|0|0|1|0|2|1|0|0|1|0|1|0|3|1,1,2.05791997276884,3.74890513681351,0.00011894883725999,adjoint,2,2,landweber,FALSE,
1|0|0|1|0|1|0|2|1|0|0|1|0|1|0|3|1,1,2.11542393286203,4.48351718206858,0.000120061880560913,adjoint,2,2,landweber,FALSE,
0|0|0|0|0|1|0|2|1|1|0|1|0|1|0|3|1,1,2.13294092465908,3.59314241198832,0.00141685573361702,adjoint,2,2,landweber,FALSE,
1|0|0|1|0|1|0|2|1|1|0|1|0|1|0|3|1,1,2.1577863222016,4.32775445724339,0.00183585515104921,adjoint,2,2,landweber,FALSE,
0|0|0|0|0|1|0|3|1|0|0|0|0|1|0|3|1,1,4.0406990296238,4.09052044638573,3.05398826764903e-06,adjoint,2,2,landweber,FALSE,
1|0|0|1|0|1|0|3|1|0|0|0|0|1|0|3|1,1,4.02849922692546,4.8251324916408,1.66453587302516e-06,adjoint,2,2,landweber,FALSE,
0|0|0|0|0|1|0|3|1|1|0|0|0|1|0|3|1,1,4.14357781688124,3.93475772156054,3.67543892415952e-05,adjoint,2,2,landweber,FALSE,
1|0|0|1|0|1|0|3|1|1|0|0|0|1|0|3|1,1,4.0778418445852,4.66936976681561,2.60741341985585e-05,adjoint,2,2,landweber,FALSE,
0|0|0|0|0|1|0|3|1|0|0|1|0|1|0|3|1,1,3.6606296590595,4.27514073646084,7.57448560839722e-05,adjoint,2,2,landweber,FALSE,
1|0|0|1|0|1|0|3|1|0|0|1|0|1|0|3|1,1,3.76291774830297,5.00975278171592,7.26039639077007e-05,adjoint,2,2,landweber,FALSE,
0|0|0|0|0|1|0|3|1|1|0|1|0|1|0|3|1,1,3.79407698702861,4.11937801163566,0.0012364070436107,adjoint,2,2,landweber,FALSE,
1|0|0|1|0|1|0|3|1|1|0|1|0|1|0|3|1,1,3.83827199963298,4.85399005689073,0.0015404432369674,adjoint,2,2,landweber,FALSE,
0|0|0|0|0|1|0|0|0|0|1|0|1|0|0|0|0,0,0,-0.401341818129663,0.0340123692951178,adjoint,2,2,pmmr,TRUE,
0|0|0|0|0|1|0|0|0|0|0|0|0|1|0|0|0,1,0,-0.52119866263793,0.00420354465996152,adjoint,2,2,pmmr,FALSE,
1|0|0|1|0|1|0|0|0|0|0|0|0|1|0|0|0,1,0,-0.0645966795360181,0.00461267037531881,adjoint,2,2,pmmr,FALSE,
0|0|0|0|0|1|0|0|0|1|0|0|0|1|0|0|0,1,0,-0.489348882090072,0.000389888941052255,adjoint,2,2,pmmr,FALSE,
1|0|0|1|0|1|0|0|0|1|0|0|0|1|0|0|0,1,0,-0.181716272011508,0.000543041525053394,adjoint,2,2,pmmr,FALSE,
0|0|0|0|0|1|0|0|0|0|0|1|0|1|0|0|0,1,0,-0.285379202941834,0.000520404079326314,adjoint,2,2,pmmr,FALSE,
1|0|0|1|0|1|0|0|0|0|0|1|0|1|0|0|0,1,0,0.0750971290487013,0.00100428930927588,adjoint,2,2,pmmr,FALSE,
0|0|0|0|0|1|0|0|0|1|0|1|0|1|0|0|0,1,0,-0.21970338411132,6.54685048802593e-05,adjoint,2,2,pmmr,FALSE,
1|0|0|1|0|1|0|0|0|1|0|1|0|1|0|0|0,1,0,0.0076244191981915,0.000160143047798717,adjoint,2,2,pmmr,FALSE,
0|0|0|0|0|1|0|1|0|0|1|0|1|0|0|0|0,0,0,-0.134258395077617,0.0447899109255408,adjoint,2,2,pmmr,TRUE,
0|0|0|0|0|1|0|1|0|0|0|0|0|1|0|0|0,1,-0.640667527308902,-0.252027150671687,0.00268589286761164,adjoint,2,2,pmmr,FALSE,
1|0|0|1|0|1|0|1|0|0|0|0|0|1|0|0|0,1,-0.663918291420844,0.268150933257604,0.00196390023995983,adjoint,2,2,pmmr,FALSE,
0|0|0|0|0|1|0|1|0|1|0|0|0|1|0|0|0,1,-0.61097871822111,-0.229811320007884,0.000309654570393583,adjoint,2,2,pmmr,FALSE,
1|0|0|1|0|1|0|1|0|1|0|0|0|1|0|0|0,1,-0.630758890718092,0.131535663229851,0.00028357343711388,adjoint,2,2,pmmr,FALSE,
0|0|0|0|0|1|0|1|0|0|0|1|0|1|0|0|0,1,-0.633469039072831,-0.0192881729739373,0.00201160997144684,adjoint,2,2,pmmr,FALSE,
1|0|0|1|0|1|0|1|0|0|0|1|0|1|0|0|0,1,-0.660296130901142,0.399456100972784,0.00258675864702349,adjoint,2,2,pmmr,FALSE,
0|0|0|0|0|1|0|1|0|1|0|1|0|1|0|0|0,1,-0.653527313487882,0.0367833848970723,0.000314556792644816,adjoint,2,2,pmmr,FALSE,
1|0|0|1|0|1|0|1|0|1|0|1|0|1|0|0|0,1,-0.676419076242787,0.313043211915894,0.000505906971305358,adjoint,2,2,pmmr,FALSE,
0|0|0|0|0|1|0|2|0|0|1|0|1|0|0|0|0,0,0,0.145954411238927,0.0388813985793297,adjoint,2,2,pmmr,TRUE,
0|0|0|0|0|1|0|2|0|0|0|0|0|1|0|0|0,1,-0.955763640216183,0.03633007803327,0.000549674178742178,adjoint,2,2,pmmr,FALSE,
1|0|0|1|0|1|0|2|0|0|0|0|0|1|0|0|0,1,-0.810911632334406,0.602981189416956,0.000336512942947367,adjoint,2,2,pmmr,FALSE,
0|0|0|0|0|1|0|2|0|1|0|0|0|1|0|0|0,1,-0.911473141575458,0.047167098004441,8.0001275564788e-05,adjoint,2,2,pmmr,FALSE,
1|0|0|1|0|1|0|2|0|1|0|0|0|1|0|0|0,1,-0.770410648857126,0.450778056117256,6.29591762750604e-05,adjoint,2,2,pmmr,FALSE,
0|0|0|0|0|1|0|2|0|0|0|1|0|1|0|0|0,1,-0.945024757679931,0.258057473719258,0.00249052265950232,adjoint,2,2,pmmr,FALSE,
1|0|0|1|0|1|0|2|0|0|0|1|0|1|0|0|0,1,-0.806487515485143,0.721831635224337,0.00268144149928643,adjoint,2,2,pmmr,FALSE,
0|0|0|0|0|1|0|2|0|1|0|1|0|1|0|0|0,1,-0.974948186844371,0.301428177358664,0.000491641519759723,adjoint,2,2,pmmr,FALSE,
1|0|0|1|0|1|0|2|0|1|0|1|0|1|0|0|0,1,-0.826180125395095,0.618416482084149,0.000679507448226446,adjoint,2,2,pmmr,FALSE,
0|0|0|0|0|1|0|3|0|0|1|0|1|0|0|0|0,0,0,0.407557830449592,0.0315094930517083,adjoint,2,2,pmmr,TRUE,
0|0|0|0|0|1|0|3|0|0|0|0|0|1|0|0|0,1,-1.70011311164772,0.311152794789514,7.26614176195367e-05,adjoint,2,2,pmmr,FALSE,
1|0|0|1|0|1|0|3|0|0|0|0|0|1|0|0|0,1,-1.44245024659815,0.901834680158466,4.16596616204748e-05,adjoint,2,2,pmmr,FALSE,
0|0|0|0|0|1|0|3|0|1|0|0|0|1|0|0|0,1,-1.62132913798298,0.310139379377559,1.44923340792784e-05,adjoint,2,2,pmmr,FALSE,
1|0|0|1|0|1|0|3|0|1|0|0|0|1|0|0|0,1,-1.37040706547361,0.73971418849906,1.08149645313477e-05,adjoint,2,2,pmmr,FALSE,
0|0|0|0|0|1|0|3|0|0|0|1|0|1|0|0|0,1,-1.68101077898293,0.515183865902391,0.00199167785833815,adjoint,2,2,pmmr,FALSE,
1|0|0|1|0|1|0|3|0|0|0|1|0|1|0|0|0,1,-1.43458062408228,1.00557888099814,0.00200822495391373,adjoint,2,2,pmmr,FALSE,
0|0|0|0|0|1|0|3|0|1|0|1|0|1|0|0|0,1,-1.73423859821281,0.544183155946243,0.000538790643463431,adjoint,2,2,pmmr,FALSE,
1|0|0|1|0|1|0|3|0|1|0|1|0|1|0|0|0,1,-1.46960985401083,0.889023466940277,0.000706139248561502,adjoint,2,2,pmmr,FALSE,
0|0|0|0|0|1|0|0|1|0|1|0|1|0|0|0|0,0,0,-0.389865746546622,0.0344508323933191,adjoint,2,2,pmmr,TRUE,
0|0|0|0|0|1|0|0|1|0|0|0|0|1|0|0|0,1,0,-0.505761490274731,0.000598055413868472,adjoint,2,2,pmmr,FALSE,
1|0|0|1|0|1|0|0|1|0|0|0|0|1|0|0|0,1,0,-0.0448272306245748,0.00060664346112823,adjoint,2,2,pmmr,FALSE,
0|0|0|0|0|1|0|0|1|1|0|0|0|1|0|0|0,1,0,-0.472647675911681,0.0020301438508996,adjoint,2,2,pmmr,FALSE,
1|0|0|1|0|1|0|0|1|1|0|0|0|1|0|0|0,1,0,-0.168456172779119,0.00261381156509841,adjoint,2,2,pmmr,FALSE,
0|0|0|0|0|1|0|0|1|0|0|1|0|1|0|0|0,1,0,-0.248852905554831,7.40400072359856e-05,adjoint,2,2,pmmr,FALSE,
1|0|0|1|0|1|0|0|1|0|0|1|0|1|0|0|0,1,0,0.113221506678955,0.00013208087571423,adjoint,2,2,pmmr,FALSE,
0|0|0|0|0|1|0|0|1|1|0|1|0|1|0|0|0,1,0,-0.177674273179811,0.000340893184227136,adjoint,2,2,pmmr,FALSE,
1|0|0|1|0|1|0|0|1|1|0|1|0|1|0|0|0,1,0,0.0443443287396553,0.000770813521793267,adjoint,2,2,pmmr,FALSE,
0|0|0|0|0|1|0|1|1|0|1|0|1|0|0|0|0,0,0,-0.118516356038804,0.0445846694872666,adjoint,2,2,pmmr,TRUE,
0|0|0|0|0|1|0|1|1|0|0|0|0|1|0|0|0,1,-0.640667527308902,-0.232233532388327,0.000297765675233586,adjoint,2,2,pmmr,FALSE,
1|0|0|1|0|1|0|1|1|0|0|0|0|1|0|0|0,1,-0.663918291420844,0.29590033683139,0.000202175070661939,adjoint,2,2,pmmr,FALSE,
0|0|0|0|0|1|0|1|1|1|0|0|0|1|0|0|0,1,-0.61097871822111,-0.206862503762667,0.00125638741236582,adjoint,2,2,pmmr,FALSE,
1|0|0|1|0|1|0|1|1|1|0|0|0|1|0|0|0,1,-0.630758890718092,0.154066279912718,0.00106839995834352,adjoint,2,2,pmmr,FALSE,
0|0|0|0|0|1|0|1|1|0|0|1|0|1|0|0|0,1,-0.633469039072831,0.0201708818740959,0.000223012767440392,adjoint,2,2,pmmr,FALSE,
1|0|0|1|0|1|0|1|1|0|0|1|0|1|0|0|0,1,-0.660296130901142,0.443193127236416,0.000266295660851925,adjoint,2,2,pmmr,FALSE,
0|0|0|0|0|1|0|1|1|1|0|1|0|1|0|0|0,1,-0.653527313487882,0.0838029323248382,0.00127627760911389,adjoint,2,2,pmmr,FALSE,
1|0|0|1|0|1|0|1|1|1|0|1|0|1|0|0|0,1,-0.676419076242787,0.356942792580732,0.00190607058464111,adjoint,2,2,pmmr,FALSE,
0|0|0|0|0|1|0|2|1|0|1|0|1|0|0|0|0,0,0,0.16564105332675,0.0375435951500442,adjoint,2,2,pmmr,TRUE,
0|0|0|0|0|1|0|2|1|0|0|0|0|1|0|0|0,1,-0.955763640216183,0.0597279697474859,4.78356554440972e-05,adjoint,2,2,pmmr,FALSE,
1|0|0|1|0|1|0|2|1|0|0|0|0|1|0|0|0,1,-0.810911632334406,0.637671898804066,2.7454609880748e-05,adjoint,2,2,pmmr,FALSE,
0|0|0|0|0|1|0|2|1|1|0|0|0|1|0|0|0,1,-0.911473141575458,0.07551461302201,0.000254802355950676,adjoint,2,2,pmmr,FALSE,
1|0|0|1|0|1|0|2|1|1|0|0|0|1|0|0|0,1,-0.770410648857126,0.48175452826466,0.000187989103333224,adjoint,2,2,pmmr,FALSE,
0|0|0|0|0|1|0|2|1|0|0|1|0|1|0|0|0,1,-0.945024757679931,0.298829586504279,0.000216738912656018,adjoint,2,2,pmmr,FALSE,
1|0|0|1|0|1|0|2|1|0|0|1|0|1|0|0|0,1,-0.806487515485143,0.769382686717497,0.000218767009780279,adjoint,2,2,pmmr,FALSE,
0|0|0|0|0|1|0|2|1|1|0|1|0|1|0|0|0,1,-0.974948186844371,0.351573413667791,0.00156586775190226,adjoint,2,2,pmmr,FALSE,
1|0|0|1|0|1|0|2|1|1|0|1|0|1|0|0|0,1,-0.826180125395095,0.667730007127844,0.00202893372273896,adjoint,2,2,pmmr,FALSE,
0|0|0|0|0|1|0|3|1|0|1|0|1|0|0|0|0,0,0,0.430328105829013,0.0299086572901431,adjoint,2,2,pmmr,TRUE,
0|0|0|0|0|1|0|3|1|0|0|0|0|1|0|0|0,1,-1.70011311164772,0.336922836426534,5.03517541734159e-06,adjoint,2,2,pmmr,FALSE,
1|0|0|1|0|1|0|3|1|0|0|0|0|1|0|0|0,1,-1.44245024659815,0.941573906852011,2.74435569969999e-06,adjoint,2,2,pmmr,FALSE,
0|0|0|0|0|1|0|3|1|1|0|0|0|1|0|0|0,1,-1.62132913798298,0.342360805952888,3.67543892415952e-05,adjoint,2,2,pmmr,FALSE,
1|0|0|1|0|1|0|3|1|1|0|0|0|1|0|0|0,1,-1.37040706547361,0.777294494208012,2.60741341985584e-05,adjoint,2,2,pmmr,FALSE,
0|0|0|0|0|1|0|3|1|0|0|1|0|1|0|0|0,1,-1.68101077898293,0.555438640731444,0.000138016126303479,adjoint,2,2,pmmr,FALSE,
1|0|0|1|0|1|0|3|1|0|0|1|0|1|0|0|0,1,-1.43458062408228,1.05465449980409,0.000132293047619095,adjoint,2,2,pmmr,FALSE,
0|0|0|0|0|1|0|3|1|1|0|1|0|1|0|0|0,1,-1.73423859821281,0.595179730719326,0.00136644110750244,adjoint,2,2,pmmr,FALSE,
1|0|0|1|0|1|0|3|1|1|0|1|0|1|0|0|0,1,-1.46960985401083,0.941319407779629,0.00170245306644269,adjoint,2,2,pmmr,FALSE,
1|0|0|1|0|1|0|0|0|0|1|0|1|0|0|0|0,0,0,0.595201263599147,0.0339232475326121,adjoint,2,2,pmmr,TRUE,
1|0|0|1|0|1|0|1|0|0|1|0|1|0|0|0|0,0,1.05127109637602,0.944560233774665,0.0376646392861478,adjoint,2,2,pmmr,TRUE,
1|0|0|1|0|1|0|2|0|0|1|0|1|0|0|0|0,0,1.28402541668774,1.26874128420166,0.0323167270827079,adjoint,2,2,pmmr,TRUE,
1|0|0|1|0|1|0|3|0|0|1|0|1|0|0|0|0,0,2.28402541668774,1.53093135990637,0.0260489960763803,adjoint,2,2,pmmr,TRUE,
1|0|0|1|0|1|0|0|1|0|1|0|1|0|0|0|0,0,0,0.612978238437404,0.0386201710560533,adjoint,2,2,pmmr,TRUE,
1|0|0|1|0|1|0|1|1|0|1|0|1|0|0|0|0,0,1.05127109637602,0.972211020545389,0.0417210106241467,adjoint,2,2,pmmr,TRUE,
1|0|0|1|0|1|0|2|1|0|1|0|1|0|0|0|0,0,1.28402541668774,1.30559977002565,0.0347158330496133,adjoint,2,2,pmmr,TRUE,
1|0|0|1|0|1|0|3|1|0|1|0|1|0|0|0|0,0,2.28402541668774,1.57519911252623,0.0274954412637132,adjoint,2,2,pmmr,TRUE,
0|0|0|0|0|1|0|0|0|0|0|0|0|1|0|1|0,1,0,-0.190284244830067,0.00488382212678092,adjoint,2,2,pmmr,FALSE,
1|0|0|1|0|1|0|0|0|0|0|0|0|1|0|1|0,1,0,0.208214396117898,0.00535915839246372,adjoint,2,2,pmmr,FALSE,
0|0|0|0|0|1|0|0|0|1|0|0|0|1|0|1|0,1,0,-0.156126102623914,0.000611467577240109,adjoint,2,2,pmmr,FALSE,
1|0|0|1|0|1|0|0|0|1|0|0|0|1|0|1|0,1,0,0.0972990693862155,0.000851658640968403,adjoint,2,2,pmmr,FALSE,
0|0|0|0|0|1|0|0|0|0|0|1|0|1|0|1|0,1,0,0.0507446032169335,0.000495023672885394,adjoint,2,2,pmmr,FALSE,
1|0|0|1|0|1|0|0|0|0|0|1|0|1|0|1|0,1,0,0.36514234040118,0.000955309541694711,adjoint,2,2,pmmr,FALSE,
0|0|0|0|0|1|0|0|0|1|0|1|0|1|0|1|0,1,0,0.121171680047194,8.40632242587983e-05,adjoint,2,2,pmmr,FALSE,
1|0|0|1|0|1|0|0|0|1|0|1|0|1|0|1|0,1,0,0.305688259580948,0.000205627743679392,adjoint,2,2,pmmr,FALSE,
0|0|0|0|0|1|0|1|0|0|0|0|0|1|0|1|0,1,0.682846801463348,0.0926834162978841,0.00312056230589087,adjoint,2,2,pmmr,FALSE,
1|0|0|1|0|1|0|1|0|0|0|0|0|1|0|1|0,1,0.74963004235783,0.552630563601106,0.00228172654808762,adjoint,2,2,pmmr,FALSE,
0|0|0|0|0|1|0|1|0|1|0|0|0|1|0|1|0,1,0.383318642077374,0.118969528699428,0.00048563503604098,adjoint,2,2,pmmr,FALSE,
1|0|0|1|0|1|0|1|0|1|0|0|0|1|0|1|0,1,0.421604640727319,0.423997505834805,0.000444731676907028,adjoint,2,2,pmmr,FALSE,
0|0|0|0|0|1|0|1|0|0|0|1|0|1|0|1|0,1,1.12218853869537,0.331509803311175,0.00191350259545927,adjoint,2,2,pmmr,FALSE,
1|0|0|1|0|1|0|1|0|0|0|1|0|1|0|1|0,1,1.24652119699827,0.702467300785267,0.0024606009391304,adjoint,2,2,pmmr,FALSE,
0|0|0|0|0|1|0|1|0|1|0|1|0|1|0|1|0,1,0.791760908044091,0.394010258224118,0.000403898916747719,adjoint,2,2,pmmr,FALSE,
1|0|0|1|0|1|0|1|0|1|0|1|0|1|0|1|0,1,0.87727265809054,0.62573841377608,0.000649597409635596,adjoint,2,2,pmmr,FALSE,
0|0|0|0|0|1|0|2|0|0|0|0|0|1|0|1|0,1,1.01868772312837,0.382040798827011,0.000638630283206209,adjoint,2,2,pmmr,FALSE,
1|0|0|1|0|1|0|2|0|0|0|0|0|1|0|1|0,1,0.915600201335578,0.888594195543578,0.00039097226023752,adjoint,2,2,pmmr,FALSE,
0|0|0|0|0|1|0|2|0|1|0|0|0|1|0|1|0,1,0.571844217317341,0.398597200816993,0.000125466975323014,adjoint,2,2,pmmr,FALSE,
1|0|0|1|0|1|0|2|0|1|0|0|0|1|0|1|0,1,0.514949071037475,0.745883111441644,9.87396433406007e-05,adjoint,2,2,pmmr,FALSE,
0|0|0|0|0|1|0|2|0|0|0|1|0|1|0|1|0,1,1.67410857743571,0.610551286738321,0.00236905843610438,adjoint,2,2,pmmr,FALSE,
1|0|0|1|0|1|0|2|0|0|0|1|0|1|0|1|0,1,1.52250442811881,1.02662259079102,0.00255066605419856,adjoint,2,2,pmmr,FALSE,
0|0|0|0|0|1|0|2|0|1|0|1|0|1|0|1|0,1,1.18116847724705,0.66182542717472,0.000631280207270472,adjoint,2,2,pmmr,FALSE,
1|0|0|1|0|1|0|2|0|1|0|1|0|1|0|1|0,1,1.07150324425029,0.934222715932973,0.000872504834351386,adjoint,2,2,pmmr,FALSE,
0|0|0|0|0|1|0|3|0|0|0|0|0|1|0|1|0,1,1.81204251960597,0.644949516268349,8.44205231155579e-05,adjoint,2,2,pmmr,FALSE,
1|0|0|1|0|1|0|3|0|0|0|0|0|1|0|1|0,1,1.62867035511606,1.17791409981675,4.84016214111409e-05,adjoint,2,2,pmmr,FALSE,
0|0|0|0|0|1|0|3|0|1|0|0|0|1|0|1|0,1,1.01719694155894,0.65100347715294,2.27285041327267e-05,adjoint,2,2,pmmr,FALSE,
1|0|0|1|0|1|0|3|0|1|0|0|0|1|0|1|0,1,0.915991810803352,1.02635471466931,1.69612406601566e-05,adjoint,2,2,pmmr,FALSE,
0|0|0|0|0|1|0|3|0|0|0|1|0|1|0|1|0,1,2.9779056484892,0.856198825342658,0.00189454258297782,adjoint,2,2,pmmr,FALSE,
1|0|0|1|0|1|0|3|0|0|0|1|0|1|0|1|0,1,2.70823206896742,1.30075861091677,0.00191028266717933,adjoint,2,2,pmmr,FALSE,
0|0|0|0|0|1|0|3|0|1|0|1|0|1|0|1|0,1,2.10106341226632,0.89420449538695,0.000691820880480588,adjoint,2,2,pmmr,FALSE,
1|0|0|1|0|1|0|3|0|1|0|1|0|1|0|1|0,1,1.90599080993596,1.19606318900841,0.000906700742873751,adjoint,2,2,pmmr,FALSE,
0|0|0|0|0|1|0|0|1|0|0|0|0|1|0|1|0,1,0,-0.172595183899989,0.000694841258881426,adjoint,2,2,pmmr,FALSE,
1|0|0|1|0|1|0|0|1|0|0|0|0|1|0|1|0,1,0,0.230443768963999,0.000704819146265982,adjoint,2,2,pmmr,FALSE,
0|0|0|0|0|1|0|0|1|1|0|0|0|1|0|1|0,1,0,-0.133108987799128,0.00318389933966378,adjoint,2,2,pmmr,FALSE,
1|0|0|1|0|1|0|0|1|1|0|0|0|1|0|1|0,1,0,0.116760870581794,0.00409927252811897,adjoint,2,2,pmmr,FALSE,
0|0|0|0|0|1|0|0|1|0|0|1|0|1|0|1|0,1,0,0.0913084220008064,7.04290334731153e-05,adjoint,2,2,pmmr,FALSE,
1|0|0|1|0|1|0|0|1|0|0|1|0|1|0|1|0,1,0,0.407462451674952,0.000125639215393198,adjoint,2,2,pmmr,FALSE,
0|0|0|0|0|1|0|0|1|1|0|1|0|1|0|1|0,1,0,0.171391016779074,0.000437715512923259,adjoint,2,2,pmmr,FALSE,
1|0|0|1|0|1|0|0|1|1|0|1|0|1|0|1|0,1,0,0.350530726878527,0.000989744153509145,adjoint,2,2,pmmr,FALSE,
0|0|0|0|0|1|0|1|1|0|0|0|0|1|0|1|0,1,0.682846801463348,0.115581773532874,0.000345954357795489,adjoint,2,2,pmmr,FALSE,
1|0|0|1|0|1|0|1|1|0|0|0|0|1|0|1|0,1,0.74963004235783,0.583443223004302,0.000234893920121051,adjoint,2,2,pmmr,FALSE,
0|0|0|0|0|1|0|1|1|1|0|0|0|1|0|1|0,1,0.383318642077374,0.149311851167171,0.00197040768850978,adjoint,2,2,pmmr,FALSE,
1|0|0|1|0|1|0|1|1|1|0|0|0|1|0|1|0,1,0.421604640727319,0.453566502128617,0.00167558467364733,adjoint,2,2,pmmr,FALSE,
0|0|0|0|0|1|0|1|1|0|0|1|0|1|0|1|0,1,1.12218853869537,0.375844153901866,0.000212136306428635,adjoint,2,2,pmmr,FALSE,
1|0|0|1|0|1|0|1|1|0|0|1|0|1|0|1|0,1,1.24652119699827,0.751003917042371,0.000253308268219214,adjoint,2,2,pmmr,FALSE,
0|0|0|0|0|1|0|1|1|1|0|1|0|1|0|1|0,1,0.791760908044091,0.450287596467331,0.0016387728888517,adjoint,2,2,pmmr,FALSE,
1|0|0|1|0|1|0|1|1|1|0|1|0|1|0|1|0,1,0.87727265809054,0.678603272996767,0.00244744307668005,adjoint,2,2,pmmr,FALSE,
0|0|0|0|0|1|0|2|1|0|0|0|0|1|0|1|0,1,1.01868772312837,0.409287511710345,5.55771025183038e-05,adjoint,2,2,pmmr,FALSE,
1|0|0|1|0|1|0|2|1|0|0|0|0|1|0|1|0,1,0.915600201335578,0.926832554735089,3.18977058801993e-05,adjoint,2,2,pmmr,FALSE,
0|0|0|0|0|1|0|2|1|1|0|0|0|1|0|1|0,1,0.571844217317341,0.435150247219942,0.000399609639729048,adjoint,2,2,pmmr,FALSE,
1|0|0|1|0|1|0|2|1|1|0|0|0|1|0|1|0,1,0.514949071037475,0.784471321338895,0.000294825601496865,adjoint,2,2,pmmr,FALSE,
0|0|0|0|0|1|0|2|1|0|0|1|0|1|0|1|0,1,1.67410857743571,0.656861676568112,0.000206168431152695,adjoint,2,2,pmmr,FALSE,
1|0|0|1|0|1|0|2|1|0|0|1|0|1|0|1|0,1,1.52250442811881,1.07939384093965,0.000208097616813036,adjoint,2,2,pmmr,FALSE,
0|0|0|0|0|1|0|2|1|1|0|1|0|1|0|1|0,1,1.18116847724705,0.721961195727276,0.0020106139926142,adjoint,2,2,pmmr,FALSE,
1|0|0|1|0|1|0|2|1|1|0|1|0|1|0|1|0,1,1.07150324425029,0.993009633566584,0.0026052024687717,adjoint,2,2,pmmr,FALSE,
0|0|0|0|0|1|0|3|1|0|0|0|0|1|0|1|0,1,1.81204251960597,0.675120134685862,5.85003921801114e-06,adjoint,2,2,pmmr,FALSE,
1|0|0|1|0|1|0|3|1|0|0|0|0|1|0|1|0,1,1.62867035511606,1.22151231818214,3.18848642613798e-06,adjoint,2,2,pmmr,FALSE,
0|0|0|0|0|1|0|3|1|1|0|0|0|1|0|1|0,1,1.01719694155894,0.691885352008513,5.76423565178425e-05,adjoint,2,2,pmmr,FALSE,
1|0|0|1|0|1|0|3|1|1|0|0|0|1|0|1|0,1,0.915991810803352,1.07179232480631,4.08923823897052e-05,adjoint,2,2,pmmr,FALSE,
0|0|0|0|0|1|0|3|1|0|0|1|0|1|0|1|0,1,2.9779056484892,0.902405508263181,0.000131285000395476,adjoint,2,2,pmmr,FALSE,
1|0|0|1|0|1|0|3|1|0|0|1|0|1|0|1|0,1,2.70823206896742,1.35524467781092,0.000125841039552158,adjoint,2,2,pmmr,FALSE,
0|0|0|0|0|1|0|3|1|1|0|1|0|1|0|1|0,1,2.10106341226632,0.955506813463158,0.00175454511244008,adjoint,2,2,pmmr,FALSE,
1|0|0|1|0|1|0|3|1|1|0|1|0|1|0|1|0,1,1.90599080993596,1.25794875661143,0.0021859930080304,adjoint,2,2,pmmr,FALSE,
0|0|0|0|0|1|0|0|0|0|0|0|0|1|0|2|0,1,0,0.165231494834667,0.00380352449671843,adjoint,2,2,pmmr,FALSE,
1|0|0|1|0|1|0|0|0|0|0|0|0|1|0|2|0,1,0,0.487212595049154,0.00461267037531881,adjoint,2,2,pmmr,FALSE,
0|0|0|0|0|1|0|0|0|1|0|0|0|1|0|2|0,1,0,0.199941579612415,0.000526295021055867,adjoint,2,2,pmmr,FALSE,
1|0|0|1|0|1|0|0|0|1|0|0|0|1|0|2|0,1,0,0.387862271569836,0.000810122758919434,adjoint,2,2,pmmr,FALSE,
0|0|0|0|0|1|0|0|0|0|0|1|0|1|0|2|0,1,0,0.398931945948373,0.000348837286411149,adjoint,2,2,pmmr,FALSE,
1|0|0|1|0|1|0|0|0|0|0|1|0|1|0|2|0,1,0,0.653050936311953,0.000743995819147426,adjoint,2,2,pmmr,FALSE,
0|0|0|0|0|1|0|0|0|1|0|1|0|1|0|2|0,1,0,0.470959684371342,6.54685048802593e-05,adjoint,2,2,pmmr,FALSE,
1|0|0|1|0|1|0|0|0|1|0|1|0|1|0|2|0,1,0,0.604909216791745,0.00017698543915914,adjoint,2,2,pmmr,FALSE,
0|0|0|0|0|1|0|1|0|0|0|0|0|1|0|2|0,1,1.61930932333639,0.448572925706333,0.00243029636745092,adjoint,2,2,pmmr,FALSE,
1|0|0|1|0|1|0|1|0|0|0|0|0|1|0|2|0,1,1.79964064314873,0.826773936120334,0.00196390023995983,adjoint,2,2,pmmr,FALSE,
0|0|0|0|0|1|0|1|0|1|0|0|0|1|0|2|0,1,1.45553714733445,0.477633690813271,0.000417989949151942,adjoint,2,2,pmmr,FALSE,
1|0|0|1|0|1|0|1|0|1|0|0|0|1|0|2|0,1,1.59162073083693,0.712447197717557,0.000423041857081509,adjoint,2,2,pmmr,FALSE,
0|0|0|0|0|1|0|1|0|0|0|1|0|1|0|2|0,1,1.71454130603506,0.681016977659818,0.00134842248866599,adjoint,2,2,pmmr,FALSE,
1|0|0|1|0|1|0|1|0|0|0|1|0|1|0|2|0,1,1.95665764835312,0.987124476695726,0.00191631793822099,adjoint,2,2,pmmr,FALSE,
0|0|0|0|0|1|0|1|0|1|0|1|0|1|0|2|0,1,1.57005885650516,0.747279230022901,0.000314556792644816,adjoint,2,2,pmmr,FALSE,
1|0|0|1|0|1|0|1|0|1|0|1|0|1|0|2|0,1,1.76277851380977,0.924335897622398,0.000559113671938413,adjoint,2,2,pmmr,FALSE,
0|0|0|0|0|1|0|2|0|0|0|0|0|1|0|2|0,1,2.415725641674,0.724563406502269,0.000497365764654109,adjoint,2,2,pmmr,FALSE,
1|0|0|1|0|1|0|2|0|0|0|0|0|1|0|2|0,1,2.198086045239,1.14708313969469,0.000336512942947367,adjoint,2,2,pmmr,FALSE,
0|0|0|0|0|1|0|2|0|1|0|0|0|1|0|2|0,1,2.17140626472785,0.746102776587704,0.000107990426438444,adjoint,2,2,pmmr,FALSE,
1|0|0|1|0|1|0|2|0|1|0|0|0|1|0|2|0,1,1.94400995058913,1.02098014592587,9.39240541102854e-05,adjoint,2,2,pmmr,FALSE,
0|0|0|0|0|1|0|2|0|0|0|1|0|1|0|2|0,1,2.55779506546923,0.947884237139279,0.0016694472637704,adjoint,2,2,pmmr,FALSE,
1|0|0|1|0|1|0|2|0|0|0|1|0|1|0|2|0,1,2.38986704847369,1.29683609405887,0.00198646072036349,adjoint,2,2,pmmr,FALSE,
0|0|0|0|0|1|0|2|0|1|0|1|0|1|0|2|0,1,2.34225257888481,1.00503239780942,0.000491641519759723,adjoint,2,2,pmmr,FALSE,
1|0|0|1|0|1|0|2|0|1|0|1|0|1|0|2|0,1,2.15306253879273,1.22058104379658,0.000750971870395662,adjoint,2,2,pmmr,FALSE,
0|0|0|0|0|1|0|3|0|0|0|0|0|1|0|2|0,1,4.29709466309539,0.961877726147982,6.57467695096942e-05,adjoint,2,2,pmmr,FALSE,
1|0|0|1|0|1|0|3|0|0|0|0|0|1|0|2|0,1,3.90995717852947,1.41172641131704,4.16596616204748e-05,adjoint,2,2,pmmr,FALSE,
0|0|0|0|0|1|0|3|0|1|0|0|0|1|0|2|0,1,3.86249916406405,0.974857684405416,1.95626047992478e-05,adjoint,2,2,pmmr,FALSE,
1|0|0|1|0|1|0|3|0|1|0|0|0|1|0|2|0,1,3.45800642240656,1.27837507124722,1.61340311919789e-05,adjoint,2,2,pmmr,FALSE,
0|0|0|0|0|1|0|3|0|0|0|1|0|1|0|2|0,1,4.54980786539284,1.1692419984899,0.00133506159368939,adjoint,2,2,pmmr,FALSE,
1|0|0|1|0|1|0|3|0|0|0|1|0|1|0|2|0,1,4.25109737726155,1.54697628343859,0.00148772963708699,adjoint,2,2,pmmr,FALSE,
0|0|0|0|0|1|0|3|0|1|0|1|0|1|0|2|0,1,4.16640072147132,1.2149448625362,0.000538790643463431,adjoint,2,2,pmmr,FALSE,
1|0|0|1|0|1|0|3|0|1|0|1|0|1|0|2|0,1,3.82986933000622,1.45995544594983,0.000780404561621963,adjoint,2,2,pmmr,FALSE,
0|0|0|0|0|1|0|0|1|0|0|0|0|1|0|2|0,1,0,0.184156743907174,0.000541142916527176,adjoint,2,2,pmmr,FALSE,
1|0|0|1|0|1|0|0|1|0|0|0|0|1|0|2|0,1,0,0.510554049127096,0.00060664346112823,adjoint,2,2,pmmr,FALSE,
0|0|0|0|0|1|0|0|1|1|0|0|0|1|0|2|0,1,0,0.228166716630713,0.00274040755778309,adjoint,2,2,pmmr,FALSE,
1|0|0|1|0|1|0|0|1|1|0|0|0|1|0|2|0,1,0,0.412505601754502,0.00389934864779419,adjoint,2,2,pmmr,FALSE,
0|0|0|0|0|1|0|0|1|0|0|1|0|1|0|2|0,1,0,0.44163938430992,4.9630501058905e-05,adjoint,2,2,pmmr,FALSE,
1|0|0|1|0|1|0|0|1|0|0|1|0|1|0|2|0,1,0,0.697534690559272,9.78479193326993e-05,adjoint,2,2,pmmr,FALSE,
0|0|0|0|0|1|0|0|1|1|0|1|0|1|0|2|0,1,0,0.527163651628333,0.000340893184227136,adjoint,2,2,pmmr,FALSE,
1|0|0|1|0|1|0|0|1|1|0|1|0|1|0|2|0,1,0,0.655902909563064,0.000851880687545388,adjoint,2,2,pmmr,FALSE,
0|0|0|0|0|1|0|1|1|0|0|0|0|1|0|2|0,1,1.61930932333639,0.473341015545869,0.000269429524758092,adjoint,2,2,pmmr,FALSE,
1|0|0|1|0|1|0|1|1|0|0|0|0|1|0|2|0,1,1.79964064314873,0.858920601205692,0.000202175070661939,adjoint,2,2,pmmr,FALSE,
0|0|0|0|0|1|0|1|1|1|0|0|0|1|0|2|0,1,1.45553714733445,0.513945887672387,0.00169594561430963,adjoint,2,2,pmmr,FALSE,
1|0|0|1|0|1|0|1|1|1|0|0|0|1|0|2|0,1,1.59162073083693,0.747585861316086,0.00159386544481577,adjoint,2,2,pmmr,FALSE,
0|0|0|0|0|1|0|1|1|0|0|1|0|1|0|2|0,1,1.71454130603506,0.728198309131011,0.000149489928537179,adjoint,2,2,pmmr,FALSE,
1|0|0|1|0|1|0|1|1|0|0|1|0|1|0|2|0,1,1.95665764835312,1.03817934368781,0.000197276677647585,adjoint,2,2,pmmr,FALSE,
0|0|0|0|0|1|0|1|1|1|0|1|0|1|0|2|0,1,1.57005885650516,0.810368993577097,0.00127627760911389,adjoint,2,2,pmmr,FALSE,
1|0|0|1|0|1|0|1|1|1|0|1|0|1|0|2|0,1,1.76277851380977,0.9838638137105,0.0021065337779448,adjoint,2,2,pmmr,FALSE,
0|0|0|0|0|1|0|2|1|0|0|0|0|1|0|2|0,1,2.415725641674,0.754255321382834,4.32834909620947e-05,adjoint,2,2,pmmr,FALSE,
1|0|0|1|0|1|0|2|1|0|0|0|0|1|0|2|0,1,2.198086045239,1.18682792810741,2.7454609880748e-05,adjoint,2,2,pmmr,FALSE,
0|0|0|0|0|1|0|2|1|1|0|0|0|1|0|2|0,1,2.17140626472785,0.78917814857954,0.000343947204371135,adjoint,2,2,pmmr,FALSE,
1|0|0|1|0|1|0|2|1|1|0|0|0|1|0|2|0,1,1.94400995058913,1.06532097452104,0.00028044678723994,adjoint,2,2,pmmr,FALSE,
0|0|0|0|0|1|0|2|1|0|0|1|0|1|0|2|0,1,2.55779506546923,0.997657198431414,0.000145284437909297,adjoint,2,2,pmmr,FALSE,
1|0|0|1|0|1|0|2|1|0|0|1|0|1|0|2|0,1,2.38986704847369,1.35239514616175,0.000162066586929286,adjoint,2,2,pmmr,FALSE,
0|0|0|0|0|1|0|2|1|1|0|1|0|1|0|2|0,1,2.34225257888481,1.07257381674244,0.00156586775190226,adjoint,2,2,pmmr,FALSE,
1|0|0|1|0|1|0|2|1|1|0|1|0|1|0|2|0,1,2.15306253879273,1.28630467730925,0.00224231854507406,adjoint,2,2,pmmr,FALSE,
0|0|0|0|0|1|0|3|1|0|0|0|0|1|0|2|0,1,4.29709466309539,0.994949945895918,4.5560151239855e-06,adjoint,2,2,pmmr,FALSE,
1|0|0|1|0|1|0|3|1|0|0|0|0|1|0|2|0,1,3.90995717852947,1.45693847108974,2.74435569969999e-06,adjoint,2,2,pmmr,FALSE,
0|0|0|0|0|1|0|3|1|1|0|0|0|1|0|2|0,1,3.86249916406405,1.0225459219272,4.9613236034844e-05,adjoint,2,2,pmmr,FALSE,
1|0|0|1|0|1|0|3|1|1|0|0|0|1|0|2|0,1,3.45800642240655,1.32952574275922,3.88980373670224e-05,adjoint,2,2,pmmr,FALSE,
0|0|0|0|0|1|0|3|1|0|0|1|0|1|0|2|0,1,4.54980786539284,1.21937287606878,9.25149761374087e-05,adjoint,2,2,pmmr,FALSE,
1|0|0|1|0|1|0|3|1|0|0|1|0|1|0|2|0,1,4.25109737726154,1.60440747469124,9.800510014574e-05,adjoint,2,2,pmmr,FALSE,
0|0|0|0|0|1|0|3|1|1|0|1|0|1|0|2|0,1,4.16640072147132,1.28394727319226,0.00136644110750244,adjoint,2,2,pmmr,FALSE,
1|0|0|1|0|1|0|3|1|1|0|1|0|1|0|2|0,1,3.82986933000622,1.52878503373007,0.00188150161842117,adjoint,2,2,pmmr,FALSE,
0|0|0|0|0|1|0|0|0|0|0|0|0|1|0|3|0,1,0,0.492482868185014,0.00296218785647559,adjoint,2,2,pmmr,FALSE,
1|0|0|1|0|1|0|0|0|0|0|0|0|1|0|3|0,1,0,0.731078915408118,0.00397016218465647,adjoint,2,2,pmmr,FALSE,
0|0|0|0|0|1|0|0|0|1|0|0|0|1|0|3|0,1,0,0.525757193597394,0.000452986322575578,adjoint,2,2,pmmr,FALSE,
1|0|0|1|0|1|0|0|0|1|0|0|0|1|0|3|0,1,0,0.646768327716881,0.000770612605741864,adjoint,2,2,pmmr,FALSE,
0|0|0|0|0|1|0|0|0|0|0|1|0|1|0|3|0,1,0,0.707389742177005,0.000245821480983732,adjoint,2,2,pmmr,FALSE,
1|0|0|1|0|1|0|0|0|0|0|1|0|1|0|3|0,1,0,0.896131151578885,0.000579424526553867,adjoint,2,2,pmmr,FALSE,
0|0|0|0|0|1|0|0|0|1|0|1|0|1|0|3|0,1,0,0.777492550412972,5.098692286726e-05,adjoint,2,2,pmmr,FALSE,
1|0|0|1|0|1|0|0|0|1|0|1|0|1|0|3|0,1,0,0.860759305674893,0.000152332779195364,adjoint,2,2,pmmr,FALSE,
0|0|0|0|0|1|0|1|0|0|0|0|0|1|0|3|0,1,1.54477491976393,0.762719194612558,0.00189271671406637,adjoint,2,2,pmmr,FALSE,
1|0|0|1|0|1|0|1|0|0|0|0|0|1|0|3|0,1,1.91228614516847,1.04999727346935,0.00169034460143651,adjoint,2,2,pmmr,FALSE,
0|0|0|0|0|1|0|1|0|1|0|0|0|1|0|3|0,1,1.57848090994668,0.792689966224009,0.000359767283300581,adjoint,2,2,pmmr,FALSE,
1|0|0|1|0|1|0|1|0|1|0|0|0|1|0|3|0,1,1.93470945814506,0.953998889264182,0.000402409862251357,adjoint,2,2,pmmr,FALSE,
0|0|0|0|0|1|0|1|0|0|0|1|0|1|0|3|0,1,1.36759793628731,0.97724539466966,0.000950217267671792,adjoint,2,2,pmmr,FALSE,
1|0|0|1|0|1|0|1|0|0|0|1|0|1|0|3|0,1,1.72752148820504,1.21123373591541,0.00149242991090029,adjoint,2,2,pmmr,FALSE,
0|0|0|0|0|1|0|1|0|1|0|1|0|1|0|3|0,1,1.40250402431465,1.04389880691824,0.000244977076432212,adjoint,2,2,pmmr,FALSE,
1|0|0|1|0|1|0|1|0|1|0|1|0|1|0|3|0,1,1.74905440548635,1.16440637996217,0.000481233597165695,adjoint,2,2,pmmr,FALSE,
0|0|0|0|0|1|0|2|0|0|0|0|0|1|0|3|0,1,2.30453337760063,1.01296338789298,0.000387348846985528,adjoint,2,2,pmmr,FALSE,
1|0|0|1|0|1|0|2|0|0|0|0|0|1|0|3|0,1,2.33567157210025,1.3401996590172,0.000289639374165069,adjoint,2,2,pmmr,FALSE,
0|0|0|0|0|1|0|2|0|1|0|0|0|1|0|3|0,1,2.35481680621372,1.03785044734387,9.29482214131121e-05,adjoint,2,2,pmmr,FALSE,
1|0|0|1|0|1|0|2|0|1|0|0|0|1|0|3|0,1,2.36305946841695,1.23517443466466,8.93433239381007e-05,adjoint,2,2,pmmr,FALSE,
0|0|0|0|0|1|0|2|0|0|0|1|0|1|0|3|0,1,2.04021637779664,1.21988167645794,0.00117643960319249,adjoint,2,2,pmmr,FALSE,
1|0|0|1|0|1|0|2|0|0|0|1|0|1|0|3|0,1,2.1099995104746,1.49243663479001,0.00154705716455967,adjoint,2,2,pmmr,FALSE,
0|0|0|0|0|1|0|2|0|1|0|1|0|1|0|3|0,1,2.09229014201387,1.27985488896697,0.000382890800579288,adjoint,2,2,pmmr,FALSE,
1|0|0|1|0|1|0|2|0|1|0|1|0|1|0|3|0,1,2.13629987503322,1.43489028218981,0.000646367478920391,adjoint,2,2,pmmr,FALSE,
0|0|0|0|0|1|0|3|0|0|0|0|0|1|0|3|0,1,4.0993057766902,1.2148097555247,5.1203635578565e-05,adjoint,2,2,pmmr,FALSE,
1|0|0|1|0|1|0|3|0|0|0|0|0|1|0|3|0,1,4.15469442144954,1.56869371343746,3.58568030519115e-05,adjoint,2,2,pmmr,FALSE,
0|0|0|0|0|1|0|3|0|1|0|0|0|1|0|3|0,1,4.18874997888267,1.23339098109611,1.68376899903637e-05,adjoint,2,2,pmmr,FALSE,
1|0|0|1|0|1|0|3|0|1|0|0|0|1|0|3|0,1,4.20341203286436,1.45831771149039,1.53471652056226e-05,adjoint,2,2,pmmr,FALSE,
0|0|0|0|0|1|0|3|0|0|0|1|0|1|0|3|0,1,3.62913849045977,1.40775491932118,0.0009408020041138,adjoint,2,2,pmmr,FALSE,
1|0|0|1|0|1|0|3|0|0|0|1|0|1|0|3|0,1,3.7532687815125,1.7077702137045,0.00115864500636189,adjoint,2,2,pmmr,FALSE,
0|0|0|0|0|1|0|3|0|1|0|1|0|1|0|3|0,1,3.72176734302686,1.45855868152519,0.000419610575040866,adjoint,2,2,pmmr,FALSE,
1|0|0|1|0|1|0|3|0|1|0|1|0|1|0|3|0,1,3.80005189058444,1.64144913841859,0.000671700431026524,adjoint,2,2,pmmr,FALSE,
0|0|0|0|0|1|0|0|1|0|0|0|0|1|0|3|0,1,0,0.51134829141624,0.000421442527144908,adjoint,2,2,pmmr,FALSE,
1|0|0|1|0|1|0|0|1|0|0|0|0|1|0|3|0,1,0,0.753922717512126,0.000522142865839172,adjoint,2,2,pmmr,FALSE,
0|0|0|0|0|1|0|0|1|1|0|0|0|1|0|3|0,1,0,0.557211086311107,0.00235869064363942,adjoint,2,2,pmmr,FALSE,
1|0|0|1|0|1|0|0|1|1|0|0|0|1|0|3|0,1,0,0.67470619926216,0.00370917517016891,adjoint,2,2,pmmr,FALSE,
0|0|0|0|0|1|0|0|1|0|0|1|0|1|0|3|0,1,0,0.749939897419296,3.49740229829823e-05,adjoint,2,2,pmmr,FALSE,
1|0|0|1|0|1|0|0|1|0|0|1|0|1|0|3|0,1,0,0.940335115343983,7.62040361982139e-05,adjoint,2,2,pmmr,FALSE,
0|0|0|0|0|1|0|0|1|1|0|1|0|1|0|3|0,1,0,0.836497002041199,0.000265487878819798,adjoint,2,2,pmmr,FALSE,
1|0|0|1|0|1|0|0|1|1|0|1|0|1|0|3|0,1,0,0.914928697533127,0.000733220502732778,adjoint,2,2,pmmr,FALSE,
0|0|0|0|0|1|0|1|1|0|0|0|0|1|0|3|0,1,1.54477491976393,0.787744021889798,0.000209831924864159,adjoint,2,2,pmmr,FALSE,
1|0|0|1|0|1|0|1|1|0|0|0|0|1|0|3|0,1,1.91228614516847,1.08145062413952,0.000174013695953031,adjoint,2,2,pmmr,FALSE,
0|0|0|0|0|1|0|1|1|1|0|0|0|1|0|3|0,1,1.57848090994668,0.832560050707563,0.00145971391781939,adjoint,2,2,pmmr,FALSE,
1|0|0|1|0|1|0|1|1|1|0|0|0|1|0|3|0,1,1.93470945814506,0.992310601726782,0.00151613170980368,adjoint,2,2,pmmr,FALSE,
0|0|0|0|0|1|0|1|1|0|0|1|0|1|0|3|0,1,1.36759793628731,1.02473020096435,0.000105343772173051,adjoint,2,2,pmmr,FALSE,
1|0|0|1|0|1|0|1|1|0|0|1|0|1|0|3|0,1,1.72752148820504,1.26205799360928,0.000153639231033664,adjoint,2,2,pmmr,FALSE,
0|0|0|0|0|1|0|1|1|1|0|1|0|1|0|3|0,1,1.40250402431465,1.11025021695366,0.000993966001394401,adjoint,2,2,pmmr,FALSE,
1|0|0|1|0|1|0|1|1|1|0|1|0|1|0|3|0,1,1.74905440548635,1.22721123889142,0.0018131104252859,adjoint,2,2,pmmr,FALSE,
0|0|0|0|0|1|0|2|1|0|0|0|0|1|0|3|0,1,2.30453337760063,1.04323358828428,3.37092166553435e-05,adjoint,2,2,pmmr,FALSE,
1|0|0|1|0|1|0|2|1|0|0|0|0|1|0|3|0,1,2.33567157210025,1.37908650124144,2.3630401713998e-05,adjoint,2,2,pmmr,FALSE,
0|0|0|0|0|1|0|2|1|1|0|0|0|1|0|3|0,1,2.35481680621372,1.08469450300931,0.000296038102271336,adjoint,2,2,pmmr,FALSE,
1|0|0|1|0|1|0|2|1|1|0|0|0|1|0|3|0,1,2.36305946841695,1.28245400877098,0.000266769236029322,adjoint,2,2,pmmr,FALSE,
0|0|0|0|0|1|0|2|1|0|0|1|0|1|0|3|0,1,2.04021637779664,1.27043457138919,0.000102380213016159,adjoint,2,2,pmmr,FALSE,
1|0|0|1|0|1|0|2|1|0|0|1|0|1|0|3|0,1,2.1099995104746,1.54784349207511,0.000126217584810238,adjoint,2,2,pmmr,FALSE,
0|0|0|0|0|1|0|2|1|1|0|1|0|1|0|3|0,1,2.09229014201387,1.35102310149474,0.00121949903136774,adjoint,2,2,pmmr,FALSE,
1|0|0|1|0|1|0|2|1|1|0|1|0|1|0|3|0,1,2.13629987503322,1.50388923443088,0.00192998145743107,adjoint,2,2,pmmr,FALSE,
0|0|0|0|0|1|0|3|1|0|0|0|0|1|0|3|0,1,4.0993057766902,1.24875739585358,3.54822814624507e-06,adjoint,2,2,pmmr,FALSE,
1|0|0|1|0|1|0|3|1|0|0|0|0|1|0|3|0,1,4.15469442144954,1.61293955616554,2.36208884087935e-06,adjoint,2,2,pmmr,FALSE,
0|0|0|0|0|1|0|3|1|1|0|0|0|1|0|3|0,1,4.18874997888267,1.28492263441638,4.27025079914493e-05,adjoint,2,2,pmmr,FALSE,
1|0|0|1|0|1|0|3|1|1|0|0|0|1|0|3|0,1,4.20341203286436,1.51209237254077,3.700095769884e-05,adjoint,2,2,pmmr,FALSE,
0|0|0|0|0|1|0|3|1|0|0|1|0|1|0|3|0,1,3.62913849045977,1.45910991520204,6.51942018046429e-05,adjoint,2,2,pmmr,FALSE,
1|0|0|1|0|1|0|3|1|0|0|1|0|1|0|3|0,1,3.7532687815125,1.76515365950528,7.63264487384938e-05,adjoint,2,2,pmmr,FALSE,
0|0|0|0|0|1|0|3|1|1|0|1|0|1|0|3|0,1,3.72176734302686,1.5314208821287,0.00106418540454386,adjoint,2,2,pmmr,FALSE,
1|0|0|1|0|1|0|3|1|1|0|1|0|1|0|3|0,1,3.80005189058444,1.71345466287686,0.00161942345063176,adjoint,2,2,pmmr,FALSE,
0|0|0|0|0|1|0|0|0|0|0|0|0|1|0|0|1,1,0,-0.362978237338347,0.00361802441808784,adjoint,2,2,pmmr,FALSE,
1|0|0|1|0|1|0|0|0|0|0|0|0|1|0|0|1,1,0,0.00221060269947422,0.00325049387528552,adjoint,2,2,pmmr,FALSE,
0|0|0|0|0|1|0|0|0|1|0|0|0|1|0|0|1,1,0,-0.324461821669579,0.000335580521483595,adjoint,2,2,pmmr,FALSE,
1|0|0|1|0|1|0|0|0|1|0|0|0|1|0|0|1,1,0,-0.0887058473691161,0.000382674894927813,adjoint,2,2,pmmr,FALSE,
0|0|0|0|0|1|0|0|0|0|0|1|0|1|0|0|1,1,0,-0.147360232817783,0.000604623279416797,adjoint,2,2,pmmr,FALSE,
1|0|0|1|0|1|0|0|0|0|0|1|0|1|0|0|1,1,0,0.144177386577667,0.000955309541694711,adjoint,2,2,pmmr,FALSE,
0|0|0|0|0|1|0|0|0|1|0|1|0|1|0|0|1,1,0,-0.0778687480995844,7.6063550790109e-05,adjoint,2,2,pmmr,FALSE,
1|0|0|1|0|1|0|0|0|1|0|1|0|1|0|0|1,1,0,0.0987873120577901,0.000152332779195364,adjoint,2,2,pmmr,FALSE,
0|0|0|0|0|1|0|1|0|0|0|0|0|1|0|0|1,1,-0.770083206102352,-0.107418186213877,0.00231176941497651,adjoint,2,2,pmmr,FALSE,
1|0|0|1|0|1|0|1|0|0|0|0|0|1|0|0|1,1,-0.826957025638408,0.310720546474972,0.00138393710849542,adjoint,2,2,pmmr,FALSE,
0|0|0|0|0|1|0|1|0|1|0|0|0|1|0|0|1,1,-0.755828847931774,-0.0730479077789796,0.000266522158674232,adjoint,2,2,pmmr,FALSE,
1|0|0|1|0|1|0|1|0|1|0|0|0|1|0|0|1,1,-0.827319744552918,0.207164535424106,0.00019983082369475,adjoint,2,2,pmmr,FALSE,
0|0|0|0|0|1|0|1|0|0|0|1|0|1|0|0|1,1,-0.734080947483544,0.10417400219779,0.0023371573478406,adjoint,2,2,pmmr,FALSE,
1|0|0|1|0|1|0|1|0|0|0|1|0|1|0|0|1,1,-0.774714046116868,0.444685536538041,0.0024606009391304,adjoint,2,2,pmmr,FALSE,
0|0|0|0|0|1|0|1|0|1|0|1|0|1|0|0|1,1,-0.770900638738044,0.169337316633266,0.000365462852977528,adjoint,2,2,pmmr,FALSE,
1|0|0|1|0|1|0|1|0|1|0|1|0|1|0|0|1,1,-0.82239829508859,0.386995969375306,0.000481233597165695,adjoint,2,2,pmmr,FALSE,
0|0|0|0|0|1|0|2|0|0|0|0|0|1|0|0|1,1,-1.14882914610226,0.160904842815916,0.000473108950078285,adjoint,2,2,pmmr,FALSE,
1|0|0|1|0|1|0|2|0|0|0|0|0|1|0|0|1,1,-1.01004759199468,0.618295817523427,0.000237136662931203,adjoint,2,2,pmmr,FALSE,
0|0|0|0|0|1|0|2|0|1|0|0|0|1|0|0|1,1,-1.12756414253437,0.18913841085346,6.8857736002792e-05,adjoint,2,2,pmmr,FALSE,
1|0|0|1|0|1|0|2|0|1|0|0|0|1|0|0|1,1,-1.0104906178773,0.5050167428536,4.43665816595361e-05,adjoint,2,2,pmmr,FALSE,
0|0|0|0|0|1|0|2|0|0|0|1|0|1|0|0|1,1,-1.09512008752385,0.361166231525326,0.0028935745081005,adjoint,2,2,pmmr,FALSE,
1|0|0|1|0|1|0|2|0|0|0|1|0|1|0|0|1,1,-0.946237872712568,0.739927006344716,0.00255066605419856,adjoint,2,2,pmmr,FALSE,
0|0|0|0|0|1|0|2|0|1|0|1|0|1|0|0|1,1,-1.15004861229684,0.418779807226475,0.00057120595280382,adjoint,2,2,pmmr,FALSE,
1|0|0|1|0|1|0|2|0|1|0|1|0|1|0|0|1,1,-1.00447954592743,0.671055287894561,0.000646367478920391,adjoint,2,2,pmmr,FALSE,
0|0|0|0|0|1|0|3|0|0|0|0|0|1|0|0|1,1,-2.04353818470196,0.41150727882448,6.25402617234875e-05,adjoint,2,2,pmmr,FALSE,
1|0|0|1|0|1|0|3|0|0|0|0|0|1|0|0|1,1,-1.79667344757953,0.889947337188781,2.93570673656604e-05,adjoint,2,2,pmmr,FALSE,
0|0|0|0|0|1|0|3|0|1|0|0|0|1|0|0|1,1,-2.00571197970337,0.432289342152043,1.24736675390516e-05,adjoint,2,2,pmmr,FALSE,
1|0|0|1|0|1|0|3|0|1|0|0|0|1|0|0|1,1,-1.79746150236645,0.770955090491438,7.62117669597106e-06,adjoint,2,2,pmmr,FALSE,
0|0|0|0|0|1|0|3|0|0|0|1|0|1|0|0|1,1,-1.94800046924466,0.594418127829756,0.002313999536301,adjoint,2,2,pmmr,FALSE,
1|0|0|1|0|1|0|3|0|0|0|1|0|1|0|0|1,1,-1.68316866895294,0.996314515629686,0.00191028266717933,adjoint,2,2,pmmr,FALSE,
0|0|0|0|0|1|0|3|0|1|0|1|0|1|0|0|1,1,-2.04570737212381,0.642099192412123,0.000625985419237419,adjoint,2,2,pmmr,FALSE,
1|0|0|1|0|1|0|3|0|1|0|1|0|1|0|0|1,1,-1.78676900287491,0.918637881619873,0.000671700431026524,adjoint,2,2,pmmr,FALSE,
0|0|0|0|0|1|0|0|1|0|0|0|0|1|0|0|1,1,0,-0.334650149522368,0.000514751065060783,adjoint,2,2,pmmr,FALSE,
1|0|0|1|0|1|0|0|1|0|0|0|0|1|0|0|1,1,0,0.0337162400352277,0.000427494421762801,adjoint,2,2,pmmr,FALSE,
0|0|0|0|0|1|0|0|1|1|0|0|0|1|0|0|1,1,0,-0.292830487199701,0.00174736100575957,adjoint,2,2,pmmr,FALSE,
1|0|0|1|0|1|0|0|1|1|0|0|0|1|0|0|1,1,0,-0.0605569432008177,0.00184192187869388,adjoint,2,2,pmmr,FALSE,
0|0|0|0|0|1|0|0|1|0|0|1|0|1|0|0|1,1,0,-0.0985407165446439,8.6022215738618e-05,adjoint,2,2,pmmr,FALSE,
1|0|0|1|0|1|0|0|1|0|0|1|0|1|0|0|1,1,0,0.194813409198739,0.000125639215393198,adjoint,2,2,pmmr,FALSE,
0|0|0|0|0|1|0|0|1|1|0|1|0|1|0|0|1,1,0,-0.0217703158450033,0.000396061374547767,adjoint,2,2,pmmr,FALSE,
1|0|0|1|0|1|0|0|1|1|0|1|0|1|0|0|1,1,0,0.1509162377192,0.000733220502732778,adjoint,2,2,pmmr,FALSE,
0|0|0|0|0|1|0|1|1|0|0|0|0|1|0|0|1,1,-0.770083206102352,-0.0726695874585783,0.000256289291779141,adjoint,2,2,pmmr,FALSE,
1|0|0|1|0|1|0|1|1|0|0|0|0|1|0|0|1,1,-0.826957025638408,0.351661318079359,0.000142470364333508,adjoint,2,2,pmmr,FALSE,
0|0|0|0|0|1|0|1|1|1|0|0|0|1|0|0|1,1,-0.755828847931774,-0.0329938922680402,0.0010813826673033,adjoint,2,2,pmmr,FALSE,
1|0|0|1|0|1|0|1|1|1|0|0|0|1|0|0|1,1,-0.827319744552918,0.24623353131155,0.000752888725700648,adjoint,2,2,pmmr,FALSE,
0|0|0|0|0|1|0|1|1|0|0|1|0|1|0|0|1,1,-0.734080947483544,0.158097685662765,0.000259103869777846,adjoint,2,2,pmmr,FALSE,
1|0|0|1|0|1|0|1|1|0|0|1|0|1|0|0|1,1,-0.774714046116868,0.502694094062767,0.000253308268219214,adjoint,2,2,pmmr,FALSE,
0|0|0|0|0|1|0|1|1|1|0|1|0|1|0|0|1,1,-0.770900638738044,0.232667123967476,0.0014828230294959,adjoint,2,2,pmmr,FALSE,
1|0|0|1|0|1|0|1|1|1|0|1|0|1|0|0|1,1,-0.82239829508859,0.448208421524455,0.0018131104252859,adjoint,2,2,pmmr,FALSE,
0|0|0|0|0|1|0|2|1|0|0|0|0|1|0|0|1,1,-1.14882914610226,0.200794894471804,4.11725301982552e-05,adjoint,2,2,pmmr,FALSE,
1|0|0|1|0|1|0|2|1|0|0|0|0|1|0|0|1,1,-1.01004759199468,0.667162858366409,1.93469365908368e-05,adjoint,2,2,pmmr,FALSE,
0|0|0|0|0|1|0|2|1|1|0|0|0|1|0|0|1,1,-1.12756414253437,0.2361601310708,0.000219310420178643,adjoint,2,2,pmmr,FALSE,
1|0|0|1|0|1|0|2|1|1|0|0|0|1|0|0|1,1,-1.0104906178773,0.553586275368811,0.000132473682115823,adjoint,2,2,pmmr,FALSE,
0|0|0|0|0|1|0|2|1|0|0|1|0|1|0|0|1,1,-1.09512008752385,0.418079585101364,0.000251814690455457,adjoint,2,2,pmmr,FALSE,
1|0|0|1|0|1|0|2|1|0|0|1|0|1|0|0|1,1,-0.946237872712568,0.803017655108792,0.000208097616813036,adjoint,2,2,pmmr,FALSE,
0|0|0|0|0|1|0|2|1|1|0|1|0|1|0|0|1,1,-1.15004861229684,0.486910211750525,0.00181927877374401,adjoint,2,2,pmmr,FALSE,
1|0|0|1|0|1|0|2|1|1|0|1|0|1|0|0|1,1,-1.00447954592743,0.73897653070734,0.00192998145743107,adjoint,2,2,pmmr,FALSE,
0|0|0|0|0|1|0|3|1|0|0|0|0|1|0|0|1,1,-2.04353818470196,0.454613113406398,4.33381564440528e-06,adjoint,2,2,pmmr,FALSE,
1|0|0|1|0|1|0|3|1|0|0|0|0|1|0|0|1,1,-1.79667344757953,0.94427343485815,1.93391477553025e-06,adjoint,2,2,pmmr,FALSE,
0|0|0|0|0|1|0|3|1|1|0|0|0|1|0|0|1,1,-2.00571197970337,0.483976021318123,3.16347959888723e-05,adjoint,2,2,pmmr,FALSE,
1|0|0|1|0|1|0|3|1|1|0|0|0|1|0|0|1,1,-1.79746150236645,0.826474602829059,1.83741318194515e-05,adjoint,2,2,pmmr,FALSE,
0|0|0|0|0|1|0|3|1|0|0|1|0|1|0|0|1,1,-1.94800046924466,0.651812320706131,0.000160351861588094,adjoint,2,2,pmmr,FALSE,
1|0|0|1|0|1|0|3|1|0|0|1|0|1|0|0|1,1,-1.68316866895294,1.06156853040248,0.000125841039552158,adjoint,2,2,pmmr,FALSE,
0|0|0|0|0|1|0|3|1|1|0|1|0|1|0|0|1,1,-2.04570737212381,0.712004925782147,0.00158757806936789,adjoint,2,2,pmmr,FALSE,
1|0|0|1|0|1|0|3|1|1|0|1|0|1|0|0|1,1,-1.78676900287491,0.99008553501268,0.00161942345063175,adjoint,2,2,pmmr,FALSE,
0|0|0|0|0|1|0|0|0|0|0|0|0|1|0|1|1,1,0,-0.056929472826544,0.00420354465996152,adjoint,2,2,pmmr,FALSE,
1|0|0|1|0|1|0|0|0|0|0|0|0|1|0|1|1,1,0,0.255384275221785,0.00377653509008527,adjoint,2,2,pmmr,FALSE,
0|0|0|0|0|1|0|0|0|1|0|0|0|1|0|1|1,1,0,-0.0127073362227534,0.000526295021055867,adjoint,2,2,pmmr,FALSE,
1|0|0|1|0|1|0|0|0|1|0|0|0|1|0|1|1,1,0,0.172943076229799,0.000600153700796459,adjoint,2,2,pmmr,FALSE,
0|0|0|0|0|1|0|0|0|0|0|1|0|1|0|1|1,1,0,0.164924653515789,0.000575135454119375,adjoint,2,2,pmmr,FALSE,
1|0|0|1|0|1|0|0|0|0|0|1|0|1|0|1|1,1,0,0.415232874570614,0.0009087185455663,adjoint,2,2,pmmr,FALSE,
0|0|0|0|0|1|0|0|0|1|0|1|0|1|0|1|1,1,0,0.242458781078556,9.76675324980188e-05,adjoint,2,2,pmmr,FALSE,
1|0|0|1|0|1|0|0|0|1|0|1|0|1|0|1|1,1,0,0.380335351952491,0.000195599160281529,adjoint,2,2,pmmr,FALSE,
0|0|0|0|0|1|0|1|0|0|0|0|0|1|0|1|1,1,0.773836268694551,0.21361470864815,0.00268589286761164,adjoint,2,2,pmmr,FALSE,
1|0|0|1|0|1|0|1|0|0|0|0|0|1|0|1|1,1,0.865694068722909,0.577083165214104,0.00160790552243234,adjoint,2,2,pmmr,FALSE,
0|0|0|0|0|1|0|1|0|1|0|0|0|1|0|1|1,1,0.435488965815403,0.255665891145199,0.000417989949151942,adjoint,2,2,pmmr,FALSE,
1|0|0|1|0|1|0|1|0|1|0|0|0|1|0|1|1,1,0.489233428643141,0.48399232353905,0.000313397115837013,adjoint,2,2,pmmr,FALSE,
0|0|0|0|0|1|0|1|0|0|0|1|0|1|0|1|1,1,1.23390479172961,0.432092603264178,0.00222317283895403,adjoint,2,2,pmmr,FALSE,
1|0|0|1|0|1|0|1|0|0|0|1|0|1|0|1|1,1,1.37268271902219,0.729997336672483,0.00234059601525493,adjoint,2,2,pmmr,FALSE,
0|0|0|0|0|1|0|1|0|1|0|1|0|1|0|1|1,1,0.871701600993315,0.507188482134505,0.000469263592078361,adjoint,2,2,pmmr,FALSE,
1|0|0|1|0|1|0|1|0|1|0|1|0|1|0|1|1,1,0.969063373570781,0.684690128701832,0.000617916170124823,adjoint,2,2,pmmr,FALSE,
0|0|0|0|0|1|0|2|0|0|0|0|0|1|0|1|1,1,1.1544280575691,0.485004611242453,0.000549674178742178,adjoint,2,2,pmmr,FALSE,
1|0|0|1|0|1|0|2|0|0|0|0|0|1|0|1|1,1,1.05736112326106,0.887980890057771,0.000275513495199786,adjoint,2,2,pmmr,FALSE,
0|0|0|0|0|1|0|2|0|1|0|0|0|1|0|1|1,1,0.649673194753673,0.522641549565934,0.000107990426438444,adjoint,2,2,pmmr,FALSE,
1|0|0|1|0|1|0|2|0|1|0|0|0|1|0|1|1,1,0.597551059128889,0.786792319013474,6.9580650645195e-05,adjoint,2,2,pmmr,FALSE,
0|0|0|0|0|1|0|2|0|0|0|1|0|1|0|1|1,1,1.84076964284014,0.692580656091232,0.00275245321409038,adjoint,2,2,pmmr,FALSE,
1|0|0|1|0|1|0|2|0|0|0|1|0|1|0|1|1,1,1.67659845909251,1.02895401958266,0.00242626860282881,adjoint,2,2,pmmr,FALSE,
0|0|0|0|0|1|0|2|0|1|0|1|0|1|0|1|1,1,1.30042597733526,0.761677813530001,0.000733442961563443,adjoint,2,2,pmmr,FALSE,
1|0|0|1|0|1|0|2|0|1|0|1|0|1|0|1|1,1,1.18361667731135,0.973915974319692,0.00082995227145416,adjoint,2,2,pmmr,FALSE,
0|0|0|0|0|1|0|3|0|0|0|0|0|1|0|1|1,1,2.05349753280351,0.726402328022684,7.26614176195367e-05,adjoint,2,2,pmmr,FALSE,
1|0|0|1|0|1|0|3|0|0|0|0|0|1|0|1|1,1,1.88083479404604,1.15270652678054,3.41080461315053e-05,adjoint,2,2,pmmr,FALSE,
0|0|0|0|0|1|0|3|0|1|0|0|0|1|0|1|1,1,1.15563918756834,0.757860728856895,1.95626047992477e-05,adjoint,2,2,pmmr,FALSE,
1|0|0|1|0|1|0|3|0|1|0|0|0|1|0|1|1,1,1.06292429190362,1.0468796491853,1.19523842800651e-05,adjoint,2,2,pmmr,FALSE,
0|0|0|0|0|1|0|3|0|0|0|1|0|1|0|1|1,1,3.27436248213811,0.916788118122051,0.00220114444721052,adjoint,2,2,pmmr,FALSE,
1|0|0|1|0|1|0|3|0|0|0|1|0|1|0|1|1,1,2.98233465193007,1.27808948383523,0.00181711708213468,adjoint,2,2,pmmr,FALSE,
0|0|0|0|0|1|0|3|0|1|0|1|0|1|0|1|1,1,2.31319874681036,0.976987536273603,0.000803781188776778,adjoint,2,2,pmmr,FALSE,
1|0|0|1|0|1|0|3|0|1|0|1|0|1|0|1|1,1,2.10541827245781,1.21509314667565,0.000862480425838168,adjoint,2,2,pmmr,FALSE,
0|0|0|0|0|1|0|0|1|0|0|0|0|1|0|1|1,1,0,-0.0240801564529725,0.000598055413868473,adjoint,2,2,pmmr,FALSE,
1|0|0|1|0|1|0|0|1|0|0|0|0|1|0|1|1,1,0,0.291288799749031,0.000496677657779349,adjoint,2,2,pmmr,FALSE,
0|0|0|0|0|1|0|0|1|1|0|0|0|1|0|1|1,1,0,0.0272718708814922,0.00274040755778309,adjoint,2,2,pmmr,FALSE,
1|0|0|1|0|1|0|0|1|1|0|0|0|1|0|1|1,1,0,0.209000700090019,0.00288870852707656,adjoint,2,2,pmmr,FALSE,
0|0|0|0|0|1|0|0|1|0|0|1|0|1|0|1|1,1,0,0.219980251801916,8.18268627713218e-05,adjoint,2,2,pmmr,FALSE,
1|0|0|1|0|1|0|0|1|0|0|1|0|1|0|1|1,1,0,0.472082827082317,0.000119511718553193,adjoint,2,2,pmmr,FALSE,
0|0|0|0|0|1|0|0|1|1|0|1|0|1|0|1|1,1,0,0.308724610203357,0.000508552871487617,adjoint,2,2,pmmr,FALSE,
1|0|0|1|0|1|0|0|1|1|0|1|0|1|0|1|1,1,0,0.442395223793838,0.00094147376154545,adjoint,2,2,pmmr,FALSE,
0|0|0|0|0|1|0|1|1|0|0|0|0|1|0|1|1,1,0.773836268694551,0.2539200252193,0.000297765675233586,adjoint,2,2,pmmr,FALSE,
1|0|0|1|0|1|0|1|1|0|0|0|0|1|0|1|1,1,0.865694068722909,0.623248428876429,0.000165526947856643,adjoint,2,2,pmmr,FALSE,
0|0|0|0|0|1|0|1|1|1|0|0|0|1|0|1|1,1,0.435488965815403,0.30533951865311,0.00169594561430963,adjoint,2,2,pmmr,FALSE,
1|0|0|1|0|1|0|1|1|1|0|0|0|1|0|1|1,1,0.489233428643141,0.532039411478873,0.00118076456283449,adjoint,2,2,pmmr,FALSE,
0|0|0|0|0|1|0|1|1|0|0|1|0|1|0|1|1,1,1.23390479172961,0.493266844288287,0.000246467224934689,adjoint,2,2,pmmr,FALSE,
1|0|0|1|0|1|0|1|1|0|0|1|0|1|0|1|1,1,1.37268271902219,0.795043598522388,0.000240954278199435,adjoint,2,2,pmmr,FALSE,
0|0|0|0|0|1|0|1|1|1|0|1|0|1|0|1|1,1,0.871701600993315,0.581939480186188,0.00190398245832266,adjoint,2,2,pmmr,FALSE,
1|0|0|1|0|1|0|1|1|1|0|1|0|1|0|1|1,1,0.969063373570781,0.756905412808617,0.00232807986932862,adjoint,2,2,pmmr,FALSE,
0|0|0|0|0|1|0|2|1|0|0|0|0|1|0|1|1,1,1.1544280575691,0.531285638849145,4.78356554440972e-05,adjoint,2,2,pmmr,FALSE,
1|0|0|1|0|1|0|2|1|0|0|0|0|1|0|1|1,1,1.05736112326106,0.942699136726233,2.2477933423127e-05,adjoint,2,2,pmmr,FALSE,
0|0|0|0|0|1|0|2|1|1|0|0|0|1|0|1|1,1,0.649673194753674,0.580204537969295,0.000343947204371135,adjoint,2,2,pmmr,FALSE,
1|0|0|1|0|1|0|2|1|1|0|0|0|1|0|1|1,1,0.597551059128889,0.845073704933653,0.000207760089918997,adjoint,2,2,pmmr,FALSE,
0|0|0|0|0|1|0|2|1|0|0|1|0|1|0|1|1,1,1.84076964284014,0.757494429107923,0.000239533543082769,adjoint,2,2,pmmr,FALSE,
1|0|0|1|0|1|0|2|1|0|0|1|0|1|0|1|1,1,1.67659845909251,1.09963976724326,0.000197948576281035,adjoint,2,2,pmmr,FALSE,
0|0|0|0|0|1|0|2|1|1|0|1|0|1|0|1|1,1,1.30042597733526,0.84206591512726,0.00233600018552781,adjoint,2,2,pmmr,FALSE,
1|0|0|1|0|1|0|2|1|1|0|1|0|1|0|1|1,1,1.18361667731135,1.05350102035027,0.00247814524507754,adjoint,2,2,pmmr,FALSE,
0|0|0|0|0|1|0|3|1|0|0|0|0|1|0|1|1,1,2.05349753280351,0.776438028895642,5.03517541734159e-06,adjoint,2,2,pmmr,FALSE,
1|0|0|1|0|1|0|3|1|0|0|0|0|1|0|1|1,1,1.88083479404604,1.21324107061175,2.24688840872922e-06,adjoint,2,2,pmmr,FALSE,
0|0|0|0|0|1|0|3|1|1|0|0|0|1|0|1|1,1,1.15563918756834,0.82055593726915,4.96132360348439e-05,adjoint,2,2,pmmr,FALSE,
1|0|0|1|0|1|0|3|1|1|0|0|0|1|0|1|1,1,1.06292429190361,1.112426185629,2.88163748302485e-05,adjoint,2,2,pmmr,FALSE,
0|0|0|0|0|1|0|3|1|0|0|1|0|1|0|1|1,1,3.27436248213811,0.982583250735263,0.000152531409016061,adjoint,2,2,pmmr,FALSE,
1|0|0|1|0|1|0|3|1|0|0|1|0|1|0|1|1,1,2.98233465193007,1.35116669151851,0.00011970369963177,adjoint,2,2,pmmr,FALSE,
0|0|0|0|0|1|0|3|1|1|0|1|0|1|0|1|1,1,2.31319874681036,1.05947539715858,0.00203849059204443,adjoint,2,2,pmmr,FALSE,
1|0|0|1|0|1|0|3|1|1|0|1|0|1|0|1|1,1,2.10541827245781,1.29837976116561,0.00207938087099134,adjoint,2,2,pmmr,FALSE,
0|0|0|0|0|1|0|0|0|0|0|0|0|1|0|2|1,1,0,0.265844052530736,0.00327372387285366,adjoint,2,2,pmmr,FALSE,
1|0|0|1|0|1|0|0|0|0|0|0|0|1|0|2|1,1,0,0.510879897807621,0.00325049387528552,adjoint,2,2,pmmr,FALSE,
0|0|0|0|0|1|0|0|0|1|0|0|0|1|0|2|1,1,0,0.313679636075293,0.000452986322575578,adjoint,2,2,pmmr,FALSE,
1|0|0|1|0|1|0|0|0|1|0|0|0|1|0|2|1,1,0,0.441029279284118,0.00057088385942059,adjoint,2,2,pmmr,FALSE,
0|0|0|0|0|1|0|0|0|0|0|1|0|1|0|2|1,1,0,0.482685582397564,0.000405291104492887,adjoint,2,2,pmmr,FALSE,
1|0|0|1|0|1|0|0|0|0|0|1|0|1|0|2|1,1,0,0.680555511716827,0.000707710714878543,adjoint,2,2,pmmr,FALSE,
0|0|0|0|0|1|0|0|0|1|0|1|0|1|0|2|1,1,0,0.564897296324667,7.6063550790109e-05,adjoint,2,2,pmmr,FALSE,
1|0|0|1|0|1|0|0|0|1|0|1|0|1|0|2|1,1,0,0.658367645738459,0.000168353757436355,adjoint,2,2,pmmr,FALSE,
0|0|0|0|0|1|0|1|0|0|0|0|0|1|0|2|1,1,1.65455438401082,0.538581963799571,0.00209177546854185,adjoint,2,2,pmmr,FALSE,
1|0|0|1|0|1|0|1|0|0|0|0|0|1|0|2|1,1,1.85362906299535,0.830413580954101,0.00138393710849542,adjoint,2,2,pmmr,FALSE,
0|0|0|0|0|1|0|1|0|1|0|0|0|1|0|2|1,1,1.49600359771114,0.586405058838985,0.000359767283300581,adjoint,2,2,pmmr,FALSE,
1|0|0|1|0|1|0|1|0|1|0|0|0|1|0|2|1,1,1.65473534285956,0.752521843771313,0.000298112558137826,adjoint,2,2,pmmr,FALSE,
0|0|0|0|0|1|0|1|0|0|0|1|0|1|0|2|1,1,1.74660715763045,0.752837287402165,0.00156664342099704,adjoint,2,2,pmmr,FALSE,
1|0|0|1|0|1|0|1|0|0|0|1|0|1|0|2|1,1,2.00244706253921,0.994537120272567,0.00182285800953435,adjoint,2,2,pmmr,FALSE,
0|0|0|0|0|1|0|1|0|1|0|1|0|1|0|2|1,1,1.6096318489296,0.834715319042466,0.000365462852977528,adjoint,2,2,pmmr,FALSE,
1|0|0|1|0|1|0|1|0|1|0|1|0|1|0|2|1,1,1.81934793582407,0.964455460095387,0.000531845376388458,adjoint,2,2,pmmr,FALSE,
0|0|0|0|0|1|0|2|0|0|0|0|0|1|0|2|1,1,2.46830509365798,0.799629176451842,0.000428086680838539,adjoint,2,2,pmmr,FALSE,
1|0|0|1|0|1|0|2|0|0|0|0|0|1|0|2|1,1,2.26402765014837,1.12919237536598,0.000237136662931203,adjoint,2,2,pmmr,FALSE,
0|0|0|0|0|1|0|2|0|1|0|0|0|1|0|2|1,1,2.23177511482567,0.845053748000447,9.29482214131121e-05,adjoint,2,2,pmmr,FALSE,
1|0|0|1|0|1|0|2|0|1|0|0|0|1|0|2|1,1,2.02109831179378,1.04532159974436,6.61871622696141e-05,adjoint,2,2,pmmr,FALSE,
0|0|0|0|0|1|0|2|0|0|0|1|0|1|0|2|1,1,2.60563169483013,1.00393827554233,0.00193962099747748,adjoint,2,2,pmmr,FALSE,
1|0|0|1|0|1|0|2|0|0|0|1|0|1|0|2|1,1,2.44579436525512,1.28233893494218,0.00188957988782464,adjoint,2,2,pmmr,FALSE,
0|0|0|0|0|1|0|2|0|1|0|1|0|1|0|2|1,1,2.40128854634316,1.08174380043395,0.00057120595280382,adjoint,2,2,pmmr,FALSE,
1|0|0|1|0|1|0|2|0|1|0|1|0|1|0|2|1,1,2.22215658686853,1.24455363012982,0.00071434654009269,adjoint,2,2,pmmr,FALSE,
0|0|0|0|0|1|0|3|0|0|0|0|0|1|0|2|1,1,4.39062303345795,1.01931793495504,5.65887689411735e-05,adjoint,2,2,pmmr,FALSE,
1|0|0|1|0|1|0|3|0|0|0|0|0|1|0|2|1,1,4.02725415697924,1.37322099901114,2.93570673656604e-05,adjoint,2,2,pmmr,FALSE,
0|0|0|0|0|1|0|3|0|1|0|0|0|1|0|2|1,1,3.96988332189117,1.06020789485936,1.68376899903637e-05,adjoint,2,2,pmmr,FALSE,
1|0|0|1|0|1|0|3|0|1|0|0|0|1|0|2|1,1,3.59513125968308,1.28609938268132,1.13694596201377e-05,adjoint,2,2,pmmr,FALSE,
0|0|0|0|0|1|0|3|0|0|0|1|0|1|0|2|1,1,4.63489969915951,1.20745001540673,0.00155112027569973,adjoint,2,2,pmmr,FALSE,
1|0|0|1|0|1|0|3|0|0|0|1|0|1|0|2|1,1,4.35058093214744,1.5112136888788,0.00141517220649891,adjoint,2,2,pmmr,FALSE,
0|0|0|0|0|1|0|3|0|1|0|1|0|1|0|2|1,1,4.27141394661561,1.27788662809217,0.000625985419237419,adjoint,2,2,pmmr,FALSE,
1|0|0|1|0|1|0|3|0|1|0|1|0|1|0|2|1,1,3.95277387682903,1.46677747809378,0.000742343782029392,adjoint,2,2,pmmr,FALSE,
0|0|0|0|0|1|0|0|1|0|0|0|0|1|0|2|1,1,0,0.30154079531961,0.000465766024640859,adjoint,2,2,pmmr,FALSE,
1|0|0|1|0|1|0|0|1|0|0|0|0|1|0|2|1,1,0,0.549256927699851,0.000427494421762801,adjoint,2,2,pmmr,FALSE,
0|0|0|0|0|1|0|0|1|1|0|0|0|1|0|2|1,1,0,0.360135758066114,0.00235869064363942,adjoint,2,2,pmmr,FALSE,
1|0|0|1|0|1|0|0|1|1|0|0|0|1|0|2|1,1,0,0.48323212943098,0.00274782454976134,adjoint,2,2,pmmr,FALSE,
0|0|0|0|0|1|0|0|1|0|0|1|0|1|0|2|1,1,0,0.541438919301815,5.76624156139981e-05,adjoint,2,2,pmmr,FALSE,
1|0|0|1|0|1|0|0|1|0|0|1|0|1|0|2|1,1,0,0.740945333348938,9.30758199954358e-05,adjoint,2,2,pmmr,FALSE,
0|0|0|0|0|1|0|0|1|1|0|1|0|1|0|2|1,1,0,0.638391386583204,0.000396061374547767,adjoint,2,2,pmmr,FALSE,
1|0|0|1|0|1|0|0|1|1|0|1|0|1|0|2|1,1,0,0.727596526380468,0.000810333976157072,adjoint,2,2,pmmr,FALSE,
0|0|0|0|0|1|0|1|1|0|0|0|0|1|0|2|1,1,1.65455438401082,0.582443216479225,0.000231900141043703,adjoint,2,2,pmmr,FALSE,
1|0|0|1|0|1|0|1|1|0|0|0|0|1|0|2|1,1,1.85362906299535,0.879416947131071,0.000142470364333508,adjoint,2,2,pmmr,FALSE,
0|0|0|0|0|1|0|1|1|1|0|0|0|1|0|2|1,1,1.49600359771114,0.643397970618139,0.00145971391781939,adjoint,2,2,pmmr,FALSE,
1|0|0|1|0|1|0|1|1|1|0|0|0|1|0|2|1,1,1.65473534285956,0.807246605816186,0.00112317799557589,adjoint,2,2,pmmr,FALSE,
0|0|0|0|0|1|0|1|1|0|0|1|0|1|0|2|1,1,1.74660715763045,0.81847522775769,0.000173682517917498,adjoint,2,2,pmmr,FALSE,
1|0|0|1|0|1|0|1|1|0|0|1|0|1|0|2|1,1,2.00244706253921,1.06360275811711,0.000187655380546125,adjoint,2,2,pmmr,FALSE,
0|0|0|0|0|1|0|1|1|1|0|1|0|1|0|2|1,1,1.6096318489296,0.917590864064548,0.0014828230294959,adjoint,2,2,pmmr,FALSE,
1|0|0|1|0|1|0|1|1|1|0|1|0|1|0|2|1,1,1.81934793582407,1.04447870615869,0.00200379691328575,adjoint,2,2,pmmr,FALSE,
0|0|0|0|0|1|0|2|1|0|0|0|0|1|0|2|1,1,2.46830509365798,0.850050401214695,3.72544459185968e-05,adjoint,2,2,pmmr,FALSE,
1|0|0|1|0|1|0|2|1|0|0|0|0|1|0|2|1,1,2.26402765014837,1.18700746586931,1.93469365908368e-05,adjoint,2,2,pmmr,FALSE,
0|0|0|0|0|1|0|2|1|1|0|0|0|1|0|2|1,1,2.23177511482567,0.910514912983471,0.000296038102271336,adjoint,2,2,pmmr,FALSE,
1|0|0|1|0|1|0|2|1|1|0|0|0|1|0|2|1,1,2.02109831179378,1.11056481087634,0.000197627510767864,adjoint,2,2,pmmr,FALSE,
0|0|0|0|0|1|0|2|1|0|0|1|0|1|0|2|1,1,2.60563169483013,1.07392946259234,0.000168796434898552,adjoint,2,2,pmmr,FALSE,
1|0|0|1|0|1|0|2|1|0|0|1|0|1|0|2|1,1,2.44579436525512,1.3573800408733,0.00015416250621554,adjoint,2,2,pmmr,FALSE,
0|0|0|0|0|1|0|2|1|1|0|1|0|1|0|2|1,1,2.40128854634316,1.17086468229558,0.00181927877374401,adjoint,2,2,pmmr,FALSE,
1|0|0|1|0|1|0|2|1|1|0|1|0|1|0|2|1,1,2.22215658686853,1.33230184693479,0.00213295937917807,adjoint,2,2,pmmr,FALSE,
0|0|0|0|0|1|0|3|1|0|0|0|0|1|0|2|1,1,4.39062303345795,1.07389114777516,3.92139855792752e-06,adjoint,2,2,pmmr,FALSE,
1|0|0|1|0|1|0|3|1|0|0|0|0|1|0|2|1,1,4.02725415697924,1.43697829758659,1.93391477553025e-06,adjoint,2,2,pmmr,FALSE,
0|0|0|0|0|1|0|3|1|1|0|0|0|1|0|2|1,1,3.96988332189117,1.13105406564213,4.27025079914493e-05,adjoint,2,2,pmmr,FALSE,
1|0|0|1|0|1|0|3|1|1|0|0|0|1|0|2|1,1,3.59513125968308,1.35861421072455,2.74109836459741e-05,adjoint,2,2,pmmr,FALSE,
0|0|0|0|0|1|0|3|1|0|0|1|0|1|0|2|1,1,4.63489969915951,1.27871742882056,0.000107487067241631,adjoint,2,2,pmmr,FALSE,
1|0|0|1|0|1|0|3|1|0|0|1|0|1|0|2|1,1,4.35058093214744,1.58880341503288,9.32253350097671e-05,adjoint,2,2,pmmr,FALSE,
0|0|0|0|0|1|0|3|1|1|0|1|0|1|0|2|1,1,4.27141394661561,1.36936099140671,0.00158757806936789,adjoint,2,2,pmmr,FALSE,
1|0|0|1|0|1|0|3|1|1|0|1|0|1|0|2|1,1,3.95277387682903,1.55826077800357,0.00178973970168793,adjoint,2,2,pmmr,FALSE,
0|0|0|0|0|1|0|0|0|0|0|0|0|1|0|3|1,1,0,0.557207886470791,0.00254957871573798,adjoint,2,2,pmmr,FALSE,
1|0|0|1|0|1|0|0|0|0|0|0|0|1|0|3|1,1,0,0.730728742079908,0.00279772600577904,adjoint,2,2,pmmr,FALSE,
0|0|0|0|0|1|0|0|0|1|0|0|0|1|0|3|1,1,0,0.605880727735193,0.000389888941052255,adjoint,2,2,pmmr,FALSE,
1|0|0|1|0|1|0|0|0|1|0|0|0|1|0|3|1,1,0,0.675553478291344,0.000543041525053394,adjoint,2,2,pmmr,FALSE,
0|0|0|0|0|1|0|0|0|0|0|1|0|1|0|3|1,1,0,0.758528979064405,0.00028560381420508,adjoint,2,2,pmmr,FALSE,
1|0|0|1|0|1|0|0|0|0|0|1|0|1|0|3|1,1,0,0.90068099197308,0.000551165658935433,adjoint,2,2,pmmr,FALSE,
0|0|0|0|0|1|0|0|0|1|0|1|0|1|0|3|1,1,0,0.841222903184143,5.92383529185285e-05,adjoint,2,2,pmmr,FALSE,
1|0|0|1|0|1|0|0|0|1|0|1|0|1|0|3|1,1,0,0.891382886573324,0.0001449034218866,adjoint,2,2,pmmr,FALSE,
0|0|0|0|0|1|0|1|0|0|0|0|0|1|0|3|1,1,1.52268965998362,0.819014842162593,0.00162907637290995,adjoint,2,2,pmmr,FALSE,
1|0|0|1|0|1|0|1|0|0|0|0|0|1|0|3|1,1,1.85420213282105,1.0330696143892,0.00119116570815263,adjoint,2,2,pmmr,FALSE,
0|0|0|0|0|1|0|1|0|1|0|0|0|1|0|3|1,1,1.56145831472382,0.869688793753329,0.000309654570393583,adjoint,2,2,pmmr,FALSE,
1|0|0|1|0|1|0|1|0|1|0|0|0|1|0|3|1,1,1.87691311816571,0.972684346309834,0.00028357343711388,adjoint,2,2,pmmr,FALSE,
0|0|0|0|0|1|0|1|0|0|0|1|0|1|0|3|1,1,1.37946501088407,1.01856523262481,0.0011039949596128,adjoint,2,2,pmmr,FALSE,
1|0|0|1|0|1|0|1|0|0|0|1|0|1|0|3|1,1,1.73196262963132,1.198962901271,0.00141964324525333,adjoint,2,2,pmmr,FALSE,
0|0|0|0|0|1|0|1|0|1|0|1|0|1|0|3|1,1,1.42975305880877,1.10292466395406,0.000284622756082408,adjoint,2,2,pmmr,FALSE,
1|0|0|1|0|1|0|1|0|1|0|1|0|1|0|3|1,1,1.76664602055749,1.18453082939425,0.000457763557682333,adjoint,2,2,pmmr,FALSE,
0|0|0|0|0|1|0|2|0|0|0|0|0|1|0|3|1,1,2.27158604160655,1.05784600703944,0.000333394242259493,adjoint,2,2,pmmr,FALSE,
1|0|0|1|0|1|0|2|0|0|0|0|0|1|0|3|1,1,2.2647275992141,1.30609472637894,0.000204105417287706,adjoint,2,2,pmmr,FALSE,
0|0|0|0|0|1|0|2|0|1|0|0|0|1|0|3|1,1,2.32942207824231,1.10812916790396,8.0001275564788e-05,adjoint,2,2,pmmr,FALSE,
1|0|0|1|0|1|0|2|0|1|0|0|0|1|0|3|1,1,2.2924668593546,1.24202543193472,6.29591762750604e-05,adjoint,2,2,pmmr,FALSE,
0|0|0|0|0|1|0|2|0|0|0|1|0|1|0|3|1,1,2.05791997276884,1.24879306221582,0.00136682781549071,adjoint,2,2,pmmr,FALSE,
1|0|0|1|0|1|0|2|0|0|0|1|0|1|0|3|1,1,2.11542393286203,1.46240575271229,0.00147160629631381,adjoint,2,2,pmmr,FALSE,
0|0|0|0|0|1|0|2|0|1|0|1|0|1|0|3|1,1,2.13294092465908,1.33109310333974,0.000444855643338663,adjoint,2,2,pmmr,FALSE,
1|0|0|1|0|1|0|2|0|1|0|1|0|1|0|3|1,1,2.1577863222016,1.44256931626413,0.000614843764989421,adjoint,2,2,pmmr,FALSE,
0|0|0|0|0|1|0|3|0|0|0|0|0|1|0|3|1,1,4.0406990296238,1.24655448041399,4.40713775644328e-05,adjoint,2,2,pmmr,FALSE,
1|0|0|1|0|1|0|3|0|0|0|0|0|1|0|3|1,1,4.02849922692546,1.51873686541284,2.52678620460717e-05,adjoint,2,2,pmmr,FALSE,
0|0|0|0|0|1|0|3|0|1|0|0|0|1|0|3|1,1,4.14357781688124,1.29407780939061,1.44923340792783e-05,adjoint,2,2,pmmr,FALSE,
1|0|0|1|0|1|0|3|0|1|0|0|0|1|0|3|1,1,4.0778418445852,1.45291486155397,1.08149645313477e-05,adjoint,2,2,pmmr,FALSE,
0|0|0|0|0|1|0|3|0|0|0|1|0|1|0|3|1,1,3.6606296590595,1.42304259617765,0.00109305598400681,adjoint,2,2,pmmr,FALSE,
1|0|0|1|0|1|0|3|0|0|0|1|0|1|0|3|1,1,3.76291774830298,1.6610316972871,0.00110213722260224,adjoint,2,2,pmmr,FALSE,
0|0|0|0|0|1|0|3|0|1|0|1|0|1|0|3|1,1,3.79407698702861,1.49977282110264,0.000487517934693384,adjoint,2,2,pmmr,FALSE,
1|0|0|1|0|1|0|3|0|1|0|1|0|1|0|3|1,1,3.83827199963298,1.63612170055534,0.000638941214442242,adjoint,2,2,pmmr,FALSE,
0|0|0|0|0|1|0|0|1|0|0|0|0|1|0|3|1,1,0,0.593561640199181,0.000362738944718357,adjoint,2,2,pmmr,FALSE,
1|0|0|1|0|1|0|0|1|0|0|0|0|1|0|3|1,1,0,0.76919304393404,0.000367947858688461,adjoint,2,2,pmmr,FALSE,
0|0|0|0|0|1|0|0|1|1|0|0|0|1|0|3|1,1,0,0.655884430224336,0.0020301438508996,adjoint,2,2,pmmr,FALSE,
1|0|0|1|0|1|0|0|1|1|0|0|0|1|0|3|1,1,0,0.721131873316689,0.00261381156509841,adjoint,2,2,pmmr,FALSE,
0|0|0|0|0|1|0|0|1|0|0|1|0|1|0|3|1,1,0,0.817806797466024,4.06340175075948e-05,adjoint,2,2,pmmr,FALSE,
1|0|0|1|0|1|0|0|1|0|0|1|0|1|0|3|1,1,0,0.961325748593509,7.24875214974585e-05,adjoint,2,2,pmmr,FALSE,
0|0|0|0|0|1|0|0|1|1|0|1|0|1|0|3|1,1,0,0.91784438007544,0.000308452908642138,adjoint,2,2,pmmr,FALSE,
1|0|0|1|0|1|0|0|1|1|0|1|0|1|0|3|1,1,0,0.96386714643432,0.000697460916846624,adjoint,2,2,pmmr,FALSE,
0|0|0|0|0|1|0|1|1|0|0|0|0|1|0|3|1,1,1.52268965998362,0.863805687325231,0.000180604011439205,adjoint,2,2,pmmr,FALSE,
1|0|0|1|0|1|0|1|1|0|0|0|0|1|0|3|1,1,1.85420213282105,1.0820081907201,0.000122625378986034,adjoint,2,2,pmmr,FALSE,
0|0|0|0|0|1|0|1|1|1|0|0|0|1|0|3|1,1,1.56145831472382,0.930513149371123,0.00125638741236582,adjoint,2,2,pmmr,FALSE,
1|0|0|1|0|1|0|1|1|1|0|0|0|1|0|3|1,1,1.87691311816571,1.03069746168347,0.00106839995834352,adjoint,2,2,pmmr,FALSE,
0|0|0|0|0|1|0|1|1|0|0|1|0|1|0|3|1,1,1.37946501088407,1.08512755289782,0.000122392001768818,adjoint,2,2,pmmr,FALSE,
1|0|0|1|0|1|0|1|1|0|0|1|0|1|0|3|1,1,1.73196262963132,1.26834394030645,0.000146146157316885,adjoint,2,2,pmmr,FALSE,
0|0|0|0|0|1|0|1|1|1|0|1|0|1|0|3|1,1,1.42975305880877,1.18932921599474,0.00115482373652772,adjoint,2,2,pmmr,FALSE,
1|0|0|1|0|1|0|1|1|1|0|1|0|1|0|3|1,1,1.76664602055749,1.26791679255994,0.00172468398640095,adjoint,2,2,pmmr,FALSE,
0|0|0|0|0|1|0|2|1|0|0|0|0|1|0|3|1,1,2.27158604160655,1.10944423785692,2.90137916542945e-05,adjoint,2,2,pmmr,FALSE,
1|0|0|1|0|1|0|2|1|0|0|0|0|1|0|3|1,1,2.2647275992141,1.36369757852999,1.66520626431231e-05,adjoint,2,2,pmmr,FALSE,
0|0|0|0|0|1|0|2|1|1|0|0|0|1|0|3|1,1,2.32942207824231,1.17757165897057,0.000254802355950676,adjoint,2,2,pmmr,FALSE,
1|0|0|1|0|1|0|2|1|1|0|0|0|1|0|3|1,1,2.2924668593546,1.31034934284959,0.000187989103333224,adjoint,2,2,pmmr,FALSE,
0|0|0|0|0|1|0|2|1|0|0|1|0|1|0|3|1,1,2.05791997276884,1.32009458171476,0.00011894883725999,adjoint,2,2,pmmr,FALSE,
1|0|0|1|0|1|0|2|1|0|0|1|0|1|0|3|1,1,2.11542393286203,1.53782666935381,0.000120061880560913,adjoint,2,2,pmmr,FALSE,
0|0|0|0|0|1|0|2|1|1|0|1|0|1|0|3|1,1,2.13294092465908,1.42403200164916,0.00141685573361702,adjoint,2,2,pmmr,FALSE,
1|0|0|1|0|1|0|2|1|1|0|1|0|1|0|3|1,1,2.1577863222016,1.53367653053436,0.00183585515104921,adjoint,2,2,pmmr,FALSE,
0|0|0|0|0|1|0|3|1|0|0|0|0|1|0|3|1,1,4.0406990296238,1.30250500103709,3.05398826764903e-06,adjoint,2,2,pmmr,FALSE,
1|0|0|1|0|1|0|3|1|0|0|0|0|1|0|3|1,1,4.02849922692546,1.58216155145921,1.66453587302516e-06,adjoint,2,2,pmmr,FALSE,
0|0|0|0|0|1|0|3|1|1|0|0|0|1|0|3|1,1,4.14357781688124,1.36890958804566,3.67543892415952e-05,adjoint,2,2,pmmr,FALSE,
1|0|0|1|0|1|0|3|1|1|0|0|0|1|0|3|1,1,4.0778418445852,1.528210836442,2.60741341985585e-05,adjoint,2,2,pmmr,FALSE,
0|0|0|0|0|1|0|3|1|0|0|1|0|1|0|3|1,1,3.6606296590595,1.4959538124854,7.57448560839722e-05,adjoint,2,2,pmmr,FALSE,
1|0|0|1|0|1|0|3|1|0|0|1|0|1|0|3|1,1,3.76291774830297,1.73906717961838,7.26039639077007e-05,adjoint,2,2,pmmr,FALSE,
0|0|0|0|0|1|0|3|1|1|0|1|0|1|0|3|1,1,3.79407698702861,1.59521340701591,0.0012364070436107,adjoint,2,2,pmmr,FALSE,
1|0|0|1|0|1|0|3|1|1|0|1|0|1|0|3|1,1,3.83827199963298,1.73085389881623,0.0015404432369674,adjoint,2,2,pmmr,FALSE,
