basis,candidate,probability,reference,fitted
polynomial,ensemble,0.00748294912415195,1.77880078307141,1.87914789098204
polynomial,ensemble,0.0076425891174435,1.70468808971871,1.98311253317129
polynomial,ensemble,0.000709245152938778,1.77880078307141,2.10603130920383
polynomial,ensemble,0.000904292506752669,1.70468808971871,2.19823067412087
polynomial,ensemble,0.000905462486159698,1.67032004603564,1.76480585362088
polynomial,ensemble,0.00161476113157825,1.60653065971263,1.84954771895429
polynomial,ensemble,0.000118622468061873,1.67032004603564,1.95837847085706
polynomial,ensemble,0.000263779258816363,1.60653065971263,2.03178950543754
polynomial,ensemble,0.000955884325267599,1.77880078307141,1.89285439704323
polynomial,ensemble,0.000526445968276534,1.70468808971871,2.0029841254573
polynomial,ensemble,0.000100182572573807,1.77880078307141,2.1260186788237
polynomial,ensemble,6.97582859681761e-05,1.70468808971871,2.22580621891299
polynomial,ensemble,0.00423314499514566,1.67032004603564,1.77546806180592
polynomial,ensemble,0.00407081826466162,1.60653065971263,1.86663745302403
polynomial,ensemble,0.00061322929520635,1.67032004603564,1.9766736173352
polynomial,ensemble,0.000744710791703774,1.60653065971263,2.05815581761312
polynomial,ensemble,0.00106462963936783,1.77880078307141,1.90784773620056
polynomial,ensemble,0.00100512855611679,1.70468808971871,2.01956420773751
polynomial,ensemble,0.00369302520387731,1.77880078307141,2.14619245451609
polynomial,ensemble,0.00435261412495031,1.70468808971871,2.24491279895368
polynomial,ensemble,0.000128823834574787,1.67032004603564,1.79662296911312
polynomial,ensemble,0.000212368151645404,1.60653065971263,1.88662639849642
polynomial,ensemble,0.000617664798248458,1.67032004603564,2.00030146611514
polynomial,ensemble,0.00126964374825572,1.60653065971263,2.07737193632462
polynomial,ensemble,0.000105972038196597,1.77880078307141,1.92211621762668
polynomial,ensemble,5.4195344890929e-05,1.70468808971871,2.04166689032188
polynomial,ensemble,0.000406479138868103,1.77880078307141,2.16682400006526
polynomial,ensemble,0.000262823452651471,1.70468808971871,2.27506528416264
polynomial,ensemble,0.000469298419546449,1.67032004603564,1.80919275477797
polynomial,ensemble,0.000419073206247334,1.60653065971263,1.9072431833402
polynomial,ensemble,0.00248810655825924,1.67032004603564,2.0211272200879
polynomial,ensemble,0.00280579516520357,1.60653065971263,2.10812616090901
polynomial,ensemble,0.000934898023489231,2.22140275816017,2.04675064006266
polynomial,ensemble,0.0012271489970857,2.10517091807565,2.16295538959069
polynomial,ensemble,0.000119612390536422,2.22140275816017,2.32033238236814
polynomial,ensemble,0.000195999093135422,2.10517091807565,2.4264264442731
polynomial,ensemble,0.000113220149243466,2.05127109637602,1.90452515960135
polynomial,ensemble,0.000258943968827728,1.95122942450071,2.00040463680677
polynomial,ensemble,2.00220509127348e-05,2.05127109637602,2.13862338616531
polynomial,ensemble,5.70987369063187e-05,1.95122942450071,2.22476122993992
polynomial,ensemble,0.000119425423258947,2.22140275816017,2.05938679367097
polynomial,ensemble,8.45299455541655e-05,2.10517091807565,2.18130413557655
polynomial,ensemble,1.68955359736889e-05,2.22140275816017,2.3416396755127
polynomial,ensemble,1.51196218992706e-05,2.10517091807565,2.45502306099737
polynomial,ensemble,0.000529317686205158,2.05127109637602,1.91450631043063
polynomial,ensemble,0.000652798619692812,1.95122942450071,2.01672365529921
polynomial,ensemble,0.000103505755447592,2.05127109637602,2.15854603877121
polynomial,ensemble,0.000161203142952165,1.95122942450071,2.25286401923072
polynomial,ensemble,0.000133011748319997,2.22140275816017,2.08002597267259
polynomial,ensemble,0.000161390659713171,2.10517091807565,2.20538395733085
polynomial,ensemble,0.000622819304603906,2.22140275816017,2.36678069226472
polynomial,ensemble,0.000943398750833641,2.10517091807565,2.48125367759076
polynomial,ensemble,1.61082916185006e-05,2.05127109637602,1.94223658197757
polynomial,ensemble,3.40554717129719e-05,1.95122942450071,2.0446155493356
polynomial,ensemble,0.000104254415201378,2.05127109637602,2.18848001118086
polynomial,ensemble,0.00027483227707784,1.95122942450071,2.27986995936872
polynomial,ensemble,1.32398399897382e-05,2.22140275816017,2.09372955311836
polynomial,ensemble,8.70199380178946e-06,2.10517091807565,2.22652192760938
polynomial,ensemble,6.85516725799842e-05,2.22140275816017,2.38930668441146
polynomial,ensemble,5.69651500921905e-05,2.10517091807565,2.51305553697248
polynomial,ensemble,5.86816548591944e-05,2.05127109637602,1.95472889616629
polynomial,ensemble,6.72028061196784e-05,1.95122942450071,2.06516386601988
polynomial,ensemble,0.000419962566954781,2.05127109637602,2.21172848858942
polynomial,ensemble,0.000607353893819652,1.95122942450071,2.31327812867959
polynomial,ensemble,0.000882983424545827,2.49182469764127,2.30189650549815
polynomial,ensemble,0.00111936699941155,2.349858807576,2.41959662384663
polynomial,ensemble,8.36904946958843e-05,2.49182469764127,2.61926214593949
polynomial,ensemble,0.000132446632197425,2.349858807576,2.71899688743946
polynomial,ensemble,0.00014775000352115,2.28402541668774,2.10964980352029
polynomial,ensemble,0.000327033383193953,2.16183424272828,2.20404684445288
polynomial,ensemble,1.93563735016384e-05,2.28402541668774,2.37799389418132
polynomial,ensemble,5.34225290292901e-05,2.16183424272828,2.45641010781047
polynomial,ensemble,0.000112793766333419,2.49182469764127,2.32249134434035
polynomial,ensemble,7.7105577024548e-05,2.349858807576,2.44812017310909
polynomial,ensemble,1.18214823518603e-05,2.49182469764127,2.65230894627534
polynomial,ensemble,1.02171033989081e-05,2.349858807576,2.76165843746983
polynomial,ensemble,0.00069074886867041,2.28402541668774,2.12663067487544
polynomial,ensemble,0.000824452263201824,2.16183424272828,2.22914760142566
polynomial,ensemble,0.000100064477447639,2.28402541668774,2.40824111298544
polynomial,ensemble,0.000150824344820521,2.16183424272828,2.49662489348359
polynomial,ensemble,0.000125625646953538,2.49182469764127,2.3261503958433
polynomial,ensemble,0.000147215520629698,2.349858807576,2.45376891526508
polynomial,ensemble,0.000435774717608172,2.49182469764127,2.65426328384208
polynomial,ensemble,0.000637502885183462,2.349858807576,2.76245188425561
polynomial,ensemble,2.10209945778757e-05,2.28402541668774,2.14073719083973
polynomial,ensemble,4.30103708573674e-05,2.16183424272828,2.24198170191652
polynomial,ensemble,0.00010078824635039,2.28402541668774,2.41899213435532
polynomial,ensemble,0.00025713765480427,2.16183424272828,2.50246879949264
polynomial,ensemble,1.25046357579688e-05,2.49182469764127,2.34870075546004
polynomial,ensemble,7.93768704039999e-06,2.349858807576,2.48644890356118
polynomial,ensemble,4.7964290026477e-05,2.49182469764127,2.68940292294391
polynomial,ensemble,3.84942713848094e-05,2.349858807576,2.8096416608037
polynomial,ensemble,7.65783720477939e-05,2.28402541668774,2.16113162541122
polynomial,ensemble,8.48738093609244e-05,2.16183424272828,2.2725615395975
polynomial,ensemble,0.000405999981625921,2.28402541668774,2.45344726317465
polynomial,ensemble,0.000568250416412313,2.16183424272828,2.54917860338915
polynomial,ensemble,0.000145869335475403,3.33964685192599,2.55019714120114
polynomial,ensemble,0.000237454143139697,3.11700001661268,2.68045319264746
polynomial,ensemble,1.86627626583844e-05,3.33964685192599,2.94425623608796
polynomial,ensemble,3.7925954246108e-05,3.11700001661268,3.05866013666988
polynomial,ensemble,2.4400600579441e-05,3.01375270747048,2.3147248770869
polynomial,ensemble,6.92403232783208e-05,2.82211880039051,2.4208907979126
polynomial,ensemble,4.31504524916592e-06,3.01375270747048,2.64816433823715
polynomial,ensemble,1.52679169168351e-05,2.82211880039051,2.74029000866211
polynomial,ensemble,1.8633590714669e-05,3.33964685192599,2.57337065737378
polynomial,ensemble,1.63566004119122e-05,3.11700001661268,2.71103061601351
polynomial,ensemble,2.63615981963957e-06,3.33964685192599,2.98447117112096
polynomial,ensemble,2.92565684461606e-06,3.11700001661268,3.10812493488048
polynomial,ensemble,0.000114075714676479,3.01375270747048,2.33419992205094
polynomial,ensemble,0.000174555088762244,2.82211880039051,2.44838637851561
polynomial,ensemble,2.2307006422673e-05,3.01375270747048,2.68502394144268
polynomial,ensemble,4.31049148664089e-05,2.82211880039051,2.78722844144944
polynomial,ensemble,2.07534242777046e-05,3.33964685192599,2.5775923123572
polynomial,ensemble,3.12291994728862e-05,3.11700001661268,2.71921896409911
polynomial,ensemble,9.71766286816531e-05,3.33964685192599,2.98343258601113
polynomial,ensemble,0.000182548282686344,3.11700001661268,3.10826047075586
polynomial,ensemble,3.47157279359331e-06,3.01375270747048,2.35113446431285
polynomial,ensemble,9.10626295517483e-06,2.82211880039051,2.46547719497968
polynomial,ensemble,2.24683535657752e-05,3.01375270747048,2.6961984241
polynomial,ensemble,7.34887775078738e-05,2.82211880039051,2.79512576840036
polynomial,ensemble,2.0657725362343e-06,3.33964685192599,2.60338875354368
polynomial,ensemble,1.68384156016759e-06,3.11700001661268,2.75467194261199
polynomial,ensemble,1.06959119323509e-05,3.33964685192599,3.02648058418967
polynomial,ensemble,1.10227942459221e-05,3.11700001661268,3.16305867177472
polynomial,ensemble,1.26467561748286e-05,3.01375270747048,2.37480761476711
polynomial,ensemble,1.79696945327679e-05,2.82211880039051,2.49934741304451
polynomial,ensemble,9.05080846744403e-05,3.01375270747048,2.73829405547641
polynomial,ensemble,0.000162403396158639,2.82211880039051,2.84973441157118
polynomial,ensemble,0.000955884325267599,1.77880078307141,1.87914789098204
polynomial,ensemble,0.000970351563627095,1.70468808971871,1.98311253317129
polynomial,ensemble,0.000139844897630605,1.77880078307141,2.10603130920383
polynomial,ensemble,0.000176779079384732,1.70468808971871,2.19823067412087
polynomial,ensemble,6.2589294446911e-05,1.67032004603564,1.76480585362088
polynomial,ensemble,0.000111229908396983,1.60653065971263,1.84954771895429
polynomial,ensemble,1.26565182893121e-05,1.67032004603564,1.95837847085706
polynomial,ensemble,2.79761065503157e-05,1.60653065971263,2.03178950543754
polynomial,ensemble,0.000122106248236165,1.77880078307141,1.89285439704323
polynomial,ensemble,6.6840917473422e-05,1.70468808971871,2.0029841254573
polynomial,ensemble,1.9753425945745e-05,1.77880078307141,2.1260186788237
polynomial,ensemble,1.36369653412199e-05,1.70468808971871,2.22580621891299
polynomial,ensemble,0.000292612408120141,1.67032004603564,1.77546806180592
polynomial,ensemble,0.000280410974616735,1.60653065971263,1.86663745302403
polynomial,ensemble,6.54289859006547e-05,1.67032004603564,1.9766736173352
polynomial,ensemble,7.89831185035628e-05,1.60653065971263,2.05815581761312
polynomial,ensemble,0.000135997554921548,1.77880078307141,1.90784773620056
polynomial,ensemble,0.000127617493376436,1.70468808971871,2.01956420773751
polynomial,ensemble,0.000728169560896594,1.77880078307141,2.14619245451609
polynomial,ensemble,0.000850887419922132,1.70468808971871,2.24491279895368
polynomial,ensemble,8.90483375868919e-06,1.67032004603564,1.79662296911312
polynomial,ensemble,1.46285971293273e-05,1.60653065971263,1.88662639849642
polynomial,ensemble,6.5902235414781e-05,1.67032004603564,2.00030146611514
polynomial,ensemble,0.00013465686779745,1.60653065971263,2.07737193632462
polynomial,ensemble,1.35370438243179e-05,1.77880078307141,1.92211621762668
polynomial,ensemble,6.8809845522369e-06,1.70468808971871,2.04166689032188
polynomial,ensemble,8.01472288227161e-05,1.77880078307141,2.16682400006526
polynomial,ensemble,5.13790478783116e-05,1.70468808971871,2.27506528416264
polynomial,ensemble,3.24398386608389e-05,1.67032004603564,1.80919275477797
polynomial,ensemble,2.88671020319653e-05,1.60653065971263,1.9072431833402
polynomial,ensemble,0.000265470502130676,1.67032004603564,2.0211272200879
polynomial,ensemble,0.000297579213969747,1.60653065971263,2.10812616090901
polynomial,ensemble,0.000132056579730201,2.22140275816017,2.04675064006266
polynomial,ensemble,0.000172859738935083,2.10517091807565,2.16295538959069
polynomial,ensemble,2.60789243617065e-05,2.22140275816017,2.32033238236814
polynomial,ensemble,4.2509300165877e-05,2.10517091807565,2.4264264442731
polynomial,ensemble,8.70500243869682e-06,2.05127109637602,1.90452515960135
polynomial,ensemble,1.99752704930459e-05,1.95122942450071,2.00040463680677
polynomial,ensemble,2.37613678042614e-06,2.05127109637602,2.13862338616531
polynomial,ensemble,6.7818270053608e-06,1.95122942450071,2.22476122993992
polynomial,ensemble,1.68691263989926e-05,2.22140275816017,2.05938679367097
polynomial,ensemble,1.19071313714885e-05,2.10517091807565,2.18130413557655
polynomial,ensemble,3.68371038094215e-06,2.22140275816017,2.3416396755127
polynomial,ensemble,3.2792220383723e-06,2.10517091807565,2.45502306099737
polynomial,ensemble,4.06969234721017e-05,2.05127109637602,1.91450631043063
polynomial,ensemble,5.03577243559056e-05,1.95122942450071,2.01672365529921
polynomial,ensemble,1.22836483423577e-05,2.05127109637602,2.15854603877121
polynomial,ensemble,1.91466902326703e-05,1.95122942450071,2.25286401923072
polynomial,ensemble,1.87882272780048e-05,2.22140275816017,2.08002597267259
polynomial,ensemble,2.27339527399143e-05,2.10517091807565,2.20538395733085
polynomial,ensemble,0.000135792433065955,2.22140275816017,2.36678069226472
polynomial,ensemble,0.000204609215449747,2.10517091807565,2.48125367759076
polynomial,ensemble,1.23849614012393e-06,2.05127109637602,1.94223658197757
polynomial,ensemble,2.62708284851948e-06,1.95122942450071,2.0446155493356
polynomial,ensemble,1.2372496282299e-05,2.05127109637602,2.18848001118086
polynomial,ensemble,3.26428404482803e-05,1.95122942450071,2.27986995936872
polynomial,ensemble,1.87015903477317e-06,2.22140275816017,2.09372955311836
polynomial,ensemble,1.22578788750539e-06,2.10517091807565,2.22652192760938
polynomial,ensemble,1.4946226524396e-05,2.22140275816017,2.38930668441146
polynomial,ensemble,1.23548972881728e-05,2.10517091807565,2.51305553697248
polynomial,ensemble,4.51177596981956e-06,2.05127109637602,1.95472889616629
polynomial,ensemble,5.18411081829589e-06,1.95122942450071,2.06516386601988
polynomial,ensemble,4.98394747917028e-05,2.05127109637602,2.21172848858942
polynomial,ensemble,7.2137655963828e-05,1.95122942450071,2.31327812867959
polynomial,ensemble,0.00412805270405592,2.49182469764127,2.30189650549815
polynomial,ensemble,0.00520141172609965,2.349858807576,2.41959662384663
polynomial,ensemble,0.000603929882050146,2.49182469764127,2.61926214593949
polynomial,ensemble,0.00094759550137048,2.349858807576,2.71899688743946
polynomial,ensemble,0.000373781006118126,2.28402541668774,2.10964980352029
polynomial,ensemble,0.000824452263201824,2.16183424272828,2.20404684445288
polynomial,ensemble,7.55842701525296e-05,2.28402541668774,2.37799389418132
polynomial,ensemble,0.00020736297182466,2.16183424272828,2.45641010781047
polynomial,ensemble,0.000527324295303528,2.49182469764127,2.32249134434035
polynomial,ensemble,0.000358289866231539,2.349858807576,2.44812017310909
polynomial,ensemble,8.53065389129307e-05,2.49182469764127,2.65230894627534
polynomial,ensemble,7.30987346164517e-05,2.349858807576,2.76165843746983
polynomial,ensemble,0.00174747073403369,2.28402541668774,2.12663067487544
polynomial,ensemble,0.00207844693914776,2.16183424272828,2.22914760142566
polynomial,ensemble,0.00039073954092867,2.28402541668774,2.40824111298544
polynomial,ensemble,0.000585434365122306,2.16183424272828,2.49662489348359
polynomial,ensemble,0.000587314865929753,2.49182469764127,2.3261503958433
polynomial,ensemble,0.00068407281585907,2.349858807576,2.45376891526508
polynomial,ensemble,0.00314465071286622,2.49182469764127,2.65426328384208
polynomial,ensemble,0.00456104361498663,2.349858807576,2.76245188425561
polynomial,ensemble,5.31793456221294e-05,2.28402541668774,2.14073719083973
polynomial,ensemble,0.000108429290148266,2.16183424272828,2.24198170191652
polynomial,ensemble,0.000393565769936334,2.28402541668774,2.41899213435532
polynomial,ensemble,0.000998096294524031,2.16183424272828,2.50246879949264
polynomial,ensemble,5.84606619093318e-05,2.49182469764127,2.34870075546004
polynomial,ensemble,3.68843984785601e-05,2.349858807576,2.48644890356118
polynomial,ensemble,0.000346121362092197,2.49182469764127,2.68940292294391
polynomial,ensemble,0.000275409029188504,2.349858807576,2.8096416608037
polynomial,ensemble,0.000193729544966239,2.28402541668774,2.16113162541122
polynomial,ensemble,0.000213967159960164,2.16183424272828,2.2725615395975
polynomial,ensemble,0.00158538025165397,2.28402541668774,2.45344726317465
polynomial,ensemble,0.00220570042693509,2.16183424272828,2.54917860338915
polynomial,ensemble,0.000754084375812706,3.33964685192599,2.55019714120114
polynomial,ensemble,0.00122415508932939,3.11700001661268,2.68045319264746
polynomial,ensemble,0.0001489188152483,3.33964685192599,2.94425623608796
polynomial,ensemble,0.000301041621736058,3.11700001661268,3.05866013666988
polynomial,ensemble,6.86603202630765e-05,3.01375270747048,2.3147248770869
polynomial,ensemble,0.000195481692525041,2.82211880039051,2.4208907979126
polynomial,ensemble,1.87416733633171e-05,3.01375270747048,2.64816433823715
polynomial,ensemble,6.63682137311478e-05,2.82211880039051,2.74029000866211
polynomial,ensemble,9.63279881780911e-05,3.33964685192599,2.57337065737378
polynomial,ensemble,8.4323715617755e-05,3.11700001661268,2.71103061601351
polynomial,ensemble,2.10351384911134e-05,3.33964685192599,2.98447117112096
polynomial,ensemble,2.32227375330128e-05,3.11700001661268,3.10812493488048
polynomial,ensemble,0.000320995177082884,3.01375270747048,2.33419992205094
polynomial,ensemble,0.000492810006864686,2.82211880039051,2.44838637851561
polynomial,ensemble,9.68867309486421e-05,3.01375270747048,2.68502394144268
polynomial,ensemble,0.000187373052807374,2.82211880039051,2.78722844144944
polynomial,ensemble,0.000107286654466648,3.33964685192599,2.5775923123572
polynomial,ensemble,0.000160996910666349,3.11700001661268,2.71921896409911
polynomial,ensemble,0.00077541726688542,3.33964685192599,2.98343258601113
polynomial,ensemble,0.00144899797928404,3.11700001661268,3.10826047075586
polynomial,ensemble,9.76858332026189e-06,3.01375270747048,2.35113446431285
polynomial,ensemble,2.5709118773179e-05,2.82211880039051,2.46547719497968
polynomial,ensemble,9.7587515130386e-05,3.01375270747048,2.6961984241
polynomial,ensemble,0.00031944887564232,2.82211880039051,2.79512576840036
polynomial,ensemble,1.06791930495902e-05,3.33964685192599,2.60338875354368
polynomial,ensemble,8.68076331812331e-06,3.11700001661268,2.75467194261199
polynomial,ensemble,8.53476284364712e-05,3.33964685192599,3.02648058418967
polynomial,ensemble,8.74946964899589e-05,3.11700001661268,3.16305867177472
polynomial,ensemble,3.55864326546287e-05,3.01375270747048,2.37480761476711
polynomial,ensemble,5.07326675426327e-05,2.82211880039051,2.49934741304451
polynomial,ensemble,0.000393106644718428,3.01375270747048,2.73829405547641
polynomial,ensemble,0.000705952446927189,2.82211880039051,2.84973441157118
polynomial,ensemble,0.00106462963936783,1.77880078307141,1.87914789098204
polynomial,ensemble,0.000744617548498822,1.70468808971871,1.98311253317129
polynomial,ensemble,8.14586064091042e-05,1.77880078307141,2.10603130920383
polynomial,ensemble,7.13780584804168e-05,1.70468808971871,2.19823067412087
polynomial,ensemble,0.000173893987726491,1.67032004603564,1.76480585362088
polynomial,ensemble,0.000212368151645404,1.60653065971263,1.84954771895429
polynomial,ensemble,1.83906000541097e-05,1.67032004603564,1.95837847085706
polynomial,ensemble,2.81050774725219e-05,1.60653065971263,2.03178950543754
polynomial,ensemble,0.000135997554921548,1.77880078307141,1.89285439704323
polynomial,ensemble,5.12916369428333e-05,1.70468808971871,2.0029841254573
polynomial,ensemble,1.15062227983188e-05,1.77880078307141,2.1260186788237
polynomial,ensemble,5.50619515051667e-06,1.70468808971871,2.22580621891299
polynomial,ensemble,0.000812975109496126,1.67032004603564,1.77546806180592
polynomial,ensemble,0.000535380827321236,1.60653065971263,1.86663745302403
polynomial,ensemble,9.50718265592076e-05,1.67032004603564,1.9766736173352
polynomial,ensemble,7.93472337035748e-05,1.60653065971263,2.05815581761312
polynomial,ensemble,0.000151469193524543,1.77880078307141,1.90784773620056
polynomial,ensemble,9.79296871623786e-05,1.70468808971871,2.01956420773751
polynomial,ensemble,0.000424153320322389,1.77880078307141,2.14619245451609
polynomial,ensemble,0.000343562667204943,1.70468808971871,2.24491279895368
polynomial,ensemble,2.4740605658263e-05,1.67032004603564,1.79662296911312
polynomial,ensemble,2.79299711587711e-05,1.60653065971263,1.88662639849642
polynomial,ensemble,9.57594834914816e-05,1.67032004603564,2.00030146611514
polynomial,ensemble,0.000135277641113065,1.60653065971263,2.07737193632462
polynomial,ensemble,1.50770733485513e-05,1.77880078307141,1.92211621762668
polynomial,ensemble,5.2802530965096e-06,1.70468808971871,2.04166689032188
polynomial,ensemble,4.66851610467426e-05,1.77880078307141,2.16682400006526
polynomial,ensemble,2.07453093255728e-05,1.70468808971871,2.27506528416264
polynomial,ensemble,9.01287185897598e-05,1.67032004603564,1.80919275477797
polynomial,ensemble,5.5115150144761e-05,1.60653065971263,1.9072431833402
polynomial,ensemble,0.000385742881197564,1.67032004603564,2.0211272200879
polynomial,ensemble,0.000298951065538372,1.60653065971263,2.10812616090901
polynomial,ensemble,0.00486799514877874,2.22140275816017,2.04675064006266
polynomial,ensemble,0.00437572668196998,2.10517091807565,2.16295538959069
polynomial,ensemble,0.000502778739068938,2.22140275816017,2.32033238236814
polynomial,ensemble,0.000566200169935022,2.10517091807565,2.4264264442731
polynomial,ensemble,0.000795789056860014,2.05127109637602,1.90452515960135
polynomial,ensemble,0.00124637013784139,1.95122942450071,2.00040463680677
polynomial,ensemble,0.000113605050807996,2.05127109637602,2.13862338616531
polynomial,ensemble,0.000222654142301546,1.95122942450071,2.22476122993992
polynomial,ensemble,0.000621845769761753,2.22140275816017,2.05938679367097
polynomial,ensemble,0.000301414041053892,2.10517091807565,2.18130413557655
polynomial,ensemble,7.10186982690438e-05,2.22140275816017,2.3416396755127
polynomial,ensemble,4.36774086643626e-05,2.10517091807565,2.45502306099737
polynomial,ensemble,0.00372040864721646,2.05127109637602,1.91450631043063
polynomial,ensemble,0.00314210332564453,1.95122942450071,2.01672365529921
polynomial,ensemble,0.000587291314850503,2.05127109637602,2.15854603877121
polynomial,ensemble,0.000628604930249441,1.95122942450071,2.25286401923072
polynomial,ensemble,0.000692589490280147,2.22140275816017,2.08002597267259
polynomial,ensemble,0.000575481394357805,2.10517091807565,2.20538395733085
polynomial,ensemble,0.00261795875186688,2.22140275816017,2.36678069226472
polynomial,ensemble,0.00272528063519881,2.10517091807565,2.48125367759076
polynomial,ensemble,0.000113220149243466,2.05127109637602,1.94223658197757
polynomial,ensemble,0.000163918561862273,1.95122942450071,2.0446155493356
polynomial,ensemble,0.000591539207822979,2.05127109637602,2.18848001118086
polynomial,ensemble,0.0010716969979554,1.95122942450071,2.27986995936872
polynomial,ensemble,6.89395797416559e-05,2.22140275816017,2.09372955311836
polynomial,ensemble,3.10292772558639e-05,2.10517091807565,2.22652192760938
polynomial,ensemble,0.000288150110086933,2.22140275816017,2.38930668441146
polynomial,ensemble,0.000164560341308759,2.10517091807565,2.51305553697248
polynomial,ensemble,0.000412455018717247,2.05127109637602,1.95472889616629
polynomial,ensemble,0.000323466003498371,1.95122942450071,2.06516386601988
polynomial,ensemble,0.00238286621906497,2.05127109637602,2.21172848858942
polynomial,ensemble,0.00236835116902479,1.95122942450071,2.31327812867959
polynomial,ensemble,0.000125625646953538,2.49182469764127,2.30189650549815
polynomial,ensemble,0.000109059940049626,2.349858807576,2.41959662384663
polynomial,ensemble,9.61206578482424e-06,2.49182469764127,2.61926214593949
polynomial,ensemble,1.0454342359278e-05,2.349858807576,2.71899688743946
polynomial,ensemble,2.83753746749529e-05,2.28402541668774,2.10964980352029
polynomial,ensemble,4.30103708573674e-05,2.16183424272828,2.20404684445288
polynomial,ensemble,3.00090977183953e-06,2.28402541668774,2.37799389418132
polynomial,ensemble,5.69204843429907e-06,2.16183424272828,2.45641010781047
polynomial,ensemble,1.60476283858334e-05,2.49182469764127,2.32249134434035
polynomial,ensemble,7.51239728543871e-06,2.349858807576,2.44812017310909
polynomial,ensemble,1.35772725986537e-06,2.49182469764127,2.65230894627534
polynomial,ensemble,8.06461403209649e-07,2.349858807576,2.76165843746983
polynomial,ensemble,0.000132658257108041,2.28402541668774,2.12663067487544
polynomial,ensemble,0.000108429290148266,2.16183424272828,2.22914760142566
polynomial,ensemble,1.55134673424864e-05,2.28402541668774,2.40824111298544
polynomial,ensemble,1.60699894106312e-05,2.16183424272828,2.49662489348359
polynomial,ensemble,1.78732722877697e-05,2.49182469764127,2.3261503958433
polynomial,ensemble,1.43432099237244e-05,2.349858807576,2.45376891526508
polynomial,ensemble,5.00498326391054e-05,2.49182469764127,2.65426328384208
polynomial,ensemble,5.03196895697656e-05,2.349858807576,2.76245188425561
polynomial,ensemble,4.03708008779839e-06,2.28402541668774,2.14073719083973
polynomial,ensemble,5.65658460681113e-06,2.16183424272828,2.24198170191652
polynomial,ensemble,1.56256766451553e-05,2.28402541668774,2.41899213435532
polynomial,ensemble,2.73974297365351e-05,2.16183424272828,2.50246879949264
polynomial,ensemble,1.77908544299253e-06,2.49182469764127,2.34870075546004
polynomial,ensemble,7.7336894263794e-07,2.349858807576,2.48644890356118
polynomial,ensemble,5.50882047874379e-06,2.49182469764127,2.68940292294391
polynomial,ensemble,3.03844865853506e-06,2.349858807576,2.8096416608037
polynomial,ensemble,1.47068693541049e-05,2.28402541668774,2.16113162541122
polynomial,ensemble,1.11623283869032e-05,2.16183424272828,2.2725615395975
polynomial,ensemble,6.29440898174842e-05,2.28402541668774,2.45344726317465
polynomial,ensemble,6.05457838069798e-05,2.16183424272828,2.54917860338915
polynomial,ensemble,0.000759538687224554,3.33964685192599,2.55019714120114
polynomial,ensemble,0.000846706009089562,3.11700001661268,2.68045319264746
polynomial,ensemble,7.84470591620539e-05,3.33964685192599,2.94425623608796
polynomial,ensemble,0.000109560107628954,3.11700001661268,3.05866013666988
polynomial,ensemble,0.000171504198251637,3.01375270747048,2.3147248770869
polynomial,ensemble,0.000333273146539268,2.82211880039051,2.4208907979126
polynomial,ensemble,2.44835525045291e-05,3.01375270747048,2.64816433823715
polynomial,ensemble,5.95366050115374e-05,2.82211880039051,2.74029000866211
polynomial,ensemble,9.70247309592075e-05,3.33964685192599,2.57337065737378
polynomial,ensemble,5.83238164385081e-05,3.11700001661268,2.71103061601351
polynomial,ensemble,1.10808345536661e-05,3.33964685192599,2.98447117112096
polynomial,ensemble,8.45160748498278e-06,3.11700001661268,3.10812493488048
polynomial,ensemble,0.000801802558993415,3.01375270747048,2.33419992205094
polynomial,ensemble,0.000840182727662812,2.82211880039051,2.44838637851561
polynomial,ensemble,0.000126569880831251,3.01375270747048,2.68502394144268
polynomial,ensemble,0.00016808581710499,2.82211880039051,2.78722844144944
polynomial,ensemble,0.000108062661558913,3.33964685192599,2.5775923123572
polynomial,ensemble,0.000111356030697654,3.11700001661268,2.71921896409911
polynomial,ensemble,0.000408472254558399,3.33964685192599,2.98343258601113
polynomial,ensemble,0.000527343606671384,3.11700001661268,3.10826047075586
polynomial,ensemble,2.4400600579441e-05,3.01375270747048,2.35113446431285
polynomial,ensemble,4.38310043135704e-05,2.82211880039051,2.46547719497968
polynomial,ensemble,0.000127485363988782,3.01375270747048,2.6961984241
polynomial,ensemble,0.000286566421804578,2.82211880039051,2.79512576840036
polynomial,ensemble,1.07564359237141e-05,3.33964685192599,2.60338875354368
polynomial,ensemble,6.00418568611739e-06,3.11700001661268,2.75467194261199
polynomial,ensemble,4.49591977087213e-05,3.33964685192599,3.02648058418967
polynomial,ensemble,3.1842534959525e-05,3.11700001661268,3.16305867177472
polynomial,ensemble,8.88900980607588e-05,3.01375270747048,2.37480761476711
polynomial,ensemble,8.64931929218788e-05,2.82211880039051,2.49934741304451
polynomial,ensemble,0.000513542573774717,3.01375270747048,2.73829405547641
polynomial,ensemble,0.000633285267551308,2.82211880039051,2.84973441157118
polynomial,ensemble,0.000105972038196597,1.77880078307141,1.87914789098204
polynomial,ensemble,7.40029352343184e-05,1.70468808971871,1.98311253317129
polynomial,ensemble,1.25892464741956e-05,1.77880078307141,2.10603130920383
polynomial,ensemble,1.10343278474698e-05,1.70468808971871,2.19823067412087
polynomial,ensemble,9.36643552119747e-06,1.67032004603564,1.76480585362088
polynomial,ensemble,1.14506399725992e-05,1.60653065971263,1.84954771895429
polynomial,ensemble,1.53799777282289e-06,1.67032004603564,1.95837847085706
polynomial,ensemble,2.35716852536868e-06,1.60653065971263,2.03178950543754
polynomial,ensemble,1.35370438243179e-05,1.77880078307141,1.89285439704323
polynomial,ensemble,5.09755873252653e-06,1.70468808971871,2.0029841254573
polynomial,ensemble,1.778261146128e-06,1.77880078307141,2.1260186788237
polynomial,ensemble,8.51202229038192e-07,1.70468808971871,2.22580621891299
polynomial,ensemble,4.37892019326779e-05,1.67032004603564,1.77546806180592
polynomial,ensemble,2.88671020319653e-05,1.60653065971263,1.86663745302403
polynomial,ensemble,7.95081493132629e-06,1.67032004603564,1.9766736173352
polynomial,ensemble,6.65484028798717e-06,1.60653065971263,2.05815581761312
polynomial,ensemble,1.50770733485513e-05,1.77880078307141,1.90784773620056
polynomial,ensemble,9.73262624713179e-06,1.70468808971871,2.01956420773751
polynomial,ensemble,6.55519524305315e-05,1.77880078307141,2.14619245451609
polynomial,ensemble,5.31113228182101e-05,1.70468808971871,2.24491279895368
polynomial,ensemble,1.33260091785331e-06,1.67032004603564,1.79662296911312
polynomial,ensemble,1.50595106519631e-06,1.60653065971263,1.88662639849642
polynomial,ensemble,8.00832337733632e-06,1.67032004603564,2.00030146611514
polynomial,ensemble,1.13457149559397e-05,1.60653065971263,2.07737193632462
polynomial,ensemble,1.50075494209827e-06,1.77880078307141,1.92211621762668
polynomial,ensemble,5.24771714969094e-07,1.70468808971871,2.04166689032188
polynomial,ensemble,7.21508782206799e-06,1.77880078307141,2.16682400006526
polynomial,ensemble,3.20701556288963e-06,1.70468808971871,2.27506528416264
polynomial,ensemble,4.8545947005765e-06,1.67032004603564,1.80919275477797
polynomial,ensemble,2.97174381588617e-06,1.60653065971263,1.9072431833402
polynomial,ensemble,3.22595070535267e-05,1.67032004603564,2.0211272200879
polynomial,ensemble,2.50729798913181e-05,1.60653065971263,2.10812616090901
polynomial,ensemble,0.000535804216557258,2.22140275816017,2.04675064006266
polynomial,ensemble,0.000482473898643181,2.10517091807565,2.16295538959069
polynomial,ensemble,8.59217117479918e-05,2.22140275816017,2.32033238236814
polynomial,ensemble,9.71089158479462e-05,2.10517091807565,2.4264264442731
polynomial,ensemble,4.76763856244649e-05,2.05127109637602,1.90452515960135
polynomial,ensemble,7.52594403054059e-05,1.95122942450071,2.00040463680677
polynomial,ensemble,1.05675187534922e-05,2.05127109637602,2.13862338616531
polynomial,ensemble,2.09127045694097e-05,1.95122942450071,2.22476122993992
polynomial,ensemble,6.84445188015912e-05,2.22140275816017,2.05938679367097
polynomial,ensemble,3.32343443872496e-05,2.10517091807565,2.18130413557655
polynomial,ensemble,1.21366470919004e-05,2.22140275816017,2.3416396755127
polynomial,ensemble,7.49110655147047e-06,2.10517091807565,2.45502306099737
polynomial,ensemble,0.000222892782724565,2.05127109637602,1.91450631043063
polynomial,ensemble,0.000189729303110001,1.95122942450071,2.01672365529921
polynomial,ensemble,5.46297188312067e-05,2.05127109637602,2.15854603877121
polynomial,ensemble,5.90414759918424e-05,1.95122942450071,2.25286401923072
polynomial,ensemble,7.6231047462823e-05,2.22140275816017,2.08002597267259
polynomial,ensemble,6.34534037686793e-05,2.10517091807565,2.20538395733085
polynomial,ensemble,0.000447392619788555,2.22140275816017,2.36678069226472
polynomial,ensemble,0.00046741251931438,2.10517091807565,2.48125367759076
polynomial,ensemble,6.78311350132134e-06,2.05127109637602,1.94223658197757
polynomial,ensemble,9.89787772257393e-06,1.95122942450071,2.0446155493356
polynomial,ensemble,5.50248569727787e-05,2.05127109637602,2.18848001118086
polynomial,ensemble,0.000100658727812086,1.95122942450071,2.27986995936872
polynomial,ensemble,7.58795281924868e-06,2.22140275816017,2.09372955311836
polynomial,ensemble,3.42133260548552e-06,2.10517091807565,2.22652192760938
polynomial,ensemble,4.92430343114546e-05,2.22140275816017,2.38930668441146
polynomial,ensemble,2.82237222533781e-05,2.10517091807565,2.51305553697248
polynomial,ensemble,2.47105239203716e-05,2.05127109637602,1.95472889616629
polynomial,ensemble,1.95318145404827e-05,1.95122942450071,2.06516386601988
polynomial,ensemble,0.000221653731748163,2.05127109637602,2.21172848858942
polynomial,ensemble,0.000222446471475719,1.95122942450071,2.31327812867959
polynomial,ensemble,0.000457647591102943,2.49182469764127,2.30189650549815
polynomial,ensemble,0.000396680697514186,2.349858807576,2.41959662384663
polynomial,ensemble,5.43675333678904e-05,2.49182469764127,2.61926214593949
polynomial,ensemble,5.91477196583503e-05,2.349858807576,2.71899688743946
polynomial,ensemble,5.59360146777711e-05,2.28402541668774,2.10964980352029
polynomial,ensemble,8.48738093609244e-05,2.16183424272828,2.20404684445288
polynomial,ensemble,9.18486715680733e-06,2.28402541668774,2.37799389418132
polynomial,ensemble,1.74716760401559e-05,2.16183424272828,2.45641010781047
polynomial,ensemble,5.84606619093318e-05,2.49182469764127,2.32249134434035
polynomial,ensemble,2.73246344518023e-05,2.349858807576,2.44812017310909
polynomial,ensemble,7.67954399789561e-06,2.49182469764127,2.65230894627534
polynomial,ensemble,4.56273109804858e-06,2.349858807576,2.76165843746983
polynomial,ensemble,0.00026150753256037,2.28402541668774,2.12663067487544
polynomial,ensemble,0.000213967159960164,2.16183424272828,2.22914760142566
polynomial,ensemble,4.74819796380822e-05,2.28402541668774,2.40824111298544
polynomial,ensemble,4.93266443868302e-05,2.16183424272828,2.49662489348359
polynomial,ensemble,6.51113861379755e-05,2.49182469764127,2.3261503958433
polynomial,ensemble,5.2170159955584e-05,2.349858807576,2.45376891526508
polynomial,ensemble,0.000283090649500133,2.49182469764127,2.65426328384208
polynomial,ensemble,0.000284694607243882,2.349858807576,2.76245188425561
polynomial,ensemble,7.95824455652947e-06,2.28402541668774,2.14073719083973
polynomial,ensemble,1.11623283869032e-05,2.16183424272828,2.24198170191652
polynomial,ensemble,4.78254180008225e-05,2.28402541668774,2.41899213435532
polynomial,ensemble,8.40960898725417e-05,2.16183424272828,2.50246879949264
polynomial,ensemble,6.48111422385726e-06,2.49182469764127,2.34870075546004
polynomial,ensemble,2.81295342232749e-06,2.349858807576,2.48644890356118
polynomial,ensemble,3.11588567848423e-05,2.49182469764127,2.68940292294391
polynomial,ensemble,1.71906852937362e-05,2.349858807576,2.8096416608037
polynomial,ensemble,2.89914642354107e-05,2.28402541668774,2.16113162541122
polynomial,ensemble,2.20269975042956e-05,2.16183424272828,2.2725615395975
polynomial,ensemble,0.000192652611119777,2.28402541668774,2.45344726317465
polynomial,ensemble,0.000185844574669916,2.16183424272828,2.54917860338915
polynomial,ensemble,0.00305960966902122,3.33964685192599,2.55019714120114
polynomial,ensemble,0.00341677525449953,3.11700001661268,2.68045319264746
polynomial,ensemble,0.000490639849257172,3.33964685192599,2.94425623608796
polynomial,ensemble,0.000687704229376201,3.11700001661268,3.05866013666988
polynomial,ensemble,0.000376045374945552,3.01375270747048,2.3147248770869
polynomial,ensemble,0.000736502806032577,2.82211880039051,2.4208907979126
polynomial,ensemble,8.33508350067117e-05,3.01375270747048,2.64816433823715
polynomial,ensemble,0.000204655595824225,2.82211880039051,2.74029000866211
polynomial,ensemble,0.000390839610898199,3.33964685192599,2.57337065737378
polynomial,ensemble,0.00023535840139997,3.11700001661268,2.71103061601351
polynomial,ensemble,6.93040510775986e-05,3.33964685192599,2.98447117112096
polynomial,ensemble,5.30503879398729e-05,3.11700001661268,3.10812493488048
polynomial,ensemble,0.00175805692806767,3.01375270747048,2.33419992205094
polynomial,ensemble,0.00185672606067844,2.82211880039051,2.44838637851561
polynomial,ensemble,0.000430889481909668,3.01375270747048,2.68502394144268
polynomial,ensemble,0.000577790806891949,2.82211880039051,2.78722844144944
polynomial,ensemble,0.000435303125077114,3.33964685192599,2.5775923123572
polynomial,ensemble,0.000449363209948342,3.11700001661268,2.71921896409911
polynomial,ensemble,0.00255475179749266,3.33964685192599,2.98343258601113
polynomial,ensemble,0.00331011384061995,3.11700001661268,3.10826047075586
polynomial,ensemble,5.35015065947808e-05,3.01375270747048,2.35113446431285
polynomial,ensemble,9.68624625277663e-05,2.82211880039051,2.46547719497968
polynomial,ensemble,0.000434006116458544,3.01375270747048,2.6961984241
polynomial,ensemble,0.000985064932511136,2.82211880039051,2.79512576840036
polynomial,ensemble,4.33295840092911e-05,3.33964685192599,2.60338875354368
polynomial,ensemble,2.42291336727435e-05,3.11700001661268,2.75467194261199
polynomial,ensemble,0.000281193128488883,3.33964685192599,3.02648058418967
polynomial,ensemble,0.000199874264818062,3.11700001661268,3.16305867177472
polynomial,ensemble,0.000194903160359726,3.01375270747048,2.37480761476711
polynomial,ensemble,0.000191141950532684,2.82211880039051,2.49934741304451
polynomial,ensemble,0.00174828396850091,3.01375270747048,2.73829405547641
polynomial,ensemble,0.00217690232307168,2.82211880039051,2.84973441157118
polynomial,sieve_md,0.00748294912415195,1.77880078307141,1.83176291565858
polynomial,sieve_md,0.0076425891174435,1.70468808971871,1.93157985589467
polynomial,sieve_md,0.000709245152938778,1.77880078307141,2.10080860302931
polynomial,sieve_md,0.000904292506752669,1.70468808971871,2.23292103628067
polynomial,sieve_md,0.000905462486159698,1.67032004603564,1.69117589826444
polynomial,sieve_md,0.00161476113157825,1.60653065971263,1.77411207701855
polynomial,sieve_md,0.000118622468061873,1.67032004603564,1.91469433917141
polynomial,sieve_md,0.000263779258816363,1.60653065971263,2.02447408405673
polynomial,sieve_md,0.000955884325267599,1.77880078307141,1.8670986081026
polynomial,sieve_md,0.000526445968276534,1.70468808971871,1.97116181188557
polynomial,sieve_md,0.000100182572573807,1.77880078307141,2.14747061820922
polynomial,sieve_md,6.97582859681761e-05,1.70468808971871,2.28517994149112
polynomial,sieve_md,0.00423314499514566,1.67032004603564,1.72042594439228
polynomial,sieve_md,0.00407081826466162,1.60653065971263,1.80686006582558
polynomial,sieve_md,0.00061322929520635,1.67032004603564,1.95345783637614
polynomial,sieve_md,0.000744710791703774,1.60653065971263,2.06786228282717
polynomial,sieve_md,0.00106462963936783,1.77880078307141,1.82477856408945
polynomial,sieve_md,0.00100512855611679,1.70468808971871,1.92377114328775
polynomial,sieve_md,0.00369302520387731,1.77880078307141,2.09144509450053
polynomial,sieve_md,0.00435261412495031,1.70468808971871,2.22237864050123
polynomial,sieve_md,0.000128823834574787,1.67032004603564,1.68534448872275
polynomial,sieve_md,0.000212368151645404,1.60653065971263,1.76759077273414
polynomial,sieve_md,0.000617664798248458,1.67032004603564,1.9069519017568
polynomial,sieve_md,0.00126964374825572,1.60653065971263,2.01575673292463
polynomial,sieve_md,0.000105972038196597,1.77880078307141,1.85974841042562
polynomial,sieve_md,5.4195344890929e-05,1.70468808971871,1.96294058781049
polynomial,sieve_md,0.000406479138868103,1.77880078307141,2.1377564819535
polynomial,sieve_md,0.000262823452651471,1.70468808971871,2.27430105470542
polynomial,sieve_md,0.000469298419546449,1.67032004603564,1.71438228856238
polynomial,sieve_md,0.000419073206247334,1.60653065971263,1.80010631219847
polynomial,sieve_md,0.00248810655825924,1.67032004603564,1.94534986292899
polynomial,sieve_md,0.00280579516520357,1.60653065971263,2.05878840376875
polynomial,sieve_md,0.000934898023489231,2.22140275816017,2.04865082177697
polynomial,sieve_md,0.0012271489970857,2.10517091807565,2.17453411825918
polynomial,sieve_md,0.000119612390536422,2.22140275816017,2.38781951072493
polynomial,sieve_md,0.000195999093135422,2.10517091807565,2.5543841805901
polynomial,sieve_md,0.000113220149243466,2.05127109637602,1.87137599801168
polynomial,sieve_md,0.000258943968827728,1.95122942450071,1.97595660908602
polynomial,sieve_md,2.00220509127348e-05,2.05127109637602,2.15316889749628
polynomial,sieve_md,5.70987369063187e-05,1.95122942450071,2.29156987141234
polynomial,sieve_md,0.000119425423258947,2.22140275816017,2.09315728049568
polynomial,sieve_md,8.45299455541655e-05,2.10517091807565,2.22435669778341
polynomial,sieve_md,1.68955359736889e-05,2.22140275816017,2.44663345015162
polynomial,sieve_md,1.51196218992706e-05,2.10517091807565,2.6202554398144
polynomial,sieve_md,0.000529317686205158,2.05127109637602,1.90824719205442
polynomial,sieve_md,0.000652798619692812,1.95122942450071,2.01729069767398
polynomial,sieve_md,0.000103505755447592,2.05127109637602,2.20203862087859
polynomial,sieve_md,0.000161203142952165,1.95122942450071,2.34629386630183
polynomial,sieve_md,0.000133011748319997,2.22140275816017,2.03982737811059
polynomial,sieve_md,0.000161390659713171,2.10517091807565,2.16460830959972
polynomial,sieve_md,0.000622819304603906,2.22140275816017,2.37602833023654
polynomial,sieve_md,0.000943398750833641,2.10517091807565,2.54123799995475
polynomial,sieve_md,1.61082916185006e-05,2.05127109637602,1.86401745378156
polynomial,sieve_md,3.40554717129719e-05,1.95122942450071,1.96771792682831
polynomial,sieve_md,0.000104254415201378,2.05127109637602,2.14338512503639
polynomial,sieve_md,0.00027483227707784,1.95122942450071,2.28060586827845
polynomial,sieve_md,1.32398399897382e-05,2.22140275816017,2.0839055406875
polynomial,sieve_md,8.70199380178946e-06,2.10517091807565,2.21399366809873
polynomial,sieve_md,6.85516725799842e-05,2.22140275816017,2.43438669261042
polynomial,sieve_md,5.69651500921905e-05,2.10517091807565,2.60653977127862
polynomial,sieve_md,5.86816548591944e-05,2.05127109637602,1.900640256282
polynomial,sieve_md,6.72028061196784e-05,1.95122942450071,2.0087332588665
polynomial,sieve_md,0.000419962566954781,2.05127109637602,2.19179398574415
polynomial,sieve_md,0.000607353893819652,1.95122942450071,2.33487577524883
polynomial,sieve_md,0.000882983424545827,2.49182469764127,2.23036894578445
polynomial,sieve_md,0.00111936699941155,2.349858807576,2.37811161830707
polynomial,sieve_md,8.36904946958843e-05,2.49182469764127,2.62822792132161
polynomial,sieve_md,0.000132446632197425,2.349858807576,2.82360955478121
polynomial,sieve_md,0.00014775000352115,2.28402541668774,2.02230999386406
polynomial,sieve_md,0.000327033383193953,2.16183424272828,2.14501498295509
polynomial,sieve_md,1.93563735016384e-05,2.28402541668774,2.35288463789706
polynomial,sieve_md,5.34225290292901e-05,2.16183424272828,2.51526404961377
polynomial,sieve_md,0.000112793766333419,2.49182469764127,2.28250538419472
polynomial,sieve_md,7.7105577024548e-05,2.349858807576,2.4364037229221
polynomial,sieve_md,1.18214823518603e-05,2.49182469764127,2.6971970307467
polynomial,sieve_md,1.02171033989081e-05,2.349858807576,2.90086525811898
polynomial,sieve_md,0.00069074886867041,2.28402541668774,2.06562309583119
polynomial,sieve_md,0.000824452263201824,2.16183424272828,2.19352619884423
polynomial,sieve_md,0.000100064477447639,2.28402541668774,2.41023522019357
polynomial,sieve_md,0.000150824344820521,2.16183424272828,2.57948241143408
polynomial,sieve_md,0.000125625646953538,2.49182469764127,2.21992682219795
polynomial,sieve_md,0.000147215520629698,2.349858807576,2.36633812159196
polynomial,sieve_md,0.000435774717608172,2.49182469764127,2.61443986086011
polynomial,sieve_md,0.000637502885183462,2.349858807576,2.80828416781992
polynomial,sieve_md,2.10209945778757e-05,2.28402541668774,2.01366324328663
polynomial,sieve_md,4.30103708573674e-05,2.16183424272828,2.13532103374419
polynomial,sieve_md,0.00010078824635039,2.28402541668774,2.34143152920543
polynomial,sieve_md,0.00025713765480427,2.16183424272828,2.50243717493359
polynomial,sieve_md,1.25046357579688e-05,2.49182469764127,2.27162565528035
polynomial,sieve_md,7.93768704039999e-06,2.349858807576,2.42424356713139
polynomial,sieve_md,4.7964290026477e-05,2.49182469764127,2.6828239612482
polynomial,sieve_md,3.84942713848094e-05,2.349858807576,2.88480926993267
polynomial,sieve_md,7.65783720477939e-05,2.28402541668774,2.05662090751933
polynomial,sieve_md,8.48738093609244e-05,2.16183424272828,2.1834343890295
polynomial,sieve_md,0.000405999981625921,2.28402541668774,2.39829343329056
polynomial,sieve_md,0.000568250416412313,2.16183424272828,2.56611271726253
polynomial,sieve_md,0.000145869335475403,3.33964685192599,2.55123528053885
polynomial,sieve_md,0.000237454143139697,3.11700001661268,2.73748676100514
polynomial,sieve_md,1.86627626583844e-05,3.33964685192599,3.05273930464224
polynomial,sieve_md,3.7925954246108e-05,3.11700001661268,3.29908376692645
polynomial,sieve_md,2.4400600579441e-05,3.01375270747048,2.28885150573684
polynomial,sieve_md,6.92403232783208e-05,2.82211880039051,2.44355433823605
polynomial,sieve_md,4.31504524916592e-06,3.01375270747048,2.70560199130197
polynomial,sieve_md,1.52679169168351e-05,2.82211880039051,2.910304855923
polynomial,sieve_md,1.8633590714669e-05,3.33964685192599,2.61686315921719
polynomial,sieve_md,1.63566004119122e-05,3.11700001661268,2.8109459361715
polynomial,sieve_md,2.63615981963957e-06,3.33964685192599,3.13965265506184
polynomial,sieve_md,2.92565684461606e-06,3.11700001661268,3.39644939311607
polynomial,sieve_md,0.000114075714676479,3.01375270747048,2.34351824690085
polynomial,sieve_md,0.000174555088762244,2.82211880039051,2.50481471530177
polynomial,sieve_md,2.2307006422673e-05,3.01375270747048,2.77791076933129
polynomial,sieve_md,4.31049148664089e-05,2.82211880039051,2.99126866193981
polynomial,sieve_md,2.07534242777046e-05,3.33964685192599,2.53800859279139
polynomial,sieve_md,3.12291994728862e-05,3.11700001661268,2.72260608888781
polynomial,sieve_md,9.71766286816531e-05,3.33964685192599,3.03553440279301
polynomial,sieve_md,0.000182548282686344,3.11700001661268,3.27993524836939
polynomial,sieve_md,3.47157279359331e-06,3.01375270747048,2.27794048201089
polynomial,sieve_md,9.10626295517483e-06,2.82211880039051,2.43132277413319
polynomial,sieve_md,2.24683535657752e-05,3.01375270747048,2.69114728194053
polynomial,sieve_md,7.34887775078738e-05,2.82211880039051,2.89420392134813
polynomial,sieve_md,2.0657725362343e-06,3.33964685192599,2.60315757092799
polynomial,sieve_md,1.68384156016759e-06,3.11700001661268,2.79556526561961
polynomial,sieve_md,1.06959119323509e-05,3.33964685192599,3.12163559866938
polynomial,sieve_md,1.10227942459221e-05,3.11700001661268,3.37620205273932
polynomial,sieve_md,1.26467561748286e-05,3.01375270747048,2.33209785478649
polynomial,sieve_md,1.79696945327679e-05,2.82211880039051,2.49197351641266
polynomial,sieve_md,9.05080846744403e-05,3.01375270747048,2.76294921236586
polynomial,sieve_md,0.000162403396158639,2.82211880039051,2.97487348838513
polynomial,sieve_md,0.000955884325267599,1.77880078307141,1.83176291565858
polynomial,sieve_md,0.000970351563627095,1.70468808971871,1.93157985589467
polynomial,sieve_md,0.000139844897630605,1.77880078307141,2.10080860302931
polynomial,sieve_md,0.000176779079384732,1.70468808971871,2.23292103628067
polynomial,sieve_md,6.2589294446911e-05,1.67032004603564,1.69117589826444
polynomial,sieve_md,0.000111229908396983,1.60653065971263,1.77411207701855
polynomial,sieve_md,1.26565182893121e-05,1.67032004603564,1.91469433917141
polynomial,sieve_md,2.79761065503157e-05,1.60653065971263,2.02447408405673
polynomial,sieve_md,0.000122106248236165,1.77880078307141,1.8670986081026
polynomial,sieve_md,6.6840917473422e-05,1.70468808971871,1.97116181188557
polynomial,sieve_md,1.9753425945745e-05,1.77880078307141,2.14747061820922
polynomial,sieve_md,1.36369653412199e-05,1.70468808971871,2.28517994149112
polynomial,sieve_md,0.000292612408120141,1.67032004603564,1.72042594439228
polynomial,sieve_md,0.000280410974616735,1.60653065971263,1.80686006582558
polynomial,sieve_md,6.54289859006547e-05,1.67032004603564,1.95345783637614
polynomial,sieve_md,7.89831185035628e-05,1.60653065971263,2.06786228282717
polynomial,sieve_md,0.000135997554921548,1.77880078307141,1.82477856408945
polynomial,sieve_md,0.000127617493376436,1.70468808971871,1.92377114328775
polynomial,sieve_md,0.000728169560896594,1.77880078307141,2.09144509450053
polynomial,sieve_md,0.000850887419922132,1.70468808971871,2.22237864050123
polynomial,sieve_md,8.90483375868919e-06,1.67032004603564,1.68534448872275
polynomial,sieve_md,1.46285971293273e-05,1.60653065971263,1.76759077273414
polynomial,sieve_md,6.5902235414781e-05,1.67032004603564,1.9069519017568
polynomial,sieve_md,0.00013465686779745,1.60653065971263,2.01575673292463
polynomial,sieve_md,1.35370438243179e-05,1.77880078307141,1.85974841042562
polynomial,sieve_md,6.8809845522369e-06,1.70468808971871,1.96294058781049
polynomial,sieve_md,8.01472288227161e-05,1.77880078307141,2.1377564819535
polynomial,sieve_md,5.13790478783116e-05,1.70468808971871,2.27430105470542
polynomial,sieve_md,3.24398386608389e-05,1.67032004603564,1.71438228856238
polynomial,sieve_md,2.88671020319653e-05,1.60653065971263,1.80010631219847
polynomial,sieve_md,0.000265470502130676,1.67032004603564,1.94534986292899
polynomial,sieve_md,0.000297579213969747,1.60653065971263,2.05878840376875
polynomial,sieve_md,0.000132056579730201,2.22140275816017,2.04865082177697
polynomial,sieve_md,0.000172859738935083,2.10517091807565,2.17453411825918
polynomial,sieve_md,2.60789243617065e-05,2.22140275816017,2.38781951072493
polynomial,sieve_md,4.2509300165877e-05,2.10517091807565,2.5543841805901
polynomial,sieve_md,8.70500243869682e-06,2.05127109637602,1.87137599801168
polynomial,sieve_md,1.99752704930459e-05,1.95122942450071,1.97595660908602
polynomial,sieve_md,2.37613678042614e-06,2.05127109637602,2.15316889749628
polynomial,sieve_md,6.7818270053608e-06,1.95122942450071,2.29156987141234
polynomial,sieve_md,1.68691263989926e-05,2.22140275816017,2.09315728049568
polynomial,sieve_md,1.19071313714885e-05,2.10517091807565,2.22435669778341
polynomial,sieve_md,3.68371038094215e-06,2.22140275816017,2.44663345015162
polynomial,sieve_md,3.2792220383723e-06,2.10517091807565,2.6202554398144
polynomial,sieve_md,4.06969234721017e-05,2.05127109637602,1.90824719205442
polynomial,sieve_md,5.03577243559056e-05,1.95122942450071,2.01729069767398
polynomial,sieve_md,1.22836483423577e-05,2.05127109637602,2.20203862087859
polynomial,sieve_md,1.91466902326703e-05,1.95122942450071,2.34629386630183
polynomial,sieve_md,1.87882272780048e-05,2.22140275816017,2.03982737811059
polynomial,sieve_md,2.27339527399143e-05,2.10517091807565,2.16460830959972
polynomial,sieve_md,0.000135792433065955,2.22140275816017,2.37602833023654
polynomial,sieve_md,0.000204609215449747,2.10517091807565,2.54123799995475
polynomial,sieve_md,1.23849614012393e-06,2.05127109637602,1.86401745378156
polynomial,sieve_md,2.62708284851948e-06,1.95122942450071,1.96771792682831
polynomial,sieve_md,1.2372496282299e-05,2.05127109637602,2.14338512503639
polynomial,sieve_md,3.26428404482803e-05,1.95122942450071,2.28060586827845
polynomial,sieve_md,1.87015903477317e-06,2.22140275816017,2.0839055406875
polynomial,sieve_md,1.22578788750539e-06,2.10517091807565,2.21399366809873
polynomial,sieve_md,1.4946226524396e-05,2.22140275816017,2.43438669261042
polynomial,sieve_md,1.23548972881728e-05,2.10517091807565,2.60653977127862
polynomial,sieve_md,4.51177596981956e-06,2.05127109637602,1.900640256282
polynomial,sieve_md,5.18411081829589e-06,1.95122942450071,2.0087332588665
polynomial,sieve_md,4.98394747917028e-05,2.05127109637602,2.19179398574415
polynomial,sieve_md,7.2137655963828e-05,1.95122942450071,2.33487577524883
polynomial,sieve_md,0.00412805270405592,2.49182469764127,2.23036894578445
polynomial,sieve_md,0.00520141172609965,2.349858807576,2.37811161830707
polynomial,sieve_md,0.000603929882050146,2.49182469764127,2.62822792132161
polynomial,sieve_md,0.00094759550137048,2.349858807576,2.82360955478121
polynomial,sieve_md,0.000373781006118126,2.28402541668774,2.02230999386406
polynomial,sieve_md,0.000824452263201824,2.16183424272828,2.14501498295509
polynomial,sieve_md,7.55842701525296e-05,2.28402541668774,2.35288463789706
polynomial,sieve_md,0.00020736297182466,2.16183424272828,2.51526404961377
polynomial,sieve_md,0.000527324295303528,2.49182469764127,2.28250538419472
polynomial,sieve_md,0.000358289866231539,2.349858807576,2.4364037229221
polynomial,sieve_md,8.53065389129307e-05,2.49182469764127,2.6971970307467
polynomial,sieve_md,7.30987346164517e-05,2.349858807576,2.90086525811898
polynomial,sieve_md,0.00174747073403369,2.28402541668774,2.06562309583119
polynomial,sieve_md,0.00207844693914776,2.16183424272828,2.19352619884423
polynomial,sieve_md,0.00039073954092867,2.28402541668774,2.41023522019357
polynomial,sieve_md,0.000585434365122306,2.16183424272828,2.57948241143408
polynomial,sieve_md,0.000587314865929753,2.49182469764127,2.21992682219795
polynomial,sieve_md,0.00068407281585907,2.349858807576,2.36633812159196
polynomial,sieve_md,0.00314465071286622,2.49182469764127,2.61443986086011
polynomial,sieve_md,0.00456104361498663,2.349858807576,2.80828416781992
polynomial,sieve_md,5.31793456221294e-05,2.28402541668774,2.01366324328663
polynomial,sieve_md,0.000108429290148266,2.16183424272828,2.13532103374419
polynomial,sieve_md,0.000393565769936334,2.28402541668774,2.34143152920543
polynomial,sieve_md,0.000998096294524031,2.16183424272828,2.50243717493359
polynomial,sieve_md,5.84606619093318e-05,2.49182469764127,2.27162565528035
polynomial,sieve_md,3.68843984785601e-05,2.349858807576,2.42424356713139
polynomial,sieve_md,0.000346121362092197,2.49182469764127,2.6828239612482
polynomial,sieve_md,0.000275409029188504,2.349858807576,2.88480926993267
polynomial,sieve_md,0.000193729544966239,2.28402541668774,2.05662090751933
polynomial,sieve_md,0.000213967159960164,2.16183424272828,2.1834343890295
polynomial,sieve_md,0.00158538025165397,2.28402541668774,2.39829343329056
polynomial,sieve_md,0.00220570042693509,2.16183424272828,2.56611271726253
polynomial,sieve_md,0.000754084375812706,3.33964685192599,2.55123528053885
polynomial,sieve_md,0.00122415508932939,3.11700001661268,2.73748676100514
polynomial,sieve_md,0.0001489188152483,3.33964685192599,3.05273930464224
polynomial,sieve_md,0.000301041621736058,3.11700001661268,3.29908376692645
polynomial,sieve_md,6.86603202630765e-05,3.01375270747048,2.28885150573684
polynomial,sieve_md,0.000195481692525041,2.82211880039051,2.44355433823605
polynomial,sieve_md,1.87416733633171e-05,3.01375270747048,2.70560199130197
polynomial,sieve_md,6.63682137311478e-05,2.82211880039051,2.910304855923
polynomial,sieve_md,9.63279881780911e-05,3.33964685192599,2.61686315921719
polynomial,sieve_md,8.4323715617755e-05,3.11700001661268,2.8109459361715
polynomial,sieve_md,2.10351384911134e-05,3.33964685192599,3.13965265506184
polynomial,sieve_md,2.32227375330128e-05,3.11700001661268,3.39644939311607
polynomial,sieve_md,0.000320995177082884,3.01375270747048,2.34351824690085
polynomial,sieve_md,0.000492810006864686,2.82211880039051,2.50481471530177
polynomial,sieve_md,9.68867309486421e-05,3.01375270747048,2.77791076933129
polynomial,sieve_md,0.000187373052807374,2.82211880039051,2.99126866193981
polynomial,sieve_md,0.000107286654466648,3.33964685192599,2.53800859279139
polynomial,sieve_md,0.000160996910666349,3.11700001661268,2.72260608888781
polynomial,sieve_md,0.00077541726688542,3.33964685192599,3.03553440279301
polynomial,sieve_md,0.00144899797928404,3.11700001661268,3.27993524836939
polynomial,sieve_md,9.76858332026189e-06,3.01375270747048,2.27794048201089
polynomial,sieve_md,2.5709118773179e-05,2.82211880039051,2.43132277413319
polynomial,sieve_md,9.7587515130386e-05,3.01375270747048,2.69114728194053
polynomial,sieve_md,0.00031944887564232,2.82211880039051,2.89420392134813
polynomial,sieve_md,1.06791930495902e-05,3.33964685192599,2.60315757092799
polynomial,sieve_md,8.68076331812331e-06,3.11700001661268,2.79556526561961
polynomial,sieve_md,8.53476284364712e-05,3.33964685192599,3.12163559866938
polynomial,sieve_md,8.74946964899589e-05,3.11700001661268,3.37620205273932
polynomial,sieve_md,3.55864326546287e-05,3.01375270747048,2.33209785478649
polynomial,sieve_md,5.07326675426327e-05,2.82211880039051,2.49197351641266
polynomial,sieve_md,0.000393106644718428,3.01375270747048,2.76294921236586
polynomial,sieve_md,0.000705952446927189,2.82211880039051,2.97487348838513
polynomial,sieve_md,0.00106462963936783,1.77880078307141,1.83176291565858
polynomial,sieve_md,0.000744617548498822,1.70468808971871,1.93157985589467
polynomial,sieve_md,8.14586064091042e-05,1.77880078307141,2.10080860302931
polynomial,sieve_md,7.13780584804168e-05,1.70468808971871,2.23292103628067
polynomial,sieve_md,0.000173893987726491,1.67032004603564,1.69117589826444
polynomial,sieve_md,0.000212368151645404,1.60653065971263,1.77411207701855
polynomial,sieve_md,1.83906000541097e-05,1.67032004603564,1.91469433917141
polynomial,sieve_md,2.81050774725219e-05,1.60653065971263,2.02447408405673
polynomial,sieve_md,0.000135997554921548,1.77880078307141,1.8670986081026
polynomial,sieve_md,5.12916369428333e-05,1.70468808971871,1.97116181188557
polynomial,sieve_md,1.15062227983188e-05,1.77880078307141,2.14747061820922
polynomial,sieve_md,5.50619515051667e-06,1.70468808971871,2.28517994149112
polynomial,sieve_md,0.000812975109496126,1.67032004603564,1.72042594439228
polynomial,sieve_md,0.000535380827321236,1.60653065971263,1.80686006582558
polynomial,sieve_md,9.50718265592076e-05,1.67032004603564,1.95345783637614
polynomial,sieve_md,7.93472337035748e-05,1.60653065971263,2.06786228282717
polynomial,sieve_md,0.000151469193524543,1.77880078307141,1.82477856408945
polynomial,sieve_md,9.79296871623786e-05,1.70468808971871,1.92377114328775
polynomial,sieve_md,0.000424153320322389,1.77880078307141,2.09144509450053
polynomial,sieve_md,0.000343562667204943,1.70468808971871,2.22237864050123
polynomial,sieve_md,2.4740605658263e-05,1.67032004603564,1.68534448872275
polynomial,sieve_md,2.79299711587711e-05,1.60653065971263,1.76759077273414
polynomial,sieve_md,9.57594834914816e-05,1.67032004603564,1.9069519017568
polynomial,sieve_md,0.000135277641113065,1.60653065971263,2.01575673292463
polynomial,sieve_md,1.50770733485513e-05,1.77880078307141,1.85974841042562
polynomial,sieve_md,5.2802530965096e-06,1.70468808971871,1.96294058781049
polynomial,sieve_md,4.66851610467426e-05,1.77880078307141,2.1377564819535
polynomial,sieve_md,2.07453093255728e-05,1.70468808971871,2.27430105470542
polynomial,sieve_md,9.01287185897598e-05,1.67032004603564,1.71438228856238
polynomial,sieve_md,5.5115150144761e-05,1.60653065971263,1.80010631219847
polynomial,sieve_md,0.000385742881197564,1.67032004603564,1.94534986292899
polynomial,sieve_md,0.000298951065538372,1.60653065971263,2.05878840376875
polynomial,sieve_md,0.00486799514877874,2.22140275816017,2.04865082177697
polynomial,sieve_md,0.00437572668196998,2.10517091807565,2.17453411825918
polynomial,sieve_md,0.000502778739068938,2.22140275816017,2.38781951072493
polynomial,sieve_md,0.000566200169935022,2.10517091807565,2.5543841805901
polynomial,sieve_md,0.000795789056860014,2.05127109637602,1.87137599801168
polynomial,sieve_md,0.00124637013784139,1.95122942450071,1.97595660908602
polynomial,sieve_md,0.000113605050807996,2.05127109637602,2.15316889749628
polynomial,sieve_md,0.000222654142301546,1.95122942450071,2.29156987141234
polynomial,sieve_md,0.000621845769761753,2.22140275816017,2.09315728049568
polynomial,sieve_md,0.000301414041053892,2.10517091807565,2.22435669778341
polynomial,sieve_md,7.10186982690438e-05,2.22140275816017,2.44663345015162
polynomial,sieve_md,4.36774086643626e-05,2.10517091807565,2.6202554398144
polynomial,sieve_md,0.00372040864721646,2.05127109637602,1.90824719205442
polynomial,sieve_md,0.00314210332564453,1.95122942450071,2.01729069767398
polynomial,sieve_md,0.000587291314850503,2.05127109637602,2.20203862087859
polynomial,sieve_md,0.000628604930249441,1.95122942450071,2.34629386630183
polynomial,sieve_md,0.000692589490280147,2.22140275816017,2.03982737811059
polynomial,sieve_md,0.000575481394357805,2.10517091807565,2.16460830959972
polynomial,sieve_md,0.00261795875186688,2.22140275816017,2.37602833023654
polynomial,sieve_md,0.00272528063519881,2.10517091807565,2.54123799995475
polynomial,sieve_md,0.000113220149243466,2.05127109637602,1.86401745378156
polynomial,sieve_md,0.000163918561862273,1.95122942450071,1.96771792682831
polynomial,sieve_md,0.000591539207822979,2.05127109637602,2.14338512503639
polynomial,sieve_md,0.0010716969979554,1.95122942450071,2.28060586827845
polynomial,sieve_md,6.89395797416559e-05,2.22140275816017,2.0839055406875
polynomial,sieve_md,3.10292772558639e-05,2.10517091807565,2.21399366809873
polynomial,sieve_md,0.000288150110086933,2.22140275816017,2.43438669261042
polynomial,sieve_md,0.000164560341308759,2.10517091807565,2.60653977127862
polynomial,sieve_md,0.000412455018717247,2.05127109637602,1.900640256282
polynomial,sieve_md,0.000323466003498371,1.95122942450071,2.0087332588665
polynomial,sieve_md,0.00238286621906497,2.05127109637602,2.19179398574415
polynomial,sieve_md,0.00236835116902479,1.95122942450071,2.33487577524883
polynomial,sieve_md,0.000125625646953538,2.49182469764127,2.23036894578445
polynomial,sieve_md,0.000109059940049626,2.349858807576,2.37811161830707
polynomial,sieve_md,9.61206578482424e-06,2.49182469764127,2.62822792132161
polynomial,sieve_md,1.0454342359278e-05,2.349858807576,2.82360955478121
polynomial,sieve_md,2.83753746749529e-05,2.28402541668774,2.02230999386406
polynomial,sieve_md,4.30103708573674e-05,2.16183424272828,2.14501498295509
polynomial,sieve_md,3.00090977183953e-06,2.28402541668774,2.35288463789706
polynomial,sieve_md,5.69204843429907e-06,2.16183424272828,2.51526404961377
polynomial,sieve_md,1.60476283858334e-05,2.49182469764127,2.28250538419472
polynomial,sieve_md,7.51239728543871e-06,2.349858807576,2.4364037229221
polynomial,sieve_md,1.35772725986537e-06,2.49182469764127,2.6971970307467
polynomial,sieve_md,8.06461403209649e-07,2.349858807576,2.90086525811898
polynomial,sieve_md,0.000132658257108041,2.28402541668774,2.06562309583119
polynomial,sieve_md,0.000108429290148266,2.16183424272828,2.19352619884423
polynomial,sieve_md,1.55134673424864e-05,2.28402541668774,2.41023522019357
polynomial,sieve_md,1.60699894106312e-05,2.16183424272828,2.57948241143408
polynomial,sieve_md,1.78732722877697e-05,2.49182469764127,2.21992682219795
polynomial,sieve_md,1.43432099237244e-05,2.349858807576,2.36633812159196
polynomial,sieve_md,5.00498326391054e-05,2.49182469764127,2.61443986086011
polynomial,sieve_md,5.03196895697656e-05,2.349858807576,2.80828416781992
polynomial,sieve_md,4.03708008779839e-06,2.28402541668774,2.01366324328663
polynomial,sieve_md,5.65658460681113e-06,2.16183424272828,2.13532103374419
polynomial,sieve_md,1.56256766451553e-05,2.28402541668774,2.34143152920543
polynomial,sieve_md,2.73974297365351e-05,2.16183424272828,2.50243717493359
polynomial,sieve_md,1.77908544299253e-06,2.49182469764127,2.27162565528035
polynomial,sieve_md,7.7336894263794e-07,2.349858807576,2.42424356713139
polynomial,sieve_md,5.50882047874379e-06,2.49182469764127,2.6828239612482
polynomial,sieve_md,3.03844865853506e-06,2.349858807576,2.88480926993267
polynomial,sieve_md,1.47068693541049e-05,2.28402541668774,2.05662090751933
polynomial,sieve_md,1.11623283869032e-05,2.16183424272828,2.1834343890295
polynomial,sieve_md,6.29440898174842e-05,2.28402541668774,2.39829343329056
polynomial,sieve_md,6.05457838069798e-05,2.16183424272828,2.56611271726253
polynomial,sieve_md,0.000759538687224554,3.33964685192599,2.55123528053885
polynomial,sieve_md,0.000846706009089562,3.11700001661268,2.73748676100514
polynomial,sieve_md,7.84470591620539e-05,3.33964685192599,3.05273930464224
polynomial,sieve_md,0.000109560107628954,3.11700001661268,3.29908376692645
polynomial,sieve_md,0.000171504198251637,3.01375270747048,2.28885150573684
polynomial,sieve_md,0.000333273146539268,2.82211880039051,2.44355433823605
polynomial,sieve_md,2.44835525045291e-05,3.01375270747048,2.70560199130197
polynomial,sieve_md,5.95366050115374e-05,2.82211880039051,2.910304855923
polynomial,sieve_md,9.70247309592075e-05,3.33964685192599,2.61686315921719
polynomial,sieve_md,5.83238164385081e-05,3.11700001661268,2.8109459361715
polynomial,sieve_md,1.10808345536661e-05,3.33964685192599,3.13965265506184
polynomial,sieve_md,8.45160748498278e-06,3.11700001661268,3.39644939311607
polynomial,sieve_md,0.000801802558993415,3.01375270747048,2.34351824690085
polynomial,sieve_md,0.000840182727662812,2.82211880039051,2.50481471530177
polynomial,sieve_md,0.000126569880831251,3.01375270747048,2.77791076933129
polynomial,sieve_md,0.00016808581710499,2.82211880039051,2.99126866193981
polynomial,sieve_md,0.000108062661558913,3.33964685192599,2.53800859279139
polynomial,sieve_md,0.000111356030697654,3.11700001661268,2.72260608888781
polynomial,sieve_md,0.000408472254558399,3.33964685192599,3.03553440279301
polynomial,sieve_md,0.000527343606671384,3.11700001661268,3.27993524836939
polynomial,sieve_md,2.4400600579441e-05,3.01375270747048,2.27794048201089
polynomial,sieve_md,4.38310043135704e-05,2.82211880039051,2.43132277413319
polynomial,sieve_md,0.000127485363988782,3.01375270747048,2.69114728194053
polynomial,sieve_md,0.000286566421804578,2.82211880039051,2.89420392134813
polynomial,sieve_md,1.07564359237141e-05,3.33964685192599,2.60315757092799
polynomial,sieve_md,6.00418568611739e-06,3.11700001661268,2.79556526561961
polynomial,sieve_md,4.49591977087213e-05,3.33964685192599,3.12163559866938
polynomial,sieve_md,3.1842534959525e-05,3.11700001661268,3.37620205273932
polynomial,sieve_md,8.88900980607588e-05,3.01375270747048,2.33209785478649
polynomial,sieve_md,8.64931929218788e-05,2.82211880039051,2.49197351641266
polynomial,sieve_md,0.000513542573774717,3.01375270747048,2.76294921236586
polynomial,sieve_md,0.000633285267551308,2.82211880039051,2.97487348838513
polynomial,sieve_md,0.000105972038196597,1.77880078307141,1.83176291565858
polynomial,sieve_md,7.40029352343184e-05,1.70468808971871,1.93157985589467
polynomial,sieve_md,1.25892464741956e-05,1.77880078307141,2.10080860302931
polynomial,sieve_md,1.10343278474698e-05,1.70468808971871,2.23292103628067
polynomial,sieve_md,9.36643552119747e-06,1.67032004603564,1.69117589826444
polynomial,sieve_md,1.14506399725992e-05,1.60653065971263,1.77411207701855
polynomial,sieve_md,1.53799777282289e-06,1.67032004603564,1.91469433917141
polynomial,sieve_md,2.35716852536868e-06,1.60653065971263,2.02447408405673
polynomial,sieve_md,1.35370438243179e-05,1.77880078307141,1.8670986081026
polynomial,sieve_md,5.09755873252653e-06,1.70468808971871,1.97116181188557
polynomial,sieve_md,1.778261146128e-06,1.77880078307141,2.14747061820922
polynomial,sieve_md,8.51202229038192e-07,1.70468808971871,2.28517994149112
polynomial,sieve_md,4.37892019326779e-05,1.67032004603564,1.72042594439228
polynomial,sieve_md,2.88671020319653e-05,1.60653065971263,1.80686006582558
polynomial,sieve_md,7.95081493132629e-06,1.67032004603564,1.95345783637614
polynomial,sieve_md,6.65484028798717e-06,1.60653065971263,2.06786228282717
polynomial,sieve_md,1.50770733485513e-05,1.77880078307141,1.82477856408945
polynomial,sieve_md,9.73262624713179e-06,1.70468808971871,1.92377114328775
polynomial,sieve_md,6.55519524305315e-05,1.77880078307141,2.09144509450053
polynomial,sieve_md,5.31113228182101e-05,1.70468808971871,2.22237864050123
polynomial,sieve_md,1.33260091785331e-06,1.67032004603564,1.68534448872275
polynomial,sieve_md,1.50595106519631e-06,1.60653065971263,1.76759077273414
polynomial,sieve_md,8.00832337733632e-06,1.67032004603564,1.9069519017568
polynomial,sieve_md,1.13457149559397e-05,1.60653065971263,2.01575673292463
polynomial,sieve_md,1.50075494209827e-06,1.77880078307141,1.85974841042562
polynomial,sieve_md,5.24771714969094e-07,1.70468808971871,1.96294058781049
polynomial,sieve_md,7.21508782206799e-06,1.77880078307141,2.1377564819535
polynomial,sieve_md,3.20701556288963e-06,1.70468808971871,2.27430105470542
polynomial,sieve_md,4.8545947005765e-06,1.67032004603564,1.71438228856238
polynomial,sieve_md,2.97174381588617e-06,1.60653065971263,1.80010631219847
polynomial,sieve_md,3.22595070535267e-05,1.67032004603564,1.94534986292899
polynomial,sieve_md,2.50729798913181e-05,1.60653065971263,2.05878840376875
polynomial,sieve_md,0.000535804216557258,2.22140275816017,2.04865082177697
polynomial,sieve_md,0.000482473898643181,2.10517091807565,2.17453411825918
polynomial,sieve_md,8.59217117479918e-05,2.22140275816017,2.38781951072493
polynomial,sieve_md,9.71089158479462e-05,2.10517091807565,2.5543841805901
polynomial,sieve_md,4.76763856244649e-05,2.05127109637602,1.87137599801168
polynomial,sieve_md,7.52594403054059e-05,1.95122942450071,1.97595660908602
polynomial,sieve_md,1.05675187534922e-05,2.05127109637602,2.15316889749628
polynomial,sieve_md,2.09127045694097e-05,1.95122942450071,2.29156987141234
polynomial,sieve_md,6.84445188015912e-05,2.22140275816017,2.09315728049568
polynomial,sieve_md,3.32343443872496e-05,2.10517091807565,2.22435669778341
polynomial,sieve_md,1.21366470919004e-05,2.22140275816017,2.44663345015162
polynomial,sieve_md,7.49110655147047e-06,2.10517091807565,2.6202554398144
polynomial,sieve_md,0.000222892782724565,2.05127109637602,1.90824719205442
polynomial,sieve_md,0.000189729303110001,1.95122942450071,2.01729069767398
polynomial,sieve_md,5.46297188312067e-05,2.05127109637602,2.20203862087859
polynomial,sieve_md,5.90414759918424e-05,1.95122942450071,2.34629386630183
polynomial,sieve_md,7.6231047462823e-05,2.22140275816017,2.03982737811059
polynomial,sieve_md,6.34534037686793e-05,2.10517091807565,2.16460830959972
polynomial,sieve_md,0.000447392619788555,2.22140275816017,2.37602833023654
polynomial,sieve_md,0.00046741251931438,2.10517091807565,2.54123799995475
polynomial,sieve_md,6.78311350132134e-06,2.05127109637602,1.86401745378156
polynomial,sieve_md,9.89787772257393e-06,1.95122942450071,1.96771792682831
polynomial,sieve_md,5.50248569727787e-05,2.05127109637602,2.14338512503639
polynomial,sieve_md,0.000100658727812086,1.95122942450071,2.28060586827845
polynomial,sieve_md,7.58795281924868e-06,2.22140275816017,2.0839055406875
polynomial,sieve_md,3.42133260548552e-06,2.10517091807565,2.21399366809873
polynomial,sieve_md,4.92430343114546e-05,2.22140275816017,2.43438669261042
polynomial,sieve_md,2.82237222533781e-05,2.10517091807565,2.60653977127862
polynomial,sieve_md,2.47105239203716e-05,2.05127109637602,1.900640256282
polynomial,sieve_md,1.95318145404827e-05,1.95122942450071,2.0087332588665
polynomial,sieve_md,0.000221653731748163,2.05127109637602,2.19179398574415
polynomial,sieve_md,0.000222446471475719,1.95122942450071,2.33487577524883
polynomial,sieve_md,0.000457647591102943,2.49182469764127,2.23036894578445
polynomial,sieve_md,0.000396680697514186,2.349858807576,2.37811161830707
polynomial,sieve_md,5.43675333678904e-05,2.49182469764127,2.62822792132161
polynomial,sieve_md,5.91477196583503e-05,2.349858807576,2.82360955478121
polynomial,sieve_md,5.59360146777711e-05,2.28402541668774,2.02230999386406
polynomial,sieve_md,8.48738093609244e-05,2.16183424272828,2.14501498295509
polynomial,sieve_md,9.18486715680733e-06,2.28402541668774,2.35288463789706
polynomial,sieve_md,1.74716760401559e-05,2.16183424272828,2.51526404961377
polynomial,sieve_md,5.84606619093318e-05,2.49182469764127,2.28250538419472
polynomial,sieve_md,2.73246344518023e-05,2.349858807576,2.4364037229221
polynomial,sieve_md,7.67954399789561e-06,2.49182469764127,2.6971970307467
polynomial,sieve_md,4.56273109804858e-06,2.349858807576,2.90086525811898
polynomial,sieve_md,0.00026150753256037,2.28402541668774,2.06562309583119
polynomial,sieve_md,0.000213967159960164,2.16183424272828,2.19352619884423
polynomial,sieve_md,4.74819796380822e-05,2.28402541668774,2.41023522019357
polynomial,sieve_md,4.93266443868302e-05,2.16183424272828,2.57948241143408
polynomial,sieve_md,6.51113861379755e-05,2.49182469764127,2.21992682219795
polynomial,sieve_md,5.2170159955584e-05,2.349858807576,2.36633812159196
polynomial,sieve_md,0.000283090649500133,2.49182469764127,2.61443986086011
polynomial,sieve_md,0.000284694607243882,2.349858807576,2.80828416781992
polynomial,sieve_md,7.95824455652947e-06,2.28402541668774,2.01366324328663
polynomial,sieve_md,1.11623283869032e-05,2.16183424272828,2.13532103374419
polynomial,sieve_md,4.78254180008225e-05,2.28402541668774,2.34143152920543
polynomial,sieve_md,8.40960898725417e-05,2.16183424272828,2.50243717493359
polynomial,sieve_md,6.48111422385726e-06,2.49182469764127,2.27162565528035
polynomial,sieve_md,2.81295342232749e-06,2.349858807576,2.42424356713139
polynomial,sieve_md,3.11588567848423e-05,2.49182469764127,2.6828239612482
polynomial,sieve_md,1.71906852937362e-05,2.349858807576,2.88480926993267
polynomial,sieve_md,2.89914642354107e-05,2.28402541668774,2.05662090751933
polynomial,sieve_md,2.20269975042956e-05,2.16183424272828,2.1834343890295
polynomial,sieve_md,0.000192652611119777,2.28402541668774,2.39829343329056
polynomial,sieve_md,0.000185844574669916,2.16183424272828,2.56611271726253
polynomial,sieve_md,0.00305960966902122,3.33964685192599,2.55123528053885
polynomial,sieve_md,0.00341677525449953,3.11700001661268,2.73748676100514
polynomial,sieve_md,0.000490639849257172,3.33964685192599,3.05273930464224
polynomial,sieve_md,0.000687704229376201,3.11700001661268,3.29908376692645
polynomial,sieve_md,0.000376045374945552,3.01375270747048,2.28885150573684
polynomial,sieve_md,0.000736502806032577,2.82211880039051,2.44355433823605
polynomial,sieve_md,8.33508350067117e-05,3.01375270747048,2.70560199130197
polynomial,sieve_md,0.000204655595824225,2.82211880039051,2.910304855923
polynomial,sieve_md,0.000390839610898199,3.33964685192599,2.61686315921719
polynomial,sieve_md,0.00023535840139997,3.11700001661268,2.8109459361715
polynomial,sieve_md,6.93040510775986e-05,3.33964685192599,3.13965265506184
polynomial,sieve_md,5.30503879398729e-05,3.11700001661268,3.39644939311607
polynomial,sieve_md,0.00175805692806767,3.01375270747048,2.34351824690085
polynomial,sieve_md,0.00185672606067844,2.82211880039051,2.50481471530177
polynomial,sieve_md,0.000430889481909668,3.01375270747048,2.77791076933129
polynomial,sieve_md,0.000577790806891949,2.82211880039051,2.99126866193981
polynomial,sieve_md,0.000435303125077114,3.33964685192599,2.53800859279139
polynomial,sieve_md,0.000449363209948342,3.11700001661268,2.72260608888781
polynomial,sieve_md,0.00255475179749266,3.33964685192599,3.03553440279301
polynomial,sieve_md,0.00331011384061995,3.11700001661268,3.27993524836939
polynomial,sieve_md,5.35015065947808e-05,3.01375270747048,2.27794048201089
polynomial,sieve_md,9.68624625277663e-05,2.82211880039051,2.43132277413319
polynomial,sieve_md,0.000434006116458544,3.01375270747048,2.69114728194053
polynomial,sieve_md,0.000985064932511136,2.82211880039051,2.89420392134813
polynomial,sieve_md,4.33295840092911e-05,3.33964685192599,2.60315757092799
polynomial,sieve_md,2.42291336727435e-05,3.11700001661268,2.79556526561961
polynomial,sieve_md,0.000281193128488883,3.33964685192599,3.12163559866938
polynomial,sieve_md,0.000199874264818062,3.11700001661268,3.37620205273932
polynomial,sieve_md,0.000194903160359726,3.01375270747048,2.33209785478649
polynomial,sieve_md,0.000191141950532684,2.82211880039051,2.49197351641266
polynomial,sieve_md,0.00174828396850091,3.01375270747048,2.76294921236586
polynomial,sieve_md,0.00217690232307168,2.82211880039051,2.97487348838513
polynomial,landweber,0.00748294912415195,1.77880078307141,1.74854428537943
polynomial,landweber,0.0076425891174435,1.70468808971871,1.74679784638749
polynomial,landweber,0.000709245152938778,1.77880078307141,2.04596795349226
polynomial,landweber,0.000904292506752669,1.70468808971871,2.04352759123986
polynomial,landweber,0.000905462486159698,1.67032004603564,1.58478932440694
polynomial,landweber,0.00161476113157825,1.60653065971263,1.58342494437205
polynomial,landweber,0.000118622468061873,1.67032004603564,1.81714723473442
polynomial,landweber,0.000263779258816363,1.60653065971263,1.81524073725556
polynomial,landweber,0.000955884325267599,1.77880078307141,1.78823227189189
polynomial,landweber,0.000526445968276534,1.70468808971871,1.78639323631148
polynomial,landweber,0.000100182572573807,1.77880078307141,2.10142540983986
polynomial,landweber,6.97582859681761e-05,1.70468808971871,2.09885565903149
polynomial,landweber,0.00423314499514566,1.67032004603564,1.61579498602646
polynomial,landweber,0.00407081826466162,1.60653065971263,1.61435826625498
polynomial,landweber,0.00061322929520635,1.67032004603564,1.86047256506461
polynomial,landweber,0.000744710791703774,1.60653065971263,1.85846498466026
polynomial,landweber,0.00106462963936783,1.77880078307141,1.72065421771829
polynomial,landweber,0.00100512855611679,1.70468808971871,1.71897284942772
polynomial,landweber,0.00369302520387731,1.77880078307141,2.00699615507756
polynomial,landweber,0.00435261412495031,1.70468808971871,2.00464671846532
polynomial,landweber,0.000128823834574787,1.67032004603564,1.56300061511641
polynomial,landweber,0.000212368151645404,1.60653065971263,1.56168707061955
polynomial,landweber,0.000617664798248458,1.67032004603564,1.78670108463884
polynomial,landweber,0.00126964374825572,1.60653065971263,1.78486562149251
polynomial,landweber,0.000105972038196597,1.77880078307141,1.75886346656515
polynomial,landweber,5.4195344890929e-05,1.70468808971871,1.75709295174933
polynomial,landweber,0.000406479138868103,1.77880078307141,2.06038731790044
polynomial,landweber,0.000262823452651471,1.70468808971871,2.05791331363015
polynomial,landweber,0.000469298419546449,1.67032004603564,1.59285103446458
polynomial,landweber,0.000419073206247334,1.60653065971263,1.59146784554281
polynomial,landweber,0.00248810655825924,1.67032004603564,1.82841215323736
polynomial,landweber,0.00280579516520357,1.60653065971263,1.82647937342184
polynomial,landweber,0.000934898023489231,2.22140275816017,2.0093049355366
polynomial,landweber,0.0012271489970857,2.10517091807565,2.00695011227684
polynomial,landweber,0.000119612390536422,2.22140275816017,2.41033822379358
polynomial,landweber,0.000195999093135422,2.10517091807565,2.4070477442402
polynomial,landweber,0.000113220149243466,2.05127109637602,1.78850478575742
polynomial,landweber,0.000258943968827728,1.95122942450071,1.78666511437115
polynomial,landweber,2.00220509127348e-05,2.05127109637602,2.1018062033023
polynomial,landweber,5.70987369063187e-05,1.95122942450071,2.09923556405946
polynomial,landweber,0.000119425423258947,2.22140275816017,2.06281851041913
polynomial,landweber,8.45299455541655e-05,2.10517091807565,2.06033883390006
polynomial,landweber,1.68955359736889e-05,2.22140275816017,2.48511467389441
polynomial,landweber,1.51196218992706e-05,2.10517091807565,2.4816497323744
polynomial,landweber,0.000529317686205158,2.05127109637602,1.83031148699527
polynomial,landweber,0.000652798619692812,1.95122942450071,1.82837427581797
polynomial,landweber,0.000103505755447592,2.05127109637602,2.16022421622434
polynomial,landweber,0.000161203142952165,1.95122942450071,2.15751728111018
polynomial,landweber,0.000133011748319997,2.22140275816017,1.97169916725722
polynomial,landweber,0.000161390659713171,2.10517091807565,1.96943208253388
polynomial,landweber,0.000622819304603906,2.22140275816017,2.35779032615416
polynomial,landweber,0.000943398750833641,2.10517091807565,2.35462244682521
polynomial,landweber,1.61082916185006e-05,2.05127109637602,1.75912582681612
polynomial,landweber,3.40554717129719e-05,1.95122942450071,1.75735469988398
polynomial,landweber,0.000104254415201378,2.05127109637602,2.06075392335071
polynomial,landweber,0.00027483227707784,1.95122942450071,2.05827906374819
polynomial,landweber,1.32398399897382e-05,2.22140275816017,2.0232188758403
polynomial,landweber,8.70199380178946e-06,2.10517091807565,2.0208315897746
polynomial,landweber,6.85516725799842e-05,2.22140275816017,2.42978067489331
polynomial,landweber,5.69651500921905e-05,2.10517091807565,2.42644483388923
polynomial,landweber,5.86816548591944e-05,2.05127109637602,1.79937484903753
polynomial,landweber,6.72028061196784e-05,1.95122942450071,1.79750981655676
polynomial,landweber,0.000419962566954781,2.05127109637602,2.11699533514861
polynomial,landweber,0.000607353893819652,1.95122942450071,2.11438925793286
polynomial,landweber,0.000882983424545827,2.49182469764127,2.41562351038463
polynomial,landweber,0.00111936699941155,2.349858807576,2.41232069965624
polynomial,landweber,8.36904946958843e-05,2.49182469764127,2.97810183711709
polynomial,landweber,0.000132446632197425,2.349858807576,2.97348670045006
polynomial,landweber,0.00014775000352115,2.28402541668774,2.10593525649962
polynomial,landweber,0.000327033383193953,2.16183424272828,2.10335498370584
polynomial,landweber,1.93563735016384e-05,2.28402541668774,2.54536325976958
polynomial,landweber,5.34225290292901e-05,2.16183424272828,2.54175775144325
polynomial,landweber,0.000112793766333419,2.49182469764127,2.49068018757027
polynomial,landweber,7.7105577024548e-05,2.349858807576,2.48720226107357
polynomial,landweber,1.18214823518603e-05,2.49182469764127,3.08298124180321
polynomial,landweber,1.02171033989081e-05,2.349858807576,3.0781214095512
polynomial,landweber,0.00069074886867041,2.28402541668774,2.16457219275165
polynomial,landweber,0.000824452263201824,2.16183424272828,2.16185511331351
polynomial,landweber,0.000100064477447639,2.28402541668774,2.62729876767277
polynomial,landweber,0.000150824344820521,2.16183424272828,2.62350209448337
polynomial,landweber,0.000125625646953538,2.49182469764127,2.36287868785578
polynomial,landweber,0.000147215520629698,2.349858807576,2.35969893679999
polynomial,landweber,0.000435774717608172,2.49182469764127,2.90439959243313
polynomial,landweber,0.000637502885183462,2.349858807576,2.89995641148926
polynomial,landweber,2.10209945778757e-05,2.28402541668774,2.06472913184531
polynomial,landweber,4.30103708573674e-05,2.16183424272828,2.06224499762905
polynomial,landweber,0.00010078824635039,2.28402541668774,2.48778445418941
polynomial,landweber,0.00025713765480427,2.16183424272828,2.48431328376819
polynomial,landweber,1.25046357579688e-05,2.49182469764127,2.43513882267778
polynomial,landweber,7.93768704039999e-06,2.349858807576,2.43179048050523
polynomial,landweber,4.7964290026477e-05,2.49182469764127,3.0053712875153
polynomial,landweber,3.84942713848094e-05,2.349858807576,3.0006925281176
polynomial,landweber,7.65783720477939e-05,2.28402541668774,2.12118131009244
polynomial,landweber,8.48738093609244e-05,2.16183424272828,2.11856546652084
polynomial,landweber,0.000405999981625921,2.28402541668774,2.56666712085942
polynomial,landweber,0.000568250416412313,2.16183424272828,2.56301190820109
polynomial,landweber,0.000145869335475403,3.33964685192599,2.9087658857333
polynomial,landweber,0.000237454143139697,3.11700001661268,2.90431251773034
polynomial,landweber,1.86627626583844e-05,3.33964685192599,3.66718748134494
polynomial,landweber,3.7925954246108e-05,3.11700001661268,3.66096462946137
polynomial,landweber,2.4400600579441e-05,3.01375270747048,2.49119555725845
polynomial,landweber,6.92403232783208e-05,2.82211880039051,2.48771642834563
polynomial,landweber,4.31504524916592e-06,3.01375270747048,3.08370138647409
polynomial,landweber,1.52679169168351e-05,2.82211880039051,3.07883987404262
polynomial,landweber,1.8633590714669e-05,3.33964685192599,3.00996908266913
polynomial,landweber,1.63566004119122e-05,3.11700001661268,3.00527959609217
polynomial,landweber,2.63615981963957e-06,3.33964685192599,3.80860236200518
polynomial,landweber,2.92565684461606e-06,3.11700001661268,3.80204957311394
polynomial,landweber,0.000114075714676479,3.01375270747048,2.57025908138104
polynomial,landweber,0.000174555088762244,2.82211880039051,2.56659548827009
polynomial,landweber,2.2307006422673e-05,3.01375270747048,3.19417970303819
polynomial,landweber,4.31049148664089e-05,2.82211880039051,3.18906043212324
polynomial,landweber,2.07534242777046e-05,3.33964685192599,2.83764703446135
polynomial,landweber,3.12291994728862e-05,3.11700001661268,2.83335959483076
polynomial,landweber,9.71766286816531e-05,3.33964685192599,3.56781054296922
polynomial,landweber,0.000182548282686344,3.11700001661268,3.56181954879062
polynomial,landweber,3.47157279359331e-06,3.01375270747048,2.4356349901681
polynomial,landweber,9.10626295517483e-06,2.82211880039051,2.43228549038033
polynomial,landweber,2.24683535657752e-05,3.01375270747048,3.00606460026189
polynomial,landweber,7.34887775078738e-05,2.82211880039051,3.00138422328666
polynomial,landweber,2.0657725362343e-06,3.33964685192599,2.93507949389347
polynomial,landweber,1.68384156016759e-06,3.11700001661268,2.93056473324854
polynomial,landweber,1.06959119323509e-05,3.33964685192599,3.70395643598646
polynomial,landweber,1.10227942459221e-05,3.11700001661268,3.69764779794791
polynomial,landweber,1.26467561748286e-05,3.01375270747048,2.51175268051655
polynomial,landweber,1.79696945327679e-05,2.82211880039051,2.50822558949605
polynomial,landweber,9.05080846744403e-05,3.01375270747048,3.11242659694453
polynomial,landweber,0.000162403396158639,2.82211880039051,3.10749806532849
polynomial,landweber,0.000955884325267599,1.77880078307141,1.74854428537943
polynomial,landweber,0.000970351563627095,1.70468808971871,1.74679784638749
polynomial,landweber,0.000139844897630605,1.77880078307141,2.04596795349226
polynomial,landweber,0.000176779079384732,1.70468808971871,2.04352759123986
polynomial,landweber,6.2589294446911e-05,1.67032004603564,1.58478932440694
polynomial,landweber,0.000111229908396983,1.60653065971263,1.58342494437205
polynomial,landweber,1.26565182893121e-05,1.67032004603564,1.81714723473442
polynomial,landweber,2.79761065503157e-05,1.60653065971263,1.81524073725556
polynomial,landweber,0.000122106248236165,1.77880078307141,1.78823227189189
polynomial,landweber,6.6840917473422e-05,1.70468808971871,1.78639323631148
polynomial,landweber,1.9753425945745e-05,1.77880078307141,2.10142540983986
polynomial,landweber,1.36369653412199e-05,1.70468808971871,2.09885565903149
polynomial,landweber,0.000292612408120141,1.67032004603564,1.61579498602646
polynomial,landweber,0.000280410974616735,1.60653065971263,1.61435826625498
polynomial,landweber,6.54289859006547e-05,1.67032004603564,1.86047256506461
polynomial,landweber,7.89831185035628e-05,1.60653065971263,1.85846498466026
polynomial,landweber,0.000135997554921548,1.77880078307141,1.72065421771829
polynomial,landweber,0.000127617493376436,1.70468808971871,1.71897284942772
polynomial,landweber,0.000728169560896594,1.77880078307141,2.00699615507756
polynomial,landweber,0.000850887419922132,1.70468808971871,2.00464671846532
polynomial,landweber,8.90483375868919e-06,1.67032004603564,1.56300061511641
polynomial,landweber,1.46285971293273e-05,1.60653065971263,1.56168707061955
polynomial,landweber,6.5902235414781e-05,1.67032004603564,1.78670108463884
polynomial,landweber,0.00013465686779745,1.60653065971263,1.78486562149251
polynomial,landweber,1.35370438243179e-05,1.77880078307141,1.75886346656515
polynomial,landweber,6.8809845522369e-06,1.70468808971871,1.75709295174933
polynomial,landweber,8.01472288227161e-05,1.77880078307141,2.06038731790044
polynomial,landweber,5.13790478783116e-05,1.70468808971871,2.05791331363015
polynomial,landweber,3.24398386608389e-05,1.67032004603564,1.59285103446458
polynomial,landweber,2.88671020319653e-05,1.60653065971263,1.59146784554281
polynomial,landweber,0.000265470502130676,1.67032004603564,1.82841215323736
polynomial,landweber,0.000297579213969747,1.60653065971263,1.82647937342184
polynomial,landweber,0.000132056579730201,2.22140275816017,2.0093049355366
polynomial,landweber,0.000172859738935083,2.10517091807565,2.00695011227684
polynomial,landweber,2.60789243617065e-05,2.22140275816017,2.41033822379358
polynomial,landweber,4.2509300165877e-05,2.10517091807565,2.4070477442402
polynomial,landweber,8.70500243869682e-06,2.05127109637602,1.78850478575742
polynomial,landweber,1.99752704930459e-05,1.95122942450071,1.78666511437115
polynomial,landweber,2.37613678042614e-06,2.05127109637602,2.1018062033023
polynomial,landweber,6.7818270053608e-06,1.95122942450071,2.09923556405946
polynomial,landweber,1.68691263989926e-05,2.22140275816017,2.06281851041913
polynomial,landweber,1.19071313714885e-05,2.10517091807565,2.06033883390006
polynomial,landweber,3.68371038094215e-06,2.22140275816017,2.48511467389441
polynomial,landweber,3.2792220383723e-06,2.10517091807565,2.4816497323744
polynomial,landweber,4.06969234721017e-05,2.05127109637602,1.83031148699527
polynomial,landweber,5.03577243559056e-05,1.95122942450071,1.82837427581797
polynomial,landweber,1.22836483423577e-05,2.05127109637602,2.16022421622434
polynomial,landweber,1.91466902326703e-05,1.95122942450071,2.15751728111018
polynomial,landweber,1.87882272780048e-05,2.22140275816017,1.97169916725722
polynomial,landweber,2.27339527399143e-05,2.10517091807565,1.96943208253388
polynomial,landweber,0.000135792433065955,2.22140275816017,2.35779032615416
polynomial,landweber,0.000204609215449747,2.10517091807565,2.35462244682521
polynomial,landweber,1.23849614012393e-06,2.05127109637602,1.75912582681612
polynomial,landweber,2.62708284851948e-06,1.95122942450071,1.75735469988398
polynomial,landweber,1.2372496282299e-05,2.05127109637602,2.06075392335071
polynomial,landweber,3.26428404482803e-05,1.95122942450071,2.05827906374819
polynomial,landweber,1.87015903477317e-06,2.22140275816017,2.0232188758403
polynomial,landweber,1.22578788750539e-06,2.10517091807565,2.0208315897746
polynomial,landweber,1.4946226524396e-05,2.22140275816017,2.42978067489331
polynomial,landweber,1.23548972881728e-05,2.10517091807565,2.42644483388923
polynomial,landweber,4.51177596981956e-06,2.05127109637602,1.79937484903753
polynomial,landweber,5.18411081829589e-06,1.95122942450071,1.79750981655676
polynomial,landweber,4.98394747917028e-05,2.05127109637602,2.11699533514861
polynomial,landweber,7.2137655963828e-05,1.95122942450071,2.11438925793286
polynomial,landweber,0.00412805270405592,2.49182469764127,2.41562351038463
polynomial,landweber,0.00520141172609965,2.349858807576,2.41232069965624
polynomial,landweber,0.000603929882050146,2.49182469764127,2.97810183711709
polynomial,landweber,0.00094759550137048,2.349858807576,2.97348670045006
polynomial,landweber,0.000373781006118126,2.28402541668774,2.10593525649962
polynomial,landweber,0.000824452263201824,2.16183424272828,2.10335498370584
polynomial,landweber,7.55842701525296e-05,2.28402541668774,2.54536325976958
polynomial,landweber,0.00020736297182466,2.16183424272828,2.54175775144325
polynomial,landweber,0.000527324295303528,2.49182469764127,2.49068018757027
polynomial,landweber,0.000358289866231539,2.349858807576,2.48720226107357
polynomial,landweber,8.53065389129307e-05,2.49182469764127,3.08298124180321
polynomial,landweber,7.30987346164517e-05,2.349858807576,3.0781214095512
polynomial,landweber,0.00174747073403369,2.28402541668774,2.16457219275165
polynomial,landweber,0.00207844693914776,2.16183424272828,2.16185511331351
polynomial,landweber,0.00039073954092867,2.28402541668774,2.62729876767277
polynomial,landweber,0.000585434365122306,2.16183424272828,2.62350209448337
polynomial,landweber,0.000587314865929753,2.49182469764127,2.36287868785578
polynomial,landweber,0.00068407281585907,2.349858807576,2.35969893679999
polynomial,landweber,0.00314465071286622,2.49182469764127,2.90439959243313
polynomial,landweber,0.00456104361498663,2.349858807576,2.89995641148926
polynomial,landweber,5.31793456221294e-05,2.28402541668774,2.06472913184531
polynomial,landweber,0.000108429290148266,2.16183424272828,2.06224499762905
polynomial,landweber,0.000393565769936334,2.28402541668774,2.48778445418941
polynomial,landweber,0.000998096294524031,2.16183424272828,2.48431328376819
polynomial,landweber,5.84606619093318e-05,2.49182469764127,2.43513882267778
polynomial,landweber,3.68843984785601e-05,2.349858807576,2.43179048050523
polynomial,landweber,0.000346121362092197,2.49182469764127,3.0053712875153
polynomial,landweber,0.000275409029188504,2.349858807576,3.0006925281176
polynomial,landweber,0.000193729544966239,2.28402541668774,2.12118131009244
polynomial,landweber,0.000213967159960164,2.16183424272828,2.11856546652084
polynomial,landweber,0.00158538025165397,2.28402541668774,2.56666712085942
polynomial,landweber,0.00220570042693509,2.16183424272828,2.56301190820109
polynomial,landweber,0.000754084375812706,3.33964685192599,2.9087658857333
polynomial,landweber,0.00122415508932939,3.11700001661268,2.90431251773034
polynomial,landweber,0.0001489188152483,3.33964685192599,3.66718748134494
polynomial,landweber,0.000301041621736058,3.11700001661268,3.66096462946137
polynomial,landweber,6.86603202630765e-05,3.01375270747048,2.49119555725845
polynomial,landweber,0.000195481692525041,2.82211880039051,2.48771642834563
polynomial,landweber,1.87416733633171e-05,3.01375270747048,3.08370138647409
polynomial,landweber,6.63682137311478e-05,2.82211880039051,3.07883987404262
polynomial,landweber,9.63279881780911e-05,3.33964685192599,3.00996908266913
polynomial,landweber,8.4323715617755e-05,3.11700001661268,3.00527959609217
polynomial,landweber,2.10351384911134e-05,3.33964685192599,3.80860236200518
polynomial,landweber,2.32227375330128e-05,3.11700001661268,3.80204957311394
polynomial,landweber,0.000320995177082884,3.01375270747048,2.57025908138104
polynomial,landweber,0.000492810006864686,2.82211880039051,2.56659548827009
polynomial,landweber,9.68867309486421e-05,3.01375270747048,3.19417970303819
polynomial,landweber,0.000187373052807374,2.82211880039051,3.18906043212324
polynomial,landweber,0.000107286654466648,3.33964685192599,2.83764703446135
polynomial,landweber,0.000160996910666349,3.11700001661268,2.83335959483076
polynomial,landweber,0.00077541726688542,3.33964685192599,3.56781054296922
polynomial,landweber,0.00144899797928404,3.11700001661268,3.56181954879062
polynomial,landweber,9.76858332026189e-06,3.01375270747048,2.4356349901681
polynomial,landweber,2.5709118773179e-05,2.82211880039051,2.43228549038033
polynomial,landweber,9.7587515130386e-05,3.01375270747048,3.00606460026189
polynomial,landweber,0.00031944887564232,2.82211880039051,3.00138422328666
polynomial,landweber,1.06791930495902e-05,3.33964685192599,2.93507949389347
polynomial,landweber,8.68076331812331e-06,3.11700001661268,2.93056473324854
polynomial,landweber,8.53476284364712e-05,3.33964685192599,3.70395643598646
polynomial,landweber,8.74946964899589e-05,3.11700001661268,3.69764779794791
polynomial,landweber,3.55864326546287e-05,3.01375270747048,2.51175268051655
polynomial,landweber,5.07326675426327e-05,2.82211880039051,2.50822558949605
polynomial,landweber,0.000393106644718428,3.01375270747048,3.11242659694453
polynomial,landweber,0.000705952446927189,2.82211880039051,3.10749806532849
polynomial,landweber,0.00106462963936783,1.77880078307141,1.74854428537943
polynomial,landweber,0.000744617548498822,1.70468808971871,1.74679784638749
polynomial,landweber,8.14586064091042e-05,1.77880078307141,2.04596795349226
polynomial,landweber,7.13780584804168e-05,1.70468808971871,2.04352759123986
polynomial,landweber,0.000173893987726491,1.67032004603564,1.58478932440694
polynomial,landweber,0.000212368151645404,1.60653065971263,1.58342494437205
polynomial,landweber,1.83906000541097e-05,1.67032004603564,1.81714723473442
polynomial,landweber,2.81050774725219e-05,1.60653065971263,1.81524073725556
polynomial,landweber,0.000135997554921548,1.77880078307141,1.78823227189189
polynomial,landweber,5.12916369428333e-05,1.70468808971871,1.78639323631148
polynomial,landweber,1.15062227983188e-05,1.77880078307141,2.10142540983986
polynomial,landweber,5.50619515051667e-06,1.70468808971871,2.09885565903149
polynomial,landweber,0.000812975109496126,1.67032004603564,1.61579498602646
polynomial,landweber,0.000535380827321236,1.60653065971263,1.61435826625498
polynomial,landweber,9.50718265592076e-05,1.67032004603564,1.86047256506461
polynomial,landweber,7.93472337035748e-05,1.60653065971263,1.85846498466026
polynomial,landweber,0.000151469193524543,1.77880078307141,1.72065421771829
polynomial,landweber,9.79296871623786e-05,1.70468808971871,1.71897284942772
polynomial,landweber,0.000424153320322389,1.77880078307141,2.00699615507756
polynomial,landweber,0.000343562667204943,1.70468808971871,2.00464671846532
polynomial,landweber,2.4740605658263e-05,1.67032004603564,1.56300061511641
polynomial,landweber,2.79299711587711e-05,1.60653065971263,1.56168707061955
polynomial,landweber,9.57594834914816e-05,1.67032004603564,1.78670108463884
polynomial,landweber,0.000135277641113065,1.60653065971263,1.78486562149251
polynomial,landweber,1.50770733485513e-05,1.77880078307141,1.75886346656515
polynomial,landweber,5.2802530965096e-06,1.70468808971871,1.75709295174933
polynomial,landweber,4.66851610467426e-05,1.77880078307141,2.06038731790044
polynomial,landweber,2.07453093255728e-05,1.70468808971871,2.05791331363015
polynomial,landweber,9.01287185897598e-05,1.67032004603564,1.59285103446458
polynomial,landweber,5.5115150144761e-05,1.60653065971263,1.59146784554281
polynomial,landweber,0.000385742881197564,1.67032004603564,1.82841215323736
polynomial,landweber,0.000298951065538372,1.60653065971263,1.82647937342184
polynomial,landweber,0.00486799514877874,2.22140275816017,2.0093049355366
polynomial,landweber,0.00437572668196998,2.10517091807565,2.00695011227684
polynomial,landweber,0.000502778739068938,2.22140275816017,2.41033822379358
polynomial,landweber,0.000566200169935022,2.10517091807565,2.4070477442402
polynomial,landweber,0.000795789056860014,2.05127109637602,1.78850478575742
polynomial,landweber,0.00124637013784139,1.95122942450071,1.78666511437115
polynomial,landweber,0.000113605050807996,2.05127109637602,2.1018062033023
polynomial,landweber,0.000222654142301546,1.95122942450071,2.09923556405946
polynomial,landweber,0.000621845769761753,2.22140275816017,2.06281851041913
polynomial,landweber,0.000301414041053892,2.10517091807565,2.06033883390006
polynomial,landweber,7.10186982690438e-05,2.22140275816017,2.48511467389441
polynomial,landweber,4.36774086643626e-05,2.10517091807565,2.4816497323744
polynomial,landweber,0.00372040864721646,2.05127109637602,1.83031148699527
polynomial,landweber,0.00314210332564453,1.95122942450071,1.82837427581797
polynomial,landweber,0.000587291314850503,2.05127109637602,2.16022421622434
polynomial,landweber,0.000628604930249441,1.95122942450071,2.15751728111018
polynomial,landweber,0.000692589490280147,2.22140275816017,1.97169916725722
polynomial,landweber,0.000575481394357805,2.10517091807565,1.96943208253388
polynomial,landweber,0.00261795875186688,2.22140275816017,2.35779032615416
polynomial,landweber,0.00272528063519881,2.10517091807565,2.35462244682521
polynomial,landweber,0.000113220149243466,2.05127109637602,1.75912582681612
polynomial,landweber,0.000163918561862273,1.95122942450071,1.75735469988398
polynomial,landweber,0.000591539207822979,2.05127109637602,2.06075392335071
polynomial,landweber,0.0010716969979554,1.95122942450071,2.05827906374819
polynomial,landweber,6.89395797416559e-05,2.22140275816017,2.0232188758403
polynomial,landweber,3.10292772558639e-05,2.10517091807565,2.0208315897746
polynomial,landweber,0.000288150110086933,2.22140275816017,2.42978067489331
polynomial,landweber,0.000164560341308759,2.10517091807565,2.42644483388923
polynomial,landweber,0.000412455018717247,2.05127109637602,1.79937484903753
polynomial,landweber,0.000323466003498371,1.95122942450071,1.79750981655676
polynomial,landweber,0.00238286621906497,2.05127109637602,2.11699533514861
polynomial,landweber,0.00236835116902479,1.95122942450071,2.11438925793286
polynomial,landweber,0.000125625646953538,2.49182469764127,2.41562351038463
polynomial,landweber,0.000109059940049626,2.349858807576,2.41232069965624
polynomial,landweber,9.61206578482424e-06,2.49182469764127,2.97810183711709
polynomial,landweber,1.0454342359278e-05,2.349858807576,2.97348670045006
polynomial,landweber,2.83753746749529e-05,2.28402541668774,2.10593525649962
polynomial,landweber,4.30103708573674e-05,2.16183424272828,2.10335498370584
polynomial,landweber,3.00090977183953e-06,2.28402541668774,2.54536325976958
polynomial,landweber,5.69204843429907e-06,2.16183424272828,2.54175775144325
polynomial,landweber,1.60476283858334e-05,2.49182469764127,2.49068018757027
polynomial,landweber,7.51239728543871e-06,2.349858807576,2.48720226107357
polynomial,landweber,1.35772725986537e-06,2.49182469764127,3.08298124180321
polynomial,landweber,8.06461403209649e-07,2.349858807576,3.0781214095512
polynomial,landweber,0.000132658257108041,2.28402541668774,2.16457219275165
polynomial,landweber,0.000108429290148266,2.16183424272828,2.16185511331351
polynomial,landweber,1.55134673424864e-05,2.28402541668774,2.62729876767277
polynomial,landweber,1.60699894106312e-05,2.16183424272828,2.62350209448337
polynomial,landweber,1.78732722877697e-05,2.49182469764127,2.36287868785578
polynomial,landweber,1.43432099237244e-05,2.349858807576,2.35969893679999
polynomial,landweber,5.00498326391054e-05,2.49182469764127,2.90439959243313
polynomial,landweber,5.03196895697656e-05,2.349858807576,2.89995641148926
polynomial,landweber,4.03708008779839e-06,2.28402541668774,2.06472913184531
polynomial,landweber,5.65658460681113e-06,2.16183424272828,2.06224499762905
polynomial,landweber,1.56256766451553e-05,2.28402541668774,2.48778445418941
polynomial,landweber,2.73974297365351e-05,2.16183424272828,2.48431328376819
polynomial,landweber,1.77908544299253e-06,2.49182469764127,2.43513882267778
polynomial,landweber,7.7336894263794e-07,2.349858807576,2.43179048050523
polynomial,landweber,5.50882047874379e-06,2.49182469764127,3.0053712875153
polynomial,landweber,3.03844865853506e-06,2.349858807576,3.0006925281176
polynomial,landweber,1.47068693541049e-05,2.28402541668774,2.12118131009244
polynomial,landweber,1.11623283869032e-05,2.16183424272828,2.11856546652084
polynomial,landweber,6.29440898174842e-05,2.28402541668774,2.56666712085942
polynomial,landweber,6.05457838069798e-05,2.16183424272828,2.56301190820109
polynomial,landweber,0.000759538687224554,3.33964685192599,2.9087658857333
polynomial,landweber,0.000846706009089562,3.11700001661268,2.90431251773034
polynomial,landweber,7.84470591620539e-05,3.33964685192599,3.66718748134494
polynomial,landweber,0.000109560107628954,3.11700001661268,3.66096462946137
polynomial,landweber,0.000171504198251637,3.01375270747048,2.49119555725845
polynomial,landweber,0.000333273146539268,2.82211880039051,2.48771642834563
polynomial,landweber,2.44835525045291e-05,3.01375270747048,3.08370138647409
polynomial,landweber,5.95366050115374e-05,2.82211880039051,3.07883987404262
polynomial,landweber,9.70247309592075e-05,3.33964685192599,3.00996908266913
polynomial,landweber,5.83238164385081e-05,3.11700001661268,3.00527959609217
polynomial,landweber,1.10808345536661e-05,3.33964685192599,3.80860236200518
polynomial,landweber,8.45160748498278e-06,3.11700001661268,3.80204957311394
polynomial,landweber,0.000801802558993415,3.01375270747048,2.57025908138104
polynomial,landweber,0.000840182727662812,2.82211880039051,2.56659548827009
polynomial,landweber,0.000126569880831251,3.01375270747048,3.19417970303819
polynomial,landweber,0.00016808581710499,2.82211880039051,3.18906043212324
polynomial,landweber,0.000108062661558913,3.33964685192599,2.83764703446135
polynomial,landweber,0.000111356030697654,3.11700001661268,2.83335959483076
polynomial,landweber,0.000408472254558399,3.33964685192599,3.56781054296922
polynomial,landweber,0.000527343606671384,3.11700001661268,3.56181954879062
polynomial,landweber,2.4400600579441e-05,3.01375270747048,2.4356349901681
polynomial,landweber,4.38310043135704e-05,2.82211880039051,2.43228549038033
polynomial,landweber,0.000127485363988782,3.01375270747048,3.00606460026189
polynomial,landweber,0.000286566421804578,2.82211880039051,3.00138422328666
polynomial,landweber,1.07564359237141e-05,3.33964685192599,2.93507949389347
polynomial,landweber,6.00418568611739e-06,3.11700001661268,2.93056473324854
polynomial,landweber,4.49591977087213e-05,3.33964685192599,3.70395643598646
polynomial,landweber,3.1842534959525e-05,3.11700001661268,3.69764779794791
polynomial,landweber,8.88900980607588e-05,3.01375270747048,2.51175268051655
polynomial,landweber,8.64931929218788e-05,2.82211880039051,2.50822558949605
polynomial,landweber,0.000513542573774717,3.01375270747048,3.11242659694453
polynomial,landweber,0.000633285267551308,2.82211880039051,3.10749806532849
polynomial,landweber,0.000105972038196597,1.77880078307141,1.74854428537943
polynomial,landweber,7.40029352343184e-05,1.70468808971871,1.74679784638749
polynomial,landweber,1.25892464741956e-05,1.77880078307141,2.04596795349226
polynomial,landweber,1.10343278474698e-05,1.70468808971871,2.04352759123986
polynomial,landweber,9.36643552119747e-06,1.67032004603564,1.58478932440694
polynomial,landweber,1.14506399725992e-05,1.60653065971263,1.58342494437205
polynomial,landweber,1.53799777282289e-06,1.67032004603564,1.81714723473442
polynomial,landweber,2.35716852536868e-06,1.60653065971263,1.81524073725556
polynomial,landweber,1.35370438243179e-05,1.77880078307141,1.78823227189189
polynomial,landweber,5.09755873252653e-06,1.70468808971871,1.78639323631148
polynomial,landweber,1.778261146128e-06,1.77880078307141,2.10142540983986
polynomial,landweber,8.51202229038192e-07,1.70468808971871,2.09885565903149
polynomial,landweber,4.37892019326779e-05,1.67032004603564,1.61579498602646
polynomial,landweber,2.88671020319653e-05,1.60653065971263,1.61435826625498
polynomial,landweber,7.95081493132629e-06,1.67032004603564,1.86047256506461
polynomial,landweber,6.65484028798717e-06,1.60653065971263,1.85846498466026
polynomial,landweber,1.50770733485513e-05,1.77880078307141,1.72065421771829
polynomial,landweber,9.73262624713179e-06,1.70468808971871,1.71897284942772
polynomial,landweber,6.55519524305315e-05,1.77880078307141,2.00699615507756
polynomial,landweber,5.31113228182101e-05,1.70468808971871,2.00464671846532
polynomial,landweber,1.33260091785331e-06,1.67032004603564,1.56300061511641
polynomial,landweber,1.50595106519631e-06,1.60653065971263,1.56168707061955
polynomial,landweber,8.00832337733632e-06,1.67032004603564,1.78670108463884
polynomial,landweber,1.13457149559397e-05,1.60653065971263,1.78486562149251
polynomial,landweber,1.50075494209827e-06,1.77880078307141,1.75886346656515
polynomial,landweber,5.24771714969094e-07,1.70468808971871,1.75709295174933
polynomial,landweber,7.21508782206799e-06,1.77880078307141,2.06038731790044
polynomial,landweber,3.20701556288963e-06,1.70468808971871,2.05791331363015
polynomial,landweber,4.8545947005765e-06,1.67032004603564,1.59285103446458
polynomial,landweber,2.97174381588617e-06,1.60653065971263,1.59146784554281
polynomial,landweber,3.22595070535267e-05,1.67032004603564,1.82841215323736
polynomial,landweber,2.50729798913181e-05,1.60653065971263,1.82647937342184
polynomial,landweber,0.000535804216557258,2.22140275816017,2.0093049355366
polynomial,landweber,0.000482473898643181,2.10517091807565,2.00695011227684
polynomial,landweber,8.59217117479918e-05,2.22140275816017,2.41033822379358
polynomial,landweber,9.71089158479462e-05,2.10517091807565,2.4070477442402
polynomial,landweber,4.76763856244649e-05,2.05127109637602,1.78850478575742
polynomial,landweber,7.52594403054059e-05,1.95122942450071,1.78666511437115
polynomial,landweber,1.05675187534922e-05,2.05127109637602,2.1018062033023
polynomial,landweber,2.09127045694097e-05,1.95122942450071,2.09923556405946
polynomial,landweber,6.84445188015912e-05,2.22140275816017,2.06281851041913
polynomial,landweber,3.32343443872496e-05,2.10517091807565,2.06033883390006
polynomial,landweber,1.21366470919004e-05,2.22140275816017,2.48511467389441
polynomial,landweber,7.49110655147047e-06,2.10517091807565,2.4816497323744
polynomial,landweber,0.000222892782724565,2.05127109637602,1.83031148699527
polynomial,landweber,0.000189729303110001,1.95122942450071,1.82837427581797
polynomial,landweber,5.46297188312067e-05,2.05127109637602,2.16022421622434
polynomial,landweber,5.90414759918424e-05,1.95122942450071,2.15751728111018
polynomial,landweber,7.6231047462823e-05,2.22140275816017,1.97169916725722
polynomial,landweber,6.34534037686793e-05,2.10517091807565,1.96943208253388
polynomial,landweber,0.000447392619788555,2.22140275816017,2.35779032615416
polynomial,landweber,0.00046741251931438,2.10517091807565,2.35462244682521
polynomial,landweber,6.78311350132134e-06,2.05127109637602,1.75912582681612
polynomial,landweber,9.89787772257393e-06,1.95122942450071,1.75735469988398
polynomial,landweber,5.50248569727787e-05,2.05127109637602,2.06075392335071
polynomial,landweber,0.000100658727812086,1.95122942450071,2.05827906374819
polynomial,landweber,7.58795281924868e-06,2.22140275816017,2.0232188758403
polynomial,landweber,3.42133260548552e-06,2.10517091807565,2.0208315897746
polynomial,landweber,4.92430343114546e-05,2.22140275816017,2.42978067489331
polynomial,landweber,2.82237222533781e-05,2.10517091807565,2.42644483388923
polynomial,landweber,2.47105239203716e-05,2.05127109637602,1.79937484903753
polynomial,landweber,1.95318145404827e-05,1.95122942450071,1.79750981655676
polynomial,landweber,0.000221653731748163,2.05127109637602,2.11699533514861
polynomial,landweber,0.000222446471475719,1.95122942450071,2.11438925793286
polynomial,landweber,0.000457647591102943,2.49182469764127,2.41562351038463
polynomial,landweber,0.000396680697514186,2.349858807576,2.41232069965624
polynomial,landweber,5.43675333678904e-05,2.49182469764127,2.97810183711709
polynomial,landweber,5.91477196583503e-05,2.349858807576,2.97348670045006
polynomial,landweber,5.59360146777711e-05,2.28402541668774,2.10593525649962
polynomial,landweber,8.48738093609244e-05,2.16183424272828,2.10335498370584
polynomial,landweber,9.18486715680733e-06,2.28402541668774,2.54536325976958
polynomial,landweber,1.74716760401559e-05,2.16183424272828,2.54175775144325
polynomial,landweber,5.84606619093318e-05,2.49182469764127,2.49068018757027
polynomial,landweber,2.73246344518023e-05,2.349858807576,2.48720226107357
polynomial,landweber,7.67954399789561e-06,2.49182469764127,3.08298124180321
polynomial,landweber,4.56273109804858e-06,2.349858807576,3.0781214095512
polynomial,landweber,0.00026150753256037,2.28402541668774,2.16457219275165
polynomial,landweber,0.000213967159960164,2.16183424272828,2.16185511331351
polynomial,landweber,4.74819796380822e-05,2.28402541668774,2.62729876767277
polynomial,landweber,4.93266443868302e-05,2.16183424272828,2.62350209448337
polynomial,landweber,6.51113861379755e-05,2.49182469764127,2.36287868785578
polynomial,landweber,5.2170159955584e-05,2.349858807576,2.35969893679999
polynomial,landweber,0.000283090649500133,2.49182469764127,2.90439959243313
polynomial,landweber,0.000284694607243882,2.349858807576,2.89995641148926
polynomial,landweber,7.95824455652947e-06,2.28402541668774,2.06472913184531
polynomial,landweber,1.11623283869032e-05,2.16183424272828,2.06224499762905
polynomial,landweber,4.78254180008225e-05,2.28402541668774,2.48778445418941
polynomial,landweber,8.40960898725417e-05,2.16183424272828,2.48431328376819
polynomial,landweber,6.48111422385726e-06,2.49182469764127,2.43513882267778
polynomial,landweber,2.81295342232749e-06,2.349858807576,2.43179048050523
polynomial,landweber,3.11588567848423e-05,2.49182469764127,3.0053712875153
polynomial,landweber,1.71906852937362e-05,2.349858807576,3.0006925281176
polynomial,landweber,2.89914642354107e-05,2.28402541668774,2.12118131009244
polynomial,landweber,2.20269975042956e-05,2.16183424272828,2.11856546652084
polynomial,landweber,0.000192652611119777,2.28402541668774,2.56666712085942
polynomial,landweber,0.000185844574669916,2.16183424272828,2.56301190820109
polynomial,landweber,0.00305960966902122,3.33964685192599,2.9087658857333
polynomial,landweber,0.00341677525449953,3.11700001661268,2.90431251773034
polynomial,landweber,0.000490639849257172,3.33964685192599,3.66718748134494
polynomial,landweber,0.000687704229376201,3.11700001661268,3.66096462946137
polynomial,landweber,0.000376045374945552,3.01375270747048,2.49119555725845
polynomial,landweber,0.000736502806032577,2.82211880039051,2.48771642834563
polynomial,landweber,8.33508350067117e-05,3.01375270747048,3.08370138647409
polynomial,landweber,0.000204655595824225,2.82211880039051,3.07883987404262
polynomial,landweber,0.000390839610898199,3.33964685192599,3.00996908266913
polynomial,landweber,0.00023535840139997,3.11700001661268,3.00527959609217
polynomial,landweber,6.93040510775986e-05,3.33964685192599,3.80860236200518
polynomial,landweber,5.30503879398729e-05,3.11700001661268,3.80204957311394
polynomial,landweber,0.00175805692806767,3.01375270747048,2.57025908138104
polynomial,landweber,0.00185672606067844,2.82211880039051,2.56659548827009
polynomial,landweber,0.000430889481909668,3.01375270747048,3.19417970303819
polynomial,landweber,0.000577790806891949,2.82211880039051,3.18906043212324
polynomial,landweber,0.000435303125077114,3.33964685192599,2.83764703446135
polynomial,landweber,0.000449363209948342,3.11700001661268,2.83335959483076
polynomial,landweber,0.00255475179749266,3.33964685192599,3.56781054296922
polynomial,landweber,0.00331011384061995,3.11700001661268,3.56181954879062
polynomial,landweber,5.35015065947808e-05,3.01375270747048,2.4356349901681
polynomial,landweber,9.68624625277663e-05,2.82211880039051,2.43228549038033
polynomial,landweber,0.000434006116458544,3.01375270747048,3.00606460026189
polynomial,landweber,0.000985064932511136,2.82211880039051,3.00138422328666
polynomial,landweber,4.33295840092911e-05,3.33964685192599,2.93507949389347
polynomial,landweber,2.42291336727435e-05,3.11700001661268,2.93056473324854
polynomial,landweber,0.000281193128488883,3.33964685192599,3.70395643598646
polynomial,landweber,0.000199874264818062,3.11700001661268,3.69764779794791
polynomial,landweber,0.000194903160359726,3.01375270747048,2.51175268051655
polynomial,landweber,0.000191141950532684,2.82211880039051,2.50822558949605
polynomial,landweber,0.00174828396850091,3.01375270747048,3.11242659694453
polynomial,landweber,0.00217690232307168,2.82211880039051,3.10749806532849
polynomial,pmmr,0.00748294912415195,1.77880078307141,1.93995384541691
polynomial,pmmr,0.0076425891174435,1.70468808971871,2.09313507053207
polynomial,pmmr,0.000709245152938778,1.77880078307141,2.1339953891674
polynomial,pmmr,0.000904292506752669,1.70468808971871,2.2702567760435
polynomial,pmmr,0.000905462486159698,1.67032004603564,1.84861729835398
polynomial,pmmr,0.00161476113157825,1.60653065971263,1.97344819804646
polynomial,pmmr,0.000118622468061873,1.67032004603564,2.02413239908002
polynomial,pmmr,0.000263779258816363,1.60653065971263,2.13260949788909
polynomial,pmmr,0.000955884325267599,1.77880078307141,1.94156398775843
polynomial,pmmr,0.000526445968276534,1.70468808971871,2.10382372843489
polynomial,pmmr,0.000100182572573807,1.77880078307141,2.13746872406814
polynomial,pmmr,6.97582859681761e-05,1.70468808971871,2.28491140153041
polynomial,pmmr,0.00423314499514566,1.67032004603564,1.84980807505075
polynomial,pmmr,0.00407081826466162,1.60653065971263,1.98409268456044
polynomial,pmmr,0.00061322929520635,1.67032004603564,2.03077408306927
polynomial,pmmr,0.000744710791703774,1.60653065971263,2.15112715353885
polynomial,pmmr,0.00106462963936783,1.77880078307141,1.99500061764527
polynomial,pmmr,0.00100512855611679,1.70468808971871,2.15951244540343
polynomial,pmmr,0.00369302520387731,1.77880078307141,2.21099896427597
polynomial,pmmr,0.00435261412495031,1.70468808971871,2.35677501190722
polynomial,pmmr,0.000128823834574787,1.67032004603564,1.90539201991034
polynomial,pmmr,0.000212368151645404,1.60653065971263,2.03791047579132
polynomial,pmmr,0.000617664798248458,1.67032004603564,2.0997487593456
polynomial,pmmr,0.00126964374825572,1.60653065971263,2.21355596868365
polynomial,pmmr,0.000105972038196597,1.77880078307141,1.99812284314527
polynomial,pmmr,5.4195344890929e-05,1.70468808971871,2.1741577956254
polynomial,pmmr,0.000406479138868103,1.77880078307141,2.21637840567337
polynomial,pmmr,0.000262823452651471,1.70468808971871,2.37616611338337
polynomial,pmmr,0.000469298419546449,1.67032004603564,1.90991635063155
polynomial,pmmr,0.000419073206247334,1.60653065971263,2.05426072327082
polynomial,pmmr,0.00248810655825924,1.67032004603564,2.11085080405604
polynomial,pmmr,0.00280579516520357,1.60653065971263,2.23925425379476
polynomial,pmmr,0.000934898023489231,2.22140275816017,2.06418447577254
polynomial,pmmr,0.0012271489970857,2.10517091807565,2.23558776248863
polynomial,pmmr,0.000119612390536422,2.22140275816017,2.27842778817768
polynomial,pmmr,0.000195999093135422,2.10517091807565,2.43544870936119
polynomial,pmmr,0.000113220149243466,2.05127109637602,1.95854150572686
polynomial,pmmr,0.000258943968827728,1.95122942450071,2.09991671078194
polynomial,pmmr,2.00220509127348e-05,2.05127109637602,2.15576459703203
polynomial,pmmr,5.70987369063187e-05,1.95122942450071,2.28320301556075
polynomial,pmmr,0.000119425423258947,2.22140275816017,2.05778906739642
polynomial,pmmr,8.45299455541655e-05,2.10517091807565,2.23762272332153
polynomial,pmmr,1.68955359736889e-05,2.22140275816017,2.27484110457059
polynomial,pmmr,1.51196218992706e-05,2.10517091807565,2.44262631161949
polynomial,pmmr,0.000529317686205158,2.05127109637602,1.95370543187785
polynomial,pmmr,0.000652798619692812,1.95122942450071,2.10441467832823
polynomial,pmmr,0.000103505755447592,2.05127109637602,2.15776471898087
polynomial,pmmr,0.000161203142952165,1.95122942450071,2.29725520879184
polynomial,pmmr,0.000133011748319997,2.22140275816017,2.13046037502901
polynomial,pmmr,0.000161390659713171,2.10517091807565,2.31523757799873
polynomial,pmmr,0.000622819304603906,2.22140275816017,2.37096639440939
polynomial,pmmr,0.000943398750833641,2.10517091807565,2.54021018811306
polynomial,pmmr,1.61082916185006e-05,2.05127109637602,2.02748862523861
polynomial,pmmr,3.40554717129719e-05,1.95122942450071,2.17835741689035
polynomial,pmmr,0.000104254415201378,2.05127109637602,2.2479462612963
polynomial,pmmr,0.00027483227707784,1.95122942450071,2.38303744728081
polynomial,pmmr,1.32398399897382e-05,2.22140275816017,2.12655765927944
polynomial,pmmr,8.70199380178946e-06,2.10517091807565,2.32228649132388
polynomial,pmmr,6.85516725799842e-05,2.22140275816017,2.37046295027654
polynomial,pmmr,5.69651500921905e-05,2.10517091807565,2.55337943493037
polynomial,pmmr,5.86816548591944e-05,2.05127109637602,2.0270580716695
polynomial,pmmr,6.72028061196784e-05,1.95122942450071,2.18977727053402
polynomial,pmmr,0.000419962566954781,2.05127109637602,2.25583400761407
polynomial,pmmr,0.000607353893819652,1.95122942450071,2.40587608994128
polynomial,pmmr,0.000882983424545827,2.49182469764127,2.24894789779905
polynomial,pmmr,0.00111936699941155,2.349858807576,2.42298412232151
polynomial,pmmr,8.36904946958843e-05,2.49182469764127,2.45219486008248
polynomial,pmmr,0.000132446632197425,2.349858807576,2.60051244053112
polynomial,pmmr,0.00014775000352115,2.28402541668774,2.1113792088904
polynomial,pmmr,0.000327033383193953,2.16183424272828,2.25092659687853
polynomial,pmmr,1.93563735016384e-05,2.28402541668774,2.30007067015703
polynomial,pmmr,5.34225290292901e-05,2.16183424272828,2.41667426050432
polynomial,pmmr,0.000112793766333419,2.49182469764127,2.24418659087888
polynomial,pmmr,7.7105577024548e-05,2.349858807576,2.4299244759151
polynomial,pmmr,1.18214823518603e-05,2.49182469764127,2.45179809623106
polynomial,pmmr,1.02171033989081e-05,2.349858807576,2.61432075125576
polynomial,pmmr,0.00069074886867041,2.28402541668774,2.10896600017886
polynomial,pmmr,0.000824452263201824,2.16183424272828,2.26047739471181
polynomial,pmmr,0.000100064477447639,2.28402541668774,2.30625304222684
polynomial,pmmr,0.000150824344820521,2.16183424272828,2.43755386502905
polynomial,pmmr,0.000125625646953538,2.49182469764127,2.30905057045733
polynomial,pmmr,0.000147215520629698,2.349858807576,2.49756567568256
polynomial,pmmr,0.000435774717608172,2.49182469764127,2.53780572577915
polynomial,pmmr,0.000637502885183462,2.349858807576,2.69843302368144
polynomial,pmmr,2.10209945778757e-05,2.28402541668774,2.17612474810182
polynomial,pmmr,4.30103708573674e-05,2.16183424272828,2.3256628667722
polynomial,pmmr,0.00010078824635039,2.28402541668774,2.38696405483944
polynomial,pmmr,0.00025713765480427,2.16183424272828,2.51092157885343
polynomial,pmmr,1.25046357579688e-05,2.49182469764127,2.30845723268416
polynomial,pmmr,7.93768704039999e-06,2.349858807576,2.51189657452315
polynomial,pmmr,4.7964290026477e-05,2.49182469764127,2.54229551430584
polynomial,pmmr,3.84942713848094e-05,2.349858807576,2.72069288883811
polynomial,pmmr,7.65783720477939e-05,2.28402541668774,2.17973154875732
polynomial,pmmr,8.48738093609244e-05,2.16183424272828,2.34425847445196
polynomial,pmmr,0.000405999981625921,2.28402541668774,2.40073477123588
polynomial,pmmr,0.000568250416412313,2.16183424272828,2.54273814335593
polynomial,pmmr,0.000145869335475403,3.33964685192599,2.38325600170357
polynomial,pmmr,0.000237454143139697,3.11700001661268,2.57622957754891
polynomial,pmmr,1.86627626583844e-05,3.33964685192599,2.60767652103482
polynomial,pmmr,3.7925954246108e-05,3.11700001661268,2.77824138884426
polynomial,pmmr,2.4400600579441e-05,3.01375270747048,2.2325642959292
polynomial,pmmr,6.92403232783208e-05,2.82211880039051,2.38977836253654
polynomial,pmmr,4.31504524916592e-06,3.01375270747048,2.44538857421749
polynomial,pmmr,1.52679169168351e-05,2.82211880039051,2.58266918653187
polynomial,pmmr,1.8633590714669e-05,3.33964685192599,2.37010074126119
polynomial,pmmr,1.63566004119122e-05,3.11700001661268,2.57403523987044
polynomial,pmmr,2.63615981963957e-06,3.33964685192599,2.60077515132089
polynomial,pmmr,2.92565684461606e-06,3.11700001661268,2.78505001103769
polynomial,pmmr,0.000114075714676479,3.01375270747048,2.22429635223807
polynomial,pmmr,0.000174555088762244,2.82211880039051,2.39335100863931
polynomial,pmmr,2.2307006422673e-05,3.01375270747048,2.44797304306221
polynomial,pmmr,4.31049148664089e-05,2.82211880039051,2.6001449562528
polynomial,pmmr,2.07534242777046e-05,3.33964685192599,2.45651697519575
polynomial,pmmr,3.12291994728862e-05,3.11700001661268,2.66607778197468
polynomial,pmmr,9.71766286816531e-05,3.33964685192599,2.7113600099166
polynomial,pmmr,0.000182548282686344,3.11700001661268,2.89709407527044
polynomial,pmmr,3.47157279359331e-06,3.01375270747048,2.31179301503839
polynomial,pmmr,9.10626295517483e-06,2.82211880039051,2.48093046878611
polynomial,pmmr,2.24683535657752e-05,3.01375270747048,2.55193205027616
polynomial,pmmr,7.34887775078738e-05,2.82211880039051,2.69909670280333
polynomial,pmmr,2.0657725362343e-06,3.33964685192599,2.44896137804269
polynomial,pmmr,1.68384156016759e-06,3.11700001661268,2.67278041317436
polynomial,pmmr,1.06959119323509e-05,3.33964685192599,2.71106382685738
polynomial,pmmr,1.10227942459221e-05,3.11700001661268,2.91416659948101
polynomial,pmmr,1.26467561748286e-05,3.01375270747048,2.31104922624775
polynomial,pmmr,1.79696945327679e-05,2.82211880039051,2.49521394375562
polynomial,pmmr,9.05080846744403e-05,3.01375270747048,2.56410677967996
polynomial,pmmr,0.000162403396158639,2.82211880039051,2.72972574172617
polynomial,pmmr,0.000955884325267599,1.77880078307141,1.93995384541691
polynomial,pmmr,0.000970351563627095,1.70468808971871,2.09313507053207
polynomial,pmmr,0.000139844897630605,1.77880078307141,2.1339953891674
polynomial,pmmr,0.000176779079384732,1.70468808971871,2.2702567760435
polynomial,pmmr,6.2589294446911e-05,1.67032004603564,1.84861729835398
polynomial,pmmr,0.000111229908396983,1.60653065971263,1.97344819804646
polynomial,pmmr,1.26565182893121e-05,1.67032004603564,2.02413239908002
polynomial,pmmr,2.79761065503157e-05,1.60653065971263,2.13260949788909
polynomial,pmmr,0.000122106248236165,1.77880078307141,1.94156398775843
polynomial,pmmr,6.6840917473422e-05,1.70468808971871,2.10382372843489
polynomial,pmmr,1.9753425945745e-05,1.77880078307141,2.13746872406814
polynomial,pmmr,1.36369653412199e-05,1.70468808971871,2.28491140153041
polynomial,pmmr,0.000292612408120141,1.67032004603564,1.84980807505075
polynomial,pmmr,0.000280410974616735,1.60653065971263,1.98409268456044
polynomial,pmmr,6.54289859006547e-05,1.67032004603564,2.03077408306927
polynomial,pmmr,7.89831185035628e-05,1.60653065971263,2.15112715353885
polynomial,pmmr,0.000135997554921548,1.77880078307141,1.99500061764527
polynomial,pmmr,0.000127617493376436,1.70468808971871,2.15951244540343
polynomial,pmmr,0.000728169560896594,1.77880078307141,2.21099896427597
polynomial,pmmr,0.000850887419922132,1.70468808971871,2.35677501190722
polynomial,pmmr,8.90483375868919e-06,1.67032004603564,1.90539201991034
polynomial,pmmr,1.46285971293273e-05,1.60653065971263,2.03791047579132
polynomial,pmmr,6.5902235414781e-05,1.67032004603564,2.0997487593456
polynomial,pmmr,0.00013465686779745,1.60653065971263,2.21355596868365
polynomial,pmmr,1.35370438243179e-05,1.77880078307141,1.99812284314527
polynomial,pmmr,6.8809845522369e-06,1.70468808971871,2.1741577956254
polynomial,pmmr,8.01472288227161e-05,1.77880078307141,2.21637840567337
polynomial,pmmr,5.13790478783116e-05,1.70468808971871,2.37616611338337
polynomial,pmmr,3.24398386608389e-05,1.67032004603564,1.90991635063155
polynomial,pmmr,2.88671020319653e-05,1.60653065971263,2.05426072327082
polynomial,pmmr,0.000265470502130676,1.67032004603564,2.11085080405604
polynomial,pmmr,0.000297579213969747,1.60653065971263,2.23925425379476
polynomial,pmmr,0.000132056579730201,2.22140275816017,2.06418447577254
polynomial,pmmr,0.000172859738935083,2.10517091807565,2.23558776248863
polynomial,pmmr,2.60789243617065e-05,2.22140275816017,2.27842778817768
polynomial,pmmr,4.2509300165877e-05,2.10517091807565,2.43544870936119
polynomial,pmmr,8.70500243869682e-06,2.05127109637602,1.95854150572686
polynomial,pmmr,1.99752704930459e-05,1.95122942450071,2.09991671078194
polynomial,pmmr,2.37613678042614e-06,2.05127109637602,2.15576459703203
polynomial,pmmr,6.7818270053608e-06,1.95122942450071,2.28320301556075
polynomial,pmmr,1.68691263989926e-05,2.22140275816017,2.05778906739642
polynomial,pmmr,1.19071313714885e-05,2.10517091807565,2.23762272332153
polynomial,pmmr,3.68371038094215e-06,2.22140275816017,2.27484110457059
polynomial,pmmr,3.2792220383723e-06,2.10517091807565,2.44262631161949
polynomial,pmmr,4.06969234721017e-05,2.05127109637602,1.95370543187785
polynomial,pmmr,5.03577243559056e-05,1.95122942450071,2.10441467832823
polynomial,pmmr,1.22836483423577e-05,2.05127109637602,2.15776471898087
polynomial,pmmr,1.91466902326703e-05,1.95122942450071,2.29725520879184
polynomial,pmmr,1.87882272780048e-05,2.22140275816017,2.13046037502901
polynomial,pmmr,2.27339527399143e-05,2.10517091807565,2.31523757799873
polynomial,pmmr,0.000135792433065955,2.22140275816017,2.37096639440939
polynomial,pmmr,0.000204609215449747,2.10517091807565,2.54021018811306
polynomial,pmmr,1.23849614012393e-06,2.05127109637602,2.02748862523861
polynomial,pmmr,2.62708284851948e-06,1.95122942450071,2.17835741689035
polynomial,pmmr,1.2372496282299e-05,2.05127109637602,2.2479462612963
polynomial,pmmr,3.26428404482803e-05,1.95122942450071,2.38303744728081
polynomial,pmmr,1.87015903477317e-06,2.22140275816017,2.12655765927944
polynomial,pmmr,1.22578788750539e-06,2.10517091807565,2.32228649132388
polynomial,pmmr,1.4946226524396e-05,2.22140275816017,2.37046295027654
polynomial,pmmr,1.23548972881728e-05,2.10517091807565,2.55337943493037
polynomial,pmmr,4.51177596981956e-06,2.05127109637602,2.0270580716695
polynomial,pmmr,5.18411081829589e-06,1.95122942450071,2.18977727053402
polynomial,pmmr,4.98394747917028e-05,2.05127109637602,2.25583400761407
polynomial,pmmr,7.2137655963828e-05,1.95122942450071,2.40587608994128
polynomial,pmmr,0.00412805270405592,2.49182469764127,2.24894789779905
polynomial,pmmr,0.00520141172609965,2.349858807576,2.42298412232151
polynomial,pmmr,0.000603929882050146,2.49182469764127,2.45219486008248
polynomial,pmmr,0.00094759550137048,2.349858807576,2.60051244053112
polynomial,pmmr,0.000373781006118126,2.28402541668774,2.1113792088904
polynomial,pmmr,0.000824452263201824,2.16183424272828,2.25092659687853
polynomial,pmmr,7.55842701525296e-05,2.28402541668774,2.30007067015703
polynomial,pmmr,0.00020736297182466,2.16183424272828,2.41667426050432
polynomial,pmmr,0.000527324295303528,2.49182469764127,2.24418659087888
polynomial,pmmr,0.000358289866231539,2.349858807576,2.4299244759151
polynomial,pmmr,8.53065389129307e-05,2.49182469764127,2.45179809623106
polynomial,pmmr,7.30987346164517e-05,2.349858807576,2.61432075125576
polynomial,pmmr,0.00174747073403369,2.28402541668774,2.10896600017886
polynomial,pmmr,0.00207844693914776,2.16183424272828,2.26047739471181
polynomial,pmmr,0.00039073954092867,2.28402541668774,2.30625304222684
polynomial,pmmr,0.000585434365122306,2.16183424272828,2.43755386502905
polynomial,pmmr,0.000587314865929753,2.49182469764127,2.30905057045733
polynomial,pmmr,0.00068407281585907,2.349858807576,2.49756567568256
polynomial,pmmr,0.00314465071286622,2.49182469764127,2.53780572577915
polynomial,pmmr,0.00456104361498663,2.349858807576,2.69843302368144
polynomial,pmmr,5.31793456221294e-05,2.28402541668774,2.17612474810182
polynomial,pmmr,0.000108429290148266,2.16183424272828,2.3256628667722
polynomial,pmmr,0.000393565769936334,2.28402541668774,2.38696405483944
polynomial,pmmr,0.000998096294524031,2.16183424272828,2.51092157885343
polynomial,pmmr,5.84606619093318e-05,2.49182469764127,2.30845723268416
polynomial,pmmr,3.68843984785601e-05,2.349858807576,2.51189657452315
polynomial,pmmr,0.000346121362092197,2.49182469764127,2.54229551430584
polynomial,pmmr,0.000275409029188504,2.349858807576,2.72069288883811
polynomial,pmmr,0.000193729544966239,2.28402541668774,2.17973154875732
polynomial,pmmr,0.000213967159960164,2.16183424272828,2.34425847445196
polynomial,pmmr,0.00158538025165397,2.28402541668774,2.40073477123588
polynomial,pmmr,0.00220570042693509,2.16183424272828,2.54273814335593
polynomial,pmmr,0.000754084375812706,3.33964685192599,2.38325600170357
polynomial,pmmr,0.00122415508932939,3.11700001661268,2.57622957754891
polynomial,pmmr,0.0001489188152483,3.33964685192599,2.60767652103482
polynomial,pmmr,0.000301041621736058,3.11700001661268,2.77824138884426
polynomial,pmmr,6.86603202630765e-05,3.01375270747048,2.2325642959292
polynomial,pmmr,0.000195481692525041,2.82211880039051,2.38977836253654
polynomial,pmmr,1.87416733633171e-05,3.01375270747048,2.44538857421749
polynomial,pmmr,6.63682137311478e-05,2.82211880039051,2.58266918653187
polynomial,pmmr,9.63279881780911e-05,3.33964685192599,2.37010074126119
polynomial,pmmr,8.4323715617755e-05,3.11700001661268,2.57403523987044
polynomial,pmmr,2.10351384911134e-05,3.33964685192599,2.60077515132089
polynomial,pmmr,2.32227375330128e-05,3.11700001661268,2.78505001103769
polynomial,pmmr,0.000320995177082884,3.01375270747048,2.22429635223807
polynomial,pmmr,0.000492810006864686,2.82211880039051,2.39335100863931
polynomial,pmmr,9.68867309486421e-05,3.01375270747048,2.44797304306221
polynomial,pmmr,0.000187373052807374,2.82211880039051,2.6001449562528
polynomial,pmmr,0.000107286654466648,3.33964685192599,2.45651697519575
polynomial,pmmr,0.000160996910666349,3.11700001661268,2.66607778197468
polynomial,pmmr,0.00077541726688542,3.33964685192599,2.7113600099166
polynomial,pmmr,0.00144899797928404,3.11700001661268,2.89709407527044
polynomial,pmmr,9.76858332026189e-06,3.01375270747048,2.31179301503839
polynomial,pmmr,2.5709118773179e-05,2.82211880039051,2.48093046878611
polynomial,pmmr,9.7587515130386e-05,3.01375270747048,2.55193205027616
polynomial,pmmr,0.00031944887564232,2.82211880039051,2.69909670280333
polynomial,pmmr,1.06791930495902e-05,3.33964685192599,2.44896137804269
polynomial,pmmr,8.68076331812331e-06,3.11700001661268,2.67278041317436
polynomial,pmmr,8.53476284364712e-05,3.33964685192599,2.71106382685738
polynomial,pmmr,8.74946964899589e-05,3.11700001661268,2.91416659948101
polynomial,pmmr,3.55864326546287e-05,3.01375270747048,2.31104922624775
polynomial,pmmr,5.07326675426327e-05,2.82211880039051,2.49521394375562
polynomial,pmmr,0.000393106644718428,3.01375270747048,2.56410677967996
polynomial,pmmr,0.000705952446927189,2.82211880039051,2.72972574172617
polynomial,pmmr,0.00106462963936783,1.77880078307141,1.93995384541691
polynomial,pmmr,0.000744617548498822,1.70468808971871,2.09313507053207
polynomial,pmmr,8.14586064091042e-05,1.77880078307141,2.1339953891674
polynomial,pmmr,7.13780584804168e-05,1.70468808971871,2.2702567760435
polynomial,pmmr,0.000173893987726491,1.67032004603564,1.84861729835398
polynomial,pmmr,0.000212368151645404,1.60653065971263,1.97344819804646
polynomial,pmmr,1.83906000541097e-05,1.67032004603564,2.02413239908002
polynomial,pmmr,2.81050774725219e-05,1.60653065971263,2.13260949788909
polynomial,pmmr,0.000135997554921548,1.77880078307141,1.94156398775843
polynomial,pmmr,5.12916369428333e-05,1.70468808971871,2.10382372843489
polynomial,pmmr,1.15062227983188e-05,1.77880078307141,2.13746872406814
polynomial,pmmr,5.50619515051667e-06,1.70468808971871,2.28491140153041
polynomial,pmmr,0.000812975109496126,1.67032004603564,1.84980807505075
polynomial,pmmr,0.000535380827321236,1.60653065971263,1.98409268456044
polynomial,pmmr,9.50718265592076e-05,1.67032004603564,2.03077408306927
polynomial,pmmr,7.93472337035748e-05,1.60653065971263,2.15112715353885
polynomial,pmmr,0.000151469193524543,1.77880078307141,1.99500061764527
polynomial,pmmr,9.79296871623786e-05,1.70468808971871,2.15951244540343
polynomial,pmmr,0.000424153320322389,1.77880078307141,2.21099896427597
polynomial,pmmr,0.000343562667204943,1.70468808971871,2.35677501190722
polynomial,pmmr,2.4740605658263e-05,1.67032004603564,1.90539201991034
polynomial,pmmr,2.79299711587711e-05,1.60653065971263,2.03791047579132
polynomial,pmmr,9.57594834914816e-05,1.67032004603564,2.0997487593456
polynomial,pmmr,0.000135277641113065,1.60653065971263,2.21355596868365
polynomial,pmmr,1.50770733485513e-05,1.77880078307141,1.99812284314527
polynomial,pmmr,5.2802530965096e-06,1.70468808971871,2.1741577956254
polynomial,pmmr,4.66851610467426e-05,1.77880078307141,2.21637840567337
polynomial,pmmr,2.07453093255728e-05,1.70468808971871,2.37616611338337
polynomial,pmmr,9.01287185897598e-05,1.67032004603564,1.90991635063155
polynomial,pmmr,5.5115150144761e-05,1.60653065971263,2.05426072327082
polynomial,pmmr,0.000385742881197564,1.67032004603564,2.11085080405604
polynomial,pmmr,0.000298951065538372,1.60653065971263,2.23925425379476
polynomial,pmmr,0.00486799514877874,2.22140275816017,2.06418447577254
polynomial,pmmr,0.00437572668196998,2.10517091807565,2.23558776248863
polynomial,pmmr,0.000502778739068938,2.22140275816017,2.27842778817768
polynomial,pmmr,0.000566200169935022,2.10517091807565,2.43544870936119
polynomial,pmmr,0.000795789056860014,2.05127109637602,1.95854150572686
polynomial,pmmr,0.00124637013784139,1.95122942450071,2.09991671078194
polynomial,pmmr,0.000113605050807996,2.05127109637602,2.15576459703203
polynomial,pmmr,0.000222654142301546,1.95122942450071,2.28320301556075
polynomial,pmmr,0.000621845769761753,2.22140275816017,2.05778906739642
polynomial,pmmr,0.000301414041053892,2.10517091807565,2.23762272332153
polynomial,pmmr,7.10186982690438e-05,2.22140275816017,2.27484110457059
polynomial,pmmr,4.36774086643626e-05,2.10517091807565,2.44262631161949
polynomial,pmmr,0.00372040864721646,2.05127109637602,1.95370543187785
polynomial,pmmr,0.00314210332564453,1.95122942450071,2.10441467832823
polynomial,pmmr,0.000587291314850503,2.05127109637602,2.15776471898087
polynomial,pmmr,0.000628604930249441,1.95122942450071,2.29725520879184
polynomial,pmmr,0.000692589490280147,2.22140275816017,2.13046037502901
polynomial,pmmr,0.000575481394357805,2.10517091807565,2.31523757799873
polynomial,pmmr,0.00261795875186688,2.22140275816017,2.37096639440939
polynomial,pmmr,0.00272528063519881,2.10517091807565,2.54021018811306
polynomial,pmmr,0.000113220149243466,2.05127109637602,2.02748862523861
polynomial,pmmr,0.000163918561862273,1.95122942450071,2.17835741689035
polynomial,pmmr,0.000591539207822979,2.05127109637602,2.2479462612963
polynomial,pmmr,0.0010716969979554,1.95122942450071,2.38303744728081
polynomial,pmmr,6.89395797416559e-05,2.22140275816017,2.12655765927944
polynomial,pmmr,3.10292772558639e-05,2.10517091807565,2.32228649132388
polynomial,pmmr,0.000288150110086933,2.22140275816017,2.37046295027654
polynomial,pmmr,0.000164560341308759,2.10517091807565,2.55337943493037
polynomial,pmmr,0.000412455018717247,2.05127109637602,2.0270580716695
polynomial,pmmr,0.000323466003498371,1.95122942450071,2.18977727053402
polynomial,pmmr,0.00238286621906497,2.05127109637602,2.25583400761407
polynomial,pmmr,0.00236835116902479,1.95122942450071,2.40587608994128
polynomial,pmmr,0.000125625646953538,2.49182469764127,2.24894789779905
polynomial,pmmr,0.000109059940049626,2.349858807576,2.42298412232151
polynomial,pmmr,9.61206578482424e-06,2.49182469764127,2.45219486008248
polynomial,pmmr,1.0454342359278e-05,2.349858807576,2.60051244053112
polynomial,pmmr,2.83753746749529e-05,2.28402541668774,2.1113792088904
polynomial,pmmr,4.30103708573674e-05,2.16183424272828,2.25092659687853
polynomial,pmmr,3.00090977183953e-06,2.28402541668774,2.30007067015703
polynomial,pmmr,5.69204843429907e-06,2.16183424272828,2.41667426050432
polynomial,pmmr,1.60476283858334e-05,2.49182469764127,2.24418659087888
polynomial,pmmr,7.51239728543871e-06,2.349858807576,2.4299244759151
polynomial,pmmr,1.35772725986537e-06,2.49182469764127,2.45179809623106
polynomial,pmmr,8.06461403209649e-07,2.349858807576,2.61432075125576
polynomial,pmmr,0.000132658257108041,2.28402541668774,2.10896600017886
polynomial,pmmr,0.000108429290148266,2.16183424272828,2.26047739471181
polynomial,pmmr,1.55134673424864e-05,2.28402541668774,2.30625304222684
polynomial,pmmr,1.60699894106312e-05,2.16183424272828,2.43755386502905
polynomial,pmmr,1.78732722877697e-05,2.49182469764127,2.30905057045733
polynomial,pmmr,1.43432099237244e-05,2.349858807576,2.49756567568256
polynomial,pmmr,5.00498326391054e-05,2.49182469764127,2.53780572577915
polynomial,pmmr,5.03196895697656e-05,2.349858807576,2.69843302368144
polynomial,pmmr,4.03708008779839e-06,2.28402541668774,2.17612474810182
polynomial,pmmr,5.65658460681113e-06,2.16183424272828,2.3256628667722
polynomial,pmmr,1.56256766451553e-05,2.28402541668774,2.38696405483944
polynomial,pmmr,2.73974297365351e-05,2.16183424272828,2.51092157885343
polynomial,pmmr,1.77908544299253e-06,2.49182469764127,2.30845723268416
polynomial,pmmr,7.7336894263794e-07,2.349858807576,2.51189657452315
polynomial,pmmr,5.50882047874379e-06,2.49182469764127,2.54229551430584
polynomial,pmmr,3.03844865853506e-06,2.349858807576,2.72069288883811
polynomial,pmmr,1.47068693541049e-05,2.28402541668774,2.17973154875732
polynomial,pmmr,1.11623283869032e-05,2.16183424272828,2.34425847445196
polynomial,pmmr,6.29440898174842e-05,2.28402541668774,2.40073477123588
polynomial,pmmr,6.05457838069798e-05,2.16183424272828,2.54273814335593
polynomial,pmmr,0.000759538687224554,3.33964685192599,2.38325600170357
polynomial,pmmr,0.000846706009089562,3.11700001661268,2.57622957754891
polynomial,pmmr,7.84470591620539e-05,3.33964685192599,2.60767652103482
polynomial,pmmr,0.000109560107628954,3.11700001661268,2.77824138884426
polynomial,pmmr,0.000171504198251637,3.01375270747048,2.2325642959292
polynomial,pmmr,0.000333273146539268,2.82211880039051,2.38977836253654
polynomial,pmmr,2.44835525045291e-05,3.01375270747048,2.44538857421749
polynomial,pmmr,5.95366050115374e-05,2.82211880039051,2.58266918653187
polynomial,pmmr,9.70247309592075e-05,3.33964685192599,2.37010074126119
polynomial,pmmr,5.83238164385081e-05,3.11700001661268,2.57403523987044
polynomial,pmmr,1.10808345536661e-05,3.33964685192599,2.60077515132089
polynomial,pmmr,8.45160748498278e-06,3.11700001661268,2.78505001103769
polynomial,pmmr,0.000801802558993415,3.01375270747048,2.22429635223807
polynomial,pmmr,0.000840182727662812,2.82211880039051,2.39335100863931
polynomial,pmmr,0.000126569880831251,3.01375270747048,2.44797304306221
polynomial,pmmr,0.00016808581710499,2.82211880039051,2.6001449562528
polynomial,pmmr,0.000108062661558913,3.33964685192599,2.45651697519575
polynomial,pmmr,0.000111356030697654,3.11700001661268,2.66607778197468
polynomial,pmmr,0.000408472254558399,3.33964685192599,2.7113600099166
polynomial,pmmr,0.000527343606671384,3.11700001661268,2.89709407527044
polynomial,pmmr,2.4400600579441e-05,3.01375270747048,2.31179301503839
polynomial,pmmr,4.38310043135704e-05,2.82211880039051,2.48093046878611
polynomial,pmmr,0.000127485363988782,3.01375270747048,2.55193205027616
polynomial,pmmr,0.000286566421804578,2.82211880039051,2.69909670280333
polynomial,pmmr,1.07564359237141e-05,3.33964685192599,2.44896137804269
polynomial,pmmr,6.00418568611739e-06,3.11700001661268,2.67278041317436
polynomial,pmmr,4.49591977087213e-05,3.33964685192599,2.71106382685738
polynomial,pmmr,3.1842534959525e-05,3.11700001661268,2.91416659948101
polynomial,pmmr,8.88900980607588e-05,3.01375270747048,2.31104922624775
polynomial,pmmr,8.64931929218788e-05,2.82211880039051,2.49521394375562
polynomial,pmmr,0.000513542573774717,3.01375270747048,2.56410677967996
polynomial,pmmr,0.000633285267551308,2.82211880039051,2.72972574172617
polynomial,pmmr,0.000105972038196597,1.77880078307141,1.93995384541691
polynomial,pmmr,7.40029352343184e-05,1.70468808971871,2.09313507053207
polynomial,pmmr,1.25892464741956e-05,1.77880078307141,2.1339953891674
polynomial,pmmr,1.10343278474698e-05,1.70468808971871,2.2702567760435
polynomial,pmmr,9.36643552119747e-06,1.67032004603564,1.84861729835398
polynomial,pmmr,1.14506399725992e-05,1.60653065971263,1.97344819804646
polynomial,pmmr,1.53799777282289e-06,1.67032004603564,2.02413239908002
polynomial,pmmr,2.35716852536868e-06,1.60653065971263,2.13260949788909
polynomial,pmmr,1.35370438243179e-05,1.77880078307141,1.94156398775843
polynomial,pmmr,5.09755873252653e-06,1.70468808971871,2.10382372843489
polynomial,pmmr,1.778261146128e-06,1.77880078307141,2.13746872406814
polynomial,pmmr,8.51202229038192e-07,1.70468808971871,2.28491140153041
polynomial,pmmr,4.37892019326779e-05,1.67032004603564,1.84980807505075
polynomial,pmmr,2.88671020319653e-05,1.60653065971263,1.98409268456044
polynomial,pmmr,7.95081493132629e-06,1.67032004603564,2.03077408306927
polynomial,pmmr,6.65484028798717e-06,1.60653065971263,2.15112715353885
polynomial,pmmr,1.50770733485513e-05,1.77880078307141,1.99500061764527
polynomial,pmmr,9.73262624713179e-06,1.70468808971871,2.15951244540343
polynomial,pmmr,6.55519524305315e-05,1.77880078307141,2.21099896427597
polynomial,pmmr,5.31113228182101e-05,1.70468808971871,2.35677501190722
polynomial,pmmr,1.33260091785331e-06,1.67032004603564,1.90539201991034
polynomial,pmmr,1.50595106519631e-06,1.60653065971263,2.03791047579132
polynomial,pmmr,8.00832337733632e-06,1.67032004603564,2.0997487593456
polynomial,pmmr,1.13457149559397e-05,1.60653065971263,2.21355596868365
polynomial,pmmr,1.50075494209827e-06,1.77880078307141,1.99812284314527
polynomial,pmmr,5.24771714969094e-07,1.70468808971871,2.1741577956254
polynomial,pmmr,7.21508782206799e-06,1.77880078307141,2.21637840567337
polynomial,pmmr,3.20701556288963e-06,1.70468808971871,2.37616611338337
polynomial,pmmr,4.8545947005765e-06,1.67032004603564,1.90991635063155
polynomial,pmmr,2.97174381588617e-06,1.60653065971263,2.05426072327082
polynomial,pmmr,3.22595070535267e-05,1.67032004603564,2.11085080405604
polynomial,pmmr,2.50729798913181e-05,1.60653065971263,2.23925425379476
polynomial,pmmr,0.000535804216557258,2.22140275816017,2.06418447577254
polynomial,pmmr,0.000482473898643181,2.10517091807565,2.23558776248863
polynomial,pmmr,8.59217117479918e-05,2.22140275816017,2.27842778817768
polynomial,pmmr,9.71089158479462e-05,2.10517091807565,2.43544870936119
polynomial,pmmr,4.76763856244649e-05,2.05127109637602,1.95854150572686
polynomial,pmmr,7.52594403054059e-05,1.95122942450071,2.09991671078194
polynomial,pmmr,1.05675187534922e-05,2.05127109637602,2.15576459703203
polynomial,pmmr,2.09127045694097e-05,1.95122942450071,2.28320301556075
polynomial,pmmr,6.84445188015912e-05,2.22140275816017,2.05778906739642
polynomial,pmmr,3.32343443872496e-05,2.10517091807565,2.23762272332153
polynomial,pmmr,1.21366470919004e-05,2.22140275816017,2.27484110457059
polynomial,pmmr,7.49110655147047e-06,2.10517091807565,2.44262631161949
polynomial,pmmr,0.000222892782724565,2.05127109637602,1.95370543187785
polynomial,pmmr,0.000189729303110001,1.95122942450071,2.10441467832823
polynomial,pmmr,5.46297188312067e-05,2.05127109637602,2.15776471898087
polynomial,pmmr,5.90414759918424e-05,1.95122942450071,2.29725520879184
polynomial,pmmr,7.6231047462823e-05,2.22140275816017,2.13046037502901
polynomial,pmmr,6.34534037686793e-05,2.10517091807565,2.31523757799873
polynomial,pmmr,0.000447392619788555,2.22140275816017,2.37096639440939
polynomial,pmmr,0.00046741251931438,2.10517091807565,2.54021018811306
polynomial,pmmr,6.78311350132134e-06,2.05127109637602,2.02748862523861
polynomial,pmmr,9.89787772257393e-06,1.95122942450071,2.17835741689035
polynomial,pmmr,5.50248569727787e-05,2.05127109637602,2.2479462612963
polynomial,pmmr,0.000100658727812086,1.95122942450071,2.38303744728081
polynomial,pmmr,7.58795281924868e-06,2.22140275816017,2.12655765927944
polynomial,pmmr,3.42133260548552e-06,2.10517091807565,2.32228649132388
polynomial,pmmr,4.92430343114546e-05,2.22140275816017,2.37046295027654
polynomial,pmmr,2.82237222533781e-05,2.10517091807565,2.55337943493037
polynomial,pmmr,2.47105239203716e-05,2.05127109637602,2.0270580716695
polynomial,pmmr,1.95318145404827e-05,1.95122942450071,2.18977727053402
polynomial,pmmr,0.000221653731748163,2.05127109637602,2.25583400761407
polynomial,pmmr,0.000222446471475719,1.95122942450071,2.40587608994128
polynomial,pmmr,0.000457647591102943,2.49182469764127,2.24894789779905
polynomial,pmmr,0.000396680697514186,2.349858807576,2.42298412232151
polynomial,pmmr,5.43675333678904e-05,2.49182469764127,2.45219486008248
polynomial,pmmr,5.91477196583503e-05,2.349858807576,2.60051244053112
polynomial,pmmr,5.59360146777711e-05,2.28402541668774,2.1113792088904
polynomial,pmmr,8.48738093609244e-05,2.16183424272828,2.25092659687853
polynomial,pmmr,9.18486715680733e-06,2.28402541668774,2.30007067015703
polynomial,pmmr,1.74716760401559e-05,2.16183424272828,2.41667426050432
polynomial,pmmr,5.84606619093318e-05,2.49182469764127,2.24418659087888
polynomial,pmmr,2.73246344518023e-05,2.349858807576,2.4299244759151
polynomial,pmmr,7.67954399789561e-06,2.49182469764127,2.45179809623106
polynomial,pmmr,4.56273109804858e-06,2.349858807576,2.61432075125576
polynomial,pmmr,0.00026150753256037,2.28402541668774,2.10896600017886
polynomial,pmmr,0.000213967159960164,2.16183424272828,2.26047739471181
polynomial,pmmr,4.74819796380822e-05,2.28402541668774,2.30625304222684
polynomial,pmmr,4.93266443868302e-05,2.16183424272828,2.43755386502905
polynomial,pmmr,6.51113861379755e-05,2.49182469764127,2.30905057045733
polynomial,pmmr,5.2170159955584e-05,2.349858807576,2.49756567568256
polynomial,pmmr,0.000283090649500133,2.49182469764127,2.53780572577915
polynomial,pmmr,0.000284694607243882,2.349858807576,2.69843302368144
polynomial,pmmr,7.95824455652947e-06,2.28402541668774,2.17612474810182
polynomial,pmmr,1.11623283869032e-05,2.16183424272828,2.3256628667722
polynomial,pmmr,4.78254180008225e-05,2.28402541668774,2.38696405483944
polynomial,pmmr,8.40960898725417e-05,2.16183424272828,2.51092157885343
polynomial,pmmr,6.48111422385726e-06,2.49182469764127,2.30845723268416
polynomial,pmmr,2.81295342232749e-06,2.349858807576,2.51189657452315
polynomial,pmmr,3.11588567848423e-05,2.49182469764127,2.54229551430584
polynomial,pmmr,1.71906852937362e-05,2.349858807576,2.72069288883811
polynomial,pmmr,2.89914642354107e-05,2.28402541668774,2.17973154875732
polynomial,pmmr,2.20269975042956e-05,2.16183424272828,2.34425847445196
polynomial,pmmr,0.000192652611119777,2.28402541668774,2.40073477123588
polynomial,pmmr,0.000185844574669916,2.16183424272828,2.54273814335593
polynomial,pmmr,0.00305960966902122,3.33964685192599,2.38325600170357
polynomial,pmmr,0.00341677525449953,3.11700001661268,2.57622957754891
polynomial,pmmr,0.000490639849257172,3.33964685192599,2.60767652103482
polynomial,pmmr,0.000687704229376201,3.11700001661268,2.77824138884426
polynomial,pmmr,0.000376045374945552,3.01375270747048,2.2325642959292
polynomial,pmmr,0.000736502806032577,2.82211880039051,2.38977836253654
polynomial,pmmr,8.33508350067117e-05,3.01375270747048,2.44538857421749
polynomial,pmmr,0.000204655595824225,2.82211880039051,2.58266918653187
polynomial,pmmr,0.000390839610898199,3.33964685192599,2.37010074126119
polynomial,pmmr,0.00023535840139997,3.11700001661268,2.57403523987044
polynomial,pmmr,6.93040510775986e-05,3.33964685192599,2.60077515132089
polynomial,pmmr,5.30503879398729e-05,3.11700001661268,2.78505001103769
polynomial,pmmr,0.00175805692806767,3.01375270747048,2.22429635223807
polynomial,pmmr,0.00185672606067844,2.82211880039051,2.39335100863931
polynomial,pmmr,0.000430889481909668,3.01375270747048,2.44797304306221
polynomial,pmmr,0.000577790806891949,2.82211880039051,2.6001449562528
polynomial,pmmr,0.000435303125077114,3.33964685192599,2.45651697519575
polynomial,pmmr,0.000449363209948342,3.11700001661268,2.66607778197468
polynomial,pmmr,0.00255475179749266,3.33964685192599,2.7113600099166
polynomial,pmmr,0.00331011384061995,3.11700001661268,2.89709407527044
polynomial,pmmr,5.35015065947808e-05,3.01375270747048,2.31179301503839
polynomial,pmmr,9.68624625277663e-05,2.82211880039051,2.48093046878611
polynomial,pmmr,0.000434006116458544,3.01375270747048,2.55193205027616
polynomial,pmmr,0.000985064932511136,2.82211880039051,2.69909670280333
polynomial,pmmr,4.33295840092911e-05,3.33964685192599,2.44896137804269
polynomial,pmmr,2.42291336727435e-05,3.11700001661268,2.67278041317436
polynomial,pmmr,0.000281193128488883,3.33964685192599,2.71106382685738
polynomial,pmmr,0.000199874264818062,3.11700001661268,2.91416659948101
polynomial,pmmr,0.000194903160359726,3.01375270747048,2.31104922624775
polynomial,pmmr,0.000191141950532684,2.82211880039051,2.49521394375562
polynomial,pmmr,0.00174828396850091,3.01375270747048,2.56410677967996
polynomial,pmmr,0.00217690232307168,2.82211880039051,2.72972574172617
