cell,current_R,true,estimate,probability,kind,horizon,fold,candidate,unique_solution,applied_estimate
0|0|0|0|0|1|0|0|0,1,1.77880078307141,1.79388109981098,0.0785500498749289,beta,1,1,ensemble,TRUE,1.79388109981098
1|0|0|1|0|1|0|0|0,1,1.60653065971263,1.71548850762682,0.0762397062809392,beta,1,1,ensemble,TRUE,1.71548850762682
0|0|0|0|0|1|0|1|0,1,2.22140275816017,2.26289617592618,0.0528936446567127,beta,1,1,ensemble,TRUE,2.26289617592618
1|0|0|1|0|1|0|1|0,1,1.95122942450071,2.16515358406556,0.0625832169654833,beta,1,1,ensemble,TRUE,2.16515358406556
0|0|0|0|0|1|0|0|1,1,2.49182469764127,2.369664997124,0.0457293559881398,beta,1,1,ensemble,TRUE,2.369664997124
1|0|0|1|0|1|0|0|1,1,2.16183424272828,2.24918320024718,0.0500247656080652,beta,1,1,ensemble,TRUE,2.24918320024718
0|0|0|0|0|1|0|1|1,1,3.33964685192599,3.21280624372012,0.0385751813578256,beta,1,1,ensemble,TRUE,3.21280624372012
1|0|0|1|0|1|0|1|1,1,2.82211880039051,3.07313102586983,0.0521803365091765,beta,1,1,ensemble,TRUE,3.07313102586983
0|0|0|0|0|1|0|0|0,1,1.77880078307141,1.78702636977372,0.0785500498749289,beta,1,1,sieve_md,TRUE,1.78702636977372
1|0|0|1|0|1|0|0|0,1,1.60653065971263,1.72320211021541,0.0762397062809392,beta,1,1,sieve_md,TRUE,1.72320211021541
0|0|0|0|0|1|0|1|0,1,2.22140275816017,2.26892772042521,0.0528936446567127,beta,1,1,sieve_md,TRUE,2.26892772042521
1|0|0|1|0|1|0|1|0,1,1.95122942450071,2.16930530522534,0.0625832169654833,beta,1,1,sieve_md,TRUE,2.16930530522534
0|0|0|0|0|1|0|0|1,1,2.49182469764127,2.36877139878612,0.0457293559881398,beta,1,1,sieve_md,TRUE,2.36877139878612
1|0|0|1|0|1|0|0|1,1,2.16183424272828,2.25756005677035,0.0500247656080652,beta,1,1,sieve_md,TRUE,2.25756005677035
0|0|0|0|0|1|0|1|1,1,3.33964685192599,3.21454677682286,0.0385751813578256,beta,1,1,sieve_md,TRUE,3.21454677682286
1|0|0|1|0|1|0|1|1,1,2.82211880039051,3.05473880594113,0.0521803365091765,beta,1,1,sieve_md,TRUE,3.05473880594113
0|0|0|0|0|1|0|0|0,1,1.77880078307141,1.74913651125532,0.0785500498749289,beta,1,1,landweber,TRUE,1.74913651125532
1|0|0|1|0|1|0|0|0,1,1.60653065971263,1.6895110331366,0.0762397062809392,beta,1,1,landweber,TRUE,1.6895110331366
0|0|0|0|0|1|0|1|0,1,2.22140275816017,2.26050901122148,0.0528936446567127,beta,1,1,landweber,TRUE,2.26050901122148
1|0|0|1|0|1|0|1|0,1,1.95122942450071,2.16018223320729,0.0625832169654833,beta,1,1,landweber,TRUE,2.16018223320729
0|0|0|0|0|1|0|0|1,1,2.49182469764127,2.36473457483914,0.0457293559881398,beta,1,1,landweber,TRUE,2.36473457483914
1|0|0|1|0|1|0|0|1,1,2.16183424272828,2.25611224725618,0.0500247656080652,beta,1,1,landweber,TRUE,2.25611224725618
0|0|0|0|0|1|0|1|1,1,3.33964685192599,3.29632410603994,0.0385751813578256,beta,1,1,landweber,TRUE,3.29632410603994
1|0|0|1|0|1|0|1|1,1,2.82211880039051,3.11355444966751,0.0521803365091765,beta,1,1,landweber,TRUE,3.11355444966751
0|0|0|0|0|1|0|0|0,1,1.77880078307141,1.84197725130121,0.0785500498749289,beta,1,1,pmmr,TRUE,1.84197725130121
1|0|0|1|0|1|0|0|0,1,1.60653065971263,1.73650945803236,0.0762397062809392,beta,1,1,pmmr,TRUE,1.73650945803236
0|0|0|0|0|1|0|1|0,1,2.22140275816017,2.26168595543586,0.0528936446567127,beta,1,1,pmmr,TRUE,2.26168595543586
1|0|0|1|0|1|0|1|0,1,1.95122942450071,2.16759705889928,0.0625832169654833,beta,1,1,pmmr,TRUE,2.16759705889928
0|0|0|0|0|1|0|0|1,1,2.49182469764127,2.37504634976241,0.0457293559881398,beta,1,1,pmmr,TRUE,2.37504634976241
1|0|0|1|0|1|0|0|1,1,2.16183424272828,2.2374170052247,0.0500247656080652,beta,1,1,pmmr,TRUE,2.2374170052247
0|0|0|0|0|1|0|1|1,1,3.33964685192599,3.1295576140515,0.0385751813578256,beta,1,1,pmmr,TRUE,3.1295576140515
1|0|0|1|0|1|0|1|1,1,2.82211880039051,3.04419182016708,0.0521803365091765,beta,1,1,pmmr,TRUE,3.04419182016708
0|0|0|0|0|1|0|0|0,1,-0.287353367522815,-0.340055157508863,0.14774860007019,adjoint,1,1,ensemble,TRUE,
1|0|0|1|0|1|0|0|0,1,-0.178962943103262,-0.165686888914499,0.156475508795044,adjoint,1,1,ensemble,TRUE,
0|0|0|0|0|1|0|1|0,1,2.28380480682567,2.29613437360382,0.120966322601684,adjoint,1,1,ensemble,TRUE,
1|0|0|1|0|1|0|1|0,1,2.64045936429348,2.69332615230143,0.0997731894470607,adjoint,1,1,ensemble,TRUE,
0|0|0|0|0|1|0|0|1,1,-0.258138630607905,-0.3827517905192,0.127168398586049,adjoint,1,1,ensemble,TRUE,
1|0|0|1|0|1|0|0|1,1,-0.164575516490278,-0.0398326178816893,0.148844108179566,adjoint,1,1,ensemble,TRUE,
0|0|0|0|0|1|0|1|1,1,2.28380480682567,2.40971056235672,0.104116678742077,adjoint,1,1,ensemble,TRUE,
1|0|0|1|0|1|0|1|1,1,2.64045936429348,2.89486764074359,0.0949071935783283,adjoint,1,1,ensemble,TRUE,
0|0|0|0|0|1|0|0|0,1,-0.287353367522815,-0.308931180671666,0.14774860007019,adjoint,1,1,sieve_md,TRUE,
1|0|0|1|0|1|0|0|0,1,-0.178962943103262,-0.179404003874061,0.156475508795044,adjoint,1,1,sieve_md,TRUE,
0|0|0|0|0|1|0|1|0,1,2.28380480682567,2.27223658616027,0.120966322601684,adjoint,1,1,sieve_md,TRUE,
1|0|0|1|0|1|0|1|0,1,2.64045936429348,2.69636227993212,0.0997731894470607,adjoint,1,1,sieve_md,TRUE,
0|0|0|0|0|1|0|0|1,1,-0.258138630607905,-0.392505843744051,0.127168398586049,adjoint,1,1,sieve_md,TRUE,
1|0|0|1|0|1|0|0|1,1,-0.164575516490278,-0.0401348281487748,0.148844108179566,adjoint,1,1,sieve_md,TRUE,
0|0|0|0|0|1|0|1|1,1,2.28380480682567,2.39527271345511,0.104116678742077,adjoint,1,1,sieve_md,TRUE,
1|0|0|1|0|1|0|1|1,1,2.64045936429348,2.93569873308415,0.0949071935783283,adjoint,1,1,sieve_md,TRUE,
0|0|0|0|0|1|0|0|0,1,-0.287353367522815,-0.436678676886589,0.14774860007019,adjoint,1,1,landweber,TRUE,
1|0|0|1|0|1|0|0|0,1,-0.178962943103262,-0.123102487504786,0.156475508795044,adjoint,1,1,landweber,TRUE,
0|0|0|0|0|1|0|1|0,1,2.28380480682567,2.37032438923758,0.120966322601684,adjoint,1,1,landweber,TRUE,
1|0|0|1|0|1|0|1|0,1,2.64045936429348,2.68390057861938,0.0997731894470607,adjoint,1,1,landweber,TRUE,
0|0|0|0|0|1|0|0|1,1,-0.258138630607905,-0.352470603905013,0.127168398586049,adjoint,1,1,landweber,TRUE,
1|0|0|1|0|1|0|0|1,1,-0.164575516490278,-0.0388944145232101,0.148844108179566,adjoint,1,1,landweber,TRUE,
0|0|0|0|0|1|0|1|1,1,2.28380480682567,2.45453246221915,0.104116678742077,adjoint,1,1,landweber,TRUE,
1|0|0|1|0|1|0|1|1,1,2.64045936429348,2.76810865160096,0.0949071935783283,adjoint,1,1,landweber,TRUE,
0|0|0|0|0|1|0|0|0,1,-0.287353367522815,-0.354786224902785,0.14774860007019,adjoint,1,1,pmmr,TRUE,
1|0|0|1|0|1|0|0|0,1,-0.178962943103262,-0.146541684112171,0.156475508795044,adjoint,1,1,pmmr,TRUE,
0|0|0|0|0|1|0|1|0,1,2.28380480682567,2.31668414030555,0.120966322601684,adjoint,1,1,pmmr,TRUE,
1|0|0|1|0|1|0|1|0,1,2.64045936429348,2.66634723459299,0.0997731894470607,adjoint,1,1,pmmr,TRUE,
0|0|0|0|0|1|0|0|1,1,-0.258138630607905,-0.299996638832424,0.127168398586049,adjoint,1,1,pmmr,TRUE,
1|0|0|1|0|1|0|0|1,1,-0.164575516490278,0.0178651016313428,0.148844108179566,adjoint,1,1,pmmr,TRUE,
0|0|0|0|0|1|0|1|1,1,2.28380480682567,2.26887972141375,0.104116678742077,adjoint,1,1,pmmr,TRUE,
1|0|0|1|0|1|0|1|1,1,2.64045936429348,2.70078853885797,0.0949071935783283,adjoint,1,1,pmmr,TRUE,
0|0|0|0|0|1|0|0|0|0|1|0|1|0|0|0|0,0,1.83053730451109,1.73987180320612,0.0340252866918418,beta,2,1,ensemble,FALSE,1.73987180320612
0|0|0|0|0|1|0|0|0|0|0|0|0|1|0|0|0,1,1.77880078307141,1.80428102768586,0.00960943512698398,beta,2,1,ensemble,TRUE,1.80428102768586
1|0|0|1|0|1|0|0|0|0|0|0|0|1|0|0|0,1,1.70468808971871,1.87217959668834,0.00943156116480374,beta,2,1,ensemble,TRUE,1.87217959668834
0|0|0|0|0|1|0|0|0|1|0|0|0|1|0|0|0,1,1.77880078307141,1.77890764784399,0.000943137903452683,beta,2,1,ensemble,TRUE,1.77890764784399
1|0|0|1|0|1|0|0|0|1|0|0|0|1|0|0|0,1,1.70468808971871,1.78131630232364,0.00116348397246529,beta,2,1,ensemble,TRUE,1.78131630232364
0|0|0|0|0|1|0|0|0|0|0|1|0|1|0|0|0,1,1.67032004603564,1.73582278388555,0.0011513122038543,beta,2,1,ensemble,TRUE,1.73582278388555
1|0|0|1|0|1|0|0|0|0|0|1|0|1|0|0|0,1,1.60653065971263,1.76268128790677,0.00194980983159324,beta,2,1,ensemble,TRUE,1.76268128790677
0|0|0|0|0|1|0|0|0|1|0|1|0|1|0|0|0,1,1.67032004603564,1.72025796679279,0.000151207584178117,beta,2,1,ensemble,TRUE,1.72025796679279
1|0|0|1|0|1|0|0|0|1|0|1|0|1|0|0|0,1,1.60653065971263,1.73321382631218,0.000322217611364569,beta,2,1,ensemble,TRUE,1.73321382631218
0|0|0|0|0|1|0|1|0|0|1|0|1|0|0|0|0,0,1.83053730451109,1.64910598516118,0.0348148067293662,beta,2,1,ensemble,FALSE,1.64910598516118
0|0|0|0|0|1|0|1|0|0|0|0|0|1|0|0|0,1,1.77880078307141,1.67832433505233,0.00122752517224963,beta,2,1,ensemble,TRUE,1.67832433505233
1|0|0|1|0|1|0|1|0|0|0|0|0|1|0|0|0,1,1.70468808971871,1.72438691561308,0.000649676081425316,beta,2,1,ensemble,TRUE,1.72438691561308
0|0|0|0|0|1|0|1|0|1|0|0|0|1|0|0|0,1,1.77880078307141,1.69130062506301,0.000133220482463999,beta,2,1,ensemble,TRUE,1.69130062506301
1|0|0|1|0|1|0|1|0|1|0|0|0|1|0|0|0,1,1.70468808971871,1.70953838505414,8.97526486889509e-05,beta,2,1,ensemble,TRUE,1.70953838505414
0|0|0|0|0|1|0|1|0|0|0|1|0|1|0|0|0,1,1.67032004603564,1.70027044402847,0.0053825217146946,beta,2,1,ensemble,TRUE,1.70027044402847
1|0|0|1|0|1|0|1|0|0|0|1|0|1|0|0|0,1,1.60653065971263,1.70377689116805,0.00491547716863156,beta,2,1,ensemble,TRUE,1.70377689116805
0|0|0|0|0|1|0|1|0|1|0|1|0|1|0|0|0,1,1.67032004603564,1.65945431319334,0.000781680922597538,beta,2,1,ensemble,TRUE,1.65945431319334
1|0|0|1|0|1|0|1|0|1|0|1|0|1|0|0|0,1,1.60653065971263,1.66769107135377,0.000909695984198899,beta,2,1,ensemble,TRUE,1.66769107135377
0|0|0|0|0|1|0|0|1|0|1|0|1|0|0|0|0,0,1.83053730451109,1.7611798257841,0.0344639163118675,beta,2,1,ensemble,FALSE,1.7611798257841
0|0|0|0|0|1|0|0|1|0|0|0|0|1|0|0|0,1,1.77880078307141,1.8225524637496,0.00136717346116248,beta,2,1,ensemble,TRUE,1.8225524637496
1|0|0|1|0|1|0|0|1|0|0|0|0|1|0|0|0,1,1.70468808971871,1.82932207288921,0.00124040836290273,beta,2,1,ensemble,TRUE,1.82932207288921
0|0|0|0|0|1|0|0|1|1|0|0|0|1|0|0|0,1,1.77880078307141,1.8380071765789,0.00491090003752682,beta,2,1,ensemble,TRUE,1.8380071765789
1|0|0|1|0|1|0|0|1|1|0|0|0|1|0|0|0,1,1.70468808971871,1.80010488550481,0.00560017553489559,beta,2,1,ensemble,TRUE,1.80010488550481
0|0|0|0|0|1|0|0|1|0|0|1|0|1|0|0|0,1,1.67032004603564,1.78702995487676,0.000163801874909593,beta,2,1,ensemble,TRUE,1.78702995487676
1|0|0|1|0|1|0|0|1|0|0|1|0|1|0|0|0,1,1.60653065971263,1.79304659944163,0.000256432670998698,beta,2,1,ensemble,TRUE,1.79304659944163
0|0|0|0|0|1|0|0|1|1|0|1|0|1|0|0|0,1,1.67032004603564,1.7771406190849,0.000787334840532057,beta,2,1,ensemble,TRUE,1.7771406190849
1|0|0|1|0|1|0|0|1|1|0|1|0|1|0|0|0,1,1.60653065971263,1.75802134600359,0.00155092397212218,beta,2,1,ensemble,TRUE,1.75802134600359
0|0|0|0|0|1|0|1|1|0|1|0|1|0|0|0|0,0,1.83053730451109,1.69971748910346,0.03382790207843,beta,2,1,ensemble,FALSE,1.69971748910346
0|0|0|0|0|1|0|1|1|0|0|0|0|1|0|0|0,1,1.77880078307141,1.7378941020035,0.000136086910311564,beta,2,1,ensemble,TRUE,1.7378941020035
1|0|0|1|0|1|0|1|1|0|0|0|0|1|0|0|0,1,1.70468808971871,1.76786343280315,6.68813542546445e-05,beta,2,1,ensemble,TRUE,1.76786343280315
0|0|0|0|0|1|0|1|1|1|0|0|0|1|0|0|0,1,1.77880078307141,1.73985225862586,0.00054052661655963,beta,2,1,ensemble,TRUE,1.73985225862586
1|0|0|1|0|1|0|1|1|1|0|0|0|1|0|0|0,1,1.70468808971871,1.74083462061485,0.000338154825418245,beta,2,1,ensemble,TRUE,1.74083462061485
0|0|0|0|0|1|0|1|1|0|0|1|0|1|0|0|0,1,1.67032004603564,1.71043501863869,0.000596721571497624,beta,2,1,ensemble,TRUE,1.71043501863869
1|0|0|1|0|1|0|1|1|0|0|1|0|1|0|0|0,1,1.60653065971263,1.71364149176798,0.000506027202239947,beta,2,1,ensemble,TRUE,1.71364149176798
0|0|0|0|0|1|0|1|1|1|0|1|0|1|0|0|0,1,1.67032004603564,1.70298917448271,0.003171579448641,beta,2,1,ensemble,TRUE,1.70298917448271
1|0|0|1|0|1|0|1|1|1|0|1|0|1|0|0|0,1,1.60653065971263,1.69365310640779,0.003427398424603,beta,2,1,ensemble,TRUE,1.69365310640779
0|0|0|0|0|1|0|0|0|0|1|0|1|0|0|1|0,0,1.83053730451109,2.32209632301174,0.0045037236163738,beta,2,1,ensemble,FALSE,2.32209632301174
0|0|0|0|0|1|0|0|0|0|0|0|0|1|0|1|0,1,2.22140275816017,2.45981841823851,0.00647075396855543,beta,2,1,ensemble,TRUE,2.45981841823851
1|0|0|1|0|1|0|0|0|0|0|0|0|1|0|1|0,1,2.10517091807565,2.31131512589007,0.00625820931663394,beta,2,1,ensemble,TRUE,2.31131512589007
0|0|0|0|0|1|0|0|0|1|0|0|0|1|0|1|0,1,2.22140275816017,2.24055565444974,0.000734391765715058,beta,2,1,ensemble,TRUE,2.24055565444974
1|0|0|1|0|1|0|0|0|1|0|0|0|1|0|1|0,1,2.10517091807565,2.33060651285451,0.000901817479084268,beta,2,1,ensemble,TRUE,2.33060651285451
0|0|0|0|0|1|0|0|0|0|0|1|0|1|0|1|0,1,2.05127109637602,2.26216432969634,0.000965390594166642,beta,2,1,ensemble,TRUE,2.26216432969634
1|0|0|1|0|1|0|0|0|0|0|1|0|1|0|1|0,1,1.95122942450071,2.28916571671241,0.00160054881746757,beta,2,1,ensemble,TRUE,2.28916571671241
0|0|0|0|0|1|0|0|0|1|0|1|0|1|0|1|0,1,2.05127109637602,2.18745127998478,0.000146570757254649,beta,2,1,ensemble,TRUE,2.18745127998478
1|0|0|1|0|1|0|0|0|1|0|1|0|1|0|1|0,1,1.95122942450071,2.15669609526763,0.000307447410782635,beta,2,1,ensemble,TRUE,2.15669609526763
0|0|0|0|0|1|0|1|0|0|1|0|1|0|0|1|0,0,1.83053730451109,2.13220178668632,0.00460822765981663,beta,2,1,ensemble,FALSE,2.13220178668632
0|0|0|0|0|1|0|1|0|0|0|0|0|1|0|1|0,1,2.22140275816017,2.22427900556963,0.000826584838221285,beta,2,1,ensemble,TRUE,2.22427900556963
1|0|0|1|0|1|0|1|0|0|0|0|0|1|0|1|0,1,2.10517091807565,2.17153373481421,0.000431085462366796,beta,2,1,ensemble,TRUE,2.17153373481421
0|0|0|0|0|1|0|1|0|1|0|0|0|1|0|1|0,1,2.22140275816017,2.16288690604561,0.000103734591715575,beta,2,1,ensemble,TRUE,2.16288690604561
1|0|0|1|0|1|0|1|0|1|0|0|0|1|0|1|0,1,2.10517091807565,2.11654716362733,6.9567359153476e-05,beta,2,1,ensemble,TRUE,2.11654716362733
0|0|0|0|0|1|0|1|0|0|0|1|0|1|0|1|0,1,2.05127109637602,2.01260766327107,0.00451331603961828,beta,2,1,ensemble,TRUE,2.01260766327107
1|0|0|1|0|1|0|1|0|0|0|1|0|1|0|1|0,1,1.95122942450071,2.0459781981934,0.00403498897280325,beta,2,1,ensemble,TRUE,2.0459781981934
0|0|0|0|0|1|0|1|0|1|0|1|0|1|0|1|0,1,2.05127109637602,2.04436200047757,0.00075771043747166,beta,2,1,ensemble,TRUE,2.04436200047757
1|0|0|1|0|1|0|1|0|1|0|1|0|1|0|1|0,1,1.95122942450071,2.03178270359696,0.000867996239426118,beta,2,1,ensemble,TRUE,2.03178270359696
0|0|0|0|0|1|0|0|1|0|1|0|1|0|0|1|0,0,1.83053730451109,2.37631946257171,0.00456178239473009,beta,2,1,ensemble,FALSE,2.37631946257171
0|0|0|0|0|1|0|0|1|0|0|0|0|1|0|1|0,1,2.22140275816017,2.31070003003208,0.000920620513340971,beta,2,1,ensemble,TRUE,2.31070003003208
1|0|0|1|0|1|0|0|1|0|0|0|0|1|0|1|0,1,2.10517091807565,2.41091942490854,0.00082305941057957,beta,2,1,ensemble,TRUE,2.41091942490854
0|0|0|0|0|1|0|0|1|1|0|0|0|1|0|1|0,1,2.22140275816017,2.43009711024277,0.0038239631093253,beta,2,1,ensemble,TRUE,2.43009711024277
1|0|0|1|0|1|0|0|1|1|0|0|0|1|0|1|0,1,2.10517091807565,2.2748728340591,0.00434070112079658,beta,2,1,ensemble,TRUE,2.2748728340591
0|0|0|0|0|1|0|0|1|0|0|1|0|1|0|1|0,1,2.05127109637602,2.29747189093247,0.000137350050503412,beta,2,1,ensemble,TRUE,2.29747189093247
1|0|0|1|0|1|0|0|1|0|0|1|0|1|0|1|0,1,1.95122942450071,2.26304347634601,0.000210498994146338,beta,2,1,ensemble,TRUE,2.26304347634601
0|0|0|0|0|1|0|0|1|1|0|1|0|1|0|1|0,1,2.05127109637602,2.24234213167199,0.000763190976279434,beta,2,1,ensemble,TRUE,2.24234213167199
1|0|0|1|0|1|0|0|1|1|0|1|0|1|0|1|0,1,1.95122942450071,2.27465237092583,0.00147983084329361,beta,2,1,ensemble,TRUE,2.27465237092583
0|0|0|0|0|1|0|1|1|0|1|0|1|0|0|1|0,0,1.83053730451109,2.20664034573126,0.00447759699610509,beta,2,1,ensemble,FALSE,2.20664034573126
0|0|0|0|0|1|0|1|1|0|0|0|0|1|0|1|0,1,2.22140275816017,2.22585285428238,9.1637531585416e-05,beta,2,1,ensemble,TRUE,2.22585285428238
1|0|0|1|0|1|0|1|1|0|0|0|0|1|0|1|0,1,2.10517091807565,2.22870722476151,4.43783915506443e-05,beta,2,1,ensemble,TRUE,2.22870722476151
0|0|0|0|0|1|0|1|1|1|0|0|0|1|0|1|0,1,2.22140275816017,2.17101401335189,0.000420891043502768,beta,2,1,ensemble,TRUE,2.17101401335189
1|0|0|1|0|1|0|1|1|1|0|0|0|1|0|1|0,1,2.10517091807565,2.12188974311108,0.0002621041109425,beta,2,1,ensemble,TRUE,2.12188974311108
0|0|0|0|0|1|0|1|1|0|0|1|0|1|0|1|0,1,2.05127109637602,2.15394849331464,0.000500358973466633,beta,2,1,ensemble,TRUE,2.15394849331464
1|0|0|1|0|1|0|1|1|0|0|1|0|1|0|1|0,1,1.95122942450071,2.11972408485839,0.000415384734976828,beta,2,1,ensemble,TRUE,2.11972408485839
0|0|0|0|0|1|0|1|1|1|0|1|0|1|0|1|0,1,2.05127109637602,2.11177887448903,0.00307432199255961,beta,2,1,ensemble,TRUE,2.11177887448903
1|0|0|1|0|1|0|1|1|1|0|1|0|1|0|1|0,1,1.95122942450071,2.16857241860197,0.00327028919028398,beta,2,1,ensemble,TRUE,2.16857241860197
1|0|0|1|0|1|0|0|0|0|1|0|1|0|0|0|1,0,2.45567738147273,2.24588549216975,0.0237718769352928,beta,2,1,ensemble,FALSE,2.24588549216975
0|0|0|0|0|1|0|0|0|0|0|0|0|1|0|0|1,1,2.49182469764127,2.32229792157443,0.00559430936665823,beta,2,1,ensemble,TRUE,2.32229792157443
1|0|0|1|0|1|0|0|0|0|0|0|0|1|0|0|1,1,2.349858807576,2.3035173059665,0.00682651936307502,beta,2,1,ensemble,TRUE,2.3035173059665
0|0|0|0|0|1|0|0|0|1|0|0|0|1|0|0|1,1,2.49182469764127,2.19141383920561,0.000751599975898745,beta,2,1,ensemble,TRUE,2.19141383920561
1|0|0|1|0|1|0|0|0|1|0|0|0|1|0|0|1,1,2.349858807576,2.14287045667686,0.00114964419558553,beta,2,1,ensemble,TRUE,2.14287045667686
0|0|0|0|0|1|0|0|0|0|0|1|0|1|0|0|1,1,2.28402541668774,2.04300835086725,0.000605842398992,beta,2,1,ensemble,TRUE,2.04300835086725
1|0|0|1|0|1|0|0|0|0|0|1|0|1|0|0|1,1,2.16183424272828,2.08995629093556,0.00127936982661407,beta,2,1,ensemble,TRUE,2.08995629093556
0|0|0|0|0|1|0|0|0|1|0|1|0|1|0|0|1,1,2.28402541668774,2.02775267168059,0.000107126420582815,beta,2,1,ensemble,TRUE,2.02775267168059
1|0|0|1|0|1|0|0|0|1|0|1|0|1|0|0|1,1,2.16183424272828,2.01948759435621,0.000283949225328405,beta,2,1,ensemble,TRUE,2.01948759435621
1|0|0|1|0|1|0|1|0|0|1|0|1|0|0|0|1,0,2.45567738147273,2.20020982593664,0.0192242372302874,beta,2,1,ensemble,FALSE,2.20020982593664
0|0|0|0|0|1|0|1|0|0|0|0|0|1|0|0|1,1,2.49182469764127,1.99130540369324,0.000714626351932113,beta,2,1,ensemble,TRUE,1.99130540369324
1|0|0|1|0|1|0|1|0|0|0|0|0|1|0|0|1,1,2.349858807576,2.04656423740961,0.000470232474993328,beta,2,1,ensemble,TRUE,2.04656423740961
0|0|0|0|0|1|0|1|0|1|0|0|0|1|0|0|1,1,2.49182469764127,2.00943382893991,0.000106165292522552,beta,2,1,ensemble,TRUE,2.00943382893991
1|0|0|1|0|1|0|1|0|1|0|0|0|1|0|0|1,1,2.349858807576,2.01793872918175,8.8685030516618e-05,beta,2,1,ensemble,TRUE,2.01793872918175
0|0|0|0|0|1|0|1|0|0|0|1|0|1|0|0|1,1,2.28402541668774,2.02886924642348,0.00283238539237251,beta,2,1,ensemble,TRUE,2.02886924642348
1|0|0|1|0|1|0|1|0|0|0|1|0|1|0|0|1,1,2.16183424272828,2.01834248415029,0.00322529565245802,beta,2,1,ensemble,TRUE,2.01834248415029
0|0|0|0|0|1|0|1|0|1|0|1|0|1|0|0|1,1,2.28402541668774,1.93422797468422,0.000553799465356878,beta,2,1,ensemble,TRUE,1.93422797468422
1|0|0|1|0|1|0|1|0|1|0|1|0|1|0|0|1,1,2.16183424272828,1.9105261761097,0.000801655343740288,beta,2,1,ensemble,TRUE,1.9105261761097
1|0|0|1|0|1|0|0|1|0|1|0|1|0|0|0|1,0,2.45567738147273,2.44112348804743,0.0270632684173845,beta,2,1,ensemble,FALSE,2.44112348804743
0|0|0|0|0|1|0|0|1|0|0|0|0|1|0|0|1,1,2.49182469764127,2.262316356509,0.000795925171309036,beta,2,1,ensemble,TRUE,2.262316356509
1|0|0|1|0|1|0|0|1|0|0|0|0|1|0|0|1,1,2.349858807576,2.28991444406999,0.000897801706368077,beta,2,1,ensemble,TRUE,2.28991444406999
0|0|0|0|0|1|0|0|1|1|0|0|0|1|0|0|1,1,2.49182469764127,2.17533214621377,0.00391356591261363,beta,2,1,ensemble,TRUE,2.17533214621377
1|0|0|1|0|1|0|0|1|1|0|0|0|1|0|0|1,1,2.349858807576,2.28681107321273,0.00553356079698374,beta,2,1,ensemble,TRUE,2.28681107321273
0|0|0|0|0|1|0|0|1|0|0|1|0|1|0|0|1,1,2.28402541668774,2.11042197635659,8.61956648443329e-05,beta,2,1,ensemble,TRUE,2.11042197635659
1|0|0|1|0|1|0|0|1|0|0|1|0|1|0|0|1,1,2.16183424272828,2.15760766285759,0.000168258573999348,beta,2,1,ensemble,TRUE,2.15760766285759
0|0|0|0|0|1|0|0|1|1|0|1|0|1|0|0|1,1,2.28402541668774,2.10913628295604,0.000557805110932701,beta,2,1,ensemble,TRUE,2.10913628295604
1|0|0|1|0|1|0|0|1|1|0|1|0|1|0|0|1,1,2.16183424272828,2.08203336865342,0.00136672746893738,beta,2,1,ensemble,TRUE,2.08203336865342
1|0|0|1|0|1|0|1|1|0|1|0|1|0|0|0|1,0,2.45567738147273,2.17898173913986,0.0208522659592542,beta,2,1,ensemble,FALSE,2.17898173913986
0|0|0|0|0|1|0|1|1|0|0|0|0|1|0|0|1,1,2.49182469764127,2.07990500473876,7.92254973341505e-05,beta,2,1,ensemble,TRUE,2.07990500473876
1|0|0|1|0|1|0|1|1|0|0|0|0|1|0|0|1,1,2.349858807576,2.12762655417571,4.84084078839255e-05,beta,2,1,ensemble,TRUE,2.12762655417571
0|0|0|0|0|1|0|1|1|1|0|0|0|1|0|0|1,1,2.49182469764127,2.05952041146714,0.00043075332938226,beta,2,1,ensemble,TRUE,2.05952041146714
1|0|0|1|0|1|0|1|1|1|0|0|0|1|0|0|1,1,2.349858807576,2.0701176177423,0.000334132434525585,beta,2,1,ensemble,TRUE,2.0701176177423
0|0|0|0|0|1|0|1|1|0|0|1|0|1|0|0|1,1,2.28402541668774,2.01714074933638,0.000314006250603549,beta,2,1,ensemble,TRUE,2.01714074933638
1|0|0|1|0|1|0|1|1|0|0|1|0|1|0|0|1,1,2.16183424272828,2.01932095470667,0.000332030295212288,beta,2,1,ensemble,TRUE,2.01932095470667
0|0|0|0|0|1|0|1|1|1|0|1|0|1|0|0|1,1,2.28402541668774,1.96825148281998,0.00224697693421715,beta,2,1,ensemble,TRUE,1.96825148281998
1|0|0|1|0|1|0|1|1|1|0|1|0|1|0|0|1,1,2.16183424272828,1.94438439111913,0.0030203412018243,beta,2,1,ensemble,TRUE,1.94438439111913
1|0|0|1|0|1|0|0|0|0|1|0|1|0|0|1|1,0,2.45567738147273,3.13182367202815,0.0038037502158215,beta,2,1,ensemble,FALSE,3.13182367202815
0|0|0|0|0|1|0|0|0|0|0|0|0|1|0|1|1,1,3.33964685192599,3.09446288406093,0.00471910206753389,beta,2,1,ensemble,TRUE,3.09446288406093
1|0|0|1|0|1|0|0|0|0|0|0|0|1|0|1|1,1,3.11700001661268,3.12443177105326,0.00572509049605818,beta,2,1,ensemble,TRUE,3.12443177105326
0|0|0|0|0|1|0|0|0|1|0|0|0|1|0|1|1,1,3.33964685192599,3.03926618996665,0.00073666848632591,beta,2,1,ensemble,TRUE,3.03926618996665
1|0|0|1|0|1|0|0|0|1|0|0|0|1|0|1|1,1,3.11700001661268,2.75949739567735,0.00113623191298732,beta,2,1,ensemble,TRUE,2.75949739567735
0|0|0|0|0|1|0|0|0|0|0|1|0|1|0|1|1,1,3.01375270747048,2.86251733151597,0.000640610494039707,beta,2,1,ensemble,TRUE,2.86251733151597
1|0|0|1|0|1|0|0|0|0|0|1|0|1|0|1|1,1,2.82211880039051,2.83468486680193,0.00133449796837521,beta,2,1,ensemble,TRUE,2.83468486680193
0|0|0|0|0|1|0|0|0|1|0|1|0|1|0|1|1,1,3.01375270747048,2.7014218433884,0.000130891106123724,beta,2,1,ensemble,TRUE,2.7014218433884
1|0|0|1|0|1|0|0|0|1|0|1|0|1|0|1|1,1,2.82211880039051,2.66291066877888,0.000345828331483746,beta,2,1,ensemble,TRUE,2.66291066877888
1|0|0|1|0|1|0|1|0|0|1|0|1|0|0|1|1,0,2.45567738147273,2.87549551006838,0.00307608005513212,beta,2,1,ensemble,FALSE,2.87549551006838
0|0|0|0|0|1|0|1|0|0|0|0|0|1|0|1|1,1,3.33964685192599,2.67266810914682,0.000602825920750167,beta,2,1,ensemble,TRUE,2.67266810914682
1|0|0|1|0|1|0|1|0|0|0|0|0|1|0|1|1,1,3.11700001661268,2.7770562103105,0.000394362533868145,beta,2,1,ensemble,TRUE,2.7770562103105
0|0|0|0|0|1|0|1|0|1|0|0|0|1|0|1|1,1,3.33964685192599,2.70062225024817,0.000104056183942018,beta,2,1,ensemble,TRUE,2.70062225024817
1|0|0|1|0|1|0|1|0|1|0|0|0|1|0|1|1,1,3.11700001661268,2.54232997601174,8.76503898024846e-05,beta,2,1,ensemble,TRUE,2.54232997601174
0|0|0|0|0|1|0|1|0|0|0|1|0|1|0|1|1,1,3.01375270747048,2.77222065457806,0.00299493037882045,beta,2,1,ensemble,TRUE,2.77222065457806
1|0|0|1|0|1|0|1|0|0|0|1|0|1|0|1|1,1,2.82211880039051,2.65060812424724,0.00336427388396819,beta,2,1,ensemble,TRUE,2.65060812424724
0|0|0|0|0|1|0|1|0|1|0|1|0|1|0|1|1,1,3.01375270747048,2.61634020448095,0.000676653100112234,beta,2,1,ensemble,TRUE,2.61634020448095
1|0|0|1|0|1|0|1|0|1|0|1|0|1|0|1|1,1,2.82211880039051,2.41377715812024,0.000976354591670722,beta,2,1,ensemble,TRUE,2.41377715812024
1|0|0|1|0|1|0|0|1|0|1|0|1|0|0|1|1,0,2.45567738147273,3.31912977677897,0.00433040745430704,beta,2,1,ensemble,FALSE,3.31912977677897
0|0|0|0|0|1|0|0|1|0|0|0|0|1|0|1|1,1,3.33964685192599,3.24159773139806,0.00067140586538038,beta,2,1,ensemble,TRUE,3.24159773139806
1|0|0|1|0|1|0|0|1|0|0|0|0|1|0|1|1,1,3.11700001661268,3.28813517431652,0.000752945350785231,beta,2,1,ensemble,TRUE,3.28813517431652
0|0|0|0|0|1|0|0|1|1|0|0|0|1|0|1|1,1,3.33964685192599,3.57366809797788,0.00383581794761813,beta,2,1,ensemble,TRUE,3.57366809797788
1|0|0|1|0|1|0|0|1|1|0|0|0|1|0|1|1,1,3.11700001661268,3.16853852113212,0.00546900370926171,beta,2,1,ensemble,TRUE,3.16853852113212
0|0|0|0|0|1|0|0|1|0|0|1|0|1|0|1|1,1,3.01375270747048,2.99608905659897,9.1142263288077e-05,beta,2,1,ensemble,TRUE,2.99608905659897
1|0|0|1|0|1|0|0|1|0|0|1|0|1|0|1|1,1,2.82211880039051,2.92995800903767,0.000175508848569691,beta,2,1,ensemble,TRUE,2.92995800903767
0|0|0|0|0|1|0|0|1|1|0|1|0|1|0|1|1,1,3.01375270747048,2.96517605280248,0.000681547349143487,beta,2,1,ensemble,TRUE,2.96517605280248
1|0|0|1|0|1|0|0|1|1|0|1|0|1|0|1|1,1,2.82211880039051,2.66914205820837,0.00166456900746591,beta,2,1,ensemble,TRUE,2.66914205820837
1|0|0|1|0|1|0|1|1|0|1|0|1|0|0|1|1,0,2.45567738147273,2.96621172045438,0.00333658176671457,beta,2,1,ensemble,FALSE,2.96621172045438
0|0|0|0|0|1|0|1|1|0|0|0|0|1|0|1|1,1,3.33964685192599,2.7884096989266,6.68309855188298e-05,beta,2,1,ensemble,TRUE,2.7884096989266
1|0|0|1|0|1|0|1|1|0|0|0|0|1|0|1|1,1,3.11700001661268,2.86929414385561,4.05979242371518e-05,beta,2,1,ensemble,TRUE,2.86929414385561
0|0|0|0|0|1|0|1|1|1|0|0|0|1|0|1|1,1,3.33964685192599,2.84717993187007,0.000422195866566426,beta,2,1,ensemble,TRUE,2.84717993187007
1|0|0|1|0|1|0|1|1|1|0|0|0|1|0|1|1,1,3.11700001661268,2.74522103441061,0.000330234290513469,beta,2,1,ensemble,TRUE,2.74522103441061
0|0|0|0|0|1|0|1|1|0|0|1|0|1|0|1|1,1,3.01375270747048,2.71126157463453,0.000332026447249942,beta,2,1,ensemble,TRUE,2.71126157463453
1|0|0|1|0|1|0|1|1|0|0|1|0|1|0|1|1,1,2.82211880039051,2.5338703303199,0.000346337505529963,beta,2,1,ensemble,TRUE,2.5338703303199
0|0|0|0|0|1|0|1|1|1|0|1|0|1|0|1|1,1,3.01375270747048,2.72304726701484,0.00274544127166849,beta,2,1,ensemble,TRUE,2.72304726701484
1|0|0|1|0|1|0|1|1|1|0|1|0|1|0|1|1,1,2.82211880039051,2.49012079525115,0.00367854343370882,beta,2,1,ensemble,TRUE,2.49012079525115
0|0|0|0|0|1|0|0|0|0|1|0|1|0|0|0|0,0,1.83053730451109,1.68164165948181,0.0340252866918418,beta,2,1,sieve_md,FALSE,1.68164165948181
0|0|0|0|0|1|0|0|0|0|0|0|0|1|0|0|0,1,1.77880078307141,1.68842799093611,0.00960943512698398,beta,2,1,sieve_md,TRUE,1.68842799093611
1|0|0|1|0|1|0|0|0|0|0|0|0|1|0|0|0,1,1.70468808971871,1.75321558844052,0.00943156116480374,beta,2,1,sieve_md,TRUE,1.75321558844052
0|0|0|0|0|1|0|0|0|1|0|0|0|1|0|0|0,1,1.77880078307141,1.6222984368293,0.000943137903452683,beta,2,1,sieve_md,TRUE,1.6222984368293
1|0|0|1|0|1|0|0|0|1|0|0|0|1|0|0|0,1,1.70468808971871,1.50986237646995,0.00116348397246529,beta,2,1,sieve_md,TRUE,1.50986237646995
0|0|0|0|0|1|0|0|0|0|0|1|0|1|0|0|0,1,1.67032004603564,1.56959045045831,0.0011513122038543,beta,2,1,sieve_md,TRUE,1.56959045045831
1|0|0|1|0|1|0|0|0|0|0|1|0|1|0|0|0,1,1.60653065971263,1.55046404949591,0.00194980983159324,beta,2,1,sieve_md,TRUE,1.55046404949591
0|0|0|0|0|1|0|0|0|1|0|1|0|1|0|0|0,1,1.67032004603564,1.52262373026707,0.000151207584178117,beta,2,1,sieve_md,TRUE,1.52262373026707
1|0|0|1|0|1|0|0|0|1|0|1|0|1|0|0|0,1,1.60653065971263,1.49054113627665,0.000322217611364569,beta,2,1,sieve_md,TRUE,1.49054113627665
0|0|0|0|0|1|0|1|0|0|1|0|1|0|0|0|0,0,1.83053730451109,1.5726648275074,0.0348148067293662,beta,2,1,sieve_md,FALSE,1.5726648275074
0|0|0|0|0|1|0|1|0|0|0|0|0|1|0|0|0,1,1.77880078307141,1.45392889851019,0.00122752517224963,beta,2,1,sieve_md,TRUE,1.45392889851019
1|0|0|1|0|1|0|1|0|0|0|0|0|1|0|0|0,1,1.70468808971871,1.44320613638215,0.000649676081425316,beta,2,1,sieve_md,TRUE,1.44320613638215
0|0|0|0|0|1|0|1|0|1|0|0|0|1|0|0|0,1,1.77880078307141,1.49779109027493,0.000133220482463999,beta,2,1,sieve_md,TRUE,1.49779109027493
1|0|0|1|0|1|0|1|0|1|0|0|0|1|0|0|0,1,1.70468808971871,1.43353913713165,8.97526486889509e-05,beta,2,1,sieve_md,TRUE,1.43353913713165
0|0|0|0|0|1|0|1|0|0|0|1|0|1|0|0|0,1,1.67032004603564,1.60768516976171,0.0053825217146946,beta,2,1,sieve_md,TRUE,1.60768516976171
1|0|0|1|0|1|0|1|0|0|0|1|0|1|0|0|0,1,1.60653065971263,1.50393262031291,0.00491547716863156,beta,2,1,sieve_md,TRUE,1.50393262031291
0|0|0|0|0|1|0|1|0|1|0|1|0|1|0|0|0,1,1.67032004603564,1.45445561533953,0.000781680922597538,beta,2,1,sieve_md,TRUE,1.45445561533953
1|0|0|1|0|1|0|1|0|1|0|1|0|1|0|0|0,1,1.60653065971263,1.39781487597811,0.000909695984198899,beta,2,1,sieve_md,TRUE,1.39781487597811
0|0|0|0|0|1|0|0|1|0|1|0|1|0|0|0|0,0,1.83053730451109,1.63881464899196,0.0344639163118675,beta,2,1,sieve_md,FALSE,1.63881464899196
0|0|0|0|0|1|0|0|1|0|0|0|0|1|0|0|0,1,1.77880078307141,1.65477652538153,0.00136717346116248,beta,2,1,sieve_md,TRUE,1.65477652538153
1|0|0|1|0|1|0|0|1|0|0|0|0|1|0|0|0,1,1.70468808971871,1.50022877393739,0.00124040836290273,beta,2,1,sieve_md,TRUE,1.50022877393739
0|0|0|0|0|1|0|0|1|1|0|0|0|1|0|0|0,1,1.77880078307141,1.74092944535819,0.00491090003752682,beta,2,1,sieve_md,TRUE,1.74092944535819
1|0|0|1|0|1|0|0|1|1|0|0|0|1|0|0|0,1,1.70468808971871,1.48751396128974,0.00560017553489559,beta,2,1,sieve_md,TRUE,1.48751396128974
0|0|0|0|0|1|0|0|1|0|0|1|0|1|0|0|0,1,1.67032004603564,1.66309658483386,0.000163801874909593,beta,2,1,sieve_md,TRUE,1.66309658483386
1|0|0|1|0|1|0|0|1|0|0|1|0|1|0|0|0,1,1.60653065971263,1.56405415669539,0.000256432670998698,beta,2,1,sieve_md,TRUE,1.56405415669539
0|0|0|0|0|1|0|0|1|1|0|1|0|1|0|0|0,1,1.67032004603564,1.64589530365656,0.000787334840532057,beta,2,1,sieve_md,TRUE,1.64589530365656
1|0|0|1|0|1|0|0|1|1|0|1|0|1|0|0|0,1,1.60653065971263,1.50035016731232,0.00155092397212218,beta,2,1,sieve_md,TRUE,1.50035016731232
0|0|0|0|0|1|0|1|1|0|1|0|1|0|0|0|0,0,1.83053730451109,1.64233458406477,0.03382790207843,beta,2,1,sieve_md,FALSE,1.64233458406477
0|0|0|0|0|1|0|1|1|0|0|0|0|1|0|0|0,1,1.77880078307141,1.57239059656997,0.000136086910311564,beta,2,1,sieve_md,TRUE,1.57239059656997
1|0|0|1|0|1|0|1|1|0|0|0|0|1|0|0|0,1,1.70468808971871,1.49850977686676,6.68813542546445e-05,beta,2,1,sieve_md,TRUE,1.49850977686676
0|0|0|0|0|1|0|1|1|1|0|0|0|1|0|0|0,1,1.77880078307141,1.58811118978194,0.00054052661655963,beta,2,1,sieve_md,TRUE,1.58811118978194
1|0|0|1|0|1|0|1|1|1|0|0|0|1|0|0|0,1,1.70468808971871,1.46243809227444,0.000338154825418245,beta,2,1,sieve_md,TRUE,1.46243809227444
0|0|0|0|0|1|0|1|1|0|0|1|0|1|0|0|0,1,1.67032004603564,1.56732075063982,0.000596721571497624,beta,2,1,sieve_md,TRUE,1.56732075063982
1|0|0|1|0|1|0|1|1|0|0|1|0|1|0|0|0,1,1.60653065971263,1.45511173627803,0.000506027202239947,beta,2,1,sieve_md,TRUE,1.45511173627803
0|0|0|0|0|1|0|1|1|1|0|1|0|1|0|0|0,1,1.67032004603564,1.53881554993359,0.003171579448641,beta,2,1,sieve_md,TRUE,1.53881554993359
1|0|0|1|0|1|0|1|1|1|0|1|0|1|0|0|0,1,1.60653065971263,1.41882857378017,0.003427398424603,beta,2,1,sieve_md,TRUE,1.41882857378017
0|0|0|0|0|1|0|0|0|0|1|0|1|0|0|1|0,0,1.83053730451109,2.68960630496789,0.0045037236163738,beta,2,1,sieve_md,FALSE,2.68960630496789
0|0|0|0|0|1|0|0|0|0|0|0|0|1|0|1|0,1,2.22140275816017,2.85239503671191,0.00647075396855543,beta,2,1,sieve_md,TRUE,2.85239503671191
1|0|0|1|0|1|0|0|0|0|0|0|0|1|0|1|0,1,2.10517091807565,2.17045653376811,0.00625820931663394,beta,2,1,sieve_md,TRUE,2.17045653376811
0|0|0|0|0|1|0|0|0|1|0|0|0|1|0|1|0,1,2.22140275816017,2.19557001704725,0.000734391765715058,beta,2,1,sieve_md,TRUE,2.19557001704725
1|0|0|1|0|1|0|0|0|1|0|0|0|1|0|1|0,1,2.10517091807565,2.40283006769283,0.000901817479084268,beta,2,1,sieve_md,TRUE,2.40283006769283
0|0|0|0|0|1|0|0|0|0|0|1|0|1|0|1|0,1,2.05127109637602,2.43569050626737,0.000965390594166642,beta,2,1,sieve_md,TRUE,2.43569050626737
1|0|0|1|0|1|0|0|0|0|0|1|0|1|0|1|0,1,1.95122942450071,2.42986412626354,0.00160054881746757,beta,2,1,sieve_md,TRUE,2.42986412626354
0|0|0|0|0|1|0|0|0|1|0|1|0|1|0|1|0,1,2.05127109637602,2.25233357240761,0.000146570757254649,beta,2,1,sieve_md,TRUE,2.25233357240761
1|0|0|1|0|1|0|0|0|1|0|1|0|1|0|1|0,1,1.95122942450071,2.09068970294895,0.000307447410782635,beta,2,1,sieve_md,TRUE,2.09068970294895
0|0|0|0|0|1|0|1|0|0|1|0|1|0|0|1|0,0,1.83053730451109,2.38250463953843,0.00460822765981663,beta,2,1,sieve_md,FALSE,2.38250463953843
0|0|0|0|0|1|0|1|0|0|0|0|0|1|0|1|0,1,2.22140275816017,2.3904415211317,0.000826584838221285,beta,2,1,sieve_md,TRUE,2.3904415211317
1|0|0|1|0|1|0|1|0|0|0|0|0|1|0|1|0,1,2.10517091807565,2.0351611471774,0.000431085462366796,beta,2,1,sieve_md,TRUE,2.0351611471774
0|0|0|0|0|1|0|1|0|1|0|0|0|1|0|1|0,1,2.22140275816017,2.24183152495751,0.000103734591715575,beta,2,1,sieve_md,TRUE,2.24183152495751
1|0|0|1|0|1|0|1|0|1|0|0|0|1|0|1|0,1,2.10517091807565,1.96394907119101,6.9567359153476e-05,beta,2,1,sieve_md,TRUE,1.96394907119101
0|0|0|0|0|1|0|1|0|0|0|1|0|1|0|1|0,1,2.05127109637602,1.85488103473092,0.00451331603961828,beta,2,1,sieve_md,TRUE,1.85488103473092
1|0|0|1|0|1|0|1|0|0|0|1|0|1|0|1|0,1,1.95122942450071,1.86207522811074,0.00403498897280325,beta,2,1,sieve_md,TRUE,1.86207522811074
0|0|0|0|0|1|0|1|0|1|0|1|0|1|0|1|0,1,2.05127109637602,2.00860742571135,0.00075771043747166,beta,2,1,sieve_md,TRUE,2.00860742571135
1|0|0|1|0|1|0|1|0|1|0|1|0|1|0|1|0,1,1.95122942450071,1.89525995656908,0.000867996239426118,beta,2,1,sieve_md,TRUE,1.89525995656908
0|0|0|0|0|1|0|0|1|0|1|0|1|0|0|1|0,0,1.83053730451109,2.70419752305902,0.00456178239473009,beta,2,1,sieve_md,FALSE,2.70419752305902
0|0|0|0|0|1|0|0|1|0|0|0|0|1|0|1|0,1,2.22140275816017,2.19581374303832,0.000920620513340971,beta,2,1,sieve_md,TRUE,2.19581374303832
1|0|0|1|0|1|0|0|1|0|0|0|0|1|0|1|0,1,2.10517091807565,2.37373267855264,0.00082305941057957,beta,2,1,sieve_md,TRUE,2.37373267855264
0|0|0|0|0|1|0|0|1|1|0|0|0|1|0|1|0,1,2.22140275816017,2.72301736327199,0.0038239631093253,beta,2,1,sieve_md,TRUE,2.72301736327199
1|0|0|1|0|1|0|0|1|1|0|0|0|1|0|1|0,1,2.10517091807565,2.08751640871389,0.00434070112079658,beta,2,1,sieve_md,TRUE,2.08751640871389
0|0|0|0|0|1|0|0|1|0|0|1|0|1|0|1|0,1,2.05127109637602,2.4400096237542,0.000137350050503412,beta,2,1,sieve_md,TRUE,2.4400096237542
1|0|0|1|0|1|0|0|1|0|0|1|0|1|0|1|0,1,1.95122942450071,2.21927648325796,0.000210498994146338,beta,2,1,sieve_md,TRUE,2.21927648325796
0|0|0|0|0|1|0|0|1|1|0|1|0|1|0|1|0,1,2.05127109637602,2.33581192218766,0.000763190976279434,beta,2,1,sieve_md,TRUE,2.33581192218766
1|0|0|1|0|1|0|0|1|1|0|1|0|1|0|1|0,1,1.95122942450071,2.39545114995583,0.00147983084329361,beta,2,1,sieve_md,TRUE,2.39545114995583
0|0|0|0|0|1|0|1|1|0|1|0|1|0|0|1|0,0,1.83053730451109,2.48784868623791,0.00447759699610509,beta,2,1,sieve_md,FALSE,2.48784868623791
0|0|0|0|0|1|0|1|1|0|0|0|0|1|0|1|0,1,2.22140275816017,2.27267722026798,9.1637531585416e-05,beta,2,1,sieve_md,TRUE,2.27267722026798
1|0|0|1|0|1|0|1|1|0|0|0|0|1|0|1|0,1,2.10517091807565,2.10840751210986,4.43783915506443e-05,beta,2,1,sieve_md,TRUE,2.10840751210986
0|0|0|0|0|1|0|1|1|1|0|0|0|1|0|1|0,1,2.22140275816017,2.15802918703223,0.000420891043502768,beta,2,1,sieve_md,TRUE,2.15802918703223
1|0|0|1|0|1|0|1|1|1|0|0|0|1|0|1|0,1,2.10517091807565,1.8749686358857,0.0002621041109425,beta,2,1,sieve_md,TRUE,1.8749686358857
0|0|0|0|0|1|0|1|1|0|0|1|0|1|0|1|0,1,2.05127109637602,2.24140764777008,0.000500358973466633,beta,2,1,sieve_md,TRUE,2.24140764777008
1|0|0|1|0|1|0|1|1|0|0|1|0|1|0|1|0,1,1.95122942450071,2.0119144914479,0.000415384734976828,beta,2,1,sieve_md,TRUE,2.0119144914479
0|0|0|0|0|1|0|1|1|1|0|1|0|1|0|1|0,1,2.05127109637602,2.14978405135822,0.00307432199255961,beta,2,1,sieve_md,TRUE,2.14978405135822
1|0|0|1|0|1|0|1|1|1|0|1|0|1|0|1|0,1,1.95122942450071,2.27864704107693,0.00327028919028398,beta,2,1,sieve_md,TRUE,2.27864704107693
1|0|0|1|0|1|0|0|0|0|1|0|1|0|0|0|1,0,2.45567738147273,2.120589743654,0.0237718769352928,beta,2,1,sieve_md,FALSE,2.120589743654
0|0|0|0|0|1|0|0|0|0|0|0|0|1|0|0|1,1,2.49182469764127,2.48796872100627,0.00559430936665823,beta,2,1,sieve_md,TRUE,2.48796872100627
1|0|0|1|0|1|0|0|0|0|0|0|0|1|0|0|1,1,2.349858807576,2.23052703335313,0.00682651936307502,beta,2,1,sieve_md,TRUE,2.23052703335313
0|0|0|0|0|1|0|0|0|1|0|0|0|1|0|0|1,1,2.49182469764127,2.15195884522568,0.000751599975898745,beta,2,1,sieve_md,TRUE,2.15195884522568
1|0|0|1|0|1|0|0|0|1|0|0|0|1|0|0|1,1,2.349858807576,1.8559725621269,0.00114964419558553,beta,2,1,sieve_md,TRUE,1.8559725621269
0|0|0|0|0|1|0|0|0|0|0|1|0|1|0|0|1,1,2.28402541668774,1.80296106266326,0.000605842398992,beta,2,1,sieve_md,TRUE,1.80296106266326
1|0|0|1|0|1|0|0|0|0|0|1|0|1|0|0|1,1,2.16183424272828,1.84805141561951,0.00127936982661407,beta,2,1,sieve_md,TRUE,1.84805141561951
0|0|0|0|0|1|0|0|0|1|0|1|0|1|0|0|1,1,2.28402541668774,1.83433939418927,0.000107126420582815,beta,2,1,sieve_md,TRUE,1.83433939418927
1|0|0|1|0|1|0|0|0|1|0|1|0|1|0|0|1,1,2.16183424272828,1.73143843142593,0.000283949225328405,beta,2,1,sieve_md,TRUE,1.73143843142593
1|0|0|1|0|1|0|1|0|0|1|0|1|0|0|0|1,0,2.45567738147273,2.3315857336097,0.0192242372302874,beta,2,1,sieve_md,FALSE,2.3315857336097
0|0|0|0|0|1|0|1|0|0|0|0|0|1|0|0|1,1,2.49182469764127,1.69243037833777,0.000714626351932113,beta,2,1,sieve_md,TRUE,1.69243037833777
1|0|0|1|0|1|0|1|0|0|0|0|0|1|0|0|1,1,2.349858807576,1.691848001232,0.000470232474993328,beta,2,1,sieve_md,TRUE,1.691848001232
0|0|0|0|0|1|0|1|0|1|0|0|0|1|0|0|1,1,2.49182469764127,1.83098200647222,0.000106165292522552,beta,2,1,sieve_md,TRUE,1.83098200647222
1|0|0|1|0|1|0|1|0|1|0|0|0|1|0|0|1,1,2.349858807576,1.72372372486402,8.8685030516618e-05,beta,2,1,sieve_md,TRUE,1.72372372486402
0|0|0|0|0|1|0|1|0|0|0|1|0|1|0|0|1,1,2.28402541668774,2.03527389523692,0.00283238539237251,beta,2,1,sieve_md,TRUE,2.03527389523692
1|0|0|1|0|1|0|1|0|0|0|1|0|1|0|0|1,1,2.16183424272828,1.87646005208211,0.00322529565245802,beta,2,1,sieve_md,TRUE,1.87646005208211
0|0|0|0|0|1|0|1|0|1|0|1|0|1|0|0|1,1,2.28402541668774,1.75864041455391,0.000553799465356878,beta,2,1,sieve_md,TRUE,1.75864041455391
1|0|0|1|0|1|0|1|0|1|0|1|0|1|0|0|1,1,2.16183424272828,1.59137402517139,0.000801655343740288,beta,2,1,sieve_md,TRUE,1.59137402517139
1|0|0|1|0|1|0|0|1|0|1|0|1|0|0|0|1,0,2.45567738147273,2.59151642355411,0.0270632684173845,beta,2,1,sieve_md,FALSE,2.59151642355411
0|0|0|0|0|1|0|0|1|0|0|0|0|1|0|0|1,1,2.49182469764127,2.13030989780734,0.000795925171309036,beta,2,1,sieve_md,TRUE,2.13030989780734
1|0|0|1|0|1|0|0|1|0|0|0|0|1|0|0|1,1,2.349858807576,2.02567239748105,0.000897801706368077,beta,2,1,sieve_md,TRUE,2.02567239748105
0|0|0|0|0|1|0|0|1|1|0|0|0|1|0|0|1,1,2.49182469764127,1.96271410832535,0.00391356591261363,beta,2,1,sieve_md,TRUE,1.96271410832535
1|0|0|1|0|1|0|0|1|1|0|0|0|1|0|0|1,1,2.349858807576,2.22028528792154,0.00553356079698374,beta,2,1,sieve_md,TRUE,2.22028528792154
0|0|0|0|0|1|0|0|1|0|0|1|0|1|0|0|1,1,2.28402541668774,1.90835179770723,8.61956648443329e-05,beta,2,1,sieve_md,TRUE,1.90835179770723
1|0|0|1|0|1|0|0|1|0|0|1|0|1|0|0|1,1,2.16183424272828,1.9466303056109,0.000168258573999348,beta,2,1,sieve_md,TRUE,1.9466303056109
0|0|0|0|0|1|0|0|1|1|0|1|0|1|0|0|1,1,2.28402541668774,2.00291478972944,0.000557805110932701,beta,2,1,sieve_md,TRUE,2.00291478972944
1|0|0|1|0|1|0|0|1|1|0|1|0|1|0|0|1,1,2.16183424272828,1.83349108376576,0.00136672746893738,beta,2,1,sieve_md,TRUE,1.83349108376576
1|0|0|1|0|1|0|1|1|0|1|0|1|0|0|0|1,0,2.45567738147273,2.07662877187907,0.0208522659592542,beta,2,1,sieve_md,FALSE,2.07662877187907
0|0|0|0|0|1|0|1|1|0|0|0|0|1|0|0|1,1,2.49182469764127,1.86623769462344,7.92254973341505e-05,beta,2,1,sieve_md,TRUE,1.86623769462344
1|0|0|1|0|1|0|1|1|0|0|0|0|1|0|0|1,1,2.349858807576,1.83218173792136,4.84084078839255e-05,beta,2,1,sieve_md,TRUE,1.83218173792136
0|0|0|0|0|1|0|1|1|1|0|0|0|1|0|0|1,1,2.49182469764127,1.88637380313535,0.00043075332938226,beta,2,1,sieve_md,TRUE,1.88637380313535
1|0|0|1|0|1|0|1|1|1|0|0|0|1|0|0|1,1,2.349858807576,1.78579348360525,0.000334132434525585,beta,2,1,sieve_md,TRUE,1.78579348360525
0|0|0|0|0|1|0|1|1|0|0|1|0|1|0|0|1,1,2.28402541668774,1.88196467791874,0.000314006250603549,beta,2,1,sieve_md,TRUE,1.88196467791874
1|0|0|1|0|1|0|1|1|0|0|1|0|1|0|0|1,1,2.16183424272828,1.75973570272722,0.000332030295212288,beta,2,1,sieve_md,TRUE,1.75973570272722
0|0|0|0|0|1|0|1|1|1|0|1|0|1|0|0|1,1,2.28402541668774,1.77701488904696,0.00224697693421715,beta,2,1,sieve_md,TRUE,1.77701488904696
1|0|0|1|0|1|0|1|1|1|0|1|0|1|0|0|1,1,2.16183424272828,1.60750140629055,0.0030203412018243,beta,2,1,sieve_md,TRUE,1.60750140629055
1|0|0|1|0|1|0|0|0|0|1|0|1|0|0|1|1,0,2.45567738147273,3.52702556052668,0.0038037502158215,beta,2,1,sieve_md,FALSE,3.52702556052668
0|0|0|0|0|1|0|0|0|0|0|0|0|1|0|1|1,1,3.33964685192599,3.39764411666269,0.00471910206753389,beta,2,1,sieve_md,TRUE,3.39764411666269
1|0|0|1|0|1|0|0|0|0|0|0|0|1|0|1|1,1,3.11700001661268,3.33325874598999,0.00572509049605818,beta,2,1,sieve_md,TRUE,3.33325874598999
0|0|0|0|0|1|0|0|0|1|0|0|0|1|0|1|1,1,3.33964685192599,3.47675692842632,0.00073666848632591,beta,2,1,sieve_md,TRUE,3.47675692842632
1|0|0|1|0|1|0|0|0|1|0|0|0|1|0|1|1,1,3.11700001661268,2.42147314173481,0.00113623191298732,beta,2,1,sieve_md,TRUE,2.42147314173481
0|0|0|0|0|1|0|0|0|0|0|1|0|1|0|1|1,1,3.01375270747048,3.14216247155178,0.000640610494039707,beta,2,1,sieve_md,TRUE,3.14216247155178
1|0|0|1|0|1|0|0|0|0|0|1|0|1|0|1|1,1,2.82211880039051,2.96275364788576,0.00133449796837521,beta,2,1,sieve_md,TRUE,2.96275364788576
0|0|0|0|0|1|0|0|0|1|0|1|0|1|0|1|1,1,3.01375270747048,2.79730749324884,0.000130891106123724,beta,2,1,sieve_md,TRUE,2.79730749324884
1|0|0|1|0|1|0|0|0|1|0|1|0|1|0|1|1,1,2.82211880039051,2.63276100857645,0.000345828331483746,beta,2,1,sieve_md,TRUE,2.63276100857645
1|0|0|1|0|1|0|1|0|0|1|0|1|0|0|1|1,0,2.45567738147273,3.25662343244287,0.00307608005513212,beta,2,1,sieve_md,FALSE,3.25662343244287
0|0|0|0|0|1|0|1|0|0|0|0|0|1|0|1|1,1,3.33964685192599,2.54984019200252,0.000602825920750167,beta,2,1,sieve_md,TRUE,2.54984019200252
1|0|0|1|0|1|0|1|0|0|0|0|0|1|0|1|1,1,3.11700001661268,2.73467719621885,0.000394362533868145,beta,2,1,sieve_md,TRUE,2.73467719621885
0|0|0|0|0|1|0|1|0|1|0|0|0|1|0|1|1,1,3.33964685192599,2.84764018910731,0.000104056183942018,beta,2,1,sieve_md,TRUE,2.84764018910731
1|0|0|1|0|1|0|1|0|1|0|0|0|1|0|1|1,1,3.11700001661268,2.19243723498888,8.76503898024846e-05,beta,2,1,sieve_md,TRUE,2.19243723498888
0|0|0|0|0|1|0|1|0|0|0|1|0|1|0|1|1,1,3.01375270747048,3.3219873862529,0.00299493037882045,beta,2,1,sieve_md,TRUE,3.3219873862529
1|0|0|1|0|1|0|1|0|0|0|1|0|1|0|1|1,1,2.82211880039051,2.80375037918516,0.00336427388396819,beta,2,1,sieve_md,TRUE,2.80375037918516
0|0|0|0|0|1|0|1|0|1|0|1|0|1|0|1|1,1,3.01375270747048,2.93910180694473,0.000676653100112234,beta,2,1,sieve_md,TRUE,2.93910180694473
1|0|0|1|0|1|0|1|0|1|0|1|0|1|0|1|1,1,2.82211880039051,2.1854467845369,0.000976354591670722,beta,2,1,sieve_md,TRUE,2.1854467845369
1|0|0|1|0|1|0|0|1|0|1|0|1|0|0|1|1,0,2.45567738147273,3.87257578359041,0.00433040745430704,beta,2,1,sieve_md,FALSE,3.87257578359041
0|0|0|0|0|1|0|0|1|0|0|0|0|1|0|1|1,1,3.33964685192599,3.66713642618506,0.00067140586538038,beta,2,1,sieve_md,TRUE,3.66713642618506
1|0|0|1|0|1|0|0|1|0|0|0|0|1|0|1|1,1,3.11700001661268,3.66454525407128,0.000752945350785231,beta,2,1,sieve_md,TRUE,3.66454525407128
0|0|0|0|0|1|0|0|1|1|0|0|0|1|0|1|1,1,3.33964685192599,5.10726486530955,0.00383581794761813,beta,2,1,sieve_md,TRUE,5.10726486530955
1|0|0|1|0|1|0|0|1|1|0|0|0|1|0|1|1,1,3.11700001661268,3.6299733687918,0.00546900370926171,beta,2,1,sieve_md,TRUE,3.6299733687918
0|0|0|0|0|1|0|0|1|0|0|1|0|1|0|1|1,1,3.01375270747048,3.40386401015269,9.1142263288077e-05,beta,2,1,sieve_md,TRUE,3.40386401015269
1|0|0|1|0|1|0|0|1|0|0|1|0|1|0|1|1,1,2.82211880039051,3.09358734839517,0.000175508848569691,beta,2,1,sieve_md,TRUE,3.09358734839517
0|0|0|0|0|1|0|0|1|1|0|1|0|1|0|1|1,1,3.01375270747048,3.52862699671036,0.000681547349143487,beta,2,1,sieve_md,TRUE,3.52862699671036
1|0|0|1|0|1|0|0|1|1|0|1|0|1|0|1|1,1,2.82211880039051,2.48100588106733,0.00166456900746591,beta,2,1,sieve_md,TRUE,2.48100588106733
1|0|0|1|0|1|0|1|1|0|1|0|1|0|0|1|1,0,2.45567738147273,3.30768249573643,0.00333658176671457,beta,2,1,sieve_md,FALSE,3.30768249573643
0|0|0|0|0|1|0|1|1|0|0|0|0|1|0|1|1,1,3.33964685192599,2.74407407991796,6.68309855188298e-05,beta,2,1,sieve_md,TRUE,2.74407407991796
1|0|0|1|0|1|0|1|1|0|0|0|0|1|0|1|1,1,3.11700001661268,2.85030772224797,4.05979242371518e-05,beta,2,1,sieve_md,TRUE,2.85030772224797
0|0|0|0|0|1|0|1|1|1|0|0|0|1|0|1|1,1,3.33964685192599,3.16748433314609,0.000422195866566426,beta,2,1,sieve_md,TRUE,3.16748433314609
1|0|0|1|0|1|0|1|1|1|0|0|0|1|0|1|1,1,3.11700001661268,2.71642124769343,0.000330234290513469,beta,2,1,sieve_md,TRUE,2.71642124769343
0|0|0|0|0|1|0|1|1|0|0|1|0|1|0|1|1,1,3.01375270747048,2.93957745094267,0.000332026447249942,beta,2,1,sieve_md,TRUE,2.93957745094267
1|0|0|1|0|1|0|1|1|0|0|1|0|1|0|1|1,1,2.82211880039051,2.22874233386325,0.000346337505529963,beta,2,1,sieve_md,TRUE,2.22874233386325
0|0|0|0|0|1|0|1|1|1|0|1|0|1|0|1|1,1,3.01375270747048,3.15388317662492,0.00274544127166849,beta,2,1,sieve_md,TRUE,3.15388317662492
1|0|0|1|0|1|0|1|1|1|0|1|0|1|0|1|1,1,2.82211880039051,2.30124006741426,0.00367854343370882,beta,2,1,sieve_md,TRUE,2.30124006741426
0|0|0|0|0|1|0|0|0|0|1|0|1|0|0|0|0,0,1.83053730451109,1.72085281436662,0.0340252866918418,beta,2,1,landweber,FALSE,1.72085281436662
0|0|0|0|0|1|0|0|0|0|0|0|0|1|0|0|0,1,1.77880078307141,1.6458716831424,0.00960943512698398,beta,2,1,landweber,TRUE,1.6458716831424
1|0|0|1|0|1|0|0|0|0|0|0|0|1|0|0|0,1,1.70468808971871,1.60646772904231,0.00943156116480374,beta,2,1,landweber,TRUE,1.60646772904231
0|0|0|0|0|1|0|0|0|1|0|0|0|1|0|0|0,1,1.77880078307141,1.56818349899725,0.000943137903452683,beta,2,1,landweber,TRUE,1.56818349899725
1|0|0|1|0|1|0|0|0|1|0|0|0|1|0|0|0,1,1.70468808971871,1.53351921954473,0.00116348397246529,beta,2,1,landweber,TRUE,1.53351921954473
0|0|0|0|0|1|0|0|0|0|0|1|0|1|0|0|0,1,1.67032004603564,1.54423631161274,0.0011513122038543,beta,2,1,landweber,TRUE,1.54423631161274
1|0|0|1|0|1|0|0|0|0|0|1|0|1|0|0|0,1,1.60653065971263,1.51103302495051,0.00194980983159324,beta,2,1,landweber,TRUE,1.51103302495051
0|0|0|0|0|1|0|0|0|1|0|1|0|1|0|0|0,1,1.67032004603564,1.47877326082634,0.000151207584178117,beta,2,1,landweber,TRUE,1.47877326082634
1|0|0|1|0|1|0|0|0|1|0|1|0|1|0|0|0,1,1.60653065971263,1.44956380624526,0.000322217611364569,beta,2,1,landweber,TRUE,1.44956380624526
0|0|0|0|0|1|0|1|0|0|1|0|1|0|0|0|0,0,1.83053730451109,1.59956305232882,0.0348148067293662,beta,2,1,landweber,FALSE,1.59956305232882
0|0|0|0|0|1|0|1|0|0|0|0|0|1|0|0|0,1,1.77880078307141,1.53719814924751,0.00122752517224963,beta,2,1,landweber,TRUE,1.53719814924751
1|0|0|1|0|1|0|1|0|0|0|0|0|1|0|0|0,1,1.70468808971871,1.50442425349068,0.000649676081425316,beta,2,1,landweber,TRUE,1.50442425349068
0|0|0|0|0|1|0|1|0|1|0|0|0|1|0|0|0,1,1.77880078307141,1.47258167846786,0.000133220482463999,beta,2,1,landweber,TRUE,1.47258167846786
1|0|0|1|0|1|0|1|0|1|0|0|0|1|0|0|0,1,1.70468808971871,1.44374996583372,8.97526486889509e-05,beta,2,1,landweber,TRUE,1.44374996583372
0|0|0|0|0|1|0|1|0|0|0|1|0|1|0|0|0,1,1.67032004603564,1.45266381385418,0.0053825217146946,beta,2,1,landweber,TRUE,1.45266381385418
1|0|0|1|0|1|0|1|0|0|0|1|0|1|0|0|0,1,1.60653065971263,1.4250472692534,0.00491547716863156,beta,2,1,landweber,TRUE,1.4250472692534
0|0|0|0|0|1|0|1|0|1|0|1|0|1|0|0|0,1,1.67032004603564,1.39821549130898,0.000781680922597538,beta,2,1,landweber,TRUE,1.39821549130898
1|0|0|1|0|1|0|1|0|1|0|1|0|1|0|0|0,1,1.60653065971263,1.37392078176986,0.000909695984198899,beta,2,1,landweber,TRUE,1.37392078176986
0|0|0|0|0|1|0|0|1|0|1|0|1|0|0|0|0,0,1.83053730451109,1.78420818214037,0.0344639163118675,beta,2,1,landweber,FALSE,1.78420818214037
0|0|0|0|0|1|0|0|1|0|0|0|0|1|0|0|0,1,1.77880078307141,1.70263699945194,0.00136717346116248,beta,2,1,landweber,TRUE,1.70263699945194
1|0|0|1|0|1|0|0|1|0|0|0|0|1|0|0|0,1,1.70468808971871,1.65976985293032,0.00124040836290273,beta,2,1,landweber,TRUE,1.65976985293032
0|0|0|0|0|1|0|0|1|1|0|0|0|1|0|0|0,1,1.77880078307141,1.61812084241122,0.00491090003752682,beta,2,1,landweber,TRUE,1.61812084241122
1|0|0|1|0|1|0|0|1|1|0|0|0|1|0|0|0,1,1.70468808971871,1.58040993800343,0.00560017553489559,beta,2,1,landweber,TRUE,1.58040993800343
0|0|0|0|0|1|0|0|1|0|0|1|0|1|0|0|0,1,1.67032004603564,1.59206894955334,0.000163801874909593,beta,2,1,landweber,TRUE,1.59206894955334
1|0|0|1|0|1|0|0|1|0|0|1|0|1|0|0|0,1,1.60653065971263,1.55594744380969,0.000256432670998698,beta,2,1,landweber,TRUE,1.55594744380969
0|0|0|0|0|1|0|0|1|1|0|1|0|1|0|0|0,1,1.67032004603564,1.52085238629462,0.000787334840532057,beta,2,1,landweber,TRUE,1.52085238629462
1|0|0|1|0|1|0|0|1|1|0|1|0|1|0|0|0,1,1.60653065971263,1.48907572839468,0.00155092397212218,beta,2,1,landweber,TRUE,1.48907572839468
0|0|0|0|0|1|0|1|1|0|1|0|1|0|0|0|0,0,1.83053730451109,1.65225832787855,0.03382790207843,beta,2,1,landweber,FALSE,1.65225832787855
0|0|0|0|0|1|0|1|1|0|0|0|0|1|0|0|0,1,1.77880078307141,1.58441220686739,0.000136086910311564,beta,2,1,landweber,TRUE,1.58441220686739
1|0|0|1|0|1|0|1|1|0|0|0|0|1|0|0|0,1,1.70468808971871,1.54875783096583,6.68813542546445e-05,beta,2,1,landweber,TRUE,1.54875783096583
0|0|0|0|0|1|0|1|1|1|0|0|0|1|0|0|0,1,1.77880078307141,1.5141166290788,0.00054052661655963,beta,2,1,landweber,TRUE,1.5141166290788
1|0|0|1|0|1|0|1|1|1|0|0|0|1|0|0|0,1,1.70468808971871,1.48275091266319,0.000338154825418245,beta,2,1,landweber,TRUE,1.48275091266319
0|0|0|0|0|1|0|1|1|0|0|1|0|1|0|0|0,1,1.67032004603564,1.49244819401201,0.000596721571497624,beta,2,1,landweber,TRUE,1.49244819401201
1|0|0|1|0|1|0|1|1|0|0|1|0|1|0|0|0,1,1.60653065971263,1.46240444609739,0.000506027202239947,beta,2,1,landweber,TRUE,1.46240444609739
0|0|0|0|0|1|0|1|1|1|0|1|0|1|0|0|0,1,1.67032004603564,1.43321443756024,0.003171579448641,beta,2,1,landweber,TRUE,1.43321443756024
1|0|0|1|0|1|0|1|1|1|0|1|0|1|0|0|0,1,1.60653065971263,1.40678447901171,0.003427398424603,beta,2,1,landweber,TRUE,1.40678447901171
0|0|0|0|0|1|0|0|0|0|1|0|1|0|0|1|0,0,1.83053730451109,2.41992964987617,0.0045037236163738,beta,2,1,landweber,FALSE,2.41992964987617
0|0|0|0|0|1|0|0|0|0|0|0|0|1|0|1|0,1,2.22140275816017,2.27223246497988,0.00647075396855543,beta,2,1,landweber,TRUE,2.27223246497988
1|0|0|1|0|1|0|0|0|0|0|0|0|1|0|1|0,1,2.10517091807565,2.19461489640836,0.00625820931663394,beta,2,1,landweber,TRUE,2.19461489640836
0|0|0|0|0|1|0|0|0|1|0|0|0|1|0|1|0,1,2.22140275816017,2.1192029506127,0.000734391765715058,beta,2,1,landweber,TRUE,2.1192029506127
1|0|0|1|0|1|0|0|0|1|0|0|0|1|0|1|0,1,2.10517091807565,2.05092155223948,0.000901817479084268,beta,2,1,landweber,TRUE,2.05092155223948
0|0|0|0|0|1|0|0|0|0|0|1|0|1|0|1|0,1,2.05127109637602,2.07203198766337,0.000965390594166642,beta,2,1,landweber,TRUE,2.07203198766337
1|0|0|1|0|1|0|0|0|0|0|1|0|1|0|1|0,1,1.95122942450071,2.00662844027422,0.00160054881746757,beta,2,1,landweber,TRUE,2.00662844027422
0|0|0|0|0|1|0|0|0|1|0|1|0|1|0|1|0,1,2.05127109637602,1.94308343543412,0.000146570757254649,beta,2,1,landweber,TRUE,1.94308343543412
1|0|0|1|0|1|0|0|0|1|0|1|0|1|0|1|0,1,1.95122942450071,1.88554690399555,0.000307447410782635,beta,2,1,landweber,TRUE,1.88554690399555
0|0|0|0|0|1|0|1|0|0|1|0|1|0|0|1|0,0,1.83053730451109,2.18101412383328,0.00460822765981663,beta,2,1,landweber,FALSE,2.18101412383328
0|0|0|0|0|1|0|1|0|0|0|0|0|1|0|1|0,1,2.22140275816017,2.05816827620404,0.000826584838221285,beta,2,1,landweber,TRUE,2.05816827620404
1|0|0|1|0|1|0|1|0|0|0|0|0|1|0|1|0,1,2.10517091807565,1.99361053931294,0.000431085462366796,beta,2,1,landweber,TRUE,1.99361053931294
0|0|0|0|0|1|0|1|0|1|0|0|0|1|0|1|0,1,2.22140275816017,1.93088730996268,0.000103734591715575,beta,2,1,landweber,TRUE,1.93088730996268
1|0|0|1|0|1|0|1|0|1|0|0|0|1|0|1|0,1,2.10517091807565,1.87409485134976,6.9567359153476e-05,beta,2,1,landweber,TRUE,1.87409485134976
0|0|0|0|0|1|0|1|0|0|0|1|0|1|0|1|0,1,2.05127109637602,1.89165327221804,0.00451331603961828,beta,2,1,landweber,TRUE,1.89165327221804
1|0|0|1|0|1|0|1|0|0|0|1|0|1|0|1|0,1,1.95122942450071,1.83725444110544,0.00403498897280325,beta,2,1,landweber,TRUE,1.83725444110544
0|0|0|0|0|1|0|1|0|1|0|1|0|1|0|1|0,1,2.05127109637602,1.78440143657683,0.00075771043747166,beta,2,1,landweber,TRUE,1.78440143657683
1|0|0|1|0|1|0|1|0|1|0|1|0|1|0|1|0,1,1.95122942450071,1.73654592748788,0.000867996239426118,beta,2,1,landweber,TRUE,1.73654592748788
0|0|0|0|0|1|0|0|1|0|1|0|1|0|0|1|0,0,1.83053730451109,2.54472650630492,0.00456178239473009,beta,2,1,landweber,FALSE,2.54472650630492
0|0|0|0|0|1|0|0|1|0|0|0|0|1|0|1|0,1,2.22140275816017,2.3840482949331,0.000920620513340971,beta,2,1,landweber,TRUE,2.3840482949331
1|0|0|1|0|1|0|0|1|0|0|0|0|1|0|1|0,1,2.10517091807565,2.29960895983095,0.00082305941057957,beta,2,1,landweber,TRUE,2.29960895983095
0|0|0|0|0|1|0|0|1|1|0|0|0|1|0|1|0,1,2.22140275816017,2.21756909850913,0.0038239631093253,beta,2,1,landweber,TRUE,2.21756909850913
1|0|0|1|0|1|0|0|1|1|0|0|0|1|0|1|0,1,2.10517091807565,2.14328648460366,0.00434070112079658,beta,2,1,landweber,TRUE,2.14328648460366
0|0|0|0|0|1|0|0|1|0|0|1|0|1|0|1|0,1,2.05127109637602,2.16625230489043,0.000137350050503412,beta,2,1,landweber,TRUE,2.16625230489043
1|0|0|1|0|1|0|0|1|0|0|1|0|1|0|1|0,1,1.95122942450071,2.09510047475068,0.000210498994146338,beta,2,1,landweber,TRUE,2.09510047475068
0|0|0|0|0|1|0|0|1|1|0|1|0|1|0|1|0,1,2.05127109637602,2.0259705334692,0.000763190976279434,beta,2,1,landweber,TRUE,2.0259705334692
1|0|0|1|0|1|0|0|1|1|0|1|0|1|0|1|0,1,1.95122942450071,1.96337714709844,0.00147983084329361,beta,2,1,landweber,TRUE,1.96337714709844
0|0|0|0|0|1|0|1|1|0|1|0|1|0|0|1|0,0,1.83053730451109,2.28481282263868,0.00447759699610509,beta,2,1,landweber,FALSE,2.28481282263868
0|0|0|0|0|1|0|1|1|0|0|0|0|1|0|1|0,1,2.22140275816017,2.15117011925619,9.1637531585416e-05,beta,2,1,landweber,TRUE,2.15117011925619
1|0|0|1|0|1|0|1|1|0|0|0|0|1|0|1|0,1,2.10517091807565,2.08093843744617,4.43783915506443e-05,beta,2,1,landweber,TRUE,2.08093843744617
0|0|0|0|0|1|0|1|1|1|0|0|0|1|0|1|0,1,2.22140275816017,2.01270249706219,0.000420891043502768,beta,2,1,landweber,TRUE,2.01270249706219
1|0|0|1|0|1|0|1|1|1|0|0|0|1|0|1|0,1,2.10517091807565,1.9509185796792,0.0002621041109425,beta,2,1,landweber,TRUE,1.9509185796792
0|0|0|0|0|1|0|1|1|0|0|1|0|1|0|1|0,1,2.05127109637602,1.97002020075349,0.000500358973466633,beta,2,1,landweber,TRUE,1.97002020075349
1|0|0|1|0|1|0|1|1|0|0|1|0|1|0|1|0,1,1.95122942450071,1.91084028550983,0.000415384734976828,beta,2,1,landweber,TRUE,1.91084028550983
0|0|0|0|0|1|0|1|1|1|0|1|0|1|0|1|0,1,2.05127109637602,1.85334205872069,0.00307432199255961,beta,2,1,landweber,TRUE,1.85334205872069
1|0|0|1|0|1|0|1|1|1|0|1|0|1|0|1|0,1,1.95122942450071,1.8012805545688,0.00327028919028398,beta,2,1,landweber,TRUE,1.8012805545688
1|0|0|1|0|1|0|0|0|0|1|0|1|0|0|0|1,0,2.45567738147273,2.28342471187123,0.0237718769352928,beta,2,1,landweber,FALSE,2.28342471187123
0|0|0|0|0|1|0|0|0|0|0|0|0|1|0|0|1,1,2.49182469764127,2.22464042402045,0.00559430936665823,beta,2,1,landweber,TRUE,2.22464042402045
1|0|0|1|0|1|0|0|0|0|0|0|0|1|0|0|1,1,2.349858807576,2.14992639596083,0.00682651936307502,beta,2,1,landweber,TRUE,2.14992639596083
0|0|0|0|0|1|0|0|0|1|0|0|0|1|0|0|1,1,2.49182469764127,2.07733548210071,0.000751599975898745,beta,2,1,landweber,TRUE,2.07733548210071
1|0|0|1|0|1|0|0|0|1|0|0|0|1|0|0|1,1,2.349858807576,2.01160837407741,0.00114964419558553,beta,2,1,landweber,TRUE,2.01160837407741
0|0|0|0|0|1|0|0|0|0|0|1|0|1|0|0|1,1,2.28402541668774,2.03192910421156,0.000605842398992,beta,2,1,landweber,TRUE,2.03192910421156
1|0|0|1|0|1|0|0|0|0|0|1|0|1|0|0|1,1,2.16183424272828,1.96897219168822,0.00127936982661407,beta,2,1,landweber,TRUE,1.96897219168822
0|0|0|0|0|1|0|0|0|1|0|1|0|1|0|0|1,1,2.28402541668774,1.90780429681533,0.000107126420582815,beta,2,1,landweber,TRUE,1.90780429681533
1|0|0|1|0|1|0|0|0|1|0|1|0|1|0|0|1,1,2.16183424272828,1.8524201086287,0.000283949225328405,beta,2,1,landweber,TRUE,1.8524201086287
1|0|0|1|0|1|0|1|0|0|1|0|1|0|0|0|1,0,2.45567738147273,2.06747733011193,0.0192242372302874,beta,2,1,landweber,FALSE,2.06747733011193
0|0|0|0|0|1|0|1|0|0|0|0|0|1|0|0|1,1,2.49182469764127,2.01858401049056,0.000714626351932113,beta,2,1,landweber,TRUE,2.01858401049056
1|0|0|1|0|1|0|1|0|0|0|0|0|1|0|0|1,1,2.349858807576,1.95644126814091,0.000470232474993328,beta,2,1,landweber,TRUE,1.95644126814091
0|0|0|0|0|1|0|1|0|1|0|0|0|1|0|0|1,1,2.49182469764127,1.89606440754204,0.000106165292522552,beta,2,1,landweber,TRUE,1.89606440754204
1|0|0|1|0|1|0|1|0|1|0|0|0|1|0|0|1,1,2.349858807576,1.84139645768903,8.8685030516618e-05,beta,2,1,landweber,TRUE,1.84139645768903
0|0|0|0|0|1|0|1|0|0|0|1|0|1|0|0|1,1,2.28402541668774,1.85829804805805,0.00283238539237251,beta,2,1,landweber,TRUE,1.85829804805805
1|0|0|1|0|1|0|1|0|0|0|1|0|1|0|0|1,1,2.16183424272828,1.80593418419375,0.00322529565245802,beta,2,1,landweber,TRUE,1.80593418419375
0|0|0|0|0|1|0|1|0|1|0|1|0|1|0|0|1,1,2.28402541668774,1.75505832018434,0.000553799465356878,beta,2,1,landweber,TRUE,1.75505832018434
1|0|0|1|0|1|0|1|0|1|0|1|0|1|0|0|1,1,2.16183424272828,1.70899300385606,0.000801655343740288,beta,2,1,landweber,TRUE,1.70899300385606
1|0|0|1|0|1|0|0|1|0|1|0|1|0|0|0|1,0,2.45567738147273,2.39622422240929,0.0270632684173845,beta,2,1,landweber,FALSE,2.39622422240929
0|0|0|0|0|1|0|0|1|0|0|0|0|1|0|0|1,1,2.49182469764127,2.33227341498352,0.000795925171309036,beta,2,1,landweber,TRUE,2.33227341498352
1|0|0|1|0|1|0|0|1|0|0|0|0|1|0|0|1,1,2.349858807576,2.25099281101376,0.000897801706368077,beta,2,1,landweber,TRUE,2.25099281101376
0|0|0|0|0|1|0|0|1|1|0|0|0|1|0|0|1,1,2.49182469764127,2.17202192061338,0.00391356591261363,beta,2,1,landweber,TRUE,2.17202192061338
1|0|0|1|0|1|0|0|1|1|0|0|0|1|0|0|1,1,2.349858807576,2.10051809226863,0.00553356079698374,beta,2,1,landweber,TRUE,2.10051809226863
0|0|0|0|0|1|0|0|1|0|0|1|0|1|0|0|1,1,2.28402541668774,2.12262480049071,8.61956648443329e-05,beta,2,1,landweber,TRUE,2.12262480049071
1|0|0|1|0|1|0|0|1|0|0|1|0|1|0|0|1,1,2.16183424272828,2.05413463864473,0.000168258573999348,beta,2,1,landweber,TRUE,2.05413463864473
0|0|0|0|0|1|0|0|1|1|0|1|0|1|0|0|1,1,2.28402541668774,1.98759073025233,0.000557805110932701,beta,2,1,landweber,TRUE,1.98759073025233
1|0|0|1|0|1|0|0|1|1|0|1|0|1|0|0|1,1,2.16183424272828,1.92733885542914,0.00136672746893738,beta,2,1,landweber,TRUE,1.92733885542914
1|0|0|1|0|1|0|1|1|0|1|0|1|0|0|0|1,0,2.45567738147273,2.16129734092623,0.0208522659592542,beta,2,1,landweber,FALSE,2.16129734092623
0|0|0|0|0|1|0|1|1|0|0|0|0|1|0|0|1,1,2.49182469764127,2.10810681363006,7.92254973341505e-05,beta,2,1,landweber,TRUE,2.10810681363006
1|0|0|1|0|1|0|1|1|0|0|0|0|1|0|0|1,1,2.349858807576,2.04050237893828,4.84084078839255e-05,beta,2,1,landweber,TRUE,2.04050237893828
0|0|0|0|0|1|0|1|1|1|0|0|0|1|0|0|1,1,2.49182469764127,1.97481902839857,0.00043075332938226,beta,2,1,landweber,TRUE,1.97481902839857
1|0|0|1|0|1|0|1|1|1|0|0|0|1|0|0|1,1,2.349858807576,1.91534634171253,0.000334132434525585,beta,2,1,landweber,TRUE,1.91534634171253
0|0|0|0|0|1|0|1|1|0|0|1|0|1|0|0|1,1,2.28402541668774,1.93373340380678,0.000314006250603549,beta,2,1,landweber,TRUE,1.93373340380678
1|0|0|1|0|1|0|1|1|0|0|1|0|1|0|0|1,1,2.16183424272828,1.87676730799296,0.000332030295212288,beta,2,1,landweber,TRUE,1.87676730799296
0|0|0|0|0|1|0|1|1|1|0|1|0|1|0|0|1,1,2.28402541668774,1.82141999154433,0.00224697693421715,beta,2,1,landweber,TRUE,1.82141999154433
1|0|0|1|0|1|0|1|1|1|0|1|0|1|0|0|1,1,2.16183424272828,1.77130601923604,0.0030203412018243,beta,2,1,landweber,TRUE,1.77130601923604
1|0|0|1|0|1|0|0|0|0|1|0|1|0|0|1|1,0,2.45567738147273,3.52807891631941,0.0038037502158215,beta,2,1,landweber,FALSE,3.52807891631941
0|0|0|0|0|1|0|0|0|0|0|0|0|1|0|1|1,1,3.33964685192599,3.4122861336561,0.00471910206753389,beta,2,1,landweber,TRUE,3.4122861336561
1|0|0|1|0|1|0|0|0|0|0|0|0|1|0|1|1,1,3.11700001661268,3.26511508626725,0.00572509049605818,beta,2,1,landweber,TRUE,3.26511508626725
0|0|0|0|0|1|0|0|0|1|0|0|0|1|0|1|1,1,3.33964685192599,3.12212613089755,0.00073666848632591,beta,2,1,landweber,TRUE,3.12212613089755
1|0|0|1|0|1|0|0|0|1|0|0|0|1|0|1|1,1,3.11700001661268,2.99265744100293,0.00113623191298732,beta,2,1,landweber,TRUE,2.99265744100293
0|0|0|0|0|1|0|0|0|0|0|1|0|1|0|1|1,1,3.01375270747048,3.03268503977143,0.000640610494039707,beta,2,1,landweber,TRUE,3.03268503977143
1|0|0|1|0|1|0|0|0|0|0|1|0|1|0|1|1,1,2.82211880039051,2.90867305705468,0.00133449796837521,beta,2,1,landweber,TRUE,2.90867305705468
0|0|0|0|0|1|0|0|0|1|0|1|0|1|0|1|1,1,3.01375270747048,2.78818506585937,0.000130891106123724,beta,2,1,landweber,TRUE,2.78818506585937
1|0|0|1|0|1|0|0|0|1|0|1|0|1|0|1|1,1,2.82211880039051,2.67908977015796,0.000345828331483746,beta,2,1,landweber,TRUE,2.67908977015796
1|0|0|1|0|1|0|1|0|0|1|0|1|0|0|1|1,0,2.45567738147273,3.10270762822562,0.00307608005513212,beta,2,1,landweber,FALSE,3.10270762822562
0|0|0|0|0|1|0|1|0|0|0|0|0|1|0|1|1,1,3.33964685192599,3.00639798938171,0.000602825920750167,beta,2,1,landweber,TRUE,3.00639798938171
1|0|0|1|0|1|0|1|0|0|0|0|0|1|0|1|1,1,3.11700001661268,2.88398975204353,0.000394362533868145,beta,2,1,landweber,TRUE,2.88398975204353
0|0|0|0|0|1|0|1|0|1|0|0|0|1|0|1|1,1,3.33964685192599,2.76505993333138,0.000104056183942018,beta,2,1,landweber,TRUE,2.76505993333138
1|0|0|1|0|1|0|1|0|1|0|0|0|1|0|1|1,1,3.11700001661268,2.65737547771551,8.76503898024846e-05,beta,2,1,landweber,TRUE,2.65737547771551
0|0|0|0|0|1|0|1|0|0|0|1|0|1|0|1|1,1,3.01375270747048,2.69066808449561,0.00299493037882045,beta,2,1,landweber,TRUE,2.69066808449561
1|0|0|1|0|1|0|1|0|0|0|1|0|1|0|1|1,1,2.82211880039051,2.58752219756677,0.00336427388396819,beta,2,1,landweber,TRUE,2.58752219756677
0|0|0|0|0|1|0|1|0|1|0|1|0|1|0|1|1,1,3.01375270747048,2.48730735990465,0.000676653100112234,beta,2,1,landweber,TRUE,2.48730735990465
1|0|0|1|0|1|0|1|0|1|0|1|0|1|0|1|1,1,2.82211880039051,2.39656829753042,0.000976354591670722,beta,2,1,landweber,TRUE,2.39656829753042
1|0|0|1|0|1|0|0|1|0|1|0|1|0|0|1|1,0,2.45567738147273,3.75027041826317,0.00433040745430704,beta,2,1,landweber,FALSE,3.75027041826317
0|0|0|0|0|1|0|0|1|0|0|0|0|1|0|1|1,1,3.33964685192599,3.62430066994893,0.00067140586538038,beta,2,1,landweber,TRUE,3.62430066994893
1|0|0|1|0|1|0|0|1|0|0|0|0|1|0|1|1,1,3.11700001661268,3.46419483802829,0.000752945350785231,beta,2,1,landweber,TRUE,3.46419483802829
0|0|0|0|0|1|0|0|1|1|0|0|0|1|0|1|1,1,3.33964685192599,3.30863865995448,0.00383581794761813,beta,2,1,landweber,TRUE,3.30863865995448
1|0|0|1|0|1|0|0|1|1|0|0|0|1|0|1|1,1,3.11700001661268,3.16779103624703,0.00546900370926171,beta,2,1,landweber,TRUE,3.16779103624703
0|0|0|0|0|1|0|0|1|0|0|1|0|1|0|1|1,1,3.01375270747048,3.21133663923295,9.1142263288077e-05,beta,2,1,landweber,TRUE,3.21133663923295
1|0|0|1|0|1|0|0|1|0|0|1|0|1|0|1|1,1,2.82211880039051,3.0764253097747,0.000175508848569691,beta,2,1,landweber,TRUE,3.0764253097747
0|0|0|0|0|1|0|0|1|1|0|1|0|1|0|1|1,1,3.01375270747048,2.94534769356529,0.000681547349143487,beta,2,1,landweber,TRUE,2.94534769356529
1|0|0|1|0|1|0|0|1|1|0|1|0|1|0|1|1,1,2.82211880039051,2.82666407075494,0.00166456900746591,beta,2,1,landweber,TRUE,2.82666407075494
1|0|0|1|0|1|0|1|1|0|1|0|1|0|0|1|1,0,2.45567738147273,3.28751347548305,0.00333658176671457,beta,2,1,landweber,FALSE,3.28751347548305
0|0|0|0|0|1|0|1|1|0|0|0|0|1|0|1|1,1,3.33964685192599,3.18273923406355,6.68309855188298e-05,beta,2,1,landweber,TRUE,3.18273923406355
1|0|0|1|0|1|0|1|1|0|0|0|0|1|0|1|1,1,3.11700001661268,3.04957260230623,4.05979242371518e-05,beta,2,1,landweber,TRUE,3.04957260230623
0|0|0|0|0|1|0|1|1|1|0|0|0|1|0|1|1,1,3.33964685192599,2.92019010552498,0.000422195866566426,beta,2,1,landweber,TRUE,2.92019010552498
1|0|0|1|0|1|0|1|1|1|0|0|0|1|0|1|1,1,3.11700001661268,2.80304132077966,0.000330234290513469,beta,2,1,landweber,TRUE,2.80304132077966
0|0|0|0|0|1|0|1|1|0|0|1|0|1|0|1|1,1,3.01375270747048,2.8392599969385,0.000332026447249942,beta,2,1,landweber,TRUE,2.8392599969385
1|0|0|1|0|1|0|1|1|0|0|1|0|1|0|1|1,1,2.82211880039051,2.7270486732513,0.000346337505529963,beta,2,1,landweber,TRUE,2.7270486732513
0|0|0|0|0|1|0|1|1|1|0|1|0|1|0|1|1,1,3.01375270747048,2.61802600718103,0.00274544127166849,beta,2,1,landweber,TRUE,2.61802600718103
1|0|0|1|0|1|0|1|1|1|0|1|0|1|0|1|1,1,2.82211880039051,2.51931193721359,0.00367854343370882,beta,2,1,landweber,TRUE,2.51931193721359
0|0|0|0|0|1|0|0|0|0|1|0|1|0|0|0|0,0,1.83053730451109,1.79151733146571,0.0340252866918418,beta,2,1,pmmr,FALSE,1.79151733146571
0|0|0|0|0|1|0|0|0|0|0|0|0|1|0|0|0,1,1.77880078307141,1.98601835134588,0.00960943512698398,beta,2,1,pmmr,TRUE,1.98601835134588
1|0|0|1|0|1|0|0|0|0|0|0|0|1|0|0|0,1,1.70468808971871,2.12630402228459,0.00943156116480374,beta,2,1,pmmr,TRUE,2.12630402228459
0|0|0|0|0|1|0|0|0|1|0|0|0|1|0|0|0,1,1.77880078307141,2.02234329901662,0.000943137903452683,beta,2,1,pmmr,TRUE,2.02234329901662
1|0|0|1|0|1|0|0|0|1|0|0|0|1|0|0|0,1,1.70468808971871,2.12632360566652,0.00116348397246529,beta,2,1,pmmr,TRUE,2.12632360566652
0|0|0|0|0|1|0|0|0|0|0|1|0|1|0|0|0,1,1.67032004603564,1.97319732584888,0.0011513122038543,beta,2,1,pmmr,TRUE,1.97319732584888
1|0|0|1|0|1|0|0|0|0|0|1|0|1|0|0|0,1,1.60653065971263,2.07034788344651,0.00194980983159324,beta,2,1,pmmr,TRUE,2.07034788344651
0|0|0|0|0|1|0|0|0|1|0|1|0|1|0|0|0,1,1.67032004603564,2.0114527478647,0.000151207584178117,beta,2,1,pmmr,TRUE,2.0114527478647
1|0|0|1|0|1|0|0|0|1|0|1|0|1|0|0|0,1,1.60653065971263,2.082339814216,0.000322217611364569,beta,2,1,pmmr,TRUE,2.082339814216
0|0|0|0|0|1|0|1|0|0|1|0|1|0|0|0|0,0,1.83053730451109,1.73300284357439,0.0348148067293662,beta,2,1,pmmr,FALSE,1.73300284357439
0|0|0|0|0|1|0|1|0|0|0|0|0|1|0|0|0,1,1.77880078307141,1.92178362632131,0.00122752517224963,beta,2,1,pmmr,TRUE,1.92178362632131
1|0|0|1|0|1|0|1|0|0|0|0|0|1|0|0|0,1,1.70468808971871,2.05770570516771,0.000649676081425316,beta,2,1,pmmr,TRUE,2.05770570516771
0|0|0|0|0|1|0|1|0|1|0|0|0|1|0|0|0,1,1.77880078307141,1.96480588862753,0.000133220482463999,beta,2,1,pmmr,TRUE,1.96480588862753
1|0|0|1|0|1|0|1|0|1|0|0|0|1|0|0|0,1,1.70468808971871,2.06939055425365,8.97526486889509e-05,beta,2,1,pmmr,TRUE,2.06939055425365
0|0|0|0|0|1|0|1|0|0|0|1|0|1|0|0|0,1,1.67032004603564,1.92478249145489,0.0053825217146946,beta,2,1,pmmr,TRUE,1.92478249145489
1|0|0|1|0|1|0|1|0|0|0|1|0|1|0|0|0,1,1.60653065971263,2.02085795720599,0.00491547716863156,beta,2,1,pmmr,TRUE,2.02085795720599
0|0|0|0|0|1|0|1|0|1|0|1|0|1|0|0|0,1,1.67032004603564,1.96854590451545,0.000781680922597538,beta,2,1,pmmr,TRUE,1.96854590451545
1|0|0|1|0|1|0|1|0|1|0|1|0|1|0|0|0,1,1.60653065971263,2.04175354272958,0.000909695984198899,beta,2,1,pmmr,TRUE,2.04175354272958
0|0|0|0|0|1|0|0|1|0|1|0|1|0|0|0|0,0,1.83053730451109,1.82844023383525,0.0344639163118675,beta,2,1,pmmr,FALSE,1.82844023383525
0|0|0|0|0|1|0|0|1|0|0|0|0|1|0|0|0,1,1.77880078307141,2.01401432071395,0.00136717346116248,beta,2,1,pmmr,TRUE,2.01401432071395
1|0|0|1|0|1|0|0|1|0|0|0|0|1|0|0|0,1,1.70468808971871,2.16186008683333,0.00124040836290273,beta,2,1,pmmr,TRUE,2.16186008683333
0|0|0|0|0|1|0|0|1|1|0|0|0|1|0|0|0,1,1.77880078307141,2.04738296151315,0.00491090003752682,beta,2,1,pmmr,TRUE,2.04738296151315
1|0|0|1|0|1|0|0|1|1|0|0|0|1|0|0|0,1,1.70468808971871,2.15438589917202,0.00560017553489559,beta,2,1,pmmr,TRUE,2.15438589917202
0|0|0|0|0|1|0|0|1|0|0|1|0|1|0|0|0,1,1.67032004603564,1.99814985912331,0.000163801874909593,beta,2,1,pmmr,TRUE,1.99814985912331
1|0|0|1|0|1|0|0|1|0|0|1|0|1|0|0|0,1,1.60653065971263,2.10247107043945,0.000256432670998698,beta,2,1,pmmr,TRUE,2.10247107043945
0|0|0|0|0|1|0|0|1|1|0|1|0|1|0|0|0,1,1.67032004603564,2.03335641270084,0.000787334840532057,beta,2,1,pmmr,TRUE,2.03335641270084
1|0|0|1|0|1|0|0|1|1|0|1|0|1|0|0|0,1,1.60653065971263,2.10760782691188,0.00155092397212218,beta,2,1,pmmr,TRUE,2.10760782691188
0|0|0|0|0|1|0|1|1|0|1|0|1|0|0|0|0,0,1.83053730451109,1.76942393528671,0.03382790207843,beta,2,1,pmmr,FALSE,1.76942393528671
0|0|0|0|0|1|0|1|1|0|0|0|0|1|0|0|0,1,1.77880078307141,1.94981598224204,0.000136086910311564,beta,2,1,pmmr,TRUE,1.94981598224204
1|0|0|1|0|1|0|1|1|0|0|0|0|1|0|0|0,1,1.70468808971871,2.09266164712232,6.68813542546445e-05,beta,2,1,pmmr,TRUE,2.09266164712232
0|0|0|0|0|1|0|1|1|1|0|0|0|1|0|0|0,1,1.77880078307141,1.98984584660676,0.00054052661655963,beta,2,1,pmmr,TRUE,1.98984584660676
1|0|0|1|0|1|0|1|1|1|0|0|0|1|0|0|0,1,1.70468808971871,2.09725271771089,0.000338154825418245,beta,2,1,pmmr,TRUE,2.09725271771089
0|0|0|0|0|1|0|1|1|0|0|1|0|1|0|0|0,1,1.67032004603564,1.94954694213989,0.000596721571497624,beta,2,1,pmmr,TRUE,1.94954694213989
1|0|0|1|0|1|0|1|1|0|0|1|0|1|0|0|0,1,1.60653065971263,2.05220492386866,0.000506027202239947,beta,2,1,pmmr,TRUE,2.05220492386866
0|0|0|0|0|1|0|1|1|1|0|1|0|1|0|0|0,1,1.67032004603564,1.99019919504235,0.003171579448641,beta,2,1,pmmr,TRUE,1.99019919504235
1|0|0|1|0|1|0|1|1|1|0|1|0|1|0|0|0,1,1.60653065971263,2.06652432627182,0.003427398424603,beta,2,1,pmmr,TRUE,2.06652432627182
0|0|0|0|0|1|0|0|0|0|1|0|1|0|0|1|0,0,1.83053730451109,2.01068845408716,0.0045037236163738,beta,2,1,pmmr,FALSE,2.01068845408716
0|0|0|0|0|1|0|0|0|0|0|0|0|1|0|1|0,1,2.22140275816017,2.31851914910482,0.00647075396855543,beta,2,1,pmmr,TRUE,2.31851914910482
1|0|0|1|0|1|0|0|0|0|0|0|0|1|0|1|0,1,2.10517091807565,2.48255653887869,0.00625820931663394,beta,2,1,pmmr,TRUE,2.48255653887869
0|0|0|0|0|1|0|0|0|1|0|0|0|1|0|1|0,1,2.22140275816017,2.35032673857781,0.000734391765715058,beta,2,1,pmmr,TRUE,2.35032673857781
1|0|0|1|0|1|0|0|0|1|0|0|0|1|0|1|0,1,2.10517091807565,2.46522410972638,0.000901817479084268,beta,2,1,pmmr,TRUE,2.46522410972638
0|0|0|0|0|1|0|0|0|0|0|1|0|1|0|1|0,1,2.05127109637602,2.2699442058322,0.000965390594166642,beta,2,1,pmmr,TRUE,2.2699442058322
1|0|0|1|0|1|0|0|0|0|0|1|0|1|0|1|0,1,1.95122942450071,2.37957138512557,0.00160054881746757,beta,2,1,pmmr,TRUE,2.37957138512557
0|0|0|0|0|1|0|0|0|1|0|1|0|1|0|1|0,1,2.05127109637602,2.30387307734598,0.000146570757254649,beta,2,1,pmmr,TRUE,2.30387307734598
1|0|0|1|0|1|0|0|0|1|0|1|0|1|0|1|0,1,1.95122942450071,2.37874442122787,0.000307447410782635,beta,2,1,pmmr,TRUE,2.37874442122787
0|0|0|0|0|1|0|1|0|0|1|0|1|0|0|1|0,0,1.83053730451109,1.93178250290171,0.00460822765981663,beta,2,1,pmmr,FALSE,1.93178250290171
0|0|0|0|0|1|0|1|0|0|0|0|0|1|0|1|0,1,2.22140275816017,2.22127780563403,0.000826584838221285,beta,2,1,pmmr,TRUE,2.22127780563403
1|0|0|1|0|1|0|1|0|0|0|0|0|1|0|1|0,1,2.10517091807565,2.37986325057587,0.000431085462366796,beta,2,1,pmmr,TRUE,2.37986325057587
0|0|0|0|0|1|0|1|0|1|0|0|0|1|0|1|0,1,2.22140275816017,2.26174299313182,0.000103734591715575,beta,2,1,pmmr,TRUE,2.26174299313182
1|0|0|1|0|1|0|1|0|1|0|0|0|1|0|1|0,1,2.10517091807565,2.3780685380502,6.9567359153476e-05,beta,2,1,pmmr,TRUE,2.3780685380502
0|0|0|0|0|1|0|1|0|0|0|1|0|1|0|1|0,1,2.05127109637602,2.1979873882316,0.00451331603961828,beta,2,1,pmmr,TRUE,2.1979873882316
1|0|0|1|0|1|0|1|0|0|0|1|0|1|0|1|0,1,1.95122942450071,2.30647086086514,0.00403498897280325,beta,2,1,pmmr,TRUE,2.30647086086514
0|0|0|0|0|1|0|1|0|1|0|1|0|1|0|1|0,1,2.05127109637602,2.23872258907746,0.00075771043747166,beta,2,1,pmmr,TRUE,2.23872258907746
1|0|0|1|0|1|0|1|0|1|0|1|0|1|0|1|0,1,1.95122942450071,2.31706504258943,0.000867996239426118,beta,2,1,pmmr,TRUE,2.31706504258943
0|0|0|0|0|1|0|0|1|0|1|0|1|0|0|1|0,0,1.83053730451109,2.0453494504952,0.00456178239473009,beta,2,1,pmmr,FALSE,2.0453494504952
0|0|0|0|0|1|0|0|1|0|0|0|0|1|0|1|0,1,2.22140275816017,2.3399630641161,0.000920620513340971,beta,2,1,pmmr,TRUE,2.3399630641161
1|0|0|1|0|1|0|0|1|0|0|0|0|1|0|1|0,1,2.10517091807565,2.50886356871668,0.00082305941057957,beta,2,1,pmmr,TRUE,2.50886356871668
0|0|0|0|0|1|0|0|1|1|0|0|0|1|0|1|0,1,2.22140275816017,2.37220152299602,0.0038239631093253,beta,2,1,pmmr,TRUE,2.37220152299602
1|0|0|1|0|1|0|0|1|1|0|0|0|1|0|1|0,1,2.10517091807565,2.48715703246274,0.00434070112079658,beta,2,1,pmmr,TRUE,2.48715703246274
0|0|0|0|0|1|0|0|1|0|0|1|0|1|0|1|0,1,2.05127109637602,2.28751201567971,0.000137350050503412,beta,2,1,pmmr,TRUE,2.28751201567971
1|0|0|1|0|1|0|0|1|0|0|1|0|1|0|1|0,1,1.95122942450071,2.40251563163289,0.000210498994146338,beta,2,1,pmmr,TRUE,2.40251563163289
0|0|0|0|0|1|0|0|1|1|0|1|0|1|0|1|0,1,2.05127109637602,2.32118558270384,0.000763190976279434,beta,2,1,pmmr,TRUE,2.32118558270384
1|0|0|1|0|1|0|0|1|1|0|1|0|1|0|1|0,1,1.95122942450071,2.39727573089412,0.00147983084329361,beta,2,1,pmmr,TRUE,2.39727573089412
0|0|0|0|0|1|0|1|1|0|1|0|1|0|0|1|0,0,1.83053730451109,1.96618933130065,0.00447759699610509,beta,2,1,pmmr,FALSE,1.96618933130065
0|0|0|0|0|1|0|1|1|0|0|0|0|1|0|1|0,1,2.22140275816017,2.24326661384497,9.1637531585416e-05,beta,2,1,pmmr,TRUE,2.24326661384497
1|0|0|1|0|1|0|1|1|0|0|0|0|1|0|1|0,1,2.10517091807565,2.40646636270882,4.43783915506443e-05,beta,2,1,pmmr,TRUE,2.40646636270882
0|0|0|0|0|1|0|1|1|1|0|0|0|1|0|1|0,1,2.22140275816017,2.28346160937695,0.000420891043502768,beta,2,1,pmmr,TRUE,2.28346160937695
1|0|0|1|0|1|0|1|1|1|0|0|0|1|0|1|0,1,2.10517091807565,2.40005914404519,0.0002621041109425,beta,2,1,pmmr,TRUE,2.40005914404519
0|0|0|0|0|1|0|1|1|0|0|1|0|1|0|1|0,1,2.05127109637602,2.21558331818026,0.000500358973466633,beta,2,1,pmmr,TRUE,2.21558331818026
1|0|0|1|0|1|0|1|1|0|0|1|0|1|0|1|0,1,1.95122942450071,2.32911419899635,0.000415384734976828,beta,2,1,pmmr,TRUE,2.32911419899635
0|0|0|0|0|1|0|1|1|1|0|1|0|1|0|1|0,1,2.05127109637602,2.25550429236996,0.00307432199255961,beta,2,1,pmmr,TRUE,2.25550429236996
1|0|0|1|0|1|0|1|1|1|0|1|0|1|0|1|0,1,1.95122942450071,2.33510898162126,0.00327028919028398,beta,2,1,pmmr,TRUE,2.33510898162126
1|0|0|1|0|1|0|0|0|0|1|0|1|0|0|0|1,0,2.45567738147273,2.30561201928791,0.0237718769352928,beta,2,1,pmmr,FALSE,2.30561201928791
0|0|0|0|0|1|0|0|0|0|0|0|0|1|0|0|1,1,2.49182469764127,2.27478411863055,0.00559430936665823,beta,2,1,pmmr,TRUE,2.27478411863055
1|0|0|1|0|1|0|0|0|0|0|0|0|1|0|0|1,1,2.349858807576,2.45325339121903,0.00682651936307502,beta,2,1,pmmr,TRUE,2.45325339121903
0|0|0|0|0|1|0|0|0|1|0|0|0|1|0|0|1,1,2.49182469764127,2.29269764851932,0.000751599975898745,beta,2,1,pmmr,TRUE,2.29269764851932
1|0|0|1|0|1|0|0|0|1|0|0|0|1|0|0|1,1,2.349858807576,2.42192912350233,0.00114964419558553,beta,2,1,pmmr,TRUE,2.42192912350233
0|0|0|0|0|1|0|0|0|0|0|1|0|1|0|0|1,1,2.28402541668774,2.21180727096818,0.000605842398992,beta,2,1,pmmr,TRUE,2.21180727096818
1|0|0|1|0|1|0|0|0|0|0|1|0|1|0|0|1,1,2.16183424272828,2.33200362031891,0.00127936982661407,beta,2,1,pmmr,TRUE,2.33200362031891
0|0|0|0|0|1|0|0|0|1|0|1|0|1|0|0|1,1,2.28402541668774,2.23648885485878,0.000107126420582815,beta,2,1,pmmr,TRUE,2.23648885485878
1|0|0|1|0|1|0|0|0|1|0|1|0|1|0|0|1,1,2.16183424272828,2.32277702417195,0.000283949225328405,beta,2,1,pmmr,TRUE,2.32277702417195
1|0|0|1|0|1|0|1|0|0|1|0|1|0|0|0|1,0,2.45567738147273,2.19875245546527,0.0192242372302874,beta,2,1,pmmr,FALSE,2.19875245546527
0|0|0|0|0|1|0|1|0|0|0|0|0|1|0|0|1,1,2.49182469764127,2.17456460902604,0.000714626351932113,beta,2,1,pmmr,TRUE,2.17456460902604
1|0|0|1|0|1|0|1|0|0|0|0|0|1|0|0|1,1,2.349858807576,2.34431146360777,0.000470232474993328,beta,2,1,pmmr,TRUE,2.34431146360777
0|0|0|0|0|1|0|1|0|1|0|0|0|1|0|0|1,1,2.49182469764127,2.20379177880483,0.000106165292522552,beta,2,1,pmmr,TRUE,2.20379177880483
1|0|0|1|0|1|0|1|0|1|0|0|0|1|0|0|1,1,2.349858807576,2.33158439420936,8.8685030516618e-05,beta,2,1,pmmr,TRUE,2.33158439420936
0|0|0|0|0|1|0|1|0|0|0|1|0|1|0|0|1,1,2.28402541668774,2.13629988572425,0.00283238539237251,beta,2,1,pmmr,TRUE,2.13629988572425
1|0|0|1|0|1|0|1|0|0|0|1|0|1|0|0|1,1,2.16183424272828,2.25297096324942,0.00322529565245802,beta,2,1,pmmr,TRUE,2.25297096324942
0|0|0|0|0|1|0|1|0|1|0|1|0|1|0|0|1,1,2.28402541668774,2.16976394010111,0.000553799465356878,beta,2,1,pmmr,TRUE,2.16976394010111
1|0|0|1|0|1|0|1|0|1|0|1|0|1|0|0|1,1,2.16183424272828,2.25732487363775,0.000801655343740288,beta,2,1,pmmr,TRUE,2.25732487363775
1|0|0|1|0|1|0|0|1|0|1|0|1|0|0|0|1,0,2.45567738147273,2.36932923610956,0.0270632684173845,beta,2,1,pmmr,FALSE,2.36932923610956
0|0|0|0|0|1|0|0|1|0|0|0|0|1|0|0|1,1,2.49182469764127,2.30532205886861,0.000795925171309036,beta,2,1,pmmr,TRUE,2.30532205886861
1|0|0|1|0|1|0|0|1|0|0|0|0|1|0|0|1,1,2.349858807576,2.49323480269619,0.000897801706368077,beta,2,1,pmmr,TRUE,2.49323480269619
0|0|0|0|0|1|0|0|1|1|0|0|0|1|0|0|1,1,2.49182469764127,2.32058296248607,0.00391356591261363,beta,2,1,pmmr,TRUE,2.32058296248607
1|0|0|1|0|1|0|0|1|1|0|0|0|1|0|0|1,1,2.349858807576,2.45361987967928,0.00553356079698374,beta,2,1,pmmr,TRUE,2.45361987967928
0|0|0|0|0|1|0|0|1|0|0|1|0|1|0|0|1,1,2.28402541668774,2.23841200961198,8.61956648443329e-05,beta,2,1,pmmr,TRUE,2.23841200961198
1|0|0|1|0|1|0|0|1|0|0|1|0|1|0|0|1,1,2.16183424272828,2.36737072268317,0.000168258573999348,beta,2,1,pmmr,TRUE,2.36737072268317
0|0|0|0|0|1|0|0|1|1|0|1|0|1|0|0|1,1,2.28402541668774,2.260242655775,0.000557805110932701,beta,2,1,pmmr,TRUE,2.260242655775
1|0|0|1|0|1|0|0|1|1|0|1|0|1|0|0|1,1,2.16183424272828,2.35063096418416,0.00136672746893738,beta,2,1,pmmr,TRUE,2.35063096418416
1|0|0|1|0|1|0|1|1|0|1|0|1|0|0|0|1,0,2.45567738147273,2.25944564041707,0.0208522659592542,beta,2,1,pmmr,FALSE,2.25944564041707
0|0|0|0|0|1|0|1|1|0|0|0|0|1|0|0|1,1,2.49182469764127,2.20521849489936,7.92254973341505e-05,beta,2,1,pmmr,TRUE,2.20521849489936
1|0|0|1|0|1|0|1|1|0|0|0|0|1|0|0|1,1,2.349858807576,2.38352230174594,4.84084078839255e-05,beta,2,1,pmmr,TRUE,2.38352230174594
0|0|0|0|0|1|0|1|1|1|0|0|0|1|0|0|1,1,2.49182469764127,2.23152784737512,0.00043075332938226,beta,2,1,pmmr,TRUE,2.23152784737512
1|0|0|1|0|1|0|1|1|1|0|0|0|1|0|0|1,1,2.349858807576,2.36284506222633,0.000334132434525585,beta,2,1,pmmr,TRUE,2.36284506222633
0|0|0|0|0|1|0|1|1|0|0|1|0|1|0|0|1,1,2.28402541668774,2.16274801574172,0.000314006250603549,beta,2,1,pmmr,TRUE,2.16274801574172
1|0|0|1|0|1|0|1|1|0|0|1|0|1|0|0|1,1,2.16183424272828,2.28739652127465,0.000332030295212288,beta,2,1,pmmr,TRUE,2.28739652127465
0|0|0|0|0|1|0|1|1|1|0|1|0|1|0|0|1,1,2.28402541668774,2.1931339050317,0.00224697693421715,beta,2,1,pmmr,TRUE,2.1931339050317
1|0|0|1|0|1|0|1|1|1|0|1|0|1|0|0|1,1,2.16183424272828,2.28447448189185,0.0030203412018243,beta,2,1,pmmr,TRUE,2.28447448189185
1|0|0|1|0|1|0|0|0|0|1|0|1|0|0|1|1,0,2.45567738147273,2.6062851079106,0.0038037502158215,beta,2,1,pmmr,FALSE,2.6062851079106
0|0|0|0|0|1|0|0|0|0|0|0|0|1|0|1|1,1,3.33964685192599,2.68223061143898,0.00471910206753389,beta,2,1,pmmr,TRUE,2.68223061143898
1|0|0|1|0|1|0|0|0|0|0|0|0|1|0|1|1,1,3.11700001661268,2.89173947161746,0.00572509049605818,beta,2,1,pmmr,TRUE,2.89173947161746
0|0|0|0|0|1|0|0|0|1|0|0|0|1|0|1|1,1,3.33964685192599,2.69057346543455,0.00073666848632591,beta,2,1,pmmr,TRUE,2.69057346543455
1|0|0|1|0|1|0|0|0|1|0|0|0|1|0|1|1,1,3.11700001661268,2.83422994714606,0.00113623191298732,beta,2,1,pmmr,TRUE,2.83422994714606
0|0|0|0|0|1|0|0|0|0|0|1|0|1|0|1|1,1,3.01375270747048,2.56285248156753,0.000640610494039707,beta,2,1,pmmr,TRUE,2.56285248156753
1|0|0|1|0|1|0|0|0|0|0|1|0|1|0|1|1,1,2.82211880039051,2.70003094469038,0.00133449796837521,beta,2,1,pmmr,TRUE,2.70003094469038
0|0|0|0|0|1|0|0|0|1|0|1|0|1|0|1|1,1,3.01375270747048,2.58005682404567,0.000130891106123724,beta,2,1,pmmr,TRUE,2.58005682404567
1|0|0|1|0|1|0|0|0|1|0|1|0|1|0|1|1,1,2.82211880039051,2.67260114232798,0.000345828331483746,beta,2,1,pmmr,TRUE,2.67260114232798
1|0|0|1|0|1|0|1|0|0|1|0|1|0|0|1|1,0,2.45567738147273,2.47016772890902,0.00307608005513212,beta,2,1,pmmr,FALSE,2.47016772890902
0|0|0|0|0|1|0|1|0|0|0|0|0|1|0|1|1,1,3.33964685192599,2.53670028943365,0.000602825920750167,beta,2,1,pmmr,TRUE,2.53670028943365
1|0|0|1|0|1|0|1|0|0|0|0|0|1|0|1|1,1,3.11700001661268,2.7355235243294,0.000394362533868145,beta,2,1,pmmr,TRUE,2.7355235243294
0|0|0|0|0|1|0|1|0|1|0|0|0|1|0|1|1,1,3.33964685192599,2.55947291271756,0.000104056183942018,beta,2,1,pmmr,TRUE,2.55947291271756
1|0|0|1|0|1|0|1|0|1|0|0|0|1|0|1|1,1,3.11700001661268,2.7024259622851,8.76503898024846e-05,beta,2,1,pmmr,TRUE,2.7024259622851
0|0|0|0|0|1|0|1|0|0|0|1|0|1|0|1|1,1,3.01375270747048,2.45567741822601,0.00299493037882045,beta,2,1,pmmr,TRUE,2.45567741822601
1|0|0|1|0|1|0|1|0|0|0|1|0|1|0|1|1,1,2.82211880039051,2.58887773179854,0.00336427388396819,beta,2,1,pmmr,TRUE,2.58887773179854
0|0|0|0|0|1|0|1|0|1|0|1|0|1|0|1|1,1,3.01375270747048,2.48366531020759,0.000676653100112234,beta,2,1,pmmr,TRUE,2.48366531020759
1|0|0|1|0|1|0|1|0|1|0|1|0|1|0|1|1,1,2.82211880039051,2.57870661763052,0.000976354591670722,beta,2,1,pmmr,TRUE,2.57870661763052
1|0|0|1|0|1|0|0|1|0|1|0|1|0|0|1|1,0,2.45567738147273,2.66424677879513,0.00433040745430704,beta,2,1,pmmr,FALSE,2.66424677879513
0|0|0|0|0|1|0|0|1|0|0|0|0|1|0|1|1,1,3.33964685192599,2.70452194700343,0.00067140586538038,beta,2,1,pmmr,TRUE,2.70452194700343
1|0|0|1|0|1|0|0|1|0|0|0|0|1|0|1|1,1,3.11700001661268,2.9194921058921,0.000752945350785231,beta,2,1,pmmr,TRUE,2.9194921058921
0|0|0|0|0|1|0|0|1|1|0|0|0|1|0|1|1,1,3.33964685192599,2.71524700612844,0.00383581794761813,beta,2,1,pmmr,TRUE,2.71524700612844
1|0|0|1|0|1|0|0|1|1|0|0|0|1|0|1|1,1,3.11700001661268,2.85850346939514,0.00546900370926171,beta,2,1,pmmr,TRUE,2.85850346939514
0|0|0|0|0|1|0|0|1|0|0|1|0|1|0|1|1,1,3.01375270747048,2.58066696300354,9.1142263288077e-05,beta,2,1,pmmr,TRUE,2.58066696300354
1|0|0|1|0|1|0|0|1|0|0|1|0|1|0|1|1,1,2.82211880039051,2.72389259720733,0.000175508848569691,beta,2,1,pmmr,TRUE,2.72389259720733
0|0|0|0|0|1|0|0|1|1|0|1|0|1|0|1|1,1,3.01375270747048,2.59898861785536,0.000681547349143487,beta,2,1,pmmr,TRUE,2.59898861785536
1|0|0|1|0|1|0|0|1|1|0|1|0|1|0|1|1,1,2.82211880039051,2.69255697838093,0.00166456900746591,beta,2,1,pmmr,TRUE,2.69255697838093
1|0|0|1|0|1|0|1|1|0|1|0|1|0|0|1|1,0,2.45567738147273,2.52593356358774,0.00333658176671457,beta,2,1,pmmr,FALSE,2.52593356358774
0|0|0|0|0|1|0|1|1|0|0|0|0|1|0|1|1,1,3.33964685192599,2.55992147099887,6.68309855188298e-05,beta,2,1,pmmr,TRUE,2.55992147099887
1|0|0|1|0|1|0|1|1|0|0|0|0|1|0|1|1,1,3.11700001661268,2.76397127027446,4.05979242371518e-05,beta,2,1,pmmr,TRUE,2.76397127027446
0|0|0|0|0|1|0|1|1|1|0|0|0|1|0|1|1,1,3.33964685192599,2.58380085080018,0.000422195866566426,beta,2,1,pmmr,TRUE,2.58380085080018
1|0|0|1|0|1|0|1|1|1|0|0|0|1|0|1|1,1,3.11700001661268,2.72672408964675,0.000330234290513469,beta,2,1,pmmr,TRUE,2.72672408964675
0|0|0|0|0|1|0|1|1|0|0|1|0|1|0|1|1,1,3.01375270747048,2.4737639634598,0.000332026447249942,beta,2,1,pmmr,TRUE,2.4737639634598
1|0|0|1|0|1|0|1|1|0|0|1|0|1|0|1|1,1,2.82211880039051,2.61265708494591,0.000346337505529963,beta,2,1,pmmr,TRUE,2.61265708494591
0|0|0|0|0|1|0|1|1|1|0|1|0|1|0|1|1,1,3.01375270747048,2.50191334837023,0.00274544127166849,beta,2,1,pmmr,TRUE,2.50191334837023
1|0|0|1|0|1|0|1|1|1|0|1|0|1|0|1|1,1,2.82211880039051,2.59810593047648,0.00367854343370882,beta,2,1,pmmr,TRUE,2.59810593047648
0|0|0|0|0|1|0|0|0|0|1|0|1|0|0|0|0,0,0,-0.143345946226314,0.0705287906750812,adjoint,2,1,ensemble,TRUE,
0|0|0|0|0|1|0|0|0|0|0|0|0|1|0|0|0,1,0,-0.302174035985146,0.0180748527816066,adjoint,2,1,ensemble,TRUE,
1|0|0|1|0|1|0|0|0|0|0|0|0|1|0|0|0,1,0,-0.0986942417188838,0.0189820879945186,adjoint,2,1,ensemble,TRUE,
0|0|0|0|0|1|0|0|0|1|0|0|0|1|0|0|0,1,0,-0.0372865374210205,0.00179818220588617,adjoint,2,1,ensemble,TRUE,
1|0|0|1|0|1|0|0|0|1|0|0|0|1|0|0|0,1,0,-0.168223403400014,0.00238359434193912,adjoint,2,1,ensemble,TRUE,
0|0|0|0|0|1|0|0|0|0|0|1|0|1|0|0|0,1,0,0.180650735845088,0.00215565950065452,adjoint,2,1,ensemble,TRUE,
1|0|0|1|0|1|0|0|0|0|0|1|0|1|0|0|0,1,0,0.136709362881272,0.00400181874163921,adjoint,2,1,ensemble,TRUE,
0|0|0|0|0|1|0|0|0|1|0|1|0|1|0|0|0,1,0,0.17843709452219,0.000296423068996605,adjoint,2,1,ensemble,TRUE,
1|0|0|1|0|1|0|0|0|1|0|1|0|1|0|0|0,1,0,0.889806853560238,0.000693760730200661,adjoint,2,1,ensemble,TRUE,
0|0|0|0|0|1|0|1|0|0|1|0|1|0|0|0|0,0,0,0.153706910259107,0.0721653351064229,adjoint,2,1,ensemble,TRUE,
0|0|0|0|0|1|0|1|0|0|0|0|0|1|0|0|0,1,-0.638327563181795,0.355946933182958,0.00230891165619347,adjoint,2,1,ensemble,TRUE,
1|0|0|1|0|1|0|1|0|0|0|0|0|1|0|0|0,1,-0.679671681671697,0.937487004852134,0.00130754689812861,adjoint,2,1,ensemble,TRUE,
0|0|0|0|0|1|0|1|0|1|0|0|0|1|0|0|0,1,-0.790786620321217,0.838300763396445,0.000253997533286871,adjoint,2,1,ensemble,TRUE,
1|0|0|1|0|1|0|1|0|1|0|0|0|1|0|0|0,1,-0.853479694592254,0.992329746503009,0.000183873530406896,adjoint,2,1,ensemble,TRUE,
0|0|0|0|0|1|0|1|0|0|0|1|0|1|0|0|0,1,-0.436414949846251,0.524332290743984,0.0100779649802349,adjoint,2,1,ensemble,TRUE,
1|0|0|1|0|1|0|1|0|0|0|1|0|1|0|0|0,1,-0.459632707523292,0.135392300186381,0.0100885985590994,adjoint,2,1,ensemble,TRUE,
0|0|0|0|0|1|0|1|0|1|0|1|0|1|0|0|0,1,-0.517728138299926,1.04584493946126,0.00153238515985756,adjoint,2,1,ensemble,TRUE,
1|0|0|1|0|1|0|1|0|1|0|1|0|1|0|0|0,1,-0.552385132542596,1.19538816563351,0.00195864945924502,adjoint,2,1,ensemble,TRUE,
0|0|0|0|0|1|0|0|1|0|1|0|1|0|0|0|0,0,0,-0.0793480276210615,0.0714379973170373,adjoint,2,1,ensemble,TRUE,
0|0|0|0|0|1|0|0|1|0|0|0|0|1|0|0|0,1,0,-0.0485428391792553,0.00257158289856599,adjoint,2,1,ensemble,TRUE,
1|0|0|1|0|1|0|0|1|0|0|0|0|1|0|0|0,1,0,0.131143649101444,0.00249646270456503,adjoint,2,1,ensemble,TRUE,
0|0|0|0|0|1|0|0|1|1|0|0|0|1|0|0|0,1,0,-0.381465998498918,0.00936309847164306,adjoint,2,1,ensemble,TRUE,
1|0|0|1|0|1|0|0|1|1|0|0|0|1|0|0|0,1,0,-0.170376723886713,0.0114729098421175,adjoint,2,1,ensemble,TRUE,
0|0|0|0|0|1|0|0|1|0|0|1|0|1|0|0|0,1,0,0.479672062324149,0.000306694454112269,adjoint,2,1,ensemble,TRUE,
1|0|0|1|0|1|0|0|1|0|0|1|0|1|0|0|0,1,0,1.04309777807776,0.000526306233635443,adjoint,2,1,ensemble,TRUE,
0|0|0|0|0|1|0|0|1|1|0|1|0|1|0|0|0,1,0,0.13572908247997,0.00154346894057606,adjoint,2,1,ensemble,TRUE,
1|0|0|1|0|1|0|0|1|1|0|1|0|1|0|0|0,1,0,0.192227470607904,0.0033392654821955,adjoint,2,1,ensemble,TRUE,
0|0|0|0|0|1|0|1|1|0|1|0|1|0|0|0|0,0,0,0.219864364112814,0.0701196450238517,adjoint,2,1,ensemble,TRUE,
0|0|0|0|0|1|0|1|1|0|0|0|0|1|0|0|0,1,-0.638327563181795,1.00024829227723,0.000255972472562728,adjoint,2,1,ensemble,TRUE,
1|0|0|1|0|1|0|1|1|0|0|0|0|1|0|0|0,1,-0.679671681671697,1.17214713193346,0.000134606321209248,adjoint,2,1,ensemble,TRUE,
0|0|0|0|0|1|0|1|1|1|0|0|0|1|0|0|0,1,-0.790786620321217,0.309918360740704,0.0010305654561726,adjoint,2,1,ensemble,TRUE,
1|0|0|1|0|1|0|1|1|1|0|0|0|1|0|0|0,1,-0.853479694592254,1.04091760856661,0.00069276753925408,adjoint,2,1,ensemble,TRUE,
0|0|0|0|0|1|0|1|1|0|0|1|0|1|0|0|0,1,-0.436414949846251,0.774258663538564,0.0011172716840298,adjoint,2,1,ensemble,TRUE,
1|0|0|1|0|1|0|1|1|0|0|1|0|1|0|0|0,1,-0.459632707523292,1.35485351418996,0.00103857776737559,adjoint,2,1,ensemble,TRUE,
0|0|0|0|0|1|0|1|1|1|0|1|0|1|0|0|0,1,-0.517728138299926,0.370798437220979,0.00621747459853129,adjoint,2,1,ensemble,TRUE,
1|0|0|1|0|1|0|1|1|1|0|1|0|1|0|0|0,1,-0.552385132542596,-0.997598039549078,0.0073794676326703,adjoint,2,1,ensemble,TRUE,
1|0|0|1|0|1|0|0|0|0|1|0|1|0|0|0|0,0,0,0.0959244993830892,0.0677168438749167,adjoint,2,1,ensemble,TRUE,
1|0|0|1|0|1|0|1|0|0|1|0|1|0|0|0|0,0,2.56831218549017,2.38062756058363,0.0547623847574702,adjoint,2,1,ensemble,TRUE,
1|0|0|1|0|1|0|0|1|0|1|0|1|0|0|0|0,0,0,0.160646295336333,0.077092739759399,adjoint,2,1,ensemble,TRUE,
1|0|0|1|0|1|0|1|1|0|1|0|1|0|0|0|0,0,2.56831218549017,2.67058564252273,0.0594000062445497,adjoint,2,1,ensemble,TRUE,
0|0|0|0|0|1|0|0|0|0|0|0|0|1|0|1|0,1,0,0.370947351136192,0.0147984378296584,adjoint,2,1,ensemble,TRUE,
1|0|0|1|0|1|0|0|0|0|0|0|0|1|0|1|0,1,0,0.453057042648661,0.0180563206388479,adjoint,2,1,ensemble,TRUE,
0|0|0|0|0|1|0|0|0|1|0|0|0|1|0|1|0,1,0,0.551815596539156,0.00230891165619347,adjoint,2,1,ensemble,TRUE,
1|0|0|1|0|1|0|0|0|1|0|0|0|1|0|1|0,1,0,0.663339149045032,0.00355590490846276,adjoint,2,1,ensemble,TRUE,
0|0|0|0|0|1|0|0|0|0|0|1|0|1|0|1|0,1,0,0.710263964992815,0.00118305101741584,adjoint,2,1,ensemble,TRUE,
1|0|0|1|0|1|0|0|0|0|0|1|0|1|0|1|0,1,0,0.827054512655144,0.00255167228735678,adjoint,2,1,ensemble,TRUE,
0|0|0|0|0|1|0|0|0|1|0|1|0|1|0|1|0,1,0,1.32746457129695,0.000255133699881773,adjoint,2,1,ensemble,TRUE,
1|0|0|1|0|1|0|0|0|1|0|1|0|1|0|1|0,1,0,1.03249876937405,0.000693760730200661,adjoint,2,1,ensemble,TRUE,
0|0|0|0|0|1|0|1|0|0|0|0|0|1|0|1|0,1,5.07325029698199,3.03847237485858,0.00189037697906581,adjoint,2,1,ensemble,TRUE,
1|0|0|1|0|1|0|1|0|0|0|0|0|1|0|1|0,1,5.41629797513063,2.55366083788793,0.00124377708341457,adjoint,2,1,ensemble,TRUE,
0|0|0|0|0|1|0|1|0|1|0|0|0|1|0|1|0,1,4.06243377876373,1.41362007855642,0.000326139288516333,adjoint,2,1,ensemble,TRUE,
1|0|0|1|0|1|0|1|0|1|0|0|0|1|0|1|0,1,4.41041220692192,1.55302956867548,0.000274307073903501,adjoint,2,1,ensemble,TRUE,
0|0|0|0|0|1|0|1|0|0|0|1|0|1|0|1|0,1,6.44516848176493,4.43905740997603,0.00553090444930101,adjoint,2,1,ensemble,TRUE,
1|0|0|1|0|1|0|1|0|0|0|1|0|1|0|1|0,1,6.78152396060656,6.52969475580817,0.00643277445169266,adjoint,2,1,ensemble,TRUE,
0|0|0|0|0|1|0|1|0|1|0|1|0|1|0|1|0,1,4.93720743510318,2.05700904908563,0.00131893613004479,adjoint,2,1,ensemble,TRUE,
1|0|0|1|0|1|0|1|0|1|0|1|0|1|0|1|0,1,5.28091872858696,3.28377199849923,0.00195864945924502,adjoint,2,1,ensemble,TRUE,
0|0|0|0|0|1|0|0|1|0|0|0|0|1|0|1|0,1,0,0.616564334098902,0.00210543400314539,adjoint,2,1,ensemble,TRUE,
1|0|0|1|0|1|0|0|1|0|0|0|0|1|0|1|0,1,0,0.833954996222372,0.00237470878175089,adjoint,2,1,ensemble,TRUE,
0|0|0|0|0|1|0|0|1|1|0|0|0|1|0|1|0,1,0,0.236858684276737,0.0120224564165398,adjoint,2,1,ensemble,TRUE,
1|0|0|1|0|1|0|0|1|1|0|0|0|1|0|1|0,1,0,0.419469530225305,0.0171155702562825,adjoint,2,1,ensemble,TRUE,
0|0|0|0|0|1|0|0|1|0|0|1|0|1|0|1|0,1,0,1.46247015414346,0.000168317485142319,adjoint,2,1,ensemble,TRUE,
1|0|0|1|0|1|0|0|1|0|0|1|0|1|0|1|0,1,0,1.17414232964616,0.000335587670939985,adjoint,2,1,ensemble,TRUE,
0|0|0|0|0|1|0|0|1|1|0|1|0|1|0|1|0,1,0,0.948503087139897,0.00132847602851815,adjoint,2,1,ensemble,TRUE,
1|0|0|1|0|1|0|0|1|1|0|1|0|1|0|1|0,1,0,0.730405039659073,0.0033392654821955,adjoint,2,1,ensemble,TRUE,
0|0|0|0|0|1|0|1|1|0|0|0|0|1|0|1|0,1,5.07325029698199,2.06996240588528,0.000209572535228515,adjoint,2,1,ensemble,TRUE,
1|0|0|1|0|1|0|1|1|0|0|0|0|1|0|1|0,1,5.41629797513063,1.72062512994876,0.000128041493458031,adjoint,2,1,ensemble,TRUE,
0|0|0|0|0|1|0|1|1|1|0|0|0|1|0|1|0,1,4.06243377876373,0.882548468994552,0.00132327223928601,adjoint,2,1,ensemble,TRUE,
1|0|0|1|0|1|0|1|1|1|0|0|0|1|0|1|0,1,4.41041220692192,2.17178586910237,0.0010334877247834,adjoint,2,1,ensemble,TRUE,
0|0|0|0|0|1|0|1|1|0|0|1|0|1|0|1|0,1,6.44516848176493,10.9448818042291,0.00061317170087392,adjoint,2,1,ensemble,TRUE,
1|0|0|1|0|1|0|1|1|0|0|1|0|1|0|1|0,1,6.78152396060656,1.89014685632965,0.000662226422127165,adjoint,2,1,ensemble,TRUE,
0|0|0|0|0|1|0|1|1|1|0|1|0|1|0|1|0,1,4.93720743510318,3.96730874169918,0.00535142998017606,adjoint,2,1,ensemble,TRUE,
1|0|0|1|0|1|0|1|1|1|0|1|0|1|0|1|0,1,5.28091872858696,5.67144688135185,0.0073794676326703,adjoint,2,1,ensemble,TRUE,
0|0|0|0|0|1|0|0|0|0|0|0|0|1|0|0|1,1,0,-0.199394842021802,0.0155571699618374,adjoint,2,1,ensemble,TRUE,
1|0|0|1|0|1|0|0|0|0|0|0|0|1|0|0|1,1,0,-0.188063174450366,0.0133764513277299,adjoint,2,1,ensemble,TRUE,
0|0|0|0|0|1|0|0|0|1|0|0|0|1|0|0|1,1,0,-0.034280124021105,0.00154770976767183,adjoint,2,1,ensemble,TRUE,
1|0|0|1|0|1|0|0|0|1|0|0|0|1|0|0|1,1,0,0.370134312651945,0.00167969054348541,adjoint,2,1,ensemble,TRUE,
0|0|0|0|0|1|0|0|0|0|0|1|0|1|0|0|1,1,0,0.251687770627778,0.00250451902352297,adjoint,2,1,ensemble,TRUE,
1|0|0|1|0|1|0|0|0|0|0|1|0|1|0|0|1,1,0,0.34195687025333,0.00380664773856564,adjoint,2,1,ensemble,TRUE,
0|0|0|0|0|1|0|0|0|1|0|1|0|1|0|0|1,1,0,0.759328724937388,0.000344394471894864,adjoint,2,1,ensemble,TRUE,
1|0|0|1|0|1|0|0|0|1|0|1|0|1|0|0|1,1,0,0.87471718238918,0.000659925620129969,adjoint,2,1,ensemble,TRUE,
0|0|0|0|0|1|0|1|0|0|0|0|0|1|0|0|1,1,-0.573429866020089,0.509584214080451,0.00198729867934651,adjoint,2,1,ensemble,TRUE,
1|0|0|1|0|1|0|1|0|0|0|0|0|1|0|0|1,1,-0.620565229297335,0.657277470877719,0.00092141272585988,adjoint,2,1,ensemble,TRUE,
0|0|0|0|0|1|0|1|0|1|0|0|0|1|0|0|1,1,-0.716830807089494,0.411774835899165,0.000218617702892299,adjoint,2,1,ensemble,TRUE,
1|0|0|1|0|1|0|1|0|1|0|0|0|1|0|0|1,1,-0.792109684668437,0.964522784856648,0.000129573486892272,adjoint,2,1,ensemble,TRUE,
0|0|0|0|0|1|0|1|0|0|0|1|0|1|0|0|1,1,-0.394547495774881,-0.117864197880861,0.0117089248110534,adjoint,2,1,ensemble,TRUE,
1|0|0|1|0|1|0|1|0|0|0|1|0|1|0|0|1,1,-0.42268130443532,0.900173289127403,0.00959657180139088,adjoint,2,1,ensemble,TRUE,
0|0|0|0|0|1|0|1|0|1|0|1|0|1|0|0|1,1,-0.471277754067175,0.458702821717712,0.00178037755177117,adjoint,2,1,ensemble,TRUE,
1|0|0|1|0|1|0|1|0|1|0|1|0|1|0|0|1,1,-0.515202977734318,0.596534696523341,0.00186312499791628,adjoint,2,1,ensemble,TRUE,
0|0|0|0|0|1|0|0|1|0|0|0|0|1|0|0|1,1,0,0.149884672216015,0.00221338191283401,adjoint,2,1,ensemble,TRUE,
1|0|0|1|0|1|0|0|1|0|0|0|0|1|0|0|1,1,0,0.826942698612765,0.00175922753433395,adjoint,2,1,ensemble,TRUE,
0|0|0|0|0|1|0|0|1|1|0|0|0|1|0|0|1,1,0,0.299043619380206,0.00805889353859645,adjoint,2,1,ensemble,TRUE,
1|0|0|1|0|1|0|0|1|1|0|0|0|1|0|0|1,1,0,-0.127312082653547,0.00808482292015682,adjoint,2,1,ensemble,TRUE,
0|0|0|0|0|1|0|0|1|0|0|1|0|1|0|0|1,1,0,0.480162431909155,0.000356328118842492,adjoint,2,1,ensemble,TRUE,
1|0|0|1|0|1|0|0|1|0|0|1|0|1|0|0|1,1,0,0.605741353519866,0.000500637975732181,adjoint,2,1,ensemble,TRUE,
0|0|0|0|0|1|0|0|1|1|0|1|0|1|0|0|1,1,0,0.800427199214861,0.00179325506774882,adjoint,2,1,ensemble,TRUE,
1|0|0|1|0|1|0|0|1|1|0|1|0|1|0|0|1,1,0,0.279735757643867,0.00317640758288393,adjoint,2,1,ensemble,TRUE,
0|0|0|0|0|1|0|1|1|0|0|0|0|1|0|0|1,1,-0.573429866020089,0.987501169584035,0.000220317548879984,adjoint,2,1,ensemble,TRUE,
1|0|0|1|0|1|0|1|1|0|0|0|0|1|0|0|1,1,-0.620565229297335,1.13630978011784,9.48554713570082e-05,adjoint,2,1,ensemble,TRUE,
0|0|0|0|0|1|0|1|1|1|0|0|0|1|0|0|1,1,-0.716830807089494,0.460653714886089,0.000887015908355885,adjoint,2,1,ensemble,TRUE,
1|0|0|1|0|1|0|1|1|1|0|0|0|1|0|0|1,1,-0.792109684668437,0.593826253489041,0.000488185033856091,adjoint,2,1,ensemble,TRUE,
0|0|0|0|0|1|0|1|1|0|0|1|0|1|0|0|1,1,-0.394547495774881,0.764686375992754,0.00129808450093651,adjoint,2,1,ensemble,TRUE,
1|0|0|1|0|1|0|1|1|0|0|1|0|1|0|0|1,1,-0.42268130443532,1.32300283440397,0.000987925731959918,adjoint,2,1,ensemble,TRUE,
0|0|0|0|0|1|0|1|1|1|0|1|0|1|0|0|1,1,-0.471277754067175,0.259559947340904,0.00722367489186694,adjoint,2,1,ensemble,TRUE,
1|0|0|1|0|1|0|1|1|1|0|1|0|1|0|0|1,1,-0.515202977734318,0.843133428663414,0.00701956674934661,adjoint,2,1,ensemble,TRUE,
0|0|0|0|0|1|0|0|0|0|0|0|0|1|0|1|1,1,0,0.40197015357905,0.0127371334786173,adjoint,2,1,ensemble,TRUE,
1|0|0|1|0|1|0|0|0|0|0|0|0|1|0|1|1,1,0,0.67606365912435,0.0127240740983383,adjoint,2,1,ensemble,TRUE,
0|0|0|0|0|1|0|0|0|1|0|0|0|1|0|1|1,1,0,0.544943759452823,0.00198729867934651,adjoint,2,1,ensemble,TRUE,
1|0|0|1|0|1|0|0|0|1|0|0|0|1|0|1|1,1,0,0.473774622416205,0.00250580383716602,adjoint,2,1,ensemble,TRUE,
0|0|0|0|0|1|0|0|0|0|0|1|0|1|0|1|1,1,0,1.08594649728998,0.00137450918292826,adjoint,2,1,ensemble,TRUE,
1|0|0|1|0|1|0|0|0|0|0|1|0|1|0|1|1,1,0,1.51998755886129,0.00242722576141681,adjoint,2,1,ensemble,TRUE,
0|0|0|0|0|1|0|0|0|1|0|1|0|1|0|1|1,1,0,0.899481810021821,0.000296423068996605,adjoint,2,1,ensemble,TRUE,
1|0|0|1|0|1|0|0|0|1|0|1|0|1|0|1|1,1,0,1.00767298804902,0.000659925620129969,adjoint,2,1,ensemble,TRUE,
0|0|0|0|0|1|0|1|0|0|0|0|0|1|0|1|1,1,5.07325029698199,1.49381839230302,0.00162706254433225,adjoint,2,1,ensemble,TRUE,
1|0|0|1|0|1|0|1|0|0|0|0|0|1|0|1|1,1,5.41629797513062,1.62415064975545,0.000876474896947328,adjoint,2,1,ensemble,TRUE,
0|0|0|0|0|1|0|1|0|1|0|0|0|1|0|1|1,1,4.06243377876374,1.39533644575021,0.000280710687051601,adjoint,2,1,ensemble,TRUE,
1|0|0|1|0|1|0|1|0|1|0|0|0|1|0|1|1,1,4.41041220692192,2.01730743904307,0.000193300927905388,adjoint,2,1,ensemble,TRUE,
0|0|0|0|0|1|0|1|0|0|0|1|0|1|0|1|1,1,6.44516848176493,4.17820524880187,0.00642599418245614,adjoint,2,1,ensemble,TRUE,
1|0|0|1|0|1|0|1|0|0|0|1|0|1|0|1|1,1,6.78152396060657,4.40163827669701,0.0061190443396265,adjoint,2,1,ensemble,TRUE,
0|0|0|0|0|1|0|1|0|1|0|1|0|1|0|1|1,1,4.93720743510318,2.49036626390176,0.00153238515985756,adjoint,2,1,ensemble,TRUE,
1|0|0|1|0|1|0|1|0|1|0|1|0|1|0|1|1,1,5.28091872858696,1.70626644517402,0.00186312499791628,adjoint,2,1,ensemble,TRUE,
0|0|0|0|0|1|0|0|1|0|0|0|0|1|0|1|1,1,0,0.701677573582291,0.00181216384034378,adjoint,2,1,ensemble,TRUE,
1|0|0|1|0|1|0|0|1|0|0|0|0|1|0|1|1,1,0,0.968027544693221,0.00167342899505029,adjoint,2,1,ensemble,TRUE,
0|0|0|0|0|1|0|0|1|1|0|0|0|1|0|1|1,1,0,0.501562474758508,0.0103478241339385,adjoint,2,1,ensemble,TRUE,
1|0|0|1|0|1|0|0|1|1|0|0|0|1|0|1|1,1,0,0.460290908965259,0.0120611385083462,adjoint,2,1,ensemble,TRUE,
0|0|0|0|0|1|0|0|1|0|0|1|0|1|0|1|1,1,0,1.45327566492088,0.000195557017888255,adjoint,2,1,ensemble,TRUE,
1|0|0|1|0|1|0|0|1|0|0|1|0|1|0|1|1,1,0,1.56649705844813,0.000319220867097777,adjoint,2,1,ensemble,TRUE,
0|0|0|0|0|1|0|0|1|1|0|1|0|1|0|1|1,1,0,0.937401416161184,0.00154346894057606,adjoint,2,1,ensemble,TRUE,
1|0|0|1|0|1|0|0|1|1|0|1|0|1|0|1|1,1,0,0.712325944747821,0.00317640758288393,adjoint,2,1,ensemble,TRUE,
0|0|0|0|0|1|0|1|1|0|0|0|0|1|0|1|1,1,5.07325029698199,1.54886539233819,0.000180380752710804,adjoint,2,1,ensemble,TRUE,
1|0|0|1|0|1|0|1|1|0|0|0|0|1|0|1|1,1,5.41629797513062,1.67923375268491,9.02293154296708e-05,adjoint,2,1,ensemble,TRUE,
0|0|0|0|0|1|0|1|1|1|0|0|0|1|0|1|1,1,4.06243377876374,3.02363728365471,0.00113895097133532,adjoint,2,1,ensemble,TRUE,
1|0|0|1|0|1|0|1|1|1|0|0|0|1|0|1|1,1,4.41041220692192,1.56071765496162,0.000728286490525357,adjoint,2,1,ensemble,TRUE,
0|0|0|0|0|1|0|1|1|0|0|1|0|1|0|1|1,1,6.44516848176493,1.72430283238794,0.000712403878747265,adjoint,2,1,ensemble,TRUE,
1|0|0|1|0|1|0|1|1|0|0|1|0|1|0|1|1,1,6.78152396060657,13.4474409615147,0.00062992925840919,adjoint,2,1,ensemble,TRUE,
0|0|0|0|0|1|0|1|1|1|0|1|0|1|0|1|1,1,4.93720743510318,3.92207901317171,0.00621747459853129,adjoint,2,1,ensemble,TRUE,
1|0|0|1|0|1|0|1|1|1|0|1|0|1|0|1|1,1,5.28091872858696,2.76461496492533,0.00701956674934661,adjoint,2,1,ensemble,TRUE,
0|0|0|0|0|1|0|0|0|0|1|0|1|0|0|0|0,0,0,0.0135169278826057,0.0705287906750812,adjoint,2,1,sieve_md,TRUE,
0|0|0|0|0|1|0|0|0|0|0|0|0|1|0|0|0,1,0,0.00871110260814545,0.0180748527816066,adjoint,2,1,sieve_md,TRUE,
1|0|0|1|0|1|0|0|0|0|0|0|0|1|0|0|0,1,0,0.0765853812679513,0.0189820879945186,adjoint,2,1,sieve_md,TRUE,
0|0|0|0|0|1|0|0|0|1|0|0|0|1|0|0|0,1,0,0.475740846752546,0.00179818220588617,adjoint,2,1,sieve_md,TRUE,
1|0|0|1|0|1|0|0|0|1|0|0|0|1|0|0|0,1,0,0.125750422547703,0.00238359434193912,adjoint,2,1,sieve_md,TRUE,
0|0|0|0|0|1|0|0|0|0|0|1|0|1|0|0|0,1,0,0.363696771225161,0.00215565950065452,adjoint,2,1,sieve_md,TRUE,
1|0|0|1|0|1|0|0|0|0|0|1|0|1|0|0|0,1,0,0.115085059882215,0.00400181874163921,adjoint,2,1,sieve_md,TRUE,
0|0|0|0|0|1|0|0|0|1|0|1|0|1|0|0|0,1,0,0.475744442814217,0.000296423068996605,adjoint,2,1,sieve_md,TRUE,
1|0|0|1|0|1|0|0|0|1|0|1|0|1|0|0|0,1,0,1.23936541889488,0.000693760730200661,adjoint,2,1,sieve_md,TRUE,
0|0|0|0|0|1|0|1|0|0|1|0|1|0|0|0|0,0,0,0.0130596800862721,0.0721653351064229,adjoint,2,1,sieve_md,TRUE,
0|0|0|0|0|1|0|1|0|0|0|0|0|1|0|0|0,1,-0.638327563181795,0.47330843585508,0.00230891165619347,adjoint,2,1,sieve_md,TRUE,
1|0|0|1|0|1|0|1|0|0|0|0|0|1|0|0|0,1,-0.679671681671697,1.01357865964502,0.00130754689812861,adjoint,2,1,sieve_md,TRUE,
0|0|0|0|0|1|0|1|0|1|0|0|0|1|0|0|0,1,-0.790786620321217,1.23936541889488,0.000253997533286871,adjoint,2,1,sieve_md,TRUE,
1|0|0|1|0|1|0|1|0|1|0|0|0|1|0|0|0,1,-0.853479694592254,1.23936541889488,0.000183873530406896,adjoint,2,1,sieve_md,TRUE,
0|0|0|0|0|1|0|1|0|0|0|1|0|1|0|0|0,1,-0.436414949846251,0.426168046362143,0.0100779649802349,adjoint,2,1,sieve_md,TRUE,
1|0|0|1|0|1|0|1|0|0|0|1|0|1|0|0|0,1,-0.459632707523292,-0.300220906230925,0.0100885985590994,adjoint,2,1,sieve_md,TRUE,
0|0|0|0|0|1|0|1|0|1|0|1|0|1|0|0|0,1,-0.517728138299926,1.23936541889488,0.00153238515985756,adjoint,2,1,sieve_md,TRUE,
1|0|0|1|0|1|0|1|0|1|0|1|0|1|0|0|0,1,-0.552385132542596,1.23936541889488,0.00195864945924502,adjoint,2,1,sieve_md,TRUE,
0|0|0|0|0|1|0|0|1|0|1|0|1|0|0|0|0,0,0,0.013881442496442,0.0714379973170373,adjoint,2,1,sieve_md,TRUE,
0|0|0|0|0|1|0|0|1|0|0|0|0|1|0|0|0,1,0,0.258340613622385,0.00257158289856599,adjoint,2,1,sieve_md,TRUE,
1|0|0|1|0|1|0|0|1|0|0|0|0|1|0|0|0,1,0,0.294368209454499,0.00249646270456503,adjoint,2,1,sieve_md,TRUE,
0|0|0|0|0|1|0|0|1|1|0|0|0|1|0|0|0,1,0,-0.0460740650581339,0.00936309847164306,adjoint,2,1,sieve_md,TRUE,
1|0|0|1|0|1|0|0|1|1|0|0|0|1|0|0|0,1,0,0.057652654031277,0.0114729098421175,adjoint,2,1,sieve_md,TRUE,
0|0|0|0|0|1|0|0|1|0|0|1|0|1|0|0|0,1,0,0.68756034098495,0.000306694454112269,adjoint,2,1,sieve_md,TRUE,
1|0|0|1|0|1|0|0|1|0|0|1|0|1|0|0|0,1,0,1.23936541889488,0.000526306233635443,adjoint,2,1,sieve_md,TRUE,
0|0|0|0|0|1|0|0|1|1|0|1|0|1|0|0|0,1,0,0.363696771225163,0.00154346894057606,adjoint,2,1,sieve_md,TRUE,
1|0|0|1|0|1|0|0|1|1|0|1|0|1|0|0|0,1,0,0.266661495737192,0.0033392654821955,adjoint,2,1,sieve_md,TRUE,
0|0|0|0|0|1|0|1|1|0|1|0|1|0|0|0|0,0,0,0.0155598713679732,0.0701196450238517,adjoint,2,1,sieve_md,TRUE,
0|0|0|0|0|1|0|1|1|0|0|0|0|1|0|0|0,1,-0.638327563181795,1.23936541889488,0.000255972472562728,adjoint,2,1,sieve_md,TRUE,
1|0|0|1|0|1|0|1|1|0|0|0|0|1|0|0|0,1,-0.679671681671697,1.23936541889488,0.000134606321209248,adjoint,2,1,sieve_md,TRUE,
0|0|0|0|0|1|0|1|1|1|0|0|0|1|0|0|0,1,-0.790786620321217,0.475740480380898,0.0010305654561726,adjoint,2,1,sieve_md,TRUE,
1|0|0|1|0|1|0|1|1|1|0|0|0|1|0|0|0,1,-0.853479694592254,1.23936541889488,0.00069276753925408,adjoint,2,1,sieve_md,TRUE,
0|0|0|0|0|1|0|1|1|0|0|1|0|1|0|0|0,1,-0.436414949846251,0.687560340984954,0.0011172716840298,adjoint,2,1,sieve_md,TRUE,
1|0|0|1|0|1|0|1|1|0|0|1|0|1|0|0|0,1,-0.459632707523292,1.23936541889488,0.00103857776737559,adjoint,2,1,sieve_md,TRUE,
0|0|0|0|0|1|0|1|1|1|0|1|0|1|0|0|0,1,-0.517728138299926,0.295612548533703,0.00621747459853129,adjoint,2,1,sieve_md,TRUE,
1|0|0|1|0|1|0|1|1|1|0|1|0|1|0|0|0,1,-0.552385132542596,-1.70274127310674,0.0073794676326703,adjoint,2,1,sieve_md,TRUE,
1|0|0|1|0|1|0|0|0|0|1|0|1|0|0|0|0,0,0,0.0185505017455816,0.0677168438749167,adjoint,2,1,sieve_md,TRUE,
1|0|0|1|0|1|0|1|0|0|1|0|1|0|0|0|0,0,2.56831218549017,2.60980998492402,0.0547623847574702,adjoint,2,1,sieve_md,TRUE,
1|0|0|1|0|1|0|0|1|0|1|0|1|0|0|0|0,0,0,0.0174994338793619,0.077092739759399,adjoint,2,1,sieve_md,TRUE,
1|0|0|1|0|1|0|1|1|0|1|0|1|0|0|0|0,0,2.56831218549017,2.90515750903155,0.0594000062445497,adjoint,2,1,sieve_md,TRUE,
0|0|0|0|0|1|0|0|0|0|0|0|0|1|0|1|0,1,0,0.11940844301031,0.0147984378296584,adjoint,2,1,sieve_md,TRUE,
1|0|0|1|0|1|0|0|0|0|0|0|0|1|0|1|0,1,0,0.0520998417507319,0.0180563206388479,adjoint,2,1,sieve_md,TRUE,
0|0|0|0|0|1|0|0|0|1|0|0|0|1|0|1|0,1,0,0.475742755627276,0.00230891165619347,adjoint,2,1,sieve_md,TRUE,
1|0|0|1|0|1|0|0|0|1|0|0|0|1|0|1|0,1,0,0.462879394500226,0.00355590490846276,adjoint,2,1,sieve_md,TRUE,
0|0|0|0|0|1|0|0|0|0|0|1|0|1|0|1|0,1,0,0.313271884119009,0.00118305101741584,adjoint,2,1,sieve_md,TRUE,
1|0|0|1|0|1|0|0|0|0|0|1|0|1|0|1|0,1,0,0.294368209454498,0.00255167228735678,adjoint,2,1,sieve_md,TRUE,
0|0|0|0|0|1|0|0|0|1|0|1|0|1|0|1|0,1,0,1.23936541889488,0.000255133699881773,adjoint,2,1,sieve_md,TRUE,
1|0|0|1|0|1|0|0|0|1|0|1|0|1|0|1|0,1,0,0.687560340984949,0.000693760730200661,adjoint,2,1,sieve_md,TRUE,
0|0|0|0|0|1|0|1|0|0|0|0|0|1|0|1|0,1,5.07325029698199,3.25340705752875,0.00189037697906581,adjoint,2,1,sieve_md,TRUE,
1|0|0|1|0|1|0|1|0|0|0|0|0|1|0|1|0,1,5.41629797513063,2.4146994182093,0.00124377708341457,adjoint,2,1,sieve_md,TRUE,
0|0|0|0|0|1|0|1|0|1|0|0|0|1|0|1|0,1,4.06243377876373,1.23936541889488,0.000326139288516333,adjoint,2,1,sieve_md,TRUE,
1|0|0|1|0|1|0|1|0|1|0|0|0|1|0|1|0,1,4.41041220692192,1.23936541889488,0.000274307073903501,adjoint,2,1,sieve_md,TRUE,
0|0|0|0|0|1|0|1|0|0|0|1|0|1|0|1|0,1,6.44516848176493,4.85616256937504,0.00553090444930101,adjoint,2,1,sieve_md,TRUE,
1|0|0|1|0|1|0|1|0|0|0|1|0|1|0|1|0,1,6.78152396060656,7.41823059502583,0.00643277445169266,adjoint,2,1,sieve_md,TRUE,
0|0|0|0|0|1|0|1|0|1|0|1|0|1|0|1|0,1,4.93720743510318,1.83663693713438,0.00131893613004479,adjoint,2,1,sieve_md,TRUE,
1|0|0|1|0|1|0|1|0|1|0|1|0|1|0|1|0,1,5.28091872858696,3.26949268972172,0.00195864945924502,adjoint,2,1,sieve_md,TRUE,
0|0|0|0|0|1|0|0|1|0|0|0|0|1|0|1|0,1,0,0.363696771225162,0.00210543400314539,adjoint,2,1,sieve_md,TRUE,
1|0|0|1|0|1|0|0|1|0|0|0|0|1|0|1|0,1,0,0.475741801195161,0.00237470878175089,adjoint,2,1,sieve_md,TRUE,
0|0|0|0|0|1|0|0|1|1|0|0|0|1|0|1|0,1,0,-0.00393954062349233,0.0120224564165398,adjoint,2,1,sieve_md,TRUE,
1|0|0|1|0|1|0|0|1|1|0|0|0|1|0|1|0,1,0,0.0809457779012746,0.0171155702562825,adjoint,2,1,sieve_md,TRUE,
0|0|0|0|0|1|0|0|1|0|0|1|0|1|0|1|0,1,0,1.23936541889488,0.000168317485142319,adjoint,2,1,sieve_md,TRUE,
1|0|0|1|0|1|0|0|1|0|0|1|0|1|0|1|0,1,0,0.68756034098495,0.000335587670939985,adjoint,2,1,sieve_md,TRUE,
0|0|0|0|0|1|0|0|1|1|0|1|0|1|0|1|0,1,0,0.687557844575688,0.00132847602851815,adjoint,2,1,sieve_md,TRUE,
1|0|0|1|0|1|0|0|1|1|0|1|0|1|0|1|0,1,0,0.241214170291369,0.0033392654821955,adjoint,2,1,sieve_md,TRUE,
0|0|0|0|0|1|0|1|1|0|0|0|0|1|0|1|0,1,5.07325029698199,1.89799343589957,0.000209572535228515,adjoint,2,1,sieve_md,TRUE,
1|0|0|1|0|1|0|1|1|0|0|0|0|1|0|1|0,1,5.41629797513063,1.23936541889488,0.000128041493458031,adjoint,2,1,sieve_md,TRUE,
0|0|0|0|0|1|0|1|1|1|0|0|0|1|0|1|0,1,4.06243377876373,0.475740480380901,0.00132327223928601,adjoint,2,1,sieve_md,TRUE,
1|0|0|1|0|1|0|1|1|1|0|0|0|1|0|1|0,1,4.41041220692192,1.99606744343522,0.0010334877247834,adjoint,2,1,sieve_md,TRUE,
0|0|0|0|0|1|0|1|1|0|0|1|0|1|0|1|0,1,6.44516848176493,13.3699302445255,0.00061317170087392,adjoint,2,1,sieve_md,TRUE,
1|0|0|1|0|1|0|1|1|0|0|1|0|1|0|1|0,1,6.78152396060656,1.23936541889488,0.000662226422127165,adjoint,2,1,sieve_md,TRUE,
0|0|0|0|0|1|0|1|1|1|0|1|0|1|0|1|0,1,4.93720743510318,4.30499761685599,0.00535142998017606,adjoint,2,1,sieve_md,TRUE,
1|0|0|1|0|1|0|1|1|1|0|1|0|1|0|1|0,1,5.28091872858696,6.37173186610135,0.0073794676326703,adjoint,2,1,sieve_md,TRUE,
0|0|0|0|0|1|0|0|0|0|0|0|0|1|0|0|1,1,0,0.141377005031594,0.0155571699618374,adjoint,2,1,sieve_md,TRUE,
1|0|0|1|0|1|0|0|0|0|0|0|0|1|0|0|1,1,0,-0.0166103717641866,0.0133764513277299,adjoint,2,1,sieve_md,TRUE,
0|0|0|0|0|1|0|0|0|1|0|0|0|1|0|0|1,1,0,0.475740846752542,0.00154770976767183,adjoint,2,1,sieve_md,TRUE,
1|0|0|1|0|1|0|0|0|1|0|0|0|1|0|0|1,1,0,0.853551446950587,0.00167969054348541,adjoint,2,1,sieve_md,TRUE,
0|0|0|0|0|1|0|0|0|0|0|1|0|1|0|0|1,1,0,0.452752570666606,0.00250451902352297,adjoint,2,1,sieve_md,TRUE,
1|0|0|1|0|1|0|0|0|0|0|1|0|1|0|0|1,1,0,0.407838005843892,0.00380664773856564,adjoint,2,1,sieve_md,TRUE,
0|0|0|0|0|1|0|0|0|1|0|1|0|1|0|0|1,1,0,1.23936541889488,0.000344394471894864,adjoint,2,1,sieve_md,TRUE,
1|0|0|1|0|1|0|0|0|1|0|1|0|1|0|0|1,1,0,1.23936541889488,0.000659925620129969,adjoint,2,1,sieve_md,TRUE,
0|0|0|0|0|1|0|1|0|0|0|0|0|1|0|0|1,1,-0.573429866020089,0.687560340984954,0.00198729867934651,adjoint,2,1,sieve_md,TRUE,
1|0|0|1|0|1|0|1|0|0|0|0|0|1|0|0|1,1,-0.620565229297335,0.687560340984955,0.00092141272585988,adjoint,2,1,sieve_md,TRUE,
0|0|0|0|0|1|0|1|0|1|0|0|0|1|0|0|1,1,-0.716830807089494,0.687560340984955,0.000218617702892299,adjoint,2,1,sieve_md,TRUE,
1|0|0|1|0|1|0|1|0|1|0|0|0|1|0|0|1,1,-0.792109684668437,1.23936541889488,0.000129573486892272,adjoint,2,1,sieve_md,TRUE,
0|0|0|0|0|1|0|1|0|0|0|1|0|1|0|0|1,1,-0.394547495774881,-0.412633580357124,0.0117089248110534,adjoint,2,1,sieve_md,TRUE,
1|0|0|1|0|1|0|1|0|0|0|1|0|1|0|0|1,1,-0.42268130443532,0.746726720319888,0.00959657180139088,adjoint,2,1,sieve_md,TRUE,
0|0|0|0|0|1|0|1|0|1|0|1|0|1|0|0|1,1,-0.471277754067175,0.475741801195164,0.00178037755177117,adjoint,2,1,sieve_md,TRUE,
1|0|0|1|0|1|0|1|0|1|0|1|0|1|0|0|1,1,-0.515202977734318,0.48635055445674,0.00186312499791628,adjoint,2,1,sieve_md,TRUE,
0|0|0|0|0|1|0|0|1|0|0|0|0|1|0|0|1,1,0,0.521322188639482,0.00221338191283401,adjoint,2,1,sieve_md,TRUE,
1|0|0|1|0|1|0|0|1|0|0|0|0|1|0|0|1,1,0,1.23936541889488,0.00175922753433395,adjoint,2,1,sieve_md,TRUE,
0|0|0|0|0|1|0|0|1|1|0|0|0|1|0|0|1,1,0,0.848906159190402,0.00805889353859645,adjoint,2,1,sieve_md,TRUE,
1|0|0|1|0|1|0|0|1|1|0|0|0|1|0|0|1,1,0,0.132686175730941,0.00808482292015682,adjoint,2,1,sieve_md,TRUE,
0|0|0|0|0|1|0|0|1|0|0|1|0|1|0|0|1,1,0,0.687560340984949,0.000356328118842492,adjoint,2,1,sieve_md,TRUE,
1|0|0|1|0|1|0|0|1|0|0|1|0|1|0|0|1,1,0,0.687560340984946,0.000500637975732181,adjoint,2,1,sieve_md,TRUE,
0|0|0|0|0|1|0|0|1|1|0|1|0|1|0|0|1,1,0,1.23936541889488,0.00179325506774882,adjoint,2,1,sieve_md,TRUE,
1|0|0|1|0|1|0|0|1|1|0|1|0|1|0|0|1,1,0,0.401923737875849,0.00317640758288393,adjoint,2,1,sieve_md,TRUE,
0|0|0|0|0|1|0|1|1|0|0|0|0|1|0|0|1,1,-0.573429866020089,1.23936541889488,0.000220317548879984,adjoint,2,1,sieve_md,TRUE,
1|0|0|1|0|1|0|1|1|0|0|0|0|1|0|0|1,1,-0.620565229297335,1.23936541889488,9.48554713570082e-05,adjoint,2,1,sieve_md,TRUE,
0|0|0|0|0|1|0|1|1|1|0|0|0|1|0|0|1,1,-0.716830807089494,0.687560340984951,0.000887015908355885,adjoint,2,1,sieve_md,TRUE,
1|0|0|1|0|1|0|1|1|1|0|0|0|1|0|0|1,1,-0.792109684668437,0.687560340984931,0.000488185033856091,adjoint,2,1,sieve_md,TRUE,
0|0|0|0|0|1|0|1|1|0|0|1|0|1|0|0|1,1,-0.394547495774881,0.687560340984954,0.00129808450093651,adjoint,2,1,sieve_md,TRUE,
1|0|0|1|0|1|0|1|1|0|0|1|0|1|0|0|1,1,-0.42268130443532,1.23936541889488,0.000987925731959918,adjoint,2,1,sieve_md,TRUE,
0|0|0|0|0|1|0|1|1|1|0|1|0|1|0|0|1,1,-0.471277754067175,0.16166268446855,0.00722367489186694,adjoint,2,1,sieve_md,TRUE,
1|0|0|1|0|1|0|1|1|1|0|1|0|1|0|0|1,1,-0.515202977734318,0.76124404295555,0.00701956674934661,adjoint,2,1,sieve_md,TRUE,
0|0|0|0|0|1|0|0|0|0|0|0|0|1|0|1|1,1,0,0.167501120085221,0.0127371334786173,adjoint,2,1,sieve_md,TRUE,
1|0|0|1|0|1|0|0|0|0|0|0|0|1|0|1|1,1,0,0.377316516218531,0.0127240740983383,adjoint,2,1,sieve_md,TRUE,
0|0|0|0|0|1|0|0|0|1|0|0|0|1|0|1|1,1,0,0.475742755627273,0.00198729867934651,adjoint,2,1,sieve_md,TRUE,
1|0|0|1|0|1|0|0|0|1|0|0|0|1|0|1|1,1,0,0.241614361734787,0.00250580383716602,adjoint,2,1,sieve_md,TRUE,
0|0|0|0|0|1|0|0|0|0|0|1|0|1|0|1|1,1,0,0.816110742757936,0.00137450918292826,adjoint,2,1,sieve_md,TRUE,
1|0|0|1|0|1|0|0|0|0|0|1|0|1|0|1|1,1,0,1.23936541889488,0.00242722576141681,adjoint,2,1,sieve_md,TRUE,
0|0|0|0|0|1|0|0|0|1|0|1|0|1|0|1|1,1,0,0.687560340984947,0.000296423068996605,adjoint,2,1,sieve_md,TRUE,
1|0|0|1|0|1|0|0|0|1|0|1|0|1|0|1|1,1,0,0.687560340984956,0.000659925620129969,adjoint,2,1,sieve_md,TRUE,
0|0|0|0|0|1|0|1|0|0|0|0|0|1|0|1|1,1,5.07325029698199,1.23936541889488,0.00162706254433225,adjoint,2,1,sieve_md,TRUE,
1|0|0|1|0|1|0|1|0|0|0|0|0|1|0|1|1,1,5.41629797513062,1.23936541889488,0.000876474896947328,adjoint,2,1,sieve_md,TRUE,
0|0|0|0|0|1|0|1|0|1|0|0|0|1|0|1|1,1,4.06243377876374,1.23936541889488,0.000280710687051601,adjoint,2,1,sieve_md,TRUE,
1|0|0|1|0|1|0|1|0|1|0|0|0|1|0|1|1,1,4.41041220692192,1.89883221895303,0.000193300927905388,adjoint,2,1,sieve_md,TRUE,
0|0|0|0|0|1|0|1|0|0|0|1|0|1|0|1|1,1,6.44516848176493,4.5331770231715,0.00642599418245614,adjoint,2,1,sieve_md,TRUE,
1|0|0|1|0|1|0|1|0|0|0|1|0|1|0|1|1,1,6.78152396060657,4.66088318717657,0.0061190443396265,adjoint,2,1,sieve_md,TRUE,
0|0|0|0|0|1|0|1|0|1|0|1|0|1|0|1|1,1,4.93720743510318,2.43390845537385,0.00153238515985756,adjoint,2,1,sieve_md,TRUE,
1|0|0|1|0|1|0|1|0|1|0|1|0|1|0|1|1,1,5.28091872858696,1.23936541889488,0.00186312499791628,adjoint,2,1,sieve_md,TRUE,
0|0|0|0|0|1|0|0|1|0|0|0|0|1|0|1|1,1,0,0.488386959810181,0.00181216384034378,adjoint,2,1,sieve_md,TRUE,
1|0|0|1|0|1|0|0|1|0|0|0|0|1|0|1|1,1,0,0.687560340984954,0.00167342899505029,adjoint,2,1,sieve_md,TRUE,
0|0|0|0|0|1|0|0|1|1|0|0|0|1|0|1|1,1,0,0.356912613301338,0.0103478241339385,adjoint,2,1,sieve_md,TRUE,
1|0|0|1|0|1|0|0|1|1|0|0|0|1|0|1|1,1,0,0.164530781819114,0.0120611385083462,adjoint,2,1,sieve_md,TRUE,
0|0|0|0|0|1|0|0|1|0|0|1|0|1|0|1|1,1,0,1.23936541889488,0.000195557017888255,adjoint,2,1,sieve_md,TRUE,
1|0|0|1|0|1|0|0|1|0|0|1|0|1|0|1|1,1,0,1.23936541889488,0.000319220867097777,adjoint,2,1,sieve_md,TRUE,
0|0|0|0|0|1|0|0|1|1|0|1|0|1|0|1|1,1,0,0.687557844575683,0.00154346894057606,adjoint,2,1,sieve_md,TRUE,
1|0|0|1|0|1|0|0|1|1|0|1|0|1|0|1|1,1,0,0.250548097498175,0.00317640758288393,adjoint,2,1,sieve_md,TRUE,
0|0|0|0|0|1|0|1|1|0|0|0|0|1|0|1|1,1,5.07325029698199,1.23936541889488,0.000180380752710804,adjoint,2,1,sieve_md,TRUE,
1|0|0|1|0|1|0|1|1|0|0|0|0|1|0|1|1,1,5.41629797513062,1.23936541889488,9.02293154296708e-05,adjoint,2,1,sieve_md,TRUE,
0|0|0|0|0|1|0|1|1|1|0|0|0|1|0|1|1,1,4.06243377876374,3.32606155629832,0.00113895097133532,adjoint,2,1,sieve_md,TRUE,
1|0|0|1|0|1|0|1|1|1|0|0|0|1|0|1|1,1,4.41041220692192,1.23936541889488,0.000728286490525357,adjoint,2,1,sieve_md,TRUE,
0|0|0|0|0|1|0|1|1|0|0|1|0|1|0|1|1,1,6.44516848176493,1.23936541889488,0.000712403878747265,adjoint,2,1,sieve_md,TRUE,
1|0|0|1|0|1|0|1|1|0|0|1|0|1|0|1|1,1,6.78152396060657,16.5286353762776,0.00062992925840919,adjoint,2,1,sieve_md,TRUE,
0|0|0|0|0|1|0|1|1|1|0|1|0|1|0|1|1,1,4.93720743510318,4.27390451218481,0.00621747459853129,adjoint,2,1,sieve_md,TRUE,
1|0|0|1|0|1|0|1|1|1|0|1|0|1|0|1|1,1,5.28091872858696,2.58977932660459,0.00701956674934661,adjoint,2,1,sieve_md,TRUE,
0|0|0|0|0|1|0|0|0|0|1|0|1|0|0|0|0,0,0,-0.657267607515005,0.0705287906750812,adjoint,2,1,landweber,TRUE,
0|0|0|0|0|1|0|0|0|0|0|0|0|1|0|0|0,1,0,-1.81364912037117,0.0180748527816066,adjoint,2,1,landweber,TRUE,
1|0|0|1|0|1|0|0|0|0|0|0|0|1|0|0|0,1,0,-1.01747464345004,0.0189820879945186,adjoint,2,1,landweber,TRUE,
0|0|0|0|0|1|0|0|0|1|0|0|0|1|0|0|0,1,0,-2.55952968049978,0.00179818220588617,adjoint,2,1,landweber,TRUE,
1|0|0|1|0|1|0|0|0|1|0|0|0|1|0|0|0,1,0,-1.76335520357866,0.00238359434193912,adjoint,2,1,landweber,TRUE,
0|0|0|0|0|1|0|0|0|0|0|1|0|1|0|0|0,1,0,-0.894228985898208,0.00215565950065452,adjoint,2,1,landweber,TRUE,
1|0|0|1|0|1|0|0|0|0|0|1|0|1|0|0|0,1,0,-0.0980545089770828,0.00400181874163921,adjoint,2,1,landweber,TRUE,
0|0|0|0|0|1|0|0|0|1|0|1|0|1|0|0|0,1,0,-1.64010954602682,0.000296423068996605,adjoint,2,1,landweber,TRUE,
1|0|0|1|0|1|0|0|0|1|0|1|0|1|0|0|0,1,0,-0.843935069105694,0.000693760730200661,adjoint,2,1,landweber,TRUE,
0|0|0|0|0|1|0|1|0|0|1|0|1|0|0|0|0,0,0,0.732551396263792,0.0721653351064229,adjoint,2,1,landweber,TRUE,
0|0|0|0|0|1|0|1|0|0|0|0|0|1|0|0|0,1,-0.638327563181795,-0.423830116592372,0.00230891165619347,adjoint,2,1,landweber,TRUE,
1|0|0|1|0|1|0|1|0|0|0|0|0|1|0|0|0,1,-0.679671681671697,0.372344360328754,0.00130754689812861,adjoint,2,1,landweber,TRUE,
0|0|0|0|0|1|0|1|0|1|0|0|0|1|0|0|0,1,-0.790786620321217,-1.16971067672098,0.000253997533286871,adjoint,2,1,landweber,TRUE,
1|0|0|1|0|1|0|1|0|1|0|0|0|1|0|0|0,1,-0.853479694592254,-0.373536199799858,0.000183873530406896,adjoint,2,1,landweber,TRUE,
0|0|0|0|0|1|0|1|0|0|0|1|0|1|0|0|0,1,-0.436414949846251,0.495590017880589,0.0100779649802349,adjoint,2,1,landweber,TRUE,
1|0|0|1|0|1|0|1|0|0|0|1|0|1|0|0|0,1,-0.459632707523292,1.29176449480171,0.0100885985590994,adjoint,2,1,landweber,TRUE,
0|0|0|0|0|1|0|1|0|1|0|1|0|1|0|0|0,1,-0.517728138299926,-0.250290542248023,0.00153238515985756,adjoint,2,1,landweber,TRUE,
1|0|0|1|0|1|0|1|0|1|0|1|0|1|0|0|0,1,-0.552385132542596,0.545883934673103,0.00195864945924502,adjoint,2,1,landweber,TRUE,
0|0|0|0|0|1|0|0|1|0|1|0|1|0|0|0|0,0,0,-0.32262911550823,0.0714379973170373,adjoint,2,1,landweber,TRUE,
0|0|0|0|0|1|0|0|1|0|0|0|0|1|0|0|0,1,0,-1.47901062836439,0.00257158289856599,adjoint,2,1,landweber,TRUE,
1|0|0|1|0|1|0|0|1|0|0|0|0|1|0|0|0,1,0,-0.682836151443268,0.00249646270456503,adjoint,2,1,landweber,TRUE,
0|0|0|0|0|1|0|0|1|1|0|0|0|1|0|0|0,1,0,-2.224891188493,0.00936309847164306,adjoint,2,1,landweber,TRUE,
1|0|0|1|0|1|0|0|1|1|0|0|0|1|0|0|0,1,0,-1.42871671157188,0.0114729098421175,adjoint,2,1,landweber,TRUE,
0|0|0|0|0|1|0|0|1|0|0|1|0|1|0|0|0,1,0,-0.559590493891432,0.000306694454112269,adjoint,2,1,landweber,TRUE,
1|0|0|1|0|1|0|0|1|0|0|1|0|1|0|0|0,1,0,0.236583983029693,0.000526306233635443,adjoint,2,1,landweber,TRUE,
0|0|0|0|0|1|0|0|1|1|0|1|0|1|0|0|0,1,0,-1.30547105402004,0.00154346894057606,adjoint,2,1,landweber,TRUE,
1|0|0|1|0|1|0|0|1|1|0|1|0|1|0|0|0,1,0,-0.509296577098918,0.0033392654821955,adjoint,2,1,landweber,TRUE,
0|0|0|0|0|1|0|1|1|0|1|0|1|0|0|0|0,0,0,1.06718988827057,0.0701196450238517,adjoint,2,1,landweber,TRUE,
0|0|0|0|0|1|0|1|1|0|0|0|0|1|0|0|0,1,-0.638327563181795,-0.0891916245855959,0.000255972472562728,adjoint,2,1,landweber,TRUE,
1|0|0|1|0|1|0|1|1|0|0|0|0|1|0|0|0,1,-0.679671681671697,0.706982852335529,0.000134606321209248,adjoint,2,1,landweber,TRUE,
0|0|0|0|0|1|0|1|1|1|0|0|0|1|0|0|0,1,-0.790786620321217,-0.835072184714208,0.0010305654561726,adjoint,2,1,landweber,TRUE,
1|0|0|1|0|1|0|1|1|1|0|0|0|1|0|0|0,1,-0.853479694592254,-0.0388977077930821,0.00069276753925408,adjoint,2,1,landweber,TRUE,
0|0|0|0|0|1|0|1|1|0|0|1|0|1|0|0|0,1,-0.436414949846251,0.830228509887365,0.0011172716840298,adjoint,2,1,landweber,TRUE,
1|0|0|1|0|1|0|1|1|0|0|1|0|1|0|0|0,1,-0.459632707523292,1.62640298680849,0.00103857776737559,adjoint,2,1,landweber,TRUE,
0|0|0|0|0|1|0|1|1|1|0|1|0|1|0|0|0,1,-0.517728138299926,0.0843479497587534,0.00621747459853129,adjoint,2,1,landweber,TRUE,
1|0|0|1|0|1|0|1|1|1|0|1|0|1|0|0|0,1,-0.552385132542596,0.880522426679879,0.0073794676326703,adjoint,2,1,landweber,TRUE,
1|0|0|1|0|1|0|0|0|0|1|0|1|0|0|0|0,0,0,0.13890686940612,0.0677168438749167,adjoint,2,1,landweber,TRUE,
1|0|0|1|0|1|0|1|0|0|1|0|1|0|0|0|0,0,2.56831218549017,1.52872587318492,0.0547623847574702,adjoint,2,1,landweber,TRUE,
1|0|0|1|0|1|0|0|1|0|1|0|1|0|0|0|0,0,0,0.473545361412896,0.077092739759399,adjoint,2,1,landweber,TRUE,
1|0|0|1|0|1|0|1|1|0|1|0|1|0|0|0|0,0,2.56831218549017,1.86336436519169,0.0594000062445497,adjoint,2,1,landweber,TRUE,
0|0|0|0|0|1|0|0|0|0|0|0|0|1|0|1|0,1,0,1.71411809886661,0.0147984378296584,adjoint,2,1,landweber,TRUE,
1|0|0|1|0|1|0|0|0|0|0|0|0|1|0|1|0,1,0,2.51029257578773,0.0180563206388479,adjoint,2,1,landweber,TRUE,
0|0|0|0|0|1|0|0|0|1|0|0|0|1|0|1|0,1,0,0.968237538737997,0.00230891165619347,adjoint,2,1,landweber,TRUE,
1|0|0|1|0|1|0|0|0|1|0|0|0|1|0|1|0,1,0,1.76441201565912,0.00355590490846276,adjoint,2,1,landweber,TRUE,
0|0|0|0|0|1|0|0|0|0|0|1|0|1|0|1|0,1,0,2.63353823333957,0.00118305101741584,adjoint,2,1,landweber,TRUE,
1|0|0|1|0|1|0|0|0|0|0|1|0|1|0|1|0,1,0,3.4297127102607,0.00255167228735678,adjoint,2,1,landweber,TRUE,
0|0|0|0|0|1|0|0|0|1|0|1|0|1|0|1|0,1,0,1.88765767321096,0.000255133699881773,adjoint,2,1,landweber,TRUE,
1|0|0|1|0|1|0|0|0|1|0|1|0|1|0|1|0,1,0,2.68383215013208,0.000693760730200661,adjoint,2,1,landweber,TRUE,
0|0|0|0|0|1|0|1|0|0|0|0|0|1|0|1|0,1,5.07325029698199,3.10393710264541,0.00189037697906581,adjoint,2,1,landweber,TRUE,
1|0|0|1|0|1|0|1|0|0|0|0|0|1|0|1|0,1,5.41629797513063,3.90011157956653,0.00124377708341457,adjoint,2,1,landweber,TRUE,
0|0|0|0|0|1|0|1|0|1|0|0|0|1|0|1|0,1,4.06243377876373,2.35805654251679,0.000326139288516333,adjoint,2,1,landweber,TRUE,
1|0|0|1|0|1|0|1|0|1|0|0|0|1|0|1|0,1,4.41041220692192,3.15423101943792,0.000274307073903501,adjoint,2,1,landweber,TRUE,
0|0|0|0|0|1|0|1|0|0|0|1|0|1|0|1|0,1,6.44516848176493,4.02335723711837,0.00553090444930101,adjoint,2,1,landweber,TRUE,
1|0|0|1|0|1|0|1|0|0|0|1|0|1|0|1|0,1,6.78152396060656,4.81953171403949,0.00643277445169266,adjoint,2,1,landweber,TRUE,
0|0|0|0|0|1|0|1|0|1|0|1|0|1|0|1|0,1,4.93720743510318,3.27747667698976,0.00131893613004479,adjoint,2,1,landweber,TRUE,
1|0|0|1|0|1|0|1|0|1|0|1|0|1|0|1|0,1,5.28091872858696,4.07365115391088,0.00195864945924502,adjoint,2,1,landweber,TRUE,
0|0|0|0|0|1|0|0|1|0|0|0|0|1|0|1|0,1,0,2.04875659087338,0.00210543400314539,adjoint,2,1,landweber,TRUE,
1|0|0|1|0|1|0|0|1|0|0|0|0|1|0|1|0,1,0,2.84493106779451,0.00237470878175089,adjoint,2,1,landweber,TRUE,
0|0|0|0|0|1|0|0|1|1|0|0|0|1|0|1|0,1,0,1.30287603074477,0.0120224564165398,adjoint,2,1,landweber,TRUE,
1|0|0|1|0|1|0|0|1|1|0|0|0|1|0|1|0,1,0,2.0990505076659,0.0171155702562825,adjoint,2,1,landweber,TRUE,
0|0|0|0|0|1|0|0|1|0|0|1|0|1|0|1|0,1,0,2.96817672534635,0.000168317485142319,adjoint,2,1,landweber,TRUE,
1|0|0|1|0|1|0|0|1|0|0|1|0|1|0|1|0,1,0,3.76435120226747,0.000335587670939985,adjoint,2,1,landweber,TRUE,
0|0|0|0|0|1|0|0|1|1|0|1|0|1|0|1|0,1,0,2.22229616521773,0.00132847602851815,adjoint,2,1,landweber,TRUE,
1|0|0|1|0|1|0|0|1|1|0|1|0|1|0|1|0,1,0,3.01847064213886,0.0033392654821955,adjoint,2,1,landweber,TRUE,
0|0|0|0|0|1|0|1|1|0|0|0|0|1|0|1|0,1,5.07325029698199,3.43857559465218,0.000209572535228515,adjoint,2,1,landweber,TRUE,
1|0|0|1|0|1|0|1|1|0|0|0|0|1|0|1|0,1,5.41629797513063,4.23475007157331,0.000128041493458031,adjoint,2,1,landweber,TRUE,
0|0|0|0|0|1|0|1|1|1|0|0|0|1|0|1|0,1,4.06243377876373,2.69269503452357,0.00132327223928601,adjoint,2,1,landweber,TRUE,
1|0|0|1|0|1|0|1|1|1|0|0|0|1|0|1|0,1,4.41041220692192,3.4888695114447,0.0010334877247834,adjoint,2,1,landweber,TRUE,
0|0|0|0|0|1|0|1|1|0|0|1|0|1|0|1|0,1,6.44516848176493,4.35799572912514,0.00061317170087392,adjoint,2,1,landweber,TRUE,
1|0|0|1|0|1|0|1|1|0|0|1|0|1|0|1|0,1,6.78152396060656,5.15417020604627,0.000662226422127165,adjoint,2,1,landweber,TRUE,
0|0|0|0|0|1|0|1|1|1|0|1|0|1|0|1|0,1,4.93720743510318,3.61211516899653,0.00535142998017606,adjoint,2,1,landweber,TRUE,
1|0|0|1|0|1|0|1|1|1|0|1|0|1|0|1|0,1,5.28091872858696,4.40828964591766,0.0073794676326703,adjoint,2,1,landweber,TRUE,
0|0|0|0|0|1|0|0|0|0|0|0|0|1|0|0|1,1,0,-1.89714356562184,0.0155571699618374,adjoint,2,1,landweber,TRUE,
1|0|0|1|0|1|0|0|0|0|0|0|0|1|0|0|1,1,0,-1.10096908870072,0.0133764513277299,adjoint,2,1,landweber,TRUE,
0|0|0|0|0|1|0|0|0|1|0|0|0|1|0|0|1,1,0,-2.64302412575046,0.00154770976767183,adjoint,2,1,landweber,TRUE,
1|0|0|1|0|1|0|0|0|1|0|0|0|1|0|0|1,1,0,-1.84684964882933,0.00167969054348541,adjoint,2,1,landweber,TRUE,
0|0|0|0|0|1|0|0|0|0|0|1|0|1|0|0|1,1,0,-0.977723431148883,0.00250451902352297,adjoint,2,1,landweber,TRUE,
1|0|0|1|0|1|0|0|0|0|0|1|0|1|0|0|1,1,0,-0.181548954227757,0.00380664773856564,adjoint,2,1,landweber,TRUE,
0|0|0|0|0|1|0|0|0|1|0|1|0|1|0|0|1,1,0,-1.72360399127749,0.000344394471894864,adjoint,2,1,landweber,TRUE,
1|0|0|1|0|1|0|0|0|1|0|1|0|1|0|0|1,1,0,-0.927429514356369,0.000659925620129969,adjoint,2,1,landweber,TRUE,
0|0|0|0|0|1|0|1|0|0|0|0|0|1|0|0|1,1,-0.573429866020089,-0.507324561843046,0.00198729867934651,adjoint,2,1,landweber,TRUE,
1|0|0|1|0|1|0|1|0|0|0|0|0|1|0|0|1,1,-0.620565229297335,0.288849915078079,0.00092141272585988,adjoint,2,1,landweber,TRUE,
0|0|0|0|0|1|0|1|0|1|0|0|0|1|0|0|1,1,-0.716830807089494,-1.25320512197166,0.000218617702892299,adjoint,2,1,landweber,TRUE,
1|0|0|1|0|1|0|1|0|1|0|0|0|1|0|0|1,1,-0.792109684668437,-0.457030645050532,0.000129573486892272,adjoint,2,1,landweber,TRUE,
0|0|0|0|0|1|0|1|0|0|0|1|0|1|0|0|1,1,-0.394547495774881,0.412095572629915,0.0117089248110534,adjoint,2,1,landweber,TRUE,
1|0|0|1|0|1|0|1|0|0|0|1|0|1|0|0|1,1,-0.42268130443532,1.20827004955104,0.00959657180139088,adjoint,2,1,landweber,TRUE,
0|0|0|0|0|1|0|1|0|1|0|1|0|1|0|0|1,1,-0.471277754067175,-0.333784987498697,0.00178037755177117,adjoint,2,1,landweber,TRUE,
1|0|0|1|0|1|0|1|0|1|0|1|0|1|0|0|1,1,-0.515202977734318,0.462389489422429,0.00186312499791628,adjoint,2,1,landweber,TRUE,
0|0|0|0|0|1|0|0|1|0|0|0|0|1|0|0|1,1,0,-1.56250507361507,0.00221338191283401,adjoint,2,1,landweber,TRUE,
1|0|0|1|0|1|0|0|1|0|0|0|0|1|0|0|1,1,0,-0.766330596693942,0.00175922753433395,adjoint,2,1,landweber,TRUE,
0|0|0|0|0|1|0|0|1|1|0|0|0|1|0|0|1,1,0,-2.30838563374368,0.00805889353859645,adjoint,2,1,landweber,TRUE,
1|0|0|1|0|1|0|0|1|1|0|0|0|1|0|0|1,1,0,-1.51221115682255,0.00808482292015682,adjoint,2,1,landweber,TRUE,
0|0|0|0|0|1|0|0|1|0|0|1|0|1|0|0|1,1,0,-0.643084939142107,0.000356328118842492,adjoint,2,1,landweber,TRUE,
1|0|0|1|0|1|0|0|1|0|0|1|0|1|0|0|1,1,0,0.153089537779019,0.000500637975732181,adjoint,2,1,landweber,TRUE,
0|0|0|0|0|1|0|0|1|1|0|1|0|1|0|0|1,1,0,-1.38896549927072,0.00179325506774882,adjoint,2,1,landweber,TRUE,
1|0|0|1|0|1|0|0|1|1|0|1|0|1|0|0|1,1,0,-0.592791022349593,0.00317640758288393,adjoint,2,1,landweber,TRUE,
0|0|0|0|0|1|0|1|1|0|0|0|0|1|0|0|1,1,-0.573429866020089,-0.17268606983627,0.000220317548879984,adjoint,2,1,landweber,TRUE,
1|0|0|1|0|1|0|1|1|0|0|0|0|1|0|0|1,1,-0.620565229297335,0.623488407084855,9.48554713570082e-05,adjoint,2,1,landweber,TRUE,
0|0|0|0|0|1|0|1|1|1|0|0|0|1|0|0|1,1,-0.716830807089494,-0.918566629964882,0.000887015908355885,adjoint,2,1,landweber,TRUE,
1|0|0|1|0|1|0|1|1|1|0|0|0|1|0|0|1,1,-0.792109684668437,-0.122392153043757,0.000488185033856091,adjoint,2,1,landweber,TRUE,
0|0|0|0|0|1|0|1|1|0|0|1|0|1|0|0|1,1,-0.394547495774881,0.746734064636691,0.00129808450093651,adjoint,2,1,landweber,TRUE,
1|0|0|1|0|1|0|1|1|0|0|1|0|1|0|0|1,1,-0.42268130443532,1.54290854155782,0.000987925731959918,adjoint,2,1,landweber,TRUE,
0|0|0|0|0|1|0|1|1|1|0|1|0|1|0|0|1,1,-0.471277754067175,0.000853504508078889,0.00722367489186694,adjoint,2,1,landweber,TRUE,
1|0|0|1|0|1|0|1|1|1|0|1|0|1|0|0|1,1,-0.515202977734318,0.797027981429204,0.00701956674934661,adjoint,2,1,landweber,TRUE,
0|0|0|0|0|1|0|0|0|0|0|0|0|1|0|1|1,1,0,1.63062365361593,0.0127371334786173,adjoint,2,1,landweber,TRUE,
1|0|0|1|0|1|0|0|0|0|0|0|0|1|0|1|1,1,0,2.42679813053706,0.0127240740983383,adjoint,2,1,landweber,TRUE,
0|0|0|0|0|1|0|0|0|1|0|0|0|1|0|1|1,1,0,0.884743093487323,0.00198729867934651,adjoint,2,1,landweber,TRUE,
1|0|0|1|0|1|0|0|0|1|0|0|0|1|0|1|1,1,0,1.68091757040845,0.00250580383716602,adjoint,2,1,landweber,TRUE,
0|0|0|0|0|1|0|0|0|0|0|1|0|1|0|1|1,1,0,2.5500437880889,0.00137450918292826,adjoint,2,1,landweber,TRUE,
1|0|0|1|0|1|0|0|0|0|0|1|0|1|0|1|1,1,0,3.34621826501002,0.00242722576141681,adjoint,2,1,landweber,TRUE,
0|0|0|0|0|1|0|0|0|1|0|1|0|1|0|1|1,1,0,1.80416322796028,0.000296423068996605,adjoint,2,1,landweber,TRUE,
1|0|0|1|0|1|0|0|0|1|0|1|0|1|0|1|1,1,0,2.60033770488141,0.000659925620129969,adjoint,2,1,landweber,TRUE,
0|0|0|0|0|1|0|1|0|0|0|0|0|1|0|1|1,1,5.07325029698199,3.02044265739473,0.00162706254433225,adjoint,2,1,landweber,TRUE,
1|0|0|1|0|1|0|1|0|0|0|0|0|1|0|1|1,1,5.41629797513062,3.81661713431586,0.000876474896947328,adjoint,2,1,landweber,TRUE,
0|0|0|0|0|1|0|1|0|1|0|0|0|1|0|1|1,1,4.06243377876374,2.27456209726612,0.000280710687051601,adjoint,2,1,landweber,TRUE,
1|0|0|1|0|1|0|1|0|1|0|0|0|1|0|1|1,1,4.41041220692192,3.07073657418725,0.000193300927905388,adjoint,2,1,landweber,TRUE,
0|0|0|0|0|1|0|1|0|0|0|1|0|1|0|1|1,1,6.44516848176493,3.93986279186769,0.00642599418245614,adjoint,2,1,landweber,TRUE,
1|0|0|1|0|1|0|1|0|0|0|1|0|1|0|1|1,1,6.78152396060657,4.73603726878882,0.0061190443396265,adjoint,2,1,landweber,TRUE,
0|0|0|0|0|1|0|1|0|1|0|1|0|1|0|1|1,1,4.93720743510318,3.19398223173908,0.00153238515985756,adjoint,2,1,landweber,TRUE,
1|0|0|1|0|1|0|1|0|1|0|1|0|1|0|1|1,1,5.28091872858696,3.99015670866021,0.00186312499791628,adjoint,2,1,landweber,TRUE,
0|0|0|0|0|1|0|0|1|0|0|0|0|1|0|1|1,1,0,1.96526214562271,0.00181216384034378,adjoint,2,1,landweber,TRUE,
1|0|0|1|0|1|0|0|1|0|0|0|0|1|0|1|1,1,0,2.76143662254384,0.00167342899505029,adjoint,2,1,landweber,TRUE,
0|0|0|0|0|1|0|0|1|1|0|0|0|1|0|1|1,1,0,1.2193815854941,0.0103478241339385,adjoint,2,1,landweber,TRUE,
1|0|0|1|0|1|0|0|1|1|0|0|0|1|0|1|1,1,0,2.01555606241522,0.0120611385083462,adjoint,2,1,landweber,TRUE,
0|0|0|0|0|1|0|0|1|0|0|1|0|1|0|1|1,1,0,2.88468228009567,0.000195557017888255,adjoint,2,1,landweber,TRUE,
1|0|0|1|0|1|0|0|1|0|0|1|0|1|0|1|1,1,0,3.6808567570168,0.000319220867097777,adjoint,2,1,landweber,TRUE,
0|0|0|0|0|1|0|0|1|1|0|1|0|1|0|1|1,1,0,2.13880171996706,0.00154346894057606,adjoint,2,1,landweber,TRUE,
1|0|0|1|0|1|0|0|1|1|0|1|0|1|0|1|1,1,0,2.93497619688818,0.00317640758288393,adjoint,2,1,landweber,TRUE,
0|0|0|0|0|1|0|1|1|0|0|0|0|1|0|1|1,1,5.07325029698199,3.35508114940151,0.000180380752710804,adjoint,2,1,landweber,TRUE,
1|0|0|1|0|1|0|1|1|0|0|0|0|1|0|1|1,1,5.41629797513062,4.15125562632263,9.02293154296708e-05,adjoint,2,1,landweber,TRUE,
0|0|0|0|0|1|0|1|1|1|0|0|0|1|0|1|1,1,4.06243377876374,2.6092005892729,0.00113895097133532,adjoint,2,1,landweber,TRUE,
1|0|0|1|0|1|0|1|1|1|0|0|0|1|0|1|1,1,4.41041220692192,3.40537506619402,0.000728286490525357,adjoint,2,1,landweber,TRUE,
0|0|0|0|0|1|0|1|1|0|0|1|0|1|0|1|1,1,6.44516848176493,4.27450128387447,0.000712403878747265,adjoint,2,1,landweber,TRUE,
1|0|0|1|0|1|0|1|1|0|0|1|0|1|0|1|1,1,6.78152396060657,5.07067576079559,0.00062992925840919,adjoint,2,1,landweber,TRUE,
0|0|0|0|0|1|0|1|1|1|0|1|0|1|0|1|1,1,4.93720743510318,3.52862072374586,0.00621747459853129,adjoint,2,1,landweber,TRUE,
1|0|0|1|0|1|0|1|1|1|0|1|0|1|0|1|1,1,5.28091872858696,4.32479520066698,0.00701956674934661,adjoint,2,1,landweber,TRUE,
0|0|0|0|0|1|0|0|0|0|1|0|1|0|0|0|0,0,0,-0.615335221665314,0.0705287906750812,adjoint,2,1,pmmr,TRUE,
0|0|0|0|0|1|0|0|0|0|0|0|0|1|0|0|0,1,0,-0.760010949122747,0.0180748527816066,adjoint,2,1,pmmr,TRUE,
1|0|0|1|0|1|0|0|0|0|0|0|0|1|0|0|0,1,0,-0.292301323745702,0.0189820879945186,adjoint,2,1,pmmr,TRUE,
0|0|0|0|0|1|0|0|0|1|0|0|0|1|0|0|0,1,0,-0.765703071843022,0.00179818220588617,adjoint,2,1,pmmr,TRUE,
1|0|0|1|0|1|0|0|0|1|0|0|0|1|0|0|0,1,0,-0.440441648291462,0.00238359434193912,adjoint,2,1,pmmr,TRUE,
0|0|0|0|0|1|0|0|0|0|0|1|0|1|0|0|0,1,0,0.0902627657673685,0.00215565950065452,adjoint,2,1,pmmr,TRUE,
1|0|0|1|0|1|0|0|0|0|0|1|0|1|0|0|0,1,0,0.497872967160626,0.00400181874163921,adjoint,2,1,pmmr,TRUE,
0|0|0|0|0|1|0|0|0|1|0|1|0|1|0|0|0,1,0,0.102067557566574,0.000296423068996605,adjoint,2,1,pmmr,TRUE,
1|0|0|1|0|1|0|0|0|1|0|1|0|1|0|0|0,1,0,0.408192819074417,0.000693760730200661,adjoint,2,1,pmmr,TRUE,
0|0|0|0|0|1|0|1|0|0|1|0|1|0|0|0|0,0,0,0.4625297284175,0.0721653351064229,adjoint,2,1,pmmr,TRUE,
0|0|0|0|0|1|0|1|0|0|0|0|0|1|0|0|0,1,-0.638327563181795,0.385782403480804,0.00230891165619347,adjoint,2,1,pmmr,TRUE,
1|0|0|1|0|1|0|1|0|0|0|0|0|1|0|0|0,1,-0.679671681671697,1.01454863341338,0.00130754689812861,adjoint,2,1,pmmr,TRUE,
0|0|0|0|0|1|0|1|0|1|0|0|0|1|0|0|0,1,-0.790786620321217,0.303946706324102,0.000253997533286871,adjoint,2,1,pmmr,TRUE,
1|0|0|1|0|1|0|1|0|1|0|0|0|1|0|0|0,1,-0.853479694592254,0.788209895275818,0.000183873530406896,adjoint,2,1,pmmr,TRUE,
0|0|0|0|0|1|0|1|0|0|0|1|0|1|0|0|0,1,-0.436414949846251,1.15914867278578,0.0100779649802349,adjoint,2,1,pmmr,TRUE,
1|0|0|1|0|1|0|1|0|0|0|1|0|1|0|0|0,1,-0.459632707523292,1.70849680548145,0.0100885985590994,adjoint,2,1,pmmr,TRUE,
0|0|0|0|0|1|0|1|0|1|0|1|0|1|0|0|0,1,-0.517728138299926,1.10506008359761,0.00153238515985756,adjoint,2,1,pmmr,TRUE,
1|0|0|1|0|1|0|1|0|1|0|1|0|1|0|0|0,1,-0.552385132542596,1.55275507327815,0.00195864945924502,adjoint,2,1,pmmr,TRUE,
0|0|0|0|0|1|0|0|1|0|1|0|1|0|0|0|0,0,0,-0.420095735414069,0.0714379973170373,adjoint,2,1,pmmr,TRUE,
0|0|0|0|0|1|0|0|1|0|0|0|0|1|0|0|0,1,0,-0.560122297589911,0.00257158289856599,adjoint,2,1,pmmr,TRUE,
1|0|0|1|0|1|0|0|1|0|0|0|0|1|0|0|0,1,0,-0.0894630530128563,0.00249646270456503,adjoint,2,1,pmmr,TRUE,
0|0|0|0|0|1|0|0|1|1|0|0|0|1|0|0|0,1,0,-0.669215850045834,0.00936309847164306,adjoint,2,1,pmmr,TRUE,
1|0|0|1|0|1|0|0|1|1|0|0|0|1|0|0|0,1,0,-0.361155889426692,0.0114729098421175,adjoint,2,1,pmmr,TRUE,
0|0|0|0|0|1|0|0|1|0|0|1|0|1|0|0|0,1,0,0.201171130905906,0.000306694454112269,adjoint,2,1,pmmr,TRUE,
1|0|0|1|0|1|0|0|1|0|0|1|0|1|0|0|0,1,0,0.610945618858634,0.000526306233635443,adjoint,2,1,pmmr,TRUE,
0|0|0|0|0|1|0|0|1|1|0|1|0|1|0|0|0,1,0,0.122499551862702,0.00154346894057606,adjoint,2,1,pmmr,TRUE,
1|0|0|1|0|1|0|0|1|1|0|1|0|1|0|0|0,1,0,0.411674761337209,0.0033392654821955,adjoint,2,1,pmmr,TRUE,
0|0|0|0|0|1|0|1|1|0|1|0|1|0|0|0|0,0,0,0.662168586860346,0.0701196450238517,adjoint,2,1,pmmr,TRUE,
0|0|0|0|0|1|0|1|1|0|0|0|0|1|0|0|0,1,-0.638327563181795,0.577268740688618,0.000255972472562728,adjoint,2,1,pmmr,TRUE,
1|0|0|1|0|1|0|1|1|0|0|0|0|1|0|0|0,1,-0.679671681671697,1.20720823016778,0.000134606321209248,adjoint,2,1,pmmr,TRUE,
0|0|0|0|0|1|0|1|1|1|0|0|0|1|0|0|0,1,-0.790786620321217,0.393957700680562,0.0010305654561726,adjoint,2,1,pmmr,TRUE,
1|0|0|1|0|1|0|1|1|1|0|0|0|1|0|0|0,1,-0.853479694592254,0.860079405329902,0.00069276753925408,adjoint,2,1,pmmr,TRUE,
0|0|0|0|0|1|0|1|1|0|0|1|0|1|0|0|0,1,-0.436414949846251,1.25610374545156,0.0011172716840298,adjoint,2,1,pmmr,TRUE,
1|0|0|1|0|1|0|1|1|0|0|1|0|1|0|0|0,1,-0.459632707523292,1.80584220279681,0.00103857776737559,adjoint,2,1,pmmr,TRUE,
0|0|0|0|0|1|0|1|1|1|0|1|0|1|0|0|0,1,-0.517728138299926,1.11322158159183,0.00621747459853129,adjoint,2,1,pmmr,TRUE,
1|0|0|1|0|1|0|1|1|1|0|1|0|1|0|0|0,1,-0.552385132542596,1.542781329447,0.0073794676326703,adjoint,2,1,pmmr,TRUE,
1|0|0|1|0|1|0|0|0|0|1|0|1|0|0|0|0,0,0,0.532698661931126,0.0677168438749167,adjoint,2,1,pmmr,TRUE,
1|0|0|1|0|1|0|1|0|0|1|0|1|0|0|0|0,0,2.56831218549017,1.78893192597514,0.0547623847574702,adjoint,2,1,pmmr,TRUE,
1|0|0|1|0|1|0|0|1|0|1|0|1|0|0|0|0,0,0,0.742592070311938,0.077092739759399,adjoint,2,1,pmmr,TRUE,
1|0|0|1|0|1|0|1|1|0|1|0|1|0|0|0|0,0,2.56831218549017,2.00227640202886,0.0594000062445497,adjoint,2,1,pmmr,TRUE,
0|0|0|0|0|1|0|0|0|0|0|0|0|1|0|1|0,1,0,0.624900349692243,0.0147984378296584,adjoint,2,1,pmmr,TRUE,
1|0|0|1|0|1|0|0|0|0|0|0|0|1|0|1|0,1,0,0.939054808938402,0.0180563206388479,adjoint,2,1,pmmr,TRUE,
0|0|0|0|0|1|0|0|0|1|0|0|0|1|0|1|0,1,0,0.618729060418067,0.00230891165619347,adjoint,2,1,pmmr,TRUE,
1|0|0|1|0|1|0|0|0|1|0|0|0|1|0|1|0,1,0,0.836021738806071,0.00355590490846276,adjoint,2,1,pmmr,TRUE,
0|0|0|0|0|1|0|0|0|0|0|1|0|1|0|1|0,1,0,1.30153602320887,0.00118305101741584,adjoint,2,1,pmmr,TRUE,
1|0|0|1|0|1|0|0|0|0|0|1|0|1|0|1|0,1,0,1.59911405214395,0.00255167228735678,adjoint,2,1,pmmr,TRUE,
0|0|0|0|0|1|0|0|0|1|0|1|0|1|0|1|0,1,0,1.32944313245061,0.000255133699881773,adjoint,2,1,pmmr,TRUE,
1|0|0|1|0|1|0|0|0|1|0|1|0|1|0|1|0,1,0,1.56538897395148,0.000693760730200661,adjoint,2,1,pmmr,TRUE,
0|0|0|0|0|1|0|1|0|0|0|0|0|1|0|1|0,1,5.07325029698199,1.64606208369672,0.00189037697906581,adjoint,2,1,pmmr,TRUE,
1|0|0|1|0|1|0|1|0|0|0|0|0|1|0|1|0,1,5.41629797513063,2.10834724481322,0.00124377708341457,adjoint,2,1,pmmr,TRUE,
0|0|0|0|0|1|0|1|0|1|0|0|0|1|0|1|0,1,4.06243377876373,1.57603215403819,0.000326139288516333,adjoint,2,1,pmmr,TRUE,
1|0|0|1|0|1|0|1|0|1|0|0|0|1|0|1|0,1,4.41041220692192,1.9411162299351,0.000274307073903501,adjoint,2,1,pmmr,TRUE,
0|0|0|0|0|1|0|1|0|0|0|1|0|1|0|1|0,1,6.44516848176493,2.26277491867779,0.00553090444930101,adjoint,2,1,pmmr,TRUE,
1|0|0|1|0|1|0|1|0|0|0|1|0|1|0|1|0,1,6.78152396060656,2.69263357376387,0.00643277445169266,adjoint,2,1,pmmr,TRUE,
0|0|0|0|0|1|0|1|0|1|0|1|0|1|0|1|0,1,4.93720743510318,2.2371353309784,0.00131893613004479,adjoint,2,1,pmmr,TRUE,
1|0|0|1|0|1|0|1|0|1|0|1|0|1|0|1|0,1,5.28091872858696,2.60677144796921,0.00195864945924502,adjoint,2,1,pmmr,TRUE,
0|0|0|0|0|1|0|0|1|0|0|0|0|1|0|1|0,1,0,0.792482159396333,0.00210543400314539,adjoint,2,1,pmmr,TRUE,
1|0|0|1|0|1|0|0|1|0|0|0|0|1|0|1|0,1,0,1.10047771675381,0.00237470878175089,adjoint,2,1,pmmr,TRUE,
0|0|0|0|0|1|0|0|1|1|0|0|0|1|0|1|0,1,0,0.69292628439071,0.0120224564165398,adjoint,2,1,pmmr,TRUE,
1|0|0|1|0|1|0|0|1|1|0|0|0|1|0|1|0,1,0,0.885328210220892,0.0171155702562825,adjoint,2,1,pmmr,TRUE,
0|0|0|0|0|1|0|0|1|0|0|1|0|1|0|1|0,1,0,1.38313256840138,0.000168317485142319,adjoint,2,1,pmmr,TRUE,
1|0|0|1|0|1|0|0|1|0|0|1|0|1|0|1|0,1,0,1.67319165875008,0.000335587670939985,adjoint,2,1,pmmr,TRUE,
0|0|0|0|0|1|0|0|1|1|0|1|0|1|0|1|0,1,0,1.32783542404377,0.00132847602851815,adjoint,2,1,pmmr,TRUE,
1|0|0|1|0|1|0|0|1|1|0|1|0|1|0|1|0,1,0,1.53832394358778,0.0033392654821955,adjoint,2,1,pmmr,TRUE,
0|0|0|0|0|1|0|1|1|0|0|0|0|1|0|1|0,1,5.07325029698199,1.80726838233733,0.000209572535228515,adjoint,2,1,pmmr,TRUE,
1|0|0|1|0|1|0|1|1|0|0|0|0|1|0|1|0,1,5.41629797513063,2.26048141310219,0.000128041493458031,adjoint,2,1,pmmr,TRUE,
0|0|0|0|0|1|0|1|1|1|0|0|0|1|0|1|0,1,4.06243377876373,1.64412054860495,0.00132327223928601,adjoint,2,1,pmmr,TRUE,
1|0|0|1|0|1|0|1|1|1|0|0|0|1|0|1|0,1,4.41041220692192,1.98220103423399,0.0010334877247834,adjoint,2,1,pmmr,TRUE,
0|0|0|0|0|1|0|1|1|0|0|1|0|1|0|1|0,1,6.44516848176493,2.33218540916432,0.00061317170087392,adjoint,2,1,pmmr,TRUE,
1|0|0|1|0|1|0|1|1|0|0|1|0|1|0|1|0,1,6.78152396060656,2.7516331635686,0.000662226422127165,adjoint,2,1,pmmr,TRUE,
0|0|0|0|0|1|0|1|1|1|0|1|0|1|0|1|0,1,4.93720743510318,2.22344952420654,0.00535142998017606,adjoint,2,1,pmmr,TRUE,
1|0|0|1|0|1|0|1|1|1|0|1|0|1|0|1|0,1,5.28091872858696,2.56528595696564,0.0073794676326703,adjoint,2,1,pmmr,TRUE,
0|0|0|0|0|1|0|0|0|0|0|0|0|1|0|0|1,1,0,-0.661551700197988,0.0155571699618374,adjoint,2,1,pmmr,TRUE,
1|0|0|1|0|1|0|0|0|0|0|0|0|1|0|0|1,1,0,-0.363699906166169,0.0133764513277299,adjoint,2,1,pmmr,TRUE,
0|0|0|0|0|1|0|0|0|1|0|0|0|1|0|0|1,1,0,-0.660299097675011,0.00154770976767183,adjoint,2,1,pmmr,TRUE,
1|0|0|1|0|1|0|0|0|1|0|0|0|1|0|0|1,1,0,-0.470953513265659,0.00167969054348541,adjoint,2,1,pmmr,TRUE,
0|0|0|0|0|1|0|0|0|0|0|1|0|1|0|0|1,1,0,0.199607569968264,0.00250451902352297,adjoint,2,1,pmmr,TRUE,
1|0|0|1|0|1|0|0|0|0|0|1|0|1|0|0|1,1,0,0.441811365459807,0.00380664773856564,adjoint,2,1,pmmr,TRUE,
0|0|0|0|0|1|0|0|0|1|0|1|0|1|0|0|1,1,0,0.196813302024911,0.000344394471894864,adjoint,2,1,pmmr,TRUE,
1|0|0|1|0|1|0|0|0|1|0|1|0|1|0|0|1,1,0,0.366076266314583,0.000659925620129969,adjoint,2,1,pmmr,TRUE,
0|0|0|0|0|1|0|1|0|0|0|0|0|1|0|0|1,1,-0.573429866020089,0.394378018221334,0.00198729867934651,adjoint,2,1,pmmr,TRUE,
1|0|0|1|0|1|0|1|0|0|0|0|0|1|0|0|1,1,-0.620565229297335,0.826991930228518,0.00092141272585988,adjoint,2,1,pmmr,TRUE,
0|0|0|0|0|1|0|1|0|1|0|0|0|1|0|0|1,1,-0.716830807089494,0.319692517155596,0.000218617702892299,adjoint,2,1,pmmr,TRUE,
1|0|0|1|0|1|0|1|0|1|0|0|0|1|0|0|1,1,-0.792109684668437,0.642421115264119,0.000129573486892272,adjoint,2,1,pmmr,TRUE,
0|0|0|0|0|1|0|1|0|0|0|1|0|1|0|0|1,1,-0.394547495774881,1.19128918610675,0.0117089248110534,adjoint,2,1,pmmr,TRUE,
1|0|0|1|0|1|0|1|0|0|0|1|0|1|0|0|1,1,-0.42268130443532,1.55045699777337,0.00959657180139088,adjoint,2,1,pmmr,TRUE,
0|0|0|0|0|1|0|1|0|1|0|1|0|1|0|0|1,1,-0.471277754067175,1.12116724029993,0.00178037755177117,adjoint,2,1,pmmr,TRUE,
1|0|0|1|0|1|0|1|0|1|0|1|0|1|0|0|1,1,-0.515202977734318,1.40779448506427,0.00186312499791628,adjoint,2,1,pmmr,TRUE,
0|0|0|0|0|1|0|0|1|0|0|0|0|1|0|0|1,1,0,-0.487698749154608,0.00221338191283401,adjoint,2,1,pmmr,TRUE,
1|0|0|1|0|1|0|0|1|0|0|0|0|1|0|0|1,1,0,-0.179468950390221,0.00175922753433395,adjoint,2,1,pmmr,TRUE,
0|0|0|0|0|1|0|0|1|1|0|0|0|1|0|0|1,1,0,-0.574597415245848,0.00805889353859645,adjoint,2,1,pmmr,TRUE,
1|0|0|1|0|1|0|0|1|1|0|0|0|1|0|0|1,1,0,-0.393141468706973,0.00808482292015682,adjoint,2,1,pmmr,TRUE,
0|0|0|0|0|1|0|0|1|0|0|1|0|1|0|0|1,1,0,0.286064142722166,0.000356328118842492,adjoint,2,1,pmmr,TRUE,
1|0|0|1|0|1|0|0|1|0|0|1|0|1|0|0|1,1,0,0.538400472217831,0.000500637975732181,adjoint,2,1,pmmr,TRUE,
0|0|0|0|0|1|0|0|1|1|0|1|0|1|0|0|1,1,0,0.207628807371865,0.00179325506774882,adjoint,2,1,pmmr,TRUE,
1|0|0|1|0|1|0|0|1|1|0|1|0|1|0|0|1,1,0,0.369590848156219,0.00317640758288393,adjoint,2,1,pmmr,TRUE,
0|0|0|0|0|1|0|1|1|0|0|0|0|1|0|0|1,1,-0.573429866020089,0.554248804351704,0.000220317548879984,adjoint,2,1,pmmr,TRUE,
1|0|0|1|0|1|0|1|1|0|0|0|0|1|0|0|1,1,-0.620565229297335,0.995955156785931,9.48554713570082e-05,adjoint,2,1,pmmr,TRUE,
0|0|0|0|0|1|0|1|1|1|0|0|0|1|0|0|1,1,-0.716830807089494,0.393934417198536,0.000887015908355885,adjoint,2,1,pmmr,TRUE,
1|0|0|1|0|1|0|1|1|1|0|0|0|1|0|0|1,1,-0.792109684668437,0.70817443506347,0.000488185033856091,adjoint,2,1,pmmr,TRUE,
0|0|0|0|0|1|0|1|1|0|0|1|0|1|0|0|1,1,-0.394547495774881,1.25896528375154,0.00129808450093651,adjoint,2,1,pmmr,TRUE,
1|0|0|1|0|1|0|1|1|0|0|1|0|1|0|0|1,1,-0.42268130443532,1.62708875419256,0.000987925731959918,adjoint,2,1,pmmr,TRUE,
0|0|0|0|0|1|0|1|1|1|0|1|0|1|0|0|1,1,-0.471277754067175,1.11553152724286,0.00722367489186694,adjoint,2,1,pmmr,TRUE,
1|0|0|1|0|1|0|1|1|1|0|1|0|1|0|0|1,1,-0.515202977734318,1.3941418718442,0.00701956674934661,adjoint,2,1,pmmr,TRUE,
0|0|0|0|0|1|0|0|0|0|0|0|0|1|0|1|1,1,0,0.661329399032542,0.0127371334786173,adjoint,2,1,pmmr,TRUE,
1|0|0|1|0|1|0|0|0|0|0|0|0|1|0|1|1,1,0,0.827037085264019,0.0127240740983383,adjoint,2,1,pmmr,TRUE,
0|0|0|0|0|1|0|0|0|1|0|0|0|1|0|1|1,1,0,0.643604856728526,0.00198729867934651,adjoint,2,1,pmmr,TRUE,
1|0|0|1|0|1|0|0|0|1|0|0|0|1|0|1|1,1,0,0.739699258426116,0.00250580383716602,adjoint,2,1,pmmr,TRUE,
0|0|0|0|0|1|0|0|0|0|0|1|0|1|0|1|1,1,0,1.33587006506621,0.00137450918292826,adjoint,2,1,pmmr,TRUE,
1|0|0|1|0|1|0|0|0|0|0|1|0|1|0|1|1,1,0,1.48574429856343,0.00242722576141681,adjoint,2,1,pmmr,TRUE,
0|0|0|0|0|1|0|0|0|1|0|1|0|1|0|1|1,1,0,1.33331273405511,0.000296423068996605,adjoint,2,1,pmmr,TRUE,
1|0|0|1|0|1|0|0|0|1|0|1|0|1|0|1|1,1,0,1.44390298110589,0.000659925620129969,adjoint,2,1,pmmr,TRUE,
0|0|0|0|0|1|0|1|0|0|0|0|0|1|0|1|1,1,5.07325029698199,1.58804653091822,0.00162706254433225,adjoint,2,1,pmmr,TRUE,
1|0|0|1|0|1|0|1|0|0|0|0|0|1|0|1|1,1,5.41629797513062,1.87913238135502,0.000876474896947328,adjoint,2,1,pmmr,TRUE,
0|0|0|0|0|1|0|1|0|1|0|0|0|1|0|1|1,1,4.06243377876374,1.50787820619674,0.000280710687051601,adjoint,2,1,pmmr,TRUE,
1|0|0|1|0|1|0|1|0|1|0|0|0|1|0|1|1,1,4.41041220692192,1.72922427833621,0.000193300927905388,adjoint,2,1,pmmr,TRUE,
0|0|0|0|0|1|0|1|0|0|0|1|0|1|0|1|1,1,6.44516848176493,2.21426862384525,0.00642599418245614,adjoint,2,1,pmmr,TRUE,
1|0|0|1|0|1|0|1|0|0|0|1|0|1|0|1|1,1,6.78152396060657,2.47468609890093,0.0061190443396265,adjoint,2,1,pmmr,TRUE,
0|0|0|0|0|1|0|1|0|1|0|1|0|1|0|1|1,1,4.93720743510318,2.15774169534745,0.00153238515985756,adjoint,2,1,pmmr,TRUE,
1|0|0|1|0|1|0|1|0|1|0|1|0|1|0|1|1,1,5.28091872858696,2.38040824852619,0.00186312499791628,adjoint,2,1,pmmr,TRUE,
0|0|0|0|0|1|0|0|1|0|0|0|0|1|0|1|1,1,0,0.796242734742913,0.00181216384034378,adjoint,2,1,pmmr,TRUE,
1|0|0|1|0|1|0|0|1|0|0|0|0|1|0|1|1,1,0,0.964626261410153,0.00167342899505029,adjoint,2,1,pmmr,TRUE,
0|0|0|0|0|1|0|0|1|1|0|0|0|1|0|1|1,1,0,0.700485633095158,0.0103478241339385,adjoint,2,1,pmmr,TRUE,
1|0|0|1|0|1|0|0|1|1|0|0|0|1|0|1|1,1,0,0.782179908615921,0.0120611385083462,adjoint,2,1,pmmr,TRUE,
0|0|0|0|0|1|0|0|1|0|0|1|0|1|0|1|1,1,0,1.38907394463518,0.000195557017888255,adjoint,2,1,pmmr,TRUE,
1|0|0|1|0|1|0|0|1|0|0|1|0|1|0|1|1,1,0,1.54067085465881,0.000319220867097777,adjoint,2,1,pmmr,TRUE,
0|0|0|0|0|1|0|0|1|1|0|1|0|1|0|1|1,1,0,1.31822932333539,0.00154346894057606,adjoint,2,1,pmmr,TRUE,
1|0|0|1|0|1|0|0|1|1|0|1|0|1|0|1|1,1,0,1.41412389980618,0.00317640758288393,adjoint,2,1,pmmr,TRUE,
0|0|0|0|0|1|0|1|1|0|0|0|0|1|0|1|1,1,5.07325029698199,1.71257137828179,0.000180380752710804,adjoint,2,1,pmmr,TRUE,
1|0|0|1|0|1|0|1|1|0|0|0|0|1|0|1|1,1,5.41629797513062,2.00395154199769,9.02293154296708e-05,adjoint,2,1,pmmr,TRUE,
0|0|0|0|0|1|0|1|1|1|0|0|0|1|0|1|1,1,4.06243377876374,1.55522506213588,0.00113895097133532,adjoint,2,1,pmmr,TRUE,
1|0|0|1|0|1|0|1|1|1|0|0|0|1|0|1|1,1,4.41041220692192,1.76046343803724,0.000728286490525357,adjoint,2,1,pmmr,TRUE,
0|0|0|0|0|1|0|1|1|0|0|1|0|1|0|1|1,1,6.44516848176493,2.25194843373944,0.000712403878747265,adjoint,2,1,pmmr,TRUE,
1|0|0|1|0|1|0|1|1|0|0|1|0|1|0|1|1,1,6.78152396060657,2.51183023976698,0.00062992925840919,adjoint,2,1,pmmr,TRUE,
0|0|0|0|0|1|0|1|1|1|0|1|0|1|0|1|1,1,4.93720743510318,2.12788391507195,0.00621747459853129,adjoint,2,1,pmmr,TRUE,
1|0|0|1|0|1|0|1|1|1|0|1|0|1|0|1|1,1,5.28091872858696,2.33404203980101,0.00701956674934661,adjoint,2,1,pmmr,TRUE,
