cell,current_R,true,estimate,probability,kind,horizon,fold,candidate,unique_solution,applied_estimate
0|0|0|0|0|1|0|0|0,1,1.77880078307141,1.7964119182721,0.0785500498749289,beta,1,3,ensemble,TRUE,1.7964119182721
1|0|0|1|0|1|0|0|0,1,1.60653065971263,1.69239156040767,0.0762397062809392,beta,1,3,ensemble,TRUE,1.69239156040767
0|0|0|0|0|1|0|1|0,1,2.22140275816017,2.22014032213141,0.0528936446567127,beta,1,3,ensemble,TRUE,2.22014032213141
1|0|0|1|0|1|0|1|0,1,1.95122942450071,2.10288676544347,0.0625832169654833,beta,1,3,ensemble,TRUE,2.10288676544347
0|0|0|0|0|1|0|0|1,1,2.49182469764127,2.47978665862642,0.0457293559881398,beta,1,3,ensemble,TRUE,2.47978665862642
1|0|0|1|0|1|0|0|1,1,2.16183424272828,2.20373809034735,0.0500247656080652,beta,1,3,ensemble,TRUE,2.20373809034735
0|0|0|0|0|1|0|1|1,1,3.33964685192599,3.27846310650028,0.0385751813578256,beta,1,3,ensemble,TRUE,3.27846310650028
1|0|0|1|0|1|0|1|1,1,2.82211880039051,2.93742523265694,0.0521803365091765,beta,1,3,ensemble,TRUE,2.93742523265694
0|0|0|0|0|1|0|0|0,1,1.77880078307141,1.81368349925997,0.0785500498749289,beta,1,3,sieve_md,TRUE,1.81368349925997
1|0|0|1|0|1|0|0|0,1,1.60653065971263,1.70158138908281,0.0762397062809392,beta,1,3,sieve_md,TRUE,1.70158138908281
0|0|0|0|0|1|0|1|0,1,2.22140275816017,2.25525179496191,0.0528936446567127,beta,1,3,sieve_md,TRUE,2.25525179496191
1|0|0|1|0|1|0|1|0,1,1.95122942450071,2.08384137814132,0.0625832169654833,beta,1,3,sieve_md,TRUE,2.08384137814132
0|0|0|0|0|1|0|0|1,1,2.49182469764127,2.44755617232991,0.0457293559881398,beta,1,3,sieve_md,TRUE,2.44755617232991
1|0|0|1|0|1|0|0|1,1,2.16183424272828,2.23613766473582,0.0500247656080652,beta,1,3,sieve_md,TRUE,2.23613766473582
0|0|0|0|0|1|0|1|1,1,3.33964685192599,3.22520423489291,0.0385751813578256,beta,1,3,sieve_md,TRUE,3.22520423489291
1|0|0|1|0|1|0|1|1,1,2.82211880039051,2.91814645191221,0.0521803365091765,beta,1,3,sieve_md,TRUE,2.91814645191221
0|0|0|0|0|1|0|0|0,1,1.77880078307141,1.76565163131399,0.0785500498749289,beta,1,3,landweber,TRUE,1.76565163131399
1|0|0|1|0|1|0|0|0,1,1.60653065971263,1.64994843449769,0.0762397062809392,beta,1,3,landweber,TRUE,1.64994843449769
0|0|0|0|0|1|0|1|0,1,2.22140275816017,2.23713455492899,0.0528936446567127,beta,1,3,landweber,TRUE,2.23713455492899
1|0|0|1|0|1|0|1|0,1,1.95122942450071,2.05018213813399,0.0625832169654833,beta,1,3,landweber,TRUE,2.05018213813399
0|0|0|0|0|1|0|0|1,1,2.49182469764127,2.4546689814316,0.0457293559881398,beta,1,3,landweber,TRUE,2.4546689814316
1|0|0|1|0|1|0|0|1,1,2.16183424272828,2.23484335241506,0.0500247656080652,beta,1,3,landweber,TRUE,2.23484335241506
0|0|0|0|0|1|0|1|1,1,3.33964685192599,3.35044397387875,0.0385751813578256,beta,1,3,landweber,TRUE,3.35044397387875
1|0|0|1|0|1|0|1|1,1,2.82211880039051,2.99525125882027,0.0521803365091765,beta,1,3,landweber,TRUE,2.99525125882027
0|0|0|0|0|1|0|0|0,1,1.77880078307141,1.80429451551032,0.0785500498749289,beta,1,3,pmmr,TRUE,1.80429451551032
1|0|0|1|0|1|0|0|0,1,1.60653065971263,1.71124521275745,0.0762397062809392,beta,1,3,pmmr,TRUE,1.71124521275745
0|0|0|0|0|1|0|1|0,1,2.22140275816017,2.19145658492913,0.0528936446567127,beta,1,3,pmmr,TRUE,2.19145658492913
1|0|0|1|0|1|0|1|0,1,1.95122942450071,2.1428927373153,0.0625832169654833,beta,1,3,pmmr,TRUE,2.1428927373153
0|0|0|0|0|1|0|0|1,1,2.49182469764127,2.51146755563224,0.0457293559881398,beta,1,3,pmmr,TRUE,2.51146755563224
1|0|0|1|0|1|0|0|1,1,2.16183424272828,2.16859897983706,0.0500247656080652,beta,1,3,pmmr,TRUE,2.16859897983706
0|0|0|0|0|1|0|1|1,1,3.33964685192599,3.26701433589574,0.0385751813578256,beta,1,3,pmmr,TRUE,3.26701433589574
1|0|0|1|0|1|0|1|1,1,2.82211880039051,2.91542046494087,0.0521803365091765,beta,1,3,pmmr,TRUE,2.91542046494087
0|0|0|0|0|1|0|0|0,1,-0.287353367522815,-0.277475758664341,0.14774860007019,adjoint,1,3,ensemble,TRUE,
1|0|0|1|0|1|0|0|0,1,-0.178962943103262,-0.206350536285826,0.156475508795044,adjoint,1,3,ensemble,TRUE,
0|0|0|0|0|1|0|1|0,1,2.28380480682567,2.26854262650526,0.120966322601684,adjoint,1,3,ensemble,TRUE,
1|0|0|1|0|1|0|1|0,1,2.64045936429348,2.54197058864288,0.0997731894470607,adjoint,1,3,ensemble,TRUE,
0|0|0|0|0|1|0|0|1,1,-0.258138630607905,-0.288850086140578,0.127168398586049,adjoint,1,3,ensemble,TRUE,
1|0|0|1|0|1|0|0|1,1,-0.164575516490278,-0.0801194306409206,0.148844108179566,adjoint,1,3,ensemble,TRUE,
0|0|0|0|0|1|0|1|1,1,2.28380480682567,2.30218615506811,0.104116678742077,adjoint,1,3,ensemble,TRUE,
1|0|0|1|0|1|0|1|1,1,2.64045936429348,2.65668634980432,0.0949071935783283,adjoint,1,3,ensemble,TRUE,
0|0|0|0|0|1|0|0|0,1,-0.287353367522815,-0.243081133555318,0.14774860007019,adjoint,1,3,sieve_md,TRUE,
1|0|0|1|0|1|0|0|0,1,-0.178962943103262,-0.226564163303143,0.156475508795044,adjoint,1,3,sieve_md,TRUE,
0|0|0|0|0|1|0|1|0,1,2.28380480682567,2.24079929172346,0.120966322601684,adjoint,1,3,sieve_md,TRUE,
1|0|0|1|0|1|0|1|0,1,2.64045936429348,2.54773897296348,0.0997731894470607,adjoint,1,3,sieve_md,TRUE,
0|0|0|0|0|1|0|0|1,1,-0.258138630607905,-0.287996443309438,0.127168398586049,adjoint,1,3,sieve_md,TRUE,
1|0|0|1|0|1|0|0|1,1,-0.164575516490278,-0.0739352233783601,0.148844108179566,adjoint,1,3,sieve_md,TRUE,
0|0|0|0|0|1|0|1|1,1,2.28380480682567,2.26051092577297,0.104116678742077,adjoint,1,3,sieve_md,TRUE,
1|0|0|1|0|1|0|1|1,1,2.64045936429348,2.68383666092978,0.0949071935783283,adjoint,1,3,sieve_md,TRUE,
0|0|0|0|0|1|0|0|0,1,-0.287353367522815,-0.356437732840217,0.14774860007019,adjoint,1,3,landweber,TRUE,
1|0|0|1|0|1|0|0|0,1,-0.178962943103262,-0.159944800230182,0.156475508795044,adjoint,1,3,landweber,TRUE,
0|0|0|0|0|1|0|1|0,1,2.28380480682567,2.3322348015951,0.120966322601684,adjoint,1,3,landweber,TRUE,
1|0|0|1|0|1|0|1|0,1,2.64045936429348,2.52872773420513,0.0997731894470607,adjoint,1,3,landweber,TRUE,
0|0|0|0|0|1|0|0|1,1,-0.258138630607905,-0.290809849416795,0.127168398586049,adjoint,1,3,landweber,TRUE,
1|0|0|1|0|1|0|0|1,1,-0.164575516490278,-0.0943169168067593,0.148844108179566,adjoint,1,3,landweber,TRUE,
0|0|0|0|0|1|0|1|1,1,2.28380480682567,2.39786268501852,0.104116678742077,adjoint,1,3,landweber,TRUE,
1|0|0|1|0|1|0|1|1,1,2.64045936429348,2.59435561762856,0.0949071935783283,adjoint,1,3,landweber,TRUE,
0|0|0|0|0|1|0|0|0,1,-0.287353367522815,-0.278368244715321,0.14774860007019,adjoint,1,3,pmmr,TRUE,
1|0|0|1|0|1|0|0|0,1,-0.178962943103262,-0.194064921286794,0.156475508795044,adjoint,1,3,pmmr,TRUE,
0|0|0|0|0|1|0|1|0,1,2.28380480682567,2.26974413382075,0.120966322601684,adjoint,1,3,pmmr,TRUE,
1|0|0|1|0|1|0|1|0,1,2.64045936429348,2.51564199083378,0.0997731894470607,adjoint,1,3,pmmr,TRUE,
0|0|0|0|0|1|0|0|1,1,-0.258138630607905,-0.2457477681823,0.127168398586049,adjoint,1,3,pmmr,TRUE,
1|0|0|1|0|1|0|0|1,1,-0.164575516490278,-0.0343209411698247,0.148844108179566,adjoint,1,3,pmmr,TRUE,
0|0|0|0|0|1|0|1|1,1,2.28380480682567,2.22278906956135,0.104116678742077,adjoint,1,3,pmmr,TRUE,
1|0|0|1|0|1|0|1|1,1,2.64045936429348,2.56888097412251,0.0949071935783283,adjoint,1,3,pmmr,TRUE,
0|0|0|0|0|1|0|0|0|0|1|0|1|0|0|0|0,0,1.83053730451109,1.7873216699155,0.0340252866918418,beta,2,3,ensemble,FALSE,1.7873216699155
0|0|0|0|0|1|0|0|0|0|0|0|0|1|0|0|0,1,1.77880078307141,1.88712862049109,0.00960943512698398,beta,2,3,ensemble,TRUE,1.88712862049109
1|0|0|1|0|1|0|0|0|0|0|0|0|1|0|0|0,1,1.70468808971871,1.90022915521921,0.00943156116480374,beta,2,3,ensemble,TRUE,1.90022915521921
0|0|0|0|0|1|0|0|0|1|0|0|0|1|0|0|0,1,1.77880078307141,1.90369289049958,0.000943137903452683,beta,2,3,ensemble,TRUE,1.90369289049958
1|0|0|1|0|1|0|0|0|1|0|0|0|1|0|0|0,1,1.70468808971871,1.89735579936172,0.00116348397246529,beta,2,3,ensemble,TRUE,1.89735579936172
0|0|0|0|0|1|0|0|0|0|0|1|0|1|0|0|0,1,1.67032004603564,1.84892777724509,0.0011513122038543,beta,2,3,ensemble,TRUE,1.84892777724509
1|0|0|1|0|1|0|0|0|0|0|1|0|1|0|0|0,1,1.60653065971263,1.84238000860149,0.00194980983159324,beta,2,3,ensemble,TRUE,1.84238000860149
0|0|0|0|0|1|0|0|0|1|0|1|0|1|0|0|0,1,1.67032004603564,1.85611591300901,0.000151207584178117,beta,2,3,ensemble,TRUE,1.85611591300901
1|0|0|1|0|1|0|0|0|1|0|1|0|1|0|0|0,1,1.60653065971263,1.83393594470899,0.000322217611364569,beta,2,3,ensemble,TRUE,1.83393594470899
0|0|0|0|0|1|0|1|0|0|1|0|1|0|0|0|0,0,1.83053730451109,1.78732893868301,0.0348148067293662,beta,2,3,ensemble,FALSE,1.78732893868301
0|0|0|0|0|1|0|1|0|0|0|0|0|1|0|0|0,1,1.77880078307141,1.89363550111739,0.00122752517224963,beta,2,3,ensemble,TRUE,1.89363550111739
1|0|0|1|0|1|0|1|0|0|0|0|0|1|0|0|0,1,1.70468808971871,1.91191161151602,0.000649676081425316,beta,2,3,ensemble,TRUE,1.91191161151602
0|0|0|0|0|1|0|1|0|1|0|0|0|1|0|0|0,1,1.77880078307141,1.90568524867903,0.000133220482463999,beta,2,3,ensemble,TRUE,1.90568524867903
1|0|0|1|0|1|0|1|0|1|0|0|0|1|0|0|0,1,1.70468808971871,1.90514161766958,8.97526486889509e-05,beta,2,3,ensemble,TRUE,1.90514161766958
0|0|0|0|0|1|0|1|0|0|0|1|0|1|0|0|0,1,1.67032004603564,1.86612841418931,0.0053825217146946,beta,2,3,ensemble,TRUE,1.86612841418931
1|0|0|1|0|1|0|1|0|0|0|1|0|1|0|0|0,1,1.60653065971263,1.86430759367245,0.00491547716863156,beta,2,3,ensemble,TRUE,1.86430759367245
0|0|0|0|0|1|0|1|0|1|0|1|0|1|0|0|0,1,1.67032004603564,1.86862536371404,0.000781680922597538,beta,2,3,ensemble,TRUE,1.86862536371404
1|0|0|1|0|1|0|1|0|1|0|1|0|1|0|0|0,1,1.60653065971263,1.85154297112706,0.000909695984198899,beta,2,3,ensemble,TRUE,1.85154297112706
0|0|0|0|0|1|0|0|1|0|1|0|1|0|0|0|0,0,1.83053730451109,1.81509380683872,0.0344639163118675,beta,2,3,ensemble,FALSE,1.81509380683872
0|0|0|0|0|1|0|0|1|0|0|0|0|1|0|0|0,1,1.77880078307141,1.91495097485498,0.00136717346116248,beta,2,3,ensemble,TRUE,1.91495097485498
1|0|0|1|0|1|0|0|1|0|0|0|0|1|0|0|0,1,1.70468808971871,1.92678655530926,0.00124040836290273,beta,2,3,ensemble,TRUE,1.92678655530926
0|0|0|0|0|1|0|0|1|1|0|0|0|1|0|0|0,1,1.77880078307141,1.93346254224341,0.00491090003752682,beta,2,3,ensemble,TRUE,1.93346254224341
1|0|0|1|0|1|0|0|1|1|0|0|0|1|0|0|0,1,1.70468808971871,1.92374980414605,0.00560017553489559,beta,2,3,ensemble,TRUE,1.92374980414605
0|0|0|0|0|1|0|0|1|0|0|1|0|1|0|0|0,1,1.67032004603564,1.86896717499535,0.000163801874909593,beta,2,3,ensemble,TRUE,1.86896717499535
1|0|0|1|0|1|0|0|1|0|0|1|0|1|0|0|0,1,1.60653065971263,1.86166111818581,0.000256432670998698,beta,2,3,ensemble,TRUE,1.86166111818581
0|0|0|0|0|1|0|0|1|1|0|1|0|1|0|0|0,1,1.67032004603564,1.87726189924463,0.000787334840532057,beta,2,3,ensemble,TRUE,1.87726189924463
1|0|0|1|0|1|0|0|1|1|0|1|0|1|0|0|0,1,1.60653065971263,1.85255217950752,0.00155092397212218,beta,2,3,ensemble,TRUE,1.85255217950752
0|0|0|0|0|1|0|1|1|0|1|0|1|0|0|0|0,0,1.83053730451109,1.81506729535508,0.03382790207843,beta,2,3,ensemble,FALSE,1.81506729535508
0|0|0|0|0|1|0|1|1|0|0|0|0|1|0|0|0,1,1.77880078307141,1.91998485516081,0.000136086910311564,beta,2,3,ensemble,TRUE,1.91998485516081
1|0|0|1|0|1|0|1|1|0|0|0|0|1|0|0|0,1,1.70468808971871,1.93744707184397,6.68813542546445e-05,beta,2,3,ensemble,TRUE,1.93744707184397
0|0|0|0|0|1|0|1|1|1|0|0|0|1|0|0|0,1,1.77880078307141,1.93363394302361,0.00054052661655963,beta,2,3,ensemble,TRUE,1.93363394302361
1|0|0|1|0|1|0|1|1|1|0|0|0|1|0|0|0,1,1.70468808971871,1.93034294762831,0.000338154825418245,beta,2,3,ensemble,TRUE,1.93034294762831
0|0|0|0|0|1|0|1|1|0|0|1|0|1|0|0|0,1,1.67032004603564,1.88427597710052,0.000596721571497624,beta,2,3,ensemble,TRUE,1.88427597710052
1|0|0|1|0|1|0|1|1|0|0|1|0|1|0|0|0,1,1.60653065971263,1.88209847116912,0.000506027202239947,beta,2,3,ensemble,TRUE,1.88209847116912
0|0|0|0|0|1|0|1|1|1|0|1|0|1|0|0|0,1,1.67032004603564,1.88779942525439,0.003171579448641,beta,2,3,ensemble,TRUE,1.88779942525439
1|0|0|1|0|1|0|1|1|1|0|1|0|1|0|0|0,1,1.60653065971263,1.86871128229356,0.003427398424603,beta,2,3,ensemble,TRUE,1.86871128229356
0|0|0|0|0|1|0|0|0|0|1|0|1|0|0|1|0,0,1.83053730451109,2.13750079563885,0.0045037236163738,beta,2,3,ensemble,FALSE,2.13750079563885
0|0|0|0|0|1|0|0|0|0|0|0|0|1|0|1|0,1,2.22140275816017,2.26009397929288,0.00647075396855543,beta,2,3,ensemble,TRUE,2.26009397929288
1|0|0|1|0|1|0|0|0|0|0|0|0|1|0|1|0,1,2.10517091807565,2.25027738834101,0.00625820931663394,beta,2,3,ensemble,TRUE,2.25027738834101
0|0|0|0|0|1|0|0|0|1|0|0|0|1|0|1|0,1,2.22140275816017,2.26692741585115,0.000734391765715058,beta,2,3,ensemble,TRUE,2.26692741585115
1|0|0|1|0|1|0|0|0|1|0|0|0|1|0|1|0,1,2.10517091807565,2.23296216973834,0.000901817479084268,beta,2,3,ensemble,TRUE,2.23296216973834
0|0|0|0|0|1|0|0|0|0|0|1|0|1|0|1|0,1,2.05127109637602,2.1850186723958,0.000965390594166642,beta,2,3,ensemble,TRUE,2.1850186723958
1|0|0|1|0|1|0|0|0|0|0|1|0|1|0|1|0,1,1.95122942450071,2.15575287688031,0.00160054881746757,beta,2,3,ensemble,TRUE,2.15575287688031
0|0|0|0|0|1|0|0|0|1|0|1|0|1|0|1|0,1,2.05127109637602,2.17991686382407,0.000146570757254649,beta,2,3,ensemble,TRUE,2.17991686382407
1|0|0|1|0|1|0|0|0|1|0|1|0|1|0|1|0,1,1.95122942450071,2.1318084175279,0.000307447410782635,beta,2,3,ensemble,TRUE,2.1318084175279
0|0|0|0|0|1|0|1|0|0|1|0|1|0|0|1|0,0,1.83053730451109,2.13018321531691,0.00460822765981663,beta,2,3,ensemble,FALSE,2.13018321531691
0|0|0|0|0|1|0|1|0|0|0|0|0|1|0|1|0,1,2.22140275816017,2.25934380407176,0.000826584838221285,beta,2,3,ensemble,TRUE,2.25934380407176
1|0|0|1|0|1|0|1|0|0|0|0|0|1|0|1|0,1,2.10517091807565,2.25537904237141,0.000431085462366796,beta,2,3,ensemble,TRUE,2.25537904237141
0|0|0|0|0|1|0|1|0|1|0|0|0|1|0|1|0,1,2.22140275816017,2.2591759702743,0.000103734591715575,beta,2,3,ensemble,TRUE,2.2591759702743
1|0|0|1|0|1|0|1|0|1|0|0|0|1|0|1|0,1,2.10517091807565,2.23241056026632,6.9567359153476e-05,beta,2,3,ensemble,TRUE,2.23241056026632
0|0|0|0|0|1|0|1|0|0|0|1|0|1|0|1|0,1,2.05127109637602,2.19888418098009,0.00451331603961828,beta,2,3,ensemble,TRUE,2.19888418098009
1|0|0|1|0|1|0|1|0|0|0|1|0|1|0|1|0,1,1.95122942450071,2.17469242437566,0.00403498897280325,beta,2,3,ensemble,TRUE,2.17469242437566
0|0|0|0|0|1|0|1|0|1|0|1|0|1|0|1|0,1,2.05127109637602,2.18679175200704,0.00075771043747166,beta,2,3,ensemble,TRUE,2.18679175200704
1|0|0|1|0|1|0|1|0|1|0|1|0|1|0|1|0,1,1.95122942450071,2.14469184291573,0.000867996239426118,beta,2,3,ensemble,TRUE,2.14469184291573
0|0|0|0|0|1|0|0|1|0|1|0|1|0|0|1|0,0,1.83053730451109,2.17623547457277,0.00456178239473009,beta,2,3,ensemble,FALSE,2.17623547457277
0|0|0|0|0|1|0|0|1|0|0|0|0|1|0|1|0,1,2.22140275816017,2.30022467297765,0.000920620513340971,beta,2,3,ensemble,TRUE,2.30022467297765
1|0|0|1|0|1|0|0|1|0|0|0|0|1|0|1|0,1,2.10517091807565,2.28661480052518,0.00082305941057957,beta,2,3,ensemble,TRUE,2.28661480052518
0|0|0|0|0|1|0|0|1|1|0|0|0|1|0|1|0,1,2.22140275816017,2.31139193375854,0.0038239631093253,beta,2,3,ensemble,TRUE,2.31139193375854
1|0|0|1|0|1|0|0|1|1|0|0|0|1|0|1|0,1,2.10517091807565,2.27089192276638,0.00434070112079658,beta,2,3,ensemble,TRUE,2.27089192276638
0|0|0|0|0|1|0|0|1|0|0|1|0|1|0|1|0,1,2.05127109637602,2.21346228060682,0.000137350050503412,beta,2,3,ensemble,TRUE,2.21346228060682
1|0|0|1|0|1|0|0|1|0|0|1|0|1|0|1|0,1,1.95122942450071,2.18162759787465,0.000210498994146338,beta,2,3,ensemble,TRUE,2.18162759787465
0|0|0|0|0|1|0|0|1|1|0|1|0|1|0|1|0,1,2.05127109637602,2.21143972477037,0.000763190976279434,beta,2,3,ensemble,TRUE,2.21143972477037
1|0|0|1|0|1|0|0|1|1|0|1|0|1|0|1|0,1,1.95122942450071,2.15851634257042,0.00147983084329361,beta,2,3,ensemble,TRUE,2.15851634257042
0|0|0|0|0|1|0|1|1|0|1|0|1|0|0|1|0,0,1.83053730451109,2.16808977219203,0.00447759699610509,beta,2,3,ensemble,FALSE,2.16808977219203
0|0|0|0|0|1|0|1|1|0|0|0|0|1|0|1|0,1,2.22140275816017,2.29651689950825,9.1637531585416e-05,beta,2,3,ensemble,TRUE,2.29651689950825
1|0|0|1|0|1|0|1|1|0|0|0|0|1|0|1|0,1,2.10517091807565,2.28947479789271,4.43783915506443e-05,beta,2,3,ensemble,TRUE,2.28947479789271
0|0|0|0|0|1|0|1|1|1|0|0|0|1|0|1|0,1,2.22140275816017,2.30006233326545,0.000420891043502768,beta,2,3,ensemble,TRUE,2.30006233326545
1|0|0|1|0|1|0|1|1|1|0|0|0|1|0|1|0,1,2.10517091807565,2.26780296449636,0.0002621041109425,beta,2,3,ensemble,TRUE,2.26780296449636
0|0|0|0|0|1|0|1|1|0|0|1|0|1|0|1|0,1,2.05127109637602,2.22399800399585,0.000500358973466633,beta,2,3,ensemble,TRUE,2.22399800399585
1|0|0|1|0|1|0|1|1|0|0|1|0|1|0|1|0,1,1.95122942450071,2.19787056391149,0.000415384734976828,beta,2,3,ensemble,TRUE,2.19787056391149
0|0|0|0|0|1|0|1|1|1|0|1|0|1|0|1|0,1,2.05127109637602,2.21481874477649,0.00307432199255961,beta,2,3,ensemble,TRUE,2.21481874477649
1|0|0|1|0|1|0|1|1|1|0|1|0|1|0|1|0,1,1.95122942450071,2.16875286272532,0.00327028919028398,beta,2,3,ensemble,TRUE,2.16875286272532
1|0|0|1|0|1|0|0|0|0|1|0|1|0|0|0|1,0,2.45567738147273,2.10533312963528,0.0237718769352928,beta,2,3,ensemble,FALSE,2.10533312963528
0|0|0|0|0|1|0|0|0|0|0|0|0|1|0|0|1,1,2.49182469764127,2.14003295080604,0.00559430936665823,beta,2,3,ensemble,TRUE,2.14003295080604
1|0|0|1|0|1|0|0|0|0|0|0|0|1|0|0|1,1,2.349858807576,2.1514532481068,0.00682651936307502,beta,2,3,ensemble,TRUE,2.1514532481068
0|0|0|0|0|1|0|0|0|1|0|0|0|1|0|0|1,1,2.49182469764127,2.14407669115075,0.000751599975898745,beta,2,3,ensemble,TRUE,2.14407669115075
1|0|0|1|0|1|0|0|0|1|0|0|0|1|0|0|1,1,2.349858807576,2.13168052240711,0.00114964419558553,beta,2,3,ensemble,TRUE,2.13168052240711
0|0|0|0|0|1|0|0|0|0|0|1|0|1|0|0|1,1,2.28402541668774,2.07180166579335,0.000605842398992,beta,2,3,ensemble,TRUE,2.07180166579335
1|0|0|1|0|1|0|0|0|0|0|1|0|1|0|0|1,1,2.16183424272828,2.06378910714822,0.00127936982661407,beta,2,3,ensemble,TRUE,2.06378910714822
0|0|0|0|0|1|0|0|0|1|0|1|0|1|0|0|1,1,2.28402541668774,2.06644443250833,0.000107126420582815,beta,2,3,ensemble,TRUE,2.06644443250833
1|0|0|1|0|1|0|0|0|1|0|1|0|1|0|0|1,1,2.16183424272828,2.03940981866115,0.000283949225328405,beta,2,3,ensemble,TRUE,2.03940981866115
1|0|0|1|0|1|0|1|0|0|1|0|1|0|0|0|1,0,2.45567738147273,2.10558222294882,0.0192242372302874,beta,2,3,ensemble,FALSE,2.10558222294882
0|0|0|0|0|1|0|1|0|0|0|0|0|1|0|0|1,1,2.49182469764127,2.14235238441178,0.000714626351932113,beta,2,3,ensemble,TRUE,2.14235238441178
1|0|0|1|0|1|0|1|0|0|0|0|0|1|0|0|1,1,2.349858807576,2.16043318772568,0.000470232474993328,beta,2,3,ensemble,TRUE,2.16043318772568
0|0|0|0|0|1|0|1|0|1|0|0|0|1|0|0|1,1,2.49182469764127,2.14069182332888,0.000106165292522552,beta,2,3,ensemble,TRUE,2.14069182332888
1|0|0|1|0|1|0|1|0|1|0|0|0|1|0|0|1,1,2.349858807576,2.13572430370121,8.8685030516618e-05,beta,2,3,ensemble,TRUE,2.13572430370121
0|0|0|0|0|1|0|1|0|0|0|1|0|1|0|0|1,1,2.28402541668774,2.08651779515313,0.00283238539237251,beta,2,3,ensemble,TRUE,2.08651779515313
1|0|0|1|0|1|0|1|0|0|0|1|0|1|0|0|1,1,2.16183424272828,2.08478791686087,0.00322529565245802,beta,2,3,ensemble,TRUE,2.08478791686087
0|0|0|0|0|1|0|1|0|1|0|1|0|1|0|0|1,1,2.28402541668774,2.07536957302113,0.000553799465356878,beta,2,3,ensemble,TRUE,2.07536957302113
1|0|0|1|0|1|0|1|0|1|0|1|0|1|0|0|1,1,2.16183424272828,2.05500144486695,0.000801655343740288,beta,2,3,ensemble,TRUE,2.05500144486695
1|0|0|1|0|1|0|0|1|0|1|0|1|0|0|0|1,0,2.45567738147273,2.14533188520707,0.0270632684173845,beta,2,3,ensemble,FALSE,2.14533188520707
0|0|0|0|0|1|0|0|1|0|0|0|0|1|0|0|1,1,2.49182469764127,2.17893712490365,0.000795925171309036,beta,2,3,ensemble,TRUE,2.17893712490365
1|0|0|1|0|1|0|0|1|0|0|0|0|1|0|0|1,1,2.349858807576,2.18796811160826,0.000897801706368077,beta,2,3,ensemble,TRUE,2.18796811160826
0|0|0|0|0|1|0|0|1|1|0|0|0|1|0|0|1,1,2.49182469764127,2.18546426451312,0.00391356591261363,beta,2,3,ensemble,TRUE,2.18546426451312
1|0|0|1|0|1|0|0|1|1|0|0|0|1|0|0|1,1,2.349858807576,2.16811162278859,0.00553356079698374,beta,2,3,ensemble,TRUE,2.16811162278859
0|0|0|0|0|1|0|0|1|0|0|1|0|1|0|0|1,1,2.28402541668774,2.10028396422358,8.61956648443329e-05,beta,2,3,ensemble,TRUE,2.10028396422358
1|0|0|1|0|1|0|0|1|0|0|1|0|1|0|0|1,1,2.16183424272828,2.09041310238152,0.000168258573999348,beta,2,3,ensemble,TRUE,2.09041310238152
0|0|0|0|0|1|0|0|1|1|0|1|0|1|0|0|1,1,2.28402541668774,2.09644336255515,0.000557805110932701,beta,2,3,ensemble,TRUE,2.09644336255515
1|0|0|1|0|1|0|0|1|1|0|1|0|1|0|0|1,1,2.16183424272828,2.06548386705469,0.00136672746893738,beta,2,3,ensemble,TRUE,2.06548386705469
1|0|0|1|0|1|0|1|1|0|1|0|1|0|0|0|1,0,2.45567738147273,2.14567279997821,0.0208522659592542,beta,2,3,ensemble,FALSE,2.14567279997821
0|0|0|0|0|1|0|1|1|0|0|0|0|1|0|0|1,1,2.49182469764127,2.17915446447397,7.92254973341505e-05,beta,2,3,ensemble,TRUE,2.17915446447397
1|0|0|1|0|1|0|1|1|0|0|0|0|1|0|0|1,1,2.349858807576,2.19542337210688,4.84084078839255e-05,beta,2,3,ensemble,TRUE,2.19542337210688
0|0|0|0|0|1|0|1|1|1|0|0|0|1|0|0|1,1,2.49182469764127,2.17948749815804,0.00043075332938226,beta,2,3,ensemble,TRUE,2.17948749815804
1|0|0|1|0|1|0|1|1|1|0|0|0|1|0|0|1,1,2.349858807576,2.17038829396474,0.000334132434525585,beta,2,3,ensemble,TRUE,2.17038829396474
0|0|0|0|0|1|0|1|1|0|0|1|0|1|0|0|1,1,2.28402541668774,2.11256046902796,0.000314006250603549,beta,2,3,ensemble,TRUE,2.11256046902796
1|0|0|1|0|1|0|1|1|0|0|1|0|1|0|0|1,1,2.16183424272828,2.10943420245217,0.000332030295212288,beta,2,3,ensemble,TRUE,2.10943420245217
0|0|0|0|0|1|0|1|1|1|0|1|0|1|0|0|1,1,2.28402541668774,2.10278415026874,0.00224697693421715,beta,2,3,ensemble,TRUE,2.10278415026874
1|0|0|1|0|1|0|1|1|1|0|1|0|1|0|0|1,1,2.16183424272828,2.07913079818093,0.0030203412018243,beta,2,3,ensemble,TRUE,2.07913079818093
1|0|0|1|0|1|0|0|0|0|1|0|1|0|0|1|1,0,2.45567738147273,2.57987276722372,0.0038037502158215,beta,2,3,ensemble,FALSE,2.57987276722372
0|0|0|0|0|1|0|0|0|0|0|0|0|1|0|1|1,1,3.33964685192599,2.65397721948711,0.00471910206753389,beta,2,3,ensemble,TRUE,2.65397721948711
1|0|0|1|0|1|0|0|0|0|0|0|0|1|0|1|1,1,3.11700001661268,2.63518049100786,0.00572509049605818,beta,2,3,ensemble,TRUE,2.63518049100786
0|0|0|0|0|1|0|0|0|1|0|0|0|1|0|1|1,1,3.33964685192599,2.64074199465398,0.00073666848632591,beta,2,3,ensemble,TRUE,2.64074199465398
1|0|0|1|0|1|0|0|0|1|0|0|0|1|0|1|1,1,3.11700001661268,2.59234975818344,0.00113623191298732,beta,2,3,ensemble,TRUE,2.59234975818344
0|0|0|0|0|1|0|0|0|0|0|1|0|1|0|1|1,1,3.01375270747048,2.52891189020125,0.000640610494039707,beta,2,3,ensemble,TRUE,2.52891189020125
1|0|0|1|0|1|0|0|0|0|0|1|0|1|0|1|1,1,2.82211880039051,2.49238567334817,0.00133449796837521,beta,2,3,ensemble,TRUE,2.49238567334817
0|0|0|0|0|1|0|0|0|1|0|1|0|1|0|1|1,1,3.01375270747048,2.50400661754248,0.000130891106123724,beta,2,3,ensemble,TRUE,2.50400661754248
1|0|0|1|0|1|0|0|0|1|0|1|0|1|0|1|1,1,2.82211880039051,2.44445344709981,0.000345828331483746,beta,2,3,ensemble,TRUE,2.44445344709981
1|0|0|1|0|1|0|1|0|0|1|0|1|0|0|1|1,0,2.45567738147273,2.56920713622795,0.00307608005513212,beta,2,3,ensemble,FALSE,2.56920713622795
0|0|0|0|0|1|0|1|0|0|0|0|0|1|0|1|1,1,3.33964685192599,2.64508495544893,0.000602825920750167,beta,2,3,ensemble,TRUE,2.64508495544893
1|0|0|1|0|1|0|1|0|0|0|0|0|1|0|1|1,1,3.11700001661268,2.63417920644932,0.000394362533868145,beta,2,3,ensemble,TRUE,2.63417920644932
0|0|0|0|0|1|0|1|0|1|0|0|0|1|0|1|1,1,3.33964685192599,2.6231667286378,0.000104056183942018,beta,2,3,ensemble,TRUE,2.6231667286378
1|0|0|1|0|1|0|1|0|1|0|0|0|1|0|1|1,1,3.11700001661268,2.58436996726656,8.76503898024846e-05,beta,2,3,ensemble,TRUE,2.58436996726656
0|0|0|0|0|1|0|1|0|0|0|1|0|1|0|1|1,1,3.01375270747048,2.53736157401508,0.00299493037882045,beta,2,3,ensemble,TRUE,2.53736157401508
1|0|0|1|0|1|0|1|0|0|0|1|0|1|0|1|1,1,2.82211880039051,2.50798484228912,0.00336427388396819,beta,2,3,ensemble,TRUE,2.50798484228912
0|0|0|0|0|1|0|1|0|1|0|1|0|1|0|1|1,1,3.01375270747048,2.50401276803411,0.000676653100112234,beta,2,3,ensemble,TRUE,2.50401276803411
1|0|0|1|0|1|0|1|0|1|0|1|0|1|0|1|1,1,2.82211880039051,2.45266470835613,0.000976354591670722,beta,2,3,ensemble,TRUE,2.45266470835613
1|0|0|1|0|1|0|0|1|0|1|0|1|0|0|1|1,0,2.45567738147273,2.63343141009447,0.00433040745430704,beta,2,3,ensemble,FALSE,2.63343141009447
0|0|0|0|0|1|0|0|1|0|0|0|0|1|0|1|1,1,3.33964685192599,2.71131594563261,0.00067140586538038,beta,2,3,ensemble,TRUE,2.71131594563261
1|0|0|1|0|1|0|0|1|0|0|0|0|1|0|1|1,1,3.11700001661268,2.68651943037756,0.000752945350785231,beta,2,3,ensemble,TRUE,2.68651943037756
0|0|0|0|0|1|0|0|1|1|0|0|0|1|0|1|1,1,3.33964685192599,2.70348898082823,0.00383581794761813,beta,2,3,ensemble,TRUE,2.70348898082823
1|0|0|1|0|1|0|0|1|1|0|0|0|1|0|1|1,1,3.11700001661268,2.64572554484619,0.00546900370926171,beta,2,3,ensemble,TRUE,2.64572554484619
0|0|0|0|0|1|0|0|1|0|0|1|0|1|0|1|1,1,3.01375270747048,2.57059591821059,9.1142263288077e-05,beta,2,3,ensemble,TRUE,2.57059591821059
1|0|0|1|0|1|0|0|1|0|0|1|0|1|0|1|1,1,2.82211880039051,2.52950897978311,0.000175508848569691,beta,2,3,ensemble,TRUE,2.52950897978311
0|0|0|0|0|1|0|0|1|1|0|1|0|1|0|1|1,1,3.01375270747048,2.54954387512599,0.000681547349143487,beta,2,3,ensemble,TRUE,2.54954387512599
1|0|0|1|0|1|0|0|1|1|0|1|0|1|0|1|1,1,2.82211880039051,2.48280289723196,0.00166456900746591,beta,2,3,ensemble,TRUE,2.48280289723196
1|0|0|1|0|1|0|1|1|0|1|0|1|0|0|1|1,0,2.45567738147273,2.62190600309975,0.00333658176671457,beta,2,3,ensemble,FALSE,2.62190600309975
0|0|0|0|0|1|0|1|1|0|0|0|0|1|0|1|1,1,3.33964685192599,2.69838218835181,6.68309855188298e-05,beta,2,3,ensemble,TRUE,2.69838218835181
1|0|0|1|0|1|0|1|1|0|0|0|0|1|0|1|1,1,3.11700001661268,2.68240556654974,4.05979242371518e-05,beta,2,3,ensemble,TRUE,2.68240556654974
0|0|0|0|0|1|0|1|1|1|0|0|0|1|0|1|1,1,3.33964685192599,2.68098992479626,0.000422195866566426,beta,2,3,ensemble,TRUE,2.68098992479626
1|0|0|1|0|1|0|1|1|1|0|0|0|1|0|1|1,1,3.11700001661268,2.63420784297086,0.000330234290513469,beta,2,3,ensemble,TRUE,2.63420784297086
0|0|0|0|0|1|0|1|1|0|0|1|0|1|0|1|1,1,3.01375270747048,2.57482104910594,0.000332026447249942,beta,2,3,ensemble,TRUE,2.57482104910594
1|0|0|1|0|1|0|1|1|0|0|1|0|1|0|1|1,1,2.82211880039051,2.54162027201985,0.000346337505529963,beta,2,3,ensemble,TRUE,2.54162027201985
0|0|0|0|0|1|0|1|1|1|0|1|0|1|0|1|1,1,3.01375270747048,2.54503181666834,0.00274544127166849,beta,2,3,ensemble,TRUE,2.54503181666834
1|0|0|1|0|1|0|1|1|1|0|1|0|1|0|1|1,1,2.82211880039051,2.48754687567791,0.00367854343370882,beta,2,3,ensemble,TRUE,2.48754687567791
0|0|0|0|0|1|0|0|0|0|1|0|1|0|0|0|0,0,1.83053730451109,1.7638861590138,0.0340252866918418,beta,2,3,sieve_md,FALSE,1.7638861590138
0|0|0|0|0|1|0|0|0|0|0|0|0|1|0|0|0,1,1.77880078307141,1.71714497667087,0.00960943512698398,beta,2,3,sieve_md,TRUE,1.71714497667087
1|0|0|1|0|1|0|0|0|0|0|0|0|1|0|0|0,1,1.70468808971871,1.68948210145477,0.00943156116480374,beta,2,3,sieve_md,TRUE,1.68948210145477
0|0|0|0|0|1|0|0|0|1|0|0|0|1|0|0|0,1,1.77880078307141,1.66533300293514,0.000943137903452683,beta,2,3,sieve_md,TRUE,1.66533300293514
1|0|0|1|0|1|0|0|0|1|0|0|0|1|0|0|0,1,1.70468808971871,1.63985754710437,0.00116348397246529,beta,2,3,sieve_md,TRUE,1.63985754710437
0|0|0|0|0|1|0|0|0|0|0|1|0|1|0|0|0,1,1.67032004603564,1.62018002245728,0.0011513122038543,beta,2,3,sieve_md,TRUE,1.62018002245728
1|0|0|1|0|1|0|0|0|0|0|1|0|1|0|0|0,1,1.60653065971263,1.59683688454027,0.00194980983159324,beta,2,3,sieve_md,TRUE,1.59683688454027
0|0|0|0|0|1|0|0|0|1|0|1|0|1|0|0|0,1,1.67032004603564,1.57546638719428,0.000151207584178117,beta,2,3,sieve_md,TRUE,1.57546638719428
1|0|0|1|0|1|0|0|0|1|0|1|0|1|0|0|0,1,1.60653065971263,1.55354482686946,0.000322217611364569,beta,2,3,sieve_md,TRUE,1.55354482686946
0|0|0|0|0|1|0|1|0|0|1|0|1|0|0|0|0,0,1.83053730451109,1.74763387043708,0.0348148067293662,beta,2,3,sieve_md,FALSE,1.74763387043708
0|0|0|0|0|1|0|1|0|0|0|0|0|1|0|0|0,1,1.77880078307141,1.70431293897941,0.00122752517224963,beta,2,3,sieve_md,TRUE,1.70431293897941
1|0|0|1|0|1|0|1|0|0|0|0|0|1|0|0|0,1,1.70468808971871,1.67789245087142,0.000649676081425316,beta,2,3,sieve_md,TRUE,1.67789245087142
0|0|0|0|0|1|0|1|0|1|0|0|0|1|0|0|0,1,1.77880078307141,1.65396856680979,0.000133220482463999,beta,2,3,sieve_md,TRUE,1.65396856680979
1|0|0|1|0|1|0|1|0|1|0|0|0|1|0|0|0,1,1.70468808971871,1.62905657940813,8.97526486889509e-05,beta,2,3,sieve_md,TRUE,1.62905657940813
0|0|0|0|0|1|0|1|0|0|0|1|0|1|0|0|0,1,1.67032004603564,1.61081118285267,0.0053825217146946,beta,2,3,sieve_md,TRUE,1.61081118285267
1|0|0|1|0|1|0|1|0|0|0|1|0|1|0|0|0,1,1.60653065971263,1.5860894602573,0.00491547716863156,beta,2,3,sieve_md,TRUE,1.5860894602573
0|0|0|0|0|1|0|1|0|1|0|1|0|1|0|0|0,1,1.67032004603564,1.56586135742303,0.000781680922597538,beta,2,3,sieve_md,TRUE,1.56586135742303
1|0|0|1|0|1|0|1|0|1|0|1|0|1|0|0|0,1,1.60653065971263,1.54452945834311,0.000909695984198899,beta,2,3,sieve_md,TRUE,1.54452945834311
0|0|0|0|0|1|0|0|1|0|1|0|1|0|0|0|0,0,1.83053730451109,1.78802110451547,0.0344639163118675,beta,2,3,sieve_md,FALSE,1.78802110451547
0|0|0|0|0|1|0|0|1|0|0|0|0|1|0|0|0,1,1.77880078307141,1.74119071783387,0.00136717346116248,beta,2,3,sieve_md,TRUE,1.74119071783387
1|0|0|1|0|1|0|0|1|0|0|0|0|1|0|0|0,1,1.70468808971871,1.71216109176017,0.00124040836290273,beta,2,3,sieve_md,TRUE,1.71216109176017
0|0|0|0|0|1|0|0|1|1|0|0|0|1|0|0|0,1,1.77880078307141,1.69089306857379,0.00491090003752682,beta,2,3,sieve_md,TRUE,1.69089306857379
1|0|0|1|0|1|0|0|1|1|0|0|0|1|0|0|0,1,1.70468808971871,1.66258187429249,0.00560017553489559,beta,2,3,sieve_md,TRUE,1.66258187429249
0|0|0|0|0|1|0|0|1|0|0|1|0|1|0|0|0,1,1.67032004603564,1.64221900433106,0.000163801874909593,beta,2,3,sieve_md,TRUE,1.64221900433106
1|0|0|1|0|1|0|0|1|0|0|1|0|1|0|0|0,1,1.60653065971263,1.61775459953093,0.000256432670998698,beta,2,3,sieve_md,TRUE,1.61775459953093
0|0|0|0|0|1|0|0|1|1|0|1|0|1|0|0|0,1,1.67032004603564,1.59615023988927,0.000787334840532057,beta,2,3,sieve_md,TRUE,1.59615023988927
1|0|0|1|0|1|0|0|1|1|0|1|0|1|0|0|0,1,1.60653065971263,1.57262873490073,0.00155092397212218,beta,2,3,sieve_md,TRUE,1.57262873490073
0|0|0|0|0|1|0|1|1|0|1|0|1|0|0|0|0,0,1.83053730451109,1.77233605972348,0.03382790207843,beta,2,3,sieve_md,FALSE,1.77233605972348
0|0|0|0|0|1|0|1|1|0|0|0|0|1|0|0|0,1,1.77880078307141,1.7298272343726,0.000136086910311564,beta,2,3,sieve_md,TRUE,1.7298272343726
1|0|0|1|0|1|0|1|1|0|0|0|0|1|0|0|0,1,1.70468808971871,1.70202552066522,6.68813542546445e-05,beta,2,3,sieve_md,TRUE,1.70202552066522
0|0|0|0|0|1|0|1|1|1|0|0|0|1|0|0|0,1,1.77880078307141,1.67731597270596,0.00054052661655963,beta,2,3,sieve_md,TRUE,1.67731597270596
1|0|0|1|0|1|0|1|1|1|0|0|0|1|0|0|0,1,1.70468808971871,1.65145108507874,0.000338154825418245,beta,2,3,sieve_md,TRUE,1.65145108507874
0|0|0|0|0|1|0|1|1|0|0|1|0|1|0|0|0,1,1.67032004603564,1.63181858048344,0.000596721571497624,beta,2,3,sieve_md,TRUE,1.63181858048344
1|0|0|1|0|1|0|1|1|0|0|1|0|1|0|0|0,1,1.60653065971263,1.60744374306414,0.000506027202239947,beta,2,3,sieve_md,TRUE,1.60744374306414
0|0|0|0|0|1|0|1|1|1|0|1|0|1|0|0|0,1,1.67032004603564,1.58656904651935,0.003171579448641,beta,2,3,sieve_md,TRUE,1.58656904651935
1|0|0|1|0|1|0|1|1|1|0|1|0|1|0|0|0,1,1.60653065971263,1.56392665597655,0.003427398424603,beta,2,3,sieve_md,TRUE,1.56392665597655
0|0|0|0|0|1|0|0|0|0|1|0|1|0|0|1|0,0,1.83053730451109,2.29936031089099,0.0045037236163738,beta,2,3,sieve_md,FALSE,2.29936031089099
0|0|0|0|0|1|0|0|0|0|0|0|0|1|0|1|0,1,2.22140275816017,2.22257954023864,0.00647075396855543,beta,2,3,sieve_md,TRUE,2.22257954023864
1|0|0|1|0|1|0|0|0|0|0|0|0|1|0|1|0,1,2.10517091807565,2.17487208845997,0.00625820931663394,beta,2,3,sieve_md,TRUE,2.17487208845997
0|0|0|0|0|1|0|0|0|1|0|0|0|1|0|1|0,1,2.22140275816017,2.13320944537614,0.000734391765715058,beta,2,3,sieve_md,TRUE,2.13320944537614
1|0|0|1|0|1|0|0|0|1|0|0|0|1|0|1|0,1,2.10517091807565,2.09077010243672,0.000901817479084268,beta,2,3,sieve_md,TRUE,2.09077010243672
0|0|0|0|0|1|0|0|0|0|0|1|0|1|0|1|0,1,2.05127109637602,2.05672039965823,0.000965390594166642,beta,2,3,sieve_md,TRUE,2.05672039965823
1|0|0|1|0|1|0|0|0|0|0|1|0|1|0|1|0,1,1.95122942450071,2.01721043991284,0.00160054881746757,beta,2,3,sieve_md,TRUE,2.01721043991284
0|0|0|0|0|1|0|0|0|1|0|1|0|1|0|1|0,1,2.05127109637602,1.9801308912417,0.000146570757254649,beta,2,3,sieve_md,TRUE,1.9801308912417
1|0|0|1|0|1|0|0|0|1|0|1|0|1|0|1|0,1,1.95122942450071,1.94282435344392,0.000307447410782635,beta,2,3,sieve_md,TRUE,1.94282435344392
0|0|0|0|0|1|0|1|0|0|1|0|1|0|0|1|0,0,1.83053730451109,2.27647997152634,0.00460822765981663,beta,2,3,sieve_md,FALSE,2.27647997152634
0|0|0|0|0|1|0|1|0|0|0|0|0|1|0|1|0,1,2.22140275816017,2.20030628015482,0.000826584838221285,beta,2,3,sieve_md,TRUE,2.20030628015482
1|0|0|1|0|1|0|1|0|0|0|0|0|1|0|1|0,1,2.10517091807565,2.15276447445996,0.000431085462366796,beta,2,3,sieve_md,TRUE,2.15276447445996
0|0|0|0|0|1|0|1|0|1|0|0|0|1|0|1|0,1,2.22140275816017,2.11383533164542,0.000103734591715575,beta,2,3,sieve_md,TRUE,2.11383533164542
1|0|0|1|0|1|0|1|0|1|0|0|0|1|0|1|0,1,2.10517091807565,2.07140538446183,6.9567359153476e-05,beta,2,3,sieve_md,TRUE,2.07140538446183
0|0|0|0|0|1|0|1|0|0|0|1|0|1|0|1|0,1,2.05127109637602,2.03844520180105,0.00451331603961828,beta,2,3,sieve_md,TRUE,2.03844520180105
1|0|0|1|0|1|0|1|0|0|0|1|0|1|0|1|0,1,1.95122942450071,2.00035983791649,0.00403498897280325,beta,2,3,sieve_md,TRUE,2.00035983791649
0|0|0|0|0|1|0|1|0|1|0|1|0|1|0|1|0,1,2.05127109637602,1.96221717109369,0.00075771043747166,beta,2,3,sieve_md,TRUE,1.96221717109369
1|0|0|1|0|1|0|1|0|1|0|1|0|1|0|1|0,1,1.95122942450071,1.92619667073094,0.000867996239426118,beta,2,3,sieve_md,TRUE,1.92619667073094
0|0|0|0|0|1|0|0|1|0|1|0|1|0|0|1|0,0,1.83053730451109,2.34431821049531,0.00456178239473009,beta,2,3,sieve_md,FALSE,2.34431821049531
0|0|0|0|0|1|0|0|1|0|0|0|0|1|0|1|0,1,2.22140275816017,2.26506642395291,0.000920620513340971,beta,2,3,sieve_md,TRUE,2.26506642395291
1|0|0|1|0|1|0|0|1|0|0|0|0|1|0|1|0,1,2.10517091807565,2.21676390258043,0.00082305941057957,beta,2,3,sieve_md,TRUE,2.21676390258043
0|0|0|0|0|1|0|0|1|1|0|0|0|1|0|1|0,1,2.22140275816017,2.17471358346223,0.0038239631093253,beta,2,3,sieve_md,TRUE,2.17471358346223
1|0|0|1|0|1|0|0|1|1|0|0|0|1|0|1|0,1,2.10517091807565,2.12948806977716,0.00434070112079658,beta,2,3,sieve_md,TRUE,2.12948806977716
0|0|0|0|0|1|0|0|1|0|0|1|0|1|0|1|0,1,2.05127109637602,2.09382354746438,0.000137350050503412,beta,2,3,sieve_md,TRUE,2.09382354746438
1|0|0|1|0|1|0|0|1|0|0|1|0|1|0|1|0,1,1.95122942450071,2.05215592027705,0.000210498994146338,beta,2,3,sieve_md,TRUE,2.05215592027705
0|0|0|0|0|1|0|0|1|1|0|1|0|1|0|1|0,1,2.05127109637602,2.01502369344798,0.000763190976279434,beta,2,3,sieve_md,TRUE,2.01502369344798
1|0|0|1|0|1|0|0|1|1|0|1|0|1|0|1|0,1,1.95122942450071,1.97663446234305,0.00147983084329361,beta,2,3,sieve_md,TRUE,1.97663446234305
0|0|0|0|0|1|0|1|1|0|1|0|1|0|0|1|0,0,1.83053730451109,2.32062210942836,0.00447759699610509,beta,2,3,sieve_md,FALSE,2.32062210942836
0|0|0|0|0|1|0|1|1|0|0|0|0|1|0|1|0,1,2.22140275816017,2.24303735821251,9.1637531585416e-05,beta,2,3,sieve_md,TRUE,2.24303735821251
1|0|0|1|0|1|0|1|1|0|0|0|0|1|0|1|0,1,2.10517091807565,2.19568564655665,4.43783915506443e-05,beta,2,3,sieve_md,TRUE,2.19568564655665
0|0|0|0|0|1|0|1|1|1|0|0|0|1|0|1|0,1,2.22140275816017,2.15177038080061,0.000420891043502768,beta,2,3,sieve_md,TRUE,2.15177038080061
1|0|0|1|0|1|0|1|1|1|0|0|0|1|0|1|0,1,2.10517091807565,2.11023795401431,0.0002621041109425,beta,2,3,sieve_md,TRUE,2.11023795401431
0|0|0|0|0|1|0|1|1|0|0|1|0|1|0|1|0,1,2.05127109637602,2.07551490828019,0.000500358973466633,beta,2,3,sieve_md,TRUE,2.07551490828019
1|0|0|1|0|1|0|1|1|0|0|1|0|1|0|1|0,1,1.95122942450071,2.03459453152672,0.000415384734976828,beta,2,3,sieve_md,TRUE,2.03459453152672
0|0|0|0|0|1|0|1|1|1|0|1|0|1|0|1|0,1,2.05127109637602,1.99764748378934,0.00307432199255961,beta,2,3,sieve_md,TRUE,1.99764748378934
1|0|0|1|0|1|0|1|1|1|0|1|0|1|0|1|0,1,1.95122942450071,1.96135230801873,0.00327028919028398,beta,2,3,sieve_md,TRUE,1.96135230801873
1|0|0|1|0|1|0|0|0|0|1|0|1|0|0|0|1,0,2.45567738147273,2.08579637812357,0.0237718769352928,beta,2,3,sieve_md,FALSE,2.08579637812357
0|0|0|0|0|1|0|0|0|0|0|0|0|1|0|0|1,1,2.49182469764127,2.06736877808294,0.00559430936665823,beta,2,3,sieve_md,TRUE,2.06736877808294
1|0|0|1|0|1|0|0|0|0|0|0|0|1|0|0|1,1,2.349858807576,2.02678592880068,0.00682651936307502,beta,2,3,sieve_md,TRUE,2.02678592880068
0|0|0|0|0|1|0|0|0|1|0|0|0|1|0|0|1,1,2.49182469764127,1.99035408791687,0.000751599975898745,beta,2,3,sieve_md,TRUE,1.99035408791687
1|0|0|1|0|1|0|0|0|1|0|0|0|1|0|0|1,1,2.349858807576,1.95237535565346,0.00114964419558553,beta,2,3,sieve_md,TRUE,1.95237535565346
0|0|0|0|0|1|0|0|0|0|0|1|0|1|0|0|1,1,2.28402541668774,1.9231308092743,0.000605842398992,beta,2,3,sieve_md,TRUE,1.9231308092743
1|0|0|1|0|1|0|0|0|0|0|1|0|1|0|0|1,1,2.16183424272828,1.88704532428162,0.00127936982661407,beta,2,3,sieve_md,TRUE,1.88704532428162
0|0|0|0|0|1|0|0|0|1|0|1|0|1|0|0|1,1,2.28402541668774,1.85579022085476,0.000107126420582815,beta,2,3,sieve_md,TRUE,1.85579022085476
1|0|0|1|0|1|0|0|0|1|0|1|0|1|0|0|1,1,2.16183424272828,1.8239051759812,0.000283949225328405,beta,2,3,sieve_md,TRUE,1.8239051759812
1|0|0|1|0|1|0|1|0|0|1|0|1|0|0|0|1,0,2.45567738147273,2.08012108115311,0.0192242372302874,beta,2,3,sieve_md,FALSE,2.08012108115311
0|0|0|0|0|1|0|1|0|0|0|0|0|1|0|0|1,1,2.49182469764127,2.04885735191502,0.000714626351932113,beta,2,3,sieve_md,TRUE,2.04885735191502
1|0|0|1|0|1|0|1|0|0|0|0|0|1|0|0|1,1,2.349858807576,2.00703674232815,0.000470232474993328,beta,2,3,sieve_md,TRUE,2.00703674232815
0|0|0|0|0|1|0|1|0|1|0|0|0|1|0|0|1,1,2.49182469764127,1.97337751338188,0.000106165292522552,beta,2,3,sieve_md,TRUE,1.97337751338188
1|0|0|1|0|1|0|1|0|1|0|0|0|1|0|0|1,1,2.349858807576,1.93629810378775,8.8685030516618e-05,beta,2,3,sieve_md,TRUE,1.93629810378775
0|0|0|0|0|1|0|1|0|0|0|1|0|1|0|0|1,1,2.28402541668774,1.9082880310683,0.00283238539237251,beta,2,3,sieve_md,TRUE,1.9082880310683
1|0|0|1|0|1|0|1|0|0|0|1|0|1|0|0|1,1,2.16183424272828,1.87345134954237,0.00322529565245802,beta,2,3,sieve_md,TRUE,1.87345134954237
0|0|0|0|0|1|0|1|0|1|0|1|0|1|0|0|1,1,2.28402541668774,1.84223730154835,0.000553799465356878,beta,2,3,sieve_md,TRUE,1.84223730154835
1|0|0|1|0|1|0|1|0|1|0|1|0|1|0|0|1,1,2.16183424272828,1.80729773886751,0.000801655343740288,beta,2,3,sieve_md,TRUE,1.80729773886751
1|0|0|1|0|1|0|0|1|0|1|0|1|0|0|0|1,0,2.45567738147273,2.13291497722762,0.0270632684173845,beta,2,3,sieve_md,FALSE,2.13291497722762
0|0|0|0|0|1|0|0|1|0|0|0|0|1|0|0|1,1,2.49182469764127,2.10242704097328,0.000795925171309036,beta,2,3,sieve_md,TRUE,2.10242704097328
1|0|0|1|0|1|0|0|1|0|0|0|0|1|0|0|1,1,2.349858807576,2.06251714728127,0.000897801706368077,beta,2,3,sieve_md,TRUE,2.06251714728127
0|0|0|0|0|1|0|0|1|1|0|0|0|1|0|0|1,1,2.49182469764127,2.02562110806126,0.00391356591261363,beta,2,3,sieve_md,TRUE,2.02562110806126
1|0|0|1|0|1|0|0|1|1|0|0|0|1|0|0|1,1,2.349858807576,1.98749403383492,0.00553356079698374,beta,2,3,sieve_md,TRUE,1.98749403383492
0|0|0|0|0|1|0|0|1|0|0|1|0|1|0|0|1,1,2.28402541668774,1.95588927237259,8.61956648443329e-05,beta,2,3,sieve_md,TRUE,1.95588927237259
1|0|0|1|0|1|0|0|1|0|0|1|0|1|0|0|1,1,2.16183424272828,1.91855671516855,0.000168258573999348,beta,2,3,sieve_md,TRUE,1.91855671516855
0|0|0|0|0|1|0|0|1|1|0|1|0|1|0|0|1,1,2.28402541668774,1.88702630512946,0.000557805110932701,beta,2,3,sieve_md,TRUE,1.88702630512946
1|0|0|1|0|1|0|0|1|1|0|1|0|1|0|0|1,1,2.16183424272828,1.85317506864836,0.00136672746893738,beta,2,3,sieve_md,TRUE,1.85317506864836
1|0|0|1|0|1|0|1|1|0|1|0|1|0|0|0|1,0,2.45567738147273,2.11948726244854,0.0208522659592542,beta,2,3,sieve_md,FALSE,2.11948726244854
0|0|0|0|0|1|0|1|1|0|0|0|0|1|0|0|1,1,2.49182469764127,2.08628679518567,7.92254973341505e-05,beta,2,3,sieve_md,TRUE,2.08628679518567
1|0|0|1|0|1|0|1|1|0|0|0|0|1|0|0|1,1,2.349858807576,2.04490626968387,4.84084078839255e-05,beta,2,3,sieve_md,TRUE,2.04490626968387
0|0|0|0|0|1|0|1|1|1|0|0|0|1|0|0|1,1,2.49182469764127,2.00809814748461,0.00043075332938226,beta,2,3,sieve_md,TRUE,2.00809814748461
1|0|0|1|0|1|0|1|1|1|0|0|0|1|0|0|1,1,2.349858807576,1.96963045238886,0.000334132434525585,beta,2,3,sieve_md,TRUE,1.96963045238886
0|0|0|0|0|1|0|1|1|0|0|1|0|1|0|0|1,1,2.28402541668774,1.93996610054092,0.000314006250603549,beta,2,3,sieve_md,TRUE,1.93996610054092
1|0|0|1|0|1|0|1|1|0|0|1|0|1|0|0|1,1,2.16183424272828,1.90412920460002,0.000332030295212288,beta,2,3,sieve_md,TRUE,1.90412920460002
0|0|0|0|0|1|0|1|1|1|0|1|0|1|0|0|1,1,2.28402541668774,1.87330397949303,0.00224697693421715,beta,2,3,sieve_md,TRUE,1.87330397949303
1|0|0|1|0|1|0|1|1|1|0|1|0|1|0|0|1,1,2.16183424272828,1.83842959272424,0.0030203412018243,beta,2,3,sieve_md,TRUE,1.83842959272424
1|0|0|1|0|1|0|0|0|0|1|0|1|0|0|1|1,0,2.45567738147273,2.85447133522013,0.0038037502158215,beta,2,3,sieve_md,FALSE,2.85447133522013
0|0|0|0|0|1|0|0|0|0|0|0|0|1|0|1|1,1,3.33964685192599,2.8162388358996,0.00471910206753389,beta,2,3,sieve_md,TRUE,2.8162388358996
1|0|0|1|0|1|0|0|0|0|0|0|0|1|0|1|1,1,3.11700001661268,2.75067227197248,0.00572509049605818,beta,2,3,sieve_md,TRUE,2.75067227197248
0|0|0|0|0|1|0|0|0|1|0|0|0|1|0|1|1,1,3.33964685192599,2.68726753661455,0.00073666848632591,beta,2,3,sieve_md,TRUE,2.68726753661455
1|0|0|1|0|1|0|0|0|1|0|0|0|1|0|1|1,1,3.11700001661268,2.61904036735648,0.00113623191298732,beta,2,3,sieve_md,TRUE,2.61904036735648
0|0|0|0|0|1|0|0|0|0|0|1|0|1|0|1|1,1,3.01375270747048,2.57443820537329,0.000640610494039707,beta,2,3,sieve_md,TRUE,2.57443820537329
1|0|0|1|0|1|0|0|0|0|0|1|0|1|0|1|1,1,2.82211880039051,2.51151825895284,0.00133449796837521,beta,2,3,sieve_md,TRUE,2.51151825895284
0|0|0|0|0|1|0|0|0|1|0|1|0|1|0|1|1,1,3.01375270747048,2.4582650907831,0.000130891106123724,beta,2,3,sieve_md,TRUE,2.4582650907831
1|0|0|1|0|1|0|0|0|1|0|1|0|1|0|1|1,1,2.82211880039051,2.39955154648018,0.000345828331483746,beta,2,3,sieve_md,TRUE,2.39955154648018
1|0|0|1|0|1|0|1|0|0|1|0|1|0|0|1|1,0,2.45567738147273,2.83217052919209,0.00307608005513212,beta,2,3,sieve_md,FALSE,2.83217052919209
0|0|0|0|0|1|0|1|0|0|0|0|0|1|0|1|1,1,3.33964685192599,2.78655550368918,0.000602825920750167,beta,2,3,sieve_md,TRUE,2.78655550368918
1|0|0|1|0|1|0|1|0|0|0|0|0|1|0|1|1,1,3.11700001661268,2.72009813826698,0.000394362533868145,beta,2,3,sieve_md,TRUE,2.72009813826698
0|0|0|0|0|1|0|1|0|1|0|0|0|1|0|1|1,1,3.33964685192599,2.65785072931378,0.000104056183942018,beta,2,3,sieve_md,TRUE,2.65785072931378
1|0|0|1|0|1|0|1|0|1|0|0|0|1|0|1|1,1,3.11700001661268,2.58992481606232,8.76503898024846e-05,beta,2,3,sieve_md,TRUE,2.58992481606232
0|0|0|0|0|1|0|1|0|0|0|1|0|1|0|1|1,1,3.01375270747048,2.54878154744605,0.00299493037882045,beta,2,3,sieve_md,TRUE,2.54878154744605
1|0|0|1|0|1|0|1|0|0|0|1|0|1|0|1|1,1,2.82211880039051,2.49058149823127,0.00336427388396819,beta,2,3,sieve_md,TRUE,2.49058149823127
0|0|0|0|0|1|0|1|0|1|0|1|0|1|0|1|1,1,3.01375270747048,2.43574622778173,0.000676653100112234,beta,2,3,sieve_md,TRUE,2.43574622778173
1|0|0|1|0|1|0|1|0|1|0|1|0|1|0|1|1,1,2.82211880039051,2.37885341479724,0.000976354591670722,beta,2,3,sieve_md,TRUE,2.37885341479724
1|0|0|1|0|1|0|0|1|0|1|0|1|0|0|1|1,0,2.45567738147273,2.92645240186733,0.00433040745430704,beta,2,3,sieve_md,FALSE,2.92645240186733
0|0|0|0|0|1|0|0|1|0|0|0|0|1|0|1|1,1,3.33964685192599,2.87933646927451,0.00067140586538038,beta,2,3,sieve_md,TRUE,2.87933646927451
1|0|0|1|0|1|0|0|1|0|0|0|0|1|0|1|1,1,3.11700001661268,2.80607027409437,0.000752945350785231,beta,2,3,sieve_md,TRUE,2.80607027409437
0|0|0|0|0|1|0|0|1|1|0|0|0|1|0|1|1,1,3.33964685192599,2.7508642833071,0.00383581794761813,beta,2,3,sieve_md,TRUE,2.7508642833071
1|0|0|1|0|1|0|0|1|1|0|0|0|1|0|1|1,1,3.11700001661268,2.68407659893045,0.00546900370926171,beta,2,3,sieve_md,TRUE,2.68407659893045
0|0|0|0|0|1|0|0|1|0|0|1|0|1|0|1|1,1,3.01375270747048,2.62806486235767,9.1142263288077e-05,beta,2,3,sieve_md,TRUE,2.62806486235767
1|0|0|1|0|1|0|0|1|0|0|1|0|1|0|1|1,1,2.82211880039051,2.5660460843941,0.000175508848569691,beta,2,3,sieve_md,TRUE,2.5660460843941
0|0|0|0|0|1|0|0|1|1|0|1|0|1|0|1|1,1,3.01375270747048,2.50714173772451,0.000681547349143487,beta,2,3,sieve_md,TRUE,2.50714173772451
1|0|0|1|0|1|0|0|1|1|0|1|0|1|0|1|1,1,2.82211880039051,2.45313533045631,0.00166456900746591,beta,2,3,sieve_md,TRUE,2.45313533045631
1|0|0|1|0|1|0|1|1|0|1|0|1|0|0|1|1,0,2.45567738147273,2.89866951988641,0.00333658176671457,beta,2,3,sieve_md,FALSE,2.89866951988641
0|0|0|0|0|1|0|1|1|0|0|0|0|1|0|1|1,1,3.33964685192599,2.85015713932561,6.68309855188298e-05,beta,2,3,sieve_md,TRUE,2.85015713932561
1|0|0|1|0|1|0|1|1|0|0|0|0|1|0|1|1,1,3.11700001661268,2.77305652233832,4.05979242371518e-05,beta,2,3,sieve_md,TRUE,2.77305652233832
0|0|0|0|0|1|0|1|1|1|0|0|0|1|0|1|1,1,3.33964685192599,2.71437904630115,0.000422195866566426,beta,2,3,sieve_md,TRUE,2.71437904630115
1|0|0|1|0|1|0|1|1|1|0|0|0|1|0|1|1,1,3.11700001661268,2.651468757556,0.000330234290513469,beta,2,3,sieve_md,TRUE,2.651468757556
0|0|0|0|0|1|0|1|1|0|0|1|0|1|0|1|1,1,3.01375270747048,2.60089105721377,0.000332026447249942,beta,2,3,sieve_md,TRUE,2.60089105721377
1|0|0|1|0|1|0|1|1|0|0|1|0|1|0|1|1,1,2.82211880039051,2.5399074260841,0.000346337505529963,beta,2,3,sieve_md,TRUE,2.5399074260841
0|0|0|0|0|1|0|1|1|1|0|1|0|1|0|1|1,1,3.01375270747048,2.48877077640937,0.00274544127166849,beta,2,3,sieve_md,TRUE,2.48877077640937
1|0|0|1|0|1|0|1|1|1|0|1|0|1|0|1|1,1,2.82211880039051,2.42555248963108,0.00367854343370882,beta,2,3,sieve_md,TRUE,2.42555248963108
0|0|0|0|0|1|0|0|0|0|1|0|1|0|0|0|0,0,1.83053730451109,1.75079186729967,0.0340252866918418,beta,2,3,landweber,FALSE,1.75079186729967
0|0|0|0|0|1|0|0|0|0|0|0|0|1|0|0|0,1,1.77880078307141,1.69943985256724,0.00960943512698398,beta,2,3,landweber,TRUE,1.69943985256724
1|0|0|1|0|1|0|0|0|0|0|0|0|1|0|0|0,1,1.70468808971871,1.66376750196047,0.00943156116480374,beta,2,3,landweber,TRUE,1.66376750196047
0|0|0|0|0|1|0|0|0|1|0|0|0|1|0|0|0,1,1.77880078307141,1.64177174804514,0.000943137903452683,beta,2,3,landweber,TRUE,1.64177174804514
1|0|0|1|0|1|0|0|0|1|0|0|0|1|0|0|0,1,1.70468808971871,1.60904054646754,0.00116348397246529,beta,2,3,landweber,TRUE,1.60904054646754
0|0|0|0|0|1|0|0|0|0|0|1|0|1|0|0|0,1,1.67032004603564,1.60365712925497,0.0011513122038543,beta,2,3,landweber,TRUE,1.60365712925497
1|0|0|1|0|1|0|0|0|0|0|1|0|1|0|0|0,1,1.60653065971263,1.57286982326716,0.00194980983159324,beta,2,3,landweber,TRUE,1.57286982326716
0|0|0|0|0|1|0|0|0|1|0|1|0|1|0|0|0,1,1.67032004603564,1.55388621286006,0.000151207584178117,beta,2,3,landweber,TRUE,1.55388621286006
1|0|0|1|0|1|0|0|0|1|0|1|0|1|0|0|0,1,1.60653065971263,1.52563728894062,0.000322217611364569,beta,2,3,landweber,TRUE,1.52563728894062
0|0|0|0|0|1|0|1|0|0|1|0|1|0|0|0|0,0,1.83053730451109,1.73963332519136,0.0348148067293662,beta,2,3,landweber,FALSE,1.73963332519136
0|0|0|0|0|1|0|1|0|0|0|0|0|1|0|0|0,1,1.77880078307141,1.68904452280005,0.00122752517224963,beta,2,3,landweber,TRUE,1.68904452280005
1|0|0|1|0|1|0|1|0|0|0|0|0|1|0|0|0,1,1.70468808971871,1.65390234765693,0.000649676081425316,beta,2,3,landweber,TRUE,1.65390234765693
0|0|0|0|0|1|0|1|0|1|0|0|0|1|0|0|0,1,1.77880078307141,1.63223350264533,0.000133220482463999,beta,2,3,landweber,TRUE,1.63223350264533
1|0|0|1|0|1|0|1|0|1|0|0|0|1|0|0|0,1,1.70468808971871,1.59998876410358,8.97526486889509e-05,beta,2,3,landweber,TRUE,1.59998876410358
0|0|0|0|0|1|0|1|0|0|0|1|0|1|0|0|0,1,1.67032004603564,1.59468535719782,0.0053825217146946,beta,2,3,landweber,TRUE,1.59468535719782
1|0|0|1|0|1|0|1|0|0|0|1|0|1|0|0|0,1,1.60653065971263,1.5643556233618,0.00491547716863156,beta,2,3,landweber,TRUE,1.5643556233618
0|0|0|0|0|1|0|1|0|1|0|1|0|1|0|0|0,1,1.67032004603564,1.54565415428484,0.000781680922597538,beta,2,3,landweber,TRUE,1.54565415428484
1|0|0|1|0|1|0|1|0|1|0|1|0|1|0|0|0,1,1.60653065971263,1.51782507615862,0.000909695984198899,beta,2,3,landweber,TRUE,1.51782507615862
0|0|0|0|0|1|0|0|1|0|1|0|1|0|0|0|0,0,1.83053730451109,1.77989692837387,0.0344639163118675,beta,2,3,landweber,FALSE,1.77989692837387
0|0|0|0|0|1|0|0|1|0|0|0|0|1|0|0|0,1,1.77880078307141,1.72655421077136,0.00136717346116248,beta,2,3,landweber,TRUE,1.72655421077136
1|0|0|1|0|1|0|0|1|0|0|0|0|1|0|0|0,1,1.70468808971871,1.68949899230428,0.00124040836290273,beta,2,3,landweber,TRUE,1.68949899230428
0|0|0|0|0|1|0|0|1|1|0|0|0|1|0|0|0,1,1.77880078307141,1.6666505549903,0.00491090003752682,beta,2,3,landweber,TRUE,1.6666505549903
1|0|0|1|0|1|0|0|1|1|0|0|0|1|0|0|0,1,1.70468808971871,1.63265050160112,0.00560017553489559,beta,2,3,landweber,TRUE,1.63265050160112
0|0|0|0|0|1|0|0|1|0|0|1|0|1|0|0|0,1,1.67032004603564,1.6270583918153,0.000163801874909593,beta,2,3,landweber,TRUE,1.6270583918153
1|0|0|1|0|1|0|0|1|0|0|1|0|1|0|0|0,1,1.60653065971263,1.59507759071904,0.000256432670998698,beta,2,3,landweber,TRUE,1.59507759071904
0|0|0|0|0|1|0|0|1|1|0|1|0|1|0|0|0,1,1.67032004603564,1.57535806512111,0.000787334840532057,beta,2,3,landweber,TRUE,1.57535806512111
1|0|0|1|0|1|0|0|1|1|0|1|0|1|0|0|0,1,1.60653065971263,1.54601404855114,0.00155092397212218,beta,2,3,landweber,TRUE,1.54601404855114
0|0|0|0|0|1|0|1|1|0|1|0|1|0|0|0|0,0,1.83053730451109,1.76830581625021,0.03382790207843,beta,2,3,landweber,FALSE,1.76830581625021
0|0|0|0|0|1|0|1|1|0|0|0|0|1|0|0|0,1,1.77880078307141,1.71575589753972,0.000136086910311564,beta,2,3,landweber,TRUE,1.71575589753972
1|0|0|1|0|1|0|1|1|0|0|0|0|1|0|0|0,1,1.70468808971871,1.67925140722196,6.68813542546445e-05,beta,2,3,landweber,TRUE,1.67925140722196
0|0|0|0|0|1|0|1|1|1|0|0|0|1|0|0|0,1,1.77880078307141,1.65674255170286,0.00054052661655963,beta,2,3,landweber,TRUE,1.65674255170286
1|0|0|1|0|1|0|1|1|1|0|0|0|1|0|0|0,1,1.70468808971871,1.62324781948717,0.000338154825418245,beta,2,3,landweber,TRUE,1.62324781948717
0|0|0|0|0|1|0|1|1|0|0|1|0|1|0|0|0,1,1.67032004603564,1.61773882167317,0.000596721571497624,beta,2,3,landweber,TRUE,1.61773882167317
1|0|0|1|0|1|0|1|1|0|0|1|0|1|0|0|0,1,1.60653065971263,1.58623333088758,0.000506027202239947,beta,2,3,landweber,TRUE,1.58623333088758
0|0|0|0|0|1|0|1|1|1|0|1|0|1|0|0|0,1,1.67032004603564,1.5668068840593,0.003171579448641,beta,2,3,landweber,TRUE,1.5668068840593
1|0|0|1|0|1|0|1|1|1|0|1|0|1|0|0|0,1,1.60653065971263,1.53789898894827,0.003427398424603,beta,2,3,landweber,TRUE,1.53789898894827
0|0|0|0|0|1|0|0|0|0|1|0|1|0|0|1|0,0,1.83053730451109,2.32424121844301,0.0045037236163738,beta,2,3,landweber,FALSE,2.32424121844301
0|0|0|0|0|1|0|0|0|0|0|0|0|1|0|1|0,1,2.22140275816017,2.23366690947592,0.00647075396855543,beta,2,3,landweber,TRUE,2.23366690947592
1|0|0|1|0|1|0|0|0|0|0|0|0|1|0|1|0,1,2.10517091807565,2.17074827770899,0.00625820931663394,beta,2,3,landweber,TRUE,2.17074827770899
0|0|0|0|0|1|0|0|0|1|0|0|0|1|0|1|0,1,2.22140275816017,2.1319523274143,0.000734391765715058,beta,2,3,landweber,TRUE,2.1319523274143
1|0|0|1|0|1|0|0|0|1|0|0|0|1|0|1|0,1,2.10517091807565,2.07422127284905,0.000901817479084268,beta,2,3,landweber,TRUE,2.07422127284905
0|0|0|0|0|1|0|0|0|0|0|1|0|1|0|1|0,1,2.05127109637602,2.06472604084208,0.000965390594166642,beta,2,3,landweber,TRUE,2.06472604084208
1|0|0|1|0|1|0|0|0|0|0|1|0|1|0|1|0,1,1.95122942450071,2.01042361513718,0.00160054881746757,beta,2,3,landweber,TRUE,2.01042361513718
0|0|0|0|0|1|0|0|0|1|0|1|0|1|0|1|0,1,2.05127109637602,1.97694046158845,0.000146570757254649,beta,2,3,landweber,TRUE,1.97694046158845
1|0|0|1|0|1|0|0|0|1|0|1|0|1|0|1|0,1,1.95122942450071,1.927115215658,0.000307447410782635,beta,2,3,landweber,TRUE,1.927115215658
0|0|0|0|0|1|0|1|0|0|1|0|1|0|0|1|0,0,1.83053730451109,2.30455986327502,0.00460822765981663,beta,2,3,landweber,FALSE,2.30455986327502
0|0|0|0|0|1|0|1|0|0|0|0|0|1|0|1|0,1,2.22140275816017,2.2153317026675,0.000826584838221285,beta,2,3,landweber,TRUE,2.2153317026675
1|0|0|1|0|1|0|1|0|0|0|0|0|1|0|1|0,1,2.10517091807565,2.15334819051567,0.000431085462366796,beta,2,3,landweber,TRUE,2.15334819051567
0|0|0|0|0|1|0|1|0|1|0|0|0|1|0|1|0,1,2.22140275816017,2.11512883976054,0.000103734591715575,beta,2,3,landweber,TRUE,2.11512883976054
1|0|0|1|0|1|0|1|0|1|0|0|0|1|0|1|0,1,2.10517091807565,2.05825580514914,6.9567359153476e-05,beta,2,3,landweber,TRUE,2.05825580514914
0|0|0|0|0|1|0|1|0|0|0|1|0|1|0|1|0,1,2.05127109637602,2.04890169473763,0.00451331603961828,beta,2,3,landweber,TRUE,2.04890169473763
1|0|0|1|0|1|0|1|0|0|0|1|0|1|0|1|0,1,1.95122942450071,1.99540633145603,0.00403498897280325,beta,2,3,landweber,TRUE,1.99540633145603
0|0|0|0|0|1|0|1|0|1|0|1|0|1|0|1|0,1,2.05127109637602,1.96242081672714,0.00075771043747166,beta,2,3,landweber,TRUE,1.96242081672714
1|0|0|1|0|1|0|1|0|1|0|1|0|1|0|1|0,1,1.95122942450071,1.91333609174396,0.000867996239426118,beta,2,3,landweber,TRUE,1.91333609174396
0|0|0|0|0|1|0|0|1|0|1|0|1|0|0|1|0,0,1.83053730451109,2.37557651284142,0.00456178239473009,beta,2,3,landweber,FALSE,2.37557651284142
0|0|0|0|0|1|0|0|1|0|0|0|0|1|0|1|0,1,2.22140275816017,2.28149101667444,0.000920620513340971,beta,2,3,landweber,TRUE,2.28149101667444
1|0|0|1|0|1|0|0|1|0|0|0|0|1|0|1|0,1,2.10517091807565,2.21613329266366,0.00082305941057957,beta,2,3,landweber,TRUE,2.21613329266366
0|0|0|0|0|1|0|0|1|1|0|0|0|1|0|1|0,1,2.22140275816017,2.17583338561085,0.0038239631093253,beta,2,3,landweber,TRUE,2.17583338561085
1|0|0|1|0|1|0|0|1|1|0|0|0|1|0|1|0,1,2.10517091807565,2.11586433947673,0.00434070112079658,beta,2,3,landweber,TRUE,2.11586433947673
0|0|0|0|0|1|0|0|1|0|0|1|0|1|0|1|0,1,2.05127109637602,2.10600101703149,0.000137350050503412,beta,2,3,landweber,TRUE,2.10600101703149
1|0|0|1|0|1|0|0|1|0|0|1|0|1|0|1|0,1,1.95122942450071,2.04959351336098,0.000210498994146338,beta,2,3,landweber,TRUE,2.04959351336098
0|0|0|0|0|1|0|0|1|1|0|1|0|1|0|1|0,1,2.05127109637602,2.01481235796721,0.000763190976279434,beta,2,3,landweber,TRUE,2.01481235796721
1|0|0|1|0|1|0|0|1|1|0|1|0|1|0|1|0,1,1.95122942450071,1.96305559560857,0.00147983084329361,beta,2,3,landweber,TRUE,1.96305559560857
0|0|0|0|0|1|0|1|1|0|1|0|1|0|0|1|0,0,1.83053730451109,2.355132193836,0.00447759699610509,beta,2,3,landweber,FALSE,2.355132193836
0|0|0|0|0|1|0|1|1|0|0|0|0|1|0|1|0,1,2.22140275816017,2.26244503057124,9.1637531585416e-05,beta,2,3,landweber,TRUE,2.26244503057124
1|0|0|1|0|1|0|1|1|0|0|0|0|1|0|1|0,1,2.10517091807565,2.1980586768526,4.43783915506443e-05,beta,2,3,landweber,TRUE,2.1980586768526
0|0|0|0|0|1|0|1|1|1|0|0|0|1|0|1|0,1,2.22140275816017,2.15835772169232,0.000420891043502768,beta,2,3,landweber,TRUE,2.15835772169232
1|0|0|1|0|1|0|1|1|1|0|0|0|1|0|1|0,1,2.10517091807565,2.09927995735762,0.0002621041109425,beta,2,3,landweber,TRUE,2.09927995735762
0|0|0|0|0|1|0|1|1|0|0|1|0|1|0|1|0,1,2.05127109637602,2.08956322720198,0.000500358973466633,beta,2,3,landweber,TRUE,2.08956322720198
1|0|0|1|0|1|0|1|1|0|0|1|0|1|0|1|0,1,1.95122942450071,2.03399407238998,0.000415384734976828,beta,2,3,landweber,TRUE,2.03399407238998
0|0|0|0|0|1|0|1|1|1|0|1|0|1|0|1|0,1,2.05127109637602,1.9997298471921,0.00307432199255961,beta,2,3,landweber,TRUE,1.9997298471921
1|0|0|1|0|1|0|1|1|1|0|1|0|1|0|1|0,1,1.95122942450071,1.94874231268118,0.00327028919028398,beta,2,3,landweber,TRUE,1.94874231268118
1|0|0|1|0|1|0|0|0|0|1|0|1|0|0|0|1,0,2.45567738147273,2.08492575734531,0.0237718769352928,beta,2,3,landweber,FALSE,2.08492575734531
0|0|0|0|0|1|0|0|0|0|0|0|0|1|0|0|1,1,2.49182469764127,2.06503829184057,0.00559430936665823,beta,2,3,landweber,TRUE,2.06503829184057
1|0|0|1|0|1|0|0|0|0|0|0|0|1|0|0|1,1,2.349858807576,2.01071994092488,0.00682651936307502,beta,2,3,landweber,TRUE,2.01071994092488
0|0|0|0|0|1|0|0|0|1|0|0|0|1|0|0|1,1,2.49182469764127,1.97722696780967,0.000751599975898745,beta,2,3,landweber,TRUE,1.97722696780967
1|0|0|1|0|1|0|0|0|1|0|0|0|1|0|0|1,1,2.349858807576,1.92738710968586,0.00114964419558553,beta,2,3,landweber,TRUE,1.92738710968586
0|0|0|0|0|1|0|0|0|0|0|1|0|1|0|0|1,1,2.28402541668774,1.91918977084207,0.000605842398992,beta,2,3,landweber,TRUE,1.91918977084207
1|0|0|1|0|1|0|0|0|0|0|1|0|1|0|0|1,1,2.16183424272828,1.87230988594664,0.00127936982661407,beta,2,3,landweber,TRUE,1.87230988594664
0|0|0|0|0|1|0|0|0|1|0|1|0|1|0|0|1,1,2.28402541668774,1.84340350904128,0.000107126420582815,beta,2,3,landweber,TRUE,1.84340350904128
1|0|0|1|0|1|0|0|0|1|0|1|0|1|0|0|1,1,2.16183424272828,1.80038882297919,0.000283949225328405,beta,2,3,landweber,TRUE,1.80038882297919
1|0|0|1|0|1|0|1|0|0|1|0|1|0|0|0|1,0,2.45567738147273,2.06880119569912,0.0192242372302874,beta,2,3,landweber,FALSE,2.06880119569912
0|0|0|0|0|1|0|1|0|0|0|0|0|1|0|0|1,1,2.49182469764127,2.04920930494809,0.000714626351932113,beta,2,3,landweber,TRUE,2.04920930494809
1|0|0|1|0|1|0|1|0|0|0|0|0|1|0|0|1,1,2.349858807576,1.99569825314197,0.000470232474993328,beta,2,3,landweber,TRUE,1.99569825314197
0|0|0|0|0|1|0|1|0|1|0|0|0|1|0|0|1,1,2.49182469764127,1.96270306478859,0.000106165292522552,beta,2,3,landweber,TRUE,1.96270306478859
1|0|0|1|0|1|0|1|0|1|0|0|0|1|0|0|1,1,2.349858807576,1.91360394478377,8.8685030516618e-05,beta,2,3,landweber,TRUE,1.91360394478377
0|0|0|0|0|1|0|1|0|0|0|1|0|1|0|0|1,1,2.28402541668774,1.90552843777468,0.00283238539237251,beta,2,3,landweber,TRUE,1.90552843777468
1|0|0|1|0|1|0|1|0|0|0|1|0|1|0|0|1,1,2.16183424272828,1.85934529879835,0.00322529565245802,beta,2,3,landweber,TRUE,1.85934529879835
0|0|0|0|0|1|0|1|0|1|0|1|0|1|0|0|1,1,2.28402541668774,1.83086853899188,0.000553799465356878,beta,2,3,landweber,TRUE,1.83086853899188
1|0|0|1|0|1|0|1|0|1|0|1|0|1|0|0|1,1,2.16183424272828,1.78849315285644,0.000801655343740288,beta,2,3,landweber,TRUE,1.78849315285644
1|0|0|1|0|1|0|0|1|0|1|0|1|0|0|0|1,0,2.45567738147273,2.12698379207347,0.0270632684173845,beta,2,3,landweber,FALSE,2.12698379207347
0|0|0|0|0|1|0|0|1|0|0|0|0|1|0|0|1,1,2.49182469764127,2.10632537269544,0.000795925171309036,beta,2,3,landweber,TRUE,2.10632537269544
1|0|0|1|0|1|0|0|1|0|0|0|0|1|0|0|1,1,2.349858807576,2.04990132646031,0.000897801706368077,beta,2,3,landweber,TRUE,2.04990132646031
0|0|0|0|0|1|0|0|1|1|0|0|0|1|0|0|1,1,2.49182469764127,2.01510997083654,0.00391356591261363,beta,2,3,landweber,TRUE,2.01510997083654
1|0|0|1|0|1|0|0|1|1|0|0|0|1|0|0|1,1,2.349858807576,1.9633380298309,0.00553356079698374,beta,2,3,landweber,TRUE,1.9633380298309
0|0|0|0|0|1|0|0|1|0|0|1|0|1|0|0|1,1,2.28402541668774,1.95482291443933,8.61956648443329e-05,beta,2,3,landweber,TRUE,1.95482291443933
1|0|0|1|0|1|0|0|1|0|0|1|0|1|0|0|1,1,2.16183424272828,1.90612569244628,0.000168258573999348,beta,2,3,landweber,TRUE,1.90612569244628
0|0|0|0|0|1|0|0|1|1|0|1|0|1|0|0|1,1,2.28402541668774,1.87609873618743,0.000557805110932701,beta,2,3,landweber,TRUE,1.87609873618743
1|0|0|1|0|1|0|0|1|1|0|1|0|1|0|0|1,1,2.16183424272828,1.8314165506232,0.00136672746893738,beta,2,3,landweber,TRUE,1.8314165506232
1|0|0|1|0|1|0|1|1|0|1|0|1|0|0|0|1,0,2.45567738147273,2.11023414860108,0.0208522659592542,beta,2,3,landweber,FALSE,2.11023414860108
0|0|0|0|0|1|0|1|1|0|0|0|0|1|0|0|1,1,2.49182469764127,2.08988276217395,7.92254973341505e-05,beta,2,3,landweber,TRUE,2.08988276217395
1|0|0|1|0|1|0|1|1|0|0|0|0|1|0|0|1,1,2.349858807576,2.03429731065894,4.84084078839255e-05,beta,2,3,landweber,TRUE,2.03429731065894
0|0|0|0|0|1|0|1|1|1|0|0|0|1|0|0|1,1,2.49182469764127,2.0000230368306,0.00043075332938226,beta,2,3,landweber,TRUE,2.0000230368306
1|0|0|1|0|1|0|1|1|1|0|0|0|1|0|0|1,1,2.349858807576,1.94902054926326,0.000334132434525585,beta,2,3,landweber,TRUE,1.94902054926326
0|0|0|0|0|1|0|1|1|0|0|1|0|1|0|0|1,1,2.28402541668774,1.94063198861714,0.000314006250603549,beta,2,3,landweber,TRUE,1.94063198861714
1|0|0|1|0|1|0|1|1|0|0|1|0|1|0|0|1,1,2.16183424272828,1.89265852246886,0.000332030295212288,beta,2,3,landweber,TRUE,1.89265852246886
0|0|0|0|0|1|0|1|1|1|0|1|0|1|0|0|1,1,2.28402541668774,1.86307783776727,0.00224697693421715,beta,2,3,landweber,TRUE,1.86307783776727
1|0|0|1|0|1|0|1|1|1|0|1|0|1|0|0|1,1,2.16183424272828,1.81905973511447,0.0030203412018243,beta,2,3,landweber,TRUE,1.81905973511447
1|0|0|1|0|1|0|0|0|0|1|0|1|0|0|1|1,0,2.45567738147273,2.91358413616607,0.0038037502158215,beta,2,3,landweber,FALSE,2.91358413616607
0|0|0|0|0|1|0|0|0|0|0|0|0|1|0|1|1,1,3.33964685192599,2.87850676958982,0.00471910206753389,beta,2,3,landweber,TRUE,2.87850676958982
1|0|0|1|0|1|0|0|0|0|0|0|0|1|0|1|1,1,3.11700001661268,2.78270045850241,0.00572509049605818,beta,2,3,landweber,TRUE,2.78270045850241
0|0|0|0|0|1|0|0|0|1|0|0|0|1|0|1|1,1,3.33964685192599,2.72362579685633,0.00073666848632591,beta,2,3,landweber,TRUE,2.72362579685633
1|0|0|1|0|1|0|0|0|1|0|0|0|1|0|1|1,1,3.11700001661268,2.63571861868419,0.00113623191298732,beta,2,3,landweber,TRUE,2.63571861868419
0|0|0|0|0|1|0|0|0|0|0|1|0|1|0|1|1,1,3.01375270747048,2.62126021223191,0.000640610494039707,beta,2,3,landweber,TRUE,2.62126021223191
1|0|0|1|0|1|0|0|0|0|0|1|0|1|0|1|1,1,2.82211880039051,2.53857381324669,0.00133449796837521,beta,2,3,landweber,TRUE,2.53857381324669
0|0|0|0|0|1|0|0|0|1|0|1|0|1|0|1|1,1,3.01375270747048,2.48758895653587,0.000130891106123724,beta,2,3,landweber,TRUE,2.48758895653587
1|0|0|1|0|1|0|0|0|1|0|1|0|1|0|1|1,1,2.82211880039051,2.41171996705589,0.000345828331483746,beta,2,3,landweber,TRUE,2.41171996705589
1|0|0|1|0|1|0|1|0|0|1|0|1|0|0|1|1,0,2.45567738147273,2.88514375196478,0.00307608005513212,beta,2,3,landweber,FALSE,2.88514375196478
0|0|0|0|0|1|0|1|0|0|0|0|0|1|0|1|1,1,3.33964685192599,2.85058771798287,0.000602825920750167,beta,2,3,landweber,TRUE,2.85058771798287
1|0|0|1|0|1|0|1|0|0|0|0|0|1|0|1|1,1,3.11700001661268,2.7562053151756,0.000394362533868145,beta,2,3,landweber,TRUE,2.7562053151756
0|0|0|0|0|1|0|1|0|1|0|0|0|1|0|1|1,1,3.33964685192599,2.69800864266103,0.000104056183942018,beta,2,3,landweber,TRUE,2.69800864266103
1|0|0|1|0|1|0|1|0|1|0|0|0|1|0|1|1,1,3.11700001661268,2.61140797297943,8.76503898024846e-05,beta,2,3,landweber,TRUE,2.61140797297943
0|0|0|0|0|1|0|1|0|0|0|1|0|1|0|1|1,1,3.01375270747048,2.5971644526284,0.00299493037882045,beta,2,3,landweber,TRUE,2.5971644526284
1|0|0|1|0|1|0|1|0|0|0|1|0|1|0|1|1,1,2.82211880039051,2.51570696901247,0.00336427388396819,beta,2,3,landweber,TRUE,2.51570696901247
0|0|0|0|0|1|0|1|0|1|0|1|0|1|0|1|1,1,3.01375270747048,2.46547986780657,0.000676653100112234,beta,2,3,landweber,TRUE,2.46547986780657
1|0|0|1|0|1|0|1|0|1|0|1|0|1|0|1|1,1,2.82211880039051,2.39073847087347,0.000976354591670722,beta,2,3,landweber,TRUE,2.39073847087347
1|0|0|1|0|1|0|0|1|0|1|0|1|0|0|1|1,0,2.45567738147273,2.98776579100212,0.00433040745430704,beta,2,3,landweber,FALSE,2.98776579100212
0|0|0|0|0|1|0|0|1|0|0|0|0|1|0|1|1,1,3.33964685192599,2.95132862160835,0.00067140586538038,beta,2,3,landweber,TRUE,2.95132862160835
1|0|0|1|0|1|0|0|1|0|0|0|0|1|0|1|1,1,3.11700001661268,2.85180830047775,0.000752945350785231,beta,2,3,landweber,TRUE,2.85180830047775
0|0|0|0|0|1|0|0|1|1|0|0|0|1|0|1|1,1,3.33964685192599,2.7904435612349,0.00383581794761813,beta,2,3,landweber,TRUE,2.7904435612349
1|0|0|1|0|1|0|0|1|1|0|0|0|1|0|1|1,1,3.11700001661268,2.69912858937052,0.00546900370926171,beta,2,3,landweber,TRUE,2.69912858937052
0|0|0|0|0|1|0|0|1|0|0|1|0|1|0|1|1,1,3.01375270747048,2.68410969096148,9.1142263288077e-05,beta,2,3,landweber,TRUE,2.68410969096148
1|0|0|1|0|1|0|0|1|0|0|1|0|1|0|1|1,1,2.82211880039051,2.59821788606113,0.000175508848569691,beta,2,3,landweber,TRUE,2.59821788606113
0|0|0|0|0|1|0|0|1|1|0|1|0|1|0|1|1,1,3.01375270747048,2.54525655966136,0.000681547349143487,beta,2,3,landweber,TRUE,2.54525655966136
1|0|0|1|0|1|0|0|1|1|0|1|0|1|0|1|1,1,2.82211880039051,2.4664464467241,0.00166456900746591,beta,2,3,landweber,TRUE,2.4664464467241
1|0|0|1|0|1|0|1|1|0|1|0|1|0|0|1|1,0,2.45567738147273,2.95822289203581,0.00333658176671457,beta,2,3,landweber,FALSE,2.95822289203581
0|0|0|0|0|1|0|1|1|0|0|0|0|1|0|1|1,1,3.33964685192599,2.92232726512099,6.68309855188298e-05,beta,2,3,landweber,TRUE,2.92232726512099
1|0|0|1|0|1|0|1|1|0|0|0|0|1|0|1|1,1,3.11700001661268,2.82428605124013,4.05979242371518e-05,beta,2,3,landweber,TRUE,2.82428605124013
0|0|0|0|0|1|0|1|1|1|0|0|0|1|0|1|1,1,3.33964685192599,2.76383333709588,0.000422195866566426,beta,2,3,landweber,TRUE,2.76383333709588
1|0|0|1|0|1|0|1|1|1|0|0|0|1|0|1|1,1,3.11700001661268,2.67387552159274,0.000330234290513469,beta,2,3,landweber,TRUE,2.67387552159274
0|0|0|0|0|1|0|1|1|0|0|1|0|1|0|1|1,1,3.01375270747048,2.65907983952049,0.000332026447249942,beta,2,3,landweber,TRUE,2.65907983952049
1|0|0|1|0|1|0|1|1|0|0|1|0|1|0|1|1,1,2.82211880039051,2.57446458989929,0.000346337505529963,beta,2,3,landweber,TRUE,2.57446458989929
0|0|0|0|0|1|0|1|1|1|0|1|0|1|0|1|1,1,3.01375270747048,2.52229039401662,0.00274544127166849,beta,2,3,landweber,TRUE,2.52229039401662
1|0|0|1|0|1|0|1|1|1|0|1|0|1|0|1|1,1,2.82211880039051,2.44465158567398,0.00367854343370882,beta,2,3,landweber,TRUE,2.44465158567398
0|0|0|0|0|1|0|0|0|0|1|0|1|0|0|0|0,0,1.83053730451109,1.81327202748844,0.0340252866918418,beta,2,3,pmmr,FALSE,1.81327202748844
0|0|0|0|0|1|0|0|0|0|0|0|0|1|0|0|0,1,1.77880078307141,2.02046059305256,0.00960943512698398,beta,2,3,pmmr,TRUE,2.02046059305256
1|0|0|1|0|1|0|0|0|0|0|0|0|1|0|0|0,1,1.70468808971871,2.06820883249497,0.00943156116480374,beta,2,3,pmmr,TRUE,2.06820883249497
0|0|0|0|0|1|0|0|0|1|0|0|0|1|0|0|0,1,1.77880078307141,2.08975870021908,0.000943137903452683,beta,2,3,pmmr,TRUE,2.08975870021908
1|0|0|1|0|1|0|0|0|1|0|0|0|1|0|0|0,1,1.70468808971871,2.10217168585919,0.00116348397246529,beta,2,3,pmmr,TRUE,2.10217168585919
0|0|0|0|0|1|0|0|0|0|0|1|0|1|0|0|0,1,1.67032004603564,2.02316526449432,0.0011513122038543,beta,2,3,pmmr,TRUE,2.02316526449432
1|0|0|1|0|1|0|0|0|0|0|1|0|1|0|0|0,1,1.60653065971263,2.03383698833197,0.00194980983159324,beta,2,3,pmmr,TRUE,2.03383698833197
0|0|0|0|0|1|0|0|0|1|0|1|0|1|0|0|0,1,1.67032004603564,2.07081646506267,0.000151207584178117,beta,2,3,pmmr,TRUE,2.07081646506267
1|0|0|1|0|1|0|0|0|1|0|1|0|1|0|0|0,1,1.60653065971263,2.05294781401981,0.000322217611364569,beta,2,3,pmmr,TRUE,2.05294781401981
0|0|0|0|0|1|0|1|0|0|1|0|1|0|0|0|0,0,1.83053730451109,1.82121136169487,0.0348148067293662,beta,2,3,pmmr,FALSE,1.82121136169487
0|0|0|0|0|1|0|1|0|0|0|0|0|1|0|0|0,1,1.77880078307141,2.03897461229106,0.00122752517224963,beta,2,3,pmmr,TRUE,2.03897461229106
1|0|0|1|0|1|0|1|0|0|0|0|0|1|0|0|0,1,1.70468808971871,2.09519846703751,0.000649676081425316,beta,2,3,pmmr,TRUE,2.09519846703751
0|0|0|0|0|1|0|1|0|1|0|0|0|1|0|0|0,1,1.77880078307141,2.09994226843764,0.000133220482463999,beta,2,3,pmmr,TRUE,2.09994226843764
1|0|0|1|0|1|0|1|0|1|0|0|0|1|0|0|0,1,1.70468808971871,2.12191874476557,8.97526486889509e-05,beta,2,3,pmmr,TRUE,2.12191874476557
0|0|0|0|0|1|0|1|0|0|0|1|0|1|0|0|0,1,1.67032004603564,2.05895848402853,0.0053825217146946,beta,2,3,pmmr,TRUE,2.05895848402853
1|0|0|1|0|1|0|1|0|0|0|1|0|1|0|0|0,1,1.60653065971263,2.07739007227578,0.00491547716863156,beta,2,3,pmmr,TRUE,2.07739007227578
0|0|0|0|0|1|0|1|0|1|0|1|0|1|0|0|0,1,1.67032004603564,2.09806044877588,0.000781680922597538,beta,2,3,pmmr,TRUE,2.09806044877588
1|0|0|1|0|1|0|1|0|1|0|1|0|1|0|0|0,1,1.60653065971263,2.08861237974111,0.000909695984198899,beta,2,3,pmmr,TRUE,2.08861237974111
0|0|0|0|0|1|0|0|1|0|1|0|1|0|0|0|0,0,1.83053730451109,1.84009727020861,0.0344639163118675,beta,2,3,pmmr,FALSE,1.84009727020861
0|0|0|0|0|1|0|0|1|0|0|0|0|1|0|0|0,1,1.77880078307141,2.04878589986051,0.00136717346116248,beta,2,3,pmmr,TRUE,2.04878589986051
1|0|0|1|0|1|0|0|1|0|0|0|0|1|0|0|0,1,1.70468808971871,2.09535294950391,0.00124040836290273,beta,2,3,pmmr,TRUE,2.09535294950391
0|0|0|0|0|1|0|0|1|1|0|0|0|1|0|0|0,1,1.77880078307141,2.1230027526514,0.00491090003752682,beta,2,3,pmmr,TRUE,2.1230027526514
1|0|0|1|0|1|0|0|1|1|0|0|0|1|0|0|0,1,1.70468808971871,2.13054344794755,0.00560017553489559,beta,2,3,pmmr,TRUE,2.13054344794755
0|0|0|0|0|1|0|0|1|0|0|1|0|1|0|0|0,1,1.67032004603564,2.04081643160312,0.000163801874909593,beta,2,3,pmmr,TRUE,2.04081643160312
1|0|0|1|0|1|0|0|1|0|0|1|0|1|0|0|0,1,1.60653065971263,2.05103903335206,0.000256432670998698,beta,2,3,pmmr,TRUE,2.05103903335206
0|0|0|0|0|1|0|0|1|1|0|1|0|1|0|0|0,1,1.67032004603564,2.09173095976877,0.000787334840532057,beta,2,3,pmmr,TRUE,2.09173095976877
1|0|0|1|0|1|0|0|1|1|0|1|0|1|0|0|0,1,1.60653065971263,2.07031339195421,0.00155092397212218,beta,2,3,pmmr,TRUE,2.07031339195421
0|0|0|0|0|1|0|1|1|0|1|0|1|0|0|0|0,0,1.83053730451109,1.84828611989057,0.03382790207843,beta,2,3,pmmr,FALSE,1.84828611989057
0|0|0|0|0|1|0|1|1|0|0|0|0|1|0|0|0,1,1.77880078307141,2.06506679093675,0.000136086910311564,beta,2,3,pmmr,TRUE,2.06506679093675
1|0|0|1|0|1|0|1|1|0|0|0|0|1|0|0|0,1,1.70468808971871,2.12086634435387,6.68813542546445e-05,beta,2,3,pmmr,TRUE,2.12086634435387
0|0|0|0|0|1|0|1|1|1|0|0|0|1|0|0|0,1,1.77880078307141,2.13033444779258,0.00054052661655963,beta,2,3,pmmr,TRUE,2.13033444779258
1|0|0|1|0|1|0|1|1|1|0|0|0|1|0|0|0,1,1.70468808971871,2.14849984455936,0.000338154825418245,beta,2,3,pmmr,TRUE,2.14849984455936
0|0|0|0|0|1|0|1|1|0|0|1|0|1|0|0|0,1,1.67032004603564,2.07362095009576,0.000596721571497624,beta,2,3,pmmr,TRUE,2.07362095009576
1|0|0|1|0|1|0|1|1|0|0|1|0|1|0|0|0,1,1.60653065971263,2.09227771205967,0.000506027202239947,beta,2,3,pmmr,TRUE,2.09227771205967
0|0|0|0|0|1|0|1|1|1|0|1|0|1|0|0|0,1,1.67032004603564,2.1158288868385,0.003171579448641,beta,2,3,pmmr,TRUE,2.1158288868385
1|0|0|1|0|1|0|1|1|1|0|1|0|1|0|0|0,1,1.60653065971263,2.10371658446065,0.003427398424603,beta,2,3,pmmr,TRUE,2.10371658446065
0|0|0|0|0|1|0|0|0|0|1|0|1|0|0|1|0,0,1.83053730451109,2.00484251669728,0.0045037236163738,beta,2,3,pmmr,FALSE,2.00484251669728
0|0|0|0|0|1|0|0|0|0|0|0|0|1|0|1|0,1,2.22140275816017,2.27886747003871,0.00647075396855543,beta,2,3,pmmr,TRUE,2.27886747003871
1|0|0|1|0|1|0|0|0|0|0|0|0|1|0|1|0,1,2.10517091807565,2.30677396676667,0.00625820931663394,beta,2,3,pmmr,TRUE,2.30677396676667
0|0|0|0|0|1|0|0|0|1|0|0|0|1|0|1|0,1,2.22140275816017,2.36281218821669,0.000734391765715058,beta,2,3,pmmr,TRUE,2.36281218821669
1|0|0|1|0|1|0|0|0|1|0|0|0|1|0|1|0,1,2.10517091807565,2.34572990295195,0.000901817479084268,beta,2,3,pmmr,TRUE,2.34572990295195
0|0|0|0|0|1|0|0|0|0|0|1|0|1|0|1|0,1,2.05127109637602,2.27047319387348,0.000965390594166642,beta,2,3,pmmr,TRUE,2.27047319387348
1|0|0|1|0|1|0|0|0|0|0|1|0|1|0|1|0,1,1.95122942450071,2.25899313655838,0.00160054881746757,beta,2,3,pmmr,TRUE,2.25899313655838
0|0|0|0|0|1|0|0|0|1|0|1|0|1|0|1|0,1,2.05127109637602,2.3241089984567,0.000146570757254649,beta,2,3,pmmr,TRUE,2.3241089984567
1|0|0|1|0|1|0|0|0|1|0|1|0|1|0|1|0,1,1.95122942450071,2.27722014715421,0.000307447410782635,beta,2,3,pmmr,TRUE,2.27722014715421
0|0|0|0|0|1|0|1|0|0|1|0|1|0|0|1|0,0,1.83053730451109,2.00630802183519,0.00460822765981663,beta,2,3,pmmr,FALSE,2.00630802183519
0|0|0|0|0|1|0|1|0|0|0|0|0|1|0|1|0,1,2.22140275816017,2.29060950186347,0.000826584838221285,beta,2,3,pmmr,TRUE,2.29060950186347
1|0|0|1|0|1|0|1|0|0|0|0|0|1|0|1|0,1,2.10517091807565,2.32786060261892,0.000431085462366796,beta,2,3,pmmr,TRUE,2.32786060261892
0|0|0|0|0|1|0|1|0|1|0|0|0|1|0|1|0,1,2.22140275816017,2.3615054184649,0.000103734591715575,beta,2,3,pmmr,TRUE,2.3615054184649
1|0|0|1|0|1|0|1|0|1|0|0|0|1|0|1|0,1,2.10517091807565,2.35612812358985,6.9567359153476e-05,beta,2,3,pmmr,TRUE,2.35612812358985
0|0|0|0|0|1|0|1|0|0|0|1|0|1|0|1|0,1,2.05127109637602,2.30543003858034,0.00451331603961828,beta,2,3,pmmr,TRUE,2.30543003858034
1|0|0|1|0|1|0|1|0|0|0|1|0|1|0|1|0,1,1.95122942450071,2.30205523189066,0.00403498897280325,beta,2,3,pmmr,TRUE,2.30205523189066
0|0|0|0|0|1|0|1|0|1|0|1|0|1|0|1|0,1,2.05127109637602,2.34618232032528,0.00075771043747166,beta,2,3,pmmr,TRUE,2.34618232032528
1|0|0|1|0|1|0|1|0|1|0|1|0|1|0|1|0,1,1.95122942450071,2.30904434524389,0.000867996239426118,beta,2,3,pmmr,TRUE,2.30904434524389
0|0|0|0|0|1|0|0|1|0|1|0|1|0|0|1|0,0,1.83053730451109,2.0346258612815,0.00456178239473009,beta,2,3,pmmr,FALSE,2.0346258612815
0|0|0|0|0|1|0|0|1|0|0|0|0|1|0|1|0,1,2.22140275816017,2.31353284999765,0.000920620513340971,beta,2,3,pmmr,TRUE,2.31353284999765
1|0|0|1|0|1|0|0|1|0|0|0|0|1|0|1|0,1,2.10517091807565,2.33668406453195,0.00082305941057957,beta,2,3,pmmr,TRUE,2.33668406453195
0|0|0|0|0|1|0|0|1|1|0|0|0|1|0|1|0,1,2.22140275816017,2.4076911892869,0.0038239631093253,beta,2,3,pmmr,TRUE,2.4076911892869
1|0|0|1|0|1|0|0|1|1|0|0|0|1|0|1|0,1,2.10517091807565,2.38102176010345,0.00434070112079658,beta,2,3,pmmr,TRUE,2.38102176010345
0|0|0|0|0|1|0|0|1|0|0|1|0|1|0|1|0,1,2.05127109637602,2.2898015437654,0.000137350050503412,beta,2,3,pmmr,TRUE,2.2898015437654
1|0|0|1|0|1|0|0|1|0|0|1|0|1|0|1|0,1,1.95122942450071,2.2754231144007,0.000210498994146338,beta,2,3,pmmr,TRUE,2.2754231144007
0|0|0|0|0|1|0|0|1|1|0|1|0|1|0|1|0,1,2.05127109637602,2.35112157662243,0.000763190976279434,beta,2,3,pmmr,TRUE,2.35112157662243
1|0|0|1|0|1|0|0|1|1|0|1|0|1|0|1|0,1,1.95122942450071,2.29736944091532,0.00147983084329361,beta,2,3,pmmr,TRUE,2.29736944091532
0|0|0|0|0|1|0|1|1|0|1|0|1|0|0|1|0,0,1.83053730451109,2.03521695669896,0.00447759699610509,beta,2,3,pmmr,FALSE,2.03521695669896
0|0|0|0|0|1|0|1|1|0|0|0|0|1|0|1|0,1,2.22140275816017,2.32072116886586,9.1637531585416e-05,beta,2,3,pmmr,TRUE,2.32072116886586
1|0|0|1|0|1|0|1|1|0|0|0|0|1|0|1|0,1,2.10517091807565,2.35441577372746,4.43783915506443e-05,beta,2,3,pmmr,TRUE,2.35441577372746
0|0|0|0|0|1|0|1|1|1|0|0|0|1|0|1|0,1,2.22140275816017,2.40072768256205,0.000420891043502768,beta,2,3,pmmr,TRUE,2.40072768256205
1|0|0|1|0|1|0|1|1|1|0|0|0|1|0|1|0,1,2.10517091807565,2.38751979791345,0.0002621041109425,beta,2,3,pmmr,TRUE,2.38751979791345
0|0|0|0|0|1|0|1|1|0|0|1|0|1|0|1|0,1,2.05127109637602,2.31949894509671,0.000500358973466633,beta,2,3,pmmr,TRUE,2.31949894509671
1|0|0|1|0|1|0|1|1|0|0|1|0|1|0|1|0,1,1.95122942450071,2.31428656532018,0.000415384734976828,beta,2,3,pmmr,TRUE,2.31428656532018
0|0|0|0|0|1|0|1|1|1|0|1|0|1|0|1|0,1,2.05127109637602,2.36761545876331,0.00307432199255961,beta,2,3,pmmr,TRUE,2.36761545876331
1|0|0|1|0|1|0|1|1|1|0|1|0|1|0|1|0,1,1.95122942450071,2.32504586281376,0.00327028919028398,beta,2,3,pmmr,TRUE,2.32504586281376
1|0|0|1|0|1|0|0|0|0|1|0|1|0|0|0|1,0,2.45567738147273,2.11983029551428,0.0237718769352928,beta,2,3,pmmr,FALSE,2.11983029551428
0|0|0|0|0|1|0|0|0|0|0|0|0|1|0|0|1,1,2.49182469764127,2.19330830618319,0.00559430936665823,beta,2,3,pmmr,TRUE,2.19330830618319
1|0|0|1|0|1|0|0|0|0|0|0|0|1|0|0|1,1,2.349858807576,2.25142859377735,0.00682651936307502,beta,2,3,pmmr,TRUE,2.25142859377735
0|0|0|0|0|1|0|0|0|1|0|0|0|1|0|0|1,1,2.49182469764127,2.26260484273107,0.000751599975898745,beta,2,3,pmmr,TRUE,2.26260484273107
1|0|0|1|0|1|0|0|0|1|0|0|0|1|0|0|1,1,2.349858807576,2.27680824635536,0.00114964419558553,beta,2,3,pmmr,TRUE,2.27680824635536
0|0|0|0|0|1|0|0|0|0|0|1|0|1|0|0|1,1,2.28402541668774,2.18021542552593,0.000605842398992,beta,2,3,pmmr,TRUE,2.18021542552593
1|0|0|1|0|1|0|0|0|0|0|1|0|1|0|0|1,1,2.16183424272828,2.19981377473888,0.00127936982661407,beta,2,3,pmmr,TRUE,2.19981377473888
0|0|0|0|0|1|0|0|0|1|0|1|0|1|0|0|1,1,2.28402541668774,2.2248901755155,0.000107126420582815,beta,2,3,pmmr,TRUE,2.2248901755155
1|0|0|1|0|1|0|0|0|1|0|1|0|1|0|0|1,1,2.16183424272828,2.20920762377442,0.000283949225328405,beta,2,3,pmmr,TRUE,2.20920762377442
1|0|0|1|0|1|0|1|0|0|1|0|1|0|0|0|1,0,2.45567738147273,2.13171104765308,0.0192242372302874,beta,2,3,pmmr,FALSE,2.13171104765308
0|0|0|0|0|1|0|1|0|0|0|0|0|1|0|0|1,1,2.49182469764127,2.20852017192895,0.000714626351932113,beta,2,3,pmmr,TRUE,2.20852017192895
1|0|0|1|0|1|0|1|0|0|0|0|0|1|0|0|1,1,2.349858807576,2.27745901735201,0.000470232474993328,beta,2,3,pmmr,TRUE,2.27745901735201
0|0|0|0|0|1|0|1|0|1|0|0|0|1|0|0|1,1,2.49182469764127,2.26713301921106,0.000106165292522552,beta,2,3,pmmr,TRUE,2.26713301921106
1|0|0|1|0|1|0|1|0|1|0|0|0|1|0|0|1,1,2.349858807576,2.29351608809046,8.8685030516618e-05,beta,2,3,pmmr,TRUE,2.29351608809046
0|0|0|0|0|1|0|1|0|0|0|1|0|1|0|0|1,1,2.28402541668774,2.21509058242666,0.00283238539237251,beta,2,3,pmmr,TRUE,2.21509058242666
1|0|0|1|0|1|0|1|0|0|0|1|0|1|0|0|1,1,2.16183424272828,2.24493979647625,0.00322529565245802,beta,2,3,pmmr,TRUE,2.24493979647625
0|0|0|0|0|1|0|1|0|1|0|1|0|1|0|0|1,1,2.28402541668774,2.24906033523907,0.000553799465356878,beta,2,3,pmmr,TRUE,2.24906033523907
1|0|0|1|0|1|0|1|0|1|0|1|0|1|0|0|1,1,2.16183424272828,2.24432591361816,0.000801655343740288,beta,2,3,pmmr,TRUE,2.24432591361816
1|0|0|1|0|1|0|0|1|0|1|0|1|0|0|0|1,0,2.45567738147273,2.15836616252322,0.0270632684173845,beta,2,3,pmmr,FALSE,2.15836616252322
0|0|0|0|0|1|0|0|1|0|0|0|0|1|0|0|1,1,2.49182469764127,2.23051969033982,0.000795925171309036,beta,2,3,pmmr,TRUE,2.23051969033982
1|0|0|1|0|1|0|0|1|0|0|0|0|1|0|0|1,1,2.349858807576,2.28604919026112,0.000897801706368077,beta,2,3,pmmr,TRUE,2.28604919026112
0|0|0|0|0|1|0|0|1|1|0|0|0|1|0|0|1,1,2.49182469764127,2.30648202312205,0.00391356591261363,beta,2,3,pmmr,TRUE,2.30648202312205
1|0|0|1|0|1|0|0|1|1|0|0|0|1|0|0|1,1,2.349858807576,2.31358046133213,0.00553356079698374,beta,2,3,pmmr,TRUE,2.31358046133213
0|0|0|0|0|1|0|0|1|0|0|1|0|1|0|0|1,1,2.28402541668774,2.20361784463173,8.61956648443329e-05,beta,2,3,pmmr,TRUE,2.20361784463173
1|0|0|1|0|1|0|0|1|0|0|1|0|1|0|0|1,1,2.16183424272828,2.22132878879532,0.000168258573999348,beta,2,3,pmmr,TRUE,2.22132878879532
0|0|0|0|0|1|0|0|1|1|0|1|0|1|0|0|1,1,2.28402541668774,2.25297368667582,0.000557805110932701,beta,2,3,pmmr,TRUE,2.25297368667582
1|0|0|1|0|1|0|0|1|1|0|1|0|1|0|0|1,1,2.16183424272828,2.23176263459736,0.00136672746893738,beta,2,3,pmmr,TRUE,2.23176263459736
1|0|0|1|0|1|0|1|1|0|1|0|1|0|0|0|1,0,2.45567738147273,2.17084801608357,0.0208522659592542,beta,2,3,pmmr,FALSE,2.17084801608357
0|0|0|0|0|1|0|1|1|0|0|0|0|1|0|0|1,1,2.49182469764127,2.24257206955096,7.92254973341505e-05,beta,2,3,pmmr,TRUE,2.24257206955096
1|0|0|1|0|1|0|1|1|0|0|0|0|1|0|0|1,1,2.349858807576,2.30988549917797,4.84084078839255e-05,beta,2,3,pmmr,TRUE,2.30988549917797
0|0|0|0|0|1|0|1|1|1|0|0|0|1|0|0|1,1,2.49182469764127,2.30697701656747,0.00043075332938226,beta,2,3,pmmr,TRUE,2.30697701656747
1|0|0|1|0|1|0|1|1|1|0|0|0|1|0|0|1,1,2.349858807576,2.32764542974875,0.000334132434525585,beta,2,3,pmmr,TRUE,2.32764542974875
0|0|0|0|0|1|0|1|1|0|0|1|0|1|0|0|1,1,2.28402541668774,2.23469651204344,0.000314006250603549,beta,2,3,pmmr,TRUE,2.23469651204344
1|0|0|1|0|1|0|1|1|0|0|1|0|1|0|0|1,1,2.16183424272828,2.26342918752904,0.000332030295212288,beta,2,3,pmmr,TRUE,2.26342918752904
0|0|0|0|0|1|0|1|1|1|0|1|0|1|0|0|1,1,2.28402541668774,2.2730687966799,0.00224697693421715,beta,2,3,pmmr,TRUE,2.2730687966799
1|0|0|1|0|1|0|1|1|1|0|1|0|1|0|0|1,1,2.16183424272828,2.26388233248094,0.0030203412018243,beta,2,3,pmmr,TRUE,2.26388233248094
1|0|0|1|0|1|0|0|0|0|1|0|1|0|0|1|1,0,2.45567738147273,2.34280799462462,0.0038037502158215,beta,2,3,pmmr,FALSE,2.34280799462462
0|0|0|0|0|1|0|0|0|0|0|0|0|1|0|1|1,1,3.33964685192599,2.49447397299725,0.00471910206753389,beta,2,3,pmmr,TRUE,2.49447397299725
1|0|0|1|0|1|0|0|0|0|0|0|0|1|0|1|1,1,3.11700001661268,2.53038397880403,0.00572509049605818,beta,2,3,pmmr,TRUE,2.53038397880403
0|0|0|0|0|1|0|0|0|1|0|0|0|1|0|1|1,1,3.33964685192599,2.58186228137504,0.00073666848632591,beta,2,3,pmmr,TRUE,2.58186228137504
1|0|0|1|0|1|0|0|0|1|0|0|0|1|0|1|1,1,3.11700001661268,2.56154101143598,0.00113623191298732,beta,2,3,pmmr,TRUE,2.56154101143598
0|0|0|0|0|1|0|0|0|0|0|1|0|1|0|1|1,1,3.01375270747048,2.46330868935288,0.000640610494039707,beta,2,3,pmmr,TRUE,2.46330868935288
1|0|0|1|0|1|0|0|0|0|0|1|0|1|0|1|1,1,2.82211880039051,2.45957414248388,0.00133449796837521,beta,2,3,pmmr,TRUE,2.45957414248388
0|0|0|0|0|1|0|0|0|1|0|1|0|1|0|1|1,1,3.01375270747048,2.51566953776445,0.000130891106123724,beta,2,3,pmmr,TRUE,2.51566953776445
1|0|0|1|0|1|0|0|0|1|0|1|0|1|0|1|1,1,2.82211880039051,2.46770694016354,0.000345828331483746,beta,2,3,pmmr,TRUE,2.46770694016354
1|0|0|1|0|1|0|1|0|0|1|0|1|0|0|1|1,0,2.45567738147273,2.34476934676108,0.00307608005513212,beta,2,3,pmmr,FALSE,2.34476934676108
0|0|0|0|0|1|0|1|0|0|0|0|0|1|0|1|1,1,3.33964685192599,2.49909812310635,0.000602825920750167,beta,2,3,pmmr,TRUE,2.49909812310635
1|0|0|1|0|1|0|1|0|0|0|0|0|1|0|1|1,1,3.11700001661268,2.54749324244385,0.000394362533868145,beta,2,3,pmmr,TRUE,2.54749324244385
0|0|0|0|0|1|0|1|0|1|0|0|0|1|0|1|1,1,3.33964685192599,2.56999988153568,0.000104056183942018,beta,2,3,pmmr,TRUE,2.56999988153568
1|0|0|1|0|1|0|1|0|1|0|0|0|1|0|1|1,1,3.11700001661268,2.56516247458757,8.76503898024846e-05,beta,2,3,pmmr,TRUE,2.56516247458757
0|0|0|0|0|1|0|1|0|0|0|1|0|1|0|1|1,1,3.01375270747048,2.49487828714305,0.00299493037882045,beta,2,3,pmmr,TRUE,2.49487828714305
1|0|0|1|0|1|0|1|0|0|0|1|0|1|0|1|1,1,2.82211880039051,2.50249913102476,0.00336427388396819,beta,2,3,pmmr,TRUE,2.50249913102476
0|0|0|0|0|1|0|1|0|1|0|1|0|1|0|1|1,1,3.01375270747048,2.53138610343762,0.000676653100112234,beta,2,3,pmmr,TRUE,2.53138610343762
1|0|0|1|0|1|0|1|0|1|0|1|0|1|0|1|1,1,2.82211880039051,2.49665640529253,0.000976354591670722,beta,2,3,pmmr,TRUE,2.49665640529253
1|0|0|1|0|1|0|0|1|0|1|0|1|0|0|1|1,0,2.45567738147273,2.3817162836361,0.00433040745430704,beta,2,3,pmmr,FALSE,2.3817162836361
0|0|0|0|0|1|0|0|1|0|0|0|0|1|0|1|1,1,3.33964685192599,2.54081366208313,0.00067140586538038,beta,2,3,pmmr,TRUE,2.54081366208313
1|0|0|1|0|1|0|0|1|0|0|0|0|1|0|1|1,1,3.11700001661268,2.56910009124131,0.000752945350785231,beta,2,3,pmmr,TRUE,2.56910009124131
0|0|0|0|0|1|0|0|1|1|0|0|0|1|0|1|1,1,3.33964685192599,2.64171743287081,0.00383581794761813,beta,2,3,pmmr,TRUE,2.64171743287081
1|0|0|1|0|1|0|0|1|1|0|0|0|1|0|1|1,1,3.11700001661268,2.60778862754432,0.00546900370926171,beta,2,3,pmmr,TRUE,2.60778862754432
0|0|0|0|0|1|0|0|1|0|0|1|0|1|0|1|1,1,3.01375270747048,2.4899570211621,9.1142263288077e-05,beta,2,3,pmmr,TRUE,2.4899570211621
1|0|0|1|0|1|0|0|1|0|0|1|0|1|0|1|1,1,2.82211880039051,2.48069895184203,0.000175508848569691,beta,2,3,pmmr,TRUE,2.48069895184203
0|0|0|0|0|1|0|0|1|1|0|1|0|1|0|1|1,1,3.01375270747048,2.5525895354189,0.000681547349143487,beta,2,3,pmmr,TRUE,2.5525895354189
1|0|0|1|0|1|0|0|1|1|0|1|0|1|0|1|1,1,2.82211880039051,2.49442233420968,0.00166456900746591,beta,2,3,pmmr,TRUE,2.49442233420968
1|0|0|1|0|1|0|1|1|0|1|0|1|0|0|1|1,0,2.45567738147273,2.38299029864066,0.00333658176671457,beta,2,3,pmmr,FALSE,2.38299029864066
0|0|0|0|0|1|0|1|1|0|0|0|0|1|0|1|1,1,3.33964685192599,2.53929414509085,6.68309855188298e-05,beta,2,3,pmmr,TRUE,2.53929414509085
1|0|0|1|0|1|0|1|1|0|0|0|0|1|0|1|1,1,3.11700001661268,2.58161527898483,4.05979242371518e-05,beta,2,3,pmmr,TRUE,2.58161527898483
0|0|0|0|0|1|0|1|1|1|0|0|0|1|0|1|1,1,3.33964685192599,2.62213890404625,0.000422195866566426,beta,2,3,pmmr,TRUE,2.62213890404625
1|0|0|1|0|1|0|1|1|1|0|0|0|1|0|1|1,1,3.11700001661268,2.60602837386307,0.000330234290513469,beta,2,3,pmmr,TRUE,2.60602837386307
0|0|0|0|0|1|0|1|1|0|0|1|0|1|0|1|1,1,3.01375270747048,2.51496455979182,0.000332026447249942,beta,2,3,pmmr,TRUE,2.51496455979182
1|0|0|1|0|1|0|1|1|0|0|1|0|1|0|1|1,1,2.82211880039051,2.51828804101453,0.000346337505529963,beta,2,3,pmmr,TRUE,2.51828804101453
0|0|0|0|0|1|0|1|1|1|0|1|0|1|0|1|1,1,3.01375270747048,2.56118706545892,0.00274544127166849,beta,2,3,pmmr,TRUE,2.56118706545892
1|0|0|1|0|1|0|1|1|1|0|1|0|1|0|1|1,1,2.82211880039051,2.51801920331416,0.00367854343370882,beta,2,3,pmmr,TRUE,2.51801920331416
0|0|0|0|0|1|0|0|0|0|1|0|1|0|0|0|0,0,0,-0.0721118395361059,0.0705287906750812,adjoint,2,3,ensemble,TRUE,
0|0|0|0|0|1|0|0|0|0|0|0|0|1|0|0|0,1,0,-0.230599678794191,0.0180748527816066,adjoint,2,3,ensemble,TRUE,
1|0|0|1|0|1|0|0|0|0|0|0|0|1|0|0|0,1,0,-0.0938641817940562,0.0189820879945186,adjoint,2,3,ensemble,TRUE,
0|0|0|0|0|1|0|0|0|1|0|0|0|1|0|0|0,1,0,-0.113374911088333,0.00179818220588617,adjoint,2,3,ensemble,TRUE,
1|0|0|1|0|1|0|0|0|1|0|0|0|1|0|0|0,1,0,0.021461813587518,0.00238359434193912,adjoint,2,3,ensemble,TRUE,
0|0|0|0|0|1|0|0|0|0|0|1|0|1|0|0|0,1,0,0.0234064063810695,0.00215565950065452,adjoint,2,3,ensemble,TRUE,
1|0|0|1|0|1|0|0|0|0|0|1|0|1|0|0|0,1,0,0.0140138248870464,0.00400181874163921,adjoint,2,3,ensemble,TRUE,
0|0|0|0|0|1|0|0|0|1|0|1|0|1|0|0|0,1,0,0.176346714722328,0.000296423068996605,adjoint,2,3,ensemble,TRUE,
1|0|0|1|0|1|0|0|0|1|0|1|0|1|0|0|0,1,0,0.785618195103159,0.000693760730200661,adjoint,2,3,ensemble,TRUE,
0|0|0|0|0|1|0|1|0|0|1|0|1|0|0|0|0,0,0,0.106851977068041,0.0721653351064229,adjoint,2,3,ensemble,TRUE,
0|0|0|0|0|1|0|1|0|0|0|0|0|1|0|0|0,1,-0.638327563181795,0.183704808216176,0.00230891165619347,adjoint,2,3,ensemble,TRUE,
1|0|0|1|0|1|0|1|0|0|0|0|0|1|0|0|0,1,-0.679671681671697,1.32239021568071,0.00130754689812861,adjoint,2,3,ensemble,TRUE,
0|0|0|0|0|1|0|1|0|1|0|0|0|1|0|0|0,1,-0.790786620321217,0.776045719047332,0.000253997533286871,adjoint,2,3,ensemble,TRUE,
1|0|0|1|0|1|0|1|0|1|0|0|0|1|0|0|0,1,-0.853479694592254,0.882488613874604,0.000183873530406896,adjoint,2,3,ensemble,TRUE,
0|0|0|0|0|1|0|1|0|0|0|1|0|1|0|0|0,1,-0.436414949846251,-0.141340413509906,0.0100779649802349,adjoint,2,3,ensemble,TRUE,
1|0|0|1|0|1|0|1|0|0|0|1|0|1|0|0|0,1,-0.459632707523292,-0.706157026918831,0.0100885985590994,adjoint,2,3,ensemble,TRUE,
0|0|0|0|0|1|0|1|0|1|0|1|0|1|0|0|0,1,-0.517728138299926,0.859052001796466,0.00153238515985756,adjoint,2,3,ensemble,TRUE,
1|0|0|1|0|1|0|1|0|1|0|1|0|1|0|0|0,1,-0.552385132542596,0.626108560619709,0.00195864945924502,adjoint,2,3,ensemble,TRUE,
0|0|0|0|0|1|0|0|1|0|1|0|1|0|0|0|0,0,0,-0.0579465011715908,0.0714379973170373,adjoint,2,3,ensemble,TRUE,
0|0|0|0|0|1|0|0|1|0|0|0|0|1|0|0|0,1,0,-0.0804136945515417,0.00257158289856599,adjoint,2,3,ensemble,TRUE,
1|0|0|1|0|1|0|0|1|0|0|0|0|1|0|0|0,1,0,0.0260296136476761,0.00249646270456503,adjoint,2,3,ensemble,TRUE,
0|0|0|0|0|1|0|0|1|1|0|0|0|1|0|0|0,1,0,-0.199000323832256,0.00936309847164306,adjoint,2,3,ensemble,TRUE,
1|0|0|1|0|1|0|0|1|1|0|0|0|1|0|0|0,1,0,-0.0998812039726234,0.0114729098421175,adjoint,2,3,ensemble,TRUE,
0|0|0|0|0|1|0|0|1|0|0|1|0|1|0|0|0,1,0,0.733036080381004,0.000306694454112269,adjoint,2,3,ensemble,TRUE,
1|0|0|1|0|1|0|0|1|0|0|1|0|1|0|0|0,1,0,0.839478975208276,0.000526306233635443,adjoint,2,3,ensemble,TRUE,
0|0|0|0|0|1|0|0|1|1|0|1|0|1|0|0|0,1,0,0.190512053086844,0.00154346894057606,adjoint,2,3,ensemble,TRUE,
1|0|0|1|0|1|0|0|1|1|0|1|0|1|0|0|0,1,0,-0.00615091273657242,0.0033392654821955,adjoint,2,3,ensemble,TRUE,
0|0|0|0|0|1|0|1|1|0|1|0|1|0|0|0|0,0,0,0.121764448603533,0.0701196450238517,adjoint,2,3,ensemble,TRUE,
0|0|0|0|0|1|0|1|1|0|0|0|0|1|0|0|0,1,-0.638327563181795,0.829906499152449,0.000255972472562728,adjoint,2,3,ensemble,TRUE,
1|0|0|1|0|1|0|1|1|0|0|0|0|1|0|0|0,1,-0.679671681671697,0.936349393979722,0.000134606321209248,adjoint,2,3,ensemble,TRUE,
0|0|0|0|0|1|0|1|1|1|0|0|0|1|0|0|0,1,-0.790786620321217,1.0212580034649,0.0010305654561726,adjoint,2,3,ensemble,TRUE,
1|0|0|1|0|1|0|1|1|1|0|0|0|1|0|0|0,1,-0.853479694592254,0.896653952239119,0.00069276753925408,adjoint,2,3,ensemble,TRUE,
0|0|0|0|0|1|0|1|1|0|0|1|0|1|0|0|0,1,-0.436414949846251,0.410084196348025,0.0011172716840298,adjoint,2,3,ensemble,TRUE,
1|0|0|1|0|1|0|1|1|0|0|1|0|1|0|0|0,1,-0.459632707523292,1.01935567672886,0.00103857776737559,adjoint,2,3,ensemble,TRUE,
0|0|0|0|0|1|0|1|1|1|0|1|0|1|0|0|0,1,-0.517728138299926,-0.443878991554918,0.00621747459853129,adjoint,2,3,ensemble,TRUE,
1|0|0|1|0|1|0|1|1|1|0|1|0|1|0|0|0,1,-0.552385132542596,0.259911762553835,0.0073794676326703,adjoint,2,3,ensemble,TRUE,
1|0|0|1|0|1|0|0|0|0|1|0|1|0|0|0|0,0,0,0.0356534468750915,0.0677168438749167,adjoint,2,3,ensemble,TRUE,
1|0|0|1|0|1|0|1|0|0|1|0|1|0|0|0|0,0,2.56831218549017,2.34798177167921,0.0547623847574702,adjoint,2,3,ensemble,TRUE,
1|0|0|1|0|1|0|0|1|0|1|0|1|0|0|0|0,0,0,0.0486720203175125,0.077092739759399,adjoint,2,3,ensemble,TRUE,
1|0|0|1|0|1|0|1|1|0|1|0|1|0|0|0|0,0,2.56831218549017,2.48485947149524,0.0594000062445497,adjoint,2,3,ensemble,TRUE,
0|0|0|0|0|1|0|0|0|0|0|0|0|1|0|1|0,1,0,0.21626907948355,0.0147984378296584,adjoint,2,3,ensemble,TRUE,
1|0|0|1|0|1|0|0|0|0|0|0|0|1|0|1|0,1,0,0.275286719556418,0.0180563206388479,adjoint,2,3,ensemble,TRUE,
0|0|0|0|0|1|0|0|0|1|0|0|0|1|0|1|0,1,0,0.356580559776691,0.00230891165619347,adjoint,2,3,ensemble,TRUE,
1|0|0|1|0|1|0|0|0|1|0|0|0|1|0|1|0,1,0,0.682628017108305,0.00355590490846276,adjoint,2,3,ensemble,TRUE,
0|0|0|0|0|1|0|0|0|0|0|1|0|1|0|1|0,1,0,0.447034661649622,0.00118305101741584,adjoint,2,3,ensemble,TRUE,
1|0|0|1|0|1|0|0|0|0|0|1|0|1|0|1|0,1,0,0.496002391732111,0.00255167228735678,adjoint,2,3,ensemble,TRUE,
0|0|0|0|0|1|0|0|0|1|0|1|0|1|0|1|0,1,0,1.06376754377348,0.000255133699881773,adjoint,2,3,ensemble,TRUE,
1|0|0|1|0|1|0|0|0|1|0|1|0|1|0|1|0,1,0,0.667380443090184,0.000693760730200661,adjoint,2,3,ensemble,TRUE,
0|0|0|0|0|1|0|1|0|0|0|0|0|1|0|1|0,1,5.07325029698199,2.92198143210432,0.00189037697906581,adjoint,2,3,ensemble,TRUE,
1|0|0|1|0|1|0|1|0|0|0|0|0|1|0|1|0,1,5.41629797513063,2.50739477930939,0.00124377708341457,adjoint,2,3,ensemble,TRUE,
0|0|0|0|0|1|0|1|0|1|0|0|0|1|0|1|0,1,4.06243377876373,1.16063796254493,0.000326139288516333,adjoint,2,3,ensemble,TRUE,
1|0|0|1|0|1|0|1|0|1|0|0|0|1|0|1|0,1,4.41041220692192,1.2670808573722,0.000274307073903501,adjoint,2,3,ensemble,TRUE,
0|0|0|0|0|1|0|1|0|0|0|1|0|1|0|1|0,1,6.44516848176493,4.98784910885348,0.00553090444930101,adjoint,2,3,ensemble,TRUE,
1|0|0|1|0|1|0|1|0|0|0|1|0|1|0|1|0,1,6.78152396060656,6.83350153149923,0.00643277445169266,adjoint,2,3,ensemble,TRUE,
0|0|0|0|0|1|0|1|0|1|0|1|0|1|0|1|0,1,4.93720743510318,1.24364424529406,0.00131893613004479,adjoint,2,3,ensemble,TRUE,
1|0|0|1|0|1|0|1|0|1|0|1|0|1|0|1|0,1,5.28091872858696,3.63767042512447,0.00195864945924502,adjoint,2,3,ensemble,TRUE,
0|0|0|0|0|1|0|0|1|0|0|0|0|1|0|1|0,1,0,0.304178962318001,0.00210543400314539,adjoint,2,3,ensemble,TRUE,
1|0|0|1|0|1|0|0|1|0|0|0|0|1|0|1|0,1,0,0.445600600321317,0.00237470878175089,adjoint,2,3,ensemble,TRUE,
0|0|0|0|0|1|0|0|1|1|0|0|0|1|0|1|0,1,0,0.154399463252622,0.0120224564165398,adjoint,2,3,ensemble,TRUE,
1|0|0|1|0|1|0|0|1|1|0|0|0|1|0|1|0,1,0,0.268366693546875,0.0171155702562825,adjoint,2,3,ensemble,TRUE,
0|0|0|0|0|1|0|0|1|0|0|1|0|1|0|1|0,1,0,1.1176283238786,0.000168317485142319,adjoint,2,3,ensemble,TRUE,
1|0|0|1|0|1|0|0|1|0|0|1|0|1|0|1|0,1,0,0.721242633152314,0.000335587670939985,adjoint,2,3,ensemble,TRUE,
0|0|0|0|0|1|0|0|1|1|0|1|0|1|0|1|0,1,0,0.810011131383476,0.00132847602851815,adjoint,2,3,ensemble,TRUE,
1|0|0|1|0|1|0|0|1|1|0|1|0|1|0|1|0,1,0,0.284044786152053,0.0033392654821955,adjoint,2,3,ensemble,TRUE,
0|0|0|0|0|1|0|1|1|0|0|0|0|1|0|1|0,1,5.07325029698199,1.21449874265005,0.000209572535228515,adjoint,2,3,ensemble,TRUE,
1|0|0|1|0|1|0|1|1|0|0|0|0|1|0|1|0,1,5.41629797513063,1.32094163747732,0.000128041493458031,adjoint,2,3,ensemble,TRUE,
0|0|0|0|0|1|0|1|1|1|0|0|0|1|0|1|0,1,4.06243377876373,5.28231471538423,0.00132327223928601,adjoint,2,3,ensemble,TRUE,
1|0|0|1|0|1|0|1|1|1|0|0|0|1|0|1|0,1,4.41041220692192,1.28124619573671,0.0010334877247834,adjoint,2,3,ensemble,TRUE,
0|0|0|0|0|1|0|1|1|0|0|1|0|1|0|1|0,1,6.44516848176493,4.225006709071,0.00061317170087392,adjoint,2,3,ensemble,TRUE,
1|0|0|1|0|1|0|1|1|0|0|1|0|1|0|1|0,1,6.78152396060656,1.40394792022645,0.000662226422127165,adjoint,2,3,ensemble,TRUE,
0|0|0|0|0|1|0|1|1|1|0|1|0|1|0|1|0,1,4.93720743510318,4.00943436322784,0.00535142998017606,adjoint,2,3,ensemble,TRUE,
1|0|0|1|0|1|0|1|1|1|0|1|0|1|0|1|0,1,5.28091872858696,5.3250205922355,0.0073794676326703,adjoint,2,3,ensemble,TRUE,
0|0|0|0|0|1|0|0|0|0|0|0|0|1|0|0|1,1,0,-0.164115051818299,0.0155571699618374,adjoint,2,3,ensemble,TRUE,
1|0|0|1|0|1|0|0|0|0|0|0|0|1|0|0|1,1,0,-0.0659920790045149,0.0133764513277299,adjoint,2,3,ensemble,TRUE,
0|0|0|0|0|1|0|0|0|1|0|0|0|1|0|0|1,1,0,0.188216950065133,0.00154770976767183,adjoint,2,3,ensemble,TRUE,
1|0|0|1|0|1|0|0|0|1|0|0|0|1|0|0|1,1,0,0.282934647604649,0.00167969054348541,adjoint,2,3,ensemble,TRUE,
0|0|0|0|0|1|0|0|0|0|0|1|0|1|0|0|1,1,0,-0.0378921328285771,0.00250451902352297,adjoint,2,3,ensemble,TRUE,
1|0|0|1|0|1|0|0|0|0|0|1|0|1|0|0|1,1,0,0.257753820985556,0.00380664773856564,adjoint,2,3,ensemble,TRUE,
0|0|0|0|0|1|0|0|0|1|0|1|0|1|0|0|1,1,0,0.688690962624776,0.000344394471894864,adjoint,2,3,ensemble,TRUE,
1|0|0|1|0|1|0|0|0|1|0|1|0|1|0|0|1,1,0,0.29230527189849,0.000659925620129969,adjoint,2,3,ensemble,TRUE,
0|0|0|0|0|1|0|1|0|0|0|0|0|1|0|0|1,1,-0.573429866020089,0.423283813633033,0.00198729867934651,adjoint,2,3,ensemble,TRUE,
1|0|0|1|0|1|0|1|0|0|0|0|0|1|0|0|1,1,-0.620565229297335,0.428871132410535,0.00092141272585988,adjoint,2,3,ensemble,TRUE,
0|0|0|0|0|1|0|1|0|1|0|0|0|1|0|0|1,1,-0.716830807089494,0.785561381396221,0.000218617702892299,adjoint,2,3,ensemble,TRUE,
1|0|0|1|0|1|0|1|0|1|0|0|0|1|0|0|1,1,-0.792109684668437,0.892004276223494,0.000129573486892272,adjoint,2,3,ensemble,TRUE,
0|0|0|0|0|1|0|1|0|0|0|1|0|1|0|0|1,1,-0.394547495774881,-0.300147726753725,0.0117089248110534,adjoint,2,3,ensemble,TRUE,
1|0|0|1|0|1|0|1|0|0|0|1|0|1|0|0|1,1,-0.42268130443532,0.900202168026816,0.00959657180139088,adjoint,2,3,ensemble,TRUE,
0|0|0|0|0|1|0|1|0|1|0|1|0|1|0|0|1,1,-0.471277754067175,0.173103328509936,0.00178037755177117,adjoint,2,3,ensemble,TRUE,
1|0|0|1|0|1|0|1|0|1|0|1|0|1|0|0|1,1,-0.515202977734318,0.216193302138112,0.00186312499791628,adjoint,2,3,ensemble,TRUE,
0|0|0|0|0|1|0|0|1|0|0|0|0|1|0|0|1,1,0,0.0248676639077368,0.00221338191283401,adjoint,2,3,ensemble,TRUE,
1|0|0|1|0|1|0|0|1|0|0|0|0|1|0|0|1,1,0,0.263159769254473,0.00175922753433395,adjoint,2,3,ensemble,TRUE,
0|0|0|0|0|1|0|0|1|1|0|0|0|1|0|0|1,1,0,-0.13696351146493,0.00805889353859645,adjoint,2,3,ensemble,TRUE,
1|0|0|1|0|1|0|0|1|1|0|0|0|1|0|0|1,1,0,-0.07675513392986,0.00808482292015682,adjoint,2,3,ensemble,TRUE,
0|0|0|0|0|1|0|0|1|0|0|1|0|1|0|0|1,1,0,0.742551742729893,0.000356328118842492,adjoint,2,3,ensemble,TRUE,
1|0|0|1|0|1|0|0|1|0|0|1|0|1|0|0|1,1,0,0.848994637557166,0.000500637975732181,adjoint,2,3,ensemble,TRUE,
0|0|0|0|0|1|0|0|1|1|0|1|0|1|0|0|1,1,0,0.70285630098929,0.00179325506774882,adjoint,2,3,ensemble,TRUE,
1|0|0|1|0|1|0|0|1|1|0|1|0|1|0|0|1,1,0,0.274723634340901,0.00317640758288393,adjoint,2,3,ensemble,TRUE,
0|0|0|0|0|1|0|1|1|0|0|0|0|1|0|0|1,1,-0.573429866020089,0.839422161501339,0.000220317548879984,adjoint,2,3,ensemble,TRUE,
1|0|0|1|0|1|0|1|1|0|0|0|0|1|0|0|1,1,-0.620565229297335,0.945865056328611,9.48554713570082e-05,adjoint,2,3,ensemble,TRUE,
0|0|0|0|0|1|0|1|1|1|0|0|0|1|0|0|1,1,-0.716830807089494,-0.00615686065368762,0.000887015908355885,adjoint,2,3,ensemble,TRUE,
1|0|0|1|0|1|0|1|1|1|0|0|0|1|0|0|1,1,-0.792109684668437,0.403341029034443,0.000488185033856091,adjoint,2,3,ensemble,TRUE,
0|0|0|0|0|1|0|1|1|0|0|1|0|1|0|0|1,1,-0.394547495774881,0.419599858696911,0.00129808450093651,adjoint,2,3,ensemble,TRUE,
1|0|0|1|0|1|0|1|1|0|0|1|0|1|0|0|1,1,-0.42268130443532,1.02887133907775,0.000987925731959918,adjoint,2,3,ensemble,TRUE,
0|0|0|0|0|1|0|1|1|1|0|1|0|1|0|0|1,1,-0.471277754067175,0.336966028695519,0.00722367489186694,adjoint,2,3,ensemble,TRUE,
1|0|0|1|0|1|0|1|1|1|0|1|0|1|0|0|1,1,-0.515202977734318,0.325370040204495,0.00701956674934661,adjoint,2,3,ensemble,TRUE,
0|0|0|0|0|1|0|0|0|0|0|0|0|1|0|1|1,1,0,0.209914324294629,0.0127371334786173,adjoint,2,3,ensemble,TRUE,
1|0|0|1|0|1|0|0|0|0|0|0|0|1|0|1|1,1,0,0.362140147917736,0.0127240740983383,adjoint,2,3,ensemble,TRUE,
0|0|0|0|0|1|0|0|0|1|0|0|0|1|0|1|1,1,0,0.366096222125583,0.00198729867934651,adjoint,2,3,ensemble,TRUE,
1|0|0|1|0|1|0|0|0|1|0|0|0|1|0|1|1,1,0,0.355957511398982,0.00250580383716602,adjoint,2,3,ensemble,TRUE,
0|0|0|0|0|1|0|0|0|0|0|1|0|1|0|1|1,1,0,0.743287295993045,0.00137450918292826,adjoint,2,3,ensemble,TRUE,
1|0|0|1|0|1|0|0|0|0|0|1|0|1|0|1|1,1,0,0.71659295713669,0.00242722576141681,adjoint,2,3,ensemble,TRUE,
0|0|0|0|0|1|0|0|0|1|0|1|0|1|0|1|1,1,0,0.570454620568814,0.000296423068996605,adjoint,2,3,ensemble,TRUE,
1|0|0|1|0|1|0|0|0|1|0|1|0|1|0|1|1,1,0,0.67689610543907,0.000659925620129969,adjoint,2,3,ensemble,TRUE,
0|0|0|0|0|1|0|1|0|0|0|0|0|1|0|1|1,1,5.07325029698199,1.20984906663442,0.00162706254433225,adjoint,2,3,ensemble,TRUE,
1|0|0|1|0|1|0|1|0|0|0|0|0|1|0|1|1,1,5.41629797513062,2.54690828389588,0.000876474896947328,adjoint,2,3,ensemble,TRUE,
0|0|0|0|0|1|0|1|0|1|0|0|0|1|0|1|1,1,4.06243377876374,1.17015362489382,0.000280710687051601,adjoint,2,3,ensemble,TRUE,
1|0|0|1|0|1|0|1|0|1|0|0|0|1|0|1|1,1,4.41041220692192,1.96944277172838,0.000193300927905388,adjoint,2,3,ensemble,TRUE,
0|0|0|0|0|1|0|1|0|0|0|1|0|1|0|1|1,1,6.44516848176493,4.3286877409773,0.00642599418245614,adjoint,2,3,ensemble,TRUE,
1|0|0|1|0|1|0|1|0|0|0|1|0|1|0|1|1,1,6.78152396060657,4.64340922214152,0.0061190443396265,adjoint,2,3,ensemble,TRUE,
0|0|0|0|0|1|0|1|0|1|0|1|0|1|0|1|1,1,4.93720743510318,2.70781586914775,0.00153238515985756,adjoint,2,3,ensemble,TRUE,
1|0|0|1|0|1|0|1|0|1|0|1|0|1|0|1|1,1,5.28091872858696,3.56517663192516,0.00186312499791628,adjoint,2,3,ensemble,TRUE,
0|0|0|0|0|1|0|0|1|0|0|0|0|1|0|1|1,1,0,1.04413770347835,0.00181216384034378,adjoint,2,3,ensemble,TRUE,
1|0|0|1|0|1|0|0|1|0|0|0|0|1|0|1|1,1,0,1.15058059830563,0.00167342899505029,adjoint,2,3,ensemble,TRUE,
0|0|0|0|0|1|0|0|1|1|0|0|0|1|0|1|1,1,0,0.199738393543616,0.0103478241339385,adjoint,2,3,ensemble,TRUE,
1|0|0|1|0|1|0|0|1|1|0|0|0|1|0|1|1,1,0,0.314349429763097,0.0120611385083462,adjoint,2,3,ensemble,TRUE,
0|0|0|0|0|1|0|0|1|0|0|1|0|1|0|1|1,1,0,1.12714398622749,0.000195557017888255,adjoint,2,3,ensemble,TRUE,
1|0|0|1|0|1|0|0|1|0|0|1|0|1|0|1|1,1,0,1.23358688105476,0.000319220867097777,adjoint,2,3,ensemble,TRUE,
0|0|0|0|0|1|0|0|1|1|0|1|0|1|0|1|1,1,0,0.283683292223354,0.00154346894057606,adjoint,2,3,ensemble,TRUE,
1|0|0|1|0|1|0|0|1|1|0|1|0|1|0|1|1,1,0,0.725306249820272,0.00317640758288393,adjoint,2,3,ensemble,TRUE,
0|0|0|0|0|1|0|1|1|0|0|0|0|1|0|1|1,1,5.07325029698199,1.22401440499893,0.000180380752710804,adjoint,2,3,ensemble,TRUE,
1|0|0|1|0|1|0|1|1|0|0|0|0|1|0|1|1,1,5.41629797513062,2.03378541553177,9.02293154296708e-05,adjoint,2,3,ensemble,TRUE,
0|0|0|0|0|1|0|1|1|1|0|0|0|1|0|1|1,1,4.06243377876374,2.01871033090161,0.00113895097133532,adjoint,2,3,ensemble,TRUE,
1|0|0|1|0|1|0|1|1|1|0|0|0|1|0|1|1,1,4.41041220692192,1.2907618580856,0.000728286490525357,adjoint,2,3,ensemble,TRUE,
0|0|0|0|0|1|0|1|1|0|0|1|0|1|0|1|1,1,6.44516848176493,1.30702068774807,0.000712403878747265,adjoint,2,3,ensemble,TRUE,
1|0|0|1|0|1|0|1|1|0|0|1|0|1|0|1|1,1,6.78152396060657,1.41346358257534,0.00062992925840919,adjoint,2,3,ensemble,TRUE,
0|0|0|0|0|1|0|1|1|1|0|1|0|1|0|1|1,1,4.93720743510318,4.9940811634754,0.00621747459853129,adjoint,2,3,ensemble,TRUE,
1|0|0|1|0|1|0|1|1|1|0|1|0|1|0|1|1,1,5.28091872858696,5.00861028458019,0.00701956674934661,adjoint,2,3,ensemble,TRUE,
0|0|0|0|0|1|0|0|0|0|1|0|1|0|0|0|0,0,0,0.00683668757235567,0.0705287906750812,adjoint,2,3,sieve_md,TRUE,
0|0|0|0|0|1|0|0|0|0|0|0|0|1|0|0|0,1,0,-0.00721311184022477,0.0180748527816066,adjoint,2,3,sieve_md,TRUE,
1|0|0|1|0|1|0|0|0|0|0|0|0|1|0|0|0,1,0,0.0279135749817315,0.0189820879945186,adjoint,2,3,sieve_md,TRUE,
0|0|0|0|0|1|0|0|0|1|0|0|0|1|0|0|0,1,0,0.174748379015113,0.00179818220588617,adjoint,2,3,sieve_md,TRUE,
1|0|0|1|0|1|0|0|0|1|0|0|0|1|0|0|0,1,0,0.207673287977224,0.00238359434193912,adjoint,2,3,sieve_md,TRUE,
0|0|0|0|0|1|0|0|0|0|0|1|0|1|0|0|0,1,0,0.191074789349724,0.00215565950065452,adjoint,2,3,sieve_md,TRUE,
1|0|0|1|0|1|0|0|0|0|0|1|0|1|0|0|0,1,0,0.0567543213888881,0.00400181874163921,adjoint,2,3,sieve_md,TRUE,
0|0|0|0|0|1|0|0|0|1|0|1|0|1|0|0|0,1,0,0.414451296433033,0.000296423068996605,adjoint,2,3,sieve_md,TRUE,
1|0|0|1|0|1|0|0|0|1|0|1|0|1|0|0|0,1,0,0.997521121503736,0.000693760730200661,adjoint,2,3,sieve_md,TRUE,
0|0|0|0|0|1|0|1|0|0|1|0|1|0|0|0|0,0,0,0.00577812474632145,0.0721653351064229,adjoint,2,3,sieve_md,TRUE,
0|0|0|0|0|1|0|1|0|0|0|0|0|1|0|0|0,1,-0.638327563181795,0.264624591513025,0.00230891165619347,adjoint,2,3,sieve_md,TRUE,
1|0|0|1|0|1|0|1|0|0|0|0|0|1|0|0|0,1,-0.679671681671697,1.46159206425796,0.00130754689812861,adjoint,2,3,sieve_md,TRUE,
0|0|0|0|0|1|0|1|0|1|0|0|0|1|0|0|0,1,-0.790786620321217,0.997521121503736,0.000253997533286871,adjoint,2,3,sieve_md,TRUE,
1|0|0|1|0|1|0|1|0|1|0|0|0|1|0|0|0,1,-0.853479694592254,0.997521121503736,0.000183873530406896,adjoint,2,3,sieve_md,TRUE,
0|0|0|0|0|1|0|1|0|0|0|1|0|1|0|0|0,1,-0.436414949846251,-0.208543653431274,0.0100779649802349,adjoint,2,3,sieve_md,TRUE,
1|0|0|1|0|1|0|1|0|0|0|1|0|1|0|0|0,1,-0.459632707523292,-0.986922558865712,0.0100885985590994,adjoint,2,3,sieve_md,TRUE,
0|0|0|0|0|1|0|1|0|1|0|1|0|1|0|0|0,1,-0.517728138299926,0.997521121503736,0.00153238515985756,adjoint,2,3,sieve_md,TRUE,
1|0|0|1|0|1|0|1|0|1|0|1|0|1|0|0|0,1,-0.552385132542596,0.603975612655217,0.00195864945924502,adjoint,2,3,sieve_md,TRUE,
0|0|0|0|0|1|0|0|1|0|1|0|1|0|0|0|0,0,0,0.00683668757235656,0.0714379973170373,adjoint,2,3,sieve_md,TRUE,
0|0|0|0|0|1|0|0|1|0|0|0|0|1|0|0|0,1,0,0.150513669167774,0.00257158289856599,adjoint,2,3,sieve_md,TRUE,
1|0|0|1|0|1|0|0|1|0|0|0|0|1|0|0|0,1,0,0.150514148505494,0.00249646270456503,adjoint,2,3,sieve_md,TRUE,
0|0|0|0|0|1|0|0|1|1|0|0|0|1|0|0|0,1,0,0.0590330488526176,0.00936309847164306,adjoint,2,3,sieve_md,TRUE,
1|0|0|1|0|1|0|0|1|1|0|0|0|1|0|0|0,1,0,0.0505405480045641,0.0114729098421175,adjoint,2,3,sieve_md,TRUE,
0|0|0|0|0|1|0|0|1|0|0|1|0|1|0|0|0,1,0,0.997521121503736,0.000306694454112269,adjoint,2,3,sieve_md,TRUE,
1|0|0|1|0|1|0|0|1|0|0|1|0|1|0|0|0,1,0,0.997521121503736,0.000526306233635443,adjoint,2,3,sieve_md,TRUE,
0|0|0|0|0|1|0|0|1|1|0|1|0|1|0|0|0,1,0,0.414451296433035,0.00154346894057606,adjoint,2,3,sieve_md,TRUE,
1|0|0|1|0|1|0|0|1|1|0|1|0|1|0|0|0,1,0,0.0629758906484981,0.0033392654821955,adjoint,2,3,sieve_md,TRUE,
0|0|0|0|0|1|0|1|1|0|1|0|1|0|0|0|0,0,0,0.00664448521154204,0.0701196450238517,adjoint,2,3,sieve_md,TRUE,
0|0|0|0|0|1|0|1|1|0|0|0|0|1|0|0|0,1,-0.638327563181795,0.997521121503736,0.000255972472562728,adjoint,2,3,sieve_md,TRUE,
1|0|0|1|0|1|0|1|1|0|0|0|0|1|0|0|0,1,-0.679671681671697,0.997521121503736,0.000134606321209248,adjoint,2,3,sieve_md,TRUE,
0|0|0|0|0|1|0|1|1|1|0|0|0|1|0|0|0,1,-0.790786620321217,1.26543847204571,0.0010305654561726,adjoint,2,3,sieve_md,TRUE,
1|0|0|1|0|1|0|1|1|1|0|0|0|1|0|0|0,1,-0.853479694592254,0.997521121503736,0.00069276753925408,adjoint,2,3,sieve_md,TRUE,
0|0|0|0|0|1|0|1|1|0|0|1|0|1|0|0|0,1,-0.436414949846251,0.414451296433033,0.0011172716840298,adjoint,2,3,sieve_md,TRUE,
1|0|0|1|0|1|0|1|1|0|0|1|0|1|0|0|0,1,-0.459632707523292,0.997521121503736,0.00103857776737559,adjoint,2,3,sieve_md,TRUE,
0|0|0|0|0|1|0|1|1|1|0|1|0|1|0|0|0,1,-0.517728138299926,-0.529757059965234,0.00621747459853129,adjoint,2,3,sieve_md,TRUE,
1|0|0|1|0|1|0|1|1|1|0|1|0|1|0|0|0,1,-0.552385132542596,0.162915397059414,0.0073794676326703,adjoint,2,3,sieve_md,TRUE,
1|0|0|1|0|1|0|0|0|0|1|0|1|0|0|0|0,0,0,0.00837010602084187,0.0677168438749167,adjoint,2,3,sieve_md,TRUE,
1|0|0|1|0|1|0|1|0|0|1|0|1|0|0|0|0,0,2.56831218549017,2.48111773947302,0.0547623847574702,adjoint,2,3,sieve_md,TRUE,
1|0|0|1|0|1|0|0|1|0|1|0|1|0|0|0|0,0,0,0.00704034068583004,0.077092739759399,adjoint,2,3,sieve_md,TRUE,
1|0|0|1|0|1|0|1|1|0|1|0|1|0|0|0|0,0,2.56831218549017,2.62341250389414,0.0594000062445497,adjoint,2,3,sieve_md,TRUE,
0|0|0|0|0|1|0|0|0|0|0|0|0|1|0|1|0,1,0,0.0650014710655923,0.0147984378296584,adjoint,2,3,sieve_md,TRUE,
1|0|0|1|0|1|0|0|0|0|0|0|0|1|0|1|0,1,0,0.0100081079433623,0.0180563206388479,adjoint,2,3,sieve_md,TRUE,
0|0|0|0|0|1|0|0|0|1|0|0|0|1|0|1|0,1,0,0.273733845391895,0.00230891165619347,adjoint,2,3,sieve_md,TRUE,
1|0|0|1|0|1|0|0|0|1|0|0|0|1|0|1|0,1,0,0.528382840144593,0.00355590490846276,adjoint,2,3,sieve_md,TRUE,
0|0|0|0|0|1|0|0|0|0|0|1|0|1|0|1|0,1,0,0.236340156531848,0.00118305101741584,adjoint,2,3,sieve_md,TRUE,
1|0|0|1|0|1|0|0|0|0|0|1|0|1|0|1|0,1,0,0.169693121704347,0.00255167228735678,adjoint,2,3,sieve_md,TRUE,
0|0|0|0|0|1|0|0|0|1|0|1|0|1|0|1|0,1,0,0.997521121503736,0.000255133699881773,adjoint,2,3,sieve_md,TRUE,
1|0|0|1|0|1|0|0|0|1|0|1|0|1|0|1|0,1,0,0.414449661475492,0.000693760730200661,adjoint,2,3,sieve_md,TRUE,
0|0|0|0|0|1|0|1|0|0|0|0|0|1|0|1|0,1,5.07325029698199,2.99390924114197,0.00189037697906581,adjoint,2,3,sieve_md,TRUE,
1|0|0|1|0|1|0|1|0|0|0|0|0|1|0|1|0,1,5.41629797513063,2.38973394976648,0.00124377708341457,adjoint,2,3,sieve_md,TRUE,
0|0|0|0|0|1|0|1|0|1|0|0|0|1|0|1|0,1,4.06243377876373,0.997521121503736,0.000326139288516333,adjoint,2,3,sieve_md,TRUE,
1|0|0|1|0|1|0|1|0|1|0|0|0|1|0|1|0,1,4.41041220692192,0.997521121503736,0.000274307073903501,adjoint,2,3,sieve_md,TRUE,
0|0|0|0|0|1|0|1|0|0|0|1|0|1|0|1|0,1,6.44516848176493,5.29319508000543,0.00553090444930101,adjoint,2,3,sieve_md,TRUE,
1|0|0|1|0|1|0|1|0|0|0|1|0|1|0|1|0,1,6.78152396060656,7.30994715870842,0.00643277445169266,adjoint,2,3,sieve_md,TRUE,
0|0|0|0|0|1|0|1|0|1|0|1|0|1|0|1|0,1,4.93720743510318,0.997521121503736,0.00131893613004479,adjoint,2,3,sieve_md,TRUE,
1|0|0|1|0|1|0|1|0|1|0|1|0|1|0|1|0,1,5.28091872858696,3.65015628215804,0.00195864945924502,adjoint,2,3,sieve_md,TRUE,
0|0|0|0|0|1|0|0|1|0|0|0|0|1|0|1|0,1,0,0.150514148505496,0.00210543400314539,adjoint,2,3,sieve_md,TRUE,
1|0|0|1|0|1|0|0|1|0|0|0|0|1|0|1|0,1,0,0.191074789349724,0.00237470878175089,adjoint,2,3,sieve_md,TRUE,
0|0|0|0|0|1|0|0|1|1|0|0|0|1|0|1|0,1,0,0.0228629093127847,0.0120224564165398,adjoint,2,3,sieve_md,TRUE,
1|0|0|1|0|1|0|0|1|1|0|0|0|1|0|1|0,1,0,0.0315879760463632,0.0171155702562825,adjoint,2,3,sieve_md,TRUE,
0|0|0|0|0|1|0|0|1|0|0|1|0|1|0|1|0,1,0,0.997521121503736,0.000168317485142319,adjoint,2,3,sieve_md,TRUE,
1|0|0|1|0|1|0|0|1|0|0|1|0|1|0|1|0,1,0,0.414451296433033,0.000335587670939985,adjoint,2,3,sieve_md,TRUE,
0|0|0|0|0|1|0|0|1|1|0|1|0|1|0|1|0,1,0,0.686844495645051,0.00132847602851815,adjoint,2,3,sieve_md,TRUE,
1|0|0|1|0|1|0|0|1|1|0|1|0|1|0|1|0,1,0,-0.0464844271093687,0.0033392654821955,adjoint,2,3,sieve_md,TRUE,
0|0|0|0|0|1|0|1|1|0|0|0|0|1|0|1|0,1,5.07325029698199,0.997521121503736,0.000209572535228515,adjoint,2,3,sieve_md,TRUE,
1|0|0|1|0|1|0|1|1|0|0|0|0|1|0|1|0,1,5.41629797513063,0.997521121503736,0.000128041493458031,adjoint,2,3,sieve_md,TRUE,
0|0|0|0|0|1|0|1|1|1|0|0|0|1|0|1|0,1,4.06243377876373,5.7605080135022,0.00132327223928601,adjoint,2,3,sieve_md,TRUE,
1|0|0|1|0|1|0|1|1|1|0|0|0|1|0|1|0,1,4.41041220692192,0.997521121503736,0.0010334877247834,adjoint,2,3,sieve_md,TRUE,
0|0|0|0|0|1|0|1|1|0|0|1|0|1|0|1|0,1,6.44516848176493,4.39219267287062,0.00061317170087392,adjoint,2,3,sieve_md,TRUE,
1|0|0|1|0|1|0|1|1|0|0|1|0|1|0|1|0,1,6.78152396060656,0.997521121503736,0.000662226422127165,adjoint,2,3,sieve_md,TRUE,
0|0|0|0|0|1|0|1|1|1|0|1|0|1|0|1|0,1,4.93720743510318,4.18824938353642,0.00535142998017606,adjoint,2,3,sieve_md,TRUE,
1|0|0|1|0|1|0|1|1|1|0|1|0|1|0|1|0,1,5.28091872858696,5.59034745950365,0.0073794676326703,adjoint,2,3,sieve_md,TRUE,
0|0|0|0|0|1|0|0|0|0|0|0|0|1|0|0|1,1,0,0.0588469436018442,0.0155571699618374,adjoint,2,3,sieve_md,TRUE,
1|0|0|1|0|1|0|0|0|0|0|0|0|1|0|0|1,1,0,0.0491993308519328,0.0133764513277299,adjoint,2,3,sieve_md,TRUE,
0|0|0|0|0|1|0|0|0|1|0|0|0|1|0|0|1,1,0,0.513434012722309,0.00154770976767183,adjoint,2,3,sieve_md,TRUE,
1|0|0|1|0|1|0|0|0|1|0|0|0|1|0|0|1,1,0,0.499837711859729,0.00167969054348541,adjoint,2,3,sieve_md,TRUE,
0|0|0|0|0|1|0|0|0|0|0|1|0|1|0|0|1,1,0,0.108960078091211,0.00250451902352297,adjoint,2,3,sieve_md,TRUE,
1|0|0|1|0|1|0|0|0|0|0|1|0|1|0|0|1,1,0,0.328356106232416,0.00380664773856564,adjoint,2,3,sieve_md,TRUE,
0|0|0|0|0|1|0|0|0|1|0|1|0|1|0|0|1,1,0,0.997521121503736,0.000344394471894864,adjoint,2,3,sieve_md,TRUE,
1|0|0|1|0|1|0|0|0|1|0|1|0|1|0|0|1,1,0,0.414451296433034,0.000659925620129969,adjoint,2,3,sieve_md,TRUE,
0|0|0|0|0|1|0|1|0|0|0|0|0|1|0|0|1,1,-0.573429866020089,0.531401375991465,0.00198729867934651,adjoint,2,3,sieve_md,TRUE,
1|0|0|1|0|1|0|1|0|0|0|0|0|1|0|0|1,1,-0.620565229297335,0.414451296433029,0.00092141272585988,adjoint,2,3,sieve_md,TRUE,
0|0|0|0|0|1|0|1|0|1|0|0|0|1|0|0|1,1,-0.716830807089494,0.997521121503736,0.000218617702892299,adjoint,2,3,sieve_md,TRUE,
1|0|0|1|0|1|0|1|0|1|0|0|0|1|0|0|1,1,-0.792109684668437,0.997521121503736,0.000129573486892272,adjoint,2,3,sieve_md,TRUE,
0|0|0|0|0|1|0|1|0|0|0|1|0|1|0|0|1,1,-0.394547495774881,-0.403727560539847,0.0117089248110534,adjoint,2,3,sieve_md,TRUE,
1|0|0|1|0|1|0|1|0|0|0|1|0|1|0|0|1,1,-0.42268130443532,0.864744800481943,0.00959657180139088,adjoint,2,3,sieve_md,TRUE,
0|0|0|0|0|1|0|1|0|1|0|1|0|1|0|0|1,1,-0.471277754067175,0.191074789349725,0.00178037755177117,adjoint,2,3,sieve_md,TRUE,
1|0|0|1|0|1|0|1|0|1|0|1|0|1|0|0|1,1,-0.515202977734318,0.117612027401517,0.00186312499791628,adjoint,2,3,sieve_md,TRUE,
0|0|0|0|0|1|0|0|1|0|0|0|0|1|0|0|1,1,0,0.261561627225662,0.00221338191283401,adjoint,2,3,sieve_md,TRUE,
1|0|0|1|0|1|0|0|1|0|0|0|0|1|0|0|1,1,0,0.414451296433033,0.00175922753433395,adjoint,2,3,sieve_md,TRUE,
0|0|0|0|0|1|0|0|1|1|0|0|0|1|0|0|1,1,0,0.119935508723805,0.00805889353859645,adjoint,2,3,sieve_md,TRUE,
1|0|0|1|0|1|0|0|1|1|0|0|0|1|0|0|1,1,0,0.0663229006018645,0.00808482292015682,adjoint,2,3,sieve_md,TRUE,
0|0|0|0|0|1|0|0|1|0|0|1|0|1|0|0|1,1,0,0.997521121503736,0.000356328118842492,adjoint,2,3,sieve_md,TRUE,
1|0|0|1|0|1|0|0|1|0|0|1|0|1|0|0|1,1,0,0.997521121503736,0.000500637975732181,adjoint,2,3,sieve_md,TRUE,
0|0|0|0|0|1|0|0|1|1|0|1|0|1|0|0|1,1,0,0.997521121503736,0.00179325506774882,adjoint,2,3,sieve_md,TRUE,
1|0|0|1|0|1|0|0|1|1|0|1|0|1|0|0|1,1,0,0.377638147321699,0.00317640758288393,adjoint,2,3,sieve_md,TRUE,
0|0|0|0|0|1|0|1|1|0|0|0|0|1|0|0|1,1,-0.573429866020089,0.997521121503736,0.000220317548879984,adjoint,2,3,sieve_md,TRUE,
1|0|0|1|0|1|0|1|1|0|0|0|0|1|0|0|1,1,-0.620565229297335,0.997521121503736,9.48554713570082e-05,adjoint,2,3,sieve_md,TRUE,
0|0|0|0|0|1|0|1|1|1|0|0|0|1|0|0|1,1,-0.716830807089494,0.0630348735862744,0.000887015908355885,adjoint,2,3,sieve_md,TRUE,
1|0|0|1|0|1|0|1|1|1|0|0|0|1|0|0|1,1,-0.792109684668437,0.414451296433025,0.000488185033856091,adjoint,2,3,sieve_md,TRUE,
0|0|0|0|0|1|0|1|1|0|0|1|0|1|0|0|1,1,-0.394547495774881,0.414451296433029,0.00129808450093651,adjoint,2,3,sieve_md,TRUE,
1|0|0|1|0|1|0|1|1|0|0|1|0|1|0|0|1,1,-0.42268130443532,0.997521121503736,0.000987925731959918,adjoint,2,3,sieve_md,TRUE,
0|0|0|0|0|1|0|1|1|1|0|1|0|1|0|0|1,1,-0.471277754067175,0.364660812655194,0.00722367489186694,adjoint,2,3,sieve_md,TRUE,
1|0|0|1|0|1|0|1|1|1|0|1|0|1|0|0|1,1,-0.515202977734318,0.227785318649276,0.00701956674934661,adjoint,2,3,sieve_md,TRUE,
0|0|0|0|0|1|0|0|0|0|0|0|0|1|0|1|1,1,0,0.046598456910415,0.0127371334786173,adjoint,2,3,sieve_md,TRUE,
1|0|0|1|0|1|0|0|0|0|0|0|0|1|0|1|1,1,0,0.099687412175008,0.0127240740983383,adjoint,2,3,sieve_md,TRUE,
0|0|0|0|0|1|0|0|0|1|0|0|0|1|0|1|1,1,0,0.273733845391898,0.00198729867934651,adjoint,2,3,sieve_md,TRUE,
1|0|0|1|0|1|0|0|0|1|0|0|0|1|0|1|1,1,0,0.13854818111244,0.00250580383716602,adjoint,2,3,sieve_md,TRUE,
0|0|0|0|0|1|0|0|0|0|0|1|0|1|0|1|1,1,0,0.568834531166696,0.00137450918292826,adjoint,2,3,sieve_md,TRUE,
1|0|0|1|0|1|0|0|0|0|0|1|0|1|0|1|1,1,0,0.414451296433035,0.00242722576141681,adjoint,2,3,sieve_md,TRUE,
0|0|0|0|0|1|0|0|0|1|0|1|0|1|0|1|1,1,0,0.414451296433034,0.000296423068996605,adjoint,2,3,sieve_md,TRUE,
1|0|0|1|0|1|0|0|0|1|0|1|0|1|0|1|1,1,0,0.414449661475487,0.000659925620129969,adjoint,2,3,sieve_md,TRUE,
0|0|0|0|0|1|0|1|0|0|0|0|0|1|0|1|1,1,5.07325029698199,0.997521121503736,0.00162706254433225,adjoint,2,3,sieve_md,TRUE,
1|0|0|1|0|1|0|1|0|0|0|0|0|1|0|1|1,1,5.41629797513062,2.42451883894839,0.000876474896947328,adjoint,2,3,sieve_md,TRUE,
0|0|0|0|0|1|0|1|0|1|0|0|0|1|0|1|1,1,4.06243377876374,0.997521121503736,0.000280710687051601,adjoint,2,3,sieve_md,TRUE,
1|0|0|1|0|1|0|1|0|1|0|0|0|1|0|1|1,1,4.41041220692192,1.80093157700528,0.000193300927905388,adjoint,2,3,sieve_md,TRUE,
0|0|0|0|0|1|0|1|0|0|0|1|0|1|0|1|1,1,6.44516848176493,4.51781076367246,0.00642599418245614,adjoint,2,3,sieve_md,TRUE,
1|0|0|1|0|1|0|1|0|0|0|1|0|1|0|1|1,1,6.78152396060657,4.75932638627327,0.0061190443396265,adjoint,2,3,sieve_md,TRUE,
0|0|0|0|0|1|0|1|0|1|0|1|0|1|0|1|1,1,4.93720743510318,2.68431065849659,0.00153238515985756,adjoint,2,3,sieve_md,TRUE,
1|0|0|1|0|1|0|1|0|1|0|1|0|1|0|1|1,1,5.28091872858696,3.55505978153251,0.00186312499791628,adjoint,2,3,sieve_md,TRUE,
0|0|0|0|0|1|0|0|1|0|0|0|0|1|0|1|1,1,0,0.997521121503736,0.00181216384034378,adjoint,2,3,sieve_md,TRUE,
1|0|0|1|0|1|0|0|1|0|0|0|0|1|0|1|1,1,0,0.997521121503736,0.00167342899505029,adjoint,2,3,sieve_md,TRUE,
0|0|0|0|0|1|0|0|1|1|0|0|0|1|0|1|1,1,0,0.0644028439397489,0.0103478241339385,adjoint,2,3,sieve_md,TRUE,
1|0|0|1|0|1|0|0|1|1|0|0|0|1|0|1|1,1,0,0.0738744549609576,0.0120611385083462,adjoint,2,3,sieve_md,TRUE,
0|0|0|0|0|1|0|0|1|0|0|1|0|1|0|1|1,1,0,0.997521121503736,0.000195557017888255,adjoint,2,3,sieve_md,TRUE,
1|0|0|1|0|1|0|0|1|0|0|1|0|1|0|1|1,1,0,0.997521121503736,0.000319220867097777,adjoint,2,3,sieve_md,TRUE,
0|0|0|0|0|1|0|0|1|1|0|1|0|1|0|1|1,1,0,0.0654912439277151,0.00154346894057606,adjoint,2,3,sieve_md,TRUE,
1|0|0|1|0|1|0|0|1|1|0|1|0|1|0|1|1,1,0,0.454159243681815,0.00317640758288393,adjoint,2,3,sieve_md,TRUE,
0|0|0|0|0|1|0|1|1|0|0|0|0|1|0|1|1,1,5.07325029698199,0.997521121503736,0.000180380752710804,adjoint,2,3,sieve_md,TRUE,
1|0|0|1|0|1|0|1|1|0|0|0|0|1|0|1|1,1,5.41629797513062,1.81308613346559,9.02293154296708e-05,adjoint,2,3,sieve_md,TRUE,
0|0|0|0|0|1|0|1|1|1|0|0|0|1|0|1|1,1,4.06243377876374,1.96506442104921,0.00113895097133532,adjoint,2,3,sieve_md,TRUE,
1|0|0|1|0|1|0|1|1|1|0|0|0|1|0|1|1,1,4.41041220692192,0.997521121503736,0.000728286490525357,adjoint,2,3,sieve_md,TRUE,
0|0|0|0|0|1|0|1|1|0|0|1|0|1|0|1|1,1,6.44516848176493,0.997521121503736,0.000712403878747265,adjoint,2,3,sieve_md,TRUE,
1|0|0|1|0|1|0|1|1|0|0|1|0|1|0|1|1,1,6.78152396060657,0.997521121503736,0.00062992925840919,adjoint,2,3,sieve_md,TRUE,
0|0|0|0|0|1|0|1|1|1|0|1|0|1|0|1|1,1,4.93720743510318,5.31899166496348,0.00621747459853129,adjoint,2,3,sieve_md,TRUE,
1|0|0|1|0|1|0|1|1|1|0|1|0|1|0|1|1,1,5.28091872858696,5.21241031794846,0.00701956674934661,adjoint,2,3,sieve_md,TRUE,
0|0|0|0|0|1|0|0|0|0|1|0|1|0|0|0|0,0,0,-0.566839693397371,0.0705287906750812,adjoint,2,3,landweber,TRUE,
0|0|0|0|0|1|0|0|0|0|0|0|0|1|0|0|0,1,0,-1.63044285381305,0.0180748527816066,adjoint,2,3,landweber,TRUE,
1|0|0|1|0|1|0|0|0|0|0|0|0|1|0|0|0,1,0,-0.85697972636851,0.0189820879945186,adjoint,2,3,landweber,TRUE,
0|0|0|0|0|1|0|0|0|1|0|0|0|1|0|0|0,1,0,-1.91888822692886,0.00179818220588617,adjoint,2,3,landweber,TRUE,
1|0|0|1|0|1|0|0|0|1|0|0|0|1|0|0|0,1,0,-1.14542509948432,0.00238359434193912,adjoint,2,3,landweber,TRUE,
0|0|0|0|0|1|0|0|0|0|0|1|0|1|0|0|0,1,0,-1.02728095036356,0.00215565950065452,adjoint,2,3,landweber,TRUE,
1|0|0|1|0|1|0|0|0|0|0|1|0|1|0|0|0,1,0,-0.253817822919019,0.00400181874163921,adjoint,2,3,landweber,TRUE,
0|0|0|0|0|1|0|0|0|1|0|1|0|1|0|0|0,1,0,-1.31572632347937,0.000296423068996605,adjoint,2,3,landweber,TRUE,
1|0|0|1|0|1|0|0|0|1|0|1|0|1|0|0|0,1,0,-0.542263196034831,0.000693760730200661,adjoint,2,3,landweber,TRUE,
0|0|0|0|0|1|0|1|0|0|1|0|1|0|0|0|0,0,0,0.740227315051458,0.0721653351064229,adjoint,2,3,landweber,TRUE,
0|0|0|0|0|1|0|1|0|0|0|0|0|1|0|0|0,1,-0.638327563181795,-0.323375845364223,0.00230891165619347,adjoint,2,3,landweber,TRUE,
1|0|0|1|0|1|0|1|0|0|0|0|0|1|0|0|0,1,-0.679671681671697,0.45008728208032,0.00130754689812861,adjoint,2,3,landweber,TRUE,
0|0|0|0|0|1|0|1|0|1|0|0|0|1|0|0|0,1,-0.790786620321217,-0.611821218480035,0.000253997533286871,adjoint,2,3,landweber,TRUE,
1|0|0|1|0|1|0|1|0|1|0|0|0|1|0|0|0,1,-0.853479694592254,0.161641908964508,0.000183873530406896,adjoint,2,3,landweber,TRUE,
0|0|0|0|0|1|0|1|0|0|0|1|0|1|0|0|0,1,-0.436414949846251,0.279786058085267,0.0100779649802349,adjoint,2,3,landweber,TRUE,
1|0|0|1|0|1|0|1|0|0|0|1|0|1|0|0|0,1,-0.459632707523292,1.05324918552981,0.0100885985590994,adjoint,2,3,landweber,TRUE,
0|0|0|0|0|1|0|1|0|1|0|1|0|1|0|0|0,1,-0.517728138299926,-0.00865931503054496,0.00153238515985756,adjoint,2,3,landweber,TRUE,
1|0|0|1|0|1|0|1|0|1|0|1|0|1|0|0|0,1,-0.552385132542596,0.764803812413998,0.00195864945924502,adjoint,2,3,landweber,TRUE,
0|0|0|0|0|1|0|0|1|0|1|0|1|0|0|0|0,0,0,-0.463907816821611,0.0714379973170373,adjoint,2,3,landweber,TRUE,
0|0|0|0|0|1|0|0|1|0|0|0|0|1|0|0|0,1,0,-1.52751097723729,0.00257158289856599,adjoint,2,3,landweber,TRUE,
1|0|0|1|0|1|0|0|1|0|0|0|0|1|0|0|0,1,0,-0.754047849792749,0.00249646270456503,adjoint,2,3,landweber,TRUE,
0|0|0|0|0|1|0|0|1|1|0|0|0|1|0|0|0,1,0,-1.8159563503531,0.00936309847164306,adjoint,2,3,landweber,TRUE,
1|0|0|1|0|1|0|0|1|1|0|0|0|1|0|0|0,1,0,-1.04249322290856,0.0114729098421175,adjoint,2,3,landweber,TRUE,
0|0|0|0|0|1|0|0|1|0|0|1|0|1|0|0|0,1,0,-0.924349073787803,0.000306694454112269,adjoint,2,3,landweber,TRUE,
1|0|0|1|0|1|0|0|1|0|0|1|0|1|0|0|0,1,0,-0.150885946343259,0.000526306233635443,adjoint,2,3,landweber,TRUE,
0|0|0|0|0|1|0|0|1|1|0|1|0|1|0|0|0,1,0,-1.21279444690361,0.00154346894057606,adjoint,2,3,landweber,TRUE,
1|0|0|1|0|1|0|0|1|1|0|1|0|1|0|0|0,1,0,-0.439331319459071,0.0033392654821955,adjoint,2,3,landweber,TRUE,
0|0|0|0|0|1|0|1|1|0|1|0|1|0|0|0|0,0,0,0.843159191627218,0.0701196450238517,adjoint,2,3,landweber,TRUE,
0|0|0|0|0|1|0|1|1|0|0|0|0|1|0|0|0,1,-0.638327563181795,-0.220443968788463,0.000255972472562728,adjoint,2,3,landweber,TRUE,
1|0|0|1|0|1|0|1|1|0|0|0|0|1|0|0|0,1,-0.679671681671697,0.55301915865608,0.000134606321209248,adjoint,2,3,landweber,TRUE,
0|0|0|0|0|1|0|1|1|1|0|0|0|1|0|0|0,1,-0.790786620321217,-0.508889341904275,0.0010305654561726,adjoint,2,3,landweber,TRUE,
1|0|0|1|0|1|0|1|1|1|0|0|0|1|0|0|0,1,-0.853479694592254,0.264573785540268,0.00069276753925408,adjoint,2,3,landweber,TRUE,
0|0|0|0|0|1|0|1|1|0|0|1|0|1|0|0|0,1,-0.436414949846251,0.382717934661027,0.0011172716840298,adjoint,2,3,landweber,TRUE,
1|0|0|1|0|1|0|1|1|0|0|1|0|1|0|0|0,1,-0.459632707523292,1.15618106210557,0.00103857776737559,adjoint,2,3,landweber,TRUE,
0|0|0|0|0|1|0|1|1|1|0|1|0|1|0|0|0,1,-0.517728138299926,0.0942725615452151,0.00621747459853129,adjoint,2,3,landweber,TRUE,
1|0|0|1|0|1|0|1|1|1|0|1|0|1|0|0|0,1,-0.552385132542596,0.867735688989758,0.0073794676326703,adjoint,2,3,landweber,TRUE,
1|0|0|1|0|1|0|0|0|0|1|0|1|0|0|0|0,0,0,0.206623434047172,0.0677168438749167,adjoint,2,3,landweber,TRUE,
1|0|0|1|0|1|0|1|0|0|1|0|1|0|0|0|0,0,2.56831218549017,1.513690442496,0.0547623847574702,adjoint,2,3,landweber,TRUE,
1|0|0|1|0|1|0|0|1|0|1|0|1|0|0|0|0,0,0,0.309555310622932,0.077092739759399,adjoint,2,3,landweber,TRUE,
1|0|0|1|0|1|0|1|1|0|1|0|1|0|0|0|0,0,2.56831218549017,1.61662231907176,0.0594000062445497,adjoint,2,3,landweber,TRUE,
0|0|0|0|0|1|0|0|0|0|0|0|0|1|0|1|0,1,0,1.1641816246857,0.0147984378296584,adjoint,2,3,landweber,TRUE,
1|0|0|1|0|1|0|0|0|0|0|0|0|1|0|1|0,1,0,1.93764475213024,0.0180563206388479,adjoint,2,3,landweber,TRUE,
0|0|0|0|0|1|0|0|0|1|0|0|0|1|0|1|0,1,0,0.875736251569885,0.00230891165619347,adjoint,2,3,landweber,TRUE,
1|0|0|1|0|1|0|0|0|1|0|0|0|1|0|1|0,1,0,1.64919937901443,0.00355590490846276,adjoint,2,3,landweber,TRUE,
0|0|0|0|0|1|0|0|0|0|0|1|0|1|0|1|0,1,0,1.76734352813519,0.00118305101741584,adjoint,2,3,landweber,TRUE,
1|0|0|1|0|1|0|0|0|0|0|1|0|1|0|1|0,1,0,2.54080665557973,0.00255167228735678,adjoint,2,3,landweber,TRUE,
0|0|0|0|0|1|0|0|0|1|0|1|0|1|0|1|0,1,0,1.47889815501938,0.000255133699881773,adjoint,2,3,landweber,TRUE,
1|0|0|1|0|1|0|0|0|1|0|1|0|1|0|1|0,1,0,2.25236128246392,0.000693760730200661,adjoint,2,3,landweber,TRUE,
0|0|0|0|0|1|0|1|0|0|0|0|0|1|0|1|0,1,5.07325029698199,2.47124863313453,0.00189037697906581,adjoint,2,3,landweber,TRUE,
1|0|0|1|0|1|0|1|0|0|0|0|0|1|0|1|0,1,5.41629797513063,3.24471176057907,0.00124377708341457,adjoint,2,3,landweber,TRUE,
0|0|0|0|0|1|0|1|0|1|0|0|0|1|0|1|0,1,4.06243377876373,2.18280326001871,0.000326139288516333,adjoint,2,3,landweber,TRUE,
1|0|0|1|0|1|0|1|0|1|0|0|0|1|0|1|0,1,4.41041220692192,2.95626638746326,0.000274307073903501,adjoint,2,3,landweber,TRUE,
0|0|0|0|0|1|0|1|0|0|0|1|0|1|0|1|0,1,6.44516848176493,3.07441053658402,0.00553090444930101,adjoint,2,3,landweber,TRUE,
1|0|0|1|0|1|0|1|0|0|0|1|0|1|0|1|0,1,6.78152396060656,3.84787366402856,0.00643277445169266,adjoint,2,3,landweber,TRUE,
0|0|0|0|0|1|0|1|0|1|0|1|0|1|0|1|0,1,4.93720743510318,2.78596516346821,0.00131893613004479,adjoint,2,3,landweber,TRUE,
1|0|0|1|0|1|0|1|0|1|0|1|0|1|0|1|0,1,5.28091872858696,3.55942829091275,0.00195864945924502,adjoint,2,3,landweber,TRUE,
0|0|0|0|0|1|0|0|1|0|0|0|0|1|0|1|0,1,0,1.26711350126146,0.00210543400314539,adjoint,2,3,landweber,TRUE,
1|0|0|1|0|1|0|0|1|0|0|0|0|1|0|1|0,1,0,2.040576628706,0.00237470878175089,adjoint,2,3,landweber,TRUE,
0|0|0|0|0|1|0|0|1|1|0|0|0|1|0|1|0,1,0,0.978668128145645,0.0120224564165398,adjoint,2,3,landweber,TRUE,
1|0|0|1|0|1|0|0|1|1|0|0|0|1|0|1|0,1,0,1.75213125559019,0.0171155702562825,adjoint,2,3,landweber,TRUE,
0|0|0|0|0|1|0|0|1|0|0|1|0|1|0|1|0,1,0,1.87027540471095,0.000168317485142319,adjoint,2,3,landweber,TRUE,
1|0|0|1|0|1|0|0|1|0|0|1|0|1|0|1|0,1,0,2.64373853215549,0.000335587670939985,adjoint,2,3,landweber,TRUE,
0|0|0|0|0|1|0|0|1|1|0|1|0|1|0|1|0,1,0,1.58183003159514,0.00132847602851815,adjoint,2,3,landweber,TRUE,
1|0|0|1|0|1|0|0|1|1|0|1|0|1|0|1|0,1,0,2.35529315903968,0.0033392654821955,adjoint,2,3,landweber,TRUE,
0|0|0|0|0|1|0|1|1|0|0|0|0|1|0|1|0,1,5.07325029698199,2.57418050971029,0.000209572535228515,adjoint,2,3,landweber,TRUE,
1|0|0|1|0|1|0|1|1|0|0|0|0|1|0|1|0,1,5.41629797513063,3.34764363715483,0.000128041493458031,adjoint,2,3,landweber,TRUE,
0|0|0|0|0|1|0|1|1|1|0|0|0|1|0|1|0,1,4.06243377876373,2.28573513659447,0.00132327223928601,adjoint,2,3,landweber,TRUE,
1|0|0|1|0|1|0|1|1|1|0|0|0|1|0|1|0,1,4.41041220692192,3.05919826403902,0.0010334877247834,adjoint,2,3,landweber,TRUE,
0|0|0|0|0|1|0|1|1|0|0|1|0|1|0|1|0,1,6.44516848176493,3.17734241315978,0.00061317170087392,adjoint,2,3,landweber,TRUE,
1|0|0|1|0|1|0|1|1|0|0|1|0|1|0|1|0,1,6.78152396060656,3.95080554060432,0.000662226422127165,adjoint,2,3,landweber,TRUE,
0|0|0|0|0|1|0|1|1|1|0|1|0|1|0|1|0,1,4.93720743510318,2.88889704004396,0.00535142998017606,adjoint,2,3,landweber,TRUE,
1|0|0|1|0|1|0|1|1|1|0|1|0|1|0|1|0,1,5.28091872858696,3.66236016748851,0.0073794676326703,adjoint,2,3,landweber,TRUE,
0|0|0|0|0|1|0|0|0|0|0|0|0|1|0|0|1,1,0,-1.56129766594475,0.0155571699618374,adjoint,2,3,landweber,TRUE,
1|0|0|1|0|1|0|0|0|0|0|0|0|1|0|0|1,1,0,-0.787834538500202,0.0133764513277299,adjoint,2,3,landweber,TRUE,
0|0|0|0|0|1|0|0|0|1|0|0|0|1|0|0|1,1,0,-1.84974303906056,0.00154770976767183,adjoint,2,3,landweber,TRUE,
1|0|0|1|0|1|0|0|0|1|0|0|0|1|0|0|1,1,0,-1.07627991161601,0.00167969054348541,adjoint,2,3,landweber,TRUE,
0|0|0|0|0|1|0|0|0|0|0|1|0|1|0|0|1,1,0,-0.958135762495255,0.00250451902352297,adjoint,2,3,landweber,TRUE,
1|0|0|1|0|1|0|0|0|0|0|1|0|1|0|0|1,1,0,-0.184672635050712,0.00380664773856564,adjoint,2,3,landweber,TRUE,
0|0|0|0|0|1|0|0|0|1|0|1|0|1|0|0|1,1,0,-1.24658113561107,0.000344394471894864,adjoint,2,3,landweber,TRUE,
1|0|0|1|0|1|0|0|0|1|0|1|0|1|0|0|1,1,0,-0.473118008166524,0.000659925620129969,adjoint,2,3,landweber,TRUE,
0|0|0|0|0|1|0|1|0|0|0|0|0|1|0|0|1,1,-0.573429866020089,-0.254230657495916,0.00198729867934651,adjoint,2,3,landweber,TRUE,
1|0|0|1|0|1|0|1|0|0|0|0|0|1|0|0|1,1,-0.620565229297335,0.519232469948627,0.00092141272585988,adjoint,2,3,landweber,TRUE,
0|0|0|0|0|1|0|1|0|1|0|0|0|1|0|0|1,1,-0.716830807089494,-0.542676030611728,0.000218617702892299,adjoint,2,3,landweber,TRUE,
1|0|0|1|0|1|0|1|0|1|0|0|0|1|0|0|1,1,-0.792109684668437,0.230787096832815,0.000129573486892272,adjoint,2,3,landweber,TRUE,
0|0|0|0|0|1|0|1|0|0|0|1|0|1|0|0|1,1,-0.394547495774881,0.348931245953574,0.0117089248110534,adjoint,2,3,landweber,TRUE,
1|0|0|1|0|1|0|1|0|0|0|1|0|1|0|0|1,1,-0.42268130443532,1.12239437339812,0.00959657180139088,adjoint,2,3,landweber,TRUE,
0|0|0|0|0|1|0|1|0|1|0|1|0|1|0|0|1,1,-0.471277754067175,0.0604858728377623,0.00178037755177117,adjoint,2,3,landweber,TRUE,
1|0|0|1|0|1|0|1|0|1|0|1|0|1|0|0|1,1,-0.515202977734318,0.833949000282306,0.00186312499791628,adjoint,2,3,landweber,TRUE,
0|0|0|0|0|1|0|0|1|0|0|0|0|1|0|0|1,1,0,-1.45836578936899,0.00221338191283401,adjoint,2,3,landweber,TRUE,
1|0|0|1|0|1|0|0|1|0|0|0|0|1|0|0|1,1,0,-0.684902661924442,0.00175922753433395,adjoint,2,3,landweber,TRUE,
0|0|0|0|0|1|0|0|1|1|0|0|0|1|0|0|1,1,0,-1.7468111624848,0.00805889353859645,adjoint,2,3,landweber,TRUE,
1|0|0|1|0|1|0|0|1|1|0|0|0|1|0|0|1,1,0,-0.973348035040254,0.00808482292015682,adjoint,2,3,landweber,TRUE,
0|0|0|0|0|1|0|0|1|0|0|1|0|1|0|0|1,1,0,-0.855203885919495,0.000356328118842492,adjoint,2,3,landweber,TRUE,
1|0|0|1|0|1|0|0|1|0|0|1|0|1|0|0|1,1,0,-0.081740758474952,0.000500637975732181,adjoint,2,3,landweber,TRUE,
0|0|0|0|0|1|0|0|1|1|0|1|0|1|0|0|1,1,0,-1.14364925903531,0.00179325506774882,adjoint,2,3,landweber,TRUE,
1|0|0|1|0|1|0|0|1|1|0|1|0|1|0|0|1,1,0,-0.370186131590764,0.00317640758288393,adjoint,2,3,landweber,TRUE,
0|0|0|0|0|1|0|1|1|0|0|0|0|1|0|0|1,1,-0.573429866020089,-0.151298780920156,0.000220317548879984,adjoint,2,3,landweber,TRUE,
1|0|0|1|0|1|0|1|1|0|0|0|0|1|0|0|1,1,-0.620565229297335,0.622164346524387,9.48554713570082e-05,adjoint,2,3,landweber,TRUE,
0|0|0|0|0|1|0|1|1|1|0|0|0|1|0|0|1,1,-0.716830807089494,-0.439744154035968,0.000887015908355885,adjoint,2,3,landweber,TRUE,
1|0|0|1|0|1|0|1|1|1|0|0|0|1|0|0|1,1,-0.792109684668437,0.333718973408575,0.000488185033856091,adjoint,2,3,landweber,TRUE,
0|0|0|0|0|1|0|1|1|0|0|1|0|1|0|0|1,1,-0.394547495774881,0.451863122529334,0.00129808450093651,adjoint,2,3,landweber,TRUE,
1|0|0|1|0|1|0|1|1|0|0|1|0|1|0|0|1,1,-0.42268130443532,1.22532624997388,0.000987925731959918,adjoint,2,3,landweber,TRUE,
0|0|0|0|0|1|0|1|1|1|0|1|0|1|0|0|1,1,-0.471277754067175,0.163417749413522,0.00722367489186694,adjoint,2,3,landweber,TRUE,
1|0|0|1|0|1|0|1|1|1|0|1|0|1|0|0|1,1,-0.515202977734318,0.936880876858065,0.00701956674934661,adjoint,2,3,landweber,TRUE,
0|0|0|0|0|1|0|0|0|0|0|0|0|1|0|1|1,1,0,1.233326812554,0.0127371334786173,adjoint,2,3,landweber,TRUE,
1|0|0|1|0|1|0|0|0|0|0|0|0|1|0|1|1,1,0,2.00678993999855,0.0127240740983383,adjoint,2,3,landweber,TRUE,
0|0|0|0|0|1|0|0|0|1|0|0|0|1|0|1|1,1,0,0.944881439438192,0.00198729867934651,adjoint,2,3,landweber,TRUE,
1|0|0|1|0|1|0|0|0|1|0|0|0|1|0|1|1,1,0,1.71834456688274,0.00250580383716602,adjoint,2,3,landweber,TRUE,
0|0|0|0|0|1|0|0|0|0|0|1|0|1|0|1|1,1,0,1.83648871600349,0.00137450918292826,adjoint,2,3,landweber,TRUE,
1|0|0|1|0|1|0|0|0|0|0|1|0|1|0|1|1,1,0,2.60995184344804,0.00242722576141681,adjoint,2,3,landweber,TRUE,
0|0|0|0|0|1|0|0|0|1|0|1|0|1|0|1|1,1,0,1.54804334288768,0.000296423068996605,adjoint,2,3,landweber,TRUE,
1|0|0|1|0|1|0|0|0|1|0|1|0|1|0|1|1,1,0,2.32150647033223,0.000659925620129969,adjoint,2,3,landweber,TRUE,
0|0|0|0|0|1|0|1|0|0|0|0|0|1|0|1|1,1,5.07325029698199,2.54039382100283,0.00162706254433225,adjoint,2,3,landweber,TRUE,
1|0|0|1|0|1|0|1|0|0|0|0|0|1|0|1|1,1,5.41629797513062,3.31385694844738,0.000876474896947328,adjoint,2,3,landweber,TRUE,
0|0|0|0|0|1|0|1|0|1|0|0|0|1|0|1|1,1,4.06243377876374,2.25194844788702,0.000280710687051601,adjoint,2,3,landweber,TRUE,
1|0|0|1|0|1|0|1|0|1|0|0|0|1|0|1|1,1,4.41041220692192,3.02541157533157,0.000193300927905388,adjoint,2,3,landweber,TRUE,
0|0|0|0|0|1|0|1|0|0|0|1|0|1|0|1|1,1,6.44516848176493,3.14355572445232,0.00642599418245614,adjoint,2,3,landweber,TRUE,
1|0|0|1|0|1|0|1|0|0|0|1|0|1|0|1|1,1,6.78152396060657,3.91701885189687,0.0061190443396265,adjoint,2,3,landweber,TRUE,
0|0|0|0|0|1|0|1|0|1|0|1|0|1|0|1|1,1,4.93720743510318,2.85511035133651,0.00153238515985756,adjoint,2,3,landweber,TRUE,
1|0|0|1|0|1|0|1|0|1|0|1|0|1|0|1|1,1,5.28091872858696,3.62857347878106,0.00186312499791628,adjoint,2,3,landweber,TRUE,
0|0|0|0|0|1|0|0|1|0|0|0|0|1|0|1|1,1,0,1.33625868912976,0.00181216384034378,adjoint,2,3,landweber,TRUE,
1|0|0|1|0|1|0|0|1|0|0|0|0|1|0|1|1,1,0,2.10972181657431,0.00167342899505029,adjoint,2,3,landweber,TRUE,
0|0|0|0|0|1|0|0|1|1|0|0|0|1|0|1|1,1,0,1.04781331601395,0.0103478241339385,adjoint,2,3,landweber,TRUE,
1|0|0|1|0|1|0|0|1|1|0|0|0|1|0|1|1,1,0,1.8212764434585,0.0120611385083462,adjoint,2,3,landweber,TRUE,
0|0|0|0|0|1|0|0|1|0|0|1|0|1|0|1|1,1,0,1.93942059257925,0.000195557017888255,adjoint,2,3,landweber,TRUE,
1|0|0|1|0|1|0|0|1|0|0|1|0|1|0|1|1,1,0,2.7128837200238,0.000319220867097777,adjoint,2,3,landweber,TRUE,
0|0|0|0|0|1|0|0|1|1|0|1|0|1|0|1|1,1,0,1.65097521946344,0.00154346894057606,adjoint,2,3,landweber,TRUE,
1|0|0|1|0|1|0|0|1|1|0|1|0|1|0|1|1,1,0,2.42443834690799,0.00317640758288393,adjoint,2,3,landweber,TRUE,
0|0|0|0|0|1|0|1|1|0|0|0|0|1|0|1|1,1,5.07325029698199,2.64332569757859,0.000180380752710804,adjoint,2,3,landweber,TRUE,
1|0|0|1|0|1|0|1|1|0|0|0|0|1|0|1|1,1,5.41629797513062,3.41678882502314,9.02293154296708e-05,adjoint,2,3,landweber,TRUE,
0|0|0|0|0|1|0|1|1|1|0|0|0|1|0|1|1,1,4.06243377876374,2.35488032446278,0.00113895097133532,adjoint,2,3,landweber,TRUE,
1|0|0|1|0|1|0|1|1|1|0|0|0|1|0|1|1,1,4.41041220692192,3.12834345190733,0.000728286490525357,adjoint,2,3,landweber,TRUE,
0|0|0|0|0|1|0|1|1|0|0|1|0|1|0|1|1,1,6.44516848176493,3.24648760102808,0.000712403878747265,adjoint,2,3,landweber,TRUE,
1|0|0|1|0|1|0|1|1|0|0|1|0|1|0|1|1,1,6.78152396060657,4.01995072847263,0.00062992925840919,adjoint,2,3,landweber,TRUE,
0|0|0|0|0|1|0|1|1|1|0|1|0|1|0|1|1,1,4.93720743510318,2.95804222791227,0.00621747459853129,adjoint,2,3,landweber,TRUE,
1|0|0|1|0|1|0|1|1|1|0|1|0|1|0|1|1,1,5.28091872858696,3.73150535535682,0.00701956674934661,adjoint,2,3,landweber,TRUE,
0|0|0|0|0|1|0|0|0|0|1|0|1|0|0|0|0,0,0,-0.517686695656258,0.0705287906750812,adjoint,2,3,pmmr,TRUE,
0|0|0|0|0|1|0|0|0|0|0|0|0|1|0|0|0,1,0,-0.640432175945492,0.0180748527816066,adjoint,2,3,pmmr,TRUE,
1|0|0|1|0|1|0|0|0|0|0|0|0|1|0|0|0,1,0,-0.0456460448196934,0.0189820879945186,adjoint,2,3,pmmr,TRUE,
0|0|0|0|0|1|0|0|0|1|0|0|0|1|0|0|0,1,0,-0.316468746650309,0.00179818220588617,adjoint,2,3,pmmr,TRUE,
1|0|0|1|0|1|0|0|0|1|0|0|0|1|0|0|0,1,0,0.156337449280155,0.00238359434193912,adjoint,2,3,pmmr,TRUE,
0|0|0|0|0|1|0|0|0|0|0|1|0|1|0|0|0,1,0,0.0115584033001201,0.00215565950065452,adjoint,2,3,pmmr,TRUE,
1|0|0|1|0|1|0|0|0|0|0|1|0|1|0|0|0,1,0,0.491605319183195,0.00400181874163921,adjoint,2,3,pmmr,TRUE,
0|0|0|0|0|1|0|0|0|1|0|1|0|1|0|0|0,1,0,0.330182363566192,0.000296423068996605,adjoint,2,3,pmmr,TRUE,
1|0|0|1|0|1|0|0|0|1|0|1|0|1|0|0|0,1,0,0.731111811006807,0.000693760730200661,adjoint,2,3,pmmr,TRUE,
0|0|0|0|0|1|0|1|0|0|1|0|1|0|0|0|0,0,0,0.468084883349389,0.0721653351064229,adjoint,2,3,pmmr,TRUE,
0|0|0|0|0|1|0|1|0|0|0|0|0|1|0|0|0,1,-0.638327563181795,0.344857035178074,0.00230891165619347,adjoint,2,3,pmmr,TRUE,
1|0|0|1|0|1|0|1|0|0|0|0|0|1|0|0|0,1,-0.679671681671697,1.09875555042665,0.00130754689812861,adjoint,2,3,pmmr,TRUE,
0|0|0|0|0|1|0|1|0|1|0|0|0|1|0|0|0,1,-0.790786620321217,0.516477250473802,0.000253997533286871,adjoint,2,3,pmmr,TRUE,
1|0|0|1|0|1|0|1|0|1|0|0|0|1|0|0|0,1,-0.853479694592254,1.1305157819141,0.000183873530406896,adjoint,2,3,pmmr,TRUE,
0|0|0|0|0|1|0|1|0|0|0|1|0|1|0|0|0,1,-0.436414949846251,0.964972267821779,0.0100779649802349,adjoint,2,3,pmmr,TRUE,
1|0|0|1|0|1|0|1|0|0|0|1|0|1|0|0|0,1,-0.459632707523292,1.58912208458737,0.0100885985590994,adjoint,2,3,pmmr,TRUE,
0|0|0|0|0|1|0|1|0|1|0|1|0|1|0|0|0,1,-0.517728138299926,1.12865906503178,0.00153238515985756,adjoint,2,3,pmmr,TRUE,
1|0|0|1|0|1|0|1|0|1|0|1|0|1|0|0|0,1,-0.552385132542596,1.65553631211258,0.00195864945924502,adjoint,2,3,pmmr,TRUE,
0|0|0|0|0|1|0|0|1|0|1|0|1|0|0|0|0,0,0,-0.51745194716668,0.0714379973170373,adjoint,2,3,pmmr,TRUE,
0|0|0|0|0|1|0|0|1|0|0|0|0|1|0|0|0,1,0,-0.622051224556456,0.00257158289856599,adjoint,2,3,pmmr,TRUE,
1|0|0|1|0|1|0|0|1|0|0|0|0|1|0|0|0,1,0,-0.0177078157596171,0.00249646270456503,adjoint,2,3,pmmr,TRUE,
0|0|0|0|0|1|0|0|1|1|0|0|0|1|0|0|0,1,0,-0.279254462391277,0.00936309847164306,adjoint,2,3,pmmr,TRUE,
1|0|0|1|0|1|0|0|1|1|0|0|0|1|0|0|0,1,0,0.19806091742862,0.0114729098421175,adjoint,2,3,pmmr,TRUE,
0|0|0|0|0|1|0|0|1|0|0|1|0|1|0|0|0,1,0,0.0494043984374034,0.000306694454112269,adjoint,2,3,pmmr,TRUE,
1|0|0|1|0|1|0|0|1|0|0|1|0|1|0|0|0,1,0,0.553164091154205,0.000526306233635443,adjoint,2,3,pmmr,TRUE,
0|0|0|0|0|1|0|0|1|1|0|1|0|1|0|0|0,1,0,0.391617487500032,0.00154346894057606,adjoint,2,3,pmmr,TRUE,
1|0|0|1|0|1|0|0|1|1|0|1|0|1|0|0|0,1,0,0.811765930793009,0.0033392654821955,adjoint,2,3,pmmr,TRUE,
0|0|0|0|0|1|0|1|1|0|1|0|1|0|0|0|0,0,0,0.478686522591814,0.0701196450238517,adjoint,2,3,pmmr,TRUE,
0|0|0|0|0|1|0|1|1|0|0|0|0|1|0|0|0,1,-0.638327563181795,0.352604190323769,0.000255972472562728,adjoint,2,3,pmmr,TRUE,
1|0|0|1|0|1|0|1|1|0|0|0|0|1|0|0|0,1,-0.679671681671697,1.13235643077429,0.000134606321209248,adjoint,2,3,pmmr,TRUE,
0|0|0|0|0|1|0|1|1|1|0|0|0|1|0|0|0,1,-0.790786620321217,0.542706891889005,0.0010305654561726,adjoint,2,3,pmmr,TRUE,
1|0|0|1|0|1|0|1|1|1|0|0|0|1|0|0|0,1,-0.853479694592254,1.17567462588798,0.00069276753925408,adjoint,2,3,pmmr,TRUE,
0|0|0|0|0|1|0|1|1|0|0|1|0|1|0|0|0,1,-0.436414949846251,0.979353970535568,0.0011172716840298,adjoint,2,3,pmmr,TRUE,
1|0|0|1|0|1|0|1|1|0|0|1|0|1|0|0|0,1,-0.459632707523292,1.63960872262592,0.00103857776737559,adjoint,2,3,pmmr,TRUE,
0|0|0|0|0|1|0|1|1|1|0|1|0|1|0|0|0,1,-0.517728138299926,1.16738785079431,0.00621747459853129,adjoint,2,3,pmmr,TRUE,
1|0|0|1|0|1|0|1|1|1|0|1|0|1|0|0|0,1,-0.552385132542596,1.72431935188498,0.0073794676326703,adjoint,2,3,pmmr,TRUE,
1|0|0|1|0|1|0|0|0|0|1|0|1|0|0|0|0,0,0,0.565696738686109,0.0677168438749167,adjoint,2,3,pmmr,TRUE,
1|0|0|1|0|1|0|1|0|0|1|0|1|0|0|0|0,0,2.56831218549017,1.72506703071202,0.0547623847574702,adjoint,2,3,pmmr,TRUE,
1|0|0|1|0|1|0|0|1|0|1|0|1|0|0|0|0,0,0,0.554006024528402,0.077092739759399,adjoint,2,3,pmmr,TRUE,
1|0|0|1|0|1|0|1|1|0|1|0|1|0|0|0|0,0,2.56831218549017,1.74762569555668,0.0594000062445497,adjoint,2,3,pmmr,TRUE,
0|0|0|0|0|1|0|0|0|0|0|0|0|1|0|1|0,1,0,0.174262499581377,0.0147984378296584,adjoint,2,3,pmmr,TRUE,
1|0|0|1|0|1|0|0|0|0|0|0|0|1|0|1|0,1,0,0.56955201461785,0.0180563206388479,adjoint,2,3,pmmr,TRUE,
0|0|0|0|0|1|0|0|0|1|0|0|0|1|0|1|0,1,0,0.567839862199129,0.00230891165619347,adjoint,2,3,pmmr,TRUE,
1|0|0|1|0|1|0|0|0|1|0|0|0|1|0|1|0,1,0,0.838982419640411,0.00355590490846276,adjoint,2,3,pmmr,TRUE,
0|0|0|0|0|1|0|0|0|0|0|1|0|1|0|1|0,1,0,0.752972812455001,0.00118305101741584,adjoint,2,3,pmmr,TRUE,
1|0|0|1|0|1|0|0|0|0|0|1|0|1|0|1|0,1,0,1.08711761440339,0.00255167228735678,adjoint,2,3,pmmr,TRUE,
0|0|0|0|0|1|0|0|0|1|0|1|0|1|0|1|0,1,0,1.14416130264533,0.000255133699881773,adjoint,2,3,pmmr,TRUE,
1|0|0|1|0|1|0|0|0|1|0|1|0|1|0|1|0,1,0,1.39718761985433,0.000693760730200661,adjoint,2,3,pmmr,TRUE,
0|0|0|0|0|1|0|1|0|0|0|0|0|1|0|1|0,1,5.07325029698199,0.966196720666013,0.00189037697906581,adjoint,2,3,pmmr,TRUE,
1|0|0|1|0|1|0|1|0|0|0|0|0|1|0|1|0,1,5.41629797513063,1.50919685597727,0.00124377708341457,adjoint,2,3,pmmr,TRUE,
0|0|0|0|0|1|0|1|0|1|0|0|0|1|0|1|0,1,4.06243377876373,1.21845443033255,0.000326139288516333,adjoint,2,3,pmmr,TRUE,
1|0|0|1|0|1|0|1|0|1|0|0|0|1|0|1|0,1,4.41041220692192,1.62338302609404,0.000274307073903501,adjoint,2,3,pmmr,TRUE,
0|0|0|0|0|1|0|1|0|0|0|1|0|1|0|1|0,1,6.44516848176493,1.51611573940632,0.00553090444930101,adjoint,2,3,pmmr,TRUE,
1|0|0|1|0|1|0|1|0|0|0|1|0|1|0|1|0,1,6.78152396060656,1.98178971969217,0.00643277445169266,adjoint,2,3,pmmr,TRUE,
0|0|0|0|0|1|0|1|0|1|0|1|0|1|0|1|0,1,4.93720743510318,1.76355276678905,0.00131893613004479,adjoint,2,3,pmmr,TRUE,
1|0|0|1|0|1|0|1|0|1|0|1|0|1|0|1|0,1,5.28091872858696,2.13345014282549,0.00195864945924502,adjoint,2,3,pmmr,TRUE,
0|0|0|0|0|1|0|0|1|0|0|0|0|1|0|1|0,1,0,0.255429882355813,0.00210543400314539,adjoint,2,3,pmmr,TRUE,
1|0|0|1|0|1|0|0|1|0|0|0|0|1|0|1|0,1,0,0.64828568058387,0.00237470878175089,adjoint,2,3,pmmr,TRUE,
0|0|0|0|0|1|0|0|1|1|0|0|0|1|0|1|0,1,0,0.675444674411158,0.0120224564165398,adjoint,2,3,pmmr,TRUE,
1|0|0|1|0|1|0|0|1|1|0|0|0|1|0|1|0,1,0,0.938121181612218,0.0171155702562825,adjoint,2,3,pmmr,TRUE,
0|0|0|0|0|1|0|0|1|0|0|1|0|1|0|1|0,1,0,0.852275812938541,0.000168317485142319,adjoint,2,3,pmmr,TRUE,
1|0|0|1|0|1|0|0|1|0|0|1|0|1|0|1|0,1,0,1.19965794129156,0.000335587670939985,adjoint,2,3,pmmr,TRUE,
0|0|0|0|0|1|0|0|1|1|0|1|0|1|0|1|0,1,0,1.27421812849859,0.00132847602851815,adjoint,2,3,pmmr,TRUE,
1|0|0|1|0|1|0|0|1|1|0|1|0|1|0|1|0,1,0,1.53546022621044,0.0033392654821955,adjoint,2,3,pmmr,TRUE,
0|0|0|0|0|1|0|1|1|0|0|0|0|1|0|1|0,1,5.07325029698199,1.03270617782444,0.000209572535228515,adjoint,2,3,pmmr,TRUE,
1|0|0|1|0|1|0|1|1|0|0|0|0|1|0|1|0,1,5.41629797513063,1.58827285253116,0.000128041493458031,adjoint,2,3,pmmr,TRUE,
0|0|0|0|0|1|0|1|1|1|0|0|0|1|0|1|0,1,4.06243377876373,1.31025053762594,0.00132327223928601,adjoint,2,3,pmmr,TRUE,
1|0|0|1|0|1|0|1|1|1|0|0|0|1|0|1|0,1,4.41041220692192,1.72022815614629,0.0010334877247834,adjoint,2,3,pmmr,TRUE,
0|0|0|0|0|1|0|1|1|0|0|1|0|1|0|1|0,1,6.44516848176493,1.5895476778823,0.00061317170087392,adjoint,2,3,pmmr,TRUE,
1|0|0|1|0|1|0|1|1|0|0|1|0|1|0|1|0,1,6.78152396060656,2.07979414749406,0.000662226422127165,adjoint,2,3,pmmr,TRUE,
0|0|0|0|0|1|0|1|1|1|0|1|0|1|0|1|0,1,4.93720743510318,1.86753076978365,0.00535142998017606,adjoint,2,3,pmmr,TRUE,
1|0|0|1|0|1|0|1|1|1|0|1|0|1|0|1|0,1,5.28091872858696,2.25572609950854,0.0073794676326703,adjoint,2,3,pmmr,TRUE,
0|0|0|0|0|1|0|0|0|0|0|0|0|1|0|0|1,1,0,-0.600547532103008,0.0155571699618374,adjoint,2,3,pmmr,TRUE,
1|0|0|1|0|1|0|0|0|0|0|0|0|1|0|0|1,1,0,-0.06210786195688,0.0133764513277299,adjoint,2,3,pmmr,TRUE,
0|0|0|0|0|1|0|0|0|1|0|0|0|1|0|0|1,1,0,-0.467734444169875,0.00154770976767183,adjoint,2,3,pmmr,TRUE,
1|0|0|1|0|1|0|0|0|1|0|0|0|1|0|0|1,1,0,-0.0137176071177803,0.00167969054348541,adjoint,2,3,pmmr,TRUE,
0|0|0|0|0|1|0|0|0|0|0|1|0|1|0|0|1,1,0,0.106790561736657,0.00250451902352297,adjoint,2,3,pmmr,TRUE,
1|0|0|1|0|1|0|0|0|0|0|1|0|1|0|0|1,1,0,0.526710872615492,0.00380664773856564,adjoint,2,3,pmmr,TRUE,
0|0|0|0|0|1|0|0|0|1|0|1|0|1|0|0|1,1,0,0.236088309963494,0.000344394471894864,adjoint,2,3,pmmr,TRUE,
1|0|0|1|0|1|0|0|0|1|0|1|0|1|0|0|1,1,0,0.607718337850808,0.000659925620129969,adjoint,2,3,pmmr,TRUE,
0|0|0|0|0|1|0|1|0|0|0|0|0|1|0|0|1,1,-0.573429866020089,0.330912256715695,0.00198729867934651,adjoint,2,3,pmmr,TRUE,
1|0|0|1|0|1|0|1|0|0|0|0|0|1|0|0|1,1,-0.620565229297335,0.99388628626953,0.00092141272585988,adjoint,2,3,pmmr,TRUE,
0|0|0|0|0|1|0|1|0|1|0|0|0|1|0|0|1,1,-0.716830807089494,0.334145907624064,0.000218617702892299,adjoint,2,3,pmmr,TRUE,
1|0|0|1|0|1|0|1|0|1|0|0|0|1|0|0|1,1,-0.792109684668437,0.896960139906708,0.000129573486892272,adjoint,2,3,pmmr,TRUE,
0|0|0|0|0|1|0|1|0|0|0|1|0|1|0|0|1,1,-0.394547495774881,1.01178687762627,0.0117089248110534,adjoint,2,3,pmmr,TRUE,
1|0|0|1|0|1|0|1|0|0|0|1|0|1|0|0|1,1,-0.42268130443532,1.54353903902039,0.00959657180139088,adjoint,2,3,pmmr,TRUE,
0|0|0|0|0|1|0|1|0|1|0|1|0|1|0|0|1,1,-0.471277754067175,1.0074093399973,0.00178037755177117,adjoint,2,3,pmmr,TRUE,
1|0|0|1|0|1|0|1|0|1|0|1|0|1|0|0|1,1,-0.515202977734318,1.47515395745862,0.00186312499791628,adjoint,2,3,pmmr,TRUE,
0|0|0|0|0|1|0|0|1|0|0|0|0|1|0|0|1,1,0,-0.670550957440968,0.00221338191283401,adjoint,2,3,pmmr,TRUE,
1|0|0|1|0|1|0|0|1|0|0|0|0|1|0|0|1,1,0,-0.112052365041343,0.00175922753433395,adjoint,2,3,pmmr,TRUE,
0|0|0|0|0|1|0|0|1|1|0|0|0|1|0|0|1,1,0,-0.523662354001648,0.00805889353859645,adjoint,2,3,pmmr,TRUE,
1|0|0|1|0|1|0|0|1|1|0|0|0|1|0|0|1,1,0,-0.0533611894038228,0.00808482292015682,adjoint,2,3,pmmr,TRUE,
0|0|0|0|0|1|0|0|1|0|0|1|0|1|0|0|1,1,0,0.0537296857615066,0.000356328118842492,adjoint,2,3,pmmr,TRUE,
1|0|0|1|0|1|0|0|1|0|0|1|0|1|0|0|1,1,0,0.505532440518517,0.000500637975732181,adjoint,2,3,pmmr,TRUE,
0|0|0|0|0|1|0|0|1|1|0|1|0|1|0|0|1,1,0,0.203027723985362,0.00179325506774882,adjoint,2,3,pmmr,TRUE,
1|0|0|1|0|1|0|0|1|1|0|1|0|1|0|0|1,1,0,0.602985135904429,0.00317640758288393,adjoint,2,3,pmmr,TRUE,
0|0|0|0|0|1|0|1|1|0|0|0|0|1|0|0|1,1,-0.573429866020089,0.252174211117928,0.000220317548879984,adjoint,2,3,pmmr,TRUE,
1|0|0|1|0|1|0|1|1|0|0|0|0|1|0|0|1,1,-0.620565229297335,0.948963165489046,9.48554713570082e-05,adjoint,2,3,pmmr,TRUE,
0|0|0|0|0|1|0|1|1|1|0|0|0|1|0|0|1,1,-0.716830807089494,0.270267886394306,0.000887015908355885,adjoint,2,3,pmmr,TRUE,
1|0|0|1|0|1|0|1|1|1|0|0|0|1|0|0|1,1,-0.792109684668437,0.861363139561109,0.000488185033856091,adjoint,2,3,pmmr,TRUE,
0|0|0|0|0|1|0|1|1|0|0|1|0|1|0|0|1,1,-0.394547495774881,0.937880990949441,0.00129808450093651,adjoint,2,3,pmmr,TRUE,
1|0|0|1|0|1|0|1|1|0|0|1|0|1|0|0|1,1,-0.42268130443532,1.51207586208143,0.000987925731959918,adjoint,2,3,pmmr,TRUE,
0|0|0|0|0|1|0|1|1|1|0|1|0|1|0|0|1,1,-0.471277754067175,0.955230887680602,0.00722367489186694,adjoint,2,3,pmmr,TRUE,
1|0|0|1|0|1|0|1|1|1|0|1|0|1|0|0|1,1,-0.515202977734318,1.46038229477423,0.00701956674934661,adjoint,2,3,pmmr,TRUE,
0|0|0|0|0|1|0|0|0|0|0|0|0|1|0|1|1,1,0,0.104744605923365,0.0127371334786173,adjoint,2,3,pmmr,TRUE,
1|0|0|1|0|1|0|0|0|0|0|0|0|1|0|1|1,1,0,0.468331750174485,0.0127240740983383,adjoint,2,3,pmmr,TRUE,
0|0|0|0|0|1|0|0|0|1|0|0|0|1|0|1|1,1,0,0.316710295696354,0.00198729867934651,adjoint,2,3,pmmr,TRUE,
1|0|0|1|0|1|0|0|0|1|0|0|0|1|0|1|1,1,0,0.591309518451688,0.00250580383716602,adjoint,2,3,pmmr,TRUE,
0|0|0|0|0|1|0|0|0|0|0|1|0|1|0|1|1,1,0,0.729308736473871,0.00137450918292826,adjoint,2,3,pmmr,TRUE,
1|0|0|1|0|1|0|0|0|0|0|1|0|1|0|1|1,1,0,1.0230288886282,0.00242722576141681,adjoint,2,3,pmmr,TRUE,
0|0|0|0|0|1|0|0|0|1|0|1|0|1|0|1|1,1,0,0.94014561561913,0.000296423068996605,adjoint,2,3,pmmr,TRUE,
1|0|0|1|0|1|0|0|0|1|0|1|0|1|0|1|1,1,0,1.18123461593394,0.000659925620129969,adjoint,2,3,pmmr,TRUE,
0|0|0|0|0|1|0|1|0|0|0|0|0|1|0|1|1,1,5.07325029698199,0.858781290190518,0.00162706254433225,adjoint,2,3,pmmr,TRUE,
1|0|0|1|0|1|0|1|0|0|0|0|0|1|0|1|1,1,5.41629797513062,1.3387232907814,0.000876474896947328,adjoint,2,3,pmmr,TRUE,
0|0|0|0|0|1|0|1|0|1|0|0|0|1|0|1|1,1,4.06243377876374,0.950481228605529,0.000280710687051601,adjoint,2,3,pmmr,TRUE,
1|0|0|1|0|1|0|1|0|1|0|0|0|1|0|1|1,1,4.41041220692192,1.3291441218718,0.000193300927905388,adjoint,2,3,pmmr,TRUE,
0|0|0|0|0|1|0|1|0|0|0|1|0|1|0|1|1,1,6.44516848176493,1.45940996274448,0.00642599418245614,adjoint,2,3,pmmr,TRUE,
1|0|0|1|0|1|0|1|0|0|0|1|0|1|0|1|1,1,6.78152396060657,1.8557558496248,0.0061190443396265,adjoint,2,3,pmmr,TRUE,
0|0|0|0|0|1|0|1|0|1|0|1|0|1|0|1|1,1,4.93720743510318,1.54627594484357,0.00153238515985756,adjoint,2,3,pmmr,TRUE,
1|0|0|1|0|1|0|1|0|1|0|1|0|1|0|1|1,1,5.28091872858696,1.87729183504752,0.00186312499791628,adjoint,2,3,pmmr,TRUE,
0|0|0|0|0|1|0|0|1|0|0|0|0|1|0|1|1,1,0,0.100091662338341,0.00181216384034378,adjoint,2,3,pmmr,TRUE,
1|0|0|1|0|1|0|0|1|0|0|0|0|1|0|1|1,1,0,0.471863659673516,0.00167342899505029,adjoint,2,3,pmmr,TRUE,
0|0|0|0|0|1|0|0|1|1|0|0|0|1|0|1|1,1,0,0.332929220703366,0.0103478241339385,adjoint,2,3,pmmr,TRUE,
1|0|0|1|0|1|0|0|1|1|0|0|0|1|0|1|1,1,0,0.611020708268336,0.0120611385083462,adjoint,2,3,pmmr,TRUE,
0|0|0|0|0|1|0|0|1|0|0|1|0|1|0|1|1,1,0,0.740424196269653,0.000195557017888255,adjoint,2,3,pmmr,TRUE,
1|0|0|1|0|1|0|0|1|0|0|1|0|1|0|1|1,1,0,1.05549361465764,0.000319220867097777,adjoint,2,3,pmmr,TRUE,
0|0|0|0|0|1|0|0|1|1|0|1|0|1|0|1|1,1,0,0.977432602227696,0.00154346894057606,adjoint,2,3,pmmr,TRUE,
1|0|0|1|0|1|0|0|1|1|0|1|0|1|0|1|1,1,0,1.23582347392577,0.00317640758288393,adjoint,2,3,pmmr,TRUE,
0|0|0|0|0|1|0|1|1|0|0|0|0|1|0|1|1,1,5.07325029698199,0.841893043570961,0.000180380752710804,adjoint,2,3,pmmr,TRUE,
1|0|0|1|0|1|0|1|1|0|0|0|0|1|0|1|1,1,5.41629797513062,1.34269348620736,9.02293154296708e-05,adjoint,2,3,pmmr,TRUE,
0|0|0|0|0|1|0|1|1|1|0|0|0|1|0|1|1,1,4.06243377876374,0.954417749913484,0.00113895097133532,adjoint,2,3,pmmr,TRUE,
1|0|0|1|0|1|0|1|1|1|0|0|0|1|0|1|1,1,4.41041220692192,1.34784284253872,0.000728286490525357,adjoint,2,3,pmmr,TRUE,
0|0|0|0|0|1|0|1|1|0|0|1|0|1|0|1|1,1,6.44516848176493,1.44771564110662,0.000712403878747265,adjoint,2,3,pmmr,TRUE,
1|0|0|1|0|1|0|1|1|0|0|1|0|1|0|1|1,1,6.78152396060657,1.87507338054687,0.00062992925840919,adjoint,2,3,pmmr,TRUE,
0|0|0|0|0|1|0|1|1|1|0|1|0|1|0|1|1,1,4.93720743510318,1.56150762860905,0.00621747459853129,adjoint,2,3,pmmr,TRUE,
1|0|0|1|0|1|0|1|1|1|0|1|0|1|0|1|1,1,5.28091872858696,1.91828729570076,0.00701956674934661,adjoint,2,3,pmmr,TRUE,
