cell,current_R,true,estimate,probability,kind,horizon,fold,candidate,unique_solution,applied_estimate
0|0|0|0|0|1|0|0|0,1,1.77880078307141,1.93783308659978,0.0593704603742612,beta,1,1,ensemble,TRUE,1.93783308659978
1|0|0|1|0|1|0|0|0,1,1.60653065971263,1.66367401103052,0.0534432186448384,beta,1,1,ensemble,TRUE,1.66367401103052
0|0|0|0|0|1|0|1|0,1,2.22140275816017,2.59685887879894,0.0413271029550734,beta,1,1,ensemble,TRUE,2.59685887879894
1|0|0|1|0|1|0|1|0,1,1.95122942450071,2.13698052738133,0.0448024451455078,beta,1,1,ensemble,TRUE,2.13698052738133
0|0|0|0|0|1|0|0|1,1,2.49182469764127,2.35865000208254,0.0512744483069173,beta,1,1,ensemble,TRUE,2.35865000208254
1|0|0|1|0|1|0|0|1,1,2.16183424272828,1.95169066437599,0.057599396321198,beta,1,1,ensemble,TRUE,1.95169066437599
0|0|0|0|0|1|0|1|1,1,3.33964685192599,3.33637510987139,0.0523470621912787,beta,1,1,ensemble,TRUE,3.33637510987139
1|0|0|1|0|1|0|1|1,1,2.82211880039051,2.65080366526582,0.0716488739170812,beta,1,1,ensemble,TRUE,2.65080366526582
0|0|0|0|0|1|0|0|0,1,1.77880078307141,1.91574945566739,0.0593704603742612,beta,1,1,sieve_md,TRUE,1.91574945566739
1|0|0|1|0|1|0|0|0,1,1.60653065971263,1.64648541124536,0.0534432186448384,beta,1,1,sieve_md,TRUE,1.64648541124536
0|0|0|0|0|1|0|1|0,1,2.22140275816017,2.60526930719345,0.0413271029550734,beta,1,1,sieve_md,TRUE,2.60526930719345
1|0|0|1|0|1|0|1|0,1,1.95122942450071,2.13240131275175,0.0448024451455078,beta,1,1,sieve_md,TRUE,2.13240131275175
0|0|0|0|0|1|0|0|1,1,2.49182469764127,2.34722915931341,0.0512744483069173,beta,1,1,sieve_md,TRUE,2.34722915931341
1|0|0|1|0|1|0|0|1,1,2.16183424272828,1.9504008277217,0.057599396321198,beta,1,1,sieve_md,TRUE,1.9504008277217
0|0|0|0|0|1|0|1|1,1,3.33964685192599,3.36731667338708,0.0523470621912787,beta,1,1,sieve_md,TRUE,3.36731667338708
1|0|0|1|0|1|0|1|1,1,2.82211880039051,2.66693658752674,0.0716488739170812,beta,1,1,sieve_md,TRUE,2.66693658752674
0|0|0|0|0|1|0|0|0,1,1.77880078307141,1.91569377214271,0.0593704603742612,beta,1,1,landweber,TRUE,1.91569377214271
1|0|0|1|0|1|0|0|0,1,1.60653065971263,1.64555263391459,0.0534432186448384,beta,1,1,landweber,TRUE,1.64555263391459
0|0|0|0|0|1|0|1|0,1,2.22140275816017,2.6063780229089,0.0413271029550734,beta,1,1,landweber,TRUE,2.6063780229089
1|0|0|1|0|1|0|1|0,1,1.95122942450071,2.13247637507108,0.0448024451455078,beta,1,1,landweber,TRUE,2.13247637507108
0|0|0|0|0|1|0|0|1,1,2.49182469764127,2.34827254916719,0.0512744483069173,beta,1,1,landweber,TRUE,2.34827254916719
1|0|0|1|0|1|0|0|1,1,2.16183424272828,1.95051525065299,0.057599396321198,beta,1,1,landweber,TRUE,1.95051525065299
0|0|0|0|0|1|0|1|1,1,3.33964685192599,3.36523984083182,0.0523470621912787,beta,1,1,landweber,TRUE,3.36523984083182
1|0|0|1|0|1|0|1|1,1,2.82211880039051,2.66746444667392,0.0716488739170812,beta,1,1,landweber,TRUE,2.66746444667392
0|0|0|0|0|1|0|0|0,1,1.77880078307141,1.98226936312197,0.0593704603742612,beta,1,1,pmmr,TRUE,1.98226936312197
1|0|0|1|0|1|0|0|0,1,1.60653065971263,1.69915487442999,0.0534432186448384,beta,1,1,pmmr,TRUE,1.69915487442999
0|0|0|0|0|1|0|1|0,1,2.22140275816017,2.57884213992145,0.0413271029550734,beta,1,1,pmmr,TRUE,2.57884213992145
1|0|0|1|0|1|0|1|0,1,1.95122942450071,2.14610765871247,0.0448024451455078,beta,1,1,pmmr,TRUE,2.14610765871247
0|0|0|0|0|1|0|0|1,1,2.49182469764127,2.38055278780994,0.0512744483069173,beta,1,1,pmmr,TRUE,2.38055278780994
1|0|0|1|0|1|0|0|1,1,2.16183424272828,1.9541677341422,0.057599396321198,beta,1,1,pmmr,TRUE,1.9541677341422
0|0|0|0|0|1|0|1|1,1,3.33964685192599,3.27628164632757,0.0523470621912787,beta,1,1,pmmr,TRUE,3.27628164632757
1|0|0|1|0|1|0|1|1,1,2.82211880039051,2.61785146298063,0.0716488739170812,beta,1,1,pmmr,TRUE,2.61785146298063
0|0|0|0|0|1|0|0|0,1,-0.74434947143154,-0.476564531454771,0.0712514690855105,adjoint,1,1,ensemble,FALSE,
1|0|0|1|0|1|0|0|0,1,-0.628093108597141,-0.377074078289186,0.078387549004066,adjoint,1,1,ensemble,FALSE,
0|0|0|0|0|1|0|1|0,1,0.793354796477599,0.159460840037182,0.0827823966282418,adjoint,1,1,ensemble,FALSE,
1|0|0|1|0|1|0|1|0,1,1.18572764084861,0.666138727484974,0.0745645431271592,adjoint,1,1,ensemble,FALSE,
0|0|0|0|0|1|0|2|0,1,1.88136902142138,1.36920206517994,0.0644709953186023,adjoint,1,1,ensemble,FALSE,
1|0|0|1|0|1|0|2|0,1,1.86123032878786,1.53118086802595,0.0580709245767931,adjoint,1,1,ensemble,FALSE,
0|0|0|0|0|1|0|3|0,1,1.79477239908956,2.45273181918783,0.0502100616395203,adjoint,1,1,ensemble,FALSE,
1|0|0|1|0|1|0|3|0,1,1.6432692710379,2.495916046498,0.0452256815340869,adjoint,1,1,ensemble,FALSE,
0|0|0|0|0|1|0|0|1,1,-0.894709038599695,-0.495984779152501,0.0613267077739023,adjoint,1,1,ensemble,FALSE,
1|0|0|1|0|1|0|0|1,1,-0.736930796240368,-0.386566649264045,0.0745645431271591,adjoint,1,1,ensemble,FALSE,
0|0|0|0|0|1|0|1|1,1,0.899069475234414,0.109289232693129,0.0712514690855104,adjoint,1,1,ensemble,FALSE,
1|0|0|1|0|1|0|1|1,1,1.30573619283756,0.695004399635541,0.0709279874470063,adjoint,1,1,ensemble,FALSE,
0|0|0|0|0|1|0|2|1,1,1.92231793979997,1.42222015664737,0.0554906999187836,adjoint,1,1,ensemble,FALSE,
1|0|0|1|0|1|0|2|1,1,1.90478656689232,1.51143682008562,0.0552387721654073,adjoint,1,1,ensemble,FALSE,
0|0|0|0|0|1|0|3|1,1,1.76911298801725,2.66503568844698,0.0432162005499289,adjoint,1,1,ensemble,FALSE,
1|0|0|1|0|1|0|3|1,1,1.64749381544094,2.45139184383919,0.043019999018322,adjoint,1,1,ensemble,FALSE,
0|0|0|0|0|1|0|0|0,1,-0.74434947143154,-0.556733381699491,0.0712514690855105,adjoint,1,1,sieve_md,FALSE,
1|0|0|1|0|1|0|0|0,1,-0.628093108597141,-0.617804065103555,0.078387549004066,adjoint,1,1,sieve_md,FALSE,
0|0|0|0|0|1|0|1|0,1,0.793354796477599,0.252746759559833,0.0827823966282418,adjoint,1,1,sieve_md,FALSE,
1|0|0|1|0|1|0|1|0,1,1.18572764084861,1.10918811772024,0.0745645431271592,adjoint,1,1,sieve_md,FALSE,
0|0|0|0|0|1|0|2|0,1,1.88136902142138,1.68640855782453,0.0644709953186023,adjoint,1,1,sieve_md,FALSE,
1|0|0|1|0|1|0|2|0,1,1.86123032878786,1.76868119255229,0.0580709245767931,adjoint,1,1,sieve_md,FALSE,
0|0|0|0|0|1|0|3|0,1,1.79477239908956,1.93267888152251,0.0502100616395203,adjoint,1,1,sieve_md,FALSE,
1|0|0|1|0|1|0|3|0,1,1.6432692710379,1.76960763671651,0.0452256815340869,adjoint,1,1,sieve_md,FALSE,
0|0|0|0|0|1|0|0|1,1,-0.894709038599695,-0.605799581671172,0.0613267077739023,adjoint,1,1,sieve_md,FALSE,
1|0|0|1|0|1|0|0|1,1,-0.736930796240368,-0.628147937399124,0.0745645431271591,adjoint,1,1,sieve_md,FALSE,
0|0|0|0|0|1|0|1|1,1,0.899069475234414,0.149919325815187,0.0712514690855104,adjoint,1,1,sieve_md,FALSE,
1|0|0|1|0|1|0|1|1,1,1.30573619283756,1.19997400697198,0.0709279874470063,adjoint,1,1,sieve_md,FALSE,
0|0|0|0|0|1|0|2|1,1,1.92231793979997,1.83792596412739,0.0554906999187836,adjoint,1,1,sieve_md,FALSE,
1|0|0|1|0|1|0|2|1,1,1.90478656689232,1.7648706590316,0.0552387721654073,adjoint,1,1,sieve_md,FALSE,
0|0|0|0|0|1|0|3|1,1,1.76911298801725,2.46391570168686,0.0432162005499289,adjoint,1,1,sieve_md,FALSE,
1|0|0|1|0|1|0|3|1,1,1.64749381544094,1.72281648494314,0.043019999018322,adjoint,1,1,sieve_md,FALSE,
0|0|0|0|0|1|0|0|0,1,-0.74434947143154,-0.251959675734132,0.0712514690855105,adjoint,1,1,landweber,FALSE,
1|0|0|1|0|1|0|0|0,1,-0.628093108597141,-0.028240907255411,0.078387549004066,adjoint,1,1,landweber,FALSE,
0|0|0|0|0|1|0|1|0,1,0.793354796477599,-0.136603457740207,0.0827823966282418,adjoint,1,1,landweber,FALSE,
1|0|0|1|0|1|0|1|0,1,1.18572764084861,0.0871153107385144,0.0745645431271592,adjoint,1,1,landweber,FALSE,
0|0|0|0|0|1|0|2|0,1,1.88136902142138,0.885593826159457,0.0644709953186023,adjoint,1,1,landweber,FALSE,
1|0|0|1|0|1|0|2|0,1,1.86123032878786,1.10931259463818,0.0580709245767931,adjoint,1,1,landweber,FALSE,
0|0|0|0|0|1|0|3|0,1,1.79477239908956,3.34775106216839,0.0502100616395203,adjoint,1,1,landweber,FALSE,
1|0|0|1|0|1|0|3|0,1,1.6432692710379,3.57146983064711,0.0452256815340869,adjoint,1,1,landweber,FALSE,
0|0|0|0|0|1|0|0|1,1,-0.894709038599695,-0.300647777506983,0.0613267077739023,adjoint,1,1,landweber,FALSE,
1|0|0|1|0|1|0|0|1,1,-0.736930796240368,-0.0769290090282624,0.0745645431271591,adjoint,1,1,landweber,FALSE,
0|0|0|0|0|1|0|1|1,1,0.899069475234414,-0.185291559513058,0.0712514690855104,adjoint,1,1,landweber,FALSE,
1|0|0|1|0|1|0|1|1,1,1.30573619283756,0.0384272089656629,0.0709279874470063,adjoint,1,1,landweber,FALSE,
0|0|0|0|0|1|0|2|1,1,1.92231793979997,0.836905724386605,0.0554906999187836,adjoint,1,1,landweber,FALSE,
1|0|0|1|0|1|0|2|1,1,1.90478656689232,1.06062449286533,0.0552387721654073,adjoint,1,1,landweber,FALSE,
0|0|0|0|0|1|0|3|1,1,1.76911298801725,3.29906296039554,0.0432162005499289,adjoint,1,1,landweber,FALSE,
1|0|0|1|0|1|0|3|1,1,1.64749381544094,3.52278172887426,0.043019999018322,adjoint,1,1,landweber,FALSE,
0|0|0|0|0|1|0|0|0,1,-0.74434947143154,-0.626604444624921,0.0712514690855105,adjoint,1,1,pmmr,FALSE,
1|0|0|1|0|1|0|0|0,1,-0.628093108597141,-0.398728670855975,0.078387549004066,adjoint,1,1,pmmr,FALSE,
0|0|0|0|0|1|0|1|0,1,0.793354796477599,0.379769333083329,0.0827823966282418,adjoint,1,1,pmmr,FALSE,
1|0|0|1|0|1|0|1|0,1,1.18572764084861,0.623032128762135,0.0745645431271592,adjoint,1,1,pmmr,FALSE,
0|0|0|0|0|1|0|2|0,1,1.88136902142138,1.42928998409045,0.0644709953186023,adjoint,1,1,pmmr,FALSE,
1|0|0|1|0|1|0|2|0,1,1.86123032878786,1.6549096502365,0.0580709245767931,adjoint,1,1,pmmr,FALSE,
0|0|0|0|0|1|0|3|0,1,1.79477239908956,2.21966339699926,0.0502100616395203,adjoint,1,1,pmmr,FALSE,
1|0|0|1|0|1|0|3|0,1,1.6432692710379,2.40017290347016,0.0452256815340869,adjoint,1,1,pmmr,FALSE,
0|0|0|0|0|1|0|0|1,1,-0.894709038599695,-0.553555893834906,0.0613267077739023,adjoint,1,1,pmmr,FALSE,
1|0|0|1|0|1|0|0|1,1,-0.736930796240368,-0.355045417125627,0.0745645431271591,adjoint,1,1,pmmr,FALSE,
0|0|0|0|0|1|0|1|1,1,0.899069475234414,0.423410064472433,0.0712514690855104,adjoint,1,1,pmmr,FALSE,
1|0|0|1|0|1|0|1|1,1,1.30573619283756,0.641434283693335,0.0709279874470063,adjoint,1,1,pmmr,FALSE,
0|0|0|0|0|1|0|2|1,1,1.92231793979997,1.43713036629559,0.0554906999187836,adjoint,1,1,pmmr,FALSE,
1|0|0|1|0|1|0|2|1,1,1.90478656689232,1.64431145690067,0.0552387721654073,adjoint,1,1,pmmr,FALSE,
0|0|0|0|0|1|0|3|1,1,1.76911298801725,2.19568968785752,0.0432162005499289,adjoint,1,1,pmmr,FALSE,
1|0|0|1|0|1|0|3|1,1,1.64749381544094,2.36525625598299,0.043019999018322,adjoint,1,1,pmmr,FALSE,
0|0|0|0|0|1|0|0|0|0|1|0|1|0|0|0|0,0,1.83053730451109,1.82122648258734,0.016408626962947,beta,2,1,ensemble,FALSE,1.82122648258734
0|0|0|0|0|1|0|0|0|0|0|0|0|1|0|0|0,1,1.77880078307141,1.88358600916592,0.00350261383896762,beta,2,1,ensemble,TRUE,1.88358600916592
1|0|0|1|0|1|0|0|0|0|0|0|0|1|0|0|0,1,1.70468808971871,1.8585977887021,0.00348157433012709,beta,2,1,ensemble,TRUE,1.8585977887021
0|0|0|0|0|1|0|0|0|1|0|0|0|1|0|0|0,1,1.77880078307141,1.81711257385724,0.000349141419095855,beta,2,1,ensemble,TRUE,1.81711257385724
1|0|0|1|0|1|0|0|0|1|0|0|0|1|0|0|0,1,1.70468808971871,1.78938810772847,0.000435548231941948,beta,2,1,ensemble,TRUE,1.78938810772847
0|0|0|0|0|1|0|0|0|0|0|1|0|1|0|0|0,1,1.67032004603564,1.82006340305365,0.000399286329847866,beta,2,1,ensemble,TRUE,1.82006340305365
1|0|0|1|0|1|0|0|0|0|0|1|0|1|0|0|0,1,1.60653065971263,1.7894937935141,0.000684706357326217,beta,2,1,ensemble,TRUE,1.7894937935141
0|0|0|0|0|1|0|0|0|1|0|1|0|1|0|0|0,1,1.67032004603564,1.75861945411952,5.21382105666385e-05,beta,2,1,ensemble,TRUE,1.75861945411952
1|0|0|1|0|1|0|0|0|1|0|1|0|1|0|0|0,1,1.60653065971263,1.72532497613242,0.000112321789717737,beta,2,1,ensemble,TRUE,1.72532497613242
0|0|0|0|0|1|0|1|0|0|1|0|1|0|0|0|0,0,1.83053730451109,1.8277089360624,0.0216080489337248,beta,2,1,ensemble,FALSE,1.8277089360624
0|0|0|0|0|1|0|1|0|0|0|0|0|1|0|0|0,1,1.77880078307141,1.89176414269231,0.00223802678194148,beta,2,1,ensemble,TRUE,1.89176414269231
1|0|0|1|0|1|0|1|0|0|0|0|0|1|0|0|0,1,1.70468808971871,1.86800074232953,0.00148232240893693,beta,2,1,ensemble,TRUE,1.86800074232953
0|0|0|0|0|1|0|1|0|1|0|0|0|1|0|0|0,1,1.77880078307141,1.82399457174547,0.000277292389583944,beta,2,1,ensemble,TRUE,1.82399457174547
1|0|0|1|0|1|0|1|0|1|0|0|0|1|0|0|0,1,1.70468808971871,1.79703214450683,0.000227441003058666,beta,2,1,ensemble,TRUE,1.79703214450683
0|0|0|0|0|1|0|1|0|0|0|1|0|1|0|0|0,1,1.67032004603564,1.8271542927782,0.0015434321030384,beta,2,1,ensemble,TRUE,1.8271542927782
1|0|0|1|0|1|0|1|0|0|0|1|0|1|0|0|0,1,1.60653065971263,1.79715480310771,0.00176360544130717,beta,2,1,ensemble,TRUE,1.79715480310771
0|0|0|0|0|1|0|1|0|1|0|1|0|1|0|0|0,1,1.67032004603564,1.76461666845075,0.000250508673141046,beta,2,1,ensemble,TRUE,1.76461666845075
1|0|0|1|0|1|0|1|0|1|0|1|0|1|0|0|0,1,1.60653065971263,1.73152532788277,0.000354835112911803,beta,2,1,ensemble,TRUE,1.73152532788277
0|0|0|0|0|1|0|2|0|0|1|0|1|0|0|0|0,0,1.83053730451109,1.83508570667427,0.018757598435739,beta,2,1,ensemble,FALSE,1.83508570667427
0|0|0|0|0|1|0|2|0|0|0|0|0|1|0|0|0,1,1.77880078307141,1.89771014888389,0.000458017349910382,beta,2,1,ensemble,TRUE,1.89771014888389
1|0|0|1|0|1|0|2|0|0|0|0|0|1|0|0|0,1,1.70468808971871,1.87404306522732,0.000253994915871286,beta,2,1,ensemble,TRUE,1.87404306522732
0|0|0|0|0|1|0|2|0|1|0|0|0|1|0|0|0,1,1.77880078307141,1.8288212475314,7.16402953230343e-05,beta,2,1,ensemble,TRUE,1.8288212475314
1|0|0|1|0|1|0|2|0|1|0|0|0|1|0|0|0,1,1.70468808971871,1.80189602310184,5.0496613326997e-05,beta,2,1,ensemble,TRUE,1.80189602310184
0|0|0|0|0|1|0|2|0|0|0|1|0|1|0|0|0,1,1.67032004603564,1.83220061170894,0.0019108836606411,beta,2,1,ensemble,TRUE,1.83220061170894
1|0|0|1|0|1|0|2|0|0|0|1|0|1|0|0|0,1,1.60653065971263,1.80215961132181,0.00182815850413023,beta,2,1,ensemble,TRUE,1.80215961132181
0|0|0|0|0|1|0|2|0|1|0|1|0|1|0|0|0,1,1.67032004603564,1.76881685938205,0.000391536497242719,beta,2,1,ensemble,TRUE,1.76881685938205
1|0|0|1|0|1|0|2|0|1|0|1|0|1|0|0|0,1,1.60653065971263,1.73568195554018,0.000476595729633283,beta,2,1,ensemble,TRUE,1.73568195554018
0|0|0|0|0|1|0|3|0|0|1|0|1|0|0|0|0,0,1.83053730451109,1.84329540051814,0.0152011614595537,beta,2,1,ensemble,FALSE,1.84329540051814
0|0|0|0|0|1|0|3|0|0|0|0|0|1|0|0|0,1,1.77880078307141,1.9015409399911,6.05453034286365e-05,beta,2,1,ensemble,TRUE,1.9015409399911
1|0|0|1|0|1|0|3|0|0|0|0|0|1|0|0|0,1,1.70468808971871,1.8767141540552,3.14440869817413e-05,beta,2,1,ensemble,TRUE,1.8767141540552
0|0|0|0|0|1|0|3|0|1|0|0|0|1|0|0|0,1,1.77880078307141,1.83171506653805,1.29777317427742e-05,beta,2,1,ensemble,TRUE,1.83171506653805
1|0|0|1|0|1|0|3|0|1|0|0|0|1|0|0|0,1,1.70468808971871,1.8040369397832,8.67417768775642e-06,beta,2,1,ensemble,TRUE,1.8040369397832
0|0|0|0|0|1|0|3|0|0|0|1|0|1|0|0|0,1,1.67032004603564,1.83530440446687,0.00152813894795864,beta,2,1,ensemble,TRUE,1.83530440446687
1|0|0|1|0|1|0|3|0|0|0|1|0|1|0|0|0,1,1.60653065971263,1.8045512596504,0.00136917159247401,beta,2,1,ensemble,TRUE,1.8045512596504
0|0|0|0|0|1|0|3|0|1|0|1|0|1|0|0|0,1,1.67032004603564,1.77134033924626,0.000429085406358523,beta,2,1,ensemble,TRUE,1.77134033924626
1|0|0|1|0|1|0|3|0|1|0|1|0|1|0|0|0,1,1.60653065971263,1.73786485358261,0.000495274851319532,beta,2,1,ensemble,TRUE,1.73786485358261
0|0|0|0|0|1|0|0|1|0|1|0|1|0|0|0|0,0,1.83053730451109,1.81649766203345,0.016620155226473,beta,2,1,ensemble,FALSE,1.81649766203345
0|0|0|0|0|1|0|0|1|0|0|0|0|1|0|0|0,1,1.77880078307141,1.87759720703932,0.000498331132065192,beta,2,1,ensemble,TRUE,1.87759720703932
1|0|0|1|0|1|0|0|1|0|0|0|0|1|0|0|0,1,1.70468808971871,1.85016388718082,0.000457885374403654,beta,2,1,ensemble,TRUE,1.85016388718082
0|0|0|0|0|1|0|0|1|1|0|0|0|1|0|0|0,1,1.77880078307141,1.81446250507111,0.00181797232606506,beta,2,1,ensemble,TRUE,1.81446250507111
1|0|0|1|0|1|0|0|1|1|0|0|0|1|0|0|0,1,1.70468808971871,1.78494611315738,0.00209641611789465,beta,2,1,ensemble,TRUE,1.78494611315738
0|0|0|0|0|1|0|0|1|0|0|1|0|1|0|0|0,1,1.67032004603564,1.81328656642099,5.68080918762915e-05,beta,2,1,ensemble,TRUE,1.81328656642099
1|0|0|1|0|1|0|0|1|0|0|1|0|1|0|0|0,1,1.60653065971263,1.780422764703,9.00503614321606e-05,beta,2,1,ensemble,TRUE,1.780422764703
0|0|0|0|0|1|0|0|1|1|0|1|0|1|0|0|0,1,1.67032004603564,1.75480456249337,0.000271482610645742,beta,2,1,ensemble,TRUE,1.75480456249337
1|0|0|1|0|1|0|0|1|1|0|1|0|1|0|0|0,1,1.60653065971263,1.71960322167096,0.00054063635915855,beta,2,1,ensemble,TRUE,1.71960322167096
0|0|0|0|0|1|0|1|1|0|1|0|1|0|0|0|0,0,1.83053730451109,1.82268941709951,0.0215090340674342,beta,2,1,ensemble,FALSE,1.82268941709951
0|0|0|0|0|1|0|1|1|0|0|0|0|1|0|0|0,1,1.77880078307141,1.88514287459071,0.000248113975040352,beta,2,1,ensemble,TRUE,1.88514287459071
1|0|0|1|0|1|0|1|1|0|0|0|0|1|0|0|0,1,1.70468808971871,1.85854435011992,0.000152598707242242,beta,2,1,ensemble,TRUE,1.85854435011992
0|0|0|0|0|1|0|1|1|1|0|0|0|1|0|0|0,1,1.77880078307141,1.82078056087515,0.00112508162684404,beta,2,1,ensemble,TRUE,1.82078056087515
1|0|0|1|0|1|0|1|1|1|0|0|0|1|0|0|0,1,1.70468808971871,1.79167886994755,0.000856913682278011,beta,2,1,ensemble,TRUE,1.79167886994755
0|0|0|0|0|1|0|1|1|0|0|1|0|1|0|0|0,1,1.67032004603564,1.8198712246551,0.000171109245599619,beta,2,1,ensemble,TRUE,1.8198712246551
1|0|0|1|0|1|0|1|1|0|0|1|0|1|0|0|0,1,1.60653065971263,1.78727777191102,0.000181555583863745,beta,2,1,ensemble,TRUE,1.78727777191102
0|0|0|0|0|1|0|1|1|1|0|1|0|1|0|0|0,1,1.67032004603564,1.76032473790908,0.00101640981181977,beta,2,1,ensemble,TRUE,1.76032473790908
1|0|0|1|0|1|0|1|1|1|0|1|0|1|0|0|0,1,1.60653065971263,1.72504886390412,0.0013368876285177,beta,2,1,ensemble,TRUE,1.72504886390412
0|0|0|0|0|1|0|2|1|0|1|0|1|0|0|0|0,0,1.83053730451109,1.83014205449445,0.0181122003680411,beta,2,1,ensemble,FALSE,1.83014205449445
0|0|0|0|0|1|0|2|1|0|0|0|0|1|0|0|0,1,1.77880078307141,1.89102903272317,3.98591765541312e-05,beta,2,1,ensemble,TRUE,1.89102903272317
1|0|0|1|0|1|0|2|1|0|0|0|0|1|0|0|0,1,1.70468808971871,1.86423518292073,2.07223272479901e-05,beta,2,1,ensemble,TRUE,1.86423518292073
0|0|0|0|0|1|0|2|1|1|0|0|0|1|0|0|0,1,1.77880078307141,1.82541596346715,0.000228172812251331,beta,2,1,ensemble,TRUE,1.82541596346715
1|0|0|1|0|1|0|2|1|1|0|0|0|1|0|0|0,1,1.70468808971871,1.7960975158651,0.000150777275408335,beta,2,1,ensemble,TRUE,1.7960975158651
0|0|0|0|0|1|0|2|1|0|0|1|0|1|0|0|0,1,1.67032004603564,1.824962742664,0.000166295554565348,beta,2,1,ensemble,TRUE,1.824962742664
1|0|0|1|0|1|0|2|1|0|0|1|0|1|0|0|0,1,1.60653065971263,1.79211471065363,0.000149151405861133,beta,2,1,ensemble,TRUE,1.79211471065363
0|0|0|0|0|1|0|2|1|1|0|1|0|1|0|0|0,1,1.67032004603564,1.76442926804761,0.00124703539079608,beta,2,1,ensemble,TRUE,1.76442926804761
1|0|0|1|0|1|0|2|1|1|0|1|0|1|0|0|0,1,1.60653065971263,1.72893381238293,0.00142306188179427,beta,2,1,ensemble,TRUE,1.72893381238293
0|0|0|0|0|1|0|3|1|0|1|0|1|0|0|0|0,0,1.83053730451109,1.83880364248633,0.0144288683972106,beta,2,1,ensemble,FALSE,1.83880364248633
0|0|0|0|0|1|0|3|1|0|0|0|0|1|0|0|0,1,1.77880078307141,1.89536347119108,4.19557219562683e-06,beta,2,1,ensemble,TRUE,1.89536347119108
1|0|0|1|0|1|0|3|1|0|0|0|0|1|0|0|0,1,1.70468808971871,1.86729016053193,2.07139846973198e-06,beta,2,1,ensemble,TRUE,1.86729016053193
0|0|0|0|0|1|0|3|1|1|0|0|0|1|0|0|0,1,1.77880078307141,1.82850881847238,3.2913166460118e-05,beta,2,1,ensemble,TRUE,1.82850881847238
1|0|0|1|0|1|0|3|1|1|0|0|0|1|0|0|0,1,1.70468808971871,1.79828681877219,2.09128446456882e-05,beta,2,1,ensemble,TRUE,1.79828681877219
0|0|0|0|0|1|0|3|1|0|0|1|0|1|0|0|0,1,1.67032004603564,1.8286623113733,0.0001058945437224,beta,2,1,ensemble,TRUE,1.8286623113733
1|0|0|1|0|1|0|3|1|0|0|1|0|1|0|0|0,1,1.60653065971263,1.7949991105642,9.01950164143109e-05,beta,2,1,ensemble,TRUE,1.7949991105642
0|0|0|0|0|1|0|3|1|1|0|1|0|1|0|0|0,1,1.67032004603564,1.76725839008188,0.00108821477319784,beta,2,1,ensemble,TRUE,1.76725839008188
1|0|0|1|0|1|0|3|1|1|0|1|0|1|0|0|0,1,1.60653065971263,1.73134661170763,0.00119407353589049,beta,2,1,ensemble,TRUE,1.73134661170763
0|0|0|0|0|1|0|0|0|0|1|0|1|0|0|1|0,0,1.83053730451109,2.55107849775907,0.00217191177357548,beta,2,1,ensemble,FALSE,2.55107849775907
0|0|0|0|0|1|0|0|0|0|0|0|0|1|0|1|0,1,2.22140275816017,2.64276654245289,0.00243812969989423,beta,2,1,ensemble,TRUE,2.64276654245289
1|0|0|1|0|1|0|0|0|0|0|0|0|1|0|1|0,1,2.10517091807565,2.5527749231451,0.00239311113130031,beta,2,1,ensemble,TRUE,2.5527749231451
0|0|0|0|0|1|0|0|0|1|0|0|0|1|0|1|0,1,2.22140275816017,2.48991718182109,0.000284870795156022,beta,2,1,ensemble,TRUE,2.48991718182109
1|0|0|1|0|1|0|0|0|1|0|0|0|1|0|1|0,1,2.10517091807565,2.40462365919737,0.000355398130512882,beta,2,1,ensemble,TRUE,2.40462365919737
0|0|0|0|0|1|0|0|0|0|0|1|0|1|0|1|0,1,2.05127109637602,2.50165991163993,0.000341577967159091,beta,2,1,ensemble,TRUE,2.50165991163993
1|0|0|1|0|1|0|0|0|0|0|1|0|1|0|1|0,1,1.95122942450071,2.41262646152507,0.000574002086565029,beta,2,1,ensemble,TRUE,2.41262646152507
0|0|0|0|0|1|0|0|0|1|0|1|0|1|0|1|0,1,2.05127109637602,2.36303631077514,5.20153711259976e-05,beta,2,1,ensemble,TRUE,2.36303631077514
1|0|0|1|0|1|0|0|0|1|0|1|0|1|0|1|0,1,1.95122942450071,2.27758444666726,0.000110684793440412,beta,2,1,ensemble,TRUE,2.27758444666726
0|0|0|0|0|1|0|1|0|0|1|0|1|0|0|1|0,0,1.83053730451109,2.56821224656151,0.00286012815021807,beta,2,1,ensemble,FALSE,2.56821224656151
0|0|0|0|0|1|0|1|0|0|0|0|0|1|0|1|0,1,2.22140275816017,2.66337983014738,0.00155786501654962,beta,2,1,ensemble,TRUE,2.66337983014738
1|0|0|1|0|1|0|1|0|0|0|0|0|1|0|1|0,1,2.10517091807565,2.5741332956363,0.00101889602824403,beta,2,1,ensemble,TRUE,2.5741332956363
0|0|0|0|0|1|0|1|0|1|0|0|0|1|0|1|0,1,2.22140275816017,2.50773223974637,0.000226247873185749,beta,2,1,ensemble,TRUE,2.50773223974637
1|0|0|1|0|1|0|1|0|1|0|0|0|1|0|1|0,1,2.10517091807565,2.42254126091484,0.000185587040334486,beta,2,1,ensemble,TRUE,2.42254126091484
0|0|0|0|0|1|0|1|0|0|0|1|0|1|0|1|0,1,2.05127109637602,2.52049374369822,0.00132036175745063,beta,2,1,ensemble,TRUE,2.52049374369822
1|0|0|1|0|1|0|1|0|0|0|1|0|1|0|1|0,1,1.95122942450071,2.43146506575618,0.00147846327459386,beta,2,1,ensemble,TRUE,2.43146506575618
0|0|0|0|0|1|0|1|0|1|0|1|0|1|0|1|0,1,2.05127109637602,2.37940221316592,0.00024991846597916,beta,2,1,ensemble,TRUE,2.37940221316592
1|0|0|1|0|1|0|1|0|1|0|1|0|1|0|1|0,1,1.95122942450071,2.29343137350957,0.000349663687488823,beta,2,1,ensemble,TRUE,2.29343137350957
0|0|0|0|0|1|0|2|0|0|1|0|1|0|0|1|0,0,1.83053730451109,2.58318169642149,0.00248283107286056,beta,2,1,ensemble,FALSE,2.58318169642149
0|0|0|0|0|1|0|2|0|0|0|0|0|1|0|1|0,1,2.22140275816017,2.67577876210367,0.00031882067370935,beta,2,1,ensemble,TRUE,2.67577876210367
1|0|0|1|0|1|0|2|0|0|0|0|0|1|0|1|0,1,2.10517091807565,2.58588234947693,0.000174587127210084,beta,2,1,ensemble,TRUE,2.58588234947693
0|0|0|0|0|1|0|2|0|1|0|0|0|1|0|1|0,1,2.22140275816017,2.5178823076336,5.84526119723482e-05,beta,2,1,ensemble,TRUE,2.5178823076336
1|0|0|1|0|1|0|2|0|1|0|0|0|1|0|1|0,1,2.10517091807565,2.43198241363369,4.12041667432106e-05,beta,2,1,ensemble,TRUE,2.43198241363369
0|0|0|0|0|1|0|2|0|0|0|1|0|1|0|1|0,1,2.05127109637602,2.53158217627272,0.00163470599288486,beta,2,1,ensemble,TRUE,2.53158217627272
1|0|0|1|0|1|0|2|0|0|0|1|0|1|0|1|0,1,1.95122942450071,2.44187639889205,0.00153257930894659,beta,2,1,ensemble,TRUE,2.44187639889205
0|0|0|0|0|1|0|2|0|1|0|1|0|1|0|1|0,1,2.05127109637602,2.38861890626467,0.000390614023613703,beta,2,1,ensemble,TRUE,2.38861890626467
1|0|0|1|0|1|0|2|0|1|0|1|0|1|0|1|0,1,1.95122942450071,2.30199820923648,0.000469649744912425,beta,2,1,ensemble,TRUE,2.30199820923648
0|0|0|0|0|1|0|3|0|0|1|0|1|0|0|1|0,0,1.83053730451109,2.59602810281055,0.00201208678950288,beta,2,1,ensemble,FALSE,2.59602810281055
0|0|0|0|0|1|0|3|0|0|0|0|0|1|0|1|0,1,2.22140275816017,2.68044473809425,4.21448978577599e-05,beta,2,1,ensemble,TRUE,2.68044473809425
1|0|0|1|0|1|0|3|0|0|0|0|0|1|0|1|0,1,2.10517091807565,2.58833485113466,2.16135539369149e-05,beta,2,1,ensemble,TRUE,2.58833485113466
0|0|0|0|0|1|0|3|0|1|0|0|0|1|0|1|0,1,2.22140275816017,2.520818609664,1.05887659231592e-05,beta,2,1,ensemble,TRUE,2.520818609664
1|0|0|1|0|1|0|3|0|1|0|0|0|1|0|1|0,1,2.10517091807565,2.43332844444416,7.07794523747733e-06,beta,2,1,ensemble,TRUE,2.43332844444416
0|0|0|0|0|1|0|3|0|0|0|1|0|1|0|1|0,1,2.05127109637602,2.53525848864062,0.00130727890328534,beta,2,1,ensemble,TRUE,2.53525848864062
1|0|0|1|0|1|0|3|0|0|0|1|0|1|0|1|0,1,1.95122942450071,2.44404360515551,0.0011478020359189,beta,2,1,ensemble,TRUE,2.44404360515551
0|0|0|0|0|1|0|3|0|1|0|1|0|1|0|1|0,1,2.05127109637602,2.39107974292273,0.000428074466191389,beta,2,1,ensemble,TRUE,2.39107974292273
1|0|0|1|0|1|0|3|0|1|0|1|0|1|0|1|0,1,1.95122942450071,2.30355789798369,0.000488056634000342,beta,2,1,ensemble,TRUE,2.30355789798369
0|0|0|0|0|1|0|0|1|0|1|0|1|0|0|1|0,0,1.83053730451109,2.55004130597979,0.0021999105041843,beta,2,1,ensemble,FALSE,2.55004130597979
0|0|0|0|0|1|0|0|1|0|0|0|0|1|0|1|0,1,2.22140275816017,2.63776931522175,0.000346882639459957,beta,2,1,ensemble,TRUE,2.63776931522175
1|0|0|1|0|1|0|0|1|0|0|0|0|1|0|1|0,1,2.10517091807565,2.54506202460319,0.000314734221487954,beta,2,1,ensemble,TRUE,2.54506202460319
0|0|0|0|0|1|0|0|1|1|0|0|0|1|0|1|0,1,2.22140275816017,2.48999161940368,0.00148331648373009,beta,2,1,ensemble,TRUE,2.48999161940368
1|0|0|1|0|1|0|0|1|1|0|0|0|1|0|1|0,1,2.10517091807565,2.40269028246516,0.00171063114125128,beta,2,1,ensemble,TRUE,2.40269028246516
0|0|0|0|0|1|0|0|1|0|0|1|0|1|0|1|0,1,2.05127109637602,2.4953379722885,4.85976881519683e-05,beta,2,1,ensemble,TRUE,2.4953379722885
1|0|0|1|0|1|0|0|1|0|0|1|0|1|0|1|0,1,1.95122942450071,2.40352222322216,7.54908944614469e-05,beta,2,1,ensemble,TRUE,2.40352222322216
0|0|0|0|0|1|0|0|1|1|0|1|0|1|0|1|0,1,2.05127109637602,2.36129488890782,0.000270842988156343,beta,2,1,ensemble,TRUE,2.36129488890782
1|0|0|1|0|1|0|0|1|1|0|1|0|1|0|1|0,1,1.95122942450071,2.27354158786075,0.000532757035747186,beta,2,1,ensemble,TRUE,2.27354158786075
0|0|0|0|0|1|0|1|1|0|1|0|1|0|0|1|0,0,1.83053730451109,2.56671042385822,0.00284702214480146,beta,2,1,ensemble,FALSE,2.56671042385822
0|0|0|0|0|1|0|1|1|0|0|0|0|1|0|1|0,1,2.22140275816017,2.65738041293439,0.000172709319187467,beta,2,1,ensemble,TRUE,2.65738041293439
1|0|0|1|0|1|0|1|1|0|0|0|0|1|0|1|0,1,2.10517091807565,2.56482946725071,0.000104890957450883,beta,2,1,ensemble,TRUE,2.56482946725071
0|0|0|0|0|1|0|1|1|1|0|0|0|1|0|1|0,1,2.22140275816017,2.50694826749347,0.000917974437076171,beta,2,1,ensemble,TRUE,2.50694826749347
1|0|0|1|0|1|0|1|1|1|0|0|0|1|0|1|0,1,2.10517091807565,2.41930474167942,0.000699223411686598,beta,2,1,ensemble,TRUE,2.41930474167942
0|0|0|0|0|1|0|1|1|0|0|1|0|1|0|1|0,1,2.05127109637602,2.51330947223441,0.000146379036558333,beta,2,1,ensemble,TRUE,2.51330947223441
1|0|0|1|0|1|0|1|1|0|0|1|0|1|0|1|0,1,1.95122942450071,2.42106154403978,0.000152201425983944,beta,2,1,ensemble,TRUE,2.42106154403978
0|0|0|0|0|1|0|1|1|1|0|1|0|1|0|1|0,1,2.05127109637602,2.37689679056638,0.00101401511489042,beta,2,1,ensemble,TRUE,2.37689679056638
1|0|0|1|0|1|0|1|1|1|0|1|0|1|0|1|0,1,1.95122942450071,2.28827273537179,0.00131740360786075,beta,2,1,ensemble,TRUE,2.28827273537179
0|0|0|0|0|1|0|2|1|0|1|0|1|0|0|1|0,0,1.83053730451109,2.58184908584202,0.00239740359224069,beta,2,1,ensemble,FALSE,2.58184908584202
0|0|0|0|0|1|0|2|1|0|0|0|0|1|0|1|0,1,2.22140275816017,2.66982578516883,2.77455199567758e-05,beta,2,1,ensemble,TRUE,2.66982578516883
1|0|0|1|0|1|0|2|1|0|0|0|0|1|0|1|0,1,2.10517091807565,2.57619775939437,1.4243795278041e-05,beta,2,1,ensemble,TRUE,2.57619775939437
0|0|0|0|0|1|0|2|1|1|0|0|0|1|0|1|0,1,2.22140275816017,2.5169243096692,0.000186170322121469,beta,2,1,ensemble,TRUE,2.5169243096692
1|0|0|1|0|1|0|2|1|1|0|0|0|1|0|1|0,1,2.10517091807565,2.42820586078715,0.000123031062633473,beta,2,1,ensemble,TRUE,2.42820586078715
0|0|0|0|0|1|0|2|1|0|0|1|0|1|0|1|0,1,2.05127109637602,2.52450419967234,0.000142261062375133,beta,2,1,ensemble,TRUE,2.52450419967234
1|0|0|1|0|1|0|2|1|0|0|1|0|1|0|1|0,1,1.95122942450071,2.43126353087025,0.000125036400293869,beta,2,1,ensemble,TRUE,2.43126353087025
0|0|0|0|0|1|0|2|1|1|0|1|0|1|0|1|0,1,2.05127109637602,2.38605849987049,0.00124409733196744,beta,2,1,ensemble,TRUE,2.38605849987049
1|0|0|1|0|1|0|2|1|1|0|1|0|1|0|1|0,1,1.95122942450071,2.29648927690591,0.00140232194336598,beta,2,1,ensemble,TRUE,2.29648927690591
0|0|0|0|0|1|0|3|1|0|1|0|1|0|0|1|0,0,1.83053730451109,2.5954993245191,0.00190986297769089,beta,2,1,ensemble,FALSE,2.5954993245191
0|0|0|0|0|1|0|3|1|0|0|0|0|1|0|1|0,1,2.22140275816017,2.67551532116665,2.92049013922223e-06,beta,2,1,ensemble,TRUE,2.67551532116665
1|0|0|1|0|1|0|3|1|0|0|0|0|1|0|1|0,1,2.10517091807565,2.5795117324759,1.42380609035944e-06,beta,2,1,ensemble,TRUE,2.5795117324759
0|0|0|0|0|1|0|3|1|1|0|0|0|1|0|1|0,1,2.22140275816017,2.52035920089881,2.68544474754002e-05,beta,2,1,ensemble,TRUE,2.52035920089881
1|0|0|1|0|1|0|3|1|1|0|0|0|1|0|1|0,1,2.10517091807565,2.42982733887007,1.7064438208475e-05,beta,2,1,ensemble,TRUE,2.42982733887007
0|0|0|0|0|1|0|3|1|0|0|1|0|1|0|1|0,1,2.05127109637602,2.52924922408835,9.05897354204905e-05,beta,2,1,ensemble,TRUE,2.52924922408835
1|0|0|1|0|1|0|3|1|0|0|1|0|1|0|1|0,1,1.95122942450071,2.43441063032636,7.56121614260338e-05,beta,2,1,ensemble,TRUE,2.43441063032636
0|0|0|0|0|1|0|3|1|1|0|1|0|1|0|1|0,1,2.05127109637602,2.3891440871923,0.00108565090127772,beta,2,1,ensemble,TRUE,2.3891440871923
1|0|0|1|0|1|0|3|1|1|0|1|0|1|0|1|0,1,1.95122942450071,2.2985047996934,0.00117667091135951,beta,2,1,ensemble,TRUE,2.2985047996934
1|0|0|1|0|1|0|0|0|0|1|0|1|0|0|0|1,0,2.45567738147273,2.357849372224,0.0119086953768889,beta,2,1,ensemble,FALSE,2.357849372224
0|0|0|0|0|1|0|0|0|0|0|0|0|1|0|0|1,1,2.49182469764127,2.43716241427982,0.00302498230758369,beta,2,1,ensemble,TRUE,2.43716241427982
1|0|0|1|0|1|0|0|0|0|0|0|0|1|0|0|1,1,2.349858807576,2.37349720001132,0.00369902966371158,beta,2,1,ensemble,TRUE,2.37349720001132
0|0|0|0|0|1|0|0|0|1|0|0|0|1|0|0|1,1,2.49182469764127,2.30724689221673,0.000370120280505743,beta,2,1,ensemble,TRUE,2.30724689221673
1|0|0|1|0|1|0|0|0|1|0|0|0|1|0|0|1,1,2.349858807576,2.24455454456221,0.000568978215856641,beta,2,1,ensemble,TRUE,2.24455454456221
0|0|0|0|0|1|0|0|0|0|0|1|0|1|0|0|1,1,2.28402541668774,2.31226898953574,0.000350882670742753,beta,2,1,ensemble,TRUE,2.31226898953574
1|0|0|1|0|1|0|0|0|0|0|1|0|1|0|0|1,1,2.16183424272828,2.24532238610989,0.000737954671131801,beta,2,1,ensemble,TRUE,2.24532238610989
0|0|0|0|0|1|0|0|0|1|0|1|0|1|0|0|1,1,2.28402541668774,2.19500848596717,5.66729020607878e-05,beta,2,1,ensemble,TRUE,2.19500848596717
1|0|0|1|0|1|0|0|0|1|0|1|0|1|0|0|1,1,2.16183424272828,2.12865919167258,0.000149912039557223,beta,2,1,ensemble,TRUE,2.12865919167258
1|0|0|1|0|1|0|1|0|0|1|0|1|0|0|0|1,0,2.45567738147273,2.37677127481317,0.0132221042607414,beta,2,1,ensemble,FALSE,2.37677127481317
0|0|0|0|0|1|0|1|0|0|0|0|0|1|0|0|1,1,2.49182469764127,2.45503221613311,0.00193283979636957,beta,2,1,ensemble,TRUE,2.45503221613311
1|0|0|1|0|1|0|1|0|0|0|0|0|1|0|0|1,1,2.349858807576,2.39268503380271,0.00157490664909686,beta,2,1,ensemble,TRUE,2.39268503380271
0|0|0|0|0|1|0|1|0|1|0|0|0|1|0|0|1,1,2.49182469764127,2.32270285830753,0.000293954058159854,beta,2,1,ensemble,TRUE,2.32270285830753
1|0|0|1|0|1|0|1|0|1|0|0|0|1|0|0|1,1,2.349858807576,2.26055412340719,0.00029711744106038,beta,2,1,ensemble,TRUE,2.26055412340719
0|0|0|0|0|1|0|1|0|0|0|1|0|1|0|0|1,1,2.28402541668774,2.32809212715377,0.00135632887464633,beta,2,1,ensemble,TRUE,2.32809212715377
1|0|0|1|0|1|0|1|0|0|0|1|0|1|0|0|1,1,2.16183424272828,2.26142063581172,0.00190075768907463,beta,2,1,ensemble,TRUE,2.26142063581172
0|0|0|0|0|1|0|1|0|1|0|1|0|1|0|0|1,1,2.28402541668774,2.20873759746319,0.000272296523873887,beta,2,1,ensemble,TRUE,2.20873759746319
1|0|0|1|0|1|0|1|0|1|0|1|0|1|0|0|1,1,2.16183424272828,2.14214312081318,0.000473586252647876,beta,2,1,ensemble,TRUE,2.14214312081318
1|0|0|1|0|1|0|2|0|0|1|0|1|0|0|0|1,0,2.45567738147273,2.38887025791011,0.0113447292461033,beta,2,1,ensemble,FALSE,2.38887025791011
0|0|0|0|0|1|0|2|0|0|0|0|0|1|0|0|1,1,2.49182469764127,2.46569391238494,0.000395560128447857,beta,2,1,ensemble,TRUE,2.46569391238494
1|0|0|1|0|1|0|2|0|0|0|0|0|1|0|0|1,1,2.349858807576,2.40276731064146,0.000269859161158716,beta,2,1,ensemble,TRUE,2.40276731064146
0|0|0|0|0|1|0|2|0|1|0|0|0|1|0|0|1,1,2.49182469764127,2.33145302363173,7.59449459452304e-05,beta,2,1,ensemble,TRUE,2.33145302363173
1|0|0|1|0|1|0|2|0|1|0|0|0|1|0|0|1,1,2.349858807576,2.2687188219998,6.59662256680378e-05,beta,2,1,ensemble,TRUE,2.2687188219998
0|0|0|0|0|1|0|2|0|0|0|1|0|1|0|0|1,1,2.28402541668774,2.33732531998565,0.00167923595726382,beta,2,1,ensemble,TRUE,2.33732531998565
1|0|0|1|0|1|0|2|0|0|0|1|0|1|0|0|1,1,2.16183424272828,2.27001661882396,0.0019703309210688,beta,2,1,ensemble,TRUE,2.27001661882396
0|0|0|0|0|1|0|2|0|1|0|1|0|1|0|0|1,1,2.28402541668774,2.216484180123,0.000425590163534666,beta,2,1,ensemble,TRUE,2.216484180123
1|0|0|1|0|1|0|2|0|1|0|1|0|1|0|0|1,1,2.16183424272828,2.14925232798493,0.000636095970809712,beta,2,1,ensemble,TRUE,2.14925232798493
1|0|0|1|0|1|0|3|0|0|1|0|1|0|0|0|1,0,2.45567738147273,2.39406095067191,0.00914445348574507,beta,2,1,ensemble,FALSE,2.39406095067191
0|0|0|0|0|1|0|3|0|0|0|0|0|1|0|0|1,1,2.49182469764127,2.46937240993425,5.22890846947871e-05,beta,2,1,ensemble,TRUE,2.46937240993425
1|0|0|1|0|1|0|3|0|0|0|0|0|1|0|0|1,1,2.349858807576,2.40407434721909,3.34080503430016e-05,beta,2,1,ensemble,TRUE,2.40407434721909
0|0|0|0|0|1|0|3|0|1|0|0|0|1|0|0|1,1,2.49182469764127,2.33384179836685,1.3757524745711e-05,beta,2,1,ensemble,TRUE,2.33384179836685
1|0|0|1|0|1|0|3|0|1|0|0|0|1|0|0|1,1,2.349858807576,2.26933254287279,1.13315077019092e-05,beta,2,1,ensemble,TRUE,2.26933254287279
0|0|0|0|0|1|0|3|0|0|0|1|0|1|0|0|1,1,2.28402541668774,2.34025823228428,0.00134288963894669,beta,2,1,ensemble,TRUE,2.34025823228428
1|0|0|1|0|1|0|3|0|0|0|1|0|1|0|0|1,1,2.16183424272828,2.27129802041329,0.00147564946847103,beta,2,1,ensemble,TRUE,2.27129802041329
0|0|0|0|0|1|0|3|0|1|0|1|0|1|0|0|1,1,2.28402541668774,2.2185518317935,0.000466404867869207,beta,2,1,ensemble,TRUE,2.2185518317935
1|0|0|1|0|1|0|3|0|1|0|1|0|1|0|0|1,1,2.16183424272828,2.15027188117928,0.000661026353740398,beta,2,1,ensemble,TRUE,2.15027188117928
1|0|0|1|0|1|0|0|1|0|1|0|1|0|0|0|1,0,2.45567738147273,2.34190950994641,0.0135575419796628,beta,2,1,ensemble,FALSE,2.34190950994641
0|0|0|0|0|1|0|0|1|0|0|0|0|1|0|0|1,1,2.49182469764127,2.4297995911782,0.000430376549377099,beta,2,1,ensemble,TRUE,2.4297995911782
1|0|0|1|0|1|0|0|1|0|0|0|0|1|0|0|1,1,2.349858807576,2.36257546464323,0.000486484395246839,beta,2,1,ensemble,TRUE,2.36257546464323
0|0|0|0|0|1|0|0|1|1|0|0|0|1|0|0|1,1,2.49182469764127,2.30493223140244,0.00192720883422355,beta,2,1,ensemble,TRUE,2.30493223140244
1|0|0|1|0|1|0|0|1|1|0|0|0|1|0|0|1,1,2.349858807576,2.2395739540964,0.00273865215141498,beta,2,1,ensemble,TRUE,2.2395739540964
0|0|0|0|0|1|0|0|1|0|0|1|0|1|0|0|1,1,2.28402541668774,2.30468614722311,4.99215062157215e-05,beta,2,1,ensemble,TRUE,2.30468614722311
1|0|0|1|0|1|0|0|1|0|0|1|0|1|0|0|1,1,2.16183424272828,2.23438727604417,9.70534071210754e-05,beta,2,1,ensemble,TRUE,2.23438727604417
0|0|0|0|0|1|0|0|1|1|0|1|0|1|0|0|1,1,2.28402541668774,2.19178328206043,0.000295094657778261,beta,2,1,ensemble,TRUE,2.19178328206043
1|0|0|1|0|1|0|0|1|1|0|1|0|1|0|0|1,1,2.16183424272828,2.12269156270247,0.000721568802134668,beta,2,1,ensemble,TRUE,2.12269156270247
1|0|0|1|0|1|0|1|1|0|1|0|1|0|0|0|1,0,2.45567738147273,2.35933406473627,0.0146460861644001,beta,2,1,ensemble,FALSE,2.35933406473627
0|0|0|0|0|1|0|1|1|0|0|0|0|1|0|0|1,1,2.49182469764127,2.4467147455118,0.000214280083179978,beta,2,1,ensemble,TRUE,2.4467147455118
1|0|0|1|0|1|0|1|1|0|0|0|0|1|0|0|1,1,2.349858807576,2.38012235332449,0.000162129855981701,beta,2,1,ensemble,TRUE,2.38012235332449
0|0|0|0|0|1|0|1|1|1|0|0|0|1|0|0|1,1,2.49182469764127,2.31953192208568,0.00119268440965192,beta,2,1,ensemble,TRUE,2.31953192208568
1|0|0|1|0|1|0|1|1|1|0|0|0|1|0|0|1,1,2.349858807576,2.25427093053222,0.00111942876202669,beta,2,1,ensemble,TRUE,2.25427093053222
0|0|0|0|0|1|0|1|1|0|0|1|0|1|0|0|1,1,2.28402541668774,2.31968743347211,0.000150366452835106,beta,2,1,ensemble,TRUE,2.31968743347211
1|0|0|1|0|1|0|1|1|0|0|1|0|1|0|0|1,1,2.16183424272828,2.24925188867036,0.000195674817020108,beta,2,1,ensemble,TRUE,2.24925188867036
0|0|0|0|0|1|0|1|1|1|0|1|0|1|0|0|1,1,2.28402541668774,2.20481166071939,0.00110481148265077,beta,2,1,ensemble,TRUE,2.20481166071939
1|0|0|1|0|1|0|1|1|1|0|1|0|1|0|0|1,1,2.16183424272828,2.13511495804516,0.00178429805609,beta,2,1,ensemble,TRUE,2.13511495804516
1|0|0|1|0|1|0|2|1|0|1|0|1|0|0|0|1,0,2.45567738147273,2.3712828888959,0.0121869311051466,beta,2,1,ensemble,FALSE,2.3712828888959
0|0|0|0|0|1|0|2|1|0|0|0|0|1|0|0|1,1,2.49182469764127,2.45738209475959,3.44238073091837e-05,beta,2,1,ensemble,TRUE,2.45738209475959
1|0|0|1|0|1|0|2|1|0|0|0|0|1|0|0|1,1,2.349858807576,2.38987302374585,2.20166211958071e-05,beta,2,1,ensemble,TRUE,2.38987302374585
0|0|0|0|0|1|0|2|1|1|0|0|0|1|0|0|1,1,2.49182469764127,2.32813212494239,0.000241883032648902,beta,2,1,ensemble,TRUE,2.32813212494239
1|0|0|1|0|1|0|2|1|1|0|0|0|1|0|0|1,1,2.349858807576,2.26189906831892,0.000196967818629543,beta,2,1,ensemble,TRUE,2.26189906831892
0|0|0|0|0|1|0|2|1|0|0|1|0|1|0|0|1,1,2.28402541668774,2.32905716612831,0.000146136303591382,beta,2,1,ensemble,TRUE,2.32905716612831
1|0|0|1|0|1|0|2|1|0|0|1|0|1|0|0|1,1,2.16183424272828,2.25769783887105,0.00016075062759883,beta,2,1,ensemble,TRUE,2.25769783887105
0|0|0|0|0|1|0|2|1|1|0|1|0|1|0|0|1,1,2.28402541668774,2.21253857759106,0.00135549559144525,beta,2,1,ensemble,TRUE,2.21253857759106
1|0|0|1|0|1|0|2|1|1|0|1|0|1|0|0|1,1,2.16183424272828,2.14195312875923,0.00189931187574578,beta,2,1,ensemble,TRUE,2.14195312875923
1|0|0|1|0|1|0|3|1|0|1|0|1|0|0|0|1,0,2.45567738147273,2.37773256770131,0.00965222548188887,beta,2,1,ensemble,FALSE,2.37773256770131
0|0|0|0|0|1|0|3|1|0|0|0|0|1|0|0|1,1,2.49182469764127,2.46210159387255,3.623445873697e-06,beta,2,1,ensemble,TRUE,2.46210159387255
1|0|0|1|0|1|0|3|1|0|0|0|0|1|0|0|1,1,2.349858807576,2.39207847314299,2.20077575785253e-06,beta,2,1,ensemble,TRUE,2.39207847314299
0|0|0|0|0|1|0|3|1|1|0|0|0|1|0|0|1,1,2.49182469764127,2.33104563225217,3.48908199837689e-05,beta,2,1,ensemble,TRUE,2.33104563225217
1|0|0|1|0|1|0|3|1|1|0|0|0|1|0|0|1,1,2.349858807576,2.26286922144102,2.73194841864878e-05,beta,2,1,ensemble,TRUE,2.26286922144102
0|0|0|0|0|1|0|3|1|0|0|1|0|1|0|0|1,1,2.28402541668774,2.33306142416152,9.30574315743746e-05,beta,2,1,ensemble,TRUE,2.33306142416152
1|0|0|1|0|1|0|3|1|0|0|1|0|1|0|0|1,1,2.16183424272828,2.25997570264849,9.72093116466258e-05,beta,2,1,ensemble,TRUE,2.25997570264849
0|0|0|0|0|1|0|3|1|1|0|1|0|1|0|0|1,1,2.28402541668774,2.21522465046397,0.00118286164009636,beta,2,1,ensemble,TRUE,2.21522465046397
1|0|0|1|0|1|0|3|1|1|0|1|0|1|0|0|1,1,2.16183424272828,2.14347244248166,0.00159368898587253,beta,2,1,ensemble,TRUE,2.14347244248166
1|0|0|1|0|1|0|0|0|0|1|0|1|0|0|1|1,0,2.45567738147273,3.55944796097869,0.0019055164526257,beta,2,1,ensemble,FALSE,3.55944796097869
0|0|0|0|0|1|0|0|0|0|0|0|0|1|0|1|1,1,3.33964685192599,3.78841202748003,0.00308826213077438,beta,2,1,ensemble,TRUE,3.78841202748003
1|0|0|1|0|1|0|0|0|0|0|0|0|1|0|1|1,1,3.11700001661268,3.60299394213009,0.00383856478161443,beta,2,1,ensemble,TRUE,3.60299394213009
0|0|0|0|0|1|0|0|0|1|0|0|0|1|0|1|1,1,3.33964685192599,3.49821187897062,0.00045191844502641,beta,2,1,ensemble,TRUE,3.49821187897062
1|0|0|1|0|1|0|0|0|1|0|0|0|1|0|1|1,1,3.11700001661268,3.32829810177684,0.000720090899867005,beta,2,1,ensemble,TRUE,3.32829810177684
0|0|0|0|0|1|0|0|0|0|0|1|0|1|0|1|1,1,3.01375270747048,3.51817190409537,0.000435241504152723,beta,2,1,ensemble,TRUE,3.51817190409537
1|0|0|1|0|1|0|0|0|0|0|1|0|1|0|1|1,1,2.82211880039051,3.34252152327722,0.000917954432952705,beta,2,1,ensemble,TRUE,3.34252152327722
0|0|0|0|0|1|0|0|0|1|0|1|0|1|0|1|1,1,3.01375270747048,3.25858814256444,8.35478866208866e-05,beta,2,1,ensemble,TRUE,3.25858814256444
1|0|0|1|0|1|0|0|0|1|0|1|0|1|0|1|1,1,2.82211880039051,3.09605594431332,0.000225282267809345,beta,2,1,ensemble,TRUE,3.09605594431332
1|0|0|1|0|1|0|1|0|0|1|0|1|0|0|1|1,0,2.45567738147273,3.59676669010657,0.00211567568149158,beta,2,1,ensemble,FALSE,3.59676669010657
0|0|0|0|0|1|0|1|0|0|0|0|0|1|0|1|1,1,3.33964685192599,3.82833580308296,0.00197327301155353,beta,2,1,ensemble,TRUE,3.82833580308296
1|0|0|1|0|1|0|1|0|0|0|0|0|1|0|1|1,1,3.11700001661268,3.64250660806041,0.00163431541435321,beta,2,1,ensemble,TRUE,3.64250660806041
0|0|0|0|0|1|0|1|0|1|0|0|0|1|0|1|1,1,3.33964685192599,3.53280883733985,0.000358919161877008,beta,2,1,ensemble,TRUE,3.53280883733985
1|0|0|1|0|1|0|1|0|1|0|0|0|1|0|1|1,1,3.11700001661268,3.36200803434667,0.000376027692338326,beta,2,1,ensemble,TRUE,3.36200803434667
0|0|0|0|0|1|0|1|0|0|0|1|0|1|0|1|1,1,3.01375270747048,3.55428092153298,0.00168241600041752,beta,2,1,ensemble,TRUE,3.55428092153298
1|0|0|1|0|1|0|1|0|0|0|1|0|1|0|1|1,1,2.82211880039051,3.37779999797071,0.00236438498855083,beta,2,1,ensemble,TRUE,3.37779999797071
0|0|0|0|0|1|0|1|0|1|0|1|0|1|0|1|1,1,3.01375270747048,3.29017336821869,0.000401422871895204,beta,2,1,ensemble,TRUE,3.29017336821869
1|0|0|1|0|1|0|1|0|1|0|1|0|1|0|1|1,1,2.82211880039051,3.12589221440874,0.000711687902552468,beta,2,1,ensemble,TRUE,3.12589221440874
1|0|0|1|0|1|0|2|0|0|1|0|1|0|0|1|1,0,2.45567738147273,3.62168521611383,0.00181527594290359,beta,2,1,ensemble,FALSE,3.62168521611383
0|0|0|0|0|1|0|2|0|0|0|0|0|1|0|1|1,1,3.33964685192599,3.85166161966753,0.00040383487932052,beta,2,1,ensemble,TRUE,3.85166161966753
1|0|0|1|0|1|0|2|0|0|0|0|0|1|0|1|1,1,3.11700001661268,3.66415477885584,0.000280038811848963,beta,2,1,ensemble,TRUE,3.66415477885584
0|0|0|0|0|1|0|2|0|1|0|0|0|1|0|1|1,1,3.33964685192599,3.55244746388988,9.27291037180837e-05,beta,2,1,ensemble,TRUE,3.55244746388988
1|0|0|1|0|1|0|2|0|1|0|0|0|1|0|1|1,1,3.11700001661268,3.37963190346654,8.34859358026736e-05,beta,2,1,ensemble,TRUE,3.37963190346654
0|0|0|0|0|1|0|2|0|0|0|1|0|1|0|1|1,1,3.01375270747048,3.57560871916946,0.00208295605570865,beta,2,1,ensemble,TRUE,3.57560871916946
1|0|0|1|0|1|0|2|0|0|0|1|0|1|0|1|1,1,2.82211880039051,3.39695560102763,0.00245092832138988,beta,2,1,ensemble,TRUE,3.39695560102763
0|0|0|0|0|1|0|2|0|1|0|1|0|1|0|1|1,1,3.01375270747048,3.30799850660382,0.000627410233762513,beta,2,1,ensemble,TRUE,3.30799850660382
1|0|0|1|0|1|0|2|0|1|0|1|0|1|0|1|1,1,2.82211880039051,3.14200954543002,0.000955901495781457,beta,2,1,ensemble,TRUE,3.14200954543002
1|0|0|1|0|1|0|3|0|0|1|0|1|0|0|1|1,0,2.45567738147273,3.63437602573659,0.00146320869044765,beta,2,1,ensemble,FALSE,3.63437602573659
0|0|0|0|0|1|0|3|0|0|0|0|0|1|0|1|1,1,3.33964685192599,3.85986520471983,5.33829238309678e-05,beta,2,1,ensemble,TRUE,3.85986520471983
1|0|0|1|0|1|0|3|0|0|0|0|0|1|0|1|1,1,3.11700001661268,3.66813129718749,3.46682717165274e-05,beta,2,1,ensemble,TRUE,3.66813129718749
0|0|0|0|0|1|0|3|0|1|0|0|0|1|0|1|1,1,3.33964685192599,3.55808758856099,1.67979965377704e-05,beta,2,1,ensemble,TRUE,3.55808758856099
1|0|0|1|0|1|0|3|0|1|0|0|0|1|0|1|1,1,3.11700001661268,3.38198467475804,1.43409982149011e-05,beta,2,1,ensemble,TRUE,3.38198467475804
0|0|0|0|0|1|0|3|0|0|0|1|0|1|0|1|1,1,3.01375270747048,3.58236793861177,0.00166574571815994,beta,2,1,ensemble,TRUE,3.58236793861177
1|0|0|1|0|1|0|3|0|0|0|1|0|1|0|1|1,1,2.82211880039051,3.4008276366581,0.00183558560445151,beta,2,1,ensemble,TRUE,3.4008276366581
0|0|0|0|0|1|0|3|0|1|0|1|0|1|0|1|1,1,3.01375270747048,3.31290892085962,0.000687579770987722,beta,2,1,ensemble,TRUE,3.31290892085962
1|0|0|1|0|1|0|3|0|1|0|1|0|1|0|1|1,1,2.82211880039051,3.14463741825939,0.000993365953076338,beta,2,1,ensemble,TRUE,3.14463741825939
1|0|0|1|0|1|0|0|1|0|1|0|1|0|0|1|1,0,2.45567738147273,3.55069265051746,0.00216934924286896,beta,2,1,ensemble,FALSE,3.55069265051746
0|0|0|0|0|1|0|0|1|0|0|0|0|1|0|1|1,1,3.33964685192599,3.78584000157811,0.000439379627471713,beta,2,1,ensemble,TRUE,3.78584000157811
1|0|0|1|0|1|0|0|1|0|0|0|0|1|0|1|1,1,3.11700001661268,3.59589382355615,0.000504835601811794,beta,2,1,ensemble,TRUE,3.59589382355615
0|0|0|0|0|1|0|0|1|1|0|0|0|1|0|1|1,1,3.33964685192599,3.50283651243791,0.00235313022678301,beta,2,1,ensemble,TRUE,3.50283651243791
1|0|0|1|0|1|0|0|1|1|0|0|0|1|0|1|1,1,3.11700001661268,3.32977424299411,0.00346599999292768,beta,2,1,ensemble,TRUE,3.32977424299411
0|0|0|0|0|1|0|0|1|0|0|1|0|1|0|1|1,1,3.01375270747048,3.51453960822843,6.19235809192464e-05,beta,2,1,ensemble,TRUE,3.51453960822843
1|0|0|1|0|1|0|0|1|0|0|1|0|1|0|1|1,1,2.82211880039051,3.33444178946767,0.000120726392534811,beta,2,1,ensemble,TRUE,3.33444178946767
0|0|0|0|0|1|0|0|1|1|0|1|0|1|0|1|1,1,3.01375270747048,3.26120788722032,0.000435032160238466,beta,2,1,ensemble,TRUE,3.26120788722032
1|0|0|1|0|1|0|0|1|1|0|1|0|1|0|1|1,1,2.82211880039051,3.09504993986702,0.00108434690506175,beta,2,1,ensemble,TRUE,3.09504993986702
1|0|0|1|0|1|0|1|1|0|1|0|1|0|0|1|1,0,2.45567738147273,3.58609906401991,0.00234352775594541,beta,2,1,ensemble,FALSE,3.58609906401991
0|0|0|0|0|1|0|1|1|0|0|0|0|1|0|1|1,1,3.33964685192599,3.82395258094266,0.000218762623703578,beta,2,1,ensemble,TRUE,3.82395258094266
1|0|0|1|0|1|0|1|1|0|0|0|0|1|0|1|1,1,3.11700001661268,3.63327996211254,0.000168245732475451,beta,2,1,ensemble,TRUE,3.63327996211254
0|0|0|0|0|1|0|1|1|1|0|0|0|1|0|1|1,1,3.33964685192599,3.53624676477979,0.00145627276376382,beta,2,1,ensemble,TRUE,3.53624676477979
1|0|0|1|0|1|0|1|1|1|0|0|0|1|0|1|1,1,3.11700001661268,3.361457588683,0.00141673343920764,beta,2,1,ensemble,TRUE,3.361457588683
0|0|0|0|0|1|0|1|1|0|0|1|0|1|0|1|1,1,3.01375270747048,3.54928845390501,0.000186517393314195,beta,2,1,ensemble,TRUE,3.54928845390501
1|0|0|1|0|1|0|1|1|0|0|1|0|1|0|1|1,1,2.82211880039051,3.36768432201244,0.000243403250534797,beta,2,1,ensemble,TRUE,3.36768432201244
0|0|0|0|0|1|0|1|1|1|0|1|0|1|0|1|1,1,3.01375270747048,3.29166480794486,0.0016287266247801,beta,2,1,ensemble,TRUE,3.29166480794486
1|0|0|1|0|1|0|1|1|1|0|1|0|1|0|1|1,1,2.82211880039051,3.12355854101185,0.00268137711761518,beta,2,1,ensemble,TRUE,3.12355854101185
1|0|0|1|0|1|0|2|1|0|1|0|1|0|0|1|1,0,2.45567738147273,3.61097660545164,0.00195003709415056,beta,2,1,ensemble,FALSE,3.61097660545164
0|0|0|0|0|1|0|2|1|0|0|0|0|1|0|1|1,1,3.33964685192599,3.84777480822488,3.51439214184843e-05,beta,2,1,ensemble,TRUE,3.84777480822488
1|0|0|1|0|1|0|2|1|0|0|0|0|1|0|1|1,1,3.11700001661268,3.65450987889603,2.28471340907205e-05,beta,2,1,ensemble,TRUE,3.65450987889603
0|0|0|0|0|1|0|2|1|1|0|0|0|1|0|1|1,1,3.33964685192599,3.55573126578811,0.000295340217087261,beta,2,1,ensemble,TRUE,3.55573126578811
1|0|0|1|0|1|0|2|1|1|0|0|0|1|0|1|1,1,3.11700001661268,3.37850760556142,0.000249279726022982,beta,2,1,ensemble,TRUE,3.37850760556142
0|0|0|0|0|1|0|2|1|0|0|1|0|1|0|1|1,1,3.01375270747048,3.57074687100025,0.000181270236149859,beta,2,1,ensemble,TRUE,3.57074687100025
1|0|0|1|0|1|0|2|1|0|0|1|0|1|0|1|1,1,2.82211880039051,3.38672267573802,0.000199960454180689,beta,2,1,ensemble,TRUE,3.38672267573802
0|0|0|0|0|1|0|2|1|1|0|1|0|1|0|1|1,1,3.01375270747048,3.30975057570913,0.0019982882095522,beta,2,1,ensemble,TRUE,3.30975057570913
1|0|0|1|0|1|0|2|1|1|0|1|0|1|0|1|1,1,2.82211880039051,3.13927201610874,0.00285421563143968,beta,2,1,ensemble,TRUE,3.13927201610874
1|0|0|1|0|1|0|3|1|0|1|0|1|0|0|1|1,0,2.45567738147273,3.62555490711727,0.00154445754787601,beta,2,1,ensemble,FALSE,3.62555490711727
0|0|0|0|0|1|0|3|1|0|0|0|0|1|0|1|1,1,3.33964685192599,3.85803011873209,3.69924499941544e-06,beta,2,1,ensemble,TRUE,3.85803011873209
1|0|0|1|0|1|0|3|1|0|0|0|0|1|0|1|1,1,3.11700001661268,3.6603439800691,2.28379361192986e-06,beta,2,1,ensemble,TRUE,3.6603439800691
0|0|0|0|0|1|0|3|1|1|0|0|0|1|0|1|1,1,3.33964685192599,3.56239650437881,4.26018403833901e-05,beta,2,1,ensemble,TRUE,3.56239650437881
1|0|0|1|0|1|0|3|1|1|0|0|0|1|0|1|1,1,3.11700001661268,3.38164131497219,3.4575158421719e-05,beta,2,1,ensemble,TRUE,3.38164131497219
0|0|0|0|0|1|0|3|1|0|0|1|0|1|0|1|1,1,3.01375270747048,3.57956486917889,0.000115430198947368,beta,2,1,ensemble,TRUE,3.57956486917889
1|0|0|1|0|1|0|3|1|0|0|1|0|1|0|1|1,1,2.82211880039051,3.39241829552105,0.000120920324839795,beta,2,1,ensemble,TRUE,3.39241829552105
0|0|0|0|0|1|0|3|1|1|0|1|0|1|0|1|1,1,3.01375270747048,3.31567426820826,0.00174378912322093,beta,2,1,ensemble,TRUE,3.31567426820826
1|0|0|1|0|1|0|3|1|1|0|1|0|1|0|1|1,1,2.82211880039051,3.14281832625034,0.00239493685751031,beta,2,1,ensemble,TRUE,3.14281832625034
0|0|0|0|0|1|0|0|0|0|1|0|1|0|0|0|0,0,1.83053730451109,1.77162335121057,0.016408626962947,beta,2,1,sieve_md,FALSE,1.77162335121057
0|0|0|0|0|1|0|0|0|0|0|0|0|1|0|0|0,1,1.77880078307141,1.75512896835876,0.00350261383896762,beta,2,1,sieve_md,TRUE,1.75512896835876
1|0|0|1|0|1|0|0|0|0|0|0|0|1|0|0|0,1,1.70468808971871,1.6792985753637,0.00348157433012709,beta,2,1,sieve_md,TRUE,1.6792985753637
0|0|0|0|0|1|0|0|0|1|0|0|0|1|0|0|0,1,1.77880078307141,1.6602976947587,0.000349141419095855,beta,2,1,sieve_md,TRUE,1.6602976947587
1|0|0|1|0|1|0|0|0|1|0|0|0|1|0|0|0,1,1.70468808971871,1.59396484405129,0.000435548231941948,beta,2,1,sieve_md,TRUE,1.59396484405129
0|0|0|0|0|1|0|0|0|0|0|1|0|1|0|0|0,1,1.67032004603564,1.66815378689175,0.000399286329847866,beta,2,1,sieve_md,TRUE,1.66815378689175
1|0|0|1|0|1|0|0|0|0|0|1|0|1|0|0|0,1,1.60653065971263,1.60105251933134,0.000684706357326217,beta,2,1,sieve_md,TRUE,1.60105251933134
0|0|0|0|0|1|0|0|0|1|0|1|0|1|0|0|0,1,1.67032004603564,1.58416343372658,5.21382105666385e-05,beta,2,1,sieve_md,TRUE,1.58416343372658
1|0|0|1|0|1|0|0|0|1|0|1|0|1|0|0|0,1,1.60653065971263,1.525494707225,0.000112321789717737,beta,2,1,sieve_md,TRUE,1.525494707225
0|0|0|0|0|1|0|1|0|0|1|0|1|0|0|0|0,0,1.83053730451109,1.78157693197033,0.0216080489337248,beta,2,1,sieve_md,FALSE,1.78157693197033
0|0|0|0|0|1|0|1|0|0|0|0|0|1|0|0|0,1,1.77880078307141,1.76495746004156,0.00223802678194148,beta,2,1,sieve_md,TRUE,1.76495746004156
1|0|0|1|0|1|0|1|0|0|0|0|0|1|0|0|0,1,1.70468808971871,1.68810747425486,0.00148232240893693,beta,2,1,sieve_md,TRUE,1.68810747425486
0|0|0|0|0|1|0|1|0|1|0|0|0|1|0|0|0,1,1.77880078307141,1.66880415398378,0.000277292389583944,beta,2,1,sieve_md,TRUE,1.66880415398378
1|0|0|1|0|1|0|1|0|1|0|0|0|1|0|0|0,1,1.70468808971871,1.60162352266034,0.000227441003058666,beta,2,1,sieve_md,TRUE,1.60162352266034
0|0|0|0|0|1|0|1|0|0|0|1|0|1|0|0|0,1,1.67032004603564,1.67676286295328,0.0015434321030384,beta,2,1,sieve_md,TRUE,1.67676286295328
1|0|0|1|0|1|0|1|0|0|0|1|0|1|0|0|0,1,1.60653065971263,1.60876134550194,0.00176360544130717,beta,2,1,sieve_md,TRUE,1.60876134550194
0|0|0|0|0|1|0|1|0|1|0|1|0|1|0|0|0,1,1.67032004603564,1.59168907325133,0.000250508673141046,beta,2,1,sieve_md,TRUE,1.59168907325133
1|0|0|1|0|1|0|1|0|1|0|1|0|1|0|0|0,1,1.60653065971263,1.53226453140504,0.000354835112911803,beta,2,1,sieve_md,TRUE,1.53226453140504
0|0|0|0|0|1|0|2|0|0|1|0|1|0|0|0|0,0,1.83053730451109,1.79166748021593,0.018757598435739,beta,2,1,sieve_md,FALSE,1.79166748021593
0|0|0|0|0|1|0|2|0|0|0|0|0|1|0|0|0,1,1.77880078307141,1.774820965912,0.000458017349910382,beta,2,1,sieve_md,TRUE,1.774820965912
1|0|0|1|0|1|0|2|0|0|0|0|0|1|0|0|0,1,1.70468808971871,1.69701824855741,0.000253994915871286,beta,2,1,sieve_md,TRUE,1.69701824855741
0|0|0|0|0|1|0|2|0|1|0|0|0|1|0|0|0,1,1.77880078307141,1.67742019991364,7.16402953230343e-05,beta,2,1,sieve_md,TRUE,1.67742019991364
1|0|0|1|0|1|0|2|0|1|0|0|0|1|0|0|0,1,1.70468808971871,1.60937419026705,5.0496613326997e-05,beta,2,1,sieve_md,TRUE,1.60937419026705
0|0|0|0|0|1|0|2|0|0|0|1|0|1|0|0|0,1,1.67032004603564,1.68546374604633,0.0019108836606411,beta,2,1,sieve_md,TRUE,1.68546374604633
1|0|0|1|0|1|0|2|0|0|0|1|0|1|0|0|0,1,1.60653065971263,1.61660268678954,0.00182815850413023,beta,2,1,sieve_md,TRUE,1.61660268678954
0|0|0|0|0|1|0|2|0|1|0|1|0|1|0|0|0,1,1.67032004603564,1.59929980527919,0.000391536497242719,beta,2,1,sieve_md,TRUE,1.59929980527919
1|0|0|1|0|1|0|2|0|1|0|1|0|1|0|0|0,1,1.60653065971263,1.53910225159478,0.000476595729633283,beta,2,1,sieve_md,TRUE,1.53910225159478
0|0|0|0|0|1|0|3|0|0|1|0|1|0|0|0|0,0,1.83053730451109,1.80188579528105,0.0152011614595537,beta,2,1,sieve_md,FALSE,1.80188579528105
0|0|0|0|0|1|0|3|0|0|0|0|0|1|0|0|0,1,1.77880078307141,1.7848029949845,6.05453034286365e-05,beta,2,1,sieve_md,TRUE,1.7848029949845
1|0|0|1|0|1|0|3|0|0|0|0|0|1|0|0|0,1,1.70468808971871,1.70599777000289,3.14440869817413e-05,beta,2,1,sieve_md,TRUE,1.70599777000289
0|0|0|0|0|1|0|3|0|1|0|0|0|1|0|0|0,1,1.77880078307141,1.68614724432792,1.29777317427742e-05,beta,2,1,sieve_md,TRUE,1.68614724432792
1|0|0|1|0|1|0|3|0|1|0|0|0|1|0|0|0,1,1.70468808971871,1.61723607547833,8.67417768775642e-06,beta,2,1,sieve_md,TRUE,1.61723607547833
0|0|0|0|0|1|0|3|0|0|0|1|0|1|0|0|0,1,1.67032004603564,1.69425825093083,0.00152813894795864,beta,2,1,sieve_md,TRUE,1.69425825093083
1|0|0|1|0|1|0|3|0|0|0|1|0|1|0|0|0,1,1.60653065971263,1.62458813469522,0.00136917159247401,beta,2,1,sieve_md,TRUE,1.62458813469522
0|0|0|0|0|1|0|3|0|1|0|1|0|1|0|0|0,1,1.67032004603564,1.60702240185596,0.000429085406358523,beta,2,1,sieve_md,TRUE,1.60702240185596
1|0|0|1|0|1|0|3|0|1|0|1|0|1|0|0|0,1,1.60653065971263,1.54604558866094,0.000495274851319532,beta,2,1,sieve_md,TRUE,1.54604558866094
0|0|0|0|0|1|0|0|1|0|1|0|1|0|0|0|0,0,1.83053730451109,1.78031591482413,0.016620155226473,beta,2,1,sieve_md,FALSE,1.78031591482413
0|0|0|0|0|1|0|0|1|0|0|0|0|1|0|0|0,1,1.77880078307141,1.76372426355642,0.000498331132065192,beta,2,1,sieve_md,TRUE,1.76372426355642
1|0|0|1|0|1|0|0|1|0|0|0|0|1|0|0|0,1,1.70468808971871,1.68701049615659,0.000457885374403654,beta,2,1,sieve_md,TRUE,1.68701049615659
0|0|0|0|0|1|0|0|1|1|0|0|0|1|0|0|0,1,1.77880078307141,1.66767537681774,0.00181797232606506,beta,2,1,sieve_md,TRUE,1.66767537681774
1|0|0|1|0|1|0|0|1|1|0|0|0|1|0|0|0,1,1.70468808971871,1.60061477659688,0.00209641611789465,beta,2,1,sieve_md,TRUE,1.60061477659688
0|0|0|0|0|1|0|0|1|0|0|1|0|1|0|0|0,1,1.67032004603564,1.67567836055982,5.68080918762915e-05,beta,2,1,sieve_md,TRUE,1.67567836055982
1|0|0|1|0|1|0|0|1|0|0|1|0|1|0|0|0,1,1.60653065971263,1.60781860308435,9.00503614321606e-05,beta,2,1,sieve_md,TRUE,1.60781860308435
0|0|0|0|0|1|0|0|1|1|0|1|0|1|0|0|0,1,1.67032004603564,1.59072999710005,0.000271482610645742,beta,2,1,sieve_md,TRUE,1.59072999710005
1|0|0|1|0|1|0|0|1|1|0|1|0|1|0|0|0,1,1.60653065971263,1.5313909870733,0.00054063635915855,beta,2,1,sieve_md,TRUE,1.5313909870733
0|0|0|0|0|1|0|1|1|0|1|0|1|0|0|0|0,0,1.83053730451109,1.79039104466641,0.0215090340674342,beta,2,1,sieve_md,FALSE,1.79039104466641
0|0|0|0|0|1|0|1|1|0|0|0|0|1|0|0|0,1,1.77880078307141,1.77357887914441,0.000248113975040352,beta,2,1,sieve_md,TRUE,1.77357887914441
1|0|0|1|0|1|0|1|1|0|0|0|0|1|0|0|0,1,1.70468808971871,1.69588041130743,0.000152598707242242,beta,2,1,sieve_md,TRUE,1.69588041130743
0|0|0|0|0|1|0|1|1|1|0|0|0|1|0|0|0,1,1.77880078307141,1.67629463491076,0.00112508162684404,beta,2,1,sieve_md,TRUE,1.67629463491076
1|0|0|1|0|1|0|1|1|1|0|0|0|1|0|0|0,1,1.70468808971871,1.60835146719294,0.000856913682278011,beta,2,1,sieve_md,TRUE,1.60835146719294
0|0|0|0|0|1|0|1|1|0|0|1|0|1|0|0|0,1,1.67032004603564,1.68438296526917,0.000171109245599619,beta,2,1,sieve_md,TRUE,1.68438296526917
1|0|0|1|0|1|0|1|1|0|0|1|0|1|0|0|0,1,1.60653065971263,1.61564898656808,0.000181555583863745,beta,2,1,sieve_md,TRUE,1.61564898656808
0|0|0|0|0|1|0|1|1|1|0|1|0|1|0|0|0,1,1.67032004603564,1.59833172298719,0.00101640981181977,beta,2,1,sieve_md,TRUE,1.59833172298719
1|0|0|1|0|1|0|1|1|1|0|1|0|1|0|0|0,1,1.60653065971263,1.53819254833948,0.0013368876285177,beta,2,1,sieve_md,TRUE,1.53819254833948
0|0|0|0|0|1|0|2|1|0|1|0|1|0|0|0|0,0,1.83053730451109,1.80058672755365,0.0181122003680411,beta,2,1,sieve_md,FALSE,1.80058672755365
0|0|0|0|0|1|0|2|1|0|0|0|0|1|0|0|0,1,1.77880078307141,1.78354471310848,3.98591765541312e-05,beta,2,1,sieve_md,TRUE,1.78354471310848
1|0|0|1|0|1|0|2|1|0|0|0|0|1|0|0|0,1,1.70468808971871,1.70485171758517,2.07223272479901e-05,beta,2,1,sieve_md,TRUE,1.70485171758517
0|0|0|0|0|1|0|2|1|1|0|0|0|1|0|0|0,1,1.77880078307141,1.68503341544391,0.000228172812251331,beta,2,1,sieve_md,TRUE,1.68503341544391
1|0|0|1|0|1|0|2|1|1|0|0|0|1|0|0|0,1,1.70468808971871,1.61623411070356,0.000150777275408335,beta,2,1,sieve_md,TRUE,1.61623411070356
0|0|0|0|0|1|0|2|1|0|0|1|0|1|0|0|0,1,1.67032004603564,1.69319970934477,0.000166295554565348,beta,2,1,sieve_md,TRUE,1.69319970934477
1|0|0|1|0|1|0|2|1|0|0|1|0|1|0|0|0,1,1.60653065971263,1.62358024703251,0.000149151405861133,beta,2,1,sieve_md,TRUE,1.62358024703251
0|0|0|0|0|1|0|2|1|1|0|1|0|1|0|0|0,1,1.67032004603564,1.60600458743743,0.00124703539079608,beta,2,1,sieve_md,TRUE,1.60600458743743
1|0|0|1|0|1|0|2|1|1|0|1|0|1|0|0|0,1,1.60653065971263,1.54513051866799,0.00142306188179427,beta,2,1,sieve_md,TRUE,1.54513051866799
0|0|0|0|0|1|0|3|1|0|1|0|1|0|0|0|0,0,1.83053730451109,1.81091782597624,0.0144288683972106,beta,2,1,sieve_md,FALSE,1.81091782597624
0|0|0|0|0|1|0|3|1|0|0|0|0|1|0|0|0,1,1.77880078307141,1.79363893455736,4.19557219562683e-06,beta,2,1,sieve_md,TRUE,1.79363893455736
1|0|0|1|0|1|0|3|1|0|0|0|0|1|0|0|0,1,1.70468808971871,1.7139321557617,2.07139846973198e-06,beta,2,1,sieve_md,TRUE,1.7139321557617
0|0|0|0|0|1|0|3|1|1|0|0|0|1|0|0|0,1,1.77880078307141,1.69385853911546,3.2913166460118e-05,beta,2,1,sieve_md,TRUE,1.69385853911546
1|0|0|1|0|1|0|3|1|1|0|0|0|1|0|0|0,1,1.70468808971871,1.62417290918402,2.09128446456882e-05,beta,2,1,sieve_md,TRUE,1.62417290918402
0|0|0|0|0|1|0|3|1|0|0|1|0|1|0|0|0,1,1.67032004603564,1.70213003745159,0.0001058945437224,beta,2,1,sieve_md,TRUE,1.70213003745159
1|0|0|1|0|1|0|3|1|0|0|1|0|1|0|0|0,1,1.60653065971263,1.63161368405198,9.01950164143109e-05,beta,2,1,sieve_md,TRUE,1.63161368405198
0|0|0|0|0|1|0|3|1|1|0|1|0|1|0|0|0,1,1.67032004603564,1.61379322865091,0.00108821477319784,beta,2,1,sieve_md,TRUE,1.61379322865091
1|0|0|1|0|1|0|3|1|1|0|1|0|1|0|0|0,1,1.60653065971263,1.5521845876979,0.00119407353589049,beta,2,1,sieve_md,TRUE,1.5521845876979
0|0|0|0|0|1|0|0|0|0|1|0|1|0|0|1|0,0,1.83053730451109,2.73583757351141,0.00217191177357548,beta,2,1,sieve_md,FALSE,2.73583757351141
0|0|0|0|0|1|0|0|0|0|0|0|0|1|0|1|0,1,2.22140275816017,2.69902537341249,0.00243812969989423,beta,2,1,sieve_md,TRUE,2.69902537341249
1|0|0|1|0|1|0|0|0|0|0|0|0|1|0|1|0,1,2.10517091807565,2.52819179944494,0.00239311113130031,beta,2,1,sieve_md,TRUE,2.52819179944494
0|0|0|0|0|1|0|0|0|1|0|0|0|1|0|1|0,1,2.22140275816017,2.48536052851165,0.000284870795156022,beta,2,1,sieve_md,TRUE,2.48536052851165
1|0|0|1|0|1|0|0|0|1|0|0|0|1|0|1|0,1,2.10517091807565,2.33614934721391,0.000355398130512882,beta,2,1,sieve_md,TRUE,2.33614934721391
0|0|0|0|0|1|0|0|0|0|0|1|0|1|0|1|0,1,2.05127109637602,2.50306753425925,0.000341577967159091,beta,2,1,sieve_md,TRUE,2.50306753425925
1|0|0|1|0|1|0|0|0|0|0|1|0|1|0|1|0,1,1.95122942450071,2.35208992474528,0.000574002086565029,beta,2,1,sieve_md,TRUE,2.35208992474528
0|0|0|0|0|1|0|0|0|1|0|1|0|1|0|1|0,1,2.05127109637602,2.31409410262197,5.20153711259976e-05,beta,2,1,sieve_md,TRUE,2.31409410262197
1|0|0|1|0|1|0|0|0|1|0|1|0|1|0|1|0,1,1.95122942450071,2.18211694853643,0.000110684793440412,beta,2,1,sieve_md,TRUE,2.18211694853643
0|0|0|0|0|1|0|1|0|0|1|0|1|0|0|1|0,0,1.83053730451109,2.75820854608277,0.00286012815021807,beta,2,1,sieve_md,FALSE,2.75820854608277
0|0|0|0|0|1|0|1|0|0|0|0|0|1|0|1|0,1,2.22140275816017,2.7208536960344,0.00155786501654962,beta,2,1,sieve_md,TRUE,2.7208536960344
1|0|0|1|0|1|0|1|0|0|0|0|0|1|0|1|0,1,2.10517091807565,2.54800183676406,0.00101889602824403,beta,2,1,sieve_md,TRUE,2.54800183676406
0|0|0|0|0|1|0|1|0|1|0|0|0|1|0|1|0,1,2.22140275816017,2.50449607732639,0.000226247873185749,beta,2,1,sieve_md,TRUE,2.50449607732639
1|0|0|1|0|1|0|1|0|1|0|0|0|1|0|1|0,1,2.10517091807565,2.35339646412349,0.000185587040334486,beta,2,1,sieve_md,TRUE,2.35339646412349
0|0|0|0|0|1|0|1|0|0|0|1|0|1|0|1|0,1,2.05127109637602,2.52228701662333,0.00132036175745063,beta,2,1,sieve_md,TRUE,2.52228701662333
1|0|0|1|0|1|0|1|0|0|0|1|0|1|0|1|0,1,1.95122942450071,2.36943655149529,0.00147846327459386,beta,2,1,sieve_md,TRUE,2.36943655149529
0|0|0|0|0|1|0|1|0|1|0|1|0|1|0|1|0,1,2.05127109637602,2.33102326652879,0.00024991846597916,beta,2,1,sieve_md,TRUE,2.33102326652879
1|0|0|1|0|1|0|1|0|1|0|1|0|1|0|1|0,1,1.95122942450071,2.19732112522464,0.000349663687488823,beta,2,1,sieve_md,TRUE,2.19732112522464
0|0|0|0|0|1|0|2|0|0|1|0|1|0|0|1|0,0,1.83053730451109,2.78087345020585,0.00248283107286056,beta,2,1,sieve_md,FALSE,2.78087345020585
0|0|0|0|0|1|0|2|0|0|0|0|0|1|0|1|0,1,2.22140275816017,2.74291741746591,0.00031882067370935,beta,2,1,sieve_md,TRUE,2.74291741746591
1|0|0|1|0|1|0|2|0|0|0|0|0|1|0|1|0,1,2.10517091807565,2.56796457458155,0.000174587127210084,beta,2,1,sieve_md,TRUE,2.56796457458155
0|0|0|0|0|1|0|2|0|1|0|0|0|1|0|1|0,1,2.22140275816017,2.52387814489629,5.84526119723482e-05,beta,2,1,sieve_md,TRUE,2.52387814489629
1|0|0|1|0|1|0|2|0|1|0|0|0|1|0|1|0,1,2.10517091807565,2.37083195106947,4.12041667432106e-05,beta,2,1,sieve_md,TRUE,2.37083195106947
0|0|0|0|0|1|0|2|0|0|0|1|0|1|0|1|0,1,2.05127109637602,2.54188124146292,0.00163470599288486,beta,2,1,sieve_md,TRUE,2.54188124146292
1|0|0|1|0|1|0|2|0|0|0|1|0|1|0|1|0,1,1.95122942450071,2.38711840587334,0.00153257930894659,beta,2,1,sieve_md,TRUE,2.38711840587334
0|0|0|0|0|1|0|2|0|1|0|1|0|1|0|1|0,1,2.05127109637602,2.34811856338204,0.000390614023613703,beta,2,1,sieve_md,TRUE,2.34811856338204
1|0|0|1|0|1|0|2|0|1|0|1|0|1|0|1|0,1,1.95122942450071,2.21274753839149,0.000469649744912425,beta,2,1,sieve_md,TRUE,2.21274753839149
0|0|0|0|0|1|0|3|0|0|1|0|1|0|0|1|0,0,1.83053730451109,2.80382990793317,0.00201208678950288,beta,2,1,sieve_md,FALSE,2.80382990793317
0|0|0|0|0|1|0|3|0|0|0|0|0|1|0|1|0,1,2.22140275816017,2.76547450101689,4.21448978577599e-05,beta,2,1,sieve_md,TRUE,2.76547450101689
1|0|0|1|0|1|0|3|0|0|0|0|0|1|0|1|0,1,2.10517091807565,2.58816429180896,2.16135539369149e-05,beta,2,1,sieve_md,TRUE,2.58816429180896
0|0|0|0|0|1|0|3|0|1|0|0|0|1|0|1|0,1,2.22140275816017,2.54350990706423,1.05887659231592e-05,beta,2,1,sieve_md,TRUE,2.54350990706423
1|0|0|1|0|1|0|3|0|1|0|0|0|1|0|1|0,1,2.10517091807565,2.38849205527513,7.07794523747733e-06,beta,2,1,sieve_md,TRUE,2.38849205527513
0|0|0|0|0|1|0|3|0|0|0|1|0|1|0|1|0,1,2.05127109637602,2.56186346577771,0.00130727890328534,beta,2,1,sieve_md,TRUE,2.56186346577771
1|0|0|1|0|1|0|3|0|0|0|1|0|1|0|1|0,1,1.95122942450071,2.40496236686014,0.0011478020359189,beta,2,1,sieve_md,TRUE,2.40496236686014
0|0|0|0|0|1|0|3|0|1|0|1|0|1|0|1|0,1,2.05127109637602,2.36551220227354,0.000428074466191389,beta,2,1,sieve_md,TRUE,2.36551220227354
1|0|0|1|0|1|0|3|0|1|0|1|0|1|0|1|0,1,1.95122942450071,2.22837391670345,0.000488056634000342,beta,2,1,sieve_md,TRUE,2.22837391670345
0|0|0|0|0|1|0|0|1|0|1|0|1|0|0|1|0,0,1.83053730451109,2.75536327712932,0.0021999105041843,beta,2,1,sieve_md,FALSE,2.75536327712932
0|0|0|0|0|1|0|0|1|0|0|0|0|1|0|1|0,1,2.22140275816017,2.7180568121879,0.000346882639459957,beta,2,1,sieve_md,TRUE,2.7180568121879
1|0|0|1|0|1|0|0|1|0|0|0|0|1|0|1|0,1,2.10517091807565,2.54555188146486,0.000314734221487954,beta,2,1,sieve_md,TRUE,2.54555188146486
0|0|0|0|0|1|0|0|1|1|0|0|0|1|0|1|0,1,2.22140275816017,2.50193043099342,0.00148331648373009,beta,2,1,sieve_md,TRUE,2.50193043099342
1|0|0|1|0|1|0|0|1|1|0|0|0|1|0|1|0,1,2.10517091807565,2.35112545771192,0.00171063114125128,beta,2,1,sieve_md,TRUE,2.35112545771192
0|0|0|0|0|1|0|0|1|0|0|1|0|1|0|1|0,1,2.05127109637602,2.51995982223107,4.85976881519683e-05,beta,2,1,sieve_md,TRUE,2.51995982223107
1|0|0|1|0|1|0|0|1|0|0|1|0|1|0|1|0,1,1.95122942450071,2.36730715355066,7.54908944614469e-05,beta,2,1,sieve_md,TRUE,2.36730715355066
0|0|0|0|0|1|0|0|1|1|0|1|0|1|0|1|0,1,2.05127109637602,2.32880051981399,0.000270842988156343,beta,2,1,sieve_md,TRUE,2.32880051981399
1|0|0|1|0|1|0|0|1|1|0|1|0|1|0|1|0,1,1.95122942450071,2.19539950373393,0.000532757035747186,beta,2,1,sieve_md,TRUE,2.19539950373393
0|0|0|0|0|1|0|1|1|0|1|0|1|0|0|1|0,0,1.83053730451109,2.77798739280089,0.00284702214480146,beta,2,1,sieve_md,FALSE,2.77798739280089
0|0|0|0|0|1|0|1|1|0|0|0|0|1|0|1|0,1,2.22140275816017,2.74019013225738,0.000172709319187467,beta,2,1,sieve_md,TRUE,2.74019013225738
1|0|0|1|0|1|0|1|1|0|0|0|0|1|0|1|0,1,2.10517091807565,2.56541928383425,0.000104890957450883,beta,2,1,sieve_md,TRUE,2.56541928383425
0|0|0|0|0|1|0|1|1|1|0|0|0|1|0|1|0,1,2.22140275816017,2.52131260101928,0.000917974437076171,beta,2,1,sieve_md,TRUE,2.52131260101928
1|0|0|1|0|1|0|1|1|1|0|0|0|1|0|1|0,1,2.10517091807565,2.36854740744304,0.000699223411686598,beta,2,1,sieve_md,TRUE,2.36854740744304
0|0|0|0|0|1|0|1|1|0|0|1|0|1|0|1|0,1,2.05127109637602,2.53954110557371,0.000146379036558333,beta,2,1,sieve_md,TRUE,2.53954110557371
1|0|0|1|0|1|0|1|1|0|0|1|0|1|0|1|0,1,1.95122942450071,2.38492184862253,0.000152201425983944,beta,2,1,sieve_md,TRUE,2.38492184862253
0|0|0|0|0|1|0|1|1|1|0|1|0|1|0|1|0,1,2.05127109637602,2.34590538880016,0.00101401511489042,beta,2,1,sieve_md,TRUE,2.34590538880016
1|0|0|1|0|1|0|1|1|1|0|1|0|1|0|1|0,1,1.95122942450071,2.21075847333028,0.00131740360786075,beta,2,1,sieve_md,TRUE,2.21075847333028
0|0|0|0|0|1|0|2|1|0|1|0|1|0|0|1|0,0,1.83053730451109,2.80090238524155,0.00239740359224069,beta,2,1,sieve_md,FALSE,2.80090238524155
0|0|0|0|0|1|0|2|1|0|0|0|0|1|0|1|0,1,2.22140275816017,2.76260859066095,2.77455199567758e-05,beta,2,1,sieve_md,TRUE,2.76260859066095
1|0|0|1|0|1|0|2|1|0|0|0|0|1|0|1|0,1,2.10517091807565,2.58558621068222,1.4243795278041e-05,beta,2,1,sieve_md,TRUE,2.58558621068222
0|0|0|0|0|1|0|2|1|1|0|0|0|1|0|1|0,1,2.22140275816017,2.54100998100603,0.000186170322121469,beta,2,1,sieve_md,TRUE,2.54100998100603
1|0|0|1|0|1|0|2|1|1|0|0|0|1|0|1|0,1,2.10517091807565,2.38623810385411,0.000123031062633473,beta,2,1,sieve_md,TRUE,2.38623810385411
0|0|0|0|0|1|0|2|1|0|0|1|0|1|0|1|0,1,2.05127109637602,2.55937464996412,0.000142261062375133,beta,2,1,sieve_md,TRUE,2.55937464996412
1|0|0|1|0|1|0|2|1|0|0|1|0|1|0|1|0,1,1.95122942450071,2.40276346965004,0.000125036400293869,beta,2,1,sieve_md,TRUE,2.40276346965004
0|0|0|0|0|1|0|2|1|1|0|1|0|1|0|1|0,1,2.05127109637602,2.3632857904451,0.00124409733196744,beta,2,1,sieve_md,TRUE,2.3632857904451
1|0|0|1|0|1|0|2|1|1|0|1|0|1|0|1|0,1,1.95122942450071,2.22636903731459,0.00140232194336598,beta,2,1,sieve_md,TRUE,2.22636903731459
0|0|0|0|0|1|0|3|1|0|1|0|1|0|0|1|0,0,1.83053730451109,2.82411398895802,0.00190986297769089,beta,2,1,sieve_md,FALSE,2.82411398895802
0|0|0|0|0|1|0|3|1|0|0|0|0|1|0|1|0,1,2.22140275816017,2.78531586076842,2.92049013922223e-06,beta,2,1,sieve_md,TRUE,2.78531586076842
1|0|0|1|0|1|0|3|1|0|0|0|0|1|0|1|0,1,2.10517091807565,2.6060129432849,1.42380609035944e-06,beta,2,1,sieve_md,TRUE,2.6060129432849
0|0|0|0|0|1|0|3|1|1|0|0|0|1|0|1|0,1,2.22140275816017,2.56085670835107,2.68544474754002e-05,beta,2,1,sieve_md,TRUE,2.56085670835107
1|0|0|1|0|1|0|3|1|1|0|0|0|1|0|1|0,1,2.10517091807565,2.40409668188684,1.7064438208475e-05,beta,2,1,sieve_md,TRUE,2.40409668188684
0|0|0|0|0|1|0|3|1|0|0|1|0|1|0|1|0,1,2.05127109637602,2.57946370522182,9.05897354204905e-05,beta,2,1,sieve_md,TRUE,2.57946370522182
1|0|0|1|0|1|0|3|1|0|0|1|0|1|0|1|0,1,1.95122942450071,2.42083494006667,7.56121614260338e-05,beta,2,1,sieve_md,TRUE,2.42083494006667
0|0|0|0|0|1|0|3|1|1|0|1|0|1|0|1|0,1,2.05127109637602,2.38091133038526,0.00108565090127772,beta,2,1,sieve_md,TRUE,2.38091133038526
1|0|0|1|0|1|0|3|1|1|0|1|0|1|0|1|0,1,1.95122942450071,2.2421426794397,0.00117667091135951,beta,2,1,sieve_md,TRUE,2.2421426794397
1|0|0|1|0|1|0|0|0|0|1|0|1|0|0|0|1,0,2.45567738147273,2.3055734407246,0.0119086953768889,beta,2,1,sieve_md,FALSE,2.3055734407246
0|0|0|0|0|1|0|0|0|0|0|0|0|1|0|0|1,1,2.49182469764127,2.42062332835586,0.00302498230758369,beta,2,1,sieve_md,TRUE,2.42062332835586
1|0|0|1|0|1|0|0|0|0|0|0|0|1|0|0|1,1,2.349858807576,2.27772237645649,0.00369902966371158,beta,2,1,sieve_md,TRUE,2.27772237645649
0|0|0|0|0|1|0|0|0|1|0|0|0|1|0|0|1,1,2.49182469764127,2.2419634149761,0.000370120280505743,beta,2,1,sieve_md,TRUE,2.2419634149761
1|0|0|1|0|1|0|0|0|1|0|0|0|1|0|0|1,1,2.349858807576,2.11716723213644,0.000568978215856641,beta,2,1,sieve_md,TRUE,2.11716723213644
0|0|0|0|0|1|0|0|0|0|0|1|0|1|0|0|1,1,2.28402541668774,2.2566999452556,0.000350882670742753,beta,2,1,sieve_md,TRUE,2.2566999452556
1|0|0|1|0|1|0|0|0|0|0|1|0|1|0|0|1,1,2.16183424272828,2.13049103924859,0.000737954671131801,beta,2,1,sieve_md,TRUE,2.13049103924859
0|0|0|0|0|1|0|0|0|1|0|1|0|1|0|0|1,1,2.28402541668774,2.09874288479467,5.66729020607878e-05,beta,2,1,sieve_md,TRUE,2.09874288479467
1|0|0|1|0|1|0|0|0|1|0|1|0|1|0|0|1,1,2.16183424272828,1.98839389325927,0.000149912039557223,beta,2,1,sieve_md,TRUE,1.98839389325927
1|0|0|1|0|1|0|1|0|0|1|0|1|0|0|0|1,0,2.45567738147273,2.32240131388737,0.0132221042607414,beta,2,1,sieve_md,FALSE,2.32240131388737
0|0|0|0|0|1|0|1|0|0|0|0|0|1|0|0|1,1,2.49182469764127,2.43880003286423,0.00193283979636957,beta,2,1,sieve_md,TRUE,2.43880003286423
1|0|0|1|0|1|0|1|0|0|0|0|0|1|0|0|1,1,2.349858807576,2.29435077331884,0.00157490664909686,beta,2,1,sieve_md,TRUE,2.29435077331884
0|0|0|0|0|1|0|1|0|1|0|0|0|1|0|0|1,1,2.49182469764127,2.25793461515339,0.000293954058159854,beta,2,1,sieve_md,TRUE,2.25793461515339
1|0|0|1|0|1|0|1|0|1|0|0|0|1|0|0|1,1,2.349858807576,2.13160445077328,0.00029711744106038,beta,2,1,sieve_md,TRUE,2.13160445077328
0|0|0|0|0|1|0|1|0|0|0|1|0|1|0|0|1,1,2.28402541668774,2.27295369882366,0.00135632887464633,beta,2,1,sieve_md,TRUE,2.27295369882366
1|0|0|1|0|1|0|1|0|0|0|1|0|1|0|0|1,1,2.16183424272828,2.14503598830884,0.00190075768907463,beta,2,1,sieve_md,TRUE,2.14503598830884
0|0|0|0|0|1|0|1|0|1|0|1|0|1|0|0|1,1,2.28402541668774,2.11292780111129,0.000272296523873887,beta,2,1,sieve_md,TRUE,2.11292780111129
1|0|0|1|0|1|0|1|0|1|0|1|0|1|0|0|1,1,2.16183424272828,2.00114348140803,0.000473586252647876,beta,2,1,sieve_md,TRUE,2.00114348140803
1|0|0|1|0|1|0|2|0|0|1|0|1|0|0|0|1,0,2.45567738147273,2.33947663541884,0.0113447292461033,beta,2,1,sieve_md,FALSE,2.33947663541884
0|0|0|0|0|1|0|2|0|0|0|0|0|1|0|0|1,1,2.49182469764127,2.45737688818737,0.000395560128447857,beta,2,1,sieve_md,TRUE,2.45737688818737
1|0|0|1|0|1|0|2|0|0|0|0|0|1|0|0|1,1,2.349858807576,2.31094036208436,0.000269859161158716,beta,2,1,sieve_md,TRUE,2.31094036208436
0|0|0|0|0|1|0|2|0|1|0|0|0|1|0|0|1,1,2.49182469764127,2.27412003426921,7.59449459452304e-05,beta,2,1,sieve_md,TRUE,2.27412003426921
1|0|0|1|0|1|0|2|0|1|0|0|0|1|0|0|1,1,2.349858807576,2.14618264360331,6.59662256680378e-05,beta,2,1,sieve_md,TRUE,2.14618264360331
0|0|0|0|0|1|0|2|0|0|0|1|0|1|0|0|1,1,2.28402541668774,2.2893589007354,0.00167923595726382,beta,2,1,sieve_md,TRUE,2.2893589007354
1|0|0|1|0|1|0|2|0|0|0|1|0|1|0|0|1,1,2.16183424272828,2.15982191277863,0.0019703309210688,beta,2,1,sieve_md,TRUE,2.15982191277863
0|0|0|0|0|1|0|2|0|1|0|1|0|1|0|0|1,1,2.28402541668774,2.12724281032752,0.000425590163534666,beta,2,1,sieve_md,TRUE,2.12724281032752
1|0|0|1|0|1|0|2|0|1|0|1|0|1|0|0|1,1,2.16183424272828,2.01399640159496,0.000636095970809712,beta,2,1,sieve_md,TRUE,2.01399640159496
1|0|0|1|0|1|0|3|0|0|1|0|1|0|0|0|1,0,2.45567738147273,2.35675083589067,0.00914445348574507,beta,2,1,sieve_md,FALSE,2.35675083589067
0|0|0|0|0|1|0|3|0|0|0|0|0|1|0|0|1,1,2.49182469764127,2.47615193037416,5.22890846947871e-05,beta,2,1,sieve_md,TRUE,2.47615193037416
1|0|0|1|0|1|0|3|0|0|0|0|0|1|0|0|1,1,2.349858807576,2.32789897772796,3.34080503430016e-05,beta,2,1,sieve_md,TRUE,2.32789897772796
0|0|0|0|0|1|0|3|0|1|0|0|0|1|0|0|1,1,2.49182469764127,2.2905624677967,1.3757524745711e-05,beta,2,1,sieve_md,TRUE,2.2905624677967
1|0|0|1|0|1|0|3|0|1|0|0|0|1|0|0|1,1,2.349858807576,2.16094864384788,1.13315077019092e-05,beta,2,1,sieve_md,TRUE,2.16094864384788
0|0|0|0|0|1|0|3|0|0|0|1|0|1|0|0|1,1,2.28402541668774,2.30595495241717,0.00134288963894669,beta,2,1,sieve_md,TRUE,2.30595495241717
1|0|0|1|0|1|0|3|0|0|0|1|0|1|0|0|1,1,2.16183424272828,2.17475392791378,0.00147564946847103,beta,2,1,sieve_md,TRUE,2.17475392791378
0|0|0|0|0|1|0|3|0|1|0|1|0|1|0|0|1,1,2.28402541668774,2.14175682970129,0.000466404867869207,beta,2,1,sieve_md,TRUE,2.14175682970129
1|0|0|1|0|1|0|3|0|1|0|1|0|1|0|0|1,1,2.16183424272828,2.02709485268062,0.000661026353740398,beta,2,1,sieve_md,TRUE,2.02709485268062
1|0|0|1|0|1|0|0|1|0|1|0|1|0|0|0|1,0,2.45567738147273,2.32025794010072,0.0135575419796628,beta,2,1,sieve_md,FALSE,2.32025794010072
0|0|0|0|0|1|0|0|1|0|0|0|0|1|0|0|1,1,2.49182469764127,2.43650395154039,0.000430376549377099,beta,2,1,sieve_md,TRUE,2.43650395154039
1|0|0|1|0|1|0|0|1|0|0|0|0|1|0|0|1,1,2.349858807576,2.2922751171097,0.000486484395246839,beta,2,1,sieve_md,TRUE,2.2922751171097
0|0|0|0|0|1|0|0|1|1|0|0|0|1|0|0|1,1,2.49182469764127,2.25589912984067,0.00192720883422355,beta,2,1,sieve_md,TRUE,2.25589912984067
1|0|0|1|0|1|0|0|1|1|0|0|0|1|0|0|1,1,2.349858807576,2.12970806752552,0.00273865215141498,beta,2,1,sieve_md,TRUE,2.12970806752552
0|0|0|0|0|1|0|0|1|0|0|1|0|1|0|0|1,1,2.28402541668774,2.27087172563819,4.99215062157215e-05,beta,2,1,sieve_md,TRUE,2.27087172563819
1|0|0|1|0|1|0|0|1|0|0|1|0|1|0|0|1,1,2.16183424272828,2.14323548313253,9.70534071210754e-05,beta,2,1,sieve_md,TRUE,2.14323548313253
0|0|0|0|0|1|0|0|1|1|0|1|0|1|0|0|1,1,2.28402541668774,2.1111053418153,0.000295094657778261,beta,2,1,sieve_md,TRUE,2.1111053418153
1|0|0|1|0|1|0|0|1|1|0|1|0|1|0|0|1,1,2.16183424272828,1.99950199977742,0.000721568802134668,beta,2,1,sieve_md,TRUE,1.99950199977742
1|0|0|1|0|1|0|1|1|0|1|0|1|0|0|0|1,0,2.45567738147273,2.33731204354018,0.0146460861644001,beta,2,1,sieve_md,FALSE,2.33731204354018
0|0|0|0|0|1|0|1|1|0|0|0|0|1|0|0|1,1,2.49182469764127,2.45501111540847,0.000214280083179978,beta,2,1,sieve_md,TRUE,2.45501111540847
1|0|0|1|0|1|0|1|1|0|0|0|0|1|0|0|1,1,2.349858807576,2.30888126633606,0.000162129855981701,beta,2,1,sieve_md,TRUE,2.30888126633606
0|0|0|0|0|1|0|1|1|1|0|0|0|1|0|0|1,1,2.49182469764127,2.27201823383706,0.00119268440965192,beta,2,1,sieve_md,TRUE,2.27201823383706
1|0|0|1|0|1|0|1|1|1|0|0|0|1|0|0|1,1,2.349858807576,2.14435717947004,0.00111942876202669,beta,2,1,sieve_md,TRUE,2.14435717947004
0|0|0|0|0|1|0|1|1|0|0|1|0|1|0|0|1,1,2.28402541668774,2.28724406587238,0.000150366452835106,beta,2,1,sieve_md,TRUE,2.28724406587238
1|0|0|1|0|1|0|1|1|0|0|1|0|1|0|0|1,1,2.16183424272828,2.15796351580494,0.000195674817020108,beta,2,1,sieve_md,TRUE,2.15796351580494
0|0|0|0|0|1|0|1|1|1|0|1|0|1|0|0|1,1,2.28402541668774,2.12537160208551,0.00110481148265077,beta,2,1,sieve_md,TRUE,2.12537160208551
1|0|0|1|0|1|0|1|1|1|0|1|0|1|0|0|1,1,2.16183424272828,2.01234999609982,0.00178429805609,beta,2,1,sieve_md,TRUE,2.01234999609982
1|0|0|1|0|1|0|2|1|0|1|0|1|0|0|0|1,0,2.45567738147273,2.35457747261076,0.0121869311051466,beta,2,1,sieve_md,FALSE,2.35457747261076
0|0|0|0|0|1|0|2|1|0|0|0|0|1|0|0|1,1,2.49182469764127,2.47375567990339,3.44238073091837e-05,beta,2,1,sieve_md,TRUE,2.47375567990339
1|0|0|1|0|1|0|2|1|0|0|0|0|1|0|0|1,1,2.349858807576,2.32574338758507,2.20166211958071e-05,beta,2,1,sieve_md,TRUE,2.32574338758507
0|0|0|0|0|1|0|2|1|1|0|0|0|1|0|0|1,1,2.49182469764127,2.28846748634027,0.000241883032648902,beta,2,1,sieve_md,TRUE,2.28846748634027
1|0|0|1|0|1|0|2|1|1|0|0|0|1|0|0|1,1,2.349858807576,2.15906406565704,0.000196967818629543,beta,2,1,sieve_md,TRUE,2.15906406565704
0|0|0|0|0|1|0|2|1|0|0|1|0|1|0|0|1,1,2.28402541668774,2.30382732709831,0.000146136303591382,beta,2,1,sieve_md,TRUE,2.30382732709831
1|0|0|1|0|1|0|2|1|0|0|1|0|1|0|0|1,1,2.16183424272828,2.17287828204824,0.00016075062759883,beta,2,1,sieve_md,TRUE,2.17287828204824
0|0|0|0|0|1|0|2|1|1|0|1|0|1|0|0|1,1,2.28402541668774,2.13989558061015,0.00135549559144525,beta,2,1,sieve_md,TRUE,2.13989558061015
1|0|0|1|0|1|0|2|1|1|0|1|0|1|0|0|1,1,2.16183424272828,2.0254079938493,0.00189931187574578,beta,2,1,sieve_md,TRUE,2.0254079938493
1|0|0|1|0|1|0|3|1|0|1|0|1|0|0|0|1,0,2.45567738147273,2.37207076105423,0.00965222548188887,beta,2,1,sieve_md,FALSE,2.37207076105423
0|0|0|0|0|1|0|3|1|0|0|0|0|1|0|0|1,1,2.49182469764127,2.49274172619483,3.623445873697e-06,beta,2,1,sieve_md,TRUE,2.49274172619483
1|0|0|1|0|1|0|3|1|0|0|0|0|1|0|0|1,1,2.349858807576,2.34282262647826,2.20077575785253e-06,beta,2,1,sieve_md,TRUE,2.34282262647826
0|0|0|0|0|1|0|3|1|1|0|0|0|1|0|0|1,1,2.49182469764127,2.30508432769245,3.48908199837689e-05,beta,2,1,sieve_md,TRUE,2.30508432769245
1|0|0|1|0|1|0|3|1|1|0|0|0|1|0|0|1,1,2.349858807576,2.17399601421906,2.73194841864878e-05,beta,2,1,sieve_md,TRUE,2.17399601421906
0|0|0|0|0|1|0|3|1|0|0|1|0|1|0|0|1,1,2.28402541668774,2.32062422656129,9.30574315743746e-05,beta,2,1,sieve_md,TRUE,2.32062422656129
1|0|0|1|0|1|0|3|1|0|0|1|0|1|0|0|1,1,2.16183424272828,2.18799123879411,9.72093116466258e-05,beta,2,1,sieve_md,TRUE,2.18799123879411
0|0|0|0|0|1|0|3|1|1|0|1|0|1|0|0|1,1,2.28402541668774,2.15457417825826,0.00118286164009636,beta,2,1,sieve_md,TRUE,2.15457417825826
1|0|0|1|0|1|0|3|1|1|0|1|0|1|0|0|1,1,2.16183424272828,2.03861268791851,0.00159368898587253,beta,2,1,sieve_md,TRUE,2.03861268791851
1|0|0|1|0|1|0|0|0|0|1|0|1|0|0|1|1,0,2.45567738147273,3.93695675060457,0.0019055164526257,beta,2,1,sieve_md,FALSE,3.93695675060457
0|0|0|0|0|1|0|0|0|0|0|0|0|1|0|1|1,1,3.33964685192599,4.19632321669559,0.00308826213077438,beta,2,1,sieve_md,TRUE,4.19632321669559
1|0|0|1|0|1|0|0|0|0|0|0|0|1|0|1|1,1,3.11700001661268,3.87539311884196,0.00383856478161443,beta,2,1,sieve_md,TRUE,3.87539311884196
0|0|0|0|0|1|0|0|0|1|0|0|0|1|0|1|1,1,3.33964685192599,3.79378889165612,0.00045191844502641,beta,2,1,sieve_md,TRUE,3.79378889165612
1|0|0|1|0|1|0|0|0|1|0|0|0|1|0|1|1,1,3.11700001661268,3.51325013676813,0.000720090899867005,beta,2,1,sieve_md,TRUE,3.51325013676813
0|0|0|0|0|1|0|0|0|0|0|1|0|1|0|1|1,1,3.01375270747048,3.82709369208171,0.000435241504152723,beta,2,1,sieve_md,TRUE,3.82709369208171
1|0|0|1|0|1|0|0|0|0|0|1|0|1|0|1|1,1,2.82211880039051,3.54334061127431,0.000917954432952705,beta,2,1,sieve_md,TRUE,3.54334061127431
0|0|0|0|0|1|0|0|0|1|0|1|0|1|0|1|1,1,3.01375270747048,3.47165683753208,8.35478866208866e-05,beta,2,1,sieve_md,TRUE,3.47165683753208
1|0|0|1|0|1|0|0|0|1|0|1|0|1|0|1|1,1,2.82211880039051,3.223538993189,0.000225282267809345,beta,2,1,sieve_md,TRUE,3.223538993189
1|0|0|1|0|1|0|1|0|0|1|0|1|0|0|1|1,0,2.45567738147273,3.97481903063844,0.00211567568149158,beta,2,1,sieve_md,FALSE,3.97481903063844
0|0|0|0|0|1|0|1|0|0|0|0|0|1|0|1|1,1,3.33964685192599,4.2378307066923,0.00197327301155353,beta,2,1,sieve_md,TRUE,4.2378307066923
1|0|0|1|0|1|0|1|0|0|0|0|0|1|0|1|1,1,3.11700001661268,3.91168761293483,0.00163431541435321,beta,2,1,sieve_md,TRUE,3.91168761293483
0|0|0|0|0|1|0|1|0|1|0|0|0|1|0|1|1,1,3.33964685192599,3.82985441909512,0.000358919161877008,beta,2,1,sieve_md,TRUE,3.82985441909512
1|0|0|1|0|1|0|1|0|1|0|0|0|1|0|1|1,1,3.11700001661268,3.54557996856399,0.000376027692338326,beta,2,1,sieve_md,TRUE,3.54557996856399
0|0|0|0|0|1|0|1|0|0|0|1|0|1|0|1|1,1,3.01375270747048,3.86351447229653,0.00168241600041752,beta,2,1,sieve_md,TRUE,3.86351447229653
1|0|0|1|0|1|0|1|0|0|0|1|0|1|0|1|1,1,2.82211880039051,3.57651228432098,0.00236438498855083,beta,2,1,sieve_md,TRUE,3.57651228432098
0|0|0|0|0|1|0|1|0|1|0|1|0|1|0|1|1,1,3.01375270747048,3.50372106826248,0.000401422871895204,beta,2,1,sieve_md,TRUE,3.50372106826248
1|0|0|1|0|1|0|1|0|1|0|1|0|1|0|1|1,1,2.82211880039051,3.2519508451364,0.000711687902552468,beta,2,1,sieve_md,TRUE,3.2519508451364
1|0|0|1|0|1|0|2|0|0|1|0|1|0|0|1|1,0,2.45567738147273,4.0131977918391,0.00181527594290359,beta,2,1,sieve_md,FALSE,4.0131977918391
0|0|0|0|0|1|0|2|0|0|0|0|0|1|0|1|1,1,3.33964685192599,4.27861637362345,0.00040383487932052,beta,2,1,sieve_md,TRUE,4.27861637362345
1|0|0|1|0|1|0|2|0|0|0|0|0|1|0|1|1,1,3.11700001661268,3.9494786848116,0.000280038811848963,beta,2,1,sieve_md,TRUE,3.9494786848116
0|0|0|0|0|1|0|2|0|1|0|0|0|1|0|1|1,1,3.33964685192599,3.86623600918948,9.27291037180837e-05,beta,2,1,sieve_md,TRUE,3.86623600918948
1|0|0|1|0|1|0|2|0|1|0|0|0|1|0|1|1,1,3.11700001661268,3.57837407397831,8.34859358026736e-05,beta,2,1,sieve_md,TRUE,3.57837407397831
0|0|0|0|0|1|0|2|0|0|0|1|0|1|0|1|1,1,3.01375270747048,3.90089320869196,0.00208295605570865,beta,2,1,sieve_md,TRUE,3.90089320869196
1|0|0|1|0|1|0|2|0|0|0|1|0|1|0|1|1,1,2.82211880039051,3.60952080251794,0.00245092832138988,beta,2,1,sieve_md,TRUE,3.60952080251794
0|0|0|0|0|1|0|2|0|1|0|1|0|1|0|1|1,1,3.01375270747048,3.53581906658251,0.000627410233762513,beta,2,1,sieve_md,TRUE,3.53581906658251
1|0|0|1|0|1|0|2|0|1|0|1|0|1|0|1|1,1,2.82211880039051,3.28130006801784,0.000955901495781457,beta,2,1,sieve_md,TRUE,3.28130006801784
1|0|0|1|0|1|0|3|0|0|1|0|1|0|0|1|1,0,2.45567738147273,4.05204730831823,0.00146320869044765,beta,2,1,sieve_md,FALSE,4.05204730831823
0|0|0|0|0|1|0|3|0|0|0|0|0|1|0|1|1,1,3.33964685192599,4.32065041097154,5.33829238309678e-05,beta,2,1,sieve_md,TRUE,4.32065041097154
1|0|0|1|0|1|0|3|0|0|0|0|0|1|0|1|1,1,3.11700001661268,3.98715070948244,3.46682717165274e-05,beta,2,1,sieve_md,TRUE,3.98715070948244
0|0|0|0|0|1|0|3|0|1|0|0|0|1|0|1|1,1,3.33964685192599,3.90316105062934,1.67979965377704e-05,beta,2,1,sieve_md,TRUE,3.90316105062934
1|0|0|1|0|1|0|3|0|1|0|0|0|1|0|1|1,1,3.11700001661268,3.61159065810602,1.43409982149011e-05,beta,2,1,sieve_md,TRUE,3.61159065810602
0|0|0|0|0|1|0|3|0|0|0|1|0|1|0|1|1,1,3.01375270747048,3.93783028216134,0.00166574571815994,beta,2,1,sieve_md,TRUE,3.93783028216134
1|0|0|1|0|1|0|3|0|0|0|1|0|1|0|1|1,1,2.82211880039051,3.64314097124882,0.00183558560445151,beta,2,1,sieve_md,TRUE,3.64314097124882
0|0|0|0|0|1|0|3|0|1|0|1|0|1|0|1|1,1,3.01375270747048,3.56845953535317,0.000687579770987722,beta,2,1,sieve_md,TRUE,3.56845953535317
1|0|0|1|0|1|0|3|0|1|0|1|0|1|0|1|1,1,2.82211880039051,3.31035810190562,0.000993365953076338,beta,2,1,sieve_md,TRUE,3.31035810190562
1|0|0|1|0|1|0|0|1|0|1|0|1|0|0|1|1,0,2.45567738147273,3.97001999397154,0.00216934924286896,beta,2,1,sieve_md,FALSE,3.97001999397154
0|0|0|0|0|1|0|0|1|0|0|0|0|1|0|1|1,1,3.33964685192599,4.23179038909487,0.000439379627471713,beta,2,1,sieve_md,TRUE,4.23179038909487
1|0|0|1|0|1|0|0|1|0|0|0|0|1|0|1|1,1,3.11700001661268,3.90707302744173,0.000504835601811794,beta,2,1,sieve_md,TRUE,3.90707302744173
0|0|0|0|0|1|0|0|1|1|0|0|0|1|0|1|1,1,3.33964685192599,3.82527241669978,0.00235313022678301,beta,2,1,sieve_md,TRUE,3.82527241669978
1|0|0|1|0|1|0|0|1|1|0|0|0|1|0|1|1,1,3.11700001661268,3.54202722713015,0.00346599999292768,beta,2,1,sieve_md,TRUE,3.54202722713015
0|0|0|0|0|1|0|0|1|0|0|1|0|1|0|1|1,1,3.01375270747048,3.85886610395375,6.19235809192464e-05,beta,2,1,sieve_md,TRUE,3.85886610395375
1|0|0|1|0|1|0|0|1|0|0|1|0|1|0|1|1,1,2.82211880039051,3.57163484554798,0.000120726392534811,beta,2,1,sieve_md,TRUE,3.57163484554798
0|0|0|0|0|1|0|0|1|1|0|1|0|1|0|1|1,1,3.01375270747048,3.49943465730096,0.000435032160238466,beta,2,1,sieve_md,TRUE,3.49943465730096
1|0|0|1|0|1|0|0|1|1|0|1|0|1|0|1|1,1,2.82211880039051,3.24843921873673,0.00108434690506175,beta,2,1,sieve_md,TRUE,3.24843921873673
1|0|0|1|0|1|0|1|1|0|1|0|1|0|0|1|1,0,2.45567738147273,4.00831528125846,0.00234352775594541,beta,2,1,sieve_md,FALSE,4.00831528125846
0|0|0|0|0|1|0|1|1|0|0|0|0|1|0|1|1,1,3.33964685192599,4.27309347969666,0.000218762623703578,beta,2,1,sieve_md,TRUE,4.27309347969666
1|0|0|1|0|1|0|1|1|0|0|0|0|1|0|1|1,1,3.11700001661268,3.94437001792599,0.000168245732475451,beta,2,1,sieve_md,TRUE,3.94437001792599
0|0|0|0|0|1|0|1|1|1|0|0|0|1|0|1|1,1,3.33964685192599,3.86191521826208,0.00145627276376382,beta,2,1,sieve_md,TRUE,3.86191521826208
1|0|0|1|0|1|0|1|1|1|0|0|0|1|0|1|1,1,3.11700001661268,3.57413372834429,0.00141673343920764,beta,2,1,sieve_md,TRUE,3.57413372834429
0|0|0|0|0|1|0|1|1|0|0|1|0|1|0|1|1,1,3.01375270747048,3.89569620064539,0.000186517393314195,beta,2,1,sieve_md,TRUE,3.89569620064539
1|0|0|1|0|1|0|1|1|0|0|1|0|1|0|1|1,1,2.82211880039051,3.60487551824906,0.000243403250534797,beta,2,1,sieve_md,TRUE,3.60487551824906
0|0|0|0|0|1|0|1|1|1|0|1|0|1|0|1|1,1,3.01375270747048,3.53158488492768,0.0016287266247801,beta,2,1,sieve_md,TRUE,3.53158488492768
1|0|0|1|0|1|0|1|1|1|0|1|0|1|0|1|1,1,2.82211880039051,3.27778345955407,0.00268137711761518,beta,2,1,sieve_md,TRUE,3.27778345955407
1|0|0|1|0|1|0|2|1|0|1|0|1|0|0|1|1,0,2.45567738147273,4.0470880813617,0.00195003709415056,beta,2,1,sieve_md,FALSE,4.0470880813617
0|0|0|0|0|1|0|2|1|0|0|0|0|1|0|1|1,1,3.33964685192599,4.31525996982059,3.51439214184843e-05,beta,2,1,sieve_md,TRUE,4.31525996982059
1|0|0|1|0|1|0|2|1|0|0|0|0|1|0|1|1,1,3.11700001661268,3.98230164134347,2.28471340907205e-05,beta,2,1,sieve_md,TRUE,3.98230164134347
0|0|0|0|0|1|0|2|1|1|0|0|0|1|0|1|1,1,3.33964685192599,3.89857830759218,0.000295340217087261,beta,2,1,sieve_md,TRUE,3.89857830759218
1|0|0|1|0|1|0|2|1|1|0|0|0|1|0|1|1,1,3.11700001661268,3.60735123991663,0.000249279726022982,beta,2,1,sieve_md,TRUE,3.60735123991663
0|0|0|0|0|1|0|2|1|0|0|1|0|1|0|1|1,1,3.01375270747048,3.93300077077264,0.000181270236149859,beta,2,1,sieve_md,TRUE,3.93300077077264
1|0|0|1|0|1|0|2|1|0|0|1|0|1|0|1|1,1,2.82211880039051,3.63823629215584,0.000199960454180689,beta,2,1,sieve_md,TRUE,3.63823629215584
0|0|0|0|0|1|0|2|1|1|0|1|0|1|0|1|1,1,3.01375270747048,3.56475729722211,0.0019982882095522,beta,2,1,sieve_md,TRUE,3.56475729722211
1|0|0|1|0|1|0|2|1|1|0|1|0|1|0|1|1,1,2.82211880039051,3.30724989959466,0.00285421563143968,beta,2,1,sieve_md,TRUE,3.30724989959466
1|0|0|1|0|1|0|3|1|0|1|0|1|0|0|1|1,0,2.45567738147273,4.08633536798255,0.00154445754787601,beta,2,1,sieve_md,FALSE,4.08633536798255
0|0|0|0|0|1|0|3|1|0|0|0|0|1|0|1|1,1,3.33964685192599,4.35796968087615,3.69924499941544e-06,beta,2,1,sieve_md,TRUE,4.35796968087615
1|0|0|1|0|1|0|3|1|0|0|0|0|1|0|1|1,1,3.11700001661268,4.02072192890518,2.28379361192986e-06,beta,2,1,sieve_md,TRUE,4.02072192890518
0|0|0|0|0|1|0|3|1|1|0|0|0|1|0|1|1,1,3.33964685192599,3.93578834872342,4.26018403833901e-05,beta,2,1,sieve_md,TRUE,3.93578834872342
1|0|0|1|0|1|0|3|1|1|0|0|0|1|0|1|1,1,3.11700001661268,3.64094113002809,3.4575158421719e-05,beta,2,1,sieve_md,TRUE,3.64094113002809
0|0|0|0|0|1|0|3|1|0|0|1|0|1|0|1|1,1,3.01375270747048,3.97078592686471,0.000115430198947368,beta,2,1,sieve_md,TRUE,3.97078592686471
1|0|0|1|0|1|0|3|1|0|0|1|0|1|0|1|1,1,2.82211880039051,3.67242382993215,0.000120920324839795,beta,2,1,sieve_md,TRUE,3.67242382993215
0|0|0|0|0|1|0|3|1|1|0|1|0|1|0|1|1,1,3.01375270747048,3.59744435961544,0.00174378912322093,beta,2,1,sieve_md,TRUE,3.59744435961544
1|0|0|1|0|1|0|3|1|1|0|1|0|1|0|1|1,1,2.82211880039051,3.33658685618587,0.00239493685751031,beta,2,1,sieve_md,TRUE,3.33658685618587
0|0|0|0|0|1|0|0|0|0|1|0|1|0|0|0|0,0,1.83053730451109,1.77156694607167,0.016408626962947,beta,2,1,landweber,FALSE,1.77156694607167
0|0|0|0|0|1|0|0|0|0|0|0|0|1|0|0|0,1,1.77880078307141,1.75516904700049,0.00350261383896762,beta,2,1,landweber,TRUE,1.75516904700049
1|0|0|1|0|1|0|0|0|0|0|0|0|1|0|0|0,1,1.70468808971871,1.67924253359343,0.00348157433012709,beta,2,1,landweber,TRUE,1.67924253359343
0|0|0|0|0|1|0|0|0|1|0|0|0|1|0|0|0,1,1.77880078307141,1.66019184399936,0.000349141419095855,beta,2,1,landweber,TRUE,1.66019184399936
1|0|0|1|0|1|0|0|0|1|0|0|0|1|0|0|0,1,1.70468808971871,1.59381456715817,0.000435548231941948,beta,2,1,landweber,TRUE,1.59381456715817
0|0|0|0|0|1|0|0|0|0|0|1|0|1|0|0|0,1,1.67032004603564,1.66807416761087,0.000399286329847866,beta,2,1,landweber,TRUE,1.66807416761087
1|0|0|1|0|1|0|0|0|0|0|1|0|1|0|0|0,1,1.60653065971263,1.60090438298385,0.000684706357326217,beta,2,1,landweber,TRUE,1.60090438298385
0|0|0|0|0|1|0|0|0|1|0|1|0|1|0|0|0,1,1.67032004603564,1.58405084053064,5.21382105666385e-05,beta,2,1,landweber,TRUE,1.58405084053064
1|0|0|1|0|1|0|0|0|1|0|1|0|1|0|0|0,1,1.60653065971263,1.52532896342234,0.000112321789717737,beta,2,1,landweber,TRUE,1.52532896342234
0|0|0|0|0|1|0|1|0|0|1|0|1|0|0|0|0,0,1.83053730451109,1.78151638029027,0.0216080489337248,beta,2,1,landweber,FALSE,1.78151638029027
0|0|0|0|0|1|0|1|0|0|0|0|0|1|0|0|0,1,1.77880078307141,1.76490702864331,0.00223802678194148,beta,2,1,landweber,TRUE,1.76490702864331
1|0|0|1|0|1|0|1|0|0|0|0|0|1|0|0|0,1,1.70468808971871,1.68800143512604,0.00148232240893693,beta,2,1,landweber,TRUE,1.68800143512604
0|0|0|0|0|1|0|1|0|1|0|0|0|1|0|0|0,1,1.77880078307141,1.66870508495268,0.000277292389583944,beta,2,1,landweber,TRUE,1.66870508495268
1|0|0|1|0|1|0|1|0|1|0|0|0|1|0|0|0,1,1.70468808971871,1.60147186637772,0.000227441003058666,beta,2,1,landweber,TRUE,1.60147186637772
0|0|0|0|0|1|0|1|0|0|0|1|0|1|0|0|0,1,1.67032004603564,1.67668905192859,0.0015434321030384,beta,2,1,landweber,TRUE,1.67668905192859
1|0|0|1|0|1|0|1|0|0|0|1|0|1|0|0|0,1,1.60653065971263,1.60865310609932,0.00176360544130717,beta,2,1,landweber,TRUE,1.60865310609932
0|0|0|0|0|1|0|1|0|1|0|1|0|1|0|0|0,1,1.67032004603564,1.5915822355026,0.000250508673141046,beta,2,1,landweber,TRUE,1.5915822355026
1|0|0|1|0|1|0|1|0|1|0|1|0|1|0|0|0,1,1.60653065971263,1.53210313381845,0.000354835112911803,beta,2,1,landweber,TRUE,1.53210313381845
0|0|0|0|0|1|0|2|0|0|1|0|1|0|0|0|0,0,1.83053730451109,1.79159411347472,0.018757598435739,beta,2,1,landweber,FALSE,1.79159411347472
0|0|0|0|0|1|0|2|0|0|0|0|0|1|0|0|0,1,1.77880078307141,1.77477058254952,0.000458017349910382,beta,2,1,landweber,TRUE,1.77477058254952
1|0|0|1|0|1|0|2|0|0|0|0|0|1|0|0|0,1,1.70468808971871,1.69687328358448,0.000253994915871286,beta,2,1,landweber,TRUE,1.69687328358448
0|0|0|0|0|1|0|2|0|1|0|0|0|1|0|0|0,1,1.77880078307141,1.67732810501367,7.16402953230343e-05,beta,2,1,landweber,TRUE,1.67732810501367
1|0|0|1|0|1|0|2|0|1|0|0|0|1|0|0|0,1,1.70468808971871,1.60922790724926,5.0496613326997e-05,beta,2,1,landweber,TRUE,1.60922790724926
0|0|0|0|0|1|0|2|0|0|0|1|0|1|0|0|0,1,1.67032004603564,1.68541502605551,0.0019108836606411,beta,2,1,landweber,TRUE,1.68541502605551
1|0|0|1|0|1|0|2|0|0|0|1|0|1|0|0|0,1,1.60653065971263,1.61650174978723,0.00182815850413023,beta,2,1,landweber,TRUE,1.61650174978723
0|0|0|0|0|1|0|2|0|1|0|1|0|1|0|0|0,1,1.67032004603564,1.59921074857847,0.000391536497242719,beta,2,1,landweber,TRUE,1.59921074857847
1|0|0|1|0|1|0|2|0|1|0|1|0|1|0|0|0,1,1.60653065971263,1.53896465783057,0.000476595729633283,beta,2,1,landweber,TRUE,1.53896465783057
0|0|0|0|0|1|0|3|0|0|1|0|1|0|0|0|0,0,1.83053730451109,1.80180180005323,0.0152011614595537,beta,2,1,landweber,FALSE,1.80180180005323
0|0|0|0|0|1|0|3|0|0|0|0|0|1|0|0|0,1,1.77880078307141,1.78476132798622,6.05453034286365e-05,beta,2,1,landweber,TRUE,1.78476132798622
1|0|0|1|0|1|0|3|0|0|0|0|0|1|0|0|0,1,1.70468808971871,1.70585953543083,3.14440869817413e-05,beta,2,1,landweber,TRUE,1.70585953543083
0|0|0|0|0|1|0|3|0|1|0|0|0|1|0|0|0,1,1.77880078307141,1.6860623197951,1.29777317427742e-05,beta,2,1,landweber,TRUE,1.6860623197951
1|0|0|1|0|1|0|3|0|1|0|0|0|1|0|0|0,1,1.70468808971871,1.61708396305643,8.67417768775642e-06,beta,2,1,landweber,TRUE,1.61708396305643
0|0|0|0|0|1|0|3|0|0|0|1|0|1|0|0|0,1,1.67032004603564,1.69425352250601,0.00152813894795864,beta,2,1,landweber,TRUE,1.69425352250601
1|0|0|1|0|1|0|3|0|0|0|1|0|1|0|0|0,1,1.60653065971263,1.62445160253349,0.00136917159247401,beta,2,1,landweber,TRUE,1.62445160253349
0|0|0|0|0|1|0|3|0|1|0|1|0|1|0|0|0,1,1.67032004603564,1.60693763210609,0.000429085406358523,beta,2,1,landweber,TRUE,1.60693763210609
1|0|0|1|0|1|0|3|0|1|0|1|0|1|0|0|0,1,1.60653065971263,1.54591466189248,0.000495274851319532,beta,2,1,landweber,TRUE,1.54591466189248
0|0|0|0|0|1|0|0|1|0|1|0|1|0|0|0|0,0,1.83053730451109,1.78026955988923,0.016620155226473,beta,2,1,landweber,FALSE,1.78026955988923
0|0|0|0|0|1|0|0|1|0|0|0|0|1|0|0|0,1,1.77880078307141,1.76368670657167,0.000498331132065192,beta,2,1,landweber,TRUE,1.76368670657167
1|0|0|1|0|1|0|0|1|0|0|0|0|1|0|0|0,1,1.70468808971871,1.68690380717237,0.000457885374403654,beta,2,1,landweber,TRUE,1.68690380717237
0|0|0|0|0|1|0|0|1|1|0|0|0|1|0|0|0,1,1.77880078307141,1.66763824212862,0.00181797232606506,beta,2,1,landweber,TRUE,1.66763824212862
1|0|0|1|0|1|0|0|1|1|0|0|0|1|0|0|0,1,1.70468808971871,1.6005122864987,0.00209641611789465,beta,2,1,landweber,TRUE,1.6005122864987
0|0|0|0|0|1|0|0|1|0|0|1|0|1|0|0|0,1,1.67032004603564,1.67560947159428,5.68080918762915e-05,beta,2,1,landweber,TRUE,1.67560947159428
1|0|0|1|0|1|0|0|1|0|0|1|0|1|0|0|0,1,1.60653065971263,1.60768206936999,9.00503614321606e-05,beta,2,1,landweber,TRUE,1.60768206936999
0|0|0|0|0|1|0|0|1|1|0|1|0|1|0|0|0,1,1.67032004603564,1.5906384334036,0.000271482610645742,beta,2,1,landweber,TRUE,1.5906384334036
1|0|0|1|0|1|0|0|1|1|0|1|0|1|0|0|0,1,1.60653065971263,1.53125422385388,0.00054063635915855,beta,2,1,landweber,TRUE,1.53125422385388
0|0|0|0|0|1|0|1|1|0|1|0|1|0|0|0|0,0,1.83053730451109,1.79033121519783,0.0215090340674342,beta,2,1,landweber,FALSE,1.79033121519783
0|0|0|0|0|1|0|1|1|0|0|0|0|1|0|0|0,1,1.77880078307141,1.77353452430069,0.000248113975040352,beta,2,1,landweber,TRUE,1.77353452430069
1|0|0|1|0|1|0|1|1|0|0|0|0|1|0|0|0,1,1.70468808971871,1.69576150160674,0.000152598707242242,beta,2,1,landweber,TRUE,1.69576150160674
0|0|0|0|0|1|0|1|1|1|0|0|0|1|0|0|0,1,1.77880078307141,1.67624750514292,0.00112508162684404,beta,2,1,landweber,TRUE,1.67624750514292
1|0|0|1|0|1|0|1|1|1|0|0|0|1|0|0|0,1,1.70468808971871,1.60825595349013,0.000856913682278011,beta,2,1,landweber,TRUE,1.60825595349013
0|0|0|0|0|1|0|1|1|0|0|1|0|1|0|0|0,1,1.67032004603564,1.68432152442302,0.000171109245599619,beta,2,1,landweber,TRUE,1.68432152442302
1|0|0|1|0|1|0|1|1|0|0|1|0|1|0|0|0,1,1.60653065971263,1.61551819144053,0.000181555583863745,beta,2,1,landweber,TRUE,1.61551819144053
0|0|0|0|0|1|0|1|1|1|0|1|0|1|0|0|0,1,1.67032004603564,1.59825477605545,0.00101640981181977,beta,2,1,landweber,TRUE,1.59825477605545
1|0|0|1|0|1|0|1|1|1|0|1|0|1|0|0|0,1,1.60653065971263,1.5381048010857,0.0013368876285177,beta,2,1,landweber,TRUE,1.5381048010857
0|0|0|0|0|1|0|2|1|0|1|0|1|0|0|0|0,0,1.83053730451109,1.80052261657467,0.0181122003680411,beta,2,1,landweber,FALSE,1.80052261657467
0|0|0|0|0|1|0|2|1|0|0|0|0|1|0|0|0,1,1.77880078307141,1.7835093306406,3.98591765541312e-05,beta,2,1,landweber,TRUE,1.7835093306406
1|0|0|1|0|1|0|2|1|0|0|0|0|1|0|0|0,1,1.70468808971871,1.70473341691145,2.07223272479901e-05,beta,2,1,landweber,TRUE,1.70473341691145
0|0|0|0|0|1|0|2|1|1|0|0|0|1|0|0|0,1,1.77880078307141,1.68496778547915,0.000228172812251331,beta,2,1,landweber,TRUE,1.68496778547915
1|0|0|1|0|1|0|2|1|1|0|0|0|1|0|0|0,1,1.70468808971871,1.61609947585476,0.000150777275408335,beta,2,1,landweber,TRUE,1.61609947585476
0|0|0|0|0|1|0|2|1|0|0|1|0|1|0|0|0,1,1.67032004603564,1.69314592005878,0.000166295554565348,beta,2,1,landweber,TRUE,1.69314592005878
1|0|0|1|0|1|0|2|1|0|0|1|0|1|0|0|0,1,1.60653065971263,1.62345536110191,0.000149151405861133,beta,2,1,landweber,TRUE,1.62345536110191
0|0|0|0|0|1|0|2|1|1|0|1|0|1|0|0|0,1,1.67032004603564,1.60596933222018,0.00124703539079608,beta,2,1,landweber,TRUE,1.60596933222018
1|0|0|1|0|1|0|2|1|1|0|1|0|1|0|0|0,1,1.60653065971263,1.54504371720746,0.00142306188179427,beta,2,1,landweber,TRUE,1.54504371720746
0|0|0|0|0|1|0|3|1|0|1|0|1|0|0|0|0,0,1.83053730451109,1.81084543710846,0.0144288683972106,beta,2,1,landweber,FALSE,1.81084543710846
0|0|0|0|0|1|0|3|1|0|0|0|0|1|0|0|0,1,1.77880078307141,1.79361276312245,4.19557219562683e-06,beta,2,1,landweber,TRUE,1.79361276312245
1|0|0|1|0|1|0|3|1|0|0|0|0|1|0|0|0,1,1.70468808971871,1.71382102597623,2.07139846973198e-06,beta,2,1,landweber,TRUE,1.71382102597623
0|0|0|0|0|1|0|3|1|1|0|0|0|1|0|0|0,1,1.77880078307141,1.69380051471694,3.2913166460118e-05,beta,2,1,landweber,TRUE,1.69380051471694
1|0|0|1|0|1|0|3|1|1|0|0|0|1|0|0|0,1,1.70468808971871,1.62404414123776,2.09128446456882e-05,beta,2,1,landweber,TRUE,1.62404414123776
0|0|0|0|0|1|0|3|1|0|0|1|0|1|0|0|0,1,1.67032004603564,1.70208410717349,0.0001058945437224,beta,2,1,landweber,TRUE,1.70208410717349
1|0|0|1|0|1|0|3|1|0|0|1|0|1|0|0|0,1,1.60653065971263,1.63149488137309,9.01950164143109e-05,beta,2,1,landweber,TRUE,1.63149488137309
0|0|0|0|0|1|0|3|1|1|0|1|0|1|0|0|0,1,1.67032004603564,1.61378336837104,0.00108821477319784,beta,2,1,landweber,TRUE,1.61378336837104
1|0|0|1|0|1|0|3|1|1|0|1|0|1|0|0|0,1,1.60653065971263,1.55207211135812,0.00119407353589049,beta,2,1,landweber,TRUE,1.55207211135812
0|0|0|0|0|1|0|0|0|0|1|0|1|0|0|1|0,0,1.83053730451109,2.73592344274923,0.00217191177357548,beta,2,1,landweber,FALSE,2.73592344274923
0|0|0|0|0|1|0|0|0|0|0|0|0|1|0|1|0,1,2.22140275816017,2.69903034156802,0.00243812969989423,beta,2,1,landweber,TRUE,2.69903034156802
1|0|0|1|0|1|0|0|0|0|0|0|0|1|0|1|0,1,2.10517091807565,2.52820574206881,0.00239311113130031,beta,2,1,landweber,TRUE,2.52820574206881
0|0|0|0|0|1|0|0|0|1|0|0|0|1|0|1|0,1,2.22140275816017,2.48534421354524,0.000284870795156022,beta,2,1,landweber,TRUE,2.48534421354524
1|0|0|1|0|1|0|0|0|1|0|0|0|1|0|1|0,1,2.10517091807565,2.33600413162347,0.000355398130512882,beta,2,1,landweber,TRUE,2.33600413162347
0|0|0|0|0|1|0|0|0|0|0|1|0|1|0|1|0,1,2.05127109637602,2.50307839774043,0.000341577967159091,beta,2,1,landweber,TRUE,2.50307839774043
1|0|0|1|0|1|0|0|0|0|0|1|0|1|0|1|0,1,1.95122942450071,2.35195527825985,0.000574002086565029,beta,2,1,landweber,TRUE,2.35195527825985
0|0|0|0|0|1|0|0|0|1|0|1|0|1|0|1|0,1,2.05127109637602,2.31403703981423,5.20153711259976e-05,beta,2,1,landweber,TRUE,2.31403703981423
1|0|0|1|0|1|0|0|0|1|0|1|0|1|0|1|0,1,1.95122942450071,2.18192059341444,0.000110684793440412,beta,2,1,landweber,TRUE,2.18192059341444
0|0|0|0|0|1|0|1|0|0|1|0|1|0|0|1|0,0,1.83053730451109,2.75830835204334,0.00286012815021807,beta,2,1,landweber,FALSE,2.75830835204334
0|0|0|0|0|1|0|1|0|0|0|0|0|1|0|1|0,1,2.22140275816017,2.7209395105713,0.00155786501654962,beta,2,1,landweber,TRUE,2.7209395105713
1|0|0|1|0|1|0|1|0|0|0|0|0|1|0|1|0,1,2.10517091807565,2.54791211049297,0.00101889602824403,beta,2,1,landweber,TRUE,2.54791211049297
0|0|0|0|0|1|0|1|0|1|0|0|0|1|0|1|0,1,2.22140275816017,2.50449787820115,0.000226247873185749,beta,2,1,landweber,TRUE,2.50449787820115
1|0|0|1|0|1|0|1|0|1|0|0|0|1|0|1|0,1,2.10517091807565,2.35323204073886,0.000185587040334486,beta,2,1,landweber,TRUE,2.35323204073886
0|0|0|0|0|1|0|1|0|0|0|1|0|1|0|1|0,1,2.05127109637602,2.52246074650466,0.00132036175745063,beta,2,1,landweber,TRUE,2.52246074650466
1|0|0|1|0|1|0|1|0|0|0|1|0|1|0|1|0,1,1.95122942450071,2.36938887903294,0.00147846327459386,beta,2,1,landweber,TRUE,2.36938887903294
0|0|0|0|0|1|0|1|0|1|0|1|0|1|0|1|0,1,2.05127109637602,2.33098168104723,0.00024991846597916,beta,2,1,landweber,TRUE,2.33098168104723
1|0|0|1|0|1|0|1|0|1|0|1|0|1|0|1|0,1,1.95122942450071,2.19716157963819,0.000349663687488823,beta,2,1,landweber,TRUE,2.19716157963819
0|0|0|0|0|1|0|2|0|0|1|0|1|0|0|1|0,0,1.83053730451109,2.78098191701879,0.00248283107286056,beta,2,1,landweber,FALSE,2.78098191701879
0|0|0|0|0|1|0|2|0|0|0|0|0|1|0|1|0,1,2.22140275816017,2.74313120053649,0.00031882067370935,beta,2,1,landweber,TRUE,2.74313120053649
1|0|0|1|0|1|0|2|0|0|0|0|0|1|0|1|0,1,2.10517091807565,2.5678725945416,0.000174587127210084,beta,2,1,landweber,TRUE,2.5678725945416
0|0|0|0|0|1|0|2|0|1|0|0|0|1|0|1|0,1,2.22140275816017,2.52389853131024,5.84526119723482e-05,beta,2,1,landweber,TRUE,2.52389853131024
1|0|0|1|0|1|0|2|0|1|0|0|0|1|0|1|0,1,2.10517091807565,2.37068210549393,4.12041667432106e-05,beta,2,1,landweber,TRUE,2.37068210549393
0|0|0|0|0|1|0|2|0|0|0|1|0|1|0|1|0,1,2.05127109637602,2.5420930326269,0.00163470599288486,beta,2,1,landweber,TRUE,2.5420930326269
1|0|0|1|0|1|0|2|0|0|0|1|0|1|0|1|0,1,1.95122942450071,2.38704728786056,0.00153257930894659,beta,2,1,landweber,TRUE,2.38704728786056
0|0|0|0|0|1|0|2|0|1|0|1|0|1|0|1|0,1,2.05127109637602,2.34814482515178,0.000390614023613703,beta,2,1,landweber,TRUE,2.34814482515178
1|0|0|1|0|1|0|2|0|1|0|1|0|1|0|1|0,1,1.95122942450071,2.21259909992892,0.000469649744912425,beta,2,1,landweber,TRUE,2.21259909992892
0|0|0|0|0|1|0|3|0|0|1|0|1|0|0|1|0,0,1.83053730451109,2.80394785991992,0.00201208678950288,beta,2,1,landweber,FALSE,2.80394785991992
0|0|0|0|0|1|0|3|0|0|0|0|0|1|0|1|0,1,2.22140275816017,2.76560905460011,4.21448978577599e-05,beta,2,1,landweber,TRUE,2.76560905460011
1|0|0|1|0|1|0|3|0|0|0|0|0|1|0|1|0,1,2.10517091807565,2.58809047106152,2.16135539369149e-05,beta,2,1,landweber,TRUE,2.58809047106152
0|0|0|0|0|1|0|3|0|1|0|0|0|1|0|1|0,1,2.22140275816017,2.54354935781373,1.05887659231592e-05,beta,2,1,landweber,TRUE,2.54354935781373
1|0|0|1|0|1|0|3|0|1|0|0|0|1|0|1|0,1,2.10517091807565,2.38835719060826,7.07794523747733e-06,beta,2,1,landweber,TRUE,2.38835719060826
0|0|0|0|0|1|0|3|0|0|0|1|0|1|0|1|0,1,2.05127109637602,2.56197847907479,0.00130727890328534,beta,2,1,landweber,TRUE,2.56197847907479
1|0|0|1|0|1|0|3|0|0|0|1|0|1|0|1|0,1,1.95122942450071,2.40493340366543,0.0011478020359189,beta,2,1,landweber,TRUE,2.40493340366543
0|0|0|0|0|1|0|3|0|1|0|1|0|1|0|1|0,1,2.05127109637602,2.36552928974462,0.000428074466191389,beta,2,1,landweber,TRUE,2.36552928974462
1|0|0|1|0|1|0|3|0|1|0|1|0|1|0|1|0,1,1.95122942450071,2.2282356886134,0.000488056634000342,beta,2,1,landweber,TRUE,2.2282356886134
0|0|0|0|0|1|0|0|1|0|1|0|1|0|0|1|0,0,1.83053730451109,2.75550317126923,0.0021999105041843,beta,2,1,landweber,FALSE,2.75550317126923
0|0|0|0|0|1|0|0|1|0|0|0|0|1|0|1|0,1,2.22140275816017,2.71819394752892,0.000346882639459957,beta,2,1,landweber,TRUE,2.71819394752892
1|0|0|1|0|1|0|0|1|0|0|0|0|1|0|1|0,1,2.10517091807565,2.54544259296646,0.000314734221487954,beta,2,1,landweber,TRUE,2.54544259296646
0|0|0|0|0|1|0|0|1|1|0|0|0|1|0|1|0,1,2.22140275816017,2.5020976231391,0.00148331648373009,beta,2,1,landweber,TRUE,2.5020976231391
1|0|0|1|0|1|0|0|1|1|0|0|0|1|0|1|0,1,2.10517091807565,2.35107311309731,0.00171063114125128,beta,2,1,landweber,TRUE,2.35107311309731
0|0|0|0|0|1|0|0|1|0|0|1|0|1|0|1|0,1,2.05127109637602,2.52003183373149,4.85976881519683e-05,beta,2,1,landweber,TRUE,2.52003183373149
1|0|0|1|0|1|0|0|1|0|0|1|0|1|0|1|0,1,1.95122942450071,2.36720417499551,7.54908944614469e-05,beta,2,1,landweber,TRUE,2.36720417499551
0|0|0|0|0|1|0|0|1|1|0|1|0|1|0|1|0,1,2.05127109637602,2.32885825132114,0.000270842988156343,beta,2,1,landweber,TRUE,2.32885825132114
1|0|0|1|0|1|0|0|1|1|0|1|0|1|0|1|0,1,1.95122942450071,2.19525164464709,0.000532757035747186,beta,2,1,landweber,TRUE,2.19525164464709
0|0|0|0|0|1|0|1|1|0|1|0|1|0|0|1|0,0,1.83053730451109,2.77814056315337,0.00284702214480146,beta,2,1,landweber,FALSE,2.77814056315337
0|0|0|0|0|1|0|1|1|0|0|0|0|1|0|1|0,1,2.22140275816017,2.74035023317953,0.000172709319187467,beta,2,1,landweber,TRUE,2.74035023317953
1|0|0|1|0|1|0|1|1|0|0|0|0|1|0|1|0,1,2.10517091807565,2.5653712323355,0.000104890957450883,beta,2,1,landweber,TRUE,2.5653712323355
0|0|0|0|0|1|0|1|1|1|0|0|0|1|0|1|0,1,2.22140275816017,2.52146732471512,0.000917974437076171,beta,2,1,landweber,TRUE,2.52146732471512
1|0|0|1|0|1|0|1|1|1|0|0|0|1|0|1|0,1,2.10517091807565,2.36849533826093,0.000699223411686598,beta,2,1,landweber,TRUE,2.36849533826093
0|0|0|0|0|1|0|1|1|0|0|1|0|1|0|1|0,1,2.05127109637602,2.53963279877656,0.000146379036558333,beta,2,1,landweber,TRUE,2.53963279877656
1|0|0|1|0|1|0|1|1|0|0|1|0|1|0|1|0,1,1.95122942450071,2.38483441184244,0.000152201425983944,beta,2,1,landweber,TRUE,2.38483441184244
0|0|0|0|0|1|0|1|1|1|0|1|0|1|0|1|0,1,2.05127109637602,2.34599401358347,0.00101401511489042,beta,2,1,landweber,TRUE,2.34599401358347
1|0|0|1|0|1|0|1|1|1|0|1|0|1|0|1|0,1,1.95122942450071,2.21066453613191,0.00131740360786075,beta,2,1,landweber,TRUE,2.21066453613191
0|0|0|0|0|1|0|2|1|0|1|0|1|0|0|1|0,0,1.83053730451109,2.80106986650752,0.00239740359224069,beta,2,1,landweber,FALSE,2.80106986650752
0|0|0|0|0|1|0|2|1|0|0|0|0|1|0|1|0,1,2.22140275816017,2.76279222638633,2.77455199567758e-05,beta,2,1,landweber,TRUE,2.76279222638633
1|0|0|1|0|1|0|2|1|0|0|0|0|1|0|1|0,1,2.10517091807565,2.58555685353545,1.4243795278041e-05,beta,2,1,landweber,TRUE,2.58555685353545
0|0|0|0|0|1|0|2|1|1|0|0|0|1|0|1|0,1,2.22140275816017,2.54108680056238,0.000186170322121469,beta,2,1,landweber,TRUE,2.54108680056238
1|0|0|1|0|1|0|2|1|1|0|0|0|1|0|1|0,1,2.10517091807565,2.38614222478945,0.000123031062633473,beta,2,1,landweber,TRUE,2.38614222478945
0|0|0|0|0|1|0|2|1|0|0|1|0|1|0|1|0,1,2.05127109637602,2.55948652025881,0.000142261062375133,beta,2,1,landweber,TRUE,2.55948652025881
1|0|0|1|0|1|0|2|1|0|0|1|0|1|0|1|0,1,1.95122942450071,2.40269199238606,0.000125036400293869,beta,2,1,landweber,TRUE,2.40269199238606
0|0|0|0|0|1|0|2|1|1|0|1|0|1|0|1|0,1,2.05127109637602,2.36335074324244,0.00124409733196744,beta,2,1,landweber,TRUE,2.36335074324244
1|0|0|1|0|1|0|2|1|1|0|1|0|1|0|1|0,1,1.95122942450071,2.22627617841954,0.00140232194336598,beta,2,1,landweber,TRUE,2.22627617841954
0|0|0|0|0|1|0|3|1|0|1|0|1|0|0|1|0,0,1.83053730451109,2.82429484555975,0.00190986297769089,beta,2,1,landweber,FALSE,2.82429484555975
0|0|0|0|0|1|0|3|1|0|0|0|0|1|0|1|0,1,2.22140275816017,2.78552361137732,2.92049013922223e-06,beta,2,1,landweber,TRUE,2.78552361137732
1|0|0|1|0|1|0|3|1|0|0|0|0|1|0|1|0,1,2.10517091807565,2.60600277037314,1.42380609035944e-06,beta,2,1,landweber,TRUE,2.60600277037314
0|0|0|0|0|1|0|3|1|1|0|0|0|1|0|1|0,1,2.22140275816017,2.56095927154549,2.68544474754002e-05,beta,2,1,landweber,TRUE,2.56095927154549
1|0|0|1|0|1|0|3|1|1|0|0|0|1|0|1|0,1,2.10517091807565,2.40401666971399,1.7064438208475e-05,beta,2,1,landweber,TRUE,2.40401666971399
0|0|0|0|0|1|0|3|1|0|0|1|0|1|0|1|0,1,2.05127109637602,2.5795962574982,9.05897354204905e-05,beta,2,1,landweber,TRUE,2.5795962574982
1|0|0|1|0|1|0|3|1|0|0|1|0|1|0|1|0,1,1.95122942450071,2.42077984824646,7.56121614260338e-05,beta,2,1,landweber,TRUE,2.42077984824646
0|0|0|0|0|1|0|3|1|1|0|1|0|1|0|1|0,1,2.05127109637602,2.38093128969512,0.00108565090127772,beta,2,1,landweber,TRUE,2.38093128969512
1|0|0|1|0|1|0|3|1|1|0|1|0|1|0|1|0,1,1.95122942450071,2.24208913442178,0.00117667091135951,beta,2,1,landweber,TRUE,2.24208913442178
1|0|0|1|0|1|0|0|0|0|1|0|1|0|0|0|1,0,2.45567738147273,2.30557605374412,0.0119086953768889,beta,2,1,landweber,FALSE,2.30557605374412
0|0|0|0|0|1|0|0|0|0|0|0|0|1|0|0|1,1,2.49182469764127,2.42066620608346,0.00302498230758369,beta,2,1,landweber,TRUE,2.42066620608346
1|0|0|1|0|1|0|0|0|0|0|0|0|1|0|0|1,1,2.349858807576,2.27782900668871,0.00369902966371158,beta,2,1,landweber,TRUE,2.27782900668871
0|0|0|0|0|1|0|0|0|1|0|0|0|1|0|0|1,1,2.49182469764127,2.24198978497221,0.000370120280505743,beta,2,1,landweber,TRUE,2.24198978497221
1|0|0|1|0|1|0|0|0|1|0|0|0|1|0|0|1,1,2.349858807576,2.11711714296619,0.000568978215856641,beta,2,1,landweber,TRUE,2.11711714296619
0|0|0|0|0|1|0|0|0|0|0|1|0|1|0|0|1,1,2.28402541668774,2.25681845257288,0.000350882670742753,beta,2,1,landweber,TRUE,2.25681845257288
1|0|0|1|0|1|0|0|0|0|0|1|0|1|0|0|1,1,2.16183424272828,2.130454900639,0.000737954671131801,beta,2,1,landweber,TRUE,2.130454900639
0|0|0|0|0|1|0|0|0|1|0|1|0|1|0|0|1,1,2.28402541668774,2.09874907488889,5.66729020607878e-05,beta,2,1,landweber,TRUE,2.09874907488889
1|0|0|1|0|1|0|0|0|1|0|1|0|1|0|0|1,1,2.16183424272828,1.98827819860377,0.000149912039557223,beta,2,1,landweber,TRUE,1.98827819860377
1|0|0|1|0|1|0|1|0|0|1|0|1|0|0|0|1,0,2.45567738147273,2.32241158970148,0.0132221042607414,beta,2,1,landweber,FALSE,2.32241158970148
0|0|0|0|0|1|0|1|0|0|0|0|0|1|0|0|1,1,2.49182469764127,2.43898584125701,0.00193283979636957,beta,2,1,landweber,TRUE,2.43898584125701
1|0|0|1|0|1|0|1|0|0|0|0|0|1|0|0|1,1,2.349858807576,2.29430674165311,0.00157490664909686,beta,2,1,landweber,TRUE,2.29430674165311
0|0|0|0|0|1|0|1|0|1|0|0|0|1|0|0|1,1,2.49182469764127,2.25800536952863,0.000293954058159854,beta,2,1,landweber,TRUE,2.25800536952863
1|0|0|1|0|1|0|1|0|1|0|0|0|1|0|0|1,1,2.349858807576,2.13152248210753,0.00029711744106038,beta,2,1,landweber,TRUE,2.13152248210753
0|0|0|0|0|1|0|1|0|0|0|1|0|1|0|0|1,1,2.28402541668774,2.27302525430572,0.00135632887464633,beta,2,1,landweber,TRUE,2.27302525430572
1|0|0|1|0|1|0|1|0|0|0|1|0|1|0|0|1,1,2.16183424272828,2.14503223152164,0.00190075768907463,beta,2,1,landweber,TRUE,2.14503223152164
0|0|0|0|0|1|0|1|0|1|0|1|0|1|0|0|1,1,2.28402541668774,2.11291755592479,0.000272296523873887,beta,2,1,landweber,TRUE,2.11291755592479
1|0|0|1|0|1|0|1|0|1|0|1|0|1|0|0|1,1,2.16183424272828,2.00102214645786,0.000473586252647876,beta,2,1,landweber,TRUE,2.00102214645786
1|0|0|1|0|1|0|2|0|0|1|0|1|0|0|0|1,0,2.45567738147273,2.33946422160676,0.0113447292461033,beta,2,1,landweber,FALSE,2.33946422160676
0|0|0|0|0|1|0|2|0|0|0|0|0|1|0|0|1,1,2.49182469764127,2.45754170998878,0.000395560128447857,beta,2,1,landweber,TRUE,2.45754170998878
1|0|0|1|0|1|0|2|0|0|0|0|0|1|0|0|1,1,2.349858807576,2.31099695868525,0.000269859161158716,beta,2,1,landweber,TRUE,2.31099695868525
0|0|0|0|0|1|0|2|0|1|0|0|0|1|0|0|1,1,2.49182469764127,2.27422747667628,7.59449459452304e-05,beta,2,1,landweber,TRUE,2.27422747667628
1|0|0|1|0|1|0|2|0|1|0|0|0|1|0|0|1,1,2.349858807576,2.14611357956175,6.59662256680378e-05,beta,2,1,landweber,TRUE,2.14611357956175
0|0|0|0|0|1|0|2|0|0|0|1|0|1|0|0|1,1,2.28402541668774,2.28944104439472,0.00167923595726382,beta,2,1,landweber,TRUE,2.28944104439472
1|0|0|1|0|1|0|2|0|0|0|1|0|1|0|0|1,1,2.16183424272828,2.15979753856816,0.0019703309210688,beta,2,1,landweber,TRUE,2.15979753856816
0|0|0|0|0|1|0|2|0|1|0|1|0|1|0|0|1,1,2.28402541668774,2.12726874096424,0.000425590163534666,beta,2,1,landweber,TRUE,2.12726874096424
1|0|0|1|0|1|0|2|0|1|0|1|0|1|0|0|1,1,2.16183424272828,2.01393042881527,0.000636095970809712,beta,2,1,landweber,TRUE,2.01393042881527
1|0|0|1|0|1|0|3|0|0|1|0|1|0|0|0|1,0,2.45567738147273,2.35673674893428,0.00914445348574507,beta,2,1,landweber,FALSE,2.35673674893428
0|0|0|0|0|1|0|3|0|0|0|0|0|1|0|0|1,1,2.49182469764127,2.4763368585345,5.22890846947871e-05,beta,2,1,landweber,TRUE,2.4763368585345
1|0|0|1|0|1|0|3|0|0|0|0|0|1|0|0|1,1,2.349858807576,2.32790239776299,3.34080503430016e-05,beta,2,1,landweber,TRUE,2.32790239776299
0|0|0|0|0|1|0|3|0|1|0|0|0|1|0|0|1,1,2.49182469764127,2.29065876954499,1.3757524745711e-05,beta,2,1,landweber,TRUE,2.29065876954499
1|0|0|1|0|1|0|3|0|1|0|0|0|1|0|0|1,1,2.349858807576,2.16089283070119,1.13315077019092e-05,beta,2,1,landweber,TRUE,2.16089283070119
0|0|0|0|0|1|0|3|0|0|0|1|0|1|0|0|1,1,2.28402541668774,2.30606851776599,0.00134288963894669,beta,2,1,landweber,TRUE,2.30606851776599
1|0|0|1|0|1|0|3|0|0|0|1|0|1|0|0|1,1,2.16183424272828,2.1747532457503,0.00147564946847103,beta,2,1,landweber,TRUE,2.1747532457503
0|0|0|0|0|1|0|3|0|1|0|1|0|1|0|0|1,1,2.28402541668774,2.14180498599392,0.000466404867869207,beta,2,1,landweber,TRUE,2.14180498599392
1|0|0|1|0|1|0|3|0|1|0|1|0|1|0|0|1,1,2.16183424272828,2.02700516478613,0.000661026353740398,beta,2,1,landweber,TRUE,2.02700516478613
1|0|0|1|0|1|0|0|1|0|1|0|1|0|0|0|1,0,2.45567738147273,2.32030183258033,0.0135575419796628,beta,2,1,landweber,FALSE,2.32030183258033
0|0|0|0|0|1|0|0|1|0|0|0|0|1|0|0|1,1,2.49182469764127,2.43669010319069,0.000430376549377099,beta,2,1,landweber,TRUE,2.43669010319069
1|0|0|1|0|1|0|0|1|0|0|0|0|1|0|0|1,1,2.349858807576,2.292241822617,0.000486484395246839,beta,2,1,landweber,TRUE,2.292241822617
0|0|0|0|0|1|0|0|1|1|0|0|0|1|0|0|1,1,2.49182469764127,2.25599836519845,0.00192720883422355,beta,2,1,landweber,TRUE,2.25599836519845
1|0|0|1|0|1|0|0|1|1|0|0|0|1|0|0|1,1,2.349858807576,2.12971726682285,0.00273865215141498,beta,2,1,landweber,TRUE,2.12971726682285
0|0|0|0|0|1|0|0|1|0|0|1|0|1|0|0|1,1,2.28402541668774,2.27099428745955,4.99215062157215e-05,beta,2,1,landweber,TRUE,2.27099428745955
1|0|0|1|0|1|0|0|1|0|0|1|0|1|0|0|1,1,2.16183424272828,2.14320546296999,9.70534071210754e-05,beta,2,1,landweber,TRUE,2.14320546296999
0|0|0|0|0|1|0|0|1|1|0|1|0|1|0|0|1,1,2.28402541668774,2.11114202268148,0.000295094657778261,beta,2,1,landweber,TRUE,2.11114202268148
1|0|0|1|0|1|0|0|1|1|0|1|0|1|0|0|1,1,2.16183424272828,1.9994251295999,0.000721568802134668,beta,2,1,landweber,TRUE,1.9994251295999
1|0|0|1|0|1|0|1|1|0|1|0|1|0|0|0|1,0,2.45567738147273,2.33732725895302,0.0146460861644001,beta,2,1,landweber,FALSE,2.33732725895302
0|0|0|0|0|1|0|1|1|0|0|0|0|1|0|0|1,1,2.49182469764127,2.45521636814667,0.000214280083179978,beta,2,1,landweber,TRUE,2.45521636814667
1|0|0|1|0|1|0|1|1|0|0|0|0|1|0|0|1,1,2.349858807576,2.30890541230821,0.000162129855981701,beta,2,1,landweber,TRUE,2.30890541230821
0|0|0|0|0|1|0|1|1|1|0|0|0|1|0|0|1,1,2.49182469764127,2.27219459182121,0.00119268440965192,beta,2,1,landweber,TRUE,2.27219459182121
1|0|0|1|0|1|0|1|1|1|0|0|0|1|0|0|1,1,2.349858807576,2.14428508584243,0.00111942876202669,beta,2,1,landweber,TRUE,2.14428508584243
0|0|0|0|0|1|0|1|1|0|0|1|0|1|0|0|1,1,2.28402541668774,2.28738388802457,0.000150366452835106,beta,2,1,landweber,TRUE,2.28738388802457
1|0|0|1|0|1|0|1|1|0|0|1|0|1|0|0|1,1,2.16183424272828,2.1579472136503,0.000195674817020108,beta,2,1,landweber,TRUE,2.1579472136503
0|0|0|0|0|1|0|1|1|1|0|1|0|1|0|0|1,1,2.28402541668774,2.12547031203922,0.00110481148265077,beta,2,1,landweber,TRUE,2.12547031203922
1|0|0|1|0|1|0|1|1|1|0|1|0|1|0|0|1,1,2.16183424272828,2.01231281826255,0.00178429805609,beta,2,1,landweber,TRUE,2.01231281826255
1|0|0|1|0|1|0|2|1|0|1|0|1|0|0|0|1,0,2.45567738147273,2.35457222992985,0.0121869311051466,beta,2,1,landweber,FALSE,2.35457222992985
0|0|0|0|0|1|0|2|1|0|0|0|0|1|0|0|1,1,2.49182469764127,2.47398153117291,3.44238073091837e-05,beta,2,1,landweber,TRUE,2.47398153117291
1|0|0|1|0|1|0|2|1|0|0|0|0|1|0|0|1,1,2.349858807576,2.32578388068277,2.20166211958071e-05,beta,2,1,landweber,TRUE,2.32578388068277
0|0|0|0|0|1|0|2|1|1|0|0|0|1|0|0|1,1,2.49182469764127,2.28859967043301,0.000241883032648902,beta,2,1,landweber,TRUE,2.28859967043301
1|0|0|1|0|1|0|2|1|1|0|0|0|1|0|0|1,1,2.349858807576,2.15904075836945,0.000196967818629543,beta,2,1,landweber,TRUE,2.15904075836945
0|0|0|0|0|1|0|2|1|0|0|1|0|1|0|0|1,1,2.28402541668774,2.30398483415528,0.000146136303591382,beta,2,1,landweber,TRUE,2.30398483415528
1|0|0|1|0|1|0|2|1|0|0|1|0|1|0|0|1,1,2.16183424272828,2.1728790607045,0.00016075062759883,beta,2,1,landweber,TRUE,2.1728790607045
0|0|0|0|0|1|0|2|1|1|0|1|0|1|0|0|1,1,2.28402541668774,2.13998336614506,0.00135549559144525,beta,2,1,landweber,TRUE,2.13998336614506
1|0|0|1|0|1|0|2|1|1|0|1|0|1|0|0|1,1,2.16183424272828,2.02536669498086,0.00189931187574578,beta,2,1,landweber,TRUE,2.02536669498086
1|0|0|1|0|1|0|3|1|0|1|0|1|0|0|0|1,0,2.45567738147273,2.3720395765608,0.00965222548188887,beta,2,1,landweber,FALSE,2.3720395765608
0|0|0|0|0|1|0|3|1|0|0|0|0|1|0|0|1,1,2.49182469764127,2.49298867288433,3.623445873697e-06,beta,2,1,landweber,TRUE,2.49298867288433
1|0|0|1|0|1|0|3|1|0|0|0|0|1|0|0|1,1,2.349858807576,2.34287999862313,2.20077575785253e-06,beta,2,1,landweber,TRUE,2.34287999862313
0|0|0|0|0|1|0|3|1|1|0|0|0|1|0|0|1,1,2.49182469764127,2.3052162942015,3.48908199837689e-05,beta,2,1,landweber,TRUE,2.3052162942015
1|0|0|1|0|1|0|3|1|1|0|0|0|1|0|0|1,1,2.349858807576,2.17398670679399,2.73194841864878e-05,beta,2,1,landweber,TRUE,2.17398670679399
0|0|0|0|0|1|0|3|1|0|0|1|0|1|0|0|1,1,2.28402541668774,2.32079985117426,9.30574315743746e-05,beta,2,1,landweber,TRUE,2.32079985117426
1|0|0|1|0|1|0|3|1|0|0|1|0|1|0|0|1,1,2.16183424272828,2.18800345544466,9.72093116466258e-05,beta,2,1,landweber,TRUE,2.18800345544466
0|0|0|0|0|1|0|3|1|1|0|1|0|1|0|0|1,1,2.28402541668774,2.1546835675592,0.00118286164009636,beta,2,1,landweber,TRUE,2.1546835675592
1|0|0|1|0|1|0|3|1|1|0|1|0|1|0|0|1,1,2.16183424272828,2.03858890276671,0.00159368898587253,beta,2,1,landweber,TRUE,2.03858890276671
1|0|0|1|0|1|0|0|0|0|1|0|1|0|0|1|1,0,2.45567738147273,3.93737321113277,0.0019055164526257,beta,2,1,landweber,FALSE,3.93737321113277
0|0|0|0|0|1|0|0|0|0|0|0|0|1|0|1|1,1,3.33964685192599,4.1963108114183,0.00308826213077438,beta,2,1,landweber,TRUE,4.1963108114183
1|0|0|1|0|1|0|0|0|0|0|0|0|1|0|1|1,1,3.11700001661268,3.87494603006211,0.00383856478161443,beta,2,1,landweber,TRUE,3.87494603006211
0|0|0|0|0|1|0|0|0|1|0|0|0|1|0|1|1,1,3.33964685192599,3.79431252772727,0.00045191844502641,beta,2,1,landweber,TRUE,3.79431252772727
1|0|0|1|0|1|0|0|0|1|0|0|0|1|0|1|1,1,3.11700001661268,3.51336562127938,0.000720090899867005,beta,2,1,landweber,TRUE,3.51336562127938
0|0|0|0|0|1|0|0|0|0|0|1|0|1|0|1|1,1,3.01375270747048,3.82767506592801,0.000435241504152723,beta,2,1,landweber,TRUE,3.82767506592801
1|0|0|1|0|1|0|0|0|0|0|1|0|1|0|1|1,1,2.82211880039051,3.54337380959772,0.000917954432952705,beta,2,1,landweber,TRUE,3.54337380959772
0|0|0|0|0|1|0|0|0|1|0|1|0|1|0|1|1,1,3.01375270747048,3.47203990076252,8.35478866208866e-05,beta,2,1,landweber,TRUE,3.47203990076252
1|0|0|1|0|1|0|0|0|1|0|1|0|1|0|1|1,1,2.82211880039051,3.22349505982454,0.000225282267809345,beta,2,1,landweber,TRUE,3.22349505982454
1|0|0|1|0|1|0|1|0|0|1|0|1|0|0|1|1,0,2.45567738147273,3.97525093734748,0.00211567568149158,beta,2,1,landweber,FALSE,3.97525093734748
0|0|0|0|0|1|0|1|0|0|0|0|0|1|0|1|1,1,3.33964685192599,4.23752756431615,0.00197327301155353,beta,2,1,landweber,TRUE,4.23752756431615
1|0|0|1|0|1|0|1|0|0|0|0|0|1|0|1|1,1,3.11700001661268,3.91201875142964,0.00163431541435321,beta,2,1,landweber,TRUE,3.91201875142964
0|0|0|0|0|1|0|1|0|1|0|0|0|1|0|1|1,1,3.33964685192599,3.83034547188379,0.000358919161877008,beta,2,1,landweber,TRUE,3.83034547188379
1|0|0|1|0|1|0|1|0|1|0|0|0|1|0|1|1,1,3.11700001661268,3.545775726512,0.000376027692338326,beta,2,1,landweber,TRUE,3.545775726512
0|0|0|0|0|1|0|1|0|0|0|1|0|1|0|1|1,1,3.01375270747048,3.86413822340676,0.00168241600041752,beta,2,1,landweber,TRUE,3.86413822340676
1|0|0|1|0|1|0|1|0|0|0|1|0|1|0|1|1,1,2.82211880039051,3.57617087346979,0.00236438498855083,beta,2,1,landweber,TRUE,3.57617087346979
0|0|0|0|0|1|0|1|0|1|0|1|0|1|0|1|1,1,3.01375270747048,3.50391710662729,0.000401422871895204,beta,2,1,landweber,TRUE,3.50391710662729
1|0|0|1|0|1|0|1|0|1|0|1|0|1|0|1|1,1,2.82211880039051,3.25216725469463,0.000711687902552468,beta,2,1,landweber,TRUE,3.25216725469463
1|0|0|1|0|1|0|2|0|0|1|0|1|0|0|1|1,0,2.45567738147273,4.01361710069295,0.00181527594290359,beta,2,1,landweber,FALSE,4.01361710069295
0|0|0|0|0|1|0|2|0|0|0|0|0|1|0|1|1,1,3.33964685192599,4.27927581143333,0.00040383487932052,beta,2,1,landweber,TRUE,4.27927581143333
1|0|0|1|0|1|0|2|0|0|0|0|0|1|0|1|1,1,3.11700001661268,3.94956952930857,0.000280038811848963,beta,2,1,landweber,TRUE,3.94956952930857
0|0|0|0|0|1|0|2|0|1|0|0|0|1|0|1|1,1,3.33964685192599,3.86684306451885,9.27291037180837e-05,beta,2,1,landweber,TRUE,3.86684306451885
1|0|0|1|0|1|0|2|0|1|0|0|0|1|0|1|1,1,3.11700001661268,3.57860376334689,8.34859358026736e-05,beta,2,1,landweber,TRUE,3.57860376334689
0|0|0|0|0|1|0|2|0|0|0|1|0|1|0|1|1,1,3.01375270747048,3.90107157700858,0.00208295605570865,beta,2,1,landweber,TRUE,3.90107157700858
1|0|0|1|0|1|0|2|0|0|0|1|0|1|0|1|1,1,2.82211880039051,3.60939085881512,0.00245092832138988,beta,2,1,landweber,TRUE,3.60939085881512
0|0|0|0|0|1|0|2|0|1|0|1|0|1|0|1|1,1,3.01375270747048,3.53620537230279,0.000627410233762513,beta,2,1,landweber,TRUE,3.53620537230279
1|0|0|1|0|1|0|2|0|1|0|1|0|1|0|1|1,1,2.82211880039051,3.28120918043282,0.000955901495781457,beta,2,1,landweber,TRUE,3.28120918043282
1|0|0|1|0|1|0|3|0|0|1|0|1|0|0|1|1,0,2.45567738147273,4.05247799961563,0.00146320869044765,beta,2,1,landweber,FALSE,4.05247799961563
0|0|0|0|0|1|0|3|0|0|0|0|0|1|0|1|1,1,3.33964685192599,4.32156240644184,5.33829238309678e-05,beta,2,1,landweber,TRUE,4.32156240644184
1|0|0|1|0|1|0|3|0|0|0|0|0|1|0|1|1,1,3.11700001661268,3.98760452828622,3.46682717165274e-05,beta,2,1,landweber,TRUE,3.98760452828622
0|0|0|0|0|1|0|3|0|1|0|0|0|1|0|1|1,1,3.33964685192599,3.90381129732183,1.67979965377704e-05,beta,2,1,landweber,TRUE,3.90381129732183
1|0|0|1|0|1|0|3|0|1|0|0|0|1|0|1|1,1,3.11700001661268,3.61185512105455,1.43409982149011e-05,beta,2,1,landweber,TRUE,3.61185512105455
0|0|0|0|0|1|0|3|0|0|0|1|0|1|0|1|1,1,3.01375270747048,3.9384811899603,0.00166574571815994,beta,2,1,landweber,TRUE,3.9384811899603
1|0|0|1|0|1|0|3|0|0|0|1|0|1|0|1|1,1,2.82211880039051,3.64303921924912,0.00183558560445151,beta,2,1,landweber,TRUE,3.64303921924912
0|0|0|0|0|1|0|3|0|1|0|1|0|1|0|1|1,1,3.01375270747048,3.56890999844709,0.000687579770987722,beta,2,1,landweber,TRUE,3.56890999844709
1|0|0|1|0|1|0|3|0|1|0|1|0|1|0|1|1,1,2.82211880039051,3.31062560475624,0.000993365953076338,beta,2,1,landweber,TRUE,3.31062560475624
1|0|0|1|0|1|0|0|1|0|1|0|1|0|0|1|1,0,2.45567738147273,3.97050426323999,0.00216934924286896,beta,2,1,landweber,FALSE,3.97050426323999
0|0|0|0|0|1|0|0|1|0|0|0|0|1|0|1|1,1,3.33964685192599,4.23236245771324,0.000439379627471713,beta,2,1,landweber,TRUE,4.23236245771324
1|0|0|1|0|1|0|0|1|0|0|0|0|1|0|1|1,1,3.11700001661268,3.90737295707515,0.000504835601811794,beta,2,1,landweber,TRUE,3.90737295707515
0|0|0|0|0|1|0|0|1|1|0|0|0|1|0|1|1,1,3.33964685192599,3.82582997794747,0.00235313022678301,beta,2,1,landweber,TRUE,3.82582997794747
1|0|0|1|0|1|0|0|1|1|0|0|0|1|0|1|1,1,3.11700001661268,3.54171423120321,0.00346599999292768,beta,2,1,landweber,TRUE,3.54171423120321
0|0|0|0|0|1|0|0|1|0|0|1|0|1|0|1|1,1,3.01375270747048,3.85956881698303,6.19235809192464e-05,beta,2,1,landweber,TRUE,3.85956881698303
1|0|0|1|0|1|0|0|1|0|0|1|0|1|0|1|1,1,2.82211880039051,3.57206088616483,0.000120726392534811,beta,2,1,landweber,TRUE,3.57206088616483
0|0|0|0|0|1|0|0|1|1|0|1|0|1|0|1|1,1,3.01375270747048,3.49992239198049,0.000435032160238466,beta,2,1,landweber,TRUE,3.49992239198049
1|0|0|1|0|1|0|0|1|1|0|1|0|1|0|1|1,1,2.82211880039051,3.24857417827228,0.00108434690506175,beta,2,1,landweber,TRUE,3.24857417827228
1|0|0|1|0|1|0|1|1|0|1|0|1|0|0|1|1,0,2.45567738147273,4.00880921774023,0.00234352775594541,beta,2,1,landweber,FALSE,4.00880921774023
0|0|0|0|0|1|0|1|1|0|0|0|0|1|0|1|1,1,3.33964685192599,4.27404410025562,0.000218762623703578,beta,2,1,landweber,TRUE,4.27404410025562
1|0|0|1|0|1|0|1|1|0|0|0|0|1|0|1|1,1,3.11700001661268,3.94486382696352,0.000168245732475451,beta,2,1,landweber,TRUE,3.94486382696352
0|0|0|0|0|1|0|1|1|1|0|0|0|1|0|1|1,1,3.33964685192599,3.86226934282911,0.00145627276376382,beta,2,1,landweber,TRUE,3.86226934282911
1|0|0|1|0|1|0|1|1|1|0|0|0|1|0|1|1,1,3.11700001661268,3.57448989464314,0.00141673343920764,beta,2,1,landweber,TRUE,3.57448989464314
0|0|0|0|0|1|0|1|1|0|0|1|0|1|0|1|1,1,3.01375270747048,3.89644324762443,0.000186517393314195,beta,2,1,landweber,TRUE,3.89644324762443
1|0|0|1|0|1|0|1|1|0|0|1|0|1|0|1|1,1,2.82211880039051,3.60522787280599,0.000243403250534797,beta,2,1,landweber,TRUE,3.60522787280599
0|0|0|0|0|1|0|1|1|1|0|1|0|1|0|1|1,1,3.01375270747048,3.53215914540446,0.0016287266247801,beta,2,1,landweber,TRUE,3.53215914540446
1|0|0|1|0|1|0|1|1|1|0|1|0|1|0|1|1,1,2.82211880039051,3.27756977092467,0.00268137711761518,beta,2,1,landweber,TRUE,3.27756977092467
1|0|0|1|0|1|0|2|1|0|1|0|1|0|0|1|1,0,2.45567738147273,4.04760811852339,0.00195003709415056,beta,2,1,landweber,FALSE,4.04760811852339
0|0|0|0|0|1|0|2|1|0|0|0|0|1|0|1|1,1,3.33964685192599,4.31626323181655,3.51439214184843e-05,beta,2,1,landweber,TRUE,4.31626323181655
1|0|0|1|0|1|0|2|1|0|0|0|0|1|0|1|1,1,3.11700001661268,3.98283814543098,2.28471340907205e-05,beta,2,1,landweber,TRUE,3.98283814543098
0|0|0|0|0|1|0|2|1|1|0|0|0|1|0|1|1,1,3.33964685192599,3.89917859702587,0.000295340217087261,beta,2,1,landweber,TRUE,3.89917859702587
1|0|0|1|0|1|0|2|1|1|0|0|0|1|0|1|1,1,3.11700001661268,3.60768820359559,0.000249279726022982,beta,2,1,landweber,TRUE,3.60768820359559
0|0|0|0|0|1|0|2|1|0|0|1|0|1|0|1|1,1,3.01375270747048,3.93379317779816,0.000181270236149859,beta,2,1,landweber,TRUE,3.93379317779816
1|0|0|1|0|1|0|2|1|0|0|1|0|1|0|1|1,1,2.82211880039051,3.63882255111213,0.000199960454180689,beta,2,1,landweber,TRUE,3.63882255111213
0|0|0|0|0|1|0|2|1|1|0|1|0|1|0|1|1,1,3.01375270747048,3.56481159504151,0.0019982882095522,beta,2,1,landweber,TRUE,3.56481159504151
1|0|0|1|0|1|0|2|1|1|0|1|0|1|0|1|1,1,2.82211880039051,3.30693926469245,0.00285421563143968,beta,2,1,landweber,TRUE,3.30693926469245
1|0|0|1|0|1|0|3|1|0|1|0|1|0|0|1|1,0,2.45567738147273,4.08690733507703,0.00154445754787601,beta,2,1,landweber,FALSE,4.08690733507703
0|0|0|0|0|1|0|3|1|0|0|0|0|1|0|1|1,1,3.33964685192599,4.35902678337159,3.69924499941544e-06,beta,2,1,landweber,TRUE,4.35902678337159
1|0|0|1|0|1|0|3|1|0|0|0|0|1|0|1|1,1,3.11700001661268,4.02130214659611,2.28379361192986e-06,beta,2,1,landweber,TRUE,4.02130214659611
0|0|0|0|0|1|0|3|1|1|0|0|0|1|0|1|1,1,3.33964685192599,3.93656379980824,4.26018403833901e-05,beta,2,1,landweber,TRUE,3.93656379980824
1|0|0|1|0|1|0|3|1|1|0|0|0|1|0|1|1,1,3.11700001661268,3.64131460811742,3.4575158421719e-05,beta,2,1,landweber,TRUE,3.64131460811742
0|0|0|0|0|1|0|3|1|0|0|1|0|1|0|1|1,1,3.01375270747048,3.97162473911902,0.000115430198947368,beta,2,1,landweber,TRUE,3.97162473911902
1|0|0|1|0|1|0|3|1|0|0|1|0|1|0|1|1,1,2.82211880039051,3.67285043621077,0.000120920324839795,beta,2,1,landweber,TRUE,3.67285043621077
0|0|0|0|0|1|0|3|1|1|0|1|0|1|0|1|1,1,3.01375270747048,3.59788510133656,0.00174378912322093,beta,2,1,landweber,TRUE,3.59788510133656
1|0|0|1|0|1|0|3|1|1|0|1|0|1|0|1|1,1,2.82211880039051,3.3366874810685,0.00239493685751031,beta,2,1,landweber,TRUE,3.3366874810685
0|0|0|0|0|1|0|0|0|0|1|0|1|0|0|0|0,0,1.83053730451109,1.92412449812733,0.016408626962947,beta,2,1,pmmr,FALSE,1.92412449812733
0|0|0|0|0|1|0|0|0|0|0|0|0|1|0|0|0,1,1.77880078307141,2.14986152224475,0.00350261383896762,beta,2,1,pmmr,TRUE,2.14986152224475
1|0|0|1|0|1|0|0|0|0|0|0|0|1|0|0|0,1,1.70468808971871,2.23038258454423,0.00348157433012709,beta,2,1,pmmr,TRUE,2.23038258454423
0|0|0|0|0|1|0|0|0|1|0|0|0|1|0|0|0,1,1.77880078307141,2.1423359012246,0.000349141419095855,beta,2,1,pmmr,TRUE,2.1423359012246
1|0|0|1|0|1|0|0|0|1|0|0|0|1|0|0|0,1,1.70468808971871,2.19470222401204,0.000435548231941948,beta,2,1,pmmr,TRUE,2.19470222401204
0|0|0|0|0|1|0|0|0|0|0|1|0|1|0|0|0,1,1.67032004603564,2.13508903761568,0.000399286329847866,beta,2,1,pmmr,TRUE,2.13508903761568
1|0|0|1|0|1|0|0|0|0|0|1|0|1|0|0|0,1,1.60653065971263,2.18033049249405,0.000684706357326217,beta,2,1,pmmr,TRUE,2.18033049249405
0|0|0|0|0|1|0|0|0|1|0|1|0|1|0|0|0,1,1.67032004603564,2.1204237768649,5.21382105666385e-05,beta,2,1,pmmr,TRUE,2.1204237768649
1|0|0|1|0|1|0|0|0|1|0|1|0|1|0|0|0,1,1.60653065971263,2.13979227992149,0.000112321789717737,beta,2,1,pmmr,TRUE,2.13979227992149
0|0|0|0|0|1|0|1|0|0|1|0|1|0|0|0|0,0,1.83053730451109,1.92341501170327,0.0216080489337248,beta,2,1,pmmr,FALSE,1.92341501170327
0|0|0|0|0|1|0|1|0|0|0|0|0|1|0|0|0,1,1.77880078307141,2.15471491702149,0.00223802678194148,beta,2,1,pmmr,TRUE,2.15471491702149
1|0|0|1|0|1|0|1|0|0|0|0|0|1|0|0|0,1,1.70468808971871,2.24107060992943,0.00148232240893693,beta,2,1,pmmr,TRUE,2.24107060992943
0|0|0|0|0|1|0|1|0|1|0|0|0|1|0|0|0,1,1.77880078307141,2.14584279719032,0.000277292389583944,beta,2,1,pmmr,TRUE,2.14584279719032
1|0|0|1|0|1|0|1|0|1|0|0|0|1|0|0|0,1,1.70468808971871,2.2023173804509,0.000227441003058666,beta,2,1,pmmr,TRUE,2.2023173804509
0|0|0|0|0|1|0|1|0|0|0|1|0|1|0|0|0,1,1.67032004603564,2.13902619689316,0.0015434321030384,beta,2,1,pmmr,TRUE,2.13902619689316
1|0|0|1|0|1|0|1|0|0|0|1|0|1|0|0|0,1,1.60653065971263,2.18784969885941,0.00176360544130717,beta,2,1,pmmr,TRUE,2.18784969885941
0|0|0|0|0|1|0|1|0|1|0|1|0|1|0|0|0,1,1.67032004603564,2.12324608993163,0.000250508673141046,beta,2,1,pmmr,TRUE,2.12324608993163
1|0|0|1|0|1|0|1|0|1|0|1|0|1|0|0|0,1,1.60653065971263,2.14480734769349,0.000354835112911803,beta,2,1,pmmr,TRUE,2.14480734769349
0|0|0|0|0|1|0|2|0|0|1|0|1|0|0|0|0,0,1.83053730451109,1.92517925792972,0.018757598435739,beta,2,1,pmmr,FALSE,1.92517925792972
0|0|0|0|0|1|0|2|0|0|0|0|0|1|0|0|0,1,1.77880078307141,2.15253907369415,0.000458017349910382,beta,2,1,pmmr,TRUE,2.15253907369415
1|0|0|1|0|1|0|2|0|0|0|0|0|1|0|0|0,1,1.70468808971871,2.2412076625446,0.000253994915871286,beta,2,1,pmmr,TRUE,2.2412076625446
0|0|0|0|0|1|0|2|0|1|0|0|0|1|0|0|0,1,1.77880078307141,2.14280585544639,7.16402953230343e-05,beta,2,1,pmmr,TRUE,2.14280585544639
1|0|0|1|0|1|0|2|0|1|0|0|0|1|0|0|0,1,1.70468808971871,2.20119059354367,5.0496613326997e-05,beta,2,1,pmmr,TRUE,2.20119059354367
0|0|0|0|0|1|0|2|0|0|0|1|0|1|0|0|0,1,1.67032004603564,2.13646900348463,0.0019108836606411,beta,2,1,pmmr,TRUE,2.13646900348463
1|0|0|1|0|1|0|2|0|0|0|1|0|1|0|0|0,1,1.60653065971263,2.18696596947359,0.00182815850413023,beta,2,1,pmmr,TRUE,2.18696596947359
0|0|0|0|0|1|0|2|0|1|0|1|0|1|0|0|0,1,1.67032004603564,2.12035649746583,0.000391536497242719,beta,2,1,pmmr,TRUE,2.12035649746583
1|0|0|1|0|1|0|2|0|1|0|1|0|1|0|0|0,1,1.60653065971263,2.14338005045229,0.000476595729633283,beta,2,1,pmmr,TRUE,2.14338005045229
0|0|0|0|0|1|0|3|0|0|1|0|1|0|0|0|0,0,1.83053730451109,1.9292360259459,0.0152011614595537,beta,2,1,pmmr,FALSE,1.9292360259459
0|0|0|0|0|1|0|3|0|0|0|0|0|1|0|0|0,1,1.77880078307141,2.14360773680473,6.05453034286365e-05,beta,2,1,pmmr,TRUE,2.14360773680473
1|0|0|1|0|1|0|3|0|0|0|0|0|1|0|0|0,1,1.70468808971871,2.23079284987618,3.14440869817413e-05,beta,2,1,pmmr,TRUE,2.23079284987618
0|0|0|0|0|1|0|3|0|1|0|0|0|1|0|0|0,1,1.77880078307141,2.13359850659092,1.29777317427742e-05,beta,2,1,pmmr,TRUE,2.13359850659092
1|0|0|1|0|1|0|3|0|1|0|0|0|1|0|0|0,1,1.70468808971871,2.19147697754878,8.67417768775642e-06,beta,2,1,pmmr,TRUE,2.19147697754878
0|0|0|0|0|1|0|3|0|0|0|1|0|1|0|0|0,1,1.67032004603564,2.12772770833484,0.00152813894795864,beta,2,1,pmmr,TRUE,2.12772770833484
1|0|0|1|0|1|0|3|0|0|0|1|0|1|0|0|0,1,1.60653065971263,2.17779856724559,0.00136917159247401,beta,2,1,pmmr,TRUE,2.17779856724559
0|0|0|0|0|1|0|3|0|1|0|1|0|1|0|0|0,1,1.67032004603564,2.11209653352374,0.000429085406358523,beta,2,1,pmmr,TRUE,2.11209653352374
1|0|0|1|0|1|0|3|0|1|0|1|0|1|0|0|0,1,1.60653065971263,2.13568643006938,0.000495274851319532,beta,2,1,pmmr,TRUE,2.13568643006938
0|0|0|0|0|1|0|0|1|0|1|0|1|0|0|0|0,0,1.83053730451109,1.89155958577042,0.016620155226473,beta,2,1,pmmr,FALSE,1.89155958577042
0|0|0|0|0|1|0|0|1|0|0|0|0|1|0|0|0,1,1.77880078307141,2.11371985941752,0.000498331132065192,beta,2,1,pmmr,TRUE,2.11371985941752
1|0|0|1|0|1|0|0|1|0|0|0|0|1|0|0|0,1,1.70468808971871,2.18852917512478,0.000457885374403654,beta,2,1,pmmr,TRUE,2.18852917512478
0|0|0|0|0|1|0|0|1|1|0|0|0|1|0|0|0,1,1.77880078307141,2.11882271135462,0.00181797232606506,beta,2,1,pmmr,TRUE,2.11882271135462
1|0|0|1|0|1|0|0|1|1|0|0|0|1|0|0|0,1,1.70468808971871,2.16721323151967,0.00209641611789465,beta,2,1,pmmr,TRUE,2.16721323151967
0|0|0|0|0|1|0|0|1|0|0|1|0|1|0|0|0,1,1.67032004603564,2.09865090313344,5.68080918762915e-05,beta,2,1,pmmr,TRUE,2.09865090313344
1|0|0|1|0|1|0|0|1|0|0|1|0|1|0|0|0,1,1.60653065971263,2.13841340014229,9.00503614321606e-05,beta,2,1,pmmr,TRUE,2.13841340014229
0|0|0|0|0|1|0|0|1|1|0|1|0|1|0|0|0,1,1.67032004603564,2.09506346166516,0.000271482610645742,beta,2,1,pmmr,TRUE,2.09506346166516
1|0|0|1|0|1|0|0|1|1|0|1|0|1|0|0|0,1,1.60653065971263,2.10995291010979,0.00054063635915855,beta,2,1,pmmr,TRUE,2.10995291010979
0|0|0|0|0|1|0|1|1|0|1|0|1|0|0|0|0,0,1.83053730451109,1.88971470166675,0.0215090340674342,beta,2,1,pmmr,FALSE,1.88971470166675
0|0|0|0|0|1|0|1|1|0|0|0|0|1|0|0|0,1,1.77880078307141,2.11648586386564,0.000248113975040352,beta,2,1,pmmr,TRUE,2.11648586386564
1|0|0|1|0|1|0|1|1|0|0|0|0|1|0|0|0,1,1.70468808971871,2.19590797096556,0.000152598707242242,beta,2,1,pmmr,TRUE,2.19590797096556
0|0|0|0|0|1|0|1|1|1|0|0|0|1|0|0|0,1,1.77880078307141,2.1203805820131,0.00112508162684404,beta,2,1,pmmr,TRUE,2.1203805820131
1|0|0|1|0|1|0|1|1|1|0|0|0|1|0|0|0,1,1.70468808971871,2.17185716185887,0.000856913682278011,beta,2,1,pmmr,TRUE,2.17185716185887
0|0|0|0|0|1|0|1|1|0|0|1|0|1|0|0|0,1,1.67032004603564,2.1008325021742,0.000171109245599619,beta,2,1,pmmr,TRUE,2.1008325021742
1|0|0|1|0|1|0|1|1|0|0|1|0|1|0|0|0,1,1.60653065971263,2.14324011047213,0.000181555583863745,beta,2,1,pmmr,TRUE,2.14324011047213
0|0|0|0|0|1|0|1|1|1|0|1|0|1|0|0|0,1,1.67032004603564,2.09625251404871,0.00101640981181977,beta,2,1,pmmr,TRUE,2.09625251404871
1|0|0|1|0|1|0|1|1|1|0|1|0|1|0|0|0,1,1.60653065971263,2.11253502576307,0.0013368876285177,beta,2,1,pmmr,TRUE,2.11253502576307
0|0|0|0|0|1|0|2|1|0|1|0|1|0|0|0|0,0,1.83053730451109,1.89148500971033,0.0181122003680411,beta,2,1,pmmr,FALSE,1.89148500971033
0|0|0|0|0|1|0|2|1|0|0|0|0|1|0|0|0,1,1.77880078307141,2.11390440280908,3.98591765541312e-05,beta,2,1,pmmr,TRUE,2.11390440280908
1|0|0|1|0|1|0|2|1|0|0|0|0|1|0|0|0,1,1.70468808971871,2.19479704314244,2.07223272479901e-05,beta,2,1,pmmr,TRUE,2.19479704314244
0|0|0|0|0|1|0|2|1|1|0|0|0|1|0|0|0,1,1.77880078307141,2.11652860765404,0.000228172812251331,beta,2,1,pmmr,TRUE,2.11652860765404
1|0|0|1|0|1|0|2|1|1|0|0|0|1|0|0|0,1,1.70468808971871,2.16913605426177,0.000150777275408335,beta,2,1,pmmr,TRUE,2.16913605426177
0|0|0|0|0|1|0|2|1|0|0|1|0|1|0|0|0,1,1.67032004603564,2.09819266226875,0.000166295554565348,beta,2,1,pmmr,TRUE,2.09819266226875
1|0|0|1|0|1|0|2|1|0|0|1|0|1|0|0|0,1,1.60653065971263,2.14165555172003,0.000149151405861133,beta,2,1,pmmr,TRUE,2.14165555172003
0|0|0|0|0|1|0|2|1|1|0|1|0|1|0|0|0,1,1.67032004603564,2.09291455012141,0.00124703539079608,beta,2,1,pmmr,TRUE,2.09291455012141
1|0|0|1|0|1|0|2|1|1|0|1|0|1|0|0|0,1,1.60653065971263,2.11008940835825,0.00142306188179427,beta,2,1,pmmr,TRUE,2.11008940835825
0|0|0|0|0|1|0|3|1|0|1|0|1|0|0|0|0,0,1.83053730451109,1.89669420569433,0.0144288683972106,beta,2,1,pmmr,FALSE,1.89669420569433
0|0|0|0|0|1|0|3|1|0|0|0|0|1|0|0|0,1,1.77880078307141,2.10628775248813,4.19557219562683e-06,beta,2,1,pmmr,TRUE,2.10628775248813
1|0|0|1|0|1|0|3|1|0|0|0|0|1|0|0|0,1,1.70468808971871,2.18535230854984,2.07139846973198e-06,beta,2,1,pmmr,TRUE,2.18535230854984
0|0|0|0|0|1|0|3|1|1|0|0|0|1|0|0|0,1,1.77880078307141,2.10772913384597,3.2913166460118e-05,beta,2,1,pmmr,TRUE,2.10772913384597
1|0|0|1|0|1|0|3|1|1|0|0|0|1|0|0|0,1,1.70468808971871,2.15939917285146,2.09128446456882e-05,beta,2,1,pmmr,TRUE,2.15939917285146
0|0|0|0|0|1|0|3|1|0|0|1|0|1|0|0|0,1,1.67032004603564,2.09103936496762,0.0001058945437224,beta,2,1,pmmr,TRUE,2.09103936496762
1|0|0|1|0|1|0|3|1|0|0|1|0|1|0|0|0,1,1.60653065971263,2.13385841221365,9.01950164143109e-05,beta,2,1,pmmr,TRUE,2.13385841221365
0|0|0|0|0|1|0|3|1|1|0|1|0|1|0|0|0,1,1.67032004603564,2.08543438945808,0.00108821477319784,beta,2,1,pmmr,TRUE,2.08543438945808
1|0|0|1|0|1|0|3|1|1|0|1|0|1|0|0|0,1,1.60653065971263,2.10290734159603,0.00119407353589049,beta,2,1,pmmr,TRUE,2.10290734159603
0|0|0|0|0|1|0|0|0|0|1|0|1|0|0|1|0,0,1.83053730451109,2.167942362243,0.00217191177357548,beta,2,1,pmmr,FALSE,2.167942362243
0|0|0|0|0|1|0|0|0|0|0|0|0|1|0|1|0,1,2.22140275816017,2.52612487770959,0.00243812969989423,beta,2,1,pmmr,TRUE,2.52612487770959
1|0|0|1|0|1|0|0|0|0|0|0|0|1|0|1|0,1,2.10517091807565,2.60372598095506,0.00239311113130031,beta,2,1,pmmr,TRUE,2.60372598095506
0|0|0|0|0|1|0|0|0|1|0|0|0|1|0|1|0,1,2.22140275816017,2.49938152815829,0.000284870795156022,beta,2,1,pmmr,TRUE,2.49938152815829
1|0|0|1|0|1|0|0|0|1|0|0|0|1|0|1|0,1,2.10517091807565,2.54674057052564,0.000355398130512882,beta,2,1,pmmr,TRUE,2.54674057052564
0|0|0|0|0|1|0|0|0|0|0|1|0|1|0|1|0,1,2.05127109637602,2.49872999643982,0.000341577967159091,beta,2,1,pmmr,TRUE,2.49872999643982
1|0|0|1|0|1|0|0|0|0|0|1|0|1|0|1|0,1,1.95122942450071,2.53827539712051,0.000574002086565029,beta,2,1,pmmr,TRUE,2.53827539712051
0|0|0|0|0|1|0|0|0|1|0|1|0|1|0|1|0,1,2.05127109637602,2.46456479728002,5.20153711259976e-05,beta,2,1,pmmr,TRUE,2.46456479728002
1|0|0|1|0|1|0|0|0|1|0|1|0|1|0|1|0,1,1.95122942450071,2.47571858533777,0.000110684793440412,beta,2,1,pmmr,TRUE,2.47571858533777
0|0|0|0|0|1|0|1|0|0|1|0|1|0|0|1|0,0,1.83053730451109,2.17420334297404,0.00286012815021807,beta,2,1,pmmr,FALSE,2.17420334297404
0|0|0|0|0|1|0|1|0|0|0|0|0|1|0|1|0,1,2.22140275816017,2.54413267875595,0.00155786501654962,beta,2,1,pmmr,TRUE,2.54413267875595
1|0|0|1|0|1|0|1|0|0|0|0|0|1|0|1|0,1,2.10517091807565,2.62840524986054,0.00101889602824403,beta,2,1,pmmr,TRUE,2.62840524986054
0|0|0|0|0|1|0|1|0|1|0|0|0|1|0|1|0,1,2.22140275816017,2.51443955689016,0.000226247873185749,beta,2,1,pmmr,TRUE,2.51443955689016
1|0|0|1|0|1|0|1|0|1|0|0|0|1|0|1|0,1,2.10517091807565,2.56606877038886,0.000185587040334486,beta,2,1,pmmr,TRUE,2.56606877038886
0|0|0|0|0|1|0|1|0|0|0|1|0|1|0|1|0,1,2.05127109637602,2.51659011034809,0.00132036175745063,beta,2,1,pmmr,TRUE,2.51659011034809
1|0|0|1|0|1|0|1|0|0|0|1|0|1|0|1|0,1,1.95122942450071,2.56011416549621,0.00147846327459386,beta,2,1,pmmr,TRUE,2.56011416549621
0|0|0|0|0|1|0|1|0|1|0|1|0|1|0|1|0,1,2.05127109637602,2.47974638759205,0.00024991846597916,beta,2,1,pmmr,TRUE,2.47974638759205
1|0|0|1|0|1|0|1|0|1|0|1|0|1|0|1|0,1,1.95122942450071,2.49285870052165,0.000349663687488823,beta,2,1,pmmr,TRUE,2.49285870052165
0|0|0|0|0|1|0|2|0|0|1|0|1|0|0|1|0,0,1.83053730451109,2.17320924007379,0.00248283107286056,beta,2,1,pmmr,FALSE,2.17320924007379
0|0|0|0|0|1|0|2|0|0|0|0|0|1|0|1|0,1,2.22140275816017,2.53635761464387,0.00031882067370935,beta,2,1,pmmr,TRUE,2.53635761464387
1|0|0|1|0|1|0|2|0|0|0|0|0|1|0|1|0,1,2.10517091807565,2.62312802519,0.000174587127210084,beta,2,1,pmmr,TRUE,2.62312802519
0|0|0|0|0|1|0|2|0|1|0|0|0|1|0|1|0,1,2.22140275816017,2.5054298768557,5.84526119723482e-05,beta,2,1,pmmr,TRUE,2.5054298768557
1|0|0|1|0|1|0|2|0|1|0|0|0|1|0|1|0,1,2.10517091807565,2.55892040138699,4.12041667432106e-05,beta,2,1,pmmr,TRUE,2.55892040138699
0|0|0|0|0|1|0|2|0|0|0|1|0|1|0|1|0,1,2.05127109637602,2.51000354608815,0.00163470599288486,beta,2,1,pmmr,TRUE,2.51000354608815
1|0|0|1|0|1|0|2|0|0|0|1|0|1|0|1|0,1,1.95122942450071,2.55547725863377,0.00153257930894659,beta,2,1,pmmr,TRUE,2.55547725863377
0|0|0|0|0|1|0|2|0|1|0|1|0|1|0|1|0,1,2.05127109637602,2.47255652129279,0.000390614023613703,beta,2,1,pmmr,TRUE,2.47255652129279
1|0|0|1|0|1|0|2|0|1|0|1|0|1|0|1|0,1,1.95122942450071,2.48719231511947,0.000469649744912425,beta,2,1,pmmr,TRUE,2.48719231511947
0|0|0|0|0|1|0|3|0|0|1|0|1|0|0|1|0,0,1.83053730451109,2.16508524613651,0.00201208678950288,beta,2,1,pmmr,FALSE,2.16508524613651
0|0|0|0|0|1|0|3|0|0|0|0|0|1|0|1|0,1,2.22140275816017,2.50401630901419,4.21448978577599e-05,beta,2,1,pmmr,TRUE,2.50401630901419
1|0|0|1|0|1|0|3|0|0|0|0|0|1|0|1|0,1,2.10517091807565,2.58876740702921,2.16135539369149e-05,beta,2,1,pmmr,TRUE,2.58876740702921
0|0|0|0|0|1|0|3|0|1|0|0|0|1|0|1|0,1,2.22140275816017,2.47373260064507,1.05887659231592e-05,beta,2,1,pmmr,TRUE,2.47373260064507
1|0|0|1|0|1|0|3|0|1|0|0|0|1|0|1|0,1,2.10517091807565,2.52642791582164,7.07794523747733e-06,beta,2,1,pmmr,TRUE,2.52642791582164
0|0|0|0|0|1|0|3|0|0|0|1|0|1|0|1|0,1,2.05127109637602,2.47997778752266,0.00130727890328534,beta,2,1,pmmr,TRUE,2.47997778752266
1|0|0|1|0|1|0|3|0|0|0|1|0|1|0|1|0,1,1.95122942450071,2.52509818148083,0.0011478020359189,beta,2,1,pmmr,TRUE,2.52509818148083
0|0|0|0|0|1|0|3|0|1|0|1|0|1|0|1|0,1,2.05127109637602,2.44406834006576,0.000428074466191389,beta,2,1,pmmr,TRUE,2.44406834006576
1|0|0|1|0|1|0|3|0|1|0|1|0|1|0|1|0,1,1.95122942450071,2.45957788738678,0.000488056634000342,beta,2,1,pmmr,TRUE,2.45957788738678
0|0|0|0|0|1|0|0|1|0|1|0|1|0|0|1|0,0,1.83053730451109,2.12421619808955,0.0021999105041843,beta,2,1,pmmr,FALSE,2.12421619808955
0|0|0|0|0|1|0|0|1|0|0|0|0|1|0|1|0,1,2.22140275816017,2.47116983652627,0.000346882639459957,beta,2,1,pmmr,TRUE,2.47116983652627
1|0|0|1|0|1|0|0|1|0|0|0|0|1|0|1|0,1,2.10517091807565,2.54416333173842,0.000314734221487954,beta,2,1,pmmr,TRUE,2.54416333173842
0|0|0|0|0|1|0|0|1|1|0|0|0|1|0|1|0,1,2.22140275816017,2.4650611494235,0.00148331648373009,beta,2,1,pmmr,TRUE,2.4650611494235
1|0|0|1|0|1|0|0|1|1|0|0|0|1|0|1|0,1,2.10517091807565,2.50965095695128,0.00171063114125128,beta,2,1,pmmr,TRUE,2.50965095695128
0|0|0|0|0|1|0|0|1|0|0|1|0|1|0|1|0,1,2.05127109637602,2.44421469966251,4.85976881519683e-05,beta,2,1,pmmr,TRUE,2.44421469966251
1|0|0|1|0|1|0|0|1|0|0|1|0|1|0|1|0,1,1.95122942450071,2.47871378988407,7.54908944614469e-05,beta,2,1,pmmr,TRUE,2.47871378988407
0|0|0|0|0|1|0|0|1|1|0|1|0|1|0|1|0,1,2.05127109637602,2.42860078519163,0.000270842988156343,beta,2,1,pmmr,TRUE,2.42860078519163
1|0|0|1|0|1|0|0|1|1|0|1|0|1|0|1|0,1,1.95122942450071,2.43570464490459,0.000532757035747186,beta,2,1,pmmr,TRUE,2.43570464490459
0|0|0|0|0|1|0|1|1|0|1|0|1|0|0|1|0,0,1.83053730451109,2.12852515827174,0.00284702214480146,beta,2,1,pmmr,FALSE,2.12852515827174
0|0|0|0|0|1|0|1|1|0|0|0|0|1|0|1|0,1,2.22140275816017,2.48552727701332,0.000172709319187467,beta,2,1,pmmr,TRUE,2.48552727701332
1|0|0|1|0|1|0|1|1|0|0|0|0|1|0|1|0,1,2.10517091807565,2.56365804448148,0.000104890957450883,beta,2,1,pmmr,TRUE,2.56365804448148
0|0|0|0|0|1|0|1|1|1|0|0|0|1|0|1|0,1,2.22140275816017,2.47700251692463,0.000917974437076171,beta,2,1,pmmr,TRUE,2.47700251692463
1|0|0|1|0|1|0|1|1|1|0|0|0|1|0|1|0,1,2.10517091807565,2.52459102445957,0.000699223411686598,beta,2,1,pmmr,TRUE,2.52459102445957
0|0|0|0|0|1|0|1|1|0|0|1|0|1|0|1|0,1,2.05127109637602,2.45882773172161,0.000146379036558333,beta,2,1,pmmr,TRUE,2.45882773172161
1|0|0|1|0|1|0|1|1|0|0|1|0|1|0|1|0,1,1.95122942450071,2.49608022227555,0.000152201425983944,beta,2,1,pmmr,TRUE,2.49608022227555
0|0|0|0|0|1|0|1|1|1|0|1|0|1|0|1|0,1,2.05127109637602,2.4410536803872,0.00101401511489042,beta,2,1,pmmr,TRUE,2.4410536803872
1|0|0|1|0|1|0|1|1|1|0|1|0|1|0|1|0,1,1.95122942450071,2.44907651661291,0.00131740360786075,beta,2,1,pmmr,TRUE,2.44907651661291
0|0|0|0|0|1|0|2|1|0|1|0|1|0|0|1|0,0,1.83053730451109,2.12752655149806,0.00239740359224069,beta,2,1,pmmr,FALSE,2.12752655149806
0|0|0|0|0|1|0|2|1|0|0|0|0|1|0|1|0,1,2.22140275816017,2.47727118047423,2.77455199567758e-05,beta,2,1,pmmr,TRUE,2.47727118047423
1|0|0|1|0|1|0|2|1|0|0|0|0|1|0|1|0,1,2.10517091807565,2.556764928785,1.4243795278041e-05,beta,2,1,pmmr,TRUE,2.556764928785
0|0|0|0|0|1|0|2|1|1|0|0|0|1|0|1|0,1,2.22140275816017,2.46690750552927,0.000186170322121469,beta,2,1,pmmr,TRUE,2.46690750552927
1|0|0|1|0|1|0|2|1|1|0|0|0|1|0|1|0,1,2.10517091807565,2.51531636135937,0.000123031062633473,beta,2,1,pmmr,TRUE,2.51531636135937
0|0|0|0|0|1|0|2|1|0|0|1|0|1|0|1|0,1,2.05127109637602,2.4520908012475,0.000142261062375133,beta,2,1,pmmr,TRUE,2.4520908012475
1|0|0|1|0|1|0|2|1|0|0|1|0|1|0|1|0,1,1.95122942450071,2.49042657718742,0.000125036400293869,beta,2,1,pmmr,TRUE,2.49042657718742
0|0|0|0|0|1|0|2|1|1|0|1|0|1|0|1|0,1,2.05127109637602,2.43320163439058,0.00124409733196744,beta,2,1,pmmr,TRUE,2.43320163439058
1|0|0|1|0|1|0|2|1|1|0|1|0|1|0|1|0,1,1.95122942450071,2.44196254620165,0.00140232194336598,beta,2,1,pmmr,TRUE,2.44196254620165
0|0|0|0|0|1|0|3|1|0|1|0|1|0|0|1|0,0,1.83053730451109,2.12133977108469,0.00190986297769089,beta,2,1,pmmr,FALSE,2.12133977108469
0|0|0|0|0|1|0|3|1|0|0|0|0|1|0|1|0,1,2.22140275816017,2.44765359520389,2.92049013922223e-06,beta,2,1,pmmr,TRUE,2.44765359520389
1|0|0|1|0|1|0|3|1|0|0|0|0|1|0|1|0,1,2.10517091807565,2.52458004628425,1.42380609035944e-06,beta,2,1,pmmr,TRUE,2.52458004628425
0|0|0|0|0|1|0|3|1|1|0|0|0|1|0|1|0,1,2.22140275816017,2.43628968712138,2.68544474754002e-05,beta,2,1,pmmr,TRUE,2.43628968712138
1|0|0|1|0|1|0|3|1|1|0|0|0|1|0|1|0,1,2.10517091807565,2.48325795760504,1.7064438208475e-05,beta,2,1,pmmr,TRUE,2.48325795760504
0|0|0|0|0|1|0|3|1|0|0|1|0|1|0|1|0,1,2.05127109637602,2.42500231362372,9.05897354204905e-05,beta,2,1,pmmr,TRUE,2.42500231362372
1|0|0|1|0|1|0|3|1|0|0|1|0|1|0|1|0,1,1.95122942450071,2.46261480263017,7.56121614260338e-05,beta,2,1,pmmr,TRUE,2.46261480263017
0|0|0|0|0|1|0|3|1|1|0|1|0|1|0|1|0,1,2.05127109637602,2.40619097175528,0.00108565090127772,beta,2,1,pmmr,TRUE,2.40619097175528
1|0|0|1|0|1|0|3|1|1|0|1|0|1|0|1|0,1,1.95122942450071,2.41541255733454,0.00117667091135951,beta,2,1,pmmr,TRUE,2.41541255733454
1|0|0|1|0|1|0|0|0|0|1|0|1|0|0|0|1,0,2.45567738147273,2.46622554336282,0.0119086953768889,beta,2,1,pmmr,FALSE,2.46622554336282
0|0|0|0|0|1|0|0|0|0|0|0|0|1|0|0|1,1,2.49182469764127,2.4714055494883,0.00302498230758369,beta,2,1,pmmr,TRUE,2.4714055494883
1|0|0|1|0|1|0|0|0|0|0|0|0|1|0|0|1,1,2.349858807576,2.57194444848733,0.00369902966371158,beta,2,1,pmmr,TRUE,2.57194444848733
0|0|0|0|0|1|0|0|0|1|0|0|0|1|0|0|1,1,2.49182469764127,2.44256502485021,0.000370120280505743,beta,2,1,pmmr,TRUE,2.44256502485021
1|0|0|1|0|1|0|0|0|1|0|0|0|1|0|0|1,1,2.349858807576,2.50870872013516,0.000568978215856641,beta,2,1,pmmr,TRUE,2.50870872013516
0|0|0|0|0|1|0|0|0|0|0|1|0|1|0|0|1,1,2.28402541668774,2.42734852592156,0.000350882670742753,beta,2,1,pmmr,TRUE,2.42734852592156
1|0|0|1|0|1|0|0|0|0|0|1|0|1|0|0|1,1,2.16183424272828,2.48343049268248,0.000737954671131801,beta,2,1,pmmr,TRUE,2.48343049268248
0|0|0|0|0|1|0|0|0|1|0|1|0|1|0|0|1,1,2.28402541668774,2.39458063920054,5.66729020607878e-05,beta,2,1,pmmr,TRUE,2.39458063920054
1|0|0|1|0|1|0|0|0|1|0|1|0|1|0|0|1,1,2.16183424272828,2.41958229659255,0.000149912039557223,beta,2,1,pmmr,TRUE,2.41958229659255
1|0|0|1|0|1|0|1|0|0|1|0|1|0|0|0|1,0,2.45567738147273,2.48948061267701,0.0132221042607414,beta,2,1,pmmr,FALSE,2.48948061267701
0|0|0|0|0|1|0|1|0|0|0|0|0|1|0|0|1,1,2.49182469764127,2.48848621467814,0.00193283979636957,beta,2,1,pmmr,TRUE,2.48848621467814
1|0|0|1|0|1|0|1|0|0|0|0|0|1|0|0|1,1,2.349858807576,2.59659966322688,0.00157490664909686,beta,2,1,pmmr,TRUE,2.59659966322688
0|0|0|0|0|1|0|1|0|1|0|0|0|1|0|0|1,1,2.49182469764127,2.45690533394834,0.000293954058159854,beta,2,1,pmmr,TRUE,2.45690533394834
1|0|0|1|0|1|0|1|0|1|0|0|0|1|0|0|1,1,2.349858807576,2.52798149408941,0.00029711744106038,beta,2,1,pmmr,TRUE,2.52798149408941
0|0|0|0|0|1|0|1|0|0|0|1|0|1|0|0|1,1,2.28402541668774,2.44232912097961,0.00135632887464633,beta,2,1,pmmr,TRUE,2.44232912097961
1|0|0|1|0|1|0|1|0|0|0|1|0|1|0|0|1,1,2.16183424272828,2.50271442818609,0.00190075768907463,beta,2,1,pmmr,TRUE,2.50271442818609
0|0|0|0|0|1|0|1|0|1|0|1|0|1|0|0|1,1,2.28402541668774,2.40738234913449,0.000272296523873887,beta,2,1,pmmr,TRUE,2.40738234913449
1|0|0|1|0|1|0|1|0|1|0|1|0|1|0|0|1,1,2.16183424272828,2.43459470081176,0.000473586252647876,beta,2,1,pmmr,TRUE,2.43459470081176
1|0|0|1|0|1|0|2|0|0|1|0|1|0|0|0|1,0,2.45567738147273,2.49128686926095,0.0113447292461033,beta,2,1,pmmr,FALSE,2.49128686926095
0|0|0|0|0|1|0|2|0|0|0|0|0|1|0|0|1,1,2.49182469764127,2.48276057172682,0.000395560128447857,beta,2,1,pmmr,TRUE,2.48276057172682
1|0|0|1|0|1|0|2|0|0|0|0|0|1|0|0|1,1,2.349858807576,2.59308329710642,0.000269859161158716,beta,2,1,pmmr,TRUE,2.59308329710642
0|0|0|0|0|1|0|2|0|1|0|0|0|1|0|0|1,1,2.49182469764127,2.45020142181383,7.59449459452304e-05,beta,2,1,pmmr,TRUE,2.45020142181383
1|0|0|1|0|1|0|2|0|1|0|0|0|1|0|0|1,1,2.349858807576,2.52283587314278,6.59662256680378e-05,beta,2,1,pmmr,TRUE,2.52283587314278
0|0|0|0|0|1|0|2|0|0|0|1|0|1|0|0|1,1,2.28402541668774,2.43668191139997,0.00167923595726382,beta,2,1,pmmr,TRUE,2.43668191139997
1|0|0|1|0|1|0|2|0|0|0|1|0|1|0|0|1,1,2.16183424272828,2.49849941498135,0.0019703309210688,beta,2,1,pmmr,TRUE,2.49849941498135
0|0|0|0|0|1|0|2|0|1|0|1|0|1|0|0|1,1,2.28402541668774,2.40147251672877,0.000425590163534666,beta,2,1,pmmr,TRUE,2.40147251672877
1|0|0|1|0|1|0|2|0|1|0|1|0|1|0|0|1,1,2.16183424272828,2.4297367773583,0.000636095970809712,beta,2,1,pmmr,TRUE,2.4297367773583
1|0|0|1|0|1|0|3|0|0|1|0|1|0|0|0|1,0,2.45567738147273,2.47142770662431,0.00914445348574507,beta,2,1,pmmr,FALSE,2.47142770662431
0|0|0|0|0|1|0|3|0|0|0|0|0|1|0|0|1,1,2.49182469764127,2.45511926364718,5.22890846947871e-05,beta,2,1,pmmr,TRUE,2.45511926364718
1|0|0|1|0|1|0|3|0|0|0|0|0|1|0|0|1,1,2.349858807576,2.56199820077846,3.34080503430016e-05,beta,2,1,pmmr,TRUE,2.56199820077846
0|0|0|0|0|1|0|3|0|1|0|0|0|1|0|0|1,1,2.49182469764127,2.42346593033644,1.3757524745711e-05,beta,2,1,pmmr,TRUE,2.42346593033644
1|0|0|1|0|1|0|3|0|1|0|0|0|1|0|0|1,1,2.349858807576,2.49409478010974,1.13315077019092e-05,beta,2,1,pmmr,TRUE,2.49409478010974
0|0|0|0|0|1|0|3|0|0|0|1|0|1|0|0|1,1,2.28402541668774,2.41125466602914,0.00134288963894669,beta,2,1,pmmr,TRUE,2.41125466602914
1|0|0|1|0|1|0|3|0|0|0|1|0|1|0|0|1,1,2.16183424272828,2.47145489437423,0.00147564946847103,beta,2,1,pmmr,TRUE,2.47145489437423
0|0|0|0|0|1|0|3|0|1|0|1|0|1|0|0|1,1,2.28402541668774,2.37771246859936,0.000466404867869207,beta,2,1,pmmr,TRUE,2.37771246859936
1|0|0|1|0|1|0|3|0|1|0|1|0|1|0|0|1,1,2.16183424272828,2.40573960597269,0.000661026353740398,beta,2,1,pmmr,TRUE,2.40573960597269
1|0|0|1|0|1|0|0|1|0|1|0|1|0|0|0|1,0,2.45567738147273,2.38675081089749,0.0135575419796628,beta,2,1,pmmr,FALSE,2.38675081089749
0|0|0|0|0|1|0|0|1|0|0|0|0|1|0|0|1,1,2.49182469764127,2.41570095897768,0.000430376549377099,beta,2,1,pmmr,TRUE,2.41570095897768
1|0|0|1|0|1|0|0|1|0|0|0|0|1|0|0|1,1,2.349858807576,2.50835843184722,0.000486484395246839,beta,2,1,pmmr,TRUE,2.50835843184722
0|0|0|0|0|1|0|0|1|1|0|0|0|1|0|0|1,1,2.49182469764127,2.40648199945589,0.00192720883422355,beta,2,1,pmmr,TRUE,2.40648199945589
1|0|0|1|0|1|0|0|1|1|0|0|0|1|0|0|1,1,2.349858807576,2.46733913196791,0.00273865215141498,beta,2,1,pmmr,TRUE,2.46733913196791
0|0|0|0|0|1|0|0|1|0|0|1|0|1|0|0|1,1,2.28402541668774,2.374659453609,4.99215062157215e-05,beta,2,1,pmmr,TRUE,2.374659453609
1|0|0|1|0|1|0|0|1|0|0|1|0|1|0|0|1,1,2.16183424272828,2.42339615919183,9.70534071210754e-05,beta,2,1,pmmr,TRUE,2.42339615919183
0|0|0|0|0|1|0|0|1|1|0|1|0|1|0|0|1,1,2.28402541668774,2.35900633659208,0.000295094657778261,beta,2,1,pmmr,TRUE,2.35900633659208
1|0|0|1|0|1|0|0|1|1|0|1|0|1|0|0|1,1,2.16183424272828,2.37817156555161,0.000721568802134668,beta,2,1,pmmr,TRUE,2.37817156555161
1|0|0|1|0|1|0|1|1|0|1|0|1|0|0|0|1,0,2.45567738147273,2.4049740588787,0.0146460861644001,beta,2,1,pmmr,FALSE,2.4049740588787
0|0|0|0|0|1|0|1|1|0|0|0|0|1|0|0|1,1,2.49182469764127,2.42929511532949,0.000214280083179978,beta,2,1,pmmr,TRUE,2.42929511532949
1|0|0|1|0|1|0|1|1|0|0|0|0|1|0|0|1,1,2.349858807576,2.52779423856318,0.000162129855981701,beta,2,1,pmmr,TRUE,2.52779423856318
0|0|0|0|0|1|0|1|1|1|0|0|0|1|0|0|1,1,2.49182469764127,2.41784914580783,0.00119268440965192,beta,2,1,pmmr,TRUE,2.41784914580783
1|0|0|1|0|1|0|1|1|1|0|0|0|1|0|0|1,1,2.349858807576,2.48222228361295,0.00111942876202669,beta,2,1,pmmr,TRUE,2.48222228361295
0|0|0|0|0|1|0|1|1|0|0|1|0|1|0|0|1,1,2.28402541668774,2.38679979772744,0.000150366452835106,beta,2,1,pmmr,TRUE,2.38679979772744
1|0|0|1|0|1|0|1|1|0|0|1|0|1|0|0|1,1,2.16183424272828,2.43852925940499,0.000195674817020108,beta,2,1,pmmr,TRUE,2.43852925940499
0|0|0|0|0|1|0|1|1|1|0|1|0|1|0|0|1,1,2.28402541668774,2.36940198757135,0.00110481148265077,beta,2,1,pmmr,TRUE,2.36940198757135
1|0|0|1|0|1|0|1|1|1|0|1|0|1|0|0|1,1,2.16183424272828,2.38967222342859,0.00178429805609,beta,2,1,pmmr,TRUE,2.38967222342859
1|0|0|1|0|1|0|2|1|0|1|0|1|0|0|0|1,0,2.45567738147273,2.40592232617748,0.0121869311051466,beta,2,1,pmmr,FALSE,2.40592232617748
0|0|0|0|0|1|0|2|1|0|0|0|0|1|0|0|1,1,2.49182469764127,2.42319467401532,3.44238073091837e-05,beta,2,1,pmmr,TRUE,2.42319467401532
1|0|0|1|0|1|0|2|1|0|0|0|0|1|0|0|1,1,2.349858807576,2.52278389738032,2.20166211958071e-05,beta,2,1,pmmr,TRUE,2.52278389738032
0|0|0|0|0|1|0|2|1|1|0|0|0|1|0|0|1,1,2.49182469764127,2.41022386677691,0.000241883032648902,beta,2,1,pmmr,TRUE,2.41022386677691
1|0|0|1|0|1|0|2|1|1|0|0|0|1|0|0|1,1,2.349858807576,2.47512251532263,0.000196967818629543,beta,2,1,pmmr,TRUE,2.47512251532263
0|0|0|0|0|1|0|2|1|0|0|1|0|1|0|0|1,1,2.28402541668774,2.3811954594759,0.000146136303591382,beta,2,1,pmmr,TRUE,2.3811954594759
1|0|0|1|0|1|0|2|1|0|0|1|0|1|0|0|1,1,2.16183424272828,2.43354572997021,0.00016075062759883,beta,2,1,pmmr,TRUE,2.43354572997021
0|0|0|0|0|1|0|2|1|1|0|1|0|1|0|0|1,1,2.28402541668774,2.36304885419221,0.00135549559144525,beta,2,1,pmmr,TRUE,2.36304885419221
1|0|0|1|0|1|0|2|1|1|0|1|0|1|0|0|1,1,2.16183424272828,2.38361979610777,0.00189931187574578,beta,2,1,pmmr,TRUE,2.38361979610777
1|0|0|1|0|1|0|3|1|0|1|0|1|0|0|0|1,0,2.45567738147273,2.38950403143602,0.00965222548188887,beta,2,1,pmmr,FALSE,2.38950403143602
0|0|0|0|0|1|0|3|1|0|0|0|0|1|0|0|1,1,2.49182469764127,2.39831406845,3.623445873697e-06,beta,2,1,pmmr,TRUE,2.39831406845
1|0|0|1|0|1|0|3|1|0|0|0|0|1|0|0|1,1,2.349858807576,2.49413481083987,2.20077575785253e-06,beta,2,1,pmmr,TRUE,2.49413481083987
0|0|0|0|0|1|0|3|1|1|0|0|0|1|0|0|1,1,2.49182469764127,2.3847277223922,3.48908199837689e-05,beta,2,1,pmmr,TRUE,2.3847277223922
1|0|0|1|0|1|0|3|1|1|0|0|0|1|0|0|1,1,2.349858807576,2.44713196664989,2.73194841864878e-05,beta,2,1,pmmr,TRUE,2.44713196664989
0|0|0|0|0|1|0|3|1|0|0|1|0|1|0|0|1,1,2.28402541668774,2.35865851325482,9.30574315743746e-05,beta,2,1,pmmr,TRUE,2.35865851325482
1|0|0|1|0|1|0|3|1|0|0|1|0|1|0|0|1,1,2.16183424272828,2.40920152228743,9.72093116466258e-05,beta,2,1,pmmr,TRUE,2.40920152228743
0|0|0|0|0|1|0|3|1|1|0|1|0|1|0|0|1,1,2.28402541668774,2.34084880390999,0.00118286164009636,beta,2,1,pmmr,TRUE,2.34084880390999
1|0|0|1|0|1|0|3|1|1|0|1|0|1|0|0|1,1,2.16183424272828,2.36089413574119,0.00159368898587253,beta,2,1,pmmr,TRUE,2.36089413574119
1|0|0|1|0|1|0|0|0|0|1|0|1|0|0|1|1,0,2.45567738147273,2.77634769373985,0.0019055164526257,beta,2,1,pmmr,FALSE,2.77634769373985
0|0|0|0|0|1|0|0|0|0|0|0|0|1|0|1|1,1,3.33964685192599,2.94273988026386,0.00308826213077438,beta,2,1,pmmr,TRUE,2.94273988026386
1|0|0|1|0|1|0|0|0|0|0|0|0|1|0|1|1,1,3.11700001661268,3.03873149743609,0.00383856478161443,beta,2,1,pmmr,TRUE,3.03873149743609
0|0|0|0|0|1|0|0|0|1|0|0|0|1|0|1|1,1,3.33964685192599,2.88485873915142,0.00045191844502641,beta,2,1,pmmr,TRUE,2.88485873915142
1|0|0|1|0|1|0|0|0|1|0|0|0|1|0|1|1,1,3.11700001661268,2.94473024802402,0.000720090899867005,beta,2,1,pmmr,TRUE,2.94473024802402
0|0|0|0|0|1|0|0|0|0|0|1|0|1|0|1|1,1,3.01375270747048,2.87709049726773,0.000435241504152723,beta,2,1,pmmr,TRUE,2.87709049726773
1|0|0|1|0|1|0|0|0|0|0|1|0|1|0|1|1,1,2.82211880039051,2.92614594645735,0.000917954432952705,beta,2,1,pmmr,TRUE,2.92614594645735
0|0|0|0|0|1|0|0|0|1|0|1|0|1|0|1|1,1,3.01375270747048,2.81644238483441,8.35478866208866e-05,beta,2,1,pmmr,TRUE,2.81644238483441
1|0|0|1|0|1|0|0|0|1|0|1|0|1|0|1|1,1,2.82211880039051,2.83180384330039,0.000225282267809345,beta,2,1,pmmr,TRUE,2.83180384330039
1|0|0|1|0|1|0|1|0|0|1|0|1|0|0|1|1,0,2.45567738147273,2.81252300832566,0.00211567568149158,beta,2,1,pmmr,FALSE,2.81252300832566
0|0|0|0|0|1|0|1|0|0|0|0|0|1|0|1|1,1,3.33964685192599,2.97969122472598,0.00197327301155353,beta,2,1,pmmr,TRUE,2.97969122472598
1|0|0|1|0|1|0|1|0|0|0|0|0|1|0|1|1,1,3.11700001661268,3.08408380090564,0.00163431541435321,beta,2,1,pmmr,TRUE,3.08408380090564
0|0|0|0|0|1|0|1|0|1|0|0|0|1|0|1|1,1,3.33964685192599,2.9164458934912,0.000358919161877008,beta,2,1,pmmr,TRUE,2.9164458934912
1|0|0|1|0|1|0|1|0|1|0|0|0|1|0|1|1,1,3.11700001661268,2.98121556708885,0.000376027692338326,beta,2,1,pmmr,TRUE,2.98121556708885
0|0|0|0|0|1|0|1|0|0|0|1|0|1|0|1|1,1,3.01375270747048,2.91250784298736,0.00168241600041752,beta,2,1,pmmr,TRUE,2.91250784298736
1|0|0|1|0|1|0|1|0|0|0|1|0|1|0|1|1,1,2.82211880039051,2.96619290394896,0.00236438498855083,beta,2,1,pmmr,TRUE,2.96619290394896
0|0|0|0|0|1|0|1|0|1|0|1|0|1|0|1|1,1,3.01375270747048,2.84723455402637,0.000401422871895204,beta,2,1,pmmr,TRUE,2.84723455402637
1|0|0|1|0|1|0|1|0|1|0|1|0|1|0|1|1,1,2.82211880039051,2.86431479633233,0.000711687902552468,beta,2,1,pmmr,TRUE,2.86431479633233
1|0|0|1|0|1|0|2|0|0|1|0|1|0|0|1|1,0,2.45567738147273,2.80954911811238,0.00181527594290359,beta,2,1,pmmr,FALSE,2.80954911811238
0|0|0|0|0|1|0|2|0|0|0|0|0|1|0|1|1,1,3.33964685192599,2.96578963982526,0.00040383487932052,beta,2,1,pmmr,TRUE,2.96578963982526
1|0|0|1|0|1|0|2|0|0|0|0|0|1|0|1|1,1,3.11700001661268,3.07252134573487,0.000280038811848963,beta,2,1,pmmr,TRUE,3.07252134573487
0|0|0|0|0|1|0|2|0|1|0|0|0|1|0|1|1,1,3.33964685192599,2.9012487827023,9.27291037180837e-05,beta,2,1,pmmr,TRUE,2.9012487827023
1|0|0|1|0|1|0|2|0|1|0|0|0|1|0|1|1,1,3.11700001661268,2.96735206654079,8.34859358026736e-05,beta,2,1,pmmr,TRUE,2.96735206654079
0|0|0|0|0|1|0|2|0|0|0|1|0|1|0|1|1,1,3.01375270747048,2.90103501253473,0.00208295605570865,beta,2,1,pmmr,TRUE,2.90103501253473
1|0|0|1|0|1|0|2|0|0|0|1|0|1|0|1|1,1,2.82211880039051,2.95640234733621,0.00245092832138988,beta,2,1,pmmr,TRUE,2.95640234733621
0|0|0|0|0|1|0|2|0|1|0|1|0|1|0|1|1,1,3.01375270747048,2.83526557213602,0.000627410233762513,beta,2,1,pmmr,TRUE,2.83526557213602
1|0|0|1|0|1|0|2|0|1|0|1|0|1|0|1|1,1,2.82211880039051,2.8533282930888,0.000955901495781457,beta,2,1,pmmr,TRUE,2.8533282930888
1|0|0|1|0|1|0|3|0|0|1|0|1|0|0|1|1,0,2.45567738147273,2.7679952707768,0.00146320869044765,beta,2,1,pmmr,FALSE,2.7679952707768
0|0|0|0|0|1|0|3|0|0|0|0|0|1|0|1|1,1,3.33964685192599,2.90358549640852,5.33829238309678e-05,beta,2,1,pmmr,TRUE,2.90358549640852
1|0|0|1|0|1|0|3|0|0|0|0|0|1|0|1|1,1,3.11700001661268,3.00625181720377,3.46682717165274e-05,beta,2,1,pmmr,TRUE,3.00625181720377
0|0|0|0|0|1|0|3|0|1|0|0|0|1|0|1|1,1,3.33964685192599,2.8419825231818,1.67979965377704e-05,beta,2,1,pmmr,TRUE,2.8419825231818
1|0|0|1|0|1|0|3|0|1|0|0|0|1|0|1|1,1,3.11700001661268,2.90568049312472,1.43409982149011e-05,beta,2,1,pmmr,TRUE,2.90568049312472
0|0|0|0|0|1|0|3|0|0|0|1|0|1|0|1|1,1,3.01375270747048,2.84472383682674,0.00166574571815994,beta,2,1,pmmr,TRUE,2.84472383682674
1|0|0|1|0|1|0|3|0|0|0|1|0|1|0|1|1,1,2.82211880039051,2.8985701155163,0.00183558560445151,beta,2,1,pmmr,TRUE,2.8985701155163
0|0|0|0|0|1|0|3|0|1|0|1|0|1|0|1|1,1,3.01375270747048,2.78261715396789,0.000687579770987722,beta,2,1,pmmr,TRUE,2.78261715396789
1|0|0|1|0|1|0|3|0|1|0|1|0|1|0|1|1,1,2.82211880039051,2.80077760542588,0.000993365953076338,beta,2,1,pmmr,TRUE,2.80077760542588
1|0|0|1|0|1|0|0|1|0|1|0|1|0|0|1|1,0,2.45567738147273,2.68082123299386,0.00216934924286896,beta,2,1,pmmr,FALSE,2.68082123299386
0|0|0|0|0|1|0|0|1|0|0|0|0|1|0|1|1,1,3.33964685192599,2.86067953149441,0.000439379627471713,beta,2,1,pmmr,TRUE,2.86067953149441
1|0|0|1|0|1|0|0|1|0|0|0|0|1|0|1|1,1,3.11700001661268,2.95043332246255,0.000504835601811794,beta,2,1,pmmr,TRUE,2.95043332246255
0|0|0|0|0|1|0|0|1|1|0|0|0|1|0|1|1,1,3.33964685192599,2.83376297668183,0.00235313022678301,beta,2,1,pmmr,TRUE,2.83376297668183
1|0|0|1|0|1|0|0|1|1|0|0|0|1|0|1|1,1,3.11700001661268,2.89006405411392,0.00346599999292768,beta,2,1,pmmr,TRUE,2.89006405411392
0|0|0|0|0|1|0|0|1|0|0|1|0|1|0|1|1,1,3.01375270747048,2.79992704838532,6.19235809192464e-05,beta,2,1,pmmr,TRUE,2.79992704838532
1|0|0|1|0|1|0|0|1|0|0|1|0|1|0|1|1,1,2.82211880039051,2.84223520949063,0.000120726392534811,beta,2,1,pmmr,TRUE,2.84223520949063
0|0|0|0|0|1|0|0|1|1|0|1|0|1|0|1|1,1,3.01375270747048,2.76679222013131,0.000435032160238466,beta,2,1,pmmr,TRUE,2.76679222013131
1|0|0|1|0|1|0|0|1|1|0|1|0|1|0|1|1,1,2.82211880039051,2.7768974683715,0.00108434690506175,beta,2,1,pmmr,TRUE,2.7768974683715
1|0|0|1|0|1|0|1|1|0|1|0|1|0|0|1|1,0,2.45567738147273,2.71022806648208,0.00234352775594541,beta,2,1,pmmr,FALSE,2.71022806648208
0|0|0|0|0|1|0|1|1|0|0|0|0|1|0|1|1,1,3.33964685192599,2.89177265412394,0.000218762623703578,beta,2,1,pmmr,TRUE,2.89177265412394
1|0|0|1|0|1|0|1|1|0|0|0|0|1|0|1|1,1,3.11700001661268,2.98779693130775,0.000168245732475451,beta,2,1,pmmr,TRUE,2.98779693130775
0|0|0|0|0|1|0|1|1|1|0|0|0|1|0|1|1,1,3.33964685192599,2.8606890505599,0.00145627276376382,beta,2,1,pmmr,TRUE,2.8606890505599
1|0|0|1|0|1|0|1|1|1|0|0|0|1|0|1|1,1,3.11700001661268,2.92015444643989,0.00141673343920764,beta,2,1,pmmr,TRUE,2.92015444643989
0|0|0|0|0|1|0|1|1|0|0|1|0|1|0|1|1,1,3.01375270747048,2.83031360959183,0.000186517393314195,beta,2,1,pmmr,TRUE,2.83031360959183
1|0|0|1|0|1|0|1|1|0|0|1|0|1|0|1|1,1,2.82211880039051,2.87556040448847,0.000243403250534797,beta,2,1,pmmr,TRUE,2.87556040448847
0|0|0|0|0|1|0|1|1|1|0|1|0|1|0|1|1,1,3.01375270747048,2.79364602204702,0.0016287266247801,beta,2,1,pmmr,TRUE,2.79364602204702
1|0|0|1|0|1|0|1|1|1|0|1|0|1|0|1|1,1,2.82211880039051,2.80404648949489,0.00268137711761518,beta,2,1,pmmr,TRUE,2.80404648949489
1|0|0|1|0|1|0|2|1|0|1|0|1|0|0|1|1,0,2.45567738147273,2.70626990906931,0.00195003709415056,beta,2,1,pmmr,FALSE,2.70626990906931
0|0|0|0|0|1|0|2|1|0|0|0|0|1|0|1|1,1,3.33964685192599,2.8775070790638,3.51439214184843e-05,beta,2,1,pmmr,TRUE,2.8775070790638
1|0|0|1|0|1|0|2|1|0|0|0|0|1|0|1|1,1,3.11700001661268,2.97435504670768,2.28471340907205e-05,beta,2,1,pmmr,TRUE,2.97435504670768
0|0|0|0|0|1|0|2|1|1|0|0|0|1|0|1|1,1,3.33964685192599,2.84429546524827,0.000295340217087261,beta,2,1,pmmr,TRUE,2.84429546524827
1|0|0|1|0|1|0|2|1|1|0|0|0|1|0|1|1,1,3.11700001661268,2.90370639431044,0.000249279726022982,beta,2,1,pmmr,TRUE,2.90370639431044
0|0|0|0|0|1|0|2|1|0|0|1|0|1|0|1|1,1,3.01375270747048,2.81887111709793,0.000181270236149859,beta,2,1,pmmr,TRUE,2.81887111709793
1|0|0|1|0|1|0|2|1|0|0|1|0|1|0|1|1,1,2.82211880039051,2.86465521971457,0.000199960454180689,beta,2,1,pmmr,TRUE,2.86465521971457
0|0|0|0|0|1|0|2|1|1|0|1|0|1|0|1|1,1,3.01375270747048,2.7810101083472,0.0019982882095522,beta,2,1,pmmr,TRUE,2.7810101083472
1|0|0|1|0|1|0|2|1|1|0|1|0|1|0|1|1,1,2.82211880039051,2.79135086813459,0.00285421563143968,beta,2,1,pmmr,TRUE,2.79135086813459
1|0|0|1|0|1|0|3|1|0|1|0|1|0|0|1|1,0,2.45567738147273,2.66964869440964,0.00154445754787601,beta,2,1,pmmr,FALSE,2.66964869440964
0|0|0|0|0|1|0|3|1|0|0|0|0|1|0|1|1,1,3.33964685192599,2.82042003116022,3.69924499941544e-06,beta,2,1,pmmr,TRUE,2.82042003116022
1|0|0|1|0|1|0|3|1|0|0|0|0|1|0|1|1,1,3.11700001661268,2.91258440042213,2.28379361192986e-06,beta,2,1,pmmr,TRUE,2.91258440042213
0|0|0|0|0|1|0|3|1|1|0|0|0|1|0|1|1,1,3.33964685192599,2.78744759052099,4.26018403833901e-05,beta,2,1,pmmr,TRUE,2.78744759052099
1|0|0|1|0|1|0|3|1|1|0|0|0|1|0|1|1,1,3.11700001661268,2.84365900408822,3.4575158421719e-05,beta,2,1,pmmr,TRUE,2.84365900408822
0|0|0|0|0|1|0|3|1|0|0|1|0|1|0|1|1,1,3.01375270747048,2.76758449391264,0.000115430198947368,beta,2,1,pmmr,TRUE,2.76758449391264
1|0|0|1|0|1|0|3|1|0|0|1|0|1|0|1|1,1,2.82211880039051,2.81145186728131,0.000120920324839795,beta,2,1,pmmr,TRUE,2.81145186728131
0|0|0|0|0|1|0|3|1|1|0|1|0|1|0|1|1,1,3.01375270747048,2.73103442563897,0.00174378912322093,beta,2,1,pmmr,TRUE,2.73103442563897
1|0|0|1|0|1|0|3|1|1|0|1|0|1|0|1|1,1,2.82211880039051,2.74098792232916,0.00239493685751031,beta,2,1,pmmr,TRUE,2.74098792232916
0|0|0|0|0|1|0|0|0|0|1|0|1|0|0|0|0,0,0,-0.208260465658633,0.0340123692951178,adjoint,2,1,ensemble,TRUE,
0|0|0|0|0|1|0|0|0|0|0|0|0|1|0|0|0,1,0,-0.635045075279012,0.00420354465996152,adjoint,2,1,ensemble,FALSE,
1|0|0|1|0|1|0|0|0|0|0|0|0|1|0|0|0,1,0,-0.296730694000043,0.00461267037531881,adjoint,2,1,ensemble,FALSE,
0|0|0|0|0|1|0|0|0|1|0|0|0|1|0|0|0,1,0,-0.316631764822245,0.000389888941052255,adjoint,2,1,ensemble,FALSE,
1|0|0|1|0|1|0|0|0|1|0|0|0|1|0|0|0,1,0,-0.180962560122086,0.000543041525053394,adjoint,2,1,ensemble,FALSE,
0|0|0|0|0|1|0|0|0|0|0|1|0|1|0|0|0,1,0,-0.480790675686159,0.000520404079326314,adjoint,2,1,ensemble,FALSE,
1|0|0|1|0|1|0|0|0|0|0|1|0|1|0|0|0,1,0,-0.153416783833835,0.00100428930927588,adjoint,2,1,ensemble,FALSE,
0|0|0|0|0|1|0|0|0|1|0|1|0|1|0|0|0,1,0,-0.220893198181025,6.54685048802593e-05,adjoint,2,1,ensemble,FALSE,
1|0|0|1|0|1|0|0|0|1|0|1|0|1|0|0|0,1,0,0.140297528139424,0.000160143047798717,adjoint,2,1,ensemble,FALSE,
0|0|0|0|0|1|0|1|0|0|1|0|1|0|0|0|0,0,0,0.0653890436390969,0.0447899109255408,adjoint,2,1,ensemble,TRUE,
0|0|0|0|0|1|0|1|0|0|0|0|0|1|0|0|0,1,-0.640667527308902,-0.443137588539461,0.00268589286761164,adjoint,2,1,ensemble,FALSE,
1|0|0|1|0|1|0|1|0|0|0|0|0|1|0|0|0,1,-0.663918291420844,0.0902632421363095,0.00196390023995983,adjoint,2,1,ensemble,FALSE,
0|0|0|0|0|1|0|1|0|1|0|0|0|1|0|0|0,1,-0.61097871822111,-0.0426631757889221,0.000309654570393583,adjoint,2,1,ensemble,FALSE,
1|0|0|1|0|1|0|1|0|1|0|0|0|1|0|0|0,1,-0.630758890718092,0.0350808040619956,0.00028357343711388,adjoint,2,1,ensemble,FALSE,
0|0|0|0|0|1|0|1|0|0|0|1|0|1|0|0|0,1,-0.633469039072831,-0.0578003884135777,0.00201160997144684,adjoint,2,1,ensemble,FALSE,
1|0|0|1|0|1|0|1|0|0|0|1|0|1|0|0|0,1,-0.660296130901142,-0.205191225100019,0.00258675864702349,adjoint,2,1,ensemble,FALSE,
0|0|0|0|0|1|0|1|0|1|0|1|0|1|0|0|0,1,-0.653527313487882,0.0530753908522984,0.000314556792644816,adjoint,2,1,ensemble,FALSE,
1|0|0|1|0|1|0|1|0|1|0|1|0|1|0|0|0,1,-0.676419076242787,0.414266117172747,0.000505906971305358,adjoint,2,1,ensemble,FALSE,
0|0|0|0|0|1|0|2|0|0|1|0|1|0|0|0|0,0,0,0.0738952073772867,0.0388813985793297,adjoint,2,1,ensemble,TRUE,
0|0|0|0|0|1|0|2|0|0|0|0|0|1|0|0|0,1,-0.955763640216183,-0.345677416622541,0.000549674178742178,adjoint,2,1,ensemble,FALSE,
1|0|0|1|0|1|0|2|0|0|0|0|0|1|0|0|0,1,-0.810911632334406,0.51254817909562,0.000336512942947367,adjoint,2,1,ensemble,FALSE,
0|0|0|0|0|1|0|2|0|1|0|0|0|1|0|0|0,1,-0.911473141575458,-0.0343677920509186,8.0001275564788e-05,adjoint,2,1,ensemble,FALSE,
1|0|0|1|0|1|0|2|0|1|0|0|0|1|0|0|0,1,-0.770410648857126,0.0433761878000014,6.29591762750604e-05,adjoint,2,1,ensemble,FALSE,
0|0|0|0|0|1|0|2|0|0|0|1|0|1|0|0|0,1,-0.945024757679931,-0.132936931993949,0.00249052265950232,adjoint,2,1,ensemble,FALSE,
1|0|0|1|0|1|0|2|0|0|0|1|0|1|0|0|0,1,-0.806487515485143,0.0532642695083952,0.00268144149928643,adjoint,2,1,ensemble,FALSE,
0|0|0|0|0|1|0|2|0|1|0|1|0|1|0|0|0,1,-0.974948186844371,-0.222075971879228,0.000491641519759723,adjoint,2,1,ensemble,FALSE,
1|0|0|1|0|1|0|2|0|1|0|1|0|1|0|0|0,1,-0.826180125395095,0.13303569518279,0.000679507448226446,adjoint,2,1,ensemble,FALSE,
0|0|0|0|0|1|0|3|0|0|1|0|1|0|0|0|0,0,0,0.321156845438681,0.0315094930517083,adjoint,2,1,ensemble,TRUE,
0|0|0|0|0|1|0|3|0|0|0|0|0|1|0|0|0,1,-1.70011311164772,-0.0550351059081816,7.26614176195367e-05,adjoint,2,1,ensemble,FALSE,
1|0|0|1|0|1|0|3|0|0|0|0|0|1|0|0|0,1,-1.44245024659815,0.589602366881793,4.16596616204748e-05,adjoint,2,1,ensemble,FALSE,
0|0|0|0|0|1|0|3|0|1|0|0|0|1|0|0|0,1,-1.62132913798298,0.21289384601048,1.44923340792784e-05,adjoint,2,1,ensemble,FALSE,
1|0|0|1|0|1|0|3|0|1|0|0|0|1|0|0|0,1,-1.37040706547361,0.574084572330928,1.08149645313477e-05,adjoint,2,1,ensemble,FALSE,
0|0|0|0|0|1|0|3|0|0|0|1|0|1|0|0|0,1,-1.68101077898293,-0.175856792617416,0.00199167785833815,adjoint,2,1,ensemble,FALSE,
1|0|0|1|0|1|0|3|0|0|0|1|0|1|0|0|0,1,-1.43458062408228,0.45727828953969,0.00200822495391373,adjoint,2,1,ensemble,FALSE,
0|0|0|0|0|1|0|3|0|1|0|1|0|1|0|0|0,1,-1.73423859821281,0.3086324126517,0.000538790643463431,adjoint,2,1,ensemble,FALSE,
1|0|0|1|0|1|0|3|0|1|0|1|0|1|0|0|0,1,-1.46960985401083,1.34136131689601,0.000706139248561502,adjoint,2,1,ensemble,FALSE,
0|0|0|0|0|1|0|0|1|0|1|0|1|0|0|0|0,0,0,-0.183897131716789,0.0344508323933191,adjoint,2,1,ensemble,TRUE,
0|0|0|0|0|1|0|0|1|0|0|0|0|1|0|0|0,1,0,-0.560114602179819,0.000598055413868472,adjoint,2,1,ensemble,FALSE,
1|0|0|1|0|1|0|0|1|0|0|0|0|1|0|0|0,1,0,-0.225529197531068,0.00060664346112823,adjoint,2,1,ensemble,FALSE,
0|0|0|0|0|1|0|0|1|1|0|0|0|1|0|0|0,1,0,-0.618504409506686,0.0020301438508996,adjoint,2,1,ensemble,FALSE,
1|0|0|1|0|1|0|0|1|1|0|0|0|1|0|0|0,1,0,-0.14040105091751,0.00261381156509841,adjoint,2,1,ensemble,FALSE,
0|0|0|0|0|1|0|0|1|0|0|1|0|1|0|0|0,1,0,-0.180929289069071,7.40400072359856e-05,adjoint,2,1,ensemble,FALSE,
1|0|0|1|0|1|0|0|1|0|0|1|0|1|0|0|0,1,0,0.180261437251377,0.00013208087571423,adjoint,2,1,ensemble,FALSE,
0|0|0|0|0|1|0|0|1|1|0|1|0|1|0|0|0,1,0,-0.196447083619936,0.000340893184227136,adjoint,2,1,ensemble,FALSE,
1|0|0|1|0|1|0|0|1|1|0|1|0|1|0|0|0,1,0,-0.118703103769016,0.000770813521793267,adjoint,2,1,ensemble,FALSE,
0|0|0|0|0|1|0|1|1|0|1|0|1|0|0|0|0,0,0,0.0897233390759677,0.0445846694872666,adjoint,2,1,ensemble,TRUE,
0|0|0|0|0|1|0|1|1|0|0|0|0|1|0|0|0,1,-0.640667527308902,-0.00269926667696867,0.000297765675233586,adjoint,2,1,ensemble,FALSE,
1|0|0|1|0|1|0|1|1|0|0|0|0|1|0|0|0,1,-0.663918291420844,0.35849145964348,0.000202175070661939,adjoint,2,1,ensemble,FALSE,
0|0|0|0|0|1|0|1|1|1|0|0|0|1|0|0|0,1,-0.61097871822111,-0.29097277000527,0.00125638741236582,adjoint,2,1,ensemble,FALSE,
1|0|0|1|0|1|0|1|1|1|0|0|0|1|0|0|0,1,-0.630758890718092,0.0176538912792153,0.00106839995834352,adjoint,2,1,ensemble,FALSE,
0|0|0|0|0|1|0|1|1|0|0|1|0|1|0|0|0,1,-0.633469039072831,0.0930392999642518,0.000223012767440392,adjoint,2,1,ensemble,FALSE,
1|0|0|1|0|1|0|1|1|0|0|1|0|1|0|0|0,1,-0.660296130901142,0.4542300262847,0.000266295660851925,adjoint,2,1,ensemble,FALSE,
0|0|0|0|0|1|0|1|1|1|0|1|0|1|0|0|0,1,-0.653527313487882,0.0775215054133871,0.00127627760911389,adjoint,2,1,ensemble,FALSE,
1|0|0|1|0|1|0|1|1|1|0|1|0|1|0|0|0,1,-0.676419076242787,0.307290015343927,0.00190607058464111,adjoint,2,1,ensemble,FALSE,
0|0|0|0|0|1|0|2|1|0|1|0|1|0|0|0|0,0,0,0.0985106539572236,0.0375435951500442,adjoint,2,1,ensemble,TRUE,
0|0|0|0|0|1|0|2|1|0|0|0|0|1|0|0|0,1,-0.955763640216183,0.00559611706103484,4.78356554440972e-05,adjoint,2,1,ensemble,FALSE,
1|0|0|1|0|1|0|2|1|0|0|0|0|1|0|0|0,1,-0.810911632334406,0.366786843381483,2.7454609880748e-05,adjoint,2,1,ensemble,FALSE,
0|0|0|0|0|1|0|2|1|1|0|0|0|1|0|0|0,1,-0.911473141575458,-0.00992167748982991,0.000254802355950676,adjoint,2,1,ensemble,FALSE,
1|0|0|1|0|1|0|2|1|1|0|0|0|1|0|0|0,1,-0.770410648857126,0.351269048830618,0.000187989103333224,adjoint,2,1,ensemble,FALSE,
0|0|0|0|0|1|0|2|1|0|0|1|0|1|0|0|0,1,-0.945024757679931,0.101334683702255,0.000216738912656018,adjoint,2,1,ensemble,FALSE,
1|0|0|1|0|1|0|2|1|0|0|1|0|1|0|0|0,1,-0.806487515485143,0.757365671092364,0.000218767009780279,adjoint,2,1,ensemble,FALSE,
0|0|0|0|0|1|0|2|1|1|0|1|0|1|0|0|0,1,-0.974948186844371,-0.226794313228139,0.00156586775190226,adjoint,2,1,ensemble,FALSE,
1|0|0|1|0|1|0|2|1|1|0|1|0|1|0|0|0,1,-0.826180125395095,-0.222501964927346,0.00202893372273896,adjoint,2,1,ensemble,FALSE,
0|0|0|0|0|1|0|3|1|0|1|0|1|0|0|0|0,0,0,0.345804789421528,0.0299086572901431,adjoint,2,1,ensemble,TRUE,
0|0|0|0|0|1|0|3|1|0|0|0|0|1|0|0|0,1,-1.70011311164772,0.252857755122433,5.03517541734159e-06,adjoint,2,1,ensemble,FALSE,
1|0|0|1|0|1|0|3|1|0|0|0|0|1|0|0|0,1,-1.44245024659815,0.614048481442882,2.74435569969999e-06,adjoint,2,1,ensemble,FALSE,
0|0|0|0|0|1|0|3|1|1|0|0|0|1|0|0|0,1,-1.62132913798298,0.237339960571569,3.67543892415952e-05,adjoint,2,1,ensemble,FALSE,
1|0|0|1|0|1|0|3|1|1|0|0|0|1|0|0|0,1,-1.37040706547361,0.598530686892017,2.60741341985584e-05,adjoint,2,1,ensemble,FALSE,
0|0|0|0|0|1|0|3|1|0|0|1|0|1|0|0|0,1,-1.68101077898293,0.348596321763654,0.000138016126303479,adjoint,2,1,ensemble,FALSE,
1|0|0|1|0|1|0|3|1|0|0|1|0|1|0|0|0,1,-1.43458062408228,0.709787048084102,0.000132293047619095,adjoint,2,1,ensemble,FALSE,
0|0|0|0|0|1|0|3|1|1|0|1|0|1|0|0|0,1,-1.73423859821281,-0.56853170003132,0.00136644110750244,adjoint,2,1,ensemble,FALSE,
1|0|0|1|0|1|0|3|1|1|0|1|0|1|0|0|0,1,-1.46960985401083,0.27134645259434,0.00170245306644269,adjoint,2,1,ensemble,FALSE,
1|0|0|1|0|1|0|0|0|0|1|0|1|0|0|0|0,0,0,0.163103244437255,0.0339232475326121,adjoint,2,1,ensemble,TRUE,
1|0|0|1|0|1|0|1|0|0|1|0|1|0|0|0|0,0,1.05127109637602,0.922742978740099,0.0376646392861478,adjoint,2,1,ensemble,TRUE,
1|0|0|1|0|1|0|2|0|0|1|0|1|0|0|0|0,0,1.28402541668774,1.05851613830754,0.0323167270827079,adjoint,2,1,ensemble,TRUE,
1|0|0|1|0|1|0|3|0|0|1|0|1|0|0|0|0,0,2.28402541668774,1.93713979887863,0.0260489960763803,adjoint,2,1,ensemble,TRUE,
1|0|0|1|0|1|0|0|1|0|1|0|1|0|0|0|0,0,0,0.186290865401653,0.0386201710560533,adjoint,2,1,ensemble,TRUE,
1|0|0|1|0|1|0|1|1|0|1|0|1|0|0|0|0,0,1.05127109637602,1.0326301905138,0.0417210106241467,adjoint,2,1,ensemble,TRUE,
1|0|0|1|0|1|0|2|1|0|1|0|1|0|0|0|0,0,1.28402541668774,1.1178064386983,0.0347158330496133,adjoint,2,1,ensemble,TRUE,
1|0|0|1|0|1|0|3|1|0|1|0|1|0|0|0|0,0,2.28402541668774,1.73316799586123,0.0274954412637132,adjoint,2,1,ensemble,TRUE,
0|0|0|0|0|1|0|0|0|0|0|0|0|1|0|1|0,1,0,-0.63189230082516,0.00488382212678092,adjoint,2,1,ensemble,FALSE,
1|0|0|1|0|1|0|0|0|0|0|0|0|1|0|1|0,1,0,-0.362284201553675,0.00535915839246372,adjoint,2,1,ensemble,FALSE,
0|0|0|0|0|1|0|0|0|1|0|0|0|1|0|1|0,1,0,-0.374048340899929,0.000611467577240109,adjoint,2,1,ensemble,FALSE,
1|0|0|1|0|1|0|0|0|1|0|0|0|1|0|1|0,1,0,-0.378231022054613,0.000851658640968403,adjoint,2,1,ensemble,FALSE,
0|0|0|0|0|1|0|0|0|0|0|1|0|1|0|1|0,1,0,-0.572844047849069,0.000495023672885394,adjoint,2,1,ensemble,FALSE,
1|0|0|1|0|1|0|0|0|0|0|1|0|1|0|1|0,1,0,0.0983987466126047,0.000955309541694711,adjoint,2,1,ensemble,FALSE,
0|0|0|0|0|1|0|0|0|1|0|1|0|1|0|1|0,1,0,-0.278309774258708,8.40632242587983e-05,adjoint,2,1,ensemble,FALSE,
1|0|0|1|0|1|0|0|0|1|0|1|0|1|0|1|0,1,0,0.0828809520617401,0.000205627743679392,adjoint,2,1,ensemble,FALSE,
0|0|0|0|0|1|0|1|0|0|0|0|0|1|0|1|0,1,0.682846801463348,-0.588581200528023,0.00312056230589087,adjoint,2,1,ensemble,FALSE,
1|0|0|1|0|1|0|1|0|0|0|0|0|1|0|1|0,1,0.74963004235783,-0.0890443854144209,0.00228172654808762,adjoint,2,1,ensemble,FALSE,
0|0|0|0|0|1|0|1|0|1|0|0|0|1|0|1|0,1,0.383318642077374,-0.100079751866606,0.00048563503604098,adjoint,2,1,ensemble,FALSE,
1|0|0|1|0|1|0|1|0|1|0|0|0|1|0|1|0,1,0.421604640727319,0.261110974453843,0.000444731676907028,adjoint,2,1,ensemble,FALSE,
0|0|0|0|0|1|0|1|0|0|0|1|0|1|0|1|0,1,1.12218853869537,-0.354030089866859,0.00191350259545927,adjoint,2,1,ensemble,FALSE,
1|0|0|1|0|1|0|1|0|0|0|1|0|1|0|1|0,1,1.24652119699827,0.554857851937401,0.0024606009391304,adjoint,2,1,ensemble,FALSE,
0|0|0|0|0|1|0|1|0|1|0|1|0|1|0|1|0,1,0.791760908044091,-0.00434118522538523,0.000403898916747719,adjoint,2,1,ensemble,FALSE,
1|0|0|1|0|1|0|1|0|1|0|1|0|1|0|1|0,1,0.87727265809054,0.660069860397907,0.000649597409635596,adjoint,2,1,ensemble,FALSE,
0|0|0|0|0|1|0|2|0|0|0|0|0|1|0|1|0,1,1.01868772312837,-0.0762665735777375,0.000638630283206209,adjoint,2,1,ensemble,FALSE,
1|0|0|1|0|1|0|2|0|0|0|0|0|1|0|1|0,1,0.915600201335578,0.455131603017942,0.00039097226023752,adjoint,2,1,ensemble,FALSE,
0|0|0|0|0|1|0|2|0|1|0|0|0|1|0|1|0,1,0.571844217317341,0.144181004853747,0.000125466975323014,adjoint,2,1,ensemble,FALSE,
1|0|0|1|0|1|0|2|0|1|0|0|0|1|0|1|0,1,0.514949071037475,0.269406358191846,9.87396433406007e-05,adjoint,2,1,ensemble,FALSE,
0|0|0|0|0|1|0|2|0|0|0|1|0|1|0|1|0,1,1.67410857743571,-0.085445374985801,0.00236905843610438,adjoint,2,1,ensemble,FALSE,
1|0|0|1|0|1|0|2|0|0|0|1|0|1|0|1|0,1,1.52250442811881,0.586427563175854,0.00255066605419856,adjoint,2,1,ensemble,FALSE,
0|0|0|0|0|1|0|2|0|1|0|1|0|1|0|1|0,1,1.18116847724705,0.00395419851261828,0.000631280207270472,adjoint,2,1,ensemble,FALSE,
1|0|0|1|0|1|0|2|0|1|0|1|0|1|0|1|0,1,1.07150324425029,0.365144924833067,0.000872504834351386,adjoint,2,1,ensemble,FALSE,
0|0|0|0|0|1|0|3|0|0|0|0|0|1|0|1|0,1,1.81204251960597,0.170995064483661,8.44205231155579e-05,adjoint,2,1,ensemble,FALSE,
1|0|0|1|0|1|0|3|0|0|0|0|0|1|0|1|0,1,1.62867035511606,0.532185790804109,4.84016214111409e-05,adjoint,2,1,ensemble,FALSE,
0|0|0|0|0|1|0|3|0|1|0|0|0|1|0|1|0,1,1.01719694155894,0.155477269932796,2.27285041327267e-05,adjoint,2,1,ensemble,FALSE,
1|0|0|1|0|1|0|3|0|1|0|0|0|1|0|1|0,1,0.915991810803352,0.516667996253244,1.69612406601566e-05,adjoint,2,1,ensemble,FALSE,
0|0|0|0|0|1|0|3|0|0|0|1|0|1|0|1|0,1,2.9779056484892,0.0167301312148999,0.00189454258297782,adjoint,2,1,ensemble,FALSE,
1|0|0|1|0|1|0|3|0|0|0|1|0|1|0|1|0,1,2.70823206896742,0.567224947615254,0.00191028266717933,adjoint,2,1,ensemble,FALSE,
0|0|0|0|0|1|0|3|0|1|0|1|0|1|0|1|0,1,2.10106341226632,0.251215836574017,0.000691820880480588,adjoint,2,1,ensemble,FALSE,
1|0|0|1|0|1|0|3|0|1|0|1|0|1|0|1|0,1,1.90599080993596,-0.122437475720186,0.000906700742873751,adjoint,2,1,ensemble,FALSE,
0|0|0|0|0|1|0|0|1|0|0|0|0|1|0|1|0,1,0,-0.334084431787975,0.000694841258881426,adjoint,2,1,ensemble,FALSE,
1|0|0|1|0|1|0|0|1|0|0|0|0|1|0|1|0,1,0,0.027106294532473,0.000704819146265982,adjoint,2,1,ensemble,FALSE,
0|0|0|0|0|1|0|0|1|1|0|0|0|1|0|1|0,1,0,-0.67140536215297,0.00318389933966378,adjoint,2,1,ensemble,FALSE,
1|0|0|1|0|1|0|0|1|1|0|0|0|1|0|1|0,1,0,-0.410049871718434,0.00409927252811897,adjoint,2,1,ensemble,FALSE,
0|0|0|0|0|1|0|0|1|0|0|1|0|1|0|1|0,1,0,-0.238345865146755,7.04290334731153e-05,adjoint,2,1,ensemble,FALSE,
1|0|0|1|0|1|0|0|1|0|0|1|0|1|0|1|0,1,0,-0.152569156300316,0.000125639215393198,adjoint,2,1,ensemble,FALSE,
0|0|0|0|0|1|0|0|1|1|0|1|0|1|0|1|0,1,0,-0.537310659103183,0.000437715512923259,adjoint,2,1,ensemble,FALSE,
1|0|0|1|0|1|0|0|1|1|0|1|0|1|0|1|0,1,0,0.107327066622829,0.000989744153509145,adjoint,2,1,ensemble,FALSE,
0|0|0|0|0|1|0|1|1|0|0|0|0|1|0|1|0,1,0.682846801463348,-0.0601158427546523,0.000345954357795489,adjoint,2,1,ensemble,FALSE,
1|0|0|1|0|1|0|1|1|0|0|0|0|1|0|1|0,1,0.74963004235783,0.0176281370962684,0.000234893920121051,adjoint,2,1,ensemble,FALSE,
0|0|0|0|0|1|0|1|1|1|0|0|0|1|0|1|0,1,0.383318642077374,-0.223808546061056,0.00197040768850978,adjoint,2,1,ensemble,FALSE,
1|0|0|1|0|1|0|1|1|1|0|0|0|1|0|1|0,1,0.421604640727319,0.420990241856331,0.00167558467364733,adjoint,2,1,ensemble,FALSE,
0|0|0|0|0|1|0|1|1|0|0|1|0|1|0|1|0,1,1.12218853869537,0.0356227238865682,0.000212136306428635,adjoint,2,1,ensemble,FALSE,
1|0|0|1|0|1|0|1|1|0|0|1|0|1|0|1|0,1,1.24652119699827,0.396813450207016,0.000253308268219214,adjoint,2,1,ensemble,FALSE,
0|0|0|0|0|1|0|1|1|1|0|1|0|1|0|1|0,1,0.791760908044091,-0.206900190533145,0.0016387728888517,adjoint,2,1,ensemble,FALSE,
1|0|0|1|0|1|0|1|1|1|0|1|0|1|0|1|0,1,0.87727265809054,-0.0129709935135888,0.00244744307668005,adjoint,2,1,ensemble,FALSE,
0|0|0|0|0|1|0|2|1|0|0|0|0|1|0|1|0,1,1.01868772312837,-0.0518204590166488,5.55771025183038e-05,adjoint,2,1,ensemble,FALSE,
1|0|0|1|0|1|0|2|1|0|0|0|0|1|0|1|0,1,0.915600201335578,0.309370267303799,3.18977058801993e-05,adjoint,2,1,ensemble,FALSE,
0|0|0|0|0|1|0|2|1|1|0|0|0|1|0|1|0,1,0.571844217317341,-0.0673382535675135,0.000399609639729048,adjoint,2,1,ensemble,FALSE,
1|0|0|1|0|1|0|2|1|1|0|0|0|1|0|1|0,1,0.514949071037475,0.293852472752935,0.000294825601496865,adjoint,2,1,ensemble,FALSE,
0|0|0|0|0|1|0|2|1|0|0|1|0|1|0|1|0,1,1.67410857743571,0.0439181076245717,0.000206168431152695,adjoint,2,1,ensemble,FALSE,
1|0|0|1|0|1|0|2|1|0|0|1|0|1|0|1|0,1,1.52250442811881,0.40510883394502,0.000208097616813036,adjoint,2,1,ensemble,FALSE,
0|0|0|0|0|1|0|2|1|1|0|1|0|1|0|1|0,1,1.18116847724705,-0.316090108036457,0.0020106139926142,adjoint,2,1,ensemble,FALSE,
1|0|0|1|0|1|0|2|1|1|0|1|0|1|0|1|0,1,1.07150324425029,0.744122720721806,0.0026052024687717,adjoint,2,1,ensemble,FALSE,
0|0|0|0|0|1|0|3|1|0|0|0|0|1|0|1|0,1,1.81204251960597,0.19544117904475,5.85003921801114e-06,adjoint,2,1,ensemble,FALSE,
1|0|0|1|0|1|0|3|1|0|0|0|0|1|0|1|0,1,1.62867035511606,0.556631905365198,3.18848642613798e-06,adjoint,2,1,ensemble,FALSE,
0|0|0|0|0|1|0|3|1|1|0|0|0|1|0|1|0,1,1.01719694155894,0.179923384493885,5.76423565178425e-05,adjoint,2,1,ensemble,FALSE,
1|0|0|1|0|1|0|3|1|1|0|0|0|1|0|1|0,1,0.915991810803352,0.541114110814333,4.08923823897052e-05,adjoint,2,1,ensemble,FALSE,
0|0|0|0|0|1|0|3|1|0|0|1|0|1|0|1|0,1,2.9779056484892,0.29117974568597,0.000131285000395476,adjoint,2,1,ensemble,FALSE,
1|0|0|1|0|1|0|3|1|0|0|1|0|1|0|1|0,1,2.70823206896742,0.652370472006418,0.000125841039552158,adjoint,2,1,ensemble,FALSE,
0|0|0|0|0|1|0|3|1|1|0|1|0|1|0|1|0,1,2.10106341226632,1.1924656033082,0.00175454511244008,adjoint,2,1,ensemble,FALSE,
1|0|0|1|0|1|0|3|1|1|0|1|0|1|0|1|0,1,1.90599080993596,-0.565657673112347,0.0021859930080304,adjoint,2,1,ensemble,FALSE,
0|0|0|0|0|1|0|0|0|0|0|0|0|1|0|2|0,1,0,0.264105627342448,0.00380352449671843,adjoint,2,1,ensemble,FALSE,
1|0|0|1|0|1|0|0|0|0|0|0|0|1|0|2|0,1,0,0.381960671740086,0.00461267037531881,adjoint,2,1,ensemble,FALSE,
0|0|0|0|0|1|0|0|0|1|0|0|0|1|0|2|0,1,0,0.248587832791584,0.000526295021055867,adjoint,2,1,ensemble,FALSE,
1|0|0|1|0|1|0|0|0|1|0|0|0|1|0|2|0,1,0,0.483849764525151,0.000810122758919434,adjoint,2,1,ensemble,FALSE,
0|0|0|0|0|1|0|0|0|0|0|1|0|1|0|2|0,1,0,0.359844193983669,0.000348837286411149,adjoint,2,1,ensemble,FALSE,
1|0|0|1|0|1|0|0|0|0|0|1|0|1|0|2|0,1,0,0.721034920304117,0.000743995819147426,adjoint,2,1,ensemble,FALSE,
0|0|0|0|0|1|0|0|0|1|0|1|0|1|0|2|0,1,0,0.344326399432804,6.54685048802593e-05,adjoint,2,1,ensemble,FALSE,
1|0|0|1|0|1|0|0|0|1|0|1|0|1|0|2|0,1,0,0.705517125753253,0.00017698543915914,adjoint,2,1,ensemble,FALSE,
0|0|0|0|0|1|0|1|0|0|0|0|0|1|0|2|0,1,1.61930932333639,0.824082648368024,0.00243029636745092,adjoint,2,1,ensemble,FALSE,
1|0|0|1|0|1|0|1|0|0|0|0|0|1|0|2|0,1,1.79964064314873,1.19812239238878,0.00196390023995983,adjoint,2,1,ensemble,FALSE,
0|0|0|0|0|1|0|1|0|1|0|0|0|1|0|2|0,1,1.45553714733445,0.588100295365891,0.000417989949151942,adjoint,2,1,ensemble,FALSE,
1|0|0|1|0|1|0|1|0|1|0|0|0|1|0|2|0,1,1.59162073083693,0.883747148145355,0.000423041857081509,adjoint,2,1,ensemble,FALSE,
0|0|0|0|0|1|0|1|0|0|0|1|0|1|0|2|0,1,1.71454130603506,0.633812783016992,0.00134842248866599,adjoint,2,1,ensemble,FALSE,
1|0|0|1|0|1|0|1|0|0|0|1|0|1|0|2|0,1,1.95665764835312,1.76369549251933,0.00191631793822099,adjoint,2,1,ensemble,FALSE,
0|0|0|0|0|1|0|1|0|1|0|1|0|1|0|2|0,1,1.57005885650516,0.618294988466127,0.000314556792644816,adjoint,2,1,ensemble,FALSE,
1|0|0|1|0|1|0|1|0|1|0|1|0|1|0|2|0,1,1.76277851380977,0.979485714786575,0.000559113671938413,adjoint,2,1,ensemble,FALSE,
0|0|0|0|0|1|0|2|0|0|0|0|0|1|0|2|0,1,2.415725641674,0.546369600113775,0.000497365764654109,adjoint,2,1,ensemble,FALSE,
1|0|0|1|0|1|0|2|0|0|0|0|0|1|0|2|0,1,2.198086045239,1.24797522698469,0.000336512942947367,adjoint,2,1,ensemble,FALSE,
0|0|0|0|0|1|0|2|0|1|0|0|0|1|0|2|0,1,2.17140626472785,0.53085180556291,0.000107990426438444,adjoint,2,1,ensemble,FALSE,
1|0|0|1|0|1|0|2|0|1|0|0|0|1|0|2|0,1,1.94400995058913,0.892042531883359,9.39240541102854e-05,adjoint,2,1,ensemble,FALSE,
0|0|0|0|0|1|0|2|0|0|0|1|0|1|0|2|0,1,2.55779506546923,0.642108166754995,0.0016694472637704,adjoint,2,1,ensemble,FALSE,
1|0|0|1|0|1|0|2|0|0|0|1|0|1|0|2|0,1,2.38986704847369,1.33733541218512,0.00198646072036349,adjoint,2,1,ensemble,FALSE,
0|0|0|0|0|1|0|2|0|1|0|1|0|1|0|2|0,1,2.34225257888481,0.626590372204131,0.000491641519759723,adjoint,2,1,ensemble,FALSE,
1|0|0|1|0|1|0|2|0|1|0|1|0|1|0|2|0,1,2.15306253879273,1.1396036662203,0.000750971870395662,adjoint,2,1,ensemble,FALSE,
0|0|0|0|0|1|0|3|0|0|0|0|0|1|0|2|0,1,4.29709466309539,0.793631238175173,6.57467695096942e-05,adjoint,2,1,ensemble,FALSE,
1|0|0|1|0|1|0|3|0|0|0|0|0|1|0|2|0,1,3.90995717852947,1.15482196449562,4.16596616204748e-05,adjoint,2,1,ensemble,FALSE,
0|0|0|0|0|1|0|3|0|1|0|0|0|1|0|2|0,1,3.86249916406405,0.778113443624309,1.95626047992478e-05,adjoint,2,1,ensemble,FALSE,
1|0|0|1|0|1|0|3|0|1|0|0|0|1|0|2|0,1,3.45800642240656,1.13930416994476,1.61340311919789e-05,adjoint,2,1,ensemble,FALSE,
0|0|0|0|0|1|0|3|0|0|0|1|0|1|0|2|0,1,4.54980786539284,1.97904156255515,0.00133506159368939,adjoint,2,1,ensemble,FALSE,
1|0|0|1|0|1|0|3|0|0|0|1|0|1|0|2|0,1,4.25109737726155,3.06553039206752,0.00148772963708699,adjoint,2,1,ensemble,FALSE,
0|0|0|0|0|1|0|3|0|1|0|1|0|1|0|2|0,1,4.16640072147132,0.873852010265529,0.000538790643463431,adjoint,2,1,ensemble,FALSE,
1|0|0|1|0|1|0|3|0|1|0|1|0|1|0|2|0,1,3.82986933000622,1.23504273658598,0.000780404561621963,adjoint,2,1,ensemble,FALSE,
0|0|0|0|0|1|0|0|1|0|0|0|0|1|0|2|0,1,0,0.0131368427998241,0.000541142916527176,adjoint,2,1,ensemble,FALSE,
1|0|0|1|0|1|0|0|1|0|0|0|0|1|0|2|0,1,0,0.649742468223986,0.00060664346112823,adjoint,2,1,ensemble,FALSE,
0|0|0|0|0|1|0|0|1|1|0|0|0|1|0|2|0,1,0,-0.0783698727220307,0.00274040755778309,adjoint,2,1,ensemble,FALSE,
1|0|0|1|0|1|0|0|1|1|0|0|0|1|0|2|0,1,0,0.357855019260864,0.00389934864779419,adjoint,2,1,ensemble,FALSE,
0|0|0|0|0|1|0|0|1|0|0|1|0|1|0|2|0,1,0,0.384290308544757,4.9630501058905e-05,adjoint,2,1,ensemble,FALSE,
1|0|0|1|0|1|0|0|1|0|0|1|0|1|0|2|0,1,0,0.745481034865206,9.78479193326993e-05,adjoint,2,1,ensemble,FALSE,
0|0|0|0|0|1|0|0|1|1|0|1|0|1|0|2|0,1,0,0.0853255145883307,0.000340893184227136,adjoint,2,1,ensemble,FALSE,
1|0|0|1|0|1|0|0|1|1|0|1|0|1|0|2|0,1,0,0.729963240314341,0.000851880687545388,adjoint,2,1,ensemble,FALSE,
0|0|0|0|0|1|0|1|1|0|0|0|0|1|0|2|0,1,1.61930932333639,0.56252033093686,0.000269429524758092,adjoint,2,1,ensemble,FALSE,
1|0|0|1|0|1|0|1|1|0|0|0|0|1|0|2|0,1,1.79964064314873,1.15051395223479,0.000202175070661939,adjoint,2,1,ensemble,FALSE,
0|0|0|0|0|1|0|1|1|1|0|0|0|1|0|2|0,1,1.45553714733445,0.547002536385995,0.00169594561430963,adjoint,2,1,ensemble,FALSE,
1|0|0|1|0|1|0|1|1|1|0|0|0|1|0|2|0,1,1.59162073083693,0.908193262706444,0.00159386544481577,adjoint,2,1,ensemble,FALSE,
0|0|0|0|0|1|0|1|1|0|0|1|0|1|0|2|0,1,1.71454130603506,0.658258897578081,0.000149489928537179,adjoint,2,1,ensemble,FALSE,
1|0|0|1|0|1|0|1|1|0|0|1|0|1|0|2|0,1,1.95665764835312,1.01944962389853,0.000197276677647585,adjoint,2,1,ensemble,FALSE,
0|0|0|0|0|1|0|1|1|1|0|1|0|1|0|2|0,1,1.57005885650516,0.907466734827128,0.00127627760911389,adjoint,2,1,ensemble,FALSE,
1|0|0|1|0|1|0|1|1|1|0|1|0|1|0|2|0,1,1.76277851380977,1.51208087000634,0.0021065337779448,adjoint,2,1,ensemble,FALSE,
0|0|0|0|0|1|0|2|1|0|0|0|0|1|0|2|0,1,2.415725641674,0.570815714674864,4.32834909620947e-05,adjoint,2,1,ensemble,FALSE,
1|0|0|1|0|1|0|2|1|0|0|0|0|1|0|2|0,1,2.198086045239,0.932006440995312,2.7454609880748e-05,adjoint,2,1,ensemble,FALSE,
0|0|0|0|0|1|0|2|1|1|0|0|0|1|0|2|0,1,2.17140626472785,0.555297920123999,0.000343947204371135,adjoint,2,1,ensemble,FALSE,
1|0|0|1|0|1|0|2|1|1|0|0|0|1|0|2|0,1,1.94400995058913,0.916488646444447,0.00028044678723994,adjoint,2,1,ensemble,FALSE,
0|0|0|0|0|1|0|2|1|0|0|1|0|1|0|2|0,1,2.55779506546923,0.666554281316084,0.000145284437909297,adjoint,2,1,ensemble,FALSE,
1|0|0|1|0|1|0|2|1|0|0|1|0|1|0|2|0,1,2.38986704847369,1.2529255487623,0.000162066586929286,adjoint,2,1,ensemble,FALSE,
0|0|0|0|0|1|0|2|1|1|0|1|0|1|0|2|0,1,2.34225257888481,1.03179949714438,0.00156586775190226,adjoint,2,1,ensemble,FALSE,
1|0|0|1|0|1|0|2|1|1|0|1|0|1|0|2|0,1,2.15306253879273,1.4064207480887,0.00224231854507406,adjoint,2,1,ensemble,FALSE,
0|0|0|0|0|1|0|3|1|0|0|0|0|1|0|2|0,1,4.29709466309539,0.818077352736262,4.5560151239855e-06,adjoint,2,1,ensemble,FALSE,
1|0|0|1|0|1|0|3|1|0|0|0|0|1|0|2|0,1,3.90995717852947,1.17926807905671,2.74435569969999e-06,adjoint,2,1,ensemble,FALSE,
0|0|0|0|0|1|0|3|1|1|0|0|0|1|0|2|0,1,3.86249916406405,0.802559558185397,4.9613236034844e-05,adjoint,2,1,ensemble,FALSE,
1|0|0|1|0|1|0|3|1|1|0|0|0|1|0|2|0,1,3.45800642240655,1.16375028450585,3.88980373670224e-05,adjoint,2,1,ensemble,FALSE,
0|0|0|0|0|1|0|3|1|0|0|1|0|1|0|2|0,1,4.54980786539284,0.913815919377483,9.25149761374087e-05,adjoint,2,1,ensemble,FALSE,
1|0|0|1|0|1|0|3|1|0|0|1|0|1|0|2|0,1,4.25109737726154,1.27500664569793,9.800510014574e-05,adjoint,2,1,ensemble,FALSE,
0|0|0|0|0|1|0|3|1|1|0|1|0|1|0|2|0,1,4.16640072147132,3.382516481965,0.00136644110750244,adjoint,2,1,ensemble,FALSE,
1|0|0|1|0|1|0|3|1|1|0|1|0|1|0|2|0,1,3.82986933000622,1.96189206629771,0.00188150161842117,adjoint,2,1,ensemble,FALSE,
0|0|0|0|0|1|0|0|0|0|0|0|0|1|0|3|0,1,0,1.23855076234932,0.00296218785647559,adjoint,2,1,ensemble,FALSE,
1|0|0|1|0|1|0|0|0|0|0|0|0|1|0|3|0,1,0,1.65545660486915,0.00397016218465647,adjoint,2,1,ensemble,FALSE,
0|0|0|0|0|1|0|0|0|1|0|0|0|1|0|3|0,1,0,1.58815535789523,0.000452986322575578,adjoint,2,1,ensemble,FALSE,
1|0|0|1|0|1|0|0|0|1|0|0|0|1|0|3|0,1,0,1.59909362817958,0.000770612605741864,adjoint,2,1,ensemble,FALSE,
0|0|0|0|0|1|0|0|0|0|0|1|0|1|0|3|0,1,0,1.69941171908731,0.000245821480983732,adjoint,2,1,ensemble,FALSE,
1|0|0|1|0|1|0|0|0|0|0|1|0|1|0|3|0,1,0,2.06060244540776,0.000579424526553867,adjoint,2,1,ensemble,FALSE,
0|0|0|0|0|1|0|0|0|1|0|1|0|1|0|3|0,1,0,1.68389392453645,5.098692286726e-05,adjoint,2,1,ensemble,FALSE,
1|0|0|1|0|1|0|0|0|1|0|1|0|1|0|3|0,1,0,2.04508465085689,0.000152332779195364,adjoint,2,1,ensemble,FALSE,
0|0|0|0|0|1|0|1|0|0|0|0|0|1|0|3|0,1,1.54477491976393,1.96179459133045,0.00189271671406637,adjoint,2,1,ensemble,FALSE,
1|0|0|1|0|1|0|1|0|0|0|0|0|1|0|3|0,1,1.91228614516847,2.33845161769738,0.00169034460143651,adjoint,2,1,ensemble,FALSE,
0|0|0|0|0|1|0|1|0|1|0|0|0|1|0|3|0,1,1.57848090994668,1.86212394692855,0.000359767283300581,adjoint,2,1,ensemble,FALSE,
1|0|0|1|0|1|0|1|0|1|0|0|0|1|0|3|0,1,1.93470945814506,2.223314673249,0.000402409862251357,adjoint,2,1,ensemble,FALSE,
0|0|0|0|0|1|0|1|0|0|0|1|0|1|0|3|0,1,1.36759793628731,2.02697442727951,0.000950217267671792,adjoint,2,1,ensemble,FALSE,
1|0|0|1|0|1|0|1|0|0|0|1|0|1|0|3|0,1,1.72752148820504,2.33457103444108,0.00149242991090029,adjoint,2,1,ensemble,FALSE,
0|0|0|0|0|1|0|1|0|1|0|1|0|1|0|3|0,1,1.40250402431465,1.95786251356977,0.000244977076432212,adjoint,2,1,ensemble,FALSE,
1|0|0|1|0|1|0|1|0|1|0|1|0|1|0|3|0,1,1.74905440548635,3.34432031869673,0.000481233597165695,adjoint,2,1,ensemble,FALSE,
0|0|0|0|0|1|0|2|0|0|0|0|0|1|0|3|0,1,2.30453337760063,1.88593712521742,0.000387348846985528,adjoint,2,1,ensemble,FALSE,
1|0|0|1|0|1|0|2|0|0|0|0|0|1|0|3|0,1,2.33567157210025,2.24712785153786,0.000289639374165069,adjoint,2,1,ensemble,FALSE,
0|0|0|0|0|1|0|2|0|1|0|0|0|1|0|3|0,1,2.35481680621372,1.87041933066655,9.29482214131121e-05,adjoint,2,1,ensemble,FALSE,
1|0|0|1|0|1|0|2|0|1|0|0|0|1|0|3|0,1,2.36305946841695,2.231610056987,8.93433239381007e-05,adjoint,2,1,ensemble,FALSE,
0|0|0|0|0|1|0|2|0|0|0|1|0|1|0|3|0,1,2.04021637779664,2.53935788911979,0.00117643960319249,adjoint,2,1,ensemble,FALSE,
1|0|0|1|0|1|0|2|0|0|0|1|0|1|0|3|0,1,2.1099995104746,2.67690293728876,0.00154705716455967,adjoint,2,1,ensemble,FALSE,
0|0|0|0|0|1|0|2|0|1|0|1|0|1|0|3|0,1,2.09229014201387,2.12077453383028,0.000382890800579288,adjoint,2,1,ensemble,FALSE,
1|0|0|1|0|1|0|2|0|1|0|1|0|1|0|3|0,1,2.13629987503322,2.54603279798075,0.000646367478920391,adjoint,2,1,ensemble,FALSE,
0|0|0|0|0|1|0|3|0|0|0|0|0|1|0|3|0,1,4.0993057766902,2.13319876327882,5.1203635578565e-05,adjoint,2,1,ensemble,FALSE,
1|0|0|1|0|1|0|3|0|0|0|0|0|1|0|3|0,1,4.15469442144954,2.49438948959926,3.58568030519115e-05,adjoint,2,1,ensemble,FALSE,
0|0|0|0|0|1|0|3|0|1|0|0|0|1|0|3|0,1,4.18874997888267,2.11768096872795,1.68376899903637e-05,adjoint,2,1,ensemble,FALSE,
1|0|0|1|0|1|0|3|0|1|0|0|0|1|0|3|0,1,4.20341203286436,2.4788716950484,1.53471652056226e-05,adjoint,2,1,ensemble,FALSE,
0|0|0|0|0|1|0|3|0|0|0|1|0|1|0|3|0,1,3.62913849045977,2.46715949921127,0.0009408020041138,adjoint,2,1,ensemble,FALSE,
1|0|0|1|0|1|0|3|0|0|0|1|0|1|0|3|0,1,3.7532687815125,3.23909216750472,0.00115864500636189,adjoint,2,1,ensemble,FALSE,
0|0|0|0|0|1|0|3|0|1|0|1|0|1|0|3|0,1,3.72176734302686,3.4877587080354,0.000419610575040866,adjoint,2,1,ensemble,FALSE,
1|0|0|1|0|1|0|3|0|1|0|1|0|1|0|3|0,1,3.80005189058444,3.39576760815145,0.000671700431026524,adjoint,2,1,ensemble,FALSE,
0|0|0|0|0|1|0|0|1|0|0|0|0|1|0|3|0,1,0,1.62811926700718,0.000421442527144908,adjoint,2,1,ensemble,FALSE,
1|0|0|1|0|1|0|0|1|0|0|0|0|1|0|3|0,1,0,1.70737611807167,0.000522142865839172,adjoint,2,1,ensemble,FALSE,
0|0|0|0|0|1|0|0|1|1|0|0|0|1|0|3|0,1,0,1.43689956241897,0.00235869064363942,adjoint,2,1,ensemble,FALSE,
1|0|0|1|0|1|0|0|1|1|0|0|0|1|0|3|0,1,0,1.77217309167753,0.00370917517016891,adjoint,2,1,ensemble,FALSE,
0|0|0|0|0|1|0|0|1|0|0|1|0|1|0|3|0,1,0,1.7238578336484,3.49740229829823e-05,adjoint,2,1,ensemble,FALSE,
1|0|0|1|0|1|0|0|1|0|0|1|0|1|0|3|0,1,0,2.08504855996885,7.62040361982139e-05,adjoint,2,1,ensemble,FALSE,
0|0|0|0|0|1|0|0|1|1|0|1|0|1|0|3|0,1,0,1.40603785144633,0.000265487878819798,adjoint,2,1,ensemble,FALSE,
1|0|0|1|0|1|0|0|1|1|0|1|0|1|0|3|0,1,0,1.79413650568145,0.000733220502732778,adjoint,2,1,ensemble,FALSE,
0|0|0|0|0|1|0|1|1|0|0|0|0|1|0|3|0,1,1.54477491976393,1.9020878560405,0.000209831924864159,adjoint,2,1,ensemble,FALSE,
1|0|0|1|0|1|0|1|1|0|0|0|0|1|0|3|0,1,1.91228614516847,2.26327858236095,0.000174013695953031,adjoint,2,1,ensemble,FALSE,
0|0|0|0|0|1|0|1|1|1|0|0|0|1|0|3|0,1,1.57848090994668,2.17988562627457,0.00145971391781939,adjoint,2,1,ensemble,FALSE,
1|0|0|1|0|1|0|1|1|1|0|0|0|1|0|3|0,1,1.93470945814506,2.49386087226736,0.00151613170980368,adjoint,2,1,ensemble,FALSE,
0|0|0|0|0|1|0|1|1|0|0|1|0|1|0|3|0,1,1.36759793628731,1.99782642268172,0.000105343772173051,adjoint,2,1,ensemble,FALSE,
1|0|0|1|0|1|0|1|1|0|0|1|0|1|0|3|0,1,1.72752148820504,2.35901714900217,0.000153639231033664,adjoint,2,1,ensemble,FALSE,
0|0|0|0|0|1|0|1|1|1|0|1|0|1|0|3|0,1,1.40250402431465,1.98230862813086,0.000993966001394401,adjoint,2,1,ensemble,FALSE,
1|0|0|1|0|1|0|1|1|1|0|1|0|1|0|3|0,1,1.74905440548635,2.57449695051476,0.0018131104252859,adjoint,2,1,ensemble,FALSE,
0|0|0|0|0|1|0|2|1|0|0|0|0|1|0|3|0,1,2.30453337760063,1.91038323977851,3.37092166553435e-05,adjoint,2,1,ensemble,FALSE,
1|0|0|1|0|1|0|2|1|0|0|0|0|1|0|3|0,1,2.33567157210025,2.27157396609895,2.3630401713998e-05,adjoint,2,1,ensemble,FALSE,
0|0|0|0|0|1|0|2|1|1|0|0|0|1|0|3|0,1,2.35481680621372,1.89486544522764,0.000296038102271336,adjoint,2,1,ensemble,FALSE,
1|0|0|1|0|1|0|2|1|1|0|0|0|1|0|3|0,1,2.36305946841695,2.25605617154809,0.000266769236029322,adjoint,2,1,ensemble,FALSE,
0|0|0|0|0|1|0|2|1|0|0|1|0|1|0|3|0,1,2.04021637779664,2.00612180641973,0.000102380213016159,adjoint,2,1,ensemble,FALSE,
1|0|0|1|0|1|0|2|1|0|0|1|0|1|0|3|0,1,2.1099995104746,2.36731253274017,0.000126217584810238,adjoint,2,1,ensemble,FALSE,
0|0|0|0|0|1|0|2|1|1|0|1|0|1|0|3|0,1,2.09229014201387,1.99060401186886,0.00121949903136774,adjoint,2,1,ensemble,FALSE,
1|0|0|1|0|1|0|2|1|1|0|1|0|1|0|3|0,1,2.13629987503322,2.43063344518992,0.00192998145743107,adjoint,2,1,ensemble,FALSE,
0|0|0|0|0|1|0|3|1|0|0|0|0|1|0|3|0,1,4.0993057766902,2.1576448778399,3.54822814624507e-06,adjoint,2,1,ensemble,FALSE,
1|0|0|1|0|1|0|3|1|0|0|0|0|1|0|3|0,1,4.15469442144954,2.51883560416035,2.36208884087935e-06,adjoint,2,1,ensemble,FALSE,
0|0|0|0|0|1|0|3|1|1|0|0|0|1|0|3|0,1,4.18874997888267,2.66971380075692,4.27025079914493e-05,adjoint,2,1,ensemble,FALSE,
1|0|0|1|0|1|0|3|1|1|0|0|0|1|0|3|0,1,4.20341203286436,2.50331780960949,3.700095769884e-05,adjoint,2,1,ensemble,FALSE,
0|0|0|0|0|1|0|3|1|0|0|1|0|1|0|3|0,1,3.62913849045977,2.25338344448112,6.51942018046429e-05,adjoint,2,1,ensemble,FALSE,
1|0|0|1|0|1|0|3|1|0|0|1|0|1|0|3|0,1,3.7532687815125,2.61457417080157,7.63264487384938e-05,adjoint,2,1,ensemble,FALSE,
0|0|0|0|0|1|0|3|1|1|0|1|0|1|0|3|0,1,3.72176734302686,3.60547441572539,0.00106418540454386,adjoint,2,1,ensemble,FALSE,
1|0|0|1|0|1|0|3|1|1|0|1|0|1|0|3|0,1,3.80005189058444,3.51362518393139,0.00161942345063176,adjoint,2,1,ensemble,FALSE,
0|0|0|0|0|1|0|0|0|0|0|0|0|1|0|0|1,1,0,-0.651098216229125,0.00361802441808784,adjoint,2,1,ensemble,FALSE,
1|0|0|1|0|1|0|0|0|0|0|0|0|1|0|0|1,1,0,-0.176362526600077,0.00325049387528552,adjoint,2,1,ensemble,FALSE,
0|0|0|0|0|1|0|0|0|1|0|0|0|1|0|0|1,1,0,-0.378114136340219,0.000335580521483595,adjoint,2,1,ensemble,FALSE,
1|0|0|1|0|1|0|0|0|1|0|0|0|1|0|0|1,1,0,-0.0169234100197707,0.000382674894927813,adjoint,2,1,ensemble,FALSE,
0|0|0|0|0|1|0|0|0|0|0|1|0|1|0|0|1,1,0,-0.266857775148134,0.000604623279416797,adjoint,2,1,ensemble,FALSE,
1|0|0|1|0|1|0|0|0|0|0|1|0|1|0|0|1,1,0,-0.189113795297215,0.000955309541694711,adjoint,2,1,ensemble,FALSE,
0|0|0|0|0|1|0|0|0|1|0|1|0|1|0|0|1,1,0,-0.282375569698999,7.6063550790109e-05,adjoint,2,1,ensemble,FALSE,
1|0|0|1|0|1|0|0|0|1|0|1|0|1|0|0|1,1,0,0.0788151566214497,0.000152332779195364,adjoint,2,1,ensemble,FALSE,
0|0|0|0|0|1|0|1|0|0|0|0|0|1|0|0|1,1,-0.770083206102352,-0.592646995968313,0.00231176941497651,adjoint,2,1,ensemble,FALSE,
1|0|0|1|0|1|0|1|0|0|0|0|0|1|0|0|1,1,-0.826957025638408,-0.0108837729051099,0.00138393710849542,adjoint,2,1,ensemble,FALSE,
0|0|0|0|0|1|0|1|0|1|0|0|0|1|0|0|1,1,-0.755828847931774,-0.104145547306896,0.000266522158674232,adjoint,2,1,ensemble,FALSE,
1|0|0|1|0|1|0|1|0|1|0|0|0|1|0|0|1,1,-0.827319744552918,0.257045179013552,0.00019983082369475,adjoint,2,1,ensemble,FALSE,
0|0|0|0|0|1|0|1|0|0|0|1|0|1|0|0|1,1,-0.734080947483544,-0.372069907565076,0.0023371573478406,adjoint,2,1,ensemble,FALSE,
1|0|0|1|0|1|0|1|0|0|0|1|0|1|0|0|1,1,-0.774714046116868,0.088263684047725,0.0024606009391304,adjoint,2,1,ensemble,FALSE,
0|0|0|0|0|1|0|1|0|1|0|1|0|1|0|0|1,1,-0.770900638738044,-0.00840698066567559,0.000365462852977528,adjoint,2,1,ensemble,FALSE,
1|0|0|1|0|1|0|1|0|1|0|1|0|1|0|0|1,1,-0.82239829508859,-0.0562545660341994,0.000481233597165695,adjoint,2,1,ensemble,FALSE,
0|0|0|0|0|1|0|2|0|0|0|0|0|1|0|0|1,1,-1.14882914610226,-0.333107554562365,0.000473108950078285,adjoint,2,1,ensemble,FALSE,
1|0|0|1|0|1|0|2|0|0|0|0|0|1|0|0|1,1,-1.01004759199468,0.28085835730242,0.000237136662931203,adjoint,2,1,ensemble,FALSE,
0|0|0|0|0|1|0|2|0|1|0|0|0|1|0|0|1,1,-1.12756414253437,-0.0958501635688926,6.8857736002792e-05,adjoint,2,1,ensemble,FALSE,
1|0|0|1|0|1|0|2|0|1|0|0|0|1|0|0|1,1,-1.0104906178773,0.265340562751556,4.43665816595361e-05,adjoint,2,1,ensemble,FALSE,
0|0|0|0|0|1|0|2|0|0|0|1|0|1|0|0|1,1,-1.09512008752385,-0.526245115211507,0.0028935745081005,adjoint,2,1,ensemble,FALSE,
1|0|0|1|0|1|0|2|0|0|0|1|0|1|0|0|1,1,-0.946237872712568,-0.0958475619516657,0.00255066605419856,adjoint,2,1,ensemble,FALSE,
0|0|0|0|0|1|0|2|0|1|0|1|0|1|0|0|1,1,-1.15004861229684,-0.269248027573938,0.00057120595280382,adjoint,2,1,ensemble,FALSE,
1|0|0|1|0|1|0|2|0|1|0|1|0|1|0|0|1,1,-1.00447954592743,0.0776321299872173,0.000646367478920391,adjoint,2,1,ensemble,FALSE,
0|0|0|0|0|1|0|3|0|0|0|0|0|1|0|0|1,1,-2.04353818470196,0.166929269043371,6.25402617234875e-05,adjoint,2,1,ensemble,FALSE,
1|0|0|1|0|1|0|3|0|0|0|0|0|1|0|0|1,1,-1.79667344757953,0.528119995363819,2.93570673656604e-05,adjoint,2,1,ensemble,FALSE,
0|0|0|0|0|1|0|3|0|1|0|0|0|1|0|0|1,1,-2.00571197970337,0.151411474492506,1.24736675390516e-05,adjoint,2,1,ensemble,FALSE,
1|0|0|1|0|1|0|3|0|1|0|0|0|1|0|0|1,1,-1.79746150236645,0.512602200812954,7.62117669597106e-06,adjoint,2,1,ensemble,FALSE,
0|0|0|0|0|1|0|3|0|0|0|1|0|1|0|0|1,1,-1.94800046924466,-0.00569779402228476,0.002313999536301,adjoint,2,1,ensemble,FALSE,
1|0|0|1|0|1|0|3|0|0|0|1|0|1|0|0|1,1,-1.68316866895294,-0.0603293699449007,0.00191028266717933,adjoint,2,1,ensemble,FALSE,
0|0|0|0|0|1|0|3|0|1|0|1|0|1|0|0|1,1,-2.04570737212381,-0.165503660433164,0.000625985419237419,adjoint,2,1,ensemble,FALSE,
1|0|0|1|0|1|0|3|0|1|0|1|0|1|0|0|1,1,-1.78676900287491,0.324894020984645,0.000671700431026524,adjoint,2,1,ensemble,FALSE,
0|0|0|0|0|1|0|0|1|0|0|0|0|1|0|0|1,1,0,-0.338150227228266,0.000514751065060783,adjoint,2,1,ensemble,FALSE,
1|0|0|1|0|1|0|0|1|0|0|0|0|1|0|0|1,1,0,0.0230404990921827,0.000427494421762801,adjoint,2,1,ensemble,FALSE,
0|0|0|0|0|1|0|0|1|1|0|0|0|1|0|0|1,1,0,-0.656680599803965,0.00174736100575957,adjoint,2,1,ensemble,FALSE,
1|0|0|1|0|1|0|0|1|1|0|0|0|1|0|0|1,1,0,-0.0523823278094118,0.00184192187869388,adjoint,2,1,ensemble,FALSE,
0|0|0|0|0|1|0|0|1|0|0|1|0|1|0|0|1,1,0,-0.242411660587045,8.6022215738618e-05,adjoint,2,1,ensemble,FALSE,
1|0|0|1|0|1|0|0|1|0|0|1|0|1|0|0|1,1,0,0.118779065733403,0.000125639215393198,adjoint,2,1,ensemble,FALSE,
0|0|0|0|0|1|0|0|1|1|0|1|0|1|0|0|1,1,0,-0.541376454543472,0.000396061374547767,adjoint,2,1,ensemble,FALSE,
1|0|0|1|0|1|0|0|1|1|0|1|0|1|0|0|1,1,0,0.103261271182538,0.000733220502732778,adjoint,2,1,ensemble,FALSE,
0|0|0|0|0|1|0|1|1|0|0|0|0|1|0|0|1,1,-0.770083206102352,-0.0641816381949426,0.000256289291779141,adjoint,2,1,ensemble,FALSE,
1|0|0|1|0|1|0|1|1|0|0|0|0|1|0|0|1,1,-0.826957025638408,0.297009088125506,0.000142470364333508,adjoint,2,1,ensemble,FALSE,
0|0|0|0|0|1|0|1|1|1|0|0|0|1|0|0|1,1,-0.755828847931774,-0.531815743506685,0.0010813826673033,adjoint,2,1,ensemble,FALSE,
1|0|0|1|0|1|0|1|1|1|0|0|0|1|0|0|1,1,-0.827319744552918,-0.0841818608444924,0.000752888725700648,adjoint,2,1,ensemble,FALSE,
0|0|0|0|0|1|0|1|1|0|0|1|0|1|0|0|1,1,-0.734080947483544,0.0315569284462778,0.000259103869777846,adjoint,2,1,ensemble,FALSE,
1|0|0|1|0|1|0|1|1|0|0|1|0|1|0|0|1,1,-0.774714046116868,0.392747654766726,0.000253308268219214,adjoint,2,1,ensemble,FALSE,
0|0|0|0|0|1|0|1|1|1|0|1|0|1|0|0|1,1,-0.770900638738044,-0.304027041834158,0.0014828230294959,adjoint,2,1,ensemble,FALSE,
1|0|0|1|0|1|0|1|1|1|0|1|0|1|0|0|1,1,-0.82239829508859,-0.0701602922496629,0.0018131104252859,adjoint,2,1,ensemble,FALSE,
0|0|0|0|0|1|0|2|1|0|0|0|0|1|0|0|1,1,-1.14882914610226,-0.0558862544569391,4.11725301982552e-05,adjoint,2,1,ensemble,FALSE,
1|0|0|1|0|1|0|2|1|0|0|0|0|1|0|0|1,1,-1.01004759199468,0.305304471863509,1.93469365908368e-05,adjoint,2,1,ensemble,FALSE,
0|0|0|0|0|1|0|2|1|1|0|0|0|1|0|0|1,1,-1.12756414253437,-0.0714040490078039,0.000219310420178643,adjoint,2,1,ensemble,FALSE,
1|0|0|1|0|1|0|2|1|1|0|0|0|1|0|0|1,1,-1.0104906178773,0.289786677312644,0.000132473682115823,adjoint,2,1,ensemble,FALSE,
0|0|0|0|0|1|0|2|1|0|0|1|0|1|0|0|1,1,-1.09512008752385,0.0398523121842813,0.000251814690455457,adjoint,2,1,ensemble,FALSE,
1|0|0|1|0|1|0|2|1|0|0|1|0|1|0|0|1,1,-0.946237872712568,0.40104303850473,0.000208097616813036,adjoint,2,1,ensemble,FALSE,
0|0|0|0|0|1|0|2|1|1|0|1|0|1|0|0|1,1,-1.15004861229684,0.0243345176334166,0.00181927877374401,adjoint,2,1,ensemble,FALSE,
1|0|0|1|0|1|0|2|1|1|0|1|0|1|0|0|1,1,-1.00447954592743,-0.0135510759863246,0.00192998145743107,adjoint,2,1,ensemble,FALSE,
0|0|0|0|0|1|0|3|1|0|0|0|0|1|0|0|1,1,-2.04353818470196,0.191375383604459,4.33381564440528e-06,adjoint,2,1,ensemble,FALSE,
1|0|0|1|0|1|0|3|1|0|0|0|0|1|0|0|1,1,-1.79667344757953,0.552566109924908,1.93391477553025e-06,adjoint,2,1,ensemble,FALSE,
0|0|0|0|0|1|0|3|1|1|0|0|0|1|0|0|1,1,-2.00571197970337,0.175857589053595,3.16347959888723e-05,adjoint,2,1,ensemble,FALSE,
1|0|0|1|0|1|0|3|1|1|0|0|0|1|0|0|1,1,-1.79746150236645,0.537048315374043,1.83741318194515e-05,adjoint,2,1,ensemble,FALSE,
0|0|0|0|0|1|0|3|1|0|0|1|0|1|0|0|1,1,-1.94800046924466,0.28711395024568,0.000160351861588094,adjoint,2,1,ensemble,FALSE,
1|0|0|1|0|1|0|3|1|0|0|1|0|1|0|0|1,1,-1.68316866895294,0.648304676566128,0.000125841039552158,adjoint,2,1,ensemble,FALSE,
0|0|0|0|0|1|0|3|1|1|0|1|0|1|0|0|1,1,-2.04570737212381,0.271596155694815,0.00158757806936789,adjoint,2,1,ensemble,FALSE,
1|0|0|1|0|1|0|3|1|1|0|1|0|1|0|0|1,1,-1.78676900287491,0.632786882015263,0.00161942345063175,adjoint,2,1,ensemble,FALSE,
0|0|0|0|0|1|0|0|0|0|0|0|0|1|0|1|1,1,0,-0.750256180432764,0.00420354465996152,adjoint,2,1,ensemble,FALSE,
1|0|0|1|0|1|0|0|0|0|0|0|0|1|0|1|1,1,0,-0.386721452705547,0.00377653509008527,adjoint,2,1,ensemble,FALSE,
0|0|0|0|0|1|0|0|0|1|0|0|0|1|0|1|1,1,0,-0.710364154959076,0.000526295021055867,adjoint,2,1,ensemble,FALSE,
1|0|0|1|0|1|0|0|0|1|0|0|0|1|0|1|1,1,0,-0.298663647546661,0.000600153700796459,adjoint,2,1,ensemble,FALSE,
0|0|0|0|0|1|0|0|0|0|0|1|0|1|0|1|1,1,0,-0.324274351225818,0.000575135454119375,adjoint,2,1,ensemble,FALSE,
1|0|0|1|0|1|0|0|0|0|0|1|0|1|0|1|1,1,0,0.0369163750946308,0.0009087185455663,adjoint,2,1,ensemble,FALSE,
0|0|0|0|0|1|0|0|0|1|0|1|0|1|0|1|1,1,0,-0.339792145776682,9.76675324980188e-05,adjoint,2,1,ensemble,FALSE,
1|0|0|1|0|1|0|0|0|1|0|1|0|1|0|1|1,1,0,0.0213985805437661,0.000195599160281529,adjoint,2,1,ensemble,FALSE,
0|0|0|0|0|1|0|1|0|0|0|0|0|1|0|1|1,1,0.773836268694551,-0.117527418047594,0.00268589286761164,adjoint,2,1,ensemble,FALSE,
1|0|0|1|0|1|0|1|0|0|0|0|0|1|0|1|1,1,0.865694068722909,0.645975005896237,0.00160790552243234,adjoint,2,1,ensemble,FALSE,
0|0|0|0|0|1|0|1|0|1|0|0|0|1|0|1|1,1,0.435488965815403,-0.16156212338458,0.000417989949151942,adjoint,2,1,ensemble,FALSE,
1|0|0|1|0|1|0|1|0|1|0|0|0|1|0|1|1,1,0.489233428643141,0.199628602935869,0.000313397115837013,adjoint,2,1,ensemble,FALSE,
0|0|0|0|0|1|0|1|0|0|0|1|0|1|0|1|1,1,1.23390479172961,-0.232909111788665,0.00222317283895403,adjoint,2,1,ensemble,FALSE,
1|0|0|1|0|1|0|1|0|0|0|1|0|1|0|1|1,1,1.37268271902219,0.25329114209857,0.00234059601525493,adjoint,2,1,ensemble,FALSE,
0|0|0|0|0|1|0|1|0|1|0|1|0|1|0|1|1,1,0.871701600993315,-0.0658235567433592,0.000469263592078361,adjoint,2,1,ensemble,FALSE,
1|0|0|1|0|1|0|1|0|1|0|1|0|1|0|1|1,1,0.969063373570781,0.189549177190958,0.000617916170124823,adjoint,2,1,ensemble,FALSE,
0|0|0|0|0|1|0|2|0|0|0|0|0|1|0|1|1,1,1.1544280575691,-0.137748945095712,0.000549674178742178,adjoint,2,1,ensemble,FALSE,
1|0|0|1|0|1|0|2|0|0|0|0|0|1|0|1|1,1,1.05736112326106,0.477780708204634,0.000275513495199786,adjoint,2,1,ensemble,FALSE,
0|0|0|0|0|1|0|2|0|1|0|0|0|1|0|1|1,1,0.649673194753673,-0.153266739646576,0.000107990426438444,adjoint,2,1,ensemble,FALSE,
1|0|0|1|0|1|0|2|0|1|0|0|0|1|0|1|1,1,0.597551059128889,0.207923986673872,6.9580650645195e-05,adjoint,2,1,ensemble,FALSE,
0|0|0|0|0|1|0|2|0|0|0|1|0|1|0|1|1,1,1.84076964284014,0.00815406863013226,0.00275245321409038,adjoint,2,1,ensemble,FALSE,
1|0|0|1|0|1|0|2|0|0|0|1|0|1|0|1|1,1,1.67659845909251,0.427475857887814,0.00242626860282881,adjoint,2,1,ensemble,FALSE,
0|0|0|0|0|1|0|2|0|1|0|1|0|1|0|1|1,1,1.30042597733526,-0.0575281730053557,0.000733442961563443,adjoint,2,1,ensemble,FALSE,
1|0|0|1|0|1|0|2|0|1|0|1|0|1|0|1|1,1,1.18361667731135,0.0202155539095271,0.00082995227145416,adjoint,2,1,ensemble,FALSE,
0|0|0|0|0|1|0|3|0|0|0|0|0|1|0|1|1,1,2.05349753280351,0.109512692965687,7.26614176195367e-05,adjoint,2,1,ensemble,FALSE,
1|0|0|1|0|1|0|3|0|0|0|0|0|1|0|1|1,1,1.88083479404604,0.470703419286135,3.41080461315053e-05,adjoint,2,1,ensemble,FALSE,
0|0|0|0|0|1|0|3|0|1|0|0|0|1|0|1|1,1,1.15563918756834,0.0939948984148222,1.95626047992477e-05,adjoint,2,1,ensemble,FALSE,
1|0|0|1|0|1|0|3|0|1|0|0|0|1|0|1|1,1,1.06292429190362,0.45518562473527,1.19523842800651e-05,adjoint,2,1,ensemble,FALSE,
0|0|0|0|0|1|0|3|0|0|0|1|0|1|0|1|1,1,3.27436248213811,0.205251259606907,0.00220114444721052,adjoint,2,1,ensemble,FALSE,
1|0|0|1|0|1|0|3|0|0|0|1|0|1|0|1|1,1,2.98233465193007,0.566441985927356,0.00181711708213468,adjoint,2,1,ensemble,FALSE,
0|0|0|0|0|1|0|3|0|1|0|1|0|1|0|1|1,1,2.31319874681036,0.370967958401154,0.000803781188776778,adjoint,2,1,ensemble,FALSE,
1|0|0|1|0|1|0|3|0|1|0|1|0|1|0|1|1,1,2.10541827245781,0.550924191376491,0.000862480425838168,adjoint,2,1,ensemble,FALSE,
0|0|0|0|0|1|0|0|1|0|0|0|0|1|0|1|1,1,0,-0.395566803305949,0.000598055413868473,adjoint,2,1,ensemble,FALSE,
1|0|0|1|0|1|0|0|1|0|0|0|0|1|0|1|1,1,0,-0.0343760769855009,0.000496677657779349,adjoint,2,1,ensemble,FALSE,
0|0|0|0|0|1|0|0|1|1|0|0|0|1|0|1|1,1,0,-0.411084597856814,0.00274040755778309,adjoint,2,1,ensemble,FALSE,
1|0|0|1|0|1|0|0|1|1|0|0|0|1|0|1|1,1,0,-0.509720784289572,0.00288870852707656,adjoint,2,1,ensemble,FALSE,
0|0|0|0|0|1|0|0|1|0|0|1|0|1|0|1|1,1,0,-0.299828236664729,8.18268627713218e-05,adjoint,2,1,ensemble,FALSE,
1|0|0|1|0|1|0|0|1|0|0|1|0|1|0|1|1,1,0,0.0613624896557194,0.000119511718553193,adjoint,2,1,ensemble,FALSE,
0|0|0|0|0|1|0|0|1|1|0|1|0|1|0|1|1,1,0,-0.315346031215594,0.000508552871487617,adjoint,2,1,ensemble,FALSE,
1|0|0|1|0|1|0|0|1|1|0|1|0|1|0|1|1,1,0,-0.237602051364676,0.00094147376154545,adjoint,2,1,ensemble,FALSE,
0|0|0|0|0|1|0|1|1|0|0|0|0|1|0|1|1,1,0.773836268694551,-0.121598214272626,0.000297765675233586,adjoint,2,1,ensemble,FALSE,
1|0|0|1|0|1|0|1|1|0|0|0|0|1|0|1|1,1,0.865694068722909,0.239592512047822,0.000165526947856643,adjoint,2,1,ensemble,FALSE,
0|0|0|0|0|1|0|1|1|1|0|0|0|1|0|1|1,1,0.435488965815403,-0.361322393981371,0.00169594561430963,adjoint,2,1,ensemble,FALSE,
1|0|0|1|0|1|0|1|1|1|0|0|0|1|0|1|1,1,0.489233428643141,-0.0197073854491173,0.00118076456283449,adjoint,2,1,ensemble,FALSE,
0|0|0|0|0|1|0|1|1|0|0|1|0|1|0|1|1,1,1.23390479172961,-0.0258596476314058,0.000246467224934689,adjoint,2,1,ensemble,FALSE,
1|0|0|1|0|1|0|1|1|0|0|1|0|1|0|1|1,1,1.37268271902219,0.335331078689042,0.000240954278199435,adjoint,2,1,ensemble,FALSE,
0|0|0|0|0|1|0|1|1|1|0|1|0|1|0|1|1,1,0.871701600993315,-0.105531972074317,0.00190398245832266,adjoint,2,1,ensemble,FALSE,
1|0|0|1|0|1|0|1|1|1|0|1|0|1|0|1|1,1,0.969063373570781,0.327115803968875,0.00232807986932862,adjoint,2,1,ensemble,FALSE,
0|0|0|0|0|1|0|2|1|0|0|0|0|1|0|1|1,1,1.1544280575691,-0.113302830534623,4.78356554440972e-05,adjoint,2,1,ensemble,FALSE,
1|0|0|1|0|1|0|2|1|0|0|0|0|1|0|1|1,1,1.05736112326106,0.247887895785826,2.2477933423127e-05,adjoint,2,1,ensemble,FALSE,
0|0|0|0|0|1|0|2|1|1|0|0|0|1|0|1|1,1,0.649673194753674,-0.412267371555016,0.000343947204371135,adjoint,2,1,ensemble,FALSE,
1|0|0|1|0|1|0|2|1|1|0|0|0|1|0|1|1,1,0.597551059128889,0.232370101234961,0.000207760089918997,adjoint,2,1,ensemble,FALSE,
0|0|0|0|0|1|0|2|1|0|0|1|0|1|0|1|1,1,1.84076964284014,-0.0175642638934023,0.000239533543082769,adjoint,2,1,ensemble,FALSE,
1|0|0|1|0|1|0|2|1|0|0|1|0|1|0|1|1,1,1.67659845909251,0.343626462427046,0.000197948576281035,adjoint,2,1,ensemble,FALSE,
0|0|0|0|0|1|0|2|1|1|0|1|0|1|0|1|1,1,1.30042597733526,-0.273368745427928,0.00233600018552781,adjoint,2,1,ensemble,FALSE,
1|0|0|1|0|1|0|2|1|1|0|1|0|1|0|1|1,1,1.18361667731135,0.57298282365475,0.00247814524507754,adjoint,2,1,ensemble,FALSE,
0|0|0|0|0|1|0|3|1|0|0|0|0|1|0|1|1,1,2.05349753280351,0.133958807526776,5.03517541734159e-06,adjoint,2,1,ensemble,FALSE,
1|0|0|1|0|1|0|3|1|0|0|0|0|1|0|1|1,1,1.88083479404604,0.495149533847224,2.24688840872922e-06,adjoint,2,1,ensemble,FALSE,
0|0|0|0|0|1|0|3|1|1|0|0|0|1|0|1|1,1,1.15563918756834,0.118441012975911,4.96132360348439e-05,adjoint,2,1,ensemble,FALSE,
1|0|0|1|0|1|0|3|1|1|0|0|0|1|0|1|1,1,1.06292429190361,0.479631739296359,2.88163748302485e-05,adjoint,2,1,ensemble,FALSE,
0|0|0|0|0|1|0|3|1|0|0|1|0|1|0|1|1,1,3.27436248213811,0.229697374167996,0.000152531409016061,adjoint,2,1,ensemble,FALSE,
1|0|0|1|0|1|0|3|1|0|0|1|0|1|0|1|1,1,2.98233465193007,0.590888100488444,0.00011970369963177,adjoint,2,1,ensemble,FALSE,
0|0|0|0|0|1|0|3|1|1|0|1|0|1|0|1|1,1,2.31319874681036,0.35706613471611,0.00203849059204443,adjoint,2,1,ensemble,FALSE,
1|0|0|1|0|1|0|3|1|1|0|1|0|1|0|1|1,1,2.10541827245781,1.20199757073103,0.00207938087099134,adjoint,2,1,ensemble,FALSE,
0|0|0|0|0|1|0|0|0|0|0|0|0|1|0|2|1,1,0,-0.0707384986516263,0.00327372387285366,adjoint,2,1,ensemble,FALSE,
1|0|0|1|0|1|0|0|0|0|0|0|0|1|0|2|1,1,0,0.275357394223065,0.00325049387528552,adjoint,2,1,ensemble,FALSE,
0|0|0|0|0|1|0|0|0|1|0|0|0|1|0|2|1,1,0,-0.0877279812675748,0.000452986322575578,adjoint,2,1,ensemble,FALSE,
1|0|0|1|0|1|0|0|0|1|0|0|0|1|0|2|1,1,0,0.548296187594058,0.00057088385942059,adjoint,2,1,ensemble,FALSE,
0|0|0|0|0|1|0|0|0|0|0|1|0|1|0|2|1,1,0,0.298361822465695,0.000405291104492887,adjoint,2,1,ensemble,FALSE,
1|0|0|1|0|1|0|0|0|0|0|1|0|1|0|2|1,1,0,0.659552548786143,0.000707710714878543,adjoint,2,1,ensemble,FALSE,
0|0|0|0|0|1|0|0|0|1|0|1|0|1|0|2|1,1,0,0.28284402791483,7.6063550790109e-05,adjoint,2,1,ensemble,FALSE,
1|0|0|1|0|1|0|0|0|1|0|1|0|1|0|2|1,1,0,0.644034754235278,0.000168353757436355,adjoint,2,1,ensemble,FALSE,
0|0|0|0|0|1|0|1|0|0|0|0|0|1|0|2|1,1,1.65455438401082,0.505108755643924,0.00209177546854185,adjoint,2,1,ensemble,FALSE,
1|0|0|1|0|1|0|1|0|0|0|0|0|1|0|2|1,1,1.85362906299535,0.837782571178246,0.00138393710849542,adjoint,2,1,ensemble,FALSE,
0|0|0|0|0|1|0|1|0|1|0|0|0|1|0|2|1,1,1.49600359771114,0.530704168892505,0.000359767283300581,adjoint,2,1,ensemble,FALSE,
1|0|0|1|0|1|0|1|0|1|0|0|0|1|0|2|1,1,1.65473534285956,0.822264776627381,0.000298112558137826,adjoint,2,1,ensemble,FALSE,
0|0|0|0|0|1|0|1|0|0|0|1|0|1|0|2|1,1,1.74660715763045,0.572330411499018,0.00156664342099704,adjoint,2,1,ensemble,FALSE,
1|0|0|1|0|1|0|1|0|0|0|1|0|1|0|2|1,1,2.00244706253921,1.09837134991865,0.00182285800953435,adjoint,2,1,ensemble,FALSE,
0|0|0|0|0|1|0|1|0|1|0|1|0|1|0|2|1,1,1.6096318489296,0.64013449801264,0.000365462852977528,adjoint,2,1,ensemble,FALSE,
1|0|0|1|0|1|0|1|0|1|0|1|0|1|0|2|1,1,1.81934793582407,1.94327042207511,0.000531845376388458,adjoint,2,1,ensemble,FALSE,
0|0|0|0|0|1|0|2|0|0|0|0|0|1|0|2|1,1,2.46830509365798,0.661482852489001,0.000428086680838539,adjoint,2,1,ensemble,FALSE,
1|0|0|1|0|1|0|2|0|0|0|0|0|1|0|2|1,1,2.26402765014837,0.846077954916249,0.000237136662931203,adjoint,2,1,ensemble,FALSE,
0|0|0|0|0|1|0|2|0|1|0|0|0|1|0|2|1,1,2.23177511482567,0.469369434044936,9.29482214131121e-05,adjoint,2,1,ensemble,FALSE,
1|0|0|1|0|1|0|2|0|1|0|0|0|1|0|2|1,1,2.02109831179378,0.830560160365384,6.61871622696141e-05,adjoint,2,1,ensemble,FALSE,
0|0|0|0|0|1|0|2|0|0|0|1|0|1|0|2|1,1,2.60563169483013,0.580625795237021,0.00193962099747748,adjoint,2,1,ensemble,FALSE,
1|0|0|1|0|1|0|2|0|0|0|1|0|1|0|2|1,1,2.44579436525512,0.94181652155747,0.00188957988782464,adjoint,2,1,ensemble,FALSE,
0|0|0|0|0|1|0|2|0|1|0|1|0|1|0|2|1,1,2.40128854634316,0.565108000686157,0.00057120595280382,adjoint,2,1,ensemble,FALSE,
1|0|0|1|0|1|0|2|0|1|0|1|0|1|0|2|1,1,2.22215658686853,0.926298727006605,0.00071434654009269,adjoint,2,1,ensemble,FALSE,
0|0|0|0|0|1|0|3|0|0|0|0|0|1|0|2|1,1,4.39062303345795,0.732148866657199,5.65887689411735e-05,adjoint,2,1,ensemble,FALSE,
1|0|0|1|0|1|0|3|0|0|0|0|0|1|0|2|1,1,4.02725415697924,1.09333959297765,2.93570673656604e-05,adjoint,2,1,ensemble,FALSE,
0|0|0|0|0|1|0|3|0|1|0|0|0|1|0|2|1,1,3.96988332189117,0.716631072106335,1.68376899903637e-05,adjoint,2,1,ensemble,FALSE,
1|0|0|1|0|1|0|3|0|1|0|0|0|1|0|2|1,1,3.59513125968308,1.07782179842678,1.13694596201377e-05,adjoint,2,1,ensemble,FALSE,
0|0|0|0|0|1|0|3|0|0|0|1|0|1|0|2|1,1,4.63489969915951,1.39701116645588,0.00155112027569973,adjoint,2,1,ensemble,FALSE,
1|0|0|1|0|1|0|3|0|0|0|1|0|1|0|2|1,1,4.35058093214744,1.99509879243991,0.00141517220649891,adjoint,2,1,ensemble,FALSE,
0|0|0|0|0|1|0|3|0|1|0|1|0|1|0|2|1,1,4.27141394661561,0.812369638747555,0.000625985419237419,adjoint,2,1,ensemble,FALSE,
1|0|0|1|0|1|0|3|0|1|0|1|0|1|0|2|1,1,3.95277387682903,2.21252056229919,0.000742343782029392,adjoint,2,1,ensemble,FALSE,
0|0|0|0|0|1|0|0|1|0|0|0|0|1|0|2|1,1,0,0.227069370385563,0.000465766024640859,adjoint,2,1,ensemble,FALSE,
1|0|0|1|0|1|0|0|1|0|0|0|0|1|0|2|1,1,0,0.280587135615699,0.000427494421762801,adjoint,2,1,ensemble,FALSE,
0|0|0|0|0|1|0|0|1|1|0|0|0|1|0|2|1,1,0,-0.0824297553273273,0.00235869064363942,adjoint,2,1,ensemble,FALSE,
1|0|0|1|0|1|0|0|1|1|0|0|0|1|0|2|1,1,0,0.292630486454107,0.00274782454976134,adjoint,2,1,ensemble,FALSE,
0|0|0|0|0|1|0|0|1|0|0|1|0|1|0|2|1,1,0,0.322807937026783,5.76624156139981e-05,adjoint,2,1,ensemble,FALSE,
1|0|0|1|0|1|0|0|1|0|0|1|0|1|0|2|1,1,0,0.683998663347232,9.30758199954358e-05,adjoint,2,1,ensemble,FALSE,
0|0|0|0|0|1|0|0|1|1|0|1|0|1|0|2|1,1,0,0.0238431430703589,0.000396061374547767,adjoint,2,1,ensemble,FALSE,
1|0|0|1|0|1|0|0|1|1|0|1|0|1|0|2|1,1,0,0.668480868796367,0.000810333976157072,adjoint,2,1,ensemble,FALSE,
0|0|0|0|0|1|0|1|1|0|0|0|0|1|0|2|1,1,1.65455438401082,0.501037959418886,0.000231900141043703,adjoint,2,1,ensemble,FALSE,
1|0|0|1|0|1|0|1|1|0|0|0|0|1|0|2|1,1,1.85362906299535,0.862228685739335,0.000142470364333508,adjoint,2,1,ensemble,FALSE,
0|0|0|0|0|1|0|1|1|1|0|0|0|1|0|2|1,1,1.49600359771114,0.485520164868022,0.00145971391781939,adjoint,2,1,ensemble,FALSE,
1|0|0|1|0|1|0|1|1|1|0|0|0|1|0|2|1,1,1.65473534285956,0.84671089118847,0.00112317799557589,adjoint,2,1,ensemble,FALSE,
0|0|0|0|0|1|0|1|1|0|0|1|0|1|0|2|1,1,1.74660715763045,0.596776526060107,0.000173682517917498,adjoint,2,1,ensemble,FALSE,
1|0|0|1|0|1|0|1|1|0|0|1|0|1|0|2|1,1,2.00244706253921,0.957967252380555,0.000187655380546125,adjoint,2,1,ensemble,FALSE,
0|0|0|0|0|1|0|1|1|1|0|1|0|1|0|2|1,1,1.6096318489296,0.581258731509242,0.0014828230294959,adjoint,2,1,ensemble,FALSE,
1|0|0|1|0|1|0|1|1|1|0|1|0|1|0|2|1,1,1.81934793582407,1.40444464995659,0.00200379691328575,adjoint,2,1,ensemble,FALSE,
0|0|0|0|0|1|0|2|1|0|0|0|0|1|0|2|1,1,2.46830509365798,0.50933334315689,3.72544459185968e-05,adjoint,2,1,ensemble,FALSE,
1|0|0|1|0|1|0|2|1|0|0|0|0|1|0|2|1,1,2.26402765014837,0.870524069477338,1.93469365908368e-05,adjoint,2,1,ensemble,FALSE,
0|0|0|0|0|1|0|2|1|1|0|0|0|1|0|2|1,1,2.23177511482567,1.00544793382119,0.000296038102271336,adjoint,2,1,ensemble,FALSE,
1|0|0|1|0|1|0|2|1|1|0|0|0|1|0|2|1,1,2.02109831179378,0.855006274926473,0.000197627510767864,adjoint,2,1,ensemble,FALSE,
0|0|0|0|0|1|0|2|1|0|0|1|0|1|0|2|1,1,2.60563169483013,0.60507190979811,0.000168796434898552,adjoint,2,1,ensemble,FALSE,
1|0|0|1|0|1|0|2|1|0|0|1|0|1|0|2|1,1,2.44579436525512,0.966262636118558,0.00015416250621554,adjoint,2,1,ensemble,FALSE,
0|0|0|0|0|1|0|2|1|1|0|1|0|1|0|2|1,1,2.40128854634316,0.589554115247245,0.00181927877374401,adjoint,2,1,ensemble,FALSE,
1|0|0|1|0|1|0|2|1|1|0|1|0|1|0|2|1,1,2.22215658686853,0.966053376023639,0.00213295937917807,adjoint,2,1,ensemble,FALSE,
0|0|0|0|0|1|0|3|1|0|0|0|0|1|0|2|1,1,4.39062303345795,0.756594981218288,3.92139855792752e-06,adjoint,2,1,ensemble,FALSE,
1|0|0|1|0|1|0|3|1|0|0|0|0|1|0|2|1,1,4.02725415697924,1.11778570753874,1.93391477553025e-06,adjoint,2,1,ensemble,FALSE,
0|0|0|0|0|1|0|3|1|1|0|0|0|1|0|2|1,1,3.96988332189117,0.741077186667423,4.27025079914493e-05,adjoint,2,1,ensemble,FALSE,
1|0|0|1|0|1|0|3|1|1|0|0|0|1|0|2|1,1,3.59513125968308,1.10226791298787,2.74109836459741e-05,adjoint,2,1,ensemble,FALSE,
0|0|0|0|0|1|0|3|1|0|0|1|0|1|0|2|1,1,4.63489969915951,0.852333547859509,0.000107487067241631,adjoint,2,1,ensemble,FALSE,
1|0|0|1|0|1|0|3|1|0|0|1|0|1|0|2|1,1,4.35058093214744,1.21352427417996,9.32253350097671e-05,adjoint,2,1,ensemble,FALSE,
0|0|0|0|0|1|0|3|1|1|0|1|0|1|0|2|1,1,4.27141394661561,0.979702308407616,0.00158757806936789,adjoint,2,1,ensemble,FALSE,
1|0|0|1|0|1|0|3|1|1|0|1|0|1|0|2|1,1,3.95277387682903,1.82463374442255,0.00178973970168793,adjoint,2,1,ensemble,FALSE,
0|0|0|0|0|1|0|0|0|0|0|0|0|1|0|3|1,1,0,1.21825887723877,0.00254957871573798,adjoint,2,1,ensemble,FALSE,
1|0|0|1|0|1|0|0|0|0|0|0|0|1|0|3|1,1,0,1.61492491932671,0.00279772600577904,adjoint,2,1,ensemble,FALSE,
0|0|0|0|0|1|0|0|0|1|0|0|0|1|0|3|1,1,0,1.52667298637725,0.000389888941052255,adjoint,2,1,ensemble,FALSE,
1|0|0|1|0|1|0|0|0|1|0|0|0|1|0|3|1,1,0,1.8878637126977,0.000543041525053394,adjoint,2,1,ensemble,FALSE,
0|0|0|0|0|1|0|0|0|0|0|1|0|1|0|3|1,1,0,1.63792934756934,0.00028560381420508,adjoint,2,1,ensemble,FALSE,
1|0|0|1|0|1|0|0|0|0|0|1|0|1|0|3|1,1,0,1.72372531912034,0.000551165658935433,adjoint,2,1,ensemble,FALSE,
0|0|0|0|0|1|0|0|0|1|0|1|0|1|0|3|1,1,0,1.62241155301847,5.92383529185285e-05,adjoint,2,1,ensemble,FALSE,
1|0|0|1|0|1|0|0|0|1|0|1|0|1|0|3|1,1,0,1.70820752456947,0.0001449034218866,adjoint,2,1,ensemble,FALSE,
0|0|0|0|0|1|0|1|0|0|0|0|0|1|0|3|1,1,1.52268965998362,2.20569130796372,0.00162907637290995,adjoint,2,1,ensemble,FALSE,
1|0|0|1|0|1|0|1|0|0|0|0|0|1|0|3|1,1,1.85420213282105,2.17735009628189,0.00119116570815263,adjoint,2,1,ensemble,FALSE,
0|0|0|0|0|1|0|1|0|1|0|0|0|1|0|3|1,1,1.56145831472382,1.80064157541057,0.000309654570393583,adjoint,2,1,ensemble,FALSE,
1|0|0|1|0|1|0|1|0|1|0|0|0|1|0|3|1,1,1.87691311816571,2.16183230173102,0.00028357343711388,adjoint,2,1,ensemble,FALSE,
0|0|0|0|0|1|0|1|0|0|0|1|0|1|0|3|1,1,1.37946501088407,1.91189793660266,0.0011039949596128,adjoint,2,1,ensemble,FALSE,
1|0|0|1|0|1|0|1|0|0|0|1|0|1|0|3|1,1,1.73196262963132,2.43793887502227,0.00141964324525333,adjoint,2,1,ensemble,FALSE,
0|0|0|0|0|1|0|1|0|1|0|1|0|1|0|3|1,1,1.42975305880877,1.9631635173392,0.000284622756082408,adjoint,2,1,ensemble,FALSE,
1|0|0|1|0|1|0|1|0|1|0|1|0|1|0|3|1,1,1.76664602055749,2.25757086837224,0.000457763557682333,adjoint,2,1,ensemble,FALSE,
0|0|0|0|0|1|0|2|0|0|0|0|0|1|0|3|1,1,2.27158604160655,1.82445475369944,0.000333394242259493,adjoint,2,1,ensemble,FALSE,
1|0|0|1|0|1|0|2|0|0|0|0|0|1|0|3|1,1,2.2647275992141,2.43998440699978,0.000204105417287706,adjoint,2,1,ensemble,FALSE,
0|0|0|0|0|1|0|2|0|1|0|0|0|1|0|3|1,1,2.32942207824231,1.80893695914858,8.0001275564788e-05,adjoint,2,1,ensemble,FALSE,
1|0|0|1|0|1|0|2|0|1|0|0|0|1|0|3|1,1,2.2924668593546,2.17012768546903,6.29591762750604e-05,adjoint,2,1,ensemble,FALSE,
0|0|0|0|0|1|0|2|0|0|0|1|0|1|0|3|1,1,2.05791997276884,2.30572461239792,0.00136682781549071,adjoint,2,1,ensemble,FALSE,
1|0|0|1|0|1|0|2|0|0|0|1|0|1|0|3|1,1,2.11542393286203,2.64190915687806,0.00147160629631381,adjoint,2,1,ensemble,FALSE,
0|0|0|0|0|1|0|2|0|1|0|1|0|1|0|3|1,1,2.13294092465908,2.34058549437277,0.000444855643338663,adjoint,2,1,ensemble,FALSE,
1|0|0|1|0|1|0|2|0|1|0|1|0|1|0|3|1,1,2.1577863222016,2.5695113875017,0.000614843764989421,adjoint,2,1,ensemble,FALSE,
0|0|0|0|0|1|0|3|0|0|0|0|0|1|0|3|1,1,4.0406990296238,2.07171639176084,4.40713775644328e-05,adjoint,2,1,ensemble,FALSE,
1|0|0|1|0|1|0|3|0|0|0|0|0|1|0|3|1,1,4.02849922692546,2.43290711808129,2.52678620460717e-05,adjoint,2,1,ensemble,FALSE,
0|0|0|0|0|1|0|3|0|1|0|0|0|1|0|3|1,1,4.14357781688124,2.05619859720998,1.44923340792783e-05,adjoint,2,1,ensemble,FALSE,
1|0|0|1|0|1|0|3|0|1|0|0|0|1|0|3|1,1,4.0778418445852,2.41738932353042,1.08149645313477e-05,adjoint,2,1,ensemble,FALSE,
0|0|0|0|0|1|0|3|0|0|0|1|0|1|0|3|1,1,3.6606296590595,2.16745495840206,0.00109305598400681,adjoint,2,1,ensemble,FALSE,
1|0|0|1|0|1|0|3|0|0|0|1|0|1|0|3|1,1,3.76291774830298,3.04568732312468,0.00110213722260224,adjoint,2,1,ensemble,FALSE,
0|0|0|0|0|1|0|3|0|1|0|1|0|1|0|3|1,1,3.79407698702861,2.1519371638512,0.000487517934693384,adjoint,2,1,ensemble,FALSE,
1|0|0|1|0|1|0|3|0|1|0|1|0|1|0|3|1,1,3.83827199963298,2.51312789017164,0.000638941214442242,adjoint,2,1,ensemble,FALSE,
0|0|0|0|0|1|0|0|1|0|0|0|0|1|0|3|1,1,0,1.29223888922141,0.000362738944718357,adjoint,2,1,ensemble,FALSE,
1|0|0|1|0|1|0|0|1|0|0|0|0|1|0|3|1,1,0,1.92782762180965,0.000367947858688461,adjoint,2,1,ensemble,FALSE,
0|0|0|0|0|1|0|0|1|1|0|0|0|1|0|3|1,1,0,1.55111910093834,0.0020301438508996,adjoint,2,1,ensemble,FALSE,
1|0|0|1|0|1|0|0|1|1|0|0|0|1|0|3|1,1,0,1.84228187333354,0.00261381156509841,adjoint,2,1,ensemble,FALSE,
0|0|0|0|0|1|0|0|1|0|0|1|0|1|0|3|1,1,0,1.66237546213043,4.06340175075948e-05,adjoint,2,1,ensemble,FALSE,
1|0|0|1|0|1|0|0|1|0|0|1|0|1|0|3|1,1,0,2.02356618845087,7.24875214974585e-05,adjoint,2,1,ensemble,FALSE,
0|0|0|0|0|1|0|0|1|1|0|1|0|1|0|3|1,1,0,1.64685766757956,0.000308452908642138,adjoint,2,1,ensemble,FALSE,
1|0|0|1|0|1|0|0|1|1|0|1|0|1|0|3|1,1,0,2.00804839390001,0.000697460916846624,adjoint,2,1,ensemble,FALSE,
0|0|0|0|0|1|0|1|1|0|0|0|0|1|0|3|1,1,1.52268965998362,1.84060548452253,0.000180604011439205,adjoint,2,1,ensemble,FALSE,
1|0|0|1|0|1|0|1|1|0|0|0|0|1|0|3|1,1,1.85420213282105,2.20179621084298,0.000122625378986034,adjoint,2,1,ensemble,FALSE,
0|0|0|0|0|1|0|1|1|1|0|0|0|1|0|3|1,1,1.56145831472382,1.93904265277316,0.00125638741236582,adjoint,2,1,ensemble,FALSE,
1|0|0|1|0|1|0|1|1|1|0|0|0|1|0|3|1,1,1.87691311816571,2.18627841629211,0.00106839995834352,adjoint,2,1,ensemble,FALSE,
0|0|0|0|0|1|0|1|1|0|0|1|0|1|0|3|1,1,1.37946501088407,1.93634405116375,0.000122392001768818,adjoint,2,1,ensemble,FALSE,
1|0|0|1|0|1|0|1|1|0|0|1|0|1|0|3|1,1,1.73196262963132,2.2975347774842,0.000146146157316885,adjoint,2,1,ensemble,FALSE,
0|0|0|0|0|1|0|1|1|1|0|1|0|1|0|3|1,1,1.42975305880877,1.92082625661288,0.00115482373652772,adjoint,2,1,ensemble,FALSE,
1|0|0|1|0|1|0|1|1|1|0|1|0|1|0|3|1,1,1.76664602055749,2.74401217506023,0.00172468398640095,adjoint,2,1,ensemble,FALSE,
0|0|0|0|0|1|0|2|1|0|0|0|0|1|0|3|1,1,2.27158604160655,1.84890086826053,2.90137916542945e-05,adjoint,2,1,ensemble,FALSE,
1|0|0|1|0|1|0|2|1|0|0|0|0|1|0|3|1,1,2.2647275992141,2.21009159458098,1.66520626431231e-05,adjoint,2,1,ensemble,FALSE,
0|0|0|0|0|1|0|2|1|1|0|0|0|1|0|3|1,1,2.32942207824231,1.83338307370967,0.000254802355950676,adjoint,2,1,ensemble,FALSE,
1|0|0|1|0|1|0|2|1|1|0|0|0|1|0|3|1,1,2.2924668593546,2.19457380003011,0.000187989103333224,adjoint,2,1,ensemble,FALSE,
0|0|0|0|0|1|0|2|1|0|0|1|0|1|0|3|1,1,2.05791997276884,1.94463943490175,0.00011894883725999,adjoint,2,1,ensemble,FALSE,
1|0|0|1|0|1|0|2|1|0|0|1|0|1|0|3|1,1,2.11542393286203,2.3058301612222,0.000120061880560913,adjoint,2,1,ensemble,FALSE,
0|0|0|0|0|1|0|2|1|1|0|1|0|1|0|3|1,1,2.13294092465908,2.52203019610137,0.00141685573361702,adjoint,2,1,ensemble,FALSE,
1|0|0|1|0|1|0|2|1|1|0|1|0|1|0|3|1,1,2.1577863222016,3.26980898978565,0.00183585515104921,adjoint,2,1,ensemble,FALSE,
0|0|0|0|0|1|0|3|1|0|0|0|0|1|0|3|1,1,4.0406990296238,2.09616250632193,3.05398826764903e-06,adjoint,2,1,ensemble,FALSE,
1|0|0|1|0|1|0|3|1|0|0|0|0|1|0|3|1,1,4.02849922692546,2.45735323264238,1.66453587302516e-06,adjoint,2,1,ensemble,FALSE,
0|0|0|0|0|1|0|3|1|1|0|0|0|1|0|3|1,1,4.14357781688124,2.08064471177107,3.67543892415952e-05,adjoint,2,1,ensemble,FALSE,
1|0|0|1|0|1|0|3|1|1|0|0|0|1|0|3|1,1,4.0778418445852,2.44183543809151,2.60741341985585e-05,adjoint,2,1,ensemble,FALSE,
0|0|0|0|0|1|0|3|1|0|0|1|0|1|0|3|1,1,3.6606296590595,2.19190107296315,7.57448560839722e-05,adjoint,2,1,ensemble,FALSE,
1|0|0|1|0|1|0|3|1|0|0|1|0|1|0|3|1,1,3.76291774830297,2.5530917992836,7.26039639077007e-05,adjoint,2,1,ensemble,FALSE,
0|0|0|0|0|1|0|3|1|1|0|1|0|1|0|3|1,1,3.79407698702861,4.66060163555068,0.0012364070436107,adjoint,2,1,ensemble,FALSE,
1|0|0|1|0|1|0|3|1|1|0|1|0|1|0|3|1,1,3.83827199963298,2.53757400473273,0.0015404432369674,adjoint,2,1,ensemble,FALSE,
0|0|0|0|0|1|0|0|0|0|1|0|1|0|0|0|0,0,0,0.00288445961290906,0.0340123692951178,adjoint,2,1,sieve_md,TRUE,
0|0|0|0|0|1|0|0|0|0|0|0|0|1|0|0|0,1,0,0.0164944436679531,0.00420354465996152,adjoint,2,1,sieve_md,FALSE,
1|0|0|1|0|1|0|0|0|0|0|0|0|1|0|0|0,1,0,-0.0293106452230779,0.00461267037531881,adjoint,2,1,sieve_md,FALSE,
0|0|0|0|0|1|0|0|0|1|0|0|0|1|0|0|0,1,0,0.685121530758174,0.000389888941052255,adjoint,2,1,sieve_md,FALSE,
1|0|0|1|0|1|0|0|0|1|0|0|0|1|0|0|0,1,0,0.233561925151256,0.000543041525053394,adjoint,2,1,sieve_md,FALSE,
0|0|0|0|0|1|0|0|0|0|0|1|0|1|0|0|0,1,0,0.133660141467247,0.000520404079326314,adjoint,2,1,sieve_md,FALSE,
1|0|0|1|0|1|0|0|0|0|0|1|0|1|0|0|0,1,0,0.0659490142737573,0.00100428930927588,adjoint,2,1,sieve_md,FALSE,
0|0|0|0|0|1|0|0|0|1|0|1|0|1|0|0|0,1,0,0.685121530758174,6.54685048802593e-05,adjoint,2,1,sieve_md,FALSE,
1|0|0|1|0|1|0|0|0|1|0|1|0|1|0|0|0,1,0,0.685121530758174,0.000160143047798717,adjoint,2,1,sieve_md,FALSE,
0|0|0|0|0|1|0|1|0|0|1|0|1|0|0|0|0,0,0,0.0022455692820601,0.0447899109255408,adjoint,2,1,sieve_md,TRUE,
0|0|0|0|0|1|0|1|0|0|0|0|0|1|0|0|0,1,-0.640667527308902,-0.147815723810585,0.00268589286761164,adjoint,2,1,sieve_md,FALSE,
1|0|0|1|0|1|0|1|0|0|0|0|0|1|0|0|0,1,-0.663918291420844,0.196998936207297,0.00196390023995983,adjoint,2,1,sieve_md,FALSE,
0|0|0|0|0|1|0|1|0|1|0|0|0|1|0|0|0,1,-0.61097871822111,0.685121530758174,0.000309654570393583,adjoint,2,1,sieve_md,FALSE,
1|0|0|1|0|1|0|1|0|1|0|0|0|1|0|0|0,1,-0.630758890718092,0.11757879635854,0.00028357343711388,adjoint,2,1,sieve_md,FALSE,
0|0|0|0|0|1|0|1|0|0|0|1|0|1|0|0|0,1,-0.633469039072831,0.432044875661672,0.00201160997144684,adjoint,2,1,sieve_md,FALSE,
1|0|0|1|0|1|0|1|0|0|0|1|0|1|0|0|0,1,-0.660296130901142,-0.5862831684219,0.00258675864702349,adjoint,2,1,sieve_md,FALSE,
0|0|0|0|0|1|0|1|0|1|0|1|0|1|0|0|0,1,-0.653527313487882,0.685121530758174,0.000314556792644816,adjoint,2,1,sieve_md,FALSE,
1|0|0|1|0|1|0|1|0|1|0|1|0|1|0|0|0,1,-0.676419076242787,0.685121530758174,0.000505906971305358,adjoint,2,1,sieve_md,FALSE,
0|0|0|0|0|1|0|2|0|0|1|0|1|0|0|0|0,0,0,0.00266761207899635,0.0388813985793297,adjoint,2,1,sieve_md,TRUE,
0|0|0|0|0|1|0|2|0|0|0|0|0|1|0|0|0,1,-0.955763640216183,0.0307180865983709,0.000549674178742178,adjoint,2,1,sieve_md,FALSE,
1|0|0|1|0|1|0|2|0|0|0|0|0|1|0|0|0,1,-0.810911632334406,1.02592629548944,0.000336512942947367,adjoint,2,1,sieve_md,FALSE,
0|0|0|0|0|1|0|2|0|1|0|0|0|1|0|0|0,1,-0.911473141575458,0.685121530758174,8.0001275564788e-05,adjoint,2,1,sieve_md,FALSE,
1|0|0|1|0|1|0|2|0|1|0|0|0|1|0|0|0,1,-0.770410648857126,0.117578796358545,6.29591762750604e-05,adjoint,2,1,sieve_md,FALSE,
0|0|0|0|0|1|0|2|0|0|0|1|0|1|0|0|0,1,-0.945024757679931,0.264989918226866,0.00249052265950232,adjoint,2,1,sieve_md,FALSE,
1|0|0|1|0|1|0|2|0|0|0|1|0|1|0|0|0,1,-0.806487515485143,-0.085389949044729,0.00268144149928643,adjoint,2,1,sieve_md,FALSE,
0|0|0|0|0|1|0|2|0|1|0|1|0|1|0|0|0,1,-0.974948186844371,0.117578796358542,0.000491641519759723,adjoint,2,1,sieve_md,FALSE,
1|0|0|1|0|1|0|2|0|1|0|1|0|1|0|0|0,1,-0.826180125395095,0.105406753613018,0.000679507448226446,adjoint,2,1,sieve_md,FALSE,
0|0|0|0|0|1|0|3|0|0|1|0|1|0|0|0|0,0,0,0.00266761207898858,0.0315094930517083,adjoint,2,1,sieve_md,TRUE,
0|0|0|0|0|1|0|3|0|0|0|0|0|1|0|0|0,1,-1.70011311164772,0.117578796358549,7.26614176195367e-05,adjoint,2,1,sieve_md,FALSE,
1|0|0|1|0|1|0|3|0|0|0|0|0|1|0|0|0,1,-1.44245024659815,0.685121530758174,4.16596616204748e-05,adjoint,2,1,sieve_md,FALSE,
0|0|0|0|0|1|0|3|0|1|0|0|0|1|0|0|0,1,-1.62132913798298,0.685121530758174,1.44923340792784e-05,adjoint,2,1,sieve_md,FALSE,
1|0|0|1|0|1|0|3|0|1|0|0|0|1|0|0|0,1,-1.37040706547361,0.685121530758174,1.08149645313477e-05,adjoint,2,1,sieve_md,FALSE,
0|0|0|0|0|1|0|3|0|0|0|1|0|1|0|0|0,1,-1.68101077898293,-0.31603774671229,0.00199167785833815,adjoint,2,1,sieve_md,FALSE,
1|0|0|1|0|1|0|3|0|0|0|1|0|1|0|0|0,1,-1.43458062408228,0.228473859924459,0.00200822495391373,adjoint,2,1,sieve_md,FALSE,
0|0|0|0|0|1|0|3|0|1|0|1|0|1|0|0|0,1,-1.73423859821281,0.685121530758174,0.000538790643463431,adjoint,2,1,sieve_md,FALSE,
1|0|0|1|0|1|0|3|0|1|0|1|0|1|0|0|0,1,-1.46960985401083,2.02973606064703,0.000706139248561502,adjoint,2,1,sieve_md,FALSE,
0|0|0|0|0|1|0|0|1|0|1|0|1|0|0|0|0,0,0,0.00271870876345859,0.0344508323933191,adjoint,2,1,sieve_md,TRUE,
0|0|0|0|0|1|0|0|1|0|0|0|0|1|0|0|0,1,0,0.117578796358547,0.000598055413868472,adjoint,2,1,sieve_md,FALSE,
1|0|0|1|0|1|0|0|1|0|0|0|0|1|0|0|0,1,0,0.0643072128981237,0.00060664346112823,adjoint,2,1,sieve_md,FALSE,
0|0|0|0|0|1|0|0|1|1|0|0|0|1|0|0|0,1,0,0.0317365714497356,0.0020301438508996,adjoint,2,1,sieve_md,FALSE,
1|0|0|1|0|1|0|0|1|1|0|0|0|1|0|0|0,1,0,0.265829627129897,0.00261381156509841,adjoint,2,1,sieve_md,FALSE,
0|0|0|0|0|1|0|0|1|0|0|1|0|1|0|0|0,1,0,0.685121530758174,7.40400072359856e-05,adjoint,2,1,sieve_md,FALSE,
1|0|0|1|0|1|0|0|1|0|0|1|0|1|0|0|0,1,0,0.685121530758174,0.00013208087571423,adjoint,2,1,sieve_md,FALSE,
0|0|0|0|0|1|0|0|1|1|0|1|0|1|0|0|0,1,0,0.685121530758174,0.000340893184227136,adjoint,2,1,sieve_md,FALSE,
1|0|0|1|0|1|0|0|1|1|0|1|0|1|0|0|0,1,0,0.117578796358545,0.000770813521793267,adjoint,2,1,sieve_md,FALSE,
0|0|0|0|0|1|0|1|1|0|1|0|1|0|0|0|0,0,0,0.00202167490928185,0.0445846694872666,adjoint,2,1,sieve_md,TRUE,
0|0|0|0|0|1|0|1|1|0|0|0|0|1|0|0|0,1,-0.640667527308902,0.685121530758174,0.000297765675233586,adjoint,2,1,sieve_md,FALSE,
1|0|0|1|0|1|0|1|1|0|0|0|0|1|0|0|0,1,-0.663918291420844,0.685121530758174,0.000202175070661939,adjoint,2,1,sieve_md,FALSE,
0|0|0|0|0|1|0|1|1|1|0|0|0|1|0|0|0,1,-0.61097871822111,0.138985359816813,0.00125638741236582,adjoint,2,1,sieve_md,FALSE,
1|0|0|1|0|1|0|1|1|1|0|0|0|1|0|0|0,1,-0.630758890718092,0.0337368305136981,0.00106839995834352,adjoint,2,1,sieve_md,FALSE,
0|0|0|0|0|1|0|1|1|0|0|1|0|1|0|0|0,1,-0.633469039072831,0.685121530758174,0.000223012767440392,adjoint,2,1,sieve_md,FALSE,
1|0|0|1|0|1|0|1|1|0|0|1|0|1|0|0|0,1,-0.660296130901142,0.685121530758174,0.000266295660851925,adjoint,2,1,sieve_md,FALSE,
0|0|0|0|0|1|0|1|1|1|0|1|0|1|0|0|0,1,-0.653527313487882,0.685121530758174,0.00127627760911389,adjoint,2,1,sieve_md,FALSE,
1|0|0|1|0|1|0|1|1|1|0|1|0|1|0|0|0,1,-0.676419076242787,0.421976072290875,0.00190607058464111,adjoint,2,1,sieve_md,FALSE,
0|0|0|0|0|1|0|2|1|0|1|0|1|0|0|0|0,0,0,0.00300666397567717,0.0375435951500442,adjoint,2,1,sieve_md,TRUE,
0|0|0|0|0|1|0|2|1|0|0|0|0|1|0|0|0,1,-0.955763640216183,0.685121530758174,4.78356554440972e-05,adjoint,2,1,sieve_md,FALSE,
1|0|0|1|0|1|0|2|1|0|0|0|0|1|0|0|0,1,-0.810911632334406,0.685121530758174,2.7454609880748e-05,adjoint,2,1,sieve_md,FALSE,
0|0|0|0|0|1|0|2|1|1|0|0|0|1|0|0|0,1,-0.911473141575458,0.685121530758174,0.000254802355950676,adjoint,2,1,sieve_md,FALSE,
1|0|0|1|0|1|0|2|1|1|0|0|0|1|0|0|0,1,-0.770410648857126,0.685121530758174,0.000187989103333224,adjoint,2,1,sieve_md,FALSE,
0|0|0|0|0|1|0|2|1|0|0|1|0|1|0|0|0,1,-0.945024757679931,0.685121530758174,0.000216738912656018,adjoint,2,1,sieve_md,FALSE,
1|0|0|1|0|1|0|2|1|0|0|1|0|1|0|0|0,1,-0.806487515485143,1.27547739147208,0.000218767009780279,adjoint,2,1,sieve_md,FALSE,
0|0|0|0|0|1|0|2|1|1|0|1|0|1|0|0|0,1,-0.974948186844371,0.0591830826641591,0.00156586775190226,adjoint,2,1,sieve_md,FALSE,
1|0|0|1|0|1|0|2|1|1|0|1|0|1|0|0|0,1,-0.826180125395095,-0.655431157530843,0.00202893372273896,adjoint,2,1,sieve_md,FALSE,
0|0|0|0|0|1|0|3|1|0|1|0|1|0|0|0|0,0,0,0.00307173321755816,0.0299086572901431,adjoint,2,1,sieve_md,TRUE,
0|0|0|0|0|1|0|3|1|0|0|0|0|1|0|0|0,1,-1.70011311164772,0.685121530758174,5.03517541734159e-06,adjoint,2,1,sieve_md,FALSE,
1|0|0|1|0|1|0|3|1|0|0|0|0|1|0|0|0,1,-1.44245024659815,0.685121530758174,2.74435569969999e-06,adjoint,2,1,sieve_md,FALSE,
0|0|0|0|0|1|0|3|1|1|0|0|0|1|0|0|0,1,-1.62132913798298,0.685121530758174,3.67543892415952e-05,adjoint,2,1,sieve_md,FALSE,
1|0|0|1|0|1|0|3|1|1|0|0|0|1|0|0|0,1,-1.37040706547361,0.685121530758174,2.60741341985584e-05,adjoint,2,1,sieve_md,FALSE,
0|0|0|0|0|1|0|3|1|0|0|1|0|1|0|0|0,1,-1.68101077898293,0.685121530758174,0.000138016126303479,adjoint,2,1,sieve_md,FALSE,
1|0|0|1|0|1|0|3|1|0|0|1|0|1|0|0|0,1,-1.43458062408228,0.685121530758174,0.000132293047619095,adjoint,2,1,sieve_md,FALSE,
0|0|0|0|0|1|0|3|1|1|0|1|0|1|0|0|0,1,-1.73423859821281,-1.12016408322859,0.00136644110750244,adjoint,2,1,sieve_md,FALSE,
1|0|0|1|0|1|0|3|1|1|0|1|0|1|0|0|0,1,-1.46960985401083,-0.161692785773823,0.00170245306644269,adjoint,2,1,sieve_md,FALSE,
1|0|0|1|0|1|0|0|0|0|1|0|1|0|0|0|0,0,0,0.0232537286231519,0.0339232475326121,adjoint,2,1,sieve_md,TRUE,
1|0|0|1|0|1|0|1|0|0|1|0|1|0|0|0|0,0,1.05127109637602,0.995708460379602,0.0376646392861478,adjoint,2,1,sieve_md,TRUE,
1|0|0|1|0|1|0|2|0|0|1|0|1|0|0|0|0,0,1.28402541668774,1.25095600289178,0.0323167270827079,adjoint,2,1,sieve_md,TRUE,
1|0|0|1|0|1|0|3|0|0|1|0|1|0|0|0|0,0,2.28402541668774,2.51512619752039,0.0260489960763803,adjoint,2,1,sieve_md,TRUE,
1|0|0|1|0|1|0|0|1|0|1|0|1|0|0|0|0,0,0,0.0207338588204935,0.0386201710560533,adjoint,2,1,sieve_md,TRUE,
1|0|0|1|0|1|0|1|1|0|1|0|1|0|0|0|0,0,1.05127109637602,1.16678635965394,0.0417210106241467,adjoint,2,1,sieve_md,TRUE,
1|0|0|1|0|1|0|2|1|0|1|0|1|0|0|0|0,0,1.28402541668774,1.3207241859809,0.0347158330496133,adjoint,2,1,sieve_md,TRUE,
1|0|0|1|0|1|0|3|1|0|1|0|1|0|0|0|0,0,2.28402541668774,2.05776716573381,0.0274954412637132,adjoint,2,1,sieve_md,TRUE,
0|0|0|0|0|1|0|0|0|0|0|0|0|1|0|1|0,1,0,0.137771880257522,0.00488382212678092,adjoint,2,1,sieve_md,FALSE,
1|0|0|1|0|1|0|0|0|0|0|0|0|1|0|1|0,1,0,-0.045603146008508,0.00535915839246372,adjoint,2,1,sieve_md,FALSE,
0|0|0|0|0|1|0|0|0|1|0|0|0|1|0|1|0,1,0,0.685121530758174,0.000611467577240109,adjoint,2,1,sieve_md,FALSE,
1|0|0|1|0|1|0|0|0|1|0|0|0|1|0|1|0,1,0,-0.0464621806027145,0.000851658640968403,adjoint,2,1,sieve_md,FALSE,
0|0|0|0|0|1|0|0|0|0|0|1|0|1|0|1|0,1,0,0.0643072128981232,0.000495023672885394,adjoint,2,1,sieve_md,FALSE,
1|0|0|1|0|1|0|0|0|0|0|1|0|1|0|1|0,1,0,0.685121530758174,0.000955309541694711,adjoint,2,1,sieve_md,FALSE,
0|0|0|0|0|1|0|0|0|1|0|1|0|1|0|1|0,1,0,0.685121530758174,8.40632242587983e-05,adjoint,2,1,sieve_md,FALSE,
1|0|0|1|0|1|0|0|0|1|0|1|0|1|0|1|0,1,0,0.685121530758174,0.000205627743679392,adjoint,2,1,sieve_md,FALSE,
0|0|0|0|0|1|0|1|0|0|0|0|0|1|0|1|0,1,0.682846801463348,-0.324071423635048,0.00312056230589087,adjoint,2,1,sieve_md,FALSE,
1|0|0|1|0|1|0|1|0|0|0|0|0|1|0|1|0,1,0.74963004235783,-0.047062361068154,0.00228172654808762,adjoint,2,1,sieve_md,FALSE,
0|0|0|0|0|1|0|1|0|1|0|0|0|1|0|1|0,1,0.383318642077374,0.685121530758174,0.00048563503604098,adjoint,2,1,sieve_md,FALSE,
1|0|0|1|0|1|0|1|0|1|0|0|0|1|0|1|0,1,0.421604640727319,0.685121530758174,0.000444731676907028,adjoint,2,1,sieve_md,FALSE,
0|0|0|0|0|1|0|1|0|0|0|1|0|1|0|1|0,1,1.12218853869537,-0.0461283821878714,0.00191350259545927,adjoint,2,1,sieve_md,FALSE,
1|0|0|1|0|1|0|1|0|0|0|1|0|1|0|1|0,1,1.24652119699827,1.05052056217446,0.0024606009391304,adjoint,2,1,sieve_md,FALSE,
0|0|0|0|0|1|0|1|0|1|0|1|0|1|0|1|0,1,0.791760908044091,0.685121530758174,0.000403898916747719,adjoint,2,1,sieve_md,FALSE,
1|0|0|1|0|1|0|1|0|1|0|1|0|1|0|1|0,1,0.87727265809054,1.29225670265956,0.000649597409635596,adjoint,2,1,sieve_md,FALSE,
0|0|0|0|0|1|0|2|0|0|0|0|0|1|0|1|0,1,1.01868772312837,0.685121530758174,0.000638630283206209,adjoint,2,1,sieve_md,FALSE,
1|0|0|1|0|1|0|2|0|0|0|0|0|1|0|1|0,1,0.915600201335578,1.02592629548945,0.00039097226023752,adjoint,2,1,sieve_md,FALSE,
0|0|0|0|0|1|0|2|0|1|0|0|0|1|0|1|0,1,0.571844217317341,1.15759276097717,0.000125466975323014,adjoint,2,1,sieve_md,FALSE,
1|0|0|1|0|1|0|2|0|1|0|0|0|1|0|1|0,1,0.514949071037475,0.685121530758174,9.87396433406007e-05,adjoint,2,1,sieve_md,FALSE,
0|0|0|0|0|1|0|2|0|0|0|1|0|1|0|1|0,1,1.67410857743571,0.475046478952616,0.00236905843610438,adjoint,2,1,sieve_md,FALSE,
1|0|0|1|0|1|0|2|0|0|0|1|0|1|0|1|0,1,1.52250442811881,1.09712252757164,0.00255066605419856,adjoint,2,1,sieve_md,FALSE,
0|0|0|0|0|1|0|2|0|1|0|1|0|1|0|1|0,1,1.18116847724705,0.685121530758174,0.000631280207270472,adjoint,2,1,sieve_md,FALSE,
1|0|0|1|0|1|0|2|0|1|0|1|0|1|0|1|0,1,1.07150324425029,0.685121530758174,0.000872504834351386,adjoint,2,1,sieve_md,FALSE,
0|0|0|0|0|1|0|3|0|0|0|0|0|1|0|1|0,1,1.81204251960597,0.685121530758174,8.44205231155579e-05,adjoint,2,1,sieve_md,FALSE,
1|0|0|1|0|1|0|3|0|0|0|0|0|1|0|1|0,1,1.62867035511606,0.685121530758174,4.84016214111409e-05,adjoint,2,1,sieve_md,FALSE,
0|0|0|0|0|1|0|3|0|1|0|0|0|1|0|1|0,1,1.01719694155894,0.685121530758174,2.27285041327267e-05,adjoint,2,1,sieve_md,FALSE,
1|0|0|1|0|1|0|3|0|1|0|0|0|1|0|1|0,1,0.915991810803352,0.685121530758174,1.69612406601566e-05,adjoint,2,1,sieve_md,FALSE,
0|0|0|0|0|1|0|3|0|0|0|1|0|1|0|1|0,1,2.9779056484892,0.18454189202296,0.00189454258297782,adjoint,2,1,sieve_md,FALSE,
1|0|0|1|0|1|0|3|0|0|0|1|0|1|0|1|0,1,2.70823206896742,0.563583677667635,0.00191028266717933,adjoint,2,1,sieve_md,FALSE,
0|0|0|0|0|1|0|3|0|1|0|1|0|1|0|1|0,1,2.10106341226632,0.685121530758174,0.000691820880480588,adjoint,2,1,sieve_md,FALSE,
1|0|0|1|0|1|0|3|0|1|0|1|0|1|0|1|0,1,1.90599080993596,-0.786249724079851,0.000906700742873751,adjoint,2,1,sieve_md,FALSE,
0|0|0|0|0|1|0|0|1|0|0|0|0|1|0|1|0,1,0,0.685121530758174,0.000694841258881426,adjoint,2,1,sieve_md,FALSE,
1|0|0|1|0|1|0|0|1|0|0|0|0|1|0|1|0,1,0,0.685121530758174,0.000704819146265982,adjoint,2,1,sieve_md,FALSE,
0|0|0|0|0|1|0|0|1|1|0|0|0|1|0|1|0,1,0,0.0407781614545474,0.00318389933966378,adjoint,2,1,sieve_md,FALSE,
1|0|0|1|0|1|0|0|1|1|0|0|0|1|0|1|0,1,0,-0.159120985280635,0.00409927252811897,adjoint,2,1,sieve_md,FALSE,
0|0|0|0|0|1|0|0|1|0|0|1|0|1|0|1|0,1,0,0.685121530758174,7.04290334731153e-05,adjoint,2,1,sieve_md,FALSE,
1|0|0|1|0|1|0|0|1|0|0|1|0|1|0|1|0,1,0,0.133662653504875,0.000125639215393198,adjoint,2,1,sieve_md,FALSE,
0|0|0|0|0|1|0|0|1|1|0|1|0|1|0|1|0,1,0,0.11757828990712,0.000437715512923259,adjoint,2,1,sieve_md,FALSE,
1|0|0|1|0|1|0|0|1|1|0|1|0|1|0|1|0,1,0,0.685121530758174,0.000989744153509145,adjoint,2,1,sieve_md,FALSE,
0|0|0|0|0|1|0|1|1|0|0|0|0|1|0|1|0,1,0.682846801463348,0.685121530758174,0.000345954357795489,adjoint,2,1,sieve_md,FALSE,
1|0|0|1|0|1|0|1|1|0|0|0|0|1|0|1|0,1,0.74963004235783,0.117578796358547,0.000234893920121051,adjoint,2,1,sieve_md,FALSE,
0|0|0|0|0|1|0|1|1|1|0|0|0|1|0|1|0,1,0.383318642077374,0.388432315122478,0.00197040768850978,adjoint,2,1,sieve_md,FALSE,
1|0|0|1|0|1|0|1|1|1|0|0|0|1|0|1|0,1,0.421604640727319,0.956298049273033,0.00167558467364733,adjoint,2,1,sieve_md,FALSE,
0|0|0|0|0|1|0|1|1|0|0|1|0|1|0|1|0,1,1.12218853869537,0.685121530758174,0.000212136306428635,adjoint,2,1,sieve_md,FALSE,
1|0|0|1|0|1|0|1|1|0|0|1|0|1|0|1|0,1,1.24652119699827,0.685121530758174,0.000253308268219214,adjoint,2,1,sieve_md,FALSE,
0|0|0|0|0|1|0|1|1|1|0|1|0|1|0|1|0,1,0.791760908044091,0.230591330437345,0.0016387728888517,adjoint,2,1,sieve_md,FALSE,
1|0|0|1|0|1|0|1|1|1|0|1|0|1|0|1|0,1,0.87727265809054,-0.104314844643754,0.00244744307668005,adjoint,2,1,sieve_md,FALSE,
0|0|0|0|0|1|0|2|1|0|0|0|0|1|0|1|0,1,1.01868772312837,0.685121530758174,5.55771025183038e-05,adjoint,2,1,sieve_md,FALSE,
1|0|0|1|0|1|0|2|1|0|0|0|0|1|0|1|0,1,0.915600201335578,0.685121530758174,3.18977058801993e-05,adjoint,2,1,sieve_md,FALSE,
0|0|0|0|0|1|0|2|1|1|0|0|0|1|0|1|0,1,0.571844217317341,0.685121530758174,0.000399609639729048,adjoint,2,1,sieve_md,FALSE,
1|0|0|1|0|1|0|2|1|1|0|0|0|1|0|1|0,1,0.514949071037475,0.685121530758174,0.000294825601496865,adjoint,2,1,sieve_md,FALSE,
0|0|0|0|0|1|0|2|1|0|0|1|0|1|0|1|0,1,1.67410857743571,0.685121530758174,0.000206168431152695,adjoint,2,1,sieve_md,FALSE,
1|0|0|1|0|1|0|2|1|0|0|1|0|1|0|1|0,1,1.52250442811881,0.685121530758174,0.000208097616813036,adjoint,2,1,sieve_md,FALSE,
0|0|0|0|0|1|0|2|1|1|0|1|0|1|0|1|0,1,1.18116847724705,-0.00464837489978631,0.0020106139926142,adjoint,2,1,sieve_md,FALSE,
1|0|0|1|0|1|0|2|1|1|0|1|0|1|0|1|0,1,1.07150324425029,1.39499695659455,0.0026052024687717,adjoint,2,1,sieve_md,FALSE,
0|0|0|0|0|1|0|3|1|0|0|0|0|1|0|1|0,1,1.81204251960597,0.685121530758174,5.85003921801114e-06,adjoint,2,1,sieve_md,FALSE,
1|0|0|1|0|1|0|3|1|0|0|0|0|1|0|1|0,1,1.62867035511606,0.685121530758174,3.18848642613798e-06,adjoint,2,1,sieve_md,FALSE,
0|0|0|0|0|1|0|3|1|1|0|0|0|1|0|1|0,1,1.01719694155894,0.685121530758174,5.76423565178425e-05,adjoint,2,1,sieve_md,FALSE,
1|0|0|1|0|1|0|3|1|1|0|0|0|1|0|1|0,1,0.915991810803352,0.685121530758174,4.08923823897052e-05,adjoint,2,1,sieve_md,FALSE,
0|0|0|0|0|1|0|3|1|0|0|1|0|1|0|1|0,1,2.9779056484892,0.685121530758174,0.000131285000395476,adjoint,2,1,sieve_md,FALSE,
1|0|0|1|0|1|0|3|1|0|0|1|0|1|0|1|0,1,2.70823206896742,0.685121530758174,0.000125841039552158,adjoint,2,1,sieve_md,FALSE,
0|0|0|0|0|1|0|3|1|1|0|1|0|1|0|1|0,1,2.10106341226632,2.52082879550119,0.00175454511244008,adjoint,2,1,sieve_md,FALSE,
1|0|0|1|0|1|0|3|1|1|0|1|0|1|0|1|0,1,1.90599080993596,-1.72265354870823,0.0021859930080304,adjoint,2,1,sieve_md,FALSE,
0|0|0|0|0|1|0|0|0|0|0|0|0|1|0|2|0,1,0,0.685121530758174,0.00380352449671843,adjoint,2,1,sieve_md,FALSE,
1|0|0|1|0|1|0|0|0|0|0|0|0|1|0|2|0,1,0,0.197892800791725,0.00461267037531881,adjoint,2,1,sieve_md,FALSE,
0|0|0|0|0|1|0|0|0|1|0|0|0|1|0|2|0,1,0,0.685121530758174,0.000526295021055867,adjoint,2,1,sieve_md,FALSE,
1|0|0|1|0|1|0|0|0|1|0|0|0|1|0|2|0,1,0,0.432975498709184,0.000810122758919434,adjoint,2,1,sieve_md,FALSE,
0|0|0|0|0|1|0|0|0|0|0|1|0|1|0|2|0,1,0,0.685121530758174,0.000348837286411149,adjoint,2,1,sieve_md,FALSE,
1|0|0|1|0|1|0|0|0|0|0|1|0|1|0|2|0,1,0,0.685121530758174,0.000743995819147426,adjoint,2,1,sieve_md,FALSE,
0|0|0|0|0|1|0|0|0|1|0|1|0|1|0|2|0,1,0,0.685121530758174,6.54685048802593e-05,adjoint,2,1,sieve_md,FALSE,
1|0|0|1|0|1|0|0|0|1|0|1|0|1|0|2|0,1,0,0.685121530758174,0.00017698543915914,adjoint,2,1,sieve_md,FALSE,
0|0|0|0|0|1|0|1|0|0|0|0|0|1|0|2|0,1,1.61930932333639,1.25779350380438,0.00243029636745092,adjoint,2,1,sieve_md,FALSE,
1|0|0|1|0|1|0|1|0|0|0|0|0|1|0|2|0,1,1.79964064314873,1.2835209701832,0.00196390023995983,adjoint,2,1,sieve_md,FALSE,
0|0|0|0|0|1|0|1|0|1|0|0|0|1|0|2|0,1,1.45553714733445,0.816359407628963,0.000417989949151942,adjoint,2,1,sieve_md,FALSE,
1|0|0|1|0|1|0|1|0|1|0|0|0|1|0|2|0,1,1.59162073083693,0.685121530758174,0.000423041857081509,adjoint,2,1,sieve_md,FALSE,
0|0|0|0|0|1|0|1|0|0|0|1|0|1|0|2|0,1,1.71454130603506,0.685121530758174,0.00134842248866599,adjoint,2,1,sieve_md,FALSE,
1|0|0|1|0|1|0|1|0|0|0|1|0|1|0|2|0,1,1.95665764835312,2.22426620424632,0.00191631793822099,adjoint,2,1,sieve_md,FALSE,
0|0|0|0|0|1|0|1|0|1|0|1|0|1|0|2|0,1,1.57005885650516,0.685121530758174,0.000314556792644816,adjoint,2,1,sieve_md,FALSE,
1|0|0|1|0|1|0|1|0|1|0|1|0|1|0|2|0,1,1.76277851380977,0.685121530758174,0.000559113671938413,adjoint,2,1,sieve_md,FALSE,
0|0|0|0|0|1|0|2|0|0|0|0|0|1|0|2|0,1,2.415725641674,0.685121530758174,0.000497365764654109,adjoint,2,1,sieve_md,FALSE,
1|0|0|1|0|1|0|2|0|0|0|0|0|1|0|2|0,1,2.198086045239,1.36673106022073,0.000336512942947367,adjoint,2,1,sieve_md,FALSE,
0|0|0|0|0|1|0|2|0|1|0|0|0|1|0|2|0,1,2.17140626472785,0.685121530758174,0.000107990426438444,adjoint,2,1,sieve_md,FALSE,
1|0|0|1|0|1|0|2|0|1|0|0|0|1|0|2|0,1,1.94400995058913,0.685121530758174,9.39240541102854e-05,adjoint,2,1,sieve_md,FALSE,
0|0|0|0|0|1|0|2|0|0|0|1|0|1|0|2|0,1,2.55779506546923,0.685121530758174,0.0016694472637704,adjoint,2,1,sieve_md,FALSE,
1|0|0|1|0|1|0|2|0|0|0|1|0|1|0|2|0,1,2.38986704847369,1.35395968750596,0.00198646072036349,adjoint,2,1,sieve_md,FALSE,
0|0|0|0|0|1|0|2|0|1|0|1|0|1|0|2|0,1,2.34225257888481,0.685121530758174,0.000491641519759723,adjoint,2,1,sieve_md,FALSE,
1|0|0|1|0|1|0|2|0|1|0|1|0|1|0|2|0,1,2.15306253879273,0.989114419323103,0.000750971870395662,adjoint,2,1,sieve_md,FALSE,
0|0|0|0|0|1|0|3|0|0|0|0|0|1|0|2|0,1,4.29709466309539,0.685121530758174,6.57467695096942e-05,adjoint,2,1,sieve_md,FALSE,
1|0|0|1|0|1|0|3|0|0|0|0|0|1|0|2|0,1,3.90995717852947,0.685121530758174,4.16596616204748e-05,adjoint,2,1,sieve_md,FALSE,
0|0|0|0|0|1|0|3|0|1|0|0|0|1|0|2|0,1,3.86249916406405,0.685121530758174,1.95626047992478e-05,adjoint,2,1,sieve_md,FALSE,
1|0|0|1|0|1|0|3|0|1|0|0|0|1|0|2|0,1,3.45800642240656,0.685121530758174,1.61340311919789e-05,adjoint,2,1,sieve_md,FALSE,
0|0|0|0|0|1|0|3|0|0|0|1|0|1|0|2|0,1,4.54980786539284,2.86696096510705,0.00133506159368939,adjoint,2,1,sieve_md,FALSE,
1|0|0|1|0|1|0|3|0|0|0|1|0|1|0|2|0,1,4.25109737726155,4.31921848390929,0.00148772963708699,adjoint,2,1,sieve_md,FALSE,
0|0|0|0|0|1|0|3|0|1|0|1|0|1|0|2|0,1,4.16640072147132,0.685121530758174,0.000538790643463431,adjoint,2,1,sieve_md,FALSE,
1|0|0|1|0|1|0|3|0|1|0|1|0|1|0|2|0,1,3.82986933000622,0.685121530758174,0.000780404561621963,adjoint,2,1,sieve_md,FALSE,
0|0|0|0|0|1|0|0|1|0|0|0|0|1|0|2|0,1,0,0.133660888226075,0.000541142916527176,adjoint,2,1,sieve_md,FALSE,
1|0|0|1|0|1|0|0|1|0|0|0|0|1|0|2|0,1,0,0.685121530758174,0.00060664346112823,adjoint,2,1,sieve_md,FALSE,
0|0|0|0|0|1|0|0|1|1|0|0|0|1|0|2|0,1,0,-0.0184910081323101,0.00274040755778309,adjoint,2,1,sieve_md,FALSE,
1|0|0|1|0|1|0|0|1|1|0|0|0|1|0|2|0,1,0,0.131749190719426,0.00389934864779419,adjoint,2,1,sieve_md,FALSE,
0|0|0|0|0|1|0|0|1|0|0|1|0|1|0|2|0,1,0,0.685121530758174,4.9630501058905e-05,adjoint,2,1,sieve_md,FALSE,
1|0|0|1|0|1|0|0|1|0|0|1|0|1|0|2|0,1,0,0.685121530758174,9.78479193326993e-05,adjoint,2,1,sieve_md,FALSE,
0|0|0|0|0|1|0|0|1|1|0|1|0|1|0|2|0,1,0,0.117578289907122,0.000340893184227136,adjoint,2,1,sieve_md,FALSE,
1|0|0|1|0|1|0|0|1|1|0|1|0|1|0|2|0,1,0,0.685121530758174,0.000851880687545388,adjoint,2,1,sieve_md,FALSE,
0|0|0|0|0|1|0|1|1|0|0|0|0|1|0|2|0,1,1.61930932333639,0.685121530758174,0.000269429524758092,adjoint,2,1,sieve_md,FALSE,
1|0|0|1|0|1|0|1|1|0|0|0|0|1|0|2|0,1,1.79964064314873,1.13924681809538,0.000202175070661939,adjoint,2,1,sieve_md,FALSE,
0|0|0|0|0|1|0|1|1|1|0|0|0|1|0|2|0,1,1.45553714733445,0.685121530758174,0.00169594561430963,adjoint,2,1,sieve_md,FALSE,
1|0|0|1|0|1|0|1|1|1|0|0|0|1|0|2|0,1,1.59162073083693,0.685121530758174,0.00159386544481577,adjoint,2,1,sieve_md,FALSE,
0|0|0|0|0|1|0|1|1|0|0|1|0|1|0|2|0,1,1.71454130603506,0.685121530758174,0.000149489928537179,adjoint,2,1,sieve_md,FALSE,
1|0|0|1|0|1|0|1|1|0|0|1|0|1|0|2|0,1,1.95665764835312,0.685121530758174,0.000197276677647585,adjoint,2,1,sieve_md,FALSE,
0|0|0|0|0|1|0|1|1|1|0|1|0|1|0|2|0,1,1.57005885650516,1.2151791546637,0.00127627760911389,adjoint,2,1,sieve_md,FALSE,
1|0|0|1|0|1|0|1|1|1|0|1|0|1|0|2|0,1,1.76277851380977,1.70258353944268,0.0021065337779448,adjoint,2,1,sieve_md,FALSE,
0|0|0|0|0|1|0|2|1|0|0|0|0|1|0|2|0,1,2.415725641674,0.685121530758174,4.32834909620947e-05,adjoint,2,1,sieve_md,FALSE,
1|0|0|1|0|1|0|2|1|0|0|0|0|1|0|2|0,1,2.198086045239,0.685121530758174,2.7454609880748e-05,adjoint,2,1,sieve_md,FALSE,
0|0|0|0|0|1|0|2|1|1|0|0|0|1|0|2|0,1,2.17140626472785,0.685121530758174,0.000343947204371135,adjoint,2,1,sieve_md,FALSE,
1|0|0|1|0|1|0|2|1|1|0|0|0|1|0|2|0,1,1.94400995058913,0.685121530758174,0.00028044678723994,adjoint,2,1,sieve_md,FALSE,
0|0|0|0|0|1|0|2|1|0|0|1|0|1|0|2|0,1,2.55779506546923,0.685121530758174,0.000145284437909297,adjoint,2,1,sieve_md,FALSE,
1|0|0|1|0|1|0|2|1|0|0|1|0|1|0|2|0,1,2.38986704847369,1.13599839435219,0.000162066586929286,adjoint,2,1,sieve_md,FALSE,
0|0|0|0|0|1|0|2|1|1|0|1|0|1|0|2|0,1,2.34225257888481,1.44751969817568,0.00156586775190226,adjoint,2,1,sieve_md,FALSE,
1|0|0|1|0|1|0|2|1|1|0|1|0|1|0|2|0,1,2.15306253879273,1.47441151035696,0.00224231854507406,adjoint,2,1,sieve_md,FALSE,
0|0|0|0|0|1|0|3|1|0|0|0|0|1|0|2|0,1,4.29709466309539,0.685121530758174,4.5560151239855e-06,adjoint,2,1,sieve_md,FALSE,
1|0|0|1|0|1|0|3|1|0|0|0|0|1|0|2|0,1,3.90995717852947,0.685121530758174,2.74435569969999e-06,adjoint,2,1,sieve_md,FALSE,
0|0|0|0|0|1|0|3|1|1|0|0|0|1|0|2|0,1,3.86249916406405,0.685121530758174,4.9613236034844e-05,adjoint,2,1,sieve_md,FALSE,
1|0|0|1|0|1|0|3|1|1|0|0|0|1|0|2|0,1,3.45800642240655,0.685121530758174,3.88980373670224e-05,adjoint,2,1,sieve_md,FALSE,
0|0|0|0|0|1|0|3|1|0|0|1|0|1|0|2|0,1,4.54980786539284,0.685121530758174,9.25149761374087e-05,adjoint,2,1,sieve_md,FALSE,
1|0|0|1|0|1|0|3|1|0|0|1|0|1|0|2|0,1,4.25109737726154,0.685121530758174,9.800510014574e-05,adjoint,2,1,sieve_md,FALSE,
0|0|0|0|0|1|0|3|1|1|0|1|0|1|0|2|0,1,4.16640072147132,5.65924840579585,0.00136644110750244,adjoint,2,1,sieve_md,FALSE,
1|0|0|1|0|1|0|3|1|1|0|1|0|1|0|2|0,1,3.82986933000622,2.09153683219661,0.00188150161842117,adjoint,2,1,sieve_md,FALSE,
0|0|0|0|0|1|0|0|0|0|0|0|0|1|0|3|0,1,0,-0.0459595708847621,0.00296218785647559,adjoint,2,1,sieve_md,FALSE,
1|0|0|1|0|1|0|0|0|0|0|0|0|1|0|3|0,1,0,0.0655982783022283,0.00397016218465647,adjoint,2,1,sieve_md,FALSE,
0|0|0|0|0|1|0|0|0|1|0|0|0|1|0|3|0,1,0,0.685121530758174,0.000452986322575578,adjoint,2,1,sieve_md,FALSE,
1|0|0|1|0|1|0|0|0|1|0|0|0|1|0|3|0,1,0,-0.0161856428286029,0.000770612605741864,adjoint,2,1,sieve_md,FALSE,
0|0|0|0|0|1|0|0|0|0|0|1|0|1|0|3|0,1,0,0.685121530758174,0.000245821480983732,adjoint,2,1,sieve_md,FALSE,
1|0|0|1|0|1|0|0|0|0|0|1|0|1|0|3|0,1,0,0.685121530758174,0.000579424526553867,adjoint,2,1,sieve_md,FALSE,
0|0|0|0|0|1|0|0|0|1|0|1|0|1|0|3|0,1,0,0.685121530758174,5.098692286726e-05,adjoint,2,1,sieve_md,FALSE,
1|0|0|1|0|1|0|0|0|1|0|1|0|1|0|3|0,1,0,0.685121530758174,0.000152332779195364,adjoint,2,1,sieve_md,FALSE,
0|0|0|0|0|1|0|1|0|0|0|0|0|1|0|3|0,1,1.54477491976393,0.853619984548366,0.00189271671406637,adjoint,2,1,sieve_md,FALSE,
1|0|0|1|0|1|0|1|0|0|0|0|0|1|0|3|0,1,1.91228614516847,0.88458801056651,0.00169034460143651,adjoint,2,1,sieve_md,FALSE,
0|0|0|0|0|1|0|1|0|1|0|0|0|1|0|3|0,1,1.57848090994668,0.685121530758174,0.000359767283300581,adjoint,2,1,sieve_md,FALSE,
1|0|0|1|0|1|0|1|0|1|0|0|0|1|0|3|0,1,1.93470945814506,0.685121530758174,0.000402409862251357,adjoint,2,1,sieve_md,FALSE,
0|0|0|0|0|1|0|1|0|0|0|1|0|1|0|3|0,1,1.36759793628731,0.792432527670378,0.000950217267671792,adjoint,2,1,sieve_md,FALSE,
1|0|0|1|0|1|0|1|0|0|0|1|0|1|0|3|0,1,1.72752148820504,0.685121530758174,0.00149242991090029,adjoint,2,1,sieve_md,FALSE,
0|0|0|0|0|1|0|1|0|1|0|1|0|1|0|3|0,1,1.40250402431465,0.685121530758174,0.000244977076432212,adjoint,2,1,sieve_md,FALSE,
1|0|0|1|0|1|0|1|0|1|0|1|0|1|0|3|0,1,1.74905440548635,2.73800408680587,0.000481233597165695,adjoint,2,1,sieve_md,FALSE,
0|0|0|0|0|1|0|2|0|0|0|0|0|1|0|3|0,1,2.30453337760063,0.685121530758174,0.000387348846985528,adjoint,2,1,sieve_md,FALSE,
1|0|0|1|0|1|0|2|0|0|0|0|0|1|0|3|0,1,2.33567157210025,0.685121530758174,0.000289639374165069,adjoint,2,1,sieve_md,FALSE,
0|0|0|0|0|1|0|2|0|1|0|0|0|1|0|3|0,1,2.35481680621372,0.685121530758174,9.29482214131121e-05,adjoint,2,1,sieve_md,FALSE,
1|0|0|1|0|1|0|2|0|1|0|0|0|1|0|3|0,1,2.36305946841695,0.685121530758174,8.93433239381007e-05,adjoint,2,1,sieve_md,FALSE,
0|0|0|0|0|1|0|2|0|0|0|1|0|1|0|3|0,1,2.04021637779664,1.80176330951153,0.00117643960319249,adjoint,2,1,sieve_md,FALSE,
1|0|0|1|0|1|0|2|0|0|0|1|0|1|0|3|0,1,2.1099995104746,1.35395968750596,0.00154705716455967,adjoint,2,1,sieve_md,FALSE,
0|0|0|0|0|1|0|2|0|1|0|1|0|1|0|3|0,1,2.09229014201387,0.994708956857248,0.000382890800579288,adjoint,2,1,sieve_md,FALSE,
1|0|0|1|0|1|0|2|0|1|0|1|0|1|0|3|0,1,2.13629987503322,1.12299078072432,0.000646367478920391,adjoint,2,1,sieve_md,FALSE,
0|0|0|0|0|1|0|3|0|0|0|0|0|1|0|3|0,1,4.0993057766902,0.685121530758174,5.1203635578565e-05,adjoint,2,1,sieve_md,FALSE,
1|0|0|1|0|1|0|3|0|0|0|0|0|1|0|3|0,1,4.15469442144954,0.685121530758174,3.58568030519115e-05,adjoint,2,1,sieve_md,FALSE,
0|0|0|0|0|1|0|3|0|1|0|0|0|1|0|3|0,1,4.18874997888267,0.685121530758174,1.68376899903637e-05,adjoint,2,1,sieve_md,FALSE,
1|0|0|1|0|1|0|3|0|1|0|0|0|1|0|3|0,1,4.20341203286436,0.685121530758174,1.53471652056226e-05,adjoint,2,1,sieve_md,FALSE,
0|0|0|0|0|1|0|3|0|0|0|1|0|1|0|3|0,1,3.62913849045977,1.16211152284014,0.0009408020041138,adjoint,2,1,sieve_md,FALSE,
1|0|0|1|0|1|0|3|0|0|0|1|0|1|0|3|0,1,3.7532687815125,1.98453622089548,0.00115864500636189,adjoint,2,1,sieve_md,FALSE,
0|0|0|0|0|1|0|3|0|1|0|1|0|1|0|3|0,1,3.72176734302686,3.23671878003301,0.000419610575040866,adjoint,2,1,sieve_md,FALSE,
1|0|0|1|0|1|0|3|0|1|0|1|0|1|0|3|0,1,3.80005189058444,2.3293171039587,0.000671700431026524,adjoint,2,1,sieve_md,FALSE,
0|0|0|0|0|1|0|0|1|0|0|0|0|1|0|3|0,1,0,0.685121530758174,0.000421442527144908,adjoint,2,1,sieve_md,FALSE,
1|0|0|1|0|1|0|0|1|0|0|0|0|1|0|3|0,1,0,0.120608004052907,0.000522142865839172,adjoint,2,1,sieve_md,FALSE,
0|0|0|0|0|1|0|0|1|1|0|0|0|1|0|3|0,1,0,0.333315261312941,0.00235869064363942,adjoint,2,1,sieve_md,FALSE,
1|0|0|1|0|1|0|0|1|1|0|0|0|1|0|3|0,1,0,0.281421503237803,0.00370917517016891,adjoint,2,1,sieve_md,FALSE,
0|0|0|0|0|1|0|0|1|0|0|1|0|1|0|3|0,1,0,0.685121530758174,3.49740229829823e-05,adjoint,2,1,sieve_md,FALSE,
1|0|0|1|0|1|0|0|1|0|0|1|0|1|0|3|0,1,0,0.685121530758174,7.62040361982139e-05,adjoint,2,1,sieve_md,FALSE,
0|0|0|0|0|1|0|0|1|1|0|1|0|1|0|3|0,1,0,0.0798247251622732,0.000265487878819798,adjoint,2,1,sieve_md,FALSE,
1|0|0|1|0|1|0|0|1|1|0|1|0|1|0|3|0,1,0,0.133702214235395,0.000733220502732778,adjoint,2,1,sieve_md,FALSE,
0|0|0|0|0|1|0|1|1|0|0|0|0|1|0|3|0,1,1.54477491976393,0.685121530758174,0.000209831924864159,adjoint,2,1,sieve_md,FALSE,
1|0|0|1|0|1|0|1|1|0|0|0|0|1|0|3|0,1,1.91228614516847,0.685121530758174,0.000174013695953031,adjoint,2,1,sieve_md,FALSE,
0|0|0|0|0|1|0|1|1|1|0|0|0|1|0|3|0,1,1.57848090994668,1.2724245065498,0.00145971391781939,adjoint,2,1,sieve_md,FALSE,
1|0|0|1|0|1|0|1|1|1|0|0|0|1|0|3|0,1,1.93470945814506,1.17788539772277,0.00151613170980368,adjoint,2,1,sieve_md,FALSE,
0|0|0|0|0|1|0|1|1|0|0|1|0|1|0|3|0,1,1.36759793628731,0.685121530758174,0.000105343772173051,adjoint,2,1,sieve_md,FALSE,
1|0|0|1|0|1|0|1|1|0|0|1|0|1|0|3|0,1,1.72752148820504,0.685121530758174,0.000153639231033664,adjoint,2,1,sieve_md,FALSE,
0|0|0|0|0|1|0|1|1|1|0|1|0|1|0|3|0,1,1.40250402431465,0.685121530758174,0.000993966001394401,adjoint,2,1,sieve_md,FALSE,
1|0|0|1|0|1|0|1|1|1|0|1|0|1|0|3|0,1,1.74905440548635,1.14764582832913,0.0018131104252859,adjoint,2,1,sieve_md,FALSE,
0|0|0|0|0|1|0|2|1|0|0|0|0|1|0|3|0,1,2.30453337760063,0.685121530758174,3.37092166553435e-05,adjoint,2,1,sieve_md,FALSE,
1|0|0|1|0|1|0|2|1|0|0|0|0|1|0|3|0,1,2.33567157210025,0.685121530758174,2.3630401713998e-05,adjoint,2,1,sieve_md,FALSE,
0|0|0|0|0|1|0|2|1|1|0|0|0|1|0|3|0,1,2.35481680621372,0.685121530758174,0.000296038102271336,adjoint,2,1,sieve_md,FALSE,
1|0|0|1|0|1|0|2|1|1|0|0|0|1|0|3|0,1,2.36305946841695,0.685121530758174,0.000266769236029322,adjoint,2,1,sieve_md,FALSE,
0|0|0|0|0|1|0|2|1|0|0|1|0|1|0|3|0,1,2.04021637779664,0.685121530758174,0.000102380213016159,adjoint,2,1,sieve_md,FALSE,
1|0|0|1|0|1|0|2|1|0|0|1|0|1|0|3|0,1,2.1099995104746,0.685121530758174,0.000126217584810238,adjoint,2,1,sieve_md,FALSE,
0|0|0|0|0|1|0|2|1|1|0|1|0|1|0|3|0,1,2.09229014201387,0.685121530758174,0.00121949903136774,adjoint,2,1,sieve_md,FALSE,
1|0|0|1|0|1|0|2|1|1|0|1|0|1|0|3|0,1,2.13629987503322,0.842979526677945,0.00192998145743107,adjoint,2,1,sieve_md,FALSE,
0|0|0|0|0|1|0|3|1|0|0|0|0|1|0|3|0,1,4.0993057766902,0.685121530758174,3.54822814624507e-06,adjoint,2,1,sieve_md,FALSE,
1|0|0|1|0|1|0|3|1|0|0|0|0|1|0|3|0,1,4.15469442144954,0.685121530758174,2.36208884087935e-06,adjoint,2,1,sieve_md,FALSE,
0|0|0|0|0|1|0|3|1|1|0|0|0|1|0|3|0,1,4.18874997888267,1.74150341551843,4.27025079914493e-05,adjoint,2,1,sieve_md,FALSE,
1|0|0|1|0|1|0|3|1|1|0|0|0|1|0|3|0,1,4.20341203286436,0.685121530758174,3.700095769884e-05,adjoint,2,1,sieve_md,FALSE,
0|0|0|0|0|1|0|3|1|0|0|1|0|1|0|3|0,1,3.62913849045977,0.685121530758174,6.51942018046429e-05,adjoint,2,1,sieve_md,FALSE,
1|0|0|1|0|1|0|3|1|0|0|1|0|1|0|3|0,1,3.7532687815125,0.685121530758174,7.63264487384938e-05,adjoint,2,1,sieve_md,FALSE,
0|0|0|0|0|1|0|3|1|1|0|1|0|1|0|3|0,1,3.72176734302686,3.42347160249454,0.00106418540454386,adjoint,2,1,sieve_md,FALSE,
1|0|0|1|0|1|0|3|1|1|0|1|0|1|0|3|0,1,3.80005189058444,2.51635398755231,0.00161942345063176,adjoint,2,1,sieve_md,FALSE,
0|0|0|0|0|1|0|0|0|0|0|0|0|1|0|0|1,1,0,0.107456961528171,0.00361802441808784,adjoint,2,1,sieve_md,FALSE,
1|0|0|1|0|1|0|0|0|0|0|0|0|1|0|0|1,1,0,0.334806965562865,0.00325049387528552,adjoint,2,1,sieve_md,FALSE,
0|0|0|0|0|1|0|0|0|1|0|0|0|1|0|0|1,1,0,0.685121530758174,0.000335580521483595,adjoint,2,1,sieve_md,FALSE,
1|0|0|1|0|1|0|0|0|1|0|0|0|1|0|0|1,1,0,0.685121530758174,0.000382674894927813,adjoint,2,1,sieve_md,FALSE,
0|0|0|0|0|1|0|0|0|0|0|1|0|1|0|0|1,1,0,0.685121530758174,0.000604623279416797,adjoint,2,1,sieve_md,FALSE,
1|0|0|1|0|1|0|0|0|0|0|1|0|1|0|0|1,1,0,0.117578796358542,0.000955309541694711,adjoint,2,1,sieve_md,FALSE,
0|0|0|0|0|1|0|0|0|1|0|1|0|1|0|0|1,1,0,0.685121530758174,7.6063550790109e-05,adjoint,2,1,sieve_md,FALSE,
1|0|0|1|0|1|0|0|0|1|0|1|0|1|0|0|1,1,0,0.685121530758174,0.000152332779195364,adjoint,2,1,sieve_md,FALSE,
0|0|0|0|0|1|0|1|0|0|0|0|0|1|0|0|1,1,-0.770083206102352,-0.324071423635048,0.00231176941497651,adjoint,2,1,sieve_md,FALSE,
1|0|0|1|0|1|0|1|0|0|0|0|0|1|0|0|1,1,-0.826957025638408,0.117578796358548,0.00138393710849542,adjoint,2,1,sieve_md,FALSE,
0|0|0|0|0|1|0|1|0|1|0|0|0|1|0|0|1,1,-0.755828847931774,0.685121530758174,0.000266522158674232,adjoint,2,1,sieve_md,FALSE,
1|0|0|1|0|1|0|1|0|1|0|0|0|1|0|0|1,1,-0.827319744552918,0.685121530758174,0.00019983082369475,adjoint,2,1,sieve_md,FALSE,
0|0|0|0|0|1|0|1|0|0|0|1|0|1|0|0|1,1,-0.734080947483544,-0.0741084345314164,0.0023371573478406,adjoint,2,1,sieve_md,FALSE,
1|0|0|1|0|1|0|1|0|0|0|1|0|1|0|0|1,1,-0.774714046116868,0.124404385125467,0.0024606009391304,adjoint,2,1,sieve_md,FALSE,
0|0|0|0|0|1|0|1|0|1|0|1|0|1|0|0|1,1,-0.770900638738044,0.685121530758174,0.000365462852977528,adjoint,2,1,sieve_md,FALSE,
1|0|0|1|0|1|0|1|0|1|0|1|0|1|0|0|1,1,-0.82239829508859,-0.133892004523748,0.000481233597165695,adjoint,2,1,sieve_md,FALSE,
0|0|0|0|0|1|0|2|0|0|0|0|0|1|0|0|1,1,-1.14882914610226,0.178992172142908,0.000473108950078285,adjoint,2,1,sieve_md,FALSE,
1|0|0|1|0|1|0|2|0|0|0|0|0|1|0|0|1,1,-1.01004759199468,0.685121530758174,0.000237136662931203,adjoint,2,1,sieve_md,FALSE,
0|0|0|0|0|1|0|2|0|1|0|0|0|1|0|0|1,1,-1.12756414253437,0.685121530758174,6.8857736002792e-05,adjoint,2,1,sieve_md,FALSE,
1|0|0|1|0|1|0|2|0|1|0|0|0|1|0|0|1,1,-1.0104906178773,0.685121530758174,4.43665816595361e-05,adjoint,2,1,sieve_md,FALSE,
0|0|0|0|0|1|0|2|0|0|0|1|0|1|0|0|1,1,-1.09512008752385,-0.399421760023264,0.0028935745081005,adjoint,2,1,sieve_md,FALSE,
1|0|0|1|0|1|0|2|0|0|0|1|0|1|0|0|1,1,-0.946237872712568,-0.260849586274473,0.00255066605419856,adjoint,2,1,sieve_md,FALSE,
0|0|0|0|0|1|0|2|0|1|0|1|0|1|0|0|1,1,-1.15004861229684,0.146232206121107,0.00057120595280382,adjoint,2,1,sieve_md,FALSE,
1|0|0|1|0|1|0|2|0|1|0|1|0|1|0|0|1,1,-1.00447954592743,0.117578289907128,0.000646367478920391,adjoint,2,1,sieve_md,FALSE,
0|0|0|0|0|1|0|3|0|0|0|0|0|1|0|0|1,1,-2.04353818470196,0.685121530758174,6.25402617234875e-05,adjoint,2,1,sieve_md,FALSE,
1|0|0|1|0|1|0|3|0|0|0|0|0|1|0|0|1,1,-1.79667344757953,0.685121530758174,2.93570673656604e-05,adjoint,2,1,sieve_md,FALSE,
0|0|0|0|0|1|0|3|0|1|0|0|0|1|0|0|1,1,-2.00571197970337,0.685121530758174,1.24736675390516e-05,adjoint,2,1,sieve_md,FALSE,
1|0|0|1|0|1|0|3|0|1|0|0|0|1|0|0|1,1,-1.79746150236645,0.685121530758174,7.62117669597106e-06,adjoint,2,1,sieve_md,FALSE,
0|0|0|0|0|1|0|3|0|0|0|1|0|1|0|0|1,1,-1.94800046924466,0.147775573537626,0.002313999536301,adjoint,2,1,sieve_md,FALSE,
1|0|0|1|0|1|0|3|0|0|0|1|0|1|0|0|1,1,-1.68316866895294,-0.684821481742908,0.00191028266717933,adjoint,2,1,sieve_md,FALSE,
0|0|0|0|0|1|0|3|0|1|0|1|0|1|0|0|1,1,-2.04570737212381,-0.141131065415403,0.000625985419237419,adjoint,2,1,sieve_md,FALSE,
1|0|0|1|0|1|0|3|0|1|0|1|0|1|0|0|1,1,-1.78676900287491,0.117578796358541,0.000671700431026524,adjoint,2,1,sieve_md,FALSE,
0|0|0|0|0|1|0|0|1|0|0|0|0|1|0|0|1,1,0,0.685121530758174,0.000514751065060783,adjoint,2,1,sieve_md,FALSE,
1|0|0|1|0|1|0|0|1|0|0|0|0|1|0|0|1,1,0,0.685121530758174,0.000427494421762801,adjoint,2,1,sieve_md,FALSE,
0|0|0|0|0|1|0|0|1|1|0|0|0|1|0|0|1,1,0,0.0784023172491083,0.00174736100575957,adjoint,2,1,sieve_md,FALSE,
1|0|0|1|0|1|0|0|1|1|0|0|0|1|0|0|1,1,0,0.565174252166686,0.00184192187869388,adjoint,2,1,sieve_md,FALSE,
0|0|0|0|0|1|0|0|1|0|0|1|0|1|0|0|1,1,0,0.685121530758174,8.6022215738618e-05,adjoint,2,1,sieve_md,FALSE,
1|0|0|1|0|1|0|0|1|0|0|1|0|1|0|0|1,1,0,0.685121530758174,0.000125639215393198,adjoint,2,1,sieve_md,FALSE,
0|0|0|0|0|1|0|0|1|1|0|1|0|1|0|0|1,1,0,0.117578289907122,0.000396061374547767,adjoint,2,1,sieve_md,FALSE,
1|0|0|1|0|1|0|0|1|1|0|1|0|1|0|0|1,1,0,0.685121530758174,0.000733220502732778,adjoint,2,1,sieve_md,FALSE,
0|0|0|0|0|1|0|1|1|0|0|0|0|1|0|0|1,1,-0.770083206102352,0.685121530758174,0.000256289291779141,adjoint,2,1,sieve_md,FALSE,
1|0|0|1|0|1|0|1|1|0|0|0|0|1|0|0|1,1,-0.826957025638408,0.685121530758174,0.000142470364333508,adjoint,2,1,sieve_md,FALSE,
0|0|0|0|0|1|0|1|1|1|0|0|0|1|0|0|1,1,-0.755828847931774,-0.220146673840837,0.0010813826673033,adjoint,2,1,sieve_md,FALSE,
1|0|0|1|0|1|0|1|1|1|0|0|0|1|0|0|1,1,-0.827319744552918,-0.0470623610681643,0.000752888725700648,adjoint,2,1,sieve_md,FALSE,
0|0|0|0|0|1|0|1|1|0|0|1|0|1|0|0|1,1,-0.734080947483544,0.685121530758174,0.000259103869777846,adjoint,2,1,sieve_md,FALSE,
1|0|0|1|0|1|0|1|1|0|0|1|0|1|0|0|1,1,-0.774714046116868,0.685121530758174,0.000253308268219214,adjoint,2,1,sieve_md,FALSE,
0|0|0|0|0|1|0|1|1|1|0|1|0|1|0|0|1,1,-0.770900638738044,0.0442560601717227,0.0014828230294959,adjoint,2,1,sieve_md,FALSE,
1|0|0|1|0|1|0|1|1|1|0|1|0|1|0|0|1,1,-0.82239829508859,-0.210683531873043,0.0018131104252859,adjoint,2,1,sieve_md,FALSE,
0|0|0|0|0|1|0|2|1|0|0|0|0|1|0|0|1,1,-1.14882914610226,0.685121530758174,4.11725301982552e-05,adjoint,2,1,sieve_md,FALSE,
1|0|0|1|0|1|0|2|1|0|0|0|0|1|0|0|1,1,-1.01004759199468,0.685121530758174,1.93469365908368e-05,adjoint,2,1,sieve_md,FALSE,
0|0|0|0|0|1|0|2|1|1|0|0|0|1|0|0|1,1,-1.12756414253437,0.685121530758174,0.000219310420178643,adjoint,2,1,sieve_md,FALSE,
1|0|0|1|0|1|0|2|1|1|0|0|0|1|0|0|1,1,-1.0104906178773,0.685121530758174,0.000132473682115823,adjoint,2,1,sieve_md,FALSE,
0|0|0|0|0|1|0|2|1|0|0|1|0|1|0|0|1,1,-1.09512008752385,0.685121530758174,0.000251814690455457,adjoint,2,1,sieve_md,FALSE,
1|0|0|1|0|1|0|2|1|0|0|1|0|1|0|0|1,1,-0.946237872712568,0.685121530758174,0.000208097616813036,adjoint,2,1,sieve_md,FALSE,
0|0|0|0|0|1|0|2|1|1|0|1|0|1|0|0|1,1,-1.15004861229684,0.685121530758174,0.00181927877374401,adjoint,2,1,sieve_md,FALSE,
1|0|0|1|0|1|0|2|1|1|0|1|0|1|0|0|1,1,-1.00447954592743,-0.113945202849034,0.00192998145743107,adjoint,2,1,sieve_md,FALSE,
0|0|0|0|0|1|0|3|1|0|0|0|0|1|0|0|1,1,-2.04353818470196,0.685121530758174,4.33381564440528e-06,adjoint,2,1,sieve_md,FALSE,
1|0|0|1|0|1|0|3|1|0|0|0|0|1|0|0|1,1,-1.79667344757953,0.685121530758174,1.93391477553025e-06,adjoint,2,1,sieve_md,FALSE,
0|0|0|0|0|1|0|3|1|1|0|0|0|1|0|0|1,1,-2.00571197970337,0.685121530758174,3.16347959888723e-05,adjoint,2,1,sieve_md,FALSE,
1|0|0|1|0|1|0|3|1|1|0|0|0|1|0|0|1,1,-1.79746150236645,0.685121530758174,1.83741318194515e-05,adjoint,2,1,sieve_md,FALSE,
0|0|0|0|0|1|0|3|1|0|0|1|0|1|0|0|1,1,-1.94800046924466,0.685121530758174,0.000160351861588094,adjoint,2,1,sieve_md,FALSE,
1|0|0|1|0|1|0|3|1|0|0|1|0|1|0|0|1,1,-1.68316866895294,0.685121530758174,0.000125841039552158,adjoint,2,1,sieve_md,FALSE,
0|0|0|0|0|1|0|3|1|1|0|1|0|1|0|0|1,1,-2.04570737212381,0.685121530758174,0.00158757806936789,adjoint,2,1,sieve_md,FALSE,
1|0|0|1|0|1|0|3|1|1|0|1|0|1|0|0|1,1,-1.78676900287491,0.685121530758174,0.00161942345063175,adjoint,2,1,sieve_md,FALSE,
0|0|0|0|0|1|0|0|0|0|0|0|0|1|0|1|1,1,0,0.0238785756418919,0.00420354465996152,adjoint,2,1,sieve_md,FALSE,
1|0|0|1|0|1|0|0|0|0|0|0|0|1|0|1|1,1,0,0.0285719474459559,0.00377653509008527,adjoint,2,1,sieve_md,FALSE,
0|0|0|0|0|1|0|0|0|1|0|0|0|1|0|1|1,1,0,0.134825133191131,0.000526295021055867,adjoint,2,1,sieve_md,FALSE,
1|0|0|1|0|1|0|0|0|1|0|0|0|1|0|1|1,1,0,0.235960389220406,0.000600153700796459,adjoint,2,1,sieve_md,FALSE,
0|0|0|0|0|1|0|0|0|0|0|1|0|1|0|1|1,1,0,0.685121530758174,0.000575135454119375,adjoint,2,1,sieve_md,FALSE,
1|0|0|1|0|1|0|0|0|0|0|1|0|1|0|1|1,1,0,0.685121530758174,0.0009087185455663,adjoint,2,1,sieve_md,FALSE,
0|0|0|0|0|1|0|0|0|1|0|1|0|1|0|1|1,1,0,0.685121530758174,9.76675324980188e-05,adjoint,2,1,sieve_md,FALSE,
1|0|0|1|0|1|0|0|0|1|0|1|0|1|0|1|1,1,0,0.685121530758174,0.000195599160281529,adjoint,2,1,sieve_md,FALSE,
0|0|0|0|0|1|0|1|0|0|0|0|0|1|0|1|1,1,0.773836268694551,0.742220670987413,0.00268589286761164,adjoint,2,1,sieve_md,FALSE,
1|0|0|1|0|1|0|1|0|0|0|0|0|1|0|1|1,1,0.865694068722909,1.54776557066993,0.00160790552243234,adjoint,2,1,sieve_md,FALSE,
0|0|0|0|0|1|0|1|0|1|0|0|0|1|0|1|1,1,0.435488965815403,0.685121530758174,0.000417989949151942,adjoint,2,1,sieve_md,FALSE,
1|0|0|1|0|1|0|1|0|1|0|0|0|1|0|1|1,1,0.489233428643141,0.685121530758174,0.000313397115837013,adjoint,2,1,sieve_md,FALSE,
0|0|0|0|0|1|0|1|0|0|0|1|0|1|0|1|1,1,1.23390479172961,0.319496574285148,0.00222317283895403,adjoint,2,1,sieve_md,FALSE,
1|0|0|1|0|1|0|1|0|0|0|1|0|1|0|1|1,1,1.37268271902219,0.569801966691151,0.00234059601525493,adjoint,2,1,sieve_md,FALSE,
0|0|0|0|0|1|0|1|0|1|0|1|0|1|0|1|1,1,0.871701600993315,0.685121530758174,0.000469263592078361,adjoint,2,1,sieve_md,FALSE,
1|0|0|1|0|1|0|1|0|1|0|1|0|1|0|1|1,1,0.969063373570781,0.473243167377628,0.000617916170124823,adjoint,2,1,sieve_md,FALSE,
0|0|0|0|0|1|0|2|0|0|0|0|0|1|0|1|1,1,1.1544280575691,0.685121530758174,0.000549674178742178,adjoint,2,1,sieve_md,FALSE,
1|0|0|1|0|1|0|2|0|0|0|0|0|1|0|1|1,1,1.05736112326106,1.19438195403121,0.000275513495199786,adjoint,2,1,sieve_md,FALSE,
0|0|0|0|0|1|0|2|0|1|0|0|0|1|0|1|1,1,0.649673194753673,0.685121530758174,0.000107990426438444,adjoint,2,1,sieve_md,FALSE,
1|0|0|1|0|1|0|2|0|1|0|0|0|1|0|1|1,1,0.597551059128889,0.685121530758174,6.9580650645195e-05,adjoint,2,1,sieve_md,FALSE,
0|0|0|0|0|1|0|2|0|0|0|1|0|1|0|1|1,1,1.84076964284014,0.785565327777072,0.00275245321409038,adjoint,2,1,sieve_md,FALSE,
1|0|0|1|0|1|0|2|0|0|0|1|0|1|0|1|1,1,1.67659845909251,0.90196060422277,0.00242626860282881,adjoint,2,1,sieve_md,FALSE,
0|0|0|0|0|1|0|2|0|1|0|1|0|1|0|1|1,1,1.30042597733526,0.685121530758174,0.000733442961563443,adjoint,2,1,sieve_md,FALSE,
1|0|0|1|0|1|0|2|0|1|0|1|0|1|0|1|1,1,1.18361667731135,0.117578289907115,0.00082995227145416,adjoint,2,1,sieve_md,FALSE,
0|0|0|0|0|1|0|3|0|0|0|0|0|1|0|1|1,1,2.05349753280351,0.685121530758174,7.26614176195367e-05,adjoint,2,1,sieve_md,FALSE,
1|0|0|1|0|1|0|3|0|0|0|0|0|1|0|1|1,1,1.88083479404604,0.685121530758174,3.41080461315053e-05,adjoint,2,1,sieve_md,FALSE,
0|0|0|0|0|1|0|3|0|1|0|0|0|1|0|1|1,1,1.15563918756834,0.685121530758174,1.95626047992477e-05,adjoint,2,1,sieve_md,FALSE,
1|0|0|1|0|1|0|3|0|1|0|0|0|1|0|1|1,1,1.06292429190362,0.685121530758174,1.19523842800651e-05,adjoint,2,1,sieve_md,FALSE,
0|0|0|0|0|1|0|3|0|0|0|1|0|1|0|1|1,1,3.27436248213811,0.685121530758174,0.00220114444721052,adjoint,2,1,sieve_md,FALSE,
1|0|0|1|0|1|0|3|0|0|0|1|0|1|0|1|1,1,2.98233465193007,0.685121530758174,0.00181711708213468,adjoint,2,1,sieve_md,FALSE,
0|0|0|0|0|1|0|3|0|1|0|1|0|1|0|1|1,1,2.31319874681036,1.04800563933154,0.000803781188776778,adjoint,2,1,sieve_md,FALSE,
1|0|0|1|0|1|0|3|0|1|0|1|0|1|0|1|1,1,2.10541827245781,0.685121530758174,0.000862480425838168,adjoint,2,1,sieve_md,FALSE,
0|0|0|0|0|1|0|0|1|0|0|0|0|1|0|1|1,1,0,0.685121530758174,0.000598055413868473,adjoint,2,1,sieve_md,FALSE,
1|0|0|1|0|1|0|0|1|0|0|0|0|1|0|1|1,1,0,0.685121530758174,0.000496677657779349,adjoint,2,1,sieve_md,FALSE,
0|0|0|0|0|1|0|0|1|1|0|0|0|1|0|1|1,1,0,0.685121530758174,0.00274040755778309,adjoint,2,1,sieve_md,FALSE,
1|0|0|1|0|1|0|0|1|1|0|0|0|1|0|1|1,1,0,-0.235585539141284,0.00288870852707656,adjoint,2,1,sieve_md,FALSE,
0|0|0|0|0|1|0|0|1|0|0|1|0|1|0|1|1,1,0,0.685121530758174,8.18268627713218e-05,adjoint,2,1,sieve_md,FALSE,
1|0|0|1|0|1|0|0|1|0|0|1|0|1|0|1|1,1,0,0.685121530758174,0.000119511718553193,adjoint,2,1,sieve_md,FALSE,
0|0|0|0|0|1|0|0|1|1|0|1|0|1|0|1|1,1,0,0.685121530758174,0.000508552871487617,adjoint,2,1,sieve_md,FALSE,
1|0|0|1|0|1|0|0|1|1|0|1|0|1|0|1|1,1,0,0.117578796358541,0.00094147376154545,adjoint,2,1,sieve_md,FALSE,
0|0|0|0|0|1|0|1|1|0|0|0|0|1|0|1|1,1,0.773836268694551,0.685121530758174,0.000297765675233586,adjoint,2,1,sieve_md,FALSE,
1|0|0|1|0|1|0|1|1|0|0|0|0|1|0|1|1,1,0.865694068722909,0.685121530758174,0.000165526947856643,adjoint,2,1,sieve_md,FALSE,
0|0|0|0|0|1|0|1|1|1|0|0|0|1|0|1|1,1,0.435488965815403,0.236195210427173,0.00169594561430963,adjoint,2,1,sieve_md,FALSE,
1|0|0|1|0|1|0|1|1|1|0|0|0|1|0|1|1,1,0.489233428643141,0.19699893620731,0.00118076456283449,adjoint,2,1,sieve_md,FALSE,
0|0|0|0|0|1|0|1|1|0|0|1|0|1|0|1|1,1,1.23390479172961,0.685121530758174,0.000246467224934689,adjoint,2,1,sieve_md,FALSE,
1|0|0|1|0|1|0|1|1|0|0|1|0|1|0|1|1,1,1.37268271902219,0.685121530758174,0.000240954278199435,adjoint,2,1,sieve_md,FALSE,
0|0|0|0|0|1|0|1|1|1|0|1|0|1|0|1|1,1,0.871701600993315,0.556665523509669,0.00190398245832266,adjoint,2,1,sieve_md,FALSE,
1|0|0|1|0|1|0|1|1|1|0|1|0|1|0|1|1,1,0.969063373570781,0.699743297013539,0.00232807986932862,adjoint,2,1,sieve_md,FALSE,
0|0|0|0|0|1|0|2|1|0|0|0|0|1|0|1|1,1,1.1544280575691,0.685121530758174,4.78356554440972e-05,adjoint,2,1,sieve_md,FALSE,
1|0|0|1|0|1|0|2|1|0|0|0|0|1|0|1|1,1,1.05736112326106,0.685121530758174,2.2477933423127e-05,adjoint,2,1,sieve_md,FALSE,
0|0|0|0|0|1|0|2|1|1|0|0|0|1|0|1|1,1,0.649673194753674,0.117578796358545,0.000343947204371135,adjoint,2,1,sieve_md,FALSE,
1|0|0|1|0|1|0|2|1|1|0|0|0|1|0|1|1,1,0.597551059128889,0.685121530758174,0.000207760089918997,adjoint,2,1,sieve_md,FALSE,
0|0|0|0|0|1|0|2|1|0|0|1|0|1|0|1|1,1,1.84076964284014,0.685121530758174,0.000239533543082769,adjoint,2,1,sieve_md,FALSE,
1|0|0|1|0|1|0|2|1|0|0|1|0|1|0|1|1,1,1.67659845909251,0.685121530758174,0.000197948576281035,adjoint,2,1,sieve_md,FALSE,
0|0|0|0|0|1|0|2|1|1|0|1|0|1|0|1|1,1,1.30042597733526,0.203997774464872,0.00233600018552781,adjoint,2,1,sieve_md,FALSE,
1|0|0|1|0|1|0|2|1|1|0|1|0|1|0|1|1,1,1.18361667731135,1.1754307323468,0.00247814524507754,adjoint,2,1,sieve_md,FALSE,
0|0|0|0|0|1|0|3|1|0|0|0|0|1|0|1|1,1,2.05349753280351,0.685121530758174,5.03517541734159e-06,adjoint,2,1,sieve_md,FALSE,
1|0|0|1|0|1|0|3|1|0|0|0|0|1|0|1|1,1,1.88083479404604,0.685121530758174,2.24688840872922e-06,adjoint,2,1,sieve_md,FALSE,
0|0|0|0|0|1|0|3|1|1|0|0|0|1|0|1|1,1,1.15563918756834,0.685121530758174,4.96132360348439e-05,adjoint,2,1,sieve_md,FALSE,
1|0|0|1|0|1|0|3|1|1|0|0|0|1|0|1|1,1,1.06292429190361,0.685121530758174,2.88163748302485e-05,adjoint,2,1,sieve_md,FALSE,
0|0|0|0|0|1|0|3|1|0|0|1|0|1|0|1|1,1,3.27436248213811,0.685121530758174,0.000152531409016061,adjoint,2,1,sieve_md,FALSE,
1|0|0|1|0|1|0|3|1|0|0|1|0|1|0|1|1,1,2.98233465193007,0.685121530758174,0.00011970369963177,adjoint,2,1,sieve_md,FALSE,
0|0|0|0|0|1|0|3|1|1|0|1|0|1|0|1|1,1,2.31319874681036,0.971221925981922,0.00203849059204443,adjoint,2,1,sieve_md,FALSE,
1|0|0|1|0|1|0|3|1|1|0|1|0|1|0|1|1,1,2.10541827245781,1.93981136488004,0.00207938087099134,adjoint,2,1,sieve_md,FALSE,
0|0|0|0|0|1|0|0|0|0|0|0|0|1|0|2|1,1,0,0.137771880257512,0.00327372387285366,adjoint,2,1,sieve_md,FALSE,
1|0|0|1|0|1|0|0|0|0|0|0|0|1|0|2|1,1,0,0.107547638293834,0.00325049387528552,adjoint,2,1,sieve_md,FALSE,
0|0|0|0|0|1|0|0|0|1|0|0|0|1|0|2|1,1,0,0.134825133191107,0.000452986322575578,adjoint,2,1,sieve_md,FALSE,
1|0|0|1|0|1|0|0|0|1|0|0|0|1|0|2|1,1,0,0.685121530758174,0.00057088385942059,adjoint,2,1,sieve_md,FALSE,
0|0|0|0|0|1|0|0|0|0|0|1|0|1|0|2|1,1,0,0.685121530758174,0.000405291104492887,adjoint,2,1,sieve_md,FALSE,
1|0|0|1|0|1|0|0|0|0|0|1|0|1|0|2|1,1,0,0.685121530758174,0.000707710714878543,adjoint,2,1,sieve_md,FALSE,
0|0|0|0|0|1|0|0|0|1|0|1|0|1|0|2|1,1,0,0.685121530758174,7.6063550790109e-05,adjoint,2,1,sieve_md,FALSE,
1|0|0|1|0|1|0|0|0|1|0|1|0|1|0|2|1,1,0,0.685121530758174,0.000168353757436355,adjoint,2,1,sieve_md,FALSE,
0|0|0|0|0|1|0|1|0|0|0|0|0|1|0|2|1,1,1.65455438401082,0.742220670987426,0.00209177546854185,adjoint,2,1,sieve_md,FALSE,
1|0|0|1|0|1|0|1|0|0|0|0|0|1|0|2|1,1,1.85362906299535,0.685121530758174,0.00138393710849542,adjoint,2,1,sieve_md,FALSE,
0|0|0|0|0|1|0|1|0|1|0|0|0|1|0|2|1,1,1.49600359771114,0.824541257358825,0.000359767283300581,adjoint,2,1,sieve_md,FALSE,
1|0|0|1|0|1|0|1|0|1|0|0|0|1|0|2|1,1,1.65473534285956,0.685121530758174,0.000298112558137826,adjoint,2,1,sieve_md,FALSE,
0|0|0|0|0|1|0|1|0|0|0|1|0|1|0|2|1,1,1.74660715763045,0.685121530758174,0.00156664342099704,adjoint,2,1,sieve_md,FALSE,
1|0|0|1|0|1|0|1|0|0|0|1|0|1|0|2|1,1,2.00244706253921,1.01519954825691,0.00182285800953435,adjoint,2,1,sieve_md,FALSE,
0|0|0|0|0|1|0|1|0|1|0|1|0|1|0|2|1,1,1.6096318489296,0.851956143621663,0.000365462852977528,adjoint,2,1,sieve_md,FALSE,
1|0|0|1|0|1|0|1|0|1|0|1|0|1|0|2|1,1,1.81934793582407,2.73800408680586,0.000531845376388458,adjoint,2,1,sieve_md,FALSE,
0|0|0|0|0|1|0|2|0|0|0|0|0|1|0|2|1,1,2.46830509365798,1.03871727498778,0.000428086680838539,adjoint,2,1,sieve_md,FALSE,
1|0|0|1|0|1|0|2|0|0|0|0|0|1|0|2|1,1,2.26402765014837,0.685121530758174,0.000237136662931203,adjoint,2,1,sieve_md,FALSE,
0|0|0|0|0|1|0|2|0|1|0|0|0|1|0|2|1,1,2.23177511482567,0.685121530758174,9.29482214131121e-05,adjoint,2,1,sieve_md,FALSE,
1|0|0|1|0|1|0|2|0|1|0|0|0|1|0|2|1,1,2.02109831179378,0.685121530758174,6.61871622696141e-05,adjoint,2,1,sieve_md,FALSE,
0|0|0|0|0|1|0|2|0|0|0|1|0|1|0|2|1,1,2.60563169483013,0.685121530758174,0.00193962099747748,adjoint,2,1,sieve_md,FALSE,
1|0|0|1|0|1|0|2|0|0|0|1|0|1|0|2|1,1,2.44579436525512,0.685121530758174,0.00188957988782464,adjoint,2,1,sieve_md,FALSE,
0|0|0|0|0|1|0|2|0|1|0|1|0|1|0|2|1,1,2.40128854634316,0.685121530758174,0.00057120595280382,adjoint,2,1,sieve_md,FALSE,
1|0|0|1|0|1|0|2|0|1|0|1|0|1|0|2|1,1,2.22215658686853,0.685121530758174,0.00071434654009269,adjoint,2,1,sieve_md,FALSE,
0|0|0|0|0|1|0|3|0|0|0|0|0|1|0|2|1,1,4.39062303345795,0.685121530758174,5.65887689411735e-05,adjoint,2,1,sieve_md,FALSE,
1|0|0|1|0|1|0|3|0|0|0|0|0|1|0|2|1,1,4.02725415697924,0.685121530758174,2.93570673656604e-05,adjoint,2,1,sieve_md,FALSE,
0|0|0|0|0|1|0|3|0|1|0|0|0|1|0|2|1,1,3.96988332189117,0.685121530758174,1.68376899903637e-05,adjoint,2,1,sieve_md,FALSE,
1|0|0|1|0|1|0|3|0|1|0|0|0|1|0|2|1,1,3.59513125968308,0.685121530758174,1.13694596201377e-05,adjoint,2,1,sieve_md,FALSE,
0|0|0|0|0|1|0|3|0|0|0|1|0|1|0|2|1,1,4.63489969915951,1.82467258841208,0.00155112027569973,adjoint,2,1,sieve_md,FALSE,
1|0|0|1|0|1|0|3|0|0|0|1|0|1|0|2|1,1,4.35058093214744,2.29900900567738,0.00141517220649891,adjoint,2,1,sieve_md,FALSE,
0|0|0|0|0|1|0|3|0|1|0|1|0|1|0|2|1,1,4.27141394661561,0.685121530758174,0.000625985419237419,adjoint,2,1,sieve_md,FALSE,
1|0|0|1|0|1|0|3|0|1|0|1|0|1|0|2|1,1,3.95277387682903,2.76542168806605,0.000742343782029392,adjoint,2,1,sieve_md,FALSE,
0|0|0|0|0|1|0|0|1|0|0|0|0|1|0|2|1,1,0,0.685121530758174,0.000465766024640859,adjoint,2,1,sieve_md,FALSE,
1|0|0|1|0|1|0|0|1|0|0|0|0|1|0|2|1,1,0,0.0690708764007817,0.000427494421762801,adjoint,2,1,sieve_md,FALSE,
0|0|0|0|0|1|0|0|1|1|0|0|0|1|0|2|1,1,0,0.096485497258754,0.00235869064363942,adjoint,2,1,sieve_md,FALSE,
1|0|0|1|0|1|0|0|1|1|0|0|0|1|0|2|1,1,0,0.124256296633134,0.00274782454976134,adjoint,2,1,sieve_md,FALSE,
0|0|0|0|0|1|0|0|1|0|0|1|0|1|0|2|1,1,0,0.685121530758174,5.76624156139981e-05,adjoint,2,1,sieve_md,FALSE,
1|0|0|1|0|1|0|0|1|0|0|1|0|1|0|2|1,1,0,0.685121530758174,9.30758199954358e-05,adjoint,2,1,sieve_md,FALSE,
0|0|0|0|0|1|0|0|1|1|0|1|0|1|0|2|1,1,0,0.117578289907126,0.000396061374547767,adjoint,2,1,sieve_md,FALSE,
1|0|0|1|0|1|0|0|1|1|0|1|0|1|0|2|1,1,0,0.685121530758174,0.000810333976157072,adjoint,2,1,sieve_md,FALSE,
0|0|0|0|0|1|0|1|1|0|0|0|0|1|0|2|1,1,1.65455438401082,0.685121530758174,0.000231900141043703,adjoint,2,1,sieve_md,FALSE,
1|0|0|1|0|1|0|1|1|0|0|0|0|1|0|2|1,1,1.85362906299535,0.685121530758174,0.000142470364333508,adjoint,2,1,sieve_md,FALSE,
0|0|0|0|0|1|0|1|1|1|0|0|0|1|0|2|1,1,1.49600359771114,0.685121530758174,0.00145971391781939,adjoint,2,1,sieve_md,FALSE,
1|0|0|1|0|1|0|1|1|1|0|0|0|1|0|2|1,1,1.65473534285956,0.685121530758174,0.00112317799557589,adjoint,2,1,sieve_md,FALSE,
0|0|0|0|0|1|0|1|1|0|0|1|0|1|0|2|1,1,1.74660715763045,0.685121530758174,0.000173682517917498,adjoint,2,1,sieve_md,FALSE,
1|0|0|1|0|1|0|1|1|0|0|1|0|1|0|2|1,1,2.00244706253921,0.685121530758174,0.000187655380546125,adjoint,2,1,sieve_md,FALSE,
0|0|0|0|0|1|0|1|1|1|0|1|0|1|0|2|1,1,1.6096318489296,0.685121530758174,0.0014828230294959,adjoint,2,1,sieve_md,FALSE,
1|0|0|1|0|1|0|1|1|1|0|1|0|1|0|2|1,1,1.81934793582407,1.61017012590009,0.00200379691328575,adjoint,2,1,sieve_md,FALSE,
0|0|0|0|0|1|0|2|1|0|0|0|0|1|0|2|1,1,2.46830509365798,0.685121530758174,3.72544459185968e-05,adjoint,2,1,sieve_md,FALSE,
1|0|0|1|0|1|0|2|1|0|0|0|0|1|0|2|1,1,2.26402765014837,0.685121530758174,1.93469365908368e-05,adjoint,2,1,sieve_md,FALSE,
0|0|0|0|0|1|0|2|1|1|0|0|0|1|0|2|1,1,2.23177511482567,1.70955820723855,0.000296038102271336,adjoint,2,1,sieve_md,FALSE,
1|0|0|1|0|1|0|2|1|1|0|0|0|1|0|2|1,1,2.02109831179378,0.685121530758174,0.000197627510767864,adjoint,2,1,sieve_md,FALSE,
0|0|0|0|0|1|0|2|1|0|0|1|0|1|0|2|1,1,2.60563169483013,0.685121530758174,0.000168796434898552,adjoint,2,1,sieve_md,FALSE,
1|0|0|1|0|1|0|2|1|0|0|1|0|1|0|2|1,1,2.44579436525512,0.685121530758174,0.00015416250621554,adjoint,2,1,sieve_md,FALSE,
0|0|0|0|0|1|0|2|1|1|0|1|0|1|0|2|1,1,2.40128854634316,0.685121530758174,0.00181927877374401,adjoint,2,1,sieve_md,FALSE,
1|0|0|1|0|1|0|2|1|1|0|1|0|1|0|2|1,1,2.22215658686853,0.715773664229432,0.00213295937917807,adjoint,2,1,sieve_md,FALSE,
0|0|0|0|0|1|0|3|1|0|0|0|0|1|0|2|1,1,4.39062303345795,0.685121530758174,3.92139855792752e-06,adjoint,2,1,sieve_md,FALSE,
1|0|0|1|0|1|0|3|1|0|0|0|0|1|0|2|1,1,4.02725415697924,0.685121530758174,1.93391477553025e-06,adjoint,2,1,sieve_md,FALSE,
0|0|0|0|0|1|0|3|1|1|0|0|0|1|0|2|1,1,3.96988332189117,0.685121530758174,4.27025079914493e-05,adjoint,2,1,sieve_md,FALSE,
1|0|0|1|0|1|0|3|1|1|0|0|0|1|0|2|1,1,3.59513125968308,0.685121530758174,2.74109836459741e-05,adjoint,2,1,sieve_md,FALSE,
0|0|0|0|0|1|0|3|1|0|0|1|0|1|0|2|1,1,4.63489969915951,0.685121530758174,0.000107487067241631,adjoint,2,1,sieve_md,FALSE,
1|0|0|1|0|1|0|3|1|0|0|1|0|1|0|2|1,1,4.35058093214744,0.685121530758174,9.32253350097671e-05,adjoint,2,1,sieve_md,FALSE,
0|0|0|0|0|1|0|3|1|1|0|1|0|1|0|2|1,1,4.27141394661561,0.971221925981908,0.00158757806936789,adjoint,2,1,sieve_md,FALSE,
1|0|0|1|0|1|0|3|1|1|0|1|0|1|0|2|1,1,3.95277387682903,1.93981136488006,0.00178973970168793,adjoint,2,1,sieve_md,FALSE,
0|0|0|0|0|1|0|0|0|0|0|0|0|1|0|3|1,1,0,0.0365157497110699,0.00254957871573798,adjoint,2,1,sieve_md,FALSE,
1|0|0|1|0|1|0|0|0|0|0|0|0|1|0|3|1,1,0,0.107547638293839,0.00279772600577904,adjoint,2,1,sieve_md,FALSE,
0|0|0|0|0|1|0|0|0|1|0|0|0|1|0|3|1,1,0,0.685121530758174,0.000389888941052255,adjoint,2,1,sieve_md,FALSE,
1|0|0|1|0|1|0|0|0|1|0|0|0|1|0|3|1,1,0,0.685121530758174,0.000543041525053394,adjoint,2,1,sieve_md,FALSE,
0|0|0|0|0|1|0|0|0|0|0|1|0|1|0|3|1,1,0,0.685121530758174,0.00028560381420508,adjoint,2,1,sieve_md,FALSE,
1|0|0|1|0|1|0|0|0|0|0|1|0|1|0|3|1,1,0,0.133701223035675,0.000551165658935433,adjoint,2,1,sieve_md,FALSE,
0|0|0|0|0|1|0|0|0|1|0|1|0|1|0|3|1,1,0,0.685121530758174,5.92383529185285e-05,adjoint,2,1,sieve_md,FALSE,
1|0|0|1|0|1|0|0|0|1|0|1|0|1|0|3|1,1,0,0.133701223035674,0.0001449034218866,adjoint,2,1,sieve_md,FALSE,
0|0|0|0|0|1|0|1|0|0|0|0|0|1|0|3|1,1,1.52268965998362,1.46507763885754,0.00162907637290995,adjoint,2,1,sieve_md,FALSE,
1|0|0|1|0|1|0|1|0|0|0|0|0|1|0|3|1,1,1.85420213282105,0.685121530758174,0.00119116570815263,adjoint,2,1,sieve_md,FALSE,
0|0|0|0|0|1|0|1|0|1|0|0|0|1|0|3|1,1,1.56145831472382,0.685121530758174,0.000309654570393583,adjoint,2,1,sieve_md,FALSE,
1|0|0|1|0|1|0|1|0|1|0|0|0|1|0|3|1,1,1.87691311816571,0.685121530758174,0.00028357343711388,adjoint,2,1,sieve_md,FALSE,
0|0|0|0|0|1|0|1|0|0|0|1|0|1|0|3|1,1,1.37946501088407,0.685121530758174,0.0011039949596128,adjoint,2,1,sieve_md,FALSE,
1|0|0|1|0|1|0|1|0|0|0|1|0|1|0|3|1,1,1.73196262963132,1.01519954825688,0.00141964324525333,adjoint,2,1,sieve_md,FALSE,
0|0|0|0|0|1|0|1|0|1|0|1|0|1|0|3|1,1,1.42975305880877,0.818841250229806,0.000284622756082408,adjoint,2,1,sieve_md,FALSE,
1|0|0|1|0|1|0|1|0|1|0|1|0|1|0|3|1,1,1.76664602055749,0.685121530758174,0.000457763557682333,adjoint,2,1,sieve_md,FALSE,
0|0|0|0|0|1|0|2|0|0|0|0|0|1|0|3|1,1,2.27158604160655,0.685121530758174,0.000333394242259493,adjoint,2,1,sieve_md,FALSE,
1|0|0|1|0|1|0|2|0|0|0|0|0|1|0|3|1,1,2.2647275992141,1.19438195403121,0.000204105417287706,adjoint,2,1,sieve_md,FALSE,
0|0|0|0|0|1|0|2|0|1|0|0|0|1|0|3|1,1,2.32942207824231,0.685121530758174,8.0001275564788e-05,adjoint,2,1,sieve_md,FALSE,
1|0|0|1|0|1|0|2|0|1|0|0|0|1|0|3|1,1,2.2924668593546,0.685121530758174,6.29591762750604e-05,adjoint,2,1,sieve_md,FALSE,
0|0|0|0|0|1|0|2|0|0|0|1|0|1|0|3|1,1,2.05791997276884,1.45706718339357,0.00136682781549071,adjoint,2,1,sieve_md,FALSE,
1|0|0|1|0|1|0|2|0|0|0|1|0|1|0|3|1,1,2.11542393286203,1.40699754246343,0.00147160629631381,adjoint,2,1,sieve_md,FALSE,
0|0|0|0|0|1|0|2|0|1|0|1|0|1|0|3|1,1,2.13294092465908,1.55793992999223,0.000444855643338663,adjoint,2,1,sieve_md,FALSE,
1|0|0|1|0|1|0|2|0|1|0|1|0|1|0|3|1,1,2.1577863222016,1.29310730788804,0.000614843764989421,adjoint,2,1,sieve_md,FALSE,
0|0|0|0|0|1|0|3|0|0|0|0|0|1|0|3|1,1,4.0406990296238,0.685121530758174,4.40713775644328e-05,adjoint,2,1,sieve_md,FALSE,
1|0|0|1|0|1|0|3|0|0|0|0|0|1|0|3|1,1,4.02849922692546,0.685121530758174,2.52678620460717e-05,adjoint,2,1,sieve_md,FALSE,
0|0|0|0|0|1|0|3|0|1|0|0|0|1|0|3|1,1,4.14357781688124,0.685121530758174,1.44923340792783e-05,adjoint,2,1,sieve_md,FALSE,
1|0|0|1|0|1|0|3|0|1|0|0|0|1|0|3|1,1,4.0778418445852,0.685121530758174,1.08149645313477e-05,adjoint,2,1,sieve_md,FALSE,
0|0|0|0|0|1|0|3|0|0|0|1|0|1|0|3|1,1,3.6606296590595,0.685121530758174,0.00109305598400681,adjoint,2,1,sieve_md,FALSE,
1|0|0|1|0|1|0|3|0|0|0|1|0|1|0|3|1,1,3.76291774830298,1.72038910363462,0.00110213722260224,adjoint,2,1,sieve_md,FALSE,
0|0|0|0|0|1|0|3|0|1|0|1|0|1|0|3|1,1,3.79407698702861,0.685121530758174,0.000487517934693384,adjoint,2,1,sieve_md,FALSE,
1|0|0|1|0|1|0|3|0|1|0|1|0|1|0|3|1,1,3.83827199963298,0.685121530758174,0.000638941214442242,adjoint,2,1,sieve_md,FALSE,
0|0|0|0|0|1|0|0|1|0|0|0|0|1|0|3|1,1,0,0.13569700311495,0.000362738944718357,adjoint,2,1,sieve_md,FALSE,
1|0|0|1|0|1|0|0|1|0|0|0|0|1|0|3|1,1,0,0.685121530758174,0.000367947858688461,adjoint,2,1,sieve_md,FALSE,
0|0|0|0|0|1|0|0|1|1|0|0|0|1|0|3|1,1,0,0.685121530758174,0.0020301438508996,adjoint,2,1,sieve_md,FALSE,
1|0|0|1|0|1|0|0|1|1|0|0|0|1|0|3|1,1,0,0.544905222226936,0.00261381156509841,adjoint,2,1,sieve_md,FALSE,
0|0|0|0|0|1|0|0|1|0|0|1|0|1|0|3|1,1,0,0.685121530758174,4.06340175075948e-05,adjoint,2,1,sieve_md,FALSE,
1|0|0|1|0|1|0|0|1|0|0|1|0|1|0|3|1,1,0,0.685121530758174,7.24875214974585e-05,adjoint,2,1,sieve_md,FALSE,
0|0|0|0|0|1|0|0|1|1|0|1|0|1|0|3|1,1,0,0.685121530758174,0.000308452908642138,adjoint,2,1,sieve_md,FALSE,
1|0|0|1|0|1|0|0|1|1|0|1|0|1|0|3|1,1,0,0.685121530758174,0.000697460916846624,adjoint,2,1,sieve_md,FALSE,
0|0|0|0|0|1|0|1|1|0|0|0|0|1|0|3|1,1,1.52268965998362,0.685121530758174,0.000180604011439205,adjoint,2,1,sieve_md,FALSE,
1|0|0|1|0|1|0|1|1|0|0|0|0|1|0|3|1,1,1.85420213282105,0.685121530758174,0.000122625378986034,adjoint,2,1,sieve_md,FALSE,
0|0|0|0|0|1|0|1|1|1|0|0|0|1|0|3|1,1,1.56145831472382,0.913292472892176,0.00125638741236582,adjoint,2,1,sieve_md,FALSE,
1|0|0|1|0|1|0|1|1|1|0|0|0|1|0|3|1,1,1.87691311816571,0.685121530758174,0.00106839995834352,adjoint,2,1,sieve_md,FALSE,
0|0|0|0|0|1|0|1|1|0|0|1|0|1|0|3|1,1,1.37946501088407,0.685121530758174,0.000122392001768818,adjoint,2,1,sieve_md,FALSE,
1|0|0|1|0|1|0|1|1|0|0|1|0|1|0|3|1,1,1.73196262963132,0.685121530758174,0.000146146157316885,adjoint,2,1,sieve_md,FALSE,
0|0|0|0|0|1|0|1|1|1|0|1|0|1|0|3|1,1,1.42975305880877,0.685121530758174,0.00115482373652772,adjoint,2,1,sieve_md,FALSE,
1|0|0|1|0|1|0|1|1|1|0|1|0|1|0|3|1,1,1.76664602055749,1.61017012590009,0.00172468398640095,adjoint,2,1,sieve_md,FALSE,
0|0|0|0|0|1|0|2|1|0|0|0|0|1|0|3|1,1,2.27158604160655,0.685121530758174,2.90137916542945e-05,adjoint,2,1,sieve_md,FALSE,
1|0|0|1|0|1|0|2|1|0|0|0|0|1|0|3|1,1,2.2647275992141,0.685121530758174,1.66520626431231e-05,adjoint,2,1,sieve_md,FALSE,
0|0|0|0|0|1|0|2|1|1|0|0|0|1|0|3|1,1,2.32942207824231,0.685121530758174,0.000254802355950676,adjoint,2,1,sieve_md,FALSE,
1|0|0|1|0|1|0|2|1|1|0|0|0|1|0|3|1,1,2.2924668593546,0.685121530758174,0.000187989103333224,adjoint,2,1,sieve_md,FALSE,
0|0|0|0|0|1|0|2|1|0|0|1|0|1|0|3|1,1,2.05791997276884,0.685121530758174,0.00011894883725999,adjoint,2,1,sieve_md,FALSE,
1|0|0|1|0|1|0|2|1|0|0|1|0|1|0|3|1,1,2.11542393286203,0.685121530758174,0.000120061880560913,adjoint,2,1,sieve_md,FALSE,
0|0|0|0|0|1|0|2|1|1|0|1|0|1|0|3|1,1,2.13294092465908,1.87229671329547,0.00141685573361702,adjoint,2,1,sieve_md,FALSE,
1|0|0|1|0|1|0|2|1|1|0|1|0|1|0|3|1,1,2.1577863222016,2.64635833711277,0.00183585515104921,adjoint,2,1,sieve_md,FALSE,
0|0|0|0|0|1|0|3|1|0|0|0|0|1|0|3|1,1,4.0406990296238,0.685121530758174,3.05398826764903e-06,adjoint,2,1,sieve_md,FALSE,
1|0|0|1|0|1|0|3|1|0|0|0|0|1|0|3|1,1,4.02849922692546,0.685121530758174,1.66453587302516e-06,adjoint,2,1,sieve_md,FALSE,
0|0|0|0|0|1|0|3|1|1|0|0|0|1|0|3|1,1,4.14357781688124,0.685121530758174,3.67543892415952e-05,adjoint,2,1,sieve_md,FALSE,
1|0|0|1|0|1|0|3|1|1|0|0|0|1|0|3|1,1,4.0778418445852,0.685121530758174,2.60741341985585e-05,adjoint,2,1,sieve_md,FALSE,
0|0|0|0|0|1|0|3|1|0|0|1|0|1|0|3|1,1,3.6606296590595,0.685121530758174,7.57448560839722e-05,adjoint,2,1,sieve_md,FALSE,
1|0|0|1|0|1|0|3|1|0|0|1|0|1|0|3|1,1,3.76291774830297,0.685121530758174,7.26039639077007e-05,adjoint,2,1,sieve_md,FALSE,
0|0|0|0|0|1|0|3|1|1|0|1|0|1|0|3|1,1,3.79407698702861,5.65924840579587,0.0012364070436107,adjoint,2,1,sieve_md,FALSE,
1|0|0|1|0|1|0|3|1|1|0|1|0|1|0|3|1,1,3.83827199963298,0.685121530758174,0.0015404432369674,adjoint,2,1,sieve_md,FALSE,
0|0|0|0|0|1|0|0|0|0|1|0|1|0|0|0|0,0,0,-0.418922863736904,0.0340123692951178,adjoint,2,1,landweber,TRUE,
0|0|0|0|0|1|0|0|0|0|0|0|0|1|0|0|0,1,0,-1.28509563807428,0.00420354465996152,adjoint,2,1,landweber,FALSE,
1|0|0|1|0|1|0|0|0|0|0|0|0|1|0|0|0,1,0,-0.56353961065818,0.00461267037531881,adjoint,2,1,landweber,FALSE,
0|0|0|0|0|1|0|0|0|1|0|0|0|1|0|0|0,1,0,-1.31609576452948,0.000389888941052255,adjoint,2,1,landweber,FALSE,
1|0|0|1|0|1|0|0|0|1|0|0|0|1|0|0|0,1,0,-0.594539737113385,0.000543041525053394,adjoint,2,1,landweber,FALSE,
0|0|0|0|0|1|0|0|0|0|0|1|0|1|0|0|0,1,0,-1.09383729509329,0.000520404079326314,adjoint,2,1,landweber,FALSE,
1|0|0|1|0|1|0|0|0|0|0|1|0|1|0|0|0,1,0,-0.372281267677187,0.00100428930927588,adjoint,2,1,landweber,FALSE,
0|0|0|0|0|1|0|0|0|1|0|1|0|1|0|0|0,1,0,-1.12483742154849,6.54685048802593e-05,adjoint,2,1,landweber,FALSE,
1|0|0|1|0|1|0|0|0|1|0|1|0|1|0|0|0,1,0,-0.403281394132391,0.000160143047798717,adjoint,2,1,landweber,FALSE,
0|0|0|0|0|1|0|1|0|0|1|0|1|0|0|0|0,0,0,0.128388216903338,0.0447899109255408,adjoint,2,1,landweber,TRUE,
0|0|0|0|0|1|0|1|0|0|0|0|0|1|0|0|0,1,-0.640667527308902,-0.737784557434037,0.00268589286761164,adjoint,2,1,landweber,FALSE,
1|0|0|1|0|1|0|1|0|0|0|0|0|1|0|0|0,1,-0.663918291420844,-0.0162285300179384,0.00196390023995983,adjoint,2,1,landweber,FALSE,
0|0|0|0|0|1|0|1|0|1|0|0|0|1|0|0|0,1,-0.61097871822111,-0.768784683889242,0.000309654570393583,adjoint,2,1,landweber,FALSE,
1|0|0|1|0|1|0|1|0|1|0|0|0|1|0|0|0,1,-0.630758890718092,-0.0472286564731431,0.00028357343711388,adjoint,2,1,landweber,FALSE,
0|0|0|0|0|1|0|1|0|0|0|1|0|1|0|0|0,1,-0.633469039072831,-0.546526214453044,0.00201160997144684,adjoint,2,1,landweber,FALSE,
1|0|0|1|0|1|0|1|0|0|0|1|0|1|0|0|0,1,-0.660296130901142,0.175029812963055,0.00258675864702349,adjoint,2,1,landweber,FALSE,
0|0|0|0|0|1|0|1|0|1|0|1|0|1|0|0|0,1,-0.653527313487882,-0.577526340908248,0.000314556792644816,adjoint,2,1,landweber,FALSE,
1|0|0|1|0|1|0|1|0|1|0|1|0|1|0|0|0,1,-0.676419076242787,0.14402968650785,0.000505906971305358,adjoint,2,1,landweber,FALSE,
0|0|0|0|0|1|0|2|0|0|1|0|1|0|0|0|0,0,0,0.144960027029425,0.0388813985793297,adjoint,2,1,landweber,TRUE,
0|0|0|0|0|1|0|2|0|0|0|0|0|1|0|0|0,1,-0.955763640216183,-0.72121274730795,0.000549674178742178,adjoint,2,1,landweber,FALSE,
1|0|0|1|0|1|0|2|0|0|0|0|0|1|0|0|0,1,-0.810911632334406,0.000343280108148658,0.000336512942947367,adjoint,2,1,landweber,FALSE,
0|0|0|0|0|1|0|2|0|1|0|0|0|1|0|0|0,1,-0.911473141575458,-0.752212873763155,8.0001275564788e-05,adjoint,2,1,landweber,FALSE,
1|0|0|1|0|1|0|2|0|1|0|0|0|1|0|0|0,1,-0.770410648857126,-0.030656846347056,6.29591762750604e-05,adjoint,2,1,landweber,FALSE,
0|0|0|0|0|1|0|2|0|0|0|1|0|1|0|0|0,1,-0.945024757679931,-0.529954404326957,0.00249052265950232,adjoint,2,1,landweber,FALSE,
1|0|0|1|0|1|0|2|0|0|0|1|0|1|0|0|0,1,-0.806487515485143,0.191601623089142,0.00268144149928643,adjoint,2,1,landweber,FALSE,
0|0|0|0|0|1|0|2|0|1|0|1|0|1|0|0|0,1,-0.974948186844371,-0.560954530782161,0.000491641519759723,adjoint,2,1,landweber,FALSE,
1|0|0|1|0|1|0|2|0|1|0|1|0|1|0|0|0,1,-0.826180125395095,0.160601496633938,0.000679507448226446,adjoint,2,1,landweber,FALSE,
0|0|0|0|0|1|0|3|0|0|1|0|1|0|0|0|0,0,0,0.638918238829392,0.0315094930517083,adjoint,2,1,landweber,TRUE,
0|0|0|0|0|1|0|3|0|0|0|0|0|1|0|0|0,1,-1.70011311164772,-0.227254535507983,7.26614176195367e-05,adjoint,2,1,landweber,FALSE,
1|0|0|1|0|1|0|3|0|0|0|0|0|1|0|0|0,1,-1.44245024659815,0.494301491908116,4.16596616204748e-05,adjoint,2,1,landweber,FALSE,
0|0|0|0|0|1|0|3|0|1|0|0|0|1|0|0|0,1,-1.62132913798298,-0.258254661963188,1.44923340792784e-05,adjoint,2,1,landweber,FALSE,
1|0|0|1|0|1|0|3|0|1|0|0|0|1|0|0|0,1,-1.37040706547361,0.463301365452911,1.08149645313477e-05,adjoint,2,1,landweber,FALSE,
0|0|0|0|0|1|0|3|0|0|0|1|0|1|0|0|0,1,-1.68101077898293,-0.0359961925269897,0.00199167785833815,adjoint,2,1,landweber,FALSE,
1|0|0|1|0|1|0|3|0|0|0|1|0|1|0|0|0,1,-1.43458062408228,0.685559834889109,0.00200822495391373,adjoint,2,1,landweber,FALSE,
0|0|0|0|0|1|0|3|0|1|0|1|0|1|0|0|0,1,-1.73423859821281,-0.0669963189821944,0.000538790643463431,adjoint,2,1,landweber,FALSE,
1|0|0|1|0|1|0|3|0|1|0|1|0|1|0|0|0,1,-1.46960985401083,0.654559708433904,0.000706139248561502,adjoint,2,1,landweber,FALSE,
0|0|0|0|0|1|0|0|1|0|1|0|1|0|0|0|0,0,0,-0.370086501053526,0.0344508323933191,adjoint,2,1,landweber,TRUE,
0|0|0|0|0|1|0|0|1|0|0|0|0|1|0|0|0,1,0,-1.2362592753909,0.000598055413868472,adjoint,2,1,landweber,FALSE,
1|0|0|1|0|1|0|0|1|0|0|0|0|1|0|0|0,1,0,-0.514703247974802,0.00060664346112823,adjoint,2,1,landweber,FALSE,
0|0|0|0|0|1|0|0|1|1|0|0|0|1|0|0|0,1,0,-1.26725940184611,0.0020301438508996,adjoint,2,1,landweber,FALSE,
1|0|0|1|0|1|0|0|1|1|0|0|0|1|0|0|0,1,0,-0.545703374430007,0.00261381156509841,adjoint,2,1,landweber,FALSE,
0|0|0|0|0|1|0|0|1|0|0|1|0|1|0|0|0,1,0,-1.04500093240991,7.40400072359856e-05,adjoint,2,1,landweber,FALSE,
1|0|0|1|0|1|0|0|1|0|0|1|0|1|0|0|0,1,0,-0.323444904993809,0.00013208087571423,adjoint,2,1,landweber,FALSE,
0|0|0|0|0|1|0|0|1|1|0|1|0|1|0|0|0,1,0,-1.07600105886511,0.000340893184227136,adjoint,2,1,landweber,FALSE,
1|0|0|1|0|1|0|0|1|1|0|1|0|1|0|0|0,1,0,-0.354445031449014,0.000770813521793267,adjoint,2,1,landweber,FALSE,
0|0|0|0|0|1|0|1|1|0|1|0|1|0|0|0|0,0,0,0.177224579586716,0.0445846694872666,adjoint,2,1,landweber,TRUE,
0|0|0|0|0|1|0|1|1|0|0|0|0|1|0|0|0,1,-0.640667527308902,-0.68894819475066,0.000297765675233586,adjoint,2,1,landweber,FALSE,
1|0|0|1|0|1|0|1|1|0|0|0|0|1|0|0|0,1,-0.663918291420844,0.0326078326654392,0.000202175070661939,adjoint,2,1,landweber,FALSE,
0|0|0|0|0|1|0|1|1|1|0|0|0|1|0|0|0,1,-0.61097871822111,-0.719948321205864,0.00125638741236582,adjoint,2,1,landweber,FALSE,
1|0|0|1|0|1|0|1|1|1|0|0|0|1|0|0|0,1,-0.630758890718092,0.00160770621023454,0.00106839995834352,adjoint,2,1,landweber,FALSE,
0|0|0|0|0|1|0|1|1|0|0|1|0|1|0|0|0,1,-0.633469039072831,-0.497689851769666,0.000223012767440392,adjoint,2,1,landweber,FALSE,
1|0|0|1|0|1|0|1|1|0|0|1|0|1|0|0|0,1,-0.660296130901142,0.223866175646433,0.000266295660851925,adjoint,2,1,landweber,FALSE,
0|0|0|0|0|1|0|1|1|1|0|1|0|1|0|0|0,1,-0.653527313487882,-0.528689978224871,0.00127627760911389,adjoint,2,1,landweber,FALSE,
1|0|0|1|0|1|0|1|1|1|0|1|0|1|0|0|0,1,-0.676419076242787,0.192866049191228,0.00190607058464111,adjoint,2,1,landweber,FALSE,
0|0|0|0|0|1|0|2|1|0|1|0|1|0|0|0|0,0,0,0.193796389712803,0.0375435951500442,adjoint,2,1,landweber,TRUE,
0|0|0|0|0|1|0|2|1|0|0|0|0|1|0|0|0,1,-0.955763640216183,-0.672376384624573,4.78356554440972e-05,adjoint,2,1,landweber,FALSE,
1|0|0|1|0|1|0|2|1|0|0|0|0|1|0|0|0,1,-0.810911632334406,0.0491796427915263,2.7454609880748e-05,adjoint,2,1,landweber,FALSE,
0|0|0|0|0|1|0|2|1|1|0|0|0|1|0|0|0,1,-0.911473141575458,-0.703376511079777,0.000254802355950676,adjoint,2,1,landweber,FALSE,
1|0|0|1|0|1|0|2|1|1|0|0|0|1|0|0|0,1,-0.770410648857126,0.0181795163363216,0.000187989103333224,adjoint,2,1,landweber,FALSE,
0|0|0|0|0|1|0|2|1|0|0|1|0|1|0|0|0,1,-0.945024757679931,-0.481118041643579,0.000216738912656018,adjoint,2,1,landweber,FALSE,
1|0|0|1|0|1|0|2|1|0|0|1|0|1|0|0|0,1,-0.806487515485143,0.24043798577252,0.000218767009780279,adjoint,2,1,landweber,FALSE,
0|0|0|0|0|1|0|2|1|1|0|1|0|1|0|0|0,1,-0.974948186844371,-0.512118168098784,0.00156586775190226,adjoint,2,1,landweber,FALSE,
1|0|0|1|0|1|0|2|1|1|0|1|0|1|0|0|0,1,-0.826180125395095,0.209437859317315,0.00202893372273896,adjoint,2,1,landweber,FALSE,
0|0|0|0|0|1|0|3|1|0|1|0|1|0|0|0|0,0,0,0.68775460151277,0.0299086572901431,adjoint,2,1,landweber,TRUE,
0|0|0|0|0|1|0|3|1|0|0|0|0|1|0|0|0,1,-1.70011311164772,-0.178418172824606,5.03517541734159e-06,adjoint,2,1,landweber,FALSE,
1|0|0|1|0|1|0|3|1|0|0|0|0|1|0|0|0,1,-1.44245024659815,0.543137854591493,2.74435569969999e-06,adjoint,2,1,landweber,FALSE,
0|0|0|0|0|1|0|3|1|1|0|0|0|1|0|0|0,1,-1.62132913798298,-0.20941829927981,3.67543892415952e-05,adjoint,2,1,landweber,FALSE,
1|0|0|1|0|1|0|3|1|1|0|0|0|1|0|0|0,1,-1.37040706547361,0.512137728136289,2.60741341985584e-05,adjoint,2,1,landweber,FALSE,
0|0|0|0|0|1|0|3|1|0|0|1|0|1|0|0|0,1,-1.68101077898293,0.0128401701563879,0.000138016126303479,adjoint,2,1,landweber,FALSE,
1|0|0|1|0|1|0|3|1|0|0|1|0|1|0|0|0,1,-1.43458062408228,0.734396197572487,0.000132293047619095,adjoint,2,1,landweber,FALSE,
0|0|0|0|0|1|0|3|1|1|0|1|0|1|0|0|0,1,-1.73423859821281,-0.0181599562988167,0.00136644110750244,adjoint,2,1,landweber,FALSE,
1|0|0|1|0|1|0|3|1|1|0|1|0|1|0|0|0,1,-1.46960985401083,0.703396071117282,0.00170245306644269,adjoint,2,1,landweber,FALSE,
1|0|0|1|0|1|0|0|0|0|1|0|1|0|0|0|0,0,0,0.302633163679195,0.0339232475326121,adjoint,2,1,landweber,TRUE,
1|0|0|1|0|1|0|1|0|0|1|0|1|0|0|0|0,0,1.05127109637602,0.849944244319437,0.0376646392861478,adjoint,2,1,landweber,TRUE,
1|0|0|1|0|1|0|2|0|0|1|0|1|0|0|0|0,0,1.28402541668774,0.866516054445524,0.0323167270827079,adjoint,2,1,landweber,TRUE,
1|0|0|1|0|1|0|3|0|0|1|0|1|0|0|0|0,0,2.28402541668774,1.36047426624549,0.0260489960763803,adjoint,2,1,landweber,TRUE,
1|0|0|1|0|1|0|0|1|0|1|0|1|0|0|0|0,0,0,0.351469526362573,0.0386201710560533,adjoint,2,1,landweber,TRUE,
1|0|0|1|0|1|0|1|1|0|1|0|1|0|0|0|0,0,1.05127109637602,0.898780607002815,0.0417210106241467,adjoint,2,1,landweber,TRUE,
1|0|0|1|0|1|0|2|1|0|1|0|1|0|0|0|0,0,1.28402541668774,0.915352417128902,0.0347158330496133,adjoint,2,1,landweber,TRUE,
1|0|0|1|0|1|0|3|1|0|1|0|1|0|0|0|0,0,2.28402541668774,1.40931062892887,0.0274954412637132,adjoint,2,1,landweber,TRUE,
0|0|0|0|0|1|0|0|0|0|0|0|0|1|0|1|0,1,0,-1.39979757675498,0.00488382212678092,adjoint,2,1,landweber,FALSE,
1|0|0|1|0|1|0|0|0|0|0|0|0|1|0|1|0,1,0,-0.678241549338886,0.00535915839246372,adjoint,2,1,landweber,FALSE,
0|0|0|0|0|1|0|0|0|1|0|0|0|1|0|1|0,1,0,-1.43079770321019,0.000611467577240109,adjoint,2,1,landweber,FALSE,
1|0|0|1|0|1|0|0|0|1|0|0|0|1|0|1|0,1,0,-0.70924167579409,0.000851658640968403,adjoint,2,1,landweber,FALSE,
0|0|0|0|0|1|0|0|0|0|0|1|0|1|0|1|0,1,0,-1.20853923377399,0.000495023672885394,adjoint,2,1,landweber,FALSE,
1|0|0|1|0|1|0|0|0|0|0|1|0|1|0|1|0,1,0,-0.486983206357892,0.000955309541694711,adjoint,2,1,landweber,FALSE,
0|0|0|0|0|1|0|0|0|1|0|1|0|1|0|1|0,1,0,-1.2395393602292,8.40632242587983e-05,adjoint,2,1,landweber,FALSE,
1|0|0|1|0|1|0|0|0|1|0|1|0|1|0|1|0,1,0,-0.517983332813097,0.000205627743679392,adjoint,2,1,landweber,FALSE,
0|0|0|0|0|1|0|1|0|0|0|0|0|1|0|1|0,1,0.682846801463348,-0.852486496114743,0.00312056230589087,adjoint,2,1,landweber,FALSE,
1|0|0|1|0|1|0|1|0|0|0|0|0|1|0|1|0,1,0.74963004235783,-0.130930468698644,0.00228172654808762,adjoint,2,1,landweber,FALSE,
0|0|0|0|0|1|0|1|0|1|0|0|0|1|0|1|0,1,0.383318642077374,-0.883486622569948,0.00048563503604098,adjoint,2,1,landweber,FALSE,
1|0|0|1|0|1|0|1|0|1|0|0|0|1|0|1|0,1,0.421604640727319,-0.161930595153849,0.000444731676907028,adjoint,2,1,landweber,FALSE,
0|0|0|0|0|1|0|1|0|0|0|1|0|1|0|1|0,1,1.12218853869537,-0.661228153133749,0.00191350259545927,adjoint,2,1,landweber,FALSE,
1|0|0|1|0|1|0|1|0|0|0|1|0|1|0|1|0,1,1.24652119699827,0.0603278742823493,0.0024606009391304,adjoint,2,1,landweber,FALSE,
0|0|0|0|0|1|0|1|0|1|0|1|0|1|0|1|0,1,0.791760908044091,-0.692228279588954,0.000403898916747719,adjoint,2,1,landweber,FALSE,
1|0|0|1|0|1|0|1|0|1|0|1|0|1|0|1|0,1,0.87727265809054,0.0293277478271447,0.000649597409635596,adjoint,2,1,landweber,FALSE,
0|0|0|0|0|1|0|2|0|0|0|0|0|1|0|1|0,1,1.01868772312837,-0.835914685988656,0.000638630283206209,adjoint,2,1,landweber,FALSE,
1|0|0|1|0|1|0|2|0|0|0|0|0|1|0|1|0,1,0.915600201335578,-0.114358658572557,0.00039097226023752,adjoint,2,1,landweber,FALSE,
0|0|0|0|0|1|0|2|0|1|0|0|0|1|0|1|0,1,0.571844217317341,-0.866914812443861,0.000125466975323014,adjoint,2,1,landweber,FALSE,
1|0|0|1|0|1|0|2|0|1|0|0|0|1|0|1|0,1,0.514949071037475,-0.145358785027762,9.87396433406007e-05,adjoint,2,1,landweber,FALSE,
0|0|0|0|0|1|0|2|0|0|0|1|0|1|0|1|0,1,1.67410857743571,-0.644656343007662,0.00236905843610438,adjoint,2,1,landweber,FALSE,
1|0|0|1|0|1|0|2|0|0|0|1|0|1|0|1|0,1,1.52250442811881,0.0768996844084365,0.00255066605419856,adjoint,2,1,landweber,FALSE,
0|0|0|0|0|1|0|2|0|1|0|1|0|1|0|1|0,1,1.18116847724705,-0.675656469462867,0.000631280207270472,adjoint,2,1,landweber,FALSE,
1|0|0|1|0|1|0|2|0|1|0|1|0|1|0|1|0,1,1.07150324425029,0.0458995579532319,0.000872504834351386,adjoint,2,1,landweber,FALSE,
0|0|0|0|0|1|0|3|0|0|0|0|0|1|0|1|0,1,1.81204251960597,-0.341956474188689,8.44205231155579e-05,adjoint,2,1,landweber,FALSE,
1|0|0|1|0|1|0|3|0|0|0|0|0|1|0|1|0,1,1.62867035511606,0.37959955322741,4.84016214111409e-05,adjoint,2,1,landweber,FALSE,
0|0|0|0|0|1|0|3|0|1|0|0|0|1|0|1|0,1,1.01719694155894,-0.372956600643894,2.27285041327267e-05,adjoint,2,1,landweber,FALSE,
1|0|0|1|0|1|0|3|0|1|0|0|0|1|0|1|0,1,0.915991810803352,0.348599426772205,1.69612406601566e-05,adjoint,2,1,landweber,FALSE,
0|0|0|0|0|1|0|3|0|0|0|1|0|1|0|1|0,1,2.9779056484892,-0.150698131207695,0.00189454258297782,adjoint,2,1,landweber,FALSE,
1|0|0|1|0|1|0|3|0|0|0|1|0|1|0|1|0,1,2.70823206896742,0.570857896208403,0.00191028266717933,adjoint,2,1,landweber,FALSE,
0|0|0|0|0|1|0|3|0|1|0|1|0|1|0|1|0,1,2.10106341226632,-0.1816982576629,0.000691820880480588,adjoint,2,1,landweber,FALSE,
1|0|0|1|0|1|0|3|0|1|0|1|0|1|0|1|0,1,1.90599080993596,0.539857769753199,0.000906700742873751,adjoint,2,1,landweber,FALSE,
0|0|0|0|0|1|0|0|1|0|0|0|0|1|0|1|0,1,0,-1.35096121407161,0.000694841258881426,adjoint,2,1,landweber,FALSE,
1|0|0|1|0|1|0|0|1|0|0|0|0|1|0|1|0,1,0,-0.629405186655508,0.000704819146265982,adjoint,2,1,landweber,FALSE,
0|0|0|0|0|1|0|0|1|1|0|0|0|1|0|1|0,1,0,-1.38196134052681,0.00318389933966378,adjoint,2,1,landweber,FALSE,
1|0|0|1|0|1|0|0|1|1|0|0|0|1|0|1|0,1,0,-0.660405313110713,0.00409927252811897,adjoint,2,1,landweber,FALSE,
0|0|0|0|0|1|0|0|1|0|0|1|0|1|0|1|0,1,0,-1.15970287109061,7.04290334731153e-05,adjoint,2,1,landweber,FALSE,
1|0|0|1|0|1|0|0|1|0|0|1|0|1|0|1|0,1,0,-0.438146843674515,0.000125639215393198,adjoint,2,1,landweber,FALSE,
0|0|0|0|0|1|0|0|1|1|0|1|0|1|0|1|0,1,0,-1.19070299754582,0.000437715512923259,adjoint,2,1,landweber,FALSE,
1|0|0|1|0|1|0|0|1|1|0|1|0|1|0|1|0,1,0,-0.469146970129719,0.000989744153509145,adjoint,2,1,landweber,FALSE,
0|0|0|0|0|1|0|1|1|0|0|0|0|1|0|1|0,1,0.682846801463348,-0.803650133431365,0.000345954357795489,adjoint,2,1,landweber,FALSE,
1|0|0|1|0|1|0|1|1|0|0|0|0|1|0|1|0,1,0.74963004235783,-0.0820941060152666,0.000234893920121051,adjoint,2,1,landweber,FALSE,
0|0|0|0|0|1|0|1|1|1|0|0|0|1|0|1|0,1,0.383318642077374,-0.83465025988657,0.00197040768850978,adjoint,2,1,landweber,FALSE,
1|0|0|1|0|1|0|1|1|1|0|0|0|1|0|1|0,1,0.421604640727319,-0.113094232470471,0.00167558467364733,adjoint,2,1,landweber,FALSE,
0|0|0|0|0|1|0|1|1|0|0|1|0|1|0|1|0,1,1.12218853869537,-0.612391790450372,0.000212136306428635,adjoint,2,1,landweber,FALSE,
1|0|0|1|0|1|0|1|1|0|0|1|0|1|0|1|0,1,1.24652119699827,0.109164236965727,0.000253308268219214,adjoint,2,1,landweber,FALSE,
0|0|0|0|0|1|0|1|1|1|0|1|0|1|0|1|0,1,0.791760908044091,-0.643391916905576,0.0016387728888517,adjoint,2,1,landweber,FALSE,
1|0|0|1|0|1|0|1|1|1|0|1|0|1|0|1|0,1,0.87727265809054,0.0781641105105223,0.00244744307668005,adjoint,2,1,landweber,FALSE,
0|0|0|0|0|1|0|2|1|0|0|0|0|1|0|1|0,1,1.01868772312837,-0.787078323305278,5.55771025183038e-05,adjoint,2,1,landweber,FALSE,
1|0|0|1|0|1|0|2|1|0|0|0|0|1|0|1|0,1,0.915600201335578,-0.0655222958891795,3.18977058801993e-05,adjoint,2,1,landweber,FALSE,
0|0|0|0|0|1|0|2|1|1|0|0|0|1|0|1|0,1,0.571844217317341,-0.818078449760483,0.000399609639729048,adjoint,2,1,landweber,FALSE,
1|0|0|1|0|1|0|2|1|1|0|0|0|1|0|1|0,1,0.514949071037475,-0.0965224223443842,0.000294825601496865,adjoint,2,1,landweber,FALSE,
0|0|0|0|0|1|0|2|1|0|0|1|0|1|0|1|0,1,1.67410857743571,-0.595819980324285,0.000206168431152695,adjoint,2,1,landweber,FALSE,
1|0|0|1|0|1|0|2|1|0|0|1|0|1|0|1|0,1,1.52250442811881,0.125736047091814,0.000208097616813036,adjoint,2,1,landweber,FALSE,
0|0|0|0|0|1|0|2|1|1|0|1|0|1|0|1|0,1,1.18116847724705,-0.626820106779489,0.0020106139926142,adjoint,2,1,landweber,FALSE,
1|0|0|1|0|1|0|2|1|1|0|1|0|1|0|1|0,1,1.07150324425029,0.0947359206366095,0.0026052024687717,adjoint,2,1,landweber,FALSE,
0|0|0|0|0|1|0|3|1|0|0|0|0|1|0|1|0,1,1.81204251960597,-0.293120111505311,5.85003921801114e-06,adjoint,2,1,landweber,FALSE,
1|0|0|1|0|1|0|3|1|0|0|0|0|1|0|1|0,1,1.62867035511606,0.428435915910787,3.18848642613798e-06,adjoint,2,1,landweber,FALSE,
0|0|0|0|0|1|0|3|1|1|0|0|0|1|0|1|0,1,1.01719694155894,-0.324120237960516,5.76423565178425e-05,adjoint,2,1,landweber,FALSE,
1|0|0|1|0|1|0|3|1|1|0|0|0|1|0|1|0,1,0.915991810803352,0.397435789455583,4.08923823897052e-05,adjoint,2,1,landweber,FALSE,
0|0|0|0|0|1|0|3|1|0|0|1|0|1|0|1|0,1,2.9779056484892,-0.101861768524318,0.000131285000395476,adjoint,2,1,landweber,FALSE,
1|0|0|1|0|1|0|3|1|0|0|1|0|1|0|1|0,1,2.70823206896742,0.619694258891781,0.000125841039552158,adjoint,2,1,landweber,FALSE,
0|0|0|0|0|1|0|3|1|1|0|1|0|1|0|1|0,1,2.10106341226632,-0.132861894979523,0.00175454511244008,adjoint,2,1,landweber,FALSE,
1|0|0|1|0|1|0|3|1|1|0|1|0|1|0|1|0,1,1.90599080993596,0.588694132436576,0.0021859930080304,adjoint,2,1,landweber,FALSE,
0|0|0|0|0|1|0|0|0|0|0|0|0|1|0|2|0,1,0,-0.1559481330242,0.00380352449671843,adjoint,2,1,landweber,FALSE,
1|0|0|1|0|1|0|0|0|0|0|0|0|1|0|2|0,1,0,0.565607894391899,0.00461267037531881,adjoint,2,1,landweber,FALSE,
0|0|0|0|0|1|0|0|0|1|0|0|0|1|0|2|0,1,0,-0.186948259479405,0.000526295021055867,adjoint,2,1,landweber,FALSE,
1|0|0|1|0|1|0|0|0|1|0|0|0|1|0|2|0,1,0,0.534607767936695,0.000810122758919434,adjoint,2,1,landweber,FALSE,
0|0|0|0|0|1|0|0|0|0|0|1|0|1|0|2|0,1,0,0.0353102099567936,0.000348837286411149,adjoint,2,1,landweber,FALSE,
1|0|0|1|0|1|0|0|0|0|0|1|0|1|0|2|0,1,0,0.756866237372893,0.000743995819147426,adjoint,2,1,landweber,FALSE,
0|0|0|0|0|1|0|0|0|1|0|1|0|1|0|2|0,1,0,0.00431008350158896,6.54685048802593e-05,adjoint,2,1,landweber,FALSE,
1|0|0|1|0|1|0|0|0|1|0|1|0|1|0|2|0,1,0,0.725866110917688,0.00017698543915914,adjoint,2,1,landweber,FALSE,
0|0|0|0|0|1|0|1|0|0|0|0|0|1|0|2|0,1,1.61930932333639,0.391362947616042,0.00243029636745092,adjoint,2,1,landweber,FALSE,
1|0|0|1|0|1|0|1|0|0|0|0|0|1|0|2|0,1,1.79964064314873,1.11291897503214,0.00196390023995983,adjoint,2,1,landweber,FALSE,
0|0|0|0|0|1|0|1|0|1|0|0|0|1|0|2|0,1,1.45553714733445,0.360362821160837,0.000417989949151942,adjoint,2,1,landweber,FALSE,
1|0|0|1|0|1|0|1|0|1|0|0|0|1|0|2|0,1,1.59162073083693,1.08191884857694,0.000423041857081509,adjoint,2,1,landweber,FALSE,
0|0|0|0|0|1|0|1|0|0|0|1|0|1|0|2|0,1,1.71454130603506,0.582621290597036,0.00134842248866599,adjoint,2,1,landweber,FALSE,
1|0|0|1|0|1|0|1|0|0|0|1|0|1|0|2|0,1,1.95665764835312,1.30417731801313,0.00191631793822099,adjoint,2,1,landweber,FALSE,
0|0|0|0|0|1|0|1|0|1|0|1|0|1|0|2|0,1,1.57005885650516,0.551621164141831,0.000314556792644816,adjoint,2,1,landweber,FALSE,
1|0|0|1|0|1|0|1|0|1|0|1|0|1|0|2|0,1,1.76277851380977,1.27317719155793,0.000559113671938413,adjoint,2,1,landweber,FALSE,
0|0|0|0|0|1|0|2|0|0|0|0|0|1|0|2|0,1,2.415725641674,0.407934757742129,0.000497365764654109,adjoint,2,1,landweber,FALSE,
1|0|0|1|0|1|0|2|0|0|0|0|0|1|0|2|0,1,2.198086045239,1.12949078515823,0.000336512942947367,adjoint,2,1,landweber,FALSE,
0|0|0|0|0|1|0|2|0|1|0|0|0|1|0|2|0,1,2.17140626472785,0.376934631286924,0.000107990426438444,adjoint,2,1,landweber,FALSE,
1|0|0|1|0|1|0|2|0|1|0|0|0|1|0|2|0,1,1.94400995058913,1.09849065870302,9.39240541102854e-05,adjoint,2,1,landweber,FALSE,
0|0|0|0|0|1|0|2|0|0|0|1|0|1|0|2|0,1,2.55779506546923,0.599193100723123,0.0016694472637704,adjoint,2,1,landweber,FALSE,
1|0|0|1|0|1|0|2|0|0|0|1|0|1|0|2|0,1,2.38986704847369,1.32074912813922,0.00198646072036349,adjoint,2,1,landweber,FALSE,
0|0|0|0|0|1|0|2|0|1|0|1|0|1|0|2|0,1,2.34225257888481,0.568192974267918,0.000491641519759723,adjoint,2,1,landweber,FALSE,
1|0|0|1|0|1|0|2|0|1|0|1|0|1|0|2|0,1,2.15306253879273,1.28974900168402,0.000750971870395662,adjoint,2,1,landweber,FALSE,
0|0|0|0|0|1|0|3|0|0|0|0|0|1|0|2|0,1,4.29709466309539,0.901892969542096,6.57467695096942e-05,adjoint,2,1,landweber,FALSE,
1|0|0|1|0|1|0|3|0|0|0|0|0|1|0|2|0,1,3.90995717852947,1.6234489969582,4.16596616204748e-05,adjoint,2,1,landweber,FALSE,
0|0|0|0|0|1|0|3|0|1|0|0|0|1|0|2|0,1,3.86249916406405,0.870892843086891,1.95626047992478e-05,adjoint,2,1,landweber,FALSE,
1|0|0|1|0|1|0|3|0|1|0|0|0|1|0|2|0,1,3.45800642240656,1.59244887050299,1.61340311919789e-05,adjoint,2,1,landweber,FALSE,
0|0|0|0|0|1|0|3|0|0|0|1|0|1|0|2|0,1,4.54980786539284,1.09315131252309,0.00133506159368939,adjoint,2,1,landweber,FALSE,
1|0|0|1|0|1|0|3|0|0|0|1|0|1|0|2|0,1,4.25109737726155,1.81470733993919,0.00148772963708699,adjoint,2,1,landweber,FALSE,
0|0|0|0|0|1|0|3|0|1|0|1|0|1|0|2|0,1,4.16640072147132,1.06215118606789,0.000538790643463431,adjoint,2,1,landweber,FALSE,
1|0|0|1|0|1|0|3|0|1|0|1|0|1|0|2|0,1,3.82986933000622,1.78370721348398,0.000780404561621963,adjoint,2,1,landweber,FALSE,
0|0|0|0|0|1|0|0|1|0|0|0|0|1|0|2|0,1,0,-0.107111770340822,0.000541142916527176,adjoint,2,1,landweber,FALSE,
1|0|0|1|0|1|0|0|1|0|0|0|0|1|0|2|0,1,0,0.614444257075277,0.00060664346112823,adjoint,2,1,landweber,FALSE,
0|0|0|0|0|1|0|0|1|1|0|0|0|1|0|2|0,1,0,-0.138111896796027,0.00274040755778309,adjoint,2,1,landweber,FALSE,
1|0|0|1|0|1|0|0|1|1|0|0|0|1|0|2|0,1,0,0.583444130620072,0.00389934864779419,adjoint,2,1,landweber,FALSE,
0|0|0|0|0|1|0|0|1|0|0|1|0|1|0|2|0,1,0,0.0841465726401713,4.9630501058905e-05,adjoint,2,1,landweber,FALSE,
1|0|0|1|0|1|0|0|1|0|0|1|0|1|0|2|0,1,0,0.80570260005627,9.78479193326993e-05,adjoint,2,1,landweber,FALSE,
0|0|0|0|0|1|0|0|1|1|0|1|0|1|0|2|0,1,0,0.0531464461849666,0.000340893184227136,adjoint,2,1,landweber,FALSE,
1|0|0|1|0|1|0|0|1|1|0|1|0|1|0|2|0,1,0,0.774702473601066,0.000851880687545388,adjoint,2,1,landweber,FALSE,
0|0|0|0|0|1|0|1|1|0|0|0|0|1|0|2|0,1,1.61930932333639,0.44019931029942,0.000269429524758092,adjoint,2,1,landweber,FALSE,
1|0|0|1|0|1|0|1|1|0|0|0|0|1|0|2|0,1,1.79964064314873,1.16175533771552,0.000202175070661939,adjoint,2,1,landweber,FALSE,
0|0|0|0|0|1|0|1|1|1|0|0|0|1|0|2|0,1,1.45553714733445,0.409199183844215,0.00169594561430963,adjoint,2,1,landweber,FALSE,
1|0|0|1|0|1|0|1|1|1|0|0|0|1|0|2|0,1,1.59162073083693,1.13075521126031,0.00159386544481577,adjoint,2,1,landweber,FALSE,
0|0|0|0|0|1|0|1|1|0|0|1|0|1|0|2|0,1,1.71454130603506,0.631457653280413,0.000149489928537179,adjoint,2,1,landweber,FALSE,
1|0|0|1|0|1|0|1|1|0|0|1|0|1|0|2|0,1,1.95665764835312,1.35301368069651,0.000197276677647585,adjoint,2,1,landweber,FALSE,
0|0|0|0|0|1|0|1|1|1|0|1|0|1|0|2|0,1,1.57005885650516,0.600457526825209,0.00127627760911389,adjoint,2,1,landweber,FALSE,
1|0|0|1|0|1|0|1|1|1|0|1|0|1|0|2|0,1,1.76277851380977,1.32201355424131,0.0021065337779448,adjoint,2,1,landweber,FALSE,
0|0|0|0|0|1|0|2|1|0|0|0|0|1|0|2|0,1,2.415725641674,0.456771120425507,4.32834909620947e-05,adjoint,2,1,landweber,FALSE,
1|0|0|1|0|1|0|2|1|0|0|0|0|1|0|2|0,1,2.198086045239,1.17832714784161,2.7454609880748e-05,adjoint,2,1,landweber,FALSE,
0|0|0|0|0|1|0|2|1|1|0|0|0|1|0|2|0,1,2.17140626472785,0.425770993970302,0.000343947204371135,adjoint,2,1,landweber,FALSE,
1|0|0|1|0|1|0|2|1|1|0|0|0|1|0|2|0,1,1.94400995058913,1.1473270213864,0.00028044678723994,adjoint,2,1,landweber,FALSE,
0|0|0|0|0|1|0|2|1|0|0|1|0|1|0|2|0,1,2.55779506546923,0.6480294634065,0.000145284437909297,adjoint,2,1,landweber,FALSE,
1|0|0|1|0|1|0|2|1|0|0|1|0|1|0|2|0,1,2.38986704847369,1.3695854908226,0.000162066586929286,adjoint,2,1,landweber,FALSE,
0|0|0|0|0|1|0|2|1|1|0|1|0|1|0|2|0,1,2.34225257888481,0.617029336951296,0.00156586775190226,adjoint,2,1,landweber,FALSE,
1|0|0|1|0|1|0|2|1|1|0|1|0|1|0|2|0,1,2.15306253879273,1.33858536436739,0.00224231854507406,adjoint,2,1,landweber,FALSE,
0|0|0|0|0|1|0|3|1|0|0|0|0|1|0|2|0,1,4.29709466309539,0.950729332225474,4.5560151239855e-06,adjoint,2,1,landweber,FALSE,
1|0|0|1|0|1|0|3|1|0|0|0|0|1|0|2|0,1,3.90995717852947,1.67228535964157,2.74435569969999e-06,adjoint,2,1,landweber,FALSE,
0|0|0|0|0|1|0|3|1|1|0|0|0|1|0|2|0,1,3.86249916406405,0.919729205770269,4.9613236034844e-05,adjoint,2,1,landweber,FALSE,
1|0|0|1|0|1|0|3|1|1|0|0|0|1|0|2|0,1,3.45800642240655,1.64128523318637,3.88980373670224e-05,adjoint,2,1,landweber,FALSE,
0|0|0|0|0|1|0|3|1|0|0|1|0|1|0|2|0,1,4.54980786539284,1.14198767520647,9.25149761374087e-05,adjoint,2,1,landweber,FALSE,
1|0|0|1|0|1|0|3|1|0|0|1|0|1|0|2|0,1,4.25109737726154,1.86354370262257,9.800510014574e-05,adjoint,2,1,landweber,FALSE,
0|0|0|0|0|1|0|3|1|1|0|1|0|1|0|2|0,1,4.16640072147132,1.11098754875126,0.00136644110750244,adjoint,2,1,landweber,FALSE,
1|0|0|1|0|1|0|3|1|1|0|1|0|1|0|2|0,1,3.82986933000622,1.83254357616736,0.00188150161842117,adjoint,2,1,landweber,FALSE,
0|0|0|0|0|1|0|0|0|0|0|0|0|1|0|3|0,1,0,2.5201256181381,0.00296218785647559,adjoint,2,1,landweber,FALSE,
1|0|0|1|0|1|0|0|0|0|0|0|0|1|0|3|0,1,0,3.2416816455542,0.00397016218465647,adjoint,2,1,landweber,FALSE,
0|0|0|0|0|1|0|0|0|1|0|0|0|1|0|3|0,1,0,2.4891254916829,0.000452986322575578,adjoint,2,1,landweber,FALSE,
1|0|0|1|0|1|0|0|0|1|0|0|0|1|0|3|0,1,0,3.210681519099,0.000770612605741864,adjoint,2,1,landweber,FALSE,
0|0|0|0|0|1|0|0|0|0|0|1|0|1|0|3|0,1,0,2.7113839611191,0.000245821480983732,adjoint,2,1,landweber,FALSE,
1|0|0|1|0|1|0|0|0|0|0|1|0|1|0|3|0,1,0,3.4329399885352,0.000579424526553867,adjoint,2,1,landweber,FALSE,
0|0|0|0|0|1|0|0|0|1|0|1|0|1|0|3|0,1,0,2.68038383466389,5.098692286726e-05,adjoint,2,1,landweber,FALSE,
1|0|0|1|0|1|0|0|0|1|0|1|0|1|0|3|0,1,0,3.40193986207999,0.000152332779195364,adjoint,2,1,landweber,FALSE,
0|0|0|0|0|1|0|1|0|0|0|0|0|1|0|3|0,1,1.54477491976393,3.06743669877835,0.00189271671406637,adjoint,2,1,landweber,FALSE,
1|0|0|1|0|1|0|1|0|0|0|0|0|1|0|3|0,1,1.91228614516847,3.78899272619444,0.00169034460143651,adjoint,2,1,landweber,FALSE,
0|0|0|0|0|1|0|1|0|1|0|0|0|1|0|3|0,1,1.57848090994668,3.03643657232314,0.000359767283300581,adjoint,2,1,landweber,FALSE,
1|0|0|1|0|1|0|1|0|1|0|0|0|1|0|3|0,1,1.93470945814506,3.75799259973924,0.000402409862251357,adjoint,2,1,landweber,FALSE,
0|0|0|0|0|1|0|1|0|0|0|1|0|1|0|3|0,1,1.36759793628731,3.25869504175934,0.000950217267671792,adjoint,2,1,landweber,FALSE,
1|0|0|1|0|1|0|1|0|0|0|1|0|1|0|3|0,1,1.72752148820504,3.98025106917544,0.00149242991090029,adjoint,2,1,landweber,FALSE,
0|0|0|0|0|1|0|1|0|1|0|1|0|1|0|3|0,1,1.40250402431465,3.22769491530413,0.000244977076432212,adjoint,2,1,landweber,FALSE,
1|0|0|1|0|1|0|1|0|1|0|1|0|1|0|3|0,1,1.74905440548635,3.94925094272023,0.000481233597165695,adjoint,2,1,landweber,FALSE,
0|0|0|0|0|1|0|2|0|0|0|0|0|1|0|3|0,1,2.30453337760063,3.08400850890443,0.000387348846985528,adjoint,2,1,landweber,FALSE,
1|0|0|1|0|1|0|2|0|0|0|0|0|1|0|3|0,1,2.33567157210025,3.80556453632053,0.000289639374165069,adjoint,2,1,landweber,FALSE,
0|0|0|0|0|1|0|2|0|1|0|0|0|1|0|3|0,1,2.35481680621372,3.05300838244923,9.29482214131121e-05,adjoint,2,1,landweber,FALSE,
1|0|0|1|0|1|0|2|0|1|0|0|0|1|0|3|0,1,2.36305946841695,3.77456440986533,8.93433239381007e-05,adjoint,2,1,landweber,FALSE,
0|0|0|0|0|1|0|2|0|0|0|1|0|1|0|3|0,1,2.04021637779664,3.27526685188543,0.00117643960319249,adjoint,2,1,landweber,FALSE,
1|0|0|1|0|1|0|2|0|0|0|1|0|1|0|3|0,1,2.1099995104746,3.99682287930153,0.00154705716455967,adjoint,2,1,landweber,FALSE,
0|0|0|0|0|1|0|2|0|1|0|1|0|1|0|3|0,1,2.09229014201387,3.24426672543022,0.000382890800579288,adjoint,2,1,landweber,FALSE,
1|0|0|1|0|1|0|2|0|1|0|1|0|1|0|3|0,1,2.13629987503322,3.96582275284632,0.000646367478920391,adjoint,2,1,landweber,FALSE,
0|0|0|0|0|1|0|3|0|0|0|0|0|1|0|3|0,1,4.0993057766902,3.5779667207044,5.1203635578565e-05,adjoint,2,1,landweber,FALSE,
1|0|0|1|0|1|0|3|0|0|0|0|0|1|0|3|0,1,4.15469442144954,4.2995227481205,3.58568030519115e-05,adjoint,2,1,landweber,FALSE,
0|0|0|0|0|1|0|3|0|1|0|0|0|1|0|3|0,1,4.18874997888267,3.54696659424919,1.68376899903637e-05,adjoint,2,1,landweber,FALSE,
1|0|0|1|0|1|0|3|0|1|0|0|0|1|0|3|0,1,4.20341203286436,4.26852262166529,1.53471652056226e-05,adjoint,2,1,landweber,FALSE,
0|0|0|0|0|1|0|3|0|0|0|1|0|1|0|3|0,1,3.62913849045977,3.76922506368539,0.0009408020041138,adjoint,2,1,landweber,FALSE,
1|0|0|1|0|1|0|3|0|0|0|1|0|1|0|3|0,1,3.7532687815125,4.49078109110149,0.00115864500636189,adjoint,2,1,landweber,FALSE,
0|0|0|0|0|1|0|3|0|1|0|1|0|1|0|3|0,1,3.72176734302686,3.73822493723019,0.000419610575040866,adjoint,2,1,landweber,FALSE,
1|0|0|1|0|1|0|3|0|1|0|1|0|1|0|3|0,1,3.80005189058444,4.45978096464629,0.000671700431026524,adjoint,2,1,landweber,FALSE,
0|0|0|0|0|1|0|0|1|0|0|0|0|1|0|3|0,1,0,2.56896198082148,0.000421442527144908,adjoint,2,1,landweber,FALSE,
1|0|0|1|0|1|0|0|1|0|0|0|0|1|0|3|0,1,0,3.29051800823758,0.000522142865839172,adjoint,2,1,landweber,FALSE,
0|0|0|0|0|1|0|0|1|1|0|0|0|1|0|3|0,1,0,2.53796185436628,0.00235869064363942,adjoint,2,1,landweber,FALSE,
1|0|0|1|0|1|0|0|1|1|0|0|0|1|0|3|0,1,0,3.25951788178238,0.00370917517016891,adjoint,2,1,landweber,FALSE,
0|0|0|0|0|1|0|0|1|0|0|1|0|1|0|3|0,1,0,2.76022032380247,3.49740229829823e-05,adjoint,2,1,landweber,FALSE,
1|0|0|1|0|1|0|0|1|0|0|1|0|1|0|3|0,1,0,3.48177635121857,7.62040361982139e-05,adjoint,2,1,landweber,FALSE,
0|0|0|0|0|1|0|0|1|1|0|1|0|1|0|3|0,1,0,2.72922019734727,0.000265487878819798,adjoint,2,1,landweber,FALSE,
1|0|0|1|0|1|0|0|1|1|0|1|0|1|0|3|0,1,0,3.45077622476337,0.000733220502732778,adjoint,2,1,landweber,FALSE,
0|0|0|0|0|1|0|1|1|0|0|0|0|1|0|3|0,1,1.54477491976393,3.11627306146172,0.000209831924864159,adjoint,2,1,landweber,FALSE,
1|0|0|1|0|1|0|1|1|0|0|0|0|1|0|3|0,1,1.91228614516847,3.83782908887782,0.000174013695953031,adjoint,2,1,landweber,FALSE,
0|0|0|0|0|1|0|1|1|1|0|0|0|1|0|3|0,1,1.57848090994668,3.08527293500652,0.00145971391781939,adjoint,2,1,landweber,FALSE,
1|0|0|1|0|1|0|1|1|1|0|0|0|1|0|3|0,1,1.93470945814506,3.80682896242262,0.00151613170980368,adjoint,2,1,landweber,FALSE,
0|0|0|0|0|1|0|1|1|0|0|1|0|1|0|3|0,1,1.36759793628731,3.30753140444272,0.000105343772173051,adjoint,2,1,landweber,FALSE,
1|0|0|1|0|1|0|1|1|0|0|1|0|1|0|3|0,1,1.72752148820504,4.02908743185882,0.000153639231033664,adjoint,2,1,landweber,FALSE,
0|0|0|0|0|1|0|1|1|1|0|1|0|1|0|3|0,1,1.40250402431465,3.27653127798751,0.000993966001394401,adjoint,2,1,landweber,FALSE,
1|0|0|1|0|1|0|1|1|1|0|1|0|1|0|3|0,1,1.74905440548635,3.99808730540361,0.0018131104252859,adjoint,2,1,landweber,FALSE,
0|0|0|0|0|1|0|2|1|0|0|0|0|1|0|3|0,1,2.30453337760063,3.13284487158781,3.37092166553435e-05,adjoint,2,1,landweber,FALSE,
1|0|0|1|0|1|0|2|1|0|0|0|0|1|0|3|0,1,2.33567157210025,3.85440089900391,2.3630401713998e-05,adjoint,2,1,landweber,FALSE,
0|0|0|0|0|1|0|2|1|1|0|0|0|1|0|3|0,1,2.35481680621372,3.10184474513261,0.000296038102271336,adjoint,2,1,landweber,FALSE,
1|0|0|1|0|1|0|2|1|1|0|0|0|1|0|3|0,1,2.36305946841695,3.8234007725487,0.000266769236029322,adjoint,2,1,landweber,FALSE,
0|0|0|0|0|1|0|2|1|0|0|1|0|1|0|3|0,1,2.04021637779664,3.3241032145688,0.000102380213016159,adjoint,2,1,landweber,FALSE,
1|0|0|1|0|1|0|2|1|0|0|1|0|1|0|3|0,1,2.1099995104746,4.0456592419849,0.000126217584810238,adjoint,2,1,landweber,FALSE,
0|0|0|0|0|1|0|2|1|1|0|1|0|1|0|3|0,1,2.09229014201387,3.2931030881136,0.00121949903136774,adjoint,2,1,landweber,FALSE,
1|0|0|1|0|1|0|2|1|1|0|1|0|1|0|3|0,1,2.13629987503322,4.0146591155297,0.00192998145743107,adjoint,2,1,landweber,FALSE,
0|0|0|0|0|1|0|3|1|0|0|0|0|1|0|3|0,1,4.0993057766902,3.62680308338778,3.54822814624507e-06,adjoint,2,1,landweber,FALSE,
1|0|0|1|0|1|0|3|1|0|0|0|0|1|0|3|0,1,4.15469442144954,4.34835911080388,2.36208884087935e-06,adjoint,2,1,landweber,FALSE,
0|0|0|0|0|1|0|3|1|1|0|0|0|1|0|3|0,1,4.18874997888267,3.59580295693257,4.27025079914493e-05,adjoint,2,1,landweber,FALSE,
1|0|0|1|0|1|0|3|1|1|0|0|0|1|0|3|0,1,4.20341203286436,4.31735898434867,3.700095769884e-05,adjoint,2,1,landweber,FALSE,
0|0|0|0|0|1|0|3|1|0|0|1|0|1|0|3|0,1,3.62913849045977,3.81806142636877,6.51942018046429e-05,adjoint,2,1,landweber,FALSE,
1|0|0|1|0|1|0|3|1|0|0|1|0|1|0|3|0,1,3.7532687815125,4.53961745378487,7.63264487384938e-05,adjoint,2,1,landweber,FALSE,
0|0|0|0|0|1|0|3|1|1|0|1|0|1|0|3|0,1,3.72176734302686,3.78706129991357,0.00106418540454386,adjoint,2,1,landweber,FALSE,
1|0|0|1|0|1|0|3|1|1|0|1|0|1|0|3|0,1,3.80005189058444,4.50861732732967,0.00161942345063176,adjoint,2,1,landweber,FALSE,
0|0|0|0|0|1|0|0|0|0|0|0|0|1|0|0|1,1,0,-1.40791987611762,0.00361802441808784,adjoint,2,1,landweber,FALSE,
1|0|0|1|0|1|0|0|0|0|0|0|0|1|0|0|1,1,0,-0.686363848701521,0.00325049387528552,adjoint,2,1,landweber,FALSE,
0|0|0|0|0|1|0|0|0|1|0|0|0|1|0|0|1,1,0,-1.43892000257282,0.000335580521483595,adjoint,2,1,landweber,FALSE,
1|0|0|1|0|1|0|0|0|1|0|0|0|1|0|0|1,1,0,-0.717363975156726,0.000382674894927813,adjoint,2,1,landweber,FALSE,
0|0|0|0|0|1|0|0|0|0|0|1|0|1|0|0|1,1,0,-1.21666153313663,0.000604623279416797,adjoint,2,1,landweber,FALSE,
1|0|0|1|0|1|0|0|0|0|0|1|0|1|0|0|1,1,0,-0.495105505720528,0.000955309541694711,adjoint,2,1,landweber,FALSE,
0|0|0|0|0|1|0|0|0|1|0|1|0|1|0|0|1,1,0,-1.24766165959183,7.6063550790109e-05,adjoint,2,1,landweber,FALSE,
1|0|0|1|0|1|0|0|0|1|0|1|0|1|0|0|1,1,0,-0.526105632175732,0.000152332779195364,adjoint,2,1,landweber,FALSE,
0|0|0|0|0|1|0|1|0|0|0|0|0|1|0|0|1,1,-0.770083206102352,-0.860608795477378,0.00231176941497651,adjoint,2,1,landweber,FALSE,
1|0|0|1|0|1|0|1|0|0|0|0|0|1|0|0|1,1,-0.826957025638408,-0.13905276806128,0.00138393710849542,adjoint,2,1,landweber,FALSE,
0|0|0|0|0|1|0|1|0|1|0|0|0|1|0|0|1,1,-0.755828847931774,-0.891608921932583,0.000266522158674232,adjoint,2,1,landweber,FALSE,
1|0|0|1|0|1|0|1|0|1|0|0|0|1|0|0|1,1,-0.827319744552918,-0.170052894516484,0.00019983082369475,adjoint,2,1,landweber,FALSE,
0|0|0|0|0|1|0|1|0|0|0|1|0|1|0|0|1,1,-0.734080947483544,-0.669350452496385,0.0023371573478406,adjoint,2,1,landweber,FALSE,
1|0|0|1|0|1|0|1|0|0|0|1|0|1|0|0|1,1,-0.774714046116868,0.052205574919714,0.0024606009391304,adjoint,2,1,landweber,FALSE,
0|0|0|0|0|1|0|1|0|1|0|1|0|1|0|0|1,1,-0.770900638738044,-0.70035057895159,0.000365462852977528,adjoint,2,1,landweber,FALSE,
1|0|0|1|0|1|0|1|0|1|0|1|0|1|0|0|1,1,-0.82239829508859,0.0212054484645093,0.000481233597165695,adjoint,2,1,landweber,FALSE,
0|0|0|0|0|1|0|2|0|0|0|0|0|1|0|0|1,1,-1.14882914610226,-0.844036985351291,0.000473108950078285,adjoint,2,1,landweber,FALSE,
1|0|0|1|0|1|0|2|0|0|0|0|0|1|0|0|1,1,-1.01004759199468,-0.122480957935192,0.000237136662931203,adjoint,2,1,landweber,FALSE,
0|0|0|0|0|1|0|2|0|1|0|0|0|1|0|0|1,1,-1.12756414253437,-0.875037111806496,6.8857736002792e-05,adjoint,2,1,landweber,FALSE,
1|0|0|1|0|1|0|2|0|1|0|0|0|1|0|0|1,1,-1.0104906178773,-0.153481084390397,4.43665816595361e-05,adjoint,2,1,landweber,FALSE,
0|0|0|0|0|1|0|2|0|0|0|1|0|1|0|0|1,1,-1.09512008752385,-0.652778642370298,0.0028935745081005,adjoint,2,1,landweber,FALSE,
1|0|0|1|0|1|0|2|0|0|0|1|0|1|0|0|1,1,-0.946237872712568,0.0687773850458012,0.00255066605419856,adjoint,2,1,landweber,FALSE,
0|0|0|0|0|1|0|2|0|1|0|1|0|1|0|0|1,1,-1.15004861229684,-0.683778768825503,0.00057120595280382,adjoint,2,1,landweber,FALSE,
1|0|0|1|0|1|0|2|0|1|0|1|0|1|0|0|1,1,-1.00447954592743,0.0377772585905965,0.000646367478920391,adjoint,2,1,landweber,FALSE,
0|0|0|0|0|1|0|3|0|0|0|0|0|1|0|0|1,1,-2.04353818470196,-0.350078773551324,6.25402617234875e-05,adjoint,2,1,landweber,FALSE,
1|0|0|1|0|1|0|3|0|0|0|0|0|1|0|0|1,1,-1.79667344757953,0.371477253864774,2.93570673656604e-05,adjoint,2,1,landweber,FALSE,
0|0|0|0|0|1|0|3|0|1|0|0|0|1|0|0|1,1,-2.00571197970337,-0.381078900006529,1.24736675390516e-05,adjoint,2,1,landweber,FALSE,
1|0|0|1|0|1|0|3|0|1|0|0|0|1|0|0|1,1,-1.79746150236645,0.34047712740957,7.62117669597106e-06,adjoint,2,1,landweber,FALSE,
0|0|0|0|0|1|0|3|0|0|0|1|0|1|0|0|1,1,-1.94800046924466,-0.158820430570331,0.002313999536301,adjoint,2,1,landweber,FALSE,
1|0|0|1|0|1|0|3|0|0|0|1|0|1|0|0|1,1,-1.68316866895294,0.562735596845768,0.00191028266717933,adjoint,2,1,landweber,FALSE,
0|0|0|0|0|1|0|3|0|1|0|1|0|1|0|0|1,1,-2.04570737212381,-0.189820557025536,0.000625985419237419,adjoint,2,1,landweber,FALSE,
1|0|0|1|0|1|0|3|0|1|0|1|0|1|0|0|1,1,-1.78676900287491,0.531735470390563,0.000671700431026524,adjoint,2,1,landweber,FALSE,
0|0|0|0|0|1|0|0|1|0|0|0|0|1|0|0|1,1,0,-1.35908351343424,0.000514751065060783,adjoint,2,1,landweber,FALSE,
1|0|0|1|0|1|0|0|1|0|0|0|0|1|0|0|1,1,0,-0.637527486018144,0.000427494421762801,adjoint,2,1,landweber,FALSE,
0|0|0|0|0|1|0|0|1|1|0|0|0|1|0|0|1,1,0,-1.39008363988945,0.00174736100575957,adjoint,2,1,landweber,FALSE,
1|0|0|1|0|1|0|0|1|1|0|0|0|1|0|0|1,1,0,-0.668527612473348,0.00184192187869388,adjoint,2,1,landweber,FALSE,
0|0|0|0|0|1|0|0|1|0|0|1|0|1|0|0|1,1,0,-1.16782517045325,8.6022215738618e-05,adjoint,2,1,landweber,FALSE,
1|0|0|1|0|1|0|0|1|0|0|1|0|1|0|0|1,1,0,-0.44626914303715,0.000125639215393198,adjoint,2,1,landweber,FALSE,
0|0|0|0|0|1|0|0|1|1|0|1|0|1|0|0|1,1,0,-1.19882529690845,0.000396061374547767,adjoint,2,1,landweber,FALSE,
1|0|0|1|0|1|0|0|1|1|0|1|0|1|0|0|1,1,0,-0.477269269492355,0.000733220502732778,adjoint,2,1,landweber,FALSE,
0|0|0|0|0|1|0|1|1|0|0|0|0|1|0|0|1,1,-0.770083206102352,-0.811772432794001,0.000256289291779141,adjoint,2,1,landweber,FALSE,
1|0|0|1|0|1|0|1|1|0|0|0|0|1|0|0|1,1,-0.826957025638408,-0.0902164053779019,0.000142470364333508,adjoint,2,1,landweber,FALSE,
0|0|0|0|0|1|0|1|1|1|0|0|0|1|0|0|1,1,-0.755828847931774,-0.842772559249205,0.0010813826673033,adjoint,2,1,landweber,FALSE,
1|0|0|1|0|1|0|1|1|1|0|0|0|1|0|0|1,1,-0.827319744552918,-0.121216531833107,0.000752888725700648,adjoint,2,1,landweber,FALSE,
0|0|0|0|0|1|0|1|1|0|0|1|0|1|0|0|1,1,-0.734080947483544,-0.620514089813007,0.000259103869777846,adjoint,2,1,landweber,FALSE,
1|0|0|1|0|1|0|1|1|0|0|1|0|1|0|0|1,1,-0.774714046116868,0.101041937603092,0.000253308268219214,adjoint,2,1,landweber,FALSE,
0|0|0|0|0|1|0|1|1|1|0|1|0|1|0|0|1,1,-0.770900638738044,-0.651514216268212,0.0014828230294959,adjoint,2,1,landweber,FALSE,
1|0|0|1|0|1|0|1|1|1|0|1|0|1|0|0|1,1,-0.82239829508859,0.070041811147887,0.0018131104252859,adjoint,2,1,landweber,FALSE,
0|0|0|0|0|1|0|2|1|0|0|0|0|1|0|0|1,1,-1.14882914610226,-0.795200622667914,4.11725301982552e-05,adjoint,2,1,landweber,FALSE,
1|0|0|1|0|1|0|2|1|0|0|0|0|1|0|0|1,1,-1.01004759199468,-0.0736445952518148,1.93469365908368e-05,adjoint,2,1,landweber,FALSE,
0|0|0|0|0|1|0|2|1|1|0|0|0|1|0|0|1,1,-1.12756414253437,-0.826200749123118,0.000219310420178643,adjoint,2,1,landweber,FALSE,
1|0|0|1|0|1|0|2|1|1|0|0|0|1|0|0|1,1,-1.0104906178773,-0.104644721707019,0.000132473682115823,adjoint,2,1,landweber,FALSE,
0|0|0|0|0|1|0|2|1|0|0|1|0|1|0|0|1,1,-1.09512008752385,-0.60394227968692,0.000251814690455457,adjoint,2,1,landweber,FALSE,
1|0|0|1|0|1|0|2|1|0|0|1|0|1|0|0|1,1,-0.946237872712568,0.117613747729179,0.000208097616813036,adjoint,2,1,landweber,FALSE,
0|0|0|0|0|1|0|2|1|1|0|1|0|1|0|0|1,1,-1.15004861229684,-0.634942406142125,0.00181927877374401,adjoint,2,1,landweber,FALSE,
1|0|0|1|0|1|0|2|1|1|0|1|0|1|0|0|1,1,-1.00447954592743,0.0866136212739742,0.00192998145743107,adjoint,2,1,landweber,FALSE,
0|0|0|0|0|1|0|3|1|0|0|0|0|1|0|0|1,1,-2.04353818470196,-0.301242410867947,4.33381564440528e-06,adjoint,2,1,landweber,FALSE,
1|0|0|1|0|1|0|3|1|0|0|0|0|1|0|0|1,1,-1.79667344757953,0.420313616548152,1.93391477553025e-06,adjoint,2,1,landweber,FALSE,
0|0|0|0|0|1|0|3|1|1|0|0|0|1|0|0|1,1,-2.00571197970337,-0.332242537323151,3.16347959888723e-05,adjoint,2,1,landweber,FALSE,
1|0|0|1|0|1|0|3|1|1|0|0|0|1|0|0|1,1,-1.79746150236645,0.389313490092947,1.83741318194515e-05,adjoint,2,1,landweber,FALSE,
0|0|0|0|0|1|0|3|1|0|0|1|0|1|0|0|1,1,-1.94800046924466,-0.109984067886953,0.000160351861588094,adjoint,2,1,landweber,FALSE,
1|0|0|1|0|1|0|3|1|0|0|1|0|1|0|0|1,1,-1.68316866895294,0.611571959529146,0.000125841039552158,adjoint,2,1,landweber,FALSE,
0|0|0|0|0|1|0|3|1|1|0|1|0|1|0|0|1,1,-2.04570737212381,-0.140984194342158,0.00158757806936789,adjoint,2,1,landweber,FALSE,
1|0|0|1|0|1|0|3|1|1|0|1|0|1|0|0|1,1,-1.78676900287491,0.580571833073941,0.00161942345063175,adjoint,2,1,landweber,FALSE,
0|0|0|0|0|1|0|0|0|0|0|0|0|1|0|1|1,1,0,-1.52262181479833,0.00420354465996152,adjoint,2,1,landweber,FALSE,
1|0|0|1|0|1|0|0|0|0|0|0|0|1|0|1|1,1,0,-0.801065787382227,0.00377653509008527,adjoint,2,1,landweber,FALSE,
0|0|0|0|0|1|0|0|0|1|0|0|0|1|0|1|1,1,0,-1.55362194125353,0.000526295021055867,adjoint,2,1,landweber,FALSE,
1|0|0|1|0|1|0|0|0|1|0|0|0|1|0|1|1,1,0,-0.832065913837431,0.000600153700796459,adjoint,2,1,landweber,FALSE,
0|0|0|0|0|1|0|0|0|0|0|1|0|1|0|1|1,1,0,-1.33136347181733,0.000575135454119375,adjoint,2,1,landweber,FALSE,
1|0|0|1|0|1|0|0|0|0|0|1|0|1|0|1|1,1,0,-0.609807444401233,0.0009087185455663,adjoint,2,1,landweber,FALSE,
0|0|0|0|0|1|0|0|0|1|0|1|0|1|0|1|1,1,0,-1.36236359827254,9.76675324980188e-05,adjoint,2,1,landweber,FALSE,
1|0|0|1|0|1|0|0|0|1|0|1|0|1|0|1|1,1,0,-0.640807570856438,0.000195599160281529,adjoint,2,1,landweber,FALSE,
0|0|0|0|0|1|0|1|0|0|0|0|0|1|0|1|1,1,0.773836268694551,-0.975310734158084,0.00268589286761164,adjoint,2,1,landweber,FALSE,
1|0|0|1|0|1|0|1|0|0|0|0|0|1|0|1|1,1,0.865694068722909,-0.253754706741985,0.00160790552243234,adjoint,2,1,landweber,FALSE,
0|0|0|0|0|1|0|1|0|1|0|0|0|1|0|1|1,1,0.435488965815403,-1.00631086061329,0.000417989949151942,adjoint,2,1,landweber,FALSE,
1|0|0|1|0|1|0|1|0|1|0|0|0|1|0|1|1,1,0.489233428643141,-0.28475483319719,0.000313397115837013,adjoint,2,1,landweber,FALSE,
0|0|0|0|0|1|0|1|0|0|0|1|0|1|0|1|1,1,1.23390479172961,-0.784052391177091,0.00222317283895403,adjoint,2,1,landweber,FALSE,
1|0|0|1|0|1|0|1|0|0|0|1|0|1|0|1|1,1,1.37268271902219,-0.0624963637609918,0.00234059601525493,adjoint,2,1,landweber,FALSE,
0|0|0|0|0|1|0|1|0|1|0|1|0|1|0|1|1,1,0.871701600993315,-0.815052517632295,0.000469263592078361,adjoint,2,1,landweber,FALSE,
1|0|0|1|0|1|0|1|0|1|0|1|0|1|0|1|1,1,0.969063373570781,-0.0934964902161965,0.000617916170124823,adjoint,2,1,landweber,FALSE,
0|0|0|0|0|1|0|2|0|0|0|0|0|1|0|1|1,1,1.1544280575691,-0.958738924031997,0.000549674178742178,adjoint,2,1,landweber,FALSE,
1|0|0|1|0|1|0|2|0|0|0|0|0|1|0|1|1,1,1.05736112326106,-0.237182896615898,0.000275513495199786,adjoint,2,1,landweber,FALSE,
0|0|0|0|0|1|0|2|0|1|0|0|0|1|0|1|1,1,0.649673194753673,-0.989739050487202,0.000107990426438444,adjoint,2,1,landweber,FALSE,
1|0|0|1|0|1|0|2|0|1|0|0|0|1|0|1|1,1,0.597551059128889,-0.268183023071103,6.9580650645195e-05,adjoint,2,1,landweber,FALSE,
0|0|0|0|0|1|0|2|0|0|0|1|0|1|0|1|1,1,1.84076964284014,-0.767480581051004,0.00275245321409038,adjoint,2,1,landweber,FALSE,
1|0|0|1|0|1|0|2|0|0|0|1|0|1|0|1|1,1,1.67659845909251,-0.0459245536349046,0.00242626860282881,adjoint,2,1,landweber,FALSE,
0|0|0|0|0|1|0|2|0|1|0|1|0|1|0|1|1,1,1.30042597733526,-0.798480707506208,0.000733442961563443,adjoint,2,1,landweber,FALSE,
1|0|0|1|0|1|0|2|0|1|0|1|0|1|0|1|1,1,1.18361667731135,-0.0769246800901093,0.00082995227145416,adjoint,2,1,landweber,FALSE,
0|0|0|0|0|1|0|3|0|0|0|0|0|1|0|1|1,1,2.05349753280351,-0.46478071223203,7.26614176195367e-05,adjoint,2,1,landweber,FALSE,
1|0|0|1|0|1|0|3|0|0|0|0|0|1|0|1|1,1,1.88083479404604,0.256775315184069,3.41080461315053e-05,adjoint,2,1,landweber,FALSE,
0|0|0|0|0|1|0|3|0|1|0|0|0|1|0|1|1,1,1.15563918756834,-0.495780838687235,1.95626047992477e-05,adjoint,2,1,landweber,FALSE,
1|0|0|1|0|1|0|3|0|1|0|0|0|1|0|1|1,1,1.06292429190362,0.225775188728864,1.19523842800651e-05,adjoint,2,1,landweber,FALSE,
0|0|0|0|0|1|0|3|0|0|0|1|0|1|0|1|1,1,3.27436248213811,-0.273522369251037,0.00220114444721052,adjoint,2,1,landweber,FALSE,
1|0|0|1|0|1|0|3|0|0|0|1|0|1|0|1|1,1,2.98233465193007,0.448033658165062,0.00181711708213468,adjoint,2,1,landweber,FALSE,
0|0|0|0|0|1|0|3|0|1|0|1|0|1|0|1|1,1,2.31319874681036,-0.304522495706241,0.000803781188776778,adjoint,2,1,landweber,FALSE,
1|0|0|1|0|1|0|3|0|1|0|1|0|1|0|1|1,1,2.10541827245781,0.417033531709858,0.000862480425838168,adjoint,2,1,landweber,FALSE,
0|0|0|0|0|1|0|0|1|0|0|0|0|1|0|1|1,1,0,-1.47378545211495,0.000598055413868473,adjoint,2,1,landweber,FALSE,
1|0|0|1|0|1|0|0|1|0|0|0|0|1|0|1|1,1,0,-0.752229424698849,0.000496677657779349,adjoint,2,1,landweber,FALSE,
0|0|0|0|0|1|0|0|1|1|0|0|0|1|0|1|1,1,0,-1.50478557857015,0.00274040755778309,adjoint,2,1,landweber,FALSE,
1|0|0|1|0|1|0|0|1|1|0|0|0|1|0|1|1,1,0,-0.783229551154054,0.00288870852707656,adjoint,2,1,landweber,FALSE,
0|0|0|0|0|1|0|0|1|0|0|1|0|1|0|1|1,1,0,-1.28252710913395,8.18268627713218e-05,adjoint,2,1,landweber,FALSE,
1|0|0|1|0|1|0|0|1|0|0|1|0|1|0|1|1,1,0,-0.560971081717856,0.000119511718553193,adjoint,2,1,landweber,FALSE,
0|0|0|0|0|1|0|0|1|1|0|1|0|1|0|1|1,1,0,-1.31352723558916,0.000508552871487617,adjoint,2,1,landweber,FALSE,
1|0|0|1|0|1|0|0|1|1|0|1|0|1|0|1|1,1,0,-0.59197120817306,0.00094147376154545,adjoint,2,1,landweber,FALSE,
0|0|0|0|0|1|0|1|1|0|0|0|0|1|0|1|1,1,0.773836268694551,-0.926474371474706,0.000297765675233586,adjoint,2,1,landweber,FALSE,
1|0|0|1|0|1|0|1|1|0|0|0|0|1|0|1|1,1,0.865694068722909,-0.204918344058608,0.000165526947856643,adjoint,2,1,landweber,FALSE,
0|0|0|0|0|1|0|1|1|1|0|0|0|1|0|1|1,1,0.435488965815403,-0.957474497929911,0.00169594561430963,adjoint,2,1,landweber,FALSE,
1|0|0|1|0|1|0|1|1|1|0|0|0|1|0|1|1,1,0.489233428643141,-0.235918470513812,0.00118076456283449,adjoint,2,1,landweber,FALSE,
0|0|0|0|0|1|0|1|1|0|0|1|0|1|0|1|1,1,1.23390479172961,-0.735216028493713,0.000246467224934689,adjoint,2,1,landweber,FALSE,
1|0|0|1|0|1|0|1|1|0|0|1|0|1|0|1|1,1,1.37268271902219,-0.0136600010776142,0.000240954278199435,adjoint,2,1,landweber,FALSE,
0|0|0|0|0|1|0|1|1|1|0|1|0|1|0|1|1,1,0.871701600993315,-0.766216154948918,0.00190398245832266,adjoint,2,1,landweber,FALSE,
1|0|0|1|0|1|0|1|1|1|0|1|0|1|0|1|1,1,0.969063373570781,-0.0446601275328188,0.00232807986932862,adjoint,2,1,landweber,FALSE,
0|0|0|0|0|1|0|2|1|0|0|0|0|1|0|1|1,1,1.1544280575691,-0.909902561348619,4.78356554440972e-05,adjoint,2,1,landweber,FALSE,
1|0|0|1|0|1|0|2|1|0|0|0|0|1|0|1|1,1,1.05736112326106,-0.188346533932521,2.2477933423127e-05,adjoint,2,1,landweber,FALSE,
0|0|0|0|0|1|0|2|1|1|0|0|0|1|0|1|1,1,0.649673194753674,-0.940902687803824,0.000343947204371135,adjoint,2,1,landweber,FALSE,
1|0|0|1|0|1|0|2|1|1|0|0|0|1|0|1|1,1,0.597551059128889,-0.219346660387725,0.000207760089918997,adjoint,2,1,landweber,FALSE,
0|0|0|0|0|1|0|2|1|0|0|1|0|1|0|1|1,1,1.84076964284014,-0.718644218367626,0.000239533543082769,adjoint,2,1,landweber,FALSE,
1|0|0|1|0|1|0|2|1|0|0|1|0|1|0|1|1,1,1.67659845909251,0.00291180904847306,0.000197948576281035,adjoint,2,1,landweber,FALSE,
0|0|0|0|0|1|0|2|1|1|0|1|0|1|0|1|1,1,1.30042597733526,-0.749644344822831,0.00233600018552781,adjoint,2,1,landweber,FALSE,
1|0|0|1|0|1|0|2|1|1|0|1|0|1|0|1|1,1,1.18361667731135,-0.0280883174067316,0.00247814524507754,adjoint,2,1,landweber,FALSE,
0|0|0|0|0|1|0|3|1|0|0|0|0|1|0|1|1,1,2.05349753280351,-0.415944349548653,5.03517541734159e-06,adjoint,2,1,landweber,FALSE,
1|0|0|1|0|1|0|3|1|0|0|0|0|1|0|1|1,1,1.88083479404604,0.305611677867446,2.24688840872922e-06,adjoint,2,1,landweber,FALSE,
0|0|0|0|0|1|0|3|1|1|0|0|0|1|0|1|1,1,1.15563918756834,-0.446944476003857,4.96132360348439e-05,adjoint,2,1,landweber,FALSE,
1|0|0|1|0|1|0|3|1|1|0|0|0|1|0|1|1,1,1.06292429190361,0.274611551412242,2.88163748302485e-05,adjoint,2,1,landweber,FALSE,
0|0|0|0|0|1|0|3|1|0|0|1|0|1|0|1|1,1,3.27436248213811,-0.224686006567659,0.000152531409016061,adjoint,2,1,landweber,FALSE,
1|0|0|1|0|1|0|3|1|0|0|1|0|1|0|1|1,1,2.98233465193007,0.49687002084844,0.00011970369963177,adjoint,2,1,landweber,FALSE,
0|0|0|0|0|1|0|3|1|1|0|1|0|1|0|1|1,1,2.31319874681036,-0.255686133022864,0.00203849059204443,adjoint,2,1,landweber,FALSE,
1|0|0|1|0|1|0|3|1|1|0|1|0|1|0|1|1,1,2.10541827245781,0.465869894393235,0.00207938087099134,adjoint,2,1,landweber,FALSE,
0|0|0|0|0|1|0|0|0|0|0|0|0|1|0|2|1,1,0,-0.278772371067541,0.00327372387285366,adjoint,2,1,landweber,FALSE,
1|0|0|1|0|1|0|0|0|0|0|0|0|1|0|2|1,1,0,0.442783656348558,0.00325049387528552,adjoint,2,1,landweber,FALSE,
0|0|0|0|0|1|0|0|0|1|0|0|0|1|0|2|1,1,0,-0.309772497522746,0.000452986322575578,adjoint,2,1,landweber,FALSE,
1|0|0|1|0|1|0|0|0|1|0|0|0|1|0|2|1,1,0,0.411783529893354,0.00057088385942059,adjoint,2,1,landweber,FALSE,
0|0|0|0|0|1|0|0|0|0|0|1|0|1|0|2|1,1,0,-0.0875140280865475,0.000405291104492887,adjoint,2,1,landweber,FALSE,
1|0|0|1|0|1|0|0|0|0|0|1|0|1|0|2|1,1,0,0.634041999329552,0.000707710714878543,adjoint,2,1,landweber,FALSE,
0|0|0|0|0|1|0|0|0|1|0|1|0|1|0|2|1,1,0,-0.118514154541752,7.6063550790109e-05,adjoint,2,1,landweber,FALSE,
1|0|0|1|0|1|0|0|0|1|0|1|0|1|0|2|1,1,0,0.603041872874347,0.000168353757436355,adjoint,2,1,landweber,FALSE,
0|0|0|0|0|1|0|1|0|0|0|0|0|1|0|2|1,1,1.65455438401082,0.268538709572701,0.00209177546854185,adjoint,2,1,landweber,FALSE,
1|0|0|1|0|1|0|1|0|0|0|0|0|1|0|2|1,1,1.85362906299535,0.9900947369888,0.00138393710849542,adjoint,2,1,landweber,FALSE,
0|0|0|0|0|1|0|1|0|1|0|0|0|1|0|2|1,1,1.49600359771114,0.237538583117496,0.000359767283300581,adjoint,2,1,landweber,FALSE,
1|0|0|1|0|1|0|1|0|1|0|0|0|1|0|2|1,1,1.65473534285956,0.959094610533595,0.000298112558137826,adjoint,2,1,landweber,FALSE,
0|0|0|0|0|1|0|1|0|0|0|1|0|1|0|2|1,1,1.74660715763045,0.459797052553695,0.00156664342099704,adjoint,2,1,landweber,FALSE,
1|0|0|1|0|1|0|1|0|0|0|1|0|1|0|2|1,1,2.00244706253921,1.18135307996979,0.00182285800953435,adjoint,2,1,landweber,FALSE,
0|0|0|0|0|1|0|1|0|1|0|1|0|1|0|2|1,1,1.6096318489296,0.42879692609849,0.000365462852977528,adjoint,2,1,landweber,FALSE,
1|0|0|1|0|1|0|1|0|1|0|1|0|1|0|2|1,1,1.81934793582407,1.15035295351459,0.000531845376388458,adjoint,2,1,landweber,FALSE,
0|0|0|0|0|1|0|2|0|0|0|0|0|1|0|2|1,1,2.46830509365798,0.285110519698788,0.000428086680838539,adjoint,2,1,landweber,FALSE,
1|0|0|1|0|1|0|2|0|0|0|0|0|1|0|2|1,1,2.26402765014837,1.00666654711489,0.000237136662931203,adjoint,2,1,landweber,FALSE,
0|0|0|0|0|1|0|2|0|1|0|0|0|1|0|2|1,1,2.23177511482567,0.254110393243583,9.29482214131121e-05,adjoint,2,1,landweber,FALSE,
1|0|0|1|0|1|0|2|0|1|0|0|0|1|0|2|1,1,2.02109831179378,0.975666420659682,6.61871622696141e-05,adjoint,2,1,landweber,FALSE,
0|0|0|0|0|1|0|2|0|0|0|1|0|1|0|2|1,1,2.60563169483013,0.476368862679782,0.00193962099747748,adjoint,2,1,landweber,FALSE,
1|0|0|1|0|1|0|2|0|0|0|1|0|1|0|2|1,1,2.44579436525512,1.19792489009588,0.00188957988782464,adjoint,2,1,landweber,FALSE,
0|0|0|0|0|1|0|2|0|1|0|1|0|1|0|2|1,1,2.40128854634316,0.445368736224577,0.00057120595280382,adjoint,2,1,landweber,FALSE,
1|0|0|1|0|1|0|2|0|1|0|1|0|1|0|2|1,1,2.22215658686853,1.16692476364068,0.00071434654009269,adjoint,2,1,landweber,FALSE,
0|0|0|0|0|1|0|3|0|0|0|0|0|1|0|2|1,1,4.39062303345795,0.779068731498755,5.65887689411735e-05,adjoint,2,1,landweber,FALSE,
1|0|0|1|0|1|0|3|0|0|0|0|0|1|0|2|1,1,4.02725415697924,1.50062475891485,2.93570673656604e-05,adjoint,2,1,landweber,FALSE,
0|0|0|0|0|1|0|3|0|1|0|0|0|1|0|2|1,1,3.96988332189117,0.74806860504355,1.68376899903637e-05,adjoint,2,1,landweber,FALSE,
1|0|0|1|0|1|0|3|0|1|0|0|0|1|0|2|1,1,3.59513125968308,1.46962463245965,1.13694596201377e-05,adjoint,2,1,landweber,FALSE,
0|0|0|0|0|1|0|3|0|0|0|1|0|1|0|2|1,1,4.63489969915951,0.970327074479749,0.00155112027569973,adjoint,2,1,landweber,FALSE,
1|0|0|1|0|1|0|3|0|0|0|1|0|1|0|2|1,1,4.35058093214744,1.69188310189585,0.00141517220649891,adjoint,2,1,landweber,FALSE,
0|0|0|0|0|1|0|3|0|1|0|1|0|1|0|2|1,1,4.27141394661561,0.939326948024544,0.000625985419237419,adjoint,2,1,landweber,FALSE,
1|0|0|1|0|1|0|3|0|1|0|1|0|1|0|2|1,1,3.95277387682903,1.66088297544064,0.000742343782029392,adjoint,2,1,landweber,FALSE,
0|0|0|0|0|1|0|0|1|0|0|0|0|1|0|2|1,1,0,-0.229936008384163,0.000465766024640859,adjoint,2,1,landweber,FALSE,
1|0|0|1|0|1|0|0|1|0|0|0|0|1|0|2|1,1,0,0.491620019031936,0.000427494421762801,adjoint,2,1,landweber,FALSE,
0|0|0|0|0|1|0|0|1|1|0|0|0|1|0|2|1,1,0,-0.260936134839368,0.00235869064363942,adjoint,2,1,landweber,FALSE,
1|0|0|1|0|1|0|0|1|1|0|0|0|1|0|2|1,1,0,0.460619892576731,0.00274782454976134,adjoint,2,1,landweber,FALSE,
0|0|0|0|0|1|0|0|1|0|0|1|0|1|0|2|1,1,0,-0.0386776654031698,5.76624156139981e-05,adjoint,2,1,landweber,FALSE,
1|0|0|1|0|1|0|0|1|0|0|1|0|1|0|2|1,1,0,0.682878362012929,9.30758199954358e-05,adjoint,2,1,landweber,FALSE,
0|0|0|0|0|1|0|0|1|1|0|1|0|1|0|2|1,1,0,-0.0696777918583745,0.000396061374547767,adjoint,2,1,landweber,FALSE,
1|0|0|1|0|1|0|0|1|1|0|1|0|1|0|2|1,1,0,0.651878235557725,0.000810333976157072,adjoint,2,1,landweber,FALSE,
0|0|0|0|0|1|0|1|1|0|0|0|0|1|0|2|1,1,1.65455438401082,0.317375072256079,0.000231900141043703,adjoint,2,1,landweber,FALSE,
1|0|0|1|0|1|0|1|1|0|0|0|0|1|0|2|1,1,1.85362906299535,1.03893109967218,0.000142470364333508,adjoint,2,1,landweber,FALSE,
0|0|0|0|0|1|0|1|1|1|0|0|0|1|0|2|1,1,1.49600359771114,0.286374945800874,0.00145971391781939,adjoint,2,1,landweber,FALSE,
1|0|0|1|0|1|0|1|1|1|0|0|0|1|0|2|1,1,1.65473534285956,1.00793097321697,0.00112317799557589,adjoint,2,1,landweber,FALSE,
0|0|0|0|0|1|0|1|1|0|0|1|0|1|0|2|1,1,1.74660715763045,0.508633415237072,0.000173682517917498,adjoint,2,1,landweber,FALSE,
1|0|0|1|0|1|0|1|1|0|0|1|0|1|0|2|1,1,2.00244706253921,1.23018944265317,0.000187655380546125,adjoint,2,1,landweber,FALSE,
0|0|0|0|0|1|0|1|1|1|0|1|0|1|0|2|1,1,1.6096318489296,0.477633288781868,0.0014828230294959,adjoint,2,1,landweber,FALSE,
1|0|0|1|0|1|0|1|1|1|0|1|0|1|0|2|1,1,1.81934793582407,1.19918931619797,0.00200379691328575,adjoint,2,1,landweber,FALSE,
0|0|0|0|0|1|0|2|1|0|0|0|0|1|0|2|1,1,2.46830509365798,0.333946882382166,3.72544459185968e-05,adjoint,2,1,landweber,FALSE,
1|0|0|1|0|1|0|2|1|0|0|0|0|1|0|2|1,1,2.26402765014837,1.05550290979826,1.93469365908368e-05,adjoint,2,1,landweber,FALSE,
0|0|0|0|0|1|0|2|1|1|0|0|0|1|0|2|1,1,2.23177511482567,0.302946755926961,0.000296038102271336,adjoint,2,1,landweber,FALSE,
1|0|0|1|0|1|0|2|1|1|0|0|0|1|0|2|1,1,2.02109831179378,1.02450278334306,0.000197627510767864,adjoint,2,1,landweber,FALSE,
0|0|0|0|0|1|0|2|1|0|0|1|0|1|0|2|1,1,2.60563169483013,0.525205225363159,0.000168796434898552,adjoint,2,1,landweber,FALSE,
1|0|0|1|0|1|0|2|1|0|0|1|0|1|0|2|1,1,2.44579436525512,1.24676125277926,0.00015416250621554,adjoint,2,1,landweber,FALSE,
0|0|0|0|0|1|0|2|1|1|0|1|0|1|0|2|1,1,2.40128854634316,0.494205098907955,0.00181927877374401,adjoint,2,1,landweber,FALSE,
1|0|0|1|0|1|0|2|1|1|0|1|0|1|0|2|1,1,2.22215658686853,1.21576112632405,0.00213295937917807,adjoint,2,1,landweber,FALSE,
0|0|0|0|0|1|0|3|1|0|0|0|0|1|0|2|1,1,4.39062303345795,0.827905094182133,3.92139855792752e-06,adjoint,2,1,landweber,FALSE,
1|0|0|1|0|1|0|3|1|0|0|0|0|1|0|2|1,1,4.02725415697924,1.54946112159823,1.93391477553025e-06,adjoint,2,1,landweber,FALSE,
0|0|0|0|0|1|0|3|1|1|0|0|0|1|0|2|1,1,3.96988332189117,0.796904967726928,4.27025079914493e-05,adjoint,2,1,landweber,FALSE,
1|0|0|1|0|1|0|3|1|1|0|0|0|1|0|2|1,1,3.59513125968308,1.51846099514303,2.74109836459741e-05,adjoint,2,1,landweber,FALSE,
0|0|0|0|0|1|0|3|1|0|0|1|0|1|0|2|1,1,4.63489969915951,1.01916343716313,0.000107487067241631,adjoint,2,1,landweber,FALSE,
1|0|0|1|0|1|0|3|1|0|0|1|0|1|0|2|1,1,4.35058093214744,1.74071946457923,9.32253350097671e-05,adjoint,2,1,landweber,FALSE,
0|0|0|0|0|1|0|3|1|1|0|1|0|1|0|2|1,1,4.27141394661561,0.988163310707922,0.00158757806936789,adjoint,2,1,landweber,FALSE,
1|0|0|1|0|1|0|3|1|1|0|1|0|1|0|2|1,1,3.95277387682903,1.70971933812402,0.00178973970168793,adjoint,2,1,landweber,FALSE,
0|0|0|0|0|1|0|0|0|0|0|0|0|1|0|3|1,1,0,2.39730138009476,0.00254957871573798,adjoint,2,1,landweber,FALSE,
1|0|0|1|0|1|0|0|0|0|0|0|0|1|0|3|1,1,0,3.11885740751086,0.00279772600577904,adjoint,2,1,landweber,FALSE,
0|0|0|0|0|1|0|0|0|1|0|0|0|1|0|3|1,1,0,2.36630125363956,0.000389888941052255,adjoint,2,1,landweber,FALSE,
1|0|0|1|0|1|0|0|0|1|0|0|0|1|0|3|1,1,0,3.08785728105566,0.000543041525053394,adjoint,2,1,landweber,FALSE,
0|0|0|0|0|1|0|0|0|0|0|1|0|1|0|3|1,1,0,2.58855972307576,0.00028560381420508,adjoint,2,1,landweber,FALSE,
1|0|0|1|0|1|0|0|0|0|0|1|0|1|0|3|1,1,0,3.31011575049186,0.000551165658935433,adjoint,2,1,landweber,FALSE,
0|0|0|0|0|1|0|0|0|1|0|1|0|1|0|3|1,1,0,2.55755959662055,5.92383529185285e-05,adjoint,2,1,landweber,FALSE,
1|0|0|1|0|1|0|0|0|1|0|1|0|1|0|3|1,1,0,3.27911562403665,0.0001449034218866,adjoint,2,1,landweber,FALSE,
0|0|0|0|0|1|0|1|0|0|0|0|0|1|0|3|1,1,1.52268965998362,2.944612460735,0.00162907637290995,adjoint,2,1,landweber,FALSE,
1|0|0|1|0|1|0|1|0|0|0|0|0|1|0|3|1,1,1.85420213282105,3.6661684881511,0.00119116570815263,adjoint,2,1,landweber,FALSE,
0|0|0|0|0|1|0|1|0|1|0|0|0|1|0|3|1,1,1.56145831472382,2.9136123342798,0.000309654570393583,adjoint,2,1,landweber,FALSE,
1|0|0|1|0|1|0|1|0|1|0|0|0|1|0|3|1,1,1.87691311816571,3.6351683616959,0.00028357343711388,adjoint,2,1,landweber,FALSE,
0|0|0|0|0|1|0|1|0|0|0|1|0|1|0|3|1,1,1.37946501088407,3.135870803716,0.0011039949596128,adjoint,2,1,landweber,FALSE,
1|0|0|1|0|1|0|1|0|0|0|1|0|1|0|3|1,1,1.73196262963132,3.8574268311321,0.00141964324525333,adjoint,2,1,landweber,FALSE,
0|0|0|0|0|1|0|1|0|1|0|1|0|1|0|3|1,1,1.42975305880877,3.10487067726079,0.000284622756082408,adjoint,2,1,landweber,FALSE,
1|0|0|1|0|1|0|1|0|1|0|1|0|1|0|3|1,1,1.76664602055749,3.82642670467689,0.000457763557682333,adjoint,2,1,landweber,FALSE,
0|0|0|0|0|1|0|2|0|0|0|0|0|1|0|3|1,1,2.27158604160655,2.96118427086109,0.000333394242259493,adjoint,2,1,landweber,FALSE,
1|0|0|1|0|1|0|2|0|0|0|0|0|1|0|3|1,1,2.2647275992141,3.68274029827719,0.000204105417287706,adjoint,2,1,landweber,FALSE,
0|0|0|0|0|1|0|2|0|1|0|0|0|1|0|3|1,1,2.32942207824231,2.93018414440589,8.0001275564788e-05,adjoint,2,1,landweber,FALSE,
1|0|0|1|0|1|0|2|0|1|0|0|0|1|0|3|1,1,2.2924668593546,3.65174017182199,6.29591762750604e-05,adjoint,2,1,landweber,FALSE,
0|0|0|0|0|1|0|2|0|0|0|1|0|1|0|3|1,1,2.05791997276884,3.15244261384208,0.00136682781549071,adjoint,2,1,landweber,FALSE,
1|0|0|1|0|1|0|2|0|0|0|1|0|1|0|3|1,1,2.11542393286203,3.87399864125818,0.00147160629631381,adjoint,2,1,landweber,FALSE,
0|0|0|0|0|1|0|2|0|1|0|1|0|1|0|3|1,1,2.13294092465908,3.12144248738688,0.000444855643338663,adjoint,2,1,landweber,FALSE,
1|0|0|1|0|1|0|2|0|1|0|1|0|1|0|3|1,1,2.1577863222016,3.84299851480298,0.000614843764989421,adjoint,2,1,landweber,FALSE,
0|0|0|0|0|1|0|3|0|0|0|0|0|1|0|3|1,1,4.0406990296238,3.45514248266106,4.40713775644328e-05,adjoint,2,1,landweber,FALSE,
1|0|0|1|0|1|0|3|0|0|0|0|0|1|0|3|1,1,4.02849922692546,4.17669851007716,2.52678620460717e-05,adjoint,2,1,landweber,FALSE,
0|0|0|0|0|1|0|3|0|1|0|0|0|1|0|3|1,1,4.14357781688124,3.42414235620585,1.44923340792783e-05,adjoint,2,1,landweber,FALSE,
1|0|0|1|0|1|0|3|0|1|0|0|0|1|0|3|1,1,4.0778418445852,4.14569838362195,1.08149645313477e-05,adjoint,2,1,landweber,FALSE,
0|0|0|0|0|1|0|3|0|0|0|1|0|1|0|3|1,1,3.6606296590595,3.64640082564205,0.00109305598400681,adjoint,2,1,landweber,FALSE,
1|0|0|1|0|1|0|3|0|0|0|1|0|1|0|3|1,1,3.76291774830298,4.36795685305815,0.00110213722260224,adjoint,2,1,landweber,FALSE,
0|0|0|0|0|1|0|3|0|1|0|1|0|1|0|3|1,1,3.79407698702861,3.61540069918685,0.000487517934693384,adjoint,2,1,landweber,FALSE,
1|0|0|1|0|1|0|3|0|1|0|1|0|1|0|3|1,1,3.83827199963298,4.33695672660295,0.000638941214442242,adjoint,2,1,landweber,FALSE,
0|0|0|0|0|1|0|0|1|0|0|0|0|1|0|3|1,1,0,2.44613774277814,0.000362738944718357,adjoint,2,1,landweber,FALSE,
1|0|0|1|0|1|0|0|1|0|0|0|0|1|0|3|1,1,0,3.16769377019424,0.000367947858688461,adjoint,2,1,landweber,FALSE,
0|0|0|0|0|1|0|0|1|1|0|0|0|1|0|3|1,1,0,2.41513761632294,0.0020301438508996,adjoint,2,1,landweber,FALSE,
1|0|0|1|0|1|0|0|1|1|0|0|0|1|0|3|1,1,0,3.13669364373903,0.00261381156509841,adjoint,2,1,landweber,FALSE,
0|0|0|0|0|1|0|0|1|0|0|1|0|1|0|3|1,1,0,2.63739608575913,4.06340175075948e-05,adjoint,2,1,landweber,FALSE,
1|0|0|1|0|1|0|0|1|0|0|1|0|1|0|3|1,1,0,3.35895211317523,7.24875214974585e-05,adjoint,2,1,landweber,FALSE,
0|0|0|0|0|1|0|0|1|1|0|1|0|1|0|3|1,1,0,2.60639595930393,0.000308452908642138,adjoint,2,1,landweber,FALSE,
1|0|0|1|0|1|0|0|1|1|0|1|0|1|0|3|1,1,0,3.32795198672003,0.000697460916846624,adjoint,2,1,landweber,FALSE,
0|0|0|0|0|1|0|1|1|0|0|0|0|1|0|3|1,1,1.52268965998362,2.99344882341838,0.000180604011439205,adjoint,2,1,landweber,FALSE,
1|0|0|1|0|1|0|1|1|0|0|0|0|1|0|3|1,1,1.85420213282105,3.71500485083448,0.000122625378986034,adjoint,2,1,landweber,FALSE,
0|0|0|0|0|1|0|1|1|1|0|0|0|1|0|3|1,1,1.56145831472382,2.96244869696318,0.00125638741236582,adjoint,2,1,landweber,FALSE,
1|0|0|1|0|1|0|1|1|1|0|0|0|1|0|3|1,1,1.87691311816571,3.68400472437928,0.00106839995834352,adjoint,2,1,landweber,FALSE,
0|0|0|0|0|1|0|1|1|0|0|1|0|1|0|3|1,1,1.37946501088407,3.18470716639938,0.000122392001768818,adjoint,2,1,landweber,FALSE,
1|0|0|1|0|1|0|1|1|0|0|1|0|1|0|3|1,1,1.73196262963132,3.90626319381547,0.000146146157316885,adjoint,2,1,landweber,FALSE,
0|0|0|0|0|1|0|1|1|1|0|1|0|1|0|3|1,1,1.42975305880877,3.15370703994417,0.00115482373652772,adjoint,2,1,landweber,FALSE,
1|0|0|1|0|1|0|1|1|1|0|1|0|1|0|3|1,1,1.76664602055749,3.87526306736027,0.00172468398640095,adjoint,2,1,landweber,FALSE,
0|0|0|0|0|1|0|2|1|0|0|0|0|1|0|3|1,1,2.27158604160655,3.01002063354447,2.90137916542945e-05,adjoint,2,1,landweber,FALSE,
1|0|0|1|0|1|0|2|1|0|0|0|0|1|0|3|1,1,2.2647275992141,3.73157666096057,1.66520626431231e-05,adjoint,2,1,landweber,FALSE,
0|0|0|0|0|1|0|2|1|1|0|0|0|1|0|3|1,1,2.32942207824231,2.97902050708926,0.000254802355950676,adjoint,2,1,landweber,FALSE,
1|0|0|1|0|1|0|2|1|1|0|0|0|1|0|3|1,1,2.2924668593546,3.70057653450536,0.000187989103333224,adjoint,2,1,landweber,FALSE,
0|0|0|0|0|1|0|2|1|0|0|1|0|1|0|3|1,1,2.05791997276884,3.20127897652546,0.00011894883725999,adjoint,2,1,landweber,FALSE,
1|0|0|1|0|1|0|2|1|0|0|1|0|1|0|3|1,1,2.11542393286203,3.92283500394156,0.000120061880560913,adjoint,2,1,landweber,FALSE,
0|0|0|0|0|1|0|2|1|1|0|1|0|1|0|3|1,1,2.13294092465908,3.17027885007026,0.00141685573361702,adjoint,2,1,landweber,FALSE,
1|0|0|1|0|1|0|2|1|1|0|1|0|1|0|3|1,1,2.1577863222016,3.89183487748636,0.00183585515104921,adjoint,2,1,landweber,FALSE,
0|0|0|0|0|1|0|3|1|0|0|0|0|1|0|3|1,1,4.0406990296238,3.50397884534444,3.05398826764903e-06,adjoint,2,1,landweber,FALSE,
1|0|0|1|0|1|0|3|1|0|0|0|0|1|0|3|1,1,4.02849922692546,4.22553487276053,1.66453587302516e-06,adjoint,2,1,landweber,FALSE,
0|0|0|0|0|1|0|3|1|1|0|0|0|1|0|3|1,1,4.14357781688124,3.47297871888923,3.67543892415952e-05,adjoint,2,1,landweber,FALSE,
1|0|0|1|0|1|0|3|1|1|0|0|0|1|0|3|1,1,4.0778418445852,4.19453474630533,2.60741341985585e-05,adjoint,2,1,landweber,FALSE,
0|0|0|0|0|1|0|3|1|0|0|1|0|1|0|3|1,1,3.6606296590595,3.69523718832543,7.57448560839722e-05,adjoint,2,1,landweber,FALSE,
1|0|0|1|0|1|0|3|1|0|0|1|0|1|0|3|1,1,3.76291774830297,4.41679321574153,7.26039639077007e-05,adjoint,2,1,landweber,FALSE,
0|0|0|0|0|1|0|3|1|1|0|1|0|1|0|3|1,1,3.79407698702861,3.66423706187022,0.0012364070436107,adjoint,2,1,landweber,FALSE,
1|0|0|1|0|1|0|3|1|1|0|1|0|1|0|3|1,1,3.83827199963298,4.38579308928632,0.0015404432369674,adjoint,2,1,landweber,FALSE,
0|0|0|0|0|1|0|0|0|0|1|0|1|0|0|0|0,0,0,-0.364127124498507,0.0340123692951178,adjoint,2,1,pmmr,TRUE,
0|0|0|0|0|1|0|0|0|0|0|0|0|1|0|0|0,1,0,-0.5782154884109,0.00420354465996152,adjoint,2,1,pmmr,FALSE,
1|0|0|1|0|1|0|0|0|0|0|0|0|1|0|0|0,1,0,-0.110948391259972,0.00461267037531881,adjoint,2,1,pmmr,FALSE,
0|0|0|0|0|1|0|0|0|1|0|0|0|1|0|0|0,1,0,-0.5421605944728,0.000389888941052255,adjoint,2,1,pmmr,FALSE,
1|0|0|1|0|1|0|0|0|1|0|0|0|1|0|0|0,1,0,-0.17673349104826,0.000543041525053394,adjoint,2,1,pmmr,FALSE,
0|0|0|0|0|1|0|0|0|0|0|1|0|1|0|0|0,1,0,-0.331904789316731,0.000520404079326314,adjoint,2,1,pmmr,FALSE,
1|0|0|1|0|1|0|0|0|0|0|1|0|1|0|0|0,1,0,0.0237299402700873,0.00100428930927588,adjoint,2,1,pmmr,FALSE,
0|0|0|0|0|1|0|0|0|1|0|1|0|1|0|0|0,1,0,-0.287849514104117,6.54685048802593e-05,adjoint,2,1,pmmr,FALSE,
1|0|0|1|0|1|0|0|0|1|0|1|0|1|0|0|0,1,0,-0.016773733944229,0.000160143047798717,adjoint,2,1,pmmr,FALSE,
0|0|0|0|0|1|0|1|0|0|1|0|1|0|0|0|0,0,0,-0.126447799796121,0.0447899109255408,adjoint,2,1,pmmr,TRUE,
0|0|0|0|0|1|0|1|0|0|0|0|0|1|0|0|0,1,-0.640667527308902,-0.329531069724171,0.00268589286761164,adjoint,2,1,pmmr,FALSE,
1|0|0|1|0|1|0|1|0|0|0|0|0|1|0|0|0,1,-0.663918291420844,0.198913083638915,0.00196390023995983,adjoint,2,1,pmmr,FALSE,
0|0|0|0|0|1|0|1|0|1|0|0|0|1|0|0|0,1,-0.61097871822111,-0.299322288668867,0.000309654570393583,adjoint,2,1,pmmr,FALSE,
1|0|0|1|0|1|0|1|0|1|0|0|0|1|0|0|0,1,-0.630758890718092,0.120549783771433,0.00028357343711388,adjoint,2,1,pmmr,FALSE,
0|0|0|0|0|1|0|1|0|0|0|1|0|1|0|0|0,1,-0.633469039072831,-0.0926713775535007,0.00201160997144684,adjoint,2,1,pmmr,FALSE,
1|0|0|1|0|1|0|1|0|0|0|1|0|1|0|0|0,1,-0.660296130901142,0.31620436882701,0.00258675864702349,adjoint,2,1,pmmr,FALSE,
0|0|0|0|0|1|0|1|0|1|0|1|0|1|0|0|0,1,-0.653527313487882,-0.0524705587564699,0.000314556792644816,adjoint,2,1,pmmr,FALSE,
1|0|0|1|0|1|0|1|0|1|0|1|0|1|0|0|0,1,-0.676419076242787,0.266467237700184,0.000505906971305358,adjoint,2,1,pmmr,FALSE,
0|0|0|0|0|1|0|2|0|0|1|0|1|0|0|0|0,0,0,0.1232172526253,0.0388813985793297,adjoint,2,1,pmmr,TRUE,
0|0|0|0|0|1|0|2|0|0|0|0|0|1|0|0|0,1,-0.955763640216183,-0.062973582254371,0.000549674178742178,adjoint,2,1,pmmr,FALSE,
1|0|0|1|0|1|0|2|0|0|0|0|0|1|0|0|0,1,-0.810911632334406,0.509582261365312,0.000336512942947367,adjoint,2,1,pmmr,FALSE,
0|0|0|0|0|1|0|2|0|1|0|0|0|1|0|0|0,1,-0.911473141575458,-0.0403701072638849,8.0001275564788e-05,adjoint,2,1,pmmr,FALSE,
1|0|0|1|0|1|0|2|0|1|0|0|0|1|0|0|0,1,-0.770410648857126,0.420759525246894,6.29591762750604e-05,adjoint,2,1,pmmr,FALSE,
0|0|0|0|0|1|0|2|0|0|0|1|0|1|0|0|0,1,-0.945024757679931,0.155939390854097,0.00249052265950232,adjoint,2,1,pmmr,FALSE,
1|0|0|1|0|1|0|2|0|0|0|1|0|1|0|0|0,1,-0.806487515485143,0.605291171415673,0.00268144149928643,adjoint,2,1,pmmr,FALSE,
0|0|0|0|0|1|0|2|0|1|0|1|0|1|0|0|0,1,-0.974948186844371,0.190253461692523,0.000491641519759723,adjoint,2,1,pmmr,FALSE,
1|0|0|1|0|1|0|2|0|1|0|1|0|1|0|0|0,1,-0.826180125395095,0.547514113237979,0.000679507448226446,adjoint,2,1,pmmr,FALSE,
0|0|0|0|0|1|0|3|0|0|1|0|1|0|0|0|0,0,0,0.357793267185953,0.0315094930517083,adjoint,2,1,pmmr,TRUE,
0|0|0|0|0|1|0|3|0|0|0|0|0|1|0|0|0,1,-1.70011311164772,0.192588977771597,7.26614176195367e-05,adjoint,2,1,pmmr,FALSE,
1|0|0|1|0|1|0|3|0|0|0|0|0|1|0|0|0,1,-1.44245024659815,0.787429515090478,4.16596616204748e-05,adjoint,2,1,pmmr,FALSE,
0|0|0|0|0|1|0|3|0|1|0|0|0|1|0|0|0,1,-1.62132913798298,0.2066549970094,1.44923340792784e-05,adjoint,2,1,pmmr,FALSE,
1|0|0|1|0|1|0|3|0|1|0|0|0|1|0|0|0,1,-1.37040706547361,0.691399708451437,1.08149645313477e-05,adjoint,2,1,pmmr,FALSE,
0|0|0|0|0|1|0|3|0|0|0|1|0|1|0|0|0,1,-1.68101077898293,0.386994933118436,0.00199167785833815,adjoint,2,1,pmmr,FALSE,
1|0|0|1|0|1|0|3|0|0|0|1|0|1|0|0|0,1,-1.43458062408228,0.859692665846492,0.00200822495391373,adjoint,2,1,pmmr,FALSE,
0|0|0|0|0|1|0|3|0|1|0|1|0|1|0|0|0,1,-1.73423859821281,0.414028907387797,0.000538790643463431,adjoint,2,1,pmmr,FALSE,
1|0|0|1|0|1|0|3|0|1|0|1|0|1|0|0|0,1,-1.46960985401083,0.795938805113586,0.000706139248561502,adjoint,2,1,pmmr,FALSE,
0|0|0|0|0|1|0|0|1|0|1|0|1|0|0|0|0,0,0,-0.315523704535488,0.0344508323933191,adjoint,2,1,pmmr,TRUE,
0|0|0|0|0|1|0|0|1|0|0|0|0|1|0|0|0,1,0,-0.501726710894171,0.000598055413868472,adjoint,2,1,pmmr,FALSE,
1|0|0|1|0|1|0|0|1|0|0|0|0|1|0|0|0,1,0,-0.0887007991131749,0.00060664346112823,adjoint,2,1,pmmr,FALSE,
0|0|0|0|0|1|0|0|1|1|0|0|0|1|0|0|0,1,0,-0.463152569367424,0.0020301438508996,adjoint,2,1,pmmr,FALSE,
1|0|0|1|0|1|0|0|1|1|0|0|0|1|0|0|0,1,0,-0.145741403263136,0.00261381156509841,adjoint,2,1,pmmr,FALSE,
0|0|0|0|0|1|0|0|1|0|0|1|0|1|0|0|0,1,0,-0.257227804861929,7.40400072359856e-05,adjoint,2,1,pmmr,FALSE,
1|0|0|1|0|1|0|0|1|0|0|1|0|1|0|0|0,1,0,0.0540057220565763,0.00013208087571423,adjoint,2,1,pmmr,FALSE,
0|0|0|0|0|1|0|0|1|1|0|1|0|1|0|0|0,1,0,-0.208700018039932,0.000340893184227136,adjoint,2,1,pmmr,FALSE,
1|0|0|1|0|1|0|0|1|1|0|1|0|1|0|0|0,1,0,0.0228206767195959,0.000770813521793267,adjoint,2,1,pmmr,FALSE,
0|0|0|0|0|1|0|1|1|0|1|0|1|0|0|0|0,0,0,-0.0716701890781864,0.0445846694872666,adjoint,2,1,pmmr,TRUE,
0|0|0|0|0|1|0|1|1|0|0|0|0|1|0|0|0,1,-0.640667527308902,-0.247487010507773,0.000297765675233586,adjoint,2,1,pmmr,FALSE,
1|0|0|1|0|1|0|1|1|0|0|0|0|1|0|0|0,1,-0.663918291420844,0.220271982957509,0.000202175070661939,adjoint,2,1,pmmr,FALSE,
0|0|0|0|0|1|0|1|1|1|0|0|0|1|0|0|0,1,-0.61097871822111,-0.213347835870299,0.00125638741236582,adjoint,2,1,pmmr,FALSE,
1|0|0|1|0|1|0|1|1|1|0|0|0|1|0|0|0,1,-0.630758890718092,0.152941924417569,0.00106839995834352,adjoint,2,1,pmmr,FALSE,
0|0|0|0|0|1|0|1|1|0|0|1|0|1|0|0|0,1,-0.633469039072831,-0.0123520510867339,0.000223012767440392,adjoint,2,1,pmmr,FALSE,
1|0|0|1|0|1|0|1|1|0|0|1|0|1|0|0|0,1,-0.660296130901142,0.34680890117975,0.000266295660851925,adjoint,2,1,pmmr,FALSE,
0|0|0|0|0|1|0|1|1|1|0|1|0|1|0|0|0,1,-0.653527313487882,0.033829651330386,0.00127627760911389,adjoint,2,1,pmmr,FALSE,
1|0|0|1|0|1|0|1|1|1|0|1|0|1|0|0|0,1,-0.676419076242787,0.308668669828529,0.00190607058464111,adjoint,2,1,pmmr,FALSE,
0|0|0|0|0|1|0|2|1|0|1|0|1|0|0|0|0,0,0,0.182521705859764,0.0375435951500442,adjoint,2,1,pmmr,TRUE,
0|0|0|0|0|1|0|2|1|0|0|0|0|1|0|0|0,1,-0.955763640216183,0.0219134297579761,4.78356554440972e-05,adjoint,2,1,pmmr,FALSE,
1|0|0|1|0|1|0|2|1|0|0|0|0|1|0|0|0,1,-0.810911632334406,0.529388543600146,2.7454609880748e-05,adjoint,2,1,pmmr,FALSE,
0|0|0|0|0|1|0|2|1|1|0|0|0|1|0|0|0,1,-0.911473141575458,0.0496948915423819,0.000254802355950676,adjoint,2,1,pmmr,FALSE,
1|0|0|1|0|1|0|2|1|1|0|0|0|1|0|0|0,1,-0.770410648857126,0.453506515535287,0.000187989103333224,adjoint,2,1,pmmr,FALSE,
0|0|0|0|0|1|0|2|1|0|0|1|0|1|0|0|0,1,-0.945024757679931,0.239222027441695,0.000216738912656018,adjoint,2,1,pmmr,FALSE,
1|0|0|1|0|1|0|2|1|0|0|1|0|1|0|0|0,1,-0.806487515485143,0.635224715171821,0.000218767009780279,adjoint,2,1,pmmr,FALSE,
0|0|0|0|0|1|0|2|1|1|0|1|0|1|0|0|0,1,-0.974948186844371,0.280800142563246,0.00156586775190226,adjoint,2,1,pmmr,FALSE,
1|0|0|1|0|1|0|2|1|1|0|1|0|1|0|0|0,1,-0.826180125395095,0.590931785472392,0.00202893372273896,adjoint,2,1,pmmr,FALSE,
0|0|0|0|0|1|0|3|1|0|1|0|1|0|0|0|0,0,0,0.419432736497765,0.0299086572901431,adjoint,2,1,pmmr,TRUE,
0|0|0|0|0|1|0|3|1|0|0|0|0|1|0|0|0,1,-1.70011311164772,0.277256030531098,5.03517541734159e-06,adjoint,2,1,pmmr,FALSE,
1|0|0|1|0|1|0|3|1|0|0|0|0|1|0|0|0,1,-1.44245024659815,0.805150191609545,2.74435569969999e-06,adjoint,2,1,pmmr,FALSE,
0|0|0|0|0|1|0|3|1|1|0|0|0|1|0|0|0,1,-1.62132913798298,0.297454642551939,3.67543892415952e-05,adjoint,2,1,pmmr,FALSE,
1|0|0|1|0|1|0|3|1|1|0|0|0|1|0|0|0,1,-1.37040706547361,0.723385602025274,2.60741341985584e-05,adjoint,2,1,pmmr,FALSE,
0|0|0|0|0|1|0|3|1|0|0|1|0|1|0|0|0,1,-1.68101077898293,0.470202496069845,0.000138016126303479,adjoint,2,1,pmmr,FALSE,
1|0|0|1|0|1|0|3|1|0|0|1|0|1|0|0|0,1,-1.43458062408228,0.887994322164635,0.000132293047619095,adjoint,2,1,pmmr,FALSE,
0|0|0|0|0|1|0|3|1|1|0|1|0|1|0|0|0,1,-1.73423859821281,0.505424363144213,0.00136644110750244,adjoint,2,1,pmmr,FALSE,
1|0|0|1|0|1|0|3|1|1|0|1|0|1|0|0|0,1,-1.46960985401083,0.83902062548594,0.00170245306644269,adjoint,2,1,pmmr,FALSE,
1|0|0|1|0|1|0|0|0|0|1|0|1|0|0|0|0,0,0,0.661200269736727,0.0339232475326121,adjoint,2,1,pmmr,TRUE,
1|0|0|1|0|1|0|1|0|0|1|0|1|0|0|0|0,0,1.05127109637602,0.980041597025082,0.0376646392861478,adjoint,2,1,pmmr,TRUE,
1|0|0|1|0|1|0|2|0|0|1|0|1|0|0|0|0,0,1.28402541668774,1.27291520608366,0.0323167270827079,adjoint,2,1,pmmr,TRUE,
1|0|0|1|0|1|0|3|0|0|1|0|1|0|0|0|0,0,2.28402541668774,1.50808272785778,0.0260489960763803,adjoint,2,1,pmmr,TRUE,
1|0|0|1|0|1|0|0|1|0|1|0|1|0|0|0|0,0,0,0.612295206427794,0.0386201710560533,adjoint,2,1,pmmr,TRUE,
1|0|0|1|0|1|0|1|1|0|1|0|1|0|0|0|0,0,1.05127109637602,0.928476006335359,0.0417210106241467,adjoint,2,1,pmmr,TRUE,
1|0|0|1|0|1|0|2|1|0|1|0|1|0|0|0|0,0,1.28402541668774,1.22067033322991,0.0347158330496133,adjoint,2,1,pmmr,TRUE,
1|0|0|1|0|1|0|3|1|0|1|0|1|0|0|0|0,0,2.28402541668774,1.45716704126031,0.0274954412637132,adjoint,2,1,pmmr,TRUE,
0|0|0|0|0|1|0|0|0|0|0|0|0|1|0|1|0,1,0,-0.249125492452791,0.00488382212678092,adjoint,2,1,pmmr,FALSE,
1|0|0|1|0|1|0|0|0|0|0|0|0|1|0|1|0,1,0,0.177988248708755,0.00535915839246372,adjoint,2,1,pmmr,FALSE,
0|0|0|0|0|1|0|0|0|1|0|0|0|1|0|1|0,1,0,-0.21705394553226,0.000611467577240109,adjoint,2,1,pmmr,FALSE,
1|0|0|1|0|1|0|0|0|1|0|0|0|1|0|1|0,1,0,0.107313011605341,0.000851658640968403,adjoint,2,1,pmmr,FALSE,
0|0|0|0|0|1|0|0|0|0|0|1|0|1|0|1|0,1,0,0.0254278821604128,0.000495023672885394,adjoint,2,1,pmmr,FALSE,
1|0|0|1|0|1|0|0|0|0|0|1|0|1|0|1|0,1,0,0.343353493154055,0.000955309541694711,adjoint,2,1,pmmr,FALSE,
0|0|0|0|0|1|0|0|0|1|0|1|0|1|0|1|0,1,0,0.0667817214873315,8.40632242587983e-05,adjoint,2,1,pmmr,FALSE,
1|0|0|1|0|1|0|0|0|1|0|1|0|1|0|1|0,1,0,0.298985412215813,0.000205627743679392,adjoint,2,1,pmmr,FALSE,
0|0|0|0|0|1|0|1|0|0|0|0|0|1|0|1|0,1,0.682846801463348,0.0133175958428153,0.00312056230589087,adjoint,2,1,pmmr,FALSE,
1|0|0|1|0|1|0|1|0|0|0|0|0|1|0|1|0,1,0.74963004235783,0.500040009549977,0.00228172654808762,adjoint,2,1,pmmr,FALSE,
0|0|0|0|0|1|0|1|0|1|0|0|0|1|0|1|0,1,0.383318642077374,0.0407370565587294,0.00048563503604098,adjoint,2,1,pmmr,FALSE,
1|0|0|1|0|1|0|1|0|1|0|0|0|1|0|1|0,1,0.421604640727319,0.418100050189991,0.000444731676907028,adjoint,2,1,pmmr,FALSE,
0|0|0|0|0|1|0|1|0|0|0|1|0|1|0|1|0,1,1.12218853869537,0.281081319805346,0.00191350259545927,adjoint,2,1,pmmr,FALSE,
1|0|0|1|0|1|0|1|0|0|0|1|0|1|0|1|0,1,1.24652119699827,0.650906153324807,0.0024606009391304,adjoint,2,1,pmmr,FALSE,
0|0|0|0|0|1|0|1|0|1|0|1|0|1|0|1|0,1,0.791760908044091,0.319803243263767,0.000403898916747719,adjoint,2,1,pmmr,FALSE,
1|0|0|1|0|1|0|1|0|1|0|1|0|1|0|1|0,1,0.87727265809054,0.59859754526087,0.000649597409635596,adjoint,2,1,pmmr,FALSE,
0|0|0|0|0|1|0|2|0|0|0|0|0|1|0|1|0,1,1.01868772312837,0.281440394433461,0.000638630283206209,adjoint,2,1,pmmr,FALSE,
1|0|0|1|0|1|0|2|0|0|0|0|0|1|0|1|0,1,0.915600201335578,0.812247847081241,0.00039097226023752,adjoint,2,1,pmmr,FALSE,
0|0|0|0|0|1|0|2|0|1|0|0|0|1|0|1|0,1,0.571844217317341,0.302598155287591,0.000125466975323014,adjoint,2,1,pmmr,FALSE,
1|0|0|1|0|1|0|2|0|1|0|0|0|1|0|1|0,1,0.514949071037475,0.721341002040669,9.87396433406007e-05,adjoint,2,1,pmmr,FALSE,
0|0|0|0|0|1|0|2|0|0|0|1|0|1|0|1|0,1,1.67410857743571,0.532869773175207,0.00236905843610438,adjoint,2,1,pmmr,FALSE,
1|0|0|1|0|1|0|2|0|0|0|1|0|1|0|1|0,1,1.52250442811881,0.943283443586034,0.00255066605419856,adjoint,2,1,pmmr,FALSE,
0|0|0|0|0|1|0|2|0|1|0|1|0|1|0|1|0,1,1.18116847724705,0.567033336905101,0.000631280207270472,adjoint,2,1,pmmr,FALSE,
1|0|0|1|0|1|0|2|0|1|0|1|0|1|0|1|0,1,1.07150324425029,0.884373530295791,0.000872504834351386,adjoint,2,1,pmmr,FALSE,
0|0|0|0|0|1|0|3|0|0|0|0|0|1|0|1|0,1,1.81204251960597,0.52620418930392,8.44205231155579e-05,adjoint,2,1,pmmr,FALSE,
1|0|0|1|0|1|0|3|0|0|0|0|0|1|0|1|0,1,1.62867035511606,1.08081397460337,4.84016214111409e-05,adjoint,2,1,pmmr,FALSE,
0|0|0|0|0|1|0|3|0|1|0|0|0|1|0|1|0,1,1.01719694155894,0.540171593549698,2.27285041327267e-05,adjoint,2,1,pmmr,FALSE,
1|0|0|1|0|1|0|3|0|1|0|0|0|1|0|1|0,1,0.915991810803352,0.984209659231895,1.69612406601566e-05,adjoint,2,1,pmmr,FALSE,
0|0|0|0|0|1|0|3|0|0|0|1|0|1|0|1|0,1,2.9779056484892,0.753514563629569,0.00189454258297782,adjoint,2,1,pmmr,FALSE,
1|0|0|1|0|1|0|3|0|0|0|1|0|1|0|1|0,1,2.70823206896742,1.18882909352751,0.00191028266717933,adjoint,2,1,pmmr,FALSE,
0|0|0|0|0|1|0|3|0|1|0|1|0|1|0|1|0,1,2.10106341226632,0.781687745693625,0.000691820880480588,adjoint,2,1,pmmr,FALSE,
1|0|0|1|0|1|0|3|0|1|0|1|0|1|0|1|0,1,1.90599080993596,1.12537044666629,0.000906700742873751,adjoint,2,1,pmmr,FALSE,
0|0|0|0|0|1|0|0|1|0|0|0|0|1|0|1|0,1,0,-0.174267749905233,0.000694841258881426,adjoint,2,1,pmmr,FALSE,
1|0|0|1|0|1|0|0|1|0|0|0|0|1|0|1|0,1,0,0.198380260464168,0.000704819146265982,adjoint,2,1,pmmr,FALSE,
0|0|0|0|0|1|0|0|1|1|0|0|0|1|0|1|0,1,0,-0.135495851676776,0.00318389933966378,adjoint,2,1,pmmr,FALSE,
1|0|0|1|0|1|0|0|1|1|0|0|0|1|0|1|0,1,0,0.140177547678194,0.00409927252811897,adjoint,2,1,pmmr,FALSE,
0|0|0|0|0|1|0|0|1|0|0|1|0|1|0|1|0,1,0,0.0990329621128637,7.04290334731153e-05,adjoint,2,1,pmmr,FALSE,
1|0|0|1|0|1|0|0|1|0|0|1|0|1|0|1|0,1,0,0.372129950042001,0.000125639215393198,adjoint,2,1,pmmr,FALSE,
0|0|0|0|0|1|0|0|1|1|0|1|0|1|0|1|0,1,0,0.149372939276321,0.000437715512923259,adjoint,2,1,pmmr,FALSE,
1|0|0|1|0|1|0|0|1|1|0|1|0|1|0|1|0,1,0,0.341162637405192,0.000989744153509145,adjoint,2,1,pmmr,FALSE,
0|0|0|0|0|1|0|1|1|0|0|0|0|1|0|1|0,1,0.682846801463348,0.0941610068393308,0.000345954357795489,adjoint,2,1,pmmr,FALSE,
1|0|0|1|0|1|0|1|1|0|0|0|0|1|0|1|0,1,0.74963004235783,0.520093567251405,0.000234893920121051,adjoint,2,1,pmmr,FALSE,
0|0|0|0|0|1|0|1|1|1|0|0|0|1|0|1|0,1,0.383318642077374,0.129903482354041,0.00197040768850978,adjoint,2,1,pmmr,FALSE,
1|0|0|1|0|1|0|1|1|1|0|0|0|1|0|1|0,1,0.421604640727319,0.453101810280782,0.00167558467364733,adjoint,2,1,pmmr,FALSE,
0|0|0|0|0|1|0|1|1|0|0|1|0|1|0|1|0,1,1.12218853869537,0.360809238586508,0.000212136306428635,adjoint,2,1,pmmr,FALSE,
1|0|0|1|0|1|0|1|1|0|0|1|0|1|0|1|0,1,1.24652119699827,0.68057484318082,0.000253308268219214,adjoint,2,1,pmmr,FALSE,
0|0|0|0|0|1|0|1|1|1|0|1|0|1|0|1|0,1,0.791760908044091,0.410266075672834,0.0016387728888517,adjoint,2,1,pmmr,FALSE,
1|0|0|1|0|1|0|1|1|1|0|1|0|1|0|1|0,1,0.87727265809054,0.644164183393749,0.00244744307668005,adjoint,2,1,pmmr,FALSE,
0|0|0|0|0|1|0|2|1|0|0|0|0|1|0|1|0,1,1.01868772312837,0.365614087063622,5.55771025183038e-05,adjoint,2,1,pmmr,FALSE,
1|0|0|1|0|1|0|2|1|0|0|0|0|1|0|1|0,1,0.915600201335578,0.831363226585876,3.18977058801993e-05,adjoint,2,1,pmmr,FALSE,
0|0|0|0|0|1|0|2|1|1|0|0|0|1|0|1|0,1,0.571844217317341,0.396400394526934,0.000399609639729048,adjoint,2,1,pmmr,FALSE,
1|0|0|1|0|1|0|2|1|1|0|0|0|1|0|1|0,1,0.514949071037475,0.757362728898846,0.000294825601496865,adjoint,2,1,pmmr,FALSE,
0|0|0|0|0|1|0|2|1|0|0|1|0|1|0|1|0,1,1.67410857743571,0.61608073185623,0.000206168431152695,adjoint,2,1,pmmr,FALSE,
1|0|0|1|0|1|0|2|1|0|0|1|0|1|0|1|0,1,1.52250442811881,0.972898971079247,0.000208097616813036,adjoint,2,1,pmmr,FALSE,
0|0|0|0|0|1|0|2|1|1|0|1|0|1|0|1|0,1,1.18116847724705,0.662336718786611,0.0020106139926142,adjoint,2,1,pmmr,FALSE,
1|0|0|1|0|1|0|2|1|1|0|1|0|1|0|1|0,1,1.07150324425029,0.931843674175949,0.0026052024687717,adjoint,2,1,pmmr,FALSE,
0|0|0|0|0|1|0|3|1|0|0|0|0|1|0|1|0,1,1.81204251960597,0.610650165653467,5.85003921801114e-06,adjoint,2,1,pmmr,FALSE,
1|0|0|1|0|1|0|3|1|0|0|0|0|1|0|1|0,1,1.62867035511606,1.09845653230556,3.18848642613798e-06,adjoint,2,1,pmmr,FALSE,
0|0|0|0|0|1|0|3|1|1|0|0|0|1|0|1|0,1,1.01719694155894,0.635098640035799,5.76423565178425e-05,adjoint,2,1,pmmr,FALSE,
1|0|0|1|0|1|0|3|1|1|0|0|0|1|0|1|0,1,0.915991810803352,1.01999186277842,4.08923823897052e-05,adjoint,2,1,pmmr,FALSE,
0|0|0|0|0|1|0|3|1|0|0|1|0|1|0|1|0,1,2.9779056484892,0.837153685925845,0.000131285000395476,adjoint,2,1,pmmr,FALSE,
1|0|0|1|0|1|0|3|1|0|0|1|0|1|0|1|0,1,2.70823206896742,1.21741852903474,0.000125841039552158,adjoint,2,1,pmmr,FALSE,
0|0|0|0|0|1|0|3|1|1|0|1|0|1|0|1|0,1,2.10106341226632,0.878243222363474,0.00175454511244008,adjoint,2,1,pmmr,FALSE,
1|0|0|1|0|1|0|3|1|1|0|1|0|1|0|1|0,1,1.90599080993596,1.17302284342313,0.0021859930080304,adjoint,2,1,pmmr,FALSE,
0|0|0|0|0|1|0|0|0|0|0|0|0|1|0|2|0,1,0,0.0978760347542873,0.00380352449671843,adjoint,2,1,pmmr,FALSE,
1|0|0|1|0|1|0|0|0|0|0|0|0|1|0|2|0,1,0,0.463583255923056,0.00461267037531881,adjoint,2,1,pmmr,FALSE,
0|0|0|0|0|1|0|0|0|1|0|0|0|1|0|2|0,1,0,0.126923033485592,0.000526295021055867,adjoint,2,1,pmmr,FALSE,
1|0|0|1|0|1|0|0|0|1|0|0|0|1|0|2|0,1,0,0.393624040912066,0.000810122758919434,adjoint,2,1,pmmr,FALSE,
0|0|0|0|0|1|0|0|0|0|0|1|0|1|0|2|0,1,0,0.389168571897412,0.000348837286411149,adjoint,2,1,pmmr,FALSE,
1|0|0|1|0|1|0|0|0|0|0|1|0|1|0|2|0,1,0,0.653206335594068,0.000743995819147426,adjoint,2,1,pmmr,FALSE,
0|0|0|0|0|1|0|0|0|1|0|1|0|1|0|2|0,1,0,0.428647028493674,6.54685048802593e-05,adjoint,2,1,pmmr,FALSE,
1|0|0|1|0|1|0|0|0|1|0|1|0|1|0|2|0,1,0,0.609560018160149,0.00017698543915914,adjoint,2,1,pmmr,FALSE,
0|0|0|0|0|1|0|1|0|0|0|0|0|1|0|2|0,1,1.61930932333639,0.362304639133399,0.00243029636745092,adjoint,2,1,pmmr,FALSE,
1|0|0|1|0|1|0|1|0|0|0|0|0|1|0|2|0,1,1.79964064314873,0.78305608122633,0.00196390023995983,adjoint,2,1,pmmr,FALSE,
0|0|0|0|0|1|0|1|0|1|0|0|0|1|0|2|0,1,1.45553714733445,0.388275563550753,0.000417989949151942,adjoint,2,1,pmmr,FALSE,
1|0|0|1|0|1|0|1|0|1|0|0|0|1|0|2|0,1,1.59162073083693,0.703817233424947,0.000423041857081509,adjoint,2,1,pmmr,FALSE,
0|0|0|0|0|1|0|1|0|0|0|1|0|1|0|2|0,1,1.71454130603506,0.649933390137723,0.00134842248866599,adjoint,2,1,pmmr,FALSE,
1|0|0|1|0|1|0|1|0|0|0|1|0|1|0|2|0,1,1.95665764835312,0.961884622068845,0.00191631793822099,adjoint,2,1,pmmr,FALSE,
0|0|0|0|0|1|0|1|0|1|0|1|0|1|0|2|0,1,1.57005885650516,0.688311412869264,0.000314556792644816,adjoint,2,1,pmmr,FALSE,
1|0|0|1|0|1|0|1|0|1|0|1|0|1|0|2|0,1,1.76277851380977,0.91212240201755,0.000559113671938413,adjoint,2,1,pmmr,FALSE,
0|0|0|0|0|1|0|2|0|0|0|0|0|1|0|2|0,1,2.415725641674,0.619743156048741,0.000497365764654109,adjoint,2,1,pmmr,FALSE,
1|0|0|1|0|1|0|2|0|0|0|0|0|1|0|2|0,1,2.198086045239,1.08232639884585,0.000336512942947367,adjoint,2,1,pmmr,FALSE,
0|0|0|0|0|1|0|2|0|1|0|0|0|1|0|2|0,1,2.17140626472785,0.64116439023101,0.000107990426438444,adjoint,2,1,pmmr,FALSE,
1|0|0|1|0|1|0|2|0|1|0|0|0|1|0|2|0,1,1.94400995058913,0.996094133366308,9.39240541102854e-05,adjoint,2,1,pmmr,FALSE,
0|0|0|0|0|1|0|2|0|0|0|1|0|1|0|2|0,1,2.55779506546923,0.893511974512873,0.0016694472637704,adjoint,2,1,pmmr,FALSE,
1|0|0|1|0|1|0|2|0|0|0|1|0|1|0|2|0,1,2.38986704847369,1.24409396486768,0.00198646072036349,adjoint,2,1,pmmr,FALSE,
0|0|0|0|0|1|0|2|0|1|0|1|0|1|0|2|0,1,2.34225257888481,0.928959041614307,0.000491641519759723,adjoint,2,1,pmmr,FALSE,
1|0|0|1|0|1|0|2|0|1|0|1|0|1|0|2|0,1,2.15306253879273,1.18954709329374,0.000750971870395662,adjoint,2,1,pmmr,FALSE,
0|0|0|0|0|1|0|3|0|0|0|0|0|1|0|2|0,1,4.29709466309539,0.842308447605981,6.57467695096942e-05,adjoint,2,1,pmmr,FALSE,
1|0|0|1|0|1|0|3|0|0|0|0|0|1|0|2|0,1,3.90995717852947,1.32899501432501,4.16596616204748e-05,adjoint,2,1,pmmr,FALSE,
0|0|0|0|0|1|0|3|0|1|0|0|0|1|0|2|0,1,3.86249916406405,0.858201189737311,1.95626047992478e-05,adjoint,2,1,pmmr,FALSE,
1|0|0|1|0|1|0|3|0|1|0|0|0|1|0|2|0,1,3.45800642240656,1.23881297996382,1.61340311919789e-05,adjoint,2,1,pmmr,FALSE,
0|0|0|0|0|1|0|3|0|0|0|1|0|1|0|2|0,1,4.54980786539284,1.09351290210759,0.00133506159368939,adjoint,2,1,pmmr,FALSE,
1|0|0|1|0|1|0|3|0|0|0|1|0|1|0|2|0,1,4.25109737726155,1.46927631679519,0.00148772963708699,adjoint,2,1,pmmr,FALSE,
0|0|0|0|0|1|0|3|0|1|0|1|0|1|0|2|0,1,4.16640072147132,1.12451595037794,0.000538790643463431,adjoint,2,1,pmmr,FALSE,
1|0|0|1|0|1|0|3|0|1|0|1|0|1|0|2|0,1,3.82986933000622,1.41179226877985,0.000780404561621963,adjoint,2,1,pmmr,FALSE,
0|0|0|0|0|1|0|0|1|0|0|0|0|1|0|2|0,1,0,0.168933794645011,0.000541142916527176,adjoint,2,1,pmmr,FALSE,
1|0|0|1|0|1|0|0|1|0|0|0|0|1|0|2|0,1,0,0.482351469986896,0.00060664346112823,adjoint,2,1,pmmr,FALSE,
0|0|0|0|0|1|0|0|1|1|0|0|0|1|0|2|0,1,0,0.208613526134803,0.00274040755778309,adjoint,2,1,pmmr,FALSE,
1|0|0|1|0|1|0|0|1|1|0|0|0|1|0|2|0,1,0,0.428050212328878,0.00389934864779419,adjoint,2,1,pmmr,FALSE,
0|0|0|0|0|1|0|0|1|0|0|1|0|1|0|2|0,1,0,0.459810348624479,4.9630501058905e-05,adjoint,2,1,pmmr,FALSE,
1|0|0|1|0|1|0|0|1|0|0|1|0|1|0|2|0,1,0,0.680489664895147,9.78479193326993e-05,adjoint,2,1,pmmr,FALSE,
0|0|0|0|0|1|0|0|1|1|0|1|0|1|0|2|0,1,0,0.512456768723011,0.000340893184227136,adjoint,2,1,pmmr,FALSE,
1|0|0|1|0|1|0|0|1|1|0|1|0|1|0|2|0,1,0,0.653763595062382,0.000851880687545388,adjoint,2,1,pmmr,FALSE,
0|0|0|0|0|1|0|1|1|0|0|0|0|1|0|2|0,1,1.61930932333639,0.439591708599275,0.000269429524758092,adjoint,2,1,pmmr,FALSE,
1|0|0|1|0|1|0|1|1|0|0|0|0|1|0|2|0,1,1.79964064314873,0.802136391031397,0.000202175070661939,adjoint,2,1,pmmr,FALSE,
0|0|0|0|0|1|0|1|1|1|0|0|0|1|0|2|0,1,1.45553714733445,0.477964103415216,0.00169594561430963,adjoint,2,1,pmmr,FALSE,
1|0|0|1|0|1|0|1|1|1|0|0|0|1|0|2|0,1,1.59162073083693,0.741109834167715,0.00159386544481577,adjoint,2,1,pmmr,FALSE,
0|0|0|0|0|1|0|1|1|0|0|1|0|1|0|2|0,1,1.71454130603506,0.727000152895127,0.000149489928537179,adjoint,2,1,pmmr,FALSE,
1|0|0|1|0|1|0|1|1|0|0|1|0|1|0|2|0,1,1.95665764835312,0.990677051538083,0.000197276677647585,adjoint,2,1,pmmr,FALSE,
0|0|0|0|0|1|0|1|1|1|0|1|0|1|0|2|0,1,1.57005885650516,0.780465656283759,0.00127627760911389,adjoint,2,1,pmmr,FALSE,
1|0|0|1|0|1|0|1|1|1|0|1|0|1|0|2|0,1,1.76277851380977,0.960443427095451,0.0021065337779448,adjoint,2,1,pmmr,FALSE,
0|0|0|0|0|1|0|2|1|0|0|0|0|1|0|2|0,1,2.415725641674,0.700736495272574,4.32834909620947e-05,adjoint,2,1,pmmr,FALSE,
1|0|0|1|0|1|0|2|1|0|0|0|0|1|0|2|0,1,2.198086045239,1.10116783086412,2.7454609880748e-05,adjoint,2,1,pmmr,FALSE,
0|0|0|0|0|1|0|2|1|1|0|0|0|1|0|2|0,1,2.17140626472785,0.735869937255026,0.000343947204371135,adjoint,2,1,pmmr,FALSE,
1|0|0|1|0|1|0|2|1|1|0|0|0|1|0|2|0,1,1.94400995058913,1.03507130174185,0.00028044678723994,adjoint,2,1,pmmr,FALSE,
0|0|0|0|0|1|0|2|1|0|0|1|0|1|0|2|0,1,2.55779506546923,0.974469822799887,0.000145284437909297,adjoint,2,1,pmmr,FALSE,
1|0|0|1|0|1|0|2|1|0|0|1|0|1|0|2|0,1,2.38986704847369,1.27349908657609,0.000162066586929286,adjoint,2,1,pmmr,FALSE,
0|0|0|0|0|1|0|2|1|1|0|1|0|1|0|2|0,1,2.34225257888481,1.02638187052742,0.00156586775190226,adjoint,2,1,pmmr,FALSE,
1|0|0|1|0|1|0|2|1|1|0|1|0|1|0|2|0,1,2.15306253879273,1.24042229063301,0.00224231854507406,adjoint,2,1,pmmr,FALSE,
0|0|0|0|0|1|0|3|1|0|0|0|0|1|0|2|0,1,4.29709466309539,0.924044447032485,4.5560151239855e-06,adjoint,2,1,pmmr,FALSE,
1|0|0|1|0|1|0|3|1|0|0|0|0|1|0|2|0,1,3.90995717852947,1.34703838382435,2.74435569969999e-06,adjoint,2,1,pmmr,FALSE,
0|0|0|0|0|1|0|3|1|1|0|0|0|1|0|2|0,1,3.86249916406405,0.954365255667875,4.9613236034844e-05,adjoint,2,1,pmmr,FALSE,
1|0|0|1|0|1|0|3|1|1|0|0|0|1|0|2|0,1,3.45800642240655,1.27808070825854,3.88980373670224e-05,adjoint,2,1,pmmr,FALSE,
0|0|0|0|0|1|0|3|1|0|0|1|0|1|0|2|0,1,4.54980786539284,1.17537104204789,9.25149761374087e-05,adjoint,2,1,pmmr,FALSE,
1|0|0|1|0|1|0|3|1|0|0|1|0|1|0|2|0,1,4.25109737726154,1.49830021039334,9.800510014574e-05,adjoint,2,1,pmmr,FALSE,
0|0|0|0|0|1|0|3|1|1|0|1|0|1|0|2|0,1,4.16640072147132,1.22352968518102,0.00136644110750244,adjoint,2,1,pmmr,FALSE,
1|0|0|1|0|1|0|3|1|1|0|1|0|1|0|2|0,1,3.82986933000622,1.4633543416465,0.00188150161842117,adjoint,2,1,pmmr,FALSE,
0|0|0|0|0|1|0|0|0|0|0|0|0|1|0|3|0,1,0,0.412654938310264,0.00296218785647559,adjoint,2,1,pmmr,FALSE,
1|0|0|1|0|1|0|0|0|0|0|0|0|1|0|3|0,1,0,0.704551367464369,0.00397016218465647,adjoint,2,1,pmmr,FALSE,
0|0|0|0|0|1|0|0|0|1|0|0|0|1|0|3|0,1,0,0.440014508818467,0.000452986322575578,adjoint,2,1,pmmr,FALSE,
1|0|0|1|0|1|0|0|0|1|0|0|0|1|0|3|0,1,0,0.64075455187487,0.000770612605741864,adjoint,2,1,pmmr,FALSE,
0|0|0|0|0|1|0|0|0|0|0|1|0|1|0|3|0,1,0,0.706720949811713,0.000245821480983732,adjoint,2,1,pmmr,FALSE,
1|0|0|1|0|1|0|0|0|0|0|1|0|1|0|3|0,1,0,0.908448087184866,0.000579424526553867,adjoint,2,1,pmmr,FALSE,
0|0|0|0|0|1|0|0|0|1|0|1|0|1|0|3|0,1,0,0.745353706617357,5.098692286726e-05,adjoint,2,1,pmmr,FALSE,
1|0|0|1|0|1|0|0|0|1|0|1|0|1|0|3|0,1,0,0.869942214207967,0.000152332779195364,adjoint,2,1,pmmr,FALSE,
0|0|0|0|0|1|0|1|0|0|0|0|0|1|0|3|0,1,1.54477491976393,0.666990285456253,0.00189271671406637,adjoint,2,1,pmmr,FALSE,
1|0|0|1|0|1|0|1|0|0|0|0|0|1|0|3|0,1,1.91228614516847,1.00703011824412,0.00169034460143651,adjoint,2,1,pmmr,FALSE,
0|0|0|0|0|1|0|1|0|1|0|0|0|1|0|3|0,1,1.57848090994668,0.693000052690332,0.000359767283300581,adjoint,2,1,pmmr,FALSE,
1|0|0|1|0|1|0|1|0|1|0|0|0|1|0|3|0,1,1.93470945814506,0.936319833444428,0.000402409862251357,adjoint,2,1,pmmr,FALSE,
0|0|0|0|0|1|0|1|0|0|0|1|0|1|0|3|0,1,1.36759793628731,0.960527100297794,0.000950217267671792,adjoint,2,1,pmmr,FALSE,
1|0|0|1|0|1|0|1|0|0|0|1|0|1|0|3|0,1,1.72752148820504,1.20411382295422,0.00149242991090029,adjoint,2,1,pmmr,FALSE,
0|0|0|0|0|1|0|1|0|1|0|1|0|1|0|3|0,1,1.40250402431465,0.99967400969992,0.000244977076432212,adjoint,2,1,pmmr,FALSE,
1|0|0|1|0|1|0|1|0|1|0|1|0|1|0|3|0,1,1.74905440548635,1.16158057546414,0.000481233597165695,adjoint,2,1,pmmr,FALSE,
0|0|0|0|0|1|0|2|0|0|0|0|0|1|0|3|0,1,2.30453337760063,0.903018935470102,0.000387348846985528,adjoint,2,1,pmmr,FALSE,
1|0|0|1|0|1|0|2|0|0|0|0|0|1|0|3|0,1,2.33567157210025,1.28073746663602,0.000289639374165069,adjoint,2,1,pmmr,FALSE,
0|0|0|0|0|1|0|2|0|1|0|0|0|1|0|3|0,1,2.35481680621372,0.926310169295115,9.29482214131121e-05,adjoint,2,1,pmmr,FALSE,
1|0|0|1|0|1|0|2|0|1|0|0|0|1|0|3|0,1,2.36305946841695,1.20520132777635,8.93433239381007e-05,adjoint,2,1,pmmr,FALSE,
0|0|0|0|0|1|0|2|0|0|0|1|0|1|0|3|0,1,2.04021637779664,1.18567213850824,0.00117643960319249,adjoint,2,1,pmmr,FALSE,
1|0|0|1|0|1|0|2|0|0|0|1|0|1|0|3|0,1,2.1099995104746,1.46414472710523,0.00154705716455967,adjoint,2,1,pmmr,FALSE,
0|0|0|0|0|1|0|2|0|1|0|1|0|1|0|3|0,1,2.09229014201387,1.22357725499677,0.000382890800579288,adjoint,2,1,pmmr,FALSE,
1|0|0|1|0|1|0|2|0|1|0|1|0|1|0|3|0,1,2.13629987503322,1.4187571645294,0.000646367478920391,adjoint,2,1,pmmr,FALSE,
0|0|0|0|0|1|0|3|0|0|0|0|0|1|0|3|0,1,4.0993057766902,1.09517479730349,5.1203635578565e-05,adjoint,2,1,pmmr,FALSE,
1|0|0|1|0|1|0|3|0|0|0|0|0|1|0|3|0,1,4.15469442144954,1.4960394996587,3.58568030519115e-05,adjoint,2,1,pmmr,FALSE,
0|0|0|0|0|1|0|3|0|1|0|0|0|1|0|3|0,1,4.18874997888267,1.11467448290689,1.68376899903637e-05,adjoint,2,1,pmmr,FALSE,
1|0|0|1|0|1|0|3|0|1|0|0|0|1|0|3|0,1,4.20341203286436,1.41828741166698,1.53471652056226e-05,adjoint,2,1,pmmr,FALSE,
0|0|0|0|0|1|0|3|0|0|0|1|0|1|0|3|0,1,3.62913849045977,1.35775947620364,0.0009408020041138,adjoint,2,1,pmmr,FALSE,
1|0|0|1|0|1|0|3|0|0|0|1|0|1|0|3|0,1,3.7532687815125,1.66038140645682,0.00115864500636189,adjoint,2,1,pmmr,FALSE,
0|0|0|0|0|1|0|3|0|1|0|1|0|1|0|3|0,1,3.72176734302686,1.39280070530293,0.000419610575040866,adjoint,2,1,pmmr,FALSE,
1|0|0|1|0|1|0|3|0|1|0|1|0|1|0|3|0,1,3.80005189058444,1.6136194894866,0.000671700431026524,adjoint,2,1,pmmr,FALSE,
0|0|0|0|0|1|0|0|1|0|0|0|0|1|0|3|0,1,0,0.478263145698933,0.000421442527144908,adjoint,2,1,pmmr,FALSE,
1|0|0|1|0|1|0|0|1|0|0|0|0|1|0|3|0,1,0,0.722135691093517,0.000522142865839172,adjoint,2,1,pmmr,FALSE,
0|0|0|0|0|1|0|0|1|1|0|0|0|1|0|3|0,1,0,0.519371601645787,0.00235869064363942,adjoint,2,1,pmmr,FALSE,
1|0|0|1|0|1|0|0|1|1|0|0|0|1|0|3|0,1,0,0.676180055496592,0.00370917517016891,adjoint,2,1,pmmr,FALSE,
0|0|0|0|0|1|0|0|1|0|0|1|0|1|0|3|0,1,0,0.7729000743479,3.49740229829823e-05,adjoint,2,1,pmmr,FALSE,
1|0|0|1|0|1|0|0|1|0|0|1|0|1|0|3|0,1,0,0.934428246313016,7.62040361982139e-05,adjoint,2,1,pmmr,FALSE,
0|0|0|0|0|1|0|0|1|1|0|1|0|1|0|3|0,1,0,0.827946502593274,0.000265487878819798,adjoint,2,1,pmmr,FALSE,
1|0|0|1|0|1|0|0|1|1|0|1|0|1|0|3|0,1,0,0.915290699686193,0.000733220502732778,adjoint,2,1,pmmr,FALSE,
0|0|0|0|0|1|0|1|1|0|0|0|0|1|0|3|0,1,1.54477491976393,0.738847113235996,0.000209831924864159,adjoint,2,1,pmmr,FALSE,
1|0|0|1|0|1|0|1|1|0|0|0|0|1|0|3|0,1,1.91228614516847,1.02558113017906,0.000174013695953031,adjoint,2,1,pmmr,FALSE,
0|0|0|0|0|1|0|1|1|1|0|0|0|1|0|3|0,1,1.57848090994668,0.780433697833252,0.00145971391781939,adjoint,2,1,pmmr,FALSE,
1|0|0|1|0|1|0|1|1|1|0|0|0|1|0|3|0,1,1.93470945814506,0.975225049583645,0.00151613170980368,adjoint,2,1,pmmr,FALSE,
0|0|0|0|0|1|0|1|1|0|0|1|0|1|0|3|0,1,1.36759793628731,1.03320861107644,0.000105343772173051,adjoint,2,1,pmmr,FALSE,
1|0|0|1|0|1|0|1|1|0|0|1|0|1|0|3|0,1,1.72752148820504,1.23218165184794,0.000153639231033664,adjoint,2,1,pmmr,FALSE,
0|0|0|0|0|1|0|1|1|1|0|1|0|1|0|3|0,1,1.40250402431465,1.09076473904381,0.000993966001394401,adjoint,2,1,pmmr,FALSE,
1|0|0|1|0|1|0|1|1|1|0|1|0|1|0|3|0,1,1.74905440548635,1.2116120693687,0.0018131104252859,adjoint,2,1,pmmr,FALSE,
0|0|0|0|0|1|0|2|1|0|0|0|0|1|0|3|0,1,2.30453337760063,0.978791061303228,3.37092166553435e-05,adjoint,2,1,pmmr,FALSE,
1|0|0|1|0|1|0|2|1|0|0|0|0|1|0|3|0,1,2.33567157210025,1.29973142484797,2.3630401713998e-05,adjoint,2,1,pmmr,FALSE,
0|0|0|0|0|1|0|2|1|1|0|0|0|1|0|3|0,1,2.35481680621372,1.01892120446722,0.000296038102271336,adjoint,2,1,pmmr,FALSE,
1|0|0|1|0|1|0|2|1|1|0|0|0|1|0|3|0,1,2.36305946841695,1.24635751632598,0.000266769236029322,adjoint,2,1,pmmr,FALSE,
0|0|0|0|0|1|0|2|1|0|0|1|0|1|0|3|0,1,2.04021637779664,1.26248072135944,0.000102380213016159,adjoint,2,1,pmmr,FALSE,
1|0|0|1|0|1|0|2|1|0|0|1|0|1|0|3|0,1,2.1099995104746,1.49344154481095,0.000126217584810238,adjoint,2,1,pmmr,FALSE,
0|0|0|0|0|1|0|2|1|1|0|1|0|1|0|3|0,1,2.09229014201387,1.32013491296021,0.00121949903136774,adjoint,2,1,pmmr,FALSE,
1|0|0|1|0|1|0|2|1|1|0|1|0|1|0|3|0,1,2.13629987503322,1.47186113052538,0.00192998145743107,adjoint,2,1,pmmr,FALSE,
0|0|0|0|0|1|0|3|1|0|0|0|0|1|0|3|0,1,4.0993057766902,1.17207006311723,3.54822814624507e-06,adjoint,2,1,pmmr,FALSE,
1|0|0|1|0|1|0|3|1|0|0|0|0|1|0|3|0,1,4.15469442144954,1.51487445159471,2.36208884087935e-06,adjoint,2,1,pmmr,FALSE,
0|0|0|0|0|1|0|3|1|1|0|0|0|1|0|3|0,1,4.18874997888267,1.20897265467164,4.27025079914493e-05,adjoint,2,1,pmmr,FALSE,
1|0|0|1|0|1|0|3|1|1|0|0|0|1|0|3|0,1,4.20341203286436,1.4601956294058,3.700095769884e-05,adjoint,2,1,pmmr,FALSE,
0|0|0|0|0|1|0|3|1|0|0|1|0|1|0|3|0,1,3.62913849045977,1.43584121117588,6.51942018046429e-05,adjoint,2,1,pmmr,FALSE,
1|0|0|1|0|1|0|3|1|0|0|1|0|1|0|3|0,1,3.7532687815125,1.68988769706618,7.63264487384938e-05,adjoint,2,1,pmmr,FALSE,
0|0|0|0|0|1|0|3|1|1|0|1|0|1|0|3|0,1,3.72176734302686,1.49117432291893,0.00106418540454386,adjoint,2,1,pmmr,FALSE,
1|0|0|1|0|1|0|3|1|1|0|1|0|1|0|3|0,1,3.80005189058444,1.66782816686216,0.00161942345063176,adjoint,2,1,pmmr,FALSE,
0|0|0|0|0|1|0|0|0|0|0|0|0|1|0|0|1,1,0,-0.390077859179599,0.00361802441808784,adjoint,2,1,pmmr,FALSE,
1|0|0|1|0|1|0|0|0|0|0|0|0|1|0|0|1,1,0,-0.0332792193733898,0.00325049387528552,adjoint,2,1,pmmr,FALSE,
0|0|0|0|0|1|0|0|0|1|0|0|0|1|0|0|1,1,0,-0.348749554251993,0.000335580521483595,adjoint,2,1,pmmr,FALSE,
1|0|0|1|0|1|0|0|0|1|0|0|0|1|0|0|1,1,0,-0.0866924360770452,0.000382674894927813,adjoint,2,1,pmmr,FALSE,
0|0|0|0|0|1|0|0|0|0|0|1|0|1|0|0|1,1,0,-0.173879436133252,0.000604623279416797,adjoint,2,1,pmmr,FALSE,
1|0|0|1|0|1|0|0|0|0|0|1|0|1|0|0|1,1,0,0.092759933429407,0.000955309541694711,adjoint,2,1,pmmr,FALSE,
0|0|0|0|0|1|0|0|0|1|0|1|0|1|0|0|1,1,0,-0.116317589030196,7.6063550790109e-05,adjoint,2,1,pmmr,FALSE,
1|0|0|1|0|1|0|0|0|1|0|1|0|1|0|0|1,1,0,0.0691449769260949,0.000152332779195364,adjoint,2,1,pmmr,FALSE,
0|0|0|0|0|1|0|1|0|0|0|0|0|1|0|0|1,1,-0.770083206102352,-0.156745986415144,0.00231176941497651,adjoint,2,1,pmmr,FALSE,
1|0|0|1|0|1|0|1|0|0|0|0|0|1|0|0|1,1,-0.826957025638408,0.24967716926902,0.00138393710849542,adjoint,2,1,pmmr,FALSE,
0|0|0|0|0|1|0|1|0|1|0|0|0|1|0|0|1,1,-0.755828847931774,-0.119797741084792,0.000266522158674232,adjoint,2,1,pmmr,FALSE,
1|0|0|1|0|1|0|1|0|1|0|0|0|1|0|0|1,1,-0.827319744552918,0.186084823189051,0.00019983082369475,adjoint,2,1,pmmr,FALSE,
0|0|0|0|0|1|0|1|0|0|0|1|0|1|0|0|1,1,-0.734080947483544,0.0534386109462273,0.0023371573478406,adjoint,2,1,pmmr,FALSE,
1|0|0|1|0|1|0|1|0|0|0|1|0|1|0|0|1,1,-0.774714046116868,0.362645503137064,0.0024606009391304,adjoint,2,1,pmmr,FALSE,
0|0|0|0|0|1|0|1|0|1|0|1|0|1|0|0|1,1,-0.770900638738044,0.108403286556639,0.000365462852977528,adjoint,2,1,pmmr,FALSE,
1|0|0|1|0|1|0|1|0|1|0|1|0|1|0|0|1,1,-0.82239829508859,0.331745098581529,0.000481233597165695,adjoint,2,1,pmmr,FALSE,
0|0|0|0|0|1|0|2|0|0|0|0|0|1|0|0|1,1,-1.14882914610226,0.0876503163543327,0.000473108950078285,adjoint,2,1,pmmr,FALSE,
1|0|0|1|0|1|0|2|0|0|0|0|0|1|0|0|1,1,-1.01004759199468,0.530678791608222,0.000237136662931203,adjoint,2,1,pmmr,FALSE,
0|0|0|0|0|1|0|2|0|1|0|0|0|1|0|0|1,1,-1.12756414253437,0.118276253643297,6.8857736002792e-05,adjoint,2,1,pmmr,FALSE,
1|0|0|1|0|1|0|2|0|1|0|0|0|1|0|0|1,1,-1.0104906178773,0.458565505891688,4.43665816595361e-05,adjoint,2,1,pmmr,FALSE,
0|0|0|0|0|1|0|2|0|0|0|1|0|1|0|0|1,1,-1.09512008752385,0.284372230990858,0.0028935745081005,adjoint,2,1,pmmr,FALSE,
1|0|0|1|0|1|0|2|0|0|0|1|0|1|0|0|1,1,-0.946237872712568,0.626608719459014,0.00255066605419856,adjoint,2,1,pmmr,FALSE,
0|0|0|0|0|1|0|2|0|1|0|1|0|1|0|0|1,1,-1.15004861229684,0.334210386562735,0.00057120595280382,adjoint,2,1,pmmr,FALSE,
1|0|0|1|0|1|0|2|0|1|0|1|0|1|0|0|1,1,-1.00447954592743,0.588983467191636,0.000646367478920391,adjoint,2,1,pmmr,FALSE,
0|0|0|0|0|1|0|3|0|0|0|0|0|1|0|0|1,1,-2.04353818470196,0.316610589591132,6.25402617234875e-05,adjoint,2,1,pmmr,FALSE,
1|0|0|1|0|1|0|3|0|0|0|0|0|1|0|0|1,1,-1.79667344757953,0.779279146104546,2.93570673656604e-05,adjoint,2,1,pmmr,FALSE,
0|0|0|0|0|1|0|3|0|1|0|0|0|1|0|0|1,1,-2.00571197970337,0.339661319981274,1.24736675390516e-05,adjoint,2,1,pmmr,FALSE,
1|0|0|1|0|1|0|3|0|1|0|0|0|1|0|0|1,1,-1.79746150236645,0.701228240191115,7.62117669597106e-06,adjoint,2,1,pmmr,FALSE,
0|0|0|0|0|1|0|3|0|0|0|1|0|1|0|0|1,1,-1.94800046924466,0.493865616993409,0.002313999536301,adjoint,2,1,pmmr,FALSE,
1|0|0|1|0|1|0|3|0|0|0|1|0|1|0|0|1,1,-1.68316866895294,0.856038277370585,0.00191028266717933,adjoint,2,1,pmmr,FALSE,
0|0|0|0|0|1|0|3|0|1|0|1|0|1|0|0|1,1,-2.04570737212381,0.536606491421608,0.000625985419237419,adjoint,2,1,pmmr,FALSE,
1|0|0|1|0|1|0|3|0|1|0|1|0|1|0|0|1,1,-1.78676900287491,0.812978073782232,0.000671700431026524,adjoint,2,1,pmmr,FALSE,
0|0|0|0|0|1|0|0|1|0|0|0|0|1|0|0|1,1,0,-0.318472097211235,0.000514751065060783,adjoint,2,1,pmmr,FALSE,
1|0|0|1|0|1|0|0|1|0|0|0|0|1|0|0|1,1,0,-0.0129469638860418,0.000427494421762801,adjoint,2,1,pmmr,FALSE,
0|0|0|0|0|1|0|0|1|1|0|0|0|1|0|0|1,1,0,-0.273664923138698,0.00174736100575957,adjoint,2,1,pmmr,FALSE,
1|0|0|1|0|1|0|0|1|1|0|0|0|1|0|0|1,1,0,-0.0581660099505105,0.00184192187869388,adjoint,2,1,pmmr,FALSE,
0|0|0|0|0|1|0|0|1|0|0|1|0|1|0|0|1,1,0,-0.0977711718999384,8.6022215738618e-05,adjoint,2,1,pmmr,FALSE,
1|0|0|1|0|1|0|0|1|0|0|1|0|1|0|0|1,1,0,0.125228340175588,0.000125639215393198,adjoint,2,1,pmmr,FALSE,
0|0|0|0|0|1|0|0|1|1|0|1|0|1|0|0|1,1,0,-0.0348912223973022,0.000396061374547767,adjoint,2,1,pmmr,FALSE,
1|0|0|1|0|1|0|0|1|1|0|1|0|1|0|0|1,1,0,0.110521120918281,0.000733220502732778,adjoint,2,1,pmmr,FALSE,
0|0|0|0|0|1|0|1|1|0|0|0|0|1|0|0|1,1,-0.770083206102352,-0.0800960008248105,0.000256289291779141,adjoint,2,1,pmmr,FALSE,
1|0|0|1|0|1|0|1|1|0|0|0|0|1|0|0|1,1,-0.826957025638408,0.269533782583323,0.000142470364333508,adjoint,2,1,pmmr,FALSE,
0|0|0|0|0|1|0|1|1|1|0|0|0|1|0|0|1,1,-0.755828847931774,-0.0381942962247526,0.0010813826673033,adjoint,2,1,pmmr,FALSE,
1|0|0|1|0|1|0|1|1|1|0|0|0|1|0|0|1,1,-0.827319744552918,0.216326223185064,0.000752888725700648,adjoint,2,1,pmmr,FALSE,
0|0|0|0|0|1|0|1|1|0|0|1|0|1|0|0|1,1,-0.734080947483544,0.134719414632361,0.000259103869777846,adjoint,2,1,pmmr,FALSE,
1|0|0|1|0|1|0|1|1|0|0|1|0|1|0|0|1,1,-0.774714046116868,0.395702654731091,0.000253308268219214,adjoint,2,1,pmmr,FALSE,
0|0|0|0|0|1|0|1|1|1|0|1|0|1|0|0|1,1,-0.770900638738044,0.196584823400062,0.0014828230294959,adjoint,2,1,pmmr,FALSE,
1|0|0|1|0|1|0|1|1|1|0|1|0|1|0|0|1,1,-0.82239829508859,0.375912922977404,0.0018131104252859,adjoint,2,1,pmmr,FALSE,
0|0|0|0|0|1|0|2|1|0|0|0|0|1|0|0|1,1,-1.14882914610226,0.166762534153484,4.11725301982552e-05,adjoint,2,1,pmmr,FALSE,
1|0|0|1|0|1|0|2|1|0|0|0|0|1|0|0|1,1,-1.01004759199468,0.54941121998908,1.93469365908368e-05,adjoint,2,1,pmmr,FALSE,
0|0|0|0|0|1|0|2|1|1|0|0|0|1|0|0|1,1,-1.12756414253437,0.20362292729496,0.000219310420178643,adjoint,2,1,pmmr,FALSE,
1|0|0|1|0|1|0|2|1|1|0|0|0|1|0|0|1,1,-1.0104906178773,0.489515909894989,0.000132473682115823,adjoint,2,1,pmmr,FALSE,
0|0|0|0|0|1|0|2|1|0|0|1|0|1|0|0|1,1,-1.09512008752385,0.368044485236746,0.000251814690455457,adjoint,2,1,pmmr,FALSE,
1|0|0|1|0|1|0|2|1|0|0|1|0|1|0|0|1,1,-0.946237872712568,0.659121680016775,0.000208097616813036,adjoint,2,1,pmmr,FALSE,
0|0|0|0|0|1|0|2|1|1|0|1|0|1|0|0|1,1,-1.15004861229684,0.42611362773724,0.00181927877374401,adjoint,2,1,pmmr,FALSE,
1|0|0|1|0|1|0|2|1|1|0|1|0|1|0|0|1,1,-1.00447954592743,0.634436246708007,0.00192998145743107,adjoint,2,1,pmmr,FALSE,
0|0|0|0|0|1|0|3|1|0|0|0|0|1|0|0|1,1,-2.04353818470196,0.395301339003025,4.33381564440528e-06,adjoint,2,1,pmmr,FALSE,
1|0|0|1|0|1|0|3|1|0|0|0|0|1|0|0|1,1,-1.79667344757953,0.7963300780184,1.93391477553025e-06,adjoint,2,1,pmmr,FALSE,
0|0|0|0|0|1|0|3|1|1|0|0|0|1|0|0|1,1,-2.00571197970337,0.425539640761552,3.16347959888723e-05,adjoint,2,1,pmmr,FALSE,
1|0|0|1|0|1|0|3|1|1|0|0|0|1|0|0|1,1,-1.79746150236645,0.731778216674366,1.83741318194515e-05,adjoint,2,1,pmmr,FALSE,
0|0|0|0|0|1|0|3|1|0|0|1|0|1|0|0|1,1,-1.94800046924466,0.57685809772957,0.000160351861588094,adjoint,2,1,pmmr,FALSE,
1|0|0|1|0|1|0|3|1|0|0|1|0|1|0|0|1,1,-1.68316866895294,0.88690564615324,0.000125841039552158,adjoint,2,1,pmmr,FALSE,
0|0|0|0|0|1|0|3|1|1|0|1|0|1|0|0|1,1,-2.04570737212381,0.628767448598643,0.00158757806936789,adjoint,2,1,pmmr,FALSE,
1|0|0|1|0|1|0|3|1|1|0|1|0|1|0|0|1,1,-1.78676900287491,0.858045736429696,0.00161942345063175,adjoint,2,1,pmmr,FALSE,
0|0|0|0|0|1|0|0|0|0|0|0|0|1|0|1|1,1,0,-0.0715769502878486,0.00420354465996152,adjoint,2,1,pmmr,FALSE,
1|0|0|1|0|1|0|0|0|0|0|0|0|1|0|1|1,1,0,0.243493688411389,0.00377653509008527,adjoint,2,1,pmmr,FALSE,
0|0|0|0|0|1|0|0|0|1|0|0|0|1|0|1|1,1,0,-0.0338797239847596,0.000526295021055867,adjoint,2,1,pmmr,FALSE,
1|0|0|1|0|1|0|0|0|1|0|0|0|1|0|1|1,1,0,0.185116324875951,0.000600153700796459,adjoint,2,1,pmmr,FALSE,
0|0|0|0|0|1|0|0|0|0|0|1|0|1|0|1|1,1,0,0.175271338177895,0.000575135454119375,adjoint,2,1,pmmr,FALSE,
1|0|0|1|0|1|0|0|0|0|0|1|0|1|0|1|1,1,0,0.401723475642374,0.0009087185455663,adjoint,2,1,pmmr,FALSE,
0|0|0|0|0|1|0|0|0|1|0|1|0|1|0|1|1,1,0,0.230666177870428,9.76675324980188e-05,adjoint,2,1,pmmr,FALSE,
1|0|0|1|0|1|0|0|0|1|0|1|0|1|0|1|1,1,0,0.374352812233013,0.000195599160281529,adjoint,2,1,pmmr,FALSE,
0|0|0|0|0|1|0|1|0|0|0|0|0|1|0|1|1,1,0.773836268694551,0.175837525559254,0.00268589286761164,adjoint,2,1,pmmr,FALSE,
1|0|0|1|0|1|0|1|0|0|0|0|0|1|0|1|1,1,0.865694068722909,0.538949385199177,0.00160790552243234,adjoint,2,1,pmmr,FALSE,
0|0|0|0|0|1|0|1|0|1|0|0|0|1|0|1|1,1,0.435488965815403,0.210303321180828,0.000417989949151942,adjoint,2,1,pmmr,FALSE,
1|0|0|1|0|1|0|1|0|1|0|0|0|1|0|1|1,1,0.489233428643141,0.471617341992938,0.000313397115837013,adjoint,2,1,pmmr,FALSE,
0|0|0|0|0|1|0|1|0|0|0|1|0|1|0|1|1,1,1.23390479172961,0.419214151222165,0.00222317283895403,adjoint,2,1,pmmr,FALSE,
1|0|0|1|0|1|0|1|0|0|0|1|0|1|0|1|1,1,1.37268271902219,0.686802870243681,0.00234059601525493,adjoint,2,1,pmmr,FALSE,
0|0|0|0|0|1|0|1|0|1|0|1|0|1|0|1|1,1,0.871701600993315,0.47319999671285,0.000469263592078361,adjoint,2,1,pmmr,FALSE,
1|0|0|1|0|1|0|1|0|1|0|1|0|1|0|1|1,1,0.969063373570781,0.653364063129784,0.000617916170124823,adjoint,2,1,pmmr,FALSE,
0|0|0|0|0|1|0|2|0|0|0|0|0|1|0|1|1,1,1.1544280575691,0.422451662251557,0.000549674178742178,adjoint,2,1,pmmr,FALSE,
1|0|0|1|0|1|0|2|0|0|0|0|0|1|0|1|1,1,1.05736112326106,0.822181550787687,0.000275513495199786,adjoint,2,1,pmmr,FALSE,
0|0|0|0|0|1|0|2|0|1|0|0|0|1|0|1|1,1,0.649673194753673,0.451877120823627,0.000107990426438444,adjoint,2,1,pmmr,FALSE,
1|0|0|1|0|1|0|2|0|1|0|0|0|1|0|1|1,1,0.597551059128889,0.747732251308596,6.9580650645195e-05,adjoint,2,1,pmmr,FALSE,
0|0|0|0|0|1|0|2|0|0|0|1|0|1|0|1|1,1,1.84076964284014,0.653765420530394,0.00275245321409038,adjoint,2,1,pmmr,FALSE,
1|0|0|1|0|1|0|2|0|0|0|1|0|1|0|1|1,1,1.67659845909251,0.954495715452538,0.00242626860282881,adjoint,2,1,pmmr,FALSE,
0|0|0|0|0|1|0|2|0|1|0|1|0|1|0|1|1,1,1.30042597733526,0.703895203499996,0.000733442961563443,adjoint,2,1,pmmr,FALSE,
1|0|0|1|0|1|0|2|0|1|0|1|0|1|0|1|1,1,1.18361667731135,0.915687854910786,0.00082995227145416,adjoint,2,1,pmmr,FALSE,
0|0|0|0|0|1|0|3|0|0|0|0|0|1|0|1|1,1,2.05349753280351,0.641522638622731,7.26614176195367e-05,adjoint,2,1,pmmr,FALSE,
1|0|0|1|0|1|0|3|0|0|0|0|0|1|0|1|1,1,1.88083479404604,1.06249979926483,3.41080461315053e-05,adjoint,2,1,pmmr,FALSE,
0|0|0|0|0|1|0|3|0|1|0|0|0|1|0|1|1,1,1.15563918756834,0.664648682510246,1.95626047992477e-05,adjoint,2,1,pmmr,FALSE,
1|0|0|1|0|1|0|3|0|1|0|0|0|1|0|1|1,1,1.06292429190362,0.983543304693845,1.19523842800651e-05,adjoint,2,1,pmmr,FALSE,
0|0|0|0|0|1|0|3|0|0|0|1|0|1|0|1|1,1,3.27436248213811,0.853474512728963,0.00220114444721052,adjoint,2,1,pmmr,FALSE,
1|0|0|1|0|1|0|3|0|0|0|1|0|1|0|1|1,1,2.98233465193007,1.17578367294783,0.00181711708213468,adjoint,2,1,pmmr,FALSE,
0|0|0|0|0|1|0|3|0|1|0|1|0|1|0|1|1,1,2.31319874681036,0.897721383681742,0.000803781188776778,adjoint,2,1,pmmr,FALSE,
1|0|0|1|0|1|0|3|0|1|0|1|0|1|0|1|1,1,2.10541827245781,1.13288776735798,0.000862480425838168,adjoint,2,1,pmmr,FALSE,
0|0|0|0|0|1|0|0|1|0|0|0|0|1|0|1|1,1,0,-0.00160063174268769,0.000598055413868473,adjoint,2,1,pmmr,FALSE,
1|0|0|1|0|1|0|0|1|0|0|0|0|1|0|1|1,1,0,0.261661194471771,0.000496677657779349,adjoint,2,1,pmmr,FALSE,
0|0|0|0|0|1|0|0|1|1|0|0|0|1|0|1|1,1,0,0.0436000866487488,0.00274040755778309,adjoint,2,1,pmmr,FALSE,
1|0|0|1|0|1|0|0|1|1|0|0|0|1|0|1|1,1,0,0.215019090870639,0.00288870852707656,adjoint,2,1,pmmr,FALSE,
0|0|0|0|0|1|0|0|1|0|0|1|0|1|0|1|1,1,0,0.250451362243734,8.18268627713218e-05,adjoint,2,1,pmmr,FALSE,
1|0|0|1|0|1|0|0|1|0|0|1|0|1|0|1|1,1,0,0.432532785973752,0.000119511718553193,adjoint,2,1,pmmr,FALSE,
0|0|0|0|0|1|0|0|1|1|0|1|0|1|0|1|1,1,0,0.315556444121991,0.000508552871487617,adjoint,2,1,pmmr,FALSE,
1|0|0|1|0|1|0|0|1|1|0|1|0|1|0|1|1,1,0,0.417989887642579,0.00094147376154545,adjoint,2,1,pmmr,FALSE,
0|0|0|0|0|1|0|1|1|0|0|0|0|1|0|1|1,1,0.773836268694551,0.251304730691524,0.000297765675233586,adjoint,2,1,pmmr,FALSE,
1|0|0|1|0|1|0|1|1|0|0|0|0|1|0|1|1,1,0.865694068722909,0.557173801700734,0.000165526947856643,adjoint,2,1,pmmr,FALSE,
0|0|0|0|0|1|0|1|1|1|0|0|0|1|0|1|1,1,0.435488965815403,0.294958860391383,0.00169594561430963,adjoint,2,1,pmmr,FALSE,
1|0|0|1|0|1|0|1|1|1|0|0|0|1|0|1|1,1,0.489233428643141,0.503953682712041,0.00118076456283449,adjoint,2,1,pmmr,FALSE,
0|0|0|0|0|1|0|1|1|0|0|1|0|1|0|1|1,1,1.23390479172961,0.500065155039076,0.000246467224934689,adjoint,2,1,pmmr,FALSE,
1|0|0|1|0|1|0|1|1|0|0|1|0|1|0|1|1,1,1.37268271902219,0.718750808235682,0.000240954278199435,adjoint,2,1,pmmr,FALSE,
0|0|0|0|0|1|0|1|1|1|0|1|0|1|0|1|1,1,0.871701600993315,0.565582253414406,0.00190398245832266,adjoint,2,1,pmmr,FALSE,
1|0|0|1|0|1|0|1|1|1|0|1|0|1|0|1|1,1,0.969063373570781,0.700558962913065,0.00232807986932862,adjoint,2,1,pmmr,FALSE,
0|0|0|0|0|1|0|2|1|0|0|0|0|1|0|1|1,1,1.1544280575691,0.500883459731437,4.78356554440972e-05,adjoint,2,1,pmmr,FALSE,
1|0|0|1|0|1|0|2|1|0|0|0|0|1|0|1|1,1,1.05736112326106,0.83988894600575,2.2477933423127e-05,adjoint,2,1,pmmr,FALSE,
0|0|0|0|0|1|0|2|1|1|0|0|0|1|0|1|1,1,0.649673194753674,0.540839710811818,0.000343947204371135,adjoint,2,1,pmmr,FALSE,
1|0|0|1|0|1|0|2|1|1|0|0|0|1|0|1|1,1,0.597551059128889,0.781440439663672,0.000207760089918997,adjoint,2,1,pmmr,FALSE,
0|0|0|0|0|1|0|2|1|0|0|1|0|1|0|1|1,1,1.84076964284014,0.737538587317501,0.000239533543082769,adjoint,2,1,pmmr,FALSE,
1|0|0|1|0|1|0|2|1|0|0|1|0|1|0|1|1,1,1.67659845909251,0.986508134613094,0.000197948576281035,adjoint,2,1,pmmr,FALSE,
0|0|0|0|0|1|0|2|1|1|0|1|0|1|0|1|1,1,1.30042597733526,0.800605661967907,0.00233600018552781,adjoint,2,1,pmmr,FALSE,
1|0|0|1|0|1|0|2|1|1|0|1|0|1|0|1|1,1,1.18361667731135,0.96484811257639,0.00247814524507754,adjoint,2,1,pmmr,FALSE,
0|0|0|0|0|1|0|3|1|0|0|0|0|1|0|1|1,1,2.05349753280351,0.720037132921302,5.03517541734159e-06,adjoint,2,1,pmmr,FALSE,
1|0|0|1|0|1|0|3|1|0|0|0|0|1|0|1|1,1,1.88083479404604,1.07914220740208,2.24688840872922e-06,adjoint,2,1,pmmr,FALSE,
0|0|0|0|0|1|0|3|1|1|0|0|0|1|0|1|1,1,1.15563918756834,0.754552942106476,4.96132360348439e-05,adjoint,2,1,pmmr,FALSE,
1|0|0|1|0|1|0|3|1|1|0|0|0|1|0|1|1,1,1.06292429190361,1.01738671838159,2.88163748302485e-05,adjoint,2,1,pmmr,FALSE,
0|0|0|0|0|1|0|3|1|0|0|1|0|1|0|1|1,1,3.27436248213811,0.937073752493766,0.000152531409016061,adjoint,2,1,pmmr,FALSE,
1|0|0|1|0|1|0|3|1|0|0|1|0|1|0|1|1,1,2.98233465193007,1.20675239147871,0.00011970369963177,adjoint,2,1,pmmr,FALSE,
0|0|0|0|0|1|0|3|1|1|0|1|0|1|0|1|1,1,2.31319874681036,0.995100232849942,0.00203849059204443,adjoint,2,1,pmmr,FALSE,
1|0|0|1|0|1|0|3|1|1|0|1|0|1|0|1|1,1,2.10541827245781,1.18218409518908,0.00207938087099134,adjoint,2,1,pmmr,FALSE,
0|0|0|0|0|1|0|0|0|0|0|0|0|1|0|2|1,1,0,0.256375827838998,0.00327372387285366,adjoint,2,1,pmmr,FALSE,
1|0|0|1|0|1|0|0|0|0|0|0|0|1|0|2|1,1,0,0.513902925047609,0.00325049387528552,adjoint,2,1,pmmr,FALSE,
0|0|0|0|0|1|0|0|0|1|0|0|0|1|0|2|1,1,0,0.291067874944422,0.000452986322575578,adjoint,2,1,pmmr,FALSE,
1|0|0|1|0|1|0|0|0|1|0|0|0|1|0|2|1,1,0,0.455495377911733,0.00057088385942059,adjoint,2,1,pmmr,FALSE,
0|0|0|0|0|1|0|0|0|0|0|1|0|1|0|2|1,1,0,0.52367004807022,0.000405291104492887,adjoint,2,1,pmmr,FALSE,
1|0|0|1|0|1|0|0|0|0|0|1|0|1|0|2|1,1,0,0.698207420418545,0.000707710714878543,adjoint,2,1,pmmr,FALSE,
0|0|0|0|0|1|0|0|0|1|0|1|0|1|0|2|1,1,0,0.576970837833553,7.6063550790109e-05,adjoint,2,1,pmmr,FALSE,
1|0|0|1|0|1|0|0|0|1|0|1|0|1|0|2|1,1,0,0.670756850178813,0.000168353757436355,adjoint,2,1,pmmr,FALSE,
0|0|0|0|0|1|0|1|0|0|0|0|0|1|0|2|1,1,1.65455438401082,0.506761738966715,0.00209177546854185,adjoint,2,1,pmmr,FALSE,
1|0|0|1|0|1|0|1|0|0|0|0|0|1|0|2|1,1,1.85362906299535,0.808320987688697,0.00138393710849542,adjoint,2,1,pmmr,FALSE,
0|0|0|0|0|1|0|1|0|1|0|0|0|1|0|2|1,1,1.49600359771114,0.539677470819327,0.000359767283300581,adjoint,2,1,pmmr,FALSE,
1|0|0|1|0|1|0|1|0|1|0|0|0|1|0|2|1,1,1.65473534285956,0.74273738220145,0.000298112558137826,adjoint,2,1,pmmr,FALSE,
0|0|0|0|0|1|0|1|0|0|0|1|0|1|0|2|1,1,1.74660715763045,0.773421825529778,0.00156664342099704,adjoint,2,1,pmmr,FALSE,
1|0|0|1|0|1|0|1|0|0|0|1|0|1|0|2|1,1,2.00244706253921,0.985554237551219,0.00182285800953435,adjoint,2,1,pmmr,FALSE,
0|0|0|0|0|1|0|1|0|1|0|1|0|1|0|2|1,1,1.6096318489296,0.826743242989424,0.000365462852977528,adjoint,2,1,pmmr,FALSE,
1|0|0|1|0|1|0|1|0|1|0|1|0|1|0|2|1,1,1.81934793582407,0.953686805141691,0.000531845376388458,adjoint,2,1,pmmr,FALSE,
0|0|0|0|0|1|0|2|0|0|0|0|0|1|0|2|1,1,2.46830509365798,0.744311331111686,0.000428086680838539,adjoint,2,1,pmmr,FALSE,
1|0|0|1|0|1|0|2|0|0|0|0|0|1|0|2|1,1,2.26402765014837,1.08064659645329,0.000237136662931203,adjoint,2,1,pmmr,FALSE,
0|0|0|0|0|1|0|2|0|1|0|0|0|1|0|2|1,1,2.23177511482567,0.773772908855375,9.29482214131121e-05,adjoint,2,1,pmmr,FALSE,
1|0|0|1|0|1|0|2|0|1|0|0|0|1|0|2|1,1,2.02109831179378,1.00973752489607,6.61871622696141e-05,adjoint,2,1,pmmr,FALSE,
0|0|0|0|0|1|0|2|0|0|0|1|0|1|0|2|1,1,2.60563169483013,1.00095614869343,0.00193962099747748,adjoint,2,1,pmmr,FALSE,
1|0|0|1|0|1|0|2|0|0|0|1|0|1|0|2|1,1,2.44579436525512,1.24464389087646,0.00188957988782464,adjoint,2,1,pmmr,FALSE,
0|0|0|0|0|1|0|2|0|1|0|1|0|1|0|2|1,1,2.40128854634316,1.05195077352866,0.00057120595280382,adjoint,2,1,pmmr,FALSE,
1|0|0|1|0|1|0|2|0|1|0|1|0|1|0|2|1,1,2.22215658686853,1.20907720709831,0.00071434654009269,adjoint,2,1,pmmr,FALSE,
0|0|0|0|0|1|0|3|0|0|0|0|0|1|0|2|1,1,4.39062303345795,0.943262554677166,5.65887689411735e-05,adjoint,2,1,pmmr,FALSE,
1|0|0|1|0|1|0|3|0|0|0|0|0|1|0|2|1,1,4.02725415697924,1.30136866289261,2.93570673656604e-05,adjoint,2,1,pmmr,FALSE,
0|0|0|0|0|1|0|3|0|1|0|0|0|1|0|2|1,1,3.96988332189117,0.96796927887622,1.68376899903637e-05,adjoint,2,1,pmmr,FALSE,
1|0|0|1|0|1|0|3|0|1|0|0|0|1|0|2|1,1,3.59513125968308,1.22756271937024,1.13694596201377e-05,adjoint,2,1,pmmr,FALSE,
0|0|0|0|0|1|0|3|0|0|0|1|0|1|0|2|1,1,4.63489969915951,1.18158120045134,0.00155112027569973,adjoint,2,1,pmmr,FALSE,
1|0|0|1|0|1|0|3|0|0|0|1|0|1|0|2|1,1,4.35058093214744,1.44738759140313,0.00141517220649891,adjoint,2,1,pmmr,FALSE,
0|0|0|0|0|1|0|3|0|1|0|1|0|1|0|2|1,1,4.27141394661561,1.22815527357607,0.000625985419237419,adjoint,2,1,pmmr,FALSE,
1|0|0|1|0|1|0|3|0|1|0|1|0|1|0|2|1,1,3.95277387682903,1.40923975357691,0.000742343782029392,adjoint,2,1,pmmr,FALSE,
0|0|0|0|0|1|0|0|1|0|0|0|0|1|0|2|1,1,0,0.322772573989104,0.000465766024640859,adjoint,2,1,pmmr,FALSE,
1|0|0|1|0|1|0|0|1|0|0|0|0|1|0|2|1,1,0,0.530221348494289,0.000427494421762801,adjoint,2,1,pmmr,FALSE,
0|0|0|0|0|1|0|0|1|1|0|0|0|1|0|2|1,1,0,0.36870934300942,0.00235869064363942,adjoint,2,1,pmmr,FALSE,
1|0|0|1|0|1|0|0|1|1|0|0|0|1|0|2|1,1,0,0.486588080461076,0.00274782454976134,adjoint,2,1,pmmr,FALSE,
0|0|0|0|0|1|0|0|1|0|0|1|0|1|0|2|1,1,0,0.595925906482807,5.76624156139981e-05,adjoint,2,1,pmmr,FALSE,
1|0|0|1|0|1|0|0|1|0|0|1|0|1|0|2|1,1,0,0.727231664779072,9.30758199954358e-05,adjoint,2,1,pmmr,FALSE,
0|0|0|0|0|1|0|0|1|1|0|1|0|1|0|2|1,1,0,0.66296540728781,0.000396061374547767,adjoint,2,1,pmmr,FALSE,
1|0|0|1|0|1|0|0|1|1|0|1|0|1|0|2|1,1,0,0.715997834287239,0.000810333976157072,adjoint,2,1,pmmr,FALSE,
0|0|0|0|0|1|0|1|1|0|0|0|0|1|0|2|1,1,1.65455438401082,0.578928396646857,0.000231900141043703,adjoint,2,1,pmmr,FALSE,
1|0|0|1|0|1|0|1|1|0|0|0|0|1|0|2|1,1,1.85362906299535,0.82530585860899,0.000142470364333508,adjoint,2,1,pmmr,FALSE,
0|0|0|0|0|1|0|1|1|1|0|0|0|1|0|2|1,1,1.49600359771114,0.624914598522667,0.00145971391781939,adjoint,2,1,pmmr,FALSE,
1|0|0|1|0|1|0|1|1|1|0|0|0|1|0|2|1,1,1.65473534285956,0.776954988590313,0.00112317799557589,adjoint,2,1,pmmr,FALSE,
0|0|0|0|0|1|0|1|1|0|0|1|0|1|0|2|1,1,1.74660715763045,0.851684877831652,0.000173682517917498,adjoint,2,1,pmmr,FALSE,
1|0|0|1|0|1|0|1|1|0|0|1|0|1|0|2|1,1,2.00244706253921,1.01630342369792,0.000187655380546125,adjoint,2,1,pmmr,FALSE,
0|0|0|0|0|1|0|1|1|1|0|1|0|1|0|2|1,1,1.6096318489296,0.92073022863877,0.0014828230294959,adjoint,2,1,pmmr,FALSE,
1|0|0|1|0|1|0|1|1|1|0|1|0|1|0|2|1,1,1.81934793582407,1.00318336172271,0.00200379691328575,adjoint,2,1,pmmr,FALSE,
0|0|0|0|0|1|0|2|1|0|0|0|0|1|0|2|1,1,2.46830509365798,0.819846768842331,3.72544459185968e-05,adjoint,2,1,pmmr,FALSE,
1|0|0|1|0|1|0|2|1|0|0|0|0|1|0|2|1,1,2.26402765014837,1.09778249680416,1.93469365908368e-05,adjoint,2,1,pmmr,FALSE,
0|0|0|0|0|1|0|2|1|1|0|0|0|1|0|2|1,1,2.23177511482567,0.863727126286672,0.000296038102271336,adjoint,2,1,pmmr,FALSE,
1|0|0|1|0|1|0|2|1|1|0|0|0|1|0|2|1,1,2.02109831179378,1.04596770087627,0.000197627510767864,adjoint,2,1,pmmr,FALSE,
0|0|0|0|0|1|0|2|1|0|0|1|0|1|0|2|1,1,2.60563169483013,1.08258247228751,0.000168796434898552,adjoint,2,1,pmmr,FALSE,
1|0|0|1|0|1|0|2|1|0|0|1|0|1|0|2|1,1,2.44579436525512,1.27610448372949,0.00015416250621554,adjoint,2,1,pmmr,FALSE,
0|0|0|0|0|1|0|2|1|1|0|1|0|1|0|2|1,1,2.40128854634316,1.15072497052531,0.00181927877374401,adjoint,2,1,pmmr,FALSE,
1|0|0|1|0|1|0|2|1|1|0|1|0|1|0|2|1,1,2.22215658686853,1.26117480700039,0.00213295937917807,adjoint,2,1,pmmr,FALSE,
0|0|0|0|0|1|0|3|1|0|0|0|0|1|0|2|1,1,4.39062303345795,1.01936842765768,3.92139855792752e-06,adjoint,2,1,pmmr,FALSE,
1|0|0|1|0|1|0|3|1|0|0|0|0|1|0|2|1,1,4.02725415697924,1.31809571684323,1.93391477553025e-06,adjoint,2,1,pmmr,FALSE,
0|0|0|0|0|1|0|3|1|1|0|0|0|1|0|2|1,1,3.96988332189117,1.05922269682512,4.27025079914493e-05,adjoint,2,1,pmmr,FALSE,
1|0|0|1|0|1|0|3|1|1|0|0|0|1|0|2|1,1,3.59513125968308,1.26445045033215,2.74109836459741e-05,adjoint,2,1,pmmr,FALSE,
0|0|0|0|0|1|0|3|1|0|0|1|0|1|0|2|1,1,4.63489969915951,1.26353363180554,0.000107487067241631,adjoint,2,1,pmmr,FALSE,
1|0|0|1|0|1|0|3|1|0|0|1|0|1|0|2|1,1,4.35058093214744,1.4784435982929,9.32253350097671e-05,adjoint,2,1,pmmr,FALSE,
0|0|0|0|0|1|0|3|1|1|0|1|0|1|0|2|1,1,4.27141394661561,1.32796721832801,0.00158757806936789,adjoint,2,1,pmmr,FALSE,
1|0|0|1|0|1|0|3|1|1|0|1|0|1|0|2|1,1,3.95277387682903,1.46197955260575,0.00178973970168793,adjoint,2,1,pmmr,FALSE,
0|0|0|0|0|1|0|0|0|0|0|0|0|1|0|3|1,1,0,0.546442807821781,0.00254957871573798,adjoint,2,1,pmmr,FALSE,
1|0|0|1|0|1|0|0|0|0|0|0|0|1|0|3|1,1,0,0.738902721401976,0.00279772600577904,adjoint,2,1,pmmr,FALSE,
0|0|0|0|0|1|0|0|0|1|0|0|0|1|0|3|1,1,0,0.579136502530545,0.000389888941052255,adjoint,2,1,pmmr,FALSE,
1|0|0|1|0|1|0|0|0|1|0|0|0|1|0|3|1,1,0,0.685353428240491,0.000543041525053394,adjoint,2,1,pmmr,FALSE,
0|0|0|0|0|1|0|0|0|0|0|1|0|1|0|3|1,1,0,0.820985632435757,0.00028560381420508,adjoint,2,1,pmmr,FALSE,
1|0|0|1|0|1|0|0|0|0|0|1|0|1|0|3|1,1,0,0.939353380219748,0.000551165658935433,adjoint,2,1,pmmr,FALSE,
0|0|0|0|0|1|0|0|0|1|0|1|0|1|0|3|1,1,0,0.872506799192841,5.92383529185285e-05,adjoint,2,1,pmmr,FALSE,
1|0|0|1|0|1|0|0|0|1|0|1|0|1|0|3|1,1,0,0.915454043885784,0.0001449034218866,adjoint,2,1,pmmr,FALSE,
0|0|0|0|0|1|0|1|0|0|0|0|0|1|0|3|1,1,1.52268965998362,0.788244905520813,0.00162907637290995,adjoint,2,1,pmmr,FALSE,
1|0|0|1|0|1|0|1|0|0|0|0|0|1|0|3|1,1,1.85420213282105,1.01888124235849,0.00119116570815263,adjoint,2,1,pmmr,FALSE,
0|0|0|0|0|1|0|1|0|1|0|0|0|1|0|3|1,1,1.56145831472382,0.820709904525256,0.000309654570393583,adjoint,2,1,pmmr,FALSE,
1|0|0|1|0|1|0|1|0|1|0|0|0|1|0|3|1,1,1.87691311816571,0.960228251481784,0.00028357343711388,adjoint,2,1,pmmr,FALSE,
0|0|0|0|0|1|0|1|0|0|0|1|0|1|0|3|1,1,1.37946501088407,1.06487314148767,0.0011039949596128,adjoint,2,1,pmmr,FALSE,
1|0|0|1|0|1|0|1|0|0|0|1|0|1|0|3|1,1,1.73196262963132,1.21569511707307,0.00141964324525333,adjoint,2,1,pmmr,FALSE,
0|0|0|0|0|1|0|1|0|1|0|1|0|1|0|3|1,1,1.42975305880877,1.11787521659009,0.000284622756082408,adjoint,2,1,pmmr,FALSE,
1|0|0|1|0|1|0|1|0|1|0|1|0|1|0|3|1,1,1.76664602055749,1.18922175334533,0.000457763557682333,adjoint,2,1,pmmr,FALSE,
0|0|0|0|0|1|0|2|0|0|0|0|0|1|0|3|1,1,2.27158604160655,1.00674003070835,0.000333394242259493,adjoint,2,1,pmmr,FALSE,
1|0|0|1|0|1|0|2|0|0|0|0|0|1|0|3|1,1,2.2647275992141,1.26872256961097,0.000204105417287706,adjoint,2,1,pmmr,FALSE,
0|0|0|0|0|1|0|2|0|1|0|0|0|1|0|3|1,1,2.32942207824231,1.03741028805474,8.0001275564788e-05,adjoint,2,1,pmmr,FALSE,
1|0|0|1|0|1|0|2|0|1|0|0|0|1|0|3|1,1,2.2924668593546,1.2066634896978,6.29591762750604e-05,adjoint,2,1,pmmr,FALSE,
0|0|0|0|0|1|0|2|0|0|0|1|0|1|0|3|1,1,2.05791997276884,1.27575053886485,0.00136682781549071,adjoint,2,1,pmmr,FALSE,
1|0|0|1|0|1|0|2|0|0|0|1|0|1|0|3|1,1,2.11542393286203,1.45507332715911,0.00147160629631381,adjoint,2,1,pmmr,FALSE,
0|0|0|0|0|1|0|2|0|1|0|1|0|1|0|3|1,1,2.13294092465908,1.32799094570739,0.000444855643338663,adjoint,2,1,pmmr,FALSE,
1|0|0|1|0|1|0|2|0|1|0|1|0|1|0|3|1,1,2.1577863222016,1.42664146978911,0.000614843764989421,adjoint,2,1,pmmr,FALSE,
0|0|0|0|0|1|0|3|0|0|0|0|0|1|0|3|1,1,4.0406990296238,1.17823020209489,4.40713775644328e-05,adjoint,2,1,pmmr,FALSE,
1|0|0|1|0|1|0|3|0|0|0|0|0|1|0|3|1,1,4.02849922692546,1.46134948833944,2.52678620460717e-05,adjoint,2,1,pmmr,FALSE,
0|0|0|0|0|1|0|3|0|1|0|0|0|1|0|3|1,1,4.14357781688124,1.20573609991949,1.44923340792783e-05,adjoint,2,1,pmmr,FALSE,
1|0|0|1|0|1|0|3|0|1|0|0|0|1|0|3|1,1,4.0778418445852,1.39795144877231,1.08149645313477e-05,adjoint,2,1,pmmr,FALSE,
0|0|0|0|0|1|0|3|0|0|0|1|0|1|0|3|1,1,3.6606296590595,1.43073091382152,0.00109305598400681,adjoint,2,1,pmmr,FALSE,
1|0|0|1|0|1|0|3|0|0|0|1|0|1|0|3|1,1,3.76291774830298,1.63153304872348,0.00110213722260224,adjoint,2,1,pmmr,FALSE,
0|0|0|0|0|1|0|3|0|1|0|1|0|1|0|3|1,1,3.79407698702861,1.48005027238959,0.000487517934693384,adjoint,2,1,pmmr,FALSE,
1|0|0|1|0|1|0|3|0|1|0|1|0|1|0|3|1,1,3.83827199963298,1.60196964078234,0.000638941214442242,adjoint,2,1,pmmr,FALSE,
0|0|0|0|0|1|0|0|1|0|0|0|0|1|0|3|1,1,0,0.607799550675697,0.000362738944718357,adjoint,2,1,pmmr,FALSE,
1|0|0|1|0|1|0|0|1|0|0|0|0|1|0|3|1,1,0,0.753930989246221,0.000367947858688461,adjoint,2,1,pmmr,FALSE,
0|0|0|0|0|1|0|0|1|1|0|0|0|1|0|3|1,1,0,0.654656325654044,0.0020301438508996,adjoint,2,1,pmmr,FALSE,
1|0|0|1|0|1|0|0|1|1|0|0|0|1|0|3|1,1,0,0.717254863221093,0.00261381156509841,adjoint,2,1,pmmr,FALSE,
0|0|0|0|0|1|0|0|1|0|0|1|0|1|0|3|1,1,0,0.888710639068311,4.06340175075948e-05,adjoint,2,1,pmmr,FALSE,
1|0|0|1|0|1|0|0|1|0|0|1|0|1|0|3|1,1,0,0.96669564156768,7.24875214974585e-05,adjoint,2,1,pmmr,FALSE,
0|0|0|0|0|1|0|0|1|1|0|1|0|1|0|3|1,1,0,0.957053649265431,0.000308452908642138,adjoint,2,1,pmmr,FALSE,
1|0|0|1|0|1|0|0|1|1|0|1|0|1|0|3|1,1,0,0.961381574916209,0.000697460916846624,adjoint,2,1,pmmr,FALSE,
0|0|0|0|0|1|0|1|1|0|0|0|0|1|0|3|1,1,1.52268965998362,0.855440394901473,0.000180604011439205,adjoint,2,1,pmmr,FALSE,
1|0|0|1|0|1|0|1|1|0|0|0|0|1|0|3|1,1,1.85420213282105,1.03517229309725,0.000122625378986034,adjoint,2,1,pmmr,FALSE,
0|0|0|0|0|1|0|1|1|1|0|0|0|1|0|3|1,1,1.56145831472382,0.903945153646465,0.00125638741236582,adjoint,2,1,pmmr,FALSE,
1|0|0|1|0|1|0|1|1|1|0|0|0|1|0|3|1,1,1.87691311816571,0.995816376741765,0.00106839995834352,adjoint,2,1,pmmr,FALSE,
0|0|0|0|0|1|0|1|1|0|0|1|0|1|0|3|1,1,1.37946501088407,1.1387281939872,0.000122392001768818,adjoint,2,1,pmmr,FALSE,
1|0|0|1|0|1|0|1|1|0|0|1|0|1|0|3|1,1,1.73196262963132,1.24529798465799,0.000146146157316885,adjoint,2,1,pmmr,FALSE,
0|0|0|0|0|1|0|1|1|1|0|1|0|1|0|3|1,1,1.42975305880877,1.21060334225448,0.00115482373652772,adjoint,2,1,pmmr,FALSE,
1|0|0|1|0|1|0|1|1|1|0|1|0|1|0|3|1,1,1.76664602055749,1.23993071872117,0.00172468398640095,adjoint,2,1,pmmr,FALSE,
0|0|0|0|0|1|0|2|1|0|0|0|0|1|0|3|1,1,2.27158604160655,1.07755069480016,2.90137916542945e-05,adjoint,2,1,pmmr,FALSE,
1|0|0|1|0|1|0|2|1|0|0|0|0|1|0|3|1,1,2.2647275992141,1.2857958326695,1.66520626431231e-05,adjoint,2,1,pmmr,FALSE,
0|0|0|0|0|1|0|2|1|1|0|0|0|1|0|3|1,1,2.32942207824231,1.1255580981052,0.000254802355950676,adjoint,2,1,pmmr,FALSE,
1|0|0|1|0|1|0|2|1|1|0|0|0|1|0|3|1,1,2.2924668593546,1.24478866595743,0.000187989103333224,adjoint,2,1,pmmr,FALSE,
0|0|0|0|0|1|0|2|1|0|0|1|0|1|0|3|1,1,2.05791997276884,1.35325530135457,0.00011894883725999,adjoint,2,1,pmmr,FALSE,
1|0|0|1|0|1|0|2|1|0|0|1|0|1|0|3|1,1,2.11542393286203,1.48597800798894,0.000120061880560913,adjoint,2,1,pmmr,FALSE,
0|0|0|0|0|1|0|2|1|1|0|1|0|1|0|3|1,1,2.13294092465908,1.42574981853617,0.00141685573361702,adjoint,2,1,pmmr,FALSE,
1|0|0|1|0|1|0|2|1|1|0|1|0|1|0|3|1,1,2.1577863222016,1.48044897139092,0.00183585515104921,adjoint,2,1,pmmr,FALSE,
0|0|0|0|0|1|0|3|1|0|0|0|0|1|0|3|1,1,4.0406990296238,1.25001206740767,3.05398826764903e-06,adjoint,2,1,pmmr,FALSE,
1|0|0|1|0|1|0|3|1|0|0|0|0|1|0|3|1,1,4.02849922692546,1.47861466083632,1.66453587302516e-06,adjoint,2,1,pmmr,FALSE,
0|0|0|0|0|1|0|3|1|1|0|0|0|1|0|3|1,1,4.14357781688124,1.2954360846749,3.67543892415952e-05,adjoint,2,1,pmmr,FALSE,
1|0|0|1|0|1|0|3|1|1|0|0|0|1|0|3|1,1,4.0778418445852,1.43716718001433,2.60741341985585e-05,adjoint,2,1,pmmr,FALSE,
0|0|0|0|0|1|0|3|1|0|0|1|0|1|0|3|1,1,3.6606296590595,1.50898379706006,7.57448560839722e-05,adjoint,2,1,pmmr,FALSE,
1|0|0|1|0|1|0|3|1|0|0|1|0|1|0|3|1,1,3.76291774830297,1.66261704414632,7.26039639077007e-05,adjoint,2,1,pmmr,FALSE,
0|0|0|0|0|1|0|3|1|1|0|1|0|1|0|3|1,1,3.79407698702861,1.57912128149497,0.0012364070436107,adjoint,2,1,pmmr,FALSE,
1|0|0|1|0|1|0|3|1|1|0|1|0|1|0|3|1,1,3.83827199963298,1.65683687974331,0.0015404432369674,adjoint,2,1,pmmr,FALSE,
