mechanism,fold,candidate,reference,fitted,probability
binary_longitudinal,1,ensemble,1.77880078307141,1.71323396127129,0.00748294912415195
binary_longitudinal,1,ensemble,1.70468808971871,1.91130968597603,0.0076425891174435
binary_longitudinal,1,ensemble,1.77880078307141,1.56366105941194,0.000709245152938778
binary_longitudinal,1,ensemble,1.70468808971871,1.55088496949926,0.000904292506752669
binary_longitudinal,1,ensemble,1.67032004603564,1.63624860947507,0.000905462486159698
binary_longitudinal,1,ensemble,1.60653065971263,1.64857290412791,0.00161476113157825
binary_longitudinal,1,ensemble,1.67032004603564,1.51269780572914,0.000118622468061873
binary_longitudinal,1,ensemble,1.60653065971263,1.53373817188212,0.000263779258816363
binary_longitudinal,1,ensemble,1.77880078307141,1.51522567012332,0.000955884325267599
binary_longitudinal,1,ensemble,1.70468808971871,1.53324007802016,0.000526445968276534
binary_longitudinal,1,ensemble,1.77880078307141,1.51336155801567,0.000100182572573807
binary_longitudinal,1,ensemble,1.70468808971871,1.52265201855272,6.97582859681761e-05
binary_longitudinal,1,ensemble,1.67032004603564,1.82061552690982,0.00423314499514566
binary_longitudinal,1,ensemble,1.60653065971263,1.76570543946796,0.00407081826466162
binary_longitudinal,1,ensemble,1.67032004603564,1.49711110887675,0.00061322929520635
binary_longitudinal,1,ensemble,1.60653065971263,1.4997335712487,0.000744710791703774
binary_longitudinal,1,ensemble,1.77880078307141,1.7479087196831,0.00106462963936783
binary_longitudinal,1,ensemble,1.70468808971871,1.61757998707187,0.00100512855611679
binary_longitudinal,1,ensemble,1.77880078307141,1.55688713810568,0.00369302520387731
binary_longitudinal,1,ensemble,1.70468808971871,1.67548914866259,0.00435261412495031
binary_longitudinal,1,ensemble,1.67032004603564,1.89273035903189,0.000128823834574787
binary_longitudinal,1,ensemble,1.60653065971263,1.62092428581706,0.000212368151645404
binary_longitudinal,1,ensemble,1.67032004603564,1.8732112997697,0.000617664798248458
binary_longitudinal,1,ensemble,1.60653065971263,1.54998841614958,0.00126964374825572
binary_longitudinal,1,ensemble,1.77880078307141,1.63661934126944,0.000105972038196597
binary_longitudinal,1,ensemble,1.70468808971871,1.60890042562943,5.4195344890929e-05
binary_longitudinal,1,ensemble,1.77880078307141,1.85051444535858,0.000406479138868103
binary_longitudinal,1,ensemble,1.70468808971871,1.55555410373619,0.000262823452651471
binary_longitudinal,1,ensemble,1.67032004603564,2.86284679952249,0.000469298419546449
binary_longitudinal,1,ensemble,1.60653065971263,1.57200082423199,0.000419073206247334
binary_longitudinal,1,ensemble,1.67032004603564,1.84951971526321,0.00248810655825924
binary_longitudinal,1,ensemble,1.60653065971263,1.55240835459946,0.00280579516520357
binary_longitudinal,1,ensemble,2.22140275816017,2.69085979475106,0.000934898023489231
binary_longitudinal,1,ensemble,2.10517091807565,2.22137774944051,0.0012271489970857
binary_longitudinal,1,ensemble,2.22140275816017,2.21855745990017,0.000119612390536422
binary_longitudinal,1,ensemble,2.10517091807565,3.16213372812598,0.000195999093135422
binary_longitudinal,1,ensemble,2.05127109637602,2.82684454510463,0.000113220149243466
binary_longitudinal,1,ensemble,1.95122942450071,2.68659457359367,0.000258943968827728
binary_longitudinal,1,ensemble,2.05127109637602,2.1224242268958,2.00220509127348e-05
binary_longitudinal,1,ensemble,1.95122942450071,1.97040747029383,5.70987369063187e-05
binary_longitudinal,1,ensemble,2.22140275816017,3.23859193885747,0.000119425423258947
binary_longitudinal,1,ensemble,2.10517091807565,2.25124132145766,8.45299455541655e-05
binary_longitudinal,1,ensemble,2.22140275816017,2.84622363817252,1.68955359736889e-05
binary_longitudinal,1,ensemble,2.10517091807565,1.95321370544594,1.51196218992706e-05
binary_longitudinal,1,ensemble,2.05127109637602,1.96010962070396,0.000529317686205158
binary_longitudinal,1,ensemble,1.95122942450071,1.9324043050694,0.000652798619692812
binary_longitudinal,1,ensemble,2.05127109637602,2.13178375265175,0.000103505755447592
binary_longitudinal,1,ensemble,1.95122942450071,2.35216290586828,0.000161203142952165
binary_longitudinal,1,ensemble,2.22140275816017,2.22543284748544,0.000133011748319997
binary_longitudinal,1,ensemble,2.10517091807565,2.56934829680457,0.000161390659713171
binary_longitudinal,1,ensemble,2.22140275816017,4.63682976885828,0.000622819304603906
binary_longitudinal,1,ensemble,2.10517091807565,2.30455922796851,0.000943398750833641
binary_longitudinal,1,ensemble,2.05127109637602,2.98071061751816,1.61082916185006e-05
binary_longitudinal,1,ensemble,1.95122942450071,2.33450838917356,3.40554717129719e-05
binary_longitudinal,1,ensemble,2.05127109637602,2.30734463303173,0.000104254415201378
binary_longitudinal,1,ensemble,1.95122942450071,2.59794081498992,0.00027483227707784
binary_longitudinal,1,ensemble,2.22140275816017,2.94398551229828,1.32398399897382e-05
binary_longitudinal,1,ensemble,2.10517091807565,2.37962088782773,8.70199380178946e-06
binary_longitudinal,1,ensemble,2.22140275816017,2.22718434560152,6.85516725799842e-05
binary_longitudinal,1,ensemble,2.10517091807565,1.9073174367936,5.69651500921905e-05
binary_longitudinal,1,ensemble,2.05127109637602,2.57676226995667,5.86816548591944e-05
binary_longitudinal,1,ensemble,1.95122942450071,2.24118316387991,6.72028061196784e-05
binary_longitudinal,1,ensemble,2.05127109637602,2.22708537391503,0.000419962566954781
binary_longitudinal,1,ensemble,1.95122942450071,2.48749485357943,0.000607353893819652
binary_longitudinal,1,ensemble,2.49182469764127,2.51022431276859,0.000882983424545827
binary_longitudinal,1,ensemble,2.349858807576,2.30990871671273,0.00111936699941155
binary_longitudinal,1,ensemble,2.49182469764127,3.42184017971837,8.36904946958843e-05
binary_longitudinal,1,ensemble,2.349858807576,1.79667449975409,0.000132446632197425
binary_longitudinal,1,ensemble,2.28402541668774,1.77093600050411,0.00014775000352115
binary_longitudinal,1,ensemble,2.16183424272828,2.04247033307979,0.000327033383193953
binary_longitudinal,1,ensemble,2.28402541668774,1.7317170217601,1.93563735016384e-05
binary_longitudinal,1,ensemble,2.16183424272828,1.74125693314024,5.34225290292901e-05
binary_longitudinal,1,ensemble,2.49182469764127,1.87728510995528,0.000112793766333419
binary_longitudinal,1,ensemble,2.349858807576,1.90153278235159,7.7105577024548e-05
binary_longitudinal,1,ensemble,2.49182469764127,1.74616529725543,1.18214823518603e-05
binary_longitudinal,1,ensemble,2.349858807576,1.74567628506251,1.02171033989081e-05
binary_longitudinal,1,ensemble,2.28402541668774,2.5467287108764,0.00069074886867041
binary_longitudinal,1,ensemble,2.16183424272828,2.14332028335184,0.000824452263201824
binary_longitudinal,1,ensemble,2.28402541668774,1.70364297276016,0.000100064477447639
binary_longitudinal,1,ensemble,2.16183424272828,1.68419576093947,0.000150824344820521
binary_longitudinal,1,ensemble,2.49182469764127,2.21669972104998,0.000125625646953538
binary_longitudinal,1,ensemble,2.349858807576,2.2537423439079,0.000147215520629698
binary_longitudinal,1,ensemble,2.49182469764127,1.95222716658706,0.000435774717608172
binary_longitudinal,1,ensemble,2.349858807576,2.32415850306853,0.000637502885183462
binary_longitudinal,1,ensemble,2.28402541668774,1.82816324547104,2.10209945778757e-05
binary_longitudinal,1,ensemble,2.16183424272828,2.1790043243011,4.30103708573674e-05
binary_longitudinal,1,ensemble,2.28402541668774,1.83694679158634,0.00010078824635039
binary_longitudinal,1,ensemble,2.16183424272828,1.78675945448057,0.00025713765480427
binary_longitudinal,1,ensemble,2.49182469764127,1.88228802389168,1.25046357579688e-05
binary_longitudinal,1,ensemble,2.349858807576,1.89941730731729,7.93768704039999e-06
binary_longitudinal,1,ensemble,2.49182469764127,1.81254483029953,4.7964290026477e-05
binary_longitudinal,1,ensemble,2.349858807576,2.10877959857833,3.84942713848094e-05
binary_longitudinal,1,ensemble,2.28402541668774,2.08669980222443,7.65783720477939e-05
binary_longitudinal,1,ensemble,2.16183424272828,1.82612085755333,8.48738093609244e-05
binary_longitudinal,1,ensemble,2.28402541668774,1.80944393449832,0.000405999981625921
binary_longitudinal,1,ensemble,2.16183424272828,1.72099360719986,0.000568250416412313
binary_longitudinal,1,ensemble,3.33964685192599,3.28299226205471,0.000145869335475403
binary_longitudinal,1,ensemble,3.11700001661268,3.59796380376697,0.000237454143139697
binary_longitudinal,1,ensemble,3.33964685192599,3.73936494933688,1.86627626583844e-05
binary_longitudinal,1,ensemble,3.11700001661268,2.76110957258669,3.7925954246108e-05
binary_longitudinal,1,ensemble,3.01375270747048,3.23656882430291,2.4400600579441e-05
binary_longitudinal,1,ensemble,2.82211880039051,2.86283348403809,6.92403232783208e-05
binary_longitudinal,1,ensemble,3.01375270747048,2.66019030531519,4.31504524916592e-06
binary_longitudinal,1,ensemble,2.82211880039051,2.64394386054725,1.52679169168351e-05
binary_longitudinal,1,ensemble,3.33964685192599,2.53663397682466,1.8633590714669e-05
binary_longitudinal,1,ensemble,3.11700001661268,2.8385457771795,1.63566004119122e-05
binary_longitudinal,1,ensemble,3.33964685192599,2.68583313407712,2.63615981963957e-06
binary_longitudinal,1,ensemble,3.11700001661268,2.29048349186528,2.92565684461606e-06
binary_longitudinal,1,ensemble,3.01375270747048,3.51213015806085,0.000114075714676479
binary_longitudinal,1,ensemble,2.82211880039051,3.10294970021992,0.000174555088762244
binary_longitudinal,1,ensemble,3.01375270747048,2.97873917780817,2.2307006422673e-05
binary_longitudinal,1,ensemble,2.82211880039051,2.19387126152005,4.31049148664089e-05
binary_longitudinal,1,ensemble,3.33964685192599,3.87507416449708,2.07534242777046e-05
binary_longitudinal,1,ensemble,3.11700001661268,4.04916239271076,3.12291994728862e-05
binary_longitudinal,1,ensemble,3.33964685192599,4.58761065034663,9.71766286816531e-05
binary_longitudinal,1,ensemble,3.11700001661268,3.50299876442479,0.000182548282686344
binary_longitudinal,1,ensemble,3.01375270747048,4.12256216234138,3.47157279359331e-06
binary_longitudinal,1,ensemble,2.82211880039051,3.18575614798872,9.10626295517483e-06
binary_longitudinal,1,ensemble,3.01375270747048,3.43502161691208,2.24683535657752e-05
binary_longitudinal,1,ensemble,2.82211880039051,2.88292889683204,7.34887775078738e-05
binary_longitudinal,1,ensemble,3.33964685192599,2.76299708122777,2.0657725362343e-06
binary_longitudinal,1,ensemble,3.11700001661268,3.1590593041474,1.68384156016759e-06
binary_longitudinal,1,ensemble,3.33964685192599,3.39201648778956,1.06959119323509e-05
binary_longitudinal,1,ensemble,3.11700001661268,2.6243470744674,1.10227942459221e-05
binary_longitudinal,1,ensemble,3.01375270747048,3.68546864853757,1.26467561748286e-05
binary_longitudinal,1,ensemble,2.82211880039051,2.4062473540678,1.79696945327679e-05
binary_longitudinal,1,ensemble,3.01375270747048,3.18591251461279,9.05080846744403e-05
binary_longitudinal,1,ensemble,2.82211880039051,2.78232538771352,0.000162403396158639
binary_longitudinal,1,ensemble,1.77880078307141,1.71323396127129,0.000955884325267599
binary_longitudinal,1,ensemble,1.70468808971871,1.91130968597603,0.000970351563627095
binary_longitudinal,1,ensemble,1.77880078307141,1.56366105941194,0.000139844897630605
binary_longitudinal,1,ensemble,1.70468808971871,1.55088496949926,0.000176779079384732
binary_longitudinal,1,ensemble,1.67032004603564,1.63624860947507,6.2589294446911e-05
binary_longitudinal,1,ensemble,1.60653065971263,1.64857290412791,0.000111229908396983
binary_longitudinal,1,ensemble,1.67032004603564,1.51269780572914,1.26565182893121e-05
binary_longitudinal,1,ensemble,1.60653065971263,1.53373817188212,2.79761065503157e-05
binary_longitudinal,1,ensemble,1.77880078307141,1.51522567012332,0.000122106248236165
binary_longitudinal,1,ensemble,1.70468808971871,1.53324007802016,6.6840917473422e-05
binary_longitudinal,1,ensemble,1.77880078307141,1.51336155801567,1.9753425945745e-05
binary_longitudinal,1,ensemble,1.70468808971871,1.52265201855272,1.36369653412199e-05
binary_longitudinal,1,ensemble,1.67032004603564,1.82061552690982,0.000292612408120141
binary_longitudinal,1,ensemble,1.60653065971263,1.76570543946796,0.000280410974616735
binary_longitudinal,1,ensemble,1.67032004603564,1.49711110887675,6.54289859006547e-05
binary_longitudinal,1,ensemble,1.60653065971263,1.4997335712487,7.89831185035628e-05
binary_longitudinal,1,ensemble,1.77880078307141,1.7479087196831,0.000135997554921548
binary_longitudinal,1,ensemble,1.70468808971871,1.61757998707187,0.000127617493376436
binary_longitudinal,1,ensemble,1.77880078307141,1.55688713810568,0.000728169560896594
binary_longitudinal,1,ensemble,1.70468808971871,1.67548914866259,0.000850887419922132
binary_longitudinal,1,ensemble,1.67032004603564,1.89273035903189,8.90483375868919e-06
binary_longitudinal,1,ensemble,1.60653065971263,1.62092428581706,1.46285971293273e-05
binary_longitudinal,1,ensemble,1.67032004603564,1.8732112997697,6.5902235414781e-05
binary_longitudinal,1,ensemble,1.60653065971263,1.54998841614958,0.00013465686779745
binary_longitudinal,1,ensemble,1.77880078307141,1.63661934126944,1.35370438243179e-05
binary_longitudinal,1,ensemble,1.70468808971871,1.60890042562943,6.8809845522369e-06
binary_longitudinal,1,ensemble,1.77880078307141,1.85051444535858,8.01472288227161e-05
binary_longitudinal,1,ensemble,1.70468808971871,1.55555410373619,5.13790478783116e-05
binary_longitudinal,1,ensemble,1.67032004603564,2.86284679952249,3.24398386608389e-05
binary_longitudinal,1,ensemble,1.60653065971263,1.57200082423199,2.88671020319653e-05
binary_longitudinal,1,ensemble,1.67032004603564,1.84951971526321,0.000265470502130676
binary_longitudinal,1,ensemble,1.60653065971263,1.55240835459946,0.000297579213969747
binary_longitudinal,1,ensemble,2.22140275816017,2.69085979475106,0.000132056579730201
binary_longitudinal,1,ensemble,2.10517091807565,2.22137774944051,0.000172859738935083
binary_longitudinal,1,ensemble,2.22140275816017,2.21855745990017,2.60789243617065e-05
binary_longitudinal,1,ensemble,2.10517091807565,3.16213372812598,4.2509300165877e-05
binary_longitudinal,1,ensemble,2.05127109637602,2.82684454510463,8.70500243869682e-06
binary_longitudinal,1,ensemble,1.95122942450071,2.68659457359367,1.99752704930459e-05
binary_longitudinal,1,ensemble,2.05127109637602,2.1224242268958,2.37613678042614e-06
binary_longitudinal,1,ensemble,1.95122942450071,1.97040747029383,6.7818270053608e-06
binary_longitudinal,1,ensemble,2.22140275816017,3.23859193885747,1.68691263989926e-05
binary_longitudinal,1,ensemble,2.10517091807565,2.25124132145766,1.19071313714885e-05
binary_longitudinal,1,ensemble,2.22140275816017,2.84622363817252,3.68371038094215e-06
binary_longitudinal,1,ensemble,2.10517091807565,1.95321370544594,3.2792220383723e-06
binary_longitudinal,1,ensemble,2.05127109637602,1.96010962070396,4.06969234721017e-05
binary_longitudinal,1,ensemble,1.95122942450071,1.9324043050694,5.03577243559056e-05
binary_longitudinal,1,ensemble,2.05127109637602,2.13178375265175,1.22836483423577e-05
binary_longitudinal,1,ensemble,1.95122942450071,2.35216290586828,1.91466902326703e-05
binary_longitudinal,1,ensemble,2.22140275816017,2.22543284748544,1.87882272780048e-05
binary_longitudinal,1,ensemble,2.10517091807565,2.56934829680457,2.27339527399143e-05
binary_longitudinal,1,ensemble,2.22140275816017,4.63682976885828,0.000135792433065955
binary_longitudinal,1,ensemble,2.10517091807565,2.30455922796851,0.000204609215449747
binary_longitudinal,1,ensemble,2.05127109637602,2.98071061751816,1.23849614012393e-06
binary_longitudinal,1,ensemble,1.95122942450071,2.33450838917356,2.62708284851948e-06
binary_longitudinal,1,ensemble,2.05127109637602,2.30734463303173,1.2372496282299e-05
binary_longitudinal,1,ensemble,1.95122942450071,2.59794081498992,3.26428404482803e-05
binary_longitudinal,1,ensemble,2.22140275816017,2.94398551229828,1.87015903477317e-06
binary_longitudinal,1,ensemble,2.10517091807565,2.37962088782773,1.22578788750539e-06
binary_longitudinal,1,ensemble,2.22140275816017,2.22718434560152,1.4946226524396e-05
binary_longitudinal,1,ensemble,2.10517091807565,1.9073174367936,1.23548972881728e-05
binary_longitudinal,1,ensemble,2.05127109637602,2.57676226995667,4.51177596981956e-06
binary_longitudinal,1,ensemble,1.95122942450071,2.24118316387991,5.18411081829589e-06
binary_longitudinal,1,ensemble,2.05127109637602,2.22708537391503,4.98394747917028e-05
binary_longitudinal,1,ensemble,1.95122942450071,2.48749485357943,7.2137655963828e-05
binary_longitudinal,1,ensemble,2.49182469764127,2.51022431276859,0.00412805270405592
binary_longitudinal,1,ensemble,2.349858807576,2.30990871671273,0.00520141172609965
binary_longitudinal,1,ensemble,2.49182469764127,3.42184017971837,0.000603929882050146
binary_longitudinal,1,ensemble,2.349858807576,1.79667449975409,0.00094759550137048
binary_longitudinal,1,ensemble,2.28402541668774,1.77093600050411,0.000373781006118126
binary_longitudinal,1,ensemble,2.16183424272828,2.04247033307979,0.000824452263201824
binary_longitudinal,1,ensemble,2.28402541668774,1.7317170217601,7.55842701525296e-05
binary_longitudinal,1,ensemble,2.16183424272828,1.74125693314024,0.00020736297182466
binary_longitudinal,1,ensemble,2.49182469764127,1.87728510995528,0.000527324295303528
binary_longitudinal,1,ensemble,2.349858807576,1.90153278235159,0.000358289866231539
binary_longitudinal,1,ensemble,2.49182469764127,1.74616529725543,8.53065389129307e-05
binary_longitudinal,1,ensemble,2.349858807576,1.74567628506251,7.30987346164517e-05
binary_longitudinal,1,ensemble,2.28402541668774,2.5467287108764,0.00174747073403369
binary_longitudinal,1,ensemble,2.16183424272828,2.14332028335184,0.00207844693914776
binary_longitudinal,1,ensemble,2.28402541668774,1.70364297276016,0.00039073954092867
binary_longitudinal,1,ensemble,2.16183424272828,1.68419576093947,0.000585434365122306
binary_longitudinal,1,ensemble,2.49182469764127,2.21669972104998,0.000587314865929753
binary_longitudinal,1,ensemble,2.349858807576,2.2537423439079,0.00068407281585907
binary_longitudinal,1,ensemble,2.49182469764127,1.95222716658706,0.00314465071286622
binary_longitudinal,1,ensemble,2.349858807576,2.32415850306853,0.00456104361498663
binary_longitudinal,1,ensemble,2.28402541668774,1.82816324547104,5.31793456221294e-05
binary_longitudinal,1,ensemble,2.16183424272828,2.1790043243011,0.000108429290148266
binary_longitudinal,1,ensemble,2.28402541668774,1.83694679158634,0.000393565769936334
binary_longitudinal,1,ensemble,2.16183424272828,1.78675945448057,0.000998096294524031
binary_longitudinal,1,ensemble,2.49182469764127,1.88228802389168,5.84606619093318e-05
binary_longitudinal,1,ensemble,2.349858807576,1.89941730731729,3.68843984785601e-05
binary_longitudinal,1,ensemble,2.49182469764127,1.81254483029953,0.000346121362092197
binary_longitudinal,1,ensemble,2.349858807576,2.10877959857833,0.000275409029188504
binary_longitudinal,1,ensemble,2.28402541668774,2.08669980222443,0.000193729544966239
binary_longitudinal,1,ensemble,2.16183424272828,1.82612085755333,0.000213967159960164
binary_longitudinal,1,ensemble,2.28402541668774,1.80944393449832,0.00158538025165397
binary_longitudinal,1,ensemble,2.16183424272828,1.72099360719986,0.00220570042693509
binary_longitudinal,1,ensemble,3.33964685192599,3.28299226205471,0.000754084375812706
binary_longitudinal,1,ensemble,3.11700001661268,3.59796380376697,0.00122415508932939
binary_longitudinal,1,ensemble,3.33964685192599,3.73936494933688,0.0001489188152483
binary_longitudinal,1,ensemble,3.11700001661268,2.76110957258669,0.000301041621736058
binary_longitudinal,1,ensemble,3.01375270747048,3.23656882430291,6.86603202630765e-05
binary_longitudinal,1,ensemble,2.82211880039051,2.86283348403809,0.000195481692525041
binary_longitudinal,1,ensemble,3.01375270747048,2.66019030531519,1.87416733633171e-05
binary_longitudinal,1,ensemble,2.82211880039051,2.64394386054725,6.63682137311478e-05
binary_longitudinal,1,ensemble,3.33964685192599,2.53663397682466,9.63279881780911e-05
binary_longitudinal,1,ensemble,3.11700001661268,2.8385457771795,8.4323715617755e-05
binary_longitudinal,1,ensemble,3.33964685192599,2.68583313407712,2.10351384911134e-05
binary_longitudinal,1,ensemble,3.11700001661268,2.29048349186528,2.32227375330128e-05
binary_longitudinal,1,ensemble,3.01375270747048,3.51213015806085,0.000320995177082884
binary_longitudinal,1,ensemble,2.82211880039051,3.10294970021992,0.000492810006864686
binary_longitudinal,1,ensemble,3.01375270747048,2.97873917780817,9.68867309486421e-05
binary_longitudinal,1,ensemble,2.82211880039051,2.19387126152005,0.000187373052807374
binary_longitudinal,1,ensemble,3.33964685192599,3.87507416449708,0.000107286654466648
binary_longitudinal,1,ensemble,3.11700001661268,4.04916239271076,0.000160996910666349
binary_longitudinal,1,ensemble,3.33964685192599,4.58761065034663,0.00077541726688542
binary_longitudinal,1,ensemble,3.11700001661268,3.50299876442479,0.00144899797928404
binary_longitudinal,1,ensemble,3.01375270747048,4.12256216234138,9.76858332026189e-06
binary_longitudinal,1,ensemble,2.82211880039051,3.18575614798872,2.5709118773179e-05
binary_longitudinal,1,ensemble,3.01375270747048,3.43502161691208,9.7587515130386e-05
binary_longitudinal,1,ensemble,2.82211880039051,2.88292889683204,0.00031944887564232
binary_longitudinal,1,ensemble,3.33964685192599,2.76299708122777,1.06791930495902e-05
binary_longitudinal,1,ensemble,3.11700001661268,3.1590593041474,8.68076331812331e-06
binary_longitudinal,1,ensemble,3.33964685192599,3.39201648778956,8.53476284364712e-05
binary_longitudinal,1,ensemble,3.11700001661268,2.6243470744674,8.74946964899589e-05
binary_longitudinal,1,ensemble,3.01375270747048,3.68546864853757,3.55864326546287e-05
binary_longitudinal,1,ensemble,2.82211880039051,2.4062473540678,5.07326675426327e-05
binary_longitudinal,1,ensemble,3.01375270747048,3.18591251461279,0.000393106644718428
binary_longitudinal,1,ensemble,2.82211880039051,2.78232538771352,0.000705952446927189
binary_longitudinal,1,ensemble,1.77880078307141,1.71323396127129,0.00106462963936783
binary_longitudinal,1,ensemble,1.70468808971871,1.91130968597603,0.000744617548498822
binary_longitudinal,1,ensemble,1.77880078307141,1.56366105941194,8.14586064091042e-05
binary_longitudinal,1,ensemble,1.70468808971871,1.55088496949926,7.13780584804168e-05
binary_longitudinal,1,ensemble,1.67032004603564,1.63624860947507,0.000173893987726491
binary_longitudinal,1,ensemble,1.60653065971263,1.64857290412791,0.000212368151645404
binary_longitudinal,1,ensemble,1.67032004603564,1.51269780572914,1.83906000541097e-05
binary_longitudinal,1,ensemble,1.60653065971263,1.53373817188212,2.81050774725219e-05
binary_longitudinal,1,ensemble,1.77880078307141,1.51522567012332,0.000135997554921548
binary_longitudinal,1,ensemble,1.70468808971871,1.53324007802016,5.12916369428333e-05
binary_longitudinal,1,ensemble,1.77880078307141,1.51336155801567,1.15062227983188e-05
binary_longitudinal,1,ensemble,1.70468808971871,1.52265201855272,5.50619515051667e-06
binary_longitudinal,1,ensemble,1.67032004603564,1.82061552690982,0.000812975109496126
binary_longitudinal,1,ensemble,1.60653065971263,1.76570543946796,0.000535380827321236
binary_longitudinal,1,ensemble,1.67032004603564,1.49711110887675,9.50718265592076e-05
binary_longitudinal,1,ensemble,1.60653065971263,1.4997335712487,7.93472337035748e-05
binary_longitudinal,1,ensemble,1.77880078307141,1.7479087196831,0.000151469193524543
binary_longitudinal,1,ensemble,1.70468808971871,1.61757998707187,9.79296871623786e-05
binary_longitudinal,1,ensemble,1.77880078307141,1.55688713810568,0.000424153320322389
binary_longitudinal,1,ensemble,1.70468808971871,1.67548914866259,0.000343562667204943
binary_longitudinal,1,ensemble,1.67032004603564,1.89273035903189,2.4740605658263e-05
binary_longitudinal,1,ensemble,1.60653065971263,1.62092428581706,2.79299711587711e-05
binary_longitudinal,1,ensemble,1.67032004603564,1.8732112997697,9.57594834914816e-05
binary_longitudinal,1,ensemble,1.60653065971263,1.54998841614958,0.000135277641113065
binary_longitudinal,1,ensemble,1.77880078307141,1.63661934126944,1.50770733485513e-05
binary_longitudinal,1,ensemble,1.70468808971871,1.60890042562943,5.2802530965096e-06
binary_longitudinal,1,ensemble,1.77880078307141,1.85051444535858,4.66851610467426e-05
binary_longitudinal,1,ensemble,1.70468808971871,1.55555410373619,2.07453093255728e-05
binary_longitudinal,1,ensemble,1.67032004603564,2.86284679952249,9.01287185897598e-05
binary_longitudinal,1,ensemble,1.60653065971263,1.57200082423199,5.5115150144761e-05
binary_longitudinal,1,ensemble,1.67032004603564,1.84951971526321,0.000385742881197564
binary_longitudinal,1,ensemble,1.60653065971263,1.55240835459946,0.000298951065538372
binary_longitudinal,1,ensemble,2.22140275816017,2.69085979475106,0.00486799514877874
binary_longitudinal,1,ensemble,2.10517091807565,2.22137774944051,0.00437572668196998
binary_longitudinal,1,ensemble,2.22140275816017,2.21855745990017,0.000502778739068938
binary_longitudinal,1,ensemble,2.10517091807565,3.16213372812598,0.000566200169935022
binary_longitudinal,1,ensemble,2.05127109637602,2.82684454510463,0.000795789056860014
binary_longitudinal,1,ensemble,1.95122942450071,2.68659457359367,0.00124637013784139
binary_longitudinal,1,ensemble,2.05127109637602,2.1224242268958,0.000113605050807996
binary_longitudinal,1,ensemble,1.95122942450071,1.97040747029383,0.000222654142301546
binary_longitudinal,1,ensemble,2.22140275816017,3.23859193885747,0.000621845769761753
binary_longitudinal,1,ensemble,2.10517091807565,2.25124132145766,0.000301414041053892
binary_longitudinal,1,ensemble,2.22140275816017,2.84622363817252,7.10186982690438e-05
binary_longitudinal,1,ensemble,2.10517091807565,1.95321370544594,4.36774086643626e-05
binary_longitudinal,1,ensemble,2.05127109637602,1.96010962070396,0.00372040864721646
binary_longitudinal,1,ensemble,1.95122942450071,1.9324043050694,0.00314210332564453
binary_longitudinal,1,ensemble,2.05127109637602,2.13178375265175,0.000587291314850503
binary_longitudinal,1,ensemble,1.95122942450071,2.35216290586828,0.000628604930249441
binary_longitudinal,1,ensemble,2.22140275816017,2.22543284748544,0.000692589490280147
binary_longitudinal,1,ensemble,2.10517091807565,2.56934829680457,0.000575481394357805
binary_longitudinal,1,ensemble,2.22140275816017,4.63682976885828,0.00261795875186688
binary_longitudinal,1,ensemble,2.10517091807565,2.30455922796851,0.00272528063519881
binary_longitudinal,1,ensemble,2.05127109637602,2.98071061751816,0.000113220149243466
binary_longitudinal,1,ensemble,1.95122942450071,2.33450838917356,0.000163918561862273
binary_longitudinal,1,ensemble,2.05127109637602,2.30734463303173,0.000591539207822979
binary_longitudinal,1,ensemble,1.95122942450071,2.59794081498992,0.0010716969979554
binary_longitudinal,1,ensemble,2.22140275816017,2.94398551229828,6.89395797416559e-05
binary_longitudinal,1,ensemble,2.10517091807565,2.37962088782773,3.10292772558639e-05
binary_longitudinal,1,ensemble,2.22140275816017,2.22718434560152,0.000288150110086933
binary_longitudinal,1,ensemble,2.10517091807565,1.9073174367936,0.000164560341308759
binary_longitudinal,1,ensemble,2.05127109637602,2.57676226995667,0.000412455018717247
binary_longitudinal,1,ensemble,1.95122942450071,2.24118316387991,0.000323466003498371
binary_longitudinal,1,ensemble,2.05127109637602,2.22708537391503,0.00238286621906497
binary_longitudinal,1,ensemble,1.95122942450071,2.48749485357943,0.00236835116902479
binary_longitudinal,1,ensemble,2.49182469764127,2.51022431276859,0.000125625646953538
binary_longitudinal,1,ensemble,2.349858807576,2.30990871671273,0.000109059940049626
binary_longitudinal,1,ensemble,2.49182469764127,3.42184017971837,9.61206578482424e-06
binary_longitudinal,1,ensemble,2.349858807576,1.79667449975409,1.0454342359278e-05
binary_longitudinal,1,ensemble,2.28402541668774,1.77093600050411,2.83753746749529e-05
binary_longitudinal,1,ensemble,2.16183424272828,2.04247033307979,4.30103708573674e-05
binary_longitudinal,1,ensemble,2.28402541668774,1.7317170217601,3.00090977183953e-06
binary_longitudinal,1,ensemble,2.16183424272828,1.74125693314024,5.69204843429907e-06
binary_longitudinal,1,ensemble,2.49182469764127,1.87728510995528,1.60476283858334e-05
binary_longitudinal,1,ensemble,2.349858807576,1.90153278235159,7.51239728543871e-06
binary_longitudinal,1,ensemble,2.49182469764127,1.74616529725543,1.35772725986537e-06
binary_longitudinal,1,ensemble,2.349858807576,1.74567628506251,8.06461403209649e-07
binary_longitudinal,1,ensemble,2.28402541668774,2.5467287108764,0.000132658257108041
binary_longitudinal,1,ensemble,2.16183424272828,2.14332028335184,0.000108429290148266
binary_longitudinal,1,ensemble,2.28402541668774,1.70364297276016,1.55134673424864e-05
binary_longitudinal,1,ensemble,2.16183424272828,1.68419576093947,1.60699894106312e-05
binary_longitudinal,1,ensemble,2.49182469764127,2.21669972104998,1.78732722877697e-05
binary_longitudinal,1,ensemble,2.349858807576,2.2537423439079,1.43432099237244e-05
binary_longitudinal,1,ensemble,2.49182469764127,1.95222716658706,5.00498326391054e-05
binary_longitudinal,1,ensemble,2.349858807576,2.32415850306853,5.03196895697656e-05
binary_longitudinal,1,ensemble,2.28402541668774,1.82816324547104,4.03708008779839e-06
binary_longitudinal,1,ensemble,2.16183424272828,2.1790043243011,5.65658460681113e-06
binary_longitudinal,1,ensemble,2.28402541668774,1.83694679158634,1.56256766451553e-05
binary_longitudinal,1,ensemble,2.16183424272828,1.78675945448057,2.73974297365351e-05
binary_longitudinal,1,ensemble,2.49182469764127,1.88228802389168,1.77908544299253e-06
binary_longitudinal,1,ensemble,2.349858807576,1.89941730731729,7.7336894263794e-07
binary_longitudinal,1,ensemble,2.49182469764127,1.81254483029953,5.50882047874379e-06
binary_longitudinal,1,ensemble,2.349858807576,2.10877959857833,3.03844865853506e-06
binary_longitudinal,1,ensemble,2.28402541668774,2.08669980222443,1.47068693541049e-05
binary_longitudinal,1,ensemble,2.16183424272828,1.82612085755333,1.11623283869032e-05
binary_longitudinal,1,ensemble,2.28402541668774,1.80944393449832,6.29440898174842e-05
binary_longitudinal,1,ensemble,2.16183424272828,1.72099360719986,6.05457838069798e-05
binary_longitudinal,1,ensemble,3.33964685192599,3.28299226205471,0.000759538687224554
binary_longitudinal,1,ensemble,3.11700001661268,3.59796380376697,0.000846706009089562
binary_longitudinal,1,ensemble,3.33964685192599,3.73936494933688,7.84470591620539e-05
binary_longitudinal,1,ensemble,3.11700001661268,2.76110957258669,0.000109560107628954
binary_longitudinal,1,ensemble,3.01375270747048,3.23656882430291,0.000171504198251637
binary_longitudinal,1,ensemble,2.82211880039051,2.86283348403809,0.000333273146539268
binary_longitudinal,1,ensemble,3.01375270747048,2.66019030531519,2.44835525045291e-05
binary_longitudinal,1,ensemble,2.82211880039051,2.64394386054725,5.95366050115374e-05
binary_longitudinal,1,ensemble,3.33964685192599,2.53663397682466,9.70247309592075e-05
binary_longitudinal,1,ensemble,3.11700001661268,2.8385457771795,5.83238164385081e-05
binary_longitudinal,1,ensemble,3.33964685192599,2.68583313407712,1.10808345536661e-05
binary_longitudinal,1,ensemble,3.11700001661268,2.29048349186528,8.45160748498278e-06
binary_longitudinal,1,ensemble,3.01375270747048,3.51213015806085,0.000801802558993415
binary_longitudinal,1,ensemble,2.82211880039051,3.10294970021992,0.000840182727662812
binary_longitudinal,1,ensemble,3.01375270747048,2.97873917780817,0.000126569880831251
binary_longitudinal,1,ensemble,2.82211880039051,2.19387126152005,0.00016808581710499
binary_longitudinal,1,ensemble,3.33964685192599,3.87507416449708,0.000108062661558913
binary_longitudinal,1,ensemble,3.11700001661268,4.04916239271076,0.000111356030697654
binary_longitudinal,1,ensemble,3.33964685192599,4.58761065034663,0.000408472254558399
binary_longitudinal,1,ensemble,3.11700001661268,3.50299876442479,0.000527343606671384
binary_longitudinal,1,ensemble,3.01375270747048,4.12256216234138,2.4400600579441e-05
binary_longitudinal,1,ensemble,2.82211880039051,3.18575614798872,4.38310043135704e-05
binary_longitudinal,1,ensemble,3.01375270747048,3.43502161691208,0.000127485363988782
binary_longitudinal,1,ensemble,2.82211880039051,2.88292889683204,0.000286566421804578
binary_longitudinal,1,ensemble,3.33964685192599,2.76299708122777,1.07564359237141e-05
binary_longitudinal,1,ensemble,3.11700001661268,3.1590593041474,6.00418568611739e-06
binary_longitudinal,1,ensemble,3.33964685192599,3.39201648778956,4.49591977087213e-05
binary_longitudinal,1,ensemble,3.11700001661268,2.6243470744674,3.1842534959525e-05
binary_longitudinal,1,ensemble,3.01375270747048,3.68546864853757,8.88900980607588e-05
binary_longitudinal,1,ensemble,2.82211880039051,2.4062473540678,8.64931929218788e-05
binary_longitudinal,1,ensemble,3.01375270747048,3.18591251461279,0.000513542573774717
binary_longitudinal,1,ensemble,2.82211880039051,2.78232538771352,0.000633285267551308
binary_longitudinal,1,ensemble,1.77880078307141,1.71323396127129,0.000105972038196597
binary_longitudinal,1,ensemble,1.70468808971871,1.91130968597603,7.40029352343184e-05
binary_longitudinal,1,ensemble,1.77880078307141,1.56366105941194,1.25892464741956e-05
binary_longitudinal,1,ensemble,1.70468808971871,1.55088496949926,1.10343278474698e-05
binary_longitudinal,1,ensemble,1.67032004603564,1.63624860947507,9.36643552119747e-06
binary_longitudinal,1,ensemble,1.60653065971263,1.64857290412791,1.14506399725992e-05
binary_longitudinal,1,ensemble,1.67032004603564,1.51269780572914,1.53799777282289e-06
binary_longitudinal,1,ensemble,1.60653065971263,1.53373817188212,2.35716852536868e-06
binary_longitudinal,1,ensemble,1.77880078307141,1.51522567012332,1.35370438243179e-05
binary_longitudinal,1,ensemble,1.70468808971871,1.53324007802016,5.09755873252653e-06
binary_longitudinal,1,ensemble,1.77880078307141,1.51336155801567,1.778261146128e-06
binary_longitudinal,1,ensemble,1.70468808971871,1.52265201855272,8.51202229038192e-07
binary_longitudinal,1,ensemble,1.67032004603564,1.82061552690982,4.37892019326779e-05
binary_longitudinal,1,ensemble,1.60653065971263,1.76570543946796,2.88671020319653e-05
binary_longitudinal,1,ensemble,1.67032004603564,1.49711110887675,7.95081493132629e-06
binary_longitudinal,1,ensemble,1.60653065971263,1.4997335712487,6.65484028798717e-06
binary_longitudinal,1,ensemble,1.77880078307141,1.7479087196831,1.50770733485513e-05
binary_longitudinal,1,ensemble,1.70468808971871,1.61757998707187,9.73262624713179e-06
binary_longitudinal,1,ensemble,1.77880078307141,1.55688713810568,6.55519524305315e-05
binary_longitudinal,1,ensemble,1.70468808971871,1.67548914866259,5.31113228182101e-05
binary_longitudinal,1,ensemble,1.67032004603564,1.89273035903189,1.33260091785331e-06
binary_longitudinal,1,ensemble,1.60653065971263,1.62092428581706,1.50595106519631e-06
binary_longitudinal,1,ensemble,1.67032004603564,1.8732112997697,8.00832337733632e-06
binary_longitudinal,1,ensemble,1.60653065971263,1.54998841614958,1.13457149559397e-05
binary_longitudinal,1,ensemble,1.77880078307141,1.63661934126944,1.50075494209827e-06
binary_longitudinal,1,ensemble,1.70468808971871,1.60890042562943,5.24771714969094e-07
binary_longitudinal,1,ensemble,1.77880078307141,1.85051444535858,7.21508782206799e-06
binary_longitudinal,1,ensemble,1.70468808971871,1.55555410373619,3.20701556288963e-06
binary_longitudinal,1,ensemble,1.67032004603564,2.86284679952249,4.8545947005765e-06
binary_longitudinal,1,ensemble,1.60653065971263,1.57200082423199,2.97174381588617e-06
binary_longitudinal,1,ensemble,1.67032004603564,1.84951971526321,3.22595070535267e-05
binary_longitudinal,1,ensemble,1.60653065971263,1.55240835459946,2.50729798913181e-05
binary_longitudinal,1,ensemble,2.22140275816017,2.69085979475106,0.000535804216557258
binary_longitudinal,1,ensemble,2.10517091807565,2.22137774944051,0.000482473898643181
binary_longitudinal,1,ensemble,2.22140275816017,2.21855745990017,8.59217117479918e-05
binary_longitudinal,1,ensemble,2.10517091807565,3.16213372812598,9.71089158479462e-05
binary_longitudinal,1,ensemble,2.05127109637602,2.82684454510463,4.76763856244649e-05
binary_longitudinal,1,ensemble,1.95122942450071,2.68659457359367,7.52594403054059e-05
binary_longitudinal,1,ensemble,2.05127109637602,2.1224242268958,1.05675187534922e-05
binary_longitudinal,1,ensemble,1.95122942450071,1.97040747029383,2.09127045694097e-05
binary_longitudinal,1,ensemble,2.22140275816017,3.23859193885747,6.84445188015912e-05
binary_longitudinal,1,ensemble,2.10517091807565,2.25124132145766,3.32343443872496e-05
binary_longitudinal,1,ensemble,2.22140275816017,2.84622363817252,1.21366470919004e-05
binary_longitudinal,1,ensemble,2.10517091807565,1.95321370544594,7.49110655147047e-06
binary_longitudinal,1,ensemble,2.05127109637602,1.96010962070396,0.000222892782724565
binary_longitudinal,1,ensemble,1.95122942450071,1.9324043050694,0.000189729303110001
binary_longitudinal,1,ensemble,2.05127109637602,2.13178375265175,5.46297188312067e-05
binary_longitudinal,1,ensemble,1.95122942450071,2.35216290586828,5.90414759918424e-05
binary_longitudinal,1,ensemble,2.22140275816017,2.22543284748544,7.6231047462823e-05
binary_longitudinal,1,ensemble,2.10517091807565,2.56934829680457,6.34534037686793e-05
binary_longitudinal,1,ensemble,2.22140275816017,4.63682976885828,0.000447392619788555
binary_longitudinal,1,ensemble,2.10517091807565,2.30455922796851,0.00046741251931438
binary_longitudinal,1,ensemble,2.05127109637602,2.98071061751816,6.78311350132134e-06
binary_longitudinal,1,ensemble,1.95122942450071,2.33450838917356,9.89787772257393e-06
binary_longitudinal,1,ensemble,2.05127109637602,2.30734463303173,5.50248569727787e-05
binary_longitudinal,1,ensemble,1.95122942450071,2.59794081498992,0.000100658727812086
binary_longitudinal,1,ensemble,2.22140275816017,2.94398551229828,7.58795281924868e-06
binary_longitudinal,1,ensemble,2.10517091807565,2.37962088782773,3.42133260548552e-06
binary_longitudinal,1,ensemble,2.22140275816017,2.22718434560152,4.92430343114546e-05
binary_longitudinal,1,ensemble,2.10517091807565,1.9073174367936,2.82237222533781e-05
binary_longitudinal,1,ensemble,2.05127109637602,2.57676226995667,2.47105239203716e-05
binary_longitudinal,1,ensemble,1.95122942450071,2.24118316387991,1.95318145404827e-05
binary_longitudinal,1,ensemble,2.05127109637602,2.22708537391503,0.000221653731748163
binary_longitudinal,1,ensemble,1.95122942450071,2.48749485357943,0.000222446471475719
binary_longitudinal,1,ensemble,2.49182469764127,2.51022431276859,0.000457647591102943
binary_longitudinal,1,ensemble,2.349858807576,2.30990871671273,0.000396680697514186
binary_longitudinal,1,ensemble,2.49182469764127,3.42184017971837,5.43675333678904e-05
binary_longitudinal,1,ensemble,2.349858807576,1.79667449975409,5.91477196583503e-05
binary_longitudinal,1,ensemble,2.28402541668774,1.77093600050411,5.59360146777711e-05
binary_longitudinal,1,ensemble,2.16183424272828,2.04247033307979,8.48738093609244e-05
binary_longitudinal,1,ensemble,2.28402541668774,1.7317170217601,9.18486715680733e-06
binary_longitudinal,1,ensemble,2.16183424272828,1.74125693314024,1.74716760401559e-05
binary_longitudinal,1,ensemble,2.49182469764127,1.87728510995528,5.84606619093318e-05
binary_longitudinal,1,ensemble,2.349858807576,1.90153278235159,2.73246344518023e-05
binary_longitudinal,1,ensemble,2.49182469764127,1.74616529725543,7.67954399789561e-06
binary_longitudinal,1,ensemble,2.349858807576,1.74567628506251,4.56273109804858e-06
binary_longitudinal,1,ensemble,2.28402541668774,2.5467287108764,0.00026150753256037
binary_longitudinal,1,ensemble,2.16183424272828,2.14332028335184,0.000213967159960164
binary_longitudinal,1,ensemble,2.28402541668774,1.70364297276016,4.74819796380822e-05
binary_longitudinal,1,ensemble,2.16183424272828,1.68419576093947,4.93266443868302e-05
binary_longitudinal,1,ensemble,2.49182469764127,2.21669972104998,6.51113861379755e-05
binary_longitudinal,1,ensemble,2.349858807576,2.2537423439079,5.2170159955584e-05
binary_longitudinal,1,ensemble,2.49182469764127,1.95222716658706,0.000283090649500133
binary_longitudinal,1,ensemble,2.349858807576,2.32415850306853,0.000284694607243882
binary_longitudinal,1,ensemble,2.28402541668774,1.82816324547104,7.95824455652947e-06
binary_longitudinal,1,ensemble,2.16183424272828,2.1790043243011,1.11623283869032e-05
binary_longitudinal,1,ensemble,2.28402541668774,1.83694679158634,4.78254180008225e-05
binary_longitudinal,1,ensemble,2.16183424272828,1.78675945448057,8.40960898725417e-05
binary_longitudinal,1,ensemble,2.49182469764127,1.88228802389168,6.48111422385726e-06
binary_longitudinal,1,ensemble,2.349858807576,1.89941730731729,2.81295342232749e-06
binary_longitudinal,1,ensemble,2.49182469764127,1.81254483029953,3.11588567848423e-05
binary_longitudinal,1,ensemble,2.349858807576,2.10877959857833,1.71906852937362e-05
binary_longitudinal,1,ensemble,2.28402541668774,2.08669980222443,2.89914642354107e-05
binary_longitudinal,1,ensemble,2.16183424272828,1.82612085755333,2.20269975042956e-05
binary_longitudinal,1,ensemble,2.28402541668774,1.80944393449832,0.000192652611119777
binary_longitudinal,1,ensemble,2.16183424272828,1.72099360719986,0.000185844574669916
binary_longitudinal,1,ensemble,3.33964685192599,3.28299226205471,0.00305960966902122
binary_longitudinal,1,ensemble,3.11700001661268,3.59796380376697,0.00341677525449953
binary_longitudinal,1,ensemble,3.33964685192599,3.73936494933688,0.000490639849257172
binary_longitudinal,1,ensemble,3.11700001661268,2.76110957258669,0.000687704229376201
binary_longitudinal,1,ensemble,3.01375270747048,3.23656882430291,0.000376045374945552
binary_longitudinal,1,ensemble,2.82211880039051,2.86283348403809,0.000736502806032577
binary_longitudinal,1,ensemble,3.01375270747048,2.66019030531519,8.33508350067117e-05
binary_longitudinal,1,ensemble,2.82211880039051,2.64394386054725,0.000204655595824225
binary_longitudinal,1,ensemble,3.33964685192599,2.53663397682466,0.000390839610898199
binary_longitudinal,1,ensemble,3.11700001661268,2.8385457771795,0.00023535840139997
binary_longitudinal,1,ensemble,3.33964685192599,2.68583313407712,6.93040510775986e-05
binary_longitudinal,1,ensemble,3.11700001661268,2.29048349186528,5.30503879398729e-05
binary_longitudinal,1,ensemble,3.01375270747048,3.51213015806085,0.00175805692806767
binary_longitudinal,1,ensemble,2.82211880039051,3.10294970021992,0.00185672606067844
binary_longitudinal,1,ensemble,3.01375270747048,2.97873917780817,0.000430889481909668
binary_longitudinal,1,ensemble,2.82211880039051,2.19387126152005,0.000577790806891949
binary_longitudinal,1,ensemble,3.33964685192599,3.87507416449708,0.000435303125077114
binary_longitudinal,1,ensemble,3.11700001661268,4.04916239271076,0.000449363209948342
binary_longitudinal,1,ensemble,3.33964685192599,4.58761065034663,0.00255475179749266
binary_longitudinal,1,ensemble,3.11700001661268,3.50299876442479,0.00331011384061995
binary_longitudinal,1,ensemble,3.01375270747048,4.12256216234138,5.35015065947808e-05
binary_longitudinal,1,ensemble,2.82211880039051,3.18575614798872,9.68624625277663e-05
binary_longitudinal,1,ensemble,3.01375270747048,3.43502161691208,0.000434006116458544
binary_longitudinal,1,ensemble,2.82211880039051,2.88292889683204,0.000985064932511136
binary_longitudinal,1,ensemble,3.33964685192599,2.76299708122777,4.33295840092911e-05
binary_longitudinal,1,ensemble,3.11700001661268,3.1590593041474,2.42291336727435e-05
binary_longitudinal,1,ensemble,3.33964685192599,3.39201648778956,0.000281193128488883
binary_longitudinal,1,ensemble,3.11700001661268,2.6243470744674,0.000199874264818062
binary_longitudinal,1,ensemble,3.01375270747048,3.68546864853757,0.000194903160359726
binary_longitudinal,1,ensemble,2.82211880039051,2.4062473540678,0.000191141950532684
binary_longitudinal,1,ensemble,3.01375270747048,3.18591251461279,0.00174828396850091
binary_longitudinal,1,ensemble,2.82211880039051,2.78232538771352,0.00217690232307168
binary_longitudinal,1,sieve_md,1.77880078307141,1.49958841645824,0.00748294912415195
binary_longitudinal,1,sieve_md,1.70468808971871,1.98400135440431,0.0076425891174435
binary_longitudinal,1,sieve_md,1.77880078307141,1.11028161834666,0.000709245152938778
binary_longitudinal,1,sieve_md,1.70468808971871,1.00068821696966,0.000904292506752669
binary_longitudinal,1,sieve_md,1.67032004603564,1.33328308553112,0.000905462486159698
binary_longitudinal,1,sieve_md,1.60653065971263,1.30739341742754,0.00161476113157825
binary_longitudinal,1,sieve_md,1.67032004603564,1.01211241083648,0.000118622468061873
binary_longitudinal,1,sieve_md,1.60653065971263,1.03332565604943,0.000263779258816363
binary_longitudinal,1,sieve_md,1.77880078307141,1.05086384470643,0.000955884325267599
binary_longitudinal,1,sieve_md,1.70468808971871,1.00155843142464,0.000526445968276534
binary_longitudinal,1,sieve_md,1.77880078307141,1.0819951882661,0.000100182572573807
binary_longitudinal,1,sieve_md,1.70468808971871,1.03339651360405,6.97582859681761e-05
binary_longitudinal,1,sieve_md,1.67032004603564,1.99620658341375,0.00423314499514566
binary_longitudinal,1,sieve_md,1.60653065971263,1.76803948749211,0.00407081826466162
binary_longitudinal,1,sieve_md,1.67032004603564,1.06712948608406,0.00061322929520635
binary_longitudinal,1,sieve_md,1.60653065971263,1.02793377719836,0.000744710791703774
binary_longitudinal,1,sieve_md,1.77880078307141,1.49988803681544,0.00106462963936783
binary_longitudinal,1,sieve_md,1.70468808971871,1.00792222545538,0.00100512855611679
binary_longitudinal,1,sieve_md,1.77880078307141,1.00141031456498,0.00369302520387731
binary_longitudinal,1,sieve_md,1.70468808971871,1.2819876216448,0.00435261412495031
binary_longitudinal,1,sieve_md,1.67032004603564,1.99981009102267,0.000128823834574787
binary_longitudinal,1,sieve_md,1.60653065971263,1.12879660681948,0.000212368151645404
binary_longitudinal,1,sieve_md,1.67032004603564,1.99988357937178,0.000617664798248458
binary_longitudinal,1,sieve_md,1.60653065971263,1.00097216682275,0.00126964374825572
binary_longitudinal,1,sieve_md,1.77880078307141,1.31689404729302,0.000105972038196597
binary_longitudinal,1,sieve_md,1.70468808971871,1.12907045627015,5.4195344890929e-05
binary_longitudinal,1,sieve_md,1.77880078307141,1.99991531269193,0.000406479138868103
binary_longitudinal,1,sieve_md,1.70468808971871,1.05016747525962,0.000262823452651471
binary_longitudinal,1,sieve_md,1.67032004603564,4.99971593336285,0.000469298419546449
binary_longitudinal,1,sieve_md,1.60653065971263,1.10567002261073,0.000419073206247334
binary_longitudinal,1,sieve_md,1.67032004603564,2.03804378161323,0.00248810655825924
binary_longitudinal,1,sieve_md,1.60653065971263,1.1105264669191,0.00280579516520357
binary_longitudinal,1,sieve_md,2.22140275816017,3.09098897603852,0.000934898023489231
binary_longitudinal,1,sieve_md,2.10517091807565,1.63169235585443,0.0012271489970857
binary_longitudinal,1,sieve_md,2.22140275816017,1.88977006248136,0.000119612390536422
binary_longitudinal,1,sieve_md,2.10517091807565,4.65366136406982,0.000195999093135422
binary_longitudinal,1,sieve_md,2.05127109637602,3.66764760330795,0.000113220149243466
binary_longitudinal,1,sieve_md,1.95122942450071,3.2310127988313,0.000258943968827728
binary_longitudinal,1,sieve_md,2.05127109637602,1.75838933204212,2.00220509127348e-05
binary_longitudinal,1,sieve_md,1.95122942450071,1.30889080420806,5.70987369063187e-05
binary_longitudinal,1,sieve_md,2.22140275816017,4.99992879853759,0.000119425423258947
binary_longitudinal,1,sieve_md,2.10517091807565,1.99996584386634,8.45299455541655e-05
binary_longitudinal,1,sieve_md,2.22140275816017,3.99984987974137,1.68955359736889e-05
binary_longitudinal,1,sieve_md,2.10517091807565,1.30954757288495,1.51196218992706e-05
binary_longitudinal,1,sieve_md,2.05127109637602,1.34453789041033,0.000529317686205158
binary_longitudinal,1,sieve_md,1.95122942450071,1.23216107328854,0.000652798619692812
binary_longitudinal,1,sieve_md,2.05127109637602,1.99996211289806,0.000103505755447592
binary_longitudinal,1,sieve_md,1.95122942450071,2.64172498107392,0.000161203142952165
binary_longitudinal,1,sieve_md,2.22140275816017,1.50025312286706,0.000133011748319997
binary_longitudinal,1,sieve_md,2.10517091807565,2.45816187233308,0.000161390659713171
binary_longitudinal,1,sieve_md,2.22140275816017,8.87232086679084,0.000622819304603906
binary_longitudinal,1,sieve_md,2.10517091807565,1.9373231539719,0.000943398750833641
binary_longitudinal,1,sieve_md,2.05127109637602,3.93101424530824,1.61082916185006e-05
binary_longitudinal,1,sieve_md,1.95122942450071,2.00003408645363,3.40554717129719e-05
binary_longitudinal,1,sieve_md,2.05127109637602,2.13923502625063,0.000104254415201378
binary_longitudinal,1,sieve_md,1.95122942450071,3.00929184852132,0.00027483227707784
binary_longitudinal,1,sieve_md,2.22140275816017,3.93724621570556,1.32398399897382e-05
binary_longitudinal,1,sieve_md,2.10517091807565,2.19633584940245,8.70199380178946e-06
binary_longitudinal,1,sieve_md,2.22140275816017,2.00002655807387,6.85516725799842e-05
binary_longitudinal,1,sieve_md,2.10517091807565,1.01669151801971,5.69651500921905e-05
binary_longitudinal,1,sieve_md,2.05127109637602,3.00002752801024,5.86816548591944e-05
binary_longitudinal,1,sieve_md,1.95122942450071,1.97944053123813,6.72028061196784e-05
binary_longitudinal,1,sieve_md,2.05127109637602,2.13336772985018,0.000419962566954781
binary_longitudinal,1,sieve_md,1.95122942450071,2.90045226390159,0.000607353893819652
binary_longitudinal,1,sieve_md,2.49182469764127,3.03828675383346,0.000882983424545827
binary_longitudinal,1,sieve_md,2.349858807576,2.33590552479806,0.00111936699941155
binary_longitudinal,1,sieve_md,2.49182469764127,5.88932916873511,8.36904946958843e-05
binary_longitudinal,1,sieve_md,2.349858807576,1.00334236813995,0.000132446632197425
binary_longitudinal,1,sieve_md,2.28402541668774,1.00103671519716,0.00014775000352115
binary_longitudinal,1,sieve_md,2.16183424272828,1.74991673322746,0.000327033383193953
binary_longitudinal,1,sieve_md,2.28402541668774,1.01426740588203,1.93563735016384e-05
binary_longitudinal,1,sieve_md,2.16183424272828,1.01133617143613,5.34225290292901e-05
binary_longitudinal,1,sieve_md,2.49182469764127,1.39943090485615,0.000112793766333419
binary_longitudinal,1,sieve_md,2.349858807576,1.36309672567001,7.7105577024548e-05
binary_longitudinal,1,sieve_md,2.49182469764127,1.12913731427821,1.18214823518603e-05
binary_longitudinal,1,sieve_md,2.349858807576,1.05259742875504,1.02171033989081e-05
binary_longitudinal,1,sieve_md,2.28402541668774,3.50182772995772,0.00069074886867041
binary_longitudinal,1,sieve_md,2.16183424272828,2.24633844796831,0.000824452263201824
binary_longitudinal,1,sieve_md,2.28402541668774,1.10572475928268,0.000100064477447639
binary_longitudinal,1,sieve_md,2.16183424272828,1.00912721631766,0.000150824344820521
binary_longitudinal,1,sieve_md,2.49182469764127,1.99997347212551,0.000125625646953538
binary_longitudinal,1,sieve_md,2.349858807576,1.99988447788161,0.000147215520629698
binary_longitudinal,1,sieve_md,2.49182469764127,1.38793867765435,0.000435774717608172
binary_longitudinal,1,sieve_md,2.349858807576,2.42401617884034,0.000637502885183462
binary_longitudinal,1,sieve_md,2.28402541668774,1.01694430892978,2.10209945778757e-05
binary_longitudinal,1,sieve_md,2.16183424272828,1.99973520581046,4.30103708573674e-05
binary_longitudinal,1,sieve_md,2.28402541668774,1.19357552239873,0.00010078824635039
binary_longitudinal,1,sieve_md,2.16183424272828,1.01606681332196,0.00025713765480427
binary_longitudinal,1,sieve_md,2.49182469764127,1.26196067315061,1.25046357579688e-05
binary_longitudinal,1,sieve_md,2.349858807576,1.20327792920357,7.93768704039999e-06
binary_longitudinal,1,sieve_md,2.49182469764127,1.19398710583854,4.7964290026477e-05
binary_longitudinal,1,sieve_md,2.349858807576,1.99957614201815,3.84942713848094e-05
binary_longitudinal,1,sieve_md,2.28402541668774,1.99985331541973,7.65783720477939e-05
binary_longitudinal,1,sieve_md,2.16183424272828,1.16642370373468,8.48738093609244e-05
binary_longitudinal,1,sieve_md,2.28402541668774,1.2999080220127,0.000405999981625921
binary_longitudinal,1,sieve_md,2.16183424272828,1.00079377789174,0.000568250416412313
binary_longitudinal,1,sieve_md,3.33964685192599,3.1189416706073,0.000145869335475403
binary_longitudinal,1,sieve_md,3.11700001661268,4.02094000249896,0.000237454143139697
binary_longitudinal,1,sieve_md,3.33964685192599,4.88961711059219,1.86627626583844e-05
binary_longitudinal,1,sieve_md,3.11700001661268,1.99914321480902,3.7925954246108e-05
binary_longitudinal,1,sieve_md,3.01375270747048,3.33228755371078,2.4400600579441e-05
binary_longitudinal,1,sieve_md,2.82211880039051,2.25162134838342,6.92403232783208e-05
binary_longitudinal,1,sieve_md,3.01375270747048,2.00003417401881,4.31504524916592e-06
binary_longitudinal,1,sieve_md,2.82211880039051,1.99988273463318,1.52679169168351e-05
binary_longitudinal,1,sieve_md,3.33964685192599,1.4012520583905,1.8633590714669e-05
binary_longitudinal,1,sieve_md,3.11700001661268,2.25428256615274,1.63566004119122e-05
binary_longitudinal,1,sieve_md,3.33964685192599,2.19695554684663,2.63615981963957e-06
binary_longitudinal,1,sieve_md,3.11700001661268,1.01679995168928,2.92565684461606e-06
binary_longitudinal,1,sieve_md,3.01375270747048,4.57764831875641,0.000114075714676479
binary_longitudinal,1,sieve_md,2.82211880039051,3.37659700758528,0.000174555088762244
binary_longitudinal,1,sieve_md,3.01375270747048,3.31575835089879,2.2307006422673e-05
binary_longitudinal,1,sieve_md,2.82211880039051,1.01861435734151,4.31049148664089e-05
binary_longitudinal,1,sieve_md,3.33964685192599,4.49982002855109,2.07534242777046e-05
binary_longitudinal,1,sieve_md,3.11700001661268,4.99994574802265,3.12291994728862e-05
binary_longitudinal,1,sieve_md,3.33964685192599,7.07788481860515,9.71766286816531e-05
binary_longitudinal,1,sieve_md,3.11700001661268,3.89068946756929,0.000182548282686344
binary_longitudinal,1,sieve_md,3.01375270747048,5.61616487203997,3.47157279359331e-06
binary_longitudinal,1,sieve_md,2.82211880039051,2.88015682636504,9.10626295517483e-06
binary_longitudinal,1,sieve_md,3.01375270747048,3.99997533376181,2.24683535657752e-05
binary_longitudinal,1,sieve_md,2.82211880039051,2.42738996624835,7.34887775078738e-05
binary_longitudinal,1,sieve_md,3.33964685192599,1.73867930134232,2.0657725362343e-06
binary_longitudinal,1,sieve_md,3.11700001661268,2.88415444654139,1.68384156016759e-06
binary_longitudinal,1,sieve_md,3.33964685192599,3.99994668185307,1.06959119323509e-05
binary_longitudinal,1,sieve_md,3.11700001661268,1.73233855611646,1.10227942459221e-05
binary_longitudinal,1,sieve_md,3.01375270747048,4.78729112861637,1.26467561748286e-05
binary_longitudinal,1,sieve_md,2.82211880039051,1.01919650710644,1.79696945327679e-05
binary_longitudinal,1,sieve_md,3.01375270747048,3.66666174454455,9.05080846744403e-05
binary_longitudinal,1,sieve_md,2.82211880039051,2.5130770384384,0.000162403396158639
binary_longitudinal,1,sieve_md,1.77880078307141,1.49958841645824,0.000955884325267599
binary_longitudinal,1,sieve_md,1.70468808971871,1.98400135440431,0.000970351563627095
binary_longitudinal,1,sieve_md,1.77880078307141,1.11028161834666,0.000139844897630605
binary_longitudinal,1,sieve_md,1.70468808971871,1.00068821696966,0.000176779079384732
binary_longitudinal,1,sieve_md,1.67032004603564,1.33328308553112,6.2589294446911e-05
binary_longitudinal,1,sieve_md,1.60653065971263,1.30739341742754,0.000111229908396983
binary_longitudinal,1,sieve_md,1.67032004603564,1.01211241083648,1.26565182893121e-05
binary_longitudinal,1,sieve_md,1.60653065971263,1.03332565604943,2.79761065503157e-05
binary_longitudinal,1,sieve_md,1.77880078307141,1.05086384470643,0.000122106248236165
binary_longitudinal,1,sieve_md,1.70468808971871,1.00155843142464,6.6840917473422e-05
binary_longitudinal,1,sieve_md,1.77880078307141,1.0819951882661,1.9753425945745e-05
binary_longitudinal,1,sieve_md,1.70468808971871,1.03339651360405,1.36369653412199e-05
binary_longitudinal,1,sieve_md,1.67032004603564,1.99620658341375,0.000292612408120141
binary_longitudinal,1,sieve_md,1.60653065971263,1.76803948749211,0.000280410974616735
binary_longitudinal,1,sieve_md,1.67032004603564,1.06712948608406,6.54289859006547e-05
binary_longitudinal,1,sieve_md,1.60653065971263,1.02793377719836,7.89831185035628e-05
binary_longitudinal,1,sieve_md,1.77880078307141,1.49988803681544,0.000135997554921548
binary_longitudinal,1,sieve_md,1.70468808971871,1.00792222545538,0.000127617493376436
binary_longitudinal,1,sieve_md,1.77880078307141,1.00141031456498,0.000728169560896594
binary_longitudinal,1,sieve_md,1.70468808971871,1.2819876216448,0.000850887419922132
binary_longitudinal,1,sieve_md,1.67032004603564,1.99981009102267,8.90483375868919e-06
binary_longitudinal,1,sieve_md,1.60653065971263,1.12879660681948,1.46285971293273e-05
binary_longitudinal,1,sieve_md,1.67032004603564,1.99988357937178,6.5902235414781e-05
binary_longitudinal,1,sieve_md,1.60653065971263,1.00097216682275,0.00013465686779745
binary_longitudinal,1,sieve_md,1.77880078307141,1.31689404729302,1.35370438243179e-05
binary_longitudinal,1,sieve_md,1.70468808971871,1.12907045627015,6.8809845522369e-06
binary_longitudinal,1,sieve_md,1.77880078307141,1.99991531269193,8.01472288227161e-05
binary_longitudinal,1,sieve_md,1.70468808971871,1.05016747525962,5.13790478783116e-05
binary_longitudinal,1,sieve_md,1.67032004603564,4.99971593336285,3.24398386608389e-05
binary_longitudinal,1,sieve_md,1.60653065971263,1.10567002261073,2.88671020319653e-05
binary_longitudinal,1,sieve_md,1.67032004603564,2.03804378161323,0.000265470502130676
binary_longitudinal,1,sieve_md,1.60653065971263,1.1105264669191,0.000297579213969747
binary_longitudinal,1,sieve_md,2.22140275816017,3.09098897603852,0.000132056579730201
binary_longitudinal,1,sieve_md,2.10517091807565,1.63169235585443,0.000172859738935083
binary_longitudinal,1,sieve_md,2.22140275816017,1.88977006248136,2.60789243617065e-05
binary_longitudinal,1,sieve_md,2.10517091807565,4.65366136406982,4.2509300165877e-05
binary_longitudinal,1,sieve_md,2.05127109637602,3.66764760330795,8.70500243869682e-06
binary_longitudinal,1,sieve_md,1.95122942450071,3.2310127988313,1.99752704930459e-05
binary_longitudinal,1,sieve_md,2.05127109637602,1.75838933204212,2.37613678042614e-06
binary_longitudinal,1,sieve_md,1.95122942450071,1.30889080420806,6.7818270053608e-06
binary_longitudinal,1,sieve_md,2.22140275816017,4.99992879853759,1.68691263989926e-05
binary_longitudinal,1,sieve_md,2.10517091807565,1.99996584386634,1.19071313714885e-05
binary_longitudinal,1,sieve_md,2.22140275816017,3.99984987974137,3.68371038094215e-06
binary_longitudinal,1,sieve_md,2.10517091807565,1.30954757288495,3.2792220383723e-06
binary_longitudinal,1,sieve_md,2.05127109637602,1.34453789041033,4.06969234721017e-05
binary_longitudinal,1,sieve_md,1.95122942450071,1.23216107328854,5.03577243559056e-05
binary_longitudinal,1,sieve_md,2.05127109637602,1.99996211289806,1.22836483423577e-05
binary_longitudinal,1,sieve_md,1.95122942450071,2.64172498107392,1.91466902326703e-05
binary_longitudinal,1,sieve_md,2.22140275816017,1.50025312286706,1.87882272780048e-05
binary_longitudinal,1,sieve_md,2.10517091807565,2.45816187233308,2.27339527399143e-05
binary_longitudinal,1,sieve_md,2.22140275816017,8.87232086679084,0.000135792433065955
binary_longitudinal,1,sieve_md,2.10517091807565,1.9373231539719,0.000204609215449747
binary_longitudinal,1,sieve_md,2.05127109637602,3.93101424530824,1.23849614012393e-06
binary_longitudinal,1,sieve_md,1.95122942450071,2.00003408645363,2.62708284851948e-06
binary_longitudinal,1,sieve_md,2.05127109637602,2.13923502625063,1.2372496282299e-05
binary_longitudinal,1,sieve_md,1.95122942450071,3.00929184852132,3.26428404482803e-05
binary_longitudinal,1,sieve_md,2.22140275816017,3.93724621570556,1.87015903477317e-06
binary_longitudinal,1,sieve_md,2.10517091807565,2.19633584940245,1.22578788750539e-06
binary_longitudinal,1,sieve_md,2.22140275816017,2.00002655807387,1.4946226524396e-05
binary_longitudinal,1,sieve_md,2.10517091807565,1.01669151801971,1.23548972881728e-05
binary_longitudinal,1,sieve_md,2.05127109637602,3.00002752801024,4.51177596981956e-06
binary_longitudinal,1,sieve_md,1.95122942450071,1.97944053123813,5.18411081829589e-06
binary_longitudinal,1,sieve_md,2.05127109637602,2.13336772985018,4.98394747917028e-05
binary_longitudinal,1,sieve_md,1.95122942450071,2.90045226390159,7.2137655963828e-05
binary_longitudinal,1,sieve_md,2.49182469764127,3.03828675383346,0.00412805270405592
binary_longitudinal,1,sieve_md,2.349858807576,2.33590552479806,0.00520141172609965
binary_longitudinal,1,sieve_md,2.49182469764127,5.88932916873511,0.000603929882050146
binary_longitudinal,1,sieve_md,2.349858807576,1.00334236813995,0.00094759550137048
binary_longitudinal,1,sieve_md,2.28402541668774,1.00103671519716,0.000373781006118126
binary_longitudinal,1,sieve_md,2.16183424272828,1.74991673322746,0.000824452263201824
binary_longitudinal,1,sieve_md,2.28402541668774,1.01426740588203,7.55842701525296e-05
binary_longitudinal,1,sieve_md,2.16183424272828,1.01133617143613,0.00020736297182466
binary_longitudinal,1,sieve_md,2.49182469764127,1.39943090485615,0.000527324295303528
binary_longitudinal,1,sieve_md,2.349858807576,1.36309672567001,0.000358289866231539
binary_longitudinal,1,sieve_md,2.49182469764127,1.12913731427821,8.53065389129307e-05
binary_longitudinal,1,sieve_md,2.349858807576,1.05259742875504,7.30987346164517e-05
binary_longitudinal,1,sieve_md,2.28402541668774,3.50182772995772,0.00174747073403369
binary_longitudinal,1,sieve_md,2.16183424272828,2.24633844796831,0.00207844693914776
binary_longitudinal,1,sieve_md,2.28402541668774,1.10572475928268,0.00039073954092867
binary_longitudinal,1,sieve_md,2.16183424272828,1.00912721631766,0.000585434365122306
binary_longitudinal,1,sieve_md,2.49182469764127,1.99997347212551,0.000587314865929753
binary_longitudinal,1,sieve_md,2.349858807576,1.99988447788161,0.00068407281585907
binary_longitudinal,1,sieve_md,2.49182469764127,1.38793867765435,0.00314465071286622
binary_longitudinal,1,sieve_md,2.349858807576,2.42401617884034,0.00456104361498663
binary_longitudinal,1,sieve_md,2.28402541668774,1.01694430892978,5.31793456221294e-05
binary_longitudinal,1,sieve_md,2.16183424272828,1.99973520581046,0.000108429290148266
binary_longitudinal,1,sieve_md,2.28402541668774,1.19357552239873,0.000393565769936334
binary_longitudinal,1,sieve_md,2.16183424272828,1.01606681332196,0.000998096294524031
binary_longitudinal,1,sieve_md,2.49182469764127,1.26196067315061,5.84606619093318e-05
binary_longitudinal,1,sieve_md,2.349858807576,1.20327792920357,3.68843984785601e-05
binary_longitudinal,1,sieve_md,2.49182469764127,1.19398710583854,0.000346121362092197
binary_longitudinal,1,sieve_md,2.349858807576,1.99957614201815,0.000275409029188504
binary_longitudinal,1,sieve_md,2.28402541668774,1.99985331541973,0.000193729544966239
binary_longitudinal,1,sieve_md,2.16183424272828,1.16642370373468,0.000213967159960164
binary_longitudinal,1,sieve_md,2.28402541668774,1.2999080220127,0.00158538025165397
binary_longitudinal,1,sieve_md,2.16183424272828,1.00079377789174,0.00220570042693509
binary_longitudinal,1,sieve_md,3.33964685192599,3.1189416706073,0.000754084375812706
binary_longitudinal,1,sieve_md,3.11700001661268,4.02094000249896,0.00122415508932939
binary_longitudinal,1,sieve_md,3.33964685192599,4.88961711059219,0.0001489188152483
binary_longitudinal,1,sieve_md,3.11700001661268,1.99914321480902,0.000301041621736058
binary_longitudinal,1,sieve_md,3.01375270747048,3.33228755371078,6.86603202630765e-05
binary_longitudinal,1,sieve_md,2.82211880039051,2.25162134838342,0.000195481692525041
binary_longitudinal,1,sieve_md,3.01375270747048,2.00003417401881,1.87416733633171e-05
binary_longitudinal,1,sieve_md,2.82211880039051,1.99988273463318,6.63682137311478e-05
binary_longitudinal,1,sieve_md,3.33964685192599,1.4012520583905,9.63279881780911e-05
binary_longitudinal,1,sieve_md,3.11700001661268,2.25428256615274,8.4323715617755e-05
binary_longitudinal,1,sieve_md,3.33964685192599,2.19695554684663,2.10351384911134e-05
binary_longitudinal,1,sieve_md,3.11700001661268,1.01679995168928,2.32227375330128e-05
binary_longitudinal,1,sieve_md,3.01375270747048,4.57764831875641,0.000320995177082884
binary_longitudinal,1,sieve_md,2.82211880039051,3.37659700758528,0.000492810006864686
binary_longitudinal,1,sieve_md,3.01375270747048,3.31575835089879,9.68867309486421e-05
binary_longitudinal,1,sieve_md,2.82211880039051,1.01861435734151,0.000187373052807374
binary_longitudinal,1,sieve_md,3.33964685192599,4.49982002855109,0.000107286654466648
binary_longitudinal,1,sieve_md,3.11700001661268,4.99994574802265,0.000160996910666349
binary_longitudinal,1,sieve_md,3.33964685192599,7.07788481860515,0.00077541726688542
binary_longitudinal,1,sieve_md,3.11700001661268,3.89068946756929,0.00144899797928404
binary_longitudinal,1,sieve_md,3.01375270747048,5.61616487203997,9.76858332026189e-06
binary_longitudinal,1,sieve_md,2.82211880039051,2.88015682636504,2.5709118773179e-05
binary_longitudinal,1,sieve_md,3.01375270747048,3.99997533376181,9.7587515130386e-05
binary_longitudinal,1,sieve_md,2.82211880039051,2.42738996624835,0.00031944887564232
binary_longitudinal,1,sieve_md,3.33964685192599,1.73867930134232,1.06791930495902e-05
binary_longitudinal,1,sieve_md,3.11700001661268,2.88415444654139,8.68076331812331e-06
binary_longitudinal,1,sieve_md,3.33964685192599,3.99994668185307,8.53476284364712e-05
binary_longitudinal,1,sieve_md,3.11700001661268,1.73233855611646,8.74946964899589e-05
binary_longitudinal,1,sieve_md,3.01375270747048,4.78729112861637,3.55864326546287e-05
binary_longitudinal,1,sieve_md,2.82211880039051,1.01919650710644,5.07326675426327e-05
binary_longitudinal,1,sieve_md,3.01375270747048,3.66666174454455,0.000393106644718428
binary_longitudinal,1,sieve_md,2.82211880039051,2.5130770384384,0.000705952446927189
binary_longitudinal,1,sieve_md,1.77880078307141,1.49958841645824,0.00106462963936783
binary_longitudinal,1,sieve_md,1.70468808971871,1.98400135440431,0.000744617548498822
binary_longitudinal,1,sieve_md,1.77880078307141,1.11028161834666,8.14586064091042e-05
binary_longitudinal,1,sieve_md,1.70468808971871,1.00068821696966,7.13780584804168e-05
binary_longitudinal,1,sieve_md,1.67032004603564,1.33328308553112,0.000173893987726491
binary_longitudinal,1,sieve_md,1.60653065971263,1.30739341742754,0.000212368151645404
binary_longitudinal,1,sieve_md,1.67032004603564,1.01211241083648,1.83906000541097e-05
binary_longitudinal,1,sieve_md,1.60653065971263,1.03332565604943,2.81050774725219e-05
binary_longitudinal,1,sieve_md,1.77880078307141,1.05086384470643,0.000135997554921548
binary_longitudinal,1,sieve_md,1.70468808971871,1.00155843142464,5.12916369428333e-05
binary_longitudinal,1,sieve_md,1.77880078307141,1.0819951882661,1.15062227983188e-05
binary_longitudinal,1,sieve_md,1.70468808971871,1.03339651360405,5.50619515051667e-06
binary_longitudinal,1,sieve_md,1.67032004603564,1.99620658341375,0.000812975109496126
binary_longitudinal,1,sieve_md,1.60653065971263,1.76803948749211,0.000535380827321236
binary_longitudinal,1,sieve_md,1.67032004603564,1.06712948608406,9.50718265592076e-05
binary_longitudinal,1,sieve_md,1.60653065971263,1.02793377719836,7.93472337035748e-05
binary_longitudinal,1,sieve_md,1.77880078307141,1.49988803681544,0.000151469193524543
binary_longitudinal,1,sieve_md,1.70468808971871,1.00792222545538,9.79296871623786e-05
binary_longitudinal,1,sieve_md,1.77880078307141,1.00141031456498,0.000424153320322389
binary_longitudinal,1,sieve_md,1.70468808971871,1.2819876216448,0.000343562667204943
binary_longitudinal,1,sieve_md,1.67032004603564,1.99981009102267,2.4740605658263e-05
binary_longitudinal,1,sieve_md,1.60653065971263,1.12879660681948,2.79299711587711e-05
binary_longitudinal,1,sieve_md,1.67032004603564,1.99988357937178,9.57594834914816e-05
binary_longitudinal,1,sieve_md,1.60653065971263,1.00097216682275,0.000135277641113065
binary_longitudinal,1,sieve_md,1.77880078307141,1.31689404729302,1.50770733485513e-05
binary_longitudinal,1,sieve_md,1.70468808971871,1.12907045627015,5.2802530965096e-06
binary_longitudinal,1,sieve_md,1.77880078307141,1.99991531269193,4.66851610467426e-05
binary_longitudinal,1,sieve_md,1.70468808971871,1.05016747525962,2.07453093255728e-05
binary_longitudinal,1,sieve_md,1.67032004603564,4.99971593336285,9.01287185897598e-05
binary_longitudinal,1,sieve_md,1.60653065971263,1.10567002261073,5.5115150144761e-05
binary_longitudinal,1,sieve_md,1.67032004603564,2.03804378161323,0.000385742881197564
binary_longitudinal,1,sieve_md,1.60653065971263,1.1105264669191,0.000298951065538372
binary_longitudinal,1,sieve_md,2.22140275816017,3.09098897603852,0.00486799514877874
binary_longitudinal,1,sieve_md,2.10517091807565,1.63169235585443,0.00437572668196998
binary_longitudinal,1,sieve_md,2.22140275816017,1.88977006248136,0.000502778739068938
binary_longitudinal,1,sieve_md,2.10517091807565,4.65366136406982,0.000566200169935022
binary_longitudinal,1,sieve_md,2.05127109637602,3.66764760330795,0.000795789056860014
binary_longitudinal,1,sieve_md,1.95122942450071,3.2310127988313,0.00124637013784139
binary_longitudinal,1,sieve_md,2.05127109637602,1.75838933204212,0.000113605050807996
binary_longitudinal,1,sieve_md,1.95122942450071,1.30889080420806,0.000222654142301546
binary_longitudinal,1,sieve_md,2.22140275816017,4.99992879853759,0.000621845769761753
binary_longitudinal,1,sieve_md,2.10517091807565,1.99996584386634,0.000301414041053892
binary_longitudinal,1,sieve_md,2.22140275816017,3.99984987974137,7.10186982690438e-05
binary_longitudinal,1,sieve_md,2.10517091807565,1.30954757288495,4.36774086643626e-05
binary_longitudinal,1,sieve_md,2.05127109637602,1.34453789041033,0.00372040864721646
binary_longitudinal,1,sieve_md,1.95122942450071,1.23216107328854,0.00314210332564453
binary_longitudinal,1,sieve_md,2.05127109637602,1.99996211289806,0.000587291314850503
binary_longitudinal,1,sieve_md,1.95122942450071,2.64172498107392,0.000628604930249441
binary_longitudinal,1,sieve_md,2.22140275816017,1.50025312286706,0.000692589490280147
binary_longitudinal,1,sieve_md,2.10517091807565,2.45816187233308,0.000575481394357805
binary_longitudinal,1,sieve_md,2.22140275816017,8.87232086679084,0.00261795875186688
binary_longitudinal,1,sieve_md,2.10517091807565,1.9373231539719,0.00272528063519881
binary_longitudinal,1,sieve_md,2.05127109637602,3.93101424530824,0.000113220149243466
binary_longitudinal,1,sieve_md,1.95122942450071,2.00003408645363,0.000163918561862273
binary_longitudinal,1,sieve_md,2.05127109637602,2.13923502625063,0.000591539207822979
binary_longitudinal,1,sieve_md,1.95122942450071,3.00929184852132,0.0010716969979554
binary_longitudinal,1,sieve_md,2.22140275816017,3.93724621570556,6.89395797416559e-05
binary_longitudinal,1,sieve_md,2.10517091807565,2.19633584940245,3.10292772558639e-05
binary_longitudinal,1,sieve_md,2.22140275816017,2.00002655807387,0.000288150110086933
binary_longitudinal,1,sieve_md,2.10517091807565,1.01669151801971,0.000164560341308759
binary_longitudinal,1,sieve_md,2.05127109637602,3.00002752801024,0.000412455018717247
binary_longitudinal,1,sieve_md,1.95122942450071,1.97944053123813,0.000323466003498371
binary_longitudinal,1,sieve_md,2.05127109637602,2.13336772985018,0.00238286621906497
binary_longitudinal,1,sieve_md,1.95122942450071,2.90045226390159,0.00236835116902479
binary_longitudinal,1,sieve_md,2.49182469764127,3.03828675383346,0.000125625646953538
binary_longitudinal,1,sieve_md,2.349858807576,2.33590552479806,0.000109059940049626
binary_longitudinal,1,sieve_md,2.49182469764127,5.88932916873511,9.61206578482424e-06
binary_longitudinal,1,sieve_md,2.349858807576,1.00334236813995,1.0454342359278e-05
binary_longitudinal,1,sieve_md,2.28402541668774,1.00103671519716,2.83753746749529e-05
binary_longitudinal,1,sieve_md,2.16183424272828,1.74991673322746,4.30103708573674e-05
binary_longitudinal,1,sieve_md,2.28402541668774,1.01426740588203,3.00090977183953e-06
binary_longitudinal,1,sieve_md,2.16183424272828,1.01133617143613,5.69204843429907e-06
binary_longitudinal,1,sieve_md,2.49182469764127,1.39943090485615,1.60476283858334e-05
binary_longitudinal,1,sieve_md,2.349858807576,1.36309672567001,7.51239728543871e-06
binary_longitudinal,1,sieve_md,2.49182469764127,1.12913731427821,1.35772725986537e-06
binary_longitudinal,1,sieve_md,2.349858807576,1.05259742875504,8.06461403209649e-07
binary_longitudinal,1,sieve_md,2.28402541668774,3.50182772995772,0.000132658257108041
binary_longitudinal,1,sieve_md,2.16183424272828,2.24633844796831,0.000108429290148266
binary_longitudinal,1,sieve_md,2.28402541668774,1.10572475928268,1.55134673424864e-05
binary_longitudinal,1,sieve_md,2.16183424272828,1.00912721631766,1.60699894106312e-05
binary_longitudinal,1,sieve_md,2.49182469764127,1.99997347212551,1.78732722877697e-05
binary_longitudinal,1,sieve_md,2.349858807576,1.99988447788161,1.43432099237244e-05
binary_longitudinal,1,sieve_md,2.49182469764127,1.38793867765435,5.00498326391054e-05
binary_longitudinal,1,sieve_md,2.349858807576,2.42401617884034,5.03196895697656e-05
binary_longitudinal,1,sieve_md,2.28402541668774,1.01694430892978,4.03708008779839e-06
binary_longitudinal,1,sieve_md,2.16183424272828,1.99973520581046,5.65658460681113e-06
binary_longitudinal,1,sieve_md,2.28402541668774,1.19357552239873,1.56256766451553e-05
binary_longitudinal,1,sieve_md,2.16183424272828,1.01606681332196,2.73974297365351e-05
binary_longitudinal,1,sieve_md,2.49182469764127,1.26196067315061,1.77908544299253e-06
binary_longitudinal,1,sieve_md,2.349858807576,1.20327792920357,7.7336894263794e-07
binary_longitudinal,1,sieve_md,2.49182469764127,1.19398710583854,5.50882047874379e-06
binary_longitudinal,1,sieve_md,2.349858807576,1.99957614201815,3.03844865853506e-06
binary_longitudinal,1,sieve_md,2.28402541668774,1.99985331541973,1.47068693541049e-05
binary_longitudinal,1,sieve_md,2.16183424272828,1.16642370373468,1.11623283869032e-05
binary_longitudinal,1,sieve_md,2.28402541668774,1.2999080220127,6.29440898174842e-05
binary_longitudinal,1,sieve_md,2.16183424272828,1.00079377789174,6.05457838069798e-05
binary_longitudinal,1,sieve_md,3.33964685192599,3.1189416706073,0.000759538687224554
binary_longitudinal,1,sieve_md,3.11700001661268,4.02094000249896,0.000846706009089562
binary_longitudinal,1,sieve_md,3.33964685192599,4.88961711059219,7.84470591620539e-05
binary_longitudinal,1,sieve_md,3.11700001661268,1.99914321480902,0.000109560107628954
binary_longitudinal,1,sieve_md,3.01375270747048,3.33228755371078,0.000171504198251637
binary_longitudinal,1,sieve_md,2.82211880039051,2.25162134838342,0.000333273146539268
binary_longitudinal,1,sieve_md,3.01375270747048,2.00003417401881,2.44835525045291e-05
binary_longitudinal,1,sieve_md,2.82211880039051,1.99988273463318,5.95366050115374e-05
binary_longitudinal,1,sieve_md,3.33964685192599,1.4012520583905,9.70247309592075e-05
binary_longitudinal,1,sieve_md,3.11700001661268,2.25428256615274,5.83238164385081e-05
binary_longitudinal,1,sieve_md,3.33964685192599,2.19695554684663,1.10808345536661e-05
binary_longitudinal,1,sieve_md,3.11700001661268,1.01679995168928,8.45160748498278e-06
binary_longitudinal,1,sieve_md,3.01375270747048,4.57764831875641,0.000801802558993415
binary_longitudinal,1,sieve_md,2.82211880039051,3.37659700758528,0.000840182727662812
binary_longitudinal,1,sieve_md,3.01375270747048,3.31575835089879,0.000126569880831251
binary_longitudinal,1,sieve_md,2.82211880039051,1.01861435734151,0.00016808581710499
binary_longitudinal,1,sieve_md,3.33964685192599,4.49982002855109,0.000108062661558913
binary_longitudinal,1,sieve_md,3.11700001661268,4.99994574802265,0.000111356030697654
binary_longitudinal,1,sieve_md,3.33964685192599,7.07788481860515,0.000408472254558399
binary_longitudinal,1,sieve_md,3.11700001661268,3.89068946756929,0.000527343606671384
binary_longitudinal,1,sieve_md,3.01375270747048,5.61616487203997,2.4400600579441e-05
binary_longitudinal,1,sieve_md,2.82211880039051,2.88015682636504,4.38310043135704e-05
binary_longitudinal,1,sieve_md,3.01375270747048,3.99997533376181,0.000127485363988782
binary_longitudinal,1,sieve_md,2.82211880039051,2.42738996624835,0.000286566421804578
binary_longitudinal,1,sieve_md,3.33964685192599,1.73867930134232,1.07564359237141e-05
binary_longitudinal,1,sieve_md,3.11700001661268,2.88415444654139,6.00418568611739e-06
binary_longitudinal,1,sieve_md,3.33964685192599,3.99994668185307,4.49591977087213e-05
binary_longitudinal,1,sieve_md,3.11700001661268,1.73233855611646,3.1842534959525e-05
binary_longitudinal,1,sieve_md,3.01375270747048,4.78729112861637,8.88900980607588e-05
binary_longitudinal,1,sieve_md,2.82211880039051,1.01919650710644,8.64931929218788e-05
binary_longitudinal,1,sieve_md,3.01375270747048,3.66666174454455,0.000513542573774717
binary_longitudinal,1,sieve_md,2.82211880039051,2.5130770384384,0.000633285267551308
binary_longitudinal,1,sieve_md,1.77880078307141,1.49958841645824,0.000105972038196597
binary_longitudinal,1,sieve_md,1.70468808971871,1.98400135440431,7.40029352343184e-05
binary_longitudinal,1,sieve_md,1.77880078307141,1.11028161834666,1.25892464741956e-05
binary_longitudinal,1,sieve_md,1.70468808971871,1.00068821696966,1.10343278474698e-05
binary_longitudinal,1,sieve_md,1.67032004603564,1.33328308553112,9.36643552119747e-06
binary_longitudinal,1,sieve_md,1.60653065971263,1.30739341742754,1.14506399725992e-05
binary_longitudinal,1,sieve_md,1.67032004603564,1.01211241083648,1.53799777282289e-06
binary_longitudinal,1,sieve_md,1.60653065971263,1.03332565604943,2.35716852536868e-06
binary_longitudinal,1,sieve_md,1.77880078307141,1.05086384470643,1.35370438243179e-05
binary_longitudinal,1,sieve_md,1.70468808971871,1.00155843142464,5.09755873252653e-06
binary_longitudinal,1,sieve_md,1.77880078307141,1.0819951882661,1.778261146128e-06
binary_longitudinal,1,sieve_md,1.70468808971871,1.03339651360405,8.51202229038192e-07
binary_longitudinal,1,sieve_md,1.67032004603564,1.99620658341375,4.37892019326779e-05
binary_longitudinal,1,sieve_md,1.60653065971263,1.76803948749211,2.88671020319653e-05
binary_longitudinal,1,sieve_md,1.67032004603564,1.06712948608406,7.95081493132629e-06
binary_longitudinal,1,sieve_md,1.60653065971263,1.02793377719836,6.65484028798717e-06
binary_longitudinal,1,sieve_md,1.77880078307141,1.49988803681544,1.50770733485513e-05
binary_longitudinal,1,sieve_md,1.70468808971871,1.00792222545538,9.73262624713179e-06
binary_longitudinal,1,sieve_md,1.77880078307141,1.00141031456498,6.55519524305315e-05
binary_longitudinal,1,sieve_md,1.70468808971871,1.2819876216448,5.31113228182101e-05
binary_longitudinal,1,sieve_md,1.67032004603564,1.99981009102267,1.33260091785331e-06
binary_longitudinal,1,sieve_md,1.60653065971263,1.12879660681948,1.50595106519631e-06
binary_longitudinal,1,sieve_md,1.67032004603564,1.99988357937178,8.00832337733632e-06
binary_longitudinal,1,sieve_md,1.60653065971263,1.00097216682275,1.13457149559397e-05
binary_longitudinal,1,sieve_md,1.77880078307141,1.31689404729302,1.50075494209827e-06
binary_longitudinal,1,sieve_md,1.70468808971871,1.12907045627015,5.24771714969094e-07
binary_longitudinal,1,sieve_md,1.77880078307141,1.99991531269193,7.21508782206799e-06
binary_longitudinal,1,sieve_md,1.70468808971871,1.05016747525962,3.20701556288963e-06
binary_longitudinal,1,sieve_md,1.67032004603564,4.99971593336285,4.8545947005765e-06
binary_longitudinal,1,sieve_md,1.60653065971263,1.10567002261073,2.97174381588617e-06
binary_longitudinal,1,sieve_md,1.67032004603564,2.03804378161323,3.22595070535267e-05
binary_longitudinal,1,sieve_md,1.60653065971263,1.1105264669191,2.50729798913181e-05
binary_longitudinal,1,sieve_md,2.22140275816017,3.09098897603852,0.000535804216557258
binary_longitudinal,1,sieve_md,2.10517091807565,1.63169235585443,0.000482473898643181
binary_longitudinal,1,sieve_md,2.22140275816017,1.88977006248136,8.59217117479918e-05
binary_longitudinal,1,sieve_md,2.10517091807565,4.65366136406982,9.71089158479462e-05
binary_longitudinal,1,sieve_md,2.05127109637602,3.66764760330795,4.76763856244649e-05
binary_longitudinal,1,sieve_md,1.95122942450071,3.2310127988313,7.52594403054059e-05
binary_longitudinal,1,sieve_md,2.05127109637602,1.75838933204212,1.05675187534922e-05
binary_longitudinal,1,sieve_md,1.95122942450071,1.30889080420806,2.09127045694097e-05
binary_longitudinal,1,sieve_md,2.22140275816017,4.99992879853759,6.84445188015912e-05
binary_longitudinal,1,sieve_md,2.10517091807565,1.99996584386634,3.32343443872496e-05
binary_longitudinal,1,sieve_md,2.22140275816017,3.99984987974137,1.21366470919004e-05
binary_longitudinal,1,sieve_md,2.10517091807565,1.30954757288495,7.49110655147047e-06
binary_longitudinal,1,sieve_md,2.05127109637602,1.34453789041033,0.000222892782724565
binary_longitudinal,1,sieve_md,1.95122942450071,1.23216107328854,0.000189729303110001
binary_longitudinal,1,sieve_md,2.05127109637602,1.99996211289806,5.46297188312067e-05
binary_longitudinal,1,sieve_md,1.95122942450071,2.64172498107392,5.90414759918424e-05
binary_longitudinal,1,sieve_md,2.22140275816017,1.50025312286706,7.6231047462823e-05
binary_longitudinal,1,sieve_md,2.10517091807565,2.45816187233308,6.34534037686793e-05
binary_longitudinal,1,sieve_md,2.22140275816017,8.87232086679084,0.000447392619788555
binary_longitudinal,1,sieve_md,2.10517091807565,1.9373231539719,0.00046741251931438
binary_longitudinal,1,sieve_md,2.05127109637602,3.93101424530824,6.78311350132134e-06
binary_longitudinal,1,sieve_md,1.95122942450071,2.00003408645363,9.89787772257393e-06
binary_longitudinal,1,sieve_md,2.05127109637602,2.13923502625063,5.50248569727787e-05
binary_longitudinal,1,sieve_md,1.95122942450071,3.00929184852132,0.000100658727812086
binary_longitudinal,1,sieve_md,2.22140275816017,3.93724621570556,7.58795281924868e-06
binary_longitudinal,1,sieve_md,2.10517091807565,2.19633584940245,3.42133260548552e-06
binary_longitudinal,1,sieve_md,2.22140275816017,2.00002655807387,4.92430343114546e-05
binary_longitudinal,1,sieve_md,2.10517091807565,1.01669151801971,2.82237222533781e-05
binary_longitudinal,1,sieve_md,2.05127109637602,3.00002752801024,2.47105239203716e-05
binary_longitudinal,1,sieve_md,1.95122942450071,1.97944053123813,1.95318145404827e-05
binary_longitudinal,1,sieve_md,2.05127109637602,2.13336772985018,0.000221653731748163
binary_longitudinal,1,sieve_md,1.95122942450071,2.90045226390159,0.000222446471475719
binary_longitudinal,1,sieve_md,2.49182469764127,3.03828675383346,0.000457647591102943
binary_longitudinal,1,sieve_md,2.349858807576,2.33590552479806,0.000396680697514186
binary_longitudinal,1,sieve_md,2.49182469764127,5.88932916873511,5.43675333678904e-05
binary_longitudinal,1,sieve_md,2.349858807576,1.00334236813995,5.91477196583503e-05
binary_longitudinal,1,sieve_md,2.28402541668774,1.00103671519716,5.59360146777711e-05
binary_longitudinal,1,sieve_md,2.16183424272828,1.74991673322746,8.48738093609244e-05
binary_longitudinal,1,sieve_md,2.28402541668774,1.01426740588203,9.18486715680733e-06
binary_longitudinal,1,sieve_md,2.16183424272828,1.01133617143613,1.74716760401559e-05
binary_longitudinal,1,sieve_md,2.49182469764127,1.39943090485615,5.84606619093318e-05
binary_longitudinal,1,sieve_md,2.349858807576,1.36309672567001,2.73246344518023e-05
binary_longitudinal,1,sieve_md,2.49182469764127,1.12913731427821,7.67954399789561e-06
binary_longitudinal,1,sieve_md,2.349858807576,1.05259742875504,4.56273109804858e-06
binary_longitudinal,1,sieve_md,2.28402541668774,3.50182772995772,0.00026150753256037
binary_longitudinal,1,sieve_md,2.16183424272828,2.24633844796831,0.000213967159960164
binary_longitudinal,1,sieve_md,2.28402541668774,1.10572475928268,4.74819796380822e-05
binary_longitudinal,1,sieve_md,2.16183424272828,1.00912721631766,4.93266443868302e-05
binary_longitudinal,1,sieve_md,2.49182469764127,1.99997347212551,6.51113861379755e-05
binary_longitudinal,1,sieve_md,2.349858807576,1.99988447788161,5.2170159955584e-05
binary_longitudinal,1,sieve_md,2.49182469764127,1.38793867765435,0.000283090649500133
binary_longitudinal,1,sieve_md,2.349858807576,2.42401617884034,0.000284694607243882
binary_longitudinal,1,sieve_md,2.28402541668774,1.01694430892978,7.95824455652947e-06
binary_longitudinal,1,sieve_md,2.16183424272828,1.99973520581046,1.11623283869032e-05
binary_longitudinal,1,sieve_md,2.28402541668774,1.19357552239873,4.78254180008225e-05
binary_longitudinal,1,sieve_md,2.16183424272828,1.01606681332196,8.40960898725417e-05
binary_longitudinal,1,sieve_md,2.49182469764127,1.26196067315061,6.48111422385726e-06
binary_longitudinal,1,sieve_md,2.349858807576,1.20327792920357,2.81295342232749e-06
binary_longitudinal,1,sieve_md,2.49182469764127,1.19398710583854,3.11588567848423e-05
binary_longitudinal,1,sieve_md,2.349858807576,1.99957614201815,1.71906852937362e-05
binary_longitudinal,1,sieve_md,2.28402541668774,1.99985331541973,2.89914642354107e-05
binary_longitudinal,1,sieve_md,2.16183424272828,1.16642370373468,2.20269975042956e-05
binary_longitudinal,1,sieve_md,2.28402541668774,1.2999080220127,0.000192652611119777
binary_longitudinal,1,sieve_md,2.16183424272828,1.00079377789174,0.000185844574669916
binary_longitudinal,1,sieve_md,3.33964685192599,3.1189416706073,0.00305960966902122
binary_longitudinal,1,sieve_md,3.11700001661268,4.02094000249896,0.00341677525449953
binary_longitudinal,1,sieve_md,3.33964685192599,4.88961711059219,0.000490639849257172
binary_longitudinal,1,sieve_md,3.11700001661268,1.99914321480902,0.000687704229376201
binary_longitudinal,1,sieve_md,3.01375270747048,3.33228755371078,0.000376045374945552
binary_longitudinal,1,sieve_md,2.82211880039051,2.25162134838342,0.000736502806032577
binary_longitudinal,1,sieve_md,3.01375270747048,2.00003417401881,8.33508350067117e-05
binary_longitudinal,1,sieve_md,2.82211880039051,1.99988273463318,0.000204655595824225
binary_longitudinal,1,sieve_md,3.33964685192599,1.4012520583905,0.000390839610898199
binary_longitudinal,1,sieve_md,3.11700001661268,2.25428256615274,0.00023535840139997
binary_longitudinal,1,sieve_md,3.33964685192599,2.19695554684663,6.93040510775986e-05
binary_longitudinal,1,sieve_md,3.11700001661268,1.01679995168928,5.30503879398729e-05
binary_longitudinal,1,sieve_md,3.01375270747048,4.57764831875641,0.00175805692806767
binary_longitudinal,1,sieve_md,2.82211880039051,3.37659700758528,0.00185672606067844
binary_longitudinal,1,sieve_md,3.01375270747048,3.31575835089879,0.000430889481909668
binary_longitudinal,1,sieve_md,2.82211880039051,1.01861435734151,0.000577790806891949
binary_longitudinal,1,sieve_md,3.33964685192599,4.49982002855109,0.000435303125077114
binary_longitudinal,1,sieve_md,3.11700001661268,4.99994574802265,0.000449363209948342
binary_longitudinal,1,sieve_md,3.33964685192599,7.07788481860515,0.00255475179749266
binary_longitudinal,1,sieve_md,3.11700001661268,3.89068946756929,0.00331011384061995
binary_longitudinal,1,sieve_md,3.01375270747048,5.61616487203997,5.35015065947808e-05
binary_longitudinal,1,sieve_md,2.82211880039051,2.88015682636504,9.68624625277663e-05
binary_longitudinal,1,sieve_md,3.01375270747048,3.99997533376181,0.000434006116458544
binary_longitudinal,1,sieve_md,2.82211880039051,2.42738996624835,0.000985064932511136
binary_longitudinal,1,sieve_md,3.33964685192599,1.73867930134232,4.33295840092911e-05
binary_longitudinal,1,sieve_md,3.11700001661268,2.88415444654139,2.42291336727435e-05
binary_longitudinal,1,sieve_md,3.33964685192599,3.99994668185307,0.000281193128488883
binary_longitudinal,1,sieve_md,3.11700001661268,1.73233855611646,0.000199874264818062
binary_longitudinal,1,sieve_md,3.01375270747048,4.78729112861637,0.000194903160359726
binary_longitudinal,1,sieve_md,2.82211880039051,1.01919650710644,0.000191141950532684
binary_longitudinal,1,sieve_md,3.01375270747048,3.66666174454455,0.00174828396850091
binary_longitudinal,1,sieve_md,2.82211880039051,2.5130770384384,0.00217690232307168
binary_longitudinal,1,landweber,1.77880078307141,1.6517189383544,0.00748294912415195
binary_longitudinal,1,landweber,1.70468808971871,1.61255724364452,0.0076425891174435
binary_longitudinal,1,landweber,1.77880078307141,1.55795280757844,0.000709245152938778
binary_longitudinal,1,landweber,1.70468808971871,1.52442550581231,0.000904292506752669
binary_longitudinal,1,landweber,1.67032004603564,1.60082014532843,0.000905462486159698
binary_longitudinal,1,landweber,1.60653065971263,1.56471695157084,0.00161476113157825
binary_longitudinal,1,landweber,1.67032004603564,1.51437708375046,0.000118622468061873
binary_longitudinal,1,landweber,1.60653065971263,1.48346824079055,0.000263779258816363
binary_longitudinal,1,landweber,1.77880078307141,1.57505381366628,0.000955884325267599
binary_longitudinal,1,landweber,1.70468808971871,1.54049891497112,0.000526445968276534
binary_longitudinal,1,landweber,1.77880078307141,1.49231788576521,0.000100182572573807
binary_longitudinal,1,landweber,1.70468808971871,1.46273457675284,6.97582859681761e-05
binary_longitudinal,1,landweber,1.67032004603564,1.53014251322977,0.00423314499514566
binary_longitudinal,1,landweber,1.60653065971263,1.4982863279419,0.00407081826466162
binary_longitudinal,1,landweber,1.67032004603564,1.45386820340088,0.00061322929520635
binary_longitudinal,1,landweber,1.60653065971263,1.42659533012059,0.000744710791703774
binary_longitudinal,1,landweber,1.77880078307141,1.72901621380665,0.00106462963936783
binary_longitudinal,1,landweber,1.70468808971871,1.68520973723603,0.00100512855611679
binary_longitudinal,1,landweber,1.77880078307141,1.62412892939814,0.00369302520387731
binary_longitudinal,1,landweber,1.70468808971871,1.58662511424983,0.00435261412495031
binary_longitudinal,1,landweber,1.67032004603564,1.6720805576589,0.000128823834574787
binary_longitudinal,1,landweber,1.60653065971263,1.63169533625358,0.000212368151645404
binary_longitudinal,1,landweber,1.67032004603564,1.57538489676473,0.000617664798248458
binary_longitudinal,1,landweber,1.60653065971263,1.54081010333511,0.00126964374825572
binary_longitudinal,1,landweber,1.77880078307141,1.64325820426917,0.000105972038196597
binary_longitudinal,1,landweber,1.70468808971871,1.60460491382034,5.4195344890929e-05
binary_longitudinal,1,landweber,1.77880078307141,1.55070936249926,0.000406479138868103
binary_longitudinal,1,landweber,1.70468808971871,1.51761731827767,0.000262823452651471
binary_longitudinal,1,landweber,1.67032004603564,1.59302018865461,0.000469298419546449
binary_longitudinal,1,landweber,1.60653065971263,1.55738569314105,0.000419073206247334
binary_longitudinal,1,landweber,1.67032004603564,1.50769934666315,0.00248810655825924
binary_longitudinal,1,landweber,1.60653065971263,1.47719176793814,0.00280579516520357
binary_longitudinal,1,landweber,2.22140275816017,2.66217648777235,0.000934898023489231
binary_longitudinal,1,landweber,2.10517091807565,2.56229654821981,0.0012271489970857
binary_longitudinal,1,landweber,2.22140275816017,2.42303067083672,0.000119612390536422
binary_longitudinal,1,landweber,2.10517091807565,2.33752096808844,0.000195999093135422
binary_longitudinal,1,landweber,2.05127109637602,2.53236166723425,0.000113220149243466
binary_longitudinal,1,landweber,1.95122942450071,2.44028228106684,0.000258943968827728
binary_longitudinal,1,landweber,2.05127109637602,2.31189297125197,2.00220509127348e-05
binary_longitudinal,1,landweber,1.95122942450071,2.2330615164504,5.70987369063187e-05
binary_longitudinal,1,landweber,2.22140275816017,2.4666459297522,0.000119425423258947
binary_longitudinal,1,landweber,2.10517091807565,2.37851539254014,8.45299455541655e-05
binary_longitudinal,1,landweber,2.22140275816017,2.25563209240934,1.68955359736889e-05
binary_longitudinal,1,landweber,2.10517091807565,2.18018134550451,1.51196218992706e-05
binary_longitudinal,1,landweber,2.05127109637602,2.35210190896721,0.000529317686205158
binary_longitudinal,1,landweber,1.95122942450071,2.27085430503948,0.000652798619692812
binary_longitudinal,1,landweber,2.05127109637602,2.15756810465769,0.000103505755447592
binary_longitudinal,1,landweber,1.95122942450071,2.08801000828724,0.000161203142952165
binary_longitudinal,1,landweber,2.22140275816017,2.85931931463266,0.000133011748319997
binary_longitudinal,1,landweber,2.10517091807565,2.74759309174325,0.000161390659713171
binary_longitudinal,1,landweber,2.22140275816017,2.59180955275535,0.000622819304603906
binary_longitudinal,1,landweber,2.10517091807565,2.4961579519308,0.000943398750833641
binary_longitudinal,1,landweber,2.05127109637602,2.71410777727326,1.61082916185006e-05
binary_longitudinal,1,landweber,1.95122942450071,2.61110729420781,3.40554717129719e-05
binary_longitudinal,1,landweber,2.05127109637602,2.46749034060075,0.000104254415201378
binary_longitudinal,1,landweber,1.95122942450071,2.37930906286556,0.00027483227707784
binary_longitudinal,1,landweber,2.22140275816017,2.64059780954447,1.32398399897382e-05
binary_longitudinal,1,landweber,2.10517091807565,2.54201452957824,8.70199380178946e-06
binary_longitudinal,1,landweber,2.22140275816017,2.4045566272076,6.85516725799842e-05
binary_longitudinal,1,landweber,2.10517091807565,2.32015702701133,5.69651500921905e-05
binary_longitudinal,1,landweber,2.05127109637602,2.51246826867565,5.86816548591944e-05
binary_longitudinal,1,landweber,1.95122942450071,2.42158427388824,6.72028061196784e-05
binary_longitudinal,1,landweber,2.05127109637602,2.29486173750252,0.000419962566954781
binary_longitudinal,1,landweber,1.95122942450071,2.21705368702048,0.000607353893819652
binary_longitudinal,1,landweber,2.49182469764127,2.2065469516522,0.000882983424545827
binary_longitudinal,1,landweber,2.349858807576,2.13404572360281,0.00111936699941155
binary_longitudinal,1,landweber,2.49182469764127,2.03295488212968,8.36904946958843e-05
binary_longitudinal,1,landweber,2.349858807576,1.97088477588851,0.000132446632197425
binary_longitudinal,1,landweber,2.28402541668774,2.11231647904491,0.00014775000352115
binary_longitudinal,1,landweber,2.16183424272828,2.0454775461713,0.000327033383193953
binary_longitudinal,1,landweber,2.28402541668774,1.95228182867594,1.93563735016384e-05
binary_longitudinal,1,landweber,2.16183424272828,1.89505935429681,5.34225290292901e-05
binary_longitudinal,1,landweber,2.49182469764127,2.06461449112856,0.000112793766333419
binary_longitudinal,1,landweber,2.349858807576,2.00064196366056,7.7105577024548e-05
binary_longitudinal,1,landweber,2.49182469764127,1.91144296928633,1.18214823518603e-05
binary_longitudinal,1,landweber,2.349858807576,1.85667449593372,1.02171033989081e-05
binary_longitudinal,1,landweber,2.28402541668774,1.98146884436675,0.00069074886867041
binary_longitudinal,1,landweber,2.16183424272828,1.92249252652734,0.000824452263201824
binary_longitudinal,1,landweber,2.28402541668774,1.84025991119412,0.000100064477447639
binary_longitudinal,1,landweber,2.16183424272828,1.78976881728449,0.000150824344820521
binary_longitudinal,1,landweber,2.49182469764127,2.34964973197559,0.000125625646953538
binary_longitudinal,1,landweber,2.349858807576,2.26854947900096,0.000147215520629698
binary_longitudinal,1,landweber,2.49182469764127,2.15546873488855,0.000435774717608172
binary_longitudinal,1,landweber,2.349858807576,2.08603678933734,0.000637502885183462
binary_longitudinal,1,landweber,2.28402541668774,2.24424303236543,2.10209945778757e-05
binary_longitudinal,1,landweber,2.16183424272828,2.16947665239582,4.30103708573674e-05
binary_longitudinal,1,landweber,2.28402541668774,2.06522743526702,0.00010078824635039
binary_longitudinal,1,landweber,2.16183424272828,2.0012180760763,0.00025713765480427
binary_longitudinal,1,landweber,2.49182469764127,2.19088333913688,1.25046357579688e-05
binary_longitudinal,1,landweber,2.349858807576,2.11932333524913,7.93768704039999e-06
binary_longitudinal,1,landweber,2.49182469764127,2.01954487351184,4.7964290026477e-05
binary_longitudinal,1,landweber,2.349858807576,1.95828057270709,3.84942713848094e-05
binary_longitudinal,1,landweber,2.28402541668774,2.09787618370596,7.65783720477939e-05
binary_longitudinal,1,landweber,2.16183424272828,2.03190496604562,8.48738093609244e-05
binary_longitudinal,1,landweber,2.28402541668774,1.9399191323471,0.000405999981625921
binary_longitudinal,1,landweber,2.16183424272828,1.8834395305637,0.000568250416412313
binary_longitudinal,1,landweber,3.33964685192599,4.07723752741265,0.000145869335475403
binary_longitudinal,1,landweber,3.11700001661268,3.89232677907286,0.000237454143139697
binary_longitudinal,1,landweber,3.33964685192599,3.63449965462252,1.86627626583844e-05
binary_longitudinal,1,landweber,3.11700001661268,3.4761929596412,3.7925954246108e-05
binary_longitudinal,1,landweber,3.01375270747048,3.83690742990926,2.4400600579441e-05
binary_longitudinal,1,landweber,2.82211880039051,3.66643808161806,6.92403232783208e-05
binary_longitudinal,1,landweber,3.01375270747048,3.42874707516518,4.31504524916592e-06
binary_longitudinal,1,landweber,2.82211880039051,3.28280402228213,1.52679169168351e-05
binary_longitudinal,1,landweber,3.33964685192599,3.71524590057768,1.8633590714669e-05
binary_longitudinal,1,landweber,3.11700001661268,3.55208717560771,1.63566004119122e-05
binary_longitudinal,1,landweber,3.33964685192599,3.32458961115739,2.63615981963957e-06
binary_longitudinal,1,landweber,3.11700001661268,3.18490536489661,2.92565684461606e-06
binary_longitudinal,1,landweber,3.01375270747048,3.5031870958158,0.000114075714676479
binary_longitudinal,1,landweber,2.82211880039051,3.35277095309087,0.000174555088762244
binary_longitudinal,1,landweber,3.01375270747048,3.143040789226,2.2307006422673e-05
binary_longitudinal,1,landweber,2.82211880039051,3.01426578485003,4.31049148664089e-05
binary_longitudinal,1,landweber,3.33964685192599,4.44221399623984,2.07534242777046e-05
binary_longitudinal,1,landweber,3.11700001661268,4.23537186581594,3.12291994728862e-05
binary_longitudinal,1,landweber,3.33964685192599,3.94696509562442,9.71766286816531e-05
binary_longitudinal,1,landweber,3.11700001661268,3.76988239846216,0.000182548282686344
binary_longitudinal,1,landweber,3.01375270747048,4.17337949192407,3.47157279359331e-06
binary_longitudinal,1,landweber,2.82211880039051,3.98269158714241,9.10626295517483e-06
binary_longitudinal,1,landweber,3.01375270747048,3.71680918388172,2.24683535657752e-05
binary_longitudinal,1,landweber,2.82211880039051,3.553556521449,7.34887775078738e-05
binary_longitudinal,1,landweber,3.33964685192599,4.03728826876093,2.0657725362343e-06
binary_longitudinal,1,landweber,3.11700001661268,3.85477806547075,1.68384156016759e-06
binary_longitudinal,1,landweber,3.33964685192599,3.60029809975949,1.06959119323509e-05
binary_longitudinal,1,landweber,3.11700001661268,3.44404657115638,1.10227942459221e-05
binary_longitudinal,1,landweber,3.01375270747048,3.80007818040257,1.26467561748286e-05
binary_longitudinal,1,landweber,2.82211880039051,3.63182189627246,1.79696945327679e-05
binary_longitudinal,1,landweber,3.01375270747048,3.39721663780341,9.05080846744403e-05
binary_longitudinal,1,landweber,2.82211880039051,3.2531682442426,0.000162403396158639
binary_longitudinal,1,landweber,1.77880078307141,1.6517189383544,0.000955884325267599
binary_longitudinal,1,landweber,1.70468808971871,1.61255724364452,0.000970351563627095
binary_longitudinal,1,landweber,1.77880078307141,1.55795280757844,0.000139844897630605
binary_longitudinal,1,landweber,1.70468808971871,1.52442550581231,0.000176779079384732
binary_longitudinal,1,landweber,1.67032004603564,1.60082014532843,6.2589294446911e-05
binary_longitudinal,1,landweber,1.60653065971263,1.56471695157084,0.000111229908396983
binary_longitudinal,1,landweber,1.67032004603564,1.51437708375046,1.26565182893121e-05
binary_longitudinal,1,landweber,1.60653065971263,1.48346824079055,2.79761065503157e-05
binary_longitudinal,1,landweber,1.77880078307141,1.57505381366628,0.000122106248236165
binary_longitudinal,1,landweber,1.70468808971871,1.54049891497112,6.6840917473422e-05
binary_longitudinal,1,landweber,1.77880078307141,1.49231788576521,1.9753425945745e-05
binary_longitudinal,1,landweber,1.70468808971871,1.46273457675284,1.36369653412199e-05
binary_longitudinal,1,landweber,1.67032004603564,1.53014251322977,0.000292612408120141
binary_longitudinal,1,landweber,1.60653065971263,1.4982863279419,0.000280410974616735
binary_longitudinal,1,landweber,1.67032004603564,1.45386820340088,6.54289859006547e-05
binary_longitudinal,1,landweber,1.60653065971263,1.42659533012059,7.89831185035628e-05
binary_longitudinal,1,landweber,1.77880078307141,1.72901621380665,0.000135997554921548
binary_longitudinal,1,landweber,1.70468808971871,1.68520973723603,0.000127617493376436
binary_longitudinal,1,landweber,1.77880078307141,1.62412892939814,0.000728169560896594
binary_longitudinal,1,landweber,1.70468808971871,1.58662511424983,0.000850887419922132
binary_longitudinal,1,landweber,1.67032004603564,1.6720805576589,8.90483375868919e-06
binary_longitudinal,1,landweber,1.60653065971263,1.63169533625358,1.46285971293273e-05
binary_longitudinal,1,landweber,1.67032004603564,1.57538489676473,6.5902235414781e-05
binary_longitudinal,1,landweber,1.60653065971263,1.54081010333511,0.00013465686779745
binary_longitudinal,1,landweber,1.77880078307141,1.64325820426917,1.35370438243179e-05
binary_longitudinal,1,landweber,1.70468808971871,1.60460491382034,6.8809845522369e-06
binary_longitudinal,1,landweber,1.77880078307141,1.55070936249926,8.01472288227161e-05
binary_longitudinal,1,landweber,1.70468808971871,1.51761731827767,5.13790478783116e-05
binary_longitudinal,1,landweber,1.67032004603564,1.59302018865461,3.24398386608389e-05
binary_longitudinal,1,landweber,1.60653065971263,1.55738569314105,2.88671020319653e-05
binary_longitudinal,1,landweber,1.67032004603564,1.50769934666315,0.000265470502130676
binary_longitudinal,1,landweber,1.60653065971263,1.47719176793814,0.000297579213969747
binary_longitudinal,1,landweber,2.22140275816017,2.66217648777235,0.000132056579730201
binary_longitudinal,1,landweber,2.10517091807565,2.56229654821981,0.000172859738935083
binary_longitudinal,1,landweber,2.22140275816017,2.42303067083672,2.60789243617065e-05
binary_longitudinal,1,landweber,2.10517091807565,2.33752096808844,4.2509300165877e-05
binary_longitudinal,1,landweber,2.05127109637602,2.53236166723425,8.70500243869682e-06
binary_longitudinal,1,landweber,1.95122942450071,2.44028228106684,1.99752704930459e-05
binary_longitudinal,1,landweber,2.05127109637602,2.31189297125197,2.37613678042614e-06
binary_longitudinal,1,landweber,1.95122942450071,2.2330615164504,6.7818270053608e-06
binary_longitudinal,1,landweber,2.22140275816017,2.4666459297522,1.68691263989926e-05
binary_longitudinal,1,landweber,2.10517091807565,2.37851539254014,1.19071313714885e-05
binary_longitudinal,1,landweber,2.22140275816017,2.25563209240934,3.68371038094215e-06
binary_longitudinal,1,landweber,2.10517091807565,2.18018134550451,3.2792220383723e-06
binary_longitudinal,1,landweber,2.05127109637602,2.35210190896721,4.06969234721017e-05
binary_longitudinal,1,landweber,1.95122942450071,2.27085430503948,5.03577243559056e-05
binary_longitudinal,1,landweber,2.05127109637602,2.15756810465769,1.22836483423577e-05
binary_longitudinal,1,landweber,1.95122942450071,2.08801000828724,1.91466902326703e-05
binary_longitudinal,1,landweber,2.22140275816017,2.85931931463266,1.87882272780048e-05
binary_longitudinal,1,landweber,2.10517091807565,2.74759309174325,2.27339527399143e-05
binary_longitudinal,1,landweber,2.22140275816017,2.59180955275535,0.000135792433065955
binary_longitudinal,1,landweber,2.10517091807565,2.4961579519308,0.000204609215449747
binary_longitudinal,1,landweber,2.05127109637602,2.71410777727326,1.23849614012393e-06
binary_longitudinal,1,landweber,1.95122942450071,2.61110729420781,2.62708284851948e-06
binary_longitudinal,1,landweber,2.05127109637602,2.46749034060075,1.2372496282299e-05
binary_longitudinal,1,landweber,1.95122942450071,2.37930906286556,3.26428404482803e-05
binary_longitudinal,1,landweber,2.22140275816017,2.64059780954447,1.87015903477317e-06
binary_longitudinal,1,landweber,2.10517091807565,2.54201452957824,1.22578788750539e-06
binary_longitudinal,1,landweber,2.22140275816017,2.4045566272076,1.4946226524396e-05
binary_longitudinal,1,landweber,2.10517091807565,2.32015702701133,1.23548972881728e-05
binary_longitudinal,1,landweber,2.05127109637602,2.51246826867565,4.51177596981956e-06
binary_longitudinal,1,landweber,1.95122942450071,2.42158427388824,5.18411081829589e-06
binary_longitudinal,1,landweber,2.05127109637602,2.29486173750252,4.98394747917028e-05
binary_longitudinal,1,landweber,1.95122942450071,2.21705368702048,7.2137655963828e-05
binary_longitudinal,1,landweber,2.49182469764127,2.2065469516522,0.00412805270405592
binary_longitudinal,1,landweber,2.349858807576,2.13404572360281,0.00520141172609965
binary_longitudinal,1,landweber,2.49182469764127,2.03295488212968,0.000603929882050146
binary_longitudinal,1,landweber,2.349858807576,1.97088477588851,0.00094759550137048
binary_longitudinal,1,landweber,2.28402541668774,2.11231647904491,0.000373781006118126
binary_longitudinal,1,landweber,2.16183424272828,2.0454775461713,0.000824452263201824
binary_longitudinal,1,landweber,2.28402541668774,1.95228182867594,7.55842701525296e-05
binary_longitudinal,1,landweber,2.16183424272828,1.89505935429681,0.00020736297182466
binary_longitudinal,1,landweber,2.49182469764127,2.06461449112856,0.000527324295303528
binary_longitudinal,1,landweber,2.349858807576,2.00064196366056,0.000358289866231539
binary_longitudinal,1,landweber,2.49182469764127,1.91144296928633,8.53065389129307e-05
binary_longitudinal,1,landweber,2.349858807576,1.85667449593372,7.30987346164517e-05
binary_longitudinal,1,landweber,2.28402541668774,1.98146884436675,0.00174747073403369
binary_longitudinal,1,landweber,2.16183424272828,1.92249252652734,0.00207844693914776
binary_longitudinal,1,landweber,2.28402541668774,1.84025991119412,0.00039073954092867
binary_longitudinal,1,landweber,2.16183424272828,1.78976881728449,0.000585434365122306
binary_longitudinal,1,landweber,2.49182469764127,2.34964973197559,0.000587314865929753
binary_longitudinal,1,landweber,2.349858807576,2.26854947900096,0.00068407281585907
binary_longitudinal,1,landweber,2.49182469764127,2.15546873488855,0.00314465071286622
binary_longitudinal,1,landweber,2.349858807576,2.08603678933734,0.00456104361498663
binary_longitudinal,1,landweber,2.28402541668774,2.24424303236543,5.31793456221294e-05
binary_longitudinal,1,landweber,2.16183424272828,2.16947665239582,0.000108429290148266
binary_longitudinal,1,landweber,2.28402541668774,2.06522743526702,0.000393565769936334
binary_longitudinal,1,landweber,2.16183424272828,2.0012180760763,0.000998096294524031
binary_longitudinal,1,landweber,2.49182469764127,2.19088333913688,5.84606619093318e-05
binary_longitudinal,1,landweber,2.349858807576,2.11932333524913,3.68843984785601e-05
binary_longitudinal,1,landweber,2.49182469764127,2.01954487351184,0.000346121362092197
binary_longitudinal,1,landweber,2.349858807576,1.95828057270709,0.000275409029188504
binary_longitudinal,1,landweber,2.28402541668774,2.09787618370596,0.000193729544966239
binary_longitudinal,1,landweber,2.16183424272828,2.03190496604562,0.000213967159960164
binary_longitudinal,1,landweber,2.28402541668774,1.9399191323471,0.00158538025165397
binary_longitudinal,1,landweber,2.16183424272828,1.8834395305637,0.00220570042693509
binary_longitudinal,1,landweber,3.33964685192599,4.07723752741265,0.000754084375812706
binary_longitudinal,1,landweber,3.11700001661268,3.89232677907286,0.00122415508932939
binary_longitudinal,1,landweber,3.33964685192599,3.63449965462252,0.0001489188152483
binary_longitudinal,1,landweber,3.11700001661268,3.4761929596412,0.000301041621736058
binary_longitudinal,1,landweber,3.01375270747048,3.83690742990926,6.86603202630765e-05
binary_longitudinal,1,landweber,2.82211880039051,3.66643808161806,0.000195481692525041
binary_longitudinal,1,landweber,3.01375270747048,3.42874707516518,1.87416733633171e-05
binary_longitudinal,1,landweber,2.82211880039051,3.28280402228213,6.63682137311478e-05
binary_longitudinal,1,landweber,3.33964685192599,3.71524590057768,9.63279881780911e-05
binary_longitudinal,1,landweber,3.11700001661268,3.55208717560771,8.4323715617755e-05
binary_longitudinal,1,landweber,3.33964685192599,3.32458961115739,2.10351384911134e-05
binary_longitudinal,1,landweber,3.11700001661268,3.18490536489661,2.32227375330128e-05
binary_longitudinal,1,landweber,3.01375270747048,3.5031870958158,0.000320995177082884
binary_longitudinal,1,landweber,2.82211880039051,3.35277095309087,0.000492810006864686
binary_longitudinal,1,landweber,3.01375270747048,3.143040789226,9.68867309486421e-05
binary_longitudinal,1,landweber,2.82211880039051,3.01426578485003,0.000187373052807374
binary_longitudinal,1,landweber,3.33964685192599,4.44221399623984,0.000107286654466648
binary_longitudinal,1,landweber,3.11700001661268,4.23537186581594,0.000160996910666349
binary_longitudinal,1,landweber,3.33964685192599,3.94696509562442,0.00077541726688542
binary_longitudinal,1,landweber,3.11700001661268,3.76988239846216,0.00144899797928404
binary_longitudinal,1,landweber,3.01375270747048,4.17337949192407,9.76858332026189e-06
binary_longitudinal,1,landweber,2.82211880039051,3.98269158714241,2.5709118773179e-05
binary_longitudinal,1,landweber,3.01375270747048,3.71680918388172,9.7587515130386e-05
binary_longitudinal,1,landweber,2.82211880039051,3.553556521449,0.00031944887564232
binary_longitudinal,1,landweber,3.33964685192599,4.03728826876093,1.06791930495902e-05
binary_longitudinal,1,landweber,3.11700001661268,3.85477806547075,8.68076331812331e-06
binary_longitudinal,1,landweber,3.33964685192599,3.60029809975949,8.53476284364712e-05
binary_longitudinal,1,landweber,3.11700001661268,3.44404657115638,8.74946964899589e-05
binary_longitudinal,1,landweber,3.01375270747048,3.80007818040257,3.55864326546287e-05
binary_longitudinal,1,landweber,2.82211880039051,3.63182189627246,5.07326675426327e-05
binary_longitudinal,1,landweber,3.01375270747048,3.39721663780341,0.000393106644718428
binary_longitudinal,1,landweber,2.82211880039051,3.2531682442426,0.000705952446927189
binary_longitudinal,1,landweber,1.77880078307141,1.6517189383544,0.00106462963936783
binary_longitudinal,1,landweber,1.70468808971871,1.61255724364452,0.000744617548498822
binary_longitudinal,1,landweber,1.77880078307141,1.55795280757844,8.14586064091042e-05
binary_longitudinal,1,landweber,1.70468808971871,1.52442550581231,7.13780584804168e-05
binary_longitudinal,1,landweber,1.67032004603564,1.60082014532843,0.000173893987726491
binary_longitudinal,1,landweber,1.60653065971263,1.56471695157084,0.000212368151645404
binary_longitudinal,1,landweber,1.67032004603564,1.51437708375046,1.83906000541097e-05
binary_longitudinal,1,landweber,1.60653065971263,1.48346824079055,2.81050774725219e-05
binary_longitudinal,1,landweber,1.77880078307141,1.57505381366628,0.000135997554921548
binary_longitudinal,1,landweber,1.70468808971871,1.54049891497112,5.12916369428333e-05
binary_longitudinal,1,landweber,1.77880078307141,1.49231788576521,1.15062227983188e-05
binary_longitudinal,1,landweber,1.70468808971871,1.46273457675284,5.50619515051667e-06
binary_longitudinal,1,landweber,1.67032004603564,1.53014251322977,0.000812975109496126
binary_longitudinal,1,landweber,1.60653065971263,1.4982863279419,0.000535380827321236
binary_longitudinal,1,landweber,1.67032004603564,1.45386820340088,9.50718265592076e-05
binary_longitudinal,1,landweber,1.60653065971263,1.42659533012059,7.93472337035748e-05
binary_longitudinal,1,landweber,1.77880078307141,1.72901621380665,0.000151469193524543
binary_longitudinal,1,landweber,1.70468808971871,1.68520973723603,9.79296871623786e-05
binary_longitudinal,1,landweber,1.77880078307141,1.62412892939814,0.000424153320322389
binary_longitudinal,1,landweber,1.70468808971871,1.58662511424983,0.000343562667204943
binary_longitudinal,1,landweber,1.67032004603564,1.6720805576589,2.4740605658263e-05
binary_longitudinal,1,landweber,1.60653065971263,1.63169533625358,2.79299711587711e-05
binary_longitudinal,1,landweber,1.67032004603564,1.57538489676473,9.57594834914816e-05
binary_longitudinal,1,landweber,1.60653065971263,1.54081010333511,0.000135277641113065
binary_longitudinal,1,landweber,1.77880078307141,1.64325820426917,1.50770733485513e-05
binary_longitudinal,1,landweber,1.70468808971871,1.60460491382034,5.2802530965096e-06
binary_longitudinal,1,landweber,1.77880078307141,1.55070936249926,4.66851610467426e-05
binary_longitudinal,1,landweber,1.70468808971871,1.51761731827767,2.07453093255728e-05
binary_longitudinal,1,landweber,1.67032004603564,1.59302018865461,9.01287185897598e-05
binary_longitudinal,1,landweber,1.60653065971263,1.55738569314105,5.5115150144761e-05
binary_longitudinal,1,landweber,1.67032004603564,1.50769934666315,0.000385742881197564
binary_longitudinal,1,landweber,1.60653065971263,1.47719176793814,0.000298951065538372
binary_longitudinal,1,landweber,2.22140275816017,2.66217648777235,0.00486799514877874
binary_longitudinal,1,landweber,2.10517091807565,2.56229654821981,0.00437572668196998
binary_longitudinal,1,landweber,2.22140275816017,2.42303067083672,0.000502778739068938
binary_longitudinal,1,landweber,2.10517091807565,2.33752096808844,0.000566200169935022
binary_longitudinal,1,landweber,2.05127109637602,2.53236166723425,0.000795789056860014
binary_longitudinal,1,landweber,1.95122942450071,2.44028228106684,0.00124637013784139
binary_longitudinal,1,landweber,2.05127109637602,2.31189297125197,0.000113605050807996
binary_longitudinal,1,landweber,1.95122942450071,2.2330615164504,0.000222654142301546
binary_longitudinal,1,landweber,2.22140275816017,2.4666459297522,0.000621845769761753
binary_longitudinal,1,landweber,2.10517091807565,2.37851539254014,0.000301414041053892
binary_longitudinal,1,landweber,2.22140275816017,2.25563209240934,7.10186982690438e-05
binary_longitudinal,1,landweber,2.10517091807565,2.18018134550451,4.36774086643626e-05
binary_longitudinal,1,landweber,2.05127109637602,2.35210190896721,0.00372040864721646
binary_longitudinal,1,landweber,1.95122942450071,2.27085430503948,0.00314210332564453
binary_longitudinal,1,landweber,2.05127109637602,2.15756810465769,0.000587291314850503
binary_longitudinal,1,landweber,1.95122942450071,2.08801000828724,0.000628604930249441
binary_longitudinal,1,landweber,2.22140275816017,2.85931931463266,0.000692589490280147
binary_longitudinal,1,landweber,2.10517091807565,2.74759309174325,0.000575481394357805
binary_longitudinal,1,landweber,2.22140275816017,2.59180955275535,0.00261795875186688
binary_longitudinal,1,landweber,2.10517091807565,2.4961579519308,0.00272528063519881
binary_longitudinal,1,landweber,2.05127109637602,2.71410777727326,0.000113220149243466
binary_longitudinal,1,landweber,1.95122942450071,2.61110729420781,0.000163918561862273
binary_longitudinal,1,landweber,2.05127109637602,2.46749034060075,0.000591539207822979
binary_longitudinal,1,landweber,1.95122942450071,2.37930906286556,0.0010716969979554
binary_longitudinal,1,landweber,2.22140275816017,2.64059780954447,6.89395797416559e-05
binary_longitudinal,1,landweber,2.10517091807565,2.54201452957824,3.10292772558639e-05
binary_longitudinal,1,landweber,2.22140275816017,2.4045566272076,0.000288150110086933
binary_longitudinal,1,landweber,2.10517091807565,2.32015702701133,0.000164560341308759
binary_longitudinal,1,landweber,2.05127109637602,2.51246826867565,0.000412455018717247
binary_longitudinal,1,landweber,1.95122942450071,2.42158427388824,0.000323466003498371
binary_longitudinal,1,landweber,2.05127109637602,2.29486173750252,0.00238286621906497
binary_longitudinal,1,landweber,1.95122942450071,2.21705368702048,0.00236835116902479
binary_longitudinal,1,landweber,2.49182469764127,2.2065469516522,0.000125625646953538
binary_longitudinal,1,landweber,2.349858807576,2.13404572360281,0.000109059940049626
binary_longitudinal,1,landweber,2.49182469764127,2.03295488212968,9.61206578482424e-06
binary_longitudinal,1,landweber,2.349858807576,1.97088477588851,1.0454342359278e-05
binary_longitudinal,1,landweber,2.28402541668774,2.11231647904491,2.83753746749529e-05
binary_longitudinal,1,landweber,2.16183424272828,2.0454775461713,4.30103708573674e-05
binary_longitudinal,1,landweber,2.28402541668774,1.95228182867594,3.00090977183953e-06
binary_longitudinal,1,landweber,2.16183424272828,1.89505935429681,5.69204843429907e-06
binary_longitudinal,1,landweber,2.49182469764127,2.06461449112856,1.60476283858334e-05
binary_longitudinal,1,landweber,2.349858807576,2.00064196366056,7.51239728543871e-06
binary_longitudinal,1,landweber,2.49182469764127,1.91144296928633,1.35772725986537e-06
binary_longitudinal,1,landweber,2.349858807576,1.85667449593372,8.06461403209649e-07
binary_longitudinal,1,landweber,2.28402541668774,1.98146884436675,0.000132658257108041
binary_longitudinal,1,landweber,2.16183424272828,1.92249252652734,0.000108429290148266
binary_longitudinal,1,landweber,2.28402541668774,1.84025991119412,1.55134673424864e-05
binary_longitudinal,1,landweber,2.16183424272828,1.78976881728449,1.60699894106312e-05
binary_longitudinal,1,landweber,2.49182469764127,2.34964973197559,1.78732722877697e-05
binary_longitudinal,1,landweber,2.349858807576,2.26854947900096,1.43432099237244e-05
binary_longitudinal,1,landweber,2.49182469764127,2.15546873488855,5.00498326391054e-05
binary_longitudinal,1,landweber,2.349858807576,2.08603678933734,5.03196895697656e-05
binary_longitudinal,1,landweber,2.28402541668774,2.24424303236543,4.03708008779839e-06
binary_longitudinal,1,landweber,2.16183424272828,2.16947665239582,5.65658460681113e-06
binary_longitudinal,1,landweber,2.28402541668774,2.06522743526702,1.56256766451553e-05
binary_longitudinal,1,landweber,2.16183424272828,2.0012180760763,2.73974297365351e-05
binary_longitudinal,1,landweber,2.49182469764127,2.19088333913688,1.77908544299253e-06
binary_longitudinal,1,landweber,2.349858807576,2.11932333524913,7.7336894263794e-07
binary_longitudinal,1,landweber,2.49182469764127,2.01954487351184,5.50882047874379e-06
binary_longitudinal,1,landweber,2.349858807576,1.95828057270709,3.03844865853506e-06
binary_longitudinal,1,landweber,2.28402541668774,2.09787618370596,1.47068693541049e-05
binary_longitudinal,1,landweber,2.16183424272828,2.03190496604562,1.11623283869032e-05
binary_longitudinal,1,landweber,2.28402541668774,1.9399191323471,6.29440898174842e-05
binary_longitudinal,1,landweber,2.16183424272828,1.8834395305637,6.05457838069798e-05
binary_longitudinal,1,landweber,3.33964685192599,4.07723752741265,0.000759538687224554
binary_longitudinal,1,landweber,3.11700001661268,3.89232677907286,0.000846706009089562
binary_longitudinal,1,landweber,3.33964685192599,3.63449965462252,7.84470591620539e-05
binary_longitudinal,1,landweber,3.11700001661268,3.4761929596412,0.000109560107628954
binary_longitudinal,1,landweber,3.01375270747048,3.83690742990926,0.000171504198251637
binary_longitudinal,1,landweber,2.82211880039051,3.66643808161806,0.000333273146539268
binary_longitudinal,1,landweber,3.01375270747048,3.42874707516518,2.44835525045291e-05
binary_longitudinal,1,landweber,2.82211880039051,3.28280402228213,5.95366050115374e-05
binary_longitudinal,1,landweber,3.33964685192599,3.71524590057768,9.70247309592075e-05
binary_longitudinal,1,landweber,3.11700001661268,3.55208717560771,5.83238164385081e-05
binary_longitudinal,1,landweber,3.33964685192599,3.32458961115739,1.10808345536661e-05
binary_longitudinal,1,landweber,3.11700001661268,3.18490536489661,8.45160748498278e-06
binary_longitudinal,1,landweber,3.01375270747048,3.5031870958158,0.000801802558993415
binary_longitudinal,1,landweber,2.82211880039051,3.35277095309087,0.000840182727662812
binary_longitudinal,1,landweber,3.01375270747048,3.143040789226,0.000126569880831251
binary_longitudinal,1,landweber,2.82211880039051,3.01426578485003,0.00016808581710499
binary_longitudinal,1,landweber,3.33964685192599,4.44221399623984,0.000108062661558913
binary_longitudinal,1,landweber,3.11700001661268,4.23537186581594,0.000111356030697654
binary_longitudinal,1,landweber,3.33964685192599,3.94696509562442,0.000408472254558399
binary_longitudinal,1,landweber,3.11700001661268,3.76988239846216,0.000527343606671384
binary_longitudinal,1,landweber,3.01375270747048,4.17337949192407,2.4400600579441e-05
binary_longitudinal,1,landweber,2.82211880039051,3.98269158714241,4.38310043135704e-05
binary_longitudinal,1,landweber,3.01375270747048,3.71680918388172,0.000127485363988782
binary_longitudinal,1,landweber,2.82211880039051,3.553556521449,0.000286566421804578
binary_longitudinal,1,landweber,3.33964685192599,4.03728826876093,1.07564359237141e-05
binary_longitudinal,1,landweber,3.11700001661268,3.85477806547075,6.00418568611739e-06
binary_longitudinal,1,landweber,3.33964685192599,3.60029809975949,4.49591977087213e-05
binary_longitudinal,1,landweber,3.11700001661268,3.44404657115638,3.1842534959525e-05
binary_longitudinal,1,landweber,3.01375270747048,3.80007818040257,8.88900980607588e-05
binary_longitudinal,1,landweber,2.82211880039051,3.63182189627246,8.64931929218788e-05
binary_longitudinal,1,landweber,3.01375270747048,3.39721663780341,0.000513542573774717
binary_longitudinal,1,landweber,2.82211880039051,3.2531682442426,0.000633285267551308
binary_longitudinal,1,landweber,1.77880078307141,1.6517189383544,0.000105972038196597
binary_longitudinal,1,landweber,1.70468808971871,1.61255724364452,7.40029352343184e-05
binary_longitudinal,1,landweber,1.77880078307141,1.55795280757844,1.25892464741956e-05
binary_longitudinal,1,landweber,1.70468808971871,1.52442550581231,1.10343278474698e-05
binary_longitudinal,1,landweber,1.67032004603564,1.60082014532843,9.36643552119747e-06
binary_longitudinal,1,landweber,1.60653065971263,1.56471695157084,1.14506399725992e-05
binary_longitudinal,1,landweber,1.67032004603564,1.51437708375046,1.53799777282289e-06
binary_longitudinal,1,landweber,1.60653065971263,1.48346824079055,2.35716852536868e-06
binary_longitudinal,1,landweber,1.77880078307141,1.57505381366628,1.35370438243179e-05
binary_longitudinal,1,landweber,1.70468808971871,1.54049891497112,5.09755873252653e-06
binary_longitudinal,1,landweber,1.77880078307141,1.49231788576521,1.778261146128e-06
binary_longitudinal,1,landweber,1.70468808971871,1.46273457675284,8.51202229038192e-07
binary_longitudinal,1,landweber,1.67032004603564,1.53014251322977,4.37892019326779e-05
binary_longitudinal,1,landweber,1.60653065971263,1.4982863279419,2.88671020319653e-05
binary_longitudinal,1,landweber,1.67032004603564,1.45386820340088,7.95081493132629e-06
binary_longitudinal,1,landweber,1.60653065971263,1.42659533012059,6.65484028798717e-06
binary_longitudinal,1,landweber,1.77880078307141,1.72901621380665,1.50770733485513e-05
binary_longitudinal,1,landweber,1.70468808971871,1.68520973723603,9.73262624713179e-06
binary_longitudinal,1,landweber,1.77880078307141,1.62412892939814,6.55519524305315e-05
binary_longitudinal,1,landweber,1.70468808971871,1.58662511424983,5.31113228182101e-05
binary_longitudinal,1,landweber,1.67032004603564,1.6720805576589,1.33260091785331e-06
binary_longitudinal,1,landweber,1.60653065971263,1.63169533625358,1.50595106519631e-06
binary_longitudinal,1,landweber,1.67032004603564,1.57538489676473,8.00832337733632e-06
binary_longitudinal,1,landweber,1.60653065971263,1.54081010333511,1.13457149559397e-05
binary_longitudinal,1,landweber,1.77880078307141,1.64325820426917,1.50075494209827e-06
binary_longitudinal,1,landweber,1.70468808971871,1.60460491382034,5.24771714969094e-07
binary_longitudinal,1,landweber,1.77880078307141,1.55070936249926,7.21508782206799e-06
binary_longitudinal,1,landweber,1.70468808971871,1.51761731827767,3.20701556288963e-06
binary_longitudinal,1,landweber,1.67032004603564,1.59302018865461,4.8545947005765e-06
binary_longitudinal,1,landweber,1.60653065971263,1.55738569314105,2.97174381588617e-06
binary_longitudinal,1,landweber,1.67032004603564,1.50769934666315,3.22595070535267e-05
binary_longitudinal,1,landweber,1.60653065971263,1.47719176793814,2.50729798913181e-05
binary_longitudinal,1,landweber,2.22140275816017,2.66217648777235,0.000535804216557258
binary_longitudinal,1,landweber,2.10517091807565,2.56229654821981,0.000482473898643181
binary_longitudinal,1,landweber,2.22140275816017,2.42303067083672,8.59217117479918e-05
binary_longitudinal,1,landweber,2.10517091807565,2.33752096808844,9.71089158479462e-05
binary_longitudinal,1,landweber,2.05127109637602,2.53236166723425,4.76763856244649e-05
binary_longitudinal,1,landweber,1.95122942450071,2.44028228106684,7.52594403054059e-05
binary_longitudinal,1,landweber,2.05127109637602,2.31189297125197,1.05675187534922e-05
binary_longitudinal,1,landweber,1.95122942450071,2.2330615164504,2.09127045694097e-05
binary_longitudinal,1,landweber,2.22140275816017,2.4666459297522,6.84445188015912e-05
binary_longitudinal,1,landweber,2.10517091807565,2.37851539254014,3.32343443872496e-05
binary_longitudinal,1,landweber,2.22140275816017,2.25563209240934,1.21366470919004e-05
binary_longitudinal,1,landweber,2.10517091807565,2.18018134550451,7.49110655147047e-06
binary_longitudinal,1,landweber,2.05127109637602,2.35210190896721,0.000222892782724565
binary_longitudinal,1,landweber,1.95122942450071,2.27085430503948,0.000189729303110001
binary_longitudinal,1,landweber,2.05127109637602,2.15756810465769,5.46297188312067e-05
binary_longitudinal,1,landweber,1.95122942450071,2.08801000828724,5.90414759918424e-05
binary_longitudinal,1,landweber,2.22140275816017,2.85931931463266,7.6231047462823e-05
binary_longitudinal,1,landweber,2.10517091807565,2.74759309174325,6.34534037686793e-05
binary_longitudinal,1,landweber,2.22140275816017,2.59180955275535,0.000447392619788555
binary_longitudinal,1,landweber,2.10517091807565,2.4961579519308,0.00046741251931438
binary_longitudinal,1,landweber,2.05127109637602,2.71410777727326,6.78311350132134e-06
binary_longitudinal,1,landweber,1.95122942450071,2.61110729420781,9.89787772257393e-06
binary_longitudinal,1,landweber,2.05127109637602,2.46749034060075,5.50248569727787e-05
binary_longitudinal,1,landweber,1.95122942450071,2.37930906286556,0.000100658727812086
binary_longitudinal,1,landweber,2.22140275816017,2.64059780954447,7.58795281924868e-06
binary_longitudinal,1,landweber,2.10517091807565,2.54201452957824,3.42133260548552e-06
binary_longitudinal,1,landweber,2.22140275816017,2.4045566272076,4.92430343114546e-05
binary_longitudinal,1,landweber,2.10517091807565,2.32015702701133,2.82237222533781e-05
binary_longitudinal,1,landweber,2.05127109637602,2.51246826867565,2.47105239203716e-05
binary_longitudinal,1,landweber,1.95122942450071,2.42158427388824,1.95318145404827e-05
binary_longitudinal,1,landweber,2.05127109637602,2.29486173750252,0.000221653731748163
binary_longitudinal,1,landweber,1.95122942450071,2.21705368702048,0.000222446471475719
binary_longitudinal,1,landweber,2.49182469764127,2.2065469516522,0.000457647591102943
binary_longitudinal,1,landweber,2.349858807576,2.13404572360281,0.000396680697514186
binary_longitudinal,1,landweber,2.49182469764127,2.03295488212968,5.43675333678904e-05
binary_longitudinal,1,landweber,2.349858807576,1.97088477588851,5.91477196583503e-05
binary_longitudinal,1,landweber,2.28402541668774,2.11231647904491,5.59360146777711e-05
binary_longitudinal,1,landweber,2.16183424272828,2.0454775461713,8.48738093609244e-05
binary_longitudinal,1,landweber,2.28402541668774,1.95228182867594,9.18486715680733e-06
binary_longitudinal,1,landweber,2.16183424272828,1.89505935429681,1.74716760401559e-05
binary_longitudinal,1,landweber,2.49182469764127,2.06461449112856,5.84606619093318e-05
binary_longitudinal,1,landweber,2.349858807576,2.00064196366056,2.73246344518023e-05
binary_longitudinal,1,landweber,2.49182469764127,1.91144296928633,7.67954399789561e-06
binary_longitudinal,1,landweber,2.349858807576,1.85667449593372,4.56273109804858e-06
binary_longitudinal,1,landweber,2.28402541668774,1.98146884436675,0.00026150753256037
binary_longitudinal,1,landweber,2.16183424272828,1.92249252652734,0.000213967159960164
binary_longitudinal,1,landweber,2.28402541668774,1.84025991119412,4.74819796380822e-05
binary_longitudinal,1,landweber,2.16183424272828,1.78976881728449,4.93266443868302e-05
binary_longitudinal,1,landweber,2.49182469764127,2.34964973197559,6.51113861379755e-05
binary_longitudinal,1,landweber,2.349858807576,2.26854947900096,5.2170159955584e-05
binary_longitudinal,1,landweber,2.49182469764127,2.15546873488855,0.000283090649500133
binary_longitudinal,1,landweber,2.349858807576,2.08603678933734,0.000284694607243882
binary_longitudinal,1,landweber,2.28402541668774,2.24424303236543,7.95824455652947e-06
binary_longitudinal,1,landweber,2.16183424272828,2.16947665239582,1.11623283869032e-05
binary_longitudinal,1,landweber,2.28402541668774,2.06522743526702,4.78254180008225e-05
binary_longitudinal,1,landweber,2.16183424272828,2.0012180760763,8.40960898725417e-05
binary_longitudinal,1,landweber,2.49182469764127,2.19088333913688,6.48111422385726e-06
binary_longitudinal,1,landweber,2.349858807576,2.11932333524913,2.81295342232749e-06
binary_longitudinal,1,landweber,2.49182469764127,2.01954487351184,3.11588567848423e-05
binary_longitudinal,1,landweber,2.349858807576,1.95828057270709,1.71906852937362e-05
binary_longitudinal,1,landweber,2.28402541668774,2.09787618370596,2.89914642354107e-05
binary_longitudinal,1,landweber,2.16183424272828,2.03190496604562,2.20269975042956e-05
binary_longitudinal,1,landweber,2.28402541668774,1.9399191323471,0.000192652611119777
binary_longitudinal,1,landweber,2.16183424272828,1.8834395305637,0.000185844574669916
binary_longitudinal,1,landweber,3.33964685192599,4.07723752741265,0.00305960966902122
binary_longitudinal,1,landweber,3.11700001661268,3.89232677907286,0.00341677525449953
binary_longitudinal,1,landweber,3.33964685192599,3.63449965462252,0.000490639849257172
binary_longitudinal,1,landweber,3.11700001661268,3.4761929596412,0.000687704229376201
binary_longitudinal,1,landweber,3.01375270747048,3.83690742990926,0.000376045374945552
binary_longitudinal,1,landweber,2.82211880039051,3.66643808161806,0.000736502806032577
binary_longitudinal,1,landweber,3.01375270747048,3.42874707516518,8.33508350067117e-05
binary_longitudinal,1,landweber,2.82211880039051,3.28280402228213,0.000204655595824225
binary_longitudinal,1,landweber,3.33964685192599,3.71524590057768,0.000390839610898199
binary_longitudinal,1,landweber,3.11700001661268,3.55208717560771,0.00023535840139997
binary_longitudinal,1,landweber,3.33964685192599,3.32458961115739,6.93040510775986e-05
binary_longitudinal,1,landweber,3.11700001661268,3.18490536489661,5.30503879398729e-05
binary_longitudinal,1,landweber,3.01375270747048,3.5031870958158,0.00175805692806767
binary_longitudinal,1,landweber,2.82211880039051,3.35277095309087,0.00185672606067844
binary_longitudinal,1,landweber,3.01375270747048,3.143040789226,0.000430889481909668
binary_longitudinal,1,landweber,2.82211880039051,3.01426578485003,0.000577790806891949
binary_longitudinal,1,landweber,3.33964685192599,4.44221399623984,0.000435303125077114
binary_longitudinal,1,landweber,3.11700001661268,4.23537186581594,0.000449363209948342
binary_longitudinal,1,landweber,3.33964685192599,3.94696509562442,0.00255475179749266
binary_longitudinal,1,landweber,3.11700001661268,3.76988239846216,0.00331011384061995
binary_longitudinal,1,landweber,3.01375270747048,4.17337949192407,5.35015065947808e-05
binary_longitudinal,1,landweber,2.82211880039051,3.98269158714241,9.68624625277663e-05
binary_longitudinal,1,landweber,3.01375270747048,3.71680918388172,0.000434006116458544
binary_longitudinal,1,landweber,2.82211880039051,3.553556521449,0.000985064932511136
binary_longitudinal,1,landweber,3.33964685192599,4.03728826876093,4.33295840092911e-05
binary_longitudinal,1,landweber,3.11700001661268,3.85477806547075,2.42291336727435e-05
binary_longitudinal,1,landweber,3.33964685192599,3.60029809975949,0.000281193128488883
binary_longitudinal,1,landweber,3.11700001661268,3.44404657115638,0.000199874264818062
binary_longitudinal,1,landweber,3.01375270747048,3.80007818040257,0.000194903160359726
binary_longitudinal,1,landweber,2.82211880039051,3.63182189627246,0.000191141950532684
binary_longitudinal,1,landweber,3.01375270747048,3.39721663780341,0.00174828396850091
binary_longitudinal,1,landweber,2.82211880039051,3.2531682442426,0.00217690232307168
binary_longitudinal,1,pmmr,1.77880078307141,1.98601835134588,0.00748294912415195
binary_longitudinal,1,pmmr,1.70468808971871,2.12630402228459,0.0076425891174435
binary_longitudinal,1,pmmr,1.77880078307141,2.02234329901662,0.000709245152938778
binary_longitudinal,1,pmmr,1.70468808971871,2.12632360566652,0.000904292506752669
binary_longitudinal,1,pmmr,1.67032004603564,1.97319732584888,0.000905462486159698
binary_longitudinal,1,pmmr,1.60653065971263,2.07034788344651,0.00161476113157825
binary_longitudinal,1,pmmr,1.67032004603564,2.0114527478647,0.000118622468061873
binary_longitudinal,1,pmmr,1.60653065971263,2.082339814216,0.000263779258816363
binary_longitudinal,1,pmmr,1.77880078307141,1.92178362632131,0.000955884325267599
binary_longitudinal,1,pmmr,1.70468808971871,2.05770570516771,0.000526445968276534
binary_longitudinal,1,pmmr,1.77880078307141,1.96480588862753,0.000100182572573807
binary_longitudinal,1,pmmr,1.70468808971871,2.06939055425365,6.97582859681761e-05
binary_longitudinal,1,pmmr,1.67032004603564,1.92478249145489,0.00423314499514566
binary_longitudinal,1,pmmr,1.60653065971263,2.02085795720599,0.00407081826466162
binary_longitudinal,1,pmmr,1.67032004603564,1.96854590451545,0.00061322929520635
binary_longitudinal,1,pmmr,1.60653065971263,2.04175354272958,0.000744710791703774
binary_longitudinal,1,pmmr,1.77880078307141,2.01401432071395,0.00106462963936783
binary_longitudinal,1,pmmr,1.70468808971871,2.16186008683333,0.00100512855611679
binary_longitudinal,1,pmmr,1.77880078307141,2.04738296151315,0.00369302520387731
binary_longitudinal,1,pmmr,1.70468808971871,2.15438589917202,0.00435261412495031
binary_longitudinal,1,pmmr,1.67032004603564,1.99814985912331,0.000128823834574787
binary_longitudinal,1,pmmr,1.60653065971263,2.10247107043945,0.000212368151645404
binary_longitudinal,1,pmmr,1.67032004603564,2.03335641270084,0.000617664798248458
binary_longitudinal,1,pmmr,1.60653065971263,2.10760782691188,0.00126964374825572
binary_longitudinal,1,pmmr,1.77880078307141,1.94981598224204,0.000105972038196597
binary_longitudinal,1,pmmr,1.70468808971871,2.09266164712232,5.4195344890929e-05
binary_longitudinal,1,pmmr,1.77880078307141,1.98984584660676,0.000406479138868103
binary_longitudinal,1,pmmr,1.70468808971871,2.09725271771089,0.000262823452651471
binary_longitudinal,1,pmmr,1.67032004603564,1.94954694213989,0.000469298419546449
binary_longitudinal,1,pmmr,1.60653065971263,2.05220492386866,0.000419073206247334
binary_longitudinal,1,pmmr,1.67032004603564,1.99019919504235,0.00248810655825924
binary_longitudinal,1,pmmr,1.60653065971263,2.06652432627182,0.00280579516520357
binary_longitudinal,1,pmmr,2.22140275816017,2.31851914910482,0.000934898023489231
binary_longitudinal,1,pmmr,2.10517091807565,2.48255653887869,0.0012271489970857
binary_longitudinal,1,pmmr,2.22140275816017,2.35032673857781,0.000119612390536422
binary_longitudinal,1,pmmr,2.10517091807565,2.46522410972638,0.000195999093135422
binary_longitudinal,1,pmmr,2.05127109637602,2.2699442058322,0.000113220149243466
binary_longitudinal,1,pmmr,1.95122942450071,2.37957138512557,0.000258943968827728
binary_longitudinal,1,pmmr,2.05127109637602,2.30387307734598,2.00220509127348e-05
binary_longitudinal,1,pmmr,1.95122942450071,2.37874442122787,5.70987369063187e-05
binary_longitudinal,1,pmmr,2.22140275816017,2.22127780563403,0.000119425423258947
binary_longitudinal,1,pmmr,2.10517091807565,2.37986325057587,8.45299455541655e-05
binary_longitudinal,1,pmmr,2.22140275816017,2.26174299313182,1.68955359736889e-05
binary_longitudinal,1,pmmr,2.10517091807565,2.3780685380502,1.51196218992706e-05
binary_longitudinal,1,pmmr,2.05127109637602,2.1979873882316,0.000529317686205158
binary_longitudinal,1,pmmr,1.95122942450071,2.30647086086514,0.000652798619692812
binary_longitudinal,1,pmmr,2.05127109637602,2.23872258907746,0.000103505755447592
binary_longitudinal,1,pmmr,1.95122942450071,2.31706504258943,0.000161203142952165
binary_longitudinal,1,pmmr,2.22140275816017,2.3399630641161,0.000133011748319997
binary_longitudinal,1,pmmr,2.10517091807565,2.50886356871668,0.000161390659713171
binary_longitudinal,1,pmmr,2.22140275816017,2.37220152299602,0.000622819304603906
binary_longitudinal,1,pmmr,2.10517091807565,2.48715703246274,0.000943398750833641
binary_longitudinal,1,pmmr,2.05127109637602,2.28751201567971,1.61082916185006e-05
binary_longitudinal,1,pmmr,1.95122942450071,2.40251563163289,3.40554717129719e-05
binary_longitudinal,1,pmmr,2.05127109637602,2.32118558270384,0.000104254415201378
binary_longitudinal,1,pmmr,1.95122942450071,2.39727573089412,0.00027483227707784
binary_longitudinal,1,pmmr,2.22140275816017,2.24326661384497,1.32398399897382e-05
binary_longitudinal,1,pmmr,2.10517091807565,2.40646636270882,8.70199380178946e-06
binary_longitudinal,1,pmmr,2.22140275816017,2.28346160937695,6.85516725799842e-05
binary_longitudinal,1,pmmr,2.10517091807565,2.40005914404519,5.69651500921905e-05
binary_longitudinal,1,pmmr,2.05127109637602,2.21558331818026,5.86816548591944e-05
binary_longitudinal,1,pmmr,1.95122942450071,2.32911419899635,6.72028061196784e-05
binary_longitudinal,1,pmmr,2.05127109637602,2.25550429236996,0.000419962566954781
binary_longitudinal,1,pmmr,1.95122942450071,2.33510898162126,0.000607353893819652
binary_longitudinal,1,pmmr,2.49182469764127,2.27478411863055,0.000882983424545827
binary_longitudinal,1,pmmr,2.349858807576,2.45325339121903,0.00111936699941155
binary_longitudinal,1,pmmr,2.49182469764127,2.29269764851932,8.36904946958843e-05
binary_longitudinal,1,pmmr,2.349858807576,2.42192912350233,0.000132446632197425
binary_longitudinal,1,pmmr,2.28402541668774,2.21180727096818,0.00014775000352115
binary_longitudinal,1,pmmr,2.16183424272828,2.33200362031891,0.000327033383193953
binary_longitudinal,1,pmmr,2.28402541668774,2.23648885485878,1.93563735016384e-05
binary_longitudinal,1,pmmr,2.16183424272828,2.32277702417195,5.34225290292901e-05
binary_longitudinal,1,pmmr,2.49182469764127,2.17456460902604,0.000112793766333419
binary_longitudinal,1,pmmr,2.349858807576,2.34431146360777,7.7105577024548e-05
binary_longitudinal,1,pmmr,2.49182469764127,2.20379177880483,1.18214823518603e-05
binary_longitudinal,1,pmmr,2.349858807576,2.33158439420936,1.02171033989081e-05
binary_longitudinal,1,pmmr,2.28402541668774,2.13629988572425,0.00069074886867041
binary_longitudinal,1,pmmr,2.16183424272828,2.25297096324942,0.000824452263201824
binary_longitudinal,1,pmmr,2.28402541668774,2.16976394010111,0.000100064477447639
binary_longitudinal,1,pmmr,2.16183424272828,2.25732487363775,0.000150824344820521
binary_longitudinal,1,pmmr,2.49182469764127,2.30532205886861,0.000125625646953538
binary_longitudinal,1,pmmr,2.349858807576,2.49323480269619,0.000147215520629698
binary_longitudinal,1,pmmr,2.49182469764127,2.32058296248607,0.000435774717608172
binary_longitudinal,1,pmmr,2.349858807576,2.45361987967928,0.000637502885183462
binary_longitudinal,1,pmmr,2.28402541668774,2.23841200961198,2.10209945778757e-05
binary_longitudinal,1,pmmr,2.16183424272828,2.36737072268317,4.30103708573674e-05
binary_longitudinal,1,pmmr,2.28402541668774,2.260242655775,0.00010078824635039
binary_longitudinal,1,pmmr,2.16183424272828,2.35063096418416,0.00025713765480427
binary_longitudinal,1,pmmr,2.49182469764127,2.20521849489936,1.25046357579688e-05
binary_longitudinal,1,pmmr,2.349858807576,2.38352230174594,7.93768704039999e-06
binary_longitudinal,1,pmmr,2.49182469764127,2.23152784737512,4.7964290026477e-05
binary_longitudinal,1,pmmr,2.349858807576,2.36284506222633,3.84942713848094e-05
binary_longitudinal,1,pmmr,2.28402541668774,2.16274801574172,7.65783720477939e-05
binary_longitudinal,1,pmmr,2.16183424272828,2.28739652127465,8.48738093609244e-05
binary_longitudinal,1,pmmr,2.28402541668774,2.1931339050317,0.000405999981625921
binary_longitudinal,1,pmmr,2.16183424272828,2.28447448189185,0.000568250416412313
binary_longitudinal,1,pmmr,3.33964685192599,2.68223061143898,0.000145869335475403
binary_longitudinal,1,pmmr,3.11700001661268,2.89173947161746,0.000237454143139697
binary_longitudinal,1,pmmr,3.33964685192599,2.69057346543455,1.86627626583844e-05
binary_longitudinal,1,pmmr,3.11700001661268,2.83422994714606,3.7925954246108e-05
binary_longitudinal,1,pmmr,3.01375270747048,2.56285248156753,2.4400600579441e-05
binary_longitudinal,1,pmmr,2.82211880039051,2.70003094469038,6.92403232783208e-05
binary_longitudinal,1,pmmr,3.01375270747048,2.58005682404567,4.31504524916592e-06
binary_longitudinal,1,pmmr,2.82211880039051,2.67260114232798,1.52679169168351e-05
binary_longitudinal,1,pmmr,3.33964685192599,2.53670028943365,1.8633590714669e-05
binary_longitudinal,1,pmmr,3.11700001661268,2.7355235243294,1.63566004119122e-05
binary_longitudinal,1,pmmr,3.33964685192599,2.55947291271756,2.63615981963957e-06
binary_longitudinal,1,pmmr,3.11700001661268,2.7024259622851,2.92565684461606e-06
binary_longitudinal,1,pmmr,3.01375270747048,2.45567741822601,0.000114075714676479
binary_longitudinal,1,pmmr,2.82211880039051,2.58887773179854,0.000174555088762244
binary_longitudinal,1,pmmr,3.01375270747048,2.48366531020759,2.2307006422673e-05
binary_longitudinal,1,pmmr,2.82211880039051,2.57870661763052,4.31049148664089e-05
binary_longitudinal,1,pmmr,3.33964685192599,2.70452194700343,2.07534242777046e-05
binary_longitudinal,1,pmmr,3.11700001661268,2.9194921058921,3.12291994728862e-05
binary_longitudinal,1,pmmr,3.33964685192599,2.71524700612844,9.71766286816531e-05
binary_longitudinal,1,pmmr,3.11700001661268,2.85850346939514,0.000182548282686344
binary_longitudinal,1,pmmr,3.01375270747048,2.58066696300354,3.47157279359331e-06
binary_longitudinal,1,pmmr,2.82211880039051,2.72389259720733,9.10626295517483e-06
binary_longitudinal,1,pmmr,3.01375270747048,2.59898861785536,2.24683535657752e-05
binary_longitudinal,1,pmmr,2.82211880039051,2.69255697838093,7.34887775078738e-05
binary_longitudinal,1,pmmr,3.33964685192599,2.55992147099887,2.0657725362343e-06
binary_longitudinal,1,pmmr,3.11700001661268,2.76397127027446,1.68384156016759e-06
binary_longitudinal,1,pmmr,3.33964685192599,2.58380085080018,1.06959119323509e-05
binary_longitudinal,1,pmmr,3.11700001661268,2.72672408964675,1.10227942459221e-05
binary_longitudinal,1,pmmr,3.01375270747048,2.4737639634598,1.26467561748286e-05
binary_longitudinal,1,pmmr,2.82211880039051,2.61265708494591,1.79696945327679e-05
binary_longitudinal,1,pmmr,3.01375270747048,2.50191334837023,9.05080846744403e-05
binary_longitudinal,1,pmmr,2.82211880039051,2.59810593047648,0.000162403396158639
binary_longitudinal,1,pmmr,1.77880078307141,1.98601835134588,0.000955884325267599
binary_longitudinal,1,pmmr,1.70468808971871,2.12630402228459,0.000970351563627095
binary_longitudinal,1,pmmr,1.77880078307141,2.02234329901662,0.000139844897630605
binary_longitudinal,1,pmmr,1.70468808971871,2.12632360566652,0.000176779079384732
binary_longitudinal,1,pmmr,1.67032004603564,1.97319732584888,6.2589294446911e-05
binary_longitudinal,1,pmmr,1.60653065971263,2.07034788344651,0.000111229908396983
binary_longitudinal,1,pmmr,1.67032004603564,2.0114527478647,1.26565182893121e-05
binary_longitudinal,1,pmmr,1.60653065971263,2.082339814216,2.79761065503157e-05
binary_longitudinal,1,pmmr,1.77880078307141,1.92178362632131,0.000122106248236165
binary_longitudinal,1,pmmr,1.70468808971871,2.05770570516771,6.6840917473422e-05
binary_longitudinal,1,pmmr,1.77880078307141,1.96480588862753,1.9753425945745e-05
binary_longitudinal,1,pmmr,1.70468808971871,2.06939055425365,1.36369653412199e-05
binary_longitudinal,1,pmmr,1.67032004603564,1.92478249145489,0.000292612408120141
binary_longitudinal,1,pmmr,1.60653065971263,2.02085795720599,0.000280410974616735
binary_longitudinal,1,pmmr,1.67032004603564,1.96854590451545,6.54289859006547e-05
binary_longitudinal,1,pmmr,1.60653065971263,2.04175354272958,7.89831185035628e-05
binary_longitudinal,1,pmmr,1.77880078307141,2.01401432071395,0.000135997554921548
binary_longitudinal,1,pmmr,1.70468808971871,2.16186008683333,0.000127617493376436
binary_longitudinal,1,pmmr,1.77880078307141,2.04738296151315,0.000728169560896594
binary_longitudinal,1,pmmr,1.70468808971871,2.15438589917202,0.000850887419922132
binary_longitudinal,1,pmmr,1.67032004603564,1.99814985912331,8.90483375868919e-06
binary_longitudinal,1,pmmr,1.60653065971263,2.10247107043945,1.46285971293273e-05
binary_longitudinal,1,pmmr,1.67032004603564,2.03335641270084,6.5902235414781e-05
binary_longitudinal,1,pmmr,1.60653065971263,2.10760782691188,0.00013465686779745
binary_longitudinal,1,pmmr,1.77880078307141,1.94981598224204,1.35370438243179e-05
binary_longitudinal,1,pmmr,1.70468808971871,2.09266164712232,6.8809845522369e-06
binary_longitudinal,1,pmmr,1.77880078307141,1.98984584660676,8.01472288227161e-05
binary_longitudinal,1,pmmr,1.70468808971871,2.09725271771089,5.13790478783116e-05
binary_longitudinal,1,pmmr,1.67032004603564,1.94954694213989,3.24398386608389e-05
binary_longitudinal,1,pmmr,1.60653065971263,2.05220492386866,2.88671020319653e-05
binary_longitudinal,1,pmmr,1.67032004603564,1.99019919504235,0.000265470502130676
binary_longitudinal,1,pmmr,1.60653065971263,2.06652432627182,0.000297579213969747
binary_longitudinal,1,pmmr,2.22140275816017,2.31851914910482,0.000132056579730201
binary_longitudinal,1,pmmr,2.10517091807565,2.48255653887869,0.000172859738935083
binary_longitudinal,1,pmmr,2.22140275816017,2.35032673857781,2.60789243617065e-05
binary_longitudinal,1,pmmr,2.10517091807565,2.46522410972638,4.2509300165877e-05
binary_longitudinal,1,pmmr,2.05127109637602,2.2699442058322,8.70500243869682e-06
binary_longitudinal,1,pmmr,1.95122942450071,2.37957138512557,1.99752704930459e-05
binary_longitudinal,1,pmmr,2.05127109637602,2.30387307734598,2.37613678042614e-06
binary_longitudinal,1,pmmr,1.95122942450071,2.37874442122787,6.7818270053608e-06
binary_longitudinal,1,pmmr,2.22140275816017,2.22127780563403,1.68691263989926e-05
binary_longitudinal,1,pmmr,2.10517091807565,2.37986325057587,1.19071313714885e-05
binary_longitudinal,1,pmmr,2.22140275816017,2.26174299313182,3.68371038094215e-06
binary_longitudinal,1,pmmr,2.10517091807565,2.3780685380502,3.2792220383723e-06
binary_longitudinal,1,pmmr,2.05127109637602,2.1979873882316,4.06969234721017e-05
binary_longitudinal,1,pmmr,1.95122942450071,2.30647086086514,5.03577243559056e-05
binary_longitudinal,1,pmmr,2.05127109637602,2.23872258907746,1.22836483423577e-05
binary_longitudinal,1,pmmr,1.95122942450071,2.31706504258943,1.91466902326703e-05
binary_longitudinal,1,pmmr,2.22140275816017,2.3399630641161,1.87882272780048e-05
binary_longitudinal,1,pmmr,2.10517091807565,2.50886356871668,2.27339527399143e-05
binary_longitudinal,1,pmmr,2.22140275816017,2.37220152299602,0.000135792433065955
binary_longitudinal,1,pmmr,2.10517091807565,2.48715703246274,0.000204609215449747
binary_longitudinal,1,pmmr,2.05127109637602,2.28751201567971,1.23849614012393e-06
binary_longitudinal,1,pmmr,1.95122942450071,2.40251563163289,2.62708284851948e-06
binary_longitudinal,1,pmmr,2.05127109637602,2.32118558270384,1.2372496282299e-05
binary_longitudinal,1,pmmr,1.95122942450071,2.39727573089412,3.26428404482803e-05
binary_longitudinal,1,pmmr,2.22140275816017,2.24326661384497,1.87015903477317e-06
binary_longitudinal,1,pmmr,2.10517091807565,2.40646636270882,1.22578788750539e-06
binary_longitudinal,1,pmmr,2.22140275816017,2.28346160937695,1.4946226524396e-05
binary_longitudinal,1,pmmr,2.10517091807565,2.40005914404519,1.23548972881728e-05
binary_longitudinal,1,pmmr,2.05127109637602,2.21558331818026,4.51177596981956e-06
binary_longitudinal,1,pmmr,1.95122942450071,2.32911419899635,5.18411081829589e-06
binary_longitudinal,1,pmmr,2.05127109637602,2.25550429236996,4.98394747917028e-05
binary_longitudinal,1,pmmr,1.95122942450071,2.33510898162126,7.2137655963828e-05
binary_longitudinal,1,pmmr,2.49182469764127,2.27478411863055,0.00412805270405592
binary_longitudinal,1,pmmr,2.349858807576,2.45325339121903,0.00520141172609965
binary_longitudinal,1,pmmr,2.49182469764127,2.29269764851932,0.000603929882050146
binary_longitudinal,1,pmmr,2.349858807576,2.42192912350233,0.00094759550137048
binary_longitudinal,1,pmmr,2.28402541668774,2.21180727096818,0.000373781006118126
binary_longitudinal,1,pmmr,2.16183424272828,2.33200362031891,0.000824452263201824
binary_longitudinal,1,pmmr,2.28402541668774,2.23648885485878,7.55842701525296e-05
binary_longitudinal,1,pmmr,2.16183424272828,2.32277702417195,0.00020736297182466
binary_longitudinal,1,pmmr,2.49182469764127,2.17456460902604,0.000527324295303528
binary_longitudinal,1,pmmr,2.349858807576,2.34431146360777,0.000358289866231539
binary_longitudinal,1,pmmr,2.49182469764127,2.20379177880483,8.53065389129307e-05
binary_longitudinal,1,pmmr,2.349858807576,2.33158439420936,7.30987346164517e-05
binary_longitudinal,1,pmmr,2.28402541668774,2.13629988572425,0.00174747073403369
binary_longitudinal,1,pmmr,2.16183424272828,2.25297096324942,0.00207844693914776
binary_longitudinal,1,pmmr,2.28402541668774,2.16976394010111,0.00039073954092867
binary_longitudinal,1,pmmr,2.16183424272828,2.25732487363775,0.000585434365122306
binary_longitudinal,1,pmmr,2.49182469764127,2.30532205886861,0.000587314865929753
binary_longitudinal,1,pmmr,2.349858807576,2.49323480269619,0.00068407281585907
binary_longitudinal,1,pmmr,2.49182469764127,2.32058296248607,0.00314465071286622
binary_longitudinal,1,pmmr,2.349858807576,2.45361987967928,0.00456104361498663
binary_longitudinal,1,pmmr,2.28402541668774,2.23841200961198,5.31793456221294e-05
binary_longitudinal,1,pmmr,2.16183424272828,2.36737072268317,0.000108429290148266
binary_longitudinal,1,pmmr,2.28402541668774,2.260242655775,0.000393565769936334
binary_longitudinal,1,pmmr,2.16183424272828,2.35063096418416,0.000998096294524031
binary_longitudinal,1,pmmr,2.49182469764127,2.20521849489936,5.84606619093318e-05
binary_longitudinal,1,pmmr,2.349858807576,2.38352230174594,3.68843984785601e-05
binary_longitudinal,1,pmmr,2.49182469764127,2.23152784737512,0.000346121362092197
binary_longitudinal,1,pmmr,2.349858807576,2.36284506222633,0.000275409029188504
binary_longitudinal,1,pmmr,2.28402541668774,2.16274801574172,0.000193729544966239
binary_longitudinal,1,pmmr,2.16183424272828,2.28739652127465,0.000213967159960164
binary_longitudinal,1,pmmr,2.28402541668774,2.1931339050317,0.00158538025165397
binary_longitudinal,1,pmmr,2.16183424272828,2.28447448189185,0.00220570042693509
binary_longitudinal,1,pmmr,3.33964685192599,2.68223061143898,0.000754084375812706
binary_longitudinal,1,pmmr,3.11700001661268,2.89173947161746,0.00122415508932939
binary_longitudinal,1,pmmr,3.33964685192599,2.69057346543455,0.0001489188152483
binary_longitudinal,1,pmmr,3.11700001661268,2.83422994714606,0.000301041621736058
binary_longitudinal,1,pmmr,3.01375270747048,2.56285248156753,6.86603202630765e-05
binary_longitudinal,1,pmmr,2.82211880039051,2.70003094469038,0.000195481692525041
binary_longitudinal,1,pmmr,3.01375270747048,2.58005682404567,1.87416733633171e-05
binary_longitudinal,1,pmmr,2.82211880039051,2.67260114232798,6.63682137311478e-05
binary_longitudinal,1,pmmr,3.33964685192599,2.53670028943365,9.63279881780911e-05
binary_longitudinal,1,pmmr,3.11700001661268,2.7355235243294,8.4323715617755e-05
binary_longitudinal,1,pmmr,3.33964685192599,2.55947291271756,2.10351384911134e-05
binary_longitudinal,1,pmmr,3.11700001661268,2.7024259622851,2.32227375330128e-05
binary_longitudinal,1,pmmr,3.01375270747048,2.45567741822601,0.000320995177082884
binary_longitudinal,1,pmmr,2.82211880039051,2.58887773179854,0.000492810006864686
binary_longitudinal,1,pmmr,3.01375270747048,2.48366531020759,9.68867309486421e-05
binary_longitudinal,1,pmmr,2.82211880039051,2.57870661763052,0.000187373052807374
binary_longitudinal,1,pmmr,3.33964685192599,2.70452194700343,0.000107286654466648
binary_longitudinal,1,pmmr,3.11700001661268,2.9194921058921,0.000160996910666349
binary_longitudinal,1,pmmr,3.33964685192599,2.71524700612844,0.00077541726688542
binary_longitudinal,1,pmmr,3.11700001661268,2.85850346939514,0.00144899797928404
binary_longitudinal,1,pmmr,3.01375270747048,2.58066696300354,9.76858332026189e-06
binary_longitudinal,1,pmmr,2.82211880039051,2.72389259720733,2.5709118773179e-05
binary_longitudinal,1,pmmr,3.01375270747048,2.59898861785536,9.7587515130386e-05
binary_longitudinal,1,pmmr,2.82211880039051,2.69255697838093,0.00031944887564232
binary_longitudinal,1,pmmr,3.33964685192599,2.55992147099887,1.06791930495902e-05
binary_longitudinal,1,pmmr,3.11700001661268,2.76397127027446,8.68076331812331e-06
binary_longitudinal,1,pmmr,3.33964685192599,2.58380085080018,8.53476284364712e-05
binary_longitudinal,1,pmmr,3.11700001661268,2.72672408964675,8.74946964899589e-05
binary_longitudinal,1,pmmr,3.01375270747048,2.4737639634598,3.55864326546287e-05
binary_longitudinal,1,pmmr,2.82211880039051,2.61265708494591,5.07326675426327e-05
binary_longitudinal,1,pmmr,3.01375270747048,2.50191334837023,0.000393106644718428
binary_longitudinal,1,pmmr,2.82211880039051,2.59810593047648,0.000705952446927189
binary_longitudinal,1,pmmr,1.77880078307141,1.98601835134588,0.00106462963936783
binary_longitudinal,1,pmmr,1.70468808971871,2.12630402228459,0.000744617548498822
binary_longitudinal,1,pmmr,1.77880078307141,2.02234329901662,8.14586064091042e-05
binary_longitudinal,1,pmmr,1.70468808971871,2.12632360566652,7.13780584804168e-05
binary_longitudinal,1,pmmr,1.67032004603564,1.97319732584888,0.000173893987726491
binary_longitudinal,1,pmmr,1.60653065971263,2.07034788344651,0.000212368151645404
binary_longitudinal,1,pmmr,1.67032004603564,2.0114527478647,1.83906000541097e-05
binary_longitudinal,1,pmmr,1.60653065971263,2.082339814216,2.81050774725219e-05
binary_longitudinal,1,pmmr,1.77880078307141,1.92178362632131,0.000135997554921548
binary_longitudinal,1,pmmr,1.70468808971871,2.05770570516771,5.12916369428333e-05
binary_longitudinal,1,pmmr,1.77880078307141,1.96480588862753,1.15062227983188e-05
binary_longitudinal,1,pmmr,1.70468808971871,2.06939055425365,5.50619515051667e-06
binary_longitudinal,1,pmmr,1.67032004603564,1.92478249145489,0.000812975109496126
binary_longitudinal,1,pmmr,1.60653065971263,2.02085795720599,0.000535380827321236
binary_longitudinal,1,pmmr,1.67032004603564,1.96854590451545,9.50718265592076e-05
binary_longitudinal,1,pmmr,1.60653065971263,2.04175354272958,7.93472337035748e-05
binary_longitudinal,1,pmmr,1.77880078307141,2.01401432071395,0.000151469193524543
binary_longitudinal,1,pmmr,1.70468808971871,2.16186008683333,9.79296871623786e-05
binary_longitudinal,1,pmmr,1.77880078307141,2.04738296151315,0.000424153320322389
binary_longitudinal,1,pmmr,1.70468808971871,2.15438589917202,0.000343562667204943
binary_longitudinal,1,pmmr,1.67032004603564,1.99814985912331,2.4740605658263e-05
binary_longitudinal,1,pmmr,1.60653065971263,2.10247107043945,2.79299711587711e-05
binary_longitudinal,1,pmmr,1.67032004603564,2.03335641270084,9.57594834914816e-05
binary_longitudinal,1,pmmr,1.60653065971263,2.10760782691188,0.000135277641113065
binary_longitudinal,1,pmmr,1.77880078307141,1.94981598224204,1.50770733485513e-05
binary_longitudinal,1,pmmr,1.70468808971871,2.09266164712232,5.2802530965096e-06
binary_longitudinal,1,pmmr,1.77880078307141,1.98984584660676,4.66851610467426e-05
binary_longitudinal,1,pmmr,1.70468808971871,2.09725271771089,2.07453093255728e-05
binary_longitudinal,1,pmmr,1.67032004603564,1.94954694213989,9.01287185897598e-05
binary_longitudinal,1,pmmr,1.60653065971263,2.05220492386866,5.5115150144761e-05
binary_longitudinal,1,pmmr,1.67032004603564,1.99019919504235,0.000385742881197564
binary_longitudinal,1,pmmr,1.60653065971263,2.06652432627182,0.000298951065538372
binary_longitudinal,1,pmmr,2.22140275816017,2.31851914910482,0.00486799514877874
binary_longitudinal,1,pmmr,2.10517091807565,2.48255653887869,0.00437572668196998
binary_longitudinal,1,pmmr,2.22140275816017,2.35032673857781,0.000502778739068938
binary_longitudinal,1,pmmr,2.10517091807565,2.46522410972638,0.000566200169935022
binary_longitudinal,1,pmmr,2.05127109637602,2.2699442058322,0.000795789056860014
binary_longitudinal,1,pmmr,1.95122942450071,2.37957138512557,0.00124637013784139
binary_longitudinal,1,pmmr,2.05127109637602,2.30387307734598,0.000113605050807996
binary_longitudinal,1,pmmr,1.95122942450071,2.37874442122787,0.000222654142301546
binary_longitudinal,1,pmmr,2.22140275816017,2.22127780563403,0.000621845769761753
binary_longitudinal,1,pmmr,2.10517091807565,2.37986325057587,0.000301414041053892
binary_longitudinal,1,pmmr,2.22140275816017,2.26174299313182,7.10186982690438e-05
binary_longitudinal,1,pmmr,2.10517091807565,2.3780685380502,4.36774086643626e-05
binary_longitudinal,1,pmmr,2.05127109637602,2.1979873882316,0.00372040864721646
binary_longitudinal,1,pmmr,1.95122942450071,2.30647086086514,0.00314210332564453
binary_longitudinal,1,pmmr,2.05127109637602,2.23872258907746,0.000587291314850503
binary_longitudinal,1,pmmr,1.95122942450071,2.31706504258943,0.000628604930249441
binary_longitudinal,1,pmmr,2.22140275816017,2.3399630641161,0.000692589490280147
binary_longitudinal,1,pmmr,2.10517091807565,2.50886356871668,0.000575481394357805
binary_longitudinal,1,pmmr,2.22140275816017,2.37220152299602,0.00261795875186688
binary_longitudinal,1,pmmr,2.10517091807565,2.48715703246274,0.00272528063519881
binary_longitudinal,1,pmmr,2.05127109637602,2.28751201567971,0.000113220149243466
binary_longitudinal,1,pmmr,1.95122942450071,2.40251563163289,0.000163918561862273
binary_longitudinal,1,pmmr,2.05127109637602,2.32118558270384,0.000591539207822979
binary_longitudinal,1,pmmr,1.95122942450071,2.39727573089412,0.0010716969979554
binary_longitudinal,1,pmmr,2.22140275816017,2.24326661384497,6.89395797416559e-05
binary_longitudinal,1,pmmr,2.10517091807565,2.40646636270882,3.10292772558639e-05
binary_longitudinal,1,pmmr,2.22140275816017,2.28346160937695,0.000288150110086933
binary_longitudinal,1,pmmr,2.10517091807565,2.40005914404519,0.000164560341308759
binary_longitudinal,1,pmmr,2.05127109637602,2.21558331818026,0.000412455018717247
binary_longitudinal,1,pmmr,1.95122942450071,2.32911419899635,0.000323466003498371
binary_longitudinal,1,pmmr,2.05127109637602,2.25550429236996,0.00238286621906497
binary_longitudinal,1,pmmr,1.95122942450071,2.33510898162126,0.00236835116902479
binary_longitudinal,1,pmmr,2.49182469764127,2.27478411863055,0.000125625646953538
binary_longitudinal,1,pmmr,2.349858807576,2.45325339121903,0.000109059940049626
binary_longitudinal,1,pmmr,2.49182469764127,2.29269764851932,9.61206578482424e-06
binary_longitudinal,1,pmmr,2.349858807576,2.42192912350233,1.0454342359278e-05
binary_longitudinal,1,pmmr,2.28402541668774,2.21180727096818,2.83753746749529e-05
binary_longitudinal,1,pmmr,2.16183424272828,2.33200362031891,4.30103708573674e-05
binary_longitudinal,1,pmmr,2.28402541668774,2.23648885485878,3.00090977183953e-06
binary_longitudinal,1,pmmr,2.16183424272828,2.32277702417195,5.69204843429907e-06
binary_longitudinal,1,pmmr,2.49182469764127,2.17456460902604,1.60476283858334e-05
binary_longitudinal,1,pmmr,2.349858807576,2.34431146360777,7.51239728543871e-06
binary_longitudinal,1,pmmr,2.49182469764127,2.20379177880483,1.35772725986537e-06
binary_longitudinal,1,pmmr,2.349858807576,2.33158439420936,8.06461403209649e-07
binary_longitudinal,1,pmmr,2.28402541668774,2.13629988572425,0.000132658257108041
binary_longitudinal,1,pmmr,2.16183424272828,2.25297096324942,0.000108429290148266
binary_longitudinal,1,pmmr,2.28402541668774,2.16976394010111,1.55134673424864e-05
binary_longitudinal,1,pmmr,2.16183424272828,2.25732487363775,1.60699894106312e-05
binary_longitudinal,1,pmmr,2.49182469764127,2.30532205886861,1.78732722877697e-05
binary_longitudinal,1,pmmr,2.349858807576,2.49323480269619,1.43432099237244e-05
binary_longitudinal,1,pmmr,2.49182469764127,2.32058296248607,5.00498326391054e-05
binary_longitudinal,1,pmmr,2.349858807576,2.45361987967928,5.03196895697656e-05
binary_longitudinal,1,pmmr,2.28402541668774,2.23841200961198,4.03708008779839e-06
binary_longitudinal,1,pmmr,2.16183424272828,2.36737072268317,5.65658460681113e-06
binary_longitudinal,1,pmmr,2.28402541668774,2.260242655775,1.56256766451553e-05
binary_longitudinal,1,pmmr,2.16183424272828,2.35063096418416,2.73974297365351e-05
binary_longitudinal,1,pmmr,2.49182469764127,2.20521849489936,1.77908544299253e-06
binary_longitudinal,1,pmmr,2.349858807576,2.38352230174594,7.7336894263794e-07
binary_longitudinal,1,pmmr,2.49182469764127,2.23152784737512,5.50882047874379e-06
binary_longitudinal,1,pmmr,2.349858807576,2.36284506222633,3.03844865853506e-06
binary_longitudinal,1,pmmr,2.28402541668774,2.16274801574172,1.47068693541049e-05
binary_longitudinal,1,pmmr,2.16183424272828,2.28739652127465,1.11623283869032e-05
binary_longitudinal,1,pmmr,2.28402541668774,2.1931339050317,6.29440898174842e-05
binary_longitudinal,1,pmmr,2.16183424272828,2.28447448189185,6.05457838069798e-05
binary_longitudinal,1,pmmr,3.33964685192599,2.68223061143898,0.000759538687224554
binary_longitudinal,1,pmmr,3.11700001661268,2.89173947161746,0.000846706009089562
binary_longitudinal,1,pmmr,3.33964685192599,2.69057346543455,7.84470591620539e-05
binary_longitudinal,1,pmmr,3.11700001661268,2.83422994714606,0.000109560107628954
binary_longitudinal,1,pmmr,3.01375270747048,2.56285248156753,0.000171504198251637
binary_longitudinal,1,pmmr,2.82211880039051,2.70003094469038,0.000333273146539268
binary_longitudinal,1,pmmr,3.01375270747048,2.58005682404567,2.44835525045291e-05
binary_longitudinal,1,pmmr,2.82211880039051,2.67260114232798,5.95366050115374e-05
binary_longitudinal,1,pmmr,3.33964685192599,2.53670028943365,9.70247309592075e-05
binary_longitudinal,1,pmmr,3.11700001661268,2.7355235243294,5.83238164385081e-05
binary_longitudinal,1,pmmr,3.33964685192599,2.55947291271756,1.10808345536661e-05
binary_longitudinal,1,pmmr,3.11700001661268,2.7024259622851,8.45160748498278e-06
binary_longitudinal,1,pmmr,3.01375270747048,2.45567741822601,0.000801802558993415
binary_longitudinal,1,pmmr,2.82211880039051,2.58887773179854,0.000840182727662812
binary_longitudinal,1,pmmr,3.01375270747048,2.48366531020759,0.000126569880831251
binary_longitudinal,1,pmmr,2.82211880039051,2.57870661763052,0.00016808581710499
binary_longitudinal,1,pmmr,3.33964685192599,2.70452194700343,0.000108062661558913
binary_longitudinal,1,pmmr,3.11700001661268,2.9194921058921,0.000111356030697654
binary_longitudinal,1,pmmr,3.33964685192599,2.71524700612844,0.000408472254558399
binary_longitudinal,1,pmmr,3.11700001661268,2.85850346939514,0.000527343606671384
binary_longitudinal,1,pmmr,3.01375270747048,2.58066696300354,2.4400600579441e-05
binary_longitudinal,1,pmmr,2.82211880039051,2.72389259720733,4.38310043135704e-05
binary_longitudinal,1,pmmr,3.01375270747048,2.59898861785536,0.000127485363988782
binary_longitudinal,1,pmmr,2.82211880039051,2.69255697838093,0.000286566421804578
binary_longitudinal,1,pmmr,3.33964685192599,2.55992147099887,1.07564359237141e-05
binary_longitudinal,1,pmmr,3.11700001661268,2.76397127027446,6.00418568611739e-06
binary_longitudinal,1,pmmr,3.33964685192599,2.58380085080018,4.49591977087213e-05
binary_longitudinal,1,pmmr,3.11700001661268,2.72672408964675,3.1842534959525e-05
binary_longitudinal,1,pmmr,3.01375270747048,2.4737639634598,8.88900980607588e-05
binary_longitudinal,1,pmmr,2.82211880039051,2.61265708494591,8.64931929218788e-05
binary_longitudinal,1,pmmr,3.01375270747048,2.50191334837023,0.000513542573774717
binary_longitudinal,1,pmmr,2.82211880039051,2.59810593047648,0.000633285267551308
binary_longitudinal,1,pmmr,1.77880078307141,1.98601835134588,0.000105972038196597
binary_longitudinal,1,pmmr,1.70468808971871,2.12630402228459,7.40029352343184e-05
binary_longitudinal,1,pmmr,1.77880078307141,2.02234329901662,1.25892464741956e-05
binary_longitudinal,1,pmmr,1.70468808971871,2.12632360566652,1.10343278474698e-05
binary_longitudinal,1,pmmr,1.67032004603564,1.97319732584888,9.36643552119747e-06
binary_longitudinal,1,pmmr,1.60653065971263,2.07034788344651,1.14506399725992e-05
binary_longitudinal,1,pmmr,1.67032004603564,2.0114527478647,1.53799777282289e-06
binary_longitudinal,1,pmmr,1.60653065971263,2.082339814216,2.35716852536868e-06
binary_longitudinal,1,pmmr,1.77880078307141,1.92178362632131,1.35370438243179e-05
binary_longitudinal,1,pmmr,1.70468808971871,2.05770570516771,5.09755873252653e-06
binary_longitudinal,1,pmmr,1.77880078307141,1.96480588862753,1.778261146128e-06
binary_longitudinal,1,pmmr,1.70468808971871,2.06939055425365,8.51202229038192e-07
binary_longitudinal,1,pmmr,1.67032004603564,1.92478249145489,4.37892019326779e-05
binary_longitudinal,1,pmmr,1.60653065971263,2.02085795720599,2.88671020319653e-05
binary_longitudinal,1,pmmr,1.67032004603564,1.96854590451545,7.95081493132629e-06
binary_longitudinal,1,pmmr,1.60653065971263,2.04175354272958,6.65484028798717e-06
binary_longitudinal,1,pmmr,1.77880078307141,2.01401432071395,1.50770733485513e-05
binary_longitudinal,1,pmmr,1.70468808971871,2.16186008683333,9.73262624713179e-06
binary_longitudinal,1,pmmr,1.77880078307141,2.04738296151315,6.55519524305315e-05
binary_longitudinal,1,pmmr,1.70468808971871,2.15438589917202,5.31113228182101e-05
binary_longitudinal,1,pmmr,1.67032004603564,1.99814985912331,1.33260091785331e-06
binary_longitudinal,1,pmmr,1.60653065971263,2.10247107043945,1.50595106519631e-06
binary_longitudinal,1,pmmr,1.67032004603564,2.03335641270084,8.00832337733632e-06
binary_longitudinal,1,pmmr,1.60653065971263,2.10760782691188,1.13457149559397e-05
binary_longitudinal,1,pmmr,1.77880078307141,1.94981598224204,1.50075494209827e-06
binary_longitudinal,1,pmmr,1.70468808971871,2.09266164712232,5.24771714969094e-07
binary_longitudinal,1,pmmr,1.77880078307141,1.98984584660676,7.21508782206799e-06
binary_longitudinal,1,pmmr,1.70468808971871,2.09725271771089,3.20701556288963e-06
binary_longitudinal,1,pmmr,1.67032004603564,1.94954694213989,4.8545947005765e-06
binary_longitudinal,1,pmmr,1.60653065971263,2.05220492386866,2.97174381588617e-06
binary_longitudinal,1,pmmr,1.67032004603564,1.99019919504235,3.22595070535267e-05
binary_longitudinal,1,pmmr,1.60653065971263,2.06652432627182,2.50729798913181e-05
binary_longitudinal,1,pmmr,2.22140275816017,2.31851914910482,0.000535804216557258
binary_longitudinal,1,pmmr,2.10517091807565,2.48255653887869,0.000482473898643181
binary_longitudinal,1,pmmr,2.22140275816017,2.35032673857781,8.59217117479918e-05
binary_longitudinal,1,pmmr,2.10517091807565,2.46522410972638,9.71089158479462e-05
binary_longitudinal,1,pmmr,2.05127109637602,2.2699442058322,4.76763856244649e-05
binary_longitudinal,1,pmmr,1.95122942450071,2.37957138512557,7.52594403054059e-05
binary_longitudinal,1,pmmr,2.05127109637602,2.30387307734598,1.05675187534922e-05
binary_longitudinal,1,pmmr,1.95122942450071,2.37874442122787,2.09127045694097e-05
binary_longitudinal,1,pmmr,2.22140275816017,2.22127780563403,6.84445188015912e-05
binary_longitudinal,1,pmmr,2.10517091807565,2.37986325057587,3.32343443872496e-05
binary_longitudinal,1,pmmr,2.22140275816017,2.26174299313182,1.21366470919004e-05
binary_longitudinal,1,pmmr,2.10517091807565,2.3780685380502,7.49110655147047e-06
binary_longitudinal,1,pmmr,2.05127109637602,2.1979873882316,0.000222892782724565
binary_longitudinal,1,pmmr,1.95122942450071,2.30647086086514,0.000189729303110001
binary_longitudinal,1,pmmr,2.05127109637602,2.23872258907746,5.46297188312067e-05
binary_longitudinal,1,pmmr,1.95122942450071,2.31706504258943,5.90414759918424e-05
binary_longitudinal,1,pmmr,2.22140275816017,2.3399630641161,7.6231047462823e-05
binary_longitudinal,1,pmmr,2.10517091807565,2.50886356871668,6.34534037686793e-05
binary_longitudinal,1,pmmr,2.22140275816017,2.37220152299602,0.000447392619788555
binary_longitudinal,1,pmmr,2.10517091807565,2.48715703246274,0.00046741251931438
binary_longitudinal,1,pmmr,2.05127109637602,2.28751201567971,6.78311350132134e-06
binary_longitudinal,1,pmmr,1.95122942450071,2.40251563163289,9.89787772257393e-06
binary_longitudinal,1,pmmr,2.05127109637602,2.32118558270384,5.50248569727787e-05
binary_longitudinal,1,pmmr,1.95122942450071,2.39727573089412,0.000100658727812086
binary_longitudinal,1,pmmr,2.22140275816017,2.24326661384497,7.58795281924868e-06
binary_longitudinal,1,pmmr,2.10517091807565,2.40646636270882,3.42133260548552e-06
binary_longitudinal,1,pmmr,2.22140275816017,2.28346160937695,4.92430343114546e-05
binary_longitudinal,1,pmmr,2.10517091807565,2.40005914404519,2.82237222533781e-05
binary_longitudinal,1,pmmr,2.05127109637602,2.21558331818026,2.47105239203716e-05
binary_longitudinal,1,pmmr,1.95122942450071,2.32911419899635,1.95318145404827e-05
binary_longitudinal,1,pmmr,2.05127109637602,2.25550429236996,0.000221653731748163
binary_longitudinal,1,pmmr,1.95122942450071,2.33510898162126,0.000222446471475719
binary_longitudinal,1,pmmr,2.49182469764127,2.27478411863055,0.000457647591102943
binary_longitudinal,1,pmmr,2.349858807576,2.45325339121903,0.000396680697514186
binary_longitudinal,1,pmmr,2.49182469764127,2.29269764851932,5.43675333678904e-05
binary_longitudinal,1,pmmr,2.349858807576,2.42192912350233,5.91477196583503e-05
binary_longitudinal,1,pmmr,2.28402541668774,2.21180727096818,5.59360146777711e-05
binary_longitudinal,1,pmmr,2.16183424272828,2.33200362031891,8.48738093609244e-05
binary_longitudinal,1,pmmr,2.28402541668774,2.23648885485878,9.18486715680733e-06
binary_longitudinal,1,pmmr,2.16183424272828,2.32277702417195,1.74716760401559e-05
binary_longitudinal,1,pmmr,2.49182469764127,2.17456460902604,5.84606619093318e-05
binary_longitudinal,1,pmmr,2.349858807576,2.34431146360777,2.73246344518023e-05
binary_longitudinal,1,pmmr,2.49182469764127,2.20379177880483,7.67954399789561e-06
binary_longitudinal,1,pmmr,2.349858807576,2.33158439420936,4.56273109804858e-06
binary_longitudinal,1,pmmr,2.28402541668774,2.13629988572425,0.00026150753256037
binary_longitudinal,1,pmmr,2.16183424272828,2.25297096324942,0.000213967159960164
binary_longitudinal,1,pmmr,2.28402541668774,2.16976394010111,4.74819796380822e-05
binary_longitudinal,1,pmmr,2.16183424272828,2.25732487363775,4.93266443868302e-05
binary_longitudinal,1,pmmr,2.49182469764127,2.30532205886861,6.51113861379755e-05
binary_longitudinal,1,pmmr,2.349858807576,2.49323480269619,5.2170159955584e-05
binary_longitudinal,1,pmmr,2.49182469764127,2.32058296248607,0.000283090649500133
binary_longitudinal,1,pmmr,2.349858807576,2.45361987967928,0.000284694607243882
binary_longitudinal,1,pmmr,2.28402541668774,2.23841200961198,7.95824455652947e-06
binary_longitudinal,1,pmmr,2.16183424272828,2.36737072268317,1.11623283869032e-05
binary_longitudinal,1,pmmr,2.28402541668774,2.260242655775,4.78254180008225e-05
binary_longitudinal,1,pmmr,2.16183424272828,2.35063096418416,8.40960898725417e-05
binary_longitudinal,1,pmmr,2.49182469764127,2.20521849489936,6.48111422385726e-06
binary_longitudinal,1,pmmr,2.349858807576,2.38352230174594,2.81295342232749e-06
binary_longitudinal,1,pmmr,2.49182469764127,2.23152784737512,3.11588567848423e-05
binary_longitudinal,1,pmmr,2.349858807576,2.36284506222633,1.71906852937362e-05
binary_longitudinal,1,pmmr,2.28402541668774,2.16274801574172,2.89914642354107e-05
binary_longitudinal,1,pmmr,2.16183424272828,2.28739652127465,2.20269975042956e-05
binary_longitudinal,1,pmmr,2.28402541668774,2.1931339050317,0.000192652611119777
binary_longitudinal,1,pmmr,2.16183424272828,2.28447448189185,0.000185844574669916
binary_longitudinal,1,pmmr,3.33964685192599,2.68223061143898,0.00305960966902122
binary_longitudinal,1,pmmr,3.11700001661268,2.89173947161746,0.00341677525449953
binary_longitudinal,1,pmmr,3.33964685192599,2.69057346543455,0.000490639849257172
binary_longitudinal,1,pmmr,3.11700001661268,2.83422994714606,0.000687704229376201
binary_longitudinal,1,pmmr,3.01375270747048,2.56285248156753,0.000376045374945552
binary_longitudinal,1,pmmr,2.82211880039051,2.70003094469038,0.000736502806032577
binary_longitudinal,1,pmmr,3.01375270747048,2.58005682404567,8.33508350067117e-05
binary_longitudinal,1,pmmr,2.82211880039051,2.67260114232798,0.000204655595824225
binary_longitudinal,1,pmmr,3.33964685192599,2.53670028943365,0.000390839610898199
binary_longitudinal,1,pmmr,3.11700001661268,2.7355235243294,0.00023535840139997
binary_longitudinal,1,pmmr,3.33964685192599,2.55947291271756,6.93040510775986e-05
binary_longitudinal,1,pmmr,3.11700001661268,2.7024259622851,5.30503879398729e-05
binary_longitudinal,1,pmmr,3.01375270747048,2.45567741822601,0.00175805692806767
binary_longitudinal,1,pmmr,2.82211880039051,2.58887773179854,0.00185672606067844
binary_longitudinal,1,pmmr,3.01375270747048,2.48366531020759,0.000430889481909668
binary_longitudinal,1,pmmr,2.82211880039051,2.57870661763052,0.000577790806891949
binary_longitudinal,1,pmmr,3.33964685192599,2.70452194700343,0.000435303125077114
binary_longitudinal,1,pmmr,3.11700001661268,2.9194921058921,0.000449363209948342
binary_longitudinal,1,pmmr,3.33964685192599,2.71524700612844,0.00255475179749266
binary_longitudinal,1,pmmr,3.11700001661268,2.85850346939514,0.00331011384061995
binary_longitudinal,1,pmmr,3.01375270747048,2.58066696300354,5.35015065947808e-05
binary_longitudinal,1,pmmr,2.82211880039051,2.72389259720733,9.68624625277663e-05
binary_longitudinal,1,pmmr,3.01375270747048,2.59898861785536,0.000434006116458544
binary_longitudinal,1,pmmr,2.82211880039051,2.69255697838093,0.000985064932511136
binary_longitudinal,1,pmmr,3.33964685192599,2.55992147099887,4.33295840092911e-05
binary_longitudinal,1,pmmr,3.11700001661268,2.76397127027446,2.42291336727435e-05
binary_longitudinal,1,pmmr,3.33964685192599,2.58380085080018,0.000281193128488883
binary_longitudinal,1,pmmr,3.11700001661268,2.72672408964675,0.000199874264818062
binary_longitudinal,1,pmmr,3.01375270747048,2.4737639634598,0.000194903160359726
binary_longitudinal,1,pmmr,2.82211880039051,2.61265708494591,0.000191141950532684
binary_longitudinal,1,pmmr,3.01375270747048,2.50191334837023,0.00174828396850091
binary_longitudinal,1,pmmr,2.82211880039051,2.59810593047648,0.00217690232307168
binary_longitudinal,2,ensemble,1.77880078307141,1.86221181379963,0.00748294912415195
binary_longitudinal,2,ensemble,1.70468808971871,1.84235763457415,0.0076425891174435
binary_longitudinal,2,ensemble,1.77880078307141,2.02941651565484,0.000709245152938778
binary_longitudinal,2,ensemble,1.70468808971871,1.79034074843583,0.000904292506752669
binary_longitudinal,2,ensemble,1.67032004603564,1.63504896955687,0.000905462486159698
binary_longitudinal,2,ensemble,1.60653065971263,1.86902687883595,0.00161476113157825
binary_longitudinal,2,ensemble,1.67032004603564,1.57128336598684,0.000118622468061873
binary_longitudinal,2,ensemble,1.60653065971263,1.62946730430502,0.000263779258816363
binary_longitudinal,2,ensemble,1.77880078307141,1.53536843488858,0.000955884325267599
binary_longitudinal,2,ensemble,1.70468808971871,1.51986147947027,0.000526445968276534
binary_longitudinal,2,ensemble,1.77880078307141,1.5590034698795,0.000100182572573807
binary_longitudinal,2,ensemble,1.70468808971871,1.56315961473491,6.97582859681761e-05
binary_longitudinal,2,ensemble,1.67032004603564,1.73326072287634,0.00423314499514566
binary_longitudinal,2,ensemble,1.60653065971263,1.73460344961595,0.00407081826466162
binary_longitudinal,2,ensemble,1.67032004603564,1.5433111246549,0.00061322929520635
binary_longitudinal,2,ensemble,1.60653065971263,1.83080945218308,0.000744710791703774
binary_longitudinal,2,ensemble,1.77880078307141,1.55567379923489,0.00106462963936783
binary_longitudinal,2,ensemble,1.70468808971871,1.57434826482858,0.00100512855611679
binary_longitudinal,2,ensemble,1.77880078307141,1.57375811305345,0.00369302520387731
binary_longitudinal,2,ensemble,1.70468808971871,1.615626513224,0.00435261412495031
binary_longitudinal,2,ensemble,1.67032004603564,1.86503062177905,0.000128823834574787
binary_longitudinal,2,ensemble,1.60653065971263,1.57092088746217,0.000212368151645404
binary_longitudinal,2,ensemble,1.67032004603564,1.72040613087441,0.000617664798248458
binary_longitudinal,2,ensemble,1.60653065971263,1.60933255875635,0.00126964374825572
binary_longitudinal,2,ensemble,1.77880078307141,1.50397402214478,0.000105972038196597
binary_longitudinal,2,ensemble,1.70468808971871,1.52217437253162,5.4195344890929e-05
binary_longitudinal,2,ensemble,1.77880078307141,1.5089696929336,0.000406479138868103
binary_longitudinal,2,ensemble,1.70468808971871,1.53572220915258,0.000262823452651471
binary_longitudinal,2,ensemble,1.67032004603564,1.494806762496,0.000469298419546449
binary_longitudinal,2,ensemble,1.60653065971263,1.50304384574405,0.000419073206247334
binary_longitudinal,2,ensemble,1.67032004603564,1.5414827634875,0.00248810655825924
binary_longitudinal,2,ensemble,1.60653065971263,1.50553676106156,0.00280579516520357
binary_longitudinal,2,ensemble,2.22140275816017,2.21740170443094,0.000934898023489231
binary_longitudinal,2,ensemble,2.10517091807565,2.05674620217394,0.0012271489970857
binary_longitudinal,2,ensemble,2.22140275816017,2.6261879950426,0.000119612390536422
binary_longitudinal,2,ensemble,2.10517091807565,2.95899762015922,0.000195999093135422
binary_longitudinal,2,ensemble,2.05127109637602,2.67187314325173,0.000113220149243466
binary_longitudinal,2,ensemble,1.95122942450071,2.18163040716717,0.000258943968827728
binary_longitudinal,2,ensemble,2.05127109637602,2.49546193490204,2.00220509127348e-05
binary_longitudinal,2,ensemble,1.95122942450071,1.86870574218396,5.70987369063187e-05
binary_longitudinal,2,ensemble,2.22140275816017,2.70059589713693,0.000119425423258947
binary_longitudinal,2,ensemble,2.10517091807565,1.93293545978422,8.45299455541655e-05
binary_longitudinal,2,ensemble,2.22140275816017,2.11706581920277,1.68955359736889e-05
binary_longitudinal,2,ensemble,2.10517091807565,2.06051664335137,1.51196218992706e-05
binary_longitudinal,2,ensemble,2.05127109637602,1.9399583728855,0.000529317686205158
binary_longitudinal,2,ensemble,1.95122942450071,1.85135750593531,0.000652798619692812
binary_longitudinal,2,ensemble,2.05127109637602,2.74380092354153,0.000103505755447592
binary_longitudinal,2,ensemble,1.95122942450071,1.98317176993952,0.000161203142952165
binary_longitudinal,2,ensemble,2.22140275816017,2.23206380641683,0.000133011748319997
binary_longitudinal,2,ensemble,2.10517091807565,2.180426029088,0.000161390659713171
binary_longitudinal,2,ensemble,2.22140275816017,3.2397952785583,0.000622819304603906
binary_longitudinal,2,ensemble,2.10517091807565,2.25605860586624,0.000943398750833641
binary_longitudinal,2,ensemble,2.05127109637602,2.03560565386488,1.61082916185006e-05
binary_longitudinal,2,ensemble,1.95122942450071,2.47334604145646,3.40554717129719e-05
binary_longitudinal,2,ensemble,2.05127109637602,2.08323096796867,0.000104254415201378
binary_longitudinal,2,ensemble,1.95122942450071,2.4908334023831,0.00027483227707784
binary_longitudinal,2,ensemble,2.22140275816017,1.86493144917107,1.32398399897382e-05
binary_longitudinal,2,ensemble,2.10517091807565,1.84174848838159,8.70199380178946e-06
binary_longitudinal,2,ensemble,2.22140275816017,2.4165692610585,6.85516725799842e-05
binary_longitudinal,2,ensemble,2.10517091807565,2.25711534846473,5.69651500921905e-05
binary_longitudinal,2,ensemble,2.05127109637602,1.90647190619005,5.86816548591944e-05
binary_longitudinal,2,ensemble,1.95122942450071,1.80720434075245,6.72028061196784e-05
binary_longitudinal,2,ensemble,2.05127109637602,2.06911468713195,0.000419962566954781
binary_longitudinal,2,ensemble,1.95122942450071,2.6004995272733,0.000607353893819652
binary_longitudinal,2,ensemble,2.49182469764127,2.73876934858873,0.000882983424545827
binary_longitudinal,2,ensemble,2.349858807576,2.21524299610954,0.00111936699941155
binary_longitudinal,2,ensemble,2.49182469764127,2.69222250981781,8.36904946958843e-05
binary_longitudinal,2,ensemble,2.349858807576,2.06031772633972,0.000132446632197425
binary_longitudinal,2,ensemble,2.28402541668774,2.48761176884852,0.00014775000352115
binary_longitudinal,2,ensemble,2.16183424272828,1.9201283042001,0.000327033383193953
binary_longitudinal,2,ensemble,2.28402541668774,1.98610419411461,1.93563735016384e-05
binary_longitudinal,2,ensemble,2.16183424272828,1.85130564831257,5.34225290292901e-05
binary_longitudinal,2,ensemble,2.49182469764127,1.91024587635892,0.000112793766333419
binary_longitudinal,2,ensemble,2.349858807576,2.73375066429363,7.7105577024548e-05
binary_longitudinal,2,ensemble,2.49182469764127,1.84905997405555,1.18214823518603e-05
binary_longitudinal,2,ensemble,2.349858807576,1.83795348506073,1.02171033989081e-05
binary_longitudinal,2,ensemble,2.28402541668774,2.32565594401856,0.00069074886867041
binary_longitudinal,2,ensemble,2.16183424272828,1.9922372974763,0.000824452263201824
binary_longitudinal,2,ensemble,2.28402541668774,1.81559757557712,0.000100064477447639
binary_longitudinal,2,ensemble,2.16183424272828,1.74770689490171,0.000150824344820521
binary_longitudinal,2,ensemble,2.49182469764127,1.89930690626112,0.000125625646953538
binary_longitudinal,2,ensemble,2.349858807576,2.18615104043941,0.000147215520629698
binary_longitudinal,2,ensemble,2.49182469764127,2.34245510264341,0.000435774717608172
binary_longitudinal,2,ensemble,2.349858807576,2.33428224091586,0.000637502885183462
binary_longitudinal,2,ensemble,2.28402541668774,1.83022029027691,2.10209945778757e-05
binary_longitudinal,2,ensemble,2.16183424272828,1.85291534113281,4.30103708573674e-05
binary_longitudinal,2,ensemble,2.28402541668774,1.88913377167346,0.00010078824635039
binary_longitudinal,2,ensemble,2.16183424272828,2.47437949976993,0.00025713765480427
binary_longitudinal,2,ensemble,2.49182469764127,1.74606362450834,1.25046357579688e-05
binary_longitudinal,2,ensemble,2.349858807576,1.77691666712456,7.93768704039999e-06
binary_longitudinal,2,ensemble,2.49182469764127,1.7665441140876,4.7964290026477e-05
binary_longitudinal,2,ensemble,2.349858807576,2.09123920852835,3.84942713848094e-05
binary_longitudinal,2,ensemble,2.28402541668774,1.74214521023684,7.65783720477939e-05
binary_longitudinal,2,ensemble,2.16183424272828,1.7391378928475,8.48738093609244e-05
binary_longitudinal,2,ensemble,2.28402541668774,1.74167299412739,0.000405999981625921
binary_longitudinal,2,ensemble,2.16183424272828,2.19779149596392,0.000568250416412313
binary_longitudinal,2,ensemble,3.33964685192599,2.86613354593141,0.000145869335475403
binary_longitudinal,2,ensemble,3.11700001661268,3.18161811826406,0.000237454143139697
binary_longitudinal,2,ensemble,3.33964685192599,3.61331815670897,1.86627626583844e-05
binary_longitudinal,2,ensemble,3.11700001661268,2.72906067804701,3.7925954246108e-05
binary_longitudinal,2,ensemble,3.01375270747048,3.24926462194662,2.4400600579441e-05
binary_longitudinal,2,ensemble,2.82211880039051,3.29884284301167,6.92403232783208e-05
binary_longitudinal,2,ensemble,3.01375270747048,3.39528241703029,4.31504524916592e-06
binary_longitudinal,2,ensemble,2.82211880039051,2.36156981421583,1.52679169168351e-05
binary_longitudinal,2,ensemble,3.33964685192599,2.76591362175577,1.8633590714669e-05
binary_longitudinal,2,ensemble,3.11700001661268,3.16561572872746,1.63566004119122e-05
binary_longitudinal,2,ensemble,3.33964685192599,2.82337754114089,2.63615981963957e-06
binary_longitudinal,2,ensemble,3.11700001661268,2.66104650841361,2.92565684461606e-06
binary_longitudinal,2,ensemble,3.01375270747048,3.15577108204892,0.000114075714676479
binary_longitudinal,2,ensemble,2.82211880039051,2.96390071545458,0.000174555088762244
binary_longitudinal,2,ensemble,3.01375270747048,2.76517698626468,2.2307006422673e-05
binary_longitudinal,2,ensemble,2.82211880039051,3.14356451418375,4.31049148664089e-05
binary_longitudinal,2,ensemble,3.33964685192599,3.01007326393902,2.07534242777046e-05
binary_longitudinal,2,ensemble,3.11700001661268,2.72093667458018,3.12291994728862e-05
binary_longitudinal,2,ensemble,3.33964685192599,3.16405535550018,9.71766286816531e-05
binary_longitudinal,2,ensemble,3.11700001661268,3.13802283751527,0.000182548282686344
binary_longitudinal,2,ensemble,3.01375270747048,2.65481487925602,3.47157279359331e-06
binary_longitudinal,2,ensemble,2.82211880039051,2.53642582831102,9.10626295517483e-06
binary_longitudinal,2,ensemble,3.01375270747048,2.86655934719366,2.24683535657752e-05
binary_longitudinal,2,ensemble,2.82211880039051,2.80733248373093,7.34887775078738e-05
binary_longitudinal,2,ensemble,3.33964685192599,2.20380507271389,2.0657725362343e-06
binary_longitudinal,2,ensemble,3.11700001661268,2.18004003777529,1.68384156016759e-06
binary_longitudinal,2,ensemble,3.33964685192599,2.55180847746854,1.06959119323509e-05
binary_longitudinal,2,ensemble,3.11700001661268,2.35197093352258,1.10227942459221e-05
binary_longitudinal,2,ensemble,3.01375270747048,2.31933973531281,1.26467561748286e-05
binary_longitudinal,2,ensemble,2.82211880039051,2.1390919884477,1.79696945327679e-05
binary_longitudinal,2,ensemble,3.01375270747048,3.06432602973591,9.05080846744403e-05
binary_longitudinal,2,ensemble,2.82211880039051,2.52736064864217,0.000162403396158639
binary_longitudinal,2,ensemble,1.77880078307141,1.86221181379963,0.000955884325267599
binary_longitudinal,2,ensemble,1.70468808971871,1.84235763457415,0.000970351563627095
binary_longitudinal,2,ensemble,1.77880078307141,2.02941651565484,0.000139844897630605
binary_longitudinal,2,ensemble,1.70468808971871,1.79034074843583,0.000176779079384732
binary_longitudinal,2,ensemble,1.67032004603564,1.63504896955687,6.2589294446911e-05
binary_longitudinal,2,ensemble,1.60653065971263,1.86902687883595,0.000111229908396983
binary_longitudinal,2,ensemble,1.67032004603564,1.57128336598684,1.26565182893121e-05
binary_longitudinal,2,ensemble,1.60653065971263,1.62946730430502,2.79761065503157e-05
binary_longitudinal,2,ensemble,1.77880078307141,1.53536843488858,0.000122106248236165
binary_longitudinal,2,ensemble,1.70468808971871,1.51986147947027,6.6840917473422e-05
binary_longitudinal,2,ensemble,1.77880078307141,1.5590034698795,1.9753425945745e-05
binary_longitudinal,2,ensemble,1.70468808971871,1.56315961473491,1.36369653412199e-05
binary_longitudinal,2,ensemble,1.67032004603564,1.73326072287634,0.000292612408120141
binary_longitudinal,2,ensemble,1.60653065971263,1.73460344961595,0.000280410974616735
binary_longitudinal,2,ensemble,1.67032004603564,1.5433111246549,6.54289859006547e-05
binary_longitudinal,2,ensemble,1.60653065971263,1.83080945218308,7.89831185035628e-05
binary_longitudinal,2,ensemble,1.77880078307141,1.55567379923489,0.000135997554921548
binary_longitudinal,2,ensemble,1.70468808971871,1.57434826482858,0.000127617493376436
binary_longitudinal,2,ensemble,1.77880078307141,1.57375811305345,0.000728169560896594
binary_longitudinal,2,ensemble,1.70468808971871,1.615626513224,0.000850887419922132
binary_longitudinal,2,ensemble,1.67032004603564,1.86503062177905,8.90483375868919e-06
binary_longitudinal,2,ensemble,1.60653065971263,1.57092088746217,1.46285971293273e-05
binary_longitudinal,2,ensemble,1.67032004603564,1.72040613087441,6.5902235414781e-05
binary_longitudinal,2,ensemble,1.60653065971263,1.60933255875635,0.00013465686779745
binary_longitudinal,2,ensemble,1.77880078307141,1.50397402214478,1.35370438243179e-05
binary_longitudinal,2,ensemble,1.70468808971871,1.52217437253162,6.8809845522369e-06
binary_longitudinal,2,ensemble,1.77880078307141,1.5089696929336,8.01472288227161e-05
binary_longitudinal,2,ensemble,1.70468808971871,1.53572220915258,5.13790478783116e-05
binary_longitudinal,2,ensemble,1.67032004603564,1.494806762496,3.24398386608389e-05
binary_longitudinal,2,ensemble,1.60653065971263,1.50304384574405,2.88671020319653e-05
binary_longitudinal,2,ensemble,1.67032004603564,1.5414827634875,0.000265470502130676
binary_longitudinal,2,ensemble,1.60653065971263,1.50553676106156,0.000297579213969747
binary_longitudinal,2,ensemble,2.22140275816017,2.21740170443094,0.000132056579730201
binary_longitudinal,2,ensemble,2.10517091807565,2.05674620217394,0.000172859738935083
binary_longitudinal,2,ensemble,2.22140275816017,2.6261879950426,2.60789243617065e-05
binary_longitudinal,2,ensemble,2.10517091807565,2.95899762015922,4.2509300165877e-05
binary_longitudinal,2,ensemble,2.05127109637602,2.67187314325173,8.70500243869682e-06
binary_longitudinal,2,ensemble,1.95122942450071,2.18163040716717,1.99752704930459e-05
binary_longitudinal,2,ensemble,2.05127109637602,2.49546193490204,2.37613678042614e-06
binary_longitudinal,2,ensemble,1.95122942450071,1.86870574218396,6.7818270053608e-06
binary_longitudinal,2,ensemble,2.22140275816017,2.70059589713693,1.68691263989926e-05
binary_longitudinal,2,ensemble,2.10517091807565,1.93293545978422,1.19071313714885e-05
binary_longitudinal,2,ensemble,2.22140275816017,2.11706581920277,3.68371038094215e-06
binary_longitudinal,2,ensemble,2.10517091807565,2.06051664335137,3.2792220383723e-06
binary_longitudinal,2,ensemble,2.05127109637602,1.9399583728855,4.06969234721017e-05
binary_longitudinal,2,ensemble,1.95122942450071,1.85135750593531,5.03577243559056e-05
binary_longitudinal,2,ensemble,2.05127109637602,2.74380092354153,1.22836483423577e-05
binary_longitudinal,2,ensemble,1.95122942450071,1.98317176993952,1.91466902326703e-05
binary_longitudinal,2,ensemble,2.22140275816017,2.23206380641683,1.87882272780048e-05
binary_longitudinal,2,ensemble,2.10517091807565,2.180426029088,2.27339527399143e-05
binary_longitudinal,2,ensemble,2.22140275816017,3.2397952785583,0.000135792433065955
binary_longitudinal,2,ensemble,2.10517091807565,2.25605860586624,0.000204609215449747
binary_longitudinal,2,ensemble,2.05127109637602,2.03560565386488,1.23849614012393e-06
binary_longitudinal,2,ensemble,1.95122942450071,2.47334604145646,2.62708284851948e-06
binary_longitudinal,2,ensemble,2.05127109637602,2.08323096796867,1.2372496282299e-05
binary_longitudinal,2,ensemble,1.95122942450071,2.4908334023831,3.26428404482803e-05
binary_longitudinal,2,ensemble,2.22140275816017,1.86493144917107,1.87015903477317e-06
binary_longitudinal,2,ensemble,2.10517091807565,1.84174848838159,1.22578788750539e-06
binary_longitudinal,2,ensemble,2.22140275816017,2.4165692610585,1.4946226524396e-05
binary_longitudinal,2,ensemble,2.10517091807565,2.25711534846473,1.23548972881728e-05
binary_longitudinal,2,ensemble,2.05127109637602,1.90647190619005,4.51177596981956e-06
binary_longitudinal,2,ensemble,1.95122942450071,1.80720434075245,5.18411081829589e-06
binary_longitudinal,2,ensemble,2.05127109637602,2.06911468713195,4.98394747917028e-05
binary_longitudinal,2,ensemble,1.95122942450071,2.6004995272733,7.2137655963828e-05
binary_longitudinal,2,ensemble,2.49182469764127,2.73876934858873,0.00412805270405592
binary_longitudinal,2,ensemble,2.349858807576,2.21524299610954,0.00520141172609965
binary_longitudinal,2,ensemble,2.49182469764127,2.69222250981781,0.000603929882050146
binary_longitudinal,2,ensemble,2.349858807576,2.06031772633972,0.00094759550137048
binary_longitudinal,2,ensemble,2.28402541668774,2.48761176884852,0.000373781006118126
binary_longitudinal,2,ensemble,2.16183424272828,1.9201283042001,0.000824452263201824
binary_longitudinal,2,ensemble,2.28402541668774,1.98610419411461,7.55842701525296e-05
binary_longitudinal,2,ensemble,2.16183424272828,1.85130564831257,0.00020736297182466
binary_longitudinal,2,ensemble,2.49182469764127,1.91024587635892,0.000527324295303528
binary_longitudinal,2,ensemble,2.349858807576,2.73375066429363,0.000358289866231539
binary_longitudinal,2,ensemble,2.49182469764127,1.84905997405555,8.53065389129307e-05
binary_longitudinal,2,ensemble,2.349858807576,1.83795348506073,7.30987346164517e-05
binary_longitudinal,2,ensemble,2.28402541668774,2.32565594401856,0.00174747073403369
binary_longitudinal,2,ensemble,2.16183424272828,1.9922372974763,0.00207844693914776
binary_longitudinal,2,ensemble,2.28402541668774,1.81559757557712,0.00039073954092867
binary_longitudinal,2,ensemble,2.16183424272828,1.74770689490171,0.000585434365122306
binary_longitudinal,2,ensemble,2.49182469764127,1.89930690626112,0.000587314865929753
binary_longitudinal,2,ensemble,2.349858807576,2.18615104043941,0.00068407281585907
binary_longitudinal,2,ensemble,2.49182469764127,2.34245510264341,0.00314465071286622
binary_longitudinal,2,ensemble,2.349858807576,2.33428224091586,0.00456104361498663
binary_longitudinal,2,ensemble,2.28402541668774,1.83022029027691,5.31793456221294e-05
binary_longitudinal,2,ensemble,2.16183424272828,1.85291534113281,0.000108429290148266
binary_longitudinal,2,ensemble,2.28402541668774,1.88913377167346,0.000393565769936334
binary_longitudinal,2,ensemble,2.16183424272828,2.47437949976993,0.000998096294524031
binary_longitudinal,2,ensemble,2.49182469764127,1.74606362450834,5.84606619093318e-05
binary_longitudinal,2,ensemble,2.349858807576,1.77691666712456,3.68843984785601e-05
binary_longitudinal,2,ensemble,2.49182469764127,1.7665441140876,0.000346121362092197
binary_longitudinal,2,ensemble,2.349858807576,2.09123920852835,0.000275409029188504
binary_longitudinal,2,ensemble,2.28402541668774,1.74214521023684,0.000193729544966239
binary_longitudinal,2,ensemble,2.16183424272828,1.7391378928475,0.000213967159960164
binary_longitudinal,2,ensemble,2.28402541668774,1.74167299412739,0.00158538025165397
binary_longitudinal,2,ensemble,2.16183424272828,2.19779149596392,0.00220570042693509
binary_longitudinal,2,ensemble,3.33964685192599,2.86613354593141,0.000754084375812706
binary_longitudinal,2,ensemble,3.11700001661268,3.18161811826406,0.00122415508932939
binary_longitudinal,2,ensemble,3.33964685192599,3.61331815670897,0.0001489188152483
binary_longitudinal,2,ensemble,3.11700001661268,2.72906067804701,0.000301041621736058
binary_longitudinal,2,ensemble,3.01375270747048,3.24926462194662,6.86603202630765e-05
binary_longitudinal,2,ensemble,2.82211880039051,3.29884284301167,0.000195481692525041
binary_longitudinal,2,ensemble,3.01375270747048,3.39528241703029,1.87416733633171e-05
binary_longitudinal,2,ensemble,2.82211880039051,2.36156981421583,6.63682137311478e-05
binary_longitudinal,2,ensemble,3.33964685192599,2.76591362175577,9.63279881780911e-05
binary_longitudinal,2,ensemble,3.11700001661268,3.16561572872746,8.4323715617755e-05
binary_longitudinal,2,ensemble,3.33964685192599,2.82337754114089,2.10351384911134e-05
binary_longitudinal,2,ensemble,3.11700001661268,2.66104650841361,2.32227375330128e-05
binary_longitudinal,2,ensemble,3.01375270747048,3.15577108204892,0.000320995177082884
binary_longitudinal,2,ensemble,2.82211880039051,2.96390071545458,0.000492810006864686
binary_longitudinal,2,ensemble,3.01375270747048,2.76517698626468,9.68867309486421e-05
binary_longitudinal,2,ensemble,2.82211880039051,3.14356451418375,0.000187373052807374
binary_longitudinal,2,ensemble,3.33964685192599,3.01007326393902,0.000107286654466648
binary_longitudinal,2,ensemble,3.11700001661268,2.72093667458018,0.000160996910666349
binary_longitudinal,2,ensemble,3.33964685192599,3.16405535550018,0.00077541726688542
binary_longitudinal,2,ensemble,3.11700001661268,3.13802283751527,0.00144899797928404
binary_longitudinal,2,ensemble,3.01375270747048,2.65481487925602,9.76858332026189e-06
binary_longitudinal,2,ensemble,2.82211880039051,2.53642582831102,2.5709118773179e-05
binary_longitudinal,2,ensemble,3.01375270747048,2.86655934719366,9.7587515130386e-05
binary_longitudinal,2,ensemble,2.82211880039051,2.80733248373093,0.00031944887564232
binary_longitudinal,2,ensemble,3.33964685192599,2.20380507271389,1.06791930495902e-05
binary_longitudinal,2,ensemble,3.11700001661268,2.18004003777529,8.68076331812331e-06
binary_longitudinal,2,ensemble,3.33964685192599,2.55180847746854,8.53476284364712e-05
binary_longitudinal,2,ensemble,3.11700001661268,2.35197093352258,8.74946964899589e-05
binary_longitudinal,2,ensemble,3.01375270747048,2.31933973531281,3.55864326546287e-05
binary_longitudinal,2,ensemble,2.82211880039051,2.1390919884477,5.07326675426327e-05
binary_longitudinal,2,ensemble,3.01375270747048,3.06432602973591,0.000393106644718428
binary_longitudinal,2,ensemble,2.82211880039051,2.52736064864217,0.000705952446927189
binary_longitudinal,2,ensemble,1.77880078307141,1.86221181379963,0.00106462963936783
binary_longitudinal,2,ensemble,1.70468808971871,1.84235763457415,0.000744617548498822
binary_longitudinal,2,ensemble,1.77880078307141,2.02941651565484,8.14586064091042e-05
binary_longitudinal,2,ensemble,1.70468808971871,1.79034074843583,7.13780584804168e-05
binary_longitudinal,2,ensemble,1.67032004603564,1.63504896955687,0.000173893987726491
binary_longitudinal,2,ensemble,1.60653065971263,1.86902687883595,0.000212368151645404
binary_longitudinal,2,ensemble,1.67032004603564,1.57128336598684,1.83906000541097e-05
binary_longitudinal,2,ensemble,1.60653065971263,1.62946730430502,2.81050774725219e-05
binary_longitudinal,2,ensemble,1.77880078307141,1.53536843488858,0.000135997554921548
binary_longitudinal,2,ensemble,1.70468808971871,1.51986147947027,5.12916369428333e-05
binary_longitudinal,2,ensemble,1.77880078307141,1.5590034698795,1.15062227983188e-05
binary_longitudinal,2,ensemble,1.70468808971871,1.56315961473491,5.50619515051667e-06
binary_longitudinal,2,ensemble,1.67032004603564,1.73326072287634,0.000812975109496126
binary_longitudinal,2,ensemble,1.60653065971263,1.73460344961595,0.000535380827321236
binary_longitudinal,2,ensemble,1.67032004603564,1.5433111246549,9.50718265592076e-05
binary_longitudinal,2,ensemble,1.60653065971263,1.83080945218308,7.93472337035748e-05
binary_longitudinal,2,ensemble,1.77880078307141,1.55567379923489,0.000151469193524543
binary_longitudinal,2,ensemble,1.70468808971871,1.57434826482858,9.79296871623786e-05
binary_longitudinal,2,ensemble,1.77880078307141,1.57375811305345,0.000424153320322389
binary_longitudinal,2,ensemble,1.70468808971871,1.615626513224,0.000343562667204943
binary_longitudinal,2,ensemble,1.67032004603564,1.86503062177905,2.4740605658263e-05
binary_longitudinal,2,ensemble,1.60653065971263,1.57092088746217,2.79299711587711e-05
binary_longitudinal,2,ensemble,1.67032004603564,1.72040613087441,9.57594834914816e-05
binary_longitudinal,2,ensemble,1.60653065971263,1.60933255875635,0.000135277641113065
binary_longitudinal,2,ensemble,1.77880078307141,1.50397402214478,1.50770733485513e-05
binary_longitudinal,2,ensemble,1.70468808971871,1.52217437253162,5.2802530965096e-06
binary_longitudinal,2,ensemble,1.77880078307141,1.5089696929336,4.66851610467426e-05
binary_longitudinal,2,ensemble,1.70468808971871,1.53572220915258,2.07453093255728e-05
binary_longitudinal,2,ensemble,1.67032004603564,1.494806762496,9.01287185897598e-05
binary_longitudinal,2,ensemble,1.60653065971263,1.50304384574405,5.5115150144761e-05
binary_longitudinal,2,ensemble,1.67032004603564,1.5414827634875,0.000385742881197564
binary_longitudinal,2,ensemble,1.60653065971263,1.50553676106156,0.000298951065538372
binary_longitudinal,2,ensemble,2.22140275816017,2.21740170443094,0.00486799514877874
binary_longitudinal,2,ensemble,2.10517091807565,2.05674620217394,0.00437572668196998
binary_longitudinal,2,ensemble,2.22140275816017,2.6261879950426,0.000502778739068938
binary_longitudinal,2,ensemble,2.10517091807565,2.95899762015922,0.000566200169935022
binary_longitudinal,2,ensemble,2.05127109637602,2.67187314325173,0.000795789056860014
binary_longitudinal,2,ensemble,1.95122942450071,2.18163040716717,0.00124637013784139
binary_longitudinal,2,ensemble,2.05127109637602,2.49546193490204,0.000113605050807996
binary_longitudinal,2,ensemble,1.95122942450071,1.86870574218396,0.000222654142301546
binary_longitudinal,2,ensemble,2.22140275816017,2.70059589713693,0.000621845769761753
binary_longitudinal,2,ensemble,2.10517091807565,1.93293545978422,0.000301414041053892
binary_longitudinal,2,ensemble,2.22140275816017,2.11706581920277,7.10186982690438e-05
binary_longitudinal,2,ensemble,2.10517091807565,2.06051664335137,4.36774086643626e-05
binary_longitudinal,2,ensemble,2.05127109637602,1.9399583728855,0.00372040864721646
binary_longitudinal,2,ensemble,1.95122942450071,1.85135750593531,0.00314210332564453
binary_longitudinal,2,ensemble,2.05127109637602,2.74380092354153,0.000587291314850503
binary_longitudinal,2,ensemble,1.95122942450071,1.98317176993952,0.000628604930249441
binary_longitudinal,2,ensemble,2.22140275816017,2.23206380641683,0.000692589490280147
binary_longitudinal,2,ensemble,2.10517091807565,2.180426029088,0.000575481394357805
binary_longitudinal,2,ensemble,2.22140275816017,3.2397952785583,0.00261795875186688
binary_longitudinal,2,ensemble,2.10517091807565,2.25605860586624,0.00272528063519881
binary_longitudinal,2,ensemble,2.05127109637602,2.03560565386488,0.000113220149243466
binary_longitudinal,2,ensemble,1.95122942450071,2.47334604145646,0.000163918561862273
binary_longitudinal,2,ensemble,2.05127109637602,2.08323096796867,0.000591539207822979
binary_longitudinal,2,ensemble,1.95122942450071,2.4908334023831,0.0010716969979554
binary_longitudinal,2,ensemble,2.22140275816017,1.86493144917107,6.89395797416559e-05
binary_longitudinal,2,ensemble,2.10517091807565,1.84174848838159,3.10292772558639e-05
binary_longitudinal,2,ensemble,2.22140275816017,2.4165692610585,0.000288150110086933
binary_longitudinal,2,ensemble,2.10517091807565,2.25711534846473,0.000164560341308759
binary_longitudinal,2,ensemble,2.05127109637602,1.90647190619005,0.000412455018717247
binary_longitudinal,2,ensemble,1.95122942450071,1.80720434075245,0.000323466003498371
binary_longitudinal,2,ensemble,2.05127109637602,2.06911468713195,0.00238286621906497
binary_longitudinal,2,ensemble,1.95122942450071,2.6004995272733,0.00236835116902479
binary_longitudinal,2,ensemble,2.49182469764127,2.73876934858873,0.000125625646953538
binary_longitudinal,2,ensemble,2.349858807576,2.21524299610954,0.000109059940049626
binary_longitudinal,2,ensemble,2.49182469764127,2.69222250981781,9.61206578482424e-06
binary_longitudinal,2,ensemble,2.349858807576,2.06031772633972,1.0454342359278e-05
binary_longitudinal,2,ensemble,2.28402541668774,2.48761176884852,2.83753746749529e-05
binary_longitudinal,2,ensemble,2.16183424272828,1.9201283042001,4.30103708573674e-05
binary_longitudinal,2,ensemble,2.28402541668774,1.98610419411461,3.00090977183953e-06
binary_longitudinal,2,ensemble,2.16183424272828,1.85130564831257,5.69204843429907e-06
binary_longitudinal,2,ensemble,2.49182469764127,1.91024587635892,1.60476283858334e-05
binary_longitudinal,2,ensemble,2.349858807576,2.73375066429363,7.51239728543871e-06
binary_longitudinal,2,ensemble,2.49182469764127,1.84905997405555,1.35772725986537e-06
binary_longitudinal,2,ensemble,2.349858807576,1.83795348506073,8.06461403209649e-07
binary_longitudinal,2,ensemble,2.28402541668774,2.32565594401856,0.000132658257108041
binary_longitudinal,2,ensemble,2.16183424272828,1.9922372974763,0.000108429290148266
binary_longitudinal,2,ensemble,2.28402541668774,1.81559757557712,1.55134673424864e-05
binary_longitudinal,2,ensemble,2.16183424272828,1.74770689490171,1.60699894106312e-05
binary_longitudinal,2,ensemble,2.49182469764127,1.89930690626112,1.78732722877697e-05
binary_longitudinal,2,ensemble,2.349858807576,2.18615104043941,1.43432099237244e-05
binary_longitudinal,2,ensemble,2.49182469764127,2.34245510264341,5.00498326391054e-05
binary_longitudinal,2,ensemble,2.349858807576,2.33428224091586,5.03196895697656e-05
binary_longitudinal,2,ensemble,2.28402541668774,1.83022029027691,4.03708008779839e-06
binary_longitudinal,2,ensemble,2.16183424272828,1.85291534113281,5.65658460681113e-06
binary_longitudinal,2,ensemble,2.28402541668774,1.88913377167346,1.56256766451553e-05
binary_longitudinal,2,ensemble,2.16183424272828,2.47437949976993,2.73974297365351e-05
binary_longitudinal,2,ensemble,2.49182469764127,1.74606362450834,1.77908544299253e-06
binary_longitudinal,2,ensemble,2.349858807576,1.77691666712456,7.7336894263794e-07
binary_longitudinal,2,ensemble,2.49182469764127,1.7665441140876,5.50882047874379e-06
binary_longitudinal,2,ensemble,2.349858807576,2.09123920852835,3.03844865853506e-06
binary_longitudinal,2,ensemble,2.28402541668774,1.74214521023684,1.47068693541049e-05
binary_longitudinal,2,ensemble,2.16183424272828,1.7391378928475,1.11623283869032e-05
binary_longitudinal,2,ensemble,2.28402541668774,1.74167299412739,6.29440898174842e-05
binary_longitudinal,2,ensemble,2.16183424272828,2.19779149596392,6.05457838069798e-05
binary_longitudinal,2,ensemble,3.33964685192599,2.86613354593141,0.000759538687224554
binary_longitudinal,2,ensemble,3.11700001661268,3.18161811826406,0.000846706009089562
binary_longitudinal,2,ensemble,3.33964685192599,3.61331815670897,7.84470591620539e-05
binary_longitudinal,2,ensemble,3.11700001661268,2.72906067804701,0.000109560107628954
binary_longitudinal,2,ensemble,3.01375270747048,3.24926462194662,0.000171504198251637
binary_longitudinal,2,ensemble,2.82211880039051,3.29884284301167,0.000333273146539268
binary_longitudinal,2,ensemble,3.01375270747048,3.39528241703029,2.44835525045291e-05
binary_longitudinal,2,ensemble,2.82211880039051,2.36156981421583,5.95366050115374e-05
binary_longitudinal,2,ensemble,3.33964685192599,2.76591362175577,9.70247309592075e-05
binary_longitudinal,2,ensemble,3.11700001661268,3.16561572872746,5.83238164385081e-05
binary_longitudinal,2,ensemble,3.33964685192599,2.82337754114089,1.10808345536661e-05
binary_longitudinal,2,ensemble,3.11700001661268,2.66104650841361,8.45160748498278e-06
binary_longitudinal,2,ensemble,3.01375270747048,3.15577108204892,0.000801802558993415
binary_longitudinal,2,ensemble,2.82211880039051,2.96390071545458,0.000840182727662812
binary_longitudinal,2,ensemble,3.01375270747048,2.76517698626468,0.000126569880831251
binary_longitudinal,2,ensemble,2.82211880039051,3.14356451418375,0.00016808581710499
binary_longitudinal,2,ensemble,3.33964685192599,3.01007326393902,0.000108062661558913
binary_longitudinal,2,ensemble,3.11700001661268,2.72093667458018,0.000111356030697654
binary_longitudinal,2,ensemble,3.33964685192599,3.16405535550018,0.000408472254558399
binary_longitudinal,2,ensemble,3.11700001661268,3.13802283751527,0.000527343606671384
binary_longitudinal,2,ensemble,3.01375270747048,2.65481487925602,2.4400600579441e-05
binary_longitudinal,2,ensemble,2.82211880039051,2.53642582831102,4.38310043135704e-05
binary_longitudinal,2,ensemble,3.01375270747048,2.86655934719366,0.000127485363988782
binary_longitudinal,2,ensemble,2.82211880039051,2.80733248373093,0.000286566421804578
binary_longitudinal,2,ensemble,3.33964685192599,2.20380507271389,1.07564359237141e-05
binary_longitudinal,2,ensemble,3.11700001661268,2.18004003777529,6.00418568611739e-06
binary_longitudinal,2,ensemble,3.33964685192599,2.55180847746854,4.49591977087213e-05
binary_longitudinal,2,ensemble,3.11700001661268,2.35197093352258,3.1842534959525e-05
binary_longitudinal,2,ensemble,3.01375270747048,2.31933973531281,8.88900980607588e-05
binary_longitudinal,2,ensemble,2.82211880039051,2.1390919884477,8.64931929218788e-05
binary_longitudinal,2,ensemble,3.01375270747048,3.06432602973591,0.000513542573774717
binary_longitudinal,2,ensemble,2.82211880039051,2.52736064864217,0.000633285267551308
binary_longitudinal,2,ensemble,1.77880078307141,1.86221181379963,0.000105972038196597
binary_longitudinal,2,ensemble,1.70468808971871,1.84235763457415,7.40029352343184e-05
binary_longitudinal,2,ensemble,1.77880078307141,2.02941651565484,1.25892464741956e-05
binary_longitudinal,2,ensemble,1.70468808971871,1.79034074843583,1.10343278474698e-05
binary_longitudinal,2,ensemble,1.67032004603564,1.63504896955687,9.36643552119747e-06
binary_longitudinal,2,ensemble,1.60653065971263,1.86902687883595,1.14506399725992e-05
binary_longitudinal,2,ensemble,1.67032004603564,1.57128336598684,1.53799777282289e-06
binary_longitudinal,2,ensemble,1.60653065971263,1.62946730430502,2.35716852536868e-06
binary_longitudinal,2,ensemble,1.77880078307141,1.53536843488858,1.35370438243179e-05
binary_longitudinal,2,ensemble,1.70468808971871,1.51986147947027,5.09755873252653e-06
binary_longitudinal,2,ensemble,1.77880078307141,1.5590034698795,1.778261146128e-06
binary_longitudinal,2,ensemble,1.70468808971871,1.56315961473491,8.51202229038192e-07
binary_longitudinal,2,ensemble,1.67032004603564,1.73326072287634,4.37892019326779e-05
binary_longitudinal,2,ensemble,1.60653065971263,1.73460344961595,2.88671020319653e-05
binary_longitudinal,2,ensemble,1.67032004603564,1.5433111246549,7.95081493132629e-06
binary_longitudinal,2,ensemble,1.60653065971263,1.83080945218308,6.65484028798717e-06
binary_longitudinal,2,ensemble,1.77880078307141,1.55567379923489,1.50770733485513e-05
binary_longitudinal,2,ensemble,1.70468808971871,1.57434826482858,9.73262624713179e-06
binary_longitudinal,2,ensemble,1.77880078307141,1.57375811305345,6.55519524305315e-05
binary_longitudinal,2,ensemble,1.70468808971871,1.615626513224,5.31113228182101e-05
binary_longitudinal,2,ensemble,1.67032004603564,1.86503062177905,1.33260091785331e-06
binary_longitudinal,2,ensemble,1.60653065971263,1.57092088746217,1.50595106519631e-06
binary_longitudinal,2,ensemble,1.67032004603564,1.72040613087441,8.00832337733632e-06
binary_longitudinal,2,ensemble,1.60653065971263,1.60933255875635,1.13457149559397e-05
binary_longitudinal,2,ensemble,1.77880078307141,1.50397402214478,1.50075494209827e-06
binary_longitudinal,2,ensemble,1.70468808971871,1.52217437253162,5.24771714969094e-07
binary_longitudinal,2,ensemble,1.77880078307141,1.5089696929336,7.21508782206799e-06
binary_longitudinal,2,ensemble,1.70468808971871,1.53572220915258,3.20701556288963e-06
binary_longitudinal,2,ensemble,1.67032004603564,1.494806762496,4.8545947005765e-06
binary_longitudinal,2,ensemble,1.60653065971263,1.50304384574405,2.97174381588617e-06
binary_longitudinal,2,ensemble,1.67032004603564,1.5414827634875,3.22595070535267e-05
binary_longitudinal,2,ensemble,1.60653065971263,1.50553676106156,2.50729798913181e-05
binary_longitudinal,2,ensemble,2.22140275816017,2.21740170443094,0.000535804216557258
binary_longitudinal,2,ensemble,2.10517091807565,2.05674620217394,0.000482473898643181
binary_longitudinal,2,ensemble,2.22140275816017,2.6261879950426,8.59217117479918e-05
binary_longitudinal,2,ensemble,2.10517091807565,2.95899762015922,9.71089158479462e-05
binary_longitudinal,2,ensemble,2.05127109637602,2.67187314325173,4.76763856244649e-05
binary_longitudinal,2,ensemble,1.95122942450071,2.18163040716717,7.52594403054059e-05
binary_longitudinal,2,ensemble,2.05127109637602,2.49546193490204,1.05675187534922e-05
binary_longitudinal,2,ensemble,1.95122942450071,1.86870574218396,2.09127045694097e-05
binary_longitudinal,2,ensemble,2.22140275816017,2.70059589713693,6.84445188015912e-05
binary_longitudinal,2,ensemble,2.10517091807565,1.93293545978422,3.32343443872496e-05
binary_longitudinal,2,ensemble,2.22140275816017,2.11706581920277,1.21366470919004e-05
binary_longitudinal,2,ensemble,2.10517091807565,2.06051664335137,7.49110655147047e-06
binary_longitudinal,2,ensemble,2.05127109637602,1.9399583728855,0.000222892782724565
binary_longitudinal,2,ensemble,1.95122942450071,1.85135750593531,0.000189729303110001
binary_longitudinal,2,ensemble,2.05127109637602,2.74380092354153,5.46297188312067e-05
binary_longitudinal,2,ensemble,1.95122942450071,1.98317176993952,5.90414759918424e-05
binary_longitudinal,2,ensemble,2.22140275816017,2.23206380641683,7.6231047462823e-05
binary_longitudinal,2,ensemble,2.10517091807565,2.180426029088,6.34534037686793e-05
binary_longitudinal,2,ensemble,2.22140275816017,3.2397952785583,0.000447392619788555
binary_longitudinal,2,ensemble,2.10517091807565,2.25605860586624,0.00046741251931438
binary_longitudinal,2,ensemble,2.05127109637602,2.03560565386488,6.78311350132134e-06
binary_longitudinal,2,ensemble,1.95122942450071,2.47334604145646,9.89787772257393e-06
binary_longitudinal,2,ensemble,2.05127109637602,2.08323096796867,5.50248569727787e-05
binary_longitudinal,2,ensemble,1.95122942450071,2.4908334023831,0.000100658727812086
binary_longitudinal,2,ensemble,2.22140275816017,1.86493144917107,7.58795281924868e-06
binary_longitudinal,2,ensemble,2.10517091807565,1.84174848838159,3.42133260548552e-06
binary_longitudinal,2,ensemble,2.22140275816017,2.4165692610585,4.92430343114546e-05
binary_longitudinal,2,ensemble,2.10517091807565,2.25711534846473,2.82237222533781e-05
binary_longitudinal,2,ensemble,2.05127109637602,1.90647190619005,2.47105239203716e-05
binary_longitudinal,2,ensemble,1.95122942450071,1.80720434075245,1.95318145404827e-05
binary_longitudinal,2,ensemble,2.05127109637602,2.06911468713195,0.000221653731748163
binary_longitudinal,2,ensemble,1.95122942450071,2.6004995272733,0.000222446471475719
binary_longitudinal,2,ensemble,2.49182469764127,2.73876934858873,0.000457647591102943
binary_longitudinal,2,ensemble,2.349858807576,2.21524299610954,0.000396680697514186
binary_longitudinal,2,ensemble,2.49182469764127,2.69222250981781,5.43675333678904e-05
binary_longitudinal,2,ensemble,2.349858807576,2.06031772633972,5.91477196583503e-05
binary_longitudinal,2,ensemble,2.28402541668774,2.48761176884852,5.59360146777711e-05
binary_longitudinal,2,ensemble,2.16183424272828,1.9201283042001,8.48738093609244e-05
binary_longitudinal,2,ensemble,2.28402541668774,1.98610419411461,9.18486715680733e-06
binary_longitudinal,2,ensemble,2.16183424272828,1.85130564831257,1.74716760401559e-05
binary_longitudinal,2,ensemble,2.49182469764127,1.91024587635892,5.84606619093318e-05
binary_longitudinal,2,ensemble,2.349858807576,2.73375066429363,2.73246344518023e-05
binary_longitudinal,2,ensemble,2.49182469764127,1.84905997405555,7.67954399789561e-06
binary_longitudinal,2,ensemble,2.349858807576,1.83795348506073,4.56273109804858e-06
binary_longitudinal,2,ensemble,2.28402541668774,2.32565594401856,0.00026150753256037
binary_longitudinal,2,ensemble,2.16183424272828,1.9922372974763,0.000213967159960164
binary_longitudinal,2,ensemble,2.28402541668774,1.81559757557712,4.74819796380822e-05
binary_longitudinal,2,ensemble,2.16183424272828,1.74770689490171,4.93266443868302e-05
binary_longitudinal,2,ensemble,2.49182469764127,1.89930690626112,6.51113861379755e-05
binary_longitudinal,2,ensemble,2.349858807576,2.18615104043941,5.2170159955584e-05
binary_longitudinal,2,ensemble,2.49182469764127,2.34245510264341,0.000283090649500133
binary_longitudinal,2,ensemble,2.349858807576,2.33428224091586,0.000284694607243882
binary_longitudinal,2,ensemble,2.28402541668774,1.83022029027691,7.95824455652947e-06
binary_longitudinal,2,ensemble,2.16183424272828,1.85291534113281,1.11623283869032e-05
binary_longitudinal,2,ensemble,2.28402541668774,1.88913377167346,4.78254180008225e-05
binary_longitudinal,2,ensemble,2.16183424272828,2.47437949976993,8.40960898725417e-05
binary_longitudinal,2,ensemble,2.49182469764127,1.74606362450834,6.48111422385726e-06
binary_longitudinal,2,ensemble,2.349858807576,1.77691666712456,2.81295342232749e-06
binary_longitudinal,2,ensemble,2.49182469764127,1.7665441140876,3.11588567848423e-05
binary_longitudinal,2,ensemble,2.349858807576,2.09123920852835,1.71906852937362e-05
binary_longitudinal,2,ensemble,2.28402541668774,1.74214521023684,2.89914642354107e-05
binary_longitudinal,2,ensemble,2.16183424272828,1.7391378928475,2.20269975042956e-05
binary_longitudinal,2,ensemble,2.28402541668774,1.74167299412739,0.000192652611119777
binary_longitudinal,2,ensemble,2.16183424272828,2.19779149596392,0.000185844574669916
binary_longitudinal,2,ensemble,3.33964685192599,2.86613354593141,0.00305960966902122
binary_longitudinal,2,ensemble,3.11700001661268,3.18161811826406,0.00341677525449953
binary_longitudinal,2,ensemble,3.33964685192599,3.61331815670897,0.000490639849257172
binary_longitudinal,2,ensemble,3.11700001661268,2.72906067804701,0.000687704229376201
binary_longitudinal,2,ensemble,3.01375270747048,3.24926462194662,0.000376045374945552
binary_longitudinal,2,ensemble,2.82211880039051,3.29884284301167,0.000736502806032577
binary_longitudinal,2,ensemble,3.01375270747048,3.39528241703029,8.33508350067117e-05
binary_longitudinal,2,ensemble,2.82211880039051,2.36156981421583,0.000204655595824225
binary_longitudinal,2,ensemble,3.33964685192599,2.76591362175577,0.000390839610898199
binary_longitudinal,2,ensemble,3.11700001661268,3.16561572872746,0.00023535840139997
binary_longitudinal,2,ensemble,3.33964685192599,2.82337754114089,6.93040510775986e-05
binary_longitudinal,2,ensemble,3.11700001661268,2.66104650841361,5.30503879398729e-05
binary_longitudinal,2,ensemble,3.01375270747048,3.15577108204892,0.00175805692806767
binary_longitudinal,2,ensemble,2.82211880039051,2.96390071545458,0.00185672606067844
binary_longitudinal,2,ensemble,3.01375270747048,2.76517698626468,0.000430889481909668
binary_longitudinal,2,ensemble,2.82211880039051,3.14356451418375,0.000577790806891949
binary_longitudinal,2,ensemble,3.33964685192599,3.01007326393902,0.000435303125077114
binary_longitudinal,2,ensemble,3.11700001661268,2.72093667458018,0.000449363209948342
binary_longitudinal,2,ensemble,3.33964685192599,3.16405535550018,0.00255475179749266
binary_longitudinal,2,ensemble,3.11700001661268,3.13802283751527,0.00331011384061995
binary_longitudinal,2,ensemble,3.01375270747048,2.65481487925602,5.35015065947808e-05
binary_longitudinal,2,ensemble,2.82211880039051,2.53642582831102,9.68624625277663e-05
binary_longitudinal,2,ensemble,3.01375270747048,2.86655934719366,0.000434006116458544
binary_longitudinal,2,ensemble,2.82211880039051,2.80733248373093,0.000985064932511136
binary_longitudinal,2,ensemble,3.33964685192599,2.20380507271389,4.33295840092911e-05
binary_longitudinal,2,ensemble,3.11700001661268,2.18004003777529,2.42291336727435e-05
binary_longitudinal,2,ensemble,3.33964685192599,2.55180847746854,0.000281193128488883
binary_longitudinal,2,ensemble,3.11700001661268,2.35197093352258,0.000199874264818062
binary_longitudinal,2,ensemble,3.01375270747048,2.31933973531281,0.000194903160359726
binary_longitudinal,2,ensemble,2.82211880039051,2.1390919884477,0.000191141950532684
binary_longitudinal,2,ensemble,3.01375270747048,3.06432602973591,0.00174828396850091
binary_longitudinal,2,ensemble,2.82211880039051,2.52736064864217,0.00217690232307168
binary_longitudinal,2,sieve_md,1.77880078307141,1.92499740612789,0.00748294912415195
binary_longitudinal,2,sieve_md,1.70468808971871,1.8125896649656,0.0076425891174435
binary_longitudinal,2,sieve_md,1.77880078307141,2.39998929638577,0.000709245152938778
binary_longitudinal,2,sieve_md,1.70468808971871,1.61805873508093,0.000904292506752669
binary_longitudinal,2,sieve_md,1.67032004603564,1.24999788580893,0.000905462486159698
binary_longitudinal,2,sieve_md,1.60653065971263,1.96426894280587,0.00161476113157825
binary_longitudinal,2,sieve_md,1.67032004603564,1.00723556059513,0.000118622468061873
binary_longitudinal,2,sieve_md,1.60653065971263,1.18471343528226,0.000263779258816363
binary_longitudinal,2,sieve_md,1.77880078307141,1.1126544395635,0.000955884325267599
binary_longitudinal,2,sieve_md,1.70468808971871,1.00636036482111,0.000526445968276534
binary_longitudinal,2,sieve_md,1.77880078307141,1.13752761715355,0.000100182572573807
binary_longitudinal,2,sieve_md,1.70468808971871,1.10673617503478,6.97582859681761e-05
binary_longitudinal,2,sieve_md,1.67032004603564,1.75434712767909,0.00423314499514566
binary_longitudinal,2,sieve_md,1.60653065971263,1.73286456349665,0.00407081826466162
binary_longitudinal,2,sieve_md,1.67032004603564,1.11605430045646,0.00061322929520635
binary_longitudinal,2,sieve_md,1.60653065971263,1.99993283842961,0.000744710791703774
binary_longitudinal,2,sieve_md,1.77880078307141,1.00060840329824,0.00106462963936783
binary_longitudinal,2,sieve_md,1.70468808971871,1.00013759674467,0.00100512855611679
binary_longitudinal,2,sieve_md,1.77880078307141,1.00361945346793,0.00369302520387731
binary_longitudinal,2,sieve_md,1.70468808971871,1.09312537719596,0.00435261412495031
binary_longitudinal,2,sieve_md,1.67032004603564,1.99992651157903,0.000128823834574787
binary_longitudinal,2,sieve_md,1.60653065971263,1.05661243018223,0.000212368151645404
binary_longitudinal,2,sieve_md,1.67032004603564,1.49996216160966,0.000617664798248458
binary_longitudinal,2,sieve_md,1.60653065971263,1.14284424197355,0.00126964374825572
binary_longitudinal,2,sieve_md,1.77880078307141,1.04215054856371,0.000105972038196597
binary_longitudinal,2,sieve_md,1.70468808971871,1.03271334458071,5.4195344890929e-05
binary_longitudinal,2,sieve_md,1.77880078307141,1.00382630619896,0.000406479138868103
binary_longitudinal,2,sieve_md,1.70468808971871,1.03728753721391,0.000262823452651471
binary_longitudinal,2,sieve_md,1.67032004603564,1.03556923713697,0.000469298419546449
binary_longitudinal,2,sieve_md,1.60653065971263,1.02760554134132,0.000419073206247334
binary_longitudinal,2,sieve_md,1.67032004603564,1.13271251970082,0.00248810655825924
binary_longitudinal,2,sieve_md,1.60653065971263,1.00027113806471,0.00280579516520357
binary_longitudinal,2,sieve_md,2.22140275816017,2.02500317561582,0.000934898023489231
binary_longitudinal,2,sieve_md,2.10517091807565,1.55783206639508,0.0012271489970857
binary_longitudinal,2,sieve_md,2.22140275816017,3.23806328946179,0.000119612390536422
binary_longitudinal,2,sieve_md,2.10517091807565,4.32646935199055,0.000195999093135422
binary_longitudinal,2,sieve_md,2.05127109637602,3.49999820462896,0.000113220149243466
binary_longitudinal,2,sieve_md,1.95122942450071,2.03576627544185,0.000258943968827728
binary_longitudinal,2,sieve_md,2.05127109637602,2.88861608171234,2.00220509127348e-05
binary_longitudinal,2,sieve_md,1.95122942450071,1.00876715454613,5.70987369063187e-05
binary_longitudinal,2,sieve_md,2.22140275816017,3.88732196044761,0.000119425423258947
binary_longitudinal,2,sieve_md,2.10517091807565,1.50001143547115,8.45299455541655e-05
binary_longitudinal,2,sieve_md,2.22140275816017,2.00000766702971,1.68955359736889e-05
binary_longitudinal,2,sieve_md,2.10517091807565,1.84699052243018,1.51196218992706e-05
binary_longitudinal,2,sieve_md,2.05127109637602,1.5499342627568,0.000529317686205158
binary_longitudinal,2,sieve_md,1.95122942450071,1.31510238686758,0.000652798619692812
binary_longitudinal,2,sieve_md,2.05127109637602,3.99998142962719,0.000103505755447592
binary_longitudinal,2,sieve_md,1.95122942450071,1.67600042279633,0.000161203142952165
binary_longitudinal,2,sieve_md,2.22140275816017,2.14006724573797,0.000133011748319997
binary_longitudinal,2,sieve_md,2.10517091807565,1.99998613570845,0.000161390659713171
binary_longitudinal,2,sieve_md,2.22140275816017,5.21451410424198,0.000622819304603906
binary_longitudinal,2,sieve_md,2.10517091807565,2.1798417914172,0.000943398750833641
binary_longitudinal,2,sieve_md,2.05127109637602,1.57883794919192,1.61082916185006e-05
binary_longitudinal,2,sieve_md,1.95122942450071,2.99997145031414,3.40554717129719e-05
binary_longitudinal,2,sieve_md,2.05127109637602,1.65977483647593,0.000104254415201378
binary_longitudinal,2,sieve_md,1.95122942450071,2.99999146496218,0.00027483227707784
binary_longitudinal,2,sieve_md,2.22140275816017,1.33447999365781,1.32398399897382e-05
binary_longitudinal,2,sieve_md,2.10517091807565,1.25959233416247,8.70199380178946e-06
binary_longitudinal,2,sieve_md,2.22140275816017,2.98506255229532,6.85516725799842e-05
binary_longitudinal,2,sieve_md,2.10517091807565,2.4999822354643,5.69651500921905e-05
binary_longitudinal,2,sieve_md,2.05127109637602,1.49998965951939,5.86816548591944e-05
binary_longitudinal,2,sieve_md,1.95122942450071,1.21906005040026,6.72028061196784e-05
binary_longitudinal,2,sieve_md,2.05127109637602,1.94089917914773,0.000419962566954781
binary_longitudinal,2,sieve_md,1.95122942450071,3.64202830653336,0.000607353893819652
binary_longitudinal,2,sieve_md,2.49182469764127,3.69999555237891,0.000882983424545827
binary_longitudinal,2,sieve_md,2.349858807576,2.03844202282121,0.00111936699941155
binary_longitudinal,2,sieve_md,2.49182469764127,3.49998461153939,8.36904946958843e-05
binary_longitudinal,2,sieve_md,2.349858807576,1.5277313504793,0.000132446632197425
binary_longitudinal,2,sieve_md,2.28402541668774,2.99996492044885,0.00014775000352115
binary_longitudinal,2,sieve_md,2.16183424272828,1.25000343390895,0.000327033383193953
binary_longitudinal,2,sieve_md,2.28402541668774,1.38305700834991,1.93563735016384e-05
binary_longitudinal,2,sieve_md,2.16183424272828,1.00651839124929,5.34225290292901e-05
binary_longitudinal,2,sieve_md,2.49182469764127,1.46757546270148,0.000112793766333419
binary_longitudinal,2,sieve_md,2.349858807576,3.99994523460776,7.7105577024548e-05
binary_longitudinal,2,sieve_md,2.49182469764127,1.22134848950785,1.18214823518603e-05
binary_longitudinal,2,sieve_md,2.349858807576,1.17179015828811,1.02171033989081e-05
binary_longitudinal,2,sieve_md,2.28402541668774,2.83042237830663,0.00069074886867041
binary_longitudinal,2,sieve_md,2.16183424272828,1.79450977585146,0.000824452263201824
binary_longitudinal,2,sieve_md,2.28402541668774,1.18678753139631,0.000100064477447639
binary_longitudinal,2,sieve_md,2.16183424272828,1.0001968738542,0.000150824344820521
binary_longitudinal,2,sieve_md,2.49182469764127,1.13912507308748,0.000125625646953538
binary_longitudinal,2,sieve_md,2.349858807576,1.99993827767392,0.000147215520629698
binary_longitudinal,2,sieve_md,2.49182469764127,2.45989095795106,0.000435774717608172
binary_longitudinal,2,sieve_md,2.349858807576,2.42973416152227,0.000637502885183462
binary_longitudinal,2,sieve_md,2.28402541668774,1.00657250189241,2.10209945778757e-05
binary_longitudinal,2,sieve_md,2.16183424272828,1.09111679652106,4.30103708573674e-05
binary_longitudinal,2,sieve_md,2.28402541668774,1.13381829027733,0.00010078824635039
binary_longitudinal,2,sieve_md,2.16183424272828,2.99993014223814,0.00025713765480427
binary_longitudinal,2,sieve_md,2.49182469764127,1.00535701337894,1.25046357579688e-05
binary_longitudinal,2,sieve_md,2.349858807576,1.05265160234402,7.93768704039999e-06
binary_longitudinal,2,sieve_md,2.49182469764127,1.00721515077668,4.7964290026477e-05
binary_longitudinal,2,sieve_md,2.349858807576,1.99992065807671,3.84942713848094e-05
binary_longitudinal,2,sieve_md,2.28402541668774,1.05724811551432,7.65783720477939e-05
binary_longitudinal,2,sieve_md,2.16183424272828,1.04443067512124,8.48738093609244e-05
binary_longitudinal,2,sieve_md,2.28402541668774,1.00033827768379,0.000405999981625921
binary_longitudinal,2,sieve_md,2.16183424272828,2.44391151819751,0.000568250416412313
binary_longitudinal,2,sieve_md,3.33964685192599,2.3562564741276,0.000145869335475403
binary_longitudinal,2,sieve_md,3.11700001661268,3.47431198581812,0.000237454143139697
binary_longitudinal,2,sieve_md,3.33964685192599,4.60212689493667,1.86627626583844e-05
binary_longitudinal,2,sieve_md,3.11700001661268,2.00001794088811,3.7925954246108e-05
binary_longitudinal,2,sieve_md,3.01375270747048,3.66680693724525,2.4400600579441e-05
binary_longitudinal,2,sieve_md,2.82211880039051,3.99999762294367,6.92403232783208e-05
binary_longitudinal,2,sieve_md,3.01375270747048,4.03969723026999,4.31504524916592e-06
binary_longitudinal,2,sieve_md,2.82211880039051,1.01012811571142,1.52679169168351e-05
binary_longitudinal,2,sieve_md,3.33964685192599,2.66207182874457,1.8633590714669e-05
binary_longitudinal,2,sieve_md,3.11700001661268,3.99998665569246,1.63566004119122e-05
binary_longitudinal,2,sieve_md,3.33964685192599,2.75648108718811,2.63615981963957e-06
binary_longitudinal,2,sieve_md,3.11700001661268,2.36321763328503,2.92565684461606e-06
binary_longitudinal,2,sieve_md,3.01375270747048,3.966699120386,0.000114075714676479
binary_longitudinal,2,sieve_md,2.82211880039051,3.49998140416032,0.000174555088762244
binary_longitudinal,2,sieve_md,3.01375270747048,2.66667326847574,2.2307006422673e-05
binary_longitudinal,2,sieve_md,2.82211880039051,3.99998587798317,4.31049148664089e-05
binary_longitudinal,2,sieve_md,3.33964685192599,2.92996274227995,2.07534242777046e-05
binary_longitudinal,2,sieve_md,3.11700001661268,2.14268205839633,3.12291994728862e-05
binary_longitudinal,2,sieve_md,3.33964685192599,3.30992676776564,9.71766286816531e-05
binary_longitudinal,2,sieve_md,3.11700001661268,3.37500193834084,0.000182548282686344
binary_longitudinal,2,sieve_md,3.01375270747048,1.93163037632221,3.47157279359331e-06
binary_longitudinal,2,sieve_md,2.82211880039051,1.72304505068115,9.10626295517483e-06
binary_longitudinal,2,sieve_md,3.01375270747048,2.50000036437471,2.24683535657752e-05
binary_longitudinal,2,sieve_md,2.82211880039051,2.50001138229397,7.34887775078738e-05
binary_longitudinal,2,sieve_md,3.33964685192599,1.00876425048435,2.0657725362343e-06
binary_longitudinal,2,sieve_md,3.11700001661268,1.00774251194547,1.68384156016759e-06
binary_longitudinal,2,sieve_md,3.33964685192599,1.99999039629065,1.06959119323509e-05
binary_longitudinal,2,sieve_md,3.11700001661268,1.47623055833892,1.10227942459221e-05
binary_longitudinal,2,sieve_md,3.01375270747048,1.45428470011984,1.26467561748286e-05
binary_longitudinal,2,sieve_md,2.82211880039051,1.00759545204756,1.79696945327679e-05
binary_longitudinal,2,sieve_md,3.01375270747048,3.69313616670589,9.05080846744403e-05
binary_longitudinal,2,sieve_md,2.82211880039051,2.15355053553036,0.000162403396158639
binary_longitudinal,2,sieve_md,1.77880078307141,1.92499740612789,0.000955884325267599
binary_longitudinal,2,sieve_md,1.70468808971871,1.8125896649656,0.000970351563627095
binary_longitudinal,2,sieve_md,1.77880078307141,2.39998929638577,0.000139844897630605
binary_longitudinal,2,sieve_md,1.70468808971871,1.61805873508093,0.000176779079384732
binary_longitudinal,2,sieve_md,1.67032004603564,1.24999788580893,6.2589294446911e-05
binary_longitudinal,2,sieve_md,1.60653065971263,1.96426894280587,0.000111229908396983
binary_longitudinal,2,sieve_md,1.67032004603564,1.00723556059513,1.26565182893121e-05
binary_longitudinal,2,sieve_md,1.60653065971263,1.18471343528226,2.79761065503157e-05
binary_longitudinal,2,sieve_md,1.77880078307141,1.1126544395635,0.000122106248236165
binary_longitudinal,2,sieve_md,1.70468808971871,1.00636036482111,6.6840917473422e-05
binary_longitudinal,2,sieve_md,1.77880078307141,1.13752761715355,1.9753425945745e-05
binary_longitudinal,2,sieve_md,1.70468808971871,1.10673617503478,1.36369653412199e-05
binary_longitudinal,2,sieve_md,1.67032004603564,1.75434712767909,0.000292612408120141
binary_longitudinal,2,sieve_md,1.60653065971263,1.73286456349665,0.000280410974616735
binary_longitudinal,2,sieve_md,1.67032004603564,1.11605430045646,6.54289859006547e-05
binary_longitudinal,2,sieve_md,1.60653065971263,1.99993283842961,7.89831185035628e-05
binary_longitudinal,2,sieve_md,1.77880078307141,1.00060840329824,0.000135997554921548
binary_longitudinal,2,sieve_md,1.70468808971871,1.00013759674467,0.000127617493376436
binary_longitudinal,2,sieve_md,1.77880078307141,1.00361945346793,0.000728169560896594
binary_longitudinal,2,sieve_md,1.70468808971871,1.09312537719596,0.000850887419922132
binary_longitudinal,2,sieve_md,1.67032004603564,1.99992651157903,8.90483375868919e-06
binary_longitudinal,2,sieve_md,1.60653065971263,1.05661243018223,1.46285971293273e-05
binary_longitudinal,2,sieve_md,1.67032004603564,1.49996216160966,6.5902235414781e-05
binary_longitudinal,2,sieve_md,1.60653065971263,1.14284424197355,0.00013465686779745
binary_longitudinal,2,sieve_md,1.77880078307141,1.04215054856371,1.35370438243179e-05
binary_longitudinal,2,sieve_md,1.70468808971871,1.03271334458071,6.8809845522369e-06
binary_longitudinal,2,sieve_md,1.77880078307141,1.00382630619896,8.01472288227161e-05
binary_longitudinal,2,sieve_md,1.70468808971871,1.03728753721391,5.13790478783116e-05
binary_longitudinal,2,sieve_md,1.67032004603564,1.03556923713697,3.24398386608389e-05
binary_longitudinal,2,sieve_md,1.60653065971263,1.02760554134132,2.88671020319653e-05
binary_longitudinal,2,sieve_md,1.67032004603564,1.13271251970082,0.000265470502130676
binary_longitudinal,2,sieve_md,1.60653065971263,1.00027113806471,0.000297579213969747
binary_longitudinal,2,sieve_md,2.22140275816017,2.02500317561582,0.000132056579730201
binary_longitudinal,2,sieve_md,2.10517091807565,1.55783206639508,0.000172859738935083
binary_longitudinal,2,sieve_md,2.22140275816017,3.23806328946179,2.60789243617065e-05
binary_longitudinal,2,sieve_md,2.10517091807565,4.32646935199055,4.2509300165877e-05
binary_longitudinal,2,sieve_md,2.05127109637602,3.49999820462896,8.70500243869682e-06
binary_longitudinal,2,sieve_md,1.95122942450071,2.03576627544185,1.99752704930459e-05
binary_longitudinal,2,sieve_md,2.05127109637602,2.88861608171234,2.37613678042614e-06
binary_longitudinal,2,sieve_md,1.95122942450071,1.00876715454613,6.7818270053608e-06
binary_longitudinal,2,sieve_md,2.22140275816017,3.88732196044761,1.68691263989926e-05
binary_longitudinal,2,sieve_md,2.10517091807565,1.50001143547115,1.19071313714885e-05
binary_longitudinal,2,sieve_md,2.22140275816017,2.00000766702971,3.68371038094215e-06
binary_longitudinal,2,sieve_md,2.10517091807565,1.84699052243018,3.2792220383723e-06
binary_longitudinal,2,sieve_md,2.05127109637602,1.5499342627568,4.06969234721017e-05
binary_longitudinal,2,sieve_md,1.95122942450071,1.31510238686758,5.03577243559056e-05
binary_longitudinal,2,sieve_md,2.05127109637602,3.99998142962719,1.22836483423577e-05
binary_longitudinal,2,sieve_md,1.95122942450071,1.67600042279633,1.91466902326703e-05
binary_longitudinal,2,sieve_md,2.22140275816017,2.14006724573797,1.87882272780048e-05
binary_longitudinal,2,sieve_md,2.10517091807565,1.99998613570845,2.27339527399143e-05
binary_longitudinal,2,sieve_md,2.22140275816017,5.21451410424198,0.000135792433065955
binary_longitudinal,2,sieve_md,2.10517091807565,2.1798417914172,0.000204609215449747
binary_longitudinal,2,sieve_md,2.05127109637602,1.57883794919192,1.23849614012393e-06
binary_longitudinal,2,sieve_md,1.95122942450071,2.99997145031414,2.62708284851948e-06
binary_longitudinal,2,sieve_md,2.05127109637602,1.65977483647593,1.2372496282299e-05
binary_longitudinal,2,sieve_md,1.95122942450071,2.99999146496218,3.26428404482803e-05
binary_longitudinal,2,sieve_md,2.22140275816017,1.33447999365781,1.87015903477317e-06
binary_longitudinal,2,sieve_md,2.10517091807565,1.25959233416247,1.22578788750539e-06
binary_longitudinal,2,sieve_md,2.22140275816017,2.98506255229532,1.4946226524396e-05
binary_longitudinal,2,sieve_md,2.10517091807565,2.4999822354643,1.23548972881728e-05
binary_longitudinal,2,sieve_md,2.05127109637602,1.49998965951939,4.51177596981956e-06
binary_longitudinal,2,sieve_md,1.95122942450071,1.21906005040026,5.18411081829589e-06
binary_longitudinal,2,sieve_md,2.05127109637602,1.94089917914773,4.98394747917028e-05
binary_longitudinal,2,sieve_md,1.95122942450071,3.64202830653336,7.2137655963828e-05
binary_longitudinal,2,sieve_md,2.49182469764127,3.69999555237891,0.00412805270405592
binary_longitudinal,2,sieve_md,2.349858807576,2.03844202282121,0.00520141172609965
binary_longitudinal,2,sieve_md,2.49182469764127,3.49998461153939,0.000603929882050146
binary_longitudinal,2,sieve_md,2.349858807576,1.5277313504793,0.00094759550137048
binary_longitudinal,2,sieve_md,2.28402541668774,2.99996492044885,0.000373781006118126
binary_longitudinal,2,sieve_md,2.16183424272828,1.25000343390895,0.000824452263201824
binary_longitudinal,2,sieve_md,2.28402541668774,1.38305700834991,7.55842701525296e-05
binary_longitudinal,2,sieve_md,2.16183424272828,1.00651839124929,0.00020736297182466
binary_longitudinal,2,sieve_md,2.49182469764127,1.46757546270148,0.000527324295303528
binary_longitudinal,2,sieve_md,2.349858807576,3.99994523460776,0.000358289866231539
binary_longitudinal,2,sieve_md,2.49182469764127,1.22134848950785,8.53065389129307e-05
binary_longitudinal,2,sieve_md,2.349858807576,1.17179015828811,7.30987346164517e-05
binary_longitudinal,2,sieve_md,2.28402541668774,2.83042237830663,0.00174747073403369
binary_longitudinal,2,sieve_md,2.16183424272828,1.79450977585146,0.00207844693914776
binary_longitudinal,2,sieve_md,2.28402541668774,1.18678753139631,0.00039073954092867
binary_longitudinal,2,sieve_md,2.16183424272828,1.0001968738542,0.000585434365122306
binary_longitudinal,2,sieve_md,2.49182469764127,1.13912507308748,0.000587314865929753
binary_longitudinal,2,sieve_md,2.349858807576,1.99993827767392,0.00068407281585907
binary_longitudinal,2,sieve_md,2.49182469764127,2.45989095795106,0.00314465071286622
binary_longitudinal,2,sieve_md,2.349858807576,2.42973416152227,0.00456104361498663
binary_longitudinal,2,sieve_md,2.28402541668774,1.00657250189241,5.31793456221294e-05
binary_longitudinal,2,sieve_md,2.16183424272828,1.09111679652106,0.000108429290148266
binary_longitudinal,2,sieve_md,2.28402541668774,1.13381829027733,0.000393565769936334
binary_longitudinal,2,sieve_md,2.16183424272828,2.99993014223814,0.000998096294524031
binary_longitudinal,2,sieve_md,2.49182469764127,1.00535701337894,5.84606619093318e-05
binary_longitudinal,2,sieve_md,2.349858807576,1.05265160234402,3.68843984785601e-05
binary_longitudinal,2,sieve_md,2.49182469764127,1.00721515077668,0.000346121362092197
binary_longitudinal,2,sieve_md,2.349858807576,1.99992065807671,0.000275409029188504
binary_longitudinal,2,sieve_md,2.28402541668774,1.05724811551432,0.000193729544966239
binary_longitudinal,2,sieve_md,2.16183424272828,1.04443067512124,0.000213967159960164
binary_longitudinal,2,sieve_md,2.28402541668774,1.00033827768379,0.00158538025165397
binary_longitudinal,2,sieve_md,2.16183424272828,2.44391151819751,0.00220570042693509
binary_longitudinal,2,sieve_md,3.33964685192599,2.3562564741276,0.000754084375812706
binary_longitudinal,2,sieve_md,3.11700001661268,3.47431198581812,0.00122415508932939
binary_longitudinal,2,sieve_md,3.33964685192599,4.60212689493667,0.0001489188152483
binary_longitudinal,2,sieve_md,3.11700001661268,2.00001794088811,0.000301041621736058
binary_longitudinal,2,sieve_md,3.01375270747048,3.66680693724525,6.86603202630765e-05
binary_longitudinal,2,sieve_md,2.82211880039051,3.99999762294367,0.000195481692525041
binary_longitudinal,2,sieve_md,3.01375270747048,4.03969723026999,1.87416733633171e-05
binary_longitudinal,2,sieve_md,2.82211880039051,1.01012811571142,6.63682137311478e-05
binary_longitudinal,2,sieve_md,3.33964685192599,2.66207182874457,9.63279881780911e-05
binary_longitudinal,2,sieve_md,3.11700001661268,3.99998665569246,8.4323715617755e-05
binary_longitudinal,2,sieve_md,3.33964685192599,2.75648108718811,2.10351384911134e-05
binary_longitudinal,2,sieve_md,3.11700001661268,2.36321763328503,2.32227375330128e-05
binary_longitudinal,2,sieve_md,3.01375270747048,3.966699120386,0.000320995177082884
binary_longitudinal,2,sieve_md,2.82211880039051,3.49998140416032,0.000492810006864686
binary_longitudinal,2,sieve_md,3.01375270747048,2.66667326847574,9.68867309486421e-05
binary_longitudinal,2,sieve_md,2.82211880039051,3.99998587798317,0.000187373052807374
binary_longitudinal,2,sieve_md,3.33964685192599,2.92996274227995,0.000107286654466648
binary_longitudinal,2,sieve_md,3.11700001661268,2.14268205839633,0.000160996910666349
binary_longitudinal,2,sieve_md,3.33964685192599,3.30992676776564,0.00077541726688542
binary_longitudinal,2,sieve_md,3.11700001661268,3.37500193834084,0.00144899797928404
binary_longitudinal,2,sieve_md,3.01375270747048,1.93163037632221,9.76858332026189e-06
binary_longitudinal,2,sieve_md,2.82211880039051,1.72304505068115,2.5709118773179e-05
binary_longitudinal,2,sieve_md,3.01375270747048,2.50000036437471,9.7587515130386e-05
binary_longitudinal,2,sieve_md,2.82211880039051,2.50001138229397,0.00031944887564232
binary_longitudinal,2,sieve_md,3.33964685192599,1.00876425048435,1.06791930495902e-05
binary_longitudinal,2,sieve_md,3.11700001661268,1.00774251194547,8.68076331812331e-06
binary_longitudinal,2,sieve_md,3.33964685192599,1.99999039629065,8.53476284364712e-05
binary_longitudinal,2,sieve_md,3.11700001661268,1.47623055833892,8.74946964899589e-05
binary_longitudinal,2,sieve_md,3.01375270747048,1.45428470011984,3.55864326546287e-05
binary_longitudinal,2,sieve_md,2.82211880039051,1.00759545204756,5.07326675426327e-05
binary_longitudinal,2,sieve_md,3.01375270747048,3.69313616670589,0.000393106644718428
binary_longitudinal,2,sieve_md,2.82211880039051,2.15355053553036,0.000705952446927189
binary_longitudinal,2,sieve_md,1.77880078307141,1.92499740612789,0.00106462963936783
binary_longitudinal,2,sieve_md,1.70468808971871,1.8125896649656,0.000744617548498822
binary_longitudinal,2,sieve_md,1.77880078307141,2.39998929638577,8.14586064091042e-05
binary_longitudinal,2,sieve_md,1.70468808971871,1.61805873508093,7.13780584804168e-05
binary_longitudinal,2,sieve_md,1.67032004603564,1.24999788580893,0.000173893987726491
binary_longitudinal,2,sieve_md,1.60653065971263,1.96426894280587,0.000212368151645404
binary_longitudinal,2,sieve_md,1.67032004603564,1.00723556059513,1.83906000541097e-05
binary_longitudinal,2,sieve_md,1.60653065971263,1.18471343528226,2.81050774725219e-05
binary_longitudinal,2,sieve_md,1.77880078307141,1.1126544395635,0.000135997554921548
binary_longitudinal,2,sieve_md,1.70468808971871,1.00636036482111,5.12916369428333e-05
binary_longitudinal,2,sieve_md,1.77880078307141,1.13752761715355,1.15062227983188e-05
binary_longitudinal,2,sieve_md,1.70468808971871,1.10673617503478,5.50619515051667e-06
binary_longitudinal,2,sieve_md,1.67032004603564,1.75434712767909,0.000812975109496126
binary_longitudinal,2,sieve_md,1.60653065971263,1.73286456349665,0.000535380827321236
binary_longitudinal,2,sieve_md,1.67032004603564,1.11605430045646,9.50718265592076e-05
binary_longitudinal,2,sieve_md,1.60653065971263,1.99993283842961,7.93472337035748e-05
binary_longitudinal,2,sieve_md,1.77880078307141,1.00060840329824,0.000151469193524543
binary_longitudinal,2,sieve_md,1.70468808971871,1.00013759674467,9.79296871623786e-05
binary_longitudinal,2,sieve_md,1.77880078307141,1.00361945346793,0.000424153320322389
binary_longitudinal,2,sieve_md,1.70468808971871,1.09312537719596,0.000343562667204943
binary_longitudinal,2,sieve_md,1.67032004603564,1.99992651157903,2.4740605658263e-05
binary_longitudinal,2,sieve_md,1.60653065971263,1.05661243018223,2.79299711587711e-05
binary_longitudinal,2,sieve_md,1.67032004603564,1.49996216160966,9.57594834914816e-05
binary_longitudinal,2,sieve_md,1.60653065971263,1.14284424197355,0.000135277641113065
binary_longitudinal,2,sieve_md,1.77880078307141,1.04215054856371,1.50770733485513e-05
binary_longitudinal,2,sieve_md,1.70468808971871,1.03271334458071,5.2802530965096e-06
binary_longitudinal,2,sieve_md,1.77880078307141,1.00382630619896,4.66851610467426e-05
binary_longitudinal,2,sieve_md,1.70468808971871,1.03728753721391,2.07453093255728e-05
binary_longitudinal,2,sieve_md,1.67032004603564,1.03556923713697,9.01287185897598e-05
binary_longitudinal,2,sieve_md,1.60653065971263,1.02760554134132,5.5115150144761e-05
binary_longitudinal,2,sieve_md,1.67032004603564,1.13271251970082,0.000385742881197564
binary_longitudinal,2,sieve_md,1.60653065971263,1.00027113806471,0.000298951065538372
binary_longitudinal,2,sieve_md,2.22140275816017,2.02500317561582,0.00486799514877874
binary_longitudinal,2,sieve_md,2.10517091807565,1.55783206639508,0.00437572668196998
binary_longitudinal,2,sieve_md,2.22140275816017,3.23806328946179,0.000502778739068938
binary_longitudinal,2,sieve_md,2.10517091807565,4.32646935199055,0.000566200169935022
binary_longitudinal,2,sieve_md,2.05127109637602,3.49999820462896,0.000795789056860014
binary_longitudinal,2,sieve_md,1.95122942450071,2.03576627544185,0.00124637013784139
binary_longitudinal,2,sieve_md,2.05127109637602,2.88861608171234,0.000113605050807996
binary_longitudinal,2,sieve_md,1.95122942450071,1.00876715454613,0.000222654142301546
binary_longitudinal,2,sieve_md,2.22140275816017,3.88732196044761,0.000621845769761753
binary_longitudinal,2,sieve_md,2.10517091807565,1.50001143547115,0.000301414041053892
binary_longitudinal,2,sieve_md,2.22140275816017,2.00000766702971,7.10186982690438e-05
binary_longitudinal,2,sieve_md,2.10517091807565,1.84699052243018,4.36774086643626e-05
binary_longitudinal,2,sieve_md,2.05127109637602,1.5499342627568,0.00372040864721646
binary_longitudinal,2,sieve_md,1.95122942450071,1.31510238686758,0.00314210332564453
binary_longitudinal,2,sieve_md,2.05127109637602,3.99998142962719,0.000587291314850503
binary_longitudinal,2,sieve_md,1.95122942450071,1.67600042279633,0.000628604930249441
binary_longitudinal,2,sieve_md,2.22140275816017,2.14006724573797,0.000692589490280147
binary_longitudinal,2,sieve_md,2.10517091807565,1.99998613570845,0.000575481394357805
binary_longitudinal,2,sieve_md,2.22140275816017,5.21451410424198,0.00261795875186688
binary_longitudinal,2,sieve_md,2.10517091807565,2.1798417914172,0.00272528063519881
binary_longitudinal,2,sieve_md,2.05127109637602,1.57883794919192,0.000113220149243466
binary_longitudinal,2,sieve_md,1.95122942450071,2.99997145031414,0.000163918561862273
binary_longitudinal,2,sieve_md,2.05127109637602,1.65977483647593,0.000591539207822979
binary_longitudinal,2,sieve_md,1.95122942450071,2.99999146496218,0.0010716969979554
binary_longitudinal,2,sieve_md,2.22140275816017,1.33447999365781,6.89395797416559e-05
binary_longitudinal,2,sieve_md,2.10517091807565,1.25959233416247,3.10292772558639e-05
binary_longitudinal,2,sieve_md,2.22140275816017,2.98506255229532,0.000288150110086933
binary_longitudinal,2,sieve_md,2.10517091807565,2.4999822354643,0.000164560341308759
binary_longitudinal,2,sieve_md,2.05127109637602,1.49998965951939,0.000412455018717247
binary_longitudinal,2,sieve_md,1.95122942450071,1.21906005040026,0.000323466003498371
binary_longitudinal,2,sieve_md,2.05127109637602,1.94089917914773,0.00238286621906497
binary_longitudinal,2,sieve_md,1.95122942450071,3.64202830653336,0.00236835116902479
binary_longitudinal,2,sieve_md,2.49182469764127,3.69999555237891,0.000125625646953538
binary_longitudinal,2,sieve_md,2.349858807576,2.03844202282121,0.000109059940049626
binary_longitudinal,2,sieve_md,2.49182469764127,3.49998461153939,9.61206578482424e-06
binary_longitudinal,2,sieve_md,2.349858807576,1.5277313504793,1.0454342359278e-05
binary_longitudinal,2,sieve_md,2.28402541668774,2.99996492044885,2.83753746749529e-05
binary_longitudinal,2,sieve_md,2.16183424272828,1.25000343390895,4.30103708573674e-05
binary_longitudinal,2,sieve_md,2.28402541668774,1.38305700834991,3.00090977183953e-06
binary_longitudinal,2,sieve_md,2.16183424272828,1.00651839124929,5.69204843429907e-06
binary_longitudinal,2,sieve_md,2.49182469764127,1.46757546270148,1.60476283858334e-05
binary_longitudinal,2,sieve_md,2.349858807576,3.99994523460776,7.51239728543871e-06
binary_longitudinal,2,sieve_md,2.49182469764127,1.22134848950785,1.35772725986537e-06
binary_longitudinal,2,sieve_md,2.349858807576,1.17179015828811,8.06461403209649e-07
binary_longitudinal,2,sieve_md,2.28402541668774,2.83042237830663,0.000132658257108041
binary_longitudinal,2,sieve_md,2.16183424272828,1.79450977585146,0.000108429290148266
binary_longitudinal,2,sieve_md,2.28402541668774,1.18678753139631,1.55134673424864e-05
binary_longitudinal,2,sieve_md,2.16183424272828,1.0001968738542,1.60699894106312e-05
binary_longitudinal,2,sieve_md,2.49182469764127,1.13912507308748,1.78732722877697e-05
binary_longitudinal,2,sieve_md,2.349858807576,1.99993827767392,1.43432099237244e-05
binary_longitudinal,2,sieve_md,2.49182469764127,2.45989095795106,5.00498326391054e-05
binary_longitudinal,2,sieve_md,2.349858807576,2.42973416152227,5.03196895697656e-05
binary_longitudinal,2,sieve_md,2.28402541668774,1.00657250189241,4.03708008779839e-06
binary_longitudinal,2,sieve_md,2.16183424272828,1.09111679652106,5.65658460681113e-06
binary_longitudinal,2,sieve_md,2.28402541668774,1.13381829027733,1.56256766451553e-05
binary_longitudinal,2,sieve_md,2.16183424272828,2.99993014223814,2.73974297365351e-05
binary_longitudinal,2,sieve_md,2.49182469764127,1.00535701337894,1.77908544299253e-06
binary_longitudinal,2,sieve_md,2.349858807576,1.05265160234402,7.7336894263794e-07
binary_longitudinal,2,sieve_md,2.49182469764127,1.00721515077668,5.50882047874379e-06
binary_longitudinal,2,sieve_md,2.349858807576,1.99992065807671,3.03844865853506e-06
binary_longitudinal,2,sieve_md,2.28402541668774,1.05724811551432,1.47068693541049e-05
binary_longitudinal,2,sieve_md,2.16183424272828,1.04443067512124,1.11623283869032e-05
binary_longitudinal,2,sieve_md,2.28402541668774,1.00033827768379,6.29440898174842e-05
binary_longitudinal,2,sieve_md,2.16183424272828,2.44391151819751,6.05457838069798e-05
binary_longitudinal,2,sieve_md,3.33964685192599,2.3562564741276,0.000759538687224554
binary_longitudinal,2,sieve_md,3.11700001661268,3.47431198581812,0.000846706009089562
binary_longitudinal,2,sieve_md,3.33964685192599,4.60212689493667,7.84470591620539e-05
binary_longitudinal,2,sieve_md,3.11700001661268,2.00001794088811,0.000109560107628954
binary_longitudinal,2,sieve_md,3.01375270747048,3.66680693724525,0.000171504198251637
binary_longitudinal,2,sieve_md,2.82211880039051,3.99999762294367,0.000333273146539268
binary_longitudinal,2,sieve_md,3.01375270747048,4.03969723026999,2.44835525045291e-05
binary_longitudinal,2,sieve_md,2.82211880039051,1.01012811571142,5.95366050115374e-05
binary_longitudinal,2,sieve_md,3.33964685192599,2.66207182874457,9.70247309592075e-05
binary_longitudinal,2,sieve_md,3.11700001661268,3.99998665569246,5.83238164385081e-05
binary_longitudinal,2,sieve_md,3.33964685192599,2.75648108718811,1.10808345536661e-05
binary_longitudinal,2,sieve_md,3.11700001661268,2.36321763328503,8.45160748498278e-06
binary_longitudinal,2,sieve_md,3.01375270747048,3.966699120386,0.000801802558993415
binary_longitudinal,2,sieve_md,2.82211880039051,3.49998140416032,0.000840182727662812
binary_longitudinal,2,sieve_md,3.01375270747048,2.66667326847574,0.000126569880831251
binary_longitudinal,2,sieve_md,2.82211880039051,3.99998587798317,0.00016808581710499
binary_longitudinal,2,sieve_md,3.33964685192599,2.92996274227995,0.000108062661558913
binary_longitudinal,2,sieve_md,3.11700001661268,2.14268205839633,0.000111356030697654
binary_longitudinal,2,sieve_md,3.33964685192599,3.30992676776564,0.000408472254558399
binary_longitudinal,2,sieve_md,3.11700001661268,3.37500193834084,0.000527343606671384
binary_longitudinal,2,sieve_md,3.01375270747048,1.93163037632221,2.4400600579441e-05
binary_longitudinal,2,sieve_md,2.82211880039051,1.72304505068115,4.38310043135704e-05
binary_longitudinal,2,sieve_md,3.01375270747048,2.50000036437471,0.000127485363988782
binary_longitudinal,2,sieve_md,2.82211880039051,2.50001138229397,0.000286566421804578
binary_longitudinal,2,sieve_md,3.33964685192599,1.00876425048435,1.07564359237141e-05
binary_longitudinal,2,sieve_md,3.11700001661268,1.00774251194547,6.00418568611739e-06
binary_longitudinal,2,sieve_md,3.33964685192599,1.99999039629065,4.49591977087213e-05
binary_longitudinal,2,sieve_md,3.11700001661268,1.47623055833892,3.1842534959525e-05
binary_longitudinal,2,sieve_md,3.01375270747048,1.45428470011984,8.88900980607588e-05
binary_longitudinal,2,sieve_md,2.82211880039051,1.00759545204756,8.64931929218788e-05
binary_longitudinal,2,sieve_md,3.01375270747048,3.69313616670589,0.000513542573774717
binary_longitudinal,2,sieve_md,2.82211880039051,2.15355053553036,0.000633285267551308
binary_longitudinal,2,sieve_md,1.77880078307141,1.92499740612789,0.000105972038196597
binary_longitudinal,2,sieve_md,1.70468808971871,1.8125896649656,7.40029352343184e-05
binary_longitudinal,2,sieve_md,1.77880078307141,2.39998929638577,1.25892464741956e-05
binary_longitudinal,2,sieve_md,1.70468808971871,1.61805873508093,1.10343278474698e-05
binary_longitudinal,2,sieve_md,1.67032004603564,1.24999788580893,9.36643552119747e-06
binary_longitudinal,2,sieve_md,1.60653065971263,1.96426894280587,1.14506399725992e-05
binary_longitudinal,2,sieve_md,1.67032004603564,1.00723556059513,1.53799777282289e-06
binary_longitudinal,2,sieve_md,1.60653065971263,1.18471343528226,2.35716852536868e-06
binary_longitudinal,2,sieve_md,1.77880078307141,1.1126544395635,1.35370438243179e-05
binary_longitudinal,2,sieve_md,1.70468808971871,1.00636036482111,5.09755873252653e-06
binary_longitudinal,2,sieve_md,1.77880078307141,1.13752761715355,1.778261146128e-06
binary_longitudinal,2,sieve_md,1.70468808971871,1.10673617503478,8.51202229038192e-07
binary_longitudinal,2,sieve_md,1.67032004603564,1.75434712767909,4.37892019326779e-05
binary_longitudinal,2,sieve_md,1.60653065971263,1.73286456349665,2.88671020319653e-05
binary_longitudinal,2,sieve_md,1.67032004603564,1.11605430045646,7.95081493132629e-06
binary_longitudinal,2,sieve_md,1.60653065971263,1.99993283842961,6.65484028798717e-06
binary_longitudinal,2,sieve_md,1.77880078307141,1.00060840329824,1.50770733485513e-05
binary_longitudinal,2,sieve_md,1.70468808971871,1.00013759674467,9.73262624713179e-06
binary_longitudinal,2,sieve_md,1.77880078307141,1.00361945346793,6.55519524305315e-05
binary_longitudinal,2,sieve_md,1.70468808971871,1.09312537719596,5.31113228182101e-05
binary_longitudinal,2,sieve_md,1.67032004603564,1.99992651157903,1.33260091785331e-06
binary_longitudinal,2,sieve_md,1.60653065971263,1.05661243018223,1.50595106519631e-06
binary_longitudinal,2,sieve_md,1.67032004603564,1.49996216160966,8.00832337733632e-06
binary_longitudinal,2,sieve_md,1.60653065971263,1.14284424197355,1.13457149559397e-05
binary_longitudinal,2,sieve_md,1.77880078307141,1.04215054856371,1.50075494209827e-06
binary_longitudinal,2,sieve_md,1.70468808971871,1.03271334458071,5.24771714969094e-07
binary_longitudinal,2,sieve_md,1.77880078307141,1.00382630619896,7.21508782206799e-06
binary_longitudinal,2,sieve_md,1.70468808971871,1.03728753721391,3.20701556288963e-06
binary_longitudinal,2,sieve_md,1.67032004603564,1.03556923713697,4.8545947005765e-06
binary_longitudinal,2,sieve_md,1.60653065971263,1.02760554134132,2.97174381588617e-06
binary_longitudinal,2,sieve_md,1.67032004603564,1.13271251970082,3.22595070535267e-05
binary_longitudinal,2,sieve_md,1.60653065971263,1.00027113806471,2.50729798913181e-05
binary_longitudinal,2,sieve_md,2.22140275816017,2.02500317561582,0.000535804216557258
binary_longitudinal,2,sieve_md,2.10517091807565,1.55783206639508,0.000482473898643181
binary_longitudinal,2,sieve_md,2.22140275816017,3.23806328946179,8.59217117479918e-05
binary_longitudinal,2,sieve_md,2.10517091807565,4.32646935199055,9.71089158479462e-05
binary_longitudinal,2,sieve_md,2.05127109637602,3.49999820462896,4.76763856244649e-05
binary_longitudinal,2,sieve_md,1.95122942450071,2.03576627544185,7.52594403054059e-05
binary_longitudinal,2,sieve_md,2.05127109637602,2.88861608171234,1.05675187534922e-05
binary_longitudinal,2,sieve_md,1.95122942450071,1.00876715454613,2.09127045694097e-05
binary_longitudinal,2,sieve_md,2.22140275816017,3.88732196044761,6.84445188015912e-05
binary_longitudinal,2,sieve_md,2.10517091807565,1.50001143547115,3.32343443872496e-05
binary_longitudinal,2,sieve_md,2.22140275816017,2.00000766702971,1.21366470919004e-05
binary_longitudinal,2,sieve_md,2.10517091807565,1.84699052243018,7.49110655147047e-06
binary_longitudinal,2,sieve_md,2.05127109637602,1.5499342627568,0.000222892782724565
binary_longitudinal,2,sieve_md,1.95122942450071,1.31510238686758,0.000189729303110001
binary_longitudinal,2,sieve_md,2.05127109637602,3.99998142962719,5.46297188312067e-05
binary_longitudinal,2,sieve_md,1.95122942450071,1.67600042279633,5.90414759918424e-05
binary_longitudinal,2,sieve_md,2.22140275816017,2.14006724573797,7.6231047462823e-05
binary_longitudinal,2,sieve_md,2.10517091807565,1.99998613570845,6.34534037686793e-05
binary_longitudinal,2,sieve_md,2.22140275816017,5.21451410424198,0.000447392619788555
binary_longitudinal,2,sieve_md,2.10517091807565,2.1798417914172,0.00046741251931438
binary_longitudinal,2,sieve_md,2.05127109637602,1.57883794919192,6.78311350132134e-06
binary_longitudinal,2,sieve_md,1.95122942450071,2.99997145031414,9.89787772257393e-06
binary_longitudinal,2,sieve_md,2.05127109637602,1.65977483647593,5.50248569727787e-05
binary_longitudinal,2,sieve_md,1.95122942450071,2.99999146496218,0.000100658727812086
binary_longitudinal,2,sieve_md,2.22140275816017,1.33447999365781,7.58795281924868e-06
binary_longitudinal,2,sieve_md,2.10517091807565,1.25959233416247,3.42133260548552e-06
binary_longitudinal,2,sieve_md,2.22140275816017,2.98506255229532,4.92430343114546e-05
binary_longitudinal,2,sieve_md,2.10517091807565,2.4999822354643,2.82237222533781e-05
binary_longitudinal,2,sieve_md,2.05127109637602,1.49998965951939,2.47105239203716e-05
binary_longitudinal,2,sieve_md,1.95122942450071,1.21906005040026,1.95318145404827e-05
binary_longitudinal,2,sieve_md,2.05127109637602,1.94089917914773,0.000221653731748163
binary_longitudinal,2,sieve_md,1.95122942450071,3.64202830653336,0.000222446471475719
binary_longitudinal,2,sieve_md,2.49182469764127,3.69999555237891,0.000457647591102943
binary_longitudinal,2,sieve_md,2.349858807576,2.03844202282121,0.000396680697514186
binary_longitudinal,2,sieve_md,2.49182469764127,3.49998461153939,5.43675333678904e-05
binary_longitudinal,2,sieve_md,2.349858807576,1.5277313504793,5.91477196583503e-05
binary_longitudinal,2,sieve_md,2.28402541668774,2.99996492044885,5.59360146777711e-05
binary_longitudinal,2,sieve_md,2.16183424272828,1.25000343390895,8.48738093609244e-05
binary_longitudinal,2,sieve_md,2.28402541668774,1.38305700834991,9.18486715680733e-06
binary_longitudinal,2,sieve_md,2.16183424272828,1.00651839124929,1.74716760401559e-05
binary_longitudinal,2,sieve_md,2.49182469764127,1.46757546270148,5.84606619093318e-05
binary_longitudinal,2,sieve_md,2.349858807576,3.99994523460776,2.73246344518023e-05
binary_longitudinal,2,sieve_md,2.49182469764127,1.22134848950785,7.67954399789561e-06
binary_longitudinal,2,sieve_md,2.349858807576,1.17179015828811,4.56273109804858e-06
binary_longitudinal,2,sieve_md,2.28402541668774,2.83042237830663,0.00026150753256037
binary_longitudinal,2,sieve_md,2.16183424272828,1.79450977585146,0.000213967159960164
binary_longitudinal,2,sieve_md,2.28402541668774,1.18678753139631,4.74819796380822e-05
binary_longitudinal,2,sieve_md,2.16183424272828,1.0001968738542,4.93266443868302e-05
binary_longitudinal,2,sieve_md,2.49182469764127,1.13912507308748,6.51113861379755e-05
binary_longitudinal,2,sieve_md,2.349858807576,1.99993827767392,5.2170159955584e-05
binary_longitudinal,2,sieve_md,2.49182469764127,2.45989095795106,0.000283090649500133
binary_longitudinal,2,sieve_md,2.349858807576,2.42973416152227,0.000284694607243882
binary_longitudinal,2,sieve_md,2.28402541668774,1.00657250189241,7.95824455652947e-06
binary_longitudinal,2,sieve_md,2.16183424272828,1.09111679652106,1.11623283869032e-05
binary_longitudinal,2,sieve_md,2.28402541668774,1.13381829027733,4.78254180008225e-05
binary_longitudinal,2,sieve_md,2.16183424272828,2.99993014223814,8.40960898725417e-05
binary_longitudinal,2,sieve_md,2.49182469764127,1.00535701337894,6.48111422385726e-06
binary_longitudinal,2,sieve_md,2.349858807576,1.05265160234402,2.81295342232749e-06
binary_longitudinal,2,sieve_md,2.49182469764127,1.00721515077668,3.11588567848423e-05
binary_longitudinal,2,sieve_md,2.349858807576,1.99992065807671,1.71906852937362e-05
binary_longitudinal,2,sieve_md,2.28402541668774,1.05724811551432,2.89914642354107e-05
binary_longitudinal,2,sieve_md,2.16183424272828,1.04443067512124,2.20269975042956e-05
binary_longitudinal,2,sieve_md,2.28402541668774,1.00033827768379,0.000192652611119777
binary_longitudinal,2,sieve_md,2.16183424272828,2.44391151819751,0.000185844574669916
binary_longitudinal,2,sieve_md,3.33964685192599,2.3562564741276,0.00305960966902122
binary_longitudinal,2,sieve_md,3.11700001661268,3.47431198581812,0.00341677525449953
binary_longitudinal,2,sieve_md,3.33964685192599,4.60212689493667,0.000490639849257172
binary_longitudinal,2,sieve_md,3.11700001661268,2.00001794088811,0.000687704229376201
binary_longitudinal,2,sieve_md,3.01375270747048,3.66680693724525,0.000376045374945552
binary_longitudinal,2,sieve_md,2.82211880039051,3.99999762294367,0.000736502806032577
binary_longitudinal,2,sieve_md,3.01375270747048,4.03969723026999,8.33508350067117e-05
binary_longitudinal,2,sieve_md,2.82211880039051,1.01012811571142,0.000204655595824225
binary_longitudinal,2,sieve_md,3.33964685192599,2.66207182874457,0.000390839610898199
binary_longitudinal,2,sieve_md,3.11700001661268,3.99998665569246,0.00023535840139997
binary_longitudinal,2,sieve_md,3.33964685192599,2.75648108718811,6.93040510775986e-05
binary_longitudinal,2,sieve_md,3.11700001661268,2.36321763328503,5.30503879398729e-05
binary_longitudinal,2,sieve_md,3.01375270747048,3.966699120386,0.00175805692806767
binary_longitudinal,2,sieve_md,2.82211880039051,3.49998140416032,0.00185672606067844
binary_longitudinal,2,sieve_md,3.01375270747048,2.66667326847574,0.000430889481909668
binary_longitudinal,2,sieve_md,2.82211880039051,3.99998587798317,0.000577790806891949
binary_longitudinal,2,sieve_md,3.33964685192599,2.92996274227995,0.000435303125077114
binary_longitudinal,2,sieve_md,3.11700001661268,2.14268205839633,0.000449363209948342
binary_longitudinal,2,sieve_md,3.33964685192599,3.30992676776564,0.00255475179749266
binary_longitudinal,2,sieve_md,3.11700001661268,3.37500193834084,0.00331011384061995
binary_longitudinal,2,sieve_md,3.01375270747048,1.93163037632221,5.35015065947808e-05
binary_longitudinal,2,sieve_md,2.82211880039051,1.72304505068115,9.68624625277663e-05
binary_longitudinal,2,sieve_md,3.01375270747048,2.50000036437471,0.000434006116458544
binary_longitudinal,2,sieve_md,2.82211880039051,2.50001138229397,0.000985064932511136
binary_longitudinal,2,sieve_md,3.33964685192599,1.00876425048435,4.33295840092911e-05
binary_longitudinal,2,sieve_md,3.11700001661268,1.00774251194547,2.42291336727435e-05
binary_longitudinal,2,sieve_md,3.33964685192599,1.99999039629065,0.000281193128488883
binary_longitudinal,2,sieve_md,3.11700001661268,1.47623055833892,0.000199874264818062
binary_longitudinal,2,sieve_md,3.01375270747048,1.45428470011984,0.000194903160359726
binary_longitudinal,2,sieve_md,2.82211880039051,1.00759545204756,0.000191141950532684
binary_longitudinal,2,sieve_md,3.01375270747048,3.69313616670589,0.00174828396850091
binary_longitudinal,2,sieve_md,2.82211880039051,2.15355053553036,0.00217690232307168
binary_longitudinal,2,landweber,1.77880078307141,1.68987037324373,0.00748294912415195
binary_longitudinal,2,landweber,1.70468808971871,1.61910229402264,0.0076425891174435
binary_longitudinal,2,landweber,1.77880078307141,1.69990756282696,0.000709245152938778
binary_longitudinal,2,landweber,1.70468808971871,1.62810985158349,0.000904292506752669
binary_longitudinal,2,landweber,1.67032004603564,1.6913112900586,0.000905462486159698
binary_longitudinal,2,landweber,1.60653065971263,1.62039539913366,0.00161476113157825
binary_longitudinal,2,landweber,1.67032004603564,1.70136944409516,0.000118622468061873
binary_longitudinal,2,landweber,1.60653065971263,1.62942177057847,0.000263779258816363
binary_longitudinal,2,landweber,1.77880078307141,1.57595094711129,0.000955884325267599
binary_longitudinal,2,landweber,1.70468808971871,1.51686891687279,0.000526445968276534
binary_longitudinal,2,landweber,1.77880078307141,1.58433067911749,0.000100182572573807
binary_longitudinal,2,landweber,1.70468808971871,1.52438904168107,6.97582859681761e-05
binary_longitudinal,2,landweber,1.67032004603564,1.57715392296939,0.00423314499514566
binary_longitudinal,2,landweber,1.60653065971263,1.5179484894161,0.00407081826466162
binary_longitudinal,2,landweber,1.67032004603564,1.58555115753435,0.00061322929520635
binary_longitudinal,2,landweber,1.60653065971263,1.52548432134084,0.000744710791703774
binary_longitudinal,2,landweber,1.77880078307141,1.66020541101703,0.00106462963936783
binary_longitudinal,2,landweber,1.70468808971871,1.59248041420442,0.00100512855611679
binary_longitudinal,2,landweber,1.77880078307141,1.66981099364714,0.00369302520387731
binary_longitudinal,2,landweber,1.70468808971871,1.60110063978935,0.00435261412495031
binary_longitudinal,2,landweber,1.67032004603564,1.66158436728895,0.000128823834574787
binary_longitudinal,2,landweber,1.60653065971263,1.59371791479064,0.000212368151645404
binary_longitudinal,2,landweber,1.67032004603564,1.6712100128846,0.000617664798248458
binary_longitudinal,2,landweber,1.60653065971263,1.6023561452479,0.00126964374825572
binary_longitudinal,2,landweber,1.77880078307141,1.55118460874811,0.000105972038196597
binary_longitudinal,2,landweber,1.70468808971871,1.49464315172927,5.4195344890929e-05
binary_longitudinal,2,landweber,1.77880078307141,1.55920400576519,0.000406479138868103
binary_longitudinal,2,landweber,1.70468808971871,1.50183990532605,0.000262823452651471
binary_longitudinal,2,landweber,1.67032004603564,1.55233585570934,0.000469298419546449
binary_longitudinal,2,landweber,1.60653065971263,1.49567630181416,0.000419073206247334
binary_longitudinal,2,landweber,1.67032004603564,1.56037200266156,0.00248810655825924
binary_longitudinal,2,landweber,1.60653065971263,1.50288808710917,0.00280579516520357
binary_longitudinal,2,landweber,2.22140275816017,2.38533049297252,0.000934898023489231
binary_longitudinal,2,landweber,2.10517091807565,2.24322092880454,0.0012271489970857
binary_longitudinal,2,landweber,2.22140275816017,2.40548619951202,0.000119612390536422
binary_longitudinal,2,landweber,2.10517091807565,2.26130902859868,0.000195999093135422
binary_longitudinal,2,landweber,2.05127109637602,2.38822400178068,0.000113220149243466
binary_longitudinal,2,landweber,1.95122942450071,2.24581761654528,0.000258943968827728
binary_longitudinal,2,landweber,2.05127109637602,2.4084218070935,2.00220509127348e-05
binary_longitudinal,2,landweber,1.95122942450071,2.26394349654879,5.70987369063187e-05
binary_longitudinal,2,landweber,2.22140275816017,2.15656859670328,0.000119425423258947
binary_longitudinal,2,landweber,2.10517091807565,2.03792581792837,8.45299455541655e-05
binary_longitudinal,2,landweber,2.22140275816017,2.17339595836622,1.68955359736889e-05
binary_longitudinal,2,landweber,2.10517091807565,2.05302700013872,1.51196218992706e-05
binary_longitudinal,2,landweber,2.05127109637602,2.15898429565654,0.000529317686205158
binary_longitudinal,2,landweber,1.95122942450071,2.04009371036387,0.000652798619692812
binary_longitudinal,2,landweber,2.05127109637602,2.17584680425333,0.000103505755447592
binary_longitudinal,2,landweber,1.95122942450071,2.05522643407566,0.000161203142952165
binary_longitudinal,2,landweber,2.22140275816017,2.32576020507583,0.000133011748319997
binary_longitudinal,2,landweber,2.10517091807565,2.18976146261668,0.000161390659713171
binary_longitudinal,2,landweber,2.22140275816017,2.34504920056882,0.000622819304603906
binary_longitudinal,2,landweber,2.10517091807565,2.20707176006133,0.000943398750833641
binary_longitudinal,2,landweber,2.05127109637602,2.32852929075636,1.61082916185006e-05
binary_longitudinal,2,landweber,1.95122942450071,2.19224649076638,3.40554717129719e-05
binary_longitudinal,2,landweber,2.05127109637602,2.34785857474271,0.000104254415201378
binary_longitudinal,2,landweber,1.95122942450071,2.20959294384205,0.00027483227707784
binary_longitudinal,2,landweber,2.22140275816017,2.10683524814322,1.32398399897382e-05
binary_longitudinal,2,landweber,2.10517091807565,1.99329420106651,8.70199380178946e-06
binary_longitudinal,2,landweber,2.22140275816017,2.12293902017618,6.85516725799842e-05
binary_longitudinal,2,landweber,2.10517091807565,2.00774602070496,5.69651500921905e-05
binary_longitudinal,2,landweber,2.05127109637602,2.10914707016397,5.86816548591944e-05
binary_longitudinal,2,landweber,1.95122942450071,1.99536887244237,6.72028061196784e-05
binary_longitudinal,2,landweber,2.05127109637602,2.12528447778531,0.000419962566954781
binary_longitudinal,2,landweber,1.95122942450071,2.00985087727318,0.000607353893819652
binary_longitudinal,2,landweber,2.49182469764127,2.32693613568047,0.000882983424545827
binary_longitudinal,2,landweber,2.349858807576,2.19081676425475,0.00111936699941155
binary_longitudinal,2,landweber,2.49182469764127,2.34624224024043,8.36904946958843e-05
binary_longitudinal,2,landweber,2.349858807576,2.20814241568911,0.000132446632197425
binary_longitudinal,2,landweber,2.28402541668774,2.32970767750094,0.00014775000352115
binary_longitudinal,2,landweber,2.16183424272828,2.19330399658938,0.000327033383193953
binary_longitudinal,2,landweber,2.28402541668774,2.34905410628958,1.93563735016384e-05
binary_longitudinal,2,landweber,2.16183424272828,2.21066583572428,5.34225290292901e-05
binary_longitudinal,2,landweber,2.49182469764127,2.10781699539856,0.000112793766333419
binary_longitudinal,2,landweber,2.349858807576,1.99417523901437,7.7105577024548e-05
binary_longitudinal,2,landweber,2.49182469764127,2.12393505125021,1.18214823518603e-05
binary_longitudinal,2,landweber,2.349858807576,2.00863987721303,1.02171033989081e-05
binary_longitudinal,2,landweber,2.28402541668774,2.11013086797285,0.00069074886867041
binary_longitudinal,2,landweber,2.16183424272828,1.99625175059448,0.000824452263201824
binary_longitudinal,2,landweber,2.28402541668774,2.12628258924716,0.000100064477447639
binary_longitudinal,2,landweber,2.16183424272828,2.01074660075934,0.000150824344820521
binary_longitudinal,2,landweber,2.49182469764127,2.26987685053227,0.000125625646953538
binary_longitudinal,2,landweber,2.349858807576,2.1396107178718,0.000147215520629698
binary_longitudinal,2,landweber,2.49182469764127,2.28835277759117,0.000435774717608172
binary_longitudinal,2,landweber,2.349858807576,2.15619135282874,0.000637502885183462
binary_longitudinal,2,landweber,2.28402541668774,2.27252921390038,2.10209945778757e-05
binary_longitudinal,2,landweber,2.16183424272828,2.14199099728293,4.30103708573674e-05
binary_longitudinal,2,landweber,2.28402541668774,2.29104373121479,0.00010078824635039
binary_longitudinal,2,landweber,2.16183424272828,2.15860626384116,0.00025713765480427
binary_longitudinal,2,landweber,2.49182469764127,2.06018000358505,1.25046357579688e-05
binary_longitudinal,2,landweber,2.349858807576,1.9514249310494,7.93768704039999e-06
binary_longitudinal,2,landweber,2.49182469764127,2.07560497050789,4.7964290026477e-05
binary_longitudinal,2,landweber,2.349858807576,1.96526757856338,3.84942713848094e-05
binary_longitudinal,2,landweber,2.28402541668774,2.06239437784027,7.65783720477939e-05
binary_longitudinal,2,landweber,2.16183424272828,1.95341215101767,8.48738093609244e-05
binary_longitudinal,2,landweber,2.28402541668774,2.07785156254644,0.000405999981625921
binary_longitudinal,2,landweber,2.16183424272828,1.96728371135983,0.000568250416412313
binary_longitudinal,2,landweber,3.33964685192599,3.66462390947729,0.000145869335475403
binary_longitudinal,2,landweber,3.11700001661268,3.3912822452547,0.000237454143139697
binary_longitudinal,2,landweber,3.33964685192599,3.70339254831835,1.86627626583844e-05
binary_longitudinal,2,landweber,3.11700001661268,3.42607393101703,3.7925954246108e-05
binary_longitudinal,2,landweber,3.01375270747048,3.67018944982423,2.4400600579441e-05
binary_longitudinal,2,landweber,2.82211880039051,3.39627686298277,6.92403232783208e-05
binary_longitudinal,2,landweber,3.01375270747048,3.70903906385391,4.31504524916592e-06
binary_longitudinal,2,landweber,2.82211880039051,3.43114121736079,1.52679169168351e-05
binary_longitudinal,2,landweber,3.33964685192599,3.22461019327847,1.8633590714669e-05
binary_longitudinal,2,landweber,3.11700001661268,2.99640588635376,1.63566004119122e-05
binary_longitudinal,2,landweber,3.33964685192599,3.2569769032065,2.63615981963957e-06
binary_longitudinal,2,landweber,3.11700001661268,3.02545236398722,2.92565684461606e-06
binary_longitudinal,2,landweber,3.01375270747048,3.22925668682034,0.000114075714676479
binary_longitudinal,2,landweber,2.82211880039051,3.00057573466513,0.000174555088762244
binary_longitudinal,2,landweber,3.01375270747048,3.2616910003713,2.2307006422673e-05
binary_longitudinal,2,landweber,2.82211880039051,3.0296828810266,4.31049148664089e-05
binary_longitudinal,2,landweber,3.33964685192599,3.55004301038557,2.07534242777046e-05
binary_longitudinal,2,landweber,3.11700001661268,3.28845525016965,3.12291994728862e-05
binary_longitudinal,2,landweber,3.33964685192599,3.58714456762492,9.71766286816531e-05
binary_longitudinal,2,landweber,3.11700001661268,3.32175086640359,0.000182548282686344
binary_longitudinal,2,landweber,3.01375270747048,3.55536922817198,3.47157279359331e-06
binary_longitudinal,2,landweber,2.82211880039051,3.29323509545351,9.10626295517483e-06
binary_longitudinal,2,landweber,3.01375270747048,3.5925482786039,2.24683535657752e-05
binary_longitudinal,2,landweber,2.82211880039051,3.3266002554962,7.34887775078738e-05
binary_longitudinal,2,landweber,3.33964685192599,3.12895022596831,2.0657725362343e-06
binary_longitudinal,2,landweber,3.11700001661268,2.91055888160505,1.68384156016759e-06
binary_longitudinal,2,landweber,3.33964685192599,3.15992514221356,1.06959119323509e-05
binary_longitudinal,2,landweber,3.11700001661268,2.93835633812493,1.10227942459221e-05
binary_longitudinal,2,landweber,3.01375270747048,3.13339691667657,1.26467561748286e-05
binary_longitudinal,2,landweber,2.82211880039051,2.91454942319817,1.79696945327679e-05
binary_longitudinal,2,landweber,3.01375270747048,3.16443652953641,9.05080846744403e-05
binary_longitudinal,2,landweber,2.82211880039051,2.9424049396436,0.000162403396158639
binary_longitudinal,2,landweber,1.77880078307141,1.68987037324373,0.000955884325267599
binary_longitudinal,2,landweber,1.70468808971871,1.61910229402264,0.000970351563627095
binary_longitudinal,2,landweber,1.77880078307141,1.69990756282696,0.000139844897630605
binary_longitudinal,2,landweber,1.70468808971871,1.62810985158349,0.000176779079384732
binary_longitudinal,2,landweber,1.67032004603564,1.6913112900586,6.2589294446911e-05
binary_longitudinal,2,landweber,1.60653065971263,1.62039539913366,0.000111229908396983
binary_longitudinal,2,landweber,1.67032004603564,1.70136944409516,1.26565182893121e-05
binary_longitudinal,2,landweber,1.60653065971263,1.62942177057847,2.79761065503157e-05
binary_longitudinal,2,landweber,1.77880078307141,1.57595094711129,0.000122106248236165
binary_longitudinal,2,landweber,1.70468808971871,1.51686891687279,6.6840917473422e-05
binary_longitudinal,2,landweber,1.77880078307141,1.58433067911749,1.9753425945745e-05
binary_longitudinal,2,landweber,1.70468808971871,1.52438904168107,1.36369653412199e-05
binary_longitudinal,2,landweber,1.67032004603564,1.57715392296939,0.000292612408120141
binary_longitudinal,2,landweber,1.60653065971263,1.5179484894161,0.000280410974616735
binary_longitudinal,2,landweber,1.67032004603564,1.58555115753435,6.54289859006547e-05
binary_longitudinal,2,landweber,1.60653065971263,1.52548432134084,7.89831185035628e-05
binary_longitudinal,2,landweber,1.77880078307141,1.66020541101703,0.000135997554921548
binary_longitudinal,2,landweber,1.70468808971871,1.59248041420442,0.000127617493376436
binary_longitudinal,2,landweber,1.77880078307141,1.66981099364714,0.000728169560896594
binary_longitudinal,2,landweber,1.70468808971871,1.60110063978935,0.000850887419922132
binary_longitudinal,2,landweber,1.67032004603564,1.66158436728895,8.90483375868919e-06
binary_longitudinal,2,landweber,1.60653065971263,1.59371791479064,1.46285971293273e-05
binary_longitudinal,2,landweber,1.67032004603564,1.6712100128846,6.5902235414781e-05
binary_longitudinal,2,landweber,1.60653065971263,1.6023561452479,0.00013465686779745
binary_longitudinal,2,landweber,1.77880078307141,1.55118460874811,1.35370438243179e-05
binary_longitudinal,2,landweber,1.70468808971871,1.49464315172927,6.8809845522369e-06
binary_longitudinal,2,landweber,1.77880078307141,1.55920400576519,8.01472288227161e-05
binary_longitudinal,2,landweber,1.70468808971871,1.50183990532605,5.13790478783116e-05
binary_longitudinal,2,landweber,1.67032004603564,1.55233585570934,3.24398386608389e-05
binary_longitudinal,2,landweber,1.60653065971263,1.49567630181416,2.88671020319653e-05
binary_longitudinal,2,landweber,1.67032004603564,1.56037200266156,0.000265470502130676
binary_longitudinal,2,landweber,1.60653065971263,1.50288808710917,0.000297579213969747
binary_longitudinal,2,landweber,2.22140275816017,2.38533049297252,0.000132056579730201
binary_longitudinal,2,landweber,2.10517091807565,2.24322092880454,0.000172859738935083
binary_longitudinal,2,landweber,2.22140275816017,2.40548619951202,2.60789243617065e-05
binary_longitudinal,2,landweber,2.10517091807565,2.26130902859868,4.2509300165877e-05
binary_longitudinal,2,landweber,2.05127109637602,2.38822400178068,8.70500243869682e-06
binary_longitudinal,2,landweber,1.95122942450071,2.24581761654528,1.99752704930459e-05
binary_longitudinal,2,landweber,2.05127109637602,2.4084218070935,2.37613678042614e-06
binary_longitudinal,2,landweber,1.95122942450071,2.26394349654879,6.7818270053608e-06
binary_longitudinal,2,landweber,2.22140275816017,2.15656859670328,1.68691263989926e-05
binary_longitudinal,2,landweber,2.10517091807565,2.03792581792837,1.19071313714885e-05
binary_longitudinal,2,landweber,2.22140275816017,2.17339595836622,3.68371038094215e-06
binary_longitudinal,2,landweber,2.10517091807565,2.05302700013872,3.2792220383723e-06
binary_longitudinal,2,landweber,2.05127109637602,2.15898429565654,4.06969234721017e-05
binary_longitudinal,2,landweber,1.95122942450071,2.04009371036387,5.03577243559056e-05
binary_longitudinal,2,landweber,2.05127109637602,2.17584680425333,1.22836483423577e-05
binary_longitudinal,2,landweber,1.95122942450071,2.05522643407566,1.91466902326703e-05
binary_longitudinal,2,landweber,2.22140275816017,2.32576020507583,1.87882272780048e-05
binary_longitudinal,2,landweber,2.10517091807565,2.18976146261668,2.27339527399143e-05
binary_longitudinal,2,landweber,2.22140275816017,2.34504920056882,0.000135792433065955
binary_longitudinal,2,landweber,2.10517091807565,2.20707176006133,0.000204609215449747
binary_longitudinal,2,landweber,2.05127109637602,2.32852929075636,1.23849614012393e-06
binary_longitudinal,2,landweber,1.95122942450071,2.19224649076638,2.62708284851948e-06
binary_longitudinal,2,landweber,2.05127109637602,2.34785857474271,1.2372496282299e-05
binary_longitudinal,2,landweber,1.95122942450071,2.20959294384205,3.26428404482803e-05
binary_longitudinal,2,landweber,2.22140275816017,2.10683524814322,1.87015903477317e-06
binary_longitudinal,2,landweber,2.10517091807565,1.99329420106651,1.22578788750539e-06
binary_longitudinal,2,landweber,2.22140275816017,2.12293902017618,1.4946226524396e-05
binary_longitudinal,2,landweber,2.10517091807565,2.00774602070496,1.23548972881728e-05
binary_longitudinal,2,landweber,2.05127109637602,2.10914707016397,4.51177596981956e-06
binary_longitudinal,2,landweber,1.95122942450071,1.99536887244237,5.18411081829589e-06
binary_longitudinal,2,landweber,2.05127109637602,2.12528447778531,4.98394747917028e-05
binary_longitudinal,2,landweber,1.95122942450071,2.00985087727318,7.2137655963828e-05
binary_longitudinal,2,landweber,2.49182469764127,2.32693613568047,0.00412805270405592
binary_longitudinal,2,landweber,2.349858807576,2.19081676425475,0.00520141172609965
binary_longitudinal,2,landweber,2.49182469764127,2.34624224024043,0.000603929882050146
binary_longitudinal,2,landweber,2.349858807576,2.20814241568911,0.00094759550137048
binary_longitudinal,2,landweber,2.28402541668774,2.32970767750094,0.000373781006118126
binary_longitudinal,2,landweber,2.16183424272828,2.19330399658938,0.000824452263201824
binary_longitudinal,2,landweber,2.28402541668774,2.34905410628958,7.55842701525296e-05
binary_longitudinal,2,landweber,2.16183424272828,2.21066583572428,0.00020736297182466
binary_longitudinal,2,landweber,2.49182469764127,2.10781699539856,0.000527324295303528
binary_longitudinal,2,landweber,2.349858807576,1.99417523901437,0.000358289866231539
binary_longitudinal,2,landweber,2.49182469764127,2.12393505125021,8.53065389129307e-05
binary_longitudinal,2,landweber,2.349858807576,2.00863987721303,7.30987346164517e-05
binary_longitudinal,2,landweber,2.28402541668774,2.11013086797285,0.00174747073403369
binary_longitudinal,2,landweber,2.16183424272828,1.99625175059448,0.00207844693914776
binary_longitudinal,2,landweber,2.28402541668774,2.12628258924716,0.00039073954092867
binary_longitudinal,2,landweber,2.16183424272828,2.01074660075934,0.000585434365122306
binary_longitudinal,2,landweber,2.49182469764127,2.26987685053227,0.000587314865929753
binary_longitudinal,2,landweber,2.349858807576,2.1396107178718,0.00068407281585907
binary_longitudinal,2,landweber,2.49182469764127,2.28835277759117,0.00314465071286622
binary_longitudinal,2,landweber,2.349858807576,2.15619135282874,0.00456104361498663
binary_longitudinal,2,landweber,2.28402541668774,2.27252921390038,5.31793456221294e-05
binary_longitudinal,2,landweber,2.16183424272828,2.14199099728293,0.000108429290148266
binary_longitudinal,2,landweber,2.28402541668774,2.29104373121479,0.000393565769936334
binary_longitudinal,2,landweber,2.16183424272828,2.15860626384116,0.000998096294524031
binary_longitudinal,2,landweber,2.49182469764127,2.06018000358505,5.84606619093318e-05
binary_longitudinal,2,landweber,2.349858807576,1.9514249310494,3.68843984785601e-05
binary_longitudinal,2,landweber,2.49182469764127,2.07560497050789,0.000346121362092197
binary_longitudinal,2,landweber,2.349858807576,1.96526757856338,0.000275409029188504
binary_longitudinal,2,landweber,2.28402541668774,2.06239437784027,0.000193729544966239
binary_longitudinal,2,landweber,2.16183424272828,1.95341215101767,0.000213967159960164
binary_longitudinal,2,landweber,2.28402541668774,2.07785156254644,0.00158538025165397
binary_longitudinal,2,landweber,2.16183424272828,1.96728371135983,0.00220570042693509
binary_longitudinal,2,landweber,3.33964685192599,3.66462390947729,0.000754084375812706
binary_longitudinal,2,landweber,3.11700001661268,3.3912822452547,0.00122415508932939
binary_longitudinal,2,landweber,3.33964685192599,3.70339254831835,0.0001489188152483
binary_longitudinal,2,landweber,3.11700001661268,3.42607393101703,0.000301041621736058
binary_longitudinal,2,landweber,3.01375270747048,3.67018944982423,6.86603202630765e-05
binary_longitudinal,2,landweber,2.82211880039051,3.39627686298277,0.000195481692525041
binary_longitudinal,2,landweber,3.01375270747048,3.70903906385391,1.87416733633171e-05
binary_longitudinal,2,landweber,2.82211880039051,3.43114121736079,6.63682137311478e-05
binary_longitudinal,2,landweber,3.33964685192599,3.22461019327847,9.63279881780911e-05
binary_longitudinal,2,landweber,3.11700001661268,2.99640588635376,8.4323715617755e-05
binary_longitudinal,2,landweber,3.33964685192599,3.2569769032065,2.10351384911134e-05
binary_longitudinal,2,landweber,3.11700001661268,3.02545236398722,2.32227375330128e-05
binary_longitudinal,2,landweber,3.01375270747048,3.22925668682034,0.000320995177082884
binary_longitudinal,2,landweber,2.82211880039051,3.00057573466513,0.000492810006864686
binary_longitudinal,2,landweber,3.01375270747048,3.2616910003713,9.68867309486421e-05
binary_longitudinal,2,landweber,2.82211880039051,3.0296828810266,0.000187373052807374
binary_longitudinal,2,landweber,3.33964685192599,3.55004301038557,0.000107286654466648
binary_longitudinal,2,landweber,3.11700001661268,3.28845525016965,0.000160996910666349
binary_longitudinal,2,landweber,3.33964685192599,3.58714456762492,0.00077541726688542
binary_longitudinal,2,landweber,3.11700001661268,3.32175086640359,0.00144899797928404
binary_longitudinal,2,landweber,3.01375270747048,3.55536922817198,9.76858332026189e-06
binary_longitudinal,2,landweber,2.82211880039051,3.29323509545351,2.5709118773179e-05
binary_longitudinal,2,landweber,3.01375270747048,3.5925482786039,9.7587515130386e-05
binary_longitudinal,2,landweber,2.82211880039051,3.3266002554962,0.00031944887564232
binary_longitudinal,2,landweber,3.33964685192599,3.12895022596831,1.06791930495902e-05
binary_longitudinal,2,landweber,3.11700001661268,2.91055888160505,8.68076331812331e-06
binary_longitudinal,2,landweber,3.33964685192599,3.15992514221356,8.53476284364712e-05
binary_longitudinal,2,landweber,3.11700001661268,2.93835633812493,8.74946964899589e-05
binary_longitudinal,2,landweber,3.01375270747048,3.13339691667657,3.55864326546287e-05
binary_longitudinal,2,landweber,2.82211880039051,2.91454942319817,5.07326675426327e-05
binary_longitudinal,2,landweber,3.01375270747048,3.16443652953641,0.000393106644718428
binary_longitudinal,2,landweber,2.82211880039051,2.9424049396436,0.000705952446927189
binary_longitudinal,2,landweber,1.77880078307141,1.68987037324373,0.00106462963936783
binary_longitudinal,2,landweber,1.70468808971871,1.61910229402264,0.000744617548498822
binary_longitudinal,2,landweber,1.77880078307141,1.69990756282696,8.14586064091042e-05
binary_longitudinal,2,landweber,1.70468808971871,1.62810985158349,7.13780584804168e-05
binary_longitudinal,2,landweber,1.67032004603564,1.6913112900586,0.000173893987726491
binary_longitudinal,2,landweber,1.60653065971263,1.62039539913366,0.000212368151645404
binary_longitudinal,2,landweber,1.67032004603564,1.70136944409516,1.83906000541097e-05
binary_longitudinal,2,landweber,1.60653065971263,1.62942177057847,2.81050774725219e-05
binary_longitudinal,2,landweber,1.77880078307141,1.57595094711129,0.000135997554921548
binary_longitudinal,2,landweber,1.70468808971871,1.51686891687279,5.12916369428333e-05
binary_longitudinal,2,landweber,1.77880078307141,1.58433067911749,1.15062227983188e-05
binary_longitudinal,2,landweber,1.70468808971871,1.52438904168107,5.50619515051667e-06
binary_longitudinal,2,landweber,1.67032004603564,1.57715392296939,0.000812975109496126
binary_longitudinal,2,landweber,1.60653065971263,1.5179484894161,0.000535380827321236
binary_longitudinal,2,landweber,1.67032004603564,1.58555115753435,9.50718265592076e-05
binary_longitudinal,2,landweber,1.60653065971263,1.52548432134084,7.93472337035748e-05
binary_longitudinal,2,landweber,1.77880078307141,1.66020541101703,0.000151469193524543
binary_longitudinal,2,landweber,1.70468808971871,1.59248041420442,9.79296871623786e-05
binary_longitudinal,2,landweber,1.77880078307141,1.66981099364714,0.000424153320322389
binary_longitudinal,2,landweber,1.70468808971871,1.60110063978935,0.000343562667204943
binary_longitudinal,2,landweber,1.67032004603564,1.66158436728895,2.4740605658263e-05
binary_longitudinal,2,landweber,1.60653065971263,1.59371791479064,2.79299711587711e-05
binary_longitudinal,2,landweber,1.67032004603564,1.6712100128846,9.57594834914816e-05
binary_longitudinal,2,landweber,1.60653065971263,1.6023561452479,0.000135277641113065
binary_longitudinal,2,landweber,1.77880078307141,1.55118460874811,1.50770733485513e-05
binary_longitudinal,2,landweber,1.70468808971871,1.49464315172927,5.2802530965096e-06
binary_longitudinal,2,landweber,1.77880078307141,1.55920400576519,4.66851610467426e-05
binary_longitudinal,2,landweber,1.70468808971871,1.50183990532605,2.07453093255728e-05
binary_longitudinal,2,landweber,1.67032004603564,1.55233585570934,9.01287185897598e-05
binary_longitudinal,2,landweber,1.60653065971263,1.49567630181416,5.5115150144761e-05
binary_longitudinal,2,landweber,1.67032004603564,1.56037200266156,0.000385742881197564
binary_longitudinal,2,landweber,1.60653065971263,1.50288808710917,0.000298951065538372
binary_longitudinal,2,landweber,2.22140275816017,2.38533049297252,0.00486799514877874
binary_longitudinal,2,landweber,2.10517091807565,2.24322092880454,0.00437572668196998
binary_longitudinal,2,landweber,2.22140275816017,2.40548619951202,0.000502778739068938
binary_longitudinal,2,landweber,2.10517091807565,2.26130902859868,0.000566200169935022
binary_longitudinal,2,landweber,2.05127109637602,2.38822400178068,0.000795789056860014
binary_longitudinal,2,landweber,1.95122942450071,2.24581761654528,0.00124637013784139
binary_longitudinal,2,landweber,2.05127109637602,2.4084218070935,0.000113605050807996
binary_longitudinal,2,landweber,1.95122942450071,2.26394349654879,0.000222654142301546
binary_longitudinal,2,landweber,2.22140275816017,2.15656859670328,0.000621845769761753
binary_longitudinal,2,landweber,2.10517091807565,2.03792581792837,0.000301414041053892
binary_longitudinal,2,landweber,2.22140275816017,2.17339595836622,7.10186982690438e-05
binary_longitudinal,2,landweber,2.10517091807565,2.05302700013872,4.36774086643626e-05
binary_longitudinal,2,landweber,2.05127109637602,2.15898429565654,0.00372040864721646
binary_longitudinal,2,landweber,1.95122942450071,2.04009371036387,0.00314210332564453
binary_longitudinal,2,landweber,2.05127109637602,2.17584680425333,0.000587291314850503
binary_longitudinal,2,landweber,1.95122942450071,2.05522643407566,0.000628604930249441
binary_longitudinal,2,landweber,2.22140275816017,2.32576020507583,0.000692589490280147
binary_longitudinal,2,landweber,2.10517091807565,2.18976146261668,0.000575481394357805
binary_longitudinal,2,landweber,2.22140275816017,2.34504920056882,0.00261795875186688
binary_longitudinal,2,landweber,2.10517091807565,2.20707176006133,0.00272528063519881
binary_longitudinal,2,landweber,2.05127109637602,2.32852929075636,0.000113220149243466
binary_longitudinal,2,landweber,1.95122942450071,2.19224649076638,0.000163918561862273
binary_longitudinal,2,landweber,2.05127109637602,2.34785857474271,0.000591539207822979
binary_longitudinal,2,landweber,1.95122942450071,2.20959294384205,0.0010716969979554
binary_longitudinal,2,landweber,2.22140275816017,2.10683524814322,6.89395797416559e-05
binary_longitudinal,2,landweber,2.10517091807565,1.99329420106651,3.10292772558639e-05
binary_longitudinal,2,landweber,2.22140275816017,2.12293902017618,0.000288150110086933
binary_longitudinal,2,landweber,2.10517091807565,2.00774602070496,0.000164560341308759
binary_longitudinal,2,landweber,2.05127109637602,2.10914707016397,0.000412455018717247
binary_longitudinal,2,landweber,1.95122942450071,1.99536887244237,0.000323466003498371
binary_longitudinal,2,landweber,2.05127109637602,2.12528447778531,0.00238286621906497
binary_longitudinal,2,landweber,1.95122942450071,2.00985087727318,0.00236835116902479
binary_longitudinal,2,landweber,2.49182469764127,2.32693613568047,0.000125625646953538
binary_longitudinal,2,landweber,2.349858807576,2.19081676425475,0.000109059940049626
binary_longitudinal,2,landweber,2.49182469764127,2.34624224024043,9.61206578482424e-06
binary_longitudinal,2,landweber,2.349858807576,2.20814241568911,1.0454342359278e-05
binary_longitudinal,2,landweber,2.28402541668774,2.32970767750094,2.83753746749529e-05
binary_longitudinal,2,landweber,2.16183424272828,2.19330399658938,4.30103708573674e-05
binary_longitudinal,2,landweber,2.28402541668774,2.34905410628958,3.00090977183953e-06
binary_longitudinal,2,landweber,2.16183424272828,2.21066583572428,5.69204843429907e-06
binary_longitudinal,2,landweber,2.49182469764127,2.10781699539856,1.60476283858334e-05
binary_longitudinal,2,landweber,2.349858807576,1.99417523901437,7.51239728543871e-06
binary_longitudinal,2,landweber,2.49182469764127,2.12393505125021,1.35772725986537e-06
binary_longitudinal,2,landweber,2.349858807576,2.00863987721303,8.06461403209649e-07
binary_longitudinal,2,landweber,2.28402541668774,2.11013086797285,0.000132658257108041
binary_longitudinal,2,landweber,2.16183424272828,1.99625175059448,0.000108429290148266
binary_longitudinal,2,landweber,2.28402541668774,2.12628258924716,1.55134673424864e-05
binary_longitudinal,2,landweber,2.16183424272828,2.01074660075934,1.60699894106312e-05
binary_longitudinal,2,landweber,2.49182469764127,2.26987685053227,1.78732722877697e-05
binary_longitudinal,2,landweber,2.349858807576,2.1396107178718,1.43432099237244e-05
binary_longitudinal,2,landweber,2.49182469764127,2.28835277759117,5.00498326391054e-05
binary_longitudinal,2,landweber,2.349858807576,2.15619135282874,5.03196895697656e-05
binary_longitudinal,2,landweber,2.28402541668774,2.27252921390038,4.03708008779839e-06
binary_longitudinal,2,landweber,2.16183424272828,2.14199099728293,5.65658460681113e-06
binary_longitudinal,2,landweber,2.28402541668774,2.29104373121479,1.56256766451553e-05
binary_longitudinal,2,landweber,2.16183424272828,2.15860626384116,2.73974297365351e-05
binary_longitudinal,2,landweber,2.49182469764127,2.06018000358505,1.77908544299253e-06
binary_longitudinal,2,landweber,2.349858807576,1.9514249310494,7.7336894263794e-07
binary_longitudinal,2,landweber,2.49182469764127,2.07560497050789,5.50882047874379e-06
binary_longitudinal,2,landweber,2.349858807576,1.96526757856338,3.03844865853506e-06
binary_longitudinal,2,landweber,2.28402541668774,2.06239437784027,1.47068693541049e-05
binary_longitudinal,2,landweber,2.16183424272828,1.95341215101767,1.11623283869032e-05
binary_longitudinal,2,landweber,2.28402541668774,2.07785156254644,6.29440898174842e-05
binary_longitudinal,2,landweber,2.16183424272828,1.96728371135983,6.05457838069798e-05
binary_longitudinal,2,landweber,3.33964685192599,3.66462390947729,0.000759538687224554
binary_longitudinal,2,landweber,3.11700001661268,3.3912822452547,0.000846706009089562
binary_longitudinal,2,landweber,3.33964685192599,3.70339254831835,7.84470591620539e-05
binary_longitudinal,2,landweber,3.11700001661268,3.42607393101703,0.000109560107628954
binary_longitudinal,2,landweber,3.01375270747048,3.67018944982423,0.000171504198251637
binary_longitudinal,2,landweber,2.82211880039051,3.39627686298277,0.000333273146539268
binary_longitudinal,2,landweber,3.01375270747048,3.70903906385391,2.44835525045291e-05
binary_longitudinal,2,landweber,2.82211880039051,3.43114121736079,5.95366050115374e-05
binary_longitudinal,2,landweber,3.33964685192599,3.22461019327847,9.70247309592075e-05
binary_longitudinal,2,landweber,3.11700001661268,2.99640588635376,5.83238164385081e-05
binary_longitudinal,2,landweber,3.33964685192599,3.2569769032065,1.10808345536661e-05
binary_longitudinal,2,landweber,3.11700001661268,3.02545236398722,8.45160748498278e-06
binary_longitudinal,2,landweber,3.01375270747048,3.22925668682034,0.000801802558993415
binary_longitudinal,2,landweber,2.82211880039051,3.00057573466513,0.000840182727662812
binary_longitudinal,2,landweber,3.01375270747048,3.2616910003713,0.000126569880831251
binary_longitudinal,2,landweber,2.82211880039051,3.0296828810266,0.00016808581710499
binary_longitudinal,2,landweber,3.33964685192599,3.55004301038557,0.000108062661558913
binary_longitudinal,2,landweber,3.11700001661268,3.28845525016965,0.000111356030697654
binary_longitudinal,2,landweber,3.33964685192599,3.58714456762492,0.000408472254558399
binary_longitudinal,2,landweber,3.11700001661268,3.32175086640359,0.000527343606671384
binary_longitudinal,2,landweber,3.01375270747048,3.55536922817198,2.4400600579441e-05
binary_longitudinal,2,landweber,2.82211880039051,3.29323509545351,4.38310043135704e-05
binary_longitudinal,2,landweber,3.01375270747048,3.5925482786039,0.000127485363988782
binary_longitudinal,2,landweber,2.82211880039051,3.3266002554962,0.000286566421804578
binary_longitudinal,2,landweber,3.33964685192599,3.12895022596831,1.07564359237141e-05
binary_longitudinal,2,landweber,3.11700001661268,2.91055888160505,6.00418568611739e-06
binary_longitudinal,2,landweber,3.33964685192599,3.15992514221356,4.49591977087213e-05
binary_longitudinal,2,landweber,3.11700001661268,2.93835633812493,3.1842534959525e-05
binary_longitudinal,2,landweber,3.01375270747048,3.13339691667657,8.88900980607588e-05
binary_longitudinal,2,landweber,2.82211880039051,2.91454942319817,8.64931929218788e-05
binary_longitudinal,2,landweber,3.01375270747048,3.16443652953641,0.000513542573774717
binary_longitudinal,2,landweber,2.82211880039051,2.9424049396436,0.000633285267551308
binary_longitudinal,2,landweber,1.77880078307141,1.68987037324373,0.000105972038196597
binary_longitudinal,2,landweber,1.70468808971871,1.61910229402264,7.40029352343184e-05
binary_longitudinal,2,landweber,1.77880078307141,1.69990756282696,1.25892464741956e-05
binary_longitudinal,2,landweber,1.70468808971871,1.62810985158349,1.10343278474698e-05
binary_longitudinal,2,landweber,1.67032004603564,1.6913112900586,9.36643552119747e-06
binary_longitudinal,2,landweber,1.60653065971263,1.62039539913366,1.14506399725992e-05
binary_longitudinal,2,landweber,1.67032004603564,1.70136944409516,1.53799777282289e-06
binary_longitudinal,2,landweber,1.60653065971263,1.62942177057847,2.35716852536868e-06
binary_longitudinal,2,landweber,1.77880078307141,1.57595094711129,1.35370438243179e-05
binary_longitudinal,2,landweber,1.70468808971871,1.51686891687279,5.09755873252653e-06
binary_longitudinal,2,landweber,1.77880078307141,1.58433067911749,1.778261146128e-06
binary_longitudinal,2,landweber,1.70468808971871,1.52438904168107,8.51202229038192e-07
binary_longitudinal,2,landweber,1.67032004603564,1.57715392296939,4.37892019326779e-05
binary_longitudinal,2,landweber,1.60653065971263,1.5179484894161,2.88671020319653e-05
binary_longitudinal,2,landweber,1.67032004603564,1.58555115753435,7.95081493132629e-06
binary_longitudinal,2,landweber,1.60653065971263,1.52548432134084,6.65484028798717e-06
binary_longitudinal,2,landweber,1.77880078307141,1.66020541101703,1.50770733485513e-05
binary_longitudinal,2,landweber,1.70468808971871,1.59248041420442,9.73262624713179e-06
binary_longitudinal,2,landweber,1.77880078307141,1.66981099364714,6.55519524305315e-05
binary_longitudinal,2,landweber,1.70468808971871,1.60110063978935,5.31113228182101e-05
binary_longitudinal,2,landweber,1.67032004603564,1.66158436728895,1.33260091785331e-06
binary_longitudinal,2,landweber,1.60653065971263,1.59371791479064,1.50595106519631e-06
binary_longitudinal,2,landweber,1.67032004603564,1.6712100128846,8.00832337733632e-06
binary_longitudinal,2,landweber,1.60653065971263,1.6023561452479,1.13457149559397e-05
binary_longitudinal,2,landweber,1.77880078307141,1.55118460874811,1.50075494209827e-06
binary_longitudinal,2,landweber,1.70468808971871,1.49464315172927,5.24771714969094e-07
binary_longitudinal,2,landweber,1.77880078307141,1.55920400576519,7.21508782206799e-06
binary_longitudinal,2,landweber,1.70468808971871,1.50183990532605,3.20701556288963e-06
binary_longitudinal,2,landweber,1.67032004603564,1.55233585570934,4.8545947005765e-06
binary_longitudinal,2,landweber,1.60653065971263,1.49567630181416,2.97174381588617e-06
binary_longitudinal,2,landweber,1.67032004603564,1.56037200266156,3.22595070535267e-05
binary_longitudinal,2,landweber,1.60653065971263,1.50288808710917,2.50729798913181e-05
binary_longitudinal,2,landweber,2.22140275816017,2.38533049297252,0.000535804216557258
binary_longitudinal,2,landweber,2.10517091807565,2.24322092880454,0.000482473898643181
binary_longitudinal,2,landweber,2.22140275816017,2.40548619951202,8.59217117479918e-05
binary_longitudinal,2,landweber,2.10517091807565,2.26130902859868,9.71089158479462e-05
binary_longitudinal,2,landweber,2.05127109637602,2.38822400178068,4.76763856244649e-05
binary_longitudinal,2,landweber,1.95122942450071,2.24581761654528,7.52594403054059e-05
binary_longitudinal,2,landweber,2.05127109637602,2.4084218070935,1.05675187534922e-05
binary_longitudinal,2,landweber,1.95122942450071,2.26394349654879,2.09127045694097e-05
binary_longitudinal,2,landweber,2.22140275816017,2.15656859670328,6.84445188015912e-05
binary_longitudinal,2,landweber,2.10517091807565,2.03792581792837,3.32343443872496e-05
binary_longitudinal,2,landweber,2.22140275816017,2.17339595836622,1.21366470919004e-05
binary_longitudinal,2,landweber,2.10517091807565,2.05302700013872,7.49110655147047e-06
binary_longitudinal,2,landweber,2.05127109637602,2.15898429565654,0.000222892782724565
binary_longitudinal,2,landweber,1.95122942450071,2.04009371036387,0.000189729303110001
binary_longitudinal,2,landweber,2.05127109637602,2.17584680425333,5.46297188312067e-05
binary_longitudinal,2,landweber,1.95122942450071,2.05522643407566,5.90414759918424e-05
binary_longitudinal,2,landweber,2.22140275816017,2.32576020507583,7.6231047462823e-05
binary_longitudinal,2,landweber,2.10517091807565,2.18976146261668,6.34534037686793e-05
binary_longitudinal,2,landweber,2.22140275816017,2.34504920056882,0.000447392619788555
binary_longitudinal,2,landweber,2.10517091807565,2.20707176006133,0.00046741251931438
binary_longitudinal,2,landweber,2.05127109637602,2.32852929075636,6.78311350132134e-06
binary_longitudinal,2,landweber,1.95122942450071,2.19224649076638,9.89787772257393e-06
binary_longitudinal,2,landweber,2.05127109637602,2.34785857474271,5.50248569727787e-05
binary_longitudinal,2,landweber,1.95122942450071,2.20959294384205,0.000100658727812086
binary_longitudinal,2,landweber,2.22140275816017,2.10683524814322,7.58795281924868e-06
binary_longitudinal,2,landweber,2.10517091807565,1.99329420106651,3.42133260548552e-06
binary_longitudinal,2,landweber,2.22140275816017,2.12293902017618,4.92430343114546e-05
binary_longitudinal,2,landweber,2.10517091807565,2.00774602070496,2.82237222533781e-05
binary_longitudinal,2,landweber,2.05127109637602,2.10914707016397,2.47105239203716e-05
binary_longitudinal,2,landweber,1.95122942450071,1.99536887244237,1.95318145404827e-05
binary_longitudinal,2,landweber,2.05127109637602,2.12528447778531,0.000221653731748163
binary_longitudinal,2,landweber,1.95122942450071,2.00985087727318,0.000222446471475719
binary_longitudinal,2,landweber,2.49182469764127,2.32693613568047,0.000457647591102943
binary_longitudinal,2,landweber,2.349858807576,2.19081676425475,0.000396680697514186
binary_longitudinal,2,landweber,2.49182469764127,2.34624224024043,5.43675333678904e-05
binary_longitudinal,2,landweber,2.349858807576,2.20814241568911,5.91477196583503e-05
binary_longitudinal,2,landweber,2.28402541668774,2.32970767750094,5.59360146777711e-05
binary_longitudinal,2,landweber,2.16183424272828,2.19330399658938,8.48738093609244e-05
binary_longitudinal,2,landweber,2.28402541668774,2.34905410628958,9.18486715680733e-06
binary_longitudinal,2,landweber,2.16183424272828,2.21066583572428,1.74716760401559e-05
binary_longitudinal,2,landweber,2.49182469764127,2.10781699539856,5.84606619093318e-05
binary_longitudinal,2,landweber,2.349858807576,1.99417523901437,2.73246344518023e-05
binary_longitudinal,2,landweber,2.49182469764127,2.12393505125021,7.67954399789561e-06
binary_longitudinal,2,landweber,2.349858807576,2.00863987721303,4.56273109804858e-06
binary_longitudinal,2,landweber,2.28402541668774,2.11013086797285,0.00026150753256037
binary_longitudinal,2,landweber,2.16183424272828,1.99625175059448,0.000213967159960164
binary_longitudinal,2,landweber,2.28402541668774,2.12628258924716,4.74819796380822e-05
binary_longitudinal,2,landweber,2.16183424272828,2.01074660075934,4.93266443868302e-05
binary_longitudinal,2,landweber,2.49182469764127,2.26987685053227,6.51113861379755e-05
binary_longitudinal,2,landweber,2.349858807576,2.1396107178718,5.2170159955584e-05
binary_longitudinal,2,landweber,2.49182469764127,2.28835277759117,0.000283090649500133
binary_longitudinal,2,landweber,2.349858807576,2.15619135282874,0.000284694607243882
binary_longitudinal,2,landweber,2.28402541668774,2.27252921390038,7.95824455652947e-06
binary_longitudinal,2,landweber,2.16183424272828,2.14199099728293,1.11623283869032e-05
binary_longitudinal,2,landweber,2.28402541668774,2.29104373121479,4.78254180008225e-05
binary_longitudinal,2,landweber,2.16183424272828,2.15860626384116,8.40960898725417e-05
binary_longitudinal,2,landweber,2.49182469764127,2.06018000358505,6.48111422385726e-06
binary_longitudinal,2,landweber,2.349858807576,1.9514249310494,2.81295342232749e-06
binary_longitudinal,2,landweber,2.49182469764127,2.07560497050789,3.11588567848423e-05
binary_longitudinal,2,landweber,2.349858807576,1.96526757856338,1.71906852937362e-05
binary_longitudinal,2,landweber,2.28402541668774,2.06239437784027,2.89914642354107e-05
binary_longitudinal,2,landweber,2.16183424272828,1.95341215101767,2.20269975042956e-05
binary_longitudinal,2,landweber,2.28402541668774,2.07785156254644,0.000192652611119777
binary_longitudinal,2,landweber,2.16183424272828,1.96728371135983,0.000185844574669916
binary_longitudinal,2,landweber,3.33964685192599,3.66462390947729,0.00305960966902122
binary_longitudinal,2,landweber,3.11700001661268,3.3912822452547,0.00341677525449953
binary_longitudinal,2,landweber,3.33964685192599,3.70339254831835,0.000490639849257172
binary_longitudinal,2,landweber,3.11700001661268,3.42607393101703,0.000687704229376201
binary_longitudinal,2,landweber,3.01375270747048,3.67018944982423,0.000376045374945552
binary_longitudinal,2,landweber,2.82211880039051,3.39627686298277,0.000736502806032577
binary_longitudinal,2,landweber,3.01375270747048,3.70903906385391,8.33508350067117e-05
binary_longitudinal,2,landweber,2.82211880039051,3.43114121736079,0.000204655595824225
binary_longitudinal,2,landweber,3.33964685192599,3.22461019327847,0.000390839610898199
binary_longitudinal,2,landweber,3.11700001661268,2.99640588635376,0.00023535840139997
binary_longitudinal,2,landweber,3.33964685192599,3.2569769032065,6.93040510775986e-05
binary_longitudinal,2,landweber,3.11700001661268,3.02545236398722,5.30503879398729e-05
binary_longitudinal,2,landweber,3.01375270747048,3.22925668682034,0.00175805692806767
binary_longitudinal,2,landweber,2.82211880039051,3.00057573466513,0.00185672606067844
binary_longitudinal,2,landweber,3.01375270747048,3.2616910003713,0.000430889481909668
binary_longitudinal,2,landweber,2.82211880039051,3.0296828810266,0.000577790806891949
binary_longitudinal,2,landweber,3.33964685192599,3.55004301038557,0.000435303125077114
binary_longitudinal,2,landweber,3.11700001661268,3.28845525016965,0.000449363209948342
binary_longitudinal,2,landweber,3.33964685192599,3.58714456762492,0.00255475179749266
binary_longitudinal,2,landweber,3.11700001661268,3.32175086640359,0.00331011384061995
binary_longitudinal,2,landweber,3.01375270747048,3.55536922817198,5.35015065947808e-05
binary_longitudinal,2,landweber,2.82211880039051,3.29323509545351,9.68624625277663e-05
binary_longitudinal,2,landweber,3.01375270747048,3.5925482786039,0.000434006116458544
binary_longitudinal,2,landweber,2.82211880039051,3.3266002554962,0.000985064932511136
binary_longitudinal,2,landweber,3.33964685192599,3.12895022596831,4.33295840092911e-05
binary_longitudinal,2,landweber,3.11700001661268,2.91055888160505,2.42291336727435e-05
binary_longitudinal,2,landweber,3.33964685192599,3.15992514221356,0.000281193128488883
binary_longitudinal,2,landweber,3.11700001661268,2.93835633812493,0.000199874264818062
binary_longitudinal,2,landweber,3.01375270747048,3.13339691667657,0.000194903160359726
binary_longitudinal,2,landweber,2.82211880039051,2.91454942319817,0.000191141950532684
binary_longitudinal,2,landweber,3.01375270747048,3.16443652953641,0.00174828396850091
binary_longitudinal,2,landweber,2.82211880039051,2.9424049396436,0.00217690232307168
binary_longitudinal,2,pmmr,1.77880078307141,1.97758295416642,0.00748294912415195
binary_longitudinal,2,pmmr,1.70468808971871,2.09724093898043,0.0076425891174435
binary_longitudinal,2,pmmr,1.77880078307141,2.01226422990954,0.000709245152938778
binary_longitudinal,2,pmmr,1.70468808971871,2.11851245561163,0.000904292506752669
binary_longitudinal,2,pmmr,1.67032004603564,1.94332379362384,0.000905462486159698
binary_longitudinal,2,pmmr,1.60653065971263,2.03104395574979,0.00161476113157825
binary_longitudinal,2,pmmr,1.67032004603564,1.97447323615426,0.000118622468061873
binary_longitudinal,2,pmmr,1.60653065971263,2.05155661611801,0.000263779258816363
binary_longitudinal,2,pmmr,1.77880078307141,1.89530016128508,0.000955884325267599
binary_longitudinal,2,pmmr,1.70468808971871,2.01017919435578,0.000526445968276534
binary_longitudinal,2,pmmr,1.77880078307141,1.93324654412948,0.000100182572573807
binary_longitudinal,2,pmmr,1.70468808971871,2.03563393714022,6.97582859681761e-05
binary_longitudinal,2,pmmr,1.67032004603564,1.87172130474872,0.00423314499514566
binary_longitudinal,2,pmmr,1.60653065971263,1.95618863012139,0.00407081826466162
binary_longitudinal,2,pmmr,1.67032004603564,1.90587109094618,0.00061322929520635
binary_longitudinal,2,pmmr,1.60653065971263,1.98026984656306,0.000744710791703774
binary_longitudinal,2,pmmr,1.77880078307141,1.97628129270316,0.00106462963936783
binary_longitudinal,2,pmmr,1.70468808971871,2.10083094104097,0.00100512855611679
binary_longitudinal,2,pmmr,1.77880078307141,2.01727627156918,0.00369302520387731
binary_longitudinal,2,pmmr,1.70468808971871,2.12619259872851,0.00435261412495031
binary_longitudinal,2,pmmr,1.67032004603564,1.94354942042824,0.000128823834574787
binary_longitudinal,2,pmmr,1.60653065971263,2.03582467808145,0.000212368151645404
binary_longitudinal,2,pmmr,1.67032004603564,1.97953435522151,0.000617664798248458
binary_longitudinal,2,pmmr,1.60653065971263,2.05908228931115,0.00126964374825572
binary_longitudinal,2,pmmr,1.77880078307141,1.89428972936983,0.000105972038196597
binary_longitudinal,2,pmmr,1.70468808971871,2.01458974693644,5.4195344890929e-05
binary_longitudinal,2,pmmr,1.77880078307141,1.93732373299824,0.000406479138868103
binary_longitudinal,2,pmmr,1.70468808971871,2.0431002376389,0.000262823452651471
binary_longitudinal,2,pmmr,1.67032004603564,1.87219384212662,0.000469298419546449
binary_longitudinal,2,pmmr,1.60653065971263,1.96168359647788,0.000419073206247334
binary_longitudinal,2,pmmr,1.67032004603564,1.91020446436374,0.00248810655825924
binary_longitudinal,2,pmmr,1.60653065971263,1.98769042393518,0.00280579516520357
binary_longitudinal,2,pmmr,2.22140275816017,2.22950444281058,0.000934898023489231
binary_longitudinal,2,pmmr,2.10517091807565,2.34088600382317,0.0012271489970857
binary_longitudinal,2,pmmr,2.22140275816017,2.26960051232912,0.000119612390536422
binary_longitudinal,2,pmmr,2.10517091807565,2.3696055681219,0.000195999093135422
binary_longitudinal,2,pmmr,2.05127109637602,2.17397876849932,0.000113220149243466
binary_longitudinal,2,pmmr,1.95122942450071,2.25488718046838,0.000258943968827728
binary_longitudinal,2,pmmr,2.05127109637602,2.21074159953334,2.00220509127348e-05
binary_longitudinal,2,pmmr,1.95122942450071,2.28351107658026,5.70987369063187e-05
binary_longitudinal,2,pmmr,2.22140275816017,2.12673226688921,0.000119425423258947
binary_longitudinal,2,pmmr,2.10517091807565,2.23717288086013,8.45299455541655e-05
binary_longitudinal,2,pmmr,2.22140275816017,2.17096357823463,1.68955359736889e-05
binary_longitudinal,2,pmmr,2.10517091807565,2.27074236489504,1.51196218992706e-05
binary_longitudinal,2,pmmr,2.05127109637602,2.08772445996686,0.000529317686205158
binary_longitudinal,2,pmmr,1.95122942450071,2.16863580564275,0.000652798619692812
binary_longitudinal,2,pmmr,2.05127109637602,2.12831851949311,0.000103505755447592
binary_longitudinal,2,pmmr,1.95122942450071,2.2015122476075,0.000161203142952165
binary_longitudinal,2,pmmr,2.22140275816017,2.22424773182138,0.000133011748319997
binary_longitudinal,2,pmmr,2.10517091807565,2.34217522221558,0.000161390659713171
binary_longitudinal,2,pmmr,2.22140275816017,2.27420533041461,0.000622819304603906
binary_longitudinal,2,pmmr,2.10517091807565,2.37811200772772,0.000943398750833641
binary_longitudinal,2,pmmr,2.05127109637602,2.1716906442951,1.61082916185006e-05
binary_longitudinal,2,pmmr,1.95122942450071,2.25896743868999,3.40554717129719e-05
binary_longitudinal,2,pmmr,2.05127109637602,2.21642982592444,0.000104254415201378
binary_longitudinal,2,pmmr,1.95122942450071,2.29317323965754,0.00027483227707784
binary_longitudinal,2,pmmr,2.22140275816017,2.12272989681943,1.32398399897382e-05
binary_longitudinal,2,pmmr,2.10517091807565,2.24033749731979,8.70199380178946e-06
binary_longitudinal,2,pmmr,2.22140275816017,2.17518110832816,6.85516725799842e-05
binary_longitudinal,2,pmmr,2.10517091807565,2.27979489172664,5.69651500921905e-05
binary_longitudinal,2,pmmr,2.05127109637602,2.0864540235626,5.86816548591944e-05
binary_longitudinal,2,pmmr,1.95122942450071,2.1743024862057,6.72028061196784e-05
binary_longitudinal,2,pmmr,2.05127109637602,2.13376284221645,0.000419962566954781
binary_longitudinal,2,pmmr,1.95122942450071,2.21174606060019,0.000607353893819652
binary_longitudinal,2,pmmr,2.49182469764127,2.24469523062443,0.000882983424545827
binary_longitudinal,2,pmmr,2.349858807576,2.4078118985304,0.00111936699941155
binary_longitudinal,2,pmmr,2.49182469764127,2.27692609990533,8.36904946958843e-05
binary_longitudinal,2,pmmr,2.349858807576,2.41564553260109,0.000132446632197425
binary_longitudinal,2,pmmr,2.28402541668774,2.16171600629932,0.00014775000352115
binary_longitudinal,2,pmmr,2.16183424272828,2.27872257874473,0.000327033383193953
binary_longitudinal,2,pmmr,2.28402541668774,2.18991262932491,1.93563735016384e-05
binary_longitudinal,2,pmmr,2.16183424272828,2.28815408389668,5.34225290292901e-05
binary_longitudinal,2,pmmr,2.49182469764127,2.12974957835544,0.000112793766333419
binary_longitudinal,2,pmmr,2.349858807576,2.2829851816657,7.7105577024548e-05
binary_longitudinal,2,pmmr,2.49182469764127,2.16568153419706,1.18214823518603e-05
binary_longitudinal,2,pmmr,2.349858807576,2.29682948219972,1.02171033989081e-05
binary_longitudinal,2,pmmr,2.28402541668774,2.06545285186248,0.00069074886867041
binary_longitudinal,2,pmmr,2.16183424272828,2.17579288787004,0.000824452263201824
binary_longitudinal,2,pmmr,2.28402541668774,2.09690950453187,0.000100064477447639
binary_longitudinal,2,pmmr,2.16183424272828,2.19002419176298,0.000150824344820521
binary_longitudinal,2,pmmr,2.49182469764127,2.24449071321969,0.000125625646953538
binary_longitudinal,2,pmmr,2.349858807576,2.41010002669121,0.000147215520629698
binary_longitudinal,2,pmmr,2.49182469764127,2.28593738446885,0.000435774717608172
binary_longitudinal,2,pmmr,2.349858807576,2.42449161017643,0.000637502885183462
binary_longitudinal,2,pmmr,2.28402541668774,2.16280414739261,2.10209945778757e-05
binary_longitudinal,2,pmmr,2.16183424272828,2.282361405386,4.30103708573674e-05
binary_longitudinal,2,pmmr,2.28402541668774,2.19788522174627,0.00010078824635039
binary_longitudinal,2,pmmr,2.16183424272828,2.29621942220033,0.00025713765480427
binary_longitudinal,2,pmmr,2.49182469764127,2.13007495130383,1.25046357579688e-05
binary_longitudinal,2,pmmr,2.349858807576,2.28704777785071,7.93768704039999e-06
binary_longitudinal,2,pmmr,2.49182469764127,2.17335892938605,4.7964290026477e-05
binary_longitudinal,2,pmmr,2.349858807576,2.30577351966504,3.84942713848094e-05
binary_longitudinal,2,pmmr,2.28402541668774,2.06697122314659,7.65783720477939e-05
binary_longitudinal,2,pmmr,2.16183424272828,2.18085244342887,8.48738093609244e-05
binary_longitudinal,2,pmmr,2.28402541668774,2.10388414480919,0.000405999981625921
binary_longitudinal,2,pmmr,2.16183424272828,2.19823691664299,0.000568250416412313
binary_longitudinal,2,pmmr,3.33964685192599,2.53939500075361,0.000145869335475403
binary_longitudinal,2,pmmr,3.11700001661268,2.69103186915091,0.000237454143139697
binary_longitudinal,2,pmmr,3.33964685192599,2.58356354978997,1.86627626583844e-05
binary_longitudinal,2,pmmr,3.11700001661268,2.71330984831099,3.7925954246108e-05
binary_longitudinal,2,pmmr,3.01375270747048,2.42574598872838,2.4400600579441e-05
binary_longitudinal,2,pmmr,2.82211880039051,2.53458246536911,6.92403232783208e-05
binary_longitudinal,2,pmmr,3.01375270747048,2.46526692964364,4.31504524916592e-06
binary_longitudinal,2,pmmr,2.82211880039051,2.55823731642977,1.52679169168351e-05
binary_longitudinal,2,pmmr,3.33964685192599,2.39881168964043,1.8633590714669e-05
binary_longitudinal,2,pmmr,3.11700001661268,2.54562253009873,1.63566004119122e-05
binary_longitudinal,2,pmmr,3.33964685192599,2.44669401382872,2.63615981963957e-06
binary_longitudinal,2,pmmr,3.11700001661268,2.57374422453152,2.92565684461606e-06
binary_longitudinal,2,pmmr,3.01375270747048,2.31165386638896,0.000114075714676479
binary_longitudinal,2,pmmr,2.82211880039051,2.41796401855645,0.000174555088762244
binary_longitudinal,2,pmmr,3.01375270747048,2.35461956703778,2.2307006422673e-05
binary_longitudinal,2,pmmr,2.82211880039051,2.44648098455151,4.31049148664089e-05
binary_longitudinal,2,pmmr,3.33964685192599,2.53794822679842,2.07534242777046e-05
binary_longitudinal,2,pmmr,3.11700001661268,2.69355273407194,3.12291994728862e-05
binary_longitudinal,2,pmmr,3.33964685192599,2.59613794975323,9.71766286816531e-05
binary_longitudinal,2,pmmr,3.11700001661268,2.72663512000747,0.000182548282686344
binary_longitudinal,2,pmmr,3.01375270747048,2.42688227655205,3.47157279359331e-06
binary_longitudinal,2,pmmr,2.82211880039051,2.54000510812267,9.10626295517483e-06
binary_longitudinal,2,pmmr,3.01375270747048,2.47742016009773,2.24683535657752e-05
binary_longitudinal,2,pmmr,2.82211880039051,2.5718312122852,7.34887775078738e-05
binary_longitudinal,2,pmmr,3.33964685192599,2.3986709515279,2.0657725362343e-06
binary_longitudinal,2,pmmr,3.11700001661268,2.55089690381191,1.68384156016759e-06
binary_longitudinal,2,pmmr,3.33964685192599,2.4581252103867,1.06959119323509e-05
binary_longitudinal,2,pmmr,3.11700001661268,2.58772955664045,1.10227942459221e-05
binary_longitudinal,2,pmmr,3.01375270747048,2.31383995339067,1.26467561748286e-05
binary_longitudinal,2,pmmr,2.82211880039051,2.4256123593464,1.79696945327679e-05
binary_longitudinal,2,pmmr,3.01375270747048,2.36599910816884,9.05080846744403e-05
binary_longitudinal,2,pmmr,2.82211880039051,2.46075462442169,0.000162403396158639
binary_longitudinal,2,pmmr,1.77880078307141,1.97758295416642,0.000955884325267599
binary_longitudinal,2,pmmr,1.70468808971871,2.09724093898043,0.000970351563627095
binary_longitudinal,2,pmmr,1.77880078307141,2.01226422990954,0.000139844897630605
binary_longitudinal,2,pmmr,1.70468808971871,2.11851245561163,0.000176779079384732
binary_longitudinal,2,pmmr,1.67032004603564,1.94332379362384,6.2589294446911e-05
binary_longitudinal,2,pmmr,1.60653065971263,2.03104395574979,0.000111229908396983
binary_longitudinal,2,pmmr,1.67032004603564,1.97447323615426,1.26565182893121e-05
binary_longitudinal,2,pmmr,1.60653065971263,2.05155661611801,2.79761065503157e-05
binary_longitudinal,2,pmmr,1.77880078307141,1.89530016128508,0.000122106248236165
binary_longitudinal,2,pmmr,1.70468808971871,2.01017919435578,6.6840917473422e-05
binary_longitudinal,2,pmmr,1.77880078307141,1.93324654412948,1.9753425945745e-05
binary_longitudinal,2,pmmr,1.70468808971871,2.03563393714022,1.36369653412199e-05
binary_longitudinal,2,pmmr,1.67032004603564,1.87172130474872,0.000292612408120141
binary_longitudinal,2,pmmr,1.60653065971263,1.95618863012139,0.000280410974616735
binary_longitudinal,2,pmmr,1.67032004603564,1.90587109094618,6.54289859006547e-05
binary_longitudinal,2,pmmr,1.60653065971263,1.98026984656306,7.89831185035628e-05
binary_longitudinal,2,pmmr,1.77880078307141,1.97628129270316,0.000135997554921548
binary_longitudinal,2,pmmr,1.70468808971871,2.10083094104097,0.000127617493376436
binary_longitudinal,2,pmmr,1.77880078307141,2.01727627156918,0.000728169560896594
binary_longitudinal,2,pmmr,1.70468808971871,2.12619259872851,0.000850887419922132
binary_longitudinal,2,pmmr,1.67032004603564,1.94354942042824,8.90483375868919e-06
binary_longitudinal,2,pmmr,1.60653065971263,2.03582467808145,1.46285971293273e-05
binary_longitudinal,2,pmmr,1.67032004603564,1.97953435522151,6.5902235414781e-05
binary_longitudinal,2,pmmr,1.60653065971263,2.05908228931115,0.00013465686779745
binary_longitudinal,2,pmmr,1.77880078307141,1.89428972936983,1.35370438243179e-05
binary_longitudinal,2,pmmr,1.70468808971871,2.01458974693644,6.8809845522369e-06
binary_longitudinal,2,pmmr,1.77880078307141,1.93732373299824,8.01472288227161e-05
binary_longitudinal,2,pmmr,1.70468808971871,2.0431002376389,5.13790478783116e-05
binary_longitudinal,2,pmmr,1.67032004603564,1.87219384212662,3.24398386608389e-05
binary_longitudinal,2,pmmr,1.60653065971263,1.96168359647788,2.88671020319653e-05
binary_longitudinal,2,pmmr,1.67032004603564,1.91020446436374,0.000265470502130676
binary_longitudinal,2,pmmr,1.60653065971263,1.98769042393518,0.000297579213969747
binary_longitudinal,2,pmmr,2.22140275816017,2.22950444281058,0.000132056579730201
binary_longitudinal,2,pmmr,2.10517091807565,2.34088600382317,0.000172859738935083
binary_longitudinal,2,pmmr,2.22140275816017,2.26960051232912,2.60789243617065e-05
binary_longitudinal,2,pmmr,2.10517091807565,2.3696055681219,4.2509300165877e-05
binary_longitudinal,2,pmmr,2.05127109637602,2.17397876849932,8.70500243869682e-06
binary_longitudinal,2,pmmr,1.95122942450071,2.25488718046838,1.99752704930459e-05
binary_longitudinal,2,pmmr,2.05127109637602,2.21074159953334,2.37613678042614e-06
binary_longitudinal,2,pmmr,1.95122942450071,2.28351107658026,6.7818270053608e-06
binary_longitudinal,2,pmmr,2.22140275816017,2.12673226688921,1.68691263989926e-05
binary_longitudinal,2,pmmr,2.10517091807565,2.23717288086013,1.19071313714885e-05
binary_longitudinal,2,pmmr,2.22140275816017,2.17096357823463,3.68371038094215e-06
binary_longitudinal,2,pmmr,2.10517091807565,2.27074236489504,3.2792220383723e-06
binary_longitudinal,2,pmmr,2.05127109637602,2.08772445996686,4.06969234721017e-05
binary_longitudinal,2,pmmr,1.95122942450071,2.16863580564275,5.03577243559056e-05
binary_longitudinal,2,pmmr,2.05127109637602,2.12831851949311,1.22836483423577e-05
binary_longitudinal,2,pmmr,1.95122942450071,2.2015122476075,1.91466902326703e-05
binary_longitudinal,2,pmmr,2.22140275816017,2.22424773182138,1.87882272780048e-05
binary_longitudinal,2,pmmr,2.10517091807565,2.34217522221558,2.27339527399143e-05
binary_longitudinal,2,pmmr,2.22140275816017,2.27420533041461,0.000135792433065955
binary_longitudinal,2,pmmr,2.10517091807565,2.37811200772772,0.000204609215449747
binary_longitudinal,2,pmmr,2.05127109637602,2.1716906442951,1.23849614012393e-06
binary_longitudinal,2,pmmr,1.95122942450071,2.25896743868999,2.62708284851948e-06
binary_longitudinal,2,pmmr,2.05127109637602,2.21642982592444,1.2372496282299e-05
binary_longitudinal,2,pmmr,1.95122942450071,2.29317323965754,3.26428404482803e-05
binary_longitudinal,2,pmmr,2.22140275816017,2.12272989681943,1.87015903477317e-06
binary_longitudinal,2,pmmr,2.10517091807565,2.24033749731979,1.22578788750539e-06
binary_longitudinal,2,pmmr,2.22140275816017,2.17518110832816,1.4946226524396e-05
binary_longitudinal,2,pmmr,2.10517091807565,2.27979489172664,1.23548972881728e-05
binary_longitudinal,2,pmmr,2.05127109637602,2.0864540235626,4.51177596981956e-06
binary_longitudinal,2,pmmr,1.95122942450071,2.1743024862057,5.18411081829589e-06
binary_longitudinal,2,pmmr,2.05127109637602,2.13376284221645,4.98394747917028e-05
binary_longitudinal,2,pmmr,1.95122942450071,2.21174606060019,7.2137655963828e-05
binary_longitudinal,2,pmmr,2.49182469764127,2.24469523062443,0.00412805270405592
binary_longitudinal,2,pmmr,2.349858807576,2.4078118985304,0.00520141172609965
binary_longitudinal,2,pmmr,2.49182469764127,2.27692609990533,0.000603929882050146
binary_longitudinal,2,pmmr,2.349858807576,2.41564553260109,0.00094759550137048
binary_longitudinal,2,pmmr,2.28402541668774,2.16171600629932,0.000373781006118126
binary_longitudinal,2,pmmr,2.16183424272828,2.27872257874473,0.000824452263201824
binary_longitudinal,2,pmmr,2.28402541668774,2.18991262932491,7.55842701525296e-05
binary_longitudinal,2,pmmr,2.16183424272828,2.28815408389668,0.00020736297182466
binary_longitudinal,2,pmmr,2.49182469764127,2.12974957835544,0.000527324295303528
binary_longitudinal,2,pmmr,2.349858807576,2.2829851816657,0.000358289866231539
binary_longitudinal,2,pmmr,2.49182469764127,2.16568153419706,8.53065389129307e-05
binary_longitudinal,2,pmmr,2.349858807576,2.29682948219972,7.30987346164517e-05
binary_longitudinal,2,pmmr,2.28402541668774,2.06545285186248,0.00174747073403369
binary_longitudinal,2,pmmr,2.16183424272828,2.17579288787004,0.00207844693914776
binary_longitudinal,2,pmmr,2.28402541668774,2.09690950453187,0.00039073954092867
binary_longitudinal,2,pmmr,2.16183424272828,2.19002419176298,0.000585434365122306
binary_longitudinal,2,pmmr,2.49182469764127,2.24449071321969,0.000587314865929753
binary_longitudinal,2,pmmr,2.349858807576,2.41010002669121,0.00068407281585907
binary_longitudinal,2,pmmr,2.49182469764127,2.28593738446885,0.00314465071286622
binary_longitudinal,2,pmmr,2.349858807576,2.42449161017643,0.00456104361498663
binary_longitudinal,2,pmmr,2.28402541668774,2.16280414739261,5.31793456221294e-05
binary_longitudinal,2,pmmr,2.16183424272828,2.282361405386,0.000108429290148266
binary_longitudinal,2,pmmr,2.28402541668774,2.19788522174627,0.000393565769936334
binary_longitudinal,2,pmmr,2.16183424272828,2.29621942220033,0.000998096294524031
binary_longitudinal,2,pmmr,2.49182469764127,2.13007495130383,5.84606619093318e-05
binary_longitudinal,2,pmmr,2.349858807576,2.28704777785071,3.68843984785601e-05
binary_longitudinal,2,pmmr,2.49182469764127,2.17335892938605,0.000346121362092197
binary_longitudinal,2,pmmr,2.349858807576,2.30577351966504,0.000275409029188504
binary_longitudinal,2,pmmr,2.28402541668774,2.06697122314659,0.000193729544966239
binary_longitudinal,2,pmmr,2.16183424272828,2.18085244342887,0.000213967159960164
binary_longitudinal,2,pmmr,2.28402541668774,2.10388414480919,0.00158538025165397
binary_longitudinal,2,pmmr,2.16183424272828,2.19823691664299,0.00220570042693509
binary_longitudinal,2,pmmr,3.33964685192599,2.53939500075361,0.000754084375812706
binary_longitudinal,2,pmmr,3.11700001661268,2.69103186915091,0.00122415508932939
binary_longitudinal,2,pmmr,3.33964685192599,2.58356354978997,0.0001489188152483
binary_longitudinal,2,pmmr,3.11700001661268,2.71330984831099,0.000301041621736058
binary_longitudinal,2,pmmr,3.01375270747048,2.42574598872838,6.86603202630765e-05
binary_longitudinal,2,pmmr,2.82211880039051,2.53458246536911,0.000195481692525041
binary_longitudinal,2,pmmr,3.01375270747048,2.46526692964364,1.87416733633171e-05
binary_longitudinal,2,pmmr,2.82211880039051,2.55823731642977,6.63682137311478e-05
binary_longitudinal,2,pmmr,3.33964685192599,2.39881168964043,9.63279881780911e-05
binary_longitudinal,2,pmmr,3.11700001661268,2.54562253009873,8.4323715617755e-05
binary_longitudinal,2,pmmr,3.33964685192599,2.44669401382872,2.10351384911134e-05
binary_longitudinal,2,pmmr,3.11700001661268,2.57374422453152,2.32227375330128e-05
binary_longitudinal,2,pmmr,3.01375270747048,2.31165386638896,0.000320995177082884
binary_longitudinal,2,pmmr,2.82211880039051,2.41796401855645,0.000492810006864686
binary_longitudinal,2,pmmr,3.01375270747048,2.35461956703778,9.68867309486421e-05
binary_longitudinal,2,pmmr,2.82211880039051,2.44648098455151,0.000187373052807374
binary_longitudinal,2,pmmr,3.33964685192599,2.53794822679842,0.000107286654466648
binary_longitudinal,2,pmmr,3.11700001661268,2.69355273407194,0.000160996910666349
binary_longitudinal,2,pmmr,3.33964685192599,2.59613794975323,0.00077541726688542
binary_longitudinal,2,pmmr,3.11700001661268,2.72663512000747,0.00144899797928404
binary_longitudinal,2,pmmr,3.01375270747048,2.42688227655205,9.76858332026189e-06
binary_longitudinal,2,pmmr,2.82211880039051,2.54000510812267,2.5709118773179e-05
binary_longitudinal,2,pmmr,3.01375270747048,2.47742016009773,9.7587515130386e-05
binary_longitudinal,2,pmmr,2.82211880039051,2.5718312122852,0.00031944887564232
binary_longitudinal,2,pmmr,3.33964685192599,2.3986709515279,1.06791930495902e-05
binary_longitudinal,2,pmmr,3.11700001661268,2.55089690381191,8.68076331812331e-06
binary_longitudinal,2,pmmr,3.33964685192599,2.4581252103867,8.53476284364712e-05
binary_longitudinal,2,pmmr,3.11700001661268,2.58772955664045,8.74946964899589e-05
binary_longitudinal,2,pmmr,3.01375270747048,2.31383995339067,3.55864326546287e-05
binary_longitudinal,2,pmmr,2.82211880039051,2.4256123593464,5.07326675426327e-05
binary_longitudinal,2,pmmr,3.01375270747048,2.36599910816884,0.000393106644718428
binary_longitudinal,2,pmmr,2.82211880039051,2.46075462442169,0.000705952446927189
binary_longitudinal,2,pmmr,1.77880078307141,1.97758295416642,0.00106462963936783
binary_longitudinal,2,pmmr,1.70468808971871,2.09724093898043,0.000744617548498822
binary_longitudinal,2,pmmr,1.77880078307141,2.01226422990954,8.14586064091042e-05
binary_longitudinal,2,pmmr,1.70468808971871,2.11851245561163,7.13780584804168e-05
binary_longitudinal,2,pmmr,1.67032004603564,1.94332379362384,0.000173893987726491
binary_longitudinal,2,pmmr,1.60653065971263,2.03104395574979,0.000212368151645404
binary_longitudinal,2,pmmr,1.67032004603564,1.97447323615426,1.83906000541097e-05
binary_longitudinal,2,pmmr,1.60653065971263,2.05155661611801,2.81050774725219e-05
binary_longitudinal,2,pmmr,1.77880078307141,1.89530016128508,0.000135997554921548
binary_longitudinal,2,pmmr,1.70468808971871,2.01017919435578,5.12916369428333e-05
binary_longitudinal,2,pmmr,1.77880078307141,1.93324654412948,1.15062227983188e-05
binary_longitudinal,2,pmmr,1.70468808971871,2.03563393714022,5.50619515051667e-06
binary_longitudinal,2,pmmr,1.67032004603564,1.87172130474872,0.000812975109496126
binary_longitudinal,2,pmmr,1.60653065971263,1.95618863012139,0.000535380827321236
binary_longitudinal,2,pmmr,1.67032004603564,1.90587109094618,9.50718265592076e-05
binary_longitudinal,2,pmmr,1.60653065971263,1.98026984656306,7.93472337035748e-05
binary_longitudinal,2,pmmr,1.77880078307141,1.97628129270316,0.000151469193524543
binary_longitudinal,2,pmmr,1.70468808971871,2.10083094104097,9.79296871623786e-05
binary_longitudinal,2,pmmr,1.77880078307141,2.01727627156918,0.000424153320322389
binary_longitudinal,2,pmmr,1.70468808971871,2.12619259872851,0.000343562667204943
binary_longitudinal,2,pmmr,1.67032004603564,1.94354942042824,2.4740605658263e-05
binary_longitudinal,2,pmmr,1.60653065971263,2.03582467808145,2.79299711587711e-05
binary_longitudinal,2,pmmr,1.67032004603564,1.97953435522151,9.57594834914816e-05
binary_longitudinal,2,pmmr,1.60653065971263,2.05908228931115,0.000135277641113065
binary_longitudinal,2,pmmr,1.77880078307141,1.89428972936983,1.50770733485513e-05
binary_longitudinal,2,pmmr,1.70468808971871,2.01458974693644,5.2802530965096e-06
binary_longitudinal,2,pmmr,1.77880078307141,1.93732373299824,4.66851610467426e-05
binary_longitudinal,2,pmmr,1.70468808971871,2.0431002376389,2.07453093255728e-05
binary_longitudinal,2,pmmr,1.67032004603564,1.87219384212662,9.01287185897598e-05
binary_longitudinal,2,pmmr,1.60653065971263,1.96168359647788,5.5115150144761e-05
binary_longitudinal,2,pmmr,1.67032004603564,1.91020446436374,0.000385742881197564
binary_longitudinal,2,pmmr,1.60653065971263,1.98769042393518,0.000298951065538372
binary_longitudinal,2,pmmr,2.22140275816017,2.22950444281058,0.00486799514877874
binary_longitudinal,2,pmmr,2.10517091807565,2.34088600382317,0.00437572668196998
binary_longitudinal,2,pmmr,2.22140275816017,2.26960051232912,0.000502778739068938
binary_longitudinal,2,pmmr,2.10517091807565,2.3696055681219,0.000566200169935022
binary_longitudinal,2,pmmr,2.05127109637602,2.17397876849932,0.000795789056860014
binary_longitudinal,2,pmmr,1.95122942450071,2.25488718046838,0.00124637013784139
binary_longitudinal,2,pmmr,2.05127109637602,2.21074159953334,0.000113605050807996
binary_longitudinal,2,pmmr,1.95122942450071,2.28351107658026,0.000222654142301546
binary_longitudinal,2,pmmr,2.22140275816017,2.12673226688921,0.000621845769761753
binary_longitudinal,2,pmmr,2.10517091807565,2.23717288086013,0.000301414041053892
binary_longitudinal,2,pmmr,2.22140275816017,2.17096357823463,7.10186982690438e-05
binary_longitudinal,2,pmmr,2.10517091807565,2.27074236489504,4.36774086643626e-05
binary_longitudinal,2,pmmr,2.05127109637602,2.08772445996686,0.00372040864721646
binary_longitudinal,2,pmmr,1.95122942450071,2.16863580564275,0.00314210332564453
binary_longitudinal,2,pmmr,2.05127109637602,2.12831851949311,0.000587291314850503
binary_longitudinal,2,pmmr,1.95122942450071,2.2015122476075,0.000628604930249441
binary_longitudinal,2,pmmr,2.22140275816017,2.22424773182138,0.000692589490280147
binary_longitudinal,2,pmmr,2.10517091807565,2.34217522221558,0.000575481394357805
binary_longitudinal,2,pmmr,2.22140275816017,2.27420533041461,0.00261795875186688
binary_longitudinal,2,pmmr,2.10517091807565,2.37811200772772,0.00272528063519881
binary_longitudinal,2,pmmr,2.05127109637602,2.1716906442951,0.000113220149243466
binary_longitudinal,2,pmmr,1.95122942450071,2.25896743868999,0.000163918561862273
binary_longitudinal,2,pmmr,2.05127109637602,2.21642982592444,0.000591539207822979
binary_longitudinal,2,pmmr,1.95122942450071,2.29317323965754,0.0010716969979554
binary_longitudinal,2,pmmr,2.22140275816017,2.12272989681943,6.89395797416559e-05
binary_longitudinal,2,pmmr,2.10517091807565,2.24033749731979,3.10292772558639e-05
binary_longitudinal,2,pmmr,2.22140275816017,2.17518110832816,0.000288150110086933
binary_longitudinal,2,pmmr,2.10517091807565,2.27979489172664,0.000164560341308759
binary_longitudinal,2,pmmr,2.05127109637602,2.0864540235626,0.000412455018717247
binary_longitudinal,2,pmmr,1.95122942450071,2.1743024862057,0.000323466003498371
binary_longitudinal,2,pmmr,2.05127109637602,2.13376284221645,0.00238286621906497
binary_longitudinal,2,pmmr,1.95122942450071,2.21174606060019,0.00236835116902479
binary_longitudinal,2,pmmr,2.49182469764127,2.24469523062443,0.000125625646953538
binary_longitudinal,2,pmmr,2.349858807576,2.4078118985304,0.000109059940049626
binary_longitudinal,2,pmmr,2.49182469764127,2.27692609990533,9.61206578482424e-06
binary_longitudinal,2,pmmr,2.349858807576,2.41564553260109,1.0454342359278e-05
binary_longitudinal,2,pmmr,2.28402541668774,2.16171600629932,2.83753746749529e-05
binary_longitudinal,2,pmmr,2.16183424272828,2.27872257874473,4.30103708573674e-05
binary_longitudinal,2,pmmr,2.28402541668774,2.18991262932491,3.00090977183953e-06
binary_longitudinal,2,pmmr,2.16183424272828,2.28815408389668,5.69204843429907e-06
binary_longitudinal,2,pmmr,2.49182469764127,2.12974957835544,1.60476283858334e-05
binary_longitudinal,2,pmmr,2.349858807576,2.2829851816657,7.51239728543871e-06
binary_longitudinal,2,pmmr,2.49182469764127,2.16568153419706,1.35772725986537e-06
binary_longitudinal,2,pmmr,2.349858807576,2.29682948219972,8.06461403209649e-07
binary_longitudinal,2,pmmr,2.28402541668774,2.06545285186248,0.000132658257108041
binary_longitudinal,2,pmmr,2.16183424272828,2.17579288787004,0.000108429290148266
binary_longitudinal,2,pmmr,2.28402541668774,2.09690950453187,1.55134673424864e-05
binary_longitudinal,2,pmmr,2.16183424272828,2.19002419176298,1.60699894106312e-05
binary_longitudinal,2,pmmr,2.49182469764127,2.24449071321969,1.78732722877697e-05
binary_longitudinal,2,pmmr,2.349858807576,2.41010002669121,1.43432099237244e-05
binary_longitudinal,2,pmmr,2.49182469764127,2.28593738446885,5.00498326391054e-05
binary_longitudinal,2,pmmr,2.349858807576,2.42449161017643,5.03196895697656e-05
binary_longitudinal,2,pmmr,2.28402541668774,2.16280414739261,4.03708008779839e-06
binary_longitudinal,2,pmmr,2.16183424272828,2.282361405386,5.65658460681113e-06
binary_longitudinal,2,pmmr,2.28402541668774,2.19788522174627,1.56256766451553e-05
binary_longitudinal,2,pmmr,2.16183424272828,2.29621942220033,2.73974297365351e-05
binary_longitudinal,2,pmmr,2.49182469764127,2.13007495130383,1.77908544299253e-06
binary_longitudinal,2,pmmr,2.349858807576,2.28704777785071,7.7336894263794e-07
binary_longitudinal,2,pmmr,2.49182469764127,2.17335892938605,5.50882047874379e-06
binary_longitudinal,2,pmmr,2.349858807576,2.30577351966504,3.03844865853506e-06
binary_longitudinal,2,pmmr,2.28402541668774,2.06697122314659,1.47068693541049e-05
binary_longitudinal,2,pmmr,2.16183424272828,2.18085244342887,1.11623283869032e-05
binary_longitudinal,2,pmmr,2.28402541668774,2.10388414480919,6.29440898174842e-05
binary_longitudinal,2,pmmr,2.16183424272828,2.19823691664299,6.05457838069798e-05
binary_longitudinal,2,pmmr,3.33964685192599,2.53939500075361,0.000759538687224554
binary_longitudinal,2,pmmr,3.11700001661268,2.69103186915091,0.000846706009089562
binary_longitudinal,2,pmmr,3.33964685192599,2.58356354978997,7.84470591620539e-05
binary_longitudinal,2,pmmr,3.11700001661268,2.71330984831099,0.000109560107628954
binary_longitudinal,2,pmmr,3.01375270747048,2.42574598872838,0.000171504198251637
binary_longitudinal,2,pmmr,2.82211880039051,2.53458246536911,0.000333273146539268
binary_longitudinal,2,pmmr,3.01375270747048,2.46526692964364,2.44835525045291e-05
binary_longitudinal,2,pmmr,2.82211880039051,2.55823731642977,5.95366050115374e-05
binary_longitudinal,2,pmmr,3.33964685192599,2.39881168964043,9.70247309592075e-05
binary_longitudinal,2,pmmr,3.11700001661268,2.54562253009873,5.83238164385081e-05
binary_longitudinal,2,pmmr,3.33964685192599,2.44669401382872,1.10808345536661e-05
binary_longitudinal,2,pmmr,3.11700001661268,2.57374422453152,8.45160748498278e-06
binary_longitudinal,2,pmmr,3.01375270747048,2.31165386638896,0.000801802558993415
binary_longitudinal,2,pmmr,2.82211880039051,2.41796401855645,0.000840182727662812
binary_longitudinal,2,pmmr,3.01375270747048,2.35461956703778,0.000126569880831251
binary_longitudinal,2,pmmr,2.82211880039051,2.44648098455151,0.00016808581710499
binary_longitudinal,2,pmmr,3.33964685192599,2.53794822679842,0.000108062661558913
binary_longitudinal,2,pmmr,3.11700001661268,2.69355273407194,0.000111356030697654
binary_longitudinal,2,pmmr,3.33964685192599,2.59613794975323,0.000408472254558399
binary_longitudinal,2,pmmr,3.11700001661268,2.72663512000747,0.000527343606671384
binary_longitudinal,2,pmmr,3.01375270747048,2.42688227655205,2.4400600579441e-05
binary_longitudinal,2,pmmr,2.82211880039051,2.54000510812267,4.38310043135704e-05
binary_longitudinal,2,pmmr,3.01375270747048,2.47742016009773,0.000127485363988782
binary_longitudinal,2,pmmr,2.82211880039051,2.5718312122852,0.000286566421804578
binary_longitudinal,2,pmmr,3.33964685192599,2.3986709515279,1.07564359237141e-05
binary_longitudinal,2,pmmr,3.11700001661268,2.55089690381191,6.00418568611739e-06
binary_longitudinal,2,pmmr,3.33964685192599,2.4581252103867,4.49591977087213e-05
binary_longitudinal,2,pmmr,3.11700001661268,2.58772955664045,3.1842534959525e-05
binary_longitudinal,2,pmmr,3.01375270747048,2.31383995339067,8.88900980607588e-05
binary_longitudinal,2,pmmr,2.82211880039051,2.4256123593464,8.64931929218788e-05
binary_longitudinal,2,pmmr,3.01375270747048,2.36599910816884,0.000513542573774717
binary_longitudinal,2,pmmr,2.82211880039051,2.46075462442169,0.000633285267551308
binary_longitudinal,2,pmmr,1.77880078307141,1.97758295416642,0.000105972038196597
binary_longitudinal,2,pmmr,1.70468808971871,2.09724093898043,7.40029352343184e-05
binary_longitudinal,2,pmmr,1.77880078307141,2.01226422990954,1.25892464741956e-05
binary_longitudinal,2,pmmr,1.70468808971871,2.11851245561163,1.10343278474698e-05
binary_longitudinal,2,pmmr,1.67032004603564,1.94332379362384,9.36643552119747e-06
binary_longitudinal,2,pmmr,1.60653065971263,2.03104395574979,1.14506399725992e-05
binary_longitudinal,2,pmmr,1.67032004603564,1.97447323615426,1.53799777282289e-06
binary_longitudinal,2,pmmr,1.60653065971263,2.05155661611801,2.35716852536868e-06
binary_longitudinal,2,pmmr,1.77880078307141,1.89530016128508,1.35370438243179e-05
binary_longitudinal,2,pmmr,1.70468808971871,2.01017919435578,5.09755873252653e-06
binary_longitudinal,2,pmmr,1.77880078307141,1.93324654412948,1.778261146128e-06
binary_longitudinal,2,pmmr,1.70468808971871,2.03563393714022,8.51202229038192e-07
binary_longitudinal,2,pmmr,1.67032004603564,1.87172130474872,4.37892019326779e-05
binary_longitudinal,2,pmmr,1.60653065971263,1.95618863012139,2.88671020319653e-05
binary_longitudinal,2,pmmr,1.67032004603564,1.90587109094618,7.95081493132629e-06
binary_longitudinal,2,pmmr,1.60653065971263,1.98026984656306,6.65484028798717e-06
binary_longitudinal,2,pmmr,1.77880078307141,1.97628129270316,1.50770733485513e-05
binary_longitudinal,2,pmmr,1.70468808971871,2.10083094104097,9.73262624713179e-06
binary_longitudinal,2,pmmr,1.77880078307141,2.01727627156918,6.55519524305315e-05
binary_longitudinal,2,pmmr,1.70468808971871,2.12619259872851,5.31113228182101e-05
binary_longitudinal,2,pmmr,1.67032004603564,1.94354942042824,1.33260091785331e-06
binary_longitudinal,2,pmmr,1.60653065971263,2.03582467808145,1.50595106519631e-06
binary_longitudinal,2,pmmr,1.67032004603564,1.97953435522151,8.00832337733632e-06
binary_longitudinal,2,pmmr,1.60653065971263,2.05908228931115,1.13457149559397e-05
binary_longitudinal,2,pmmr,1.77880078307141,1.89428972936983,1.50075494209827e-06
binary_longitudinal,2,pmmr,1.70468808971871,2.01458974693644,5.24771714969094e-07
binary_longitudinal,2,pmmr,1.77880078307141,1.93732373299824,7.21508782206799e-06
binary_longitudinal,2,pmmr,1.70468808971871,2.0431002376389,3.20701556288963e-06
binary_longitudinal,2,pmmr,1.67032004603564,1.87219384212662,4.8545947005765e-06
binary_longitudinal,2,pmmr,1.60653065971263,1.96168359647788,2.97174381588617e-06
binary_longitudinal,2,pmmr,1.67032004603564,1.91020446436374,3.22595070535267e-05
binary_longitudinal,2,pmmr,1.60653065971263,1.98769042393518,2.50729798913181e-05
binary_longitudinal,2,pmmr,2.22140275816017,2.22950444281058,0.000535804216557258
binary_longitudinal,2,pmmr,2.10517091807565,2.34088600382317,0.000482473898643181
binary_longitudinal,2,pmmr,2.22140275816017,2.26960051232912,8.59217117479918e-05
binary_longitudinal,2,pmmr,2.10517091807565,2.3696055681219,9.71089158479462e-05
binary_longitudinal,2,pmmr,2.05127109637602,2.17397876849932,4.76763856244649e-05
binary_longitudinal,2,pmmr,1.95122942450071,2.25488718046838,7.52594403054059e-05
binary_longitudinal,2,pmmr,2.05127109637602,2.21074159953334,1.05675187534922e-05
binary_longitudinal,2,pmmr,1.95122942450071,2.28351107658026,2.09127045694097e-05
binary_longitudinal,2,pmmr,2.22140275816017,2.12673226688921,6.84445188015912e-05
binary_longitudinal,2,pmmr,2.10517091807565,2.23717288086013,3.32343443872496e-05
binary_longitudinal,2,pmmr,2.22140275816017,2.17096357823463,1.21366470919004e-05
binary_longitudinal,2,pmmr,2.10517091807565,2.27074236489504,7.49110655147047e-06
binary_longitudinal,2,pmmr,2.05127109637602,2.08772445996686,0.000222892782724565
binary_longitudinal,2,pmmr,1.95122942450071,2.16863580564275,0.000189729303110001
binary_longitudinal,2,pmmr,2.05127109637602,2.12831851949311,5.46297188312067e-05
binary_longitudinal,2,pmmr,1.95122942450071,2.2015122476075,5.90414759918424e-05
binary_longitudinal,2,pmmr,2.22140275816017,2.22424773182138,7.6231047462823e-05
binary_longitudinal,2,pmmr,2.10517091807565,2.34217522221558,6.34534037686793e-05
binary_longitudinal,2,pmmr,2.22140275816017,2.27420533041461,0.000447392619788555
binary_longitudinal,2,pmmr,2.10517091807565,2.37811200772772,0.00046741251931438
binary_longitudinal,2,pmmr,2.05127109637602,2.1716906442951,6.78311350132134e-06
binary_longitudinal,2,pmmr,1.95122942450071,2.25896743868999,9.89787772257393e-06
binary_longitudinal,2,pmmr,2.05127109637602,2.21642982592444,5.50248569727787e-05
binary_longitudinal,2,pmmr,1.95122942450071,2.29317323965754,0.000100658727812086
binary_longitudinal,2,pmmr,2.22140275816017,2.12272989681943,7.58795281924868e-06
binary_longitudinal,2,pmmr,2.10517091807565,2.24033749731979,3.42133260548552e-06
binary_longitudinal,2,pmmr,2.22140275816017,2.17518110832816,4.92430343114546e-05
binary_longitudinal,2,pmmr,2.10517091807565,2.27979489172664,2.82237222533781e-05
binary_longitudinal,2,pmmr,2.05127109637602,2.0864540235626,2.47105239203716e-05
binary_longitudinal,2,pmmr,1.95122942450071,2.1743024862057,1.95318145404827e-05
binary_longitudinal,2,pmmr,2.05127109637602,2.13376284221645,0.000221653731748163
binary_longitudinal,2,pmmr,1.95122942450071,2.21174606060019,0.000222446471475719
binary_longitudinal,2,pmmr,2.49182469764127,2.24469523062443,0.000457647591102943
binary_longitudinal,2,pmmr,2.349858807576,2.4078118985304,0.000396680697514186
binary_longitudinal,2,pmmr,2.49182469764127,2.27692609990533,5.43675333678904e-05
binary_longitudinal,2,pmmr,2.349858807576,2.41564553260109,5.91477196583503e-05
binary_longitudinal,2,pmmr,2.28402541668774,2.16171600629932,5.59360146777711e-05
binary_longitudinal,2,pmmr,2.16183424272828,2.27872257874473,8.48738093609244e-05
binary_longitudinal,2,pmmr,2.28402541668774,2.18991262932491,9.18486715680733e-06
binary_longitudinal,2,pmmr,2.16183424272828,2.28815408389668,1.74716760401559e-05
binary_longitudinal,2,pmmr,2.49182469764127,2.12974957835544,5.84606619093318e-05
binary_longitudinal,2,pmmr,2.349858807576,2.2829851816657,2.73246344518023e-05
binary_longitudinal,2,pmmr,2.49182469764127,2.16568153419706,7.67954399789561e-06
binary_longitudinal,2,pmmr,2.349858807576,2.29682948219972,4.56273109804858e-06
binary_longitudinal,2,pmmr,2.28402541668774,2.06545285186248,0.00026150753256037
binary_longitudinal,2,pmmr,2.16183424272828,2.17579288787004,0.000213967159960164
binary_longitudinal,2,pmmr,2.28402541668774,2.09690950453187,4.74819796380822e-05
binary_longitudinal,2,pmmr,2.16183424272828,2.19002419176298,4.93266443868302e-05
binary_longitudinal,2,pmmr,2.49182469764127,2.24449071321969,6.51113861379755e-05
binary_longitudinal,2,pmmr,2.349858807576,2.41010002669121,5.2170159955584e-05
binary_longitudinal,2,pmmr,2.49182469764127,2.28593738446885,0.000283090649500133
binary_longitudinal,2,pmmr,2.349858807576,2.42449161017643,0.000284694607243882
binary_longitudinal,2,pmmr,2.28402541668774,2.16280414739261,7.95824455652947e-06
binary_longitudinal,2,pmmr,2.16183424272828,2.282361405386,1.11623283869032e-05
binary_longitudinal,2,pmmr,2.28402541668774,2.19788522174627,4.78254180008225e-05
binary_longitudinal,2,pmmr,2.16183424272828,2.29621942220033,8.40960898725417e-05
binary_longitudinal,2,pmmr,2.49182469764127,2.13007495130383,6.48111422385726e-06
binary_longitudinal,2,pmmr,2.349858807576,2.28704777785071,2.81295342232749e-06
binary_longitudinal,2,pmmr,2.49182469764127,2.17335892938605,3.11588567848423e-05
binary_longitudinal,2,pmmr,2.349858807576,2.30577351966504,1.71906852937362e-05
binary_longitudinal,2,pmmr,2.28402541668774,2.06697122314659,2.89914642354107e-05
binary_longitudinal,2,pmmr,2.16183424272828,2.18085244342887,2.20269975042956e-05
binary_longitudinal,2,pmmr,2.28402541668774,2.10388414480919,0.000192652611119777
binary_longitudinal,2,pmmr,2.16183424272828,2.19823691664299,0.000185844574669916
binary_longitudinal,2,pmmr,3.33964685192599,2.53939500075361,0.00305960966902122
binary_longitudinal,2,pmmr,3.11700001661268,2.69103186915091,0.00341677525449953
binary_longitudinal,2,pmmr,3.33964685192599,2.58356354978997,0.000490639849257172
binary_longitudinal,2,pmmr,3.11700001661268,2.71330984831099,0.000687704229376201
binary_longitudinal,2,pmmr,3.01375270747048,2.42574598872838,0.000376045374945552
binary_longitudinal,2,pmmr,2.82211880039051,2.53458246536911,0.000736502806032577
binary_longitudinal,2,pmmr,3.01375270747048,2.46526692964364,8.33508350067117e-05
binary_longitudinal,2,pmmr,2.82211880039051,2.55823731642977,0.000204655595824225
binary_longitudinal,2,pmmr,3.33964685192599,2.39881168964043,0.000390839610898199
binary_longitudinal,2,pmmr,3.11700001661268,2.54562253009873,0.00023535840139997
binary_longitudinal,2,pmmr,3.33964685192599,2.44669401382872,6.93040510775986e-05
binary_longitudinal,2,pmmr,3.11700001661268,2.57374422453152,5.30503879398729e-05
binary_longitudinal,2,pmmr,3.01375270747048,2.31165386638896,0.00175805692806767
binary_longitudinal,2,pmmr,2.82211880039051,2.41796401855645,0.00185672606067844
binary_longitudinal,2,pmmr,3.01375270747048,2.35461956703778,0.000430889481909668
binary_longitudinal,2,pmmr,2.82211880039051,2.44648098455151,0.000577790806891949
binary_longitudinal,2,pmmr,3.33964685192599,2.53794822679842,0.000435303125077114
binary_longitudinal,2,pmmr,3.11700001661268,2.69355273407194,0.000449363209948342
binary_longitudinal,2,pmmr,3.33964685192599,2.59613794975323,0.00255475179749266
binary_longitudinal,2,pmmr,3.11700001661268,2.72663512000747,0.00331011384061995
binary_longitudinal,2,pmmr,3.01375270747048,2.42688227655205,5.35015065947808e-05
binary_longitudinal,2,pmmr,2.82211880039051,2.54000510812267,9.68624625277663e-05
binary_longitudinal,2,pmmr,3.01375270747048,2.47742016009773,0.000434006116458544
binary_longitudinal,2,pmmr,2.82211880039051,2.5718312122852,0.000985064932511136
binary_longitudinal,2,pmmr,3.33964685192599,2.3986709515279,4.33295840092911e-05
binary_longitudinal,2,pmmr,3.11700001661268,2.55089690381191,2.42291336727435e-05
binary_longitudinal,2,pmmr,3.33964685192599,2.4581252103867,0.000281193128488883
binary_longitudinal,2,pmmr,3.11700001661268,2.58772955664045,0.000199874264818062
binary_longitudinal,2,pmmr,3.01375270747048,2.31383995339067,0.000194903160359726
binary_longitudinal,2,pmmr,2.82211880039051,2.4256123593464,0.000191141950532684
binary_longitudinal,2,pmmr,3.01375270747048,2.36599910816884,0.00174828396850091
binary_longitudinal,2,pmmr,2.82211880039051,2.46075462442169,0.00217690232307168
binary_longitudinal,3,ensemble,1.77880078307141,1.79371357680717,0.00748294912415195
binary_longitudinal,3,ensemble,1.70468808971871,1.80476313349803,0.0076425891174435
binary_longitudinal,3,ensemble,1.77880078307141,1.57249174764845,0.000709245152938778
binary_longitudinal,3,ensemble,1.70468808971871,1.56105206538092,0.000904292506752669
binary_longitudinal,3,ensemble,1.67032004603564,1.77953681098321,0.000905462486159698
binary_longitudinal,3,ensemble,1.60653065971263,1.81211593050821,0.00161476113157825
binary_longitudinal,3,ensemble,1.67032004603564,1.54527813908825,0.000118622468061873
binary_longitudinal,3,ensemble,1.60653065971263,1.52495522864103,0.000263779258816363
binary_longitudinal,3,ensemble,1.77880078307141,1.70504220702685,0.000955884325267599
binary_longitudinal,3,ensemble,1.70468808971871,1.59806345154576,0.000526445968276534
binary_longitudinal,3,ensemble,1.77880078307141,1.58757330873419,0.000100182572573807
binary_longitudinal,3,ensemble,1.70468808971871,1.5778861588376,6.97582859681761e-05
binary_longitudinal,3,ensemble,1.67032004603564,1.96153523246697,0.00423314499514566
binary_longitudinal,3,ensemble,1.60653065971263,1.73814619312708,0.00407081826466162
binary_longitudinal,3,ensemble,1.67032004603564,1.5639407606258,0.00061322929520635
binary_longitudinal,3,ensemble,1.60653065971263,2.05649845697208,0.000744710791703774
binary_longitudinal,3,ensemble,1.77880078307141,1.69582536821458,0.00106462963936783
binary_longitudinal,3,ensemble,1.70468808971871,1.60760867729421,0.00100512855611679
binary_longitudinal,3,ensemble,1.77880078307141,2.23974090824547,0.00369302520387731
binary_longitudinal,3,ensemble,1.70468808971871,1.8036351527366,0.00435261412495031
binary_longitudinal,3,ensemble,1.67032004603564,1.64398239369369,0.000128823834574787
binary_longitudinal,3,ensemble,1.60653065971263,1.57396924198383,0.000212368151645404
binary_longitudinal,3,ensemble,1.67032004603564,2.24304846440025,0.000617664798248458
binary_longitudinal,3,ensemble,1.60653065971263,1.54796697982248,0.00126964374825572
binary_longitudinal,3,ensemble,1.77880078307141,1.68108688275286,0.000105972038196597
binary_longitudinal,3,ensemble,1.70468808971871,1.63336858445593,5.4195344890929e-05
binary_longitudinal,3,ensemble,1.77880078307141,2.12338115962477,0.000406479138868103
binary_longitudinal,3,ensemble,1.70468808971871,1.60716126340351,0.000262823452651471
binary_longitudinal,3,ensemble,1.67032004603564,2.95111847798578,0.000469298419546449
binary_longitudinal,3,ensemble,1.60653065971263,1.59727656878666,0.000419073206247334
binary_longitudinal,3,ensemble,1.67032004603564,2.085956091202,0.00248810655825924
binary_longitudinal,3,ensemble,1.60653065971263,1.56899136518749,0.00280579516520357
binary_longitudinal,3,ensemble,2.22140275816017,2.45449474795987,0.000934898023489231
binary_longitudinal,3,ensemble,2.10517091807565,2.34014364029522,0.0012271489970857
binary_longitudinal,3,ensemble,2.22140275816017,2.63398086981638,0.000119612390536422
binary_longitudinal,3,ensemble,2.10517091807565,3.05777093858592,0.000195999093135422
binary_longitudinal,3,ensemble,2.05127109637602,2.13270455159945,0.000113220149243466
binary_longitudinal,3,ensemble,1.95122942450071,2.70170500820964,0.000258943968827728
binary_longitudinal,3,ensemble,2.05127109637602,1.86717947579955,2.00220509127348e-05
binary_longitudinal,3,ensemble,1.95122942450071,2.15050178324057,5.70987369063187e-05
binary_longitudinal,3,ensemble,2.22140275816017,2.06141106429999,0.000119425423258947
binary_longitudinal,3,ensemble,2.10517091807565,1.95786208421686,8.45299455541655e-05
binary_longitudinal,3,ensemble,2.22140275816017,1.94927554757197,1.68955359736889e-05
binary_longitudinal,3,ensemble,2.10517091807565,1.90657734891195,1.51196218992706e-05
binary_longitudinal,3,ensemble,2.05127109637602,1.93412663738569,0.000529317686205158
binary_longitudinal,3,ensemble,1.95122942450071,2.07909007653686,0.000652798619692812
binary_longitudinal,3,ensemble,2.05127109637602,2.0003190517904,0.000103505755447592
binary_longitudinal,3,ensemble,1.95122942450071,1.84459352239114,0.000161203142952165
binary_longitudinal,3,ensemble,2.22140275816017,2.68943549765423,0.000133011748319997
binary_longitudinal,3,ensemble,2.10517091807565,2.99210484408941,0.000161390659713171
binary_longitudinal,3,ensemble,2.22140275816017,2.31393632252667,0.000622819304603906
binary_longitudinal,3,ensemble,2.10517091807565,2.33718832105578,0.000943398750833641
binary_longitudinal,3,ensemble,2.05127109637602,2.62170842654344,1.61082916185006e-05
binary_longitudinal,3,ensemble,1.95122942450071,1.97092395999836,3.40554717129719e-05
binary_longitudinal,3,ensemble,2.05127109637602,1.96603656748278,0.000104254415201378
binary_longitudinal,3,ensemble,1.95122942450071,2.47875856201094,0.00027483227707784
binary_longitudinal,3,ensemble,2.22140275816017,2.59465769505884,1.32398399897382e-05
binary_longitudinal,3,ensemble,2.10517091807565,2.06695764524477,8.70199380178946e-06
binary_longitudinal,3,ensemble,2.22140275816017,2.00280410296847,6.85516725799842e-05
binary_longitudinal,3,ensemble,2.10517091807565,2.96965196641817,5.69651500921905e-05
binary_longitudinal,3,ensemble,2.05127109637602,2.3234303098866,5.86816548591944e-05
binary_longitudinal,3,ensemble,1.95122942450071,1.99152877831637,6.72028061196784e-05
binary_longitudinal,3,ensemble,2.05127109637602,2.12133100803542,0.000419962566954781
binary_longitudinal,3,ensemble,1.95122942450071,3.22201322962455,0.000607353893819652
binary_longitudinal,3,ensemble,2.49182469764127,2.19918542000213,0.000882983424545827
binary_longitudinal,3,ensemble,2.349858807576,2.11548065548523,0.00111936699941155
binary_longitudinal,3,ensemble,2.49182469764127,3.08790425353583,8.36904946958843e-05
binary_longitudinal,3,ensemble,2.349858807576,2.73264236283558,0.000132446632197425
binary_longitudinal,3,ensemble,2.28402541668774,1.72170023174151,0.00014775000352115
binary_longitudinal,3,ensemble,2.16183424272828,1.87247363325643,0.000327033383193953
binary_longitudinal,3,ensemble,2.28402541668774,1.69676634617098,1.93563735016384e-05
binary_longitudinal,3,ensemble,2.16183424272828,1.67107063400027,5.34225290292901e-05
binary_longitudinal,3,ensemble,2.49182469764127,2.17749207817956,0.000112793766333419
binary_longitudinal,3,ensemble,2.349858807576,1.92598280336795,7.7105577024548e-05
binary_longitudinal,3,ensemble,2.49182469764127,1.76382746332891,1.18214823518603e-05
binary_longitudinal,3,ensemble,2.349858807576,1.74464374442422,1.02171033989081e-05
binary_longitudinal,3,ensemble,2.28402541668774,4.39518182115446,0.00069074886867041
binary_longitudinal,3,ensemble,2.16183424272828,1.95834575169239,0.000824452263201824
binary_longitudinal,3,ensemble,2.28402541668774,1.72291559074894,0.000100064477447639
binary_longitudinal,3,ensemble,2.16183424272828,1.69618749861831,0.000150824344820521
binary_longitudinal,3,ensemble,2.49182469764127,1.86075945700678,0.000125625646953538
binary_longitudinal,3,ensemble,2.349858807576,2.13636034877442,0.000147215520629698
binary_longitudinal,3,ensemble,2.49182469764127,2.02477284833355,0.000435774717608172
binary_longitudinal,3,ensemble,2.349858807576,2.15678356460991,0.000637502885183462
binary_longitudinal,3,ensemble,2.28402541668774,2.1199766614469,2.10209945778757e-05
binary_longitudinal,3,ensemble,2.16183424272828,1.74105243144758,4.30103708573674e-05
binary_longitudinal,3,ensemble,2.28402541668774,1.76492642232392,0.00010078824635039
binary_longitudinal,3,ensemble,2.16183424272828,1.92871666031378,0.00025713765480427
binary_longitudinal,3,ensemble,2.49182469764127,2.12730787647863,1.25046357579688e-05
binary_longitudinal,3,ensemble,2.349858807576,1.85412702349439,7.93768704039999e-06
binary_longitudinal,3,ensemble,2.49182469764127,2.14279088668419,4.7964290026477e-05
binary_longitudinal,3,ensemble,2.349858807576,1.78844707329426,3.84942713848094e-05
binary_longitudinal,3,ensemble,2.28402541668774,2.12672415223148,7.65783720477939e-05
binary_longitudinal,3,ensemble,2.16183424272828,1.79637735426904,8.48738093609244e-05
binary_longitudinal,3,ensemble,2.28402541668774,2.48901624628259,0.000405999981625921
binary_longitudinal,3,ensemble,2.16183424272828,2.04945989966398,0.000568250416412313
binary_longitudinal,3,ensemble,3.33964685192599,2.82685543421458,0.000145869335475403
binary_longitudinal,3,ensemble,3.11700001661268,2.91826724728757,0.000237454143139697
binary_longitudinal,3,ensemble,3.33964685192599,3.91827907462987,1.86627626583844e-05
binary_longitudinal,3,ensemble,3.11700001661268,2.17879369378437,3.7925954246108e-05
binary_longitudinal,3,ensemble,3.01375270747048,3.52659054882185,2.4400600579441e-05
binary_longitudinal,3,ensemble,2.82211880039051,2.49506926404412,6.92403232783208e-05
binary_longitudinal,3,ensemble,3.01375270747048,2.47948683744625,4.31504524916592e-06
binary_longitudinal,3,ensemble,2.82211880039051,2.19420816274711,1.52679169168351e-05
binary_longitudinal,3,ensemble,3.33964685192599,2.78509896979351,1.8633590714669e-05
binary_longitudinal,3,ensemble,3.11700001661268,3.64659644524514,1.63566004119122e-05
binary_longitudinal,3,ensemble,3.33964685192599,2.30638507348121,2.63615981963957e-06
binary_longitudinal,3,ensemble,3.11700001661268,2.21411099312195,2.92565684461606e-06
binary_longitudinal,3,ensemble,3.01375270747048,3.91688175824679,0.000114075714676479
binary_longitudinal,3,ensemble,2.82211880039051,3.32956986597286,0.000174555088762244
binary_longitudinal,3,ensemble,3.01375270747048,3.5270890064192,2.2307006422673e-05
binary_longitudinal,3,ensemble,2.82211880039051,2.66292033354857,4.31049148664089e-05
binary_longitudinal,3,ensemble,3.33964685192599,2.91748750247742,2.07534242777046e-05
binary_longitudinal,3,ensemble,3.11700001661268,2.3407905519409,3.12291994728862e-05
binary_longitudinal,3,ensemble,3.33964685192599,3.1743757286657,9.71766286816531e-05
binary_longitudinal,3,ensemble,3.11700001661268,2.99746308344518,0.000182548282686344
binary_longitudinal,3,ensemble,3.01375270747048,6.18158057340565,3.47157279359331e-06
binary_longitudinal,3,ensemble,2.82211880039051,2.59174971733397,9.10626295517483e-06
binary_longitudinal,3,ensemble,3.01375270747048,2.51084338762692,2.24683535657752e-05
binary_longitudinal,3,ensemble,2.82211880039051,2.70872387431863,7.34887775078738e-05
binary_longitudinal,3,ensemble,3.33964685192599,5.6040089419198,2.0657725362343e-06
binary_longitudinal,3,ensemble,3.11700001661268,2.38700052633792,1.68384156016759e-06
binary_longitudinal,3,ensemble,3.33964685192599,2.69367144360889,1.06959119323509e-05
binary_longitudinal,3,ensemble,3.11700001661268,2.31914743617304,1.10227942459221e-05
binary_longitudinal,3,ensemble,3.01375270747048,5.16743089101431,1.26467561748286e-05
binary_longitudinal,3,ensemble,2.82211880039051,2.54309226080867,1.79696945327679e-05
binary_longitudinal,3,ensemble,3.01375270747048,3.26483423540836,9.05080846744403e-05
binary_longitudinal,3,ensemble,2.82211880039051,2.48976441912188,0.000162403396158639
binary_longitudinal,3,ensemble,1.77880078307141,1.79371357680717,0.000955884325267599
binary_longitudinal,3,ensemble,1.70468808971871,1.80476313349803,0.000970351563627095
binary_longitudinal,3,ensemble,1.77880078307141,1.57249174764845,0.000139844897630605
binary_longitudinal,3,ensemble,1.70468808971871,1.56105206538092,0.000176779079384732
binary_longitudinal,3,ensemble,1.67032004603564,1.77953681098321,6.2589294446911e-05
binary_longitudinal,3,ensemble,1.60653065971263,1.81211593050821,0.000111229908396983
binary_longitudinal,3,ensemble,1.67032004603564,1.54527813908825,1.26565182893121e-05
binary_longitudinal,3,ensemble,1.60653065971263,1.52495522864103,2.79761065503157e-05
binary_longitudinal,3,ensemble,1.77880078307141,1.70504220702685,0.000122106248236165
binary_longitudinal,3,ensemble,1.70468808971871,1.59806345154576,6.6840917473422e-05
binary_longitudinal,3,ensemble,1.77880078307141,1.58757330873419,1.9753425945745e-05
binary_longitudinal,3,ensemble,1.70468808971871,1.5778861588376,1.36369653412199e-05
binary_longitudinal,3,ensemble,1.67032004603564,1.96153523246697,0.000292612408120141
binary_longitudinal,3,ensemble,1.60653065971263,1.73814619312708,0.000280410974616735
binary_longitudinal,3,ensemble,1.67032004603564,1.5639407606258,6.54289859006547e-05
binary_longitudinal,3,ensemble,1.60653065971263,2.05649845697208,7.89831185035628e-05
binary_longitudinal,3,ensemble,1.77880078307141,1.69582536821458,0.000135997554921548
binary_longitudinal,3,ensemble,1.70468808971871,1.60760867729421,0.000127617493376436
binary_longitudinal,3,ensemble,1.77880078307141,2.23974090824547,0.000728169560896594
binary_longitudinal,3,ensemble,1.70468808971871,1.8036351527366,0.000850887419922132
binary_longitudinal,3,ensemble,1.67032004603564,1.64398239369369,8.90483375868919e-06
binary_longitudinal,3,ensemble,1.60653065971263,1.57396924198383,1.46285971293273e-05
binary_longitudinal,3,ensemble,1.67032004603564,2.24304846440025,6.5902235414781e-05
binary_longitudinal,3,ensemble,1.60653065971263,1.54796697982248,0.00013465686779745
binary_longitudinal,3,ensemble,1.77880078307141,1.68108688275286,1.35370438243179e-05
binary_longitudinal,3,ensemble,1.70468808971871,1.63336858445593,6.8809845522369e-06
binary_longitudinal,3,ensemble,1.77880078307141,2.12338115962477,8.01472288227161e-05
binary_longitudinal,3,ensemble,1.70468808971871,1.60716126340351,5.13790478783116e-05
binary_longitudinal,3,ensemble,1.67032004603564,2.95111847798578,3.24398386608389e-05
binary_longitudinal,3,ensemble,1.60653065971263,1.59727656878666,2.88671020319653e-05
binary_longitudinal,3,ensemble,1.67032004603564,2.085956091202,0.000265470502130676
binary_longitudinal,3,ensemble,1.60653065971263,1.56899136518749,0.000297579213969747
binary_longitudinal,3,ensemble,2.22140275816017,2.45449474795987,0.000132056579730201
binary_longitudinal,3,ensemble,2.10517091807565,2.34014364029522,0.000172859738935083
binary_longitudinal,3,ensemble,2.22140275816017,2.63398086981638,2.60789243617065e-05
binary_longitudinal,3,ensemble,2.10517091807565,3.05777093858592,4.2509300165877e-05
binary_longitudinal,3,ensemble,2.05127109637602,2.13270455159945,8.70500243869682e-06
binary_longitudinal,3,ensemble,1.95122942450071,2.70170500820964,1.99752704930459e-05
binary_longitudinal,3,ensemble,2.05127109637602,1.86717947579955,2.37613678042614e-06
binary_longitudinal,3,ensemble,1.95122942450071,2.15050178324057,6.7818270053608e-06
binary_longitudinal,3,ensemble,2.22140275816017,2.06141106429999,1.68691263989926e-05
binary_longitudinal,3,ensemble,2.10517091807565,1.95786208421686,1.19071313714885e-05
binary_longitudinal,3,ensemble,2.22140275816017,1.94927554757197,3.68371038094215e-06
binary_longitudinal,3,ensemble,2.10517091807565,1.90657734891195,3.2792220383723e-06
binary_longitudinal,3,ensemble,2.05127109637602,1.93412663738569,4.06969234721017e-05
binary_longitudinal,3,ensemble,1.95122942450071,2.07909007653686,5.03577243559056e-05
binary_longitudinal,3,ensemble,2.05127109637602,2.0003190517904,1.22836483423577e-05
binary_longitudinal,3,ensemble,1.95122942450071,1.84459352239114,1.91466902326703e-05
binary_longitudinal,3,ensemble,2.22140275816017,2.68943549765423,1.87882272780048e-05
binary_longitudinal,3,ensemble,2.10517091807565,2.99210484408941,2.27339527399143e-05
binary_longitudinal,3,ensemble,2.22140275816017,2.31393632252667,0.000135792433065955
binary_longitudinal,3,ensemble,2.10517091807565,2.33718832105578,0.000204609215449747
binary_longitudinal,3,ensemble,2.05127109637602,2.62170842654344,1.23849614012393e-06
binary_longitudinal,3,ensemble,1.95122942450071,1.97092395999836,2.62708284851948e-06
binary_longitudinal,3,ensemble,2.05127109637602,1.96603656748278,1.2372496282299e-05
binary_longitudinal,3,ensemble,1.95122942450071,2.47875856201094,3.26428404482803e-05
binary_longitudinal,3,ensemble,2.22140275816017,2.59465769505884,1.87015903477317e-06
binary_longitudinal,3,ensemble,2.10517091807565,2.06695764524477,1.22578788750539e-06
binary_longitudinal,3,ensemble,2.22140275816017,2.00280410296847,1.4946226524396e-05
binary_longitudinal,3,ensemble,2.10517091807565,2.96965196641817,1.23548972881728e-05
binary_longitudinal,3,ensemble,2.05127109637602,2.3234303098866,4.51177596981956e-06
binary_longitudinal,3,ensemble,1.95122942450071,1.99152877831637,5.18411081829589e-06
binary_longitudinal,3,ensemble,2.05127109637602,2.12133100803542,4.98394747917028e-05
binary_longitudinal,3,ensemble,1.95122942450071,3.22201322962455,7.2137655963828e-05
binary_longitudinal,3,ensemble,2.49182469764127,2.19918542000213,0.00412805270405592
binary_longitudinal,3,ensemble,2.349858807576,2.11548065548523,0.00520141172609965
binary_longitudinal,3,ensemble,2.49182469764127,3.08790425353583,0.000603929882050146
binary_longitudinal,3,ensemble,2.349858807576,2.73264236283558,0.00094759550137048
binary_longitudinal,3,ensemble,2.28402541668774,1.72170023174151,0.000373781006118126
binary_longitudinal,3,ensemble,2.16183424272828,1.87247363325643,0.000824452263201824
binary_longitudinal,3,ensemble,2.28402541668774,1.69676634617098,7.55842701525296e-05
binary_longitudinal,3,ensemble,2.16183424272828,1.67107063400027,0.00020736297182466
binary_longitudinal,3,ensemble,2.49182469764127,2.17749207817956,0.000527324295303528
binary_longitudinal,3,ensemble,2.349858807576,1.92598280336795,0.000358289866231539
binary_longitudinal,3,ensemble,2.49182469764127,1.76382746332891,8.53065389129307e-05
binary_longitudinal,3,ensemble,2.349858807576,1.74464374442422,7.30987346164517e-05
binary_longitudinal,3,ensemble,2.28402541668774,4.39518182115446,0.00174747073403369
binary_longitudinal,3,ensemble,2.16183424272828,1.95834575169239,0.00207844693914776
binary_longitudinal,3,ensemble,2.28402541668774,1.72291559074894,0.00039073954092867
binary_longitudinal,3,ensemble,2.16183424272828,1.69618749861831,0.000585434365122306
binary_longitudinal,3,ensemble,2.49182469764127,1.86075945700678,0.000587314865929753
binary_longitudinal,3,ensemble,2.349858807576,2.13636034877442,0.00068407281585907
binary_longitudinal,3,ensemble,2.49182469764127,2.02477284833355,0.00314465071286622
binary_longitudinal,3,ensemble,2.349858807576,2.15678356460991,0.00456104361498663
binary_longitudinal,3,ensemble,2.28402541668774,2.1199766614469,5.31793456221294e-05
binary_longitudinal,3,ensemble,2.16183424272828,1.74105243144758,0.000108429290148266
binary_longitudinal,3,ensemble,2.28402541668774,1.76492642232392,0.000393565769936334
binary_longitudinal,3,ensemble,2.16183424272828,1.92871666031378,0.000998096294524031
binary_longitudinal,3,ensemble,2.49182469764127,2.12730787647863,5.84606619093318e-05
binary_longitudinal,3,ensemble,2.349858807576,1.85412702349439,3.68843984785601e-05
binary_longitudinal,3,ensemble,2.49182469764127,2.14279088668419,0.000346121362092197
binary_longitudinal,3,ensemble,2.349858807576,1.78844707329426,0.000275409029188504
binary_longitudinal,3,ensemble,2.28402541668774,2.12672415223148,0.000193729544966239
binary_longitudinal,3,ensemble,2.16183424272828,1.79637735426904,0.000213967159960164
binary_longitudinal,3,ensemble,2.28402541668774,2.48901624628259,0.00158538025165397
binary_longitudinal,3,ensemble,2.16183424272828,2.04945989966398,0.00220570042693509
binary_longitudinal,3,ensemble,3.33964685192599,2.82685543421458,0.000754084375812706
binary_longitudinal,3,ensemble,3.11700001661268,2.91826724728757,0.00122415508932939
binary_longitudinal,3,ensemble,3.33964685192599,3.91827907462987,0.0001489188152483
binary_longitudinal,3,ensemble,3.11700001661268,2.17879369378437,0.000301041621736058
binary_longitudinal,3,ensemble,3.01375270747048,3.52659054882185,6.86603202630765e-05
binary_longitudinal,3,ensemble,2.82211880039051,2.49506926404412,0.000195481692525041
binary_longitudinal,3,ensemble,3.01375270747048,2.47948683744625,1.87416733633171e-05
binary_longitudinal,3,ensemble,2.82211880039051,2.19420816274711,6.63682137311478e-05
binary_longitudinal,3,ensemble,3.33964685192599,2.78509896979351,9.63279881780911e-05
binary_longitudinal,3,ensemble,3.11700001661268,3.64659644524514,8.4323715617755e-05
binary_longitudinal,3,ensemble,3.33964685192599,2.30638507348121,2.10351384911134e-05
binary_longitudinal,3,ensemble,3.11700001661268,2.21411099312195,2.32227375330128e-05
binary_longitudinal,3,ensemble,3.01375270747048,3.91688175824679,0.000320995177082884
binary_longitudinal,3,ensemble,2.82211880039051,3.32956986597286,0.000492810006864686
binary_longitudinal,3,ensemble,3.01375270747048,3.5270890064192,9.68867309486421e-05
binary_longitudinal,3,ensemble,2.82211880039051,2.66292033354857,0.000187373052807374
binary_longitudinal,3,ensemble,3.33964685192599,2.91748750247742,0.000107286654466648
binary_longitudinal,3,ensemble,3.11700001661268,2.3407905519409,0.000160996910666349
binary_longitudinal,3,ensemble,3.33964685192599,3.1743757286657,0.00077541726688542
binary_longitudinal,3,ensemble,3.11700001661268,2.99746308344518,0.00144899797928404
binary_longitudinal,3,ensemble,3.01375270747048,6.18158057340565,9.76858332026189e-06
binary_longitudinal,3,ensemble,2.82211880039051,2.59174971733397,2.5709118773179e-05
binary_longitudinal,3,ensemble,3.01375270747048,2.51084338762692,9.7587515130386e-05
binary_longitudinal,3,ensemble,2.82211880039051,2.70872387431863,0.00031944887564232
binary_longitudinal,3,ensemble,3.33964685192599,5.6040089419198,1.06791930495902e-05
binary_longitudinal,3,ensemble,3.11700001661268,2.38700052633792,8.68076331812331e-06
binary_longitudinal,3,ensemble,3.33964685192599,2.69367144360889,8.53476284364712e-05
binary_longitudinal,3,ensemble,3.11700001661268,2.31914743617304,8.74946964899589e-05
binary_longitudinal,3,ensemble,3.01375270747048,5.16743089101431,3.55864326546287e-05
binary_longitudinal,3,ensemble,2.82211880039051,2.54309226080867,5.07326675426327e-05
binary_longitudinal,3,ensemble,3.01375270747048,3.26483423540836,0.000393106644718428
binary_longitudinal,3,ensemble,2.82211880039051,2.48976441912188,0.000705952446927189
binary_longitudinal,3,ensemble,1.77880078307141,1.79371357680717,0.00106462963936783
binary_longitudinal,3,ensemble,1.70468808971871,1.80476313349803,0.000744617548498822
binary_longitudinal,3,ensemble,1.77880078307141,1.57249174764845,8.14586064091042e-05
binary_longitudinal,3,ensemble,1.70468808971871,1.56105206538092,7.13780584804168e-05
binary_longitudinal,3,ensemble,1.67032004603564,1.77953681098321,0.000173893987726491
binary_longitudinal,3,ensemble,1.60653065971263,1.81211593050821,0.000212368151645404
binary_longitudinal,3,ensemble,1.67032004603564,1.54527813908825,1.83906000541097e-05
binary_longitudinal,3,ensemble,1.60653065971263,1.52495522864103,2.81050774725219e-05
binary_longitudinal,3,ensemble,1.77880078307141,1.70504220702685,0.000135997554921548
binary_longitudinal,3,ensemble,1.70468808971871,1.59806345154576,5.12916369428333e-05
binary_longitudinal,3,ensemble,1.77880078307141,1.58757330873419,1.15062227983188e-05
binary_longitudinal,3,ensemble,1.70468808971871,1.5778861588376,5.50619515051667e-06
binary_longitudinal,3,ensemble,1.67032004603564,1.96153523246697,0.000812975109496126
binary_longitudinal,3,ensemble,1.60653065971263,1.73814619312708,0.000535380827321236
binary_longitudinal,3,ensemble,1.67032004603564,1.5639407606258,9.50718265592076e-05
binary_longitudinal,3,ensemble,1.60653065971263,2.05649845697208,7.93472337035748e-05
binary_longitudinal,3,ensemble,1.77880078307141,1.69582536821458,0.000151469193524543
binary_longitudinal,3,ensemble,1.70468808971871,1.60760867729421,9.79296871623786e-05
binary_longitudinal,3,ensemble,1.77880078307141,2.23974090824547,0.000424153320322389
binary_longitudinal,3,ensemble,1.70468808971871,1.8036351527366,0.000343562667204943
binary_longitudinal,3,ensemble,1.67032004603564,1.64398239369369,2.4740605658263e-05
binary_longitudinal,3,ensemble,1.60653065971263,1.57396924198383,2.79299711587711e-05
binary_longitudinal,3,ensemble,1.67032004603564,2.24304846440025,9.57594834914816e-05
binary_longitudinal,3,ensemble,1.60653065971263,1.54796697982248,0.000135277641113065
binary_longitudinal,3,ensemble,1.77880078307141,1.68108688275286,1.50770733485513e-05
binary_longitudinal,3,ensemble,1.70468808971871,1.63336858445593,5.2802530965096e-06
binary_longitudinal,3,ensemble,1.77880078307141,2.12338115962477,4.66851610467426e-05
binary_longitudinal,3,ensemble,1.70468808971871,1.60716126340351,2.07453093255728e-05
binary_longitudinal,3,ensemble,1.67032004603564,2.95111847798578,9.01287185897598e-05
binary_longitudinal,3,ensemble,1.60653065971263,1.59727656878666,5.5115150144761e-05
binary_longitudinal,3,ensemble,1.67032004603564,2.085956091202,0.000385742881197564
binary_longitudinal,3,ensemble,1.60653065971263,1.56899136518749,0.000298951065538372
binary_longitudinal,3,ensemble,2.22140275816017,2.45449474795987,0.00486799514877874
binary_longitudinal,3,ensemble,2.10517091807565,2.34014364029522,0.00437572668196998
binary_longitudinal,3,ensemble,2.22140275816017,2.63398086981638,0.000502778739068938
binary_longitudinal,3,ensemble,2.10517091807565,3.05777093858592,0.000566200169935022
binary_longitudinal,3,ensemble,2.05127109637602,2.13270455159945,0.000795789056860014
binary_longitudinal,3,ensemble,1.95122942450071,2.70170500820964,0.00124637013784139
binary_longitudinal,3,ensemble,2.05127109637602,1.86717947579955,0.000113605050807996
binary_longitudinal,3,ensemble,1.95122942450071,2.15050178324057,0.000222654142301546
binary_longitudinal,3,ensemble,2.22140275816017,2.06141106429999,0.000621845769761753
binary_longitudinal,3,ensemble,2.10517091807565,1.95786208421686,0.000301414041053892
binary_longitudinal,3,ensemble,2.22140275816017,1.94927554757197,7.10186982690438e-05
binary_longitudinal,3,ensemble,2.10517091807565,1.90657734891195,4.36774086643626e-05
binary_longitudinal,3,ensemble,2.05127109637602,1.93412663738569,0.00372040864721646
binary_longitudinal,3,ensemble,1.95122942450071,2.07909007653686,0.00314210332564453
binary_longitudinal,3,ensemble,2.05127109637602,2.0003190517904,0.000587291314850503
binary_longitudinal,3,ensemble,1.95122942450071,1.84459352239114,0.000628604930249441
binary_longitudinal,3,ensemble,2.22140275816017,2.68943549765423,0.000692589490280147
binary_longitudinal,3,ensemble,2.10517091807565,2.99210484408941,0.000575481394357805
binary_longitudinal,3,ensemble,2.22140275816017,2.31393632252667,0.00261795875186688
binary_longitudinal,3,ensemble,2.10517091807565,2.33718832105578,0.00272528063519881
binary_longitudinal,3,ensemble,2.05127109637602,2.62170842654344,0.000113220149243466
binary_longitudinal,3,ensemble,1.95122942450071,1.97092395999836,0.000163918561862273
binary_longitudinal,3,ensemble,2.05127109637602,1.96603656748278,0.000591539207822979
binary_longitudinal,3,ensemble,1.95122942450071,2.47875856201094,0.0010716969979554
binary_longitudinal,3,ensemble,2.22140275816017,2.59465769505884,6.89395797416559e-05
binary_longitudinal,3,ensemble,2.10517091807565,2.06695764524477,3.10292772558639e-05
binary_longitudinal,3,ensemble,2.22140275816017,2.00280410296847,0.000288150110086933
binary_longitudinal,3,ensemble,2.10517091807565,2.96965196641817,0.000164560341308759
binary_longitudinal,3,ensemble,2.05127109637602,2.3234303098866,0.000412455018717247
binary_longitudinal,3,ensemble,1.95122942450071,1.99152877831637,0.000323466003498371
binary_longitudinal,3,ensemble,2.05127109637602,2.12133100803542,0.00238286621906497
binary_longitudinal,3,ensemble,1.95122942450071,3.22201322962455,0.00236835116902479
binary_longitudinal,3,ensemble,2.49182469764127,2.19918542000213,0.000125625646953538
binary_longitudinal,3,ensemble,2.349858807576,2.11548065548523,0.000109059940049626
binary_longitudinal,3,ensemble,2.49182469764127,3.08790425353583,9.61206578482424e-06
binary_longitudinal,3,ensemble,2.349858807576,2.73264236283558,1.0454342359278e-05
binary_longitudinal,3,ensemble,2.28402541668774,1.72170023174151,2.83753746749529e-05
binary_longitudinal,3,ensemble,2.16183424272828,1.87247363325643,4.30103708573674e-05
binary_longitudinal,3,ensemble,2.28402541668774,1.69676634617098,3.00090977183953e-06
binary_longitudinal,3,ensemble,2.16183424272828,1.67107063400027,5.69204843429907e-06
binary_longitudinal,3,ensemble,2.49182469764127,2.17749207817956,1.60476283858334e-05
binary_longitudinal,3,ensemble,2.349858807576,1.92598280336795,7.51239728543871e-06
binary_longitudinal,3,ensemble,2.49182469764127,1.76382746332891,1.35772725986537e-06
binary_longitudinal,3,ensemble,2.349858807576,1.74464374442422,8.06461403209649e-07
binary_longitudinal,3,ensemble,2.28402541668774,4.39518182115446,0.000132658257108041
binary_longitudinal,3,ensemble,2.16183424272828,1.95834575169239,0.000108429290148266
binary_longitudinal,3,ensemble,2.28402541668774,1.72291559074894,1.55134673424864e-05
binary_longitudinal,3,ensemble,2.16183424272828,1.69618749861831,1.60699894106312e-05
binary_longitudinal,3,ensemble,2.49182469764127,1.86075945700678,1.78732722877697e-05
binary_longitudinal,3,ensemble,2.349858807576,2.13636034877442,1.43432099237244e-05
binary_longitudinal,3,ensemble,2.49182469764127,2.02477284833355,5.00498326391054e-05
binary_longitudinal,3,ensemble,2.349858807576,2.15678356460991,5.03196895697656e-05
binary_longitudinal,3,ensemble,2.28402541668774,2.1199766614469,4.03708008779839e-06
binary_longitudinal,3,ensemble,2.16183424272828,1.74105243144758,5.65658460681113e-06
binary_longitudinal,3,ensemble,2.28402541668774,1.76492642232392,1.56256766451553e-05
binary_longitudinal,3,ensemble,2.16183424272828,1.92871666031378,2.73974297365351e-05
binary_longitudinal,3,ensemble,2.49182469764127,2.12730787647863,1.77908544299253e-06
binary_longitudinal,3,ensemble,2.349858807576,1.85412702349439,7.7336894263794e-07
binary_longitudinal,3,ensemble,2.49182469764127,2.14279088668419,5.50882047874379e-06
binary_longitudinal,3,ensemble,2.349858807576,1.78844707329426,3.03844865853506e-06
binary_longitudinal,3,ensemble,2.28402541668774,2.12672415223148,1.47068693541049e-05
binary_longitudinal,3,ensemble,2.16183424272828,1.79637735426904,1.11623283869032e-05
binary_longitudinal,3,ensemble,2.28402541668774,2.48901624628259,6.29440898174842e-05
binary_longitudinal,3,ensemble,2.16183424272828,2.04945989966398,6.05457838069798e-05
binary_longitudinal,3,ensemble,3.33964685192599,2.82685543421458,0.000759538687224554
binary_longitudinal,3,ensemble,3.11700001661268,2.91826724728757,0.000846706009089562
binary_longitudinal,3,ensemble,3.33964685192599,3.91827907462987,7.84470591620539e-05
binary_longitudinal,3,ensemble,3.11700001661268,2.17879369378437,0.000109560107628954
binary_longitudinal,3,ensemble,3.01375270747048,3.52659054882185,0.000171504198251637
binary_longitudinal,3,ensemble,2.82211880039051,2.49506926404412,0.000333273146539268
binary_longitudinal,3,ensemble,3.01375270747048,2.47948683744625,2.44835525045291e-05
binary_longitudinal,3,ensemble,2.82211880039051,2.19420816274711,5.95366050115374e-05
binary_longitudinal,3,ensemble,3.33964685192599,2.78509896979351,9.70247309592075e-05
binary_longitudinal,3,ensemble,3.11700001661268,3.64659644524514,5.83238164385081e-05
binary_longitudinal,3,ensemble,3.33964685192599,2.30638507348121,1.10808345536661e-05
binary_longitudinal,3,ensemble,3.11700001661268,2.21411099312195,8.45160748498278e-06
binary_longitudinal,3,ensemble,3.01375270747048,3.91688175824679,0.000801802558993415
binary_longitudinal,3,ensemble,2.82211880039051,3.32956986597286,0.000840182727662812
binary_longitudinal,3,ensemble,3.01375270747048,3.5270890064192,0.000126569880831251
binary_longitudinal,3,ensemble,2.82211880039051,2.66292033354857,0.00016808581710499
binary_longitudinal,3,ensemble,3.33964685192599,2.91748750247742,0.000108062661558913
binary_longitudinal,3,ensemble,3.11700001661268,2.3407905519409,0.000111356030697654
binary_longitudinal,3,ensemble,3.33964685192599,3.1743757286657,0.000408472254558399
binary_longitudinal,3,ensemble,3.11700001661268,2.99746308344518,0.000527343606671384
binary_longitudinal,3,ensemble,3.01375270747048,6.18158057340565,2.4400600579441e-05
binary_longitudinal,3,ensemble,2.82211880039051,2.59174971733397,4.38310043135704e-05
binary_longitudinal,3,ensemble,3.01375270747048,2.51084338762692,0.000127485363988782
binary_longitudinal,3,ensemble,2.82211880039051,2.70872387431863,0.000286566421804578
binary_longitudinal,3,ensemble,3.33964685192599,5.6040089419198,1.07564359237141e-05
binary_longitudinal,3,ensemble,3.11700001661268,2.38700052633792,6.00418568611739e-06
binary_longitudinal,3,ensemble,3.33964685192599,2.69367144360889,4.49591977087213e-05
binary_longitudinal,3,ensemble,3.11700001661268,2.31914743617304,3.1842534959525e-05
binary_longitudinal,3,ensemble,3.01375270747048,5.16743089101431,8.88900980607588e-05
binary_longitudinal,3,ensemble,2.82211880039051,2.54309226080867,8.64931929218788e-05
binary_longitudinal,3,ensemble,3.01375270747048,3.26483423540836,0.000513542573774717
binary_longitudinal,3,ensemble,2.82211880039051,2.48976441912188,0.000633285267551308
binary_longitudinal,3,ensemble,1.77880078307141,1.79371357680717,0.000105972038196597
binary_longitudinal,3,ensemble,1.70468808971871,1.80476313349803,7.40029352343184e-05
binary_longitudinal,3,ensemble,1.77880078307141,1.57249174764845,1.25892464741956e-05
binary_longitudinal,3,ensemble,1.70468808971871,1.56105206538092,1.10343278474698e-05
binary_longitudinal,3,ensemble,1.67032004603564,1.77953681098321,9.36643552119747e-06
binary_longitudinal,3,ensemble,1.60653065971263,1.81211593050821,1.14506399725992e-05
binary_longitudinal,3,ensemble,1.67032004603564,1.54527813908825,1.53799777282289e-06
binary_longitudinal,3,ensemble,1.60653065971263,1.52495522864103,2.35716852536868e-06
binary_longitudinal,3,ensemble,1.77880078307141,1.70504220702685,1.35370438243179e-05
binary_longitudinal,3,ensemble,1.70468808971871,1.59806345154576,5.09755873252653e-06
binary_longitudinal,3,ensemble,1.77880078307141,1.58757330873419,1.778261146128e-06
binary_longitudinal,3,ensemble,1.70468808971871,1.5778861588376,8.51202229038192e-07
binary_longitudinal,3,ensemble,1.67032004603564,1.96153523246697,4.37892019326779e-05
binary_longitudinal,3,ensemble,1.60653065971263,1.73814619312708,2.88671020319653e-05
binary_longitudinal,3,ensemble,1.67032004603564,1.5639407606258,7.95081493132629e-06
binary_longitudinal,3,ensemble,1.60653065971263,2.05649845697208,6.65484028798717e-06
binary_longitudinal,3,ensemble,1.77880078307141,1.69582536821458,1.50770733485513e-05
binary_longitudinal,3,ensemble,1.70468808971871,1.60760867729421,9.73262624713179e-06
binary_longitudinal,3,ensemble,1.77880078307141,2.23974090824547,6.55519524305315e-05
binary_longitudinal,3,ensemble,1.70468808971871,1.8036351527366,5.31113228182101e-05
binary_longitudinal,3,ensemble,1.67032004603564,1.64398239369369,1.33260091785331e-06
binary_longitudinal,3,ensemble,1.60653065971263,1.57396924198383,1.50595106519631e-06
binary_longitudinal,3,ensemble,1.67032004603564,2.24304846440025,8.00832337733632e-06
binary_longitudinal,3,ensemble,1.60653065971263,1.54796697982248,1.13457149559397e-05
binary_longitudinal,3,ensemble,1.77880078307141,1.68108688275286,1.50075494209827e-06
binary_longitudinal,3,ensemble,1.70468808971871,1.63336858445593,5.24771714969094e-07
binary_longitudinal,3,ensemble,1.77880078307141,2.12338115962477,7.21508782206799e-06
binary_longitudinal,3,ensemble,1.70468808971871,1.60716126340351,3.20701556288963e-06
binary_longitudinal,3,ensemble,1.67032004603564,2.95111847798578,4.8545947005765e-06
binary_longitudinal,3,ensemble,1.60653065971263,1.59727656878666,2.97174381588617e-06
binary_longitudinal,3,ensemble,1.67032004603564,2.085956091202,3.22595070535267e-05
binary_longitudinal,3,ensemble,1.60653065971263,1.56899136518749,2.50729798913181e-05
binary_longitudinal,3,ensemble,2.22140275816017,2.45449474795987,0.000535804216557258
binary_longitudinal,3,ensemble,2.10517091807565,2.34014364029522,0.000482473898643181
binary_longitudinal,3,ensemble,2.22140275816017,2.63398086981638,8.59217117479918e-05
binary_longitudinal,3,ensemble,2.10517091807565,3.05777093858592,9.71089158479462e-05
binary_longitudinal,3,ensemble,2.05127109637602,2.13270455159945,4.76763856244649e-05
binary_longitudinal,3,ensemble,1.95122942450071,2.70170500820964,7.52594403054059e-05
binary_longitudinal,3,ensemble,2.05127109637602,1.86717947579955,1.05675187534922e-05
binary_longitudinal,3,ensemble,1.95122942450071,2.15050178324057,2.09127045694097e-05
binary_longitudinal,3,ensemble,2.22140275816017,2.06141106429999,6.84445188015912e-05
binary_longitudinal,3,ensemble,2.10517091807565,1.95786208421686,3.32343443872496e-05
binary_longitudinal,3,ensemble,2.22140275816017,1.94927554757197,1.21366470919004e-05
binary_longitudinal,3,ensemble,2.10517091807565,1.90657734891195,7.49110655147047e-06
binary_longitudinal,3,ensemble,2.05127109637602,1.93412663738569,0.000222892782724565
binary_longitudinal,3,ensemble,1.95122942450071,2.07909007653686,0.000189729303110001
binary_longitudinal,3,ensemble,2.05127109637602,2.0003190517904,5.46297188312067e-05
binary_longitudinal,3,ensemble,1.95122942450071,1.84459352239114,5.90414759918424e-05
binary_longitudinal,3,ensemble,2.22140275816017,2.68943549765423,7.6231047462823e-05
binary_longitudinal,3,ensemble,2.10517091807565,2.99210484408941,6.34534037686793e-05
binary_longitudinal,3,ensemble,2.22140275816017,2.31393632252667,0.000447392619788555
binary_longitudinal,3,ensemble,2.10517091807565,2.33718832105578,0.00046741251931438
binary_longitudinal,3,ensemble,2.05127109637602,2.62170842654344,6.78311350132134e-06
binary_longitudinal,3,ensemble,1.95122942450071,1.97092395999836,9.89787772257393e-06
binary_longitudinal,3,ensemble,2.05127109637602,1.96603656748278,5.50248569727787e-05
binary_longitudinal,3,ensemble,1.95122942450071,2.47875856201094,0.000100658727812086
binary_longitudinal,3,ensemble,2.22140275816017,2.59465769505884,7.58795281924868e-06
binary_longitudinal,3,ensemble,2.10517091807565,2.06695764524477,3.42133260548552e-06
binary_longitudinal,3,ensemble,2.22140275816017,2.00280410296847,4.92430343114546e-05
binary_longitudinal,3,ensemble,2.10517091807565,2.96965196641817,2.82237222533781e-05
binary_longitudinal,3,ensemble,2.05127109637602,2.3234303098866,2.47105239203716e-05
binary_longitudinal,3,ensemble,1.95122942450071,1.99152877831637,1.95318145404827e-05
binary_longitudinal,3,ensemble,2.05127109637602,2.12133100803542,0.000221653731748163
binary_longitudinal,3,ensemble,1.95122942450071,3.22201322962455,0.000222446471475719
binary_longitudinal,3,ensemble,2.49182469764127,2.19918542000213,0.000457647591102943
binary_longitudinal,3,ensemble,2.349858807576,2.11548065548523,0.000396680697514186
binary_longitudinal,3,ensemble,2.49182469764127,3.08790425353583,5.43675333678904e-05
binary_longitudinal,3,ensemble,2.349858807576,2.73264236283558,5.91477196583503e-05
binary_longitudinal,3,ensemble,2.28402541668774,1.72170023174151,5.59360146777711e-05
binary_longitudinal,3,ensemble,2.16183424272828,1.87247363325643,8.48738093609244e-05
binary_longitudinal,3,ensemble,2.28402541668774,1.69676634617098,9.18486715680733e-06
binary_longitudinal,3,ensemble,2.16183424272828,1.67107063400027,1.74716760401559e-05
binary_longitudinal,3,ensemble,2.49182469764127,2.17749207817956,5.84606619093318e-05
binary_longitudinal,3,ensemble,2.349858807576,1.92598280336795,2.73246344518023e-05
binary_longitudinal,3,ensemble,2.49182469764127,1.76382746332891,7.67954399789561e-06
binary_longitudinal,3,ensemble,2.349858807576,1.74464374442422,4.56273109804858e-06
binary_longitudinal,3,ensemble,2.28402541668774,4.39518182115446,0.00026150753256037
binary_longitudinal,3,ensemble,2.16183424272828,1.95834575169239,0.000213967159960164
binary_longitudinal,3,ensemble,2.28402541668774,1.72291559074894,4.74819796380822e-05
binary_longitudinal,3,ensemble,2.16183424272828,1.69618749861831,4.93266443868302e-05
binary_longitudinal,3,ensemble,2.49182469764127,1.86075945700678,6.51113861379755e-05
binary_longitudinal,3,ensemble,2.349858807576,2.13636034877442,5.2170159955584e-05
binary_longitudinal,3,ensemble,2.49182469764127,2.02477284833355,0.000283090649500133
binary_longitudinal,3,ensemble,2.349858807576,2.15678356460991,0.000284694607243882
binary_longitudinal,3,ensemble,2.28402541668774,2.1199766614469,7.95824455652947e-06
binary_longitudinal,3,ensemble,2.16183424272828,1.74105243144758,1.11623283869032e-05
binary_longitudinal,3,ensemble,2.28402541668774,1.76492642232392,4.78254180008225e-05
binary_longitudinal,3,ensemble,2.16183424272828,1.92871666031378,8.40960898725417e-05
binary_longitudinal,3,ensemble,2.49182469764127,2.12730787647863,6.48111422385726e-06
binary_longitudinal,3,ensemble,2.349858807576,1.85412702349439,2.81295342232749e-06
binary_longitudinal,3,ensemble,2.49182469764127,2.14279088668419,3.11588567848423e-05
binary_longitudinal,3,ensemble,2.349858807576,1.78844707329426,1.71906852937362e-05
binary_longitudinal,3,ensemble,2.28402541668774,2.12672415223148,2.89914642354107e-05
binary_longitudinal,3,ensemble,2.16183424272828,1.79637735426904,2.20269975042956e-05
binary_longitudinal,3,ensemble,2.28402541668774,2.48901624628259,0.000192652611119777
binary_longitudinal,3,ensemble,2.16183424272828,2.04945989966398,0.000185844574669916
binary_longitudinal,3,ensemble,3.33964685192599,2.82685543421458,0.00305960966902122
binary_longitudinal,3,ensemble,3.11700001661268,2.91826724728757,0.00341677525449953
binary_longitudinal,3,ensemble,3.33964685192599,3.91827907462987,0.000490639849257172
binary_longitudinal,3,ensemble,3.11700001661268,2.17879369378437,0.000687704229376201
binary_longitudinal,3,ensemble,3.01375270747048,3.52659054882185,0.000376045374945552
binary_longitudinal,3,ensemble,2.82211880039051,2.49506926404412,0.000736502806032577
binary_longitudinal,3,ensemble,3.01375270747048,2.47948683744625,8.33508350067117e-05
binary_longitudinal,3,ensemble,2.82211880039051,2.19420816274711,0.000204655595824225
binary_longitudinal,3,ensemble,3.33964685192599,2.78509896979351,0.000390839610898199
binary_longitudinal,3,ensemble,3.11700001661268,3.64659644524514,0.00023535840139997
binary_longitudinal,3,ensemble,3.33964685192599,2.30638507348121,6.93040510775986e-05
binary_longitudinal,3,ensemble,3.11700001661268,2.21411099312195,5.30503879398729e-05
binary_longitudinal,3,ensemble,3.01375270747048,3.91688175824679,0.00175805692806767
binary_longitudinal,3,ensemble,2.82211880039051,3.32956986597286,0.00185672606067844
binary_longitudinal,3,ensemble,3.01375270747048,3.5270890064192,0.000430889481909668
binary_longitudinal,3,ensemble,2.82211880039051,2.66292033354857,0.000577790806891949
binary_longitudinal,3,ensemble,3.33964685192599,2.91748750247742,0.000435303125077114
binary_longitudinal,3,ensemble,3.11700001661268,2.3407905519409,0.000449363209948342
binary_longitudinal,3,ensemble,3.33964685192599,3.1743757286657,0.00255475179749266
binary_longitudinal,3,ensemble,3.11700001661268,2.99746308344518,0.00331011384061995
binary_longitudinal,3,ensemble,3.01375270747048,6.18158057340565,5.35015065947808e-05
binary_longitudinal,3,ensemble,2.82211880039051,2.59174971733397,9.68624625277663e-05
binary_longitudinal,3,ensemble,3.01375270747048,2.51084338762692,0.000434006116458544
binary_longitudinal,3,ensemble,2.82211880039051,2.70872387431863,0.000985064932511136
binary_longitudinal,3,ensemble,3.33964685192599,5.6040089419198,4.33295840092911e-05
binary_longitudinal,3,ensemble,3.11700001661268,2.38700052633792,2.42291336727435e-05
binary_longitudinal,3,ensemble,3.33964685192599,2.69367144360889,0.000281193128488883
binary_longitudinal,3,ensemble,3.11700001661268,2.31914743617304,0.000199874264818062
binary_longitudinal,3,ensemble,3.01375270747048,5.16743089101431,0.000194903160359726
binary_longitudinal,3,ensemble,2.82211880039051,2.54309226080867,0.000191141950532684
binary_longitudinal,3,ensemble,3.01375270747048,3.26483423540836,0.00174828396850091
binary_longitudinal,3,ensemble,2.82211880039051,2.48976441912188,0.00217690232307168
binary_longitudinal,3,sieve_md,1.77880078307141,1.63798818277157,0.00748294912415195
binary_longitudinal,3,sieve_md,1.70468808971871,1.67701670311706,0.0076425891174435
binary_longitudinal,3,sieve_md,1.77880078307141,1.00000000002011,0.000709245152938778
binary_longitudinal,3,sieve_md,1.70468808971871,1.00000000001181,0.000904292506752669
binary_longitudinal,3,sieve_md,1.67032004603564,1.66666821707588,0.000905462486159698
binary_longitudinal,3,sieve_md,1.60653065971263,1.80000023251442,0.00161476113157825
binary_longitudinal,3,sieve_md,1.67032004603564,1.00218812141564,0.000118622468061873
binary_longitudinal,3,sieve_md,1.60653065971263,1.00020332364138,0.000263779258816363
binary_longitudinal,3,sieve_md,1.77880078307141,1.31914989945175,0.000955884325267599
binary_longitudinal,3,sieve_md,1.70468808971871,1.00193133798879,0.000526445968276534
binary_longitudinal,3,sieve_md,1.77880078307141,1.00177931015999,0.000100182572573807
binary_longitudinal,3,sieve_md,1.70468808971871,1.00016533626438,6.97582859681761e-05
binary_longitudinal,3,sieve_md,1.67032004603564,2.13942022400593,0.00423314499514566
binary_longitudinal,3,sieve_md,1.60653065971263,1.5069934380596,0.00407081826466162
binary_longitudinal,3,sieve_md,1.67032004603564,1.00159049321652,0.00061322929520635
binary_longitudinal,3,sieve_md,1.60653065971263,2.51785861347066,0.000744710791703774
binary_longitudinal,3,sieve_md,1.77880078307141,1.25000116260002,0.00106462963936783
binary_longitudinal,3,sieve_md,1.70468808971871,1.00001410428156,0.00100512855611679
binary_longitudinal,3,sieve_md,1.77880078307141,2.88923654071883,0.00369302520387731
binary_longitudinal,3,sieve_md,1.70468808971871,1.63614490890102,0.00435261412495031
binary_longitudinal,3,sieve_md,1.67032004603564,1.18382715467086,0.000128823834574787
binary_longitudinal,3,sieve_md,1.60653065971263,1.01708150480323,0.000212368151645404
binary_longitudinal,3,sieve_md,1.67032004603564,3.00000465120064,0.000617664798248458
binary_longitudinal,3,sieve_md,1.60653065971263,1.00000000020521,0.00126964374825572
binary_longitudinal,3,sieve_md,1.77880078307141,1.14948234666022,0.000105972038196597
binary_longitudinal,3,sieve_md,1.70468808971871,1.01389013188528,5.4195344890929e-05
binary_longitudinal,3,sieve_md,1.77880078307141,2.49998786048572,0.000406479138868103
binary_longitudinal,3,sieve_md,1.70468808971871,1.00118909405342,0.000262823452651471
binary_longitudinal,3,sieve_md,1.67032004603564,5.00000465103426,0.000469298419546449
binary_longitudinal,3,sieve_md,1.60653065971263,1.0124161380275,0.000419073206247334
binary_longitudinal,3,sieve_md,1.67032004603564,2.47727343198817,0.00248810655825924
binary_longitudinal,3,sieve_md,1.60653065971263,1.00000000015608,0.00280579516520357
binary_longitudinal,3,sieve_md,2.22140275816017,2.48643312408837,0.000934898023489231
binary_longitudinal,3,sieve_md,2.10517091807565,2.23204383760765,0.0012271489970857
binary_longitudinal,3,sieve_md,2.22140275816017,3.12500715147164,0.000119612390536422
binary_longitudinal,3,sieve_md,2.10517091807565,4.50000465110569,0.000195999093135422
binary_longitudinal,3,sieve_md,2.05127109637602,1.69696955002693,0.000113220149243466
binary_longitudinal,3,sieve_md,1.95122942450071,3.50000232555525,0.000258943968827728
binary_longitudinal,3,sieve_md,2.05127109637602,1.02374841138836,2.00220509127348e-05
binary_longitudinal,3,sieve_md,1.95122942450071,2.00000465115414,5.70987369063187e-05
binary_longitudinal,3,sieve_md,2.22140275816017,1.22558227256607,0.000119425423258947
binary_longitudinal,3,sieve_md,2.10517091807565,1.0000241948992,8.45299455541655e-05
binary_longitudinal,3,sieve_md,2.22140275816017,1.01931144650604,1.68955359736889e-05
binary_longitudinal,3,sieve_md,2.10517091807565,1.00179444961133,1.51196218992706e-05
binary_longitudinal,3,sieve_md,2.05127109637602,1.00000000149284,0.000529317686205158
binary_longitudinal,3,sieve_md,1.95122942450071,1.540209070014,0.000652798619692812
binary_longitudinal,3,sieve_md,2.05127109637602,1.33333488380384,0.000103505755447592
binary_longitudinal,3,sieve_md,1.95122942450071,1.00000000002097,0.000161203142952165
binary_longitudinal,3,sieve_md,2.22140275816017,3.00000232545627,0.000133011748319997
binary_longitudinal,3,sieve_md,2.10517091807565,4.00000465080039,0.000161390659713171
binary_longitudinal,3,sieve_md,2.22140275816017,1.99687578476973,0.000622819304603906
binary_longitudinal,3,sieve_md,2.10517091807565,2.20000046508443,0.000943398750833641
binary_longitudinal,3,sieve_md,2.05127109637602,2.99513740977674,1.61082916185006e-05
binary_longitudinal,3,sieve_md,1.95122942450071,1.1853912677331,3.40554717129719e-05
binary_longitudinal,3,sieve_md,2.05127109637602,1.17079794845056,0.000104254415201378
binary_longitudinal,3,sieve_md,1.95122942450071,2.84375201277197,0.00027483227707784
binary_longitudinal,3,sieve_md,2.22140275816017,2.62238175560629,1.32398399897382e-05
binary_longitudinal,3,sieve_md,2.10517091807565,1.15075423323979,8.70199380178946e-06
binary_longitudinal,3,sieve_md,2.22140275816017,1.00002544285654,6.85516725799842e-05
binary_longitudinal,3,sieve_md,2.10517091807565,4.00000465087154,5.69651500921905e-05
binary_longitudinal,3,sieve_md,2.05127109637602,2.00000465092169,5.86816548591944e-05
binary_longitudinal,3,sieve_md,1.95122942450071,1.13475648637418,6.72028061196784e-05
binary_longitudinal,3,sieve_md,2.05127109637602,1.54545468638566,0.000419962566954781
binary_longitudinal,3,sieve_md,1.95122942450071,4.96000111130051,0.000607353893819652
binary_longitudinal,3,sieve_md,2.49182469764127,2.29550002243395,0.000882983424545827
binary_longitudinal,3,sieve_md,2.349858807576,2.06957493094769,0.00111936699941155
binary_longitudinal,3,sieve_md,2.49182469764127,5.00000465119865,8.36904946958843e-05
binary_longitudinal,3,sieve_md,2.349858807576,4.00000465109299,0.000132446632197425
binary_longitudinal,3,sieve_md,2.28402541668774,1.00000000000247,0.00014775000352115
binary_longitudinal,3,sieve_md,2.16183424272828,1.50000116274463,0.000327033383193953
binary_longitudinal,3,sieve_md,2.28402541668774,1.0000284446005,1.93563735016384e-05
binary_longitudinal,3,sieve_md,2.16183424272828,1.0011788147888,5.34225290292901e-05
binary_longitudinal,3,sieve_md,2.49182469764127,2.15957627597877,0.000112793766333419
binary_longitudinal,3,sieve_md,2.349858807576,1.42857735186142,7.7105577024548e-05
binary_longitudinal,3,sieve_md,2.49182469764127,1.01031595301103,1.18214823518603e-05
binary_longitudinal,3,sieve_md,2.349858807576,1.0009585743805,1.02171033989081e-05
binary_longitudinal,3,sieve_md,2.28402541668774,8.86058442714545,0.00069074886867041
binary_longitudinal,3,sieve_md,2.16183424272828,1.66433590803236,0.000824452263201824
binary_longitudinal,3,sieve_md,2.28402541668774,1.00922124408378,0.000100064477447639
binary_longitudinal,3,sieve_md,2.16183424272828,1.00000000003415,0.000150824344820521
binary_longitudinal,3,sieve_md,2.49182469764127,1.14829082711983,0.000125625646953538
binary_longitudinal,3,sieve_md,2.349858807576,2.00000155022116,0.000147215520629698
binary_longitudinal,3,sieve_md,2.49182469764127,1.70486133719044,0.000435774717608172
binary_longitudinal,3,sieve_md,2.349858807576,2.16626527877303,0.000637502885183462
binary_longitudinal,3,sieve_md,2.28402541668774,2.06577949835916,2.10209945778757e-05
binary_longitudinal,3,sieve_md,2.16183424272828,1.00002497627207,4.30103708573674e-05
binary_longitudinal,3,sieve_md,2.28402541668774,1.09123830315065,0.00010078824635039
binary_longitudinal,3,sieve_md,2.16183424272828,1.66666511508823,0.00025713765480427
binary_longitudinal,3,sieve_md,2.49182469764127,1.86665770746618,1.25046357579688e-05
binary_longitudinal,3,sieve_md,2.349858807576,1.08053118060465,7.93768704039999e-06
binary_longitudinal,3,sieve_md,2.49182469764127,2.00000465105585,4.7964290026477e-05
binary_longitudinal,3,sieve_md,2.349858807576,1.00689404166659,3.84942713848094e-05
binary_longitudinal,3,sieve_md,2.28402541668774,2.00000465096851,7.65783720477939e-05
binary_longitudinal,3,sieve_md,2.16183424272828,1.07198536789734,8.48738093609244e-05
binary_longitudinal,3,sieve_md,2.28402541668774,3.17424373971941,0.000405999981625921
binary_longitudinal,3,sieve_md,2.16183424272828,1.94857132025989,0.000568250416412313
binary_longitudinal,3,sieve_md,3.33964685192599,2.55956349052621,0.000145869335475403
binary_longitudinal,3,sieve_md,3.11700001661268,2.96648732028892,0.000237454143139697
binary_longitudinal,3,sieve_md,3.33964685192599,6.00000465117203,1.86627626583844e-05
binary_longitudinal,3,sieve_md,3.11700001661268,1.00000000002586,3.7925954246108e-05
binary_longitudinal,3,sieve_md,3.01375270747048,4.90909600110239,2.4400600579441e-05
binary_longitudinal,3,sieve_md,2.82211880039051,2.00000465098632,6.92403232783208e-05
binary_longitudinal,3,sieve_md,3.01375270747048,2.00000465137833,4.31504524916592e-06
binary_longitudinal,3,sieve_md,2.82211880039051,1.33334094779231,1.52679169168351e-05
binary_longitudinal,3,sieve_md,3.33964685192599,2.30786423651421,1.8633590714669e-05
binary_longitudinal,3,sieve_md,3.11700001661268,5.00000465090128,1.63566004119122e-05
binary_longitudinal,3,sieve_md,3.33964685192599,1.11196247804981,2.63615981963957e-06
binary_longitudinal,3,sieve_md,3.11700001661268,1.00002530788137,2.92565684461606e-06
binary_longitudinal,3,sieve_md,3.01375270747048,5.92776321892856,0.000114075714676479
binary_longitudinal,3,sieve_md,2.82211880039051,4.33566641801198,0.000174555088762244
binary_longitudinal,3,sieve_md,3.01375270747048,5.00000465125222,2.2307006422673e-05
binary_longitudinal,3,sieve_md,2.82211880039051,2.60714523587783,4.31049148664089e-05
binary_longitudinal,3,sieve_md,3.33964685192599,2.55544876373665,2.07534242777046e-05
binary_longitudinal,3,sieve_md,3.11700001661268,1.00004132610608,3.12291994728862e-05
binary_longitudinal,3,sieve_md,3.33964685192599,3.52916709304492,9.71766286816531e-05
binary_longitudinal,3,sieve_md,3.11700001661268,3.20000046510168,0.000182548282686344
binary_longitudinal,3,sieve_md,3.01375270747048,12.5672602970803,3.47157279359331e-06
binary_longitudinal,3,sieve_md,2.82211880039051,2.07484779753315,9.10626295517483e-06
binary_longitudinal,3,sieve_md,3.01375270747048,1.87500140982189,2.24683535657752e-05
binary_longitudinal,3,sieve_md,2.82211880039051,2.66666976827467,7.34887775078738e-05
binary_longitudinal,3,sieve_md,3.33964685192599,10.4061251001414,2.0657725362343e-06
binary_longitudinal,3,sieve_md,3.11700001661268,1.00002313350895,1.68384156016759e-06
binary_longitudinal,3,sieve_md,3.33964685192599,2.00000232547378,1.06959119323509e-05
binary_longitudinal,3,sieve_md,3.11700001661268,1.07482333313706,1.10227942459221e-05
binary_longitudinal,3,sieve_md,3.01375270747048,9.40796534631929,1.26467561748286e-05
binary_longitudinal,3,sieve_md,2.82211880039051,1.78128120247345,1.79696945327679e-05
binary_longitudinal,3,sieve_md,3.01375270747048,4.00000155039898,9.05080846744403e-05
binary_longitudinal,3,sieve_md,2.82211880039051,1.89333423481694,0.000162403396158639
binary_longitudinal,3,sieve_md,1.77880078307141,1.63798818277157,0.000955884325267599
binary_longitudinal,3,sieve_md,1.70468808971871,1.67701670311706,0.000970351563627095
binary_longitudinal,3,sieve_md,1.77880078307141,1.00000000002011,0.000139844897630605
binary_longitudinal,3,sieve_md,1.70468808971871,1.00000000001181,0.000176779079384732
binary_longitudinal,3,sieve_md,1.67032004603564,1.66666821707588,6.2589294446911e-05
binary_longitudinal,3,sieve_md,1.60653065971263,1.80000023251442,0.000111229908396983
binary_longitudinal,3,sieve_md,1.67032004603564,1.00218812141564,1.26565182893121e-05
binary_longitudinal,3,sieve_md,1.60653065971263,1.00020332364138,2.79761065503157e-05
binary_longitudinal,3,sieve_md,1.77880078307141,1.31914989945175,0.000122106248236165
binary_longitudinal,3,sieve_md,1.70468808971871,1.00193133798879,6.6840917473422e-05
binary_longitudinal,3,sieve_md,1.77880078307141,1.00177931015999,1.9753425945745e-05
binary_longitudinal,3,sieve_md,1.70468808971871,1.00016533626438,1.36369653412199e-05
binary_longitudinal,3,sieve_md,1.67032004603564,2.13942022400593,0.000292612408120141
binary_longitudinal,3,sieve_md,1.60653065971263,1.5069934380596,0.000280410974616735
binary_longitudinal,3,sieve_md,1.67032004603564,1.00159049321652,6.54289859006547e-05
binary_longitudinal,3,sieve_md,1.60653065971263,2.51785861347066,7.89831185035628e-05
binary_longitudinal,3,sieve_md,1.77880078307141,1.25000116260002,0.000135997554921548
binary_longitudinal,3,sieve_md,1.70468808971871,1.00001410428156,0.000127617493376436
binary_longitudinal,3,sieve_md,1.77880078307141,2.88923654071883,0.000728169560896594
binary_longitudinal,3,sieve_md,1.70468808971871,1.63614490890102,0.000850887419922132
binary_longitudinal,3,sieve_md,1.67032004603564,1.18382715467086,8.90483375868919e-06
binary_longitudinal,3,sieve_md,1.60653065971263,1.01708150480323,1.46285971293273e-05
binary_longitudinal,3,sieve_md,1.67032004603564,3.00000465120064,6.5902235414781e-05
binary_longitudinal,3,sieve_md,1.60653065971263,1.00000000020521,0.00013465686779745
binary_longitudinal,3,sieve_md,1.77880078307141,1.14948234666022,1.35370438243179e-05
binary_longitudinal,3,sieve_md,1.70468808971871,1.01389013188528,6.8809845522369e-06
binary_longitudinal,3,sieve_md,1.77880078307141,2.49998786048572,8.01472288227161e-05
binary_longitudinal,3,sieve_md,1.70468808971871,1.00118909405342,5.13790478783116e-05
binary_longitudinal,3,sieve_md,1.67032004603564,5.00000465103426,3.24398386608389e-05
binary_longitudinal,3,sieve_md,1.60653065971263,1.0124161380275,2.88671020319653e-05
binary_longitudinal,3,sieve_md,1.67032004603564,2.47727343198817,0.000265470502130676
binary_longitudinal,3,sieve_md,1.60653065971263,1.00000000015608,0.000297579213969747
binary_longitudinal,3,sieve_md,2.22140275816017,2.48643312408837,0.000132056579730201
binary_longitudinal,3,sieve_md,2.10517091807565,2.23204383760765,0.000172859738935083
binary_longitudinal,3,sieve_md,2.22140275816017,3.12500715147164,2.60789243617065e-05
binary_longitudinal,3,sieve_md,2.10517091807565,4.50000465110569,4.2509300165877e-05
binary_longitudinal,3,sieve_md,2.05127109637602,1.69696955002693,8.70500243869682e-06
binary_longitudinal,3,sieve_md,1.95122942450071,3.50000232555525,1.99752704930459e-05
binary_longitudinal,3,sieve_md,2.05127109637602,1.02374841138836,2.37613678042614e-06
binary_longitudinal,3,sieve_md,1.95122942450071,2.00000465115414,6.7818270053608e-06
binary_longitudinal,3,sieve_md,2.22140275816017,1.22558227256607,1.68691263989926e-05
binary_longitudinal,3,sieve_md,2.10517091807565,1.0000241948992,1.19071313714885e-05
binary_longitudinal,3,sieve_md,2.22140275816017,1.01931144650604,3.68371038094215e-06
binary_longitudinal,3,sieve_md,2.10517091807565,1.00179444961133,3.2792220383723e-06
binary_longitudinal,3,sieve_md,2.05127109637602,1.00000000149284,4.06969234721017e-05
binary_longitudinal,3,sieve_md,1.95122942450071,1.540209070014,5.03577243559056e-05
binary_longitudinal,3,sieve_md,2.05127109637602,1.33333488380384,1.22836483423577e-05
binary_longitudinal,3,sieve_md,1.95122942450071,1.00000000002097,1.91466902326703e-05
binary_longitudinal,3,sieve_md,2.22140275816017,3.00000232545627,1.87882272780048e-05
binary_longitudinal,3,sieve_md,2.10517091807565,4.00000465080039,2.27339527399143e-05
binary_longitudinal,3,sieve_md,2.22140275816017,1.99687578476973,0.000135792433065955
binary_longitudinal,3,sieve_md,2.10517091807565,2.20000046508443,0.000204609215449747
binary_longitudinal,3,sieve_md,2.05127109637602,2.99513740977674,1.23849614012393e-06
binary_longitudinal,3,sieve_md,1.95122942450071,1.1853912677331,2.62708284851948e-06
binary_longitudinal,3,sieve_md,2.05127109637602,1.17079794845056,1.2372496282299e-05
binary_longitudinal,3,sieve_md,1.95122942450071,2.84375201277197,3.26428404482803e-05
binary_longitudinal,3,sieve_md,2.22140275816017,2.62238175560629,1.87015903477317e-06
binary_longitudinal,3,sieve_md,2.10517091807565,1.15075423323979,1.22578788750539e-06
binary_longitudinal,3,sieve_md,2.22140275816017,1.00002544285654,1.4946226524396e-05
binary_longitudinal,3,sieve_md,2.10517091807565,4.00000465087154,1.23548972881728e-05
binary_longitudinal,3,sieve_md,2.05127109637602,2.00000465092169,4.51177596981956e-06
binary_longitudinal,3,sieve_md,1.95122942450071,1.13475648637418,5.18411081829589e-06
binary_longitudinal,3,sieve_md,2.05127109637602,1.54545468638566,4.98394747917028e-05
binary_longitudinal,3,sieve_md,1.95122942450071,4.96000111130051,7.2137655963828e-05
binary_longitudinal,3,sieve_md,2.49182469764127,2.29550002243395,0.00412805270405592
binary_longitudinal,3,sieve_md,2.349858807576,2.06957493094769,0.00520141172609965
binary_longitudinal,3,sieve_md,2.49182469764127,5.00000465119865,0.000603929882050146
binary_longitudinal,3,sieve_md,2.349858807576,4.00000465109299,0.00094759550137048
binary_longitudinal,3,sieve_md,2.28402541668774,1.00000000000247,0.000373781006118126
binary_longitudinal,3,sieve_md,2.16183424272828,1.50000116274463,0.000824452263201824
binary_longitudinal,3,sieve_md,2.28402541668774,1.0000284446005,7.55842701525296e-05
binary_longitudinal,3,sieve_md,2.16183424272828,1.0011788147888,0.00020736297182466
binary_longitudinal,3,sieve_md,2.49182469764127,2.15957627597877,0.000527324295303528
binary_longitudinal,3,sieve_md,2.349858807576,1.42857735186142,0.000358289866231539
binary_longitudinal,3,sieve_md,2.49182469764127,1.01031595301103,8.53065389129307e-05
binary_longitudinal,3,sieve_md,2.349858807576,1.0009585743805,7.30987346164517e-05
binary_longitudinal,3,sieve_md,2.28402541668774,8.86058442714545,0.00174747073403369
binary_longitudinal,3,sieve_md,2.16183424272828,1.66433590803236,0.00207844693914776
binary_longitudinal,3,sieve_md,2.28402541668774,1.00922124408378,0.00039073954092867
binary_longitudinal,3,sieve_md,2.16183424272828,1.00000000003415,0.000585434365122306
binary_longitudinal,3,sieve_md,2.49182469764127,1.14829082711983,0.000587314865929753
binary_longitudinal,3,sieve_md,2.349858807576,2.00000155022116,0.00068407281585907
binary_longitudinal,3,sieve_md,2.49182469764127,1.70486133719044,0.00314465071286622
binary_longitudinal,3,sieve_md,2.349858807576,2.16626527877303,0.00456104361498663
binary_longitudinal,3,sieve_md,2.28402541668774,2.06577949835916,5.31793456221294e-05
binary_longitudinal,3,sieve_md,2.16183424272828,1.00002497627207,0.000108429290148266
binary_longitudinal,3,sieve_md,2.28402541668774,1.09123830315065,0.000393565769936334
binary_longitudinal,3,sieve_md,2.16183424272828,1.66666511508823,0.000998096294524031
binary_longitudinal,3,sieve_md,2.49182469764127,1.86665770746618,5.84606619093318e-05
binary_longitudinal,3,sieve_md,2.349858807576,1.08053118060465,3.68843984785601e-05
binary_longitudinal,3,sieve_md,2.49182469764127,2.00000465105585,0.000346121362092197
binary_longitudinal,3,sieve_md,2.349858807576,1.00689404166659,0.000275409029188504
binary_longitudinal,3,sieve_md,2.28402541668774,2.00000465096851,0.000193729544966239
binary_longitudinal,3,sieve_md,2.16183424272828,1.07198536789734,0.000213967159960164
binary_longitudinal,3,sieve_md,2.28402541668774,3.17424373971941,0.00158538025165397
binary_longitudinal,3,sieve_md,2.16183424272828,1.94857132025989,0.00220570042693509
binary_longitudinal,3,sieve_md,3.33964685192599,2.55956349052621,0.000754084375812706
binary_longitudinal,3,sieve_md,3.11700001661268,2.96648732028892,0.00122415508932939
binary_longitudinal,3,sieve_md,3.33964685192599,6.00000465117203,0.0001489188152483
binary_longitudinal,3,sieve_md,3.11700001661268,1.00000000002586,0.000301041621736058
binary_longitudinal,3,sieve_md,3.01375270747048,4.90909600110239,6.86603202630765e-05
binary_longitudinal,3,sieve_md,2.82211880039051,2.00000465098632,0.000195481692525041
binary_longitudinal,3,sieve_md,3.01375270747048,2.00000465137833,1.87416733633171e-05
binary_longitudinal,3,sieve_md,2.82211880039051,1.33334094779231,6.63682137311478e-05
binary_longitudinal,3,sieve_md,3.33964685192599,2.30786423651421,9.63279881780911e-05
binary_longitudinal,3,sieve_md,3.11700001661268,5.00000465090128,8.4323715617755e-05
binary_longitudinal,3,sieve_md,3.33964685192599,1.11196247804981,2.10351384911134e-05
binary_longitudinal,3,sieve_md,3.11700001661268,1.00002530788137,2.32227375330128e-05
binary_longitudinal,3,sieve_md,3.01375270747048,5.92776321892856,0.000320995177082884
binary_longitudinal,3,sieve_md,2.82211880039051,4.33566641801198,0.000492810006864686
binary_longitudinal,3,sieve_md,3.01375270747048,5.00000465125222,9.68867309486421e-05
binary_longitudinal,3,sieve_md,2.82211880039051,2.60714523587783,0.000187373052807374
binary_longitudinal,3,sieve_md,3.33964685192599,2.55544876373665,0.000107286654466648
binary_longitudinal,3,sieve_md,3.11700001661268,1.00004132610608,0.000160996910666349
binary_longitudinal,3,sieve_md,3.33964685192599,3.52916709304492,0.00077541726688542
binary_longitudinal,3,sieve_md,3.11700001661268,3.20000046510168,0.00144899797928404
binary_longitudinal,3,sieve_md,3.01375270747048,12.5672602970803,9.76858332026189e-06
binary_longitudinal,3,sieve_md,2.82211880039051,2.07484779753315,2.5709118773179e-05
binary_longitudinal,3,sieve_md,3.01375270747048,1.87500140982189,9.7587515130386e-05
binary_longitudinal,3,sieve_md,2.82211880039051,2.66666976827467,0.00031944887564232
binary_longitudinal,3,sieve_md,3.33964685192599,10.4061251001414,1.06791930495902e-05
binary_longitudinal,3,sieve_md,3.11700001661268,1.00002313350895,8.68076331812331e-06
binary_longitudinal,3,sieve_md,3.33964685192599,2.00000232547378,8.53476284364712e-05
binary_longitudinal,3,sieve_md,3.11700001661268,1.07482333313706,8.74946964899589e-05
binary_longitudinal,3,sieve_md,3.01375270747048,9.40796534631929,3.55864326546287e-05
binary_longitudinal,3,sieve_md,2.82211880039051,1.78128120247345,5.07326675426327e-05
binary_longitudinal,3,sieve_md,3.01375270747048,4.00000155039898,0.000393106644718428
binary_longitudinal,3,sieve_md,2.82211880039051,1.89333423481694,0.000705952446927189
binary_longitudinal,3,sieve_md,1.77880078307141,1.63798818277157,0.00106462963936783
binary_longitudinal,3,sieve_md,1.70468808971871,1.67701670311706,0.000744617548498822
binary_longitudinal,3,sieve_md,1.77880078307141,1.00000000002011,8.14586064091042e-05
binary_longitudinal,3,sieve_md,1.70468808971871,1.00000000001181,7.13780584804168e-05
binary_longitudinal,3,sieve_md,1.67032004603564,1.66666821707588,0.000173893987726491
binary_longitudinal,3,sieve_md,1.60653065971263,1.80000023251442,0.000212368151645404
binary_longitudinal,3,sieve_md,1.67032004603564,1.00218812141564,1.83906000541097e-05
binary_longitudinal,3,sieve_md,1.60653065971263,1.00020332364138,2.81050774725219e-05
binary_longitudinal,3,sieve_md,1.77880078307141,1.31914989945175,0.000135997554921548
binary_longitudinal,3,sieve_md,1.70468808971871,1.00193133798879,5.12916369428333e-05
binary_longitudinal,3,sieve_md,1.77880078307141,1.00177931015999,1.15062227983188e-05
binary_longitudinal,3,sieve_md,1.70468808971871,1.00016533626438,5.50619515051667e-06
binary_longitudinal,3,sieve_md,1.67032004603564,2.13942022400593,0.000812975109496126
binary_longitudinal,3,sieve_md,1.60653065971263,1.5069934380596,0.000535380827321236
binary_longitudinal,3,sieve_md,1.67032004603564,1.00159049321652,9.50718265592076e-05
binary_longitudinal,3,sieve_md,1.60653065971263,2.51785861347066,7.93472337035748e-05
binary_longitudinal,3,sieve_md,1.77880078307141,1.25000116260002,0.000151469193524543
binary_longitudinal,3,sieve_md,1.70468808971871,1.00001410428156,9.79296871623786e-05
binary_longitudinal,3,sieve_md,1.77880078307141,2.88923654071883,0.000424153320322389
binary_longitudinal,3,sieve_md,1.70468808971871,1.63614490890102,0.000343562667204943
binary_longitudinal,3,sieve_md,1.67032004603564,1.18382715467086,2.4740605658263e-05
binary_longitudinal,3,sieve_md,1.60653065971263,1.01708150480323,2.79299711587711e-05
binary_longitudinal,3,sieve_md,1.67032004603564,3.00000465120064,9.57594834914816e-05
binary_longitudinal,3,sieve_md,1.60653065971263,1.00000000020521,0.000135277641113065
binary_longitudinal,3,sieve_md,1.77880078307141,1.14948234666022,1.50770733485513e-05
binary_longitudinal,3,sieve_md,1.70468808971871,1.01389013188528,5.2802530965096e-06
binary_longitudinal,3,sieve_md,1.77880078307141,2.49998786048572,4.66851610467426e-05
binary_longitudinal,3,sieve_md,1.70468808971871,1.00118909405342,2.07453093255728e-05
binary_longitudinal,3,sieve_md,1.67032004603564,5.00000465103426,9.01287185897598e-05
binary_longitudinal,3,sieve_md,1.60653065971263,1.0124161380275,5.5115150144761e-05
binary_longitudinal,3,sieve_md,1.67032004603564,2.47727343198817,0.000385742881197564
binary_longitudinal,3,sieve_md,1.60653065971263,1.00000000015608,0.000298951065538372
binary_longitudinal,3,sieve_md,2.22140275816017,2.48643312408837,0.00486799514877874
binary_longitudinal,3,sieve_md,2.10517091807565,2.23204383760765,0.00437572668196998
binary_longitudinal,3,sieve_md,2.22140275816017,3.12500715147164,0.000502778739068938
binary_longitudinal,3,sieve_md,2.10517091807565,4.50000465110569,0.000566200169935022
binary_longitudinal,3,sieve_md,2.05127109637602,1.69696955002693,0.000795789056860014
binary_longitudinal,3,sieve_md,1.95122942450071,3.50000232555525,0.00124637013784139
binary_longitudinal,3,sieve_md,2.05127109637602,1.02374841138836,0.000113605050807996
binary_longitudinal,3,sieve_md,1.95122942450071,2.00000465115414,0.000222654142301546
binary_longitudinal,3,sieve_md,2.22140275816017,1.22558227256607,0.000621845769761753
binary_longitudinal,3,sieve_md,2.10517091807565,1.0000241948992,0.000301414041053892
binary_longitudinal,3,sieve_md,2.22140275816017,1.01931144650604,7.10186982690438e-05
binary_longitudinal,3,sieve_md,2.10517091807565,1.00179444961133,4.36774086643626e-05
binary_longitudinal,3,sieve_md,2.05127109637602,1.00000000149284,0.00372040864721646
binary_longitudinal,3,sieve_md,1.95122942450071,1.540209070014,0.00314210332564453
binary_longitudinal,3,sieve_md,2.05127109637602,1.33333488380384,0.000587291314850503
binary_longitudinal,3,sieve_md,1.95122942450071,1.00000000002097,0.000628604930249441
binary_longitudinal,3,sieve_md,2.22140275816017,3.00000232545627,0.000692589490280147
binary_longitudinal,3,sieve_md,2.10517091807565,4.00000465080039,0.000575481394357805
binary_longitudinal,3,sieve_md,2.22140275816017,1.99687578476973,0.00261795875186688
binary_longitudinal,3,sieve_md,2.10517091807565,2.20000046508443,0.00272528063519881
binary_longitudinal,3,sieve_md,2.05127109637602,2.99513740977674,0.000113220149243466
binary_longitudinal,3,sieve_md,1.95122942450071,1.1853912677331,0.000163918561862273
binary_longitudinal,3,sieve_md,2.05127109637602,1.17079794845056,0.000591539207822979
binary_longitudinal,3,sieve_md,1.95122942450071,2.84375201277197,0.0010716969979554
binary_longitudinal,3,sieve_md,2.22140275816017,2.62238175560629,6.89395797416559e-05
binary_longitudinal,3,sieve_md,2.10517091807565,1.15075423323979,3.10292772558639e-05
binary_longitudinal,3,sieve_md,2.22140275816017,1.00002544285654,0.000288150110086933
binary_longitudinal,3,sieve_md,2.10517091807565,4.00000465087154,0.000164560341308759
binary_longitudinal,3,sieve_md,2.05127109637602,2.00000465092169,0.000412455018717247
binary_longitudinal,3,sieve_md,1.95122942450071,1.13475648637418,0.000323466003498371
binary_longitudinal,3,sieve_md,2.05127109637602,1.54545468638566,0.00238286621906497
binary_longitudinal,3,sieve_md,1.95122942450071,4.96000111130051,0.00236835116902479
binary_longitudinal,3,sieve_md,2.49182469764127,2.29550002243395,0.000125625646953538
binary_longitudinal,3,sieve_md,2.349858807576,2.06957493094769,0.000109059940049626
binary_longitudinal,3,sieve_md,2.49182469764127,5.00000465119865,9.61206578482424e-06
binary_longitudinal,3,sieve_md,2.349858807576,4.00000465109299,1.0454342359278e-05
binary_longitudinal,3,sieve_md,2.28402541668774,1.00000000000247,2.83753746749529e-05
binary_longitudinal,3,sieve_md,2.16183424272828,1.50000116274463,4.30103708573674e-05
binary_longitudinal,3,sieve_md,2.28402541668774,1.0000284446005,3.00090977183953e-06
binary_longitudinal,3,sieve_md,2.16183424272828,1.0011788147888,5.69204843429907e-06
binary_longitudinal,3,sieve_md,2.49182469764127,2.15957627597877,1.60476283858334e-05
binary_longitudinal,3,sieve_md,2.349858807576,1.42857735186142,7.51239728543871e-06
binary_longitudinal,3,sieve_md,2.49182469764127,1.01031595301103,1.35772725986537e-06
binary_longitudinal,3,sieve_md,2.349858807576,1.0009585743805,8.06461403209649e-07
binary_longitudinal,3,sieve_md,2.28402541668774,8.86058442714545,0.000132658257108041
binary_longitudinal,3,sieve_md,2.16183424272828,1.66433590803236,0.000108429290148266
binary_longitudinal,3,sieve_md,2.28402541668774,1.00922124408378,1.55134673424864e-05
binary_longitudinal,3,sieve_md,2.16183424272828,1.00000000003415,1.60699894106312e-05
binary_longitudinal,3,sieve_md,2.49182469764127,1.14829082711983,1.78732722877697e-05
binary_longitudinal,3,sieve_md,2.349858807576,2.00000155022116,1.43432099237244e-05
binary_longitudinal,3,sieve_md,2.49182469764127,1.70486133719044,5.00498326391054e-05
binary_longitudinal,3,sieve_md,2.349858807576,2.16626527877303,5.03196895697656e-05
binary_longitudinal,3,sieve_md,2.28402541668774,2.06577949835916,4.03708008779839e-06
binary_longitudinal,3,sieve_md,2.16183424272828,1.00002497627207,5.65658460681113e-06
binary_longitudinal,3,sieve_md,2.28402541668774,1.09123830315065,1.56256766451553e-05
binary_longitudinal,3,sieve_md,2.16183424272828,1.66666511508823,2.73974297365351e-05
binary_longitudinal,3,sieve_md,2.49182469764127,1.86665770746618,1.77908544299253e-06
binary_longitudinal,3,sieve_md,2.349858807576,1.08053118060465,7.7336894263794e-07
binary_longitudinal,3,sieve_md,2.49182469764127,2.00000465105585,5.50882047874379e-06
binary_longitudinal,3,sieve_md,2.349858807576,1.00689404166659,3.03844865853506e-06
binary_longitudinal,3,sieve_md,2.28402541668774,2.00000465096851,1.47068693541049e-05
binary_longitudinal,3,sieve_md,2.16183424272828,1.07198536789734,1.11623283869032e-05
binary_longitudinal,3,sieve_md,2.28402541668774,3.17424373971941,6.29440898174842e-05
binary_longitudinal,3,sieve_md,2.16183424272828,1.94857132025989,6.05457838069798e-05
binary_longitudinal,3,sieve_md,3.33964685192599,2.55956349052621,0.000759538687224554
binary_longitudinal,3,sieve_md,3.11700001661268,2.96648732028892,0.000846706009089562
binary_longitudinal,3,sieve_md,3.33964685192599,6.00000465117203,7.84470591620539e-05
binary_longitudinal,3,sieve_md,3.11700001661268,1.00000000002586,0.000109560107628954
binary_longitudinal,3,sieve_md,3.01375270747048,4.90909600110239,0.000171504198251637
binary_longitudinal,3,sieve_md,2.82211880039051,2.00000465098632,0.000333273146539268
binary_longitudinal,3,sieve_md,3.01375270747048,2.00000465137833,2.44835525045291e-05
binary_longitudinal,3,sieve_md,2.82211880039051,1.33334094779231,5.95366050115374e-05
binary_longitudinal,3,sieve_md,3.33964685192599,2.30786423651421,9.70247309592075e-05
binary_longitudinal,3,sieve_md,3.11700001661268,5.00000465090128,5.83238164385081e-05
binary_longitudinal,3,sieve_md,3.33964685192599,1.11196247804981,1.10808345536661e-05
binary_longitudinal,3,sieve_md,3.11700001661268,1.00002530788137,8.45160748498278e-06
binary_longitudinal,3,sieve_md,3.01375270747048,5.92776321892856,0.000801802558993415
binary_longitudinal,3,sieve_md,2.82211880039051,4.33566641801198,0.000840182727662812
binary_longitudinal,3,sieve_md,3.01375270747048,5.00000465125222,0.000126569880831251
binary_longitudinal,3,sieve_md,2.82211880039051,2.60714523587783,0.00016808581710499
binary_longitudinal,3,sieve_md,3.33964685192599,2.55544876373665,0.000108062661558913
binary_longitudinal,3,sieve_md,3.11700001661268,1.00004132610608,0.000111356030697654
binary_longitudinal,3,sieve_md,3.33964685192599,3.52916709304492,0.000408472254558399
binary_longitudinal,3,sieve_md,3.11700001661268,3.20000046510168,0.000527343606671384
binary_longitudinal,3,sieve_md,3.01375270747048,12.5672602970803,2.4400600579441e-05
binary_longitudinal,3,sieve_md,2.82211880039051,2.07484779753315,4.38310043135704e-05
binary_longitudinal,3,sieve_md,3.01375270747048,1.87500140982189,0.000127485363988782
binary_longitudinal,3,sieve_md,2.82211880039051,2.66666976827467,0.000286566421804578
binary_longitudinal,3,sieve_md,3.33964685192599,10.4061251001414,1.07564359237141e-05
binary_longitudinal,3,sieve_md,3.11700001661268,1.00002313350895,6.00418568611739e-06
binary_longitudinal,3,sieve_md,3.33964685192599,2.00000232547378,4.49591977087213e-05
binary_longitudinal,3,sieve_md,3.11700001661268,1.07482333313706,3.1842534959525e-05
binary_longitudinal,3,sieve_md,3.01375270747048,9.40796534631929,8.88900980607588e-05
binary_longitudinal,3,sieve_md,2.82211880039051,1.78128120247345,8.64931929218788e-05
binary_longitudinal,3,sieve_md,3.01375270747048,4.00000155039898,0.000513542573774717
binary_longitudinal,3,sieve_md,2.82211880039051,1.89333423481694,0.000633285267551308
binary_longitudinal,3,sieve_md,1.77880078307141,1.63798818277157,0.000105972038196597
binary_longitudinal,3,sieve_md,1.70468808971871,1.67701670311706,7.40029352343184e-05
binary_longitudinal,3,sieve_md,1.77880078307141,1.00000000002011,1.25892464741956e-05
binary_longitudinal,3,sieve_md,1.70468808971871,1.00000000001181,1.10343278474698e-05
binary_longitudinal,3,sieve_md,1.67032004603564,1.66666821707588,9.36643552119747e-06
binary_longitudinal,3,sieve_md,1.60653065971263,1.80000023251442,1.14506399725992e-05
binary_longitudinal,3,sieve_md,1.67032004603564,1.00218812141564,1.53799777282289e-06
binary_longitudinal,3,sieve_md,1.60653065971263,1.00020332364138,2.35716852536868e-06
binary_longitudinal,3,sieve_md,1.77880078307141,1.31914989945175,1.35370438243179e-05
binary_longitudinal,3,sieve_md,1.70468808971871,1.00193133798879,5.09755873252653e-06
binary_longitudinal,3,sieve_md,1.77880078307141,1.00177931015999,1.778261146128e-06
binary_longitudinal,3,sieve_md,1.70468808971871,1.00016533626438,8.51202229038192e-07
binary_longitudinal,3,sieve_md,1.67032004603564,2.13942022400593,4.37892019326779e-05
binary_longitudinal,3,sieve_md,1.60653065971263,1.5069934380596,2.88671020319653e-05
binary_longitudinal,3,sieve_md,1.67032004603564,1.00159049321652,7.95081493132629e-06
binary_longitudinal,3,sieve_md,1.60653065971263,2.51785861347066,6.65484028798717e-06
binary_longitudinal,3,sieve_md,1.77880078307141,1.25000116260002,1.50770733485513e-05
binary_longitudinal,3,sieve_md,1.70468808971871,1.00001410428156,9.73262624713179e-06
binary_longitudinal,3,sieve_md,1.77880078307141,2.88923654071883,6.55519524305315e-05
binary_longitudinal,3,sieve_md,1.70468808971871,1.63614490890102,5.31113228182101e-05
binary_longitudinal,3,sieve_md,1.67032004603564,1.18382715467086,1.33260091785331e-06
binary_longitudinal,3,sieve_md,1.60653065971263,1.01708150480323,1.50595106519631e-06
binary_longitudinal,3,sieve_md,1.67032004603564,3.00000465120064,8.00832337733632e-06
binary_longitudinal,3,sieve_md,1.60653065971263,1.00000000020521,1.13457149559397e-05
binary_longitudinal,3,sieve_md,1.77880078307141,1.14948234666022,1.50075494209827e-06
binary_longitudinal,3,sieve_md,1.70468808971871,1.01389013188528,5.24771714969094e-07
binary_longitudinal,3,sieve_md,1.77880078307141,2.49998786048572,7.21508782206799e-06
binary_longitudinal,3,sieve_md,1.70468808971871,1.00118909405342,3.20701556288963e-06
binary_longitudinal,3,sieve_md,1.67032004603564,5.00000465103426,4.8545947005765e-06
binary_longitudinal,3,sieve_md,1.60653065971263,1.0124161380275,2.97174381588617e-06
binary_longitudinal,3,sieve_md,1.67032004603564,2.47727343198817,3.22595070535267e-05
binary_longitudinal,3,sieve_md,1.60653065971263,1.00000000015608,2.50729798913181e-05
binary_longitudinal,3,sieve_md,2.22140275816017,2.48643312408837,0.000535804216557258
binary_longitudinal,3,sieve_md,2.10517091807565,2.23204383760765,0.000482473898643181
binary_longitudinal,3,sieve_md,2.22140275816017,3.12500715147164,8.59217117479918e-05
binary_longitudinal,3,sieve_md,2.10517091807565,4.50000465110569,9.71089158479462e-05
binary_longitudinal,3,sieve_md,2.05127109637602,1.69696955002693,4.76763856244649e-05
binary_longitudinal,3,sieve_md,1.95122942450071,3.50000232555525,7.52594403054059e-05
binary_longitudinal,3,sieve_md,2.05127109637602,1.02374841138836,1.05675187534922e-05
binary_longitudinal,3,sieve_md,1.95122942450071,2.00000465115414,2.09127045694097e-05
binary_longitudinal,3,sieve_md,2.22140275816017,1.22558227256607,6.84445188015912e-05
binary_longitudinal,3,sieve_md,2.10517091807565,1.0000241948992,3.32343443872496e-05
binary_longitudinal,3,sieve_md,2.22140275816017,1.01931144650604,1.21366470919004e-05
binary_longitudinal,3,sieve_md,2.10517091807565,1.00179444961133,7.49110655147047e-06
binary_longitudinal,3,sieve_md,2.05127109637602,1.00000000149284,0.000222892782724565
binary_longitudinal,3,sieve_md,1.95122942450071,1.540209070014,0.000189729303110001
binary_longitudinal,3,sieve_md,2.05127109637602,1.33333488380384,5.46297188312067e-05
binary_longitudinal,3,sieve_md,1.95122942450071,1.00000000002097,5.90414759918424e-05
binary_longitudinal,3,sieve_md,2.22140275816017,3.00000232545627,7.6231047462823e-05
binary_longitudinal,3,sieve_md,2.10517091807565,4.00000465080039,6.34534037686793e-05
binary_longitudinal,3,sieve_md,2.22140275816017,1.99687578476973,0.000447392619788555
binary_longitudinal,3,sieve_md,2.10517091807565,2.20000046508443,0.00046741251931438
binary_longitudinal,3,sieve_md,2.05127109637602,2.99513740977674,6.78311350132134e-06
binary_longitudinal,3,sieve_md,1.95122942450071,1.1853912677331,9.89787772257393e-06
binary_longitudinal,3,sieve_md,2.05127109637602,1.17079794845056,5.50248569727787e-05
binary_longitudinal,3,sieve_md,1.95122942450071,2.84375201277197,0.000100658727812086
binary_longitudinal,3,sieve_md,2.22140275816017,2.62238175560629,7.58795281924868e-06
binary_longitudinal,3,sieve_md,2.10517091807565,1.15075423323979,3.42133260548552e-06
binary_longitudinal,3,sieve_md,2.22140275816017,1.00002544285654,4.92430343114546e-05
binary_longitudinal,3,sieve_md,2.10517091807565,4.00000465087154,2.82237222533781e-05
binary_longitudinal,3,sieve_md,2.05127109637602,2.00000465092169,2.47105239203716e-05
binary_longitudinal,3,sieve_md,1.95122942450071,1.13475648637418,1.95318145404827e-05
binary_longitudinal,3,sieve_md,2.05127109637602,1.54545468638566,0.000221653731748163
binary_longitudinal,3,sieve_md,1.95122942450071,4.96000111130051,0.000222446471475719
binary_longitudinal,3,sieve_md,2.49182469764127,2.29550002243395,0.000457647591102943
binary_longitudinal,3,sieve_md,2.349858807576,2.06957493094769,0.000396680697514186
binary_longitudinal,3,sieve_md,2.49182469764127,5.00000465119865,5.43675333678904e-05
binary_longitudinal,3,sieve_md,2.349858807576,4.00000465109299,5.91477196583503e-05
binary_longitudinal,3,sieve_md,2.28402541668774,1.00000000000247,5.59360146777711e-05
binary_longitudinal,3,sieve_md,2.16183424272828,1.50000116274463,8.48738093609244e-05
binary_longitudinal,3,sieve_md,2.28402541668774,1.0000284446005,9.18486715680733e-06
binary_longitudinal,3,sieve_md,2.16183424272828,1.0011788147888,1.74716760401559e-05
binary_longitudinal,3,sieve_md,2.49182469764127,2.15957627597877,5.84606619093318e-05
binary_longitudinal,3,sieve_md,2.349858807576,1.42857735186142,2.73246344518023e-05
binary_longitudinal,3,sieve_md,2.49182469764127,1.01031595301103,7.67954399789561e-06
binary_longitudinal,3,sieve_md,2.349858807576,1.0009585743805,4.56273109804858e-06
binary_longitudinal,3,sieve_md,2.28402541668774,8.86058442714545,0.00026150753256037
binary_longitudinal,3,sieve_md,2.16183424272828,1.66433590803236,0.000213967159960164
binary_longitudinal,3,sieve_md,2.28402541668774,1.00922124408378,4.74819796380822e-05
binary_longitudinal,3,sieve_md,2.16183424272828,1.00000000003415,4.93266443868302e-05
binary_longitudinal,3,sieve_md,2.49182469764127,1.14829082711983,6.51113861379755e-05
binary_longitudinal,3,sieve_md,2.349858807576,2.00000155022116,5.2170159955584e-05
binary_longitudinal,3,sieve_md,2.49182469764127,1.70486133719044,0.000283090649500133
binary_longitudinal,3,sieve_md,2.349858807576,2.16626527877303,0.000284694607243882
binary_longitudinal,3,sieve_md,2.28402541668774,2.06577949835916,7.95824455652947e-06
binary_longitudinal,3,sieve_md,2.16183424272828,1.00002497627207,1.11623283869032e-05
binary_longitudinal,3,sieve_md,2.28402541668774,1.09123830315065,4.78254180008225e-05
binary_longitudinal,3,sieve_md,2.16183424272828,1.66666511508823,8.40960898725417e-05
binary_longitudinal,3,sieve_md,2.49182469764127,1.86665770746618,6.48111422385726e-06
binary_longitudinal,3,sieve_md,2.349858807576,1.08053118060465,2.81295342232749e-06
binary_longitudinal,3,sieve_md,2.49182469764127,2.00000465105585,3.11588567848423e-05
binary_longitudinal,3,sieve_md,2.349858807576,1.00689404166659,1.71906852937362e-05
binary_longitudinal,3,sieve_md,2.28402541668774,2.00000465096851,2.89914642354107e-05
binary_longitudinal,3,sieve_md,2.16183424272828,1.07198536789734,2.20269975042956e-05
binary_longitudinal,3,sieve_md,2.28402541668774,3.17424373971941,0.000192652611119777
binary_longitudinal,3,sieve_md,2.16183424272828,1.94857132025989,0.000185844574669916
binary_longitudinal,3,sieve_md,3.33964685192599,2.55956349052621,0.00305960966902122
binary_longitudinal,3,sieve_md,3.11700001661268,2.96648732028892,0.00341677525449953
binary_longitudinal,3,sieve_md,3.33964685192599,6.00000465117203,0.000490639849257172
binary_longitudinal,3,sieve_md,3.11700001661268,1.00000000002586,0.000687704229376201
binary_longitudinal,3,sieve_md,3.01375270747048,4.90909600110239,0.000376045374945552
binary_longitudinal,3,sieve_md,2.82211880039051,2.00000465098632,0.000736502806032577
binary_longitudinal,3,sieve_md,3.01375270747048,2.00000465137833,8.33508350067117e-05
binary_longitudinal,3,sieve_md,2.82211880039051,1.33334094779231,0.000204655595824225
binary_longitudinal,3,sieve_md,3.33964685192599,2.30786423651421,0.000390839610898199
binary_longitudinal,3,sieve_md,3.11700001661268,5.00000465090128,0.00023535840139997
binary_longitudinal,3,sieve_md,3.33964685192599,1.11196247804981,6.93040510775986e-05
binary_longitudinal,3,sieve_md,3.11700001661268,1.00002530788137,5.30503879398729e-05
binary_longitudinal,3,sieve_md,3.01375270747048,5.92776321892856,0.00175805692806767
binary_longitudinal,3,sieve_md,2.82211880039051,4.33566641801198,0.00185672606067844
binary_longitudinal,3,sieve_md,3.01375270747048,5.00000465125222,0.000430889481909668
binary_longitudinal,3,sieve_md,2.82211880039051,2.60714523587783,0.000577790806891949
binary_longitudinal,3,sieve_md,3.33964685192599,2.55544876373665,0.000435303125077114
binary_longitudinal,3,sieve_md,3.11700001661268,1.00004132610608,0.000449363209948342
binary_longitudinal,3,sieve_md,3.33964685192599,3.52916709304492,0.00255475179749266
binary_longitudinal,3,sieve_md,3.11700001661268,3.20000046510168,0.00331011384061995
binary_longitudinal,3,sieve_md,3.01375270747048,12.5672602970803,5.35015065947808e-05
binary_longitudinal,3,sieve_md,2.82211880039051,2.07484779753315,9.68624625277663e-05
binary_longitudinal,3,sieve_md,3.01375270747048,1.87500140982189,0.000434006116458544
binary_longitudinal,3,sieve_md,2.82211880039051,2.66666976827467,0.000985064932511136
binary_longitudinal,3,sieve_md,3.33964685192599,10.4061251001414,4.33295840092911e-05
binary_longitudinal,3,sieve_md,3.11700001661268,1.00002313350895,2.42291336727435e-05
binary_longitudinal,3,sieve_md,3.33964685192599,2.00000232547378,0.000281193128488883
binary_longitudinal,3,sieve_md,3.11700001661268,1.07482333313706,0.000199874264818062
binary_longitudinal,3,sieve_md,3.01375270747048,9.40796534631929,0.000194903160359726
binary_longitudinal,3,sieve_md,2.82211880039051,1.78128120247345,0.000191141950532684
binary_longitudinal,3,sieve_md,3.01375270747048,4.00000155039898,0.00174828396850091
binary_longitudinal,3,sieve_md,2.82211880039051,1.89333423481694,0.00217690232307168
binary_longitudinal,3,landweber,1.77880078307141,1.73383788955874,0.00748294912415195
binary_longitudinal,3,landweber,1.70468808971871,1.68288362098818,0.0076425891174435
binary_longitudinal,3,landweber,1.77880078307141,1.64958996427181,0.000709245152938778
binary_longitudinal,3,landweber,1.70468808971871,1.60448547733922,0.000904292506752669
binary_longitudinal,3,landweber,1.67032004603564,1.66164330995537,0.000905462486159698
binary_longitudinal,3,landweber,1.60653065971263,1.61570189511013,0.00161476113157825
binary_longitudinal,3,landweber,1.67032004603564,1.58568365055807,0.000118622468061873
binary_longitudinal,3,landweber,1.60653065971263,1.54501651895784,0.000263779258816363
binary_longitudinal,3,landweber,1.77880078307141,1.77085620764164,0.000955884325267599
binary_longitudinal,3,landweber,1.70468808971871,1.71733156031515,0.000526445968276534
binary_longitudinal,3,landweber,1.77880078307141,1.6823584111768,0.000100182572573807
binary_longitudinal,3,landweber,1.70468808971871,1.63497863665278,6.97582859681761e-05
binary_longitudinal,3,landweber,1.67032004603564,1.69501978567821,0.00423314499514566
binary_longitudinal,3,landweber,1.60653065971263,1.64676086456609,0.00407081826466162
binary_longitudinal,3,landweber,1.67032004603564,1.61522835515946,0.00061322929520635
binary_longitudinal,3,landweber,1.60653065971263,1.57250977754572,0.000744710791703774
binary_longitudinal,3,landweber,1.77880078307141,1.80271197304549,0.00106462963936783
binary_longitudinal,3,landweber,1.70468808971871,1.7469754104595,0.00100512855611679
binary_longitudinal,3,landweber,1.77880078307141,1.71055698991601,0.00369302520387731
binary_longitudinal,3,landweber,1.70468808971871,1.66121923805826,0.00435261412495031
binary_longitudinal,3,landweber,1.67032004603564,1.72374159789703,0.000128823834574787
binary_longitudinal,3,landweber,1.60653065971263,1.67348836856718,0.000212368151645404
binary_longitudinal,3,landweber,1.67032004603564,1.64065277278426,0.000617664798248458
binary_longitudinal,3,landweber,1.60653065971263,1.59616884260106,0.00126964374825572
binary_longitudinal,3,landweber,1.77880078307141,1.84320463166935,0.000105972038196597
binary_longitudinal,3,landweber,1.70468808971871,1.78465644838073,5.4195344890929e-05
binary_longitudinal,3,landweber,1.77880078307141,1.74640090727569,0.000406479138868103
binary_longitudinal,3,landweber,1.70468808971871,1.69457432155183,0.000262823452651471
binary_longitudinal,3,landweber,1.67032004603564,1.76025061039418,0.000469298419546449
binary_longitudinal,3,landweber,1.60653065971263,1.70746236610463,0.000419073206247334
binary_longitudinal,3,landweber,1.67032004603564,1.67297038469972,0.00248810655825924
binary_longitudinal,3,landweber,1.60653065971263,1.62624247079678,0.00280579516520357
binary_longitudinal,3,landweber,2.22140275816017,2.58810010061927,0.000934898023489231
binary_longitudinal,3,landweber,2.10517091807565,2.47782986219844,0.0012271489970857
binary_longitudinal,3,landweber,2.22140275816017,2.40577899056377,0.000119612390536422
binary_longitudinal,3,landweber,2.10517091807565,2.30816827673282,0.000195999093135422
binary_longitudinal,3,landweber,2.05127109637602,2.43186366098651,0.000113220149243466
binary_longitudinal,3,landweber,1.95122942450071,2.33244174972189,0.000258943968827728
binary_longitudinal,3,landweber,2.05127109637602,2.26747920435346,2.00220509127348e-05
binary_longitudinal,3,landweber,1.95122942450071,2.17947138041151,5.70987369063187e-05
binary_longitudinal,3,landweber,2.22140275816017,2.66821151965157,0.000119425423258947
binary_longitudinal,3,landweber,2.10517091807565,2.55237871922758,8.45299455541655e-05
binary_longitudinal,3,landweber,2.22140275816017,2.47669325455503,1.68955359736889e-05
binary_longitudinal,3,landweber,2.10517091807565,2.37415858612279,1.51196218992706e-05
binary_longitudinal,3,landweber,2.05127109637602,2.50409376140505,0.000529317686205158
binary_longitudinal,3,landweber,1.95122942450071,2.39965653001596,0.000652798619692812
binary_longitudinal,3,landweber,2.05127109637602,2.33141696093133,0.000103505755447592
binary_longitudinal,3,landweber,1.95122942450071,2.23896959841169,0.000161203142952165
binary_longitudinal,3,landweber,2.22140275816017,2.737150647711,0.000133011748319997
binary_longitudinal,3,landweber,2.10517091807565,2.61653103688087,0.000161390659713171
binary_longitudinal,3,landweber,2.22140275816017,2.53771785735931,0.000622819304603906
binary_longitudinal,3,landweber,2.10517091807565,2.43094592611338,0.000943398750833641
binary_longitudinal,3,landweber,2.05127109637602,2.56625069486906,1.61082916185006e-05
binary_longitudinal,3,landweber,1.95122942450071,2.45749757692477,3.40554717129719e-05
binary_longitudinal,3,landweber,2.05127109637602,2.38643799590735,0.000104254415201378
binary_longitudinal,3,landweber,1.95122942450071,2.29017023022634,0.00027483227707784
binary_longitudinal,3,landweber,2.22140275816017,2.8247808943225,1.32398399897382e-05
binary_longitudinal,3,landweber,2.10517091807565,2.69807664929144,8.70199380178946e-06
binary_longitudinal,3,landweber,2.22140275816017,2.61528775334781,6.85516725799842e-05
binary_longitudinal,3,landweber,2.10517091807565,2.50312973156414,5.69651500921905e-05
binary_longitudinal,3,landweber,2.05127109637602,2.64525992462565,5.86816548591944e-05
binary_longitudinal,3,landweber,1.95122942450071,2.53102077554308,6.72028061196784e-05
binary_longitudinal,3,landweber,2.05127109637602,2.45637660696161,0.000419962566954781
binary_longitudinal,3,landweber,1.95122942450071,2.35525263145304,0.000607353893819652
binary_longitudinal,3,landweber,2.49182469764127,2.10996835493081,0.000882983424545827
binary_longitudinal,3,landweber,2.349858807576,2.03289734719643,0.00111936699941155
binary_longitudinal,3,landweber,2.49182469764127,1.9825389425666,8.36904946958843e-05
binary_longitudinal,3,landweber,2.349858807576,1.91431603683646,0.000132446632197425
binary_longitudinal,3,landweber,2.28402541668774,2.00077026105008,0.00014775000352115
binary_longitudinal,3,landweber,2.16183424272828,1.93128145788998,0.000327033383193953
binary_longitudinal,3,landweber,2.28402541668774,1.88587728620924,1.93563735016384e-05
binary_longitudinal,3,landweber,2.16183424272828,1.82436611350433,5.34225290292901e-05
binary_longitudinal,3,landweber,2.49182469764127,2.16596050552622,0.000112793766333419
binary_longitudinal,3,landweber,2.349858807576,2.08500166490685,7.7105577024548e-05
binary_longitudinal,3,landweber,2.49182469764127,2.03210293976855,1.18214823518603e-05
binary_longitudinal,3,landweber,2.349858807576,1.96043854204026,1.02171033989081e-05
binary_longitudinal,3,landweber,2.28402541668774,2.0512539337775,0.00069074886867041
binary_longitudinal,3,landweber,2.16183424272828,1.97825978065499,0.000824452263201824
binary_longitudinal,3,landweber,2.28402541668774,1.93056520384053,0.000100064477447639
binary_longitudinal,3,landweber,2.16183424272828,1.865951111282,0.000150824344820521
binary_longitudinal,3,landweber,2.49182469764127,2.21414402401642,0.000125625646953538
binary_longitudinal,3,landweber,2.349858807576,2.12983954537978,0.000147215520629698
binary_longitudinal,3,landweber,2.49182469764127,2.0747547713241,0.000435774717608172
binary_longitudinal,3,landweber,2.349858807576,2.00012883003009,0.000637502885183462
binary_longitudinal,3,landweber,2.28402541668774,2.09469718345534,2.10209945778757e-05
binary_longitudinal,3,landweber,2.16183424272828,2.01868653439666,4.30103708573674e-05
binary_longitudinal,3,landweber,2.28402541668774,1.96902097098965,0.00010078824635039
binary_longitudinal,3,landweber,2.16183424272828,1.90173668993952,0.00025713765480427
binary_longitudinal,3,landweber,2.49182469764127,2.27539129717989,1.25046357579688e-05
binary_longitudinal,3,landweber,2.349858807576,2.18683409454194,7.93768704039999e-06
binary_longitudinal,3,landweber,2.49182469764127,2.12897057913681,4.7964290026477e-05
binary_longitudinal,3,landweber,2.349858807576,2.05058014588706,3.84942713848094e-05
binary_longitudinal,3,landweber,2.28402541668774,2.14991898259953,7.65783720477939e-05
binary_longitudinal,3,landweber,2.16183424272828,2.07007399025526,8.48738093609244e-05
binary_longitudinal,3,landweber,2.28402541668774,2.01790305658852,0.000405999981625921
binary_longitudinal,3,landweber,2.16183424272828,1.9472246322905,0.000568250416412313
binary_longitudinal,3,landweber,3.33964685192599,3.40208482177143,0.000145869335475403
binary_longitudinal,3,landweber,3.11700001661268,3.23529529389438,0.000237454143139697
binary_longitudinal,3,landweber,3.33964685192599,3.12631456586498,1.86627626583844e-05
binary_longitudinal,3,landweber,3.11700001661268,2.97867323390853,3.7925954246108e-05
binary_longitudinal,3,landweber,3.01375270747048,3.16576900005269,2.4400600579441e-05
binary_longitudinal,3,landweber,2.82211880039051,3.0153881368394,6.92403232783208e-05
binary_longitudinal,3,landweber,3.01375270747048,2.91712887462268,4.31504524916592e-06
binary_longitudinal,3,landweber,2.82211880039051,2.78401241804311,1.52679169168351e-05
binary_longitudinal,3,landweber,3.33964685192599,3.52325755114348,1.8633590714669e-05
binary_longitudinal,3,landweber,3.11700001661268,3.34805435604687,1.63566004119122e-05
binary_longitudinal,3,landweber,3.33964685192599,3.23357611513009,2.63615981963957e-06
binary_longitudinal,3,landweber,3.11700001661268,3.07848704319413,2.92565684461606e-06
binary_longitudinal,3,landweber,3.01375270747048,3.2750208210322,0.000114075714676479
binary_longitudinal,3,landweber,2.82211880039051,3.11705402268634,0.000174555088762244
binary_longitudinal,3,landweber,3.01375270747048,3.01383808996366,2.2307006422673e-05
binary_longitudinal,3,landweber,2.82211880039051,2.87400659808564,4.31049148664089e-05
binary_longitudinal,3,landweber,3.33964685192599,3.62753160356193,2.07534242777046e-05
binary_longitudinal,3,landweber,3.11700001661268,3.44508810628486,3.12291994728862e-05
binary_longitudinal,3,landweber,3.33964685192599,3.32587903236663,9.71766286816531e-05
binary_longitudinal,3,landweber,3.11700001661268,3.16438087785039,0.000182548282686344
binary_longitudinal,3,landweber,3.01375270747048,3.36903644787055,3.47157279359331e-06
binary_longitudinal,3,landweber,2.82211880039051,3.20454164440543,9.10626295517483e-06
binary_longitudinal,3,landweber,3.01375270747048,3.09706029550505,2.24683535657752e-05
binary_longitudinal,3,landweber,2.82211880039051,2.95145024316766,7.34887775078738e-05
binary_longitudinal,3,landweber,3.33964685192599,3.76007695459584,2.0657725362343e-06
binary_longitudinal,3,landweber,3.11700001661268,3.56843012847673,1.68384156016759e-06
binary_longitudinal,3,landweber,3.33964685192599,3.44320757463403,1.06959119323509e-05
binary_longitudinal,3,landweber,3.11700001661268,3.27356267525936,1.10227942459221e-05
binary_longitudinal,3,landweber,3.01375270747048,3.48854205806739,1.26467561748286e-05
binary_longitudinal,3,landweber,2.82211880039051,3.31574934433584,1.79696945327679e-05
binary_longitudinal,3,landweber,3.01375270747048,3.20284611845393,9.05080846744403e-05
binary_longitudinal,3,landweber,2.82211880039051,3.04989079366579,0.000162403396158639
binary_longitudinal,3,landweber,1.77880078307141,1.73383788955874,0.000955884325267599
binary_longitudinal,3,landweber,1.70468808971871,1.68288362098818,0.000970351563627095
binary_longitudinal,3,landweber,1.77880078307141,1.64958996427181,0.000139844897630605
binary_longitudinal,3,landweber,1.70468808971871,1.60448547733922,0.000176779079384732
binary_longitudinal,3,landweber,1.67032004603564,1.66164330995537,6.2589294446911e-05
binary_longitudinal,3,landweber,1.60653065971263,1.61570189511013,0.000111229908396983
binary_longitudinal,3,landweber,1.67032004603564,1.58568365055807,1.26565182893121e-05
binary_longitudinal,3,landweber,1.60653065971263,1.54501651895784,2.79761065503157e-05
binary_longitudinal,3,landweber,1.77880078307141,1.77085620764164,0.000122106248236165
binary_longitudinal,3,landweber,1.70468808971871,1.71733156031515,6.6840917473422e-05
binary_longitudinal,3,landweber,1.77880078307141,1.6823584111768,1.9753425945745e-05
binary_longitudinal,3,landweber,1.70468808971871,1.63497863665278,1.36369653412199e-05
binary_longitudinal,3,landweber,1.67032004603564,1.69501978567821,0.000292612408120141
binary_longitudinal,3,landweber,1.60653065971263,1.64676086456609,0.000280410974616735
binary_longitudinal,3,landweber,1.67032004603564,1.61522835515946,6.54289859006547e-05
binary_longitudinal,3,landweber,1.60653065971263,1.57250977754572,7.89831185035628e-05
binary_longitudinal,3,landweber,1.77880078307141,1.80271197304549,0.000135997554921548
binary_longitudinal,3,landweber,1.70468808971871,1.7469754104595,0.000127617493376436
binary_longitudinal,3,landweber,1.77880078307141,1.71055698991601,0.000728169560896594
binary_longitudinal,3,landweber,1.70468808971871,1.66121923805826,0.000850887419922132
binary_longitudinal,3,landweber,1.67032004603564,1.72374159789703,8.90483375868919e-06
binary_longitudinal,3,landweber,1.60653065971263,1.67348836856718,1.46285971293273e-05
binary_longitudinal,3,landweber,1.67032004603564,1.64065277278426,6.5902235414781e-05
binary_longitudinal,3,landweber,1.60653065971263,1.59616884260106,0.00013465686779745
binary_longitudinal,3,landweber,1.77880078307141,1.84320463166935,1.35370438243179e-05
binary_longitudinal,3,landweber,1.70468808971871,1.78465644838073,6.8809845522369e-06
binary_longitudinal,3,landweber,1.77880078307141,1.74640090727569,8.01472288227161e-05
binary_longitudinal,3,landweber,1.70468808971871,1.69457432155183,5.13790478783116e-05
binary_longitudinal,3,landweber,1.67032004603564,1.76025061039418,3.24398386608389e-05
binary_longitudinal,3,landweber,1.60653065971263,1.70746236610463,2.88671020319653e-05
binary_longitudinal,3,landweber,1.67032004603564,1.67297038469972,0.000265470502130676
binary_longitudinal,3,landweber,1.60653065971263,1.62624247079678,0.000297579213969747
binary_longitudinal,3,landweber,2.22140275816017,2.58810010061927,0.000132056579730201
binary_longitudinal,3,landweber,2.10517091807565,2.47782986219844,0.000172859738935083
binary_longitudinal,3,landweber,2.22140275816017,2.40577899056377,2.60789243617065e-05
binary_longitudinal,3,landweber,2.10517091807565,2.30816827673282,4.2509300165877e-05
binary_longitudinal,3,landweber,2.05127109637602,2.43186366098651,8.70500243869682e-06
binary_longitudinal,3,landweber,1.95122942450071,2.33244174972189,1.99752704930459e-05
binary_longitudinal,3,landweber,2.05127109637602,2.26747920435346,2.37613678042614e-06
binary_longitudinal,3,landweber,1.95122942450071,2.17947138041151,6.7818270053608e-06
binary_longitudinal,3,landweber,2.22140275816017,2.66821151965157,1.68691263989926e-05
binary_longitudinal,3,landweber,2.10517091807565,2.55237871922758,1.19071313714885e-05
binary_longitudinal,3,landweber,2.22140275816017,2.47669325455503,3.68371038094215e-06
binary_longitudinal,3,landweber,2.10517091807565,2.37415858612279,3.2792220383723e-06
binary_longitudinal,3,landweber,2.05127109637602,2.50409376140505,4.06969234721017e-05
binary_longitudinal,3,landweber,1.95122942450071,2.39965653001596,5.03577243559056e-05
binary_longitudinal,3,landweber,2.05127109637602,2.33141696093133,1.22836483423577e-05
binary_longitudinal,3,landweber,1.95122942450071,2.23896959841169,1.91466902326703e-05
binary_longitudinal,3,landweber,2.22140275816017,2.737150647711,1.87882272780048e-05
binary_longitudinal,3,landweber,2.10517091807565,2.61653103688087,2.27339527399143e-05
binary_longitudinal,3,landweber,2.22140275816017,2.53771785735931,0.000135792433065955
binary_longitudinal,3,landweber,2.10517091807565,2.43094592611338,0.000204609215449747
binary_longitudinal,3,landweber,2.05127109637602,2.56625069486906,1.23849614012393e-06
binary_longitudinal,3,landweber,1.95122942450071,2.45749757692477,2.62708284851948e-06
binary_longitudinal,3,landweber,2.05127109637602,2.38643799590735,1.2372496282299e-05
binary_longitudinal,3,landweber,1.95122942450071,2.29017023022634,3.26428404482803e-05
binary_longitudinal,3,landweber,2.22140275816017,2.8247808943225,1.87015903477317e-06
binary_longitudinal,3,landweber,2.10517091807565,2.69807664929144,1.22578788750539e-06
binary_longitudinal,3,landweber,2.22140275816017,2.61528775334781,1.4946226524396e-05
binary_longitudinal,3,landweber,2.10517091807565,2.50312973156414,1.23548972881728e-05
binary_longitudinal,3,landweber,2.05127109637602,2.64525992462565,4.51177596981956e-06
binary_longitudinal,3,landweber,1.95122942450071,2.53102077554308,5.18411081829589e-06
binary_longitudinal,3,landweber,2.05127109637602,2.45637660696161,4.98394747917028e-05
binary_longitudinal,3,landweber,1.95122942450071,2.35525263145304,7.2137655963828e-05
binary_longitudinal,3,landweber,2.49182469764127,2.10996835493081,0.00412805270405592
binary_longitudinal,3,landweber,2.349858807576,2.03289734719643,0.00520141172609965
binary_longitudinal,3,landweber,2.49182469764127,1.9825389425666,0.000603929882050146
binary_longitudinal,3,landweber,2.349858807576,1.91431603683646,0.00094759550137048
binary_longitudinal,3,landweber,2.28402541668774,2.00077026105008,0.000373781006118126
binary_longitudinal,3,landweber,2.16183424272828,1.93128145788998,0.000824452263201824
binary_longitudinal,3,landweber,2.28402541668774,1.88587728620924,7.55842701525296e-05
binary_longitudinal,3,landweber,2.16183424272828,1.82436611350433,0.00020736297182466
binary_longitudinal,3,landweber,2.49182469764127,2.16596050552622,0.000527324295303528
binary_longitudinal,3,landweber,2.349858807576,2.08500166490685,0.000358289866231539
binary_longitudinal,3,landweber,2.49182469764127,2.03210293976855,8.53065389129307e-05
binary_longitudinal,3,landweber,2.349858807576,1.96043854204026,7.30987346164517e-05
binary_longitudinal,3,landweber,2.28402541668774,2.0512539337775,0.00174747073403369
binary_longitudinal,3,landweber,2.16183424272828,1.97825978065499,0.00207844693914776
binary_longitudinal,3,landweber,2.28402541668774,1.93056520384053,0.00039073954092867
binary_longitudinal,3,landweber,2.16183424272828,1.865951111282,0.000585434365122306
binary_longitudinal,3,landweber,2.49182469764127,2.21414402401642,0.000587314865929753
binary_longitudinal,3,landweber,2.349858807576,2.12983954537978,0.00068407281585907
binary_longitudinal,3,landweber,2.49182469764127,2.0747547713241,0.00314465071286622
binary_longitudinal,3,landweber,2.349858807576,2.00012883003009,0.00456104361498663
binary_longitudinal,3,landweber,2.28402541668774,2.09469718345534,5.31793456221294e-05
binary_longitudinal,3,landweber,2.16183424272828,2.01868653439666,0.000108429290148266
binary_longitudinal,3,landweber,2.28402541668774,1.96902097098965,0.000393565769936334
binary_longitudinal,3,landweber,2.16183424272828,1.90173668993952,0.000998096294524031
binary_longitudinal,3,landweber,2.49182469764127,2.27539129717989,5.84606619093318e-05
binary_longitudinal,3,landweber,2.349858807576,2.18683409454194,3.68843984785601e-05
binary_longitudinal,3,landweber,2.49182469764127,2.12897057913681,0.000346121362092197
binary_longitudinal,3,landweber,2.349858807576,2.05058014588706,0.000275409029188504
binary_longitudinal,3,landweber,2.28402541668774,2.14991898259953,0.000193729544966239
binary_longitudinal,3,landweber,2.16183424272828,2.07007399025526,0.000213967159960164
binary_longitudinal,3,landweber,2.28402541668774,2.01790305658852,0.00158538025165397
binary_longitudinal,3,landweber,2.16183424272828,1.9472246322905,0.00220570042693509
binary_longitudinal,3,landweber,3.33964685192599,3.40208482177143,0.000754084375812706
binary_longitudinal,3,landweber,3.11700001661268,3.23529529389438,0.00122415508932939
binary_longitudinal,3,landweber,3.33964685192599,3.12631456586498,0.0001489188152483
binary_longitudinal,3,landweber,3.11700001661268,2.97867323390853,0.000301041621736058
binary_longitudinal,3,landweber,3.01375270747048,3.16576900005269,6.86603202630765e-05
binary_longitudinal,3,landweber,2.82211880039051,3.0153881368394,0.000195481692525041
binary_longitudinal,3,landweber,3.01375270747048,2.91712887462268,1.87416733633171e-05
binary_longitudinal,3,landweber,2.82211880039051,2.78401241804311,6.63682137311478e-05
binary_longitudinal,3,landweber,3.33964685192599,3.52325755114348,9.63279881780911e-05
binary_longitudinal,3,landweber,3.11700001661268,3.34805435604687,8.4323715617755e-05
binary_longitudinal,3,landweber,3.33964685192599,3.23357611513009,2.10351384911134e-05
binary_longitudinal,3,landweber,3.11700001661268,3.07848704319413,2.32227375330128e-05
binary_longitudinal,3,landweber,3.01375270747048,3.2750208210322,0.000320995177082884
binary_longitudinal,3,landweber,2.82211880039051,3.11705402268634,0.000492810006864686
binary_longitudinal,3,landweber,3.01375270747048,3.01383808996366,9.68867309486421e-05
binary_longitudinal,3,landweber,2.82211880039051,2.87400659808564,0.000187373052807374
binary_longitudinal,3,landweber,3.33964685192599,3.62753160356193,0.000107286654466648
binary_longitudinal,3,landweber,3.11700001661268,3.44508810628486,0.000160996910666349
binary_longitudinal,3,landweber,3.33964685192599,3.32587903236663,0.00077541726688542
binary_longitudinal,3,landweber,3.11700001661268,3.16438087785039,0.00144899797928404
binary_longitudinal,3,landweber,3.01375270747048,3.36903644787055,9.76858332026189e-06
binary_longitudinal,3,landweber,2.82211880039051,3.20454164440543,2.5709118773179e-05
binary_longitudinal,3,landweber,3.01375270747048,3.09706029550505,9.7587515130386e-05
binary_longitudinal,3,landweber,2.82211880039051,2.95145024316766,0.00031944887564232
binary_longitudinal,3,landweber,3.33964685192599,3.76007695459584,1.06791930495902e-05
binary_longitudinal,3,landweber,3.11700001661268,3.56843012847673,8.68076331812331e-06
binary_longitudinal,3,landweber,3.33964685192599,3.44320757463403,8.53476284364712e-05
binary_longitudinal,3,landweber,3.11700001661268,3.27356267525936,8.74946964899589e-05
binary_longitudinal,3,landweber,3.01375270747048,3.48854205806739,3.55864326546287e-05
binary_longitudinal,3,landweber,2.82211880039051,3.31574934433584,5.07326675426327e-05
binary_longitudinal,3,landweber,3.01375270747048,3.20284611845393,0.000393106644718428
binary_longitudinal,3,landweber,2.82211880039051,3.04989079366579,0.000705952446927189
binary_longitudinal,3,landweber,1.77880078307141,1.73383788955874,0.00106462963936783
binary_longitudinal,3,landweber,1.70468808971871,1.68288362098818,0.000744617548498822
binary_longitudinal,3,landweber,1.77880078307141,1.64958996427181,8.14586064091042e-05
binary_longitudinal,3,landweber,1.70468808971871,1.60448547733922,7.13780584804168e-05
binary_longitudinal,3,landweber,1.67032004603564,1.66164330995537,0.000173893987726491
binary_longitudinal,3,landweber,1.60653065971263,1.61570189511013,0.000212368151645404
binary_longitudinal,3,landweber,1.67032004603564,1.58568365055807,1.83906000541097e-05
binary_longitudinal,3,landweber,1.60653065971263,1.54501651895784,2.81050774725219e-05
binary_longitudinal,3,landweber,1.77880078307141,1.77085620764164,0.000135997554921548
binary_longitudinal,3,landweber,1.70468808971871,1.71733156031515,5.12916369428333e-05
binary_longitudinal,3,landweber,1.77880078307141,1.6823584111768,1.15062227983188e-05
binary_longitudinal,3,landweber,1.70468808971871,1.63497863665278,5.50619515051667e-06
binary_longitudinal,3,landweber,1.67032004603564,1.69501978567821,0.000812975109496126
binary_longitudinal,3,landweber,1.60653065971263,1.64676086456609,0.000535380827321236
binary_longitudinal,3,landweber,1.67032004603564,1.61522835515946,9.50718265592076e-05
binary_longitudinal,3,landweber,1.60653065971263,1.57250977754572,7.93472337035748e-05
binary_longitudinal,3,landweber,1.77880078307141,1.80271197304549,0.000151469193524543
binary_longitudinal,3,landweber,1.70468808971871,1.7469754104595,9.79296871623786e-05
binary_longitudinal,3,landweber,1.77880078307141,1.71055698991601,0.000424153320322389
binary_longitudinal,3,landweber,1.70468808971871,1.66121923805826,0.000343562667204943
binary_longitudinal,3,landweber,1.67032004603564,1.72374159789703,2.4740605658263e-05
binary_longitudinal,3,landweber,1.60653065971263,1.67348836856718,2.79299711587711e-05
binary_longitudinal,3,landweber,1.67032004603564,1.64065277278426,9.57594834914816e-05
binary_longitudinal,3,landweber,1.60653065971263,1.59616884260106,0.000135277641113065
binary_longitudinal,3,landweber,1.77880078307141,1.84320463166935,1.50770733485513e-05
binary_longitudinal,3,landweber,1.70468808971871,1.78465644838073,5.2802530965096e-06
binary_longitudinal,3,landweber,1.77880078307141,1.74640090727569,4.66851610467426e-05
binary_longitudinal,3,landweber,1.70468808971871,1.69457432155183,2.07453093255728e-05
binary_longitudinal,3,landweber,1.67032004603564,1.76025061039418,9.01287185897598e-05
binary_longitudinal,3,landweber,1.60653065971263,1.70746236610463,5.5115150144761e-05
binary_longitudinal,3,landweber,1.67032004603564,1.67297038469972,0.000385742881197564
binary_longitudinal,3,landweber,1.60653065971263,1.62624247079678,0.000298951065538372
binary_longitudinal,3,landweber,2.22140275816017,2.58810010061927,0.00486799514877874
binary_longitudinal,3,landweber,2.10517091807565,2.47782986219844,0.00437572668196998
binary_longitudinal,3,landweber,2.22140275816017,2.40577899056377,0.000502778739068938
binary_longitudinal,3,landweber,2.10517091807565,2.30816827673282,0.000566200169935022
binary_longitudinal,3,landweber,2.05127109637602,2.43186366098651,0.000795789056860014
binary_longitudinal,3,landweber,1.95122942450071,2.33244174972189,0.00124637013784139
binary_longitudinal,3,landweber,2.05127109637602,2.26747920435346,0.000113605050807996
binary_longitudinal,3,landweber,1.95122942450071,2.17947138041151,0.000222654142301546
binary_longitudinal,3,landweber,2.22140275816017,2.66821151965157,0.000621845769761753
binary_longitudinal,3,landweber,2.10517091807565,2.55237871922758,0.000301414041053892
binary_longitudinal,3,landweber,2.22140275816017,2.47669325455503,7.10186982690438e-05
binary_longitudinal,3,landweber,2.10517091807565,2.37415858612279,4.36774086643626e-05
binary_longitudinal,3,landweber,2.05127109637602,2.50409376140505,0.00372040864721646
binary_longitudinal,3,landweber,1.95122942450071,2.39965653001596,0.00314210332564453
binary_longitudinal,3,landweber,2.05127109637602,2.33141696093133,0.000587291314850503
binary_longitudinal,3,landweber,1.95122942450071,2.23896959841169,0.000628604930249441
binary_longitudinal,3,landweber,2.22140275816017,2.737150647711,0.000692589490280147
binary_longitudinal,3,landweber,2.10517091807565,2.61653103688087,0.000575481394357805
binary_longitudinal,3,landweber,2.22140275816017,2.53771785735931,0.00261795875186688
binary_longitudinal,3,landweber,2.10517091807565,2.43094592611338,0.00272528063519881
binary_longitudinal,3,landweber,2.05127109637602,2.56625069486906,0.000113220149243466
binary_longitudinal,3,landweber,1.95122942450071,2.45749757692477,0.000163918561862273
binary_longitudinal,3,landweber,2.05127109637602,2.38643799590735,0.000591539207822979
binary_longitudinal,3,landweber,1.95122942450071,2.29017023022634,0.0010716969979554
binary_longitudinal,3,landweber,2.22140275816017,2.8247808943225,6.89395797416559e-05
binary_longitudinal,3,landweber,2.10517091807565,2.69807664929144,3.10292772558639e-05
binary_longitudinal,3,landweber,2.22140275816017,2.61528775334781,0.000288150110086933
binary_longitudinal,3,landweber,2.10517091807565,2.50312973156414,0.000164560341308759
binary_longitudinal,3,landweber,2.05127109637602,2.64525992462565,0.000412455018717247
binary_longitudinal,3,landweber,1.95122942450071,2.53102077554308,0.000323466003498371
binary_longitudinal,3,landweber,2.05127109637602,2.45637660696161,0.00238286621906497
binary_longitudinal,3,landweber,1.95122942450071,2.35525263145304,0.00236835116902479
binary_longitudinal,3,landweber,2.49182469764127,2.10996835493081,0.000125625646953538
binary_longitudinal,3,landweber,2.349858807576,2.03289734719643,0.000109059940049626
binary_longitudinal,3,landweber,2.49182469764127,1.9825389425666,9.61206578482424e-06
binary_longitudinal,3,landweber,2.349858807576,1.91431603683646,1.0454342359278e-05
binary_longitudinal,3,landweber,2.28402541668774,2.00077026105008,2.83753746749529e-05
binary_longitudinal,3,landweber,2.16183424272828,1.93128145788998,4.30103708573674e-05
binary_longitudinal,3,landweber,2.28402541668774,1.88587728620924,3.00090977183953e-06
binary_longitudinal,3,landweber,2.16183424272828,1.82436611350433,5.69204843429907e-06
binary_longitudinal,3,landweber,2.49182469764127,2.16596050552622,1.60476283858334e-05
binary_longitudinal,3,landweber,2.349858807576,2.08500166490685,7.51239728543871e-06
binary_longitudinal,3,landweber,2.49182469764127,2.03210293976855,1.35772725986537e-06
binary_longitudinal,3,landweber,2.349858807576,1.96043854204026,8.06461403209649e-07
binary_longitudinal,3,landweber,2.28402541668774,2.0512539337775,0.000132658257108041
binary_longitudinal,3,landweber,2.16183424272828,1.97825978065499,0.000108429290148266
binary_longitudinal,3,landweber,2.28402541668774,1.93056520384053,1.55134673424864e-05
binary_longitudinal,3,landweber,2.16183424272828,1.865951111282,1.60699894106312e-05
binary_longitudinal,3,landweber,2.49182469764127,2.21414402401642,1.78732722877697e-05
binary_longitudinal,3,landweber,2.349858807576,2.12983954537978,1.43432099237244e-05
binary_longitudinal,3,landweber,2.49182469764127,2.0747547713241,5.00498326391054e-05
binary_longitudinal,3,landweber,2.349858807576,2.00012883003009,5.03196895697656e-05
binary_longitudinal,3,landweber,2.28402541668774,2.09469718345534,4.03708008779839e-06
binary_longitudinal,3,landweber,2.16183424272828,2.01868653439666,5.65658460681113e-06
binary_longitudinal,3,landweber,2.28402541668774,1.96902097098965,1.56256766451553e-05
binary_longitudinal,3,landweber,2.16183424272828,1.90173668993952,2.73974297365351e-05
binary_longitudinal,3,landweber,2.49182469764127,2.27539129717989,1.77908544299253e-06
binary_longitudinal,3,landweber,2.349858807576,2.18683409454194,7.7336894263794e-07
binary_longitudinal,3,landweber,2.49182469764127,2.12897057913681,5.50882047874379e-06
binary_longitudinal,3,landweber,2.349858807576,2.05058014588706,3.03844865853506e-06
binary_longitudinal,3,landweber,2.28402541668774,2.14991898259953,1.47068693541049e-05
binary_longitudinal,3,landweber,2.16183424272828,2.07007399025526,1.11623283869032e-05
binary_longitudinal,3,landweber,2.28402541668774,2.01790305658852,6.29440898174842e-05
binary_longitudinal,3,landweber,2.16183424272828,1.9472246322905,6.05457838069798e-05
binary_longitudinal,3,landweber,3.33964685192599,3.40208482177143,0.000759538687224554
binary_longitudinal,3,landweber,3.11700001661268,3.23529529389438,0.000846706009089562
binary_longitudinal,3,landweber,3.33964685192599,3.12631456586498,7.84470591620539e-05
binary_longitudinal,3,landweber,3.11700001661268,2.97867323390853,0.000109560107628954
binary_longitudinal,3,landweber,3.01375270747048,3.16576900005269,0.000171504198251637
binary_longitudinal,3,landweber,2.82211880039051,3.0153881368394,0.000333273146539268
binary_longitudinal,3,landweber,3.01375270747048,2.91712887462268,2.44835525045291e-05
binary_longitudinal,3,landweber,2.82211880039051,2.78401241804311,5.95366050115374e-05
binary_longitudinal,3,landweber,3.33964685192599,3.52325755114348,9.70247309592075e-05
binary_longitudinal,3,landweber,3.11700001661268,3.34805435604687,5.83238164385081e-05
binary_longitudinal,3,landweber,3.33964685192599,3.23357611513009,1.10808345536661e-05
binary_longitudinal,3,landweber,3.11700001661268,3.07848704319413,8.45160748498278e-06
binary_longitudinal,3,landweber,3.01375270747048,3.2750208210322,0.000801802558993415
binary_longitudinal,3,landweber,2.82211880039051,3.11705402268634,0.000840182727662812
binary_longitudinal,3,landweber,3.01375270747048,3.01383808996366,0.000126569880831251
binary_longitudinal,3,landweber,2.82211880039051,2.87400659808564,0.00016808581710499
binary_longitudinal,3,landweber,3.33964685192599,3.62753160356193,0.000108062661558913
binary_longitudinal,3,landweber,3.11700001661268,3.44508810628486,0.000111356030697654
binary_longitudinal,3,landweber,3.33964685192599,3.32587903236663,0.000408472254558399
binary_longitudinal,3,landweber,3.11700001661268,3.16438087785039,0.000527343606671384
binary_longitudinal,3,landweber,3.01375270747048,3.36903644787055,2.4400600579441e-05
binary_longitudinal,3,landweber,2.82211880039051,3.20454164440543,4.38310043135704e-05
binary_longitudinal,3,landweber,3.01375270747048,3.09706029550505,0.000127485363988782
binary_longitudinal,3,landweber,2.82211880039051,2.95145024316766,0.000286566421804578
binary_longitudinal,3,landweber,3.33964685192599,3.76007695459584,1.07564359237141e-05
binary_longitudinal,3,landweber,3.11700001661268,3.56843012847673,6.00418568611739e-06
binary_longitudinal,3,landweber,3.33964685192599,3.44320757463403,4.49591977087213e-05
binary_longitudinal,3,landweber,3.11700001661268,3.27356267525936,3.1842534959525e-05
binary_longitudinal,3,landweber,3.01375270747048,3.48854205806739,8.88900980607588e-05
binary_longitudinal,3,landweber,2.82211880039051,3.31574934433584,8.64931929218788e-05
binary_longitudinal,3,landweber,3.01375270747048,3.20284611845393,0.000513542573774717
binary_longitudinal,3,landweber,2.82211880039051,3.04989079366579,0.000633285267551308
binary_longitudinal,3,landweber,1.77880078307141,1.73383788955874,0.000105972038196597
binary_longitudinal,3,landweber,1.70468808971871,1.68288362098818,7.40029352343184e-05
binary_longitudinal,3,landweber,1.77880078307141,1.64958996427181,1.25892464741956e-05
binary_longitudinal,3,landweber,1.70468808971871,1.60448547733922,1.10343278474698e-05
binary_longitudinal,3,landweber,1.67032004603564,1.66164330995537,9.36643552119747e-06
binary_longitudinal,3,landweber,1.60653065971263,1.61570189511013,1.14506399725992e-05
binary_longitudinal,3,landweber,1.67032004603564,1.58568365055807,1.53799777282289e-06
binary_longitudinal,3,landweber,1.60653065971263,1.54501651895784,2.35716852536868e-06
binary_longitudinal,3,landweber,1.77880078307141,1.77085620764164,1.35370438243179e-05
binary_longitudinal,3,landweber,1.70468808971871,1.71733156031515,5.09755873252653e-06
binary_longitudinal,3,landweber,1.77880078307141,1.6823584111768,1.778261146128e-06
binary_longitudinal,3,landweber,1.70468808971871,1.63497863665278,8.51202229038192e-07
binary_longitudinal,3,landweber,1.67032004603564,1.69501978567821,4.37892019326779e-05
binary_longitudinal,3,landweber,1.60653065971263,1.64676086456609,2.88671020319653e-05
binary_longitudinal,3,landweber,1.67032004603564,1.61522835515946,7.95081493132629e-06
binary_longitudinal,3,landweber,1.60653065971263,1.57250977754572,6.65484028798717e-06
binary_longitudinal,3,landweber,1.77880078307141,1.80271197304549,1.50770733485513e-05
binary_longitudinal,3,landweber,1.70468808971871,1.7469754104595,9.73262624713179e-06
binary_longitudinal,3,landweber,1.77880078307141,1.71055698991601,6.55519524305315e-05
binary_longitudinal,3,landweber,1.70468808971871,1.66121923805826,5.31113228182101e-05
binary_longitudinal,3,landweber,1.67032004603564,1.72374159789703,1.33260091785331e-06
binary_longitudinal,3,landweber,1.60653065971263,1.67348836856718,1.50595106519631e-06
binary_longitudinal,3,landweber,1.67032004603564,1.64065277278426,8.00832337733632e-06
binary_longitudinal,3,landweber,1.60653065971263,1.59616884260106,1.13457149559397e-05
binary_longitudinal,3,landweber,1.77880078307141,1.84320463166935,1.50075494209827e-06
binary_longitudinal,3,landweber,1.70468808971871,1.78465644838073,5.24771714969094e-07
binary_longitudinal,3,landweber,1.77880078307141,1.74640090727569,7.21508782206799e-06
binary_longitudinal,3,landweber,1.70468808971871,1.69457432155183,3.20701556288963e-06
binary_longitudinal,3,landweber,1.67032004603564,1.76025061039418,4.8545947005765e-06
binary_longitudinal,3,landweber,1.60653065971263,1.70746236610463,2.97174381588617e-06
binary_longitudinal,3,landweber,1.67032004603564,1.67297038469972,3.22595070535267e-05
binary_longitudinal,3,landweber,1.60653065971263,1.62624247079678,2.50729798913181e-05
binary_longitudinal,3,landweber,2.22140275816017,2.58810010061927,0.000535804216557258
binary_longitudinal,3,landweber,2.10517091807565,2.47782986219844,0.000482473898643181
binary_longitudinal,3,landweber,2.22140275816017,2.40577899056377,8.59217117479918e-05
binary_longitudinal,3,landweber,2.10517091807565,2.30816827673282,9.71089158479462e-05
binary_longitudinal,3,landweber,2.05127109637602,2.43186366098651,4.76763856244649e-05
binary_longitudinal,3,landweber,1.95122942450071,2.33244174972189,7.52594403054059e-05
binary_longitudinal,3,landweber,2.05127109637602,2.26747920435346,1.05675187534922e-05
binary_longitudinal,3,landweber,1.95122942450071,2.17947138041151,2.09127045694097e-05
binary_longitudinal,3,landweber,2.22140275816017,2.66821151965157,6.84445188015912e-05
binary_longitudinal,3,landweber,2.10517091807565,2.55237871922758,3.32343443872496e-05
binary_longitudinal,3,landweber,2.22140275816017,2.47669325455503,1.21366470919004e-05
binary_longitudinal,3,landweber,2.10517091807565,2.37415858612279,7.49110655147047e-06
binary_longitudinal,3,landweber,2.05127109637602,2.50409376140505,0.000222892782724565
binary_longitudinal,3,landweber,1.95122942450071,2.39965653001596,0.000189729303110001
binary_longitudinal,3,landweber,2.05127109637602,2.33141696093133,5.46297188312067e-05
binary_longitudinal,3,landweber,1.95122942450071,2.23896959841169,5.90414759918424e-05
binary_longitudinal,3,landweber,2.22140275816017,2.737150647711,7.6231047462823e-05
binary_longitudinal,3,landweber,2.10517091807565,2.61653103688087,6.34534037686793e-05
binary_longitudinal,3,landweber,2.22140275816017,2.53771785735931,0.000447392619788555
binary_longitudinal,3,landweber,2.10517091807565,2.43094592611338,0.00046741251931438
binary_longitudinal,3,landweber,2.05127109637602,2.56625069486906,6.78311350132134e-06
binary_longitudinal,3,landweber,1.95122942450071,2.45749757692477,9.89787772257393e-06
binary_longitudinal,3,landweber,2.05127109637602,2.38643799590735,5.50248569727787e-05
binary_longitudinal,3,landweber,1.95122942450071,2.29017023022634,0.000100658727812086
binary_longitudinal,3,landweber,2.22140275816017,2.8247808943225,7.58795281924868e-06
binary_longitudinal,3,landweber,2.10517091807565,2.69807664929144,3.42133260548552e-06
binary_longitudinal,3,landweber,2.22140275816017,2.61528775334781,4.92430343114546e-05
binary_longitudinal,3,landweber,2.10517091807565,2.50312973156414,2.82237222533781e-05
binary_longitudinal,3,landweber,2.05127109637602,2.64525992462565,2.47105239203716e-05
binary_longitudinal,3,landweber,1.95122942450071,2.53102077554308,1.95318145404827e-05
binary_longitudinal,3,landweber,2.05127109637602,2.45637660696161,0.000221653731748163
binary_longitudinal,3,landweber,1.95122942450071,2.35525263145304,0.000222446471475719
binary_longitudinal,3,landweber,2.49182469764127,2.10996835493081,0.000457647591102943
binary_longitudinal,3,landweber,2.349858807576,2.03289734719643,0.000396680697514186
binary_longitudinal,3,landweber,2.49182469764127,1.9825389425666,5.43675333678904e-05
binary_longitudinal,3,landweber,2.349858807576,1.91431603683646,5.91477196583503e-05
binary_longitudinal,3,landweber,2.28402541668774,2.00077026105008,5.59360146777711e-05
binary_longitudinal,3,landweber,2.16183424272828,1.93128145788998,8.48738093609244e-05
binary_longitudinal,3,landweber,2.28402541668774,1.88587728620924,9.18486715680733e-06
binary_longitudinal,3,landweber,2.16183424272828,1.82436611350433,1.74716760401559e-05
binary_longitudinal,3,landweber,2.49182469764127,2.16596050552622,5.84606619093318e-05
binary_longitudinal,3,landweber,2.349858807576,2.08500166490685,2.73246344518023e-05
binary_longitudinal,3,landweber,2.49182469764127,2.03210293976855,7.67954399789561e-06
binary_longitudinal,3,landweber,2.349858807576,1.96043854204026,4.56273109804858e-06
binary_longitudinal,3,landweber,2.28402541668774,2.0512539337775,0.00026150753256037
binary_longitudinal,3,landweber,2.16183424272828,1.97825978065499,0.000213967159960164
binary_longitudinal,3,landweber,2.28402541668774,1.93056520384053,4.74819796380822e-05
binary_longitudinal,3,landweber,2.16183424272828,1.865951111282,4.93266443868302e-05
binary_longitudinal,3,landweber,2.49182469764127,2.21414402401642,6.51113861379755e-05
binary_longitudinal,3,landweber,2.349858807576,2.12983954537978,5.2170159955584e-05
binary_longitudinal,3,landweber,2.49182469764127,2.0747547713241,0.000283090649500133
binary_longitudinal,3,landweber,2.349858807576,2.00012883003009,0.000284694607243882
binary_longitudinal,3,landweber,2.28402541668774,2.09469718345534,7.95824455652947e-06
binary_longitudinal,3,landweber,2.16183424272828,2.01868653439666,1.11623283869032e-05
binary_longitudinal,3,landweber,2.28402541668774,1.96902097098965,4.78254180008225e-05
binary_longitudinal,3,landweber,2.16183424272828,1.90173668993952,8.40960898725417e-05
binary_longitudinal,3,landweber,2.49182469764127,2.27539129717989,6.48111422385726e-06
binary_longitudinal,3,landweber,2.349858807576,2.18683409454194,2.81295342232749e-06
binary_longitudinal,3,landweber,2.49182469764127,2.12897057913681,3.11588567848423e-05
binary_longitudinal,3,landweber,2.349858807576,2.05058014588706,1.71906852937362e-05
binary_longitudinal,3,landweber,2.28402541668774,2.14991898259953,2.89914642354107e-05
binary_longitudinal,3,landweber,2.16183424272828,2.07007399025526,2.20269975042956e-05
binary_longitudinal,3,landweber,2.28402541668774,2.01790305658852,0.000192652611119777
binary_longitudinal,3,landweber,2.16183424272828,1.9472246322905,0.000185844574669916
binary_longitudinal,3,landweber,3.33964685192599,3.40208482177143,0.00305960966902122
binary_longitudinal,3,landweber,3.11700001661268,3.23529529389438,0.00341677525449953
binary_longitudinal,3,landweber,3.33964685192599,3.12631456586498,0.000490639849257172
binary_longitudinal,3,landweber,3.11700001661268,2.97867323390853,0.000687704229376201
binary_longitudinal,3,landweber,3.01375270747048,3.16576900005269,0.000376045374945552
binary_longitudinal,3,landweber,2.82211880039051,3.0153881368394,0.000736502806032577
binary_longitudinal,3,landweber,3.01375270747048,2.91712887462268,8.33508350067117e-05
binary_longitudinal,3,landweber,2.82211880039051,2.78401241804311,0.000204655595824225
binary_longitudinal,3,landweber,3.33964685192599,3.52325755114348,0.000390839610898199
binary_longitudinal,3,landweber,3.11700001661268,3.34805435604687,0.00023535840139997
binary_longitudinal,3,landweber,3.33964685192599,3.23357611513009,6.93040510775986e-05
binary_longitudinal,3,landweber,3.11700001661268,3.07848704319413,5.30503879398729e-05
binary_longitudinal,3,landweber,3.01375270747048,3.2750208210322,0.00175805692806767
binary_longitudinal,3,landweber,2.82211880039051,3.11705402268634,0.00185672606067844
binary_longitudinal,3,landweber,3.01375270747048,3.01383808996366,0.000430889481909668
binary_longitudinal,3,landweber,2.82211880039051,2.87400659808564,0.000577790806891949
binary_longitudinal,3,landweber,3.33964685192599,3.62753160356193,0.000435303125077114
binary_longitudinal,3,landweber,3.11700001661268,3.44508810628486,0.000449363209948342
binary_longitudinal,3,landweber,3.33964685192599,3.32587903236663,0.00255475179749266
binary_longitudinal,3,landweber,3.11700001661268,3.16438087785039,0.00331011384061995
binary_longitudinal,3,landweber,3.01375270747048,3.36903644787055,5.35015065947808e-05
binary_longitudinal,3,landweber,2.82211880039051,3.20454164440543,9.68624625277663e-05
binary_longitudinal,3,landweber,3.01375270747048,3.09706029550505,0.000434006116458544
binary_longitudinal,3,landweber,2.82211880039051,2.95145024316766,0.000985064932511136
binary_longitudinal,3,landweber,3.33964685192599,3.76007695459584,4.33295840092911e-05
binary_longitudinal,3,landweber,3.11700001661268,3.56843012847673,2.42291336727435e-05
binary_longitudinal,3,landweber,3.33964685192599,3.44320757463403,0.000281193128488883
binary_longitudinal,3,landweber,3.11700001661268,3.27356267525936,0.000199874264818062
binary_longitudinal,3,landweber,3.01375270747048,3.48854205806739,0.000194903160359726
binary_longitudinal,3,landweber,2.82211880039051,3.31574934433584,0.000191141950532684
binary_longitudinal,3,landweber,3.01375270747048,3.20284611845393,0.00174828396850091
binary_longitudinal,3,landweber,2.82211880039051,3.04989079366579,0.00217690232307168
binary_longitudinal,3,pmmr,1.77880078307141,2.02046059305256,0.00748294912415195
binary_longitudinal,3,pmmr,1.70468808971871,2.06820883249497,0.0076425891174435
binary_longitudinal,3,pmmr,1.77880078307141,2.08975870021908,0.000709245152938778
binary_longitudinal,3,pmmr,1.70468808971871,2.10217168585919,0.000904292506752669
binary_longitudinal,3,pmmr,1.67032004603564,2.02316526449432,0.000905462486159698
binary_longitudinal,3,pmmr,1.60653065971263,2.03383698833197,0.00161476113157825
binary_longitudinal,3,pmmr,1.67032004603564,2.07081646506267,0.000118622468061873
binary_longitudinal,3,pmmr,1.60653065971263,2.05294781401981,0.000263779258816363
binary_longitudinal,3,pmmr,1.77880078307141,2.03897461229106,0.000955884325267599
binary_longitudinal,3,pmmr,1.70468808971871,2.09519846703751,0.000526445968276534
binary_longitudinal,3,pmmr,1.77880078307141,2.09994226843764,0.000100182572573807
binary_longitudinal,3,pmmr,1.70468808971871,2.12191874476557,6.97582859681761e-05
binary_longitudinal,3,pmmr,1.67032004603564,2.05895848402853,0.00423314499514566
binary_longitudinal,3,pmmr,1.60653065971263,2.07739007227578,0.00407081826466162
binary_longitudinal,3,pmmr,1.67032004603564,2.09806044877588,0.00061322929520635
binary_longitudinal,3,pmmr,1.60653065971263,2.08861237974111,0.000744710791703774
binary_longitudinal,3,pmmr,1.77880078307141,2.04878589986051,0.00106462963936783
binary_longitudinal,3,pmmr,1.70468808971871,2.09535294950391,0.00100512855611679
binary_longitudinal,3,pmmr,1.77880078307141,2.1230027526514,0.00369302520387731
binary_longitudinal,3,pmmr,1.70468808971871,2.13054344794755,0.00435261412495031
binary_longitudinal,3,pmmr,1.67032004603564,2.04081643160312,0.000128823834574787
binary_longitudinal,3,pmmr,1.60653065971263,2.05103903335206,0.000212368151645404
binary_longitudinal,3,pmmr,1.67032004603564,2.09173095976877,0.000617664798248458
binary_longitudinal,3,pmmr,1.60653065971263,2.07031339195421,0.00126964374825572
binary_longitudinal,3,pmmr,1.77880078307141,2.06506679093675,0.000105972038196597
binary_longitudinal,3,pmmr,1.70468808971871,2.12086634435387,5.4195344890929e-05
binary_longitudinal,3,pmmr,1.77880078307141,2.13033444779258,0.000406479138868103
binary_longitudinal,3,pmmr,1.70468808971871,2.14849984455936,0.000262823452651471
binary_longitudinal,3,pmmr,1.67032004603564,2.07362095009576,0.000469298419546449
binary_longitudinal,3,pmmr,1.60653065971263,2.09227771205967,0.000419073206247334
binary_longitudinal,3,pmmr,1.67032004603564,2.1158288868385,0.00248810655825924
binary_longitudinal,3,pmmr,1.60653065971263,2.10371658446065,0.00280579516520357
binary_longitudinal,3,pmmr,2.22140275816017,2.27886747003871,0.000934898023489231
binary_longitudinal,3,pmmr,2.10517091807565,2.30677396676667,0.0012271489970857
binary_longitudinal,3,pmmr,2.22140275816017,2.36281218821669,0.000119612390536422
binary_longitudinal,3,pmmr,2.10517091807565,2.34572990295195,0.000195999093135422
binary_longitudinal,3,pmmr,2.05127109637602,2.27047319387348,0.000113220149243466
binary_longitudinal,3,pmmr,1.95122942450071,2.25899313655838,0.000258943968827728
binary_longitudinal,3,pmmr,2.05127109637602,2.3241089984567,2.00220509127348e-05
binary_longitudinal,3,pmmr,1.95122942450071,2.27722014715421,5.70987369063187e-05
binary_longitudinal,3,pmmr,2.22140275816017,2.29060950186347,0.000119425423258947
binary_longitudinal,3,pmmr,2.10517091807565,2.32786060261892,8.45299455541655e-05
binary_longitudinal,3,pmmr,2.22140275816017,2.3615054184649,1.68955359736889e-05
binary_longitudinal,3,pmmr,2.10517091807565,2.35612812358985,1.51196218992706e-05
binary_longitudinal,3,pmmr,2.05127109637602,2.30543003858034,0.000529317686205158
binary_longitudinal,3,pmmr,1.95122942450071,2.30205523189066,0.000652798619692812
binary_longitudinal,3,pmmr,2.05127109637602,2.34618232032528,0.000103505755447592
binary_longitudinal,3,pmmr,1.95122942450071,2.30904434524389,0.000161203142952165
binary_longitudinal,3,pmmr,2.22140275816017,2.31353284999765,0.000133011748319997
binary_longitudinal,3,pmmr,2.10517091807565,2.33668406453195,0.000161390659713171
binary_longitudinal,3,pmmr,2.22140275816017,2.4076911892869,0.000622819304603906
binary_longitudinal,3,pmmr,2.10517091807565,2.38102176010345,0.000943398750833641
binary_longitudinal,3,pmmr,2.05127109637602,2.2898015437654,1.61082916185006e-05
binary_longitudinal,3,pmmr,1.95122942450071,2.2754231144007,3.40554717129719e-05
binary_longitudinal,3,pmmr,2.05127109637602,2.35112157662243,0.000104254415201378
binary_longitudinal,3,pmmr,1.95122942450071,2.29736944091532,0.00027483227707784
binary_longitudinal,3,pmmr,2.22140275816017,2.32072116886586,1.32398399897382e-05
binary_longitudinal,3,pmmr,2.10517091807565,2.35441577372746,8.70199380178946e-06
binary_longitudinal,3,pmmr,2.22140275816017,2.40072768256205,6.85516725799842e-05
binary_longitudinal,3,pmmr,2.10517091807565,2.38751979791345,5.69651500921905e-05
binary_longitudinal,3,pmmr,2.05127109637602,2.31949894509671,5.86816548591944e-05
binary_longitudinal,3,pmmr,1.95122942450071,2.31428656532018,6.72028061196784e-05
binary_longitudinal,3,pmmr,2.05127109637602,2.36761545876331,0.000419962566954781
binary_longitudinal,3,pmmr,1.95122942450071,2.32504586281376,0.000607353893819652
binary_longitudinal,3,pmmr,2.49182469764127,2.19330830618319,0.000882983424545827
binary_longitudinal,3,pmmr,2.349858807576,2.25142859377735,0.00111936699941155
binary_longitudinal,3,pmmr,2.49182469764127,2.26260484273107,8.36904946958843e-05
binary_longitudinal,3,pmmr,2.349858807576,2.27680824635536,0.000132446632197425
binary_longitudinal,3,pmmr,2.28402541668774,2.18021542552593,0.00014775000352115
binary_longitudinal,3,pmmr,2.16183424272828,2.19981377473888,0.000327033383193953
binary_longitudinal,3,pmmr,2.28402541668774,2.2248901755155,1.93563735016384e-05
binary_longitudinal,3,pmmr,2.16183424272828,2.20920762377442,5.34225290292901e-05
binary_longitudinal,3,pmmr,2.49182469764127,2.20852017192895,0.000112793766333419
binary_longitudinal,3,pmmr,2.349858807576,2.27745901735201,7.7105577024548e-05
binary_longitudinal,3,pmmr,2.49182469764127,2.26713301921106,1.18214823518603e-05
binary_longitudinal,3,pmmr,2.349858807576,2.29351608809046,1.02171033989081e-05
binary_longitudinal,3,pmmr,2.28402541668774,2.21509058242666,0.00069074886867041
binary_longitudinal,3,pmmr,2.16183424272828,2.24493979647625,0.000824452263201824
binary_longitudinal,3,pmmr,2.28402541668774,2.24906033523907,0.000100064477447639
binary_longitudinal,3,pmmr,2.16183424272828,2.24432591361816,0.000150824344820521
binary_longitudinal,3,pmmr,2.49182469764127,2.23051969033982,0.000125625646953538
binary_longitudinal,3,pmmr,2.349858807576,2.28604919026112,0.000147215520629698
binary_longitudinal,3,pmmr,2.49182469764127,2.30648202312205,0.000435774717608172
binary_longitudinal,3,pmmr,2.349858807576,2.31358046133213,0.000637502885183462
binary_longitudinal,3,pmmr,2.28402541668774,2.20361784463173,2.10209945778757e-05
binary_longitudinal,3,pmmr,2.16183424272828,2.22132878879532,4.30103708573674e-05
binary_longitudinal,3,pmmr,2.28402541668774,2.25297368667582,0.00010078824635039
binary_longitudinal,3,pmmr,2.16183424272828,2.23176263459736,0.00025713765480427
binary_longitudinal,3,pmmr,2.49182469764127,2.24257206955096,1.25046357579688e-05
binary_longitudinal,3,pmmr,2.349858807576,2.30988549917797,7.93768704039999e-06
binary_longitudinal,3,pmmr,2.49182469764127,2.30697701656747,4.7964290026477e-05
binary_longitudinal,3,pmmr,2.349858807576,2.32764542974875,3.84942713848094e-05
binary_longitudinal,3,pmmr,2.28402541668774,2.23469651204344,7.65783720477939e-05
binary_longitudinal,3,pmmr,2.16183424272828,2.26342918752904,8.48738093609244e-05
binary_longitudinal,3,pmmr,2.28402541668774,2.2730687966799,0.000405999981625921
binary_longitudinal,3,pmmr,2.16183424272828,2.26388233248094,0.000568250416412313
binary_longitudinal,3,pmmr,3.33964685192599,2.49447397299725,0.000145869335475403
binary_longitudinal,3,pmmr,3.11700001661268,2.53038397880403,0.000237454143139697
binary_longitudinal,3,pmmr,3.33964685192599,2.58186228137504,1.86627626583844e-05
binary_longitudinal,3,pmmr,3.11700001661268,2.56154101143598,3.7925954246108e-05
binary_longitudinal,3,pmmr,3.01375270747048,2.46330868935288,2.4400600579441e-05
binary_longitudinal,3,pmmr,2.82211880039051,2.45957414248388,6.92403232783208e-05
binary_longitudinal,3,pmmr,3.01375270747048,2.51566953776445,4.31504524916592e-06
binary_longitudinal,3,pmmr,2.82211880039051,2.46770694016354,1.52679169168351e-05
binary_longitudinal,3,pmmr,3.33964685192599,2.49909812310635,1.8633590714669e-05
binary_longitudinal,3,pmmr,3.11700001661268,2.54749324244385,1.63566004119122e-05
binary_longitudinal,3,pmmr,3.33964685192599,2.56999988153568,2.63615981963957e-06
binary_longitudinal,3,pmmr,3.11700001661268,2.56516247458757,2.92565684461606e-06
binary_longitudinal,3,pmmr,3.01375270747048,2.49487828714305,0.000114075714676479
binary_longitudinal,3,pmmr,2.82211880039051,2.50249913102476,0.000174555088762244
binary_longitudinal,3,pmmr,3.01375270747048,2.53138610343762,2.2307006422673e-05
binary_longitudinal,3,pmmr,2.82211880039051,2.49665640529253,4.31049148664089e-05
binary_longitudinal,3,pmmr,3.33964685192599,2.54081366208313,2.07534242777046e-05
binary_longitudinal,3,pmmr,3.11700001661268,2.56910009124131,3.12291994728862e-05
binary_longitudinal,3,pmmr,3.33964685192599,2.64171743287081,9.71766286816531e-05
binary_longitudinal,3,pmmr,3.11700001661268,2.60778862754432,0.000182548282686344
binary_longitudinal,3,pmmr,3.01375270747048,2.4899570211621,3.47157279359331e-06
binary_longitudinal,3,pmmr,2.82211880039051,2.48069895184203,9.10626295517483e-06
binary_longitudinal,3,pmmr,3.01375270747048,2.5525895354189,2.24683535657752e-05
binary_longitudinal,3,pmmr,2.82211880039051,2.49442233420968,7.34887775078738e-05
binary_longitudinal,3,pmmr,3.33964685192599,2.53929414509085,2.0657725362343e-06
binary_longitudinal,3,pmmr,3.11700001661268,2.58161527898483,1.68384156016759e-06
binary_longitudinal,3,pmmr,3.33964685192599,2.62213890404625,1.06959119323509e-05
binary_longitudinal,3,pmmr,3.11700001661268,2.60602837386307,1.10227942459221e-05
binary_longitudinal,3,pmmr,3.01375270747048,2.51496455979182,1.26467561748286e-05
binary_longitudinal,3,pmmr,2.82211880039051,2.51828804101453,1.79696945327679e-05
binary_longitudinal,3,pmmr,3.01375270747048,2.56118706545892,9.05080846744403e-05
binary_longitudinal,3,pmmr,2.82211880039051,2.51801920331416,0.000162403396158639
binary_longitudinal,3,pmmr,1.77880078307141,2.02046059305256,0.000955884325267599
binary_longitudinal,3,pmmr,1.70468808971871,2.06820883249497,0.000970351563627095
binary_longitudinal,3,pmmr,1.77880078307141,2.08975870021908,0.000139844897630605
binary_longitudinal,3,pmmr,1.70468808971871,2.10217168585919,0.000176779079384732
binary_longitudinal,3,pmmr,1.67032004603564,2.02316526449432,6.2589294446911e-05
binary_longitudinal,3,pmmr,1.60653065971263,2.03383698833197,0.000111229908396983
binary_longitudinal,3,pmmr,1.67032004603564,2.07081646506267,1.26565182893121e-05
binary_longitudinal,3,pmmr,1.60653065971263,2.05294781401981,2.79761065503157e-05
binary_longitudinal,3,pmmr,1.77880078307141,2.03897461229106,0.000122106248236165
binary_longitudinal,3,pmmr,1.70468808971871,2.09519846703751,6.6840917473422e-05
binary_longitudinal,3,pmmr,1.77880078307141,2.09994226843764,1.9753425945745e-05
binary_longitudinal,3,pmmr,1.70468808971871,2.12191874476557,1.36369653412199e-05
binary_longitudinal,3,pmmr,1.67032004603564,2.05895848402853,0.000292612408120141
binary_longitudinal,3,pmmr,1.60653065971263,2.07739007227578,0.000280410974616735
binary_longitudinal,3,pmmr,1.67032004603564,2.09806044877588,6.54289859006547e-05
binary_longitudinal,3,pmmr,1.60653065971263,2.08861237974111,7.89831185035628e-05
binary_longitudinal,3,pmmr,1.77880078307141,2.04878589986051,0.000135997554921548
binary_longitudinal,3,pmmr,1.70468808971871,2.09535294950391,0.000127617493376436
binary_longitudinal,3,pmmr,1.77880078307141,2.1230027526514,0.000728169560896594
binary_longitudinal,3,pmmr,1.70468808971871,2.13054344794755,0.000850887419922132
binary_longitudinal,3,pmmr,1.67032004603564,2.04081643160312,8.90483375868919e-06
binary_longitudinal,3,pmmr,1.60653065971263,2.05103903335206,1.46285971293273e-05
binary_longitudinal,3,pmmr,1.67032004603564,2.09173095976877,6.5902235414781e-05
binary_longitudinal,3,pmmr,1.60653065971263,2.07031339195421,0.00013465686779745
binary_longitudinal,3,pmmr,1.77880078307141,2.06506679093675,1.35370438243179e-05
binary_longitudinal,3,pmmr,1.70468808971871,2.12086634435387,6.8809845522369e-06
binary_longitudinal,3,pmmr,1.77880078307141,2.13033444779258,8.01472288227161e-05
binary_longitudinal,3,pmmr,1.70468808971871,2.14849984455936,5.13790478783116e-05
binary_longitudinal,3,pmmr,1.67032004603564,2.07362095009576,3.24398386608389e-05
binary_longitudinal,3,pmmr,1.60653065971263,2.09227771205967,2.88671020319653e-05
binary_longitudinal,3,pmmr,1.67032004603564,2.1158288868385,0.000265470502130676
binary_longitudinal,3,pmmr,1.60653065971263,2.10371658446065,0.000297579213969747
binary_longitudinal,3,pmmr,2.22140275816017,2.27886747003871,0.000132056579730201
binary_longitudinal,3,pmmr,2.10517091807565,2.30677396676667,0.000172859738935083
binary_longitudinal,3,pmmr,2.22140275816017,2.36281218821669,2.60789243617065e-05
binary_longitudinal,3,pmmr,2.10517091807565,2.34572990295195,4.2509300165877e-05
binary_longitudinal,3,pmmr,2.05127109637602,2.27047319387348,8.70500243869682e-06
binary_longitudinal,3,pmmr,1.95122942450071,2.25899313655838,1.99752704930459e-05
binary_longitudinal,3,pmmr,2.05127109637602,2.3241089984567,2.37613678042614e-06
binary_longitudinal,3,pmmr,1.95122942450071,2.27722014715421,6.7818270053608e-06
binary_longitudinal,3,pmmr,2.22140275816017,2.29060950186347,1.68691263989926e-05
binary_longitudinal,3,pmmr,2.10517091807565,2.32786060261892,1.19071313714885e-05
binary_longitudinal,3,pmmr,2.22140275816017,2.3615054184649,3.68371038094215e-06
binary_longitudinal,3,pmmr,2.10517091807565,2.35612812358985,3.2792220383723e-06
binary_longitudinal,3,pmmr,2.05127109637602,2.30543003858034,4.06969234721017e-05
binary_longitudinal,3,pmmr,1.95122942450071,2.30205523189066,5.03577243559056e-05
binary_longitudinal,3,pmmr,2.05127109637602,2.34618232032528,1.22836483423577e-05
binary_longitudinal,3,pmmr,1.95122942450071,2.30904434524389,1.91466902326703e-05
binary_longitudinal,3,pmmr,2.22140275816017,2.31353284999765,1.87882272780048e-05
binary_longitudinal,3,pmmr,2.10517091807565,2.33668406453195,2.27339527399143e-05
binary_longitudinal,3,pmmr,2.22140275816017,2.4076911892869,0.000135792433065955
binary_longitudinal,3,pmmr,2.10517091807565,2.38102176010345,0.000204609215449747
binary_longitudinal,3,pmmr,2.05127109637602,2.2898015437654,1.23849614012393e-06
binary_longitudinal,3,pmmr,1.95122942450071,2.2754231144007,2.62708284851948e-06
binary_longitudinal,3,pmmr,2.05127109637602,2.35112157662243,1.2372496282299e-05
binary_longitudinal,3,pmmr,1.95122942450071,2.29736944091532,3.26428404482803e-05
binary_longitudinal,3,pmmr,2.22140275816017,2.32072116886586,1.87015903477317e-06
binary_longitudinal,3,pmmr,2.10517091807565,2.35441577372746,1.22578788750539e-06
binary_longitudinal,3,pmmr,2.22140275816017,2.40072768256205,1.4946226524396e-05
binary_longitudinal,3,pmmr,2.10517091807565,2.38751979791345,1.23548972881728e-05
binary_longitudinal,3,pmmr,2.05127109637602,2.31949894509671,4.51177596981956e-06
binary_longitudinal,3,pmmr,1.95122942450071,2.31428656532018,5.18411081829589e-06
binary_longitudinal,3,pmmr,2.05127109637602,2.36761545876331,4.98394747917028e-05
binary_longitudinal,3,pmmr,1.95122942450071,2.32504586281376,7.2137655963828e-05
binary_longitudinal,3,pmmr,2.49182469764127,2.19330830618319,0.00412805270405592
binary_longitudinal,3,pmmr,2.349858807576,2.25142859377735,0.00520141172609965
binary_longitudinal,3,pmmr,2.49182469764127,2.26260484273107,0.000603929882050146
binary_longitudinal,3,pmmr,2.349858807576,2.27680824635536,0.00094759550137048
binary_longitudinal,3,pmmr,2.28402541668774,2.18021542552593,0.000373781006118126
binary_longitudinal,3,pmmr,2.16183424272828,2.19981377473888,0.000824452263201824
binary_longitudinal,3,pmmr,2.28402541668774,2.2248901755155,7.55842701525296e-05
binary_longitudinal,3,pmmr,2.16183424272828,2.20920762377442,0.00020736297182466
binary_longitudinal,3,pmmr,2.49182469764127,2.20852017192895,0.000527324295303528
binary_longitudinal,3,pmmr,2.349858807576,2.27745901735201,0.000358289866231539
binary_longitudinal,3,pmmr,2.49182469764127,2.26713301921106,8.53065389129307e-05
binary_longitudinal,3,pmmr,2.349858807576,2.29351608809046,7.30987346164517e-05
binary_longitudinal,3,pmmr,2.28402541668774,2.21509058242666,0.00174747073403369
binary_longitudinal,3,pmmr,2.16183424272828,2.24493979647625,0.00207844693914776
binary_longitudinal,3,pmmr,2.28402541668774,2.24906033523907,0.00039073954092867
binary_longitudinal,3,pmmr,2.16183424272828,2.24432591361816,0.000585434365122306
binary_longitudinal,3,pmmr,2.49182469764127,2.23051969033982,0.000587314865929753
binary_longitudinal,3,pmmr,2.349858807576,2.28604919026112,0.00068407281585907
binary_longitudinal,3,pmmr,2.49182469764127,2.30648202312205,0.00314465071286622
binary_longitudinal,3,pmmr,2.349858807576,2.31358046133213,0.00456104361498663
binary_longitudinal,3,pmmr,2.28402541668774,2.20361784463173,5.31793456221294e-05
binary_longitudinal,3,pmmr,2.16183424272828,2.22132878879532,0.000108429290148266
binary_longitudinal,3,pmmr,2.28402541668774,2.25297368667582,0.000393565769936334
binary_longitudinal,3,pmmr,2.16183424272828,2.23176263459736,0.000998096294524031
binary_longitudinal,3,pmmr,2.49182469764127,2.24257206955096,5.84606619093318e-05
binary_longitudinal,3,pmmr,2.349858807576,2.30988549917797,3.68843984785601e-05
binary_longitudinal,3,pmmr,2.49182469764127,2.30697701656747,0.000346121362092197
binary_longitudinal,3,pmmr,2.349858807576,2.32764542974875,0.000275409029188504
binary_longitudinal,3,pmmr,2.28402541668774,2.23469651204344,0.000193729544966239
binary_longitudinal,3,pmmr,2.16183424272828,2.26342918752904,0.000213967159960164
binary_longitudinal,3,pmmr,2.28402541668774,2.2730687966799,0.00158538025165397
binary_longitudinal,3,pmmr,2.16183424272828,2.26388233248094,0.00220570042693509
binary_longitudinal,3,pmmr,3.33964685192599,2.49447397299725,0.000754084375812706
binary_longitudinal,3,pmmr,3.11700001661268,2.53038397880403,0.00122415508932939
binary_longitudinal,3,pmmr,3.33964685192599,2.58186228137504,0.0001489188152483
binary_longitudinal,3,pmmr,3.11700001661268,2.56154101143598,0.000301041621736058
binary_longitudinal,3,pmmr,3.01375270747048,2.46330868935288,6.86603202630765e-05
binary_longitudinal,3,pmmr,2.82211880039051,2.45957414248388,0.000195481692525041
binary_longitudinal,3,pmmr,3.01375270747048,2.51566953776445,1.87416733633171e-05
binary_longitudinal,3,pmmr,2.82211880039051,2.46770694016354,6.63682137311478e-05
binary_longitudinal,3,pmmr,3.33964685192599,2.49909812310635,9.63279881780911e-05
binary_longitudinal,3,pmmr,3.11700001661268,2.54749324244385,8.4323715617755e-05
binary_longitudinal,3,pmmr,3.33964685192599,2.56999988153568,2.10351384911134e-05
binary_longitudinal,3,pmmr,3.11700001661268,2.56516247458757,2.32227375330128e-05
binary_longitudinal,3,pmmr,3.01375270747048,2.49487828714305,0.000320995177082884
binary_longitudinal,3,pmmr,2.82211880039051,2.50249913102476,0.000492810006864686
binary_longitudinal,3,pmmr,3.01375270747048,2.53138610343762,9.68867309486421e-05
binary_longitudinal,3,pmmr,2.82211880039051,2.49665640529253,0.000187373052807374
binary_longitudinal,3,pmmr,3.33964685192599,2.54081366208313,0.000107286654466648
binary_longitudinal,3,pmmr,3.11700001661268,2.56910009124131,0.000160996910666349
binary_longitudinal,3,pmmr,3.33964685192599,2.64171743287081,0.00077541726688542
binary_longitudinal,3,pmmr,3.11700001661268,2.60778862754432,0.00144899797928404
binary_longitudinal,3,pmmr,3.01375270747048,2.4899570211621,9.76858332026189e-06
binary_longitudinal,3,pmmr,2.82211880039051,2.48069895184203,2.5709118773179e-05
binary_longitudinal,3,pmmr,3.01375270747048,2.5525895354189,9.7587515130386e-05
binary_longitudinal,3,pmmr,2.82211880039051,2.49442233420968,0.00031944887564232
binary_longitudinal,3,pmmr,3.33964685192599,2.53929414509085,1.06791930495902e-05
binary_longitudinal,3,pmmr,3.11700001661268,2.58161527898483,8.68076331812331e-06
binary_longitudinal,3,pmmr,3.33964685192599,2.62213890404625,8.53476284364712e-05
binary_longitudinal,3,pmmr,3.11700001661268,2.60602837386307,8.74946964899589e-05
binary_longitudinal,3,pmmr,3.01375270747048,2.51496455979182,3.55864326546287e-05
binary_longitudinal,3,pmmr,2.82211880039051,2.51828804101453,5.07326675426327e-05
binary_longitudinal,3,pmmr,3.01375270747048,2.56118706545892,0.000393106644718428
binary_longitudinal,3,pmmr,2.82211880039051,2.51801920331416,0.000705952446927189
binary_longitudinal,3,pmmr,1.77880078307141,2.02046059305256,0.00106462963936783
binary_longitudinal,3,pmmr,1.70468808971871,2.06820883249497,0.000744617548498822
binary_longitudinal,3,pmmr,1.77880078307141,2.08975870021908,8.14586064091042e-05
binary_longitudinal,3,pmmr,1.70468808971871,2.10217168585919,7.13780584804168e-05
binary_longitudinal,3,pmmr,1.67032004603564,2.02316526449432,0.000173893987726491
binary_longitudinal,3,pmmr,1.60653065971263,2.03383698833197,0.000212368151645404
binary_longitudinal,3,pmmr,1.67032004603564,2.07081646506267,1.83906000541097e-05
binary_longitudinal,3,pmmr,1.60653065971263,2.05294781401981,2.81050774725219e-05
binary_longitudinal,3,pmmr,1.77880078307141,2.03897461229106,0.000135997554921548
binary_longitudinal,3,pmmr,1.70468808971871,2.09519846703751,5.12916369428333e-05
binary_longitudinal,3,pmmr,1.77880078307141,2.09994226843764,1.15062227983188e-05
binary_longitudinal,3,pmmr,1.70468808971871,2.12191874476557,5.50619515051667e-06
binary_longitudinal,3,pmmr,1.67032004603564,2.05895848402853,0.000812975109496126
binary_longitudinal,3,pmmr,1.60653065971263,2.07739007227578,0.000535380827321236
binary_longitudinal,3,pmmr,1.67032004603564,2.09806044877588,9.50718265592076e-05
binary_longitudinal,3,pmmr,1.60653065971263,2.08861237974111,7.93472337035748e-05
binary_longitudinal,3,pmmr,1.77880078307141,2.04878589986051,0.000151469193524543
binary_longitudinal,3,pmmr,1.70468808971871,2.09535294950391,9.79296871623786e-05
binary_longitudinal,3,pmmr,1.77880078307141,2.1230027526514,0.000424153320322389
binary_longitudinal,3,pmmr,1.70468808971871,2.13054344794755,0.000343562667204943
binary_longitudinal,3,pmmr,1.67032004603564,2.04081643160312,2.4740605658263e-05
binary_longitudinal,3,pmmr,1.60653065971263,2.05103903335206,2.79299711587711e-05
binary_longitudinal,3,pmmr,1.67032004603564,2.09173095976877,9.57594834914816e-05
binary_longitudinal,3,pmmr,1.60653065971263,2.07031339195421,0.000135277641113065
binary_longitudinal,3,pmmr,1.77880078307141,2.06506679093675,1.50770733485513e-05
binary_longitudinal,3,pmmr,1.70468808971871,2.12086634435387,5.2802530965096e-06
binary_longitudinal,3,pmmr,1.77880078307141,2.13033444779258,4.66851610467426e-05
binary_longitudinal,3,pmmr,1.70468808971871,2.14849984455936,2.07453093255728e-05
binary_longitudinal,3,pmmr,1.67032004603564,2.07362095009576,9.01287185897598e-05
binary_longitudinal,3,pmmr,1.60653065971263,2.09227771205967,5.5115150144761e-05
binary_longitudinal,3,pmmr,1.67032004603564,2.1158288868385,0.000385742881197564
binary_longitudinal,3,pmmr,1.60653065971263,2.10371658446065,0.000298951065538372
binary_longitudinal,3,pmmr,2.22140275816017,2.27886747003871,0.00486799514877874
binary_longitudinal,3,pmmr,2.10517091807565,2.30677396676667,0.00437572668196998
binary_longitudinal,3,pmmr,2.22140275816017,2.36281218821669,0.000502778739068938
binary_longitudinal,3,pmmr,2.10517091807565,2.34572990295195,0.000566200169935022
binary_longitudinal,3,pmmr,2.05127109637602,2.27047319387348,0.000795789056860014
binary_longitudinal,3,pmmr,1.95122942450071,2.25899313655838,0.00124637013784139
binary_longitudinal,3,pmmr,2.05127109637602,2.3241089984567,0.000113605050807996
binary_longitudinal,3,pmmr,1.95122942450071,2.27722014715421,0.000222654142301546
binary_longitudinal,3,pmmr,2.22140275816017,2.29060950186347,0.000621845769761753
binary_longitudinal,3,pmmr,2.10517091807565,2.32786060261892,0.000301414041053892
binary_longitudinal,3,pmmr,2.22140275816017,2.3615054184649,7.10186982690438e-05
binary_longitudinal,3,pmmr,2.10517091807565,2.35612812358985,4.36774086643626e-05
binary_longitudinal,3,pmmr,2.05127109637602,2.30543003858034,0.00372040864721646
binary_longitudinal,3,pmmr,1.95122942450071,2.30205523189066,0.00314210332564453
binary_longitudinal,3,pmmr,2.05127109637602,2.34618232032528,0.000587291314850503
binary_longitudinal,3,pmmr,1.95122942450071,2.30904434524389,0.000628604930249441
binary_longitudinal,3,pmmr,2.22140275816017,2.31353284999765,0.000692589490280147
binary_longitudinal,3,pmmr,2.10517091807565,2.33668406453195,0.000575481394357805
binary_longitudinal,3,pmmr,2.22140275816017,2.4076911892869,0.00261795875186688
binary_longitudinal,3,pmmr,2.10517091807565,2.38102176010345,0.00272528063519881
binary_longitudinal,3,pmmr,2.05127109637602,2.2898015437654,0.000113220149243466
binary_longitudinal,3,pmmr,1.95122942450071,2.2754231144007,0.000163918561862273
binary_longitudinal,3,pmmr,2.05127109637602,2.35112157662243,0.000591539207822979
binary_longitudinal,3,pmmr,1.95122942450071,2.29736944091532,0.0010716969979554
binary_longitudinal,3,pmmr,2.22140275816017,2.32072116886586,6.89395797416559e-05
binary_longitudinal,3,pmmr,2.10517091807565,2.35441577372746,3.10292772558639e-05
binary_longitudinal,3,pmmr,2.22140275816017,2.40072768256205,0.000288150110086933
binary_longitudinal,3,pmmr,2.10517091807565,2.38751979791345,0.000164560341308759
binary_longitudinal,3,pmmr,2.05127109637602,2.31949894509671,0.000412455018717247
binary_longitudinal,3,pmmr,1.95122942450071,2.31428656532018,0.000323466003498371
binary_longitudinal,3,pmmr,2.05127109637602,2.36761545876331,0.00238286621906497
binary_longitudinal,3,pmmr,1.95122942450071,2.32504586281376,0.00236835116902479
binary_longitudinal,3,pmmr,2.49182469764127,2.19330830618319,0.000125625646953538
binary_longitudinal,3,pmmr,2.349858807576,2.25142859377735,0.000109059940049626
binary_longitudinal,3,pmmr,2.49182469764127,2.26260484273107,9.61206578482424e-06
binary_longitudinal,3,pmmr,2.349858807576,2.27680824635536,1.0454342359278e-05
binary_longitudinal,3,pmmr,2.28402541668774,2.18021542552593,2.83753746749529e-05
binary_longitudinal,3,pmmr,2.16183424272828,2.19981377473888,4.30103708573674e-05
binary_longitudinal,3,pmmr,2.28402541668774,2.2248901755155,3.00090977183953e-06
binary_longitudinal,3,pmmr,2.16183424272828,2.20920762377442,5.69204843429907e-06
binary_longitudinal,3,pmmr,2.49182469764127,2.20852017192895,1.60476283858334e-05
binary_longitudinal,3,pmmr,2.349858807576,2.27745901735201,7.51239728543871e-06
binary_longitudinal,3,pmmr,2.49182469764127,2.26713301921106,1.35772725986537e-06
binary_longitudinal,3,pmmr,2.349858807576,2.29351608809046,8.06461403209649e-07
binary_longitudinal,3,pmmr,2.28402541668774,2.21509058242666,0.000132658257108041
binary_longitudinal,3,pmmr,2.16183424272828,2.24493979647625,0.000108429290148266
binary_longitudinal,3,pmmr,2.28402541668774,2.24906033523907,1.55134673424864e-05
binary_longitudinal,3,pmmr,2.16183424272828,2.24432591361816,1.60699894106312e-05
binary_longitudinal,3,pmmr,2.49182469764127,2.23051969033982,1.78732722877697e-05
binary_longitudinal,3,pmmr,2.349858807576,2.28604919026112,1.43432099237244e-05
binary_longitudinal,3,pmmr,2.49182469764127,2.30648202312205,5.00498326391054e-05
binary_longitudinal,3,pmmr,2.349858807576,2.31358046133213,5.03196895697656e-05
binary_longitudinal,3,pmmr,2.28402541668774,2.20361784463173,4.03708008779839e-06
binary_longitudinal,3,pmmr,2.16183424272828,2.22132878879532,5.65658460681113e-06
binary_longitudinal,3,pmmr,2.28402541668774,2.25297368667582,1.56256766451553e-05
binary_longitudinal,3,pmmr,2.16183424272828,2.23176263459736,2.73974297365351e-05
binary_longitudinal,3,pmmr,2.49182469764127,2.24257206955096,1.77908544299253e-06
binary_longitudinal,3,pmmr,2.349858807576,2.30988549917797,7.7336894263794e-07
binary_longitudinal,3,pmmr,2.49182469764127,2.30697701656747,5.50882047874379e-06
binary_longitudinal,3,pmmr,2.349858807576,2.32764542974875,3.03844865853506e-06
binary_longitudinal,3,pmmr,2.28402541668774,2.23469651204344,1.47068693541049e-05
binary_longitudinal,3,pmmr,2.16183424272828,2.26342918752904,1.11623283869032e-05
binary_longitudinal,3,pmmr,2.28402541668774,2.2730687966799,6.29440898174842e-05
binary_longitudinal,3,pmmr,2.16183424272828,2.26388233248094,6.05457838069798e-05
binary_longitudinal,3,pmmr,3.33964685192599,2.49447397299725,0.000759538687224554
binary_longitudinal,3,pmmr,3.11700001661268,2.53038397880403,0.000846706009089562
binary_longitudinal,3,pmmr,3.33964685192599,2.58186228137504,7.84470591620539e-05
binary_longitudinal,3,pmmr,3.11700001661268,2.56154101143598,0.000109560107628954
binary_longitudinal,3,pmmr,3.01375270747048,2.46330868935288,0.000171504198251637
binary_longitudinal,3,pmmr,2.82211880039051,2.45957414248388,0.000333273146539268
binary_longitudinal,3,pmmr,3.01375270747048,2.51566953776445,2.44835525045291e-05
binary_longitudinal,3,pmmr,2.82211880039051,2.46770694016354,5.95366050115374e-05
binary_longitudinal,3,pmmr,3.33964685192599,2.49909812310635,9.70247309592075e-05
binary_longitudinal,3,pmmr,3.11700001661268,2.54749324244385,5.83238164385081e-05
binary_longitudinal,3,pmmr,3.33964685192599,2.56999988153568,1.10808345536661e-05
binary_longitudinal,3,pmmr,3.11700001661268,2.56516247458757,8.45160748498278e-06
binary_longitudinal,3,pmmr,3.01375270747048,2.49487828714305,0.000801802558993415
binary_longitudinal,3,pmmr,2.82211880039051,2.50249913102476,0.000840182727662812
binary_longitudinal,3,pmmr,3.01375270747048,2.53138610343762,0.000126569880831251
binary_longitudinal,3,pmmr,2.82211880039051,2.49665640529253,0.00016808581710499
binary_longitudinal,3,pmmr,3.33964685192599,2.54081366208313,0.000108062661558913
binary_longitudinal,3,pmmr,3.11700001661268,2.56910009124131,0.000111356030697654
binary_longitudinal,3,pmmr,3.33964685192599,2.64171743287081,0.000408472254558399
binary_longitudinal,3,pmmr,3.11700001661268,2.60778862754432,0.000527343606671384
binary_longitudinal,3,pmmr,3.01375270747048,2.4899570211621,2.4400600579441e-05
binary_longitudinal,3,pmmr,2.82211880039051,2.48069895184203,4.38310043135704e-05
binary_longitudinal,3,pmmr,3.01375270747048,2.5525895354189,0.000127485363988782
binary_longitudinal,3,pmmr,2.82211880039051,2.49442233420968,0.000286566421804578
binary_longitudinal,3,pmmr,3.33964685192599,2.53929414509085,1.07564359237141e-05
binary_longitudinal,3,pmmr,3.11700001661268,2.58161527898483,6.00418568611739e-06
binary_longitudinal,3,pmmr,3.33964685192599,2.62213890404625,4.49591977087213e-05
binary_longitudinal,3,pmmr,3.11700001661268,2.60602837386307,3.1842534959525e-05
binary_longitudinal,3,pmmr,3.01375270747048,2.51496455979182,8.88900980607588e-05
binary_longitudinal,3,pmmr,2.82211880039051,2.51828804101453,8.64931929218788e-05
binary_longitudinal,3,pmmr,3.01375270747048,2.56118706545892,0.000513542573774717
binary_longitudinal,3,pmmr,2.82211880039051,2.51801920331416,0.000633285267551308
binary_longitudinal,3,pmmr,1.77880078307141,2.02046059305256,0.000105972038196597
binary_longitudinal,3,pmmr,1.70468808971871,2.06820883249497,7.40029352343184e-05
binary_longitudinal,3,pmmr,1.77880078307141,2.08975870021908,1.25892464741956e-05
binary_longitudinal,3,pmmr,1.70468808971871,2.10217168585919,1.10343278474698e-05
binary_longitudinal,3,pmmr,1.67032004603564,2.02316526449432,9.36643552119747e-06
binary_longitudinal,3,pmmr,1.60653065971263,2.03383698833197,1.14506399725992e-05
binary_longitudinal,3,pmmr,1.67032004603564,2.07081646506267,1.53799777282289e-06
binary_longitudinal,3,pmmr,1.60653065971263,2.05294781401981,2.35716852536868e-06
binary_longitudinal,3,pmmr,1.77880078307141,2.03897461229106,1.35370438243179e-05
binary_longitudinal,3,pmmr,1.70468808971871,2.09519846703751,5.09755873252653e-06
binary_longitudinal,3,pmmr,1.77880078307141,2.09994226843764,1.778261146128e-06
binary_longitudinal,3,pmmr,1.70468808971871,2.12191874476557,8.51202229038192e-07
binary_longitudinal,3,pmmr,1.67032004603564,2.05895848402853,4.37892019326779e-05
binary_longitudinal,3,pmmr,1.60653065971263,2.07739007227578,2.88671020319653e-05
binary_longitudinal,3,pmmr,1.67032004603564,2.09806044877588,7.95081493132629e-06
binary_longitudinal,3,pmmr,1.60653065971263,2.08861237974111,6.65484028798717e-06
binary_longitudinal,3,pmmr,1.77880078307141,2.04878589986051,1.50770733485513e-05
binary_longitudinal,3,pmmr,1.70468808971871,2.09535294950391,9.73262624713179e-06
binary_longitudinal,3,pmmr,1.77880078307141,2.1230027526514,6.55519524305315e-05
binary_longitudinal,3,pmmr,1.70468808971871,2.13054344794755,5.31113228182101e-05
binary_longitudinal,3,pmmr,1.67032004603564,2.04081643160312,1.33260091785331e-06
binary_longitudinal,3,pmmr,1.60653065971263,2.05103903335206,1.50595106519631e-06
binary_longitudinal,3,pmmr,1.67032004603564,2.09173095976877,8.00832337733632e-06
binary_longitudinal,3,pmmr,1.60653065971263,2.07031339195421,1.13457149559397e-05
binary_longitudinal,3,pmmr,1.77880078307141,2.06506679093675,1.50075494209827e-06
binary_longitudinal,3,pmmr,1.70468808971871,2.12086634435387,5.24771714969094e-07
binary_longitudinal,3,pmmr,1.77880078307141,2.13033444779258,7.21508782206799e-06
binary_longitudinal,3,pmmr,1.70468808971871,2.14849984455936,3.20701556288963e-06
binary_longitudinal,3,pmmr,1.67032004603564,2.07362095009576,4.8545947005765e-06
binary_longitudinal,3,pmmr,1.60653065971263,2.09227771205967,2.97174381588617e-06
binary_longitudinal,3,pmmr,1.67032004603564,2.1158288868385,3.22595070535267e-05
binary_longitudinal,3,pmmr,1.60653065971263,2.10371658446065,2.50729798913181e-05
binary_longitudinal,3,pmmr,2.22140275816017,2.27886747003871,0.000535804216557258
binary_longitudinal,3,pmmr,2.10517091807565,2.30677396676667,0.000482473898643181
binary_longitudinal,3,pmmr,2.22140275816017,2.36281218821669,8.59217117479918e-05
binary_longitudinal,3,pmmr,2.10517091807565,2.34572990295195,9.71089158479462e-05
binary_longitudinal,3,pmmr,2.05127109637602,2.27047319387348,4.76763856244649e-05
binary_longitudinal,3,pmmr,1.95122942450071,2.25899313655838,7.52594403054059e-05
binary_longitudinal,3,pmmr,2.05127109637602,2.3241089984567,1.05675187534922e-05
binary_longitudinal,3,pmmr,1.95122942450071,2.27722014715421,2.09127045694097e-05
binary_longitudinal,3,pmmr,2.22140275816017,2.29060950186347,6.84445188015912e-05
binary_longitudinal,3,pmmr,2.10517091807565,2.32786060261892,3.32343443872496e-05
binary_longitudinal,3,pmmr,2.22140275816017,2.3615054184649,1.21366470919004e-05
binary_longitudinal,3,pmmr,2.10517091807565,2.35612812358985,7.49110655147047e-06
binary_longitudinal,3,pmmr,2.05127109637602,2.30543003858034,0.000222892782724565
binary_longitudinal,3,pmmr,1.95122942450071,2.30205523189066,0.000189729303110001
binary_longitudinal,3,pmmr,2.05127109637602,2.34618232032528,5.46297188312067e-05
binary_longitudinal,3,pmmr,1.95122942450071,2.30904434524389,5.90414759918424e-05
binary_longitudinal,3,pmmr,2.22140275816017,2.31353284999765,7.6231047462823e-05
binary_longitudinal,3,pmmr,2.10517091807565,2.33668406453195,6.34534037686793e-05
binary_longitudinal,3,pmmr,2.22140275816017,2.4076911892869,0.000447392619788555
binary_longitudinal,3,pmmr,2.10517091807565,2.38102176010345,0.00046741251931438
binary_longitudinal,3,pmmr,2.05127109637602,2.2898015437654,6.78311350132134e-06
binary_longitudinal,3,pmmr,1.95122942450071,2.2754231144007,9.89787772257393e-06
binary_longitudinal,3,pmmr,2.05127109637602,2.35112157662243,5.50248569727787e-05
binary_longitudinal,3,pmmr,1.95122942450071,2.29736944091532,0.000100658727812086
binary_longitudinal,3,pmmr,2.22140275816017,2.32072116886586,7.58795281924868e-06
binary_longitudinal,3,pmmr,2.10517091807565,2.35441577372746,3.42133260548552e-06
binary_longitudinal,3,pmmr,2.22140275816017,2.40072768256205,4.92430343114546e-05
binary_longitudinal,3,pmmr,2.10517091807565,2.38751979791345,2.82237222533781e-05
binary_longitudinal,3,pmmr,2.05127109637602,2.31949894509671,2.47105239203716e-05
binary_longitudinal,3,pmmr,1.95122942450071,2.31428656532018,1.95318145404827e-05
binary_longitudinal,3,pmmr,2.05127109637602,2.36761545876331,0.000221653731748163
binary_longitudinal,3,pmmr,1.95122942450071,2.32504586281376,0.000222446471475719
binary_longitudinal,3,pmmr,2.49182469764127,2.19330830618319,0.000457647591102943
binary_longitudinal,3,pmmr,2.349858807576,2.25142859377735,0.000396680697514186
binary_longitudinal,3,pmmr,2.49182469764127,2.26260484273107,5.43675333678904e-05
binary_longitudinal,3,pmmr,2.349858807576,2.27680824635536,5.91477196583503e-05
binary_longitudinal,3,pmmr,2.28402541668774,2.18021542552593,5.59360146777711e-05
binary_longitudinal,3,pmmr,2.16183424272828,2.19981377473888,8.48738093609244e-05
binary_longitudinal,3,pmmr,2.28402541668774,2.2248901755155,9.18486715680733e-06
binary_longitudinal,3,pmmr,2.16183424272828,2.20920762377442,1.74716760401559e-05
binary_longitudinal,3,pmmr,2.49182469764127,2.20852017192895,5.84606619093318e-05
binary_longitudinal,3,pmmr,2.349858807576,2.27745901735201,2.73246344518023e-05
binary_longitudinal,3,pmmr,2.49182469764127,2.26713301921106,7.67954399789561e-06
binary_longitudinal,3,pmmr,2.349858807576,2.29351608809046,4.56273109804858e-06
binary_longitudinal,3,pmmr,2.28402541668774,2.21509058242666,0.00026150753256037
binary_longitudinal,3,pmmr,2.16183424272828,2.24493979647625,0.000213967159960164
binary_longitudinal,3,pmmr,2.28402541668774,2.24906033523907,4.74819796380822e-05
binary_longitudinal,3,pmmr,2.16183424272828,2.24432591361816,4.93266443868302e-05
binary_longitudinal,3,pmmr,2.49182469764127,2.23051969033982,6.51113861379755e-05
binary_longitudinal,3,pmmr,2.349858807576,2.28604919026112,5.2170159955584e-05
binary_longitudinal,3,pmmr,2.49182469764127,2.30648202312205,0.000283090649500133
binary_longitudinal,3,pmmr,2.349858807576,2.31358046133213,0.000284694607243882
binary_longitudinal,3,pmmr,2.28402541668774,2.20361784463173,7.95824455652947e-06
binary_longitudinal,3,pmmr,2.16183424272828,2.22132878879532,1.11623283869032e-05
binary_longitudinal,3,pmmr,2.28402541668774,2.25297368667582,4.78254180008225e-05
binary_longitudinal,3,pmmr,2.16183424272828,2.23176263459736,8.40960898725417e-05
binary_longitudinal,3,pmmr,2.49182469764127,2.24257206955096,6.48111422385726e-06
binary_longitudinal,3,pmmr,2.349858807576,2.30988549917797,2.81295342232749e-06
binary_longitudinal,3,pmmr,2.49182469764127,2.30697701656747,3.11588567848423e-05
binary_longitudinal,3,pmmr,2.349858807576,2.32764542974875,1.71906852937362e-05
binary_longitudinal,3,pmmr,2.28402541668774,2.23469651204344,2.89914642354107e-05
binary_longitudinal,3,pmmr,2.16183424272828,2.26342918752904,2.20269975042956e-05
binary_longitudinal,3,pmmr,2.28402541668774,2.2730687966799,0.000192652611119777
binary_longitudinal,3,pmmr,2.16183424272828,2.26388233248094,0.000185844574669916
binary_longitudinal,3,pmmr,3.33964685192599,2.49447397299725,0.00305960966902122
binary_longitudinal,3,pmmr,3.11700001661268,2.53038397880403,0.00341677525449953
binary_longitudinal,3,pmmr,3.33964685192599,2.58186228137504,0.000490639849257172
binary_longitudinal,3,pmmr,3.11700001661268,2.56154101143598,0.000687704229376201
binary_longitudinal,3,pmmr,3.01375270747048,2.46330868935288,0.000376045374945552
binary_longitudinal,3,pmmr,2.82211880039051,2.45957414248388,0.000736502806032577
binary_longitudinal,3,pmmr,3.01375270747048,2.51566953776445,8.33508350067117e-05
binary_longitudinal,3,pmmr,2.82211880039051,2.46770694016354,0.000204655595824225
binary_longitudinal,3,pmmr,3.33964685192599,2.49909812310635,0.000390839610898199
binary_longitudinal,3,pmmr,3.11700001661268,2.54749324244385,0.00023535840139997
binary_longitudinal,3,pmmr,3.33964685192599,2.56999988153568,6.93040510775986e-05
binary_longitudinal,3,pmmr,3.11700001661268,2.56516247458757,5.30503879398729e-05
binary_longitudinal,3,pmmr,3.01375270747048,2.49487828714305,0.00175805692806767
binary_longitudinal,3,pmmr,2.82211880039051,2.50249913102476,0.00185672606067844
binary_longitudinal,3,pmmr,3.01375270747048,2.53138610343762,0.000430889481909668
binary_longitudinal,3,pmmr,2.82211880039051,2.49665640529253,0.000577790806891949
binary_longitudinal,3,pmmr,3.33964685192599,2.54081366208313,0.000435303125077114
binary_longitudinal,3,pmmr,3.11700001661268,2.56910009124131,0.000449363209948342
binary_longitudinal,3,pmmr,3.33964685192599,2.64171743287081,0.00255475179749266
binary_longitudinal,3,pmmr,3.11700001661268,2.60778862754432,0.00331011384061995
binary_longitudinal,3,pmmr,3.01375270747048,2.4899570211621,5.35015065947808e-05
binary_longitudinal,3,pmmr,2.82211880039051,2.48069895184203,9.68624625277663e-05
binary_longitudinal,3,pmmr,3.01375270747048,2.5525895354189,0.000434006116458544
binary_longitudinal,3,pmmr,2.82211880039051,2.49442233420968,0.000985064932511136
binary_longitudinal,3,pmmr,3.33964685192599,2.53929414509085,4.33295840092911e-05
binary_longitudinal,3,pmmr,3.11700001661268,2.58161527898483,2.42291336727435e-05
binary_longitudinal,3,pmmr,3.33964685192599,2.62213890404625,0.000281193128488883
binary_longitudinal,3,pmmr,3.11700001661268,2.60602837386307,0.000199874264818062
binary_longitudinal,3,pmmr,3.01375270747048,2.51496455979182,0.000194903160359726
binary_longitudinal,3,pmmr,2.82211880039051,2.51828804101453,0.000191141950532684
binary_longitudinal,3,pmmr,3.01375270747048,2.56118706545892,0.00174828396850091
binary_longitudinal,3,pmmr,2.82211880039051,2.51801920331416,0.00217690232307168
