basis,candidate,probability,reference,fitted
polynomial,ensemble,0.00748294912415195,1.77880078307141,1.86935050840201
polynomial,ensemble,0.0076425891174435,1.70468808971871,1.97360237548834
polynomial,ensemble,0.000709245152938778,1.77880078307141,2.10393130828045
polynomial,ensemble,0.000904292506752669,1.70468808971871,2.21277159170575
polynomial,ensemble,0.000905462486159698,1.67032004603564,1.75180999044807
polynomial,ensemble,0.00161476113157825,1.60653065971263,1.84015063157563
polynomial,ensemble,0.000118622468061873,1.67032004603564,1.95122553204915
polynomial,ensemble,0.000263779258816363,1.60653065971263,2.04315477812392
polynomial,ensemble,0.000955884325267599,1.77880078307141,1.88881627377302
polynomial,ensemble,0.000526445968276534,1.70468808971871,1.99755825287046
polynomial,ensemble,0.000100182572573807,1.77880078307141,2.1306040404979
polynomial,ensemble,6.97582859681761e-05,1.70468808971871,2.24497912219055
polynomial,ensemble,0.00423314499514566,1.67032004603564,1.76763194725843
polynomial,ensemble,0.00407081826466162,1.60653065971263,1.86048846144976
polynomial,ensemble,0.00061322929520635,1.67032004603564,1.97438305360853
polynomial,ensemble,0.000744710791703774,1.60653065971263,2.07196803286869
polynomial,ensemble,0.00106462963936783,1.77880078307141,1.88467517043707
polynomial,ensemble,0.00100512855611679,1.70468808971871,1.9938059232395
polynomial,ensemble,0.00369302520387731,1.77880078307141,2.12485862820979
polynomial,ensemble,0.00435261412495031,1.70468808971871,2.23801616402272
polynomial,ensemble,0.000128823834574787,1.67032004603564,1.76936093941543
polynomial,ensemble,0.000212368151645404,1.60653065971263,1.86112805605702
polynomial,ensemble,0.000617664798248458,1.67032004603564,1.97388870260306
polynomial,ensemble,0.00126964374825572,1.60653065971263,2.06845714655135
polynomial,ensemble,0.000105972038196597,1.77880078307141,1.90430660480326
polynomial,ensemble,5.4195344890929e-05,1.70468808971871,2.01887134915136
polynomial,ensemble,0.000406479138868103,1.77880078307141,2.15169970520546
polynomial,ensemble,0.000262823452651471,1.70468808971871,2.27149319040337
polynomial,ensemble,0.000469298419546449,1.67032004603564,1.7861593810784
polynomial,ensemble,0.000419073206247334,1.60653065971263,1.88335891589022
polynomial,ensemble,0.00248810655825924,1.67032004603564,1.9983063728154
polynomial,ensemble,0.00280579516520357,1.60653065971263,2.0995918471239
polynomial,ensemble,0.000934898023489231,2.22140275816017,2.04522774686874
polynomial,ensemble,0.0012271489970857,2.10517091807565,2.16401967838981
polynomial,ensemble,0.000119612390536422,2.22140275816017,2.33145778292679
polynomial,ensemble,0.000195999093135422,2.10517091807565,2.45760475025338
polynomial,ensemble,0.000113220149243466,2.05127109637602,1.89898160688247
polynomial,ensemble,0.000258943968827728,1.95122942450071,2.00038163408879
polynomial,ensemble,2.00220509127348e-05,2.05127109637602,2.14218798932055
polynomial,ensemble,5.70987369063187e-05,1.95122942450071,2.24970503379523
polynomial,ensemble,0.000119425423258947,2.22140275816017,2.06706686737418
polynomial,ensemble,8.45299455541655e-05,2.10517091807565,2.19025769879749
polynomial,ensemble,1.68955359736889e-05,2.22140275816017,2.36286386539828
polynomial,ensemble,1.51196218992706e-05,2.10517091807565,2.49458817859016
polynomial,ensemble,0.000529317686205158,2.05127109637602,1.91686032618014
polynomial,ensemble,0.000652798619692812,1.95122942450071,2.02289011562086
polynomial,ensemble,0.000103505755447592,2.05127109637602,2.16951623899794
polynomial,ensemble,0.000161203142952165,1.95122942450071,2.2829436144879
polynomial,ensemble,0.000133011748319997,2.22140275816017,2.06227987568535
polynomial,ensemble,0.000161390659713171,2.10517091807565,2.18681105830385
polynomial,ensemble,0.000622819304603906,2.22140275816017,2.35466713499075
polynomial,ensemble,0.000943398750833641,2.10517091807565,2.48629917497359
polynomial,ensemble,1.61082916185006e-05,2.05127109637602,1.91923526882211
polynomial,ensemble,3.40554717129719e-05,1.95122942450071,2.02483361949047
polynomial,ensemble,0.000104254415201378,2.05127109637602,2.16838331759985
polynomial,ensemble,0.00027483227707784,1.95122942450071,2.27953979057351
polynomial,ensemble,1.32398399897382e-05,2.22140275816017,2.0845124924188
polynomial,ensemble,8.70199380178946e-06,2.10517091807565,2.21443169858103
polynomial,ensemble,6.85516725799842e-05,2.22140275816017,2.38647124185974
polynomial,ensemble,5.69651500921905e-05,2.10517091807565,2.52480257584749
polynomial,ensemble,5.86816548591944e-05,2.05127109637602,1.93838572552831
polynomial,ensemble,6.72028061196784e-05,1.95122942450071,2.04957880834813
polynomial,ensemble,0.000419962566954781,2.05127109637602,2.19735116583663
polynomial,ensemble,0.000607353893819652,1.95122942450071,2.31554972916886
polynomial,ensemble,0.000882983424545827,2.49182469764127,2.27117998813898
polynomial,ensemble,0.00111936699941155,2.349858807576,2.39521604742161
polynomial,ensemble,8.36904946958843e-05,2.49182469764127,2.61087431556306
polynomial,ensemble,0.000132446632197425,2.349858807576,2.7389133921872
polynomial,ensemble,0.00014775000352115,2.28402541668774,2.08157428732267
polynomial,ensemble,0.000327033383193953,2.16183424272828,2.18607095339336
polynomial,ensemble,1.93563735016384e-05,2.28402541668774,2.36726068995047
polynomial,ensemble,5.34225290292901e-05,2.16183424272828,2.47532469491581
polynomial,ensemble,0.000112793766333419,2.49182469764127,2.30107217346663
polynomial,ensemble,7.7105577024548e-05,2.349858807576,2.43083225640157
polynomial,ensemble,1.18214823518603e-05,2.49182469764127,2.65379355619246
polynomial,ensemble,1.02171033989081e-05,2.349858807576,2.78883171208917
polynomial,ensemble,0.00069074886867041,2.28402541668774,2.10625891171033
polynomial,ensemble,0.000824452263201824,2.16183424272828,2.21646187566552
polynomial,ensemble,0.000100064477447639,2.28402541668774,2.40431232088778
polynomial,ensemble,0.000150824344820521,2.16183424272828,2.51939106871811
polynomial,ensemble,0.000125625646953538,2.49182469764127,2.281382294427
polynomial,ensemble,0.000147215520629698,2.349858807576,2.4116400643889
polynomial,ensemble,0.000435774717608172,2.49182469764127,2.62512653408824
polynomial,ensemble,0.000637502885183462,2.349858807576,2.75878034054974
polynomial,ensemble,2.10209945778757e-05,2.28402541668774,2.09675215486212
polynomial,ensemble,4.30103708573674e-05,2.16183424272828,2.20568951147468
polynomial,ensemble,0.00010078824635039,2.28402541668774,2.38654908147491
polynomial,ensemble,0.00025713765480427,2.16183424272828,2.49821035137657
polynomial,ensemble,1.25046357579688e-05,2.49182469764127,2.31206607688453
polynomial,ensemble,7.93768704039999e-06,2.349858807576,2.44931139525152
polynomial,ensemble,4.7964290026477e-05,2.49182469764127,2.66878209955161
polynomial,ensemble,3.84942713848094e-05,2.349858807576,2.81080079387919
polynomial,ensemble,7.65783720477939e-05,2.28402541668774,2.12312365291692
polynomial,ensemble,8.48738093609244e-05,2.16183424272828,2.23893266035943
polynomial,ensemble,0.000405999981625921,2.28402541668774,2.42562437462214
polynomial,ensemble,0.000568250416412313,2.16183424272828,2.5455971501316
polynomial,ensemble,0.000145869335475403,3.33964685192599,2.53673291354759
polynomial,ensemble,0.000237454143139697,3.11700001661268,2.67746312626196
polynomial,ensemble,1.86627626583844e-05,3.33964685192599,2.96065567737524
polynomial,ensemble,3.7925954246108e-05,3.11700001661268,3.10888775540594
polynomial,ensemble,2.4400600579441e-05,3.01375270747048,2.30138290347376
polynomial,ensemble,6.92403232783208e-05,2.82211880039051,2.42105906801649
polynomial,ensemble,4.31504524916592e-06,3.01375270747048,2.65726300532804
polynomial,ensemble,1.52679169168351e-05,2.82211880039051,2.78365258126502
polynomial,ensemble,1.8633590714669e-05,3.33964685192599,2.57302782766957
polynomial,ensemble,1.63566004119122e-05,3.11700001661268,2.71940920242792
polynomial,ensemble,2.63615981963957e-06,3.33964685192599,3.01431998826318
polynomial,ensemble,2.92565684461606e-06,3.11700001661268,3.1696145251662
polynomial,ensemble,0.000114075714676479,3.01375270747048,2.3314981331919
polynomial,ensemble,0.000174555088762244,2.82211880039051,2.45702450914067
polynomial,ensemble,2.2307006422673e-05,3.01375270747048,2.70345391161165
polynomial,ensemble,4.31049148664089e-05,2.82211880039051,2.83716003917927
polynomial,ensemble,2.07534242777046e-05,3.33964685192599,2.54678815119087
polynomial,ensemble,3.12291994728862e-05,3.11700001661268,2.69467001762351
polynomial,ensemble,9.71766286816531e-05,3.33964685192599,2.97451534039587
polynomial,ensemble,0.000182548282686344,3.11700001661268,3.12961423533904
polynomial,ensemble,3.47157279359331e-06,3.01375270747048,2.31812426056469
polynomial,ensemble,9.10626295517483e-06,2.82211880039051,2.44308935047219
polynomial,ensemble,2.24683535657752e-05,3.01375270747048,2.67841989422303
polynomial,ensemble,7.34887775078738e-05,2.82211880039051,2.80952453982766
polynomial,ensemble,2.0657725362343e-06,3.33964685192599,2.58413633285061
polynomial,ensemble,1.68384156016759e-06,3.11700001661268,2.7389582353359
polynomial,ensemble,1.06959119323509e-05,3.33964685192599,3.02914631471419
polynomial,ensemble,1.10227942459221e-05,3.11700001661268,3.19269763821725
polynomial,ensemble,1.26467561748286e-05,3.01375270747048,2.35026187642596
polynomial,ensemble,1.79696945327679e-05,2.82211880039051,2.48229931465445
polynomial,ensemble,9.05080846744403e-05,3.01375270747048,2.72709063132929
polynomial,ensemble,0.000162403396158639,2.82211880039051,2.86694078011605
polynomial,ensemble,0.000955884325267599,1.77880078307141,1.86935050840201
polynomial,ensemble,0.000970351563627095,1.70468808971871,1.97360237548834
polynomial,ensemble,0.000139844897630605,1.77880078307141,2.10393130828045
polynomial,ensemble,0.000176779079384732,1.70468808971871,2.21277159170575
polynomial,ensemble,6.2589294446911e-05,1.67032004603564,1.75180999044807
polynomial,ensemble,0.000111229908396983,1.60653065971263,1.84015063157563
polynomial,ensemble,1.26565182893121e-05,1.67032004603564,1.95122553204915
polynomial,ensemble,2.79761065503157e-05,1.60653065971263,2.04315477812392
polynomial,ensemble,0.000122106248236165,1.77880078307141,1.88881627377302
polynomial,ensemble,6.6840917473422e-05,1.70468808971871,1.99755825287046
polynomial,ensemble,1.9753425945745e-05,1.77880078307141,2.1306040404979
polynomial,ensemble,1.36369653412199e-05,1.70468808971871,2.24497912219055
polynomial,ensemble,0.000292612408120141,1.67032004603564,1.76763194725843
polynomial,ensemble,0.000280410974616735,1.60653065971263,1.86048846144976
polynomial,ensemble,6.54289859006547e-05,1.67032004603564,1.97438305360853
polynomial,ensemble,7.89831185035628e-05,1.60653065971263,2.07196803286869
polynomial,ensemble,0.000135997554921548,1.77880078307141,1.88467517043707
polynomial,ensemble,0.000127617493376436,1.70468808971871,1.9938059232395
polynomial,ensemble,0.000728169560896594,1.77880078307141,2.12485862820979
polynomial,ensemble,0.000850887419922132,1.70468808971871,2.23801616402272
polynomial,ensemble,8.90483375868919e-06,1.67032004603564,1.76936093941543
polynomial,ensemble,1.46285971293273e-05,1.60653065971263,1.86112805605702
polynomial,ensemble,6.5902235414781e-05,1.67032004603564,1.97388870260306
polynomial,ensemble,0.00013465686779745,1.60653065971263,2.06845714655135
polynomial,ensemble,1.35370438243179e-05,1.77880078307141,1.90430660480326
polynomial,ensemble,6.8809845522369e-06,1.70468808971871,2.01887134915136
polynomial,ensemble,8.01472288227161e-05,1.77880078307141,2.15169970520546
polynomial,ensemble,5.13790478783116e-05,1.70468808971871,2.27149319040337
polynomial,ensemble,3.24398386608389e-05,1.67032004603564,1.7861593810784
polynomial,ensemble,2.88671020319653e-05,1.60653065971263,1.88335891589022
polynomial,ensemble,0.000265470502130676,1.67032004603564,1.9983063728154
polynomial,ensemble,0.000297579213969747,1.60653065971263,2.0995918471239
polynomial,ensemble,0.000132056579730201,2.22140275816017,2.04522774686874
polynomial,ensemble,0.000172859738935083,2.10517091807565,2.16401967838981
polynomial,ensemble,2.60789243617065e-05,2.22140275816017,2.33145778292679
polynomial,ensemble,4.2509300165877e-05,2.10517091807565,2.45760475025338
polynomial,ensemble,8.70500243869682e-06,2.05127109637602,1.89898160688247
polynomial,ensemble,1.99752704930459e-05,1.95122942450071,2.00038163408879
polynomial,ensemble,2.37613678042614e-06,2.05127109637602,2.14218798932055
polynomial,ensemble,6.7818270053608e-06,1.95122942450071,2.24970503379523
polynomial,ensemble,1.68691263989926e-05,2.22140275816017,2.06706686737418
polynomial,ensemble,1.19071313714885e-05,2.10517091807565,2.19025769879749
polynomial,ensemble,3.68371038094215e-06,2.22140275816017,2.36286386539828
polynomial,ensemble,3.2792220383723e-06,2.10517091807565,2.49458817859016
polynomial,ensemble,4.06969234721017e-05,2.05127109637602,1.91686032618014
polynomial,ensemble,5.03577243559056e-05,1.95122942450071,2.02289011562086
polynomial,ensemble,1.22836483423577e-05,2.05127109637602,2.16951623899794
polynomial,ensemble,1.91466902326703e-05,1.95122942450071,2.2829436144879
polynomial,ensemble,1.87882272780048e-05,2.22140275816017,2.06227987568535
polynomial,ensemble,2.27339527399143e-05,2.10517091807565,2.18681105830385
polynomial,ensemble,0.000135792433065955,2.22140275816017,2.35466713499075
polynomial,ensemble,0.000204609215449747,2.10517091807565,2.48629917497359
polynomial,ensemble,1.23849614012393e-06,2.05127109637602,1.91923526882211
polynomial,ensemble,2.62708284851948e-06,1.95122942450071,2.02483361949047
polynomial,ensemble,1.2372496282299e-05,2.05127109637602,2.16838331759985
polynomial,ensemble,3.26428404482803e-05,1.95122942450071,2.27953979057351
polynomial,ensemble,1.87015903477317e-06,2.22140275816017,2.0845124924188
polynomial,ensemble,1.22578788750539e-06,2.10517091807565,2.21443169858103
polynomial,ensemble,1.4946226524396e-05,2.22140275816017,2.38647124185974
polynomial,ensemble,1.23548972881728e-05,2.10517091807565,2.52480257584749
polynomial,ensemble,4.51177596981956e-06,2.05127109637602,1.93838572552831
polynomial,ensemble,5.18411081829589e-06,1.95122942450071,2.04957880834813
polynomial,ensemble,4.98394747917028e-05,2.05127109637602,2.19735116583663
polynomial,ensemble,7.2137655963828e-05,1.95122942450071,2.31554972916886
polynomial,ensemble,0.00412805270405592,2.49182469764127,2.27117998813898
polynomial,ensemble,0.00520141172609965,2.349858807576,2.39521604742161
polynomial,ensemble,0.000603929882050146,2.49182469764127,2.61087431556306
polynomial,ensemble,0.00094759550137048,2.349858807576,2.7389133921872
polynomial,ensemble,0.000373781006118126,2.28402541668774,2.08157428732267
polynomial,ensemble,0.000824452263201824,2.16183424272828,2.18607095339336
polynomial,ensemble,7.55842701525296e-05,2.28402541668774,2.36726068995047
polynomial,ensemble,0.00020736297182466,2.16183424272828,2.47532469491581
polynomial,ensemble,0.000527324295303528,2.49182469764127,2.30107217346663
polynomial,ensemble,0.000358289866231539,2.349858807576,2.43083225640157
polynomial,ensemble,8.53065389129307e-05,2.49182469764127,2.65379355619246
polynomial,ensemble,7.30987346164517e-05,2.349858807576,2.78883171208917
polynomial,ensemble,0.00174747073403369,2.28402541668774,2.10625891171033
polynomial,ensemble,0.00207844693914776,2.16183424272828,2.21646187566552
polynomial,ensemble,0.00039073954092867,2.28402541668774,2.40431232088778
polynomial,ensemble,0.000585434365122306,2.16183424272828,2.51939106871811
polynomial,ensemble,0.000587314865929753,2.49182469764127,2.281382294427
polynomial,ensemble,0.00068407281585907,2.349858807576,2.4116400643889
polynomial,ensemble,0.00314465071286622,2.49182469764127,2.62512653408824
polynomial,ensemble,0.00456104361498663,2.349858807576,2.75878034054974
polynomial,ensemble,5.31793456221294e-05,2.28402541668774,2.09675215486212
polynomial,ensemble,0.000108429290148266,2.16183424272828,2.20568951147468
polynomial,ensemble,0.000393565769936334,2.28402541668774,2.38654908147491
polynomial,ensemble,0.000998096294524031,2.16183424272828,2.49821035137657
polynomial,ensemble,5.84606619093318e-05,2.49182469764127,2.31206607688453
polynomial,ensemble,3.68843984785601e-05,2.349858807576,2.44931139525152
polynomial,ensemble,0.000346121362092197,2.49182469764127,2.66878209955161
polynomial,ensemble,0.000275409029188504,2.349858807576,2.81080079387919
polynomial,ensemble,0.000193729544966239,2.28402541668774,2.12312365291692
polynomial,ensemble,0.000213967159960164,2.16183424272828,2.23893266035943
polynomial,ensemble,0.00158538025165397,2.28402541668774,2.42562437462214
polynomial,ensemble,0.00220570042693509,2.16183424272828,2.5455971501316
polynomial,ensemble,0.000754084375812706,3.33964685192599,2.53673291354759
polynomial,ensemble,0.00122415508932939,3.11700001661268,2.67746312626196
polynomial,ensemble,0.0001489188152483,3.33964685192599,2.96065567737524
polynomial,ensemble,0.000301041621736058,3.11700001661268,3.10888775540594
polynomial,ensemble,6.86603202630765e-05,3.01375270747048,2.30138290347376
polynomial,ensemble,0.000195481692525041,2.82211880039051,2.42105906801649
polynomial,ensemble,1.87416733633171e-05,3.01375270747048,2.65726300532804
polynomial,ensemble,6.63682137311478e-05,2.82211880039051,2.78365258126502
polynomial,ensemble,9.63279881780911e-05,3.33964685192599,2.57302782766957
polynomial,ensemble,8.4323715617755e-05,3.11700001661268,2.71940920242792
polynomial,ensemble,2.10351384911134e-05,3.33964685192599,3.01431998826318
polynomial,ensemble,2.32227375330128e-05,3.11700001661268,3.1696145251662
polynomial,ensemble,0.000320995177082884,3.01375270747048,2.3314981331919
polynomial,ensemble,0.000492810006864686,2.82211880039051,2.45702450914067
polynomial,ensemble,9.68867309486421e-05,3.01375270747048,2.70345391161165
polynomial,ensemble,0.000187373052807374,2.82211880039051,2.83716003917927
polynomial,ensemble,0.000107286654466648,3.33964685192599,2.54678815119087
polynomial,ensemble,0.000160996910666349,3.11700001661268,2.69467001762351
polynomial,ensemble,0.00077541726688542,3.33964685192599,2.97451534039587
polynomial,ensemble,0.00144899797928404,3.11700001661268,3.12961423533904
polynomial,ensemble,9.76858332026189e-06,3.01375270747048,2.31812426056469
polynomial,ensemble,2.5709118773179e-05,2.82211880039051,2.44308935047219
polynomial,ensemble,9.7587515130386e-05,3.01375270747048,2.67841989422303
polynomial,ensemble,0.00031944887564232,2.82211880039051,2.80952453982766
polynomial,ensemble,1.06791930495902e-05,3.33964685192599,2.58413633285061
polynomial,ensemble,8.68076331812331e-06,3.11700001661268,2.7389582353359
polynomial,ensemble,8.53476284364712e-05,3.33964685192599,3.02914631471419
polynomial,ensemble,8.74946964899589e-05,3.11700001661268,3.19269763821725
polynomial,ensemble,3.55864326546287e-05,3.01375270747048,2.35026187642596
polynomial,ensemble,5.07326675426327e-05,2.82211880039051,2.48229931465445
polynomial,ensemble,0.000393106644718428,3.01375270747048,2.72709063132929
polynomial,ensemble,0.000705952446927189,2.82211880039051,2.86694078011605
polynomial,ensemble,0.00106462963936783,1.77880078307141,1.86935050840201
polynomial,ensemble,0.000744617548498822,1.70468808971871,1.97360237548834
polynomial,ensemble,8.14586064091042e-05,1.77880078307141,2.10393130828045
polynomial,ensemble,7.13780584804168e-05,1.70468808971871,2.21277159170575
polynomial,ensemble,0.000173893987726491,1.67032004603564,1.75180999044807
polynomial,ensemble,0.000212368151645404,1.60653065971263,1.84015063157563
polynomial,ensemble,1.83906000541097e-05,1.67032004603564,1.95122553204915
polynomial,ensemble,2.81050774725219e-05,1.60653065971263,2.04315477812392
polynomial,ensemble,0.000135997554921548,1.77880078307141,1.88881627377302
polynomial,ensemble,5.12916369428333e-05,1.70468808971871,1.99755825287046
polynomial,ensemble,1.15062227983188e-05,1.77880078307141,2.1306040404979
polynomial,ensemble,5.50619515051667e-06,1.70468808971871,2.24497912219055
polynomial,ensemble,0.000812975109496126,1.67032004603564,1.76763194725843
polynomial,ensemble,0.000535380827321236,1.60653065971263,1.86048846144976
polynomial,ensemble,9.50718265592076e-05,1.67032004603564,1.97438305360853
polynomial,ensemble,7.93472337035748e-05,1.60653065971263,2.07196803286869
polynomial,ensemble,0.000151469193524543,1.77880078307141,1.88467517043707
polynomial,ensemble,9.79296871623786e-05,1.70468808971871,1.9938059232395
polynomial,ensemble,0.000424153320322389,1.77880078307141,2.12485862820979
polynomial,ensemble,0.000343562667204943,1.70468808971871,2.23801616402272
polynomial,ensemble,2.4740605658263e-05,1.67032004603564,1.76936093941543
polynomial,ensemble,2.79299711587711e-05,1.60653065971263,1.86112805605702
polynomial,ensemble,9.57594834914816e-05,1.67032004603564,1.97388870260306
polynomial,ensemble,0.000135277641113065,1.60653065971263,2.06845714655135
polynomial,ensemble,1.50770733485513e-05,1.77880078307141,1.90430660480326
polynomial,ensemble,5.2802530965096e-06,1.70468808971871,2.01887134915136
polynomial,ensemble,4.66851610467426e-05,1.77880078307141,2.15169970520546
polynomial,ensemble,2.07453093255728e-05,1.70468808971871,2.27149319040337
polynomial,ensemble,9.01287185897598e-05,1.67032004603564,1.7861593810784
polynomial,ensemble,5.5115150144761e-05,1.60653065971263,1.88335891589022
polynomial,ensemble,0.000385742881197564,1.67032004603564,1.9983063728154
polynomial,ensemble,0.000298951065538372,1.60653065971263,2.0995918471239
polynomial,ensemble,0.00486799514877874,2.22140275816017,2.04522774686874
polynomial,ensemble,0.00437572668196998,2.10517091807565,2.16401967838981
polynomial,ensemble,0.000502778739068938,2.22140275816017,2.33145778292679
polynomial,ensemble,0.000566200169935022,2.10517091807565,2.45760475025338
polynomial,ensemble,0.000795789056860014,2.05127109637602,1.89898160688247
polynomial,ensemble,0.00124637013784139,1.95122942450071,2.00038163408879
polynomial,ensemble,0.000113605050807996,2.05127109637602,2.14218798932055
polynomial,ensemble,0.000222654142301546,1.95122942450071,2.24970503379523
polynomial,ensemble,0.000621845769761753,2.22140275816017,2.06706686737418
polynomial,ensemble,0.000301414041053892,2.10517091807565,2.19025769879749
polynomial,ensemble,7.10186982690438e-05,2.22140275816017,2.36286386539828
polynomial,ensemble,4.36774086643626e-05,2.10517091807565,2.49458817859016
polynomial,ensemble,0.00372040864721646,2.05127109637602,1.91686032618014
polynomial,ensemble,0.00314210332564453,1.95122942450071,2.02289011562086
polynomial,ensemble,0.000587291314850503,2.05127109637602,2.16951623899794
polynomial,ensemble,0.000628604930249441,1.95122942450071,2.2829436144879
polynomial,ensemble,0.000692589490280147,2.22140275816017,2.06227987568535
polynomial,ensemble,0.000575481394357805,2.10517091807565,2.18681105830385
polynomial,ensemble,0.00261795875186688,2.22140275816017,2.35466713499075
polynomial,ensemble,0.00272528063519881,2.10517091807565,2.48629917497359
polynomial,ensemble,0.000113220149243466,2.05127109637602,1.91923526882211
polynomial,ensemble,0.000163918561862273,1.95122942450071,2.02483361949047
polynomial,ensemble,0.000591539207822979,2.05127109637602,2.16838331759985
polynomial,ensemble,0.0010716969979554,1.95122942450071,2.27953979057351
polynomial,ensemble,6.89395797416559e-05,2.22140275816017,2.0845124924188
polynomial,ensemble,3.10292772558639e-05,2.10517091807565,2.21443169858103
polynomial,ensemble,0.000288150110086933,2.22140275816017,2.38647124185974
polynomial,ensemble,0.000164560341308759,2.10517091807565,2.52480257584749
polynomial,ensemble,0.000412455018717247,2.05127109637602,1.93838572552831
polynomial,ensemble,0.000323466003498371,1.95122942450071,2.04957880834813
polynomial,ensemble,0.00238286621906497,2.05127109637602,2.19735116583663
polynomial,ensemble,0.00236835116902479,1.95122942450071,2.31554972916886
polynomial,ensemble,0.000125625646953538,2.49182469764127,2.27117998813898
polynomial,ensemble,0.000109059940049626,2.349858807576,2.39521604742161
polynomial,ensemble,9.61206578482424e-06,2.49182469764127,2.61087431556306
polynomial,ensemble,1.0454342359278e-05,2.349858807576,2.7389133921872
polynomial,ensemble,2.83753746749529e-05,2.28402541668774,2.08157428732267
polynomial,ensemble,4.30103708573674e-05,2.16183424272828,2.18607095339336
polynomial,ensemble,3.00090977183953e-06,2.28402541668774,2.36726068995047
polynomial,ensemble,5.69204843429907e-06,2.16183424272828,2.47532469491581
polynomial,ensemble,1.60476283858334e-05,2.49182469764127,2.30107217346663
polynomial,ensemble,7.51239728543871e-06,2.349858807576,2.43083225640157
polynomial,ensemble,1.35772725986537e-06,2.49182469764127,2.65379355619246
polynomial,ensemble,8.06461403209649e-07,2.349858807576,2.78883171208917
polynomial,ensemble,0.000132658257108041,2.28402541668774,2.10625891171033
polynomial,ensemble,0.000108429290148266,2.16183424272828,2.21646187566552
polynomial,ensemble,1.55134673424864e-05,2.28402541668774,2.40431232088778
polynomial,ensemble,1.60699894106312e-05,2.16183424272828,2.51939106871811
polynomial,ensemble,1.78732722877697e-05,2.49182469764127,2.281382294427
polynomial,ensemble,1.43432099237244e-05,2.349858807576,2.4116400643889
polynomial,ensemble,5.00498326391054e-05,2.49182469764127,2.62512653408824
polynomial,ensemble,5.03196895697656e-05,2.349858807576,2.75878034054974
polynomial,ensemble,4.03708008779839e-06,2.28402541668774,2.09675215486212
polynomial,ensemble,5.65658460681113e-06,2.16183424272828,2.20568951147468
polynomial,ensemble,1.56256766451553e-05,2.28402541668774,2.38654908147491
polynomial,ensemble,2.73974297365351e-05,2.16183424272828,2.49821035137657
polynomial,ensemble,1.77908544299253e-06,2.49182469764127,2.31206607688453
polynomial,ensemble,7.7336894263794e-07,2.349858807576,2.44931139525152
polynomial,ensemble,5.50882047874379e-06,2.49182469764127,2.66878209955161
polynomial,ensemble,3.03844865853506e-06,2.349858807576,2.81080079387919
polynomial,ensemble,1.47068693541049e-05,2.28402541668774,2.12312365291692
polynomial,ensemble,1.11623283869032e-05,2.16183424272828,2.23893266035943
polynomial,ensemble,6.29440898174842e-05,2.28402541668774,2.42562437462214
polynomial,ensemble,6.05457838069798e-05,2.16183424272828,2.5455971501316
polynomial,ensemble,0.000759538687224554,3.33964685192599,2.53673291354759
polynomial,ensemble,0.000846706009089562,3.11700001661268,2.67746312626196
polynomial,ensemble,7.84470591620539e-05,3.33964685192599,2.96065567737524
polynomial,ensemble,0.000109560107628954,3.11700001661268,3.10888775540594
polynomial,ensemble,0.000171504198251637,3.01375270747048,2.30138290347376
polynomial,ensemble,0.000333273146539268,2.82211880039051,2.42105906801649
polynomial,ensemble,2.44835525045291e-05,3.01375270747048,2.65726300532804
polynomial,ensemble,5.95366050115374e-05,2.82211880039051,2.78365258126502
polynomial,ensemble,9.70247309592075e-05,3.33964685192599,2.57302782766957
polynomial,ensemble,5.83238164385081e-05,3.11700001661268,2.71940920242792
polynomial,ensemble,1.10808345536661e-05,3.33964685192599,3.01431998826318
polynomial,ensemble,8.45160748498278e-06,3.11700001661268,3.1696145251662
polynomial,ensemble,0.000801802558993415,3.01375270747048,2.3314981331919
polynomial,ensemble,0.000840182727662812,2.82211880039051,2.45702450914067
polynomial,ensemble,0.000126569880831251,3.01375270747048,2.70345391161165
polynomial,ensemble,0.00016808581710499,2.82211880039051,2.83716003917927
polynomial,ensemble,0.000108062661558913,3.33964685192599,2.54678815119087
polynomial,ensemble,0.000111356030697654,3.11700001661268,2.69467001762351
polynomial,ensemble,0.000408472254558399,3.33964685192599,2.97451534039587
polynomial,ensemble,0.000527343606671384,3.11700001661268,3.12961423533904
polynomial,ensemble,2.4400600579441e-05,3.01375270747048,2.31812426056469
polynomial,ensemble,4.38310043135704e-05,2.82211880039051,2.44308935047219
polynomial,ensemble,0.000127485363988782,3.01375270747048,2.67841989422303
polynomial,ensemble,0.000286566421804578,2.82211880039051,2.80952453982766
polynomial,ensemble,1.07564359237141e-05,3.33964685192599,2.58413633285061
polynomial,ensemble,6.00418568611739e-06,3.11700001661268,2.7389582353359
polynomial,ensemble,4.49591977087213e-05,3.33964685192599,3.02914631471419
polynomial,ensemble,3.1842534959525e-05,3.11700001661268,3.19269763821725
polynomial,ensemble,8.88900980607588e-05,3.01375270747048,2.35026187642596
polynomial,ensemble,8.64931929218788e-05,2.82211880039051,2.48229931465445
polynomial,ensemble,0.000513542573774717,3.01375270747048,2.72709063132929
polynomial,ensemble,0.000633285267551308,2.82211880039051,2.86694078011605
polynomial,ensemble,0.000105972038196597,1.77880078307141,1.86935050840201
polynomial,ensemble,7.40029352343184e-05,1.70468808971871,1.97360237548834
polynomial,ensemble,1.25892464741956e-05,1.77880078307141,2.10393130828045
polynomial,ensemble,1.10343278474698e-05,1.70468808971871,2.21277159170575
polynomial,ensemble,9.36643552119747e-06,1.67032004603564,1.75180999044807
polynomial,ensemble,1.14506399725992e-05,1.60653065971263,1.84015063157563
polynomial,ensemble,1.53799777282289e-06,1.67032004603564,1.95122553204915
polynomial,ensemble,2.35716852536868e-06,1.60653065971263,2.04315477812392
polynomial,ensemble,1.35370438243179e-05,1.77880078307141,1.88881627377302
polynomial,ensemble,5.09755873252653e-06,1.70468808971871,1.99755825287046
polynomial,ensemble,1.778261146128e-06,1.77880078307141,2.1306040404979
polynomial,ensemble,8.51202229038192e-07,1.70468808971871,2.24497912219055
polynomial,ensemble,4.37892019326779e-05,1.67032004603564,1.76763194725843
polynomial,ensemble,2.88671020319653e-05,1.60653065971263,1.86048846144976
polynomial,ensemble,7.95081493132629e-06,1.67032004603564,1.97438305360853
polynomial,ensemble,6.65484028798717e-06,1.60653065971263,2.07196803286869
polynomial,ensemble,1.50770733485513e-05,1.77880078307141,1.88467517043707
polynomial,ensemble,9.73262624713179e-06,1.70468808971871,1.9938059232395
polynomial,ensemble,6.55519524305315e-05,1.77880078307141,2.12485862820979
polynomial,ensemble,5.31113228182101e-05,1.70468808971871,2.23801616402272
polynomial,ensemble,1.33260091785331e-06,1.67032004603564,1.76936093941543
polynomial,ensemble,1.50595106519631e-06,1.60653065971263,1.86112805605702
polynomial,ensemble,8.00832337733632e-06,1.67032004603564,1.97388870260306
polynomial,ensemble,1.13457149559397e-05,1.60653065971263,2.06845714655135
polynomial,ensemble,1.50075494209827e-06,1.77880078307141,1.90430660480326
polynomial,ensemble,5.24771714969094e-07,1.70468808971871,2.01887134915136
polynomial,ensemble,7.21508782206799e-06,1.77880078307141,2.15169970520546
polynomial,ensemble,3.20701556288963e-06,1.70468808971871,2.27149319040337
polynomial,ensemble,4.8545947005765e-06,1.67032004603564,1.7861593810784
polynomial,ensemble,2.97174381588617e-06,1.60653065971263,1.88335891589022
polynomial,ensemble,3.22595070535267e-05,1.67032004603564,1.9983063728154
polynomial,ensemble,2.50729798913181e-05,1.60653065971263,2.0995918471239
polynomial,ensemble,0.000535804216557258,2.22140275816017,2.04522774686874
polynomial,ensemble,0.000482473898643181,2.10517091807565,2.16401967838981
polynomial,ensemble,8.59217117479918e-05,2.22140275816017,2.33145778292679
polynomial,ensemble,9.71089158479462e-05,2.10517091807565,2.45760475025338
polynomial,ensemble,4.76763856244649e-05,2.05127109637602,1.89898160688247
polynomial,ensemble,7.52594403054059e-05,1.95122942450071,2.00038163408879
polynomial,ensemble,1.05675187534922e-05,2.05127109637602,2.14218798932055
polynomial,ensemble,2.09127045694097e-05,1.95122942450071,2.24970503379523
polynomial,ensemble,6.84445188015912e-05,2.22140275816017,2.06706686737418
polynomial,ensemble,3.32343443872496e-05,2.10517091807565,2.19025769879749
polynomial,ensemble,1.21366470919004e-05,2.22140275816017,2.36286386539828
polynomial,ensemble,7.49110655147047e-06,2.10517091807565,2.49458817859016
polynomial,ensemble,0.000222892782724565,2.05127109637602,1.91686032618014
polynomial,ensemble,0.000189729303110001,1.95122942450071,2.02289011562086
polynomial,ensemble,5.46297188312067e-05,2.05127109637602,2.16951623899794
polynomial,ensemble,5.90414759918424e-05,1.95122942450071,2.2829436144879
polynomial,ensemble,7.6231047462823e-05,2.22140275816017,2.06227987568535
polynomial,ensemble,6.34534037686793e-05,2.10517091807565,2.18681105830385
polynomial,ensemble,0.000447392619788555,2.22140275816017,2.35466713499075
polynomial,ensemble,0.00046741251931438,2.10517091807565,2.48629917497359
polynomial,ensemble,6.78311350132134e-06,2.05127109637602,1.91923526882211
polynomial,ensemble,9.89787772257393e-06,1.95122942450071,2.02483361949047
polynomial,ensemble,5.50248569727787e-05,2.05127109637602,2.16838331759985
polynomial,ensemble,0.000100658727812086,1.95122942450071,2.27953979057351
polynomial,ensemble,7.58795281924868e-06,2.22140275816017,2.0845124924188
polynomial,ensemble,3.42133260548552e-06,2.10517091807565,2.21443169858103
polynomial,ensemble,4.92430343114546e-05,2.22140275816017,2.38647124185974
polynomial,ensemble,2.82237222533781e-05,2.10517091807565,2.52480257584749
polynomial,ensemble,2.47105239203716e-05,2.05127109637602,1.93838572552831
polynomial,ensemble,1.95318145404827e-05,1.95122942450071,2.04957880834813
polynomial,ensemble,0.000221653731748163,2.05127109637602,2.19735116583663
polynomial,ensemble,0.000222446471475719,1.95122942450071,2.31554972916886
polynomial,ensemble,0.000457647591102943,2.49182469764127,2.27117998813898
polynomial,ensemble,0.000396680697514186,2.349858807576,2.39521604742161
polynomial,ensemble,5.43675333678904e-05,2.49182469764127,2.61087431556306
polynomial,ensemble,5.91477196583503e-05,2.349858807576,2.7389133921872
polynomial,ensemble,5.59360146777711e-05,2.28402541668774,2.08157428732267
polynomial,ensemble,8.48738093609244e-05,2.16183424272828,2.18607095339336
polynomial,ensemble,9.18486715680733e-06,2.28402541668774,2.36726068995047
polynomial,ensemble,1.74716760401559e-05,2.16183424272828,2.47532469491581
polynomial,ensemble,5.84606619093318e-05,2.49182469764127,2.30107217346663
polynomial,ensemble,2.73246344518023e-05,2.349858807576,2.43083225640157
polynomial,ensemble,7.67954399789561e-06,2.49182469764127,2.65379355619246
polynomial,ensemble,4.56273109804858e-06,2.349858807576,2.78883171208917
polynomial,ensemble,0.00026150753256037,2.28402541668774,2.10625891171033
polynomial,ensemble,0.000213967159960164,2.16183424272828,2.21646187566552
polynomial,ensemble,4.74819796380822e-05,2.28402541668774,2.40431232088778
polynomial,ensemble,4.93266443868302e-05,2.16183424272828,2.51939106871811
polynomial,ensemble,6.51113861379755e-05,2.49182469764127,2.281382294427
polynomial,ensemble,5.2170159955584e-05,2.349858807576,2.4116400643889
polynomial,ensemble,0.000283090649500133,2.49182469764127,2.62512653408824
polynomial,ensemble,0.000284694607243882,2.349858807576,2.75878034054974
polynomial,ensemble,7.95824455652947e-06,2.28402541668774,2.09675215486212
polynomial,ensemble,1.11623283869032e-05,2.16183424272828,2.20568951147468
polynomial,ensemble,4.78254180008225e-05,2.28402541668774,2.38654908147491
polynomial,ensemble,8.40960898725417e-05,2.16183424272828,2.49821035137657
polynomial,ensemble,6.48111422385726e-06,2.49182469764127,2.31206607688453
polynomial,ensemble,2.81295342232749e-06,2.349858807576,2.44931139525152
polynomial,ensemble,3.11588567848423e-05,2.49182469764127,2.66878209955161
polynomial,ensemble,1.71906852937362e-05,2.349858807576,2.81080079387919
polynomial,ensemble,2.89914642354107e-05,2.28402541668774,2.12312365291692
polynomial,ensemble,2.20269975042956e-05,2.16183424272828,2.23893266035943
polynomial,ensemble,0.000192652611119777,2.28402541668774,2.42562437462214
polynomial,ensemble,0.000185844574669916,2.16183424272828,2.5455971501316
polynomial,ensemble,0.00305960966902122,3.33964685192599,2.53673291354759
polynomial,ensemble,0.00341677525449953,3.11700001661268,2.67746312626196
polynomial,ensemble,0.000490639849257172,3.33964685192599,2.96065567737524
polynomial,ensemble,0.000687704229376201,3.11700001661268,3.10888775540594
polynomial,ensemble,0.000376045374945552,3.01375270747048,2.30138290347376
polynomial,ensemble,0.000736502806032577,2.82211880039051,2.42105906801649
polynomial,ensemble,8.33508350067117e-05,3.01375270747048,2.65726300532804
polynomial,ensemble,0.000204655595824225,2.82211880039051,2.78365258126502
polynomial,ensemble,0.000390839610898199,3.33964685192599,2.57302782766957
polynomial,ensemble,0.00023535840139997,3.11700001661268,2.71940920242792
polynomial,ensemble,6.93040510775986e-05,3.33964685192599,3.01431998826318
polynomial,ensemble,5.30503879398729e-05,3.11700001661268,3.1696145251662
polynomial,ensemble,0.00175805692806767,3.01375270747048,2.3314981331919
polynomial,ensemble,0.00185672606067844,2.82211880039051,2.45702450914067
polynomial,ensemble,0.000430889481909668,3.01375270747048,2.70345391161165
polynomial,ensemble,0.000577790806891949,2.82211880039051,2.83716003917927
polynomial,ensemble,0.000435303125077114,3.33964685192599,2.54678815119087
polynomial,ensemble,0.000449363209948342,3.11700001661268,2.69467001762351
polynomial,ensemble,0.00255475179749266,3.33964685192599,2.97451534039587
polynomial,ensemble,0.00331011384061995,3.11700001661268,3.12961423533904
polynomial,ensemble,5.35015065947808e-05,3.01375270747048,2.31812426056469
polynomial,ensemble,9.68624625277663e-05,2.82211880039051,2.44308935047219
polynomial,ensemble,0.000434006116458544,3.01375270747048,2.67841989422303
polynomial,ensemble,0.000985064932511136,2.82211880039051,2.80952453982766
polynomial,ensemble,4.33295840092911e-05,3.33964685192599,2.58413633285061
polynomial,ensemble,2.42291336727435e-05,3.11700001661268,2.7389582353359
polynomial,ensemble,0.000281193128488883,3.33964685192599,3.02914631471419
polynomial,ensemble,0.000199874264818062,3.11700001661268,3.19269763821725
polynomial,ensemble,0.000194903160359726,3.01375270747048,2.35026187642596
polynomial,ensemble,0.000191141950532684,2.82211880039051,2.48229931465445
polynomial,ensemble,0.00174828396850091,3.01375270747048,2.72709063132929
polynomial,ensemble,0.00217690232307168,2.82211880039051,2.86694078011605
polynomial,sieve_md,0.00748294912415195,1.77880078307141,1.90709653883998
polynomial,sieve_md,0.0076425891174435,1.70468808971871,2.06088448666693
polynomial,sieve_md,0.000709245152938778,1.77880078307141,2.12684827197649
polynomial,sieve_md,0.000904292506752669,1.70468808971871,2.31788793779468
polynomial,sieve_md,0.000905462486159698,1.67032004603564,1.80501125060972
polynomial,sieve_md,0.00161476113157825,1.60653065971263,1.94147488856531
polynomial,sieve_md,0.000118622468061873,1.67032004603564,1.99999438511912
polynomial,sieve_md,0.000263779258816363,1.60653065971263,2.1695270442836
polynomial,sieve_md,0.000955884325267599,1.77880078307141,1.92785608434858
polynomial,sieve_md,0.000526445968276534,1.70468808971871,2.08515752407431
polynomial,sieve_md,0.000100182572573807,1.77880078307141,2.15256756762733
polynomial,sieve_md,6.97582859681761e-05,1.70468808971871,2.34796612479814
polynomial,sieve_md,0.00423314499514566,1.67032004603564,1.82334852329502
polynomial,sieve_md,0.00407081826466162,1.60653065971263,1.96291658355259
polynomial,sieve_md,0.00061322929520635,1.67032004603564,2.02281342618421
polynomial,sieve_md,0.000744710791703774,1.60653065971263,2.19619966762853
polynomial,sieve_md,0.00106462963936783,1.77880078307141,1.91768334056322
polynomial,sieve_md,0.00100512855611679,1.70468808971871,2.07326658592148
polynomial,sieve_md,0.00369302520387731,1.77880078307141,2.13992467862028
polynomial,sieve_md,0.00435261412495031,1.70468808971871,2.33316309330402
polynomial,sieve_md,0.000128823834574787,1.67032004603564,1.81438629840476
polynomial,sieve_md,0.000212368151645404,1.60653065971263,1.95244585123889
polynomial,sieve_md,0.000617664798248458,1.67032004603564,2.01161952683363
polynomial,sieve_md,0.00126964374825572,1.60653065971263,2.18309333066228
polynomial,sieve_md,0.000105972038196597,1.77880078307141,1.93863643670078
polynomial,sieve_md,5.4195344890929e-05,1.70468808971871,2.09777161980095
polynomial,sieve_md,0.000406479138868103,1.77880078307141,2.16596611792649
polynomial,sieve_md,0.000262823452651471,1.70468808971871,2.36363463418272
polynomial,sieve_md,0.000469298419546449,1.67032004603564,1.83296496645976
polynomial,sieve_md,0.000419073206247334,1.60653065971263,1.97416898774863
polynomial,sieve_md,0.00248810655825924,1.67032004603564,2.03467984636921
polynomial,sieve_md,0.00280579516520357,1.60653065971263,2.2100864491994
polynomial,sieve_md,0.000934898023489231,2.22140275816017,2.05902137189289
polynomial,sieve_md,0.0012271489970857,2.10517091807565,2.23860309342684
polynomial,sieve_md,0.000119612390536422,2.22140275816017,2.31554908313512
polynomial,sieve_md,0.000195999093135422,2.10517091807565,2.53859496780043
polynomial,sieve_md,0.000113220149243466,2.05127109637602,1.93981308965617
polynomial,sieve_md,0.000258943968827728,1.95122942450071,2.09914487052254
polynomial,sieve_md,2.00220509127348e-05,2.05127109637602,2.16744464336932
polynomial,sieve_md,5.70987369063187e-05,1.95122942450071,2.36536574949049
polynomial,sieve_md,0.000119425423258947,2.22140275816017,2.08322353278083
polynomial,sieve_md,8.45299455541655e-05,2.10517091807565,2.26686791615311
polynomial,sieve_md,1.68955359736889e-05,2.22140275816017,2.34556638814272
polynomial,sieve_md,1.51196218992706e-05,2.10517091807565,2.57368511686639
polynomial,sieve_md,0.000529317686205158,2.05127109637602,1.96122387088768
polynomial,sieve_md,0.000652798619692812,1.95122942450071,2.12421441698095
polynomial,sieve_md,0.000103505755447592,2.05127109637602,2.19408476020867
polynomial,sieve_md,0.000161203142952165,1.95122942450071,2.39651714647444
polynomial,sieve_md,0.000133011748319997,2.22140275816017,2.07136300147749
polynomial,sieve_md,0.000161390659713171,2.10517091807565,2.25298784419017
polynomial,sieve_md,0.000622819304603906,2.22140275816017,2.33083770591856
polynomial,sieve_md,0.000943398750833641,2.10517091807565,2.55650009539289
polynomial,sieve_md,1.61082916185006e-05,2.05127109637602,1.95075153336365
polynomial,sieve_md,3.40554717129719e-05,1.95122942450071,2.1119384325313
polynomial,sieve_md,0.000104254415201378,2.05127109637602,2.18100458171822
polynomial,sieve_md,0.00027483227707784,1.95122942450071,2.38122324204644
polynomial,sieve_md,1.32398399897382e-05,2.22140275816017,2.09581698297924
polynomial,sieve_md,8.70199380178946e-06,2.10517091807565,2.28159479318158
polynomial,sieve_md,6.85516725799842e-05,2.22140275816017,2.36120854174722
polynomial,sieve_md,5.69651500921905e-05,2.10517091807565,2.59198367094184
polynomial,sieve_md,5.86816548591944e-05,2.05127109637602,1.97245172804849
polynomial,sieve_md,6.72028061196784e-05,1.95122942450071,2.13731498110117
polynomial,sieve_md,0.000419962566954781,2.05127109637602,2.20793251001084
polynomial,sieve_md,0.000607353893819652,1.95122942450071,2.41274839597794
polynomial,sieve_md,0.000882983424545827,2.49182469764127,2.14763738661961
polynomial,sieve_md,0.00111936699941155,2.349858807576,2.34225358430155
polynomial,sieve_md,8.36904946958843e-05,2.49182469764127,2.42559665921866
polynomial,sieve_md,0.000132446632197425,2.349858807576,2.66727024178441
polynomial,sieve_md,0.00014775000352115,2.28402541668774,2.01842892876866
polynomial,sieve_md,0.000327033383193953,2.16183424272828,2.19109338833513
polynomial,sieve_md,1.93563735016384e-05,2.28402541668774,2.26508538306034
polynomial,sieve_md,5.34225290292901e-05,2.16183424272828,2.47956488472143
polynomial,sieve_md,0.000112793766333419,2.49182469764127,2.17383028859263
polynomial,sieve_md,7.7105577024548e-05,2.349858807576,2.37282361031291
polynomial,sieve_md,1.18214823518603e-05,2.49182469764127,2.45811437296848
polynomial,sieve_md,1.02171033989081e-05,2.349858807576,2.70530230293537
polynomial,sieve_md,0.00069074886867041,2.28402541668774,2.04165298627638
polynomial,sieve_md,0.000824452263201824,2.16183424272828,2.21826489491293
polynomial,sieve_md,0.000100064477447639,2.28402541668774,2.29396059289836
polynomial,sieve_md,0.000150824344820521,2.16183424272828,2.51332954849792
polynomial,sieve_md,0.000125625646953538,2.49182469764127,2.1609745755687
polynomial,sieve_md,0.000147215520629698,2.349858807576,2.35780064238891
polynomial,sieve_md,0.000435774717608172,2.49182469764127,2.44216870317943
polynomial,sieve_md,0.000637502885183462,2.349858807576,2.68672669706064
polynomial,sieve_md,2.10209945778757e-05,2.28402541668774,2.03027398714219
polynomial,sieve_md,4.30103708573674e-05,2.16183424272828,2.20494005657957
polynomial,sieve_md,0.00010078824635039,2.28402541668774,2.27979194830975
polynomial,sieve_md,0.00025713765480427,2.16183424272828,2.49676577324688
polynomial,sieve_md,1.25046357579688e-05,2.49182469764127,2.18746705083622
polynomial,sieve_md,7.93768704039999e-06,2.349858807576,2.38878262799767
polynomial,sieve_md,4.7964290026477e-05,2.49182469764127,2.47506297948237
polynomial,sieve_md,3.84942713848094e-05,2.349858807576,2.72515180502999
polynomial,sieve_md,7.65783720477939e-05,2.28402541668774,2.05378398356891
polynomial,sieve_md,8.48738093609244e-05,2.16183424272828,2.23243578759688
polynomial,sieve_md,0.000405999981625921,2.28402541668774,2.30900136905758
polynomial,sieve_md,0.000568250416412313,2.16183424272828,2.53092750868759
polynomial,sieve_md,0.000145869335475403,3.33964685192599,2.33985255566575
polynomial,sieve_md,0.000237454143139697,3.11700001661268,2.56706021435834
polynomial,sieve_md,1.86627626583844e-05,3.33964685192599,2.66431652742099
polynomial,sieve_md,3.7925954246108e-05,3.11700001661268,2.9464699557917
polynomial,sieve_md,2.4400600579441e-05,3.01375270747048,2.18897284094469
polynomial,sieve_md,6.92403232783208e-05,2.82211880039051,2.3905528947032
polynomial,sieve_md,4.31504524916592e-06,3.01375270747048,2.47692544661907
polynomial,sieve_md,1.52679169168351e-05,2.82211880039051,2.72731395087371
polynomial,sieve_md,1.8633590714669e-05,3.33964685192599,2.37038694587247
polynomial,sieve_md,1.63566004119122e-05,3.11700001661268,2.60272855972086
polynomial,sieve_md,2.63615981963957e-06,3.33964685192599,2.70226592759706
polynomial,sieve_md,2.92565684461606e-06,3.11700001661268,2.99085721731339
polynomial,sieve_md,0.000114075714676479,3.01375270747048,2.21612098106046
polynomial,sieve_md,0.000174555088762244,2.82211880039051,2.42233050889561
polynomial,sieve_md,2.2307006422673e-05,3.01375270747048,2.51063888378604
polynomial,sieve_md,4.31049148664089e-05,2.82211880039051,2.76674109479997
polynomial,sieve_md,2.07534242777046e-05,3.33964685192599,2.35539261512552
polynomial,sieve_md,3.12291994728862e-05,3.11700001661268,2.58518508491758
polynomial,sieve_md,9.71766286816531e-05,3.33964685192599,2.68374338730267
polynomial,sieve_md,0.000182548282686344,3.11700001661268,2.96925757267997
polynomial,sieve_md,3.47157279359331e-06,3.01375270747048,2.20279460104031
polynomial,sieve_md,9.10626295517483e-06,2.82211880039051,2.40671210512376
polynomial,sieve_md,2.24683535657752e-05,3.01375270747048,2.49408847845317
polynomial,sieve_md,7.34887775078738e-05,2.82211880039051,2.74743220224865
polynomial,sieve_md,2.0657725362343e-06,3.33964685192599,2.38630983164088
polynomial,sieve_md,1.68384156016759e-06,3.11700001661268,2.62133594346844
polynomial,sieve_md,1.06959119323509e-05,3.33964685192599,2.72209327275993
polynomial,sieve_md,1.10227942459221e-05,3.11700001661268,3.01402028642118
polynomial,sieve_md,1.26467561748286e-05,3.01375270747048,2.23024137454468
polynomial,sieve_md,1.79696945327679e-05,2.82211880039051,2.43880863726574
polynomial,sieve_md,9.05080846744403e-05,3.01375270747048,2.52823791421471
polynomial,sieve_md,0.000162403396158639,2.82211880039051,2.78752285352281
polynomial,sieve_md,0.000955884325267599,1.77880078307141,1.90709653883998
polynomial,sieve_md,0.000970351563627095,1.70468808971871,2.06088448666693
polynomial,sieve_md,0.000139844897630605,1.77880078307141,2.12684827197649
polynomial,sieve_md,0.000176779079384732,1.70468808971871,2.31788793779468
polynomial,sieve_md,6.2589294446911e-05,1.67032004603564,1.80501125060972
polynomial,sieve_md,0.000111229908396983,1.60653065971263,1.94147488856531
polynomial,sieve_md,1.26565182893121e-05,1.67032004603564,1.99999438511912
polynomial,sieve_md,2.79761065503157e-05,1.60653065971263,2.1695270442836
polynomial,sieve_md,0.000122106248236165,1.77880078307141,1.92785608434858
polynomial,sieve_md,6.6840917473422e-05,1.70468808971871,2.08515752407431
polynomial,sieve_md,1.9753425945745e-05,1.77880078307141,2.15256756762733
polynomial,sieve_md,1.36369653412199e-05,1.70468808971871,2.34796612479814
polynomial,sieve_md,0.000292612408120141,1.67032004603564,1.82334852329502
polynomial,sieve_md,0.000280410974616735,1.60653065971263,1.96291658355259
polynomial,sieve_md,6.54289859006547e-05,1.67032004603564,2.02281342618421
polynomial,sieve_md,7.89831185035628e-05,1.60653065971263,2.19619966762853
polynomial,sieve_md,0.000135997554921548,1.77880078307141,1.91768334056322
polynomial,sieve_md,0.000127617493376436,1.70468808971871,2.07326658592148
polynomial,sieve_md,0.000728169560896594,1.77880078307141,2.13992467862028
polynomial,sieve_md,0.000850887419922132,1.70468808971871,2.33316309330402
polynomial,sieve_md,8.90483375868919e-06,1.67032004603564,1.81438629840476
polynomial,sieve_md,1.46285971293273e-05,1.60653065971263,1.95244585123889
polynomial,sieve_md,6.5902235414781e-05,1.67032004603564,2.01161952683363
polynomial,sieve_md,0.00013465686779745,1.60653065971263,2.18309333066228
polynomial,sieve_md,1.35370438243179e-05,1.77880078307141,1.93863643670078
polynomial,sieve_md,6.8809845522369e-06,1.70468808971871,2.09777161980095
polynomial,sieve_md,8.01472288227161e-05,1.77880078307141,2.16596611792649
polynomial,sieve_md,5.13790478783116e-05,1.70468808971871,2.36363463418272
polynomial,sieve_md,3.24398386608389e-05,1.67032004603564,1.83296496645976
polynomial,sieve_md,2.88671020319653e-05,1.60653065971263,1.97416898774863
polynomial,sieve_md,0.000265470502130676,1.67032004603564,2.03467984636921
polynomial,sieve_md,0.000297579213969747,1.60653065971263,2.2100864491994
polynomial,sieve_md,0.000132056579730201,2.22140275816017,2.05902137189289
polynomial,sieve_md,0.000172859738935083,2.10517091807565,2.23860309342684
polynomial,sieve_md,2.60789243617065e-05,2.22140275816017,2.31554908313512
polynomial,sieve_md,4.2509300165877e-05,2.10517091807565,2.53859496780043
polynomial,sieve_md,8.70500243869682e-06,2.05127109637602,1.93981308965617
polynomial,sieve_md,1.99752704930459e-05,1.95122942450071,2.09914487052254
polynomial,sieve_md,2.37613678042614e-06,2.05127109637602,2.16744464336932
polynomial,sieve_md,6.7818270053608e-06,1.95122942450071,2.36536574949049
polynomial,sieve_md,1.68691263989926e-05,2.22140275816017,2.08322353278083
polynomial,sieve_md,1.19071313714885e-05,2.10517091807565,2.26686791615311
polynomial,sieve_md,3.68371038094215e-06,2.22140275816017,2.34556638814272
polynomial,sieve_md,3.2792220383723e-06,2.10517091807565,2.57368511686639
polynomial,sieve_md,4.06969234721017e-05,2.05127109637602,1.96122387088768
polynomial,sieve_md,5.03577243559056e-05,1.95122942450071,2.12421441698095
polynomial,sieve_md,1.22836483423577e-05,2.05127109637602,2.19408476020867
polynomial,sieve_md,1.91466902326703e-05,1.95122942450071,2.39651714647444
polynomial,sieve_md,1.87882272780048e-05,2.22140275816017,2.07136300147749
polynomial,sieve_md,2.27339527399143e-05,2.10517091807565,2.25298784419017
polynomial,sieve_md,0.000135792433065955,2.22140275816017,2.33083770591856
polynomial,sieve_md,0.000204609215449747,2.10517091807565,2.55650009539289
polynomial,sieve_md,1.23849614012393e-06,2.05127109637602,1.95075153336365
polynomial,sieve_md,2.62708284851948e-06,1.95122942450071,2.1119384325313
polynomial,sieve_md,1.2372496282299e-05,2.05127109637602,2.18100458171822
polynomial,sieve_md,3.26428404482803e-05,1.95122942450071,2.38122324204644
polynomial,sieve_md,1.87015903477317e-06,2.22140275816017,2.09581698297924
polynomial,sieve_md,1.22578788750539e-06,2.10517091807565,2.28159479318158
polynomial,sieve_md,1.4946226524396e-05,2.22140275816017,2.36120854174722
polynomial,sieve_md,1.23548972881728e-05,2.10517091807565,2.59198367094184
polynomial,sieve_md,4.51177596981956e-06,2.05127109637602,1.97245172804849
polynomial,sieve_md,5.18411081829589e-06,1.95122942450071,2.13731498110117
polynomial,sieve_md,4.98394747917028e-05,2.05127109637602,2.20793251001084
polynomial,sieve_md,7.2137655963828e-05,1.95122942450071,2.41274839597794
polynomial,sieve_md,0.00412805270405592,2.49182469764127,2.14763738661961
polynomial,sieve_md,0.00520141172609965,2.349858807576,2.34225358430155
polynomial,sieve_md,0.000603929882050146,2.49182469764127,2.42559665921866
polynomial,sieve_md,0.00094759550137048,2.349858807576,2.66727024178441
polynomial,sieve_md,0.000373781006118126,2.28402541668774,2.01842892876866
polynomial,sieve_md,0.000824452263201824,2.16183424272828,2.19109338833513
polynomial,sieve_md,7.55842701525296e-05,2.28402541668774,2.26508538306034
polynomial,sieve_md,0.00020736297182466,2.16183424272828,2.47956488472143
polynomial,sieve_md,0.000527324295303528,2.49182469764127,2.17383028859263
polynomial,sieve_md,0.000358289866231539,2.349858807576,2.37282361031291
polynomial,sieve_md,8.53065389129307e-05,2.49182469764127,2.45811437296848
polynomial,sieve_md,7.30987346164517e-05,2.349858807576,2.70530230293537
polynomial,sieve_md,0.00174747073403369,2.28402541668774,2.04165298627638
polynomial,sieve_md,0.00207844693914776,2.16183424272828,2.21826489491293
polynomial,sieve_md,0.00039073954092867,2.28402541668774,2.29396059289836
polynomial,sieve_md,0.000585434365122306,2.16183424272828,2.51332954849792
polynomial,sieve_md,0.000587314865929753,2.49182469764127,2.1609745755687
polynomial,sieve_md,0.00068407281585907,2.349858807576,2.35780064238891
polynomial,sieve_md,0.00314465071286622,2.49182469764127,2.44216870317943
polynomial,sieve_md,0.00456104361498663,2.349858807576,2.68672669706064
polynomial,sieve_md,5.31793456221294e-05,2.28402541668774,2.03027398714219
polynomial,sieve_md,0.000108429290148266,2.16183424272828,2.20494005657957
polynomial,sieve_md,0.000393565769936334,2.28402541668774,2.27979194830975
polynomial,sieve_md,0.000998096294524031,2.16183424272828,2.49676577324688
polynomial,sieve_md,5.84606619093318e-05,2.49182469764127,2.18746705083622
polynomial,sieve_md,3.68843984785601e-05,2.349858807576,2.38878262799767
polynomial,sieve_md,0.000346121362092197,2.49182469764127,2.47506297948237
polynomial,sieve_md,0.000275409029188504,2.349858807576,2.72515180502999
polynomial,sieve_md,0.000193729544966239,2.28402541668774,2.05378398356891
polynomial,sieve_md,0.000213967159960164,2.16183424272828,2.23243578759688
polynomial,sieve_md,0.00158538025165397,2.28402541668774,2.30900136905758
polynomial,sieve_md,0.00220570042693509,2.16183424272828,2.53092750868759
polynomial,sieve_md,0.000754084375812706,3.33964685192599,2.33985255566575
polynomial,sieve_md,0.00122415508932939,3.11700001661268,2.56706021435834
polynomial,sieve_md,0.0001489188152483,3.33964685192599,2.66431652742099
polynomial,sieve_md,0.000301041621736058,3.11700001661268,2.9464699557917
polynomial,sieve_md,6.86603202630765e-05,3.01375270747048,2.18897284094469
polynomial,sieve_md,0.000195481692525041,2.82211880039051,2.3905528947032
polynomial,sieve_md,1.87416733633171e-05,3.01375270747048,2.47692544661907
polynomial,sieve_md,6.63682137311478e-05,2.82211880039051,2.72731395087371
polynomial,sieve_md,9.63279881780911e-05,3.33964685192599,2.37038694587247
polynomial,sieve_md,8.4323715617755e-05,3.11700001661268,2.60272855972086
polynomial,sieve_md,2.10351384911134e-05,3.33964685192599,2.70226592759706
polynomial,sieve_md,2.32227375330128e-05,3.11700001661268,2.99085721731339
polynomial,sieve_md,0.000320995177082884,3.01375270747048,2.21612098106046
polynomial,sieve_md,0.000492810006864686,2.82211880039051,2.42233050889561
polynomial,sieve_md,9.68867309486421e-05,3.01375270747048,2.51063888378604
polynomial,sieve_md,0.000187373052807374,2.82211880039051,2.76674109479997
polynomial,sieve_md,0.000107286654466648,3.33964685192599,2.35539261512552
polynomial,sieve_md,0.000160996910666349,3.11700001661268,2.58518508491758
polynomial,sieve_md,0.00077541726688542,3.33964685192599,2.68374338730267
polynomial,sieve_md,0.00144899797928404,3.11700001661268,2.96925757267997
polynomial,sieve_md,9.76858332026189e-06,3.01375270747048,2.20279460104031
polynomial,sieve_md,2.5709118773179e-05,2.82211880039051,2.40671210512376
polynomial,sieve_md,9.7587515130386e-05,3.01375270747048,2.49408847845317
polynomial,sieve_md,0.00031944887564232,2.82211880039051,2.74743220224865
polynomial,sieve_md,1.06791930495902e-05,3.33964685192599,2.38630983164088
polynomial,sieve_md,8.68076331812331e-06,3.11700001661268,2.62133594346844
polynomial,sieve_md,8.53476284364712e-05,3.33964685192599,2.72209327275993
polynomial,sieve_md,8.74946964899589e-05,3.11700001661268,3.01402028642118
polynomial,sieve_md,3.55864326546287e-05,3.01375270747048,2.23024137454468
polynomial,sieve_md,5.07326675426327e-05,2.82211880039051,2.43880863726574
polynomial,sieve_md,0.000393106644718428,3.01375270747048,2.52823791421471
polynomial,sieve_md,0.000705952446927189,2.82211880039051,2.78752285352281
polynomial,sieve_md,0.00106462963936783,1.77880078307141,1.90709653883998
polynomial,sieve_md,0.000744617548498822,1.70468808971871,2.06088448666693
polynomial,sieve_md,8.14586064091042e-05,1.77880078307141,2.12684827197649
polynomial,sieve_md,7.13780584804168e-05,1.70468808971871,2.31788793779468
polynomial,sieve_md,0.000173893987726491,1.67032004603564,1.80501125060972
polynomial,sieve_md,0.000212368151645404,1.60653065971263,1.94147488856531
polynomial,sieve_md,1.83906000541097e-05,1.67032004603564,1.99999438511912
polynomial,sieve_md,2.81050774725219e-05,1.60653065971263,2.1695270442836
polynomial,sieve_md,0.000135997554921548,1.77880078307141,1.92785608434858
polynomial,sieve_md,5.12916369428333e-05,1.70468808971871,2.08515752407431
polynomial,sieve_md,1.15062227983188e-05,1.77880078307141,2.15256756762733
polynomial,sieve_md,5.50619515051667e-06,1.70468808971871,2.34796612479814
polynomial,sieve_md,0.000812975109496126,1.67032004603564,1.82334852329502
polynomial,sieve_md,0.000535380827321236,1.60653065971263,1.96291658355259
polynomial,sieve_md,9.50718265592076e-05,1.67032004603564,2.02281342618421
polynomial,sieve_md,7.93472337035748e-05,1.60653065971263,2.19619966762853
polynomial,sieve_md,0.000151469193524543,1.77880078307141,1.91768334056322
polynomial,sieve_md,9.79296871623786e-05,1.70468808971871,2.07326658592148
polynomial,sieve_md,0.000424153320322389,1.77880078307141,2.13992467862028
polynomial,sieve_md,0.000343562667204943,1.70468808971871,2.33316309330402
polynomial,sieve_md,2.4740605658263e-05,1.67032004603564,1.81438629840476
polynomial,sieve_md,2.79299711587711e-05,1.60653065971263,1.95244585123889
polynomial,sieve_md,9.57594834914816e-05,1.67032004603564,2.01161952683363
polynomial,sieve_md,0.000135277641113065,1.60653065971263,2.18309333066228
polynomial,sieve_md,1.50770733485513e-05,1.77880078307141,1.93863643670078
polynomial,sieve_md,5.2802530965096e-06,1.70468808971871,2.09777161980095
polynomial,sieve_md,4.66851610467426e-05,1.77880078307141,2.16596611792649
polynomial,sieve_md,2.07453093255728e-05,1.70468808971871,2.36363463418272
polynomial,sieve_md,9.01287185897598e-05,1.67032004603564,1.83296496645976
polynomial,sieve_md,5.5115150144761e-05,1.60653065971263,1.97416898774863
polynomial,sieve_md,0.000385742881197564,1.67032004603564,2.03467984636921
polynomial,sieve_md,0.000298951065538372,1.60653065971263,2.2100864491994
polynomial,sieve_md,0.00486799514877874,2.22140275816017,2.05902137189289
polynomial,sieve_md,0.00437572668196998,2.10517091807565,2.23860309342684
polynomial,sieve_md,0.000502778739068938,2.22140275816017,2.31554908313512
polynomial,sieve_md,0.000566200169935022,2.10517091807565,2.53859496780043
polynomial,sieve_md,0.000795789056860014,2.05127109637602,1.93981308965617
polynomial,sieve_md,0.00124637013784139,1.95122942450071,2.09914487052254
polynomial,sieve_md,0.000113605050807996,2.05127109637602,2.16744464336932
polynomial,sieve_md,0.000222654142301546,1.95122942450071,2.36536574949049
polynomial,sieve_md,0.000621845769761753,2.22140275816017,2.08322353278083
polynomial,sieve_md,0.000301414041053892,2.10517091807565,2.26686791615311
polynomial,sieve_md,7.10186982690438e-05,2.22140275816017,2.34556638814272
polynomial,sieve_md,4.36774086643626e-05,2.10517091807565,2.57368511686639
polynomial,sieve_md,0.00372040864721646,2.05127109637602,1.96122387088768
polynomial,sieve_md,0.00314210332564453,1.95122942450071,2.12421441698095
polynomial,sieve_md,0.000587291314850503,2.05127109637602,2.19408476020867
polynomial,sieve_md,0.000628604930249441,1.95122942450071,2.39651714647444
polynomial,sieve_md,0.000692589490280147,2.22140275816017,2.07136300147749
polynomial,sieve_md,0.000575481394357805,2.10517091807565,2.25298784419017
polynomial,sieve_md,0.00261795875186688,2.22140275816017,2.33083770591856
polynomial,sieve_md,0.00272528063519881,2.10517091807565,2.55650009539289
polynomial,sieve_md,0.000113220149243466,2.05127109637602,1.95075153336365
polynomial,sieve_md,0.000163918561862273,1.95122942450071,2.1119384325313
polynomial,sieve_md,0.000591539207822979,2.05127109637602,2.18100458171822
polynomial,sieve_md,0.0010716969979554,1.95122942450071,2.38122324204644
polynomial,sieve_md,6.89395797416559e-05,2.22140275816017,2.09581698297924
polynomial,sieve_md,3.10292772558639e-05,2.10517091807565,2.28159479318158
polynomial,sieve_md,0.000288150110086933,2.22140275816017,2.36120854174722
polynomial,sieve_md,0.000164560341308759,2.10517091807565,2.59198367094184
polynomial,sieve_md,0.000412455018717247,2.05127109637602,1.97245172804849
polynomial,sieve_md,0.000323466003498371,1.95122942450071,2.13731498110117
polynomial,sieve_md,0.00238286621906497,2.05127109637602,2.20793251001084
polynomial,sieve_md,0.00236835116902479,1.95122942450071,2.41274839597794
polynomial,sieve_md,0.000125625646953538,2.49182469764127,2.14763738661961
polynomial,sieve_md,0.000109059940049626,2.349858807576,2.34225358430155
polynomial,sieve_md,9.61206578482424e-06,2.49182469764127,2.42559665921866
polynomial,sieve_md,1.0454342359278e-05,2.349858807576,2.66727024178441
polynomial,sieve_md,2.83753746749529e-05,2.28402541668774,2.01842892876866
polynomial,sieve_md,4.30103708573674e-05,2.16183424272828,2.19109338833513
polynomial,sieve_md,3.00090977183953e-06,2.28402541668774,2.26508538306034
polynomial,sieve_md,5.69204843429907e-06,2.16183424272828,2.47956488472143
polynomial,sieve_md,1.60476283858334e-05,2.49182469764127,2.17383028859263
polynomial,sieve_md,7.51239728543871e-06,2.349858807576,2.37282361031291
polynomial,sieve_md,1.35772725986537e-06,2.49182469764127,2.45811437296848
polynomial,sieve_md,8.06461403209649e-07,2.349858807576,2.70530230293537
polynomial,sieve_md,0.000132658257108041,2.28402541668774,2.04165298627638
polynomial,sieve_md,0.000108429290148266,2.16183424272828,2.21826489491293
polynomial,sieve_md,1.55134673424864e-05,2.28402541668774,2.29396059289836
polynomial,sieve_md,1.60699894106312e-05,2.16183424272828,2.51332954849792
polynomial,sieve_md,1.78732722877697e-05,2.49182469764127,2.1609745755687
polynomial,sieve_md,1.43432099237244e-05,2.349858807576,2.35780064238891
polynomial,sieve_md,5.00498326391054e-05,2.49182469764127,2.44216870317943
polynomial,sieve_md,5.03196895697656e-05,2.349858807576,2.68672669706064
polynomial,sieve_md,4.03708008779839e-06,2.28402541668774,2.03027398714219
polynomial,sieve_md,5.65658460681113e-06,2.16183424272828,2.20494005657957
polynomial,sieve_md,1.56256766451553e-05,2.28402541668774,2.27979194830975
polynomial,sieve_md,2.73974297365351e-05,2.16183424272828,2.49676577324688
polynomial,sieve_md,1.77908544299253e-06,2.49182469764127,2.18746705083622
polynomial,sieve_md,7.7336894263794e-07,2.349858807576,2.38878262799767
polynomial,sieve_md,5.50882047874379e-06,2.49182469764127,2.47506297948237
polynomial,sieve_md,3.03844865853506e-06,2.349858807576,2.72515180502999
polynomial,sieve_md,1.47068693541049e-05,2.28402541668774,2.05378398356891
polynomial,sieve_md,1.11623283869032e-05,2.16183424272828,2.23243578759688
polynomial,sieve_md,6.29440898174842e-05,2.28402541668774,2.30900136905758
polynomial,sieve_md,6.05457838069798e-05,2.16183424272828,2.53092750868759
polynomial,sieve_md,0.000759538687224554,3.33964685192599,2.33985255566575
polynomial,sieve_md,0.000846706009089562,3.11700001661268,2.56706021435834
polynomial,sieve_md,7.84470591620539e-05,3.33964685192599,2.66431652742099
polynomial,sieve_md,0.000109560107628954,3.11700001661268,2.9464699557917
polynomial,sieve_md,0.000171504198251637,3.01375270747048,2.18897284094469
polynomial,sieve_md,0.000333273146539268,2.82211880039051,2.3905528947032
polynomial,sieve_md,2.44835525045291e-05,3.01375270747048,2.47692544661907
polynomial,sieve_md,5.95366050115374e-05,2.82211880039051,2.72731395087371
polynomial,sieve_md,9.70247309592075e-05,3.33964685192599,2.37038694587247
polynomial,sieve_md,5.83238164385081e-05,3.11700001661268,2.60272855972086
polynomial,sieve_md,1.10808345536661e-05,3.33964685192599,2.70226592759706
polynomial,sieve_md,8.45160748498278e-06,3.11700001661268,2.99085721731339
polynomial,sieve_md,0.000801802558993415,3.01375270747048,2.21612098106046
polynomial,sieve_md,0.000840182727662812,2.82211880039051,2.42233050889561
polynomial,sieve_md,0.000126569880831251,3.01375270747048,2.51063888378604
polynomial,sieve_md,0.00016808581710499,2.82211880039051,2.76674109479997
polynomial,sieve_md,0.000108062661558913,3.33964685192599,2.35539261512552
polynomial,sieve_md,0.000111356030697654,3.11700001661268,2.58518508491758
polynomial,sieve_md,0.000408472254558399,3.33964685192599,2.68374338730267
polynomial,sieve_md,0.000527343606671384,3.11700001661268,2.96925757267997
polynomial,sieve_md,2.4400600579441e-05,3.01375270747048,2.20279460104031
polynomial,sieve_md,4.38310043135704e-05,2.82211880039051,2.40671210512376
polynomial,sieve_md,0.000127485363988782,3.01375270747048,2.49408847845317
polynomial,sieve_md,0.000286566421804578,2.82211880039051,2.74743220224865
polynomial,sieve_md,1.07564359237141e-05,3.33964685192599,2.38630983164088
polynomial,sieve_md,6.00418568611739e-06,3.11700001661268,2.62133594346844
polynomial,sieve_md,4.49591977087213e-05,3.33964685192599,2.72209327275993
polynomial,sieve_md,3.1842534959525e-05,3.11700001661268,3.01402028642118
polynomial,sieve_md,8.88900980607588e-05,3.01375270747048,2.23024137454468
polynomial,sieve_md,8.64931929218788e-05,2.82211880039051,2.43880863726574
polynomial,sieve_md,0.000513542573774717,3.01375270747048,2.52823791421471
polynomial,sieve_md,0.000633285267551308,2.82211880039051,2.78752285352281
polynomial,sieve_md,0.000105972038196597,1.77880078307141,1.90709653883998
polynomial,sieve_md,7.40029352343184e-05,1.70468808971871,2.06088448666693
polynomial,sieve_md,1.25892464741956e-05,1.77880078307141,2.12684827197649
polynomial,sieve_md,1.10343278474698e-05,1.70468808971871,2.31788793779468
polynomial,sieve_md,9.36643552119747e-06,1.67032004603564,1.80501125060972
polynomial,sieve_md,1.14506399725992e-05,1.60653065971263,1.94147488856531
polynomial,sieve_md,1.53799777282289e-06,1.67032004603564,1.99999438511912
polynomial,sieve_md,2.35716852536868e-06,1.60653065971263,2.1695270442836
polynomial,sieve_md,1.35370438243179e-05,1.77880078307141,1.92785608434858
polynomial,sieve_md,5.09755873252653e-06,1.70468808971871,2.08515752407431
polynomial,sieve_md,1.778261146128e-06,1.77880078307141,2.15256756762733
polynomial,sieve_md,8.51202229038192e-07,1.70468808971871,2.34796612479814
polynomial,sieve_md,4.37892019326779e-05,1.67032004603564,1.82334852329502
polynomial,sieve_md,2.88671020319653e-05,1.60653065971263,1.96291658355259
polynomial,sieve_md,7.95081493132629e-06,1.67032004603564,2.02281342618421
polynomial,sieve_md,6.65484028798717e-06,1.60653065971263,2.19619966762853
polynomial,sieve_md,1.50770733485513e-05,1.77880078307141,1.91768334056322
polynomial,sieve_md,9.73262624713179e-06,1.70468808971871,2.07326658592148
polynomial,sieve_md,6.55519524305315e-05,1.77880078307141,2.13992467862028
polynomial,sieve_md,5.31113228182101e-05,1.70468808971871,2.33316309330402
polynomial,sieve_md,1.33260091785331e-06,1.67032004603564,1.81438629840476
polynomial,sieve_md,1.50595106519631e-06,1.60653065971263,1.95244585123889
polynomial,sieve_md,8.00832337733632e-06,1.67032004603564,2.01161952683363
polynomial,sieve_md,1.13457149559397e-05,1.60653065971263,2.18309333066228
polynomial,sieve_md,1.50075494209827e-06,1.77880078307141,1.93863643670078
polynomial,sieve_md,5.24771714969094e-07,1.70468808971871,2.09777161980095
polynomial,sieve_md,7.21508782206799e-06,1.77880078307141,2.16596611792649
polynomial,sieve_md,3.20701556288963e-06,1.70468808971871,2.36363463418272
polynomial,sieve_md,4.8545947005765e-06,1.67032004603564,1.83296496645976
polynomial,sieve_md,2.97174381588617e-06,1.60653065971263,1.97416898774863
polynomial,sieve_md,3.22595070535267e-05,1.67032004603564,2.03467984636921
polynomial,sieve_md,2.50729798913181e-05,1.60653065971263,2.2100864491994
polynomial,sieve_md,0.000535804216557258,2.22140275816017,2.05902137189289
polynomial,sieve_md,0.000482473898643181,2.10517091807565,2.23860309342684
polynomial,sieve_md,8.59217117479918e-05,2.22140275816017,2.31554908313512
polynomial,sieve_md,9.71089158479462e-05,2.10517091807565,2.53859496780043
polynomial,sieve_md,4.76763856244649e-05,2.05127109637602,1.93981308965617
polynomial,sieve_md,7.52594403054059e-05,1.95122942450071,2.09914487052254
polynomial,sieve_md,1.05675187534922e-05,2.05127109637602,2.16744464336932
polynomial,sieve_md,2.09127045694097e-05,1.95122942450071,2.36536574949049
polynomial,sieve_md,6.84445188015912e-05,2.22140275816017,2.08322353278083
polynomial,sieve_md,3.32343443872496e-05,2.10517091807565,2.26686791615311
polynomial,sieve_md,1.21366470919004e-05,2.22140275816017,2.34556638814272
polynomial,sieve_md,7.49110655147047e-06,2.10517091807565,2.57368511686639
polynomial,sieve_md,0.000222892782724565,2.05127109637602,1.96122387088768
polynomial,sieve_md,0.000189729303110001,1.95122942450071,2.12421441698095
polynomial,sieve_md,5.46297188312067e-05,2.05127109637602,2.19408476020867
polynomial,sieve_md,5.90414759918424e-05,1.95122942450071,2.39651714647444
polynomial,sieve_md,7.6231047462823e-05,2.22140275816017,2.07136300147749
polynomial,sieve_md,6.34534037686793e-05,2.10517091807565,2.25298784419017
polynomial,sieve_md,0.000447392619788555,2.22140275816017,2.33083770591856
polynomial,sieve_md,0.00046741251931438,2.10517091807565,2.55650009539289
polynomial,sieve_md,6.78311350132134e-06,2.05127109637602,1.95075153336365
polynomial,sieve_md,9.89787772257393e-06,1.95122942450071,2.1119384325313
polynomial,sieve_md,5.50248569727787e-05,2.05127109637602,2.18100458171822
polynomial,sieve_md,0.000100658727812086,1.95122942450071,2.38122324204644
polynomial,sieve_md,7.58795281924868e-06,2.22140275816017,2.09581698297924
polynomial,sieve_md,3.42133260548552e-06,2.10517091807565,2.28159479318158
polynomial,sieve_md,4.92430343114546e-05,2.22140275816017,2.36120854174722
polynomial,sieve_md,2.82237222533781e-05,2.10517091807565,2.59198367094184
polynomial,sieve_md,2.47105239203716e-05,2.05127109637602,1.97245172804849
polynomial,sieve_md,1.95318145404827e-05,1.95122942450071,2.13731498110117
polynomial,sieve_md,0.000221653731748163,2.05127109637602,2.20793251001084
polynomial,sieve_md,0.000222446471475719,1.95122942450071,2.41274839597794
polynomial,sieve_md,0.000457647591102943,2.49182469764127,2.14763738661961
polynomial,sieve_md,0.000396680697514186,2.349858807576,2.34225358430155
polynomial,sieve_md,5.43675333678904e-05,2.49182469764127,2.42559665921866
polynomial,sieve_md,5.91477196583503e-05,2.349858807576,2.66727024178441
polynomial,sieve_md,5.59360146777711e-05,2.28402541668774,2.01842892876866
polynomial,sieve_md,8.48738093609244e-05,2.16183424272828,2.19109338833513
polynomial,sieve_md,9.18486715680733e-06,2.28402541668774,2.26508538306034
polynomial,sieve_md,1.74716760401559e-05,2.16183424272828,2.47956488472143
polynomial,sieve_md,5.84606619093318e-05,2.49182469764127,2.17383028859263
polynomial,sieve_md,2.73246344518023e-05,2.349858807576,2.37282361031291
polynomial,sieve_md,7.67954399789561e-06,2.49182469764127,2.45811437296848
polynomial,sieve_md,4.56273109804858e-06,2.349858807576,2.70530230293537
polynomial,sieve_md,0.00026150753256037,2.28402541668774,2.04165298627638
polynomial,sieve_md,0.000213967159960164,2.16183424272828,2.21826489491293
polynomial,sieve_md,4.74819796380822e-05,2.28402541668774,2.29396059289836
polynomial,sieve_md,4.93266443868302e-05,2.16183424272828,2.51332954849792
polynomial,sieve_md,6.51113861379755e-05,2.49182469764127,2.1609745755687
polynomial,sieve_md,5.2170159955584e-05,2.349858807576,2.35780064238891
polynomial,sieve_md,0.000283090649500133,2.49182469764127,2.44216870317943
polynomial,sieve_md,0.000284694607243882,2.349858807576,2.68672669706064
polynomial,sieve_md,7.95824455652947e-06,2.28402541668774,2.03027398714219
polynomial,sieve_md,1.11623283869032e-05,2.16183424272828,2.20494005657957
polynomial,sieve_md,4.78254180008225e-05,2.28402541668774,2.27979194830975
polynomial,sieve_md,8.40960898725417e-05,2.16183424272828,2.49676577324688
polynomial,sieve_md,6.48111422385726e-06,2.49182469764127,2.18746705083622
polynomial,sieve_md,2.81295342232749e-06,2.349858807576,2.38878262799767
polynomial,sieve_md,3.11588567848423e-05,2.49182469764127,2.47506297948237
polynomial,sieve_md,1.71906852937362e-05,2.349858807576,2.72515180502999
polynomial,sieve_md,2.89914642354107e-05,2.28402541668774,2.05378398356891
polynomial,sieve_md,2.20269975042956e-05,2.16183424272828,2.23243578759688
polynomial,sieve_md,0.000192652611119777,2.28402541668774,2.30900136905758
polynomial,sieve_md,0.000185844574669916,2.16183424272828,2.53092750868759
polynomial,sieve_md,0.00305960966902122,3.33964685192599,2.33985255566575
polynomial,sieve_md,0.00341677525449953,3.11700001661268,2.56706021435834
polynomial,sieve_md,0.000490639849257172,3.33964685192599,2.66431652742099
polynomial,sieve_md,0.000687704229376201,3.11700001661268,2.9464699557917
polynomial,sieve_md,0.000376045374945552,3.01375270747048,2.18897284094469
polynomial,sieve_md,0.000736502806032577,2.82211880039051,2.3905528947032
polynomial,sieve_md,8.33508350067117e-05,3.01375270747048,2.47692544661907
polynomial,sieve_md,0.000204655595824225,2.82211880039051,2.72731395087371
polynomial,sieve_md,0.000390839610898199,3.33964685192599,2.37038694587247
polynomial,sieve_md,0.00023535840139997,3.11700001661268,2.60272855972086
polynomial,sieve_md,6.93040510775986e-05,3.33964685192599,2.70226592759706
polynomial,sieve_md,5.30503879398729e-05,3.11700001661268,2.99085721731339
polynomial,sieve_md,0.00175805692806767,3.01375270747048,2.21612098106046
polynomial,sieve_md,0.00185672606067844,2.82211880039051,2.42233050889561
polynomial,sieve_md,0.000430889481909668,3.01375270747048,2.51063888378604
polynomial,sieve_md,0.000577790806891949,2.82211880039051,2.76674109479997
polynomial,sieve_md,0.000435303125077114,3.33964685192599,2.35539261512552
polynomial,sieve_md,0.000449363209948342,3.11700001661268,2.58518508491758
polynomial,sieve_md,0.00255475179749266,3.33964685192599,2.68374338730267
polynomial,sieve_md,0.00331011384061995,3.11700001661268,2.96925757267997
polynomial,sieve_md,5.35015065947808e-05,3.01375270747048,2.20279460104031
polynomial,sieve_md,9.68624625277663e-05,2.82211880039051,2.40671210512376
polynomial,sieve_md,0.000434006116458544,3.01375270747048,2.49408847845317
polynomial,sieve_md,0.000985064932511136,2.82211880039051,2.74743220224865
polynomial,sieve_md,4.33295840092911e-05,3.33964685192599,2.38630983164088
polynomial,sieve_md,2.42291336727435e-05,3.11700001661268,2.62133594346844
polynomial,sieve_md,0.000281193128488883,3.33964685192599,2.72209327275993
polynomial,sieve_md,0.000199874264818062,3.11700001661268,3.01402028642118
polynomial,sieve_md,0.000194903160359726,3.01375270747048,2.23024137454468
polynomial,sieve_md,0.000191141950532684,2.82211880039051,2.43880863726574
polynomial,sieve_md,0.00174828396850091,3.01375270747048,2.52823791421471
polynomial,sieve_md,0.00217690232307168,2.82211880039051,2.78752285352281
polynomial,landweber,0.00748294912415195,1.77880078307141,1.74854428537943
polynomial,landweber,0.0076425891174435,1.70468808971871,1.74679784638749
polynomial,landweber,0.000709245152938778,1.77880078307141,2.04596795349226
polynomial,landweber,0.000904292506752669,1.70468808971871,2.04352759123986
polynomial,landweber,0.000905462486159698,1.67032004603564,1.58478932440694
polynomial,landweber,0.00161476113157825,1.60653065971263,1.58342494437205
polynomial,landweber,0.000118622468061873,1.67032004603564,1.81714723473442
polynomial,landweber,0.000263779258816363,1.60653065971263,1.81524073725556
polynomial,landweber,0.000955884325267599,1.77880078307141,1.78823227189189
polynomial,landweber,0.000526445968276534,1.70468808971871,1.78639323631148
polynomial,landweber,0.000100182572573807,1.77880078307141,2.10142540983986
polynomial,landweber,6.97582859681761e-05,1.70468808971871,2.09885565903149
polynomial,landweber,0.00423314499514566,1.67032004603564,1.61579498602646
polynomial,landweber,0.00407081826466162,1.60653065971263,1.61435826625498
polynomial,landweber,0.00061322929520635,1.67032004603564,1.86047256506461
polynomial,landweber,0.000744710791703774,1.60653065971263,1.85846498466026
polynomial,landweber,0.00106462963936783,1.77880078307141,1.72065421771829
polynomial,landweber,0.00100512855611679,1.70468808971871,1.71897284942772
polynomial,landweber,0.00369302520387731,1.77880078307141,2.00699615507756
polynomial,landweber,0.00435261412495031,1.70468808971871,2.00464671846532
polynomial,landweber,0.000128823834574787,1.67032004603564,1.56300061511641
polynomial,landweber,0.000212368151645404,1.60653065971263,1.56168707061955
polynomial,landweber,0.000617664798248458,1.67032004603564,1.78670108463884
polynomial,landweber,0.00126964374825572,1.60653065971263,1.78486562149251
polynomial,landweber,0.000105972038196597,1.77880078307141,1.75886346656515
polynomial,landweber,5.4195344890929e-05,1.70468808971871,1.75709295174933
polynomial,landweber,0.000406479138868103,1.77880078307141,2.06038731790044
polynomial,landweber,0.000262823452651471,1.70468808971871,2.05791331363015
polynomial,landweber,0.000469298419546449,1.67032004603564,1.59285103446458
polynomial,landweber,0.000419073206247334,1.60653065971263,1.59146784554281
polynomial,landweber,0.00248810655825924,1.67032004603564,1.82841215323736
polynomial,landweber,0.00280579516520357,1.60653065971263,1.82647937342184
polynomial,landweber,0.000934898023489231,2.22140275816017,2.0093049355366
polynomial,landweber,0.0012271489970857,2.10517091807565,2.00695011227684
polynomial,landweber,0.000119612390536422,2.22140275816017,2.41033822379358
polynomial,landweber,0.000195999093135422,2.10517091807565,2.4070477442402
polynomial,landweber,0.000113220149243466,2.05127109637602,1.78850478575742
polynomial,landweber,0.000258943968827728,1.95122942450071,1.78666511437115
polynomial,landweber,2.00220509127348e-05,2.05127109637602,2.1018062033023
polynomial,landweber,5.70987369063187e-05,1.95122942450071,2.09923556405946
polynomial,landweber,0.000119425423258947,2.22140275816017,2.06281851041913
polynomial,landweber,8.45299455541655e-05,2.10517091807565,2.06033883390006
polynomial,landweber,1.68955359736889e-05,2.22140275816017,2.48511467389441
polynomial,landweber,1.51196218992706e-05,2.10517091807565,2.4816497323744
polynomial,landweber,0.000529317686205158,2.05127109637602,1.83031148699527
polynomial,landweber,0.000652798619692812,1.95122942450071,1.82837427581797
polynomial,landweber,0.000103505755447592,2.05127109637602,2.16022421622434
polynomial,landweber,0.000161203142952165,1.95122942450071,2.15751728111018
polynomial,landweber,0.000133011748319997,2.22140275816017,1.97169916725722
polynomial,landweber,0.000161390659713171,2.10517091807565,1.96943208253388
polynomial,landweber,0.000622819304603906,2.22140275816017,2.35779032615416
polynomial,landweber,0.000943398750833641,2.10517091807565,2.35462244682521
polynomial,landweber,1.61082916185006e-05,2.05127109637602,1.75912582681612
polynomial,landweber,3.40554717129719e-05,1.95122942450071,1.75735469988398
polynomial,landweber,0.000104254415201378,2.05127109637602,2.06075392335071
polynomial,landweber,0.00027483227707784,1.95122942450071,2.05827906374819
polynomial,landweber,1.32398399897382e-05,2.22140275816017,2.0232188758403
polynomial,landweber,8.70199380178946e-06,2.10517091807565,2.0208315897746
polynomial,landweber,6.85516725799842e-05,2.22140275816017,2.42978067489331
polynomial,landweber,5.69651500921905e-05,2.10517091807565,2.42644483388923
polynomial,landweber,5.86816548591944e-05,2.05127109637602,1.79937484903753
polynomial,landweber,6.72028061196784e-05,1.95122942450071,1.79750981655676
polynomial,landweber,0.000419962566954781,2.05127109637602,2.11699533514861
polynomial,landweber,0.000607353893819652,1.95122942450071,2.11438925793286
polynomial,landweber,0.000882983424545827,2.49182469764127,2.41562351038463
polynomial,landweber,0.00111936699941155,2.349858807576,2.41232069965624
polynomial,landweber,8.36904946958843e-05,2.49182469764127,2.97810183711709
polynomial,landweber,0.000132446632197425,2.349858807576,2.97348670045006
polynomial,landweber,0.00014775000352115,2.28402541668774,2.10593525649962
polynomial,landweber,0.000327033383193953,2.16183424272828,2.10335498370584
polynomial,landweber,1.93563735016384e-05,2.28402541668774,2.54536325976958
polynomial,landweber,5.34225290292901e-05,2.16183424272828,2.54175775144325
polynomial,landweber,0.000112793766333419,2.49182469764127,2.49068018757027
polynomial,landweber,7.7105577024548e-05,2.349858807576,2.48720226107357
polynomial,landweber,1.18214823518603e-05,2.49182469764127,3.08298124180321
polynomial,landweber,1.02171033989081e-05,2.349858807576,3.0781214095512
polynomial,landweber,0.00069074886867041,2.28402541668774,2.16457219275165
polynomial,landweber,0.000824452263201824,2.16183424272828,2.16185511331351
polynomial,landweber,0.000100064477447639,2.28402541668774,2.62729876767277
polynomial,landweber,0.000150824344820521,2.16183424272828,2.62350209448337
polynomial,landweber,0.000125625646953538,2.49182469764127,2.36287868785578
polynomial,landweber,0.000147215520629698,2.349858807576,2.35969893679999
polynomial,landweber,0.000435774717608172,2.49182469764127,2.90439959243313
polynomial,landweber,0.000637502885183462,2.349858807576,2.89995641148926
polynomial,landweber,2.10209945778757e-05,2.28402541668774,2.06472913184531
polynomial,landweber,4.30103708573674e-05,2.16183424272828,2.06224499762905
polynomial,landweber,0.00010078824635039,2.28402541668774,2.48778445418941
polynomial,landweber,0.00025713765480427,2.16183424272828,2.48431328376819
polynomial,landweber,1.25046357579688e-05,2.49182469764127,2.43513882267778
polynomial,landweber,7.93768704039999e-06,2.349858807576,2.43179048050523
polynomial,landweber,4.7964290026477e-05,2.49182469764127,3.0053712875153
polynomial,landweber,3.84942713848094e-05,2.349858807576,3.0006925281176
polynomial,landweber,7.65783720477939e-05,2.28402541668774,2.12118131009244
polynomial,landweber,8.48738093609244e-05,2.16183424272828,2.11856546652084
polynomial,landweber,0.000405999981625921,2.28402541668774,2.56666712085942
polynomial,landweber,0.000568250416412313,2.16183424272828,2.56301190820109
polynomial,landweber,0.000145869335475403,3.33964685192599,2.9087658857333
polynomial,landweber,0.000237454143139697,3.11700001661268,2.90431251773034
polynomial,landweber,1.86627626583844e-05,3.33964685192599,3.66718748134494
polynomial,landweber,3.7925954246108e-05,3.11700001661268,3.66096462946137
polynomial,landweber,2.4400600579441e-05,3.01375270747048,2.49119555725845
polynomial,landweber,6.92403232783208e-05,2.82211880039051,2.48771642834563
polynomial,landweber,4.31504524916592e-06,3.01375270747048,3.08370138647409
polynomial,landweber,1.52679169168351e-05,2.82211880039051,3.07883987404262
polynomial,landweber,1.8633590714669e-05,3.33964685192599,3.00996908266913
polynomial,landweber,1.63566004119122e-05,3.11700001661268,3.00527959609217
polynomial,landweber,2.63615981963957e-06,3.33964685192599,3.80860236200518
polynomial,landweber,2.92565684461606e-06,3.11700001661268,3.80204957311394
polynomial,landweber,0.000114075714676479,3.01375270747048,2.57025908138104
polynomial,landweber,0.000174555088762244,2.82211880039051,2.56659548827009
polynomial,landweber,2.2307006422673e-05,3.01375270747048,3.19417970303819
polynomial,landweber,4.31049148664089e-05,2.82211880039051,3.18906043212324
polynomial,landweber,2.07534242777046e-05,3.33964685192599,2.83764703446135
polynomial,landweber,3.12291994728862e-05,3.11700001661268,2.83335959483076
polynomial,landweber,9.71766286816531e-05,3.33964685192599,3.56781054296922
polynomial,landweber,0.000182548282686344,3.11700001661268,3.56181954879062
polynomial,landweber,3.47157279359331e-06,3.01375270747048,2.4356349901681
polynomial,landweber,9.10626295517483e-06,2.82211880039051,2.43228549038033
polynomial,landweber,2.24683535657752e-05,3.01375270747048,3.00606460026189
polynomial,landweber,7.34887775078738e-05,2.82211880039051,3.00138422328666
polynomial,landweber,2.0657725362343e-06,3.33964685192599,2.93507949389347
polynomial,landweber,1.68384156016759e-06,3.11700001661268,2.93056473324854
polynomial,landweber,1.06959119323509e-05,3.33964685192599,3.70395643598646
polynomial,landweber,1.10227942459221e-05,3.11700001661268,3.69764779794791
polynomial,landweber,1.26467561748286e-05,3.01375270747048,2.51175268051655
polynomial,landweber,1.79696945327679e-05,2.82211880039051,2.50822558949605
polynomial,landweber,9.05080846744403e-05,3.01375270747048,3.11242659694453
polynomial,landweber,0.000162403396158639,2.82211880039051,3.10749806532849
polynomial,landweber,0.000955884325267599,1.77880078307141,1.74854428537943
polynomial,landweber,0.000970351563627095,1.70468808971871,1.74679784638749
polynomial,landweber,0.000139844897630605,1.77880078307141,2.04596795349226
polynomial,landweber,0.000176779079384732,1.70468808971871,2.04352759123986
polynomial,landweber,6.2589294446911e-05,1.67032004603564,1.58478932440694
polynomial,landweber,0.000111229908396983,1.60653065971263,1.58342494437205
polynomial,landweber,1.26565182893121e-05,1.67032004603564,1.81714723473442
polynomial,landweber,2.79761065503157e-05,1.60653065971263,1.81524073725556
polynomial,landweber,0.000122106248236165,1.77880078307141,1.78823227189189
polynomial,landweber,6.6840917473422e-05,1.70468808971871,1.78639323631148
polynomial,landweber,1.9753425945745e-05,1.77880078307141,2.10142540983986
polynomial,landweber,1.36369653412199e-05,1.70468808971871,2.09885565903149
polynomial,landweber,0.000292612408120141,1.67032004603564,1.61579498602646
polynomial,landweber,0.000280410974616735,1.60653065971263,1.61435826625498
polynomial,landweber,6.54289859006547e-05,1.67032004603564,1.86047256506461
polynomial,landweber,7.89831185035628e-05,1.60653065971263,1.85846498466026
polynomial,landweber,0.000135997554921548,1.77880078307141,1.72065421771829
polynomial,landweber,0.000127617493376436,1.70468808971871,1.71897284942772
polynomial,landweber,0.000728169560896594,1.77880078307141,2.00699615507756
polynomial,landweber,0.000850887419922132,1.70468808971871,2.00464671846532
polynomial,landweber,8.90483375868919e-06,1.67032004603564,1.56300061511641
polynomial,landweber,1.46285971293273e-05,1.60653065971263,1.56168707061955
polynomial,landweber,6.5902235414781e-05,1.67032004603564,1.78670108463884
polynomial,landweber,0.00013465686779745,1.60653065971263,1.78486562149251
polynomial,landweber,1.35370438243179e-05,1.77880078307141,1.75886346656515
polynomial,landweber,6.8809845522369e-06,1.70468808971871,1.75709295174933
polynomial,landweber,8.01472288227161e-05,1.77880078307141,2.06038731790044
polynomial,landweber,5.13790478783116e-05,1.70468808971871,2.05791331363015
polynomial,landweber,3.24398386608389e-05,1.67032004603564,1.59285103446458
polynomial,landweber,2.88671020319653e-05,1.60653065971263,1.59146784554281
polynomial,landweber,0.000265470502130676,1.67032004603564,1.82841215323736
polynomial,landweber,0.000297579213969747,1.60653065971263,1.82647937342184
polynomial,landweber,0.000132056579730201,2.22140275816017,2.0093049355366
polynomial,landweber,0.000172859738935083,2.10517091807565,2.00695011227684
polynomial,landweber,2.60789243617065e-05,2.22140275816017,2.41033822379358
polynomial,landweber,4.2509300165877e-05,2.10517091807565,2.4070477442402
polynomial,landweber,8.70500243869682e-06,2.05127109637602,1.78850478575742
polynomial,landweber,1.99752704930459e-05,1.95122942450071,1.78666511437115
polynomial,landweber,2.37613678042614e-06,2.05127109637602,2.1018062033023
polynomial,landweber,6.7818270053608e-06,1.95122942450071,2.09923556405946
polynomial,landweber,1.68691263989926e-05,2.22140275816017,2.06281851041913
polynomial,landweber,1.19071313714885e-05,2.10517091807565,2.06033883390006
polynomial,landweber,3.68371038094215e-06,2.22140275816017,2.48511467389441
polynomial,landweber,3.2792220383723e-06,2.10517091807565,2.4816497323744
polynomial,landweber,4.06969234721017e-05,2.05127109637602,1.83031148699527
polynomial,landweber,5.03577243559056e-05,1.95122942450071,1.82837427581797
polynomial,landweber,1.22836483423577e-05,2.05127109637602,2.16022421622434
polynomial,landweber,1.91466902326703e-05,1.95122942450071,2.15751728111018
polynomial,landweber,1.87882272780048e-05,2.22140275816017,1.97169916725722
polynomial,landweber,2.27339527399143e-05,2.10517091807565,1.96943208253388
polynomial,landweber,0.000135792433065955,2.22140275816017,2.35779032615416
polynomial,landweber,0.000204609215449747,2.10517091807565,2.35462244682521
polynomial,landweber,1.23849614012393e-06,2.05127109637602,1.75912582681612
polynomial,landweber,2.62708284851948e-06,1.95122942450071,1.75735469988398
polynomial,landweber,1.2372496282299e-05,2.05127109637602,2.06075392335071
polynomial,landweber,3.26428404482803e-05,1.95122942450071,2.05827906374819
polynomial,landweber,1.87015903477317e-06,2.22140275816017,2.0232188758403
polynomial,landweber,1.22578788750539e-06,2.10517091807565,2.0208315897746
polynomial,landweber,1.4946226524396e-05,2.22140275816017,2.42978067489331
polynomial,landweber,1.23548972881728e-05,2.10517091807565,2.42644483388923
polynomial,landweber,4.51177596981956e-06,2.05127109637602,1.79937484903753
polynomial,landweber,5.18411081829589e-06,1.95122942450071,1.79750981655676
polynomial,landweber,4.98394747917028e-05,2.05127109637602,2.11699533514861
polynomial,landweber,7.2137655963828e-05,1.95122942450071,2.11438925793286
polynomial,landweber,0.00412805270405592,2.49182469764127,2.41562351038463
polynomial,landweber,0.00520141172609965,2.349858807576,2.41232069965624
polynomial,landweber,0.000603929882050146,2.49182469764127,2.97810183711709
polynomial,landweber,0.00094759550137048,2.349858807576,2.97348670045006
polynomial,landweber,0.000373781006118126,2.28402541668774,2.10593525649962
polynomial,landweber,0.000824452263201824,2.16183424272828,2.10335498370584
polynomial,landweber,7.55842701525296e-05,2.28402541668774,2.54536325976958
polynomial,landweber,0.00020736297182466,2.16183424272828,2.54175775144325
polynomial,landweber,0.000527324295303528,2.49182469764127,2.49068018757027
polynomial,landweber,0.000358289866231539,2.349858807576,2.48720226107357
polynomial,landweber,8.53065389129307e-05,2.49182469764127,3.08298124180321
polynomial,landweber,7.30987346164517e-05,2.349858807576,3.0781214095512
polynomial,landweber,0.00174747073403369,2.28402541668774,2.16457219275165
polynomial,landweber,0.00207844693914776,2.16183424272828,2.16185511331351
polynomial,landweber,0.00039073954092867,2.28402541668774,2.62729876767277
polynomial,landweber,0.000585434365122306,2.16183424272828,2.62350209448337
polynomial,landweber,0.000587314865929753,2.49182469764127,2.36287868785578
polynomial,landweber,0.00068407281585907,2.349858807576,2.35969893679999
polynomial,landweber,0.00314465071286622,2.49182469764127,2.90439959243313
polynomial,landweber,0.00456104361498663,2.349858807576,2.89995641148926
polynomial,landweber,5.31793456221294e-05,2.28402541668774,2.06472913184531
polynomial,landweber,0.000108429290148266,2.16183424272828,2.06224499762905
polynomial,landweber,0.000393565769936334,2.28402541668774,2.48778445418941
polynomial,landweber,0.000998096294524031,2.16183424272828,2.48431328376819
polynomial,landweber,5.84606619093318e-05,2.49182469764127,2.43513882267778
polynomial,landweber,3.68843984785601e-05,2.349858807576,2.43179048050523
polynomial,landweber,0.000346121362092197,2.49182469764127,3.0053712875153
polynomial,landweber,0.000275409029188504,2.349858807576,3.0006925281176
polynomial,landweber,0.000193729544966239,2.28402541668774,2.12118131009244
polynomial,landweber,0.000213967159960164,2.16183424272828,2.11856546652084
polynomial,landweber,0.00158538025165397,2.28402541668774,2.56666712085942
polynomial,landweber,0.00220570042693509,2.16183424272828,2.56301190820109
polynomial,landweber,0.000754084375812706,3.33964685192599,2.9087658857333
polynomial,landweber,0.00122415508932939,3.11700001661268,2.90431251773034
polynomial,landweber,0.0001489188152483,3.33964685192599,3.66718748134494
polynomial,landweber,0.000301041621736058,3.11700001661268,3.66096462946137
polynomial,landweber,6.86603202630765e-05,3.01375270747048,2.49119555725845
polynomial,landweber,0.000195481692525041,2.82211880039051,2.48771642834563
polynomial,landweber,1.87416733633171e-05,3.01375270747048,3.08370138647409
polynomial,landweber,6.63682137311478e-05,2.82211880039051,3.07883987404262
polynomial,landweber,9.63279881780911e-05,3.33964685192599,3.00996908266913
polynomial,landweber,8.4323715617755e-05,3.11700001661268,3.00527959609217
polynomial,landweber,2.10351384911134e-05,3.33964685192599,3.80860236200518
polynomial,landweber,2.32227375330128e-05,3.11700001661268,3.80204957311394
polynomial,landweber,0.000320995177082884,3.01375270747048,2.57025908138104
polynomial,landweber,0.000492810006864686,2.82211880039051,2.56659548827009
polynomial,landweber,9.68867309486421e-05,3.01375270747048,3.19417970303819
polynomial,landweber,0.000187373052807374,2.82211880039051,3.18906043212324
polynomial,landweber,0.000107286654466648,3.33964685192599,2.83764703446135
polynomial,landweber,0.000160996910666349,3.11700001661268,2.83335959483076
polynomial,landweber,0.00077541726688542,3.33964685192599,3.56781054296922
polynomial,landweber,0.00144899797928404,3.11700001661268,3.56181954879062
polynomial,landweber,9.76858332026189e-06,3.01375270747048,2.4356349901681
polynomial,landweber,2.5709118773179e-05,2.82211880039051,2.43228549038033
polynomial,landweber,9.7587515130386e-05,3.01375270747048,3.00606460026189
polynomial,landweber,0.00031944887564232,2.82211880039051,3.00138422328666
polynomial,landweber,1.06791930495902e-05,3.33964685192599,2.93507949389347
polynomial,landweber,8.68076331812331e-06,3.11700001661268,2.93056473324854
polynomial,landweber,8.53476284364712e-05,3.33964685192599,3.70395643598646
polynomial,landweber,8.74946964899589e-05,3.11700001661268,3.69764779794791
polynomial,landweber,3.55864326546287e-05,3.01375270747048,2.51175268051655
polynomial,landweber,5.07326675426327e-05,2.82211880039051,2.50822558949605
polynomial,landweber,0.000393106644718428,3.01375270747048,3.11242659694453
polynomial,landweber,0.000705952446927189,2.82211880039051,3.10749806532849
polynomial,landweber,0.00106462963936783,1.77880078307141,1.74854428537943
polynomial,landweber,0.000744617548498822,1.70468808971871,1.74679784638749
polynomial,landweber,8.14586064091042e-05,1.77880078307141,2.04596795349226
polynomial,landweber,7.13780584804168e-05,1.70468808971871,2.04352759123986
polynomial,landweber,0.000173893987726491,1.67032004603564,1.58478932440694
polynomial,landweber,0.000212368151645404,1.60653065971263,1.58342494437205
polynomial,landweber,1.83906000541097e-05,1.67032004603564,1.81714723473442
polynomial,landweber,2.81050774725219e-05,1.60653065971263,1.81524073725556
polynomial,landweber,0.000135997554921548,1.77880078307141,1.78823227189189
polynomial,landweber,5.12916369428333e-05,1.70468808971871,1.78639323631148
polynomial,landweber,1.15062227983188e-05,1.77880078307141,2.10142540983986
polynomial,landweber,5.50619515051667e-06,1.70468808971871,2.09885565903149
polynomial,landweber,0.000812975109496126,1.67032004603564,1.61579498602646
polynomial,landweber,0.000535380827321236,1.60653065971263,1.61435826625498
polynomial,landweber,9.50718265592076e-05,1.67032004603564,1.86047256506461
polynomial,landweber,7.93472337035748e-05,1.60653065971263,1.85846498466026
polynomial,landweber,0.000151469193524543,1.77880078307141,1.72065421771829
polynomial,landweber,9.79296871623786e-05,1.70468808971871,1.71897284942772
polynomial,landweber,0.000424153320322389,1.77880078307141,2.00699615507756
polynomial,landweber,0.000343562667204943,1.70468808971871,2.00464671846532
polynomial,landweber,2.4740605658263e-05,1.67032004603564,1.56300061511641
polynomial,landweber,2.79299711587711e-05,1.60653065971263,1.56168707061955
polynomial,landweber,9.57594834914816e-05,1.67032004603564,1.78670108463884
polynomial,landweber,0.000135277641113065,1.60653065971263,1.78486562149251
polynomial,landweber,1.50770733485513e-05,1.77880078307141,1.75886346656515
polynomial,landweber,5.2802530965096e-06,1.70468808971871,1.75709295174933
polynomial,landweber,4.66851610467426e-05,1.77880078307141,2.06038731790044
polynomial,landweber,2.07453093255728e-05,1.70468808971871,2.05791331363015
polynomial,landweber,9.01287185897598e-05,1.67032004603564,1.59285103446458
polynomial,landweber,5.5115150144761e-05,1.60653065971263,1.59146784554281
polynomial,landweber,0.000385742881197564,1.67032004603564,1.82841215323736
polynomial,landweber,0.000298951065538372,1.60653065971263,1.82647937342184
polynomial,landweber,0.00486799514877874,2.22140275816017,2.0093049355366
polynomial,landweber,0.00437572668196998,2.10517091807565,2.00695011227684
polynomial,landweber,0.000502778739068938,2.22140275816017,2.41033822379358
polynomial,landweber,0.000566200169935022,2.10517091807565,2.4070477442402
polynomial,landweber,0.000795789056860014,2.05127109637602,1.78850478575742
polynomial,landweber,0.00124637013784139,1.95122942450071,1.78666511437115
polynomial,landweber,0.000113605050807996,2.05127109637602,2.1018062033023
polynomial,landweber,0.000222654142301546,1.95122942450071,2.09923556405946
polynomial,landweber,0.000621845769761753,2.22140275816017,2.06281851041913
polynomial,landweber,0.000301414041053892,2.10517091807565,2.06033883390006
polynomial,landweber,7.10186982690438e-05,2.22140275816017,2.48511467389441
polynomial,landweber,4.36774086643626e-05,2.10517091807565,2.4816497323744
polynomial,landweber,0.00372040864721646,2.05127109637602,1.83031148699527
polynomial,landweber,0.00314210332564453,1.95122942450071,1.82837427581797
polynomial,landweber,0.000587291314850503,2.05127109637602,2.16022421622434
polynomial,landweber,0.000628604930249441,1.95122942450071,2.15751728111018
polynomial,landweber,0.000692589490280147,2.22140275816017,1.97169916725722
polynomial,landweber,0.000575481394357805,2.10517091807565,1.96943208253388
polynomial,landweber,0.00261795875186688,2.22140275816017,2.35779032615416
polynomial,landweber,0.00272528063519881,2.10517091807565,2.35462244682521
polynomial,landweber,0.000113220149243466,2.05127109637602,1.75912582681612
polynomial,landweber,0.000163918561862273,1.95122942450071,1.75735469988398
polynomial,landweber,0.000591539207822979,2.05127109637602,2.06075392335071
polynomial,landweber,0.0010716969979554,1.95122942450071,2.05827906374819
polynomial,landweber,6.89395797416559e-05,2.22140275816017,2.0232188758403
polynomial,landweber,3.10292772558639e-05,2.10517091807565,2.0208315897746
polynomial,landweber,0.000288150110086933,2.22140275816017,2.42978067489331
polynomial,landweber,0.000164560341308759,2.10517091807565,2.42644483388923
polynomial,landweber,0.000412455018717247,2.05127109637602,1.79937484903753
polynomial,landweber,0.000323466003498371,1.95122942450071,1.79750981655676
polynomial,landweber,0.00238286621906497,2.05127109637602,2.11699533514861
polynomial,landweber,0.00236835116902479,1.95122942450071,2.11438925793286
polynomial,landweber,0.000125625646953538,2.49182469764127,2.41562351038463
polynomial,landweber,0.000109059940049626,2.349858807576,2.41232069965624
polynomial,landweber,9.61206578482424e-06,2.49182469764127,2.97810183711709
polynomial,landweber,1.0454342359278e-05,2.349858807576,2.97348670045006
polynomial,landweber,2.83753746749529e-05,2.28402541668774,2.10593525649962
polynomial,landweber,4.30103708573674e-05,2.16183424272828,2.10335498370584
polynomial,landweber,3.00090977183953e-06,2.28402541668774,2.54536325976958
polynomial,landweber,5.69204843429907e-06,2.16183424272828,2.54175775144325
polynomial,landweber,1.60476283858334e-05,2.49182469764127,2.49068018757027
polynomial,landweber,7.51239728543871e-06,2.349858807576,2.48720226107357
polynomial,landweber,1.35772725986537e-06,2.49182469764127,3.08298124180321
polynomial,landweber,8.06461403209649e-07,2.349858807576,3.0781214095512
polynomial,landweber,0.000132658257108041,2.28402541668774,2.16457219275165
polynomial,landweber,0.000108429290148266,2.16183424272828,2.16185511331351
polynomial,landweber,1.55134673424864e-05,2.28402541668774,2.62729876767277
polynomial,landweber,1.60699894106312e-05,2.16183424272828,2.62350209448337
polynomial,landweber,1.78732722877697e-05,2.49182469764127,2.36287868785578
polynomial,landweber,1.43432099237244e-05,2.349858807576,2.35969893679999
polynomial,landweber,5.00498326391054e-05,2.49182469764127,2.90439959243313
polynomial,landweber,5.03196895697656e-05,2.349858807576,2.89995641148926
polynomial,landweber,4.03708008779839e-06,2.28402541668774,2.06472913184531
polynomial,landweber,5.65658460681113e-06,2.16183424272828,2.06224499762905
polynomial,landweber,1.56256766451553e-05,2.28402541668774,2.48778445418941
polynomial,landweber,2.73974297365351e-05,2.16183424272828,2.48431328376819
polynomial,landweber,1.77908544299253e-06,2.49182469764127,2.43513882267778
polynomial,landweber,7.7336894263794e-07,2.349858807576,2.43179048050523
polynomial,landweber,5.50882047874379e-06,2.49182469764127,3.0053712875153
polynomial,landweber,3.03844865853506e-06,2.349858807576,3.0006925281176
polynomial,landweber,1.47068693541049e-05,2.28402541668774,2.12118131009244
polynomial,landweber,1.11623283869032e-05,2.16183424272828,2.11856546652084
polynomial,landweber,6.29440898174842e-05,2.28402541668774,2.56666712085942
polynomial,landweber,6.05457838069798e-05,2.16183424272828,2.56301190820109
polynomial,landweber,0.000759538687224554,3.33964685192599,2.9087658857333
polynomial,landweber,0.000846706009089562,3.11700001661268,2.90431251773034
polynomial,landweber,7.84470591620539e-05,3.33964685192599,3.66718748134494
polynomial,landweber,0.000109560107628954,3.11700001661268,3.66096462946137
polynomial,landweber,0.000171504198251637,3.01375270747048,2.49119555725845
polynomial,landweber,0.000333273146539268,2.82211880039051,2.48771642834563
polynomial,landweber,2.44835525045291e-05,3.01375270747048,3.08370138647409
polynomial,landweber,5.95366050115374e-05,2.82211880039051,3.07883987404262
polynomial,landweber,9.70247309592075e-05,3.33964685192599,3.00996908266913
polynomial,landweber,5.83238164385081e-05,3.11700001661268,3.00527959609217
polynomial,landweber,1.10808345536661e-05,3.33964685192599,3.80860236200518
polynomial,landweber,8.45160748498278e-06,3.11700001661268,3.80204957311394
polynomial,landweber,0.000801802558993415,3.01375270747048,2.57025908138104
polynomial,landweber,0.000840182727662812,2.82211880039051,2.56659548827009
polynomial,landweber,0.000126569880831251,3.01375270747048,3.19417970303819
polynomial,landweber,0.00016808581710499,2.82211880039051,3.18906043212324
polynomial,landweber,0.000108062661558913,3.33964685192599,2.83764703446135
polynomial,landweber,0.000111356030697654,3.11700001661268,2.83335959483076
polynomial,landweber,0.000408472254558399,3.33964685192599,3.56781054296922
polynomial,landweber,0.000527343606671384,3.11700001661268,3.56181954879062
polynomial,landweber,2.4400600579441e-05,3.01375270747048,2.4356349901681
polynomial,landweber,4.38310043135704e-05,2.82211880039051,2.43228549038033
polynomial,landweber,0.000127485363988782,3.01375270747048,3.00606460026189
polynomial,landweber,0.000286566421804578,2.82211880039051,3.00138422328666
polynomial,landweber,1.07564359237141e-05,3.33964685192599,2.93507949389347
polynomial,landweber,6.00418568611739e-06,3.11700001661268,2.93056473324854
polynomial,landweber,4.49591977087213e-05,3.33964685192599,3.70395643598646
polynomial,landweber,3.1842534959525e-05,3.11700001661268,3.69764779794791
polynomial,landweber,8.88900980607588e-05,3.01375270747048,2.51175268051655
polynomial,landweber,8.64931929218788e-05,2.82211880039051,2.50822558949605
polynomial,landweber,0.000513542573774717,3.01375270747048,3.11242659694453
polynomial,landweber,0.000633285267551308,2.82211880039051,3.10749806532849
polynomial,landweber,0.000105972038196597,1.77880078307141,1.74854428537943
polynomial,landweber,7.40029352343184e-05,1.70468808971871,1.74679784638749
polynomial,landweber,1.25892464741956e-05,1.77880078307141,2.04596795349226
polynomial,landweber,1.10343278474698e-05,1.70468808971871,2.04352759123986
polynomial,landweber,9.36643552119747e-06,1.67032004603564,1.58478932440694
polynomial,landweber,1.14506399725992e-05,1.60653065971263,1.58342494437205
polynomial,landweber,1.53799777282289e-06,1.67032004603564,1.81714723473442
polynomial,landweber,2.35716852536868e-06,1.60653065971263,1.81524073725556
polynomial,landweber,1.35370438243179e-05,1.77880078307141,1.78823227189189
polynomial,landweber,5.09755873252653e-06,1.70468808971871,1.78639323631148
polynomial,landweber,1.778261146128e-06,1.77880078307141,2.10142540983986
polynomial,landweber,8.51202229038192e-07,1.70468808971871,2.09885565903149
polynomial,landweber,4.37892019326779e-05,1.67032004603564,1.61579498602646
polynomial,landweber,2.88671020319653e-05,1.60653065971263,1.61435826625498
polynomial,landweber,7.95081493132629e-06,1.67032004603564,1.86047256506461
polynomial,landweber,6.65484028798717e-06,1.60653065971263,1.85846498466026
polynomial,landweber,1.50770733485513e-05,1.77880078307141,1.72065421771829
polynomial,landweber,9.73262624713179e-06,1.70468808971871,1.71897284942772
polynomial,landweber,6.55519524305315e-05,1.77880078307141,2.00699615507756
polynomial,landweber,5.31113228182101e-05,1.70468808971871,2.00464671846532
polynomial,landweber,1.33260091785331e-06,1.67032004603564,1.56300061511641
polynomial,landweber,1.50595106519631e-06,1.60653065971263,1.56168707061955
polynomial,landweber,8.00832337733632e-06,1.67032004603564,1.78670108463884
polynomial,landweber,1.13457149559397e-05,1.60653065971263,1.78486562149251
polynomial,landweber,1.50075494209827e-06,1.77880078307141,1.75886346656515
polynomial,landweber,5.24771714969094e-07,1.70468808971871,1.75709295174933
polynomial,landweber,7.21508782206799e-06,1.77880078307141,2.06038731790044
polynomial,landweber,3.20701556288963e-06,1.70468808971871,2.05791331363015
polynomial,landweber,4.8545947005765e-06,1.67032004603564,1.59285103446458
polynomial,landweber,2.97174381588617e-06,1.60653065971263,1.59146784554281
polynomial,landweber,3.22595070535267e-05,1.67032004603564,1.82841215323736
polynomial,landweber,2.50729798913181e-05,1.60653065971263,1.82647937342184
polynomial,landweber,0.000535804216557258,2.22140275816017,2.0093049355366
polynomial,landweber,0.000482473898643181,2.10517091807565,2.00695011227684
polynomial,landweber,8.59217117479918e-05,2.22140275816017,2.41033822379358
polynomial,landweber,9.71089158479462e-05,2.10517091807565,2.4070477442402
polynomial,landweber,4.76763856244649e-05,2.05127109637602,1.78850478575742
polynomial,landweber,7.52594403054059e-05,1.95122942450071,1.78666511437115
polynomial,landweber,1.05675187534922e-05,2.05127109637602,2.1018062033023
polynomial,landweber,2.09127045694097e-05,1.95122942450071,2.09923556405946
polynomial,landweber,6.84445188015912e-05,2.22140275816017,2.06281851041913
polynomial,landweber,3.32343443872496e-05,2.10517091807565,2.06033883390006
polynomial,landweber,1.21366470919004e-05,2.22140275816017,2.48511467389441
polynomial,landweber,7.49110655147047e-06,2.10517091807565,2.4816497323744
polynomial,landweber,0.000222892782724565,2.05127109637602,1.83031148699527
polynomial,landweber,0.000189729303110001,1.95122942450071,1.82837427581797
polynomial,landweber,5.46297188312067e-05,2.05127109637602,2.16022421622434
polynomial,landweber,5.90414759918424e-05,1.95122942450071,2.15751728111018
polynomial,landweber,7.6231047462823e-05,2.22140275816017,1.97169916725722
polynomial,landweber,6.34534037686793e-05,2.10517091807565,1.96943208253388
polynomial,landweber,0.000447392619788555,2.22140275816017,2.35779032615416
polynomial,landweber,0.00046741251931438,2.10517091807565,2.35462244682521
polynomial,landweber,6.78311350132134e-06,2.05127109637602,1.75912582681612
polynomial,landweber,9.89787772257393e-06,1.95122942450071,1.75735469988398
polynomial,landweber,5.50248569727787e-05,2.05127109637602,2.06075392335071
polynomial,landweber,0.000100658727812086,1.95122942450071,2.05827906374819
polynomial,landweber,7.58795281924868e-06,2.22140275816017,2.0232188758403
polynomial,landweber,3.42133260548552e-06,2.10517091807565,2.0208315897746
polynomial,landweber,4.92430343114546e-05,2.22140275816017,2.42978067489331
polynomial,landweber,2.82237222533781e-05,2.10517091807565,2.42644483388923
polynomial,landweber,2.47105239203716e-05,2.05127109637602,1.79937484903753
polynomial,landweber,1.95318145404827e-05,1.95122942450071,1.79750981655676
polynomial,landweber,0.000221653731748163,2.05127109637602,2.11699533514861
polynomial,landweber,0.000222446471475719,1.95122942450071,2.11438925793286
polynomial,landweber,0.000457647591102943,2.49182469764127,2.41562351038463
polynomial,landweber,0.000396680697514186,2.349858807576,2.41232069965624
polynomial,landweber,5.43675333678904e-05,2.49182469764127,2.97810183711709
polynomial,landweber,5.91477196583503e-05,2.349858807576,2.97348670045006
polynomial,landweber,5.59360146777711e-05,2.28402541668774,2.10593525649962
polynomial,landweber,8.48738093609244e-05,2.16183424272828,2.10335498370584
polynomial,landweber,9.18486715680733e-06,2.28402541668774,2.54536325976958
polynomial,landweber,1.74716760401559e-05,2.16183424272828,2.54175775144325
polynomial,landweber,5.84606619093318e-05,2.49182469764127,2.49068018757027
polynomial,landweber,2.73246344518023e-05,2.349858807576,2.48720226107357
polynomial,landweber,7.67954399789561e-06,2.49182469764127,3.08298124180321
polynomial,landweber,4.56273109804858e-06,2.349858807576,3.0781214095512
polynomial,landweber,0.00026150753256037,2.28402541668774,2.16457219275165
polynomial,landweber,0.000213967159960164,2.16183424272828,2.16185511331351
polynomial,landweber,4.74819796380822e-05,2.28402541668774,2.62729876767277
polynomial,landweber,4.93266443868302e-05,2.16183424272828,2.62350209448337
polynomial,landweber,6.51113861379755e-05,2.49182469764127,2.36287868785578
polynomial,landweber,5.2170159955584e-05,2.349858807576,2.35969893679999
polynomial,landweber,0.000283090649500133,2.49182469764127,2.90439959243313
polynomial,landweber,0.000284694607243882,2.349858807576,2.89995641148926
polynomial,landweber,7.95824455652947e-06,2.28402541668774,2.06472913184531
polynomial,landweber,1.11623283869032e-05,2.16183424272828,2.06224499762905
polynomial,landweber,4.78254180008225e-05,2.28402541668774,2.48778445418941
polynomial,landweber,8.40960898725417e-05,2.16183424272828,2.48431328376819
polynomial,landweber,6.48111422385726e-06,2.49182469764127,2.43513882267778
polynomial,landweber,2.81295342232749e-06,2.349858807576,2.43179048050523
polynomial,landweber,3.11588567848423e-05,2.49182469764127,3.0053712875153
polynomial,landweber,1.71906852937362e-05,2.349858807576,3.0006925281176
polynomial,landweber,2.89914642354107e-05,2.28402541668774,2.12118131009244
polynomial,landweber,2.20269975042956e-05,2.16183424272828,2.11856546652084
polynomial,landweber,0.000192652611119777,2.28402541668774,2.56666712085942
polynomial,landweber,0.000185844574669916,2.16183424272828,2.56301190820109
polynomial,landweber,0.00305960966902122,3.33964685192599,2.9087658857333
polynomial,landweber,0.00341677525449953,3.11700001661268,2.90431251773034
polynomial,landweber,0.000490639849257172,3.33964685192599,3.66718748134494
polynomial,landweber,0.000687704229376201,3.11700001661268,3.66096462946137
polynomial,landweber,0.000376045374945552,3.01375270747048,2.49119555725845
polynomial,landweber,0.000736502806032577,2.82211880039051,2.48771642834563
polynomial,landweber,8.33508350067117e-05,3.01375270747048,3.08370138647409
polynomial,landweber,0.000204655595824225,2.82211880039051,3.07883987404262
polynomial,landweber,0.000390839610898199,3.33964685192599,3.00996908266913
polynomial,landweber,0.00023535840139997,3.11700001661268,3.00527959609217
polynomial,landweber,6.93040510775986e-05,3.33964685192599,3.80860236200518
polynomial,landweber,5.30503879398729e-05,3.11700001661268,3.80204957311394
polynomial,landweber,0.00175805692806767,3.01375270747048,2.57025908138104
polynomial,landweber,0.00185672606067844,2.82211880039051,2.56659548827009
polynomial,landweber,0.000430889481909668,3.01375270747048,3.19417970303819
polynomial,landweber,0.000577790806891949,2.82211880039051,3.18906043212324
polynomial,landweber,0.000435303125077114,3.33964685192599,2.83764703446135
polynomial,landweber,0.000449363209948342,3.11700001661268,2.83335959483076
polynomial,landweber,0.00255475179749266,3.33964685192599,3.56781054296922
polynomial,landweber,0.00331011384061995,3.11700001661268,3.56181954879062
polynomial,landweber,5.35015065947808e-05,3.01375270747048,2.4356349901681
polynomial,landweber,9.68624625277663e-05,2.82211880039051,2.43228549038033
polynomial,landweber,0.000434006116458544,3.01375270747048,3.00606460026189
polynomial,landweber,0.000985064932511136,2.82211880039051,3.00138422328666
polynomial,landweber,4.33295840092911e-05,3.33964685192599,2.93507949389347
polynomial,landweber,2.42291336727435e-05,3.11700001661268,2.93056473324854
polynomial,landweber,0.000281193128488883,3.33964685192599,3.70395643598646
polynomial,landweber,0.000199874264818062,3.11700001661268,3.69764779794791
polynomial,landweber,0.000194903160359726,3.01375270747048,2.51175268051655
polynomial,landweber,0.000191141950532684,2.82211880039051,2.50822558949605
polynomial,landweber,0.00174828396850091,3.01375270747048,3.11242659694453
polynomial,landweber,0.00217690232307168,2.82211880039051,3.10749806532849
polynomial,pmmr,0.00748294912415195,1.77880078307141,1.93995384541691
polynomial,pmmr,0.0076425891174435,1.70468808971871,2.09313507053207
polynomial,pmmr,0.000709245152938778,1.77880078307141,2.1339953891674
polynomial,pmmr,0.000904292506752669,1.70468808971871,2.2702567760435
polynomial,pmmr,0.000905462486159698,1.67032004603564,1.84861729835398
polynomial,pmmr,0.00161476113157825,1.60653065971263,1.97344819804646
polynomial,pmmr,0.000118622468061873,1.67032004603564,2.02413239908002
polynomial,pmmr,0.000263779258816363,1.60653065971263,2.13260949788909
polynomial,pmmr,0.000955884325267599,1.77880078307141,1.94156398775843
polynomial,pmmr,0.000526445968276534,1.70468808971871,2.10382372843489
polynomial,pmmr,0.000100182572573807,1.77880078307141,2.13746872406814
polynomial,pmmr,6.97582859681761e-05,1.70468808971871,2.28491140153041
polynomial,pmmr,0.00423314499514566,1.67032004603564,1.84980807505075
polynomial,pmmr,0.00407081826466162,1.60653065971263,1.98409268456044
polynomial,pmmr,0.00061322929520635,1.67032004603564,2.03077408306927
polynomial,pmmr,0.000744710791703774,1.60653065971263,2.15112715353885
polynomial,pmmr,0.00106462963936783,1.77880078307141,1.99500061764527
polynomial,pmmr,0.00100512855611679,1.70468808971871,2.15951244540343
polynomial,pmmr,0.00369302520387731,1.77880078307141,2.21099896427597
polynomial,pmmr,0.00435261412495031,1.70468808971871,2.35677501190722
polynomial,pmmr,0.000128823834574787,1.67032004603564,1.90539201991034
polynomial,pmmr,0.000212368151645404,1.60653065971263,2.03791047579132
polynomial,pmmr,0.000617664798248458,1.67032004603564,2.0997487593456
polynomial,pmmr,0.00126964374825572,1.60653065971263,2.21355596868365
polynomial,pmmr,0.000105972038196597,1.77880078307141,1.99812284314527
polynomial,pmmr,5.4195344890929e-05,1.70468808971871,2.1741577956254
polynomial,pmmr,0.000406479138868103,1.77880078307141,2.21637840567337
polynomial,pmmr,0.000262823452651471,1.70468808971871,2.37616611338337
polynomial,pmmr,0.000469298419546449,1.67032004603564,1.90991635063155
polynomial,pmmr,0.000419073206247334,1.60653065971263,2.05426072327082
polynomial,pmmr,0.00248810655825924,1.67032004603564,2.11085080405604
polynomial,pmmr,0.00280579516520357,1.60653065971263,2.23925425379476
polynomial,pmmr,0.000934898023489231,2.22140275816017,2.06418447577254
polynomial,pmmr,0.0012271489970857,2.10517091807565,2.23558776248863
polynomial,pmmr,0.000119612390536422,2.22140275816017,2.27842778817768
polynomial,pmmr,0.000195999093135422,2.10517091807565,2.43544870936119
polynomial,pmmr,0.000113220149243466,2.05127109637602,1.95854150572686
polynomial,pmmr,0.000258943968827728,1.95122942450071,2.09991671078194
polynomial,pmmr,2.00220509127348e-05,2.05127109637602,2.15576459703203
polynomial,pmmr,5.70987369063187e-05,1.95122942450071,2.28320301556075
polynomial,pmmr,0.000119425423258947,2.22140275816017,2.05778906739642
polynomial,pmmr,8.45299455541655e-05,2.10517091807565,2.23762272332153
polynomial,pmmr,1.68955359736889e-05,2.22140275816017,2.27484110457059
polynomial,pmmr,1.51196218992706e-05,2.10517091807565,2.44262631161949
polynomial,pmmr,0.000529317686205158,2.05127109637602,1.95370543187785
polynomial,pmmr,0.000652798619692812,1.95122942450071,2.10441467832823
polynomial,pmmr,0.000103505755447592,2.05127109637602,2.15776471898087
polynomial,pmmr,0.000161203142952165,1.95122942450071,2.29725520879184
polynomial,pmmr,0.000133011748319997,2.22140275816017,2.13046037502901
polynomial,pmmr,0.000161390659713171,2.10517091807565,2.31523757799873
polynomial,pmmr,0.000622819304603906,2.22140275816017,2.37096639440939
polynomial,pmmr,0.000943398750833641,2.10517091807565,2.54021018811306
polynomial,pmmr,1.61082916185006e-05,2.05127109637602,2.02748862523861
polynomial,pmmr,3.40554717129719e-05,1.95122942450071,2.17835741689035
polynomial,pmmr,0.000104254415201378,2.05127109637602,2.2479462612963
polynomial,pmmr,0.00027483227707784,1.95122942450071,2.38303744728081
polynomial,pmmr,1.32398399897382e-05,2.22140275816017,2.12655765927944
polynomial,pmmr,8.70199380178946e-06,2.10517091807565,2.32228649132388
polynomial,pmmr,6.85516725799842e-05,2.22140275816017,2.37046295027654
polynomial,pmmr,5.69651500921905e-05,2.10517091807565,2.55337943493037
polynomial,pmmr,5.86816548591944e-05,2.05127109637602,2.0270580716695
polynomial,pmmr,6.72028061196784e-05,1.95122942450071,2.18977727053402
polynomial,pmmr,0.000419962566954781,2.05127109637602,2.25583400761407
polynomial,pmmr,0.000607353893819652,1.95122942450071,2.40587608994128
polynomial,pmmr,0.000882983424545827,2.49182469764127,2.24894789779905
polynomial,pmmr,0.00111936699941155,2.349858807576,2.42298412232151
polynomial,pmmr,8.36904946958843e-05,2.49182469764127,2.45219486008248
polynomial,pmmr,0.000132446632197425,2.349858807576,2.60051244053112
polynomial,pmmr,0.00014775000352115,2.28402541668774,2.1113792088904
polynomial,pmmr,0.000327033383193953,2.16183424272828,2.25092659687853
polynomial,pmmr,1.93563735016384e-05,2.28402541668774,2.30007067015703
polynomial,pmmr,5.34225290292901e-05,2.16183424272828,2.41667426050432
polynomial,pmmr,0.000112793766333419,2.49182469764127,2.24418659087888
polynomial,pmmr,7.7105577024548e-05,2.349858807576,2.4299244759151
polynomial,pmmr,1.18214823518603e-05,2.49182469764127,2.45179809623106
polynomial,pmmr,1.02171033989081e-05,2.349858807576,2.61432075125576
polynomial,pmmr,0.00069074886867041,2.28402541668774,2.10896600017886
polynomial,pmmr,0.000824452263201824,2.16183424272828,2.26047739471181
polynomial,pmmr,0.000100064477447639,2.28402541668774,2.30625304222684
polynomial,pmmr,0.000150824344820521,2.16183424272828,2.43755386502905
polynomial,pmmr,0.000125625646953538,2.49182469764127,2.30905057045733
polynomial,pmmr,0.000147215520629698,2.349858807576,2.49756567568256
polynomial,pmmr,0.000435774717608172,2.49182469764127,2.53780572577915
polynomial,pmmr,0.000637502885183462,2.349858807576,2.69843302368144
polynomial,pmmr,2.10209945778757e-05,2.28402541668774,2.17612474810182
polynomial,pmmr,4.30103708573674e-05,2.16183424272828,2.3256628667722
polynomial,pmmr,0.00010078824635039,2.28402541668774,2.38696405483944
polynomial,pmmr,0.00025713765480427,2.16183424272828,2.51092157885343
polynomial,pmmr,1.25046357579688e-05,2.49182469764127,2.30845723268416
polynomial,pmmr,7.93768704039999e-06,2.349858807576,2.51189657452315
polynomial,pmmr,4.7964290026477e-05,2.49182469764127,2.54229551430584
polynomial,pmmr,3.84942713848094e-05,2.349858807576,2.72069288883811
polynomial,pmmr,7.65783720477939e-05,2.28402541668774,2.17973154875732
polynomial,pmmr,8.48738093609244e-05,2.16183424272828,2.34425847445196
polynomial,pmmr,0.000405999981625921,2.28402541668774,2.40073477123588
polynomial,pmmr,0.000568250416412313,2.16183424272828,2.54273814335593
polynomial,pmmr,0.000145869335475403,3.33964685192599,2.38325600170357
polynomial,pmmr,0.000237454143139697,3.11700001661268,2.57622957754891
polynomial,pmmr,1.86627626583844e-05,3.33964685192599,2.60767652103482
polynomial,pmmr,3.7925954246108e-05,3.11700001661268,2.77824138884426
polynomial,pmmr,2.4400600579441e-05,3.01375270747048,2.2325642959292
polynomial,pmmr,6.92403232783208e-05,2.82211880039051,2.38977836253654
polynomial,pmmr,4.31504524916592e-06,3.01375270747048,2.44538857421749
polynomial,pmmr,1.52679169168351e-05,2.82211880039051,2.58266918653187
polynomial,pmmr,1.8633590714669e-05,3.33964685192599,2.37010074126119
polynomial,pmmr,1.63566004119122e-05,3.11700001661268,2.57403523987044
polynomial,pmmr,2.63615981963957e-06,3.33964685192599,2.60077515132089
polynomial,pmmr,2.92565684461606e-06,3.11700001661268,2.78505001103769
polynomial,pmmr,0.000114075714676479,3.01375270747048,2.22429635223807
polynomial,pmmr,0.000174555088762244,2.82211880039051,2.39335100863931
polynomial,pmmr,2.2307006422673e-05,3.01375270747048,2.44797304306221
polynomial,pmmr,4.31049148664089e-05,2.82211880039051,2.6001449562528
polynomial,pmmr,2.07534242777046e-05,3.33964685192599,2.45651697519575
polynomial,pmmr,3.12291994728862e-05,3.11700001661268,2.66607778197468
polynomial,pmmr,9.71766286816531e-05,3.33964685192599,2.7113600099166
polynomial,pmmr,0.000182548282686344,3.11700001661268,2.89709407527044
polynomial,pmmr,3.47157279359331e-06,3.01375270747048,2.31179301503839
polynomial,pmmr,9.10626295517483e-06,2.82211880039051,2.48093046878611
polynomial,pmmr,2.24683535657752e-05,3.01375270747048,2.55193205027616
polynomial,pmmr,7.34887775078738e-05,2.82211880039051,2.69909670280333
polynomial,pmmr,2.0657725362343e-06,3.33964685192599,2.44896137804269
polynomial,pmmr,1.68384156016759e-06,3.11700001661268,2.67278041317436
polynomial,pmmr,1.06959119323509e-05,3.33964685192599,2.71106382685738
polynomial,pmmr,1.10227942459221e-05,3.11700001661268,2.91416659948101
polynomial,pmmr,1.26467561748286e-05,3.01375270747048,2.31104922624775
polynomial,pmmr,1.79696945327679e-05,2.82211880039051,2.49521394375562
polynomial,pmmr,9.05080846744403e-05,3.01375270747048,2.56410677967996
polynomial,pmmr,0.000162403396158639,2.82211880039051,2.72972574172617
polynomial,pmmr,0.000955884325267599,1.77880078307141,1.93995384541691
polynomial,pmmr,0.000970351563627095,1.70468808971871,2.09313507053207
polynomial,pmmr,0.000139844897630605,1.77880078307141,2.1339953891674
polynomial,pmmr,0.000176779079384732,1.70468808971871,2.2702567760435
polynomial,pmmr,6.2589294446911e-05,1.67032004603564,1.84861729835398
polynomial,pmmr,0.000111229908396983,1.60653065971263,1.97344819804646
polynomial,pmmr,1.26565182893121e-05,1.67032004603564,2.02413239908002
polynomial,pmmr,2.79761065503157e-05,1.60653065971263,2.13260949788909
polynomial,pmmr,0.000122106248236165,1.77880078307141,1.94156398775843
polynomial,pmmr,6.6840917473422e-05,1.70468808971871,2.10382372843489
polynomial,pmmr,1.9753425945745e-05,1.77880078307141,2.13746872406814
polynomial,pmmr,1.36369653412199e-05,1.70468808971871,2.28491140153041
polynomial,pmmr,0.000292612408120141,1.67032004603564,1.84980807505075
polynomial,pmmr,0.000280410974616735,1.60653065971263,1.98409268456044
polynomial,pmmr,6.54289859006547e-05,1.67032004603564,2.03077408306927
polynomial,pmmr,7.89831185035628e-05,1.60653065971263,2.15112715353885
polynomial,pmmr,0.000135997554921548,1.77880078307141,1.99500061764527
polynomial,pmmr,0.000127617493376436,1.70468808971871,2.15951244540343
polynomial,pmmr,0.000728169560896594,1.77880078307141,2.21099896427597
polynomial,pmmr,0.000850887419922132,1.70468808971871,2.35677501190722
polynomial,pmmr,8.90483375868919e-06,1.67032004603564,1.90539201991034
polynomial,pmmr,1.46285971293273e-05,1.60653065971263,2.03791047579132
polynomial,pmmr,6.5902235414781e-05,1.67032004603564,2.0997487593456
polynomial,pmmr,0.00013465686779745,1.60653065971263,2.21355596868365
polynomial,pmmr,1.35370438243179e-05,1.77880078307141,1.99812284314527
polynomial,pmmr,6.8809845522369e-06,1.70468808971871,2.1741577956254
polynomial,pmmr,8.01472288227161e-05,1.77880078307141,2.21637840567337
polynomial,pmmr,5.13790478783116e-05,1.70468808971871,2.37616611338337
polynomial,pmmr,3.24398386608389e-05,1.67032004603564,1.90991635063155
polynomial,pmmr,2.88671020319653e-05,1.60653065971263,2.05426072327082
polynomial,pmmr,0.000265470502130676,1.67032004603564,2.11085080405604
polynomial,pmmr,0.000297579213969747,1.60653065971263,2.23925425379476
polynomial,pmmr,0.000132056579730201,2.22140275816017,2.06418447577254
polynomial,pmmr,0.000172859738935083,2.10517091807565,2.23558776248863
polynomial,pmmr,2.60789243617065e-05,2.22140275816017,2.27842778817768
polynomial,pmmr,4.2509300165877e-05,2.10517091807565,2.43544870936119
polynomial,pmmr,8.70500243869682e-06,2.05127109637602,1.95854150572686
polynomial,pmmr,1.99752704930459e-05,1.95122942450071,2.09991671078194
polynomial,pmmr,2.37613678042614e-06,2.05127109637602,2.15576459703203
polynomial,pmmr,6.7818270053608e-06,1.95122942450071,2.28320301556075
polynomial,pmmr,1.68691263989926e-05,2.22140275816017,2.05778906739642
polynomial,pmmr,1.19071313714885e-05,2.10517091807565,2.23762272332153
polynomial,pmmr,3.68371038094215e-06,2.22140275816017,2.27484110457059
polynomial,pmmr,3.2792220383723e-06,2.10517091807565,2.44262631161949
polynomial,pmmr,4.06969234721017e-05,2.05127109637602,1.95370543187785
polynomial,pmmr,5.03577243559056e-05,1.95122942450071,2.10441467832823
polynomial,pmmr,1.22836483423577e-05,2.05127109637602,2.15776471898087
polynomial,pmmr,1.91466902326703e-05,1.95122942450071,2.29725520879184
polynomial,pmmr,1.87882272780048e-05,2.22140275816017,2.13046037502901
polynomial,pmmr,2.27339527399143e-05,2.10517091807565,2.31523757799873
polynomial,pmmr,0.000135792433065955,2.22140275816017,2.37096639440939
polynomial,pmmr,0.000204609215449747,2.10517091807565,2.54021018811306
polynomial,pmmr,1.23849614012393e-06,2.05127109637602,2.02748862523861
polynomial,pmmr,2.62708284851948e-06,1.95122942450071,2.17835741689035
polynomial,pmmr,1.2372496282299e-05,2.05127109637602,2.2479462612963
polynomial,pmmr,3.26428404482803e-05,1.95122942450071,2.38303744728081
polynomial,pmmr,1.87015903477317e-06,2.22140275816017,2.12655765927944
polynomial,pmmr,1.22578788750539e-06,2.10517091807565,2.32228649132388
polynomial,pmmr,1.4946226524396e-05,2.22140275816017,2.37046295027654
polynomial,pmmr,1.23548972881728e-05,2.10517091807565,2.55337943493037
polynomial,pmmr,4.51177596981956e-06,2.05127109637602,2.0270580716695
polynomial,pmmr,5.18411081829589e-06,1.95122942450071,2.18977727053402
polynomial,pmmr,4.98394747917028e-05,2.05127109637602,2.25583400761407
polynomial,pmmr,7.2137655963828e-05,1.95122942450071,2.40587608994128
polynomial,pmmr,0.00412805270405592,2.49182469764127,2.24894789779905
polynomial,pmmr,0.00520141172609965,2.349858807576,2.42298412232151
polynomial,pmmr,0.000603929882050146,2.49182469764127,2.45219486008248
polynomial,pmmr,0.00094759550137048,2.349858807576,2.60051244053112
polynomial,pmmr,0.000373781006118126,2.28402541668774,2.1113792088904
polynomial,pmmr,0.000824452263201824,2.16183424272828,2.25092659687853
polynomial,pmmr,7.55842701525296e-05,2.28402541668774,2.30007067015703
polynomial,pmmr,0.00020736297182466,2.16183424272828,2.41667426050432
polynomial,pmmr,0.000527324295303528,2.49182469764127,2.24418659087888
polynomial,pmmr,0.000358289866231539,2.349858807576,2.4299244759151
polynomial,pmmr,8.53065389129307e-05,2.49182469764127,2.45179809623106
polynomial,pmmr,7.30987346164517e-05,2.349858807576,2.61432075125576
polynomial,pmmr,0.00174747073403369,2.28402541668774,2.10896600017886
polynomial,pmmr,0.00207844693914776,2.16183424272828,2.26047739471181
polynomial,pmmr,0.00039073954092867,2.28402541668774,2.30625304222684
polynomial,pmmr,0.000585434365122306,2.16183424272828,2.43755386502905
polynomial,pmmr,0.000587314865929753,2.49182469764127,2.30905057045733
polynomial,pmmr,0.00068407281585907,2.349858807576,2.49756567568256
polynomial,pmmr,0.00314465071286622,2.49182469764127,2.53780572577915
polynomial,pmmr,0.00456104361498663,2.349858807576,2.69843302368144
polynomial,pmmr,5.31793456221294e-05,2.28402541668774,2.17612474810182
polynomial,pmmr,0.000108429290148266,2.16183424272828,2.3256628667722
polynomial,pmmr,0.000393565769936334,2.28402541668774,2.38696405483944
polynomial,pmmr,0.000998096294524031,2.16183424272828,2.51092157885343
polynomial,pmmr,5.84606619093318e-05,2.49182469764127,2.30845723268416
polynomial,pmmr,3.68843984785601e-05,2.349858807576,2.51189657452315
polynomial,pmmr,0.000346121362092197,2.49182469764127,2.54229551430584
polynomial,pmmr,0.000275409029188504,2.349858807576,2.72069288883811
polynomial,pmmr,0.000193729544966239,2.28402541668774,2.17973154875732
polynomial,pmmr,0.000213967159960164,2.16183424272828,2.34425847445196
polynomial,pmmr,0.00158538025165397,2.28402541668774,2.40073477123588
polynomial,pmmr,0.00220570042693509,2.16183424272828,2.54273814335593
polynomial,pmmr,0.000754084375812706,3.33964685192599,2.38325600170357
polynomial,pmmr,0.00122415508932939,3.11700001661268,2.57622957754891
polynomial,pmmr,0.0001489188152483,3.33964685192599,2.60767652103482
polynomial,pmmr,0.000301041621736058,3.11700001661268,2.77824138884426
polynomial,pmmr,6.86603202630765e-05,3.01375270747048,2.2325642959292
polynomial,pmmr,0.000195481692525041,2.82211880039051,2.38977836253654
polynomial,pmmr,1.87416733633171e-05,3.01375270747048,2.44538857421749
polynomial,pmmr,6.63682137311478e-05,2.82211880039051,2.58266918653187
polynomial,pmmr,9.63279881780911e-05,3.33964685192599,2.37010074126119
polynomial,pmmr,8.4323715617755e-05,3.11700001661268,2.57403523987044
polynomial,pmmr,2.10351384911134e-05,3.33964685192599,2.60077515132089
polynomial,pmmr,2.32227375330128e-05,3.11700001661268,2.78505001103769
polynomial,pmmr,0.000320995177082884,3.01375270747048,2.22429635223807
polynomial,pmmr,0.000492810006864686,2.82211880039051,2.39335100863931
polynomial,pmmr,9.68867309486421e-05,3.01375270747048,2.44797304306221
polynomial,pmmr,0.000187373052807374,2.82211880039051,2.6001449562528
polynomial,pmmr,0.000107286654466648,3.33964685192599,2.45651697519575
polynomial,pmmr,0.000160996910666349,3.11700001661268,2.66607778197468
polynomial,pmmr,0.00077541726688542,3.33964685192599,2.7113600099166
polynomial,pmmr,0.00144899797928404,3.11700001661268,2.89709407527044
polynomial,pmmr,9.76858332026189e-06,3.01375270747048,2.31179301503839
polynomial,pmmr,2.5709118773179e-05,2.82211880039051,2.48093046878611
polynomial,pmmr,9.7587515130386e-05,3.01375270747048,2.55193205027616
polynomial,pmmr,0.00031944887564232,2.82211880039051,2.69909670280333
polynomial,pmmr,1.06791930495902e-05,3.33964685192599,2.44896137804269
polynomial,pmmr,8.68076331812331e-06,3.11700001661268,2.67278041317436
polynomial,pmmr,8.53476284364712e-05,3.33964685192599,2.71106382685738
polynomial,pmmr,8.74946964899589e-05,3.11700001661268,2.91416659948101
polynomial,pmmr,3.55864326546287e-05,3.01375270747048,2.31104922624775
polynomial,pmmr,5.07326675426327e-05,2.82211880039051,2.49521394375562
polynomial,pmmr,0.000393106644718428,3.01375270747048,2.56410677967996
polynomial,pmmr,0.000705952446927189,2.82211880039051,2.72972574172617
polynomial,pmmr,0.00106462963936783,1.77880078307141,1.93995384541691
polynomial,pmmr,0.000744617548498822,1.70468808971871,2.09313507053207
polynomial,pmmr,8.14586064091042e-05,1.77880078307141,2.1339953891674
polynomial,pmmr,7.13780584804168e-05,1.70468808971871,2.2702567760435
polynomial,pmmr,0.000173893987726491,1.67032004603564,1.84861729835398
polynomial,pmmr,0.000212368151645404,1.60653065971263,1.97344819804646
polynomial,pmmr,1.83906000541097e-05,1.67032004603564,2.02413239908002
polynomial,pmmr,2.81050774725219e-05,1.60653065971263,2.13260949788909
polynomial,pmmr,0.000135997554921548,1.77880078307141,1.94156398775843
polynomial,pmmr,5.12916369428333e-05,1.70468808971871,2.10382372843489
polynomial,pmmr,1.15062227983188e-05,1.77880078307141,2.13746872406814
polynomial,pmmr,5.50619515051667e-06,1.70468808971871,2.28491140153041
polynomial,pmmr,0.000812975109496126,1.67032004603564,1.84980807505075
polynomial,pmmr,0.000535380827321236,1.60653065971263,1.98409268456044
polynomial,pmmr,9.50718265592076e-05,1.67032004603564,2.03077408306927
polynomial,pmmr,7.93472337035748e-05,1.60653065971263,2.15112715353885
polynomial,pmmr,0.000151469193524543,1.77880078307141,1.99500061764527
polynomial,pmmr,9.79296871623786e-05,1.70468808971871,2.15951244540343
polynomial,pmmr,0.000424153320322389,1.77880078307141,2.21099896427597
polynomial,pmmr,0.000343562667204943,1.70468808971871,2.35677501190722
polynomial,pmmr,2.4740605658263e-05,1.67032004603564,1.90539201991034
polynomial,pmmr,2.79299711587711e-05,1.60653065971263,2.03791047579132
polynomial,pmmr,9.57594834914816e-05,1.67032004603564,2.0997487593456
polynomial,pmmr,0.000135277641113065,1.60653065971263,2.21355596868365
polynomial,pmmr,1.50770733485513e-05,1.77880078307141,1.99812284314527
polynomial,pmmr,5.2802530965096e-06,1.70468808971871,2.1741577956254
polynomial,pmmr,4.66851610467426e-05,1.77880078307141,2.21637840567337
polynomial,pmmr,2.07453093255728e-05,1.70468808971871,2.37616611338337
polynomial,pmmr,9.01287185897598e-05,1.67032004603564,1.90991635063155
polynomial,pmmr,5.5115150144761e-05,1.60653065971263,2.05426072327082
polynomial,pmmr,0.000385742881197564,1.67032004603564,2.11085080405604
polynomial,pmmr,0.000298951065538372,1.60653065971263,2.23925425379476
polynomial,pmmr,0.00486799514877874,2.22140275816017,2.06418447577254
polynomial,pmmr,0.00437572668196998,2.10517091807565,2.23558776248863
polynomial,pmmr,0.000502778739068938,2.22140275816017,2.27842778817768
polynomial,pmmr,0.000566200169935022,2.10517091807565,2.43544870936119
polynomial,pmmr,0.000795789056860014,2.05127109637602,1.95854150572686
polynomial,pmmr,0.00124637013784139,1.95122942450071,2.09991671078194
polynomial,pmmr,0.000113605050807996,2.05127109637602,2.15576459703203
polynomial,pmmr,0.000222654142301546,1.95122942450071,2.28320301556075
polynomial,pmmr,0.000621845769761753,2.22140275816017,2.05778906739642
polynomial,pmmr,0.000301414041053892,2.10517091807565,2.23762272332153
polynomial,pmmr,7.10186982690438e-05,2.22140275816017,2.27484110457059
polynomial,pmmr,4.36774086643626e-05,2.10517091807565,2.44262631161949
polynomial,pmmr,0.00372040864721646,2.05127109637602,1.95370543187785
polynomial,pmmr,0.00314210332564453,1.95122942450071,2.10441467832823
polynomial,pmmr,0.000587291314850503,2.05127109637602,2.15776471898087
polynomial,pmmr,0.000628604930249441,1.95122942450071,2.29725520879184
polynomial,pmmr,0.000692589490280147,2.22140275816017,2.13046037502901
polynomial,pmmr,0.000575481394357805,2.10517091807565,2.31523757799873
polynomial,pmmr,0.00261795875186688,2.22140275816017,2.37096639440939
polynomial,pmmr,0.00272528063519881,2.10517091807565,2.54021018811306
polynomial,pmmr,0.000113220149243466,2.05127109637602,2.02748862523861
polynomial,pmmr,0.000163918561862273,1.95122942450071,2.17835741689035
polynomial,pmmr,0.000591539207822979,2.05127109637602,2.2479462612963
polynomial,pmmr,0.0010716969979554,1.95122942450071,2.38303744728081
polynomial,pmmr,6.89395797416559e-05,2.22140275816017,2.12655765927944
polynomial,pmmr,3.10292772558639e-05,2.10517091807565,2.32228649132388
polynomial,pmmr,0.000288150110086933,2.22140275816017,2.37046295027654
polynomial,pmmr,0.000164560341308759,2.10517091807565,2.55337943493037
polynomial,pmmr,0.000412455018717247,2.05127109637602,2.0270580716695
polynomial,pmmr,0.000323466003498371,1.95122942450071,2.18977727053402
polynomial,pmmr,0.00238286621906497,2.05127109637602,2.25583400761407
polynomial,pmmr,0.00236835116902479,1.95122942450071,2.40587608994128
polynomial,pmmr,0.000125625646953538,2.49182469764127,2.24894789779905
polynomial,pmmr,0.000109059940049626,2.349858807576,2.42298412232151
polynomial,pmmr,9.61206578482424e-06,2.49182469764127,2.45219486008248
polynomial,pmmr,1.0454342359278e-05,2.349858807576,2.60051244053112
polynomial,pmmr,2.83753746749529e-05,2.28402541668774,2.1113792088904
polynomial,pmmr,4.30103708573674e-05,2.16183424272828,2.25092659687853
polynomial,pmmr,3.00090977183953e-06,2.28402541668774,2.30007067015703
polynomial,pmmr,5.69204843429907e-06,2.16183424272828,2.41667426050432
polynomial,pmmr,1.60476283858334e-05,2.49182469764127,2.24418659087888
polynomial,pmmr,7.51239728543871e-06,2.349858807576,2.4299244759151
polynomial,pmmr,1.35772725986537e-06,2.49182469764127,2.45179809623106
polynomial,pmmr,8.06461403209649e-07,2.349858807576,2.61432075125576
polynomial,pmmr,0.000132658257108041,2.28402541668774,2.10896600017886
polynomial,pmmr,0.000108429290148266,2.16183424272828,2.26047739471181
polynomial,pmmr,1.55134673424864e-05,2.28402541668774,2.30625304222684
polynomial,pmmr,1.60699894106312e-05,2.16183424272828,2.43755386502905
polynomial,pmmr,1.78732722877697e-05,2.49182469764127,2.30905057045733
polynomial,pmmr,1.43432099237244e-05,2.349858807576,2.49756567568256
polynomial,pmmr,5.00498326391054e-05,2.49182469764127,2.53780572577915
polynomial,pmmr,5.03196895697656e-05,2.349858807576,2.69843302368144
polynomial,pmmr,4.03708008779839e-06,2.28402541668774,2.17612474810182
polynomial,pmmr,5.65658460681113e-06,2.16183424272828,2.3256628667722
polynomial,pmmr,1.56256766451553e-05,2.28402541668774,2.38696405483944
polynomial,pmmr,2.73974297365351e-05,2.16183424272828,2.51092157885343
polynomial,pmmr,1.77908544299253e-06,2.49182469764127,2.30845723268416
polynomial,pmmr,7.7336894263794e-07,2.349858807576,2.51189657452315
polynomial,pmmr,5.50882047874379e-06,2.49182469764127,2.54229551430584
polynomial,pmmr,3.03844865853506e-06,2.349858807576,2.72069288883811
polynomial,pmmr,1.47068693541049e-05,2.28402541668774,2.17973154875732
polynomial,pmmr,1.11623283869032e-05,2.16183424272828,2.34425847445196
polynomial,pmmr,6.29440898174842e-05,2.28402541668774,2.40073477123588
polynomial,pmmr,6.05457838069798e-05,2.16183424272828,2.54273814335593
polynomial,pmmr,0.000759538687224554,3.33964685192599,2.38325600170357
polynomial,pmmr,0.000846706009089562,3.11700001661268,2.57622957754891
polynomial,pmmr,7.84470591620539e-05,3.33964685192599,2.60767652103482
polynomial,pmmr,0.000109560107628954,3.11700001661268,2.77824138884426
polynomial,pmmr,0.000171504198251637,3.01375270747048,2.2325642959292
polynomial,pmmr,0.000333273146539268,2.82211880039051,2.38977836253654
polynomial,pmmr,2.44835525045291e-05,3.01375270747048,2.44538857421749
polynomial,pmmr,5.95366050115374e-05,2.82211880039051,2.58266918653187
polynomial,pmmr,9.70247309592075e-05,3.33964685192599,2.37010074126119
polynomial,pmmr,5.83238164385081e-05,3.11700001661268,2.57403523987044
polynomial,pmmr,1.10808345536661e-05,3.33964685192599,2.60077515132089
polynomial,pmmr,8.45160748498278e-06,3.11700001661268,2.78505001103769
polynomial,pmmr,0.000801802558993415,3.01375270747048,2.22429635223807
polynomial,pmmr,0.000840182727662812,2.82211880039051,2.39335100863931
polynomial,pmmr,0.000126569880831251,3.01375270747048,2.44797304306221
polynomial,pmmr,0.00016808581710499,2.82211880039051,2.6001449562528
polynomial,pmmr,0.000108062661558913,3.33964685192599,2.45651697519575
polynomial,pmmr,0.000111356030697654,3.11700001661268,2.66607778197468
polynomial,pmmr,0.000408472254558399,3.33964685192599,2.7113600099166
polynomial,pmmr,0.000527343606671384,3.11700001661268,2.89709407527044
polynomial,pmmr,2.4400600579441e-05,3.01375270747048,2.31179301503839
polynomial,pmmr,4.38310043135704e-05,2.82211880039051,2.48093046878611
polynomial,pmmr,0.000127485363988782,3.01375270747048,2.55193205027616
polynomial,pmmr,0.000286566421804578,2.82211880039051,2.69909670280333
polynomial,pmmr,1.07564359237141e-05,3.33964685192599,2.44896137804269
polynomial,pmmr,6.00418568611739e-06,3.11700001661268,2.67278041317436
polynomial,pmmr,4.49591977087213e-05,3.33964685192599,2.71106382685738
polynomial,pmmr,3.1842534959525e-05,3.11700001661268,2.91416659948101
polynomial,pmmr,8.88900980607588e-05,3.01375270747048,2.31104922624775
polynomial,pmmr,8.64931929218788e-05,2.82211880039051,2.49521394375562
polynomial,pmmr,0.000513542573774717,3.01375270747048,2.56410677967996
polynomial,pmmr,0.000633285267551308,2.82211880039051,2.72972574172617
polynomial,pmmr,0.000105972038196597,1.77880078307141,1.93995384541691
polynomial,pmmr,7.40029352343184e-05,1.70468808971871,2.09313507053207
polynomial,pmmr,1.25892464741956e-05,1.77880078307141,2.1339953891674
polynomial,pmmr,1.10343278474698e-05,1.70468808971871,2.2702567760435
polynomial,pmmr,9.36643552119747e-06,1.67032004603564,1.84861729835398
polynomial,pmmr,1.14506399725992e-05,1.60653065971263,1.97344819804646
polynomial,pmmr,1.53799777282289e-06,1.67032004603564,2.02413239908002
polynomial,pmmr,2.35716852536868e-06,1.60653065971263,2.13260949788909
polynomial,pmmr,1.35370438243179e-05,1.77880078307141,1.94156398775843
polynomial,pmmr,5.09755873252653e-06,1.70468808971871,2.10382372843489
polynomial,pmmr,1.778261146128e-06,1.77880078307141,2.13746872406814
polynomial,pmmr,8.51202229038192e-07,1.70468808971871,2.28491140153041
polynomial,pmmr,4.37892019326779e-05,1.67032004603564,1.84980807505075
polynomial,pmmr,2.88671020319653e-05,1.60653065971263,1.98409268456044
polynomial,pmmr,7.95081493132629e-06,1.67032004603564,2.03077408306927
polynomial,pmmr,6.65484028798717e-06,1.60653065971263,2.15112715353885
polynomial,pmmr,1.50770733485513e-05,1.77880078307141,1.99500061764527
polynomial,pmmr,9.73262624713179e-06,1.70468808971871,2.15951244540343
polynomial,pmmr,6.55519524305315e-05,1.77880078307141,2.21099896427597
polynomial,pmmr,5.31113228182101e-05,1.70468808971871,2.35677501190722
polynomial,pmmr,1.33260091785331e-06,1.67032004603564,1.90539201991034
polynomial,pmmr,1.50595106519631e-06,1.60653065971263,2.03791047579132
polynomial,pmmr,8.00832337733632e-06,1.67032004603564,2.0997487593456
polynomial,pmmr,1.13457149559397e-05,1.60653065971263,2.21355596868365
polynomial,pmmr,1.50075494209827e-06,1.77880078307141,1.99812284314527
polynomial,pmmr,5.24771714969094e-07,1.70468808971871,2.1741577956254
polynomial,pmmr,7.21508782206799e-06,1.77880078307141,2.21637840567337
polynomial,pmmr,3.20701556288963e-06,1.70468808971871,2.37616611338337
polynomial,pmmr,4.8545947005765e-06,1.67032004603564,1.90991635063155
polynomial,pmmr,2.97174381588617e-06,1.60653065971263,2.05426072327082
polynomial,pmmr,3.22595070535267e-05,1.67032004603564,2.11085080405604
polynomial,pmmr,2.50729798913181e-05,1.60653065971263,2.23925425379476
polynomial,pmmr,0.000535804216557258,2.22140275816017,2.06418447577254
polynomial,pmmr,0.000482473898643181,2.10517091807565,2.23558776248863
polynomial,pmmr,8.59217117479918e-05,2.22140275816017,2.27842778817768
polynomial,pmmr,9.71089158479462e-05,2.10517091807565,2.43544870936119
polynomial,pmmr,4.76763856244649e-05,2.05127109637602,1.95854150572686
polynomial,pmmr,7.52594403054059e-05,1.95122942450071,2.09991671078194
polynomial,pmmr,1.05675187534922e-05,2.05127109637602,2.15576459703203
polynomial,pmmr,2.09127045694097e-05,1.95122942450071,2.28320301556075
polynomial,pmmr,6.84445188015912e-05,2.22140275816017,2.05778906739642
polynomial,pmmr,3.32343443872496e-05,2.10517091807565,2.23762272332153
polynomial,pmmr,1.21366470919004e-05,2.22140275816017,2.27484110457059
polynomial,pmmr,7.49110655147047e-06,2.10517091807565,2.44262631161949
polynomial,pmmr,0.000222892782724565,2.05127109637602,1.95370543187785
polynomial,pmmr,0.000189729303110001,1.95122942450071,2.10441467832823
polynomial,pmmr,5.46297188312067e-05,2.05127109637602,2.15776471898087
polynomial,pmmr,5.90414759918424e-05,1.95122942450071,2.29725520879184
polynomial,pmmr,7.6231047462823e-05,2.22140275816017,2.13046037502901
polynomial,pmmr,6.34534037686793e-05,2.10517091807565,2.31523757799873
polynomial,pmmr,0.000447392619788555,2.22140275816017,2.37096639440939
polynomial,pmmr,0.00046741251931438,2.10517091807565,2.54021018811306
polynomial,pmmr,6.78311350132134e-06,2.05127109637602,2.02748862523861
polynomial,pmmr,9.89787772257393e-06,1.95122942450071,2.17835741689035
polynomial,pmmr,5.50248569727787e-05,2.05127109637602,2.2479462612963
polynomial,pmmr,0.000100658727812086,1.95122942450071,2.38303744728081
polynomial,pmmr,7.58795281924868e-06,2.22140275816017,2.12655765927944
polynomial,pmmr,3.42133260548552e-06,2.10517091807565,2.32228649132388
polynomial,pmmr,4.92430343114546e-05,2.22140275816017,2.37046295027654
polynomial,pmmr,2.82237222533781e-05,2.10517091807565,2.55337943493037
polynomial,pmmr,2.47105239203716e-05,2.05127109637602,2.0270580716695
polynomial,pmmr,1.95318145404827e-05,1.95122942450071,2.18977727053402
polynomial,pmmr,0.000221653731748163,2.05127109637602,2.25583400761407
polynomial,pmmr,0.000222446471475719,1.95122942450071,2.40587608994128
polynomial,pmmr,0.000457647591102943,2.49182469764127,2.24894789779905
polynomial,pmmr,0.000396680697514186,2.349858807576,2.42298412232151
polynomial,pmmr,5.43675333678904e-05,2.49182469764127,2.45219486008248
polynomial,pmmr,5.91477196583503e-05,2.349858807576,2.60051244053112
polynomial,pmmr,5.59360146777711e-05,2.28402541668774,2.1113792088904
polynomial,pmmr,8.48738093609244e-05,2.16183424272828,2.25092659687853
polynomial,pmmr,9.18486715680733e-06,2.28402541668774,2.30007067015703
polynomial,pmmr,1.74716760401559e-05,2.16183424272828,2.41667426050432
polynomial,pmmr,5.84606619093318e-05,2.49182469764127,2.24418659087888
polynomial,pmmr,2.73246344518023e-05,2.349858807576,2.4299244759151
polynomial,pmmr,7.67954399789561e-06,2.49182469764127,2.45179809623106
polynomial,pmmr,4.56273109804858e-06,2.349858807576,2.61432075125576
polynomial,pmmr,0.00026150753256037,2.28402541668774,2.10896600017886
polynomial,pmmr,0.000213967159960164,2.16183424272828,2.26047739471181
polynomial,pmmr,4.74819796380822e-05,2.28402541668774,2.30625304222684
polynomial,pmmr,4.93266443868302e-05,2.16183424272828,2.43755386502905
polynomial,pmmr,6.51113861379755e-05,2.49182469764127,2.30905057045733
polynomial,pmmr,5.2170159955584e-05,2.349858807576,2.49756567568256
polynomial,pmmr,0.000283090649500133,2.49182469764127,2.53780572577915
polynomial,pmmr,0.000284694607243882,2.349858807576,2.69843302368144
polynomial,pmmr,7.95824455652947e-06,2.28402541668774,2.17612474810182
polynomial,pmmr,1.11623283869032e-05,2.16183424272828,2.3256628667722
polynomial,pmmr,4.78254180008225e-05,2.28402541668774,2.38696405483944
polynomial,pmmr,8.40960898725417e-05,2.16183424272828,2.51092157885343
polynomial,pmmr,6.48111422385726e-06,2.49182469764127,2.30845723268416
polynomial,pmmr,2.81295342232749e-06,2.349858807576,2.51189657452315
polynomial,pmmr,3.11588567848423e-05,2.49182469764127,2.54229551430584
polynomial,pmmr,1.71906852937362e-05,2.349858807576,2.72069288883811
polynomial,pmmr,2.89914642354107e-05,2.28402541668774,2.17973154875732
polynomial,pmmr,2.20269975042956e-05,2.16183424272828,2.34425847445196
polynomial,pmmr,0.000192652611119777,2.28402541668774,2.40073477123588
polynomial,pmmr,0.000185844574669916,2.16183424272828,2.54273814335593
polynomial,pmmr,0.00305960966902122,3.33964685192599,2.38325600170357
polynomial,pmmr,0.00341677525449953,3.11700001661268,2.57622957754891
polynomial,pmmr,0.000490639849257172,3.33964685192599,2.60767652103482
polynomial,pmmr,0.000687704229376201,3.11700001661268,2.77824138884426
polynomial,pmmr,0.000376045374945552,3.01375270747048,2.2325642959292
polynomial,pmmr,0.000736502806032577,2.82211880039051,2.38977836253654
polynomial,pmmr,8.33508350067117e-05,3.01375270747048,2.44538857421749
polynomial,pmmr,0.000204655595824225,2.82211880039051,2.58266918653187
polynomial,pmmr,0.000390839610898199,3.33964685192599,2.37010074126119
polynomial,pmmr,0.00023535840139997,3.11700001661268,2.57403523987044
polynomial,pmmr,6.93040510775986e-05,3.33964685192599,2.60077515132089
polynomial,pmmr,5.30503879398729e-05,3.11700001661268,2.78505001103769
polynomial,pmmr,0.00175805692806767,3.01375270747048,2.22429635223807
polynomial,pmmr,0.00185672606067844,2.82211880039051,2.39335100863931
polynomial,pmmr,0.000430889481909668,3.01375270747048,2.44797304306221
polynomial,pmmr,0.000577790806891949,2.82211880039051,2.6001449562528
polynomial,pmmr,0.000435303125077114,3.33964685192599,2.45651697519575
polynomial,pmmr,0.000449363209948342,3.11700001661268,2.66607778197468
polynomial,pmmr,0.00255475179749266,3.33964685192599,2.7113600099166
polynomial,pmmr,0.00331011384061995,3.11700001661268,2.89709407527044
polynomial,pmmr,5.35015065947808e-05,3.01375270747048,2.31179301503839
polynomial,pmmr,9.68624625277663e-05,2.82211880039051,2.48093046878611
polynomial,pmmr,0.000434006116458544,3.01375270747048,2.55193205027616
polynomial,pmmr,0.000985064932511136,2.82211880039051,2.69909670280333
polynomial,pmmr,4.33295840092911e-05,3.33964685192599,2.44896137804269
polynomial,pmmr,2.42291336727435e-05,3.11700001661268,2.67278041317436
polynomial,pmmr,0.000281193128488883,3.33964685192599,2.71106382685738
polynomial,pmmr,0.000199874264818062,3.11700001661268,2.91416659948101
polynomial,pmmr,0.000194903160359726,3.01375270747048,2.31104922624775
polynomial,pmmr,0.000191141950532684,2.82211880039051,2.49521394375562
polynomial,pmmr,0.00174828396850091,3.01375270747048,2.56410677967996
polynomial,pmmr,0.00217690232307168,2.82211880039051,2.72972574172617
