basis,candidate,probability,reference,fitted
joint_categories,ensemble,0.00748294912415195,1.77880078307141,1.85335410593208
joint_categories,ensemble,0.0076425891174435,1.70468808971871,1.91074032970725
joint_categories,ensemble,0.000709245152938778,1.77880078307141,1.80075113648929
joint_categories,ensemble,0.000904292506752669,1.70468808971871,1.79686635538059
joint_categories,ensemble,0.000905462486159698,1.67032004603564,1.78929537605984
joint_categories,ensemble,0.00161476113157825,1.60653065971263,1.80803415488655
joint_categories,ensemble,0.000118622468061873,1.67032004603564,1.74708888219765
joint_categories,ensemble,0.000263779258816363,1.60653065971263,1.75435244343289
joint_categories,ensemble,0.000955884325267599,1.77880078307141,1.73179951250837
joint_categories,ensemble,0.000526445968276534,1.70468808971871,1.76779766848188
joint_categories,ensemble,0.000100182572573807,1.77880078307141,1.71786546975367
joint_categories,ensemble,6.97582859681761e-05,1.70468808971871,1.72901582770842
joint_categories,ensemble,0.00423314499514566,1.67032004603564,1.75320646148304
joint_categories,ensemble,0.00407081826466162,1.60653065971263,1.74909896068269
joint_categories,ensemble,0.00061322929520635,1.67032004603564,1.68791741045277
joint_categories,ensemble,0.000744710791703774,1.60653065971263,1.69028761508756
joint_categories,ensemble,0.00106462963936783,1.77880078307141,1.88434587836122
joint_categories,ensemble,0.00100512855611679,1.70468808971871,1.88145006100081
joint_categories,ensemble,0.00369302520387731,1.77880078307141,1.8685093726079
joint_categories,ensemble,0.00435261412495031,1.70468808971871,1.82491090728898
joint_categories,ensemble,0.000128823834574787,1.67032004603564,1.85223033319998
joint_categories,ensemble,0.000212368151645404,1.60653065971263,1.84988980451439
joint_categories,ensemble,0.000617664798248458,1.67032004603564,1.81273350508453
joint_categories,ensemble,0.00126964374825572,1.60653065971263,1.78826039413
joint_categories,ensemble,0.000105972038196597,1.77880078307141,1.80233928627745
joint_categories,ensemble,5.4195344890929e-05,1.70468808971871,1.82190691296562
joint_categories,ensemble,0.000406479138868103,1.77880078307141,1.77494166510907
joint_categories,ensemble,0.000262823452651471,1.70468808971871,1.76881411452355
joint_categories,ensemble,0.000469298419546449,1.67032004603564,1.77544410117302
joint_categories,ensemble,0.000419073206247334,1.60653065971263,1.77028033785674
joint_categories,ensemble,0.00248810655825924,1.67032004603564,1.7400468901693
joint_categories,ensemble,0.00280579516520357,1.60653065971263,1.7248044179147
joint_categories,ensemble,0.000934898023489231,2.22140275816017,2.42843653460269
joint_categories,ensemble,0.0012271489970857,2.10517091807565,2.27886657628447
joint_categories,ensemble,0.000119612390536422,2.22140275816017,2.1876920448134
joint_categories,ensemble,0.000195999093135422,2.10517091807565,2.27298365789228
joint_categories,ensemble,0.000113220149243466,2.05127109637602,2.25613722730833
joint_categories,ensemble,0.000258943968827728,1.95122942450071,2.27800003184936
joint_categories,ensemble,2.00220509127348e-05,2.05127109637602,2.15548279582723
joint_categories,ensemble,5.70987369063187e-05,1.95122942450071,2.1233596111027
joint_categories,ensemble,0.000119425423258947,2.22140275816017,2.21712525975131
joint_categories,ensemble,8.45299455541655e-05,2.10517091807565,2.15953185282816
joint_categories,ensemble,1.68955359736889e-05,2.22140275816017,2.13002557699273
joint_categories,ensemble,1.51196218992706e-05,2.10517091807565,2.08115988277172
joint_categories,ensemble,0.000529317686205158,2.05127109637602,2.02493425973634
joint_categories,ensemble,0.000652798619692812,1.95122942450071,2.05197515865323
joint_categories,ensemble,0.000103505755447592,2.05127109637602,2.02841932963885
joint_categories,ensemble,0.000161203142952165,1.95122942450071,2.01281639980567
joint_categories,ensemble,0.000133011748319997,2.22140275816017,2.29441200965206
joint_categories,ensemble,0.000161390659713171,2.10517091807565,2.38653219765841
joint_categories,ensemble,0.000622819304603906,2.22140275816017,2.37985617539597
joint_categories,ensemble,0.000943398750833641,2.10517091807565,2.22638372060126
joint_categories,ensemble,1.61082916185006e-05,2.05127109637602,2.30275536983446
joint_categories,ensemble,3.40554717129719e-05,1.95122942450071,2.26433293193887
joint_categories,ensemble,0.000104254415201378,2.05127109637602,2.21784295121247
joint_categories,ensemble,0.00027483227707784,1.95122942450071,2.24688229434855
joint_categories,ensemble,1.32398399897382e-05,2.22140275816017,2.23024396951203
joint_categories,ensemble,8.70199380178946e-06,2.10517091807565,2.22630957085122
joint_categories,ensemble,6.85516725799842e-05,2.22140275816017,2.14630233207007
joint_categories,ensemble,5.69651500921905e-05,2.10517091807565,2.0945668858925
joint_categories,ensemble,5.86816548591944e-05,2.05127109637602,2.17485956925147
joint_categories,ensemble,6.72028061196784e-05,1.95122942450071,2.13556609967983
joint_categories,ensemble,0.000419962566954781,2.05127109637602,2.10328589441924
joint_categories,ensemble,0.000607353893819652,1.95122942450071,2.15491791771387
joint_categories,ensemble,0.000882983424545827,2.49182469764127,2.50609663797975
joint_categories,ensemble,0.00111936699941155,2.349858807576,2.47197448071272
joint_categories,ensemble,8.36904946958843e-05,2.49182469764127,2.31774179427327
joint_categories,ensemble,0.000132446632197425,2.349858807576,2.25901400931344
joint_categories,ensemble,0.00014775000352115,2.28402541668774,2.23525016786661
joint_categories,ensemble,0.000327033383193953,2.16183424272828,2.26685231207615
joint_categories,ensemble,1.93563735016384e-05,2.28402541668774,2.16182097544656
joint_categories,ensemble,5.34225290292901e-05,2.16183424272828,2.14338034215693
joint_categories,ensemble,0.000112793766333419,2.49182469764127,2.17838263279743
joint_categories,ensemble,7.7105577024548e-05,2.349858807576,2.21639354021329
joint_categories,ensemble,1.18214823518603e-05,2.49182469764127,2.13876236392648
joint_categories,ensemble,1.02171033989081e-05,2.349858807576,2.13522433804914
joint_categories,ensemble,0.00069074886867041,2.28402541668774,2.21194118742505
joint_categories,ensemble,0.000824452263201824,2.16183424272828,2.18773195523995
joint_categories,ensemble,0.000100064477447639,2.28402541668774,2.06515566390331
joint_categories,ensemble,0.000150824344820521,2.16183424272828,2.03149117972898
joint_categories,ensemble,0.000125625646953538,2.49182469764127,2.4800374665999
joint_categories,ensemble,0.000147215520629698,2.349858807576,2.48944728321961
joint_categories,ensemble,0.000435774717608172,2.49182469764127,2.32760568531029
joint_categories,ensemble,0.000637502885183462,2.349858807576,2.42352270962408
joint_categories,ensemble,2.10209945778757e-05,2.28402541668774,2.33232011349197
joint_categories,ensemble,4.30103708573674e-05,2.16183424272828,2.3625647548119
joint_categories,ensemble,0.00010078824635039,2.28402541668774,2.26607339658044
joint_categories,ensemble,0.00025713765480427,2.16183424272828,2.22817394734776
joint_categories,ensemble,1.25046357579688e-05,2.49182469764127,2.29500913260226
joint_categories,ensemble,7.93768704039999e-06,2.349858807576,2.32414289446981
joint_categories,ensemble,4.7964290026477e-05,2.49182469764127,2.2116604985384
joint_categories,ensemble,3.84942713848094e-05,2.349858807576,2.20908791758261
joint_categories,ensemble,7.65783720477939e-05,2.28402541668774,2.22992092579758
joint_categories,ensemble,8.48738093609244e-05,2.16183424272828,2.21656577470194
joint_categories,ensemble,0.000405999981625921,2.28402541668774,2.1217921987078
joint_categories,ensemble,0.000568250416412313,2.16183424272828,2.08687971293853
joint_categories,ensemble,0.000145869335475403,3.33964685192599,3.17335688053349
joint_categories,ensemble,0.000237454143139697,3.11700001661268,3.19292287865047
joint_categories,ensemble,1.86627626583844e-05,3.33964685192599,3.05544793719922
joint_categories,ensemble,3.7925954246108e-05,3.11700001661268,2.77826942598594
joint_categories,ensemble,2.4400600579441e-05,3.01375270747048,2.97896587514832
joint_categories,ensemble,6.92403232783208e-05,2.82211880039051,2.94259149492974
joint_categories,ensemble,4.31504524916592e-06,3.01375270747048,2.7579794120193
joint_categories,ensemble,1.52679169168351e-05,2.82211880039051,2.71519122616193
joint_categories,ensemble,1.8633590714669e-05,3.33964685192599,2.78576721628788
joint_categories,ensemble,1.63566004119122e-05,3.11700001661268,2.87592132352879
joint_categories,ensemble,2.63615981963957e-06,3.33964685192599,2.75044255671638
joint_categories,ensemble,2.92565684461606e-06,3.11700001661268,2.58931020068336
joint_categories,ensemble,0.000114075714676479,3.01375270747048,2.90338370392705
joint_categories,ensemble,0.000174555088762244,2.82211880039051,2.77429403934425
joint_categories,ensemble,2.2307006422673e-05,3.01375270747048,2.68998572203073
joint_categories,ensemble,4.31049148664089e-05,2.82211880039051,2.48583598529744
joint_categories,ensemble,2.07534242777046e-05,3.33964685192599,3.34739000037771
joint_categories,ensemble,3.12291994728862e-05,3.11700001661268,3.38210067723633
joint_categories,ensemble,9.71766286816531e-05,3.33964685192599,3.59836522920728
joint_categories,ensemble,0.000182548282686344,3.11700001661268,3.19873013583047
joint_categories,ensemble,3.47157279359331e-06,3.01375270747048,3.1410659794561
joint_categories,ensemble,9.10626295517483e-06,2.82211880039051,3.0662433069986
joint_categories,ensemble,2.24683535657752e-05,3.01375270747048,3.03905448880649
joint_categories,ensemble,7.34887775078738e-05,2.82211880039051,2.74496160000842
joint_categories,ensemble,2.0657725362343e-06,3.33964685192599,2.9291918280109
joint_categories,ensemble,1.68384156016759e-06,3.11700001661268,2.9953741163459
joint_categories,ensemble,1.06959119323509e-05,3.33964685192599,2.91634999240048
joint_categories,ensemble,1.10227942459221e-05,3.11700001661268,2.80943903412966
joint_categories,ensemble,1.26467561748286e-05,3.01375270747048,2.87547531730604
joint_categories,ensemble,1.79696945327679e-05,2.82211880039051,2.69086433614496
joint_categories,ensemble,9.05080846744403e-05,3.01375270747048,2.81805823779274
joint_categories,ensemble,0.000162403396158639,2.82211880039051,2.58358633163139
joint_categories,ensemble,0.000955884325267599,1.77880078307141,1.85335410593208
joint_categories,ensemble,0.000970351563627095,1.70468808971871,1.91074032970725
joint_categories,ensemble,0.000139844897630605,1.77880078307141,1.80075113648929
joint_categories,ensemble,0.000176779079384732,1.70468808971871,1.79686635538059
joint_categories,ensemble,6.2589294446911e-05,1.67032004603564,1.78929537605984
joint_categories,ensemble,0.000111229908396983,1.60653065971263,1.80803415488655
joint_categories,ensemble,1.26565182893121e-05,1.67032004603564,1.74708888219765
joint_categories,ensemble,2.79761065503157e-05,1.60653065971263,1.75435244343289
joint_categories,ensemble,0.000122106248236165,1.77880078307141,1.73179951250837
joint_categories,ensemble,6.6840917473422e-05,1.70468808971871,1.76779766848188
joint_categories,ensemble,1.9753425945745e-05,1.77880078307141,1.71786546975367
joint_categories,ensemble,1.36369653412199e-05,1.70468808971871,1.72901582770842
joint_categories,ensemble,0.000292612408120141,1.67032004603564,1.75320646148304
joint_categories,ensemble,0.000280410974616735,1.60653065971263,1.74909896068269
joint_categories,ensemble,6.54289859006547e-05,1.67032004603564,1.68791741045277
joint_categories,ensemble,7.89831185035628e-05,1.60653065971263,1.69028761508756
joint_categories,ensemble,0.000135997554921548,1.77880078307141,1.88434587836122
joint_categories,ensemble,0.000127617493376436,1.70468808971871,1.88145006100081
joint_categories,ensemble,0.000728169560896594,1.77880078307141,1.8685093726079
joint_categories,ensemble,0.000850887419922132,1.70468808971871,1.82491090728898
joint_categories,ensemble,8.90483375868919e-06,1.67032004603564,1.85223033319998
joint_categories,ensemble,1.46285971293273e-05,1.60653065971263,1.84988980451439
joint_categories,ensemble,6.5902235414781e-05,1.67032004603564,1.81273350508453
joint_categories,ensemble,0.00013465686779745,1.60653065971263,1.78826039413
joint_categories,ensemble,1.35370438243179e-05,1.77880078307141,1.80233928627745
joint_categories,ensemble,6.8809845522369e-06,1.70468808971871,1.82190691296562
joint_categories,ensemble,8.01472288227161e-05,1.77880078307141,1.77494166510907
joint_categories,ensemble,5.13790478783116e-05,1.70468808971871,1.76881411452355
joint_categories,ensemble,3.24398386608389e-05,1.67032004603564,1.77544410117302
joint_categories,ensemble,2.88671020319653e-05,1.60653065971263,1.77028033785674
joint_categories,ensemble,0.000265470502130676,1.67032004603564,1.7400468901693
joint_categories,ensemble,0.000297579213969747,1.60653065971263,1.7248044179147
joint_categories,ensemble,0.000132056579730201,2.22140275816017,2.42843653460269
joint_categories,ensemble,0.000172859738935083,2.10517091807565,2.27886657628447
joint_categories,ensemble,2.60789243617065e-05,2.22140275816017,2.1876920448134
joint_categories,ensemble,4.2509300165877e-05,2.10517091807565,2.27298365789228
joint_categories,ensemble,8.70500243869682e-06,2.05127109637602,2.25613722730833
joint_categories,ensemble,1.99752704930459e-05,1.95122942450071,2.27800003184936
joint_categories,ensemble,2.37613678042614e-06,2.05127109637602,2.15548279582723
joint_categories,ensemble,6.7818270053608e-06,1.95122942450071,2.1233596111027
joint_categories,ensemble,1.68691263989926e-05,2.22140275816017,2.21712525975131
joint_categories,ensemble,1.19071313714885e-05,2.10517091807565,2.15953185282816
joint_categories,ensemble,3.68371038094215e-06,2.22140275816017,2.13002557699273
joint_categories,ensemble,3.2792220383723e-06,2.10517091807565,2.08115988277172
joint_categories,ensemble,4.06969234721017e-05,2.05127109637602,2.02493425973634
joint_categories,ensemble,5.03577243559056e-05,1.95122942450071,2.05197515865323
joint_categories,ensemble,1.22836483423577e-05,2.05127109637602,2.02841932963885
joint_categories,ensemble,1.91466902326703e-05,1.95122942450071,2.01281639980567
joint_categories,ensemble,1.87882272780048e-05,2.22140275816017,2.29441200965206
joint_categories,ensemble,2.27339527399143e-05,2.10517091807565,2.38653219765841
joint_categories,ensemble,0.000135792433065955,2.22140275816017,2.37985617539597
joint_categories,ensemble,0.000204609215449747,2.10517091807565,2.22638372060126
joint_categories,ensemble,1.23849614012393e-06,2.05127109637602,2.30275536983446
joint_categories,ensemble,2.62708284851948e-06,1.95122942450071,2.26433293193887
joint_categories,ensemble,1.2372496282299e-05,2.05127109637602,2.21784295121247
joint_categories,ensemble,3.26428404482803e-05,1.95122942450071,2.24688229434855
joint_categories,ensemble,1.87015903477317e-06,2.22140275816017,2.23024396951203
joint_categories,ensemble,1.22578788750539e-06,2.10517091807565,2.22630957085122
joint_categories,ensemble,1.4946226524396e-05,2.22140275816017,2.14630233207007
joint_categories,ensemble,1.23548972881728e-05,2.10517091807565,2.0945668858925
joint_categories,ensemble,4.51177596981956e-06,2.05127109637602,2.17485956925147
joint_categories,ensemble,5.18411081829589e-06,1.95122942450071,2.13556609967983
joint_categories,ensemble,4.98394747917028e-05,2.05127109637602,2.10328589441924
joint_categories,ensemble,7.2137655963828e-05,1.95122942450071,2.15491791771387
joint_categories,ensemble,0.00412805270405592,2.49182469764127,2.50609663797975
joint_categories,ensemble,0.00520141172609965,2.349858807576,2.47197448071272
joint_categories,ensemble,0.000603929882050146,2.49182469764127,2.31774179427327
joint_categories,ensemble,0.00094759550137048,2.349858807576,2.25901400931344
joint_categories,ensemble,0.000373781006118126,2.28402541668774,2.23525016786661
joint_categories,ensemble,0.000824452263201824,2.16183424272828,2.26685231207615
joint_categories,ensemble,7.55842701525296e-05,2.28402541668774,2.16182097544656
joint_categories,ensemble,0.00020736297182466,2.16183424272828,2.14338034215693
joint_categories,ensemble,0.000527324295303528,2.49182469764127,2.17838263279743
joint_categories,ensemble,0.000358289866231539,2.349858807576,2.21639354021329
joint_categories,ensemble,8.53065389129307e-05,2.49182469764127,2.13876236392648
joint_categories,ensemble,7.30987346164517e-05,2.349858807576,2.13522433804914
joint_categories,ensemble,0.00174747073403369,2.28402541668774,2.21194118742505
joint_categories,ensemble,0.00207844693914776,2.16183424272828,2.18773195523995
joint_categories,ensemble,0.00039073954092867,2.28402541668774,2.06515566390331
joint_categories,ensemble,0.000585434365122306,2.16183424272828,2.03149117972898
joint_categories,ensemble,0.000587314865929753,2.49182469764127,2.4800374665999
joint_categories,ensemble,0.00068407281585907,2.349858807576,2.48944728321961
joint_categories,ensemble,0.00314465071286622,2.49182469764127,2.32760568531029
joint_categories,ensemble,0.00456104361498663,2.349858807576,2.42352270962408
joint_categories,ensemble,5.31793456221294e-05,2.28402541668774,2.33232011349197
joint_categories,ensemble,0.000108429290148266,2.16183424272828,2.3625647548119
joint_categories,ensemble,0.000393565769936334,2.28402541668774,2.26607339658044
joint_categories,ensemble,0.000998096294524031,2.16183424272828,2.22817394734776
joint_categories,ensemble,5.84606619093318e-05,2.49182469764127,2.29500913260226
joint_categories,ensemble,3.68843984785601e-05,2.349858807576,2.32414289446981
joint_categories,ensemble,0.000346121362092197,2.49182469764127,2.2116604985384
joint_categories,ensemble,0.000275409029188504,2.349858807576,2.20908791758261
joint_categories,ensemble,0.000193729544966239,2.28402541668774,2.22992092579758
joint_categories,ensemble,0.000213967159960164,2.16183424272828,2.21656577470194
joint_categories,ensemble,0.00158538025165397,2.28402541668774,2.1217921987078
joint_categories,ensemble,0.00220570042693509,2.16183424272828,2.08687971293853
joint_categories,ensemble,0.000754084375812706,3.33964685192599,3.17335688053349
joint_categories,ensemble,0.00122415508932939,3.11700001661268,3.19292287865047
joint_categories,ensemble,0.0001489188152483,3.33964685192599,3.05544793719922
joint_categories,ensemble,0.000301041621736058,3.11700001661268,2.77826942598594
joint_categories,ensemble,6.86603202630765e-05,3.01375270747048,2.97896587514832
joint_categories,ensemble,0.000195481692525041,2.82211880039051,2.94259149492974
joint_categories,ensemble,1.87416733633171e-05,3.01375270747048,2.7579794120193
joint_categories,ensemble,6.63682137311478e-05,2.82211880039051,2.71519122616193
joint_categories,ensemble,9.63279881780911e-05,3.33964685192599,2.78576721628788
joint_categories,ensemble,8.4323715617755e-05,3.11700001661268,2.87592132352879
joint_categories,ensemble,2.10351384911134e-05,3.33964685192599,2.75044255671638
joint_categories,ensemble,2.32227375330128e-05,3.11700001661268,2.58931020068336
joint_categories,ensemble,0.000320995177082884,3.01375270747048,2.90338370392705
joint_categories,ensemble,0.000492810006864686,2.82211880039051,2.77429403934425
joint_categories,ensemble,9.68867309486421e-05,3.01375270747048,2.68998572203073
joint_categories,ensemble,0.000187373052807374,2.82211880039051,2.48583598529744
joint_categories,ensemble,0.000107286654466648,3.33964685192599,3.34739000037771
joint_categories,ensemble,0.000160996910666349,3.11700001661268,3.38210067723633
joint_categories,ensemble,0.00077541726688542,3.33964685192599,3.59836522920728
joint_categories,ensemble,0.00144899797928404,3.11700001661268,3.19873013583047
joint_categories,ensemble,9.76858332026189e-06,3.01375270747048,3.1410659794561
joint_categories,ensemble,2.5709118773179e-05,2.82211880039051,3.0662433069986
joint_categories,ensemble,9.7587515130386e-05,3.01375270747048,3.03905448880649
joint_categories,ensemble,0.00031944887564232,2.82211880039051,2.74496160000842
joint_categories,ensemble,1.06791930495902e-05,3.33964685192599,2.9291918280109
joint_categories,ensemble,8.68076331812331e-06,3.11700001661268,2.9953741163459
joint_categories,ensemble,8.53476284364712e-05,3.33964685192599,2.91634999240048
joint_categories,ensemble,8.74946964899589e-05,3.11700001661268,2.80943903412966
joint_categories,ensemble,3.55864326546287e-05,3.01375270747048,2.87547531730604
joint_categories,ensemble,5.07326675426327e-05,2.82211880039051,2.69086433614496
joint_categories,ensemble,0.000393106644718428,3.01375270747048,2.81805823779274
joint_categories,ensemble,0.000705952446927189,2.82211880039051,2.58358633163139
joint_categories,ensemble,0.00106462963936783,1.77880078307141,1.85335410593208
joint_categories,ensemble,0.000744617548498822,1.70468808971871,1.91074032970725
joint_categories,ensemble,8.14586064091042e-05,1.77880078307141,1.80075113648929
joint_categories,ensemble,7.13780584804168e-05,1.70468808971871,1.79686635538059
joint_categories,ensemble,0.000173893987726491,1.67032004603564,1.78929537605984
joint_categories,ensemble,0.000212368151645404,1.60653065971263,1.80803415488655
joint_categories,ensemble,1.83906000541097e-05,1.67032004603564,1.74708888219765
joint_categories,ensemble,2.81050774725219e-05,1.60653065971263,1.75435244343289
joint_categories,ensemble,0.000135997554921548,1.77880078307141,1.73179951250837
joint_categories,ensemble,5.12916369428333e-05,1.70468808971871,1.76779766848188
joint_categories,ensemble,1.15062227983188e-05,1.77880078307141,1.71786546975367
joint_categories,ensemble,5.50619515051667e-06,1.70468808971871,1.72901582770842
joint_categories,ensemble,0.000812975109496126,1.67032004603564,1.75320646148304
joint_categories,ensemble,0.000535380827321236,1.60653065971263,1.74909896068269
joint_categories,ensemble,9.50718265592076e-05,1.67032004603564,1.68791741045277
joint_categories,ensemble,7.93472337035748e-05,1.60653065971263,1.69028761508756
joint_categories,ensemble,0.000151469193524543,1.77880078307141,1.88434587836122
joint_categories,ensemble,9.79296871623786e-05,1.70468808971871,1.88145006100081
joint_categories,ensemble,0.000424153320322389,1.77880078307141,1.8685093726079
joint_categories,ensemble,0.000343562667204943,1.70468808971871,1.82491090728898
joint_categories,ensemble,2.4740605658263e-05,1.67032004603564,1.85223033319998
joint_categories,ensemble,2.79299711587711e-05,1.60653065971263,1.84988980451439
joint_categories,ensemble,9.57594834914816e-05,1.67032004603564,1.81273350508453
joint_categories,ensemble,0.000135277641113065,1.60653065971263,1.78826039413
joint_categories,ensemble,1.50770733485513e-05,1.77880078307141,1.80233928627745
joint_categories,ensemble,5.2802530965096e-06,1.70468808971871,1.82190691296562
joint_categories,ensemble,4.66851610467426e-05,1.77880078307141,1.77494166510907
joint_categories,ensemble,2.07453093255728e-05,1.70468808971871,1.76881411452355
joint_categories,ensemble,9.01287185897598e-05,1.67032004603564,1.77544410117302
joint_categories,ensemble,5.5115150144761e-05,1.60653065971263,1.77028033785674
joint_categories,ensemble,0.000385742881197564,1.67032004603564,1.7400468901693
joint_categories,ensemble,0.000298951065538372,1.60653065971263,1.7248044179147
joint_categories,ensemble,0.00486799514877874,2.22140275816017,2.42843653460269
joint_categories,ensemble,0.00437572668196998,2.10517091807565,2.27886657628447
joint_categories,ensemble,0.000502778739068938,2.22140275816017,2.1876920448134
joint_categories,ensemble,0.000566200169935022,2.10517091807565,2.27298365789228
joint_categories,ensemble,0.000795789056860014,2.05127109637602,2.25613722730833
joint_categories,ensemble,0.00124637013784139,1.95122942450071,2.27800003184936
joint_categories,ensemble,0.000113605050807996,2.05127109637602,2.15548279582723
joint_categories,ensemble,0.000222654142301546,1.95122942450071,2.1233596111027
joint_categories,ensemble,0.000621845769761753,2.22140275816017,2.21712525975131
joint_categories,ensemble,0.000301414041053892,2.10517091807565,2.15953185282816
joint_categories,ensemble,7.10186982690438e-05,2.22140275816017,2.13002557699273
joint_categories,ensemble,4.36774086643626e-05,2.10517091807565,2.08115988277172
joint_categories,ensemble,0.00372040864721646,2.05127109637602,2.02493425973634
joint_categories,ensemble,0.00314210332564453,1.95122942450071,2.05197515865323
joint_categories,ensemble,0.000587291314850503,2.05127109637602,2.02841932963885
joint_categories,ensemble,0.000628604930249441,1.95122942450071,2.01281639980567
joint_categories,ensemble,0.000692589490280147,2.22140275816017,2.29441200965206
joint_categories,ensemble,0.000575481394357805,2.10517091807565,2.38653219765841
joint_categories,ensemble,0.00261795875186688,2.22140275816017,2.37985617539597
joint_categories,ensemble,0.00272528063519881,2.10517091807565,2.22638372060126
joint_categories,ensemble,0.000113220149243466,2.05127109637602,2.30275536983446
joint_categories,ensemble,0.000163918561862273,1.95122942450071,2.26433293193887
joint_categories,ensemble,0.000591539207822979,2.05127109637602,2.21784295121247
joint_categories,ensemble,0.0010716969979554,1.95122942450071,2.24688229434855
joint_categories,ensemble,6.89395797416559e-05,2.22140275816017,2.23024396951203
joint_categories,ensemble,3.10292772558639e-05,2.10517091807565,2.22630957085122
joint_categories,ensemble,0.000288150110086933,2.22140275816017,2.14630233207007
joint_categories,ensemble,0.000164560341308759,2.10517091807565,2.0945668858925
joint_categories,ensemble,0.000412455018717247,2.05127109637602,2.17485956925147
joint_categories,ensemble,0.000323466003498371,1.95122942450071,2.13556609967983
joint_categories,ensemble,0.00238286621906497,2.05127109637602,2.10328589441924
joint_categories,ensemble,0.00236835116902479,1.95122942450071,2.15491791771387
joint_categories,ensemble,0.000125625646953538,2.49182469764127,2.50609663797975
joint_categories,ensemble,0.000109059940049626,2.349858807576,2.47197448071272
joint_categories,ensemble,9.61206578482424e-06,2.49182469764127,2.31774179427327
joint_categories,ensemble,1.0454342359278e-05,2.349858807576,2.25901400931344
joint_categories,ensemble,2.83753746749529e-05,2.28402541668774,2.23525016786661
joint_categories,ensemble,4.30103708573674e-05,2.16183424272828,2.26685231207615
joint_categories,ensemble,3.00090977183953e-06,2.28402541668774,2.16182097544656
joint_categories,ensemble,5.69204843429907e-06,2.16183424272828,2.14338034215693
joint_categories,ensemble,1.60476283858334e-05,2.49182469764127,2.17838263279743
joint_categories,ensemble,7.51239728543871e-06,2.349858807576,2.21639354021329
joint_categories,ensemble,1.35772725986537e-06,2.49182469764127,2.13876236392648
joint_categories,ensemble,8.06461403209649e-07,2.349858807576,2.13522433804914
joint_categories,ensemble,0.000132658257108041,2.28402541668774,2.21194118742505
joint_categories,ensemble,0.000108429290148266,2.16183424272828,2.18773195523995
joint_categories,ensemble,1.55134673424864e-05,2.28402541668774,2.06515566390331
joint_categories,ensemble,1.60699894106312e-05,2.16183424272828,2.03149117972898
joint_categories,ensemble,1.78732722877697e-05,2.49182469764127,2.4800374665999
joint_categories,ensemble,1.43432099237244e-05,2.349858807576,2.48944728321961
joint_categories,ensemble,5.00498326391054e-05,2.49182469764127,2.32760568531029
joint_categories,ensemble,5.03196895697656e-05,2.349858807576,2.42352270962408
joint_categories,ensemble,4.03708008779839e-06,2.28402541668774,2.33232011349197
joint_categories,ensemble,5.65658460681113e-06,2.16183424272828,2.3625647548119
joint_categories,ensemble,1.56256766451553e-05,2.28402541668774,2.26607339658044
joint_categories,ensemble,2.73974297365351e-05,2.16183424272828,2.22817394734776
joint_categories,ensemble,1.77908544299253e-06,2.49182469764127,2.29500913260226
joint_categories,ensemble,7.7336894263794e-07,2.349858807576,2.32414289446981
joint_categories,ensemble,5.50882047874379e-06,2.49182469764127,2.2116604985384
joint_categories,ensemble,3.03844865853506e-06,2.349858807576,2.20908791758261
joint_categories,ensemble,1.47068693541049e-05,2.28402541668774,2.22992092579758
joint_categories,ensemble,1.11623283869032e-05,2.16183424272828,2.21656577470194
joint_categories,ensemble,6.29440898174842e-05,2.28402541668774,2.1217921987078
joint_categories,ensemble,6.05457838069798e-05,2.16183424272828,2.08687971293853
joint_categories,ensemble,0.000759538687224554,3.33964685192599,3.17335688053349
joint_categories,ensemble,0.000846706009089562,3.11700001661268,3.19292287865047
joint_categories,ensemble,7.84470591620539e-05,3.33964685192599,3.05544793719922
joint_categories,ensemble,0.000109560107628954,3.11700001661268,2.77826942598594
joint_categories,ensemble,0.000171504198251637,3.01375270747048,2.97896587514832
joint_categories,ensemble,0.000333273146539268,2.82211880039051,2.94259149492974
joint_categories,ensemble,2.44835525045291e-05,3.01375270747048,2.7579794120193
joint_categories,ensemble,5.95366050115374e-05,2.82211880039051,2.71519122616193
joint_categories,ensemble,9.70247309592075e-05,3.33964685192599,2.78576721628788
joint_categories,ensemble,5.83238164385081e-05,3.11700001661268,2.87592132352879
joint_categories,ensemble,1.10808345536661e-05,3.33964685192599,2.75044255671638
joint_categories,ensemble,8.45160748498278e-06,3.11700001661268,2.58931020068336
joint_categories,ensemble,0.000801802558993415,3.01375270747048,2.90338370392705
joint_categories,ensemble,0.000840182727662812,2.82211880039051,2.77429403934425
joint_categories,ensemble,0.000126569880831251,3.01375270747048,2.68998572203073
joint_categories,ensemble,0.00016808581710499,2.82211880039051,2.48583598529744
joint_categories,ensemble,0.000108062661558913,3.33964685192599,3.34739000037771
joint_categories,ensemble,0.000111356030697654,3.11700001661268,3.38210067723633
joint_categories,ensemble,0.000408472254558399,3.33964685192599,3.59836522920728
joint_categories,ensemble,0.000527343606671384,3.11700001661268,3.19873013583047
joint_categories,ensemble,2.4400600579441e-05,3.01375270747048,3.1410659794561
joint_categories,ensemble,4.38310043135704e-05,2.82211880039051,3.0662433069986
joint_categories,ensemble,0.000127485363988782,3.01375270747048,3.03905448880649
joint_categories,ensemble,0.000286566421804578,2.82211880039051,2.74496160000842
joint_categories,ensemble,1.07564359237141e-05,3.33964685192599,2.9291918280109
joint_categories,ensemble,6.00418568611739e-06,3.11700001661268,2.9953741163459
joint_categories,ensemble,4.49591977087213e-05,3.33964685192599,2.91634999240048
joint_categories,ensemble,3.1842534959525e-05,3.11700001661268,2.80943903412966
joint_categories,ensemble,8.88900980607588e-05,3.01375270747048,2.87547531730604
joint_categories,ensemble,8.64931929218788e-05,2.82211880039051,2.69086433614496
joint_categories,ensemble,0.000513542573774717,3.01375270747048,2.81805823779274
joint_categories,ensemble,0.000633285267551308,2.82211880039051,2.58358633163139
joint_categories,ensemble,0.000105972038196597,1.77880078307141,1.85335410593208
joint_categories,ensemble,7.40029352343184e-05,1.70468808971871,1.91074032970725
joint_categories,ensemble,1.25892464741956e-05,1.77880078307141,1.80075113648929
joint_categories,ensemble,1.10343278474698e-05,1.70468808971871,1.79686635538059
joint_categories,ensemble,9.36643552119747e-06,1.67032004603564,1.78929537605984
joint_categories,ensemble,1.14506399725992e-05,1.60653065971263,1.80803415488655
joint_categories,ensemble,1.53799777282289e-06,1.67032004603564,1.74708888219765
joint_categories,ensemble,2.35716852536868e-06,1.60653065971263,1.75435244343289
joint_categories,ensemble,1.35370438243179e-05,1.77880078307141,1.73179951250837
joint_categories,ensemble,5.09755873252653e-06,1.70468808971871,1.76779766848188
joint_categories,ensemble,1.778261146128e-06,1.77880078307141,1.71786546975367
joint_categories,ensemble,8.51202229038192e-07,1.70468808971871,1.72901582770842
joint_categories,ensemble,4.37892019326779e-05,1.67032004603564,1.75320646148304
joint_categories,ensemble,2.88671020319653e-05,1.60653065971263,1.74909896068269
joint_categories,ensemble,7.95081493132629e-06,1.67032004603564,1.68791741045277
joint_categories,ensemble,6.65484028798717e-06,1.60653065971263,1.69028761508756
joint_categories,ensemble,1.50770733485513e-05,1.77880078307141,1.88434587836122
joint_categories,ensemble,9.73262624713179e-06,1.70468808971871,1.88145006100081
joint_categories,ensemble,6.55519524305315e-05,1.77880078307141,1.8685093726079
joint_categories,ensemble,5.31113228182101e-05,1.70468808971871,1.82491090728898
joint_categories,ensemble,1.33260091785331e-06,1.67032004603564,1.85223033319998
joint_categories,ensemble,1.50595106519631e-06,1.60653065971263,1.84988980451439
joint_categories,ensemble,8.00832337733632e-06,1.67032004603564,1.81273350508453
joint_categories,ensemble,1.13457149559397e-05,1.60653065971263,1.78826039413
joint_categories,ensemble,1.50075494209827e-06,1.77880078307141,1.80233928627745
joint_categories,ensemble,5.24771714969094e-07,1.70468808971871,1.82190691296562
joint_categories,ensemble,7.21508782206799e-06,1.77880078307141,1.77494166510907
joint_categories,ensemble,3.20701556288963e-06,1.70468808971871,1.76881411452355
joint_categories,ensemble,4.8545947005765e-06,1.67032004603564,1.77544410117302
joint_categories,ensemble,2.97174381588617e-06,1.60653065971263,1.77028033785674
joint_categories,ensemble,3.22595070535267e-05,1.67032004603564,1.7400468901693
joint_categories,ensemble,2.50729798913181e-05,1.60653065971263,1.7248044179147
joint_categories,ensemble,0.000535804216557258,2.22140275816017,2.42843653460269
joint_categories,ensemble,0.000482473898643181,2.10517091807565,2.27886657628447
joint_categories,ensemble,8.59217117479918e-05,2.22140275816017,2.1876920448134
joint_categories,ensemble,9.71089158479462e-05,2.10517091807565,2.27298365789228
joint_categories,ensemble,4.76763856244649e-05,2.05127109637602,2.25613722730833
joint_categories,ensemble,7.52594403054059e-05,1.95122942450071,2.27800003184936
joint_categories,ensemble,1.05675187534922e-05,2.05127109637602,2.15548279582723
joint_categories,ensemble,2.09127045694097e-05,1.95122942450071,2.1233596111027
joint_categories,ensemble,6.84445188015912e-05,2.22140275816017,2.21712525975131
joint_categories,ensemble,3.32343443872496e-05,2.10517091807565,2.15953185282816
joint_categories,ensemble,1.21366470919004e-05,2.22140275816017,2.13002557699273
joint_categories,ensemble,7.49110655147047e-06,2.10517091807565,2.08115988277172
joint_categories,ensemble,0.000222892782724565,2.05127109637602,2.02493425973634
joint_categories,ensemble,0.000189729303110001,1.95122942450071,2.05197515865323
joint_categories,ensemble,5.46297188312067e-05,2.05127109637602,2.02841932963885
joint_categories,ensemble,5.90414759918424e-05,1.95122942450071,2.01281639980567
joint_categories,ensemble,7.6231047462823e-05,2.22140275816017,2.29441200965206
joint_categories,ensemble,6.34534037686793e-05,2.10517091807565,2.38653219765841
joint_categories,ensemble,0.000447392619788555,2.22140275816017,2.37985617539597
joint_categories,ensemble,0.00046741251931438,2.10517091807565,2.22638372060126
joint_categories,ensemble,6.78311350132134e-06,2.05127109637602,2.30275536983446
joint_categories,ensemble,9.89787772257393e-06,1.95122942450071,2.26433293193887
joint_categories,ensemble,5.50248569727787e-05,2.05127109637602,2.21784295121247
joint_categories,ensemble,0.000100658727812086,1.95122942450071,2.24688229434855
joint_categories,ensemble,7.58795281924868e-06,2.22140275816017,2.23024396951203
joint_categories,ensemble,3.42133260548552e-06,2.10517091807565,2.22630957085122
joint_categories,ensemble,4.92430343114546e-05,2.22140275816017,2.14630233207007
joint_categories,ensemble,2.82237222533781e-05,2.10517091807565,2.0945668858925
joint_categories,ensemble,2.47105239203716e-05,2.05127109637602,2.17485956925147
joint_categories,ensemble,1.95318145404827e-05,1.95122942450071,2.13556609967983
joint_categories,ensemble,0.000221653731748163,2.05127109637602,2.10328589441924
joint_categories,ensemble,0.000222446471475719,1.95122942450071,2.15491791771387
joint_categories,ensemble,0.000457647591102943,2.49182469764127,2.50609663797975
joint_categories,ensemble,0.000396680697514186,2.349858807576,2.47197448071272
joint_categories,ensemble,5.43675333678904e-05,2.49182469764127,2.31774179427327
joint_categories,ensemble,5.91477196583503e-05,2.349858807576,2.25901400931344
joint_categories,ensemble,5.59360146777711e-05,2.28402541668774,2.23525016786661
joint_categories,ensemble,8.48738093609244e-05,2.16183424272828,2.26685231207615
joint_categories,ensemble,9.18486715680733e-06,2.28402541668774,2.16182097544656
joint_categories,ensemble,1.74716760401559e-05,2.16183424272828,2.14338034215693
joint_categories,ensemble,5.84606619093318e-05,2.49182469764127,2.17838263279743
joint_categories,ensemble,2.73246344518023e-05,2.349858807576,2.21639354021329
joint_categories,ensemble,7.67954399789561e-06,2.49182469764127,2.13876236392648
joint_categories,ensemble,4.56273109804858e-06,2.349858807576,2.13522433804914
joint_categories,ensemble,0.00026150753256037,2.28402541668774,2.21194118742505
joint_categories,ensemble,0.000213967159960164,2.16183424272828,2.18773195523995
joint_categories,ensemble,4.74819796380822e-05,2.28402541668774,2.06515566390331
joint_categories,ensemble,4.93266443868302e-05,2.16183424272828,2.03149117972898
joint_categories,ensemble,6.51113861379755e-05,2.49182469764127,2.4800374665999
joint_categories,ensemble,5.2170159955584e-05,2.349858807576,2.48944728321961
joint_categories,ensemble,0.000283090649500133,2.49182469764127,2.32760568531029
joint_categories,ensemble,0.000284694607243882,2.349858807576,2.42352270962408
joint_categories,ensemble,7.95824455652947e-06,2.28402541668774,2.33232011349197
joint_categories,ensemble,1.11623283869032e-05,2.16183424272828,2.3625647548119
joint_categories,ensemble,4.78254180008225e-05,2.28402541668774,2.26607339658044
joint_categories,ensemble,8.40960898725417e-05,2.16183424272828,2.22817394734776
joint_categories,ensemble,6.48111422385726e-06,2.49182469764127,2.29500913260226
joint_categories,ensemble,2.81295342232749e-06,2.349858807576,2.32414289446981
joint_categories,ensemble,3.11588567848423e-05,2.49182469764127,2.2116604985384
joint_categories,ensemble,1.71906852937362e-05,2.349858807576,2.20908791758261
joint_categories,ensemble,2.89914642354107e-05,2.28402541668774,2.22992092579758
joint_categories,ensemble,2.20269975042956e-05,2.16183424272828,2.21656577470194
joint_categories,ensemble,0.000192652611119777,2.28402541668774,2.1217921987078
joint_categories,ensemble,0.000185844574669916,2.16183424272828,2.08687971293853
joint_categories,ensemble,0.00305960966902122,3.33964685192599,3.17335688053349
joint_categories,ensemble,0.00341677525449953,3.11700001661268,3.19292287865047
joint_categories,ensemble,0.000490639849257172,3.33964685192599,3.05544793719922
joint_categories,ensemble,0.000687704229376201,3.11700001661268,2.77826942598594
joint_categories,ensemble,0.000376045374945552,3.01375270747048,2.97896587514832
joint_categories,ensemble,0.000736502806032577,2.82211880039051,2.94259149492974
joint_categories,ensemble,8.33508350067117e-05,3.01375270747048,2.7579794120193
joint_categories,ensemble,0.000204655595824225,2.82211880039051,2.71519122616193
joint_categories,ensemble,0.000390839610898199,3.33964685192599,2.78576721628788
joint_categories,ensemble,0.00023535840139997,3.11700001661268,2.87592132352879
joint_categories,ensemble,6.93040510775986e-05,3.33964685192599,2.75044255671638
joint_categories,ensemble,5.30503879398729e-05,3.11700001661268,2.58931020068336
joint_categories,ensemble,0.00175805692806767,3.01375270747048,2.90338370392705
joint_categories,ensemble,0.00185672606067844,2.82211880039051,2.77429403934425
joint_categories,ensemble,0.000430889481909668,3.01375270747048,2.68998572203073
joint_categories,ensemble,0.000577790806891949,2.82211880039051,2.48583598529744
joint_categories,ensemble,0.000435303125077114,3.33964685192599,3.34739000037771
joint_categories,ensemble,0.000449363209948342,3.11700001661268,3.38210067723633
joint_categories,ensemble,0.00255475179749266,3.33964685192599,3.59836522920728
joint_categories,ensemble,0.00331011384061995,3.11700001661268,3.19873013583047
joint_categories,ensemble,5.35015065947808e-05,3.01375270747048,3.1410659794561
joint_categories,ensemble,9.68624625277663e-05,2.82211880039051,3.0662433069986
joint_categories,ensemble,0.000434006116458544,3.01375270747048,3.03905448880649
joint_categories,ensemble,0.000985064932511136,2.82211880039051,2.74496160000842
joint_categories,ensemble,4.33295840092911e-05,3.33964685192599,2.9291918280109
joint_categories,ensemble,2.42291336727435e-05,3.11700001661268,2.9953741163459
joint_categories,ensemble,0.000281193128488883,3.33964685192599,2.91634999240048
joint_categories,ensemble,0.000199874264818062,3.11700001661268,2.80943903412966
joint_categories,ensemble,0.000194903160359726,3.01375270747048,2.87547531730604
joint_categories,ensemble,0.000191141950532684,2.82211880039051,2.69086433614496
joint_categories,ensemble,0.00174828396850091,3.01375270747048,2.81805823779274
joint_categories,ensemble,0.00217690232307168,2.82211880039051,2.58358633163139
joint_categories,sieve_md,0.00748294912415195,1.77880078307141,1.68842799093611
joint_categories,sieve_md,0.0076425891174435,1.70468808971871,1.75321558844052
joint_categories,sieve_md,0.000709245152938778,1.77880078307141,1.6222984368293
joint_categories,sieve_md,0.000904292506752669,1.70468808971871,1.50986237646995
joint_categories,sieve_md,0.000905462486159698,1.67032004603564,1.56959045045831
joint_categories,sieve_md,0.00161476113157825,1.60653065971263,1.55046404949591
joint_categories,sieve_md,0.000118622468061873,1.67032004603564,1.52262373026707
joint_categories,sieve_md,0.000263779258816363,1.60653065971263,1.49054113627665
joint_categories,sieve_md,0.000955884325267599,1.77880078307141,1.45392889851019
joint_categories,sieve_md,0.000526445968276534,1.70468808971871,1.44320613638215
joint_categories,sieve_md,0.000100182572573807,1.77880078307141,1.49779109027493
joint_categories,sieve_md,6.97582859681761e-05,1.70468808971871,1.43353913713165
joint_categories,sieve_md,0.00423314499514566,1.67032004603564,1.60768516976171
joint_categories,sieve_md,0.00407081826466162,1.60653065971263,1.50393262031291
joint_categories,sieve_md,0.00061322929520635,1.67032004603564,1.45445561533953
joint_categories,sieve_md,0.000744710791703774,1.60653065971263,1.39781487597811
joint_categories,sieve_md,0.00106462963936783,1.77880078307141,1.65477652538153
joint_categories,sieve_md,0.00100512855611679,1.70468808971871,1.50022877393739
joint_categories,sieve_md,0.00369302520387731,1.77880078307141,1.74092944535819
joint_categories,sieve_md,0.00435261412495031,1.70468808971871,1.48751396128974
joint_categories,sieve_md,0.000128823834574787,1.67032004603564,1.66309658483386
joint_categories,sieve_md,0.000212368151645404,1.60653065971263,1.56405415669539
joint_categories,sieve_md,0.000617664798248458,1.67032004603564,1.64589530365656
joint_categories,sieve_md,0.00126964374825572,1.60653065971263,1.50035016731232
joint_categories,sieve_md,0.000105972038196597,1.77880078307141,1.57239059656997
joint_categories,sieve_md,5.4195344890929e-05,1.70468808971871,1.49850977686676
joint_categories,sieve_md,0.000406479138868103,1.77880078307141,1.58811118978194
joint_categories,sieve_md,0.000262823452651471,1.70468808971871,1.46243809227444
joint_categories,sieve_md,0.000469298419546449,1.67032004603564,1.56732075063982
joint_categories,sieve_md,0.000419073206247334,1.60653065971263,1.45511173627803
joint_categories,sieve_md,0.00248810655825924,1.67032004603564,1.53881554993359
joint_categories,sieve_md,0.00280579516520357,1.60653065971263,1.41882857378017
joint_categories,sieve_md,0.000934898023489231,2.22140275816017,2.85239503671191
joint_categories,sieve_md,0.0012271489970857,2.10517091807565,2.17045653376811
joint_categories,sieve_md,0.000119612390536422,2.22140275816017,2.19557001704725
joint_categories,sieve_md,0.000195999093135422,2.10517091807565,2.40283006769283
joint_categories,sieve_md,0.000113220149243466,2.05127109637602,2.43569050626737
joint_categories,sieve_md,0.000258943968827728,1.95122942450071,2.42986412626354
joint_categories,sieve_md,2.00220509127348e-05,2.05127109637602,2.25233357240761
joint_categories,sieve_md,5.70987369063187e-05,1.95122942450071,2.09068970294895
joint_categories,sieve_md,0.000119425423258947,2.22140275816017,2.3904415211317
joint_categories,sieve_md,8.45299455541655e-05,2.10517091807565,2.0351611471774
joint_categories,sieve_md,1.68955359736889e-05,2.22140275816017,2.24183152495751
joint_categories,sieve_md,1.51196218992706e-05,2.10517091807565,1.96394907119101
joint_categories,sieve_md,0.000529317686205158,2.05127109637602,1.85488103473092
joint_categories,sieve_md,0.000652798619692812,1.95122942450071,1.86207522811074
joint_categories,sieve_md,0.000103505755447592,2.05127109637602,2.00860742571135
joint_categories,sieve_md,0.000161203142952165,1.95122942450071,1.89525995656908
joint_categories,sieve_md,0.000133011748319997,2.22140275816017,2.19581374303832
joint_categories,sieve_md,0.000161390659713171,2.10517091807565,2.37373267855264
joint_categories,sieve_md,0.000622819304603906,2.22140275816017,2.72301736327199
joint_categories,sieve_md,0.000943398750833641,2.10517091807565,2.08751640871389
joint_categories,sieve_md,1.61082916185006e-05,2.05127109637602,2.4400096237542
joint_categories,sieve_md,3.40554717129719e-05,1.95122942450071,2.21927648325796
joint_categories,sieve_md,0.000104254415201378,2.05127109637602,2.33581192218766
joint_categories,sieve_md,0.00027483227707784,1.95122942450071,2.39545114995583
joint_categories,sieve_md,1.32398399897382e-05,2.22140275816017,2.27267722026798
joint_categories,sieve_md,8.70199380178946e-06,2.10517091807565,2.10840751210986
joint_categories,sieve_md,6.85516725799842e-05,2.22140275816017,2.15802918703223
joint_categories,sieve_md,5.69651500921905e-05,2.10517091807565,1.8749686358857
joint_categories,sieve_md,5.86816548591944e-05,2.05127109637602,2.24140764777008
joint_categories,sieve_md,6.72028061196784e-05,1.95122942450071,2.0119144914479
joint_categories,sieve_md,0.000419962566954781,2.05127109637602,2.14978405135822
joint_categories,sieve_md,0.000607353893819652,1.95122942450071,2.27864704107693
joint_categories,sieve_md,0.000882983424545827,2.49182469764127,2.48796872100627
joint_categories,sieve_md,0.00111936699941155,2.349858807576,2.23052703335313
joint_categories,sieve_md,8.36904946958843e-05,2.49182469764127,2.15195884522568
joint_categories,sieve_md,0.000132446632197425,2.349858807576,1.8559725621269
joint_categories,sieve_md,0.00014775000352115,2.28402541668774,1.80296106266326
joint_categories,sieve_md,0.000327033383193953,2.16183424272828,1.84805141561951
joint_categories,sieve_md,1.93563735016384e-05,2.28402541668774,1.83433939418927
joint_categories,sieve_md,5.34225290292901e-05,2.16183424272828,1.73143843142593
joint_categories,sieve_md,0.000112793766333419,2.49182469764127,1.69243037833777
joint_categories,sieve_md,7.7105577024548e-05,2.349858807576,1.691848001232
joint_categories,sieve_md,1.18214823518603e-05,2.49182469764127,1.83098200647222
joint_categories,sieve_md,1.02171033989081e-05,2.349858807576,1.72372372486402
joint_categories,sieve_md,0.00069074886867041,2.28402541668774,2.03527389523692
joint_categories,sieve_md,0.000824452263201824,2.16183424272828,1.87646005208211
joint_categories,sieve_md,0.000100064477447639,2.28402541668774,1.75864041455391
joint_categories,sieve_md,0.000150824344820521,2.16183424272828,1.59137402517139
joint_categories,sieve_md,0.000125625646953538,2.49182469764127,2.13030989780734
joint_categories,sieve_md,0.000147215520629698,2.349858807576,2.02567239748105
joint_categories,sieve_md,0.000435774717608172,2.49182469764127,1.96271410832535
joint_categories,sieve_md,0.000637502885183462,2.349858807576,2.22028528792154
joint_categories,sieve_md,2.10209945778757e-05,2.28402541668774,1.90835179770723
joint_categories,sieve_md,4.30103708573674e-05,2.16183424272828,1.9466303056109
joint_categories,sieve_md,0.00010078824635039,2.28402541668774,2.00291478972944
joint_categories,sieve_md,0.00025713765480427,2.16183424272828,1.83349108376576
joint_categories,sieve_md,1.25046357579688e-05,2.49182469764127,1.86623769462344
joint_categories,sieve_md,7.93768704039999e-06,2.349858807576,1.83218173792136
joint_categories,sieve_md,4.7964290026477e-05,2.49182469764127,1.88637380313535
joint_categories,sieve_md,3.84942713848094e-05,2.349858807576,1.78579348360525
joint_categories,sieve_md,7.65783720477939e-05,2.28402541668774,1.88196467791874
joint_categories,sieve_md,8.48738093609244e-05,2.16183424272828,1.75973570272722
joint_categories,sieve_md,0.000405999981625921,2.28402541668774,1.77701488904696
joint_categories,sieve_md,0.000568250416412313,2.16183424272828,1.60750140629055
joint_categories,sieve_md,0.000145869335475403,3.33964685192599,3.39764411666269
joint_categories,sieve_md,0.000237454143139697,3.11700001661268,3.33325874598999
joint_categories,sieve_md,1.86627626583844e-05,3.33964685192599,3.47675692842632
joint_categories,sieve_md,3.7925954246108e-05,3.11700001661268,2.42147314173481
joint_categories,sieve_md,2.4400600579441e-05,3.01375270747048,3.14216247155178
joint_categories,sieve_md,6.92403232783208e-05,2.82211880039051,2.96275364788576
joint_categories,sieve_md,4.31504524916592e-06,3.01375270747048,2.79730749324884
joint_categories,sieve_md,1.52679169168351e-05,2.82211880039051,2.63276100857645
joint_categories,sieve_md,1.8633590714669e-05,3.33964685192599,2.54984019200252
joint_categories,sieve_md,1.63566004119122e-05,3.11700001661268,2.73467719621885
joint_categories,sieve_md,2.63615981963957e-06,3.33964685192599,2.84764018910731
joint_categories,sieve_md,2.92565684461606e-06,3.11700001661268,2.19243723498888
joint_categories,sieve_md,0.000114075714676479,3.01375270747048,3.3219873862529
joint_categories,sieve_md,0.000174555088762244,2.82211880039051,2.80375037918516
joint_categories,sieve_md,2.2307006422673e-05,3.01375270747048,2.93910180694473
joint_categories,sieve_md,4.31049148664089e-05,2.82211880039051,2.1854467845369
joint_categories,sieve_md,2.07534242777046e-05,3.33964685192599,3.66713642618506
joint_categories,sieve_md,3.12291994728862e-05,3.11700001661268,3.66454525407128
joint_categories,sieve_md,9.71766286816531e-05,3.33964685192599,5.10726486530955
joint_categories,sieve_md,0.000182548282686344,3.11700001661268,3.6299733687918
joint_categories,sieve_md,3.47157279359331e-06,3.01375270747048,3.40386401015269
joint_categories,sieve_md,9.10626295517483e-06,2.82211880039051,3.09358734839517
joint_categories,sieve_md,2.24683535657752e-05,3.01375270747048,3.52862699671036
joint_categories,sieve_md,7.34887775078738e-05,2.82211880039051,2.48100588106733
joint_categories,sieve_md,2.0657725362343e-06,3.33964685192599,2.74407407991796
joint_categories,sieve_md,1.68384156016759e-06,3.11700001661268,2.85030772224797
joint_categories,sieve_md,1.06959119323509e-05,3.33964685192599,3.16748433314609
joint_categories,sieve_md,1.10227942459221e-05,3.11700001661268,2.71642124769343
joint_categories,sieve_md,1.26467561748286e-05,3.01375270747048,2.93957745094267
joint_categories,sieve_md,1.79696945327679e-05,2.82211880039051,2.22874233386325
joint_categories,sieve_md,9.05080846744403e-05,3.01375270747048,3.15388317662492
joint_categories,sieve_md,0.000162403396158639,2.82211880039051,2.30124006741426
joint_categories,sieve_md,0.000955884325267599,1.77880078307141,1.68842799093611
joint_categories,sieve_md,0.000970351563627095,1.70468808971871,1.75321558844052
joint_categories,sieve_md,0.000139844897630605,1.77880078307141,1.6222984368293
joint_categories,sieve_md,0.000176779079384732,1.70468808971871,1.50986237646995
joint_categories,sieve_md,6.2589294446911e-05,1.67032004603564,1.56959045045831
joint_categories,sieve_md,0.000111229908396983,1.60653065971263,1.55046404949591
joint_categories,sieve_md,1.26565182893121e-05,1.67032004603564,1.52262373026707
joint_categories,sieve_md,2.79761065503157e-05,1.60653065971263,1.49054113627665
joint_categories,sieve_md,0.000122106248236165,1.77880078307141,1.45392889851019
joint_categories,sieve_md,6.6840917473422e-05,1.70468808971871,1.44320613638215
joint_categories,sieve_md,1.9753425945745e-05,1.77880078307141,1.49779109027493
joint_categories,sieve_md,1.36369653412199e-05,1.70468808971871,1.43353913713165
joint_categories,sieve_md,0.000292612408120141,1.67032004603564,1.60768516976171
joint_categories,sieve_md,0.000280410974616735,1.60653065971263,1.50393262031291
joint_categories,sieve_md,6.54289859006547e-05,1.67032004603564,1.45445561533953
joint_categories,sieve_md,7.89831185035628e-05,1.60653065971263,1.39781487597811
joint_categories,sieve_md,0.000135997554921548,1.77880078307141,1.65477652538153
joint_categories,sieve_md,0.000127617493376436,1.70468808971871,1.50022877393739
joint_categories,sieve_md,0.000728169560896594,1.77880078307141,1.74092944535819
joint_categories,sieve_md,0.000850887419922132,1.70468808971871,1.48751396128974
joint_categories,sieve_md,8.90483375868919e-06,1.67032004603564,1.66309658483386
joint_categories,sieve_md,1.46285971293273e-05,1.60653065971263,1.56405415669539
joint_categories,sieve_md,6.5902235414781e-05,1.67032004603564,1.64589530365656
joint_categories,sieve_md,0.00013465686779745,1.60653065971263,1.50035016731232
joint_categories,sieve_md,1.35370438243179e-05,1.77880078307141,1.57239059656997
joint_categories,sieve_md,6.8809845522369e-06,1.70468808971871,1.49850977686676
joint_categories,sieve_md,8.01472288227161e-05,1.77880078307141,1.58811118978194
joint_categories,sieve_md,5.13790478783116e-05,1.70468808971871,1.46243809227444
joint_categories,sieve_md,3.24398386608389e-05,1.67032004603564,1.56732075063982
joint_categories,sieve_md,2.88671020319653e-05,1.60653065971263,1.45511173627803
joint_categories,sieve_md,0.000265470502130676,1.67032004603564,1.53881554993359
joint_categories,sieve_md,0.000297579213969747,1.60653065971263,1.41882857378017
joint_categories,sieve_md,0.000132056579730201,2.22140275816017,2.85239503671191
joint_categories,sieve_md,0.000172859738935083,2.10517091807565,2.17045653376811
joint_categories,sieve_md,2.60789243617065e-05,2.22140275816017,2.19557001704725
joint_categories,sieve_md,4.2509300165877e-05,2.10517091807565,2.40283006769283
joint_categories,sieve_md,8.70500243869682e-06,2.05127109637602,2.43569050626737
joint_categories,sieve_md,1.99752704930459e-05,1.95122942450071,2.42986412626354
joint_categories,sieve_md,2.37613678042614e-06,2.05127109637602,2.25233357240761
joint_categories,sieve_md,6.7818270053608e-06,1.95122942450071,2.09068970294895
joint_categories,sieve_md,1.68691263989926e-05,2.22140275816017,2.3904415211317
joint_categories,sieve_md,1.19071313714885e-05,2.10517091807565,2.0351611471774
joint_categories,sieve_md,3.68371038094215e-06,2.22140275816017,2.24183152495751
joint_categories,sieve_md,3.2792220383723e-06,2.10517091807565,1.96394907119101
joint_categories,sieve_md,4.06969234721017e-05,2.05127109637602,1.85488103473092
joint_categories,sieve_md,5.03577243559056e-05,1.95122942450071,1.86207522811074
joint_categories,sieve_md,1.22836483423577e-05,2.05127109637602,2.00860742571135
joint_categories,sieve_md,1.91466902326703e-05,1.95122942450071,1.89525995656908
joint_categories,sieve_md,1.87882272780048e-05,2.22140275816017,2.19581374303832
joint_categories,sieve_md,2.27339527399143e-05,2.10517091807565,2.37373267855264
joint_categories,sieve_md,0.000135792433065955,2.22140275816017,2.72301736327199
joint_categories,sieve_md,0.000204609215449747,2.10517091807565,2.08751640871389
joint_categories,sieve_md,1.23849614012393e-06,2.05127109637602,2.4400096237542
joint_categories,sieve_md,2.62708284851948e-06,1.95122942450071,2.21927648325796
joint_categories,sieve_md,1.2372496282299e-05,2.05127109637602,2.33581192218766
joint_categories,sieve_md,3.26428404482803e-05,1.95122942450071,2.39545114995583
joint_categories,sieve_md,1.87015903477317e-06,2.22140275816017,2.27267722026798
joint_categories,sieve_md,1.22578788750539e-06,2.10517091807565,2.10840751210986
joint_categories,sieve_md,1.4946226524396e-05,2.22140275816017,2.15802918703223
joint_categories,sieve_md,1.23548972881728e-05,2.10517091807565,1.8749686358857
joint_categories,sieve_md,4.51177596981956e-06,2.05127109637602,2.24140764777008
joint_categories,sieve_md,5.18411081829589e-06,1.95122942450071,2.0119144914479
joint_categories,sieve_md,4.98394747917028e-05,2.05127109637602,2.14978405135822
joint_categories,sieve_md,7.2137655963828e-05,1.95122942450071,2.27864704107693
joint_categories,sieve_md,0.00412805270405592,2.49182469764127,2.48796872100627
joint_categories,sieve_md,0.00520141172609965,2.349858807576,2.23052703335313
joint_categories,sieve_md,0.000603929882050146,2.49182469764127,2.15195884522568
joint_categories,sieve_md,0.00094759550137048,2.349858807576,1.8559725621269
joint_categories,sieve_md,0.000373781006118126,2.28402541668774,1.80296106266326
joint_categories,sieve_md,0.000824452263201824,2.16183424272828,1.84805141561951
joint_categories,sieve_md,7.55842701525296e-05,2.28402541668774,1.83433939418927
joint_categories,sieve_md,0.00020736297182466,2.16183424272828,1.73143843142593
joint_categories,sieve_md,0.000527324295303528,2.49182469764127,1.69243037833777
joint_categories,sieve_md,0.000358289866231539,2.349858807576,1.691848001232
joint_categories,sieve_md,8.53065389129307e-05,2.49182469764127,1.83098200647222
joint_categories,sieve_md,7.30987346164517e-05,2.349858807576,1.72372372486402
joint_categories,sieve_md,0.00174747073403369,2.28402541668774,2.03527389523692
joint_categories,sieve_md,0.00207844693914776,2.16183424272828,1.87646005208211
joint_categories,sieve_md,0.00039073954092867,2.28402541668774,1.75864041455391
joint_categories,sieve_md,0.000585434365122306,2.16183424272828,1.59137402517139
joint_categories,sieve_md,0.000587314865929753,2.49182469764127,2.13030989780734
joint_categories,sieve_md,0.00068407281585907,2.349858807576,2.02567239748105
joint_categories,sieve_md,0.00314465071286622,2.49182469764127,1.96271410832535
joint_categories,sieve_md,0.00456104361498663,2.349858807576,2.22028528792154
joint_categories,sieve_md,5.31793456221294e-05,2.28402541668774,1.90835179770723
joint_categories,sieve_md,0.000108429290148266,2.16183424272828,1.9466303056109
joint_categories,sieve_md,0.000393565769936334,2.28402541668774,2.00291478972944
joint_categories,sieve_md,0.000998096294524031,2.16183424272828,1.83349108376576
joint_categories,sieve_md,5.84606619093318e-05,2.49182469764127,1.86623769462344
joint_categories,sieve_md,3.68843984785601e-05,2.349858807576,1.83218173792136
joint_categories,sieve_md,0.000346121362092197,2.49182469764127,1.88637380313535
joint_categories,sieve_md,0.000275409029188504,2.349858807576,1.78579348360525
joint_categories,sieve_md,0.000193729544966239,2.28402541668774,1.88196467791874
joint_categories,sieve_md,0.000213967159960164,2.16183424272828,1.75973570272722
joint_categories,sieve_md,0.00158538025165397,2.28402541668774,1.77701488904696
joint_categories,sieve_md,0.00220570042693509,2.16183424272828,1.60750140629055
joint_categories,sieve_md,0.000754084375812706,3.33964685192599,3.39764411666269
joint_categories,sieve_md,0.00122415508932939,3.11700001661268,3.33325874598999
joint_categories,sieve_md,0.0001489188152483,3.33964685192599,3.47675692842632
joint_categories,sieve_md,0.000301041621736058,3.11700001661268,2.42147314173481
joint_categories,sieve_md,6.86603202630765e-05,3.01375270747048,3.14216247155178
joint_categories,sieve_md,0.000195481692525041,2.82211880039051,2.96275364788576
joint_categories,sieve_md,1.87416733633171e-05,3.01375270747048,2.79730749324884
joint_categories,sieve_md,6.63682137311478e-05,2.82211880039051,2.63276100857645
joint_categories,sieve_md,9.63279881780911e-05,3.33964685192599,2.54984019200252
joint_categories,sieve_md,8.4323715617755e-05,3.11700001661268,2.73467719621885
joint_categories,sieve_md,2.10351384911134e-05,3.33964685192599,2.84764018910731
joint_categories,sieve_md,2.32227375330128e-05,3.11700001661268,2.19243723498888
joint_categories,sieve_md,0.000320995177082884,3.01375270747048,3.3219873862529
joint_categories,sieve_md,0.000492810006864686,2.82211880039051,2.80375037918516
joint_categories,sieve_md,9.68867309486421e-05,3.01375270747048,2.93910180694473
joint_categories,sieve_md,0.000187373052807374,2.82211880039051,2.1854467845369
joint_categories,sieve_md,0.000107286654466648,3.33964685192599,3.66713642618506
joint_categories,sieve_md,0.000160996910666349,3.11700001661268,3.66454525407128
joint_categories,sieve_md,0.00077541726688542,3.33964685192599,5.10726486530955
joint_categories,sieve_md,0.00144899797928404,3.11700001661268,3.6299733687918
joint_categories,sieve_md,9.76858332026189e-06,3.01375270747048,3.40386401015269
joint_categories,sieve_md,2.5709118773179e-05,2.82211880039051,3.09358734839517
joint_categories,sieve_md,9.7587515130386e-05,3.01375270747048,3.52862699671036
joint_categories,sieve_md,0.00031944887564232,2.82211880039051,2.48100588106733
joint_categories,sieve_md,1.06791930495902e-05,3.33964685192599,2.74407407991796
joint_categories,sieve_md,8.68076331812331e-06,3.11700001661268,2.85030772224797
joint_categories,sieve_md,8.53476284364712e-05,3.33964685192599,3.16748433314609
joint_categories,sieve_md,8.74946964899589e-05,3.11700001661268,2.71642124769343
joint_categories,sieve_md,3.55864326546287e-05,3.01375270747048,2.93957745094267
joint_categories,sieve_md,5.07326675426327e-05,2.82211880039051,2.22874233386325
joint_categories,sieve_md,0.000393106644718428,3.01375270747048,3.15388317662492
joint_categories,sieve_md,0.000705952446927189,2.82211880039051,2.30124006741426
joint_categories,sieve_md,0.00106462963936783,1.77880078307141,1.68842799093611
joint_categories,sieve_md,0.000744617548498822,1.70468808971871,1.75321558844052
joint_categories,sieve_md,8.14586064091042e-05,1.77880078307141,1.6222984368293
joint_categories,sieve_md,7.13780584804168e-05,1.70468808971871,1.50986237646995
joint_categories,sieve_md,0.000173893987726491,1.67032004603564,1.56959045045831
joint_categories,sieve_md,0.000212368151645404,1.60653065971263,1.55046404949591
joint_categories,sieve_md,1.83906000541097e-05,1.67032004603564,1.52262373026707
joint_categories,sieve_md,2.81050774725219e-05,1.60653065971263,1.49054113627665
joint_categories,sieve_md,0.000135997554921548,1.77880078307141,1.45392889851019
joint_categories,sieve_md,5.12916369428333e-05,1.70468808971871,1.44320613638215
joint_categories,sieve_md,1.15062227983188e-05,1.77880078307141,1.49779109027493
joint_categories,sieve_md,5.50619515051667e-06,1.70468808971871,1.43353913713165
joint_categories,sieve_md,0.000812975109496126,1.67032004603564,1.60768516976171
joint_categories,sieve_md,0.000535380827321236,1.60653065971263,1.50393262031291
joint_categories,sieve_md,9.50718265592076e-05,1.67032004603564,1.45445561533953
joint_categories,sieve_md,7.93472337035748e-05,1.60653065971263,1.39781487597811
joint_categories,sieve_md,0.000151469193524543,1.77880078307141,1.65477652538153
joint_categories,sieve_md,9.79296871623786e-05,1.70468808971871,1.50022877393739
joint_categories,sieve_md,0.000424153320322389,1.77880078307141,1.74092944535819
joint_categories,sieve_md,0.000343562667204943,1.70468808971871,1.48751396128974
joint_categories,sieve_md,2.4740605658263e-05,1.67032004603564,1.66309658483386
joint_categories,sieve_md,2.79299711587711e-05,1.60653065971263,1.56405415669539
joint_categories,sieve_md,9.57594834914816e-05,1.67032004603564,1.64589530365656
joint_categories,sieve_md,0.000135277641113065,1.60653065971263,1.50035016731232
joint_categories,sieve_md,1.50770733485513e-05,1.77880078307141,1.57239059656997
joint_categories,sieve_md,5.2802530965096e-06,1.70468808971871,1.49850977686676
joint_categories,sieve_md,4.66851610467426e-05,1.77880078307141,1.58811118978194
joint_categories,sieve_md,2.07453093255728e-05,1.70468808971871,1.46243809227444
joint_categories,sieve_md,9.01287185897598e-05,1.67032004603564,1.56732075063982
joint_categories,sieve_md,5.5115150144761e-05,1.60653065971263,1.45511173627803
joint_categories,sieve_md,0.000385742881197564,1.67032004603564,1.53881554993359
joint_categories,sieve_md,0.000298951065538372,1.60653065971263,1.41882857378017
joint_categories,sieve_md,0.00486799514877874,2.22140275816017,2.85239503671191
joint_categories,sieve_md,0.00437572668196998,2.10517091807565,2.17045653376811
joint_categories,sieve_md,0.000502778739068938,2.22140275816017,2.19557001704725
joint_categories,sieve_md,0.000566200169935022,2.10517091807565,2.40283006769283
joint_categories,sieve_md,0.000795789056860014,2.05127109637602,2.43569050626737
joint_categories,sieve_md,0.00124637013784139,1.95122942450071,2.42986412626354
joint_categories,sieve_md,0.000113605050807996,2.05127109637602,2.25233357240761
joint_categories,sieve_md,0.000222654142301546,1.95122942450071,2.09068970294895
joint_categories,sieve_md,0.000621845769761753,2.22140275816017,2.3904415211317
joint_categories,sieve_md,0.000301414041053892,2.10517091807565,2.0351611471774
joint_categories,sieve_md,7.10186982690438e-05,2.22140275816017,2.24183152495751
joint_categories,sieve_md,4.36774086643626e-05,2.10517091807565,1.96394907119101
joint_categories,sieve_md,0.00372040864721646,2.05127109637602,1.85488103473092
joint_categories,sieve_md,0.00314210332564453,1.95122942450071,1.86207522811074
joint_categories,sieve_md,0.000587291314850503,2.05127109637602,2.00860742571135
joint_categories,sieve_md,0.000628604930249441,1.95122942450071,1.89525995656908
joint_categories,sieve_md,0.000692589490280147,2.22140275816017,2.19581374303832
joint_categories,sieve_md,0.000575481394357805,2.10517091807565,2.37373267855264
joint_categories,sieve_md,0.00261795875186688,2.22140275816017,2.72301736327199
joint_categories,sieve_md,0.00272528063519881,2.10517091807565,2.08751640871389
joint_categories,sieve_md,0.000113220149243466,2.05127109637602,2.4400096237542
joint_categories,sieve_md,0.000163918561862273,1.95122942450071,2.21927648325796
joint_categories,sieve_md,0.000591539207822979,2.05127109637602,2.33581192218766
joint_categories,sieve_md,0.0010716969979554,1.95122942450071,2.39545114995583
joint_categories,sieve_md,6.89395797416559e-05,2.22140275816017,2.27267722026798
joint_categories,sieve_md,3.10292772558639e-05,2.10517091807565,2.10840751210986
joint_categories,sieve_md,0.000288150110086933,2.22140275816017,2.15802918703223
joint_categories,sieve_md,0.000164560341308759,2.10517091807565,1.8749686358857
joint_categories,sieve_md,0.000412455018717247,2.05127109637602,2.24140764777008
joint_categories,sieve_md,0.000323466003498371,1.95122942450071,2.0119144914479
joint_categories,sieve_md,0.00238286621906497,2.05127109637602,2.14978405135822
joint_categories,sieve_md,0.00236835116902479,1.95122942450071,2.27864704107693
joint_categories,sieve_md,0.000125625646953538,2.49182469764127,2.48796872100627
joint_categories,sieve_md,0.000109059940049626,2.349858807576,2.23052703335313
joint_categories,sieve_md,9.61206578482424e-06,2.49182469764127,2.15195884522568
joint_categories,sieve_md,1.0454342359278e-05,2.349858807576,1.8559725621269
joint_categories,sieve_md,2.83753746749529e-05,2.28402541668774,1.80296106266326
joint_categories,sieve_md,4.30103708573674e-05,2.16183424272828,1.84805141561951
joint_categories,sieve_md,3.00090977183953e-06,2.28402541668774,1.83433939418927
joint_categories,sieve_md,5.69204843429907e-06,2.16183424272828,1.73143843142593
joint_categories,sieve_md,1.60476283858334e-05,2.49182469764127,1.69243037833777
joint_categories,sieve_md,7.51239728543871e-06,2.349858807576,1.691848001232
joint_categories,sieve_md,1.35772725986537e-06,2.49182469764127,1.83098200647222
joint_categories,sieve_md,8.06461403209649e-07,2.349858807576,1.72372372486402
joint_categories,sieve_md,0.000132658257108041,2.28402541668774,2.03527389523692
joint_categories,sieve_md,0.000108429290148266,2.16183424272828,1.87646005208211
joint_categories,sieve_md,1.55134673424864e-05,2.28402541668774,1.75864041455391
joint_categories,sieve_md,1.60699894106312e-05,2.16183424272828,1.59137402517139
joint_categories,sieve_md,1.78732722877697e-05,2.49182469764127,2.13030989780734
joint_categories,sieve_md,1.43432099237244e-05,2.349858807576,2.02567239748105
joint_categories,sieve_md,5.00498326391054e-05,2.49182469764127,1.96271410832535
joint_categories,sieve_md,5.03196895697656e-05,2.349858807576,2.22028528792154
joint_categories,sieve_md,4.03708008779839e-06,2.28402541668774,1.90835179770723
joint_categories,sieve_md,5.65658460681113e-06,2.16183424272828,1.9466303056109
joint_categories,sieve_md,1.56256766451553e-05,2.28402541668774,2.00291478972944
joint_categories,sieve_md,2.73974297365351e-05,2.16183424272828,1.83349108376576
joint_categories,sieve_md,1.77908544299253e-06,2.49182469764127,1.86623769462344
joint_categories,sieve_md,7.7336894263794e-07,2.349858807576,1.83218173792136
joint_categories,sieve_md,5.50882047874379e-06,2.49182469764127,1.88637380313535
joint_categories,sieve_md,3.03844865853506e-06,2.349858807576,1.78579348360525
joint_categories,sieve_md,1.47068693541049e-05,2.28402541668774,1.88196467791874
joint_categories,sieve_md,1.11623283869032e-05,2.16183424272828,1.75973570272722
joint_categories,sieve_md,6.29440898174842e-05,2.28402541668774,1.77701488904696
joint_categories,sieve_md,6.05457838069798e-05,2.16183424272828,1.60750140629055
joint_categories,sieve_md,0.000759538687224554,3.33964685192599,3.39764411666269
joint_categories,sieve_md,0.000846706009089562,3.11700001661268,3.33325874598999
joint_categories,sieve_md,7.84470591620539e-05,3.33964685192599,3.47675692842632
joint_categories,sieve_md,0.000109560107628954,3.11700001661268,2.42147314173481
joint_categories,sieve_md,0.000171504198251637,3.01375270747048,3.14216247155178
joint_categories,sieve_md,0.000333273146539268,2.82211880039051,2.96275364788576
joint_categories,sieve_md,2.44835525045291e-05,3.01375270747048,2.79730749324884
joint_categories,sieve_md,5.95366050115374e-05,2.82211880039051,2.63276100857645
joint_categories,sieve_md,9.70247309592075e-05,3.33964685192599,2.54984019200252
joint_categories,sieve_md,5.83238164385081e-05,3.11700001661268,2.73467719621885
joint_categories,sieve_md,1.10808345536661e-05,3.33964685192599,2.84764018910731
joint_categories,sieve_md,8.45160748498278e-06,3.11700001661268,2.19243723498888
joint_categories,sieve_md,0.000801802558993415,3.01375270747048,3.3219873862529
joint_categories,sieve_md,0.000840182727662812,2.82211880039051,2.80375037918516
joint_categories,sieve_md,0.000126569880831251,3.01375270747048,2.93910180694473
joint_categories,sieve_md,0.00016808581710499,2.82211880039051,2.1854467845369
joint_categories,sieve_md,0.000108062661558913,3.33964685192599,3.66713642618506
joint_categories,sieve_md,0.000111356030697654,3.11700001661268,3.66454525407128
joint_categories,sieve_md,0.000408472254558399,3.33964685192599,5.10726486530955
joint_categories,sieve_md,0.000527343606671384,3.11700001661268,3.6299733687918
joint_categories,sieve_md,2.4400600579441e-05,3.01375270747048,3.40386401015269
joint_categories,sieve_md,4.38310043135704e-05,2.82211880039051,3.09358734839517
joint_categories,sieve_md,0.000127485363988782,3.01375270747048,3.52862699671036
joint_categories,sieve_md,0.000286566421804578,2.82211880039051,2.48100588106733
joint_categories,sieve_md,1.07564359237141e-05,3.33964685192599,2.74407407991796
joint_categories,sieve_md,6.00418568611739e-06,3.11700001661268,2.85030772224797
joint_categories,sieve_md,4.49591977087213e-05,3.33964685192599,3.16748433314609
joint_categories,sieve_md,3.1842534959525e-05,3.11700001661268,2.71642124769343
joint_categories,sieve_md,8.88900980607588e-05,3.01375270747048,2.93957745094267
joint_categories,sieve_md,8.64931929218788e-05,2.82211880039051,2.22874233386325
joint_categories,sieve_md,0.000513542573774717,3.01375270747048,3.15388317662492
joint_categories,sieve_md,0.000633285267551308,2.82211880039051,2.30124006741426
joint_categories,sieve_md,0.000105972038196597,1.77880078307141,1.68842799093611
joint_categories,sieve_md,7.40029352343184e-05,1.70468808971871,1.75321558844052
joint_categories,sieve_md,1.25892464741956e-05,1.77880078307141,1.6222984368293
joint_categories,sieve_md,1.10343278474698e-05,1.70468808971871,1.50986237646995
joint_categories,sieve_md,9.36643552119747e-06,1.67032004603564,1.56959045045831
joint_categories,sieve_md,1.14506399725992e-05,1.60653065971263,1.55046404949591
joint_categories,sieve_md,1.53799777282289e-06,1.67032004603564,1.52262373026707
joint_categories,sieve_md,2.35716852536868e-06,1.60653065971263,1.49054113627665
joint_categories,sieve_md,1.35370438243179e-05,1.77880078307141,1.45392889851019
joint_categories,sieve_md,5.09755873252653e-06,1.70468808971871,1.44320613638215
joint_categories,sieve_md,1.778261146128e-06,1.77880078307141,1.49779109027493
joint_categories,sieve_md,8.51202229038192e-07,1.70468808971871,1.43353913713165
joint_categories,sieve_md,4.37892019326779e-05,1.67032004603564,1.60768516976171
joint_categories,sieve_md,2.88671020319653e-05,1.60653065971263,1.50393262031291
joint_categories,sieve_md,7.95081493132629e-06,1.67032004603564,1.45445561533953
joint_categories,sieve_md,6.65484028798717e-06,1.60653065971263,1.39781487597811
joint_categories,sieve_md,1.50770733485513e-05,1.77880078307141,1.65477652538153
joint_categories,sieve_md,9.73262624713179e-06,1.70468808971871,1.50022877393739
joint_categories,sieve_md,6.55519524305315e-05,1.77880078307141,1.74092944535819
joint_categories,sieve_md,5.31113228182101e-05,1.70468808971871,1.48751396128974
joint_categories,sieve_md,1.33260091785331e-06,1.67032004603564,1.66309658483386
joint_categories,sieve_md,1.50595106519631e-06,1.60653065971263,1.56405415669539
joint_categories,sieve_md,8.00832337733632e-06,1.67032004603564,1.64589530365656
joint_categories,sieve_md,1.13457149559397e-05,1.60653065971263,1.50035016731232
joint_categories,sieve_md,1.50075494209827e-06,1.77880078307141,1.57239059656997
joint_categories,sieve_md,5.24771714969094e-07,1.70468808971871,1.49850977686676
joint_categories,sieve_md,7.21508782206799e-06,1.77880078307141,1.58811118978194
joint_categories,sieve_md,3.20701556288963e-06,1.70468808971871,1.46243809227444
joint_categories,sieve_md,4.8545947005765e-06,1.67032004603564,1.56732075063982
joint_categories,sieve_md,2.97174381588617e-06,1.60653065971263,1.45511173627803
joint_categories,sieve_md,3.22595070535267e-05,1.67032004603564,1.53881554993359
joint_categories,sieve_md,2.50729798913181e-05,1.60653065971263,1.41882857378017
joint_categories,sieve_md,0.000535804216557258,2.22140275816017,2.85239503671191
joint_categories,sieve_md,0.000482473898643181,2.10517091807565,2.17045653376811
joint_categories,sieve_md,8.59217117479918e-05,2.22140275816017,2.19557001704725
joint_categories,sieve_md,9.71089158479462e-05,2.10517091807565,2.40283006769283
joint_categories,sieve_md,4.76763856244649e-05,2.05127109637602,2.43569050626737
joint_categories,sieve_md,7.52594403054059e-05,1.95122942450071,2.42986412626354
joint_categories,sieve_md,1.05675187534922e-05,2.05127109637602,2.25233357240761
joint_categories,sieve_md,2.09127045694097e-05,1.95122942450071,2.09068970294895
joint_categories,sieve_md,6.84445188015912e-05,2.22140275816017,2.3904415211317
joint_categories,sieve_md,3.32343443872496e-05,2.10517091807565,2.0351611471774
joint_categories,sieve_md,1.21366470919004e-05,2.22140275816017,2.24183152495751
joint_categories,sieve_md,7.49110655147047e-06,2.10517091807565,1.96394907119101
joint_categories,sieve_md,0.000222892782724565,2.05127109637602,1.85488103473092
joint_categories,sieve_md,0.000189729303110001,1.95122942450071,1.86207522811074
joint_categories,sieve_md,5.46297188312067e-05,2.05127109637602,2.00860742571135
joint_categories,sieve_md,5.90414759918424e-05,1.95122942450071,1.89525995656908
joint_categories,sieve_md,7.6231047462823e-05,2.22140275816017,2.19581374303832
joint_categories,sieve_md,6.34534037686793e-05,2.10517091807565,2.37373267855264
joint_categories,sieve_md,0.000447392619788555,2.22140275816017,2.72301736327199
joint_categories,sieve_md,0.00046741251931438,2.10517091807565,2.08751640871389
joint_categories,sieve_md,6.78311350132134e-06,2.05127109637602,2.4400096237542
joint_categories,sieve_md,9.89787772257393e-06,1.95122942450071,2.21927648325796
joint_categories,sieve_md,5.50248569727787e-05,2.05127109637602,2.33581192218766
joint_categories,sieve_md,0.000100658727812086,1.95122942450071,2.39545114995583
joint_categories,sieve_md,7.58795281924868e-06,2.22140275816017,2.27267722026798
joint_categories,sieve_md,3.42133260548552e-06,2.10517091807565,2.10840751210986
joint_categories,sieve_md,4.92430343114546e-05,2.22140275816017,2.15802918703223
joint_categories,sieve_md,2.82237222533781e-05,2.10517091807565,1.8749686358857
joint_categories,sieve_md,2.47105239203716e-05,2.05127109637602,2.24140764777008
joint_categories,sieve_md,1.95318145404827e-05,1.95122942450071,2.0119144914479
joint_categories,sieve_md,0.000221653731748163,2.05127109637602,2.14978405135822
joint_categories,sieve_md,0.000222446471475719,1.95122942450071,2.27864704107693
joint_categories,sieve_md,0.000457647591102943,2.49182469764127,2.48796872100627
joint_categories,sieve_md,0.000396680697514186,2.349858807576,2.23052703335313
joint_categories,sieve_md,5.43675333678904e-05,2.49182469764127,2.15195884522568
joint_categories,sieve_md,5.91477196583503e-05,2.349858807576,1.8559725621269
joint_categories,sieve_md,5.59360146777711e-05,2.28402541668774,1.80296106266326
joint_categories,sieve_md,8.48738093609244e-05,2.16183424272828,1.84805141561951
joint_categories,sieve_md,9.18486715680733e-06,2.28402541668774,1.83433939418927
joint_categories,sieve_md,1.74716760401559e-05,2.16183424272828,1.73143843142593
joint_categories,sieve_md,5.84606619093318e-05,2.49182469764127,1.69243037833777
joint_categories,sieve_md,2.73246344518023e-05,2.349858807576,1.691848001232
joint_categories,sieve_md,7.67954399789561e-06,2.49182469764127,1.83098200647222
joint_categories,sieve_md,4.56273109804858e-06,2.349858807576,1.72372372486402
joint_categories,sieve_md,0.00026150753256037,2.28402541668774,2.03527389523692
joint_categories,sieve_md,0.000213967159960164,2.16183424272828,1.87646005208211
joint_categories,sieve_md,4.74819796380822e-05,2.28402541668774,1.75864041455391
joint_categories,sieve_md,4.93266443868302e-05,2.16183424272828,1.59137402517139
joint_categories,sieve_md,6.51113861379755e-05,2.49182469764127,2.13030989780734
joint_categories,sieve_md,5.2170159955584e-05,2.349858807576,2.02567239748105
joint_categories,sieve_md,0.000283090649500133,2.49182469764127,1.96271410832535
joint_categories,sieve_md,0.000284694607243882,2.349858807576,2.22028528792154
joint_categories,sieve_md,7.95824455652947e-06,2.28402541668774,1.90835179770723
joint_categories,sieve_md,1.11623283869032e-05,2.16183424272828,1.9466303056109
joint_categories,sieve_md,4.78254180008225e-05,2.28402541668774,2.00291478972944
joint_categories,sieve_md,8.40960898725417e-05,2.16183424272828,1.83349108376576
joint_categories,sieve_md,6.48111422385726e-06,2.49182469764127,1.86623769462344
joint_categories,sieve_md,2.81295342232749e-06,2.349858807576,1.83218173792136
joint_categories,sieve_md,3.11588567848423e-05,2.49182469764127,1.88637380313535
joint_categories,sieve_md,1.71906852937362e-05,2.349858807576,1.78579348360525
joint_categories,sieve_md,2.89914642354107e-05,2.28402541668774,1.88196467791874
joint_categories,sieve_md,2.20269975042956e-05,2.16183424272828,1.75973570272722
joint_categories,sieve_md,0.000192652611119777,2.28402541668774,1.77701488904696
joint_categories,sieve_md,0.000185844574669916,2.16183424272828,1.60750140629055
joint_categories,sieve_md,0.00305960966902122,3.33964685192599,3.39764411666269
joint_categories,sieve_md,0.00341677525449953,3.11700001661268,3.33325874598999
joint_categories,sieve_md,0.000490639849257172,3.33964685192599,3.47675692842632
joint_categories,sieve_md,0.000687704229376201,3.11700001661268,2.42147314173481
joint_categories,sieve_md,0.000376045374945552,3.01375270747048,3.14216247155178
joint_categories,sieve_md,0.000736502806032577,2.82211880039051,2.96275364788576
joint_categories,sieve_md,8.33508350067117e-05,3.01375270747048,2.79730749324884
joint_categories,sieve_md,0.000204655595824225,2.82211880039051,2.63276100857645
joint_categories,sieve_md,0.000390839610898199,3.33964685192599,2.54984019200252
joint_categories,sieve_md,0.00023535840139997,3.11700001661268,2.73467719621885
joint_categories,sieve_md,6.93040510775986e-05,3.33964685192599,2.84764018910731
joint_categories,sieve_md,5.30503879398729e-05,3.11700001661268,2.19243723498888
joint_categories,sieve_md,0.00175805692806767,3.01375270747048,3.3219873862529
joint_categories,sieve_md,0.00185672606067844,2.82211880039051,2.80375037918516
joint_categories,sieve_md,0.000430889481909668,3.01375270747048,2.93910180694473
joint_categories,sieve_md,0.000577790806891949,2.82211880039051,2.1854467845369
joint_categories,sieve_md,0.000435303125077114,3.33964685192599,3.66713642618506
joint_categories,sieve_md,0.000449363209948342,3.11700001661268,3.66454525407128
joint_categories,sieve_md,0.00255475179749266,3.33964685192599,5.10726486530955
joint_categories,sieve_md,0.00331011384061995,3.11700001661268,3.6299733687918
joint_categories,sieve_md,5.35015065947808e-05,3.01375270747048,3.40386401015269
joint_categories,sieve_md,9.68624625277663e-05,2.82211880039051,3.09358734839517
joint_categories,sieve_md,0.000434006116458544,3.01375270747048,3.52862699671036
joint_categories,sieve_md,0.000985064932511136,2.82211880039051,2.48100588106733
joint_categories,sieve_md,4.33295840092911e-05,3.33964685192599,2.74407407991796
joint_categories,sieve_md,2.42291336727435e-05,3.11700001661268,2.85030772224797
joint_categories,sieve_md,0.000281193128488883,3.33964685192599,3.16748433314609
joint_categories,sieve_md,0.000199874264818062,3.11700001661268,2.71642124769343
joint_categories,sieve_md,0.000194903160359726,3.01375270747048,2.93957745094267
joint_categories,sieve_md,0.000191141950532684,2.82211880039051,2.22874233386325
joint_categories,sieve_md,0.00174828396850091,3.01375270747048,3.15388317662492
joint_categories,sieve_md,0.00217690232307168,2.82211880039051,2.30124006741426
joint_categories,landweber,0.00748294912415195,1.77880078307141,1.84263393700081
joint_categories,landweber,0.0076425891174435,1.70468808971871,1.80229039370389
joint_categories,landweber,0.000709245152938778,1.77880078307141,1.70288460832633
joint_categories,landweber,0.000904292506752669,1.70468808971871,1.66923196940024
joint_categories,landweber,0.000905462486159698,1.67032004603564,1.7670845981564
joint_categories,landweber,0.00161476113157825,1.60653065971263,1.73035819854298
joint_categories,landweber,0.000118622468061873,1.67032004603564,1.63986499196484
joint_categories,landweber,0.000263779258816363,1.60653065971263,1.60922959992331
joint_categories,landweber,0.000955884325267599,1.77880078307141,1.75080050534349
joint_categories,landweber,0.000526445968276534,1.70468808971871,1.7148537538959
joint_categories,landweber,0.000100182572573807,1.77880078307141,1.62628158676816
joint_categories,landweber,6.97582859681761e-05,1.70468808971871,1.59629653964108
joint_categories,landweber,0.00423314499514566,1.67032004603564,1.68348481902704
joint_categories,landweber,0.00407081826466162,1.60653065971263,1.65076100127131
joint_categories,landweber,0.00061322929520635,1.67032004603564,1.57013008641539
joint_categories,landweber,0.000744710791703774,1.60653065971263,1.54283345520202
joint_categories,landweber,0.00106462963936783,1.77880078307141,1.93020968901889
joint_categories,landweber,0.00100512855611679,1.70468808971871,1.88567320263226
joint_categories,landweber,0.00369302520387731,1.77880078307141,1.77593607878479
joint_categories,landweber,0.00435261412495031,1.70468808971871,1.73878588886778
joint_categories,landweber,0.000128823834574787,1.67032004603564,1.84680843503881
joint_categories,landweber,0.000212368151645404,1.60653065971263,1.80626502554265
joint_categories,landweber,0.000617664798248458,1.67032004603564,1.70636677334433
joint_categories,landweber,0.00126964374825572,1.60653065971263,1.67254741567004
joint_categories,landweber,0.000105972038196597,1.77880078307141,1.82883192086545
joint_categories,landweber,5.4195344890929e-05,1.70468808971871,1.78914918911562
joint_categories,landweber,0.000406479138868103,1.77880078307141,1.69137163183745
joint_categories,landweber,0.000262823452651471,1.70468808971871,1.65827021004738
joint_categories,landweber,0.000469298419546449,1.67032004603564,1.75452005080548
joint_categories,landweber,0.000419073206247334,1.60653065971263,1.71839521533254
joint_categories,landweber,0.00248810655825924,1.67032004603564,1.62938425227972
joint_categories,landweber,0.00280579516520357,1.60653065971263,1.59925065604382
joint_categories,landweber,0.000934898023489231,2.22140275816017,2.20054490676684
joint_categories,landweber,0.0012271489970857,2.10517091807565,2.14306533788259
joint_categories,landweber,0.000119612390536422,2.22140275816017,2.00143668503844
joint_categories,landweber,0.000195999093135422,2.10517091807565,1.95348999966545
joint_categories,landweber,0.000113220149243466,2.05127109637602,2.09290578854893
joint_categories,landweber,0.000258943968827728,1.95122942450071,2.04057975459317
joint_categories,landweber,2.00220509127348e-05,2.05127109637602,1.91164932171614
joint_categories,landweber,5.70987369063187e-05,1.95122942450071,1.86800146673753
joint_categories,landweber,0.000119425423258947,2.22140275816017,2.06970498470112
joint_categories,landweber,8.45299455541655e-05,2.10517091807565,2.01848975650983
joint_categories,landweber,1.68955359736889e-05,2.22140275816017,1.89229632961679
joint_categories,landweber,1.51196218992706e-05,2.10517091807565,1.84957505525688
joint_categories,landweber,0.000529317686205158,2.05127109637602,1.97379678446843
joint_categories,landweber,0.000652798619692812,1.95122942450071,1.92717343948848
joint_categories,landweber,0.000103505755447592,2.05127109637602,1.81229433255057
joint_categories,landweber,0.000161203142952165,1.95122942450071,1.77340338579884
joint_categories,landweber,0.000133011748319997,2.22140275816017,2.32531868862495
joint_categories,landweber,0.000161390659713171,2.10517091807565,2.26186521310144
joint_categories,landweber,0.000622819304603906,2.22140275816017,2.10551695873699
joint_categories,landweber,0.000943398750833641,2.10517091807565,2.05258712843721
joint_categories,landweber,1.61082916185006e-05,2.05127109637602,2.20649253377041
joint_categories,landweber,3.40554717129719e-05,1.95122942450071,2.14872820499578
joint_categories,landweber,0.000104254415201378,2.05127109637602,2.00639790876004
joint_categories,landweber,0.00027483227707784,1.95122942450071,1.95821369041428
joint_categories,landweber,1.32398399897382e-05,2.22140275816017,2.18088044816053
joint_categories,landweber,8.70199380178946e-06,2.10517091807565,2.12434237225722
joint_categories,landweber,6.85516725799842e-05,2.22140275816017,1.98503354165848
joint_categories,landweber,5.69651500921905e-05,2.10517091807565,1.93787220434246
joint_categories,landweber,5.86816548591944e-05,2.05127109637602,2.07500441683149
joint_categories,landweber,6.72028061196784e-05,1.95122942450071,2.02353546295908
joint_categories,landweber,0.000419962566954781,2.05127109637602,1.89671686042352
joint_categories,landweber,0.000607353893819652,1.95122942450071,1.85378394033209
joint_categories,landweber,0.000882983424545827,2.49182469764127,2.77670986126469
joint_categories,landweber,0.00111936699941155,2.349858807576,2.69164472435704
joint_categories,landweber,8.36904946958843e-05,2.49182469764127,2.48204571416799
joint_categories,landweber,0.000132446632197425,2.349858807576,2.41108847780226
joint_categories,landweber,0.00014775000352115,2.28402541668774,2.61741262738559
joint_categories,landweber,0.000327033383193953,2.16183424272828,2.53997430749763
joint_categories,landweber,1.93563735016384e-05,2.28402541668774,2.34916764110924
joint_categories,landweber,5.34225290292901e-05,2.16183424272828,2.28457232782572
joint_categories,landweber,0.000112793766333419,2.49182469764127,2.58307730452234
joint_categories,landweber,7.7105577024548e-05,2.349858807576,2.50728288778582
joint_categories,landweber,1.18214823518603e-05,2.49182469764127,2.32052677002305
joint_categories,landweber,1.02171033989081e-05,2.349858807576,2.25730272149874
joint_categories,landweber,0.00069074886867041,2.28402541668774,2.44114088534376
joint_categories,landweber,0.000824452263201824,2.16183424272828,2.37214208627833
joint_categories,landweber,0.000100064477447639,2.28402541668774,2.20213025165272
joint_categories,landweber,0.000150824344820521,2.16183424272828,2.1445747797847
joint_categories,landweber,0.000125625646953538,2.49182469764127,2.96136501860622
joint_categories,landweber,0.000147215520629698,2.349858807576,2.86745898055742
joint_categories,landweber,0.000435774717608172,2.49182469764127,2.63607614451762
joint_categories,landweber,0.000637502885183462,2.349858807576,2.55774425462444
joint_categories,landweber,2.10209945778757e-05,2.28402541668774,2.7855118706596
joint_categories,landweber,4.30103708573674e-05,2.16183424272828,2.70002531202713
joint_categories,landweber,0.00010078824635039,2.28402541668774,2.48938792607563
joint_categories,landweber,0.00025713765480427,2.16183424272828,2.41807916002306
joint_categories,landweber,1.25046357579688e-05,2.49182469764127,2.74760804481007
joint_categories,landweber,7.93768704039999e-06,2.349858807576,2.66393624175785
joint_categories,landweber,4.7964290026477e-05,2.49182469764127,2.45777038182962
joint_categories,landweber,3.84942713848094e-05,2.349858807576,2.38797539739587
joint_categories,landweber,7.65783720477939e-05,2.28402541668774,2.59092003766131
joint_categories,landweber,8.48738093609244e-05,2.16183424272828,2.51475012733254
joint_categories,landweber,0.000405999981625921,2.28402541668774,2.32706879992303
joint_categories,landweber,0.000568250416412313,2.16183424272828,2.26353153274595
joint_categories,landweber,0.000145869335475403,3.33964685192599,3.53137202417434
joint_categories,landweber,0.000237454143139697,3.11700001661268,3.41017524776466
joint_categories,landweber,1.86627626583844e-05,3.33964685192599,3.11154850951404
joint_categories,landweber,3.7925954246108e-05,3.11700001661268,3.01045200131934
joint_categories,landweber,2.4400600579441e-05,3.01375270747048,3.30441287335223
joint_categories,landweber,6.92403232783208e-05,2.82211880039051,3.19408242444939
joint_categories,landweber,4.31504524916592e-06,3.01375270747048,2.92223012720502
joint_categories,landweber,1.52679169168351e-05,2.82211880039051,2.83019778556973
joint_categories,landweber,1.8633590714669e-05,3.33964685192599,3.25549353225332
joint_categories,landweber,1.63566004119122e-05,3.11700001661268,3.14750523866729
joint_categories,landweber,2.63615981963957e-06,3.33964685192599,2.88142397117684
joint_categories,landweber,2.92565684461606e-06,3.11700001661268,2.7913453425956
joint_categories,landweber,0.000114075714676479,3.01375270747048,3.05326924760597
joint_categories,landweber,0.000174555088762244,2.82211880039051,2.95496302807976
joint_categories,landweber,2.2307006422673e-05,3.01375270747048,2.71273822180583
joint_categories,landweber,4.31049148664089e-05,2.82211880039051,2.63073591264931
joint_categories,landweber,2.07534242777046e-05,3.33964685192599,3.79445994280679
joint_categories,landweber,3.12291994728862e-05,3.11700001661268,3.66066706936116
joint_categories,landweber,9.71766286816531e-05,3.33964685192599,3.33100376822524
joint_categories,landweber,0.000182548282686344,3.11700001661268,3.21940020311914
joint_categories,landweber,3.47157279359331e-06,3.01375270747048,3.54391271009306
joint_categories,landweber,9.10626295517483e-06,2.82211880039051,3.42211551197815
joint_categories,landweber,2.24683535657752e-05,3.01375270747048,3.12200934514273
joint_categories,landweber,7.34887775078738e-05,2.82211880039051,3.02041199410682
joint_categories,landweber,2.0657725362343e-06,3.33964685192599,3.48990913502629
joint_categories,landweber,1.68384156016759e-06,3.11700001661268,3.37069751467324
joint_categories,landweber,1.06959119323509e-05,3.33964685192599,3.07696216624066
joint_categories,landweber,1.10227942459221e-05,3.11700001661268,2.97752157952748
joint_categories,landweber,1.26467561748286e-05,3.01375270747048,3.26666748681612
joint_categories,landweber,1.79696945327679e-05,2.82211880039051,3.15814420775194
joint_categories,landweber,9.05080846744403e-05,3.01375270747048,2.89074474539617
joint_categories,landweber,0.000162403396158639,2.82211880039051,2.80021985771978
joint_categories,landweber,0.000955884325267599,1.77880078307141,1.84263393700081
joint_categories,landweber,0.000970351563627095,1.70468808971871,1.80229039370389
joint_categories,landweber,0.000139844897630605,1.77880078307141,1.70288460832633
joint_categories,landweber,0.000176779079384732,1.70468808971871,1.66923196940024
joint_categories,landweber,6.2589294446911e-05,1.67032004603564,1.7670845981564
joint_categories,landweber,0.000111229908396983,1.60653065971263,1.73035819854298
joint_categories,landweber,1.26565182893121e-05,1.67032004603564,1.63986499196484
joint_categories,landweber,2.79761065503157e-05,1.60653065971263,1.60922959992331
joint_categories,landweber,0.000122106248236165,1.77880078307141,1.75080050534349
joint_categories,landweber,6.6840917473422e-05,1.70468808971871,1.7148537538959
joint_categories,landweber,1.9753425945745e-05,1.77880078307141,1.62628158676816
joint_categories,landweber,1.36369653412199e-05,1.70468808971871,1.59629653964108
joint_categories,landweber,0.000292612408120141,1.67032004603564,1.68348481902704
joint_categories,landweber,0.000280410974616735,1.60653065971263,1.65076100127131
joint_categories,landweber,6.54289859006547e-05,1.67032004603564,1.57013008641539
joint_categories,landweber,7.89831185035628e-05,1.60653065971263,1.54283345520202
joint_categories,landweber,0.000135997554921548,1.77880078307141,1.93020968901889
joint_categories,landweber,0.000127617493376436,1.70468808971871,1.88567320263226
joint_categories,landweber,0.000728169560896594,1.77880078307141,1.77593607878479
joint_categories,landweber,0.000850887419922132,1.70468808971871,1.73878588886778
joint_categories,landweber,8.90483375868919e-06,1.67032004603564,1.84680843503881
joint_categories,landweber,1.46285971293273e-05,1.60653065971263,1.80626502554265
joint_categories,landweber,6.5902235414781e-05,1.67032004603564,1.70636677334433
joint_categories,landweber,0.00013465686779745,1.60653065971263,1.67254741567004
joint_categories,landweber,1.35370438243179e-05,1.77880078307141,1.82883192086545
joint_categories,landweber,6.8809845522369e-06,1.70468808971871,1.78914918911562
joint_categories,landweber,8.01472288227161e-05,1.77880078307141,1.69137163183745
joint_categories,landweber,5.13790478783116e-05,1.70468808971871,1.65827021004738
joint_categories,landweber,3.24398386608389e-05,1.67032004603564,1.75452005080548
joint_categories,landweber,2.88671020319653e-05,1.60653065971263,1.71839521533254
joint_categories,landweber,0.000265470502130676,1.67032004603564,1.62938425227972
joint_categories,landweber,0.000297579213969747,1.60653065971263,1.59925065604382
joint_categories,landweber,0.000132056579730201,2.22140275816017,2.20054490676684
joint_categories,landweber,0.000172859738935083,2.10517091807565,2.14306533788259
joint_categories,landweber,2.60789243617065e-05,2.22140275816017,2.00143668503844
joint_categories,landweber,4.2509300165877e-05,2.10517091807565,1.95348999966545
joint_categories,landweber,8.70500243869682e-06,2.05127109637602,2.09290578854893
joint_categories,landweber,1.99752704930459e-05,1.95122942450071,2.04057975459317
joint_categories,landweber,2.37613678042614e-06,2.05127109637602,1.91164932171614
joint_categories,landweber,6.7818270053608e-06,1.95122942450071,1.86800146673753
joint_categories,landweber,1.68691263989926e-05,2.22140275816017,2.06970498470112
joint_categories,landweber,1.19071313714885e-05,2.10517091807565,2.01848975650983
joint_categories,landweber,3.68371038094215e-06,2.22140275816017,1.89229632961679
joint_categories,landweber,3.2792220383723e-06,2.10517091807565,1.84957505525688
joint_categories,landweber,4.06969234721017e-05,2.05127109637602,1.97379678446843
joint_categories,landweber,5.03577243559056e-05,1.95122942450071,1.92717343948848
joint_categories,landweber,1.22836483423577e-05,2.05127109637602,1.81229433255057
joint_categories,landweber,1.91466902326703e-05,1.95122942450071,1.77340338579884
joint_categories,landweber,1.87882272780048e-05,2.22140275816017,2.32531868862495
joint_categories,landweber,2.27339527399143e-05,2.10517091807565,2.26186521310144
joint_categories,landweber,0.000135792433065955,2.22140275816017,2.10551695873699
joint_categories,landweber,0.000204609215449747,2.10517091807565,2.05258712843721
joint_categories,landweber,1.23849614012393e-06,2.05127109637602,2.20649253377041
joint_categories,landweber,2.62708284851948e-06,1.95122942450071,2.14872820499578
joint_categories,landweber,1.2372496282299e-05,2.05127109637602,2.00639790876004
joint_categories,landweber,3.26428404482803e-05,1.95122942450071,1.95821369041428
joint_categories,landweber,1.87015903477317e-06,2.22140275816017,2.18088044816053
joint_categories,landweber,1.22578788750539e-06,2.10517091807565,2.12434237225722
joint_categories,landweber,1.4946226524396e-05,2.22140275816017,1.98503354165848
joint_categories,landweber,1.23548972881728e-05,2.10517091807565,1.93787220434246
joint_categories,landweber,4.51177596981956e-06,2.05127109637602,2.07500441683149
joint_categories,landweber,5.18411081829589e-06,1.95122942450071,2.02353546295908
joint_categories,landweber,4.98394747917028e-05,2.05127109637602,1.89671686042352
joint_categories,landweber,7.2137655963828e-05,1.95122942450071,1.85378394033209
joint_categories,landweber,0.00412805270405592,2.49182469764127,2.77670986126469
joint_categories,landweber,0.00520141172609965,2.349858807576,2.69164472435704
joint_categories,landweber,0.000603929882050146,2.49182469764127,2.48204571416799
joint_categories,landweber,0.00094759550137048,2.349858807576,2.41108847780226
joint_categories,landweber,0.000373781006118126,2.28402541668774,2.61741262738559
joint_categories,landweber,0.000824452263201824,2.16183424272828,2.53997430749763
joint_categories,landweber,7.55842701525296e-05,2.28402541668774,2.34916764110924
joint_categories,landweber,0.00020736297182466,2.16183424272828,2.28457232782572
joint_categories,landweber,0.000527324295303528,2.49182469764127,2.58307730452234
joint_categories,landweber,0.000358289866231539,2.349858807576,2.50728288778582
joint_categories,landweber,8.53065389129307e-05,2.49182469764127,2.32052677002305
joint_categories,landweber,7.30987346164517e-05,2.349858807576,2.25730272149874
joint_categories,landweber,0.00174747073403369,2.28402541668774,2.44114088534376
joint_categories,landweber,0.00207844693914776,2.16183424272828,2.37214208627833
joint_categories,landweber,0.00039073954092867,2.28402541668774,2.20213025165272
joint_categories,landweber,0.000585434365122306,2.16183424272828,2.1445747797847
joint_categories,landweber,0.000587314865929753,2.49182469764127,2.96136501860622
joint_categories,landweber,0.00068407281585907,2.349858807576,2.86745898055742
joint_categories,landweber,0.00314465071286622,2.49182469764127,2.63607614451762
joint_categories,landweber,0.00456104361498663,2.349858807576,2.55774425462444
joint_categories,landweber,5.31793456221294e-05,2.28402541668774,2.7855118706596
joint_categories,landweber,0.000108429290148266,2.16183424272828,2.70002531202713
joint_categories,landweber,0.000393565769936334,2.28402541668774,2.48938792607563
joint_categories,landweber,0.000998096294524031,2.16183424272828,2.41807916002306
joint_categories,landweber,5.84606619093318e-05,2.49182469764127,2.74760804481007
joint_categories,landweber,3.68843984785601e-05,2.349858807576,2.66393624175785
joint_categories,landweber,0.000346121362092197,2.49182469764127,2.45777038182962
joint_categories,landweber,0.000275409029188504,2.349858807576,2.38797539739587
joint_categories,landweber,0.000193729544966239,2.28402541668774,2.59092003766131
joint_categories,landweber,0.000213967159960164,2.16183424272828,2.51475012733254
joint_categories,landweber,0.00158538025165397,2.28402541668774,2.32706879992303
joint_categories,landweber,0.00220570042693509,2.16183424272828,2.26353153274595
joint_categories,landweber,0.000754084375812706,3.33964685192599,3.53137202417434
joint_categories,landweber,0.00122415508932939,3.11700001661268,3.41017524776466
joint_categories,landweber,0.0001489188152483,3.33964685192599,3.11154850951404
joint_categories,landweber,0.000301041621736058,3.11700001661268,3.01045200131934
joint_categories,landweber,6.86603202630765e-05,3.01375270747048,3.30441287335223
joint_categories,landweber,0.000195481692525041,2.82211880039051,3.19408242444939
joint_categories,landweber,1.87416733633171e-05,3.01375270747048,2.92223012720502
joint_categories,landweber,6.63682137311478e-05,2.82211880039051,2.83019778556973
joint_categories,landweber,9.63279881780911e-05,3.33964685192599,3.25549353225332
joint_categories,landweber,8.4323715617755e-05,3.11700001661268,3.14750523866729
joint_categories,landweber,2.10351384911134e-05,3.33964685192599,2.88142397117684
joint_categories,landweber,2.32227375330128e-05,3.11700001661268,2.7913453425956
joint_categories,landweber,0.000320995177082884,3.01375270747048,3.05326924760597
joint_categories,landweber,0.000492810006864686,2.82211880039051,2.95496302807976
joint_categories,landweber,9.68867309486421e-05,3.01375270747048,2.71273822180583
joint_categories,landweber,0.000187373052807374,2.82211880039051,2.63073591264931
joint_categories,landweber,0.000107286654466648,3.33964685192599,3.79445994280679
joint_categories,landweber,0.000160996910666349,3.11700001661268,3.66066706936116
joint_categories,landweber,0.00077541726688542,3.33964685192599,3.33100376822524
joint_categories,landweber,0.00144899797928404,3.11700001661268,3.21940020311914
joint_categories,landweber,9.76858332026189e-06,3.01375270747048,3.54391271009306
joint_categories,landweber,2.5709118773179e-05,2.82211880039051,3.42211551197815
joint_categories,landweber,9.7587515130386e-05,3.01375270747048,3.12200934514273
joint_categories,landweber,0.00031944887564232,2.82211880039051,3.02041199410682
joint_categories,landweber,1.06791930495902e-05,3.33964685192599,3.48990913502629
joint_categories,landweber,8.68076331812331e-06,3.11700001661268,3.37069751467324
joint_categories,landweber,8.53476284364712e-05,3.33964685192599,3.07696216624066
joint_categories,landweber,8.74946964899589e-05,3.11700001661268,2.97752157952748
joint_categories,landweber,3.55864326546287e-05,3.01375270747048,3.26666748681612
joint_categories,landweber,5.07326675426327e-05,2.82211880039051,3.15814420775194
joint_categories,landweber,0.000393106644718428,3.01375270747048,2.89074474539617
joint_categories,landweber,0.000705952446927189,2.82211880039051,2.80021985771978
joint_categories,landweber,0.00106462963936783,1.77880078307141,1.84263393700081
joint_categories,landweber,0.000744617548498822,1.70468808971871,1.80229039370389
joint_categories,landweber,8.14586064091042e-05,1.77880078307141,1.70288460832633
joint_categories,landweber,7.13780584804168e-05,1.70468808971871,1.66923196940024
joint_categories,landweber,0.000173893987726491,1.67032004603564,1.7670845981564
joint_categories,landweber,0.000212368151645404,1.60653065971263,1.73035819854298
joint_categories,landweber,1.83906000541097e-05,1.67032004603564,1.63986499196484
joint_categories,landweber,2.81050774725219e-05,1.60653065971263,1.60922959992331
joint_categories,landweber,0.000135997554921548,1.77880078307141,1.75080050534349
joint_categories,landweber,5.12916369428333e-05,1.70468808971871,1.7148537538959
joint_categories,landweber,1.15062227983188e-05,1.77880078307141,1.62628158676816
joint_categories,landweber,5.50619515051667e-06,1.70468808971871,1.59629653964108
joint_categories,landweber,0.000812975109496126,1.67032004603564,1.68348481902704
joint_categories,landweber,0.000535380827321236,1.60653065971263,1.65076100127131
joint_categories,landweber,9.50718265592076e-05,1.67032004603564,1.57013008641539
joint_categories,landweber,7.93472337035748e-05,1.60653065971263,1.54283345520202
joint_categories,landweber,0.000151469193524543,1.77880078307141,1.93020968901889
joint_categories,landweber,9.79296871623786e-05,1.70468808971871,1.88567320263226
joint_categories,landweber,0.000424153320322389,1.77880078307141,1.77593607878479
joint_categories,landweber,0.000343562667204943,1.70468808971871,1.73878588886778
joint_categories,landweber,2.4740605658263e-05,1.67032004603564,1.84680843503881
joint_categories,landweber,2.79299711587711e-05,1.60653065971263,1.80626502554265
joint_categories,landweber,9.57594834914816e-05,1.67032004603564,1.70636677334433
joint_categories,landweber,0.000135277641113065,1.60653065971263,1.67254741567004
joint_categories,landweber,1.50770733485513e-05,1.77880078307141,1.82883192086545
joint_categories,landweber,5.2802530965096e-06,1.70468808971871,1.78914918911562
joint_categories,landweber,4.66851610467426e-05,1.77880078307141,1.69137163183745
joint_categories,landweber,2.07453093255728e-05,1.70468808971871,1.65827021004738
joint_categories,landweber,9.01287185897598e-05,1.67032004603564,1.75452005080548
joint_categories,landweber,5.5115150144761e-05,1.60653065971263,1.71839521533254
joint_categories,landweber,0.000385742881197564,1.67032004603564,1.62938425227972
joint_categories,landweber,0.000298951065538372,1.60653065971263,1.59925065604382
joint_categories,landweber,0.00486799514877874,2.22140275816017,2.20054490676684
joint_categories,landweber,0.00437572668196998,2.10517091807565,2.14306533788259
joint_categories,landweber,0.000502778739068938,2.22140275816017,2.00143668503844
joint_categories,landweber,0.000566200169935022,2.10517091807565,1.95348999966545
joint_categories,landweber,0.000795789056860014,2.05127109637602,2.09290578854893
joint_categories,landweber,0.00124637013784139,1.95122942450071,2.04057975459317
joint_categories,landweber,0.000113605050807996,2.05127109637602,1.91164932171614
joint_categories,landweber,0.000222654142301546,1.95122942450071,1.86800146673753
joint_categories,landweber,0.000621845769761753,2.22140275816017,2.06970498470112
joint_categories,landweber,0.000301414041053892,2.10517091807565,2.01848975650983
joint_categories,landweber,7.10186982690438e-05,2.22140275816017,1.89229632961679
joint_categories,landweber,4.36774086643626e-05,2.10517091807565,1.84957505525688
joint_categories,landweber,0.00372040864721646,2.05127109637602,1.97379678446843
joint_categories,landweber,0.00314210332564453,1.95122942450071,1.92717343948848
joint_categories,landweber,0.000587291314850503,2.05127109637602,1.81229433255057
joint_categories,landweber,0.000628604930249441,1.95122942450071,1.77340338579884
joint_categories,landweber,0.000692589490280147,2.22140275816017,2.32531868862495
joint_categories,landweber,0.000575481394357805,2.10517091807565,2.26186521310144
joint_categories,landweber,0.00261795875186688,2.22140275816017,2.10551695873699
joint_categories,landweber,0.00272528063519881,2.10517091807565,2.05258712843721
joint_categories,landweber,0.000113220149243466,2.05127109637602,2.20649253377041
joint_categories,landweber,0.000163918561862273,1.95122942450071,2.14872820499578
joint_categories,landweber,0.000591539207822979,2.05127109637602,2.00639790876004
joint_categories,landweber,0.0010716969979554,1.95122942450071,1.95821369041428
joint_categories,landweber,6.89395797416559e-05,2.22140275816017,2.18088044816053
joint_categories,landweber,3.10292772558639e-05,2.10517091807565,2.12434237225722
joint_categories,landweber,0.000288150110086933,2.22140275816017,1.98503354165848
joint_categories,landweber,0.000164560341308759,2.10517091807565,1.93787220434246
joint_categories,landweber,0.000412455018717247,2.05127109637602,2.07500441683149
joint_categories,landweber,0.000323466003498371,1.95122942450071,2.02353546295908
joint_categories,landweber,0.00238286621906497,2.05127109637602,1.89671686042352
joint_categories,landweber,0.00236835116902479,1.95122942450071,1.85378394033209
joint_categories,landweber,0.000125625646953538,2.49182469764127,2.77670986126469
joint_categories,landweber,0.000109059940049626,2.349858807576,2.69164472435704
joint_categories,landweber,9.61206578482424e-06,2.49182469764127,2.48204571416799
joint_categories,landweber,1.0454342359278e-05,2.349858807576,2.41108847780226
joint_categories,landweber,2.83753746749529e-05,2.28402541668774,2.61741262738559
joint_categories,landweber,4.30103708573674e-05,2.16183424272828,2.53997430749763
joint_categories,landweber,3.00090977183953e-06,2.28402541668774,2.34916764110924
joint_categories,landweber,5.69204843429907e-06,2.16183424272828,2.28457232782572
joint_categories,landweber,1.60476283858334e-05,2.49182469764127,2.58307730452234
joint_categories,landweber,7.51239728543871e-06,2.349858807576,2.50728288778582
joint_categories,landweber,1.35772725986537e-06,2.49182469764127,2.32052677002305
joint_categories,landweber,8.06461403209649e-07,2.349858807576,2.25730272149874
joint_categories,landweber,0.000132658257108041,2.28402541668774,2.44114088534376
joint_categories,landweber,0.000108429290148266,2.16183424272828,2.37214208627833
joint_categories,landweber,1.55134673424864e-05,2.28402541668774,2.20213025165272
joint_categories,landweber,1.60699894106312e-05,2.16183424272828,2.1445747797847
joint_categories,landweber,1.78732722877697e-05,2.49182469764127,2.96136501860622
joint_categories,landweber,1.43432099237244e-05,2.349858807576,2.86745898055742
joint_categories,landweber,5.00498326391054e-05,2.49182469764127,2.63607614451762
joint_categories,landweber,5.03196895697656e-05,2.349858807576,2.55774425462444
joint_categories,landweber,4.03708008779839e-06,2.28402541668774,2.7855118706596
joint_categories,landweber,5.65658460681113e-06,2.16183424272828,2.70002531202713
joint_categories,landweber,1.56256766451553e-05,2.28402541668774,2.48938792607563
joint_categories,landweber,2.73974297365351e-05,2.16183424272828,2.41807916002306
joint_categories,landweber,1.77908544299253e-06,2.49182469764127,2.74760804481007
joint_categories,landweber,7.7336894263794e-07,2.349858807576,2.66393624175785
joint_categories,landweber,5.50882047874379e-06,2.49182469764127,2.45777038182962
joint_categories,landweber,3.03844865853506e-06,2.349858807576,2.38797539739587
joint_categories,landweber,1.47068693541049e-05,2.28402541668774,2.59092003766131
joint_categories,landweber,1.11623283869032e-05,2.16183424272828,2.51475012733254
joint_categories,landweber,6.29440898174842e-05,2.28402541668774,2.32706879992303
joint_categories,landweber,6.05457838069798e-05,2.16183424272828,2.26353153274595
joint_categories,landweber,0.000759538687224554,3.33964685192599,3.53137202417434
joint_categories,landweber,0.000846706009089562,3.11700001661268,3.41017524776466
joint_categories,landweber,7.84470591620539e-05,3.33964685192599,3.11154850951404
joint_categories,landweber,0.000109560107628954,3.11700001661268,3.01045200131934
joint_categories,landweber,0.000171504198251637,3.01375270747048,3.30441287335223
joint_categories,landweber,0.000333273146539268,2.82211880039051,3.19408242444939
joint_categories,landweber,2.44835525045291e-05,3.01375270747048,2.92223012720502
joint_categories,landweber,5.95366050115374e-05,2.82211880039051,2.83019778556973
joint_categories,landweber,9.70247309592075e-05,3.33964685192599,3.25549353225332
joint_categories,landweber,5.83238164385081e-05,3.11700001661268,3.14750523866729
joint_categories,landweber,1.10808345536661e-05,3.33964685192599,2.88142397117684
joint_categories,landweber,8.45160748498278e-06,3.11700001661268,2.7913453425956
joint_categories,landweber,0.000801802558993415,3.01375270747048,3.05326924760597
joint_categories,landweber,0.000840182727662812,2.82211880039051,2.95496302807976
joint_categories,landweber,0.000126569880831251,3.01375270747048,2.71273822180583
joint_categories,landweber,0.00016808581710499,2.82211880039051,2.63073591264931
joint_categories,landweber,0.000108062661558913,3.33964685192599,3.79445994280679
joint_categories,landweber,0.000111356030697654,3.11700001661268,3.66066706936116
joint_categories,landweber,0.000408472254558399,3.33964685192599,3.33100376822524
joint_categories,landweber,0.000527343606671384,3.11700001661268,3.21940020311914
joint_categories,landweber,2.4400600579441e-05,3.01375270747048,3.54391271009306
joint_categories,landweber,4.38310043135704e-05,2.82211880039051,3.42211551197815
joint_categories,landweber,0.000127485363988782,3.01375270747048,3.12200934514273
joint_categories,landweber,0.000286566421804578,2.82211880039051,3.02041199410682
joint_categories,landweber,1.07564359237141e-05,3.33964685192599,3.48990913502629
joint_categories,landweber,6.00418568611739e-06,3.11700001661268,3.37069751467324
joint_categories,landweber,4.49591977087213e-05,3.33964685192599,3.07696216624066
joint_categories,landweber,3.1842534959525e-05,3.11700001661268,2.97752157952748
joint_categories,landweber,8.88900980607588e-05,3.01375270747048,3.26666748681612
joint_categories,landweber,8.64931929218788e-05,2.82211880039051,3.15814420775194
joint_categories,landweber,0.000513542573774717,3.01375270747048,2.89074474539617
joint_categories,landweber,0.000633285267551308,2.82211880039051,2.80021985771978
joint_categories,landweber,0.000105972038196597,1.77880078307141,1.84263393700081
joint_categories,landweber,7.40029352343184e-05,1.70468808971871,1.80229039370389
joint_categories,landweber,1.25892464741956e-05,1.77880078307141,1.70288460832633
joint_categories,landweber,1.10343278474698e-05,1.70468808971871,1.66923196940024
joint_categories,landweber,9.36643552119747e-06,1.67032004603564,1.7670845981564
joint_categories,landweber,1.14506399725992e-05,1.60653065971263,1.73035819854298
joint_categories,landweber,1.53799777282289e-06,1.67032004603564,1.63986499196484
joint_categories,landweber,2.35716852536868e-06,1.60653065971263,1.60922959992331
joint_categories,landweber,1.35370438243179e-05,1.77880078307141,1.75080050534349
joint_categories,landweber,5.09755873252653e-06,1.70468808971871,1.7148537538959
joint_categories,landweber,1.778261146128e-06,1.77880078307141,1.62628158676816
joint_categories,landweber,8.51202229038192e-07,1.70468808971871,1.59629653964108
joint_categories,landweber,4.37892019326779e-05,1.67032004603564,1.68348481902704
joint_categories,landweber,2.88671020319653e-05,1.60653065971263,1.65076100127131
joint_categories,landweber,7.95081493132629e-06,1.67032004603564,1.57013008641539
joint_categories,landweber,6.65484028798717e-06,1.60653065971263,1.54283345520202
joint_categories,landweber,1.50770733485513e-05,1.77880078307141,1.93020968901889
joint_categories,landweber,9.73262624713179e-06,1.70468808971871,1.88567320263226
joint_categories,landweber,6.55519524305315e-05,1.77880078307141,1.77593607878479
joint_categories,landweber,5.31113228182101e-05,1.70468808971871,1.73878588886778
joint_categories,landweber,1.33260091785331e-06,1.67032004603564,1.84680843503881
joint_categories,landweber,1.50595106519631e-06,1.60653065971263,1.80626502554265
joint_categories,landweber,8.00832337733632e-06,1.67032004603564,1.70636677334433
joint_categories,landweber,1.13457149559397e-05,1.60653065971263,1.67254741567004
joint_categories,landweber,1.50075494209827e-06,1.77880078307141,1.82883192086545
joint_categories,landweber,5.24771714969094e-07,1.70468808971871,1.78914918911562
joint_categories,landweber,7.21508782206799e-06,1.77880078307141,1.69137163183745
joint_categories,landweber,3.20701556288963e-06,1.70468808971871,1.65827021004738
joint_categories,landweber,4.8545947005765e-06,1.67032004603564,1.75452005080548
joint_categories,landweber,2.97174381588617e-06,1.60653065971263,1.71839521533254
joint_categories,landweber,3.22595070535267e-05,1.67032004603564,1.62938425227972
joint_categories,landweber,2.50729798913181e-05,1.60653065971263,1.59925065604382
joint_categories,landweber,0.000535804216557258,2.22140275816017,2.20054490676684
joint_categories,landweber,0.000482473898643181,2.10517091807565,2.14306533788259
joint_categories,landweber,8.59217117479918e-05,2.22140275816017,2.00143668503844
joint_categories,landweber,9.71089158479462e-05,2.10517091807565,1.95348999966545
joint_categories,landweber,4.76763856244649e-05,2.05127109637602,2.09290578854893
joint_categories,landweber,7.52594403054059e-05,1.95122942450071,2.04057975459317
joint_categories,landweber,1.05675187534922e-05,2.05127109637602,1.91164932171614
joint_categories,landweber,2.09127045694097e-05,1.95122942450071,1.86800146673753
joint_categories,landweber,6.84445188015912e-05,2.22140275816017,2.06970498470112
joint_categories,landweber,3.32343443872496e-05,2.10517091807565,2.01848975650983
joint_categories,landweber,1.21366470919004e-05,2.22140275816017,1.89229632961679
joint_categories,landweber,7.49110655147047e-06,2.10517091807565,1.84957505525688
joint_categories,landweber,0.000222892782724565,2.05127109637602,1.97379678446843
joint_categories,landweber,0.000189729303110001,1.95122942450071,1.92717343948848
joint_categories,landweber,5.46297188312067e-05,2.05127109637602,1.81229433255057
joint_categories,landweber,5.90414759918424e-05,1.95122942450071,1.77340338579884
joint_categories,landweber,7.6231047462823e-05,2.22140275816017,2.32531868862495
joint_categories,landweber,6.34534037686793e-05,2.10517091807565,2.26186521310144
joint_categories,landweber,0.000447392619788555,2.22140275816017,2.10551695873699
joint_categories,landweber,0.00046741251931438,2.10517091807565,2.05258712843721
joint_categories,landweber,6.78311350132134e-06,2.05127109637602,2.20649253377041
joint_categories,landweber,9.89787772257393e-06,1.95122942450071,2.14872820499578
joint_categories,landweber,5.50248569727787e-05,2.05127109637602,2.00639790876004
joint_categories,landweber,0.000100658727812086,1.95122942450071,1.95821369041428
joint_categories,landweber,7.58795281924868e-06,2.22140275816017,2.18088044816053
joint_categories,landweber,3.42133260548552e-06,2.10517091807565,2.12434237225722
joint_categories,landweber,4.92430343114546e-05,2.22140275816017,1.98503354165848
joint_categories,landweber,2.82237222533781e-05,2.10517091807565,1.93787220434246
joint_categories,landweber,2.47105239203716e-05,2.05127109637602,2.07500441683149
joint_categories,landweber,1.95318145404827e-05,1.95122942450071,2.02353546295908
joint_categories,landweber,0.000221653731748163,2.05127109637602,1.89671686042352
joint_categories,landweber,0.000222446471475719,1.95122942450071,1.85378394033209
joint_categories,landweber,0.000457647591102943,2.49182469764127,2.77670986126469
joint_categories,landweber,0.000396680697514186,2.349858807576,2.69164472435704
joint_categories,landweber,5.43675333678904e-05,2.49182469764127,2.48204571416799
joint_categories,landweber,5.91477196583503e-05,2.349858807576,2.41108847780226
joint_categories,landweber,5.59360146777711e-05,2.28402541668774,2.61741262738559
joint_categories,landweber,8.48738093609244e-05,2.16183424272828,2.53997430749763
joint_categories,landweber,9.18486715680733e-06,2.28402541668774,2.34916764110924
joint_categories,landweber,1.74716760401559e-05,2.16183424272828,2.28457232782572
joint_categories,landweber,5.84606619093318e-05,2.49182469764127,2.58307730452234
joint_categories,landweber,2.73246344518023e-05,2.349858807576,2.50728288778582
joint_categories,landweber,7.67954399789561e-06,2.49182469764127,2.32052677002305
joint_categories,landweber,4.56273109804858e-06,2.349858807576,2.25730272149874
joint_categories,landweber,0.00026150753256037,2.28402541668774,2.44114088534376
joint_categories,landweber,0.000213967159960164,2.16183424272828,2.37214208627833
joint_categories,landweber,4.74819796380822e-05,2.28402541668774,2.20213025165272
joint_categories,landweber,4.93266443868302e-05,2.16183424272828,2.1445747797847
joint_categories,landweber,6.51113861379755e-05,2.49182469764127,2.96136501860622
joint_categories,landweber,5.2170159955584e-05,2.349858807576,2.86745898055742
joint_categories,landweber,0.000283090649500133,2.49182469764127,2.63607614451762
joint_categories,landweber,0.000284694607243882,2.349858807576,2.55774425462444
joint_categories,landweber,7.95824455652947e-06,2.28402541668774,2.7855118706596
joint_categories,landweber,1.11623283869032e-05,2.16183424272828,2.70002531202713
joint_categories,landweber,4.78254180008225e-05,2.28402541668774,2.48938792607563
joint_categories,landweber,8.40960898725417e-05,2.16183424272828,2.41807916002306
joint_categories,landweber,6.48111422385726e-06,2.49182469764127,2.74760804481007
joint_categories,landweber,2.81295342232749e-06,2.349858807576,2.66393624175785
joint_categories,landweber,3.11588567848423e-05,2.49182469764127,2.45777038182962
joint_categories,landweber,1.71906852937362e-05,2.349858807576,2.38797539739587
joint_categories,landweber,2.89914642354107e-05,2.28402541668774,2.59092003766131
joint_categories,landweber,2.20269975042956e-05,2.16183424272828,2.51475012733254
joint_categories,landweber,0.000192652611119777,2.28402541668774,2.32706879992303
joint_categories,landweber,0.000185844574669916,2.16183424272828,2.26353153274595
joint_categories,landweber,0.00305960966902122,3.33964685192599,3.53137202417434
joint_categories,landweber,0.00341677525449953,3.11700001661268,3.41017524776466
joint_categories,landweber,0.000490639849257172,3.33964685192599,3.11154850951404
joint_categories,landweber,0.000687704229376201,3.11700001661268,3.01045200131934
joint_categories,landweber,0.000376045374945552,3.01375270747048,3.30441287335223
joint_categories,landweber,0.000736502806032577,2.82211880039051,3.19408242444939
joint_categories,landweber,8.33508350067117e-05,3.01375270747048,2.92223012720502
joint_categories,landweber,0.000204655595824225,2.82211880039051,2.83019778556973
joint_categories,landweber,0.000390839610898199,3.33964685192599,3.25549353225332
joint_categories,landweber,0.00023535840139997,3.11700001661268,3.14750523866729
joint_categories,landweber,6.93040510775986e-05,3.33964685192599,2.88142397117684
joint_categories,landweber,5.30503879398729e-05,3.11700001661268,2.7913453425956
joint_categories,landweber,0.00175805692806767,3.01375270747048,3.05326924760597
joint_categories,landweber,0.00185672606067844,2.82211880039051,2.95496302807976
joint_categories,landweber,0.000430889481909668,3.01375270747048,2.71273822180583
joint_categories,landweber,0.000577790806891949,2.82211880039051,2.63073591264931
joint_categories,landweber,0.000435303125077114,3.33964685192599,3.79445994280679
joint_categories,landweber,0.000449363209948342,3.11700001661268,3.66066706936116
joint_categories,landweber,0.00255475179749266,3.33964685192599,3.33100376822524
joint_categories,landweber,0.00331011384061995,3.11700001661268,3.21940020311914
joint_categories,landweber,5.35015065947808e-05,3.01375270747048,3.54391271009306
joint_categories,landweber,9.68624625277663e-05,2.82211880039051,3.42211551197815
joint_categories,landweber,0.000434006116458544,3.01375270747048,3.12200934514273
joint_categories,landweber,0.000985064932511136,2.82211880039051,3.02041199410682
joint_categories,landweber,4.33295840092911e-05,3.33964685192599,3.48990913502629
joint_categories,landweber,2.42291336727435e-05,3.11700001661268,3.37069751467324
joint_categories,landweber,0.000281193128488883,3.33964685192599,3.07696216624066
joint_categories,landweber,0.000199874264818062,3.11700001661268,2.97752157952748
joint_categories,landweber,0.000194903160359726,3.01375270747048,3.26666748681612
joint_categories,landweber,0.000191141950532684,2.82211880039051,3.15814420775194
joint_categories,landweber,0.00174828396850091,3.01375270747048,2.89074474539617
joint_categories,landweber,0.00217690232307168,2.82211880039051,2.80021985771978
joint_categories,pmmr,0.00748294912415195,1.77880078307141,1.98601835134588
joint_categories,pmmr,0.0076425891174435,1.70468808971871,2.12630402228459
joint_categories,pmmr,0.000709245152938778,1.77880078307141,2.02234329901662
joint_categories,pmmr,0.000904292506752669,1.70468808971871,2.12632360566652
joint_categories,pmmr,0.000905462486159698,1.67032004603564,1.97319732584888
joint_categories,pmmr,0.00161476113157825,1.60653065971263,2.07034788344651
joint_categories,pmmr,0.000118622468061873,1.67032004603564,2.0114527478647
joint_categories,pmmr,0.000263779258816363,1.60653065971263,2.082339814216
joint_categories,pmmr,0.000955884325267599,1.77880078307141,1.92178362632131
joint_categories,pmmr,0.000526445968276534,1.70468808971871,2.05770570516771
joint_categories,pmmr,0.000100182572573807,1.77880078307141,1.96480588862753
joint_categories,pmmr,6.97582859681761e-05,1.70468808971871,2.06939055425365
joint_categories,pmmr,0.00423314499514566,1.67032004603564,1.92478249145489
joint_categories,pmmr,0.00407081826466162,1.60653065971263,2.02085795720599
joint_categories,pmmr,0.00061322929520635,1.67032004603564,1.96854590451545
joint_categories,pmmr,0.000744710791703774,1.60653065971263,2.04175354272958
joint_categories,pmmr,0.00106462963936783,1.77880078307141,2.01401432071395
joint_categories,pmmr,0.00100512855611679,1.70468808971871,2.16186008683333
joint_categories,pmmr,0.00369302520387731,1.77880078307141,2.04738296151315
joint_categories,pmmr,0.00435261412495031,1.70468808971871,2.15438589917202
joint_categories,pmmr,0.000128823834574787,1.67032004603564,1.99814985912331
joint_categories,pmmr,0.000212368151645404,1.60653065971263,2.10247107043945
joint_categories,pmmr,0.000617664798248458,1.67032004603564,2.03335641270084
joint_categories,pmmr,0.00126964374825572,1.60653065971263,2.10760782691188
joint_categories,pmmr,0.000105972038196597,1.77880078307141,1.94981598224204
joint_categories,pmmr,5.4195344890929e-05,1.70468808971871,2.09266164712232
joint_categories,pmmr,0.000406479138868103,1.77880078307141,1.98984584660676
joint_categories,pmmr,0.000262823452651471,1.70468808971871,2.09725271771089
joint_categories,pmmr,0.000469298419546449,1.67032004603564,1.94954694213989
joint_categories,pmmr,0.000419073206247334,1.60653065971263,2.05220492386866
joint_categories,pmmr,0.00248810655825924,1.67032004603564,1.99019919504235
joint_categories,pmmr,0.00280579516520357,1.60653065971263,2.06652432627182
joint_categories,pmmr,0.000934898023489231,2.22140275816017,2.31851914910482
joint_categories,pmmr,0.0012271489970857,2.10517091807565,2.48255653887869
joint_categories,pmmr,0.000119612390536422,2.22140275816017,2.35032673857781
joint_categories,pmmr,0.000195999093135422,2.10517091807565,2.46522410972638
joint_categories,pmmr,0.000113220149243466,2.05127109637602,2.2699442058322
joint_categories,pmmr,0.000258943968827728,1.95122942450071,2.37957138512557
joint_categories,pmmr,2.00220509127348e-05,2.05127109637602,2.30387307734598
joint_categories,pmmr,5.70987369063187e-05,1.95122942450071,2.37874442122787
joint_categories,pmmr,0.000119425423258947,2.22140275816017,2.22127780563403
joint_categories,pmmr,8.45299455541655e-05,2.10517091807565,2.37986325057587
joint_categories,pmmr,1.68955359736889e-05,2.22140275816017,2.26174299313182
joint_categories,pmmr,1.51196218992706e-05,2.10517091807565,2.3780685380502
joint_categories,pmmr,0.000529317686205158,2.05127109637602,2.1979873882316
joint_categories,pmmr,0.000652798619692812,1.95122942450071,2.30647086086514
joint_categories,pmmr,0.000103505755447592,2.05127109637602,2.23872258907746
joint_categories,pmmr,0.000161203142952165,1.95122942450071,2.31706504258943
joint_categories,pmmr,0.000133011748319997,2.22140275816017,2.3399630641161
joint_categories,pmmr,0.000161390659713171,2.10517091807565,2.50886356871668
joint_categories,pmmr,0.000622819304603906,2.22140275816017,2.37220152299602
joint_categories,pmmr,0.000943398750833641,2.10517091807565,2.48715703246274
joint_categories,pmmr,1.61082916185006e-05,2.05127109637602,2.28751201567971
joint_categories,pmmr,3.40554717129719e-05,1.95122942450071,2.40251563163289
joint_categories,pmmr,0.000104254415201378,2.05127109637602,2.32118558270384
joint_categories,pmmr,0.00027483227707784,1.95122942450071,2.39727573089412
joint_categories,pmmr,1.32398399897382e-05,2.22140275816017,2.24326661384497
joint_categories,pmmr,8.70199380178946e-06,2.10517091807565,2.40646636270882
joint_categories,pmmr,6.85516725799842e-05,2.22140275816017,2.28346160937695
joint_categories,pmmr,5.69651500921905e-05,2.10517091807565,2.40005914404519
joint_categories,pmmr,5.86816548591944e-05,2.05127109637602,2.21558331818026
joint_categories,pmmr,6.72028061196784e-05,1.95122942450071,2.32911419899635
joint_categories,pmmr,0.000419962566954781,2.05127109637602,2.25550429236996
joint_categories,pmmr,0.000607353893819652,1.95122942450071,2.33510898162126
joint_categories,pmmr,0.000882983424545827,2.49182469764127,2.27478411863055
joint_categories,pmmr,0.00111936699941155,2.349858807576,2.45325339121903
joint_categories,pmmr,8.36904946958843e-05,2.49182469764127,2.29269764851932
joint_categories,pmmr,0.000132446632197425,2.349858807576,2.42192912350233
joint_categories,pmmr,0.00014775000352115,2.28402541668774,2.21180727096818
joint_categories,pmmr,0.000327033383193953,2.16183424272828,2.33200362031891
joint_categories,pmmr,1.93563735016384e-05,2.28402541668774,2.23648885485878
joint_categories,pmmr,5.34225290292901e-05,2.16183424272828,2.32277702417195
joint_categories,pmmr,0.000112793766333419,2.49182469764127,2.17456460902604
joint_categories,pmmr,7.7105577024548e-05,2.349858807576,2.34431146360777
joint_categories,pmmr,1.18214823518603e-05,2.49182469764127,2.20379177880483
joint_categories,pmmr,1.02171033989081e-05,2.349858807576,2.33158439420936
joint_categories,pmmr,0.00069074886867041,2.28402541668774,2.13629988572425
joint_categories,pmmr,0.000824452263201824,2.16183424272828,2.25297096324942
joint_categories,pmmr,0.000100064477447639,2.28402541668774,2.16976394010111
joint_categories,pmmr,0.000150824344820521,2.16183424272828,2.25732487363775
joint_categories,pmmr,0.000125625646953538,2.49182469764127,2.30532205886861
joint_categories,pmmr,0.000147215520629698,2.349858807576,2.49323480269619
joint_categories,pmmr,0.000435774717608172,2.49182469764127,2.32058296248607
joint_categories,pmmr,0.000637502885183462,2.349858807576,2.45361987967928
joint_categories,pmmr,2.10209945778757e-05,2.28402541668774,2.23841200961198
joint_categories,pmmr,4.30103708573674e-05,2.16183424272828,2.36737072268317
joint_categories,pmmr,0.00010078824635039,2.28402541668774,2.260242655775
joint_categories,pmmr,0.00025713765480427,2.16183424272828,2.35063096418416
joint_categories,pmmr,1.25046357579688e-05,2.49182469764127,2.20521849489936
joint_categories,pmmr,7.93768704039999e-06,2.349858807576,2.38352230174594
joint_categories,pmmr,4.7964290026477e-05,2.49182469764127,2.23152784737512
joint_categories,pmmr,3.84942713848094e-05,2.349858807576,2.36284506222633
joint_categories,pmmr,7.65783720477939e-05,2.28402541668774,2.16274801574172
joint_categories,pmmr,8.48738093609244e-05,2.16183424272828,2.28739652127465
joint_categories,pmmr,0.000405999981625921,2.28402541668774,2.1931339050317
joint_categories,pmmr,0.000568250416412313,2.16183424272828,2.28447448189185
joint_categories,pmmr,0.000145869335475403,3.33964685192599,2.68223061143898
joint_categories,pmmr,0.000237454143139697,3.11700001661268,2.89173947161746
joint_categories,pmmr,1.86627626583844e-05,3.33964685192599,2.69057346543455
joint_categories,pmmr,3.7925954246108e-05,3.11700001661268,2.83422994714606
joint_categories,pmmr,2.4400600579441e-05,3.01375270747048,2.56285248156753
joint_categories,pmmr,6.92403232783208e-05,2.82211880039051,2.70003094469038
joint_categories,pmmr,4.31504524916592e-06,3.01375270747048,2.58005682404567
joint_categories,pmmr,1.52679169168351e-05,2.82211880039051,2.67260114232798
joint_categories,pmmr,1.8633590714669e-05,3.33964685192599,2.53670028943365
joint_categories,pmmr,1.63566004119122e-05,3.11700001661268,2.7355235243294
joint_categories,pmmr,2.63615981963957e-06,3.33964685192599,2.55947291271756
joint_categories,pmmr,2.92565684461606e-06,3.11700001661268,2.7024259622851
joint_categories,pmmr,0.000114075714676479,3.01375270747048,2.45567741822601
joint_categories,pmmr,0.000174555088762244,2.82211880039051,2.58887773179854
joint_categories,pmmr,2.2307006422673e-05,3.01375270747048,2.48366531020759
joint_categories,pmmr,4.31049148664089e-05,2.82211880039051,2.57870661763052
joint_categories,pmmr,2.07534242777046e-05,3.33964685192599,2.70452194700343
joint_categories,pmmr,3.12291994728862e-05,3.11700001661268,2.9194921058921
joint_categories,pmmr,9.71766286816531e-05,3.33964685192599,2.71524700612844
joint_categories,pmmr,0.000182548282686344,3.11700001661268,2.85850346939514
joint_categories,pmmr,3.47157279359331e-06,3.01375270747048,2.58066696300354
joint_categories,pmmr,9.10626295517483e-06,2.82211880039051,2.72389259720733
joint_categories,pmmr,2.24683535657752e-05,3.01375270747048,2.59898861785536
joint_categories,pmmr,7.34887775078738e-05,2.82211880039051,2.69255697838093
joint_categories,pmmr,2.0657725362343e-06,3.33964685192599,2.55992147099887
joint_categories,pmmr,1.68384156016759e-06,3.11700001661268,2.76397127027446
joint_categories,pmmr,1.06959119323509e-05,3.33964685192599,2.58380085080018
joint_categories,pmmr,1.10227942459221e-05,3.11700001661268,2.72672408964675
joint_categories,pmmr,1.26467561748286e-05,3.01375270747048,2.4737639634598
joint_categories,pmmr,1.79696945327679e-05,2.82211880039051,2.61265708494591
joint_categories,pmmr,9.05080846744403e-05,3.01375270747048,2.50191334837023
joint_categories,pmmr,0.000162403396158639,2.82211880039051,2.59810593047648
joint_categories,pmmr,0.000955884325267599,1.77880078307141,1.98601835134588
joint_categories,pmmr,0.000970351563627095,1.70468808971871,2.12630402228459
joint_categories,pmmr,0.000139844897630605,1.77880078307141,2.02234329901662
joint_categories,pmmr,0.000176779079384732,1.70468808971871,2.12632360566652
joint_categories,pmmr,6.2589294446911e-05,1.67032004603564,1.97319732584888
joint_categories,pmmr,0.000111229908396983,1.60653065971263,2.07034788344651
joint_categories,pmmr,1.26565182893121e-05,1.67032004603564,2.0114527478647
joint_categories,pmmr,2.79761065503157e-05,1.60653065971263,2.082339814216
joint_categories,pmmr,0.000122106248236165,1.77880078307141,1.92178362632131
joint_categories,pmmr,6.6840917473422e-05,1.70468808971871,2.05770570516771
joint_categories,pmmr,1.9753425945745e-05,1.77880078307141,1.96480588862753
joint_categories,pmmr,1.36369653412199e-05,1.70468808971871,2.06939055425365
joint_categories,pmmr,0.000292612408120141,1.67032004603564,1.92478249145489
joint_categories,pmmr,0.000280410974616735,1.60653065971263,2.02085795720599
joint_categories,pmmr,6.54289859006547e-05,1.67032004603564,1.96854590451545
joint_categories,pmmr,7.89831185035628e-05,1.60653065971263,2.04175354272958
joint_categories,pmmr,0.000135997554921548,1.77880078307141,2.01401432071395
joint_categories,pmmr,0.000127617493376436,1.70468808971871,2.16186008683333
joint_categories,pmmr,0.000728169560896594,1.77880078307141,2.04738296151315
joint_categories,pmmr,0.000850887419922132,1.70468808971871,2.15438589917202
joint_categories,pmmr,8.90483375868919e-06,1.67032004603564,1.99814985912331
joint_categories,pmmr,1.46285971293273e-05,1.60653065971263,2.10247107043945
joint_categories,pmmr,6.5902235414781e-05,1.67032004603564,2.03335641270084
joint_categories,pmmr,0.00013465686779745,1.60653065971263,2.10760782691188
joint_categories,pmmr,1.35370438243179e-05,1.77880078307141,1.94981598224204
joint_categories,pmmr,6.8809845522369e-06,1.70468808971871,2.09266164712232
joint_categories,pmmr,8.01472288227161e-05,1.77880078307141,1.98984584660676
joint_categories,pmmr,5.13790478783116e-05,1.70468808971871,2.09725271771089
joint_categories,pmmr,3.24398386608389e-05,1.67032004603564,1.94954694213989
joint_categories,pmmr,2.88671020319653e-05,1.60653065971263,2.05220492386866
joint_categories,pmmr,0.000265470502130676,1.67032004603564,1.99019919504235
joint_categories,pmmr,0.000297579213969747,1.60653065971263,2.06652432627182
joint_categories,pmmr,0.000132056579730201,2.22140275816017,2.31851914910482
joint_categories,pmmr,0.000172859738935083,2.10517091807565,2.48255653887869
joint_categories,pmmr,2.60789243617065e-05,2.22140275816017,2.35032673857781
joint_categories,pmmr,4.2509300165877e-05,2.10517091807565,2.46522410972638
joint_categories,pmmr,8.70500243869682e-06,2.05127109637602,2.2699442058322
joint_categories,pmmr,1.99752704930459e-05,1.95122942450071,2.37957138512557
joint_categories,pmmr,2.37613678042614e-06,2.05127109637602,2.30387307734598
joint_categories,pmmr,6.7818270053608e-06,1.95122942450071,2.37874442122787
joint_categories,pmmr,1.68691263989926e-05,2.22140275816017,2.22127780563403
joint_categories,pmmr,1.19071313714885e-05,2.10517091807565,2.37986325057587
joint_categories,pmmr,3.68371038094215e-06,2.22140275816017,2.26174299313182
joint_categories,pmmr,3.2792220383723e-06,2.10517091807565,2.3780685380502
joint_categories,pmmr,4.06969234721017e-05,2.05127109637602,2.1979873882316
joint_categories,pmmr,5.03577243559056e-05,1.95122942450071,2.30647086086514
joint_categories,pmmr,1.22836483423577e-05,2.05127109637602,2.23872258907746
joint_categories,pmmr,1.91466902326703e-05,1.95122942450071,2.31706504258943
joint_categories,pmmr,1.87882272780048e-05,2.22140275816017,2.3399630641161
joint_categories,pmmr,2.27339527399143e-05,2.10517091807565,2.50886356871668
joint_categories,pmmr,0.000135792433065955,2.22140275816017,2.37220152299602
joint_categories,pmmr,0.000204609215449747,2.10517091807565,2.48715703246274
joint_categories,pmmr,1.23849614012393e-06,2.05127109637602,2.28751201567971
joint_categories,pmmr,2.62708284851948e-06,1.95122942450071,2.40251563163289
joint_categories,pmmr,1.2372496282299e-05,2.05127109637602,2.32118558270384
joint_categories,pmmr,3.26428404482803e-05,1.95122942450071,2.39727573089412
joint_categories,pmmr,1.87015903477317e-06,2.22140275816017,2.24326661384497
joint_categories,pmmr,1.22578788750539e-06,2.10517091807565,2.40646636270882
joint_categories,pmmr,1.4946226524396e-05,2.22140275816017,2.28346160937695
joint_categories,pmmr,1.23548972881728e-05,2.10517091807565,2.40005914404519
joint_categories,pmmr,4.51177596981956e-06,2.05127109637602,2.21558331818026
joint_categories,pmmr,5.18411081829589e-06,1.95122942450071,2.32911419899635
joint_categories,pmmr,4.98394747917028e-05,2.05127109637602,2.25550429236996
joint_categories,pmmr,7.2137655963828e-05,1.95122942450071,2.33510898162126
joint_categories,pmmr,0.00412805270405592,2.49182469764127,2.27478411863055
joint_categories,pmmr,0.00520141172609965,2.349858807576,2.45325339121903
joint_categories,pmmr,0.000603929882050146,2.49182469764127,2.29269764851932
joint_categories,pmmr,0.00094759550137048,2.349858807576,2.42192912350233
joint_categories,pmmr,0.000373781006118126,2.28402541668774,2.21180727096818
joint_categories,pmmr,0.000824452263201824,2.16183424272828,2.33200362031891
joint_categories,pmmr,7.55842701525296e-05,2.28402541668774,2.23648885485878
joint_categories,pmmr,0.00020736297182466,2.16183424272828,2.32277702417195
joint_categories,pmmr,0.000527324295303528,2.49182469764127,2.17456460902604
joint_categories,pmmr,0.000358289866231539,2.349858807576,2.34431146360777
joint_categories,pmmr,8.53065389129307e-05,2.49182469764127,2.20379177880483
joint_categories,pmmr,7.30987346164517e-05,2.349858807576,2.33158439420936
joint_categories,pmmr,0.00174747073403369,2.28402541668774,2.13629988572425
joint_categories,pmmr,0.00207844693914776,2.16183424272828,2.25297096324942
joint_categories,pmmr,0.00039073954092867,2.28402541668774,2.16976394010111
joint_categories,pmmr,0.000585434365122306,2.16183424272828,2.25732487363775
joint_categories,pmmr,0.000587314865929753,2.49182469764127,2.30532205886861
joint_categories,pmmr,0.00068407281585907,2.349858807576,2.49323480269619
joint_categories,pmmr,0.00314465071286622,2.49182469764127,2.32058296248607
joint_categories,pmmr,0.00456104361498663,2.349858807576,2.45361987967928
joint_categories,pmmr,5.31793456221294e-05,2.28402541668774,2.23841200961198
joint_categories,pmmr,0.000108429290148266,2.16183424272828,2.36737072268317
joint_categories,pmmr,0.000393565769936334,2.28402541668774,2.260242655775
joint_categories,pmmr,0.000998096294524031,2.16183424272828,2.35063096418416
joint_categories,pmmr,5.84606619093318e-05,2.49182469764127,2.20521849489936
joint_categories,pmmr,3.68843984785601e-05,2.349858807576,2.38352230174594
joint_categories,pmmr,0.000346121362092197,2.49182469764127,2.23152784737512
joint_categories,pmmr,0.000275409029188504,2.349858807576,2.36284506222633
joint_categories,pmmr,0.000193729544966239,2.28402541668774,2.16274801574172
joint_categories,pmmr,0.000213967159960164,2.16183424272828,2.28739652127465
joint_categories,pmmr,0.00158538025165397,2.28402541668774,2.1931339050317
joint_categories,pmmr,0.00220570042693509,2.16183424272828,2.28447448189185
joint_categories,pmmr,0.000754084375812706,3.33964685192599,2.68223061143898
joint_categories,pmmr,0.00122415508932939,3.11700001661268,2.89173947161746
joint_categories,pmmr,0.0001489188152483,3.33964685192599,2.69057346543455
joint_categories,pmmr,0.000301041621736058,3.11700001661268,2.83422994714606
joint_categories,pmmr,6.86603202630765e-05,3.01375270747048,2.56285248156753
joint_categories,pmmr,0.000195481692525041,2.82211880039051,2.70003094469038
joint_categories,pmmr,1.87416733633171e-05,3.01375270747048,2.58005682404567
joint_categories,pmmr,6.63682137311478e-05,2.82211880039051,2.67260114232798
joint_categories,pmmr,9.63279881780911e-05,3.33964685192599,2.53670028943365
joint_categories,pmmr,8.4323715617755e-05,3.11700001661268,2.7355235243294
joint_categories,pmmr,2.10351384911134e-05,3.33964685192599,2.55947291271756
joint_categories,pmmr,2.32227375330128e-05,3.11700001661268,2.7024259622851
joint_categories,pmmr,0.000320995177082884,3.01375270747048,2.45567741822601
joint_categories,pmmr,0.000492810006864686,2.82211880039051,2.58887773179854
joint_categories,pmmr,9.68867309486421e-05,3.01375270747048,2.48366531020759
joint_categories,pmmr,0.000187373052807374,2.82211880039051,2.57870661763052
joint_categories,pmmr,0.000107286654466648,3.33964685192599,2.70452194700343
joint_categories,pmmr,0.000160996910666349,3.11700001661268,2.9194921058921
joint_categories,pmmr,0.00077541726688542,3.33964685192599,2.71524700612844
joint_categories,pmmr,0.00144899797928404,3.11700001661268,2.85850346939514
joint_categories,pmmr,9.76858332026189e-06,3.01375270747048,2.58066696300354
joint_categories,pmmr,2.5709118773179e-05,2.82211880039051,2.72389259720733
joint_categories,pmmr,9.7587515130386e-05,3.01375270747048,2.59898861785536
joint_categories,pmmr,0.00031944887564232,2.82211880039051,2.69255697838093
joint_categories,pmmr,1.06791930495902e-05,3.33964685192599,2.55992147099887
joint_categories,pmmr,8.68076331812331e-06,3.11700001661268,2.76397127027446
joint_categories,pmmr,8.53476284364712e-05,3.33964685192599,2.58380085080018
joint_categories,pmmr,8.74946964899589e-05,3.11700001661268,2.72672408964675
joint_categories,pmmr,3.55864326546287e-05,3.01375270747048,2.4737639634598
joint_categories,pmmr,5.07326675426327e-05,2.82211880039051,2.61265708494591
joint_categories,pmmr,0.000393106644718428,3.01375270747048,2.50191334837023
joint_categories,pmmr,0.000705952446927189,2.82211880039051,2.59810593047648
joint_categories,pmmr,0.00106462963936783,1.77880078307141,1.98601835134588
joint_categories,pmmr,0.000744617548498822,1.70468808971871,2.12630402228459
joint_categories,pmmr,8.14586064091042e-05,1.77880078307141,2.02234329901662
joint_categories,pmmr,7.13780584804168e-05,1.70468808971871,2.12632360566652
joint_categories,pmmr,0.000173893987726491,1.67032004603564,1.97319732584888
joint_categories,pmmr,0.000212368151645404,1.60653065971263,2.07034788344651
joint_categories,pmmr,1.83906000541097e-05,1.67032004603564,2.0114527478647
joint_categories,pmmr,2.81050774725219e-05,1.60653065971263,2.082339814216
joint_categories,pmmr,0.000135997554921548,1.77880078307141,1.92178362632131
joint_categories,pmmr,5.12916369428333e-05,1.70468808971871,2.05770570516771
joint_categories,pmmr,1.15062227983188e-05,1.77880078307141,1.96480588862753
joint_categories,pmmr,5.50619515051667e-06,1.70468808971871,2.06939055425365
joint_categories,pmmr,0.000812975109496126,1.67032004603564,1.92478249145489
joint_categories,pmmr,0.000535380827321236,1.60653065971263,2.02085795720599
joint_categories,pmmr,9.50718265592076e-05,1.67032004603564,1.96854590451545
joint_categories,pmmr,7.93472337035748e-05,1.60653065971263,2.04175354272958
joint_categories,pmmr,0.000151469193524543,1.77880078307141,2.01401432071395
joint_categories,pmmr,9.79296871623786e-05,1.70468808971871,2.16186008683333
joint_categories,pmmr,0.000424153320322389,1.77880078307141,2.04738296151315
joint_categories,pmmr,0.000343562667204943,1.70468808971871,2.15438589917202
joint_categories,pmmr,2.4740605658263e-05,1.67032004603564,1.99814985912331
joint_categories,pmmr,2.79299711587711e-05,1.60653065971263,2.10247107043945
joint_categories,pmmr,9.57594834914816e-05,1.67032004603564,2.03335641270084
joint_categories,pmmr,0.000135277641113065,1.60653065971263,2.10760782691188
joint_categories,pmmr,1.50770733485513e-05,1.77880078307141,1.94981598224204
joint_categories,pmmr,5.2802530965096e-06,1.70468808971871,2.09266164712232
joint_categories,pmmr,4.66851610467426e-05,1.77880078307141,1.98984584660676
joint_categories,pmmr,2.07453093255728e-05,1.70468808971871,2.09725271771089
joint_categories,pmmr,9.01287185897598e-05,1.67032004603564,1.94954694213989
joint_categories,pmmr,5.5115150144761e-05,1.60653065971263,2.05220492386866
joint_categories,pmmr,0.000385742881197564,1.67032004603564,1.99019919504235
joint_categories,pmmr,0.000298951065538372,1.60653065971263,2.06652432627182
joint_categories,pmmr,0.00486799514877874,2.22140275816017,2.31851914910482
joint_categories,pmmr,0.00437572668196998,2.10517091807565,2.48255653887869
joint_categories,pmmr,0.000502778739068938,2.22140275816017,2.35032673857781
joint_categories,pmmr,0.000566200169935022,2.10517091807565,2.46522410972638
joint_categories,pmmr,0.000795789056860014,2.05127109637602,2.2699442058322
joint_categories,pmmr,0.00124637013784139,1.95122942450071,2.37957138512557
joint_categories,pmmr,0.000113605050807996,2.05127109637602,2.30387307734598
joint_categories,pmmr,0.000222654142301546,1.95122942450071,2.37874442122787
joint_categories,pmmr,0.000621845769761753,2.22140275816017,2.22127780563403
joint_categories,pmmr,0.000301414041053892,2.10517091807565,2.37986325057587
joint_categories,pmmr,7.10186982690438e-05,2.22140275816017,2.26174299313182
joint_categories,pmmr,4.36774086643626e-05,2.10517091807565,2.3780685380502
joint_categories,pmmr,0.00372040864721646,2.05127109637602,2.1979873882316
joint_categories,pmmr,0.00314210332564453,1.95122942450071,2.30647086086514
joint_categories,pmmr,0.000587291314850503,2.05127109637602,2.23872258907746
joint_categories,pmmr,0.000628604930249441,1.95122942450071,2.31706504258943
joint_categories,pmmr,0.000692589490280147,2.22140275816017,2.3399630641161
joint_categories,pmmr,0.000575481394357805,2.10517091807565,2.50886356871668
joint_categories,pmmr,0.00261795875186688,2.22140275816017,2.37220152299602
joint_categories,pmmr,0.00272528063519881,2.10517091807565,2.48715703246274
joint_categories,pmmr,0.000113220149243466,2.05127109637602,2.28751201567971
joint_categories,pmmr,0.000163918561862273,1.95122942450071,2.40251563163289
joint_categories,pmmr,0.000591539207822979,2.05127109637602,2.32118558270384
joint_categories,pmmr,0.0010716969979554,1.95122942450071,2.39727573089412
joint_categories,pmmr,6.89395797416559e-05,2.22140275816017,2.24326661384497
joint_categories,pmmr,3.10292772558639e-05,2.10517091807565,2.40646636270882
joint_categories,pmmr,0.000288150110086933,2.22140275816017,2.28346160937695
joint_categories,pmmr,0.000164560341308759,2.10517091807565,2.40005914404519
joint_categories,pmmr,0.000412455018717247,2.05127109637602,2.21558331818026
joint_categories,pmmr,0.000323466003498371,1.95122942450071,2.32911419899635
joint_categories,pmmr,0.00238286621906497,2.05127109637602,2.25550429236996
joint_categories,pmmr,0.00236835116902479,1.95122942450071,2.33510898162126
joint_categories,pmmr,0.000125625646953538,2.49182469764127,2.27478411863055
joint_categories,pmmr,0.000109059940049626,2.349858807576,2.45325339121903
joint_categories,pmmr,9.61206578482424e-06,2.49182469764127,2.29269764851932
joint_categories,pmmr,1.0454342359278e-05,2.349858807576,2.42192912350233
joint_categories,pmmr,2.83753746749529e-05,2.28402541668774,2.21180727096818
joint_categories,pmmr,4.30103708573674e-05,2.16183424272828,2.33200362031891
joint_categories,pmmr,3.00090977183953e-06,2.28402541668774,2.23648885485878
joint_categories,pmmr,5.69204843429907e-06,2.16183424272828,2.32277702417195
joint_categories,pmmr,1.60476283858334e-05,2.49182469764127,2.17456460902604
joint_categories,pmmr,7.51239728543871e-06,2.349858807576,2.34431146360777
joint_categories,pmmr,1.35772725986537e-06,2.49182469764127,2.20379177880483
joint_categories,pmmr,8.06461403209649e-07,2.349858807576,2.33158439420936
joint_categories,pmmr,0.000132658257108041,2.28402541668774,2.13629988572425
joint_categories,pmmr,0.000108429290148266,2.16183424272828,2.25297096324942
joint_categories,pmmr,1.55134673424864e-05,2.28402541668774,2.16976394010111
joint_categories,pmmr,1.60699894106312e-05,2.16183424272828,2.25732487363775
joint_categories,pmmr,1.78732722877697e-05,2.49182469764127,2.30532205886861
joint_categories,pmmr,1.43432099237244e-05,2.349858807576,2.49323480269619
joint_categories,pmmr,5.00498326391054e-05,2.49182469764127,2.32058296248607
joint_categories,pmmr,5.03196895697656e-05,2.349858807576,2.45361987967928
joint_categories,pmmr,4.03708008779839e-06,2.28402541668774,2.23841200961198
joint_categories,pmmr,5.65658460681113e-06,2.16183424272828,2.36737072268317
joint_categories,pmmr,1.56256766451553e-05,2.28402541668774,2.260242655775
joint_categories,pmmr,2.73974297365351e-05,2.16183424272828,2.35063096418416
joint_categories,pmmr,1.77908544299253e-06,2.49182469764127,2.20521849489936
joint_categories,pmmr,7.7336894263794e-07,2.349858807576,2.38352230174594
joint_categories,pmmr,5.50882047874379e-06,2.49182469764127,2.23152784737512
joint_categories,pmmr,3.03844865853506e-06,2.349858807576,2.36284506222633
joint_categories,pmmr,1.47068693541049e-05,2.28402541668774,2.16274801574172
joint_categories,pmmr,1.11623283869032e-05,2.16183424272828,2.28739652127465
joint_categories,pmmr,6.29440898174842e-05,2.28402541668774,2.1931339050317
joint_categories,pmmr,6.05457838069798e-05,2.16183424272828,2.28447448189185
joint_categories,pmmr,0.000759538687224554,3.33964685192599,2.68223061143898
joint_categories,pmmr,0.000846706009089562,3.11700001661268,2.89173947161746
joint_categories,pmmr,7.84470591620539e-05,3.33964685192599,2.69057346543455
joint_categories,pmmr,0.000109560107628954,3.11700001661268,2.83422994714606
joint_categories,pmmr,0.000171504198251637,3.01375270747048,2.56285248156753
joint_categories,pmmr,0.000333273146539268,2.82211880039051,2.70003094469038
joint_categories,pmmr,2.44835525045291e-05,3.01375270747048,2.58005682404567
joint_categories,pmmr,5.95366050115374e-05,2.82211880039051,2.67260114232798
joint_categories,pmmr,9.70247309592075e-05,3.33964685192599,2.53670028943365
joint_categories,pmmr,5.83238164385081e-05,3.11700001661268,2.7355235243294
joint_categories,pmmr,1.10808345536661e-05,3.33964685192599,2.55947291271756
joint_categories,pmmr,8.45160748498278e-06,3.11700001661268,2.7024259622851
joint_categories,pmmr,0.000801802558993415,3.01375270747048,2.45567741822601
joint_categories,pmmr,0.000840182727662812,2.82211880039051,2.58887773179854
joint_categories,pmmr,0.000126569880831251,3.01375270747048,2.48366531020759
joint_categories,pmmr,0.00016808581710499,2.82211880039051,2.57870661763052
joint_categories,pmmr,0.000108062661558913,3.33964685192599,2.70452194700343
joint_categories,pmmr,0.000111356030697654,3.11700001661268,2.9194921058921
joint_categories,pmmr,0.000408472254558399,3.33964685192599,2.71524700612844
joint_categories,pmmr,0.000527343606671384,3.11700001661268,2.85850346939514
joint_categories,pmmr,2.4400600579441e-05,3.01375270747048,2.58066696300354
joint_categories,pmmr,4.38310043135704e-05,2.82211880039051,2.72389259720733
joint_categories,pmmr,0.000127485363988782,3.01375270747048,2.59898861785536
joint_categories,pmmr,0.000286566421804578,2.82211880039051,2.69255697838093
joint_categories,pmmr,1.07564359237141e-05,3.33964685192599,2.55992147099887
joint_categories,pmmr,6.00418568611739e-06,3.11700001661268,2.76397127027446
joint_categories,pmmr,4.49591977087213e-05,3.33964685192599,2.58380085080018
joint_categories,pmmr,3.1842534959525e-05,3.11700001661268,2.72672408964675
joint_categories,pmmr,8.88900980607588e-05,3.01375270747048,2.4737639634598
joint_categories,pmmr,8.64931929218788e-05,2.82211880039051,2.61265708494591
joint_categories,pmmr,0.000513542573774717,3.01375270747048,2.50191334837023
joint_categories,pmmr,0.000633285267551308,2.82211880039051,2.59810593047648
joint_categories,pmmr,0.000105972038196597,1.77880078307141,1.98601835134588
joint_categories,pmmr,7.40029352343184e-05,1.70468808971871,2.12630402228459
joint_categories,pmmr,1.25892464741956e-05,1.77880078307141,2.02234329901662
joint_categories,pmmr,1.10343278474698e-05,1.70468808971871,2.12632360566652
joint_categories,pmmr,9.36643552119747e-06,1.67032004603564,1.97319732584888
joint_categories,pmmr,1.14506399725992e-05,1.60653065971263,2.07034788344651
joint_categories,pmmr,1.53799777282289e-06,1.67032004603564,2.0114527478647
joint_categories,pmmr,2.35716852536868e-06,1.60653065971263,2.082339814216
joint_categories,pmmr,1.35370438243179e-05,1.77880078307141,1.92178362632131
joint_categories,pmmr,5.09755873252653e-06,1.70468808971871,2.05770570516771
joint_categories,pmmr,1.778261146128e-06,1.77880078307141,1.96480588862753
joint_categories,pmmr,8.51202229038192e-07,1.70468808971871,2.06939055425365
joint_categories,pmmr,4.37892019326779e-05,1.67032004603564,1.92478249145489
joint_categories,pmmr,2.88671020319653e-05,1.60653065971263,2.02085795720599
joint_categories,pmmr,7.95081493132629e-06,1.67032004603564,1.96854590451545
joint_categories,pmmr,6.65484028798717e-06,1.60653065971263,2.04175354272958
joint_categories,pmmr,1.50770733485513e-05,1.77880078307141,2.01401432071395
joint_categories,pmmr,9.73262624713179e-06,1.70468808971871,2.16186008683333
joint_categories,pmmr,6.55519524305315e-05,1.77880078307141,2.04738296151315
joint_categories,pmmr,5.31113228182101e-05,1.70468808971871,2.15438589917202
joint_categories,pmmr,1.33260091785331e-06,1.67032004603564,1.99814985912331
joint_categories,pmmr,1.50595106519631e-06,1.60653065971263,2.10247107043945
joint_categories,pmmr,8.00832337733632e-06,1.67032004603564,2.03335641270084
joint_categories,pmmr,1.13457149559397e-05,1.60653065971263,2.10760782691188
joint_categories,pmmr,1.50075494209827e-06,1.77880078307141,1.94981598224204
joint_categories,pmmr,5.24771714969094e-07,1.70468808971871,2.09266164712232
joint_categories,pmmr,7.21508782206799e-06,1.77880078307141,1.98984584660676
joint_categories,pmmr,3.20701556288963e-06,1.70468808971871,2.09725271771089
joint_categories,pmmr,4.8545947005765e-06,1.67032004603564,1.94954694213989
joint_categories,pmmr,2.97174381588617e-06,1.60653065971263,2.05220492386866
joint_categories,pmmr,3.22595070535267e-05,1.67032004603564,1.99019919504235
joint_categories,pmmr,2.50729798913181e-05,1.60653065971263,2.06652432627182
joint_categories,pmmr,0.000535804216557258,2.22140275816017,2.31851914910482
joint_categories,pmmr,0.000482473898643181,2.10517091807565,2.48255653887869
joint_categories,pmmr,8.59217117479918e-05,2.22140275816017,2.35032673857781
joint_categories,pmmr,9.71089158479462e-05,2.10517091807565,2.46522410972638
joint_categories,pmmr,4.76763856244649e-05,2.05127109637602,2.2699442058322
joint_categories,pmmr,7.52594403054059e-05,1.95122942450071,2.37957138512557
joint_categories,pmmr,1.05675187534922e-05,2.05127109637602,2.30387307734598
joint_categories,pmmr,2.09127045694097e-05,1.95122942450071,2.37874442122787
joint_categories,pmmr,6.84445188015912e-05,2.22140275816017,2.22127780563403
joint_categories,pmmr,3.32343443872496e-05,2.10517091807565,2.37986325057587
joint_categories,pmmr,1.21366470919004e-05,2.22140275816017,2.26174299313182
joint_categories,pmmr,7.49110655147047e-06,2.10517091807565,2.3780685380502
joint_categories,pmmr,0.000222892782724565,2.05127109637602,2.1979873882316
joint_categories,pmmr,0.000189729303110001,1.95122942450071,2.30647086086514
joint_categories,pmmr,5.46297188312067e-05,2.05127109637602,2.23872258907746
joint_categories,pmmr,5.90414759918424e-05,1.95122942450071,2.31706504258943
joint_categories,pmmr,7.6231047462823e-05,2.22140275816017,2.3399630641161
joint_categories,pmmr,6.34534037686793e-05,2.10517091807565,2.50886356871668
joint_categories,pmmr,0.000447392619788555,2.22140275816017,2.37220152299602
joint_categories,pmmr,0.00046741251931438,2.10517091807565,2.48715703246274
joint_categories,pmmr,6.78311350132134e-06,2.05127109637602,2.28751201567971
joint_categories,pmmr,9.89787772257393e-06,1.95122942450071,2.40251563163289
joint_categories,pmmr,5.50248569727787e-05,2.05127109637602,2.32118558270384
joint_categories,pmmr,0.000100658727812086,1.95122942450071,2.39727573089412
joint_categories,pmmr,7.58795281924868e-06,2.22140275816017,2.24326661384497
joint_categories,pmmr,3.42133260548552e-06,2.10517091807565,2.40646636270882
joint_categories,pmmr,4.92430343114546e-05,2.22140275816017,2.28346160937695
joint_categories,pmmr,2.82237222533781e-05,2.10517091807565,2.40005914404519
joint_categories,pmmr,2.47105239203716e-05,2.05127109637602,2.21558331818026
joint_categories,pmmr,1.95318145404827e-05,1.95122942450071,2.32911419899635
joint_categories,pmmr,0.000221653731748163,2.05127109637602,2.25550429236996
joint_categories,pmmr,0.000222446471475719,1.95122942450071,2.33510898162126
joint_categories,pmmr,0.000457647591102943,2.49182469764127,2.27478411863055
joint_categories,pmmr,0.000396680697514186,2.349858807576,2.45325339121903
joint_categories,pmmr,5.43675333678904e-05,2.49182469764127,2.29269764851932
joint_categories,pmmr,5.91477196583503e-05,2.349858807576,2.42192912350233
joint_categories,pmmr,5.59360146777711e-05,2.28402541668774,2.21180727096818
joint_categories,pmmr,8.48738093609244e-05,2.16183424272828,2.33200362031891
joint_categories,pmmr,9.18486715680733e-06,2.28402541668774,2.23648885485878
joint_categories,pmmr,1.74716760401559e-05,2.16183424272828,2.32277702417195
joint_categories,pmmr,5.84606619093318e-05,2.49182469764127,2.17456460902604
joint_categories,pmmr,2.73246344518023e-05,2.349858807576,2.34431146360777
joint_categories,pmmr,7.67954399789561e-06,2.49182469764127,2.20379177880483
joint_categories,pmmr,4.56273109804858e-06,2.349858807576,2.33158439420936
joint_categories,pmmr,0.00026150753256037,2.28402541668774,2.13629988572425
joint_categories,pmmr,0.000213967159960164,2.16183424272828,2.25297096324942
joint_categories,pmmr,4.74819796380822e-05,2.28402541668774,2.16976394010111
joint_categories,pmmr,4.93266443868302e-05,2.16183424272828,2.25732487363775
joint_categories,pmmr,6.51113861379755e-05,2.49182469764127,2.30532205886861
joint_categories,pmmr,5.2170159955584e-05,2.349858807576,2.49323480269619
joint_categories,pmmr,0.000283090649500133,2.49182469764127,2.32058296248607
joint_categories,pmmr,0.000284694607243882,2.349858807576,2.45361987967928
joint_categories,pmmr,7.95824455652947e-06,2.28402541668774,2.23841200961198
joint_categories,pmmr,1.11623283869032e-05,2.16183424272828,2.36737072268317
joint_categories,pmmr,4.78254180008225e-05,2.28402541668774,2.260242655775
joint_categories,pmmr,8.40960898725417e-05,2.16183424272828,2.35063096418416
joint_categories,pmmr,6.48111422385726e-06,2.49182469764127,2.20521849489936
joint_categories,pmmr,2.81295342232749e-06,2.349858807576,2.38352230174594
joint_categories,pmmr,3.11588567848423e-05,2.49182469764127,2.23152784737512
joint_categories,pmmr,1.71906852937362e-05,2.349858807576,2.36284506222633
joint_categories,pmmr,2.89914642354107e-05,2.28402541668774,2.16274801574172
joint_categories,pmmr,2.20269975042956e-05,2.16183424272828,2.28739652127465
joint_categories,pmmr,0.000192652611119777,2.28402541668774,2.1931339050317
joint_categories,pmmr,0.000185844574669916,2.16183424272828,2.28447448189185
joint_categories,pmmr,0.00305960966902122,3.33964685192599,2.68223061143898
joint_categories,pmmr,0.00341677525449953,3.11700001661268,2.89173947161746
joint_categories,pmmr,0.000490639849257172,3.33964685192599,2.69057346543455
joint_categories,pmmr,0.000687704229376201,3.11700001661268,2.83422994714606
joint_categories,pmmr,0.000376045374945552,3.01375270747048,2.56285248156753
joint_categories,pmmr,0.000736502806032577,2.82211880039051,2.70003094469038
joint_categories,pmmr,8.33508350067117e-05,3.01375270747048,2.58005682404567
joint_categories,pmmr,0.000204655595824225,2.82211880039051,2.67260114232798
joint_categories,pmmr,0.000390839610898199,3.33964685192599,2.53670028943365
joint_categories,pmmr,0.00023535840139997,3.11700001661268,2.7355235243294
joint_categories,pmmr,6.93040510775986e-05,3.33964685192599,2.55947291271756
joint_categories,pmmr,5.30503879398729e-05,3.11700001661268,2.7024259622851
joint_categories,pmmr,0.00175805692806767,3.01375270747048,2.45567741822601
joint_categories,pmmr,0.00185672606067844,2.82211880039051,2.58887773179854
joint_categories,pmmr,0.000430889481909668,3.01375270747048,2.48366531020759
joint_categories,pmmr,0.000577790806891949,2.82211880039051,2.57870661763052
joint_categories,pmmr,0.000435303125077114,3.33964685192599,2.70452194700343
joint_categories,pmmr,0.000449363209948342,3.11700001661268,2.9194921058921
joint_categories,pmmr,0.00255475179749266,3.33964685192599,2.71524700612844
joint_categories,pmmr,0.00331011384061995,3.11700001661268,2.85850346939514
joint_categories,pmmr,5.35015065947808e-05,3.01375270747048,2.58066696300354
joint_categories,pmmr,9.68624625277663e-05,2.82211880039051,2.72389259720733
joint_categories,pmmr,0.000434006116458544,3.01375270747048,2.59898861785536
joint_categories,pmmr,0.000985064932511136,2.82211880039051,2.69255697838093
joint_categories,pmmr,4.33295840092911e-05,3.33964685192599,2.55992147099887
joint_categories,pmmr,2.42291336727435e-05,3.11700001661268,2.76397127027446
joint_categories,pmmr,0.000281193128488883,3.33964685192599,2.58380085080018
joint_categories,pmmr,0.000199874264818062,3.11700001661268,2.72672408964675
joint_categories,pmmr,0.000194903160359726,3.01375270747048,2.4737639634598
joint_categories,pmmr,0.000191141950532684,2.82211880039051,2.61265708494591
joint_categories,pmmr,0.00174828396850091,3.01375270747048,2.50191334837023
joint_categories,pmmr,0.00217690232307168,2.82211880039051,2.59810593047648
