"scenario","problem","grid","truth","ensemble","correct_estimate","misspecified_1","misspecified_2"
"cubic_truth","bridge",-0.95,2.0283875,2.06317124752098,2.0625267962565,2.1157074441817,1.30886615074058
"cubic_truth","bridge",-0.943666666666667,2.04372834777407,2.07733980109728,2.07678227886135,2.12278947191621,1.32757555932946
"cubic_truth","bridge",-0.937333333333333,2.05886750885926,2.09132715771447,2.09085434179938,2.12987149965073,1.34642457470007
"cubic_truth","bridge",-0.931,2.0738066599,2.10513486285331,2.10474454950946,2.13695352738525,1.36541157480534
"cubic_truth","bridge",-0.924666666666667,2.08854747754074,2.11876446199452,2.11845446643042,2.14403555511977,1.38453487507191
"cubic_truth","bridge",-0.918333333333333,2.10309163842593,2.13221750061884,2.13198565700111,2.15111758285428,1.40379272816261
"cubic_truth","bridge",-0.912,2.1174408192,2.145495524207,2.14533968566037,2.1581996105888,1.42318332376553
"cubic_truth","bridge",-0.905666666666667,2.13159669650741,2.15860007823974,2.15851811684705,2.16528163832332,1.44270478841036
"cubic_truth","bridge",-0.899333333333333,2.14556094699259,2.17153270819779,2.171522515,2.17236366605784,1.46235518531231
"cubic_truth","bridge",-0.893,2.1593352473,2.18429495956189,2.18435444455805,2.17944569379236,1.4821325142441
"cubic_truth","bridge",-0.886666666666667,2.17292127407407,2.19688837781277,2.19701546996006,2.18652772152687,1.50203471143659
"cubic_truth","bridge",-0.880333333333333,2.18632070395926,2.20931450843117,2.20950715564487,2.19360974926139,1.5220596495084
"cubic_truth","bridge",-0.874,2.1995352136,2.22157489689782,2.22183106605133,2.20069177699591,1.54220513742497
"cubic_truth","bridge",-0.867666666666667,2.21256647964074,2.23367108869346,2.23398876561827,2.20777380473043,1.56246892048748
"cubic_truth","bridge",-0.861333333333333,2.22541617872593,2.24560462929882,2.24598181878455,2.21485583246494,1.58284868035206
"cubic_truth","bridge",-0.855,2.2380859875,2.25737706419464,2.25781178998901,2.22193786019946,1.60334203507965
"cubic_truth","bridge",-0.848666666666667,2.25057758260741,2.26898993886165,2.2694802436705,2.22901988793398,1.62394653921691
"cubic_truth","bridge",-0.842333333333333,2.26289264069259,2.28044479878058,2.28098874426786,2.2361019156685,1.64465968390851
"cubic_truth","bridge",-0.836,2.2750328384,2.29174318943218,2.29233885621993,2.24318394340301,1.66547889704111
"cubic_truth","bridge",-0.829666666666667,2.28699985237407,2.30288665629717,2.30353214396557,2.25026597113753,1.68640154341954
"cubic_truth","bridge",-0.823333333333333,2.29879535925926,2.31387674485629,2.31457017194361,2.25734799887205,1.70742492497516
"cubic_truth","bridge",-0.817,2.3104210357,2.32471500059028,2.3254545045929,2.26443002660657,1.72854628100705
"cubic_truth","bridge",-0.810666666666667,2.32187855834074,2.33540296897987,2.33618670635229,2.27151205434109,1.74976278845602
"cubic_truth","bridge",-0.804333333333333,2.33316960382593,2.34594219550579,2.34676834166062,2.2785940820756,1.77107156221183
"cubic_truth","bridge",-0.798,2.3442958488,2.35633422564879,2.35720097495674,2.28567610981012,1.79246965545389
"cubic_truth","bridge",-0.791666666666667,2.35525896990741,2.36658060488959,2.36748617067949,2.29275813754464,1.8139540600255
"cubic_truth","bridge",-0.785333333333333,2.36606064379259,2.37668287870893,2.37762549326772,2.29984016527916,1.83552170684197
"cubic_truth","bridge",-0.779,2.3767025471,2.38664259258754,2.38762050716027,2.30692219301367,1.85716946633275
"cubic_truth","bridge",-0.772666666666667,2.38718635647407,2.39646129200616,2.39747277679599,2.31400422074819,1.87889414891772
"cubic_truth","bridge",-0.766333333333333,2.39751374855926,2.40614052244553,2.40718386661372,2.32108624848271,1.90069250551771
"cubic_truth","bridge",-0.76,2.4076864,2.41568182938638,2.41675534105231,2.32816827621723,1.92256122809951
"cubic_truth","bridge",-0.753666666666667,2.41770598744074,2.42508675830944,2.42618876455061,2.33525030395175,1.94449695025534
"cubic_truth","bridge",-0.747333333333333,2.42757418752593,2.43435685469545,2.43548570154745,2.34233233168626,1.96649624781684
"cubic_truth","bridge",-0.741,2.4372926769,2.44349366402514,2.44464771648168,2.34941435942078,1.98855563950373
"cubic_truth","bridge",-0.734666666666667,2.44686313220741,2.45249873177925,2.45367637379216,2.3564963871553,2.01067158760705
"cubic_truth","bridge",-0.728333333333333,2.45628723009259,2.46137360343852,2.46257323791772,2.36357841488982,2.0328404987071
"cubic_truth","bridge",-0.722,2.4655666472,2.47011982448367,2.47133987329721,2.37066044262433,2.0550587244259
"cubic_truth","bridge",-0.715666666666667,2.47470306017407,2.47873894039544,2.47997784436947,2.37774247035885,2.07732256221427
"cubic_truth","bridge",-0.709333333333333,2.48369814565926,2.48723249665458,2.48848871557335,2.38482449809337,2.0996282561734
"cubic_truth","bridge",-0.703,2.4925535803,2.4956020387418,2.4968740513477,2.39190652582789,2.12197199791079
"cubic_truth","bridge",-0.696666666666667,2.50127104074074,2.50384911213785,2.50513541613136,2.3989885535624,2.14434992743053
"cubic_truth","bridge",-0.690333333333333,2.50985220362593,2.51197526232347,2.51327437436317,2.40607058129692,2.16675813405761
"cubic_truth","bridge",-0.684,2.5182987456,2.51998203477938,2.52129249048198,2.41315260903144,2.18919265739635
"cubic_truth","bridge",-0.677666666666667,2.52661234330741,2.52787097498633,2.52919132892664,2.42023463676596,2.21164948832249
"cubic_truth","bridge",-0.671333333333333,2.53479467339259,2.53564362842504,2.53697245413599,2.42731666450048,2.23412457000892
"cubic_truth","bridge",-0.665,2.5428474125,2.54330154057625,2.54463743054888,2.43439869223499,2.25661379898471
"cubic_truth","bridge",-0.658666666666667,2.55077223727407,2.5508462569207,2.55218782260415,2.44148071996951,2.2791130262272
"cubic_truth","bridge",-0.652333333333333,2.55857082435926,2.55827932293912,2.55962519474064,2.44856274770403,2.3016180582869
"cubic_truth","bridge",-0.646,2.5662448504,2.56560228411224,2.5669511113972,2.45564477543855,2.3241246584448
"cubic_truth","bridge",-0.639666666666667,2.57379599204074,2.57281668592081,2.57416713701268,2.46272680317306,2.34662854790185
"cubic_truth","bridge",-0.633333333333333,2.58122592592593,2.57992407384555,2.58127483602593,2.46980883090758,2.36912540700017
"cubic_truth","bridge",-0.627,2.5885363287,2.5869259933672,2.58827577287578,2.4768908586421,2.39161087647565
"cubic_truth","bridge",-0.620666666666667,2.59572887700741,2.5938239899665,2.59517151200108,2.48397288637662,2.41408055874147
"cubic_truth","bridge",-0.614333333333333,2.60280524749259,2.60061960912418,2.60196361784068,2.49105491411113,2.4365300192022
"cubic_truth","bridge",-0.608,2.6097671168,2.60731439632097,2.60865365483342,2.49813694184565,2.4589547875979
"cubic_truth","bridge",-0.601666666666667,2.61661616157407,2.61390989703762,2.61524318741815,2.50521896958017,2.48135035937784
"cubic_truth","bridge",-0.595333333333333,2.62335405845926,2.62040765675485,2.62173378003372,2.51230099731469,2.50371219710321
"cubic_truth","bridge",-0.589,2.6299824841,2.62680922095339,2.62812699711896,2.51938302504921,2.52603573187843
"cubic_truth","bridge",-0.582666666666667,2.63650311514074,2.63311613511399,2.63442440311272,2.52646505278372,2.5483163648104
"cubic_truth","bridge",-0.576333333333333,2.64291762822593,2.63932994471738,2.64062756245385,2.53354708051824,2.5705494684951
"cubic_truth","bridge",-0.57,2.6492277,2.6454521952443,2.6467380395812,2.54062910825276,2.59273038853101
"cubic_truth","bridge",-0.563666666666667,2.65543500710741,2.65148443217547,2.65275739893361,2.54771113598728,2.61485444505862
"cubic_truth","bridge",-0.557333333333333,2.66154122619259,2.65742820099164,2.65868720494992,2.55479316372179,2.63691693432554
"cubic_truth","bridge",-0.551,2.6675480339,2.66328504717353,2.66452902206897,2.56187519145631,2.65891313027628
"cubic_truth","bridge",-0.544666666666667,2.67345710687407,2.66905651620189,2.67028441472963,2.56895721919083,2.68083828616629
"cubic_truth","bridge",-0.538333333333333,2.67927012175926,2.67474415355745,2.67595494737072,2.57603924692535,2.7026876361993
"cubic_truth","bridge",-0.532,2.6849887552,2.68034950472094,2.6815421844311,2.58312127465986,2.72445639718738
"cubic_truth","bridge",-0.525666666666667,2.69061468384074,2.6858741151731,2.6870476903496,2.59020330239438,2.7461397702329
"cubic_truth","bridge",-0.519333333333333,2.69614958432593,2.69131953039466,2.69247302956509,2.5972853301289,2.76773294243152
"cubic_truth","bridge",-0.513,2.7015951333,2.69668729586635,2.69781976651639,2.60436735786342,2.78923108859559
"cubic_truth","bridge",-0.506666666666667,2.70695300740741,2.70197895706892,2.70308946564236,2.61144938559794,2.81062937299703
"cubic_truth","bridge",-0.500333333333333,2.71222488329259,2.7071960594831,2.70828369138184,2.61853141333245,2.83192295112874
"cubic_truth","bridge",-0.494,2.7174124376,2.71234014858962,2.71340400817367,2.62561344106697,2.85310697148394
"cubic_truth","bridge",-0.487666666666667,2.72251734697407,2.71741276986921,2.71845198045671,2.63269546880149,2.87417657735231
"cubic_truth","bridge",-0.481333333333333,2.72754128805926,2.72241546880262,2.72342917266979,2.63977749653601,2.89512690863216
"cubic_truth","bridge",-0.475,2.7324859375,2.72734979087057,2.72833714925176,2.64685952427052,2.91595310365771
"cubic_truth","bridge",-0.468666666666667,2.73735297194074,2.73221728155381,2.73317747464147,2.65394155200504,2.93665030104045
"cubic_truth","bridge",-0.462333333333333,2.74214406802593,2.73701948633306,2.73795171327776,2.66102357973956,2.95721364152378
"cubic_truth","bridge",-0.456,2.7468609024,2.74175795068906,2.74266142959948,2.66810560747408,2.97763826984987
"cubic_truth","bridge",-0.449666666666667,2.75150515170741,2.74643422010254,2.74730818804547,2.6751876352086,2.99791933663772
"cubic_truth","bridge",-0.443333333333333,2.75607849259259,2.75104984005425,2.75189355305458,2.68226966294311,3.01805200027154
"cubic_truth","bridge",-0.437,2.7605826017,2.75560635602491,2.75641908906565,2.68935169067763,3.03803142879837
"cubic_truth","bridge",-0.430666666666667,2.76501915567407,2.76010531349527,2.76088636051753,2.69643371841215,3.05785280183394
"cubic_truth","bridge",-0.424333333333333,2.76938983115926,2.76454825794604,2.76529693184906,2.70351574614667,3.07751131247568
"cubic_truth","bridge",-0.418,2.7736963048,2.76893673485798,2.76965236749909,2.71059777388118,3.09700216922193
"cubic_truth","bridge",-0.411666666666667,2.77794025324074,2.77327228971181,2.77395423190646,2.7176798016157,3.11632059789627
"cubic_truth","bridge",-0.405333333333333,2.78212335312593,2.77755646798828,2.77820408951002,2.72476182935022,3.13546184357577
"cubic_truth","bridge",-0.399,2.7862472811,2.7817908151681,2.78240350474862,2.73184385708474,3.15442117252235
"cubic_truth","bridge",-0.392666666666667,2.79031371380741,2.78597687673203,2.78655404206109,2.73892588481925,3.17319387411586
"cubic_truth","bridge",-0.386333333333333,2.79432432789259,2.79011619816079,2.79065726588628,2.74600791255377,3.191775262788
"cubic_truth","bridge",-0.38,2.7982808,2.79421032493511,2.79471474066305,2.75308994028829,3.21016067995596
"cubic_truth","bridge",-0.373666666666667,2.80218480677407,2.79826080253575,2.79872803083023,2.76017196802281,3.22834549595453
"cubic_truth","bridge",-0.367333333333333,2.80603802485926,2.80226917644342,2.80269870082667,2.76725399575733,3.24632511196575
"cubic_truth","bridge",-0.361,2.8098421309,2.80623699213886,2.80662831509121,2.77433602349184,3.26409496194484
"cubic_truth","bridge",-0.354666666666667,2.81359880154074,2.81016579510281,2.81051843806271,2.78141805122636,3.2816505145414
"cubic_truth","bridge",-0.348333333333333,2.81730971342593,2.81405713081601,2.81437063418,2.78850007896088,3.29898727501465
"cubic_truth","bridge",-0.342,2.8209765432,2.81791254475918,2.81818646788193,2.7955821066954,3.31610078714169
"cubic_truth","bridge",-0.335666666666667,2.82460096750741,2.82173358241306,2.82196750360734,2.80266413442991,3.33298663511758
"cubic_truth","bridge",-0.329333333333333,2.82818466299259,2.82552178925839,2.82571530579509,2.80974616216443,3.34964044544611
"cubic_truth","bridge",-0.323,2.8317293063,2.82927871077591,2.82943143888401,2.81682818989895,3.36605788882018
"cubic_truth","bridge",-0.316666666666667,2.83523657407407,2.83300589244634,2.83311746731295,2.82391021763347,3.38223468199063
"cubic_truth","bridge",-0.310333333333333,2.83870814295926,2.83670487975042,2.83677495552076,2.83099224536798,3.39816658962245
"cubic_truth","bridge",-0.304,2.8421456896,2.84037721816889,2.84040546794627,2.8380742731025,3.41384942613709
"cubic_truth","bridge",-0.297666666666667,2.84555089064074,2.84402445318249,2.84401056902835,2.84515630083702,3.42927905753996
"cubic_truth","bridge",-0.291333333333333,2.84892542272593,2.84764813027193,2.84759182320583,2.85223832857154,3.4444514032319
"cubic_truth","bridge",-0.285,2.8522709625,2.85124979491797,2.85115079491755,2.85932035630606,3.45936243780345
"cubic_truth","bridge",-0.278666666666667,2.85558918660741,2.85483099260134,2.85468904860237,2.86640238404057,3.47400819281101
"cubic_truth","bridge",-0.272333333333333,2.85888177169259,2.85839326880276,2.85820814869912,2.87348441177509,3.48838475853354
"cubic_truth","bridge",-0.266,2.8621503944,2.86193816900299,2.86170965964665,2.88056643950961,3.50248828570896
"cubic_truth","bridge",-0.259666666666667,2.86539673137407,2.86546723868274,2.86519514588382,2.88764846724413,3.516314987249
"cubic_truth","bridge",-0.253333333333333,2.86862245925926,2.86898202332276,2.86866617184945,2.89473049497864,3.5298611399315
"cubic_truth","bridge",-0.247,2.8718292547,2.87248406840378,2.87212430198241,2.90181252271316,3.54312308606914
"cubic_truth","bridge",-0.240666666666667,2.87501879434074,2.87597491940653,2.87557110072152,2.90889455044768,3.55609723515342
"cubic_truth","bridge",-0.234333333333333,2.87819275482593,2.87945612181175,2.87900813250565,2.9159765781822,3.56878006547309
"cubic_truth","bridge",-0.228,2.8813528128,2.88292922110018,2.88243696177363,2.92305860591672,3.58116812570571
"cubic_truth","bridge",-0.221666666666667,2.88450064490741,2.88639576275255,2.8858591529643,2.93014063365123,3.59325803648159
"cubic_truth","bridge",-0.215333333333333,2.88763792779259,2.88985729224959,2.88927627051652,2.93722266138575,3.60504649191902
"cubic_truth","bridge",-0.209,2.8907663381,2.89331535507204,2.89268987886913,2.94430468912027,3.61653026112976
"cubic_truth","bridge",-0.202666666666667,2.89388755247407,2.89677149670063,2.89610154246098,2.95138671685479,3.62770618969396
"cubic_truth","bridge",-0.196333333333333,2.89700324755926,2.90022726261611,2.8995128257309,2.9584687445893,3.63857120110338
"cubic_truth","bridge",-0.19,2.9001151,2.90368419829919,2.90292529311775,2.96555077232382,3.64912229817226
"cubic_truth","bridge",-0.183666666666667,2.90322478644074,2.90714384923063,2.90634050906037,2.97263280005834,3.65935656441464
"cubic_truth","bridge",-0.177333333333333,2.90633398352593,2.91060776089115,2.9097600379976,2.97971482779286,3.66927116538742
"cubic_truth","bridge",-0.171,2.9094443679,2.91407747876149,2.91318544436829,2.98679685552737,3.67886334999828
"cubic_truth","bridge",-0.164666666666667,2.91255761620741,2.91755454832238,2.91661829261129,2.99387888326189,3.68813045177757
"cubic_truth","bridge",-0.158333333333333,2.91567540509259,2.92104051505455,2.92006014716544,3.00096091099641,3.69706989011336
"cubic_truth","bridge",-0.152,2.9187994112,2.92453692443875,2.92351257246958,3.00804293873093,3.70567917144888
"cubic_truth","bridge",-0.145666666666667,2.92193131117407,2.92804532195571,2.92697713296256,3.01512496646545,3.71395589044147
"cubic_truth","bridge",-0.139333333333333,2.92507278165926,2.93156725308616,2.93045539308323,3.02220699419996,3.72189773108251
"cubic_truth","bridge",-0.133,2.9282254993,2.93510426331084,2.93394891727044,3.02928902193448,3.7295024677773
"cubic_truth","bridge",-0.126666666666667,2.93139114074074,2.93865789811048,2.93745926996301,3.036371049669,3.73676796638443
"cubic_truth","bridge",-0.120333333333333,2.93457138262593,2.94222970296581,2.94098801559981,3.04345307740352,3.74369218521383
"cubic_truth","bridge",-0.114,2.9377679016,2.94582122335758,2.94453671861968,3.05053510513803,3.75027317598296
"cubic_truth","bridge",-0.107666666666667,2.94098237430741,2.94943400476652,2.94810694346146,3.05761713287255,3.75650908473029
"cubic_truth","bridge",-0.101333333333333,2.94421647739259,2.95306959267335,2.95170025456399,3.06469916060707,3.76239815268578
"cubic_truth","bridge",-0.095,2.9474718875,2.95672953255882,2.95531821636613,3.07178118834159,3.76793871709754
"cubic_truth","bridge",-0.0886666666666667,2.95075028127407,2.96041536990367,2.95896239330671,3.07886321607611,3.77312921201421
"cubic_truth","bridge",-0.0823333333333333,2.95405333535926,2.96412865018861,2.96263434982459,3.08594524381062,3.77796816902263
"cubic_truth","bridge",-0.076,2.9573827264,2.9678709188944,2.96633565035861,3.09302727154514,3.78245421794009
"cubic_truth","bridge",-0.0696666666666667,2.96074013104074,2.97164372150177,2.9700678593476,3.10010929927966,3.78658608746101
"cubic_truth","bridge",-0.0633333333333334,2.96412722592593,2.97544860349144,2.97383254123043,3.10719132701418,3.79036260575731
"cubic_truth","bridge",-0.0569999999999999,2.9675456877,2.97928711034416,2.97763126044593,3.11427335474869,3.79378270103233
"cubic_truth","bridge",-0.0506666666666666,2.97099719300741,2.98316078754066,2.98146558143295,3.12135538248321,3.79684540202776
"cubic_truth","bridge",-0.0443333333333333,2.97448341849259,2.98707118056167,2.98533706863033,3.12843741021773,3.79954983848335
"cubic_truth","bridge",-0.038,2.9780060408,2.99101983488794,2.98924728647692,3.13551943795225,3.801895241549
"cubic_truth","bridge",-0.0316666666666666,2.98156673657407,2.99500829600018,2.99319779941156,3.14260146568676,3.80388094414908
"cubic_truth","bridge",-0.0253333333333333,2.98516718245926,2.99903810937915,2.99719017187311,3.14968349342128,3.80550638129861
"cubic_truth","bridge",-0.019,2.9888090551,3.00311082050557,3.00122596830039,3.1567655211558,3.80677109037119
"cubic_truth","bridge",-0.0126666666666666,2.99249403114074,3.00722797486018,3.00530675313227,3.16384754889032,3.80767471131843
"cubic_truth","bridge",-0.0063333333333333,2.99622378722593,3.01139111792371,3.00943409080759,3.17092957662484,3.80821698684079
"cubic_truth","bridge",0,3,3.01560179517691,3.01360954576518,3.17801160435935,3.80839776250969
"cubic_truth","bridge",0.0063333333333333,3.00382434610741,3.01986155210049,3.0178346824439,3.18509363209387,3.80821698684079
"cubic_truth","bridge",0.0126666666666667,3.00769850219259,3.02417193417521,3.02211106528258,3.19217565982839,3.80767471131843
"cubic_truth","bridge",0.019,3.0116241449,3.02853448688178,3.02644025872009,3.19925768756291,3.80677109037119
"cubic_truth","bridge",0.0253333333333333,3.01560295087407,3.03295075570096,3.03082382719525,3.20633971529742,3.80550638129861
"cubic_truth","bridge",0.0316666666666667,3.01963659675926,3.03742228611346,3.03526333514692,3.21342174303194,3.80388094414908
"cubic_truth","bridge",0.038,3.0237267592,3.04195062360004,3.03976034701394,3.22050377076646,3.801895241549
"cubic_truth","bridge",0.0443333333333333,3.02787511484074,3.04653731364141,3.04431642723516,3.22758579850098,3.79954983848335
"cubic_truth","bridge",0.0506666666666666,3.03208334032593,3.05118390171833,3.04893314024942,3.23466782623549,3.79684540202776
"cubic_truth","bridge",0.0569999999999999,3.0363531123,3.05589193331151,3.05361205049556,3.24174985397001,3.79378270103233
"cubic_truth","bridge",0.0633333333333332,3.04068610740741,3.06066295390171,3.05835472241244,3.24883188170453,3.79036260575731
"cubic_truth","bridge",0.0696666666666668,3.04508400229259,3.06549850896964,3.06316272043889,3.25591390943905,3.78658608746101
"cubic_truth","bridge",0.0760000000000001,3.0495484736,3.07040014399605,3.06803760901377,3.26299593717357,3.78245421794009
"cubic_truth","bridge",0.0823333333333334,3.05408119797407,3.07536940446167,3.07298095257591,3.27007796490808,3.77796816902263
"cubic_truth","bridge",0.0886666666666667,3.05868385205926,3.08040783584724,3.07799431556417,3.2771599926426,3.77312921201421
"cubic_truth","bridge",0.095,3.0633581125,3.08551698363349,3.08307926241738,3.28424202037712,3.76793871709754
"cubic_truth","bridge",0.101333333333333,3.06810565594074,3.09069839330116,3.0882373575744,3.29132404811164,3.76239815268578
"cubic_truth","bridge",0.107666666666667,3.07292815902593,3.09595361033097,3.09347016547406,3.29840607584615,3.75650908473029
"cubic_truth","bridge",0.114,3.0778272984,3.10128418020367,3.09877925055522,3.30548810358067,3.75027317598296
"cubic_truth","bridge",0.120333333333333,3.08280475070741,3.10669164839999,3.10416617725672,3.31257013131519,3.74369218521383
"cubic_truth","bridge",0.126666666666667,3.08786219259259,3.11217756040067,3.1096325100174,3.31965215904971,3.73676796638443
"cubic_truth","bridge",0.133,3.0930013007,3.11774346168644,3.1151798132761,3.32673418678423,3.7295024677773
"cubic_truth","bridge",0.139333333333333,3.09822375167407,3.12339089773803,3.12080965147169,3.33381621451874,3.72189773108251
"cubic_truth","bridge",0.145666666666667,3.10353122215926,3.12912141403618,3.12652358904299,3.34089824225326,3.71395589044147
"cubic_truth","bridge",0.152,3.1089253888,3.13493655606162,3.13232319042885,3.34798026998778,3.70567917144888
"cubic_truth","bridge",0.158333333333333,3.11440792824074,3.14083786929509,3.13821002006813,3.3550622977223,3.69706989011336
"cubic_truth","bridge",0.164666666666667,3.11998051712593,3.14682689921733,3.14418564239966,3.36214432545681,3.68813045177757
"cubic_truth","bridge",0.171,3.1256448321,3.15290519130907,3.15025162186229,3.36922635319133,3.67886334999828
"cubic_truth","bridge",0.177333333333333,3.13140254980741,3.15907429105104,3.15640952289486,3.37630838092585,3.66927116538742
"cubic_truth","bridge",0.183666666666667,3.13725534689259,3.16533574392398,3.16266090993623,3.38339040866037,3.65935656441464
"cubic_truth","bridge",0.19,3.1432049,3.17169109540862,3.16900734742523,3.39047243639488,3.64912229817226
"cubic_truth","bridge",0.196333333333333,3.14925288577407,3.1781418909857,3.17545039980071,3.3975544641294,3.63857120110338
"cubic_truth","bridge",0.202666666666667,3.15540098085926,3.18468967613596,3.18199163150151,3.40463649186392,3.62770618969396
"cubic_truth","bridge",0.209,3.1616508619,3.19133599634012,3.18863260696649,3.41171851959844,3.61653026112976
"cubic_truth","bridge",0.215333333333333,3.16800420554074,3.19808239707892,3.19537489063448,3.41880054733296,3.60504649191902
"cubic_truth","bridge",0.221666666666667,3.17446268842593,3.2049304238331,3.20222004694434,3.42588257506747,3.59325803648159
"cubic_truth","bridge",0.228,3.1810279872,3.2118816220834,3.2091696403349,3.43296460280199,3.58116812570571
"cubic_truth","bridge",0.234333333333333,3.18770177850741,3.21893753731054,3.21622523524501,3.44004663053651,3.56878006547309
"cubic_truth","bridge",0.240666666666667,3.19448573899259,3.22609971499526,3.22338839611352,3.44712865827103,3.55609723515342
"cubic_truth","bridge",0.247,3.2013815453,3.2333697006183,3.23066068737927,3.45421068600554,3.54312308606914
"cubic_truth","bridge",0.253333333333333,3.20839087407407,3.24074903966039,3.23804367348111,3.46129271374006,3.5298611399315
"cubic_truth","bridge",0.259666666666667,3.21551540195926,3.24823927760227,3.24553891885788,3.46837474147458,3.516314987249
"cubic_truth","bridge",0.266,3.2227568056,3.25584195992467,3.25314798794843,3.4754567692091,3.50248828570896
"cubic_truth","bridge",0.272333333333333,3.23011676164074,3.26355863210833,3.2608724451916,3.48253879694361,3.48838475853354
"cubic_truth","bridge",0.278666666666667,3.23759694672593,3.27139083963397,3.26871385502624,3.48962082467813,3.47400819281101
"cubic_truth","bridge",0.285,3.2451990375,3.27934012798235,3.2766737818912,3.49670285241265,3.45936243780345
"cubic_truth","bridge",0.291333333333333,3.25292471060741,3.28740804263418,3.28475379022531,3.50378488014717,3.44445140323189
"cubic_truth","bridge",0.297666666666667,3.26077564269259,3.29559612907021,3.29295544446742,3.51086690788169,3.42927905753996
"cubic_truth","bridge",0.304,3.2687535104,3.30390593277117,3.30128030905638,3.5179489356162,3.41384942613709
"cubic_truth","bridge",0.310333333333333,3.27685999037407,3.31233899921779,3.30972994843104,3.52503096335072,3.39816658962245
"cubic_truth","bridge",0.316666666666667,3.28509675925926,3.32089687389081,3.31830592703024,3.53211299108524,3.38223468199063
"cubic_truth","bridge",0.323,3.2934654937,3.32958110227097,3.32700980929282,3.53919501881976,3.36605788882018
"cubic_truth","bridge",0.329333333333333,3.30196787034074,3.338393229839,3.33584315965762,3.54627704655427,3.34964044544611
"cubic_truth","bridge",0.335666666666667,3.31060556582593,3.34733480207563,3.34480754256351,3.55335907428879,3.33298663511758
"cubic_truth","bridge",0.342,3.3193802568,3.3564073644616,3.35390452244931,3.56044110202331,3.31610078714169
"cubic_truth","bridge",0.348333333333333,3.32829361990741,3.36561246247765,3.36313566375388,3.56752312975783,3.29898727501465
"cubic_truth","bridge",0.354666666666667,3.33734733179259,3.3749516416045,3.37250253091606,3.57460515749234,3.2816505145414
"cubic_truth","bridge",0.361,3.3465430691,3.3844264473229,3.38200668837469,3.58168718522686,3.26409496194484
"cubic_truth","bridge",0.367333333333333,3.35588250847407,3.39403842511358,3.39164970056863,3.58876921296138,3.24632511196575
"cubic_truth","bridge",0.373666666666667,3.36536732655926,3.40378912045727,3.40143313193671,3.5958512406959,3.22834549595453
"cubic_truth","bridge",0.38,3.3749992,3.41368007883471,3.41135854691778,3.60293326843042,3.21016067995596
"cubic_truth","bridge",0.386333333333333,3.38477980544074,3.42371284572663,3.42142750995068,3.61001529616493,3.191775262788
"cubic_truth","bridge",0.392666666666667,3.39471081952593,3.43388896661377,3.43164158547427,3.61709732389945,3.17319387411586
"cubic_truth","bridge",0.399,3.4047939189,3.44420998697686,3.44200233792739,3.62417935163397,3.15442117252235
"cubic_truth","bridge",0.405333333333333,3.41503078020741,3.45467745229664,3.45251133174887,3.63126137936849,3.13546184357577
"cubic_truth","bridge",0.411666666666667,3.42542308009259,3.46529290805384,3.46317013137757,3.638343407103,3.11632059789627
"cubic_truth","bridge",0.418,3.4359724952,3.4760578997292,3.47398030125234,3.64542543483752,3.09700216922193
"cubic_truth","bridge",0.424333333333333,3.44668070217407,3.48697397280345,3.48494340581201,3.65250746257204,3.07751131247568
"cubic_truth","bridge",0.430666666666667,3.45754937765926,3.49804267275733,3.49606100949543,3.65958949030656,3.05785280183394
"cubic_truth","bridge",0.437,3.4685801983,3.50926554507157,3.50733467674145,3.66667151804107,3.03803142879837
"cubic_truth","bridge",0.443333333333333,3.47977484074074,3.52064413522691,3.51876597198892,3.67375354577559,3.01805200027154
"cubic_truth","bridge",0.449666666666667,3.49113498162593,3.53217998870408,3.53035645967667,3.68083557351011,2.99791933663772
"cubic_truth","bridge",0.456,3.5026622976,3.54387465098381,3.54210770424355,3.68791760124463,2.97763826984987
"cubic_truth","bridge",0.462333333333333,3.51435846530741,3.55572966754685,3.55402127012842,3.69499962897915,2.95721364152378
"cubic_truth","bridge",0.468666666666667,3.52622516139259,3.56774658387392,3.5660987217701,3.70208165671366,2.93665030104045
"cubic_truth","bridge",0.475,3.5382640625,3.57992694544576,3.57834162360746,3.70916368444818,2.91595310365771
"cubic_truth","bridge",0.481333333333333,3.55047684527407,3.5922722977431,3.59075154007932,3.7162457121827,2.89512690863216
"cubic_truth","bridge",0.487666666666667,3.56286518635926,3.60478418624669,3.60333003562455,3.72332773991722,2.87417657735231
"cubic_truth","bridge",0.494,3.5754307624,3.61746415643725,3.61607867468198,3.73040976765173,2.85310697148394
"cubic_truth","bridge",0.500333333333333,3.58817525004074,3.63031375379553,3.62899902169046,3.73749179538625,2.83192295112874
"cubic_truth","bridge",0.506666666666667,3.60110032592593,3.64333452380224,3.64209264108884,3.74457382312077,2.81062937299703
"cubic_truth","bridge",0.513,3.6142076667,3.65652801193814,3.65536109731595,3.75165585085529,2.78923108859559
"cubic_truth","bridge",0.519333333333333,3.62749894900741,3.66989576368395,3.66880595481065,3.75873787858981,2.76773294243151
"cubic_truth","bridge",0.525666666666667,3.64097584949259,3.68343932452041,3.68242877801178,3.76581990632432,2.7461397702329
"cubic_truth","bridge",0.532,3.6546400448,3.69716023992825,3.69623113135818,3.77290193405884,2.72445639718738
"cubic_truth","bridge",0.538333333333333,3.66849321157407,3.71106005538822,3.71021457928871,3.77998396179336,2.7026876361993
"cubic_truth","bridge",0.544666666666667,3.68253702645926,3.72514031638103,3.7243806862422,3.78706598952788,2.68083828616629
"cubic_truth","bridge",0.551,3.6967731661,3.73940256838744,3.7387310166575,3.79414801726239,2.65891313027628
"cubic_truth","bridge",0.557333333333333,3.71120330714074,3.75384835688817,3.75326713497345,3.80123004499691,2.63691693432554
"cubic_truth","bridge",0.563666666666667,3.72582912622593,3.76847922736396,3.76799060562891,3.80831207273143,2.61485444505862
"cubic_truth","bridge",0.57,3.7406523,3.78329672529554,3.78290299306272,3.81539410046595,2.59273038853101
"cubic_truth","bridge",0.576333333333333,3.75567450510741,3.79830239616365,3.79800586171371,3.82247612820046,2.5705494684951
"cubic_truth","bridge",0.582666666666667,3.77089741819259,3.81349778544902,3.81330077602074,3.82955815593498,2.5483163648104
"cubic_truth","bridge",0.589,3.7863227159,3.82888443863239,3.82878930042266,3.8366401836695,2.52603573187843
"cubic_truth","bridge",0.595333333333333,3.80195207487407,3.84446390119449,3.8444729993583,3.84372221140402,2.50371219710321
"cubic_truth","bridge",0.601666666666667,3.81778717175926,3.86023771861605,3.86035343726651,3.85080423913854,2.48135035937784
"cubic_truth","bridge",0.608,3.8338296832,3.87620743637782,3.87643217858614,3.85788626687305,2.4589547875979
"cubic_truth","bridge",0.614333333333333,3.85008128584074,3.89237459996053,3.89271078775603,3.86496829460757,2.4365300192022
"cubic_truth","bridge",0.620666666666667,3.86654365632593,3.90874075484491,3.90919082921503,3.87205032234209,2.41408055874147
"cubic_truth","bridge",0.627,3.8832184713,3.92530744651169,3.92587386740199,3.87913235007661,2.39161087647565
"cubic_truth","bridge",0.633333333333333,3.90010740740741,3.94207622044162,3.94276146675574,3.88621437781112,2.36912540700017
"cubic_truth","bridge",0.639666666666667,3.91721214129259,3.95904862211542,3.95985519171513,3.89329640554564,2.34662854790185
"cubic_truth","bridge",0.646,3.9345343496,3.97622619701384,3.97715660671902,3.90037843328016,2.3241246584448
"cubic_truth","bridge",0.652333333333333,3.95207570897407,3.9936104906176,3.99466727620623,3.90746046101468,2.3016180582869
"cubic_truth","bridge",0.658666666666667,3.96983789605926,4.01120304840744,4.01238876461563,3.91454248874919,2.2791130262272
"cubic_truth","bridge",0.665,3.9878225875,4.02900541586409,4.03032263638605,3.92162451648371,2.25661379898471
"cubic_truth","bridge",0.671333333333333,4.00603145994074,4.0470191384683,4.04847045595633,3.92870654421823,2.23412457000892
"cubic_truth","bridge",0.677666666666667,4.02446619002593,4.06524576170079,4.06683378776534,3.93578857195275,2.21164948832249
"cubic_truth","bridge",0.684,4.0431284544,4.0836868310423,4.0854141962519,3.94287059968727,2.18919265739635
"cubic_truth","bridge",0.690333333333333,4.06201992970741,4.10234389197357,4.10421324585487,3.94995262742178,2.16675813405761
"cubic_truth","bridge",0.696666666666667,4.08114229259259,4.12121848997533,4.12323250101308,3.9570346551563,2.14434992743053
"cubic_truth","bridge",0.703,4.1004972197,4.14031217052831,4.1424735261654,3.96411668289082,2.12197199791079
"cubic_truth","bridge",0.709333333333333,4.12008638767407,4.15962647911325,4.16193788575065,3.97119871062534,2.0996282561734
"cubic_truth","bridge",0.715666666666667,4.13991147315926,4.17916296121088,4.18162714420768,3.97828073835985,2.07732256221427
"cubic_truth","bridge",0.722,4.1599741528,4.19892316230194,4.20154286597535,3.98536276609437,2.0550587244259
"cubic_truth","bridge",0.728333333333333,4.18027610324074,4.21890862786717,4.2216866154925,3.99244479382889,2.0328404987071
"cubic_truth","bridge",0.734666666666667,4.20081900112593,4.23912090338729,4.24205995719796,3.99952682156341,2.01067158760705
"cubic_truth","bridge",0.741,4.2216045231,4.25956153434305,4.26266445553059,4.00660884929793,1.98855563950373
"cubic_truth","bridge",0.747333333333333,4.24263434580741,4.28023206621518,4.28350167492923,4.01369087703244,1.96649624781684
"cubic_truth","bridge",0.753666666666667,4.26391014589259,4.30113404448441,4.30457317983273,4.02077290476696,1.94449695025534
"cubic_truth","bridge",0.76,4.2854336,4.32226901463148,4.32588053467993,4.02785493250148,1.92256122809951
"cubic_truth","bridge",0.766333333333333,4.30720638477407,4.34363852213712,4.34742530390968,4.034936960236,1.90069250551771
"cubic_truth","bridge",0.772666666666667,4.32923017685926,4.36524411248206,4.36920905196082,4.04201898797051,1.87889414891772
"cubic_truth","bridge",0.779,4.3515066529,4.38708733114705,4.39123334327219,4.04910101570503,1.85716946633275
"cubic_truth","bridge",0.785333333333333,4.37403748954074,4.40916972361282,4.41349974228265,4.05618304343955,1.83552170684197
"cubic_truth","bridge",0.791666666666667,4.39682436342593,4.4314928353601,4.43600981343104,4.06326507117407,1.8139540600255
"cubic_truth","bridge",0.798,4.4198689512,4.45405821186963,4.4587651211562,4.07034709890858,1.79246965545389
"cubic_truth","bridge",0.804333333333333,4.44317292950741,4.47686739862214,4.48176722989697,4.0774291266431,1.77107156221183
"cubic_truth","bridge",0.810666666666667,4.46673797499259,4.49992194109836,4.50501770409221,4.08451115437762,1.74976278845602
"cubic_truth","bridge",0.817,4.4905657643,4.52322338477904,4.52851810818076,4.09159318211214,1.72854628100705
"cubic_truth","bridge",0.823333333333333,4.51465797407407,4.5467732751449,4.55227000660146,4.09867520984666,1.70742492497516
"cubic_truth","bridge",0.829666666666667,4.53901628095926,4.57057315767669,4.57627496379316,4.10575723758117,1.68640154341954
"cubic_truth","bridge",0.836,4.5636423616,4.59462457785513,4.60053454419471,4.11283926531569,1.66547889704111
"cubic_truth","bridge",0.842333333333333,4.58853789264074,4.61892908116095,4.62505031224494,4.11992129305021,1.64465968390851
"cubic_truth","bridge",0.848666666666667,4.61370455072593,4.64348821307491,4.64982383238271,4.12700332078473,1.62394653921691
"cubic_truth","bridge",0.855,4.6391440125,4.66830351907773,4.67485666904685,4.13408534851924,1.60334203507965
"cubic_truth","bridge",0.861333333333333,4.66485795460741,4.69337654465014,4.70015038667623,4.14116737625376,1.58284868035206
"cubic_truth","bridge",0.867666666666667,4.69084805369259,4.71870883527288,4.72570654970967,4.14824940398828,1.56246892048748
"cubic_truth","bridge",0.874,4.7171159864,4.74430193642668,4.75152672258602,4.1553314317228,1.54220513742497
"cubic_truth","bridge",0.880333333333333,4.74366342937407,4.77015739359229,4.77761246974414,4.16241345945731,1.5220596495084
"cubic_truth","bridge",0.886666666666667,4.77049205925926,4.79627675225043,4.80396535562286,4.16949548719183,1.50203471143659
"cubic_truth","bridge",0.893,4.7976035527,4.82266155788184,4.83058694466103,4.17657751492635,1.4821325142441
"cubic_truth","bridge",0.899333333333333,4.82499958634074,4.84931335596726,4.8574788012975,4.18365954266087,1.46235518531231
"cubic_truth","bridge",0.905666666666667,4.85268183682593,4.87623369198741,4.88464248997111,4.19074157039539,1.44270478841036
"cubic_truth","bridge",0.912,4.8806519808,4.90342411142303,4.9120795751207,4.1978235981299,1.42318332376553
"cubic_truth","bridge",0.918333333333333,4.90891169490741,4.93088615975487,4.93979162118513,4.20490562586442,1.40379272816261
"cubic_truth","bridge",0.924666666666667,4.93746265579259,4.95862138246365,4.96778019260323,4.21198765359894,1.38453487507191
"cubic_truth","bridge",0.931,4.9663065401,4.98663132503011,4.99604685381385,4.21906968133346,1.36541157480534
"cubic_truth","bridge",0.937333333333333,4.99544502447408,5.01491753293497,5.02459316925584,4.22615170906797,1.34642457470007
"cubic_truth","bridge",0.943666666666667,5.02487978555926,5.04348155165899,5.05342070336805,4.23323373680249,1.32757555932946
"cubic_truth","bridge",0.95,5.0546125,5.07232492668289,5.0825310205893,4.24031576453701,1.30886615074058
"cubic_truth","adjoint",-0.9,0.5241,0.524155762404128,0.524155762404128,0.519136934470994,0.613030416186493
"cubic_truth","adjoint",-0.894,0.5359729176,0.536011864452154,0.536011864452154,0.524560314015127,0.620889430166466
"cubic_truth","adjoint",-0.888,0.5476766208,0.547699159591339,0.547699159591339,0.529983693559261,0.62879561611073
"cubic_truth","adjoint",-0.882,0.5592125352,0.55921906980503,0.55921906980503,0.535407073103395,0.636748218843572
"cubic_truth","adjoint",-0.876,0.5705820864,0.570573017076576,0.570573017076576,0.540830452647529,0.644746461666276
"cubic_truth","adjoint",-0.87,0.5817867,0.581762423389325,0.581762423389325,0.546253832191662,0.652789546351291
"cubic_truth","adjoint",-0.864,0.5928278016,0.592788710726625,0.592788710726625,0.551677211735796,0.660876653145563
"cubic_truth","adjoint",-0.858,0.6037068168,0.603653301071822,0.603653301071822,0.55710059127993,0.66900694078313
"cubic_truth","adjoint",-0.852,0.6144251712,0.614357616408267,0.614357616408267,0.562523970824064,0.677179546507099
"cubic_truth","adjoint",-0.846,0.6249842904,0.624903078719306,0.624903078719306,0.567947350368197,0.685393586101104
"cubic_truth","adjoint",-0.84,0.6353856,0.635291109988288,0.635291109988288,0.573370729912331,0.693648153930347
"cubic_truth","adjoint",-0.834,0.6456305256,0.64552313219856,0.64552313219856,0.578794109456465,0.701942322992321
"cubic_truth","adjoint",-0.828,0.6557204928,0.655600567333471,0.655600567333471,0.584217489000598,0.710275144977298
"cubic_truth","adjoint",-0.822,0.6656569272,0.665524837376368,0.665524837376368,0.589640868544732,0.718645650338682
"cubic_truth","adjoint",-0.816,0.6754412544,0.6752973643106,0.6752973643106,0.595064248088866,0.727052848373292
"cubic_truth","adjoint",-0.81,0.6850749,0.684919570119514,0.684919570119514,0.600487627633,0.73549572731167
"cubic_truth","adjoint",-0.804,0.6945592896,0.694392876786458,0.694392876786458,0.605911007177133,0.743973254418468
"cubic_truth","adjoint",-0.798,0.7038958488,0.703718706294781,0.703718706294781,0.611334386721267,0.752484376102993
"cubic_truth","adjoint",-0.792,0.7130860032,0.712898480627831,0.712898480627831,0.616757766265401,0.761028018039965
"cubic_truth","adjoint",-0.786,0.7221311784,0.721933621768955,0.721933621768955,0.622181145809535,0.769603085300546
"cubic_truth","adjoint",-0.78,0.7310328,0.730825551701501,0.730825551701501,0.627604525353669,0.778208462493689
"cubic_truth","adjoint",-0.774,0.7397922936,0.739575692408818,0.739575692408818,0.633027904897802,0.786843013917853
"cubic_truth","adjoint",-0.768,0.7484110848,0.748185465874253,0.748185465874253,0.638451284441936,0.795505583723118
"cubic_truth","adjoint",-0.762,0.7568905992,0.756656294081154,0.756656294081154,0.64387466398607,0.804194996083741
"cubic_truth","adjoint",-0.756,0.7652322624,0.76498959901287,0.76498959901287,0.649298043530203,0.812910055381174
"cubic_truth","adjoint",-0.75,0.7734375,0.773186802652748,0.773186802652748,0.654721423074337,0.821649546397566
"cubic_truth","adjoint",-0.744,0.7815077376,0.781249326984136,0.781249326984136,0.660144802618471,0.830412234519767
"cubic_truth","adjoint",-0.738,0.7894444008,0.789178593990383,0.789178593990383,0.665568182162605,0.839196865953838
"cubic_truth","adjoint",-0.732,0.7972489152,0.796976025654835,0.796976025654835,0.670991561706738,0.848002167950075
"cubic_truth","adjoint",-0.726,0.8049227064,0.804643043960843,0.804643043960843,0.676414941250872,0.856826849038543
"cubic_truth","adjoint",-0.72,0.8124672,0.812181070891752,0.812181070891752,0.681838320795006,0.865669599275098
"cubic_truth","adjoint",-0.714,0.8198838216,0.819591528430911,0.819591528430911,0.68726170033914,0.874529090497908
"cubic_truth","adjoint",-0.708,0.8271739968,0.826875838561669,0.826875838561669,0.692685079883273,0.883403976594415
"cubic_truth","adjoint",-0.702,0.8343391512,0.834035423267373,0.834035423267373,0.698108459427407,0.89229289377874
"cubic_truth","adjoint",-0.696,0.8413807104,0.841071704531371,0.841071704531371,0.703531838971541,0.901194460879478
"cubic_truth","adjoint",-0.69,0.8483001,0.847986104337011,0.847986104337011,0.708955218515675,0.910107279637842
"cubic_truth","adjoint",-0.684,0.8550987456,0.854780044667641,0.854780044667641,0.714378598059808,0.91902993501611
"cubic_truth","adjoint",-0.678,0.8617780728,0.861454947506609,0.861454947506609,0.719801977603942,0.927960995516329
"cubic_truth","adjoint",-0.672,0.8683395072,0.868012234837264,0.868012234837264,0.725225357148076,0.936899013509185
"cubic_truth","adjoint",-0.666,0.8747844744,0.874453328642952,0.874453328642952,0.73064873669221,0.945842525573007
"cubic_truth","adjoint",-0.66,0.8811144,0.880779650907022,0.880779650907022,0.736072116236343,0.954790052842802
"cubic_truth","adjoint",-0.654,0.8873307096,0.886992623612823,0.886992623612823,0.741495495780477,0.963740101369243
"cubic_truth","adjoint",-0.648,0.8934348288,0.893093668743702,0.893093668743702,0.746918875324611,0.972691162487536
"cubic_truth","adjoint",-0.642,0.8994281832,0.899084208283006,0.899084208283006,0.752342254868745,0.981641713196047
"cubic_truth","adjoint",-0.636,0.9053121984,0.904965664214085,0.904965664214085,0.757765634412878,0.990590216544609
"cubic_truth","adjoint",-0.63,0.9110883,0.910739458520285,0.910739458520285,0.763189013957012,0.999535122032377
"cubic_truth","adjoint",-0.624,0.9167579136,0.916407013184956,0.916407013184956,0.768612393501146,1.00847486601513
"cubic_truth","adjoint",-0.618,0.9223224648,0.921969750191444,0.921969750191444,0.77403577304528,1.01740787212192
"cubic_truth","adjoint",-0.612,0.9277833792,0.927429091523099,0.927429091523099,0.779459152589413,1.02633255168082
"cubic_truth","adjoint",-0.606,0.9331420824,0.932786459163267,0.932786459163267,0.784882532133547,1.03524730415388
"cubic_truth","adjoint",-0.6,0.9384,0.938043275095297,0.938043275095297,0.790305911677681,1.04415051758081
"cubic_truth","adjoint",-0.594,0.9435585576,0.943200961302537,0.943200961302537,0.795729291221814,1.05304056903162
"cubic_truth","adjoint",-0.588,0.9486191808,0.948260939768335,0.948260939768335,0.801152670765948,1.06191582506766
"cubic_truth","adjoint",-0.582,0.9535832952,0.953224632476039,0.953224632476039,0.806576050310082,1.07077464221126
"cubic_truth","adjoint",-0.576,0.9584523264,0.958093461408996,0.958093461408996,0.811999429854216,1.0796153674236
"cubic_truth","adjoint",-0.57,0.9632277,0.962868848550555,0.962868848550555,0.817422809398349,1.08843633859062
"cubic_truth","adjoint",-0.564,0.9679108416,0.967552215884064,0.967552215884064,0.822846188942483,1.09723588501691
"cubic_truth","adjoint",-0.558,0.9725031768,0.972144985392871,0.972144985392871,0.828269568486617,1.1060123279273
"cubic_truth","adjoint",-0.552,0.9770061312,0.976648579060324,0.976648579060324,0.833692948030751,1.11476398097602
"cubic_truth","adjoint",-0.546,0.9814211304,0.98106441886977,0.98106441886977,0.839116327574884,1.12348915076308
"cubic_truth","adjoint",-0.54,0.9857496,0.985393926804558,0.985393926804558,0.844539707119018,1.13218613735796
"cubic_truth","adjoint",-0.534,0.9899929656,0.989638524848036,0.989638524848036,0.849963086663152,1.14085323483002
"cubic_truth","adjoint",-0.528,0.9941526528,0.993799634983551,0.993799634983551,0.855386466207286,1.14948873178574
"cubic_truth","adjoint",-0.522,0.9982300872,0.997878679194453,0.997878679194453,0.86080984575142,1.15809091191239
"cubic_truth","adjoint",-0.516,1.0022266944,1.00187707946409,1.00187707946409,0.866233225295553,1.1666580545279
"cubic_truth","adjoint",-0.51,1.0061439,1.0057962577758,1.0057962577758,0.871656604839687,1.17518843513681
"cubic_truth","adjoint",-0.504,1.0099831296,1.00963763611295,1.00963763611295,0.877079984383821,1.18368032599194
"cubic_truth","adjoint",-0.498,1.0137458088,1.01340263645887,1.01340263645887,0.882503363927954,1.19213199666158
"cubic_truth","adjoint",-0.492,1.0174333632,1.01709268079692,1.01709268079692,0.887926743472088,1.20054171460198
"cubic_truth","adjoint",-0.486,1.0210472184,1.02070919111045,1.02070919111045,0.893350123016222,1.20890774573485
"cubic_truth","adjoint",-0.48,1.0245888,1.02425358938279,1.02425358938279,0.898773502560356,1.21722835502956
"cubic_truth","adjoint",-0.474,1.0280595336,1.0277272975973,1.0277272975973,0.904196882104489,1.22550180708989
"cubic_truth","adjoint",-0.468,1.0314608448,1.03113173773733,1.03113173773733,0.909620261648623,1.23372636674502
"cubic_truth","adjoint",-0.462,1.0347941592,1.03446833178623,1.03446833178623,0.915043641192757,1.24190029964437
"cubic_truth","adjoint",-0.456,1.0380609024,1.03773850172734,1.03773850172734,0.920467020736891,1.2500218728562
"cubic_truth","adjoint",-0.45,1.0412625,1.04094366954401,1.04094366954401,0.925890400281024,1.25808935546952
"cubic_truth","adjoint",-0.444,1.0444003776,1.04408525721959,1.04408525721959,0.931313779825158,1.26610101919921
"cubic_truth","adjoint",-0.438,1.0474759608,1.04716468673743,1.04716468673743,0.936737159369292,1.2740551389938
"cubic_truth","adjoint",-0.432,1.0504906752,1.05018338008088,1.05018338008088,0.942160538913426,1.28194999364587
"cubic_truth","adjoint",-0.426,1.0534459464,1.05314275923328,1.05314275923328,0.947583918457559,1.28978386640465
"cubic_truth","adjoint",-0.42,1.0563432,1.05604424617797,1.05604424617797,0.953007298001693,1.29755504559052
"cubic_truth","adjoint",-0.414,1.0591838616,1.05888926289832,1.05888926289832,0.958430677545827,1.30526182521112
"cubic_truth","adjoint",-0.408,1.0619693568,1.06167923137767,1.06167923137767,0.963854057089961,1.31290250557879
"cubic_truth","adjoint",-0.402,1.0647011112,1.06441557359936,1.06441557359936,0.969277436634094,1.32047539392898
"cubic_truth","adjoint",-0.396,1.0673805504,1.06709971154674,1.06709971154674,0.974700816178228,1.32797880503941
"cubic_truth","adjoint",-0.39,1.0700091,1.06973306720317,1.06973306720317,0.980124195722362,1.3354110618495
"cubic_truth","adjoint",-0.384,1.0725881856,1.07231706255198,1.07231706255198,0.985547575266496,1.34277049607999
"cubic_truth","adjoint",-0.378,1.0751192328,1.07485311957653,1.07485311957653,0.990970954810629,1.35005544885217
"cubic_truth","adjoint",-0.372,1.0776036672,1.07734266026017,1.07734266026017,0.996394334354763,1.35726427130667
"cubic_truth","adjoint",-0.366,1.0800429144,1.07978710658624,1.07978710658624,1.0018177138989,1.36439532522119
"cubic_truth","adjoint",-0.36,1.0824384,1.08218788053809,1.08218788053809,1.00724109344303,1.37144698362721
"cubic_truth","adjoint",-0.354,1.0847915496,1.08454640409908,1.08454640409908,1.01266447298716,1.37841763142494
"cubic_truth","adjoint",-0.348,1.0871037888,1.08686409925253,1.08686409925253,1.0180878525313,1.38530566599662
"cubic_truth","adjoint",-0.342,1.0893765432,1.08914238798182,1.08914238798182,1.02351123207543,1.39210949781746
"cubic_truth","adjoint",-0.336,1.0916112384,1.09138269227027,1.09138269227027,1.02893461161957,1.39882755106417
"cubic_truth","adjoint",-0.33,1.0938093,1.09358643410125,1.09358643410125,1.0343579911637,1.40545826422062
"cubic_truth","adjoint",-0.324,1.0959721536,1.0957550354581,1.0957550354581,1.03978137070783,1.4120000906803
"cubic_truth","adjoint",-0.318,1.0981012248,1.09788991832416,1.09788991832416,1.04520475025197,1.41845149934542
"cubic_truth","adjoint",-0.312,1.1001979392,1.09999250468279,1.09999250468279,1.0506281297961,1.42481097522201
"cubic_truth","adjoint",-0.306,1.1022637224,1.10206421651733,1.10206421651733,1.05605150934023,1.43107702001108
"cubic_truth","adjoint",-0.3,1.1043,1.10410647581114,1.10410647581114,1.06147488888437,1.4372481526952
"cubic_truth","adjoint",-0.294,1.1063081976,1.10612070454755,1.10612070454755,1.0668982684285,1.44332291012036
"cubic_truth","adjoint",-0.288,1.1082897408,1.10810832470992,1.10810832470992,1.07232164797264,1.44929984757272
"cubic_truth","adjoint",-0.282,1.1102460552,1.11007075828159,1.11007075828159,1.07774502751677,1.45517753934997
"cubic_truth","adjoint",-0.276,1.1121785664,1.11200942724592,1.11200942724592,1.0831684070609,1.46095457932692
"cubic_truth","adjoint",-0.27,1.1140887,1.11392575358625,1.11392575358625,1.08859178660504,1.46662958151513
"cubic_truth","adjoint",-0.264,1.1159778816,1.11582115928592,1.11582115928592,1.09401516614917,1.4722011806161
"cubic_truth","adjoint",-0.258,1.1178475368,1.1176970663283,1.1176970663283,1.0994385456933,1.47766803256784
"cubic_truth","adjoint",-0.252,1.1196990912,1.11955489669671,1.11955489669671,1.10486192523744,1.48302881508452
"cubic_truth","adjoint",-0.246,1.1215339704,1.12139607237453,1.12139607237453,1.11028530478157,1.48828222818876
"cubic_truth","adjoint",-0.24,1.1233536,1.12322201534508,1.12322201534508,1.11570868432571,1.49342699473645
"cubic_truth","adjoint",-0.234,1.1251594056,1.12503414759172,1.12503414759172,1.12113206386984,1.49846186093364
"cubic_truth","adjoint",-0.228,1.1269528128,1.1268338910978,1.1268338910978,1.12655544341397,1.50338559684527
"cubic_truth","adjoint",-0.222,1.1287352472,1.12862266784666,1.12862266784666,1.13197882295811,1.50819699689552
"cubic_truth","adjoint",-0.216,1.1305081344,1.13040189982166,1.13040189982166,1.13740220250224,1.5128948803594
"cubic_truth","adjoint",-0.21,1.1322729,1.13217300900613,1.13217300900613,1.14282558204637,1.51747809184525
"cubic_truth","adjoint",-0.204,1.1340309696,1.13393741738344,1.13393741738344,1.14824896159051,1.52194550176811
"cubic_truth","adjoint",-0.198,1.1357837688,1.13569654693692,1.13569654693692,1.15367234113464,1.52629600681342
"cubic_truth","adjoint",-0.192,1.1375327232,1.13745181964993,1.13745181964993,1.15909572067878,1.53052853039089
"cubic_truth","adjoint",-0.186,1.1392792584,1.13920465750581,1.13920465750581,1.16451910022291,1.53464202307839
"cubic_truth","adjoint",-0.18,1.1410248,1.14095648248791,1.14095648248791,1.16994247976704,1.53863546305539
"cubic_truth","adjoint",-0.174,1.1427707736,1.14270871657958,1.14270871657958,1.17536585931118,1.54250785652584
"cubic_truth","adjoint",-0.168,1.1445186048,1.14446278176416,1.14446278176416,1.18078923885531,1.54625823813028
"cubic_truth","adjoint",-0.162,1.1462697192,1.14622010002501,1.14622010002501,1.18621261839944,1.54988567134675
"cubic_truth","adjoint",-0.156,1.1480255424,1.14798209334548,1.14798209334548,1.19163599794358,1.55338924888052
"cubic_truth","adjoint",-0.15,1.1497875,1.1497501837089,1.1497501837089,1.19705937748771,1.55676809304223
"cubic_truth","adjoint",-0.144,1.1515570176,1.15152579309863,1.15152579309863,1.20248275703185,1.5600213561142
"cubic_truth","adjoint",-0.138,1.1533355208,1.15331034349802,1.15331034349802,1.20790613657598,1.56314822070493
"cubic_truth","adjoint",-0.132,1.1551244352,1.15510525689041,1.15510525689041,1.21332951612011,1.5661479000913
"cubic_truth","adjoint",-0.126,1.1569251864,1.15691195525916,1.15691195525916,1.21875289566425,1.5690196385484
"cubic_truth","adjoint",-0.12,1.1587392,1.15873186058761,1.15873186058761,1.22417627520838,1.57176271166687
"cubic_truth","adjoint",-0.114,1.1605679016,1.1605663948591,1.1605663948591,1.22959965475251,1.5743764266574
"cubic_truth","adjoint",-0.108,1.1624127168,1.16241698005699,1.16241698005699,1.23502303429665,1.57686012264232
"cubic_truth","adjoint",-0.102,1.1642750712,1.16428503816463,1.16428503816463,1.24044641384078,1.57921317093408
"cubic_truth","adjoint",-0.096,1.1661563904,1.16617199116536,1.16617199116536,1.24586979338492,1.5814349753005
"cubic_truth","adjoint",-0.09,1.1680581,1.16807926104253,1.16807926104253,1.25129317292905,1.58352497221648
"cubic_truth","adjoint",-0.084,1.1699816256,1.17000826977948,1.17000826977948,1.25671655247318,1.58548263110229
"cubic_truth","adjoint",-0.078,1.1719283928,1.17196043935958,1.17196043935958,1.26213993201732,1.58730745454797
"cubic_truth","adjoint",-0.072,1.1738998272,1.17393719176616,1.17393719176616,1.26756331156145,1.58899897852402
"cubic_truth","adjoint",-0.0660000000000001,1.1758973544,1.17593994898257,1.17593994898257,1.27298669110558,1.59055677257802
"cubic_truth","adjoint",-0.0600000000000001,1.1779224,1.17797013299216,1.17797013299216,1.27841007064972,1.59198044001721
"cubic_truth","adjoint",-0.054,1.1799763896,1.18002916577828,1.18002916577828,1.28383345019385,1.59326961807684
"cubic_truth","adjoint",-0.048,1.1820607488,1.18211846932427,1.18211846932427,1.28925682973799,1.59442397807422
"cubic_truth","adjoint",-0.042,1.1841769032,1.18423946561349,1.18423946561349,1.29468020928212,1.59544322554838
"cubic_truth","adjoint",-0.036,1.1863262784,1.18639357662929,1.18639357662929,1.30010358882625,1.59632710038527
"cubic_truth","adjoint",-0.03,1.1885103,1.188582224355,1.188582224355,1.30552696837039,1.59707537692839
"cubic_truth","adjoint",-0.024,1.1907303936,1.19080683077398,1.19080683077398,1.31095034791452,1.59768786407479
"cubic_truth","adjoint",-0.018,1.1929879848,1.19306881786958,1.19306881786958,1.31637372745865,1.5981644053564
"cubic_truth","adjoint",-0.012,1.1952844992,1.19536960762514,1.19536960762514,1.32179710700279,1.5985048790067
"cubic_truth","adjoint",-0.00600000000000001,1.1976213624,1.19771062202401,1.19771062202401,1.32722048654692,1.59870919801253
"cubic_truth","adjoint",0,1.2,1.20009328304954,1.20009328304954,1.33264386609106,1.59877731015115
"cubic_truth","adjoint",0.00600000000000001,1.2024218376,1.20251901268509,1.20251901268509,1.33806724563519,1.59870919801253
"cubic_truth","adjoint",0.012,1.2048883008,1.20498923291398,1.20498923291398,1.34349062517932,1.5985048790067
"cubic_truth","adjoint",0.018,1.2074008152,1.20750536571959,1.20750536571959,1.34891400472346,1.5981644053564
"cubic_truth","adjoint",0.024,1.2099608064,1.21006883308524,1.21006883308524,1.35433738426759,1.59768786407479
"cubic_truth","adjoint",0.03,1.2125697,1.2126810569943,1.2126810569943,1.35976076381172,1.59707537692839
"cubic_truth","adjoint",0.036,1.2152289216,1.2153434594301,1.2153434594301,1.36518414335586,1.59632710038527
"cubic_truth","adjoint",0.042,1.2179398968,1.218057462376,1.218057462376,1.37060752289999,1.59544322554838
"cubic_truth","adjoint",0.048,1.2207040512,1.22082448781534,1.22082448781534,1.37603090244413,1.59442397807422
"cubic_truth","adjoint",0.054,1.2235228104,1.22364595773148,1.22364595773148,1.38145428198826,1.59326961807684
"cubic_truth","adjoint",0.0599999999999999,1.2263976,1.22652329410775,1.22652329410775,1.38687766153239,1.59198044001721
"cubic_truth","adjoint",0.0659999999999999,1.2293298456,1.22945791892751,1.22945791892751,1.39230104107653,1.59055677257802
"cubic_truth","adjoint",0.072,1.2323209728,1.23245125417411,1.23245125417411,1.39772442062066,1.58899897852402
"cubic_truth","adjoint",0.078,1.2353724072,1.2355047218309,1.2355047218309,1.40314780016479,1.58730745454797
"cubic_truth","adjoint",0.084,1.2384855744,1.23861974388121,1.23861974388121,1.40857117970893,1.58548263110229
"cubic_truth","adjoint",0.09,1.2416619,1.24179774230841,1.24179774230841,1.41399455925306,1.58352497221648
"cubic_truth","adjoint",0.096,1.2449028096,1.24504013909583,1.24504013909583,1.4194179387972,1.5814349753005
"cubic_truth","adjoint",0.102,1.2482097288,1.24834835622683,1.24834835622683,1.42484131834133,1.57921317093408
"cubic_truth","adjoint",0.108,1.2515840832,1.25172381568475,1.25172381568475,1.43026469788546,1.57686012264232
"cubic_truth","adjoint",0.114,1.2550272984,1.25516793945294,1.25516793945294,1.4356880774296,1.5743764266574
"cubic_truth","adjoint",0.12,1.2585408,1.25868214951476,1.25868214951476,1.44111145697373,1.57176271166687
"cubic_truth","adjoint",0.126,1.2621260136,1.26226786785354,1.26226786785354,1.44653483651786,1.5690196385484
"cubic_truth","adjoint",0.132,1.2657843648,1.26592651645264,1.26592651645264,1.451958216062,1.5661479000913
"cubic_truth","adjoint",0.138,1.2695172792,1.2696595172954,1.2696595172954,1.45738159560613,1.56314822070493
"cubic_truth","adjoint",0.144,1.2733261824,1.27346829236518,1.27346829236518,1.46280497515026,1.5600213561142
"cubic_truth","adjoint",0.15,1.2772125,1.27735426364531,1.27735426364531,1.4682283546944,1.55676809304223
"cubic_truth","adjoint",0.156,1.2811776576,1.28131885311915,1.28131885311915,1.47365173423853,1.55338924888052
"cubic_truth","adjoint",0.162,1.2852230808,1.28536348277005,1.28536348277005,1.47907511378267,1.54988567134675
"cubic_truth","adjoint",0.168,1.2893501952,1.28948957458135,1.28948957458135,1.4844984933268,1.54625823813028
"cubic_truth","adjoint",0.174,1.2935604264,1.2936985505364,1.2936985505364,1.48992187287093,1.54250785652584
"cubic_truth","adjoint",0.18,1.2978552,1.29799183261855,1.29799183261855,1.49534525241507,1.53863546305539
"cubic_truth","adjoint",0.186,1.3022359416,1.30237084281115,1.30237084281115,1.5007686319592,1.53464202307839
"cubic_truth","adjoint",0.192,1.3067040768,1.30683700309755,1.30683700309755,1.50619201150333,1.53052853039089
"cubic_truth","adjoint",0.198,1.3112610312,1.31139173546109,1.31139173546109,1.51161539104747,1.52629600681342
"cubic_truth","adjoint",0.204,1.3159082304,1.31603646188512,1.31603646188512,1.5170387705916,1.52194550176811
"cubic_truth","adjoint",0.21,1.3206471,1.32077260435299,1.32077260435299,1.52246215013574,1.51747809184525
"cubic_truth","adjoint",0.216,1.3254790656,1.32560158484805,1.32560158484805,1.52788552967987,1.5128948803594
"cubic_truth","adjoint",0.222,1.3304055528,1.33052482535364,1.33052482535364,1.533308909224,1.50819699689552
"cubic_truth","adjoint",0.228,1.3354279872,1.33554374785312,1.33554374785312,1.53873228876814,1.50338559684527
"cubic_truth","adjoint",0.234,1.3405477944,1.34065977432983,1.34065977432983,1.54415566831227,1.49846186093364
"cubic_truth","adjoint",0.24,1.3457664,1.34587432676711,1.34587432676711,1.5495790478564,1.49342699473645
"cubic_truth","adjoint",0.246,1.3510852296,1.35118882714833,1.35118882714833,1.55500242740054,1.48828222818876
"cubic_truth","adjoint",0.252,1.3565057088,1.35660469745682,1.35660469745682,1.56042580694467,1.48302881508452
"cubic_truth","adjoint",0.258,1.3620292632,1.36212335967594,1.36212335967594,1.56584918648881,1.47766803256784
"cubic_truth","adjoint",0.264,1.3676573184,1.36774623578902,1.36774623578902,1.57127256603294,1.4722011806161
"cubic_truth","adjoint",0.27,1.3733913,1.37347474777943,1.37347474777943,1.57669594557707,1.46662958151513
"cubic_truth","adjoint",0.276,1.3792326336,1.3793103176305,1.3793103176305,1.58211932512121,1.46095457932692
"cubic_truth","adjoint",0.282,1.3851827448,1.38525436732559,1.38525436732559,1.58754270466534,1.45517753934997
"cubic_truth","adjoint",0.288,1.3912430592,1.39130831884804,1.39130831884804,1.59296608420947,1.44929984757272
"cubic_truth","adjoint",0.294,1.3974150024,1.39747359418121,1.39747359418121,1.59838946375361,1.44332291012036
"cubic_truth","adjoint",0.3,1.4037,1.40375161530843,1.40375161530843,1.60381284329774,1.4372481526952
"cubic_truth","adjoint",0.306,1.4100994776,1.41014380421306,1.41014380421306,1.60923622284188,1.43107702001108
"cubic_truth","adjoint",0.312,1.4166148608,1.41665158287844,1.41665158287844,1.61465960238601,1.42481097522201
"cubic_truth","adjoint",0.318,1.4232475752,1.42327637328793,1.42327637328793,1.62008298193014,1.41845149934542
"cubic_truth","adjoint",0.324,1.4299990464,1.43001959742487,1.43001959742487,1.62550636147428,1.4120000906803
"cubic_truth","adjoint",0.33,1.4368707,1.43688267727261,1.43688267727261,1.63092974101841,1.40545826422062
"cubic_truth","adjoint",0.336,1.4438639616,1.4438670348145,1.4438670348145,1.63635312056254,1.39882755106417
"cubic_truth","adjoint",0.342,1.4509802568,1.45097409203388,1.45097409203388,1.64177650010668,1.39210949781746
"cubic_truth","adjoint",0.348,1.4582210112,1.45820527091411,1.45820527091411,1.64719987965081,1.38530566599662
"cubic_truth","adjoint",0.354,1.4655876504,1.46556199343852,1.46556199343852,1.65262325919495,1.37841763142494
"cubic_truth","adjoint",0.36,1.4730816,1.47304568159048,1.47304568159048,1.65804663873908,1.37144698362721
"cubic_truth","adjoint",0.366,1.4807042856,1.48065775735332,1.48065775735332,1.66347001828321,1.36439532522119
"cubic_truth","adjoint",0.372,1.4884571328,1.4883996427104,1.4883996427104,1.66889339782735,1.35726427130667
"cubic_truth","adjoint",0.378,1.4963415672,1.49627275964506,1.49627275964506,1.67431677737148,1.35005544885217
"cubic_truth","adjoint",0.384,1.5043590144,1.50427853014065,1.50427853014065,1.67974015691561,1.34277049607999
"cubic_truth","adjoint",0.39,1.5125109,1.51241837618052,1.51241837618052,1.68516353645975,1.3354110618495
"cubic_truth","adjoint",0.396,1.5207986496,1.52069371974802,1.52069371974802,1.69058691600388,1.32797880503941
"cubic_truth","adjoint",0.402,1.5292236888,1.52910598282649,1.52910598282649,1.69601029554802,1.32047539392898
"cubic_truth","adjoint",0.408,1.5377874432,1.53765658739929,1.53765658739929,1.70143367509215,1.31290250557879
"cubic_truth","adjoint",0.414,1.5464913384,1.54634695544976,1.54634695544976,1.70685705463628,1.30526182521112
"cubic_truth","adjoint",0.42,1.5553368,1.55517850896125,1.55517850896125,1.71228043418042,1.29755504559052
"cubic_truth","adjoint",0.426,1.5643252536,1.5641526699171,1.5641526699171,1.71770381372455,1.28978386640465
"cubic_truth","adjoint",0.432,1.5734581248,1.57327086030067,1.57327086030067,1.72312719326868,1.28194999364587
"cubic_truth","adjoint",0.438,1.5827368392,1.5825345020953,1.5825345020953,1.72855057281282,1.2740551389938
"cubic_truth","adjoint",0.444,1.5921628224,1.59194501728434,1.59194501728434,1.73397395235695,1.26610101919921
"cubic_truth","adjoint",0.45,1.6017375,1.60150382785114,1.60150382785114,1.73939733190109,1.25808935546952
"cubic_truth","adjoint",0.456,1.6114622976,1.61121235577905,1.61121235577905,1.74482071144522,1.2500218728562
"cubic_truth","adjoint",0.462,1.6213386408,1.62107202305142,1.62107202305142,1.75024409098935,1.24190029964437
"cubic_truth","adjoint",0.468,1.6313679552,1.63108425165158,1.63108425165158,1.75566747053349,1.23372636674502
"cubic_truth","adjoint",0.474,1.6415516664,1.6412504635629,1.6412504635629,1.76109085007762,1.22550180708989
"cubic_truth","adjoint",0.48,1.6518912,1.65157208076871,1.65157208076871,1.76651422962175,1.21722835502956
"cubic_truth","adjoint",0.486,1.6623879816,1.66205052525238,1.66205052525238,1.77193760916589,1.20890774573485
"cubic_truth","adjoint",0.492,1.6730434368,1.67268721899724,1.67268721899724,1.77736098871002,1.20054171460198
"cubic_truth","adjoint",0.498,1.6838589912,1.68348358398664,1.68348358398664,1.78278436825416,1.19213199666158
"cubic_truth","adjoint",0.504,1.6948360704,1.69444104220393,1.69444104220393,1.78820774779829,1.18368032599194
"cubic_truth","adjoint",0.51,1.7059761,1.70556101563246,1.70556101563246,1.79363112734242,1.17518843513681
"cubic_truth","adjoint",0.516,1.7172805056,1.71684492625557,1.71684492625557,1.79905450688656,1.1666580545279
"cubic_truth","adjoint",0.522,1.7287507128,1.72829419605663,1.72829419605663,1.80447788643069,1.15809091191239
"cubic_truth","adjoint",0.528,1.7403881472,1.73991024701896,1.73991024701896,1.80990126597482,1.14948873178574
"cubic_truth","adjoint",0.534,1.7521942344,1.75169450112592,1.75169450112592,1.81532464551896,1.14085323483002
"cubic_truth","adjoint",0.54,1.7641704,1.76364838036087,1.76364838036087,1.82074802506309,1.13218613735796
"cubic_truth","adjoint",0.546,1.7763180696,1.77577330670714,1.77577330670714,1.82617140460723,1.12348915076308
"cubic_truth","adjoint",0.552,1.7886386688,1.78807070214808,1.78807070214808,1.83159478415136,1.11476398097602
"cubic_truth","adjoint",0.558,1.8011336232,1.80054198866705,1.80054198866705,1.83701816369549,1.1060123279273
"cubic_truth","adjoint",0.564,1.8138043584,1.81318858824739,1.81318858824739,1.84244154323963,1.09723588501691
"cubic_truth","adjoint",0.57,1.8266523,1.82601192287245,1.82601192287245,1.84786492278376,1.08843633859062
"cubic_truth","adjoint",0.576,1.8396788736,1.83901341452557,1.83901341452557,1.85328830232789,1.0796153674236
"cubic_truth","adjoint",0.582,1.8528855048,1.85219448519011,1.85219448519011,1.85871168187203,1.07077464221126
"cubic_truth","adjoint",0.588,1.8662736192,1.86555655684941,1.86555655684941,1.86413506141616,1.06191582506766
"cubic_truth","adjoint",0.594,1.8798446424,1.87910105148682,1.87910105148682,1.8695584409603,1.05304056903162
"cubic_truth","adjoint",0.6,1.8936,1.89282939108569,1.89282939108569,1.87498182050443,1.04415051758081
"cubic_truth","adjoint",0.606,1.9075411176,1.90674299762937,1.90674299762937,1.88040520004856,1.03524730415388
"cubic_truth","adjoint",0.612,1.9216694208,1.9208432931012,1.9208432931012,1.8858285795927,1.02633255168082
"cubic_truth","adjoint",0.618,1.9359863352,1.93513169948453,1.93513169948453,1.89125195913683,1.01740787212192
"cubic_truth","adjoint",0.624,1.9504932864,1.94960963876271,1.94960963876271,1.89667533868096,1.00847486601513
"cubic_truth","adjoint",0.63,1.9651917,1.9642785329191,1.9642785329191,1.9020987182251,0.999535122032377
"cubic_truth","adjoint",0.636,1.9800830016,1.97913980393702,1.97913980393702,1.90752209776923,0.990590216544609
"cubic_truth","adjoint",0.642,1.9951686168,1.99419487379985,1.99419487379985,1.91294547731337,0.981641713196047
"cubic_truth","adjoint",0.648,2.0104499712,2.00944516449091,2.00944516449091,1.9183688568575,0.972691162487536
"cubic_truth","adjoint",0.654,2.0259284904,2.02489209799357,2.02489209799357,1.92379223640163,0.963740101369243
"cubic_truth","adjoint",0.66,2.0416056,2.04053709629116,2.04053709629116,1.92921561594577,0.954790052842802
"cubic_truth","adjoint",0.666,2.0574827256,2.05638158136704,2.05638158136704,1.9346389954899,0.945842525573007
"cubic_truth","adjoint",0.672,2.0735612928,2.07242697520456,2.07242697520456,1.94006237503403,0.936899013509185
"cubic_truth","adjoint",0.678,2.0898427272,2.08867469978706,2.08867469978706,1.94548575457817,0.927960995516329
"cubic_truth","adjoint",0.684,2.1063284544,2.10512617709788,2.10512617709788,1.9509091341223,0.91902993501611
"cubic_truth","adjoint",0.69,2.1230199,2.12178282912039,2.12178282912039,1.95633251366644,0.910107279637842
"cubic_truth","adjoint",0.696,2.1399184896,2.13864607783792,2.13864607783792,1.96175589321057,0.901194460879478
"cubic_truth","adjoint",0.702,2.1570256488,2.15571734523383,2.15571734523383,1.9671792727547,0.89229289377874
"cubic_truth","adjoint",0.708,2.1743428032,2.17299805329146,2.17299805329146,1.97260265229884,0.883403976594415
"cubic_truth","adjoint",0.714,2.1918713784,2.19048962399415,2.19048962399415,1.97802603184297,0.874529090497908
"cubic_truth","adjoint",0.72,2.2096128,2.20819347932527,2.20819347932527,1.9834494113871,0.865669599275098
"cubic_truth","adjoint",0.726,2.2275684936,2.22611104126815,2.22611104126815,1.98887279093124,0.856826849038543
"cubic_truth","adjoint",0.732,2.2457398848,2.24424373180615,2.24424373180615,1.99429617047537,0.848002167950075
"cubic_truth","adjoint",0.738,2.2641283992,2.26259297292261,2.26259297292261,1.99971955001951,0.839196865953837
"cubic_truth","adjoint",0.744,2.2827354624,2.28116018660088,2.28116018660088,2.00514292956364,0.830412234519766
"cubic_truth","adjoint",0.75,2.3015625,2.29994679482431,2.29994679482431,2.01056630910777,0.821649546397565
"cubic_truth","adjoint",0.756,2.3206109376,2.31895421957624,2.31895421957624,2.01598968865191,0.812910055381174
"cubic_truth","adjoint",0.762,2.3398822008,2.33818388284003,2.33818388284003,2.02141306819604,0.804194996083741
"cubic_truth","adjoint",0.768,2.3593777152,2.35763720659902,2.35763720659902,2.02683644774017,0.795505583723118
"cubic_truth","adjoint",0.774,2.3790989064,2.37731561283656,2.37731561283656,2.03225982728431,0.786843013917853
"cubic_truth","adjoint",0.78,2.3990472,2.39722052353599,2.39722052353599,2.03768320682844,0.77820846249369
"cubic_truth","adjoint",0.786,2.4192240216,2.41735336068068,2.41735336068068,2.04310658637258,0.769603085300546
"cubic_truth","adjoint",0.792,2.4396307968,2.43771554625396,2.43771554625396,2.04852996591671,0.761028018039965
"cubic_truth","adjoint",0.798,2.4602689512,2.45830850223918,2.45830850223918,2.05395334546084,0.752484376102993
"cubic_truth","adjoint",0.804,2.4811399104,2.47913365061969,2.47913365061969,2.05937672500498,0.743973254418468
"cubic_truth","adjoint",0.81,2.5022451,2.50019241337883,2.50019241337883,2.06480010454911,0.73549572731167
"cubic_truth","adjoint",0.816,2.5235859456,2.52148621249997,2.52148621249997,2.07022348409324,0.727052848373292
"cubic_truth","adjoint",0.822,2.5451638728,2.54301646996644,2.54301646996644,2.07564686363738,0.718645650338682
"cubic_truth","adjoint",0.828,2.5669803072,2.56478460776159,2.56478460776159,2.08107024318151,0.710275144977298
"cubic_truth","adjoint",0.834,2.5890366744,2.58679204786876,2.58679204786876,2.08649362272565,0.701942322992321
"cubic_truth","adjoint",0.84,2.6113344,2.60904021227132,2.60904021227132,2.09191700226978,0.693648153930348
"cubic_truth","adjoint",0.846,2.6338749096,2.6315305229526,2.6315305229526,2.09734038181391,0.685393586101104
"cubic_truth","adjoint",0.852,2.6566596288,2.65426440189596,2.65426440189596,2.10276376135805,0.677179546507099
"cubic_truth","adjoint",0.858,2.6796899832,2.67724327108474,2.67724327108474,2.10818714090218,0.66900694078313
"cubic_truth","adjoint",0.864,2.7029673984,2.70046855250229,2.70046855250229,2.11361052044631,0.660876653145563
"cubic_truth","adjoint",0.87,2.7264933,2.72394166813195,2.72394166813195,2.11903389999045,0.652789546351291
"cubic_truth","adjoint",0.876,2.7502691136,2.74766403995709,2.74766403995709,2.12445727953458,0.644746461666276
"cubic_truth","adjoint",0.882,2.7742962648,2.77163708996103,2.77163708996103,2.12988065907872,0.636748218843572
"cubic_truth","adjoint",0.888,2.7985761792,2.79586224012714,2.79586224012714,2.13530403862285,0.62879561611073
"cubic_truth","adjoint",0.894,2.8231102824,2.82034091243876,2.82034091243876,2.14072741816698,0.620889430166466
"cubic_truth","adjoint",0.9,2.8479,2.84507452887923,2.84507452887923,2.14615079771112,0.613030416186493
"rbf_truth","bridge",-0.95,2.83607221709689,2.86538347895193,2.86446496484472,3.55212718178286,3.00238147004357
"rbf_truth","bridge",-0.943666666666667,2.89451234295458,2.92395631013658,2.9233469896344,3.5522609397634,3.01483753240134
"rbf_truth","bridge",-0.937333333333333,2.95189563698132,2.98145526682572,2.98114849405206,3.55239469774394,3.02721096440663
"rbf_truth","bridge",-0.931,3.00812246860016,3.03777978050933,3.03776823531799,3.55252845572448,3.03950176605944
"rbf_truth","bridge",-0.924666666666667,3.06309504424622,3.09283112269131,3.09310682300291,3.55266221370502,3.05170993735977
"rbf_truth","bridge",-0.918333333333333,3.11671778314024,3.14651278376037,3.14706710043903,3.55279597168557,3.06383547830762
"rbf_truth","bridge",-0.912,3.16889768946165,3.19873084837357,3.19955452262039,3.55292972966611,3.07587838890298
"rbf_truth","bridge",-0.905666666666667,3.21954471892044,3.24939436534468,3.2504775285712,3.55306348764665,3.08783866914587
"rbf_truth","bridge",-0.899333333333333,3.26857213773073,3.29841571003233,3.29974790616359,3.55319724562719,3.09971631903627
"rbf_truth","bridge",-0.893,3.31589687200589,3.3457109372392,3.34728114738288,3.55333100360773,3.11151133857419
"rbf_truth","bridge",-0.886666666666667,3.3614398456275,3.39120012266534,3.39299679207018,3.55346476158827,3.12322372775963
"rbf_truth","bridge",-0.880333333333333,3.40512630468629,3.43480769100409,3.43681875821809,3.55359851956881,3.13485348659259
"rbf_truth","bridge",-0.874,3.44688612665418,3.47646272882921,3.47867565695556,3.55373227754935,3.14640061507307
"rbf_truth","bridge",-0.867666666666667,3.48665411252069,3.51609928049552,3.51850109043245,3.55386603552989,3.15786511320107
"rbf_truth","bridge",-0.861333333333333,3.52437026021555,3.55365662536335,3.55623393090267,3.55399979351043,3.16924698097658
"rbf_truth","bridge",-0.855,3.55998001774039,3.5890795347577,3.59181857940609,3.55413355149097,3.18054621839962
"rbf_truth","bridge",-0.848666666666667,3.59343451454662,3.62231850718643,3.62520520256381,3.55426730947151,3.19176282547017
"rbf_truth","bridge",-0.842333333333333,3.6246907698216,3.65332998046668,3.65634994612681,3.55440106745205,3.20289680218824
"rbf_truth","bridge",-0.836,3.65371187648206,3.68207651954495,3.68521512405523,3.55453482543259,3.21394814855383
"rbf_truth","bridge",-0.829666666666667,3.68046715981993,3.70852697894184,3.7117693820523,3.55466858341313,3.22491686456694
"rbf_truth","bridge",-0.823333333333333,3.70493230990068,3.7326566389077,3.7359878346328,3.55480234139367,3.23580295022757
"rbf_truth","bridge",-0.817,3.7270894869772,3.75444731453702,3.75785217496905,3.55493609937421,3.24660640553572
"rbf_truth","bridge",-0.810666666666667,3.74692739935106,3.77388743725884,3.77735075692767,3.55506985735475,3.25732723049138
"rbf_truth","bridge",-0.804333333333333,3.76444135328757,3.79097210829419,3.79447864888544,3.55520361533529,3.26796542509456
"rbf_truth","bridge",-0.798,3.77963327476808,3.80570312384868,3.80923765909077,3.55533737331583,3.27852098934527
"rbf_truth","bridge",-0.791666666666667,3.79251170304359,3.81808897198869,3.82163633251898,3.55547113129637,3.28899392324349
"rbf_truth","bridge",-0.785333333333333,3.80309175613409,3.82814480132981,3.83168991935074,3.55560488927692,3.29938422678923
"rbf_truth","bridge",-0.779,3.81139506859756,3.83589236184589,3.8394203153844,3.55573864725746,3.30969189998249
"rbf_truth","bridge",-0.772666666666667,3.81744970207107,3.84135991828522,3.84485597487152,3.555872405238,3.31991694282327
"rbf_truth","bridge",-0.766333333333333,3.82129002925894,3.84458213685326,3.84803179643994,3.55600616321854,3.33005935531156
"rbf_truth","bridge",-0.76,3.82295659221255,3.84559994599078,3.84898898293848,3.55613992119908,3.34011913744738
"rbf_truth","bridge",-0.753666666666667,3.82249593590732,3.84446037223778,3.84777487620036,3.55627367917962,3.35009628923071
"rbf_truth","bridge",-0.747333333333333,3.81996041827682,3.84121635232775,3.8444427678777,3.55640743716016,3.35999081066156
"rbf_truth","bridge",-0.741,3.81540799800721,3.83592652280098,3.8390516876442,3.5565411951407,3.36980270173993
"rbf_truth","bridge",-0.734666666666667,3.80890200152997,3.82865498856006,3.83166617019895,3.55667495312124,3.37953196246582
"rbf_truth","bridge",-0.728333333333333,3.8005108707712,3.81947107191231,3.82235600262629,3.55680871110178,3.38917859283923
"rbf_truth","bridge",-0.722,3.79030789332598,3.80844904375385,3.81119595377757,3.55694246908232,3.39874259286016
"rbf_truth","bridge",-0.715666666666667,3.77837091681969,3.7956678386446,3.79826548743586,3.55707622706286,3.40822396252861
"rbf_truth","bridge",-0.709333333333333,3.76478204929973,3.78121075560531,3.7836484611069,3.5572099850434,3.41762270184457
"rbf_truth","bridge",-0.703,3.74962734756497,3.76516514653267,3.76743281234527,3.55734374302394,3.42693881080806
"rbf_truth","bridge",-0.696666666666667,3.7329964953897,3.74762209417865,3.74971023457457,3.55747750100448,3.43617228941906
"rbf_truth","bridge",-0.690333333333333,3.71498247363118,3.72867608167331,3.73057584439469,3.55761125898502,3.44532313767758
"rbf_truth","bridge",-0.684,3.69568122422595,3.70842465558782,3.71012784238563,3.55774501696556,3.45439135558362
"rbf_truth","bridge",-0.677666666666667,3.67519131007922,3.68696808453394,3.6884671694182,3.5578787749461,3.46337694313718
"rbf_truth","bridge",-0.671333333333333,3.65361357283473,3.66440901528103,3.66569716046531,3.55801253292664,3.47227990033825
"rbf_truth","bridge",-0.665,3.631050790478,3.64085212833794,3.64192319787474,3.55814629090718,3.48110022718685
"rbf_truth","bridge",-0.658666666666667,3.6076073366768,3.61640379489941,3.6172523660155,3.55828004888772,3.48983792368296
"rbf_truth","bridge",-0.652333333333333,3.58338884369678,3.59117173699204,3.59179310914525,3.55841380686826,3.4984929898266
"rbf_truth","bridge",-0.646,3.55850187065035,3.56526469257643,3.56565489426702,3.55854756484881,3.50706542561775
"rbf_truth","bridge",-0.639666666666667,3.53305357874247,3.53879208726869,3.5389478806498,3.55868132282935,3.51555523105642
"rbf_truth","bridge",-0.633333333333333,3.50715141506953,3.51186371423919,3.51178259758117,3.55881508080989,3.52396240614261
"rbf_truth","bridge",-0.627,3.48090280640851,3.48458942372813,3.48426963180114,3.55894883879043,3.53228695087632
"rbf_truth","bridge",-0.620666666666667,3.45441486430306,3.45707882348898,3.45651932593722,3.55908259677097,3.54052886525754
"rbf_truth","bridge",-0.614333333333333,3.42779410261335,3.42944099133252,3.4286414891212,3.55921635475151,3.54868814928629
"rbf_truth","bridge",-0.608,3.40114616854911,3.40178420079807,3.40074512082107,3.55935011273205,3.55676480296255
"rbf_truth","bridge",-0.601666666666667,3.37457558805009,3.37421566082531,3.37293814876756,3.55948387071259,3.56475882628634
"rbf_truth","bridge",-0.595333333333333,3.34818552621903,3.34684127014218,3.34532718169515,3.55961762869313,3.57267021925764
"rbf_truth","bridge",-0.589,3.32207756334864,3.31976538692247,3.31801727745546,3.55975138667367,3.58049898187646
"rbf_truth","bridge",-0.582666666666667,3.29635148691913,3.29309061410338,3.29111172689539,3.55988514465421,3.5882451141428
"rbf_truth","bridge",-0.576333333333333,3.27110509977726,3.26691760058935,3.26471185372807,3.56001890263475,3.59590861605666
"rbf_truth","bridge",-0.57,3.24643404454403,3.24134485840572,3.23891683046071,3.56015266061529,3.60348948761803
"rbf_truth","bridge",-0.563666666666667,3.22243164413681,3.21646859570679,3.21382351028293,3.56028641859583,3.61098772882693
"rbf_truth","bridge",-0.557333333333333,3.19918875813566,3.19238256538719,3.18952627466324,3.56042017657637,3.61840333968334
"rbf_truth","bridge",-0.551,3.17679365457291,3.16917792889722,3.16611689625125,3.56055393455691,3.62573632018728
"rbf_truth","bridge",-0.544666666666667,3.15533189658301,3.14694313472133,3.14368441654142,3.56068769253745,3.63298667033873
"rbf_truth","bridge",-0.538333333333333,3.13488624321581,3.12576381084675,3.12231503762074,3.56082145051799,3.6401543901377
"rbf_truth","bridge",-0.532,3.11553656359377,3.10572267042762,3.10209202720039,3.56095520849853,3.64723947958419
"rbf_truth","bridge",-0.525666666666667,3.09735976348216,3.08689942973985,3.0830956360205,3.56108896647907,3.65424193867819
"rbf_truth","bridge",-0.519333333333333,3.08042972324288,3.06937073742425,3.06540302661886,3.56122272445961,3.66116176741972
"rbf_truth","bridge",-0.513,3.06481724605794,3.05321011393205,3.04908821237054,3.56135648244016,3.66799896580877
"rbf_truth","bridge",-0.506666666666667,3.05059001523847,3.03848790001761,3.03422200563517,3.5614902404207,3.67475353384533
"rbf_truth","bridge",-0.500333333333333,3.03781255938083,3.02527121306921,3.02087197379498,3.56162399840124,3.68142547152941
"rbf_truth","bridge",-0.494,3.02654622409223,3.01362391003074,3.00910240192791,3.56175775638178,3.68801477886101
"rbf_truth","bridge",-0.487666666666667,3.01684914898639,3.00360655564533,2.99897426083828,3.56189151436232,3.69452145584013
"rbf_truth","bridge",-0.481333333333333,3.00877624864344,2.99527639474617,2.99054517916193,3.56202527234286,3.70094550246677
"rbf_truth","bridge",-0.475,3.00237919623938,2.98868732733133,2.9838694182738,3.5621590303234,3.70728691874093
"rbf_truth","bridge",-0.468666666666667,2.99770640857753,2.9838898851861,2.97899784875363,3.56229278830394,3.71354570466261
"rbf_truth","bridge",-0.462333333333333,2.99480303129778,2.98093120886041,2.97597792720897,3.56242654628448,3.7197218602318
"rbf_truth","bridge",-0.456,2.99371092309882,2.97985502386763,2.97485367231444,3.56256030426502,3.72581538544851
"rbf_truth","bridge",-0.449666666666667,2.99446863788277,2.98070161504532,2.97566563900054,3.56269406224556,3.73182628031275
"rbf_truth","bridge",-0.443333333333333,2.99711140382044,2.98350779810681,2.97845088981453,3.5628278202261,3.7377545448245
"rbf_truth","bridge",-0.437,3.0016710984376,2.98830688751416,2.98324296257799,3.56296157820664,3.74360017898377
"rbf_truth","bridge",-0.430666666666667,3.00817621893721,2.99512865991707,2.99007183358055,3.56309533618718,3.74936318279056
"rbf_truth","bridge",-0.424333333333333,3.01665184709825,3.00399931252712,2.99896387567512,3.56322909416772,3.75504355624486
"rbf_truth","bridge",-0.418,3.02711960822746,3.01494141593162,3.00994181077535,3.56336285214826,3.76064129934669
"rbf_truth","bridge",-0.411666666666667,3.03959762378422,3.0279738609943,3.02302465640028,3.5634966101288,3.76615641209603
"rbf_truth","bridge",-0.405333333333333,3.0541004574495,3.04311179963962,3.03822766606169,3.56363036810934,3.7715888944929
"rbf_truth","bridge",-0.399,3.07063905456627,3.06036657947267,3.05556226344557,3.56376412608988,3.77693874653728
"rbf_truth","bridge",-0.392666666666667,3.08922067503789,3.0797456723447,3.07503597049884,3.56389788407042,3.78220596822918
"rbf_truth","bridge",-0.386333333333333,3.10984881993291,3.10125259713457,3.09665232969295,3.56403164205096,3.7873905595686
"rbf_truth","bridge",-0.38,3.13252315220587,3.12488683717617,3.12041082089776,3.5641654000315,3.79249252055554
"rbf_truth","bridge",-0.373666666666667,3.1572394121035,3.15064375292014,3.14630677345767,3.56429915801205,3.79751185119
"rbf_truth","bridge",-0.367333333333333,3.18398932798208,3.17851449057277,3.17433127421802,3.56443291599259,3.80244855147197
"rbf_truth","bridge",-0.361,3.21276052341216,3.2084858876039,3.20447107239937,3.56456667397313,3.80730262140147
"rbf_truth","bridge",-0.354666666666667,3.24353642159109,3.24054037615766,3.23670848236076,3.56470043195367,3.81207406097848
"rbf_truth","bridge",-0.348333333333333,3.27629614821837,3.27465588553316,3.27102128542649,3.56483418993421,3.81676287020301
"rbf_truth","bridge",-0.342,3.31101443411396,3.31080574502477,3.30738263207504,3.56496794791475,3.82136904907506
"rbf_truth","bridge",-0.335666666666667,3.34766151897208,3.34895858852251,3.3457609458998,3.56510170589529,3.82589259759463
"rbf_truth","bridge",-0.329333333333333,3.38620305774267,3.38907826237054,3.38611983084983,3.56523546387583,3.83033351576172
"rbf_truth","bridge",-0.323,3.42660003121758,3.43112373806438,3.42841798334172,3.56536922185637,3.83469180357633
"rbf_truth","bridge",-0.316666666666667,3.46880866246739,3.47504903143441,3.47260911090126,3.56550297983691,3.83896746103845
"rbf_truth","bridge",-0.310333333333333,3.51278034082721,3.52080313001351,3.51864185904413,3.56563673781745,3.84316048814809
"rbf_truth","bridge",-0.304,3.55846155516428,3.56832993031873,3.56645974813705,3.56577049579799,3.84727088490526
"rbf_truth","bridge",-0.297666666666667,3.60579383817629,3.61756818679109,3.61600112199522,3.56590425377853,3.85129865130994
"rbf_truth","bridge",-0.291333333333333,3.65471372346666,3.66845147413266,3.66719910996693,3.56603801175907,3.85524378736214
"rbf_truth","bridge",-0.285,3.70515271712099,3.72090816475559,3.7199816042314,3.56617176973961,3.85910629306186
"rbf_truth","bridge",-0.278666666666667,3.75703728546746,3.77486142301457,3.7742712539925,3.56630552772015,3.8628861684091
"rbf_truth","bridge",-0.272333333333333,3.81028886064321,3.83022921783079,3.82998547818743,3.56643928570069,3.86658341340385
"rbf_truth","bridge",-0.266,3.8648238655088,3.88692435523371,3.88703649824662,3.56657304368123,3.87019802804613
"rbf_truth","bridge",-0.259666666666667,3.92055375935416,3.94485453224583,3.9453313923398,3.56670680166177,3.87373001233592
"rbf_truth","bridge",-0.253333333333333,3.97738510572292,4.00392241341733,4.00477217242376,3.56684055964231,3.87717936627324
"rbf_truth","bridge",-0.247,4.03521966354777,4.06402573118067,4.06525588526977,3.56697431762285,3.88054608985807
"rbf_truth","bridge",-0.240666666666667,4.09395450263942,4.12505741104352,4.12667473849593,3.5671080756034,3.88383018309042
"rbf_truth","bridge",-0.234333333333333,4.15348214440623,4.18690572247068,4.18891625246063,3.56724183358394,3.88703164597029
"rbf_truth","bridge",-0.228,4.21369072850228,4.24945445612445,4.25186343869125,3.56737559156448,3.89015047849767
"rbf_truth","bridge",-0.221666666666667,4.27446420591035,4.31258312793963,4.31539500532746,3.56750934954502,3.89318668067258
"rbf_truth","bridge",-0.215333333333333,4.33568255876373,4.37616721030523,4.37938558985281,3.56764310752556,3.896140252495
"rbf_truth","bridge",-0.209,4.39722204699973,4.440078390412,4.44370601917446,3.5677768655061,3.89901119396495
"rbf_truth","bridge",-0.202666666666667,4.45895548171958,4.50418485560498,4.50822359688886,3.56791062348664,3.90179950508241
"rbf_truth","bridge",-0.196333333333333,4.52075252490553,4.56835160535532,4.57280241734518,3.56804438146718,3.90450518584739
"rbf_truth","bridge",-0.19,4.58248001491993,4.6324407892375,4.63730370588859,3.56817813944772,3.90712823625989
"rbf_truth","bridge",-0.183666666666667,4.64400231698284,4.69631207006922,4.70158618443479,3.56831189742826,3.90966865631991
"rbf_truth","bridge",-0.177333333333333,4.70518169759872,4.75982301114351,4.76550646129841,3.5684456554088,3.91212644602745
"rbf_truth","bridge",-0.171,4.76587872167875,4.82282948625811,4.82891944397141,3.56857941338934,3.9145016053825
"rbf_truth","bridge",-0.164666666666667,4.82595267088797,4.88518611102818,4.89167877332758,3.56871317136988,3.91679413438508
"rbf_truth","bridge",-0.158333333333333,4.88526198153513,4.94674669375728,4.95363727751643,3.56884692935042,3.91900403303517
"rbf_truth","bridge",-0.152,4.94366470012253,5.00736470393945,5.0146474436064,3.56898068733096,3.92113130133278
"rbf_truth","bridge",-0.145666666666667,5.00101895448317,5.06689375627565,5.07456190484635,3.5691144453115,3.92317593927791
"rbf_truth","bridge",-0.139333333333333,5.05718343825629,5.12518810791063,5.13323394123628,3.56924820329204,3.92513794687056
"rbf_truth","bridge",-0.133,5.11201790629149,5.18210316643584,5.19051799093616,3.56938196127258,3.92701732411073
"rbf_truth","bridge",-0.126666666666667,5.16538367842686,5.23749600605932,5.24627016989649,3.56951571925312,3.92881407099842
"rbf_truth","bridge",-0.120333333333333,5.21714414896123,5.29122588921801,5.30034879696786,3.56964947723366,3.93052818753363
"rbf_truth","bridge",-0.114,5.26716529903409,5.34315479080267,5.35261492164049,3.5697832352142,3.93215967371635
"rbf_truth","bridge",-0.107666666666667,5.31531620904171,5.39314792208044,5.40293285147959,3.56991699319474,3.93370852954659
"rbf_truth","bridge",-0.101333333333333,5.36146956815463,5.44107425133835,5.45117067625948,3.57005075117529,3.93517475502435
"rbf_truth","bridge",-0.095,5.40550217796147,5.48680701823147,5.49720078576023,3.57018450915583,3.93655835014964
"rbf_truth","bridge",-0.0886666666666667,5.44729544724661,5.53022423880342,5.54090037817418,3.57031826713637,3.93785931492244
"rbf_truth","bridge",-0.0823333333333333,5.48673587491641,5.57120919815583,5.58215195607848,3.57045202511691,3.93907764934275
"rbf_truth","bridge",-0.076,5.52371551811896,5.6096509277749,5.62084380696195,3.57058578309745,3.94021335341059
"rbf_truth","bridge",-0.0696666666666667,5.55813244265747,5.64544466458057,5.656870465352,3.57071954107799,3.94126642712595
"rbf_truth","bridge",-0.0633333333333334,5.58989115287521,5.67849228884363,5.69013315366776,3.57085329905853,3.94223687048882
"rbf_truth","bridge",-0.0569999999999999,5.61890299829203,5.70870273822014,5.72054019903045,3.57098705703907,3.94312468349921
"rbf_truth","bridge",-0.0506666666666666,5.64508655439605,5.73599239527898,5.74800742338911,3.57112081501961,3.94392986615712
"rbf_truth","bridge",-0.0443333333333333,5.66836797514,5.76028544604632,5.772458504469,3.57125457300015,3.94465241846255
"rbf_truth","bridge",-0.038,5.6886813148577,5.78151420725993,5.79382530521999,3.57138833098069,3.9452923404155
"rbf_truth","bridge",-0.0316666666666666,5.70596881750155,5.7996194202141,5.81204816963158,3.57152208896123,3.94584963201597
"rbf_truth","bridge",-0.0253333333333333,5.72018117130462,5.81455050928179,5.82707618298835,3.57165584694177,3.94632429326396
"rbf_truth","bridge",-0.019,5.73127772719013,5.826265803423,5.83886739486345,3.57178960492231,3.94671632415946
"rbf_truth","bridge",-0.0126666666666666,5.73922667948415,5.83473271922416,5.84738900338517,3.57192336290285,3.94702572470249
"rbf_truth","bridge",-0.0063333333333333,5.74400520773285,5.8399279042624,5.85261749956244,3.57205712088339,3.94725249489303
"rbf_truth","bridge",0,5.74559957868105,5.84183733984709,5.85453877071519,3.57219087886393,3.94739663473109
"rbf_truth","bridge",0.0063333333333333,5.74400520773285,5.84045640245828,5.85314816232469,3.57232463684447,3.94745814421667
"rbf_truth","bridge",0.0126666666666667,5.73922667948415,5.83578988347416,5.84845049789332,3.57245839482501,3.94743702334977
"rbf_truth","bridge",0.019,5.73127772719013,5.82785196705597,5.84046005668119,3.57259215280555,3.94733327213039
"rbf_truth","bridge",0.0253333333333333,5.72018117130462,5.81666616633642,5.82920050946669,3.57272591078609,3.94714689055852
"rbf_truth","bridge",0.0316666666666667,5.70596881750155,5.80226521833325,5.81470481275554,3.57285966876664,3.94687787863418
"rbf_truth","bridge",0.038,5.6886813148577,5.78469093828285,5.79701506213778,3.57299342674718,3.94652623635735
"rbf_truth","bridge",0.0443333333333333,5.66836797514,5.76399403435511,5.77618230576032,3.57312718472772,3.94609196372805
"rbf_truth","bridge",0.0506666666666666,5.64508655439605,5.74023388396944,5.75226631914328,3.57326094270826,3.94557506074626
"rbf_truth","bridge",0.0569999999999999,5.61890299829203,5.7134782731801,5.72533534281799,3.5733947006888,3.94497552741199
"rbf_truth","bridge",0.0633333333333332,5.58989115287521,5.68380310083499,5.69546578450232,3.57352845866934,3.94429336372524
"rbf_truth","bridge",0.0696666666666668,5.55813244265747,5.65129204943341,5.66274188775165,3.57366221664988,3.943528569686
"rbf_truth","bridge",0.0760000000000001,5.52371551811896,5.61603622481379,5.62725536923088,3.57379597463042,3.94268114529429
"rbf_truth","bridge",0.0823333333333334,5.48673587491641,5.57813376698967,5.58910502694118,3.57392973261096,3.94175109055009
"rbf_truth","bridge",0.0886666666666667,5.44729544724661,5.53768943462059,5.54839632190501,3.5740634905915,3.94073840545342
"rbf_truth","bridge",0.095,5.40550217796147,5.49481416575184,5.50524093596076,3.57419724857204,3.93964309000426
"rbf_truth","bridge",0.101333333333333,5.36146956815463,5.4496246175826,5.45975630844522,3.57433100655258,3.93846514420262
"rbf_truth","bridge",0.107666666666667,5.31531620904171,5.40224268812509,5.4120651546457,3.57446476453312,3.9372045680485
"rbf_truth","bridge",0.114,5.26716529903409,5.35279502269675,5.3622949689834,3.57459852251366,3.9358613615419
"rbf_truth","bridge",0.120333333333333,5.21714414896123,5.3014125082431,5.31057751594594,3.5747322804942,3.93443552468282
"rbf_truth","bridge",0.126666666666667,5.16538367842686,5.24822975852021,5.25704831181822,3.57486603847474,3.93292705747125
"rbf_truth","bridge",0.133,5.11201790629149,5.19338459317321,5.20184610026832,3.57499979645528,3.93133595990721
"rbf_truth","bridge",0.139333333333333,5.05718343825629,5.13701751373012,5.1451123248281,3.57513355443582,3.92966223199068
"rbf_truth","bridge",0.145666666666667,5.00101895448317,5.07927117948991,5.08699060126735,3.57526731241636,3.92790587372167
"rbf_truth","bridge",0.152,4.94366470012253,5.02028988622058,5.0276261927967,3.5754010703969,3.92606688510018
"rbf_truth","bridge",0.158333333333333,4.88526198153513,4.96021905049666,4.96716549094786,3.57553482837744,3.92414526612621
"rbf_truth","bridge",0.164666666666667,4.82595267088797,4.89920470239968,4.90575550487286,3.57566858635798,3.92214101679976
"rbf_truth","bridge",0.171,4.76587872167875,4.83739298917753,4.84354336167562,3.57580234433853,3.92005413712083
"rbf_truth","bridge",0.177333333333333,4.70518169759872,4.77492969231393,4.78067582024361,3.57593610231907,3.91788462708941
"rbf_truth","bridge",0.183666666666667,4.64400231698284,4.71195976029653,4.71729880088333,3.57606986029961,3.91563248670552
"rbf_truth","bridge",0.19,4.58248001491993,4.64862685919469,4.65355693288491,3.57620361828015,3.91329771596914
"rbf_truth","bridge",0.196333333333333,4.52075252490553,4.58507294296661,4.58959312194835,3.57633737626069,3.91088031488028
"rbf_truth","bridge",0.202666666666667,4.45895548171958,4.52143784521283,4.52554813919986,3.57647113424123,3.90838028343894
"rbf_truth","bridge",0.209,4.39722204699973,4.45785889388051,4.46156023331294,3.57660489222177,3.90579762164512
"rbf_truth","bridge",0.215333333333333,4.33568255876373,4.39447055020304,4.39776476702718,3.57673865020231,3.90313232949882
"rbf_truth","bridge",0.221666666666667,4.27446420591035,4.33140407293414,4.33429387913122,3.57687240818285,3.90038440700004
"rbf_truth","bridge",0.228,4.21369072850228,4.26878720870677,4.27127617274567,3.57700616616339,3.89755385414877
"rbf_truth","bridge",0.234333333333333,4.15348214440623,4.20674390911775,4.20883643051082,3.57713992414393,3.89464067094503
"rbf_truth","bridge",0.240666666666667,4.09395450263942,4.14539407490956,4.1470953570534,3.57727368212447,3.8916448573888
"rbf_truth","bridge",0.247,4.03521966354777,4.0848533273959,4.08616934887954,3.57740744010501,3.88856641348009
"rbf_truth","bridge",0.253333333333333,3.97738510572292,4.02523280705621,4.02617029161902,3.57754119808555,3.8854053392189
"rbf_truth","bridge",0.259666666666667,3.92055375935416,3.96663899901151,3.96720538433095,3.57767495606609,3.88216163460523
"rbf_truth","bridge",0.266,3.8648238655088,3.90917358488905,3.90937699037528,3.57780871404663,3.87883529963908
"rbf_truth","bridge",0.272333333333333,3.81028886064321,3.85293332038974,3.85278251415934,3.57794247202717,3.87542633432044
"rbf_truth","bridge",0.278666666666667,3.75703728546746,3.79800993769071,3.79751430288606,3.57807623000771,3.87193473864933
"rbf_truth","bridge",0.285,3.70515271712099,3.74449007164806,3.74365957226192,3.57820998798825,3.86836051262573
"rbf_truth","bridge",0.291333333333333,3.65471372346666,3.69245520861218,3.69130035496915,3.57834374596879,3.86470365624966
"rbf_truth","bridge",0.297666666666667,3.60579383817629,3.64198165653244,3.64051347056993,3.57847750394933,3.8609641695211
"rbf_truth","bridge",0.304,3.55846155516428,3.593140534909,3.59137051539087,3.57861126192988,3.85714205244006
"rbf_truth","bridge",0.310333333333333,3.51278034082721,3.54599778304942,3.54393787083494,3.57874501991042,3.85323730500654
"rbf_truth","bridge",0.316666666666667,3.46880866246739,3.50061418500577,3.49827672848579,3.57887877789096,3.84924992722053
"rbf_truth","bridge",0.323,3.42660003121758,3.45704540950571,3.45444313030658,3.5790125358715,3.84517991908205
"rbf_truth","bridge",0.329333333333333,3.38620305774267,3.41534206314807,3.41248802219217,3.57914629385204,3.84102728059108
"rbf_truth","bridge",0.335666666666667,3.34766151897207,3.37554975510991,3.37245731911004,3.57928005183258,3.83679201174764
"rbf_truth","bridge",0.342,3.31101443411396,3.33770917160801,3.33439198006098,3.57941380981312,3.83247411255171
"rbf_truth","bridge",0.348333333333333,3.27629614821837,3.3018561583727,3.29832809110594,3.57954756779366,3.8280735830033
"rbf_truth","bridge",0.354666666666667,3.24353642159109,3.26802180942546,3.26429695473877,3.5796813257742,3.82359042310241
"rbf_truth","bridge",0.361,3.21276052341216,3.23623256050273,3.23232518393645,3.57981508375474,3.81902463284904
"rbf_truth","bridge",0.367333333333333,3.18398932798208,3.20651028553687,3.20243479928687,3.57994884173528,3.81437621224319
"rbf_truth","bridge",0.373666666666667,3.1572394121035,3.17887239468887,3.17464332767887,3.58008259971582,3.80964516128485
"rbf_truth","bridge",0.38,3.13252315220587,3.15333193252668,3.14896390113876,3.58021635769636,3.80483147997404
"rbf_truth","bridge",0.386333333333333,3.10984881993291,3.1298976750547,3.12540535451037,3.5803501156769,3.79993516831074
"rbf_truth","bridge",0.392666666666667,3.08922067503789,3.10857422442463,3.10397232080087,3.58048387365744,3.79495622629496
"rbf_truth","bridge",0.399,3.07063905456627,3.08936210029213,3.08466532315004,3.58061763163798,3.7898946539267
"rbf_truth","bridge",0.405333333333333,3.0541004574495,3.07225782692759,3.06748086252492,3.58075138961852,3.78475045120596
"rbf_truth","bridge",0.411666666666667,3.03959762378422,3.05725401533953,3.05241150039397,3.58088514759906,3.77952361813274
"rbf_truth","bridge",0.418,3.02711960822746,3.04433943982557,3.03944593579116,3.5810189055796,3.77421415470704
"rbf_truth","bridge",0.424333333333333,3.01665184709825,3.0334991085251,3.02856907634174,3.58115266356014,3.76882206092885
"rbf_truth","bridge",0.430666666666667,3.00817621893721,3.02471432770979,3.01976210298378,3.58128642154068,3.76334733679819
"rbf_truth","bridge",0.437,3.0016710984376,3.01796275970896,3.01300252828187,3.58142017952122,3.75778998231504
"rbf_truth","bridge",0.443333333333333,2.99711140382044,3.01321847452701,3.00826424839067,3.58155393750177,3.75214999747941
"rbf_truth","bridge",0.449666666666667,2.99446863788277,3.01045199536609,3.00551758888274,3.58168769548231,3.7464273822913
"rbf_truth","bridge",0.456,2.99371092309882,3.00963033841817,3.00472934480745,3.58182145346285,3.74062213675071
"rbf_truth","bridge",0.462333333333333,2.99480303129778,3.01071704743499,3.00586281549267,3.58195521144339,3.73473426085764
"rbf_truth","bridge",0.468666666666667,2.99770640857753,3.01367222372001,3.00887783473784,3.58208896942393,3.72876375461209
"rbf_truth","bridge",0.475,3.00237919623938,3.01845255231247,3.01373079717352,3.58222272740447,3.72271061801405
"rbf_truth","bridge",0.481333333333333,3.00877624864344,3.0250113252485,3.02037468167855,3.58235648538501,3.71657485106354
"rbf_truth","bridge",0.487666666666667,3.01684914898639,3.03329846288675,3.02875907284855,3.58249024336555,3.71035645376054
"rbf_truth","bridge",0.494,3.02654622409223,3.04326053437467,3.0388301815995,3.58262400134609,3.70405542610506
"rbf_truth","bridge",0.500333333333333,3.03781255938083,3.05484077840667,3.05053086606506,3.58275775932663,3.6976717680971
"rbf_truth","bridge",0.506666666666667,3.05059001523847,3.0679791254844,3.06380065400607,3.58289151730717,3.69120547973666
"rbf_truth","bridge",0.513,3.06481724605794,3.08261222293338,3.07857576799492,3.58302527528771,3.68465656102374
"rbf_truth","bridge",0.519333333333333,3.08042972324288,3.0986734639576,3.09478915466495,3.58315903326825,3.67802501195834
"rbf_truth","bridge",0.525666666666667,3.09735976348216,3.11609302202461,3.11237051932608,3.58329279124879,3.67131083254045
"rbf_truth","bridge",0.532,3.11553656359377,3.13479789186811,3.13124636724229,3.58342654922933,3.66451402277008
"rbf_truth","bridge",0.538333333333333,3.13488624321581,3.15471193837275,3.15134005284421,3.58356030720987,3.65763458264724
"rbf_truth","bridge",0.544666666666667,3.15533189658301,3.1757559545674,3.17257183811116,3.58369406519041,3.65067251217191
"rbf_truth","bridge",0.551,3.17679365457291,3.1978477298986,3.19485896130238,3.58382782317095,3.6436278113441
"rbf_truth","bridge",0.557333333333333,3.19918875813566,3.22090212988606,3.21811571714657,3.58396158115149,3.63650048016381
"rbf_truth","bridge",0.563666666666667,3.22243164413681,3.24483118817759,3.24225354951402,3.58409533913203,3.62929051863104
"rbf_truth","bridge",0.57,3.24643404454403,3.26954421192253,3.26718115749652,3.58422909711257,3.62199792674578
"rbf_truth","bridge",0.576333333333333,3.27110509977726,3.29494790127135,3.29280461570817,3.58436285509312,3.61462270450805
"rbf_truth","bridge",0.582666666666667,3.29635148691913,3.32094648368648,3.31902750949666,3.58449661307366,3.60716485191783
"rbf_truth","bridge",0.589,3.32207756334864,3.34744186361589,3.3457510856204,3.5846303710542,3.59962436897513
"rbf_truth","bridge",0.595333333333333,3.34818552621903,3.37433378793854,3.37287441880322,3.58476412903474,3.59200125567995
"rbf_truth","bridge",0.601666666666667,3.37457558805009,3.40152002744075,3.40029459442738,3.58489788701528,3.58429551203229
"rbf_truth","bridge",0.608,3.40114616854911,3.42889657442583,3.4279069074682,3.58503164499582,3.57650713803215
"rbf_truth","bridge",0.614333333333333,3.42779410261335,3.45635785639892,3.45560507761148,3.58516540297636,3.56863613367953
"rbf_truth","bridge",0.620666666666667,3.45441486430306,3.48379696560437,3.4832814803299,3.5852991609569,3.56068249897443
"rbf_truth","bridge",0.627,3.48090280640851,3.51110590402825,3.51082739352809,3.58543291893744,3.55264623391684
"rbf_truth","bridge",0.633333333333333,3.50715141506953,3.53817584331299,3.53813325919996,3.58556667691798,3.54452733850677
"rbf_truth","bridge",0.639666666666667,3.53305357874247,3.56489739886848,3.56508895937759,3.58570043489852,3.53632581274423
"rbf_truth","bridge",0.646,3.55850187065036,3.59116091730416,3.59158410549039,3.58583419287906,3.5280416566292
"rbf_truth","bridge",0.652333333333333,3.58338884369678,3.61685677615218,3.6175083400978,3.5859679508596,3.51967487016169
"rbf_truth","bridge",0.658666666666667,3.6076073366768,3.64187569470432,3.64275164981027,3.58610170884014,3.51122545334169
"rbf_truth","bridge",0.665,3.631050790478,3.66610905464555,3.66720468807249,3.58623546682068,3.50269340616922
"rbf_truth","bridge",0.671333333333333,3.65361357283473,3.68944922903726,3.69075910635234,3.58636922480122,3.49407872864427
"rbf_truth","bridge",0.677666666666667,3.67519131007922,3.71178991808412,3.71330789215893,3.58650298278176,3.48538142076683
"rbf_truth","bridge",0.684,3.69568122422595,3.73302649001169,3.73474571220561,3.5866367407623,3.47660148253691
"rbf_truth","bridge",0.690333333333333,3.71498247363118,3.75305632528755,3.75496925893901,3.58677049874284,3.46773891395452
"rbf_truth","bridge",0.696666666666667,3.7329964953897,3.77177916233966,3.77387759857529,3.58690425672338,3.45879371501964
"rbf_truth","bridge",0.703,3.74962734756497,3.78909744286007,3.79137251871891,3.58703801470392,3.44976588573228
"rbf_truth","bridge",0.709333333333333,3.76478204929972,3.80491665473338,3.80735887359038,3.58717177268446,3.44065542609243
"rbf_truth","bridge",0.715666666666667,3.77837091681969,3.81914567059594,3.82174492485527,3.58730553066501,3.43146233610011
"rbf_truth","bridge",0.722,3.79030789332598,3.83169708001492,3.83444267603041,3.58743928864555,3.42218661575531
"rbf_truth","bridge",0.728333333333333,3.8005108707712,3.84248751327675,3.84536819844328,3.58757304662609,3.41282826505802
"rbf_truth","bridge",0.734666666666667,3.80890200152997,3.85143795479078,3.85444194673679,3.58770680460663,3.40338728400825
"rbf_truth","bridge",0.741,3.81540799800722,3.85847404414748,3.86158906194603,3.58784056258717,3.39386367260601
"rbf_truth","bridge",0.747333333333333,3.81996041827682,3.86352636292047,3.86673966022318,3.58797432056771,3.38425743085128
"rbf_truth","bridge",0.753666666666667,3.82249593590733,3.86653070536682,3.86982910535272,3.58810807854825,3.37456855874407
"rbf_truth","bridge",0.76,3.82295659221255,3.86742833126187,3.8707982632814,3.58824183652879,3.36479705628437
"rbf_truth","bridge",0.766333333333333,3.82129002925894,3.86616619920005,3.86959373698325,3.58837559450933,3.3549429234722
"rbf_truth","bridge",0.772666666666667,3.81744970207107,3.86269717880339,3.86616808009088,3.58850935248987,3.34500616030755
"rbf_truth","bridge",0.779,3.81139506859756,3.85698024040169,3.86047998784734,3.58864311047041,3.33498676679041
"rbf_truth","bridge",0.785333333333333,3.80309175613408,3.84898062088317,3.85249446406877,3.58877686845095,3.32488474292079
"rbf_truth","bridge",0.791666666666667,3.7925117030436,3.83866996455972,3.84218296295404,3.58891062643149,3.31470008869869
"rbf_truth","bridge",0.798,3.77963327476808,3.82602643804502,3.82952350473315,3.58904438441203,3.30443280412411
"rbf_truth","bridge",0.804333333333333,3.76444135328757,3.81103481830756,3.81450076431051,3.58917814239257,3.29408288919705
"rbf_truth","bridge",0.810666666666667,3.74692739935106,3.79368655322913,3.79710613222958,3.58931190037311,3.28365034391751
"rbf_truth","bridge",0.817,3.7270894869772,3.77397979417506,3.77733774746134,3.58944565835365,3.27313516828549
"rbf_truth","bridge",0.823333333333333,3.70493230990068,3.75191940026025,3.75520050169903,3.58957941633419,3.26253736230098
"rbf_truth","bridge",0.829666666666667,3.68046715981994,3.72751691417658,3.73070601502344,3.58971317431473,3.25185692596399
"rbf_truth","bridge",0.836,3.65371187648206,3.70079050962825,3.70387258298584,3.58984693229527,3.24109385927453
"rbf_truth","bridge",0.842333333333333,3.6246907698216,3.6717649106032,3.67472509533814,3.58998069027581,3.23024816223258
"rbf_truth","bridge",0.848666666666667,3.59343451454662,3.64047128288646,3.64329492681891,3.59011444825635,3.21931983483815
"rbf_truth","bridge",0.855,3.55998001774039,3.60694709839706,3.60961980058068,3.5902482062369,3.20830887709124
"rbf_truth","bridge",0.861333333333333,3.52437026021555,3.5712359730994,3.5737436250146,3.59038196421744,3.19721528899184
"rbf_truth","bridge",0.867666666666667,3.48665411252069,3.53338747940369,3.53571630489314,3.59051572219798,3.18603907053997
"rbf_truth","bridge",0.874,3.44688612665418,3.49345693412573,3.49559352790813,3.59064948017852,3.17478022173562
"rbf_truth","bridge",0.880333333333333,3.40512630468629,3.45150516322289,3.45343652782953,3.59078323815906,3.16343874257878
"rbf_truth","bridge",0.886666666666667,3.36143984562749,3.40759824466068,3.40931182564786,3.5909169961396,3.15201463306946
"rbf_truth","bridge",0.893,3.31589687200589,3.36180723088946,3.36329095019043,3.59105075412014,3.14050789320766
"rbf_truth","bridge",0.899333333333333,3.26857213773073,3.31420785252562,3.31545013981563,3.59118451210068,3.12891852299338
"rbf_truth","bridge",0.905666666666667,3.21954471892044,3.26488020493267,3.26587002689283,3.59131827008122,3.11724652242662
"rbf_truth","bridge",0.912,3.16889768946165,3.21390841948634,3.21463530686337,3.59145202806176,3.10549189150738
"rbf_truth","bridge",0.918333333333333,3.11671778314024,3.16138032138219,3.16183439375393,3.5915857860423,3.09365463023565
"rbf_truth","bridge",0.924666666666667,3.06309504424622,3.10738707590479,3.1075590640741,3.59171954402284,3.08173473861145
"rbf_truth","bridge",0.931,3.00812246860016,3.05202282512372,3.05190409107657,3.59185330200338,3.06973221663476
"rbf_truth","bridge",0.937333333333333,2.95189563698132,2.99538431701323,2.99496687139023,3.59198705998392,3.05764706430559
"rbf_truth","bridge",0.943666666666667,2.89451234295458,2.93757052900972,2.93684704605368,3.59212081796446,3.04547928162394
"rbf_truth","bridge",0.95,2.83607221709689,2.87868228802373,2.87764611797963,3.592254575945,3.03322886858981
"rbf_truth","adjoint",-0.9,3.26349012904206,3.25722841341361,3.25880942468721,4.00527664219194,1.95333700464028
"rbf_truth","adjoint",-0.894,3.30854102092818,3.30223620008974,3.30383156146252,4.00484454772938,1.98650997942202
"rbf_truth","adjoint",-0.888,3.35200369295451,3.34566236328633,3.34727041534576,4.00441245326682,2.01946988119556
"rbf_truth","adjoint",-0.882,3.39381388359381,3.38744289691992,3.38906190264401,4.00398035880426,2.05221670996092
"rbf_truth","adjoint",-0.876,3.43391101087577,3.4275174629512,3.42914561215609,4.00354826434169,2.08475046571808
"rbf_truth","adjoint",-0.87,3.47223839854817,3.46582961662577,3.46746503068647,4.00311616987913,2.11707114846704
"rbf_truth","adjoint",-0.864,3.5087434890195,3.50232701852251,3.50396775535076,4.00268407541657,2.14917875820782
"rbf_truth","adjoint",-0.858,3.54337804198167,3.53696163231196,3.53860569157388,4.00225198095401,2.1810732949404
"rbf_truth","adjoint",-0.852,3.57609831768278,3.5696899071983,3.57133523575323,4.00181988649145,2.21275475866479
"rbf_truth","adjoint",-0.846,3.60686524389886,3.60047294409728,3.60211744163813,4.00138779202889,2.24422314938099
"rbf_truth","adjoint",-0.84,3.6356445657388,3.62927664468799,3.63091816956235,4.00095569756633,2.27547846708899
"rbf_truth","adjoint",-0.834,3.6624069775091,3.65607184256787,3.6577082177581,4.00052360310377,2.3065207117888
"rbf_truth","adjoint",-0.828,3.68712823596244,3.68083441583843,3.68246343507828,4.00009150864121,2.33734988348042
"rbf_truth","adjoint",-0.822,3.70978925435701,3.70354538055115,3.70516481455572,3.99965941417865,2.36796598216384
"rbf_truth","adjoint",-0.816,3.73037617686105,3.72419096455088,3.72579856733609,3.99922731971609,2.39836900783907
"rbf_truth","adjoint",-0.81,3.74888043294754,3.74276266136382,3.74435617663119,3.99879522525353,2.42855896050611
"rbf_truth","adjoint",-0.804,3.76529877153767,3.75925726389117,3.76083443145351,3.99836313079097,2.45853584016496
"rbf_truth","adjoint",-0.798,3.77963327476808,3.77367687778508,3.77523544000837,3.99793103632841,2.48829964681561
"rbf_truth","adjoint",-0.792,3.79189135137281,3.78602891449976,3.78756662273664,3.99749894186585,2.51785038045807
"rbf_truth","adjoint",-0.786,3.80208570978899,3.79632606412805,3.79784068511828,3.99706684740329,2.54718804109234
"rbf_truth","adjoint",-0.78,3.81023431121154,3.80458624824983,3.8060755704637,3.99663475294073,2.57631262871842
"rbf_truth","adjoint",-0.774,3.8163603029374,3.81083255313387,3.8122943930345,3.99620265847816,2.6052241433363
"rbf_truth","adjoint",-0.768,3.82049193245313,3.8150931437472,3.81652535194871,3.9957705640156,2.63392258494599
"rbf_truth","adjoint",-0.762,3.82266244282876,3.81740115913575,3.8188016264344,3.99533846955304,2.66240795354749
"rbf_truth","adjoint",-0.756,3.82290995008741,3.81779458984522,3.81916125310207,3.99490637509048,2.69068024914079
"rbf_truth","adjoint",-0.75,3.82127730332044,3.81631613815222,3.81764698600626,3.99447428062792,2.7187394717259
"rbf_truth","adjoint",-0.744,3.81781192841334,3.81301306197027,3.81430614036226,3.99404218616536,2.74658562130282
"rbf_truth","adjoint",-0.738,3.81256565633694,3.80793700338442,3.80919042087283,3.9936100917028,2.77421869787155
"rbf_truth","adjoint",-0.732,3.80559453703962,3.80114380284935,3.80235573570107,3.99317799724024,2.80163870143208
"rbf_truth","adjoint",-0.726,3.7969586400513,3.79269330016044,3.79386199720006,3.99274590277768,2.82884563198442
"rbf_truth","adjoint",-0.72,3.78672184297517,3.78264912337239,3.78377291057563,3.99231380831512,2.85583948952857
"rbf_truth","adjoint",-0.714,3.77495160910064,3.77107846689723,3.77215575171523,3.99188171385256,2.88262027406453
"rbf_truth","adjoint",-0.708,3.7617187554189,3.75805186006112,3.75908113546417,3.99144961939,2.90918798559229
"rbf_truth","adjoint",-0.702,3.74709721236071,3.74364292743778,3.74462277566837,3.99101752492744,2.93554262411186
"rbf_truth","adjoint",-0.696,3.73116377660435,3.72792814230393,3.72885723833092,3.99058543046488,2.96168418962323
"rbf_truth","adjoint",-0.69,3.71399785832011,3.71098657458111,3.71186368924826,3.99015333600232,2.98761268212642
"rbf_truth","adjoint",-0.684,3.69568122422594,3.69289963463564,3.69372363749944,3.98972124153976,3.01332810162141
"rbf_truth","adjoint",-0.678,3.67629773782632,3.67375081430631,3.67452067615987,3.98928914707719,3.03883044810821
"rbf_truth","adjoint",-0.672,3.65593309819434,3.65362542651703,3.65434022159818,3.98885705261463,3.06411972158681
"rbf_truth","adjoint",-0.666,3.63467457863445,3.63261034480894,3.63326925269254,3.98842495815207,3.08919592205722
"rbf_truth","adjoint",-0.66,3.61261076653083,3.61079374409402,3.61139605126993,3.98799286368951,3.11405904951944
"rbf_truth","adjoint",-0.654,3.58983130564467,3.58826484389058,3.58880994503025,3.98756076922695,3.13870910397347
"rbf_truth","adjoint",-0.648,3.56642664207249,3.56511365524946,3.5656010541657,3.98712867476439,3.16314608541931
"rbf_truth","adjoint",-0.642,3.54248777501768,3.54143073252035,3.5418600428261,3.98669658030183,3.18736999385695
"rbf_truth","adjoint",-0.636,3.51810601345985,3.51730693103943,3.51767787651273,3.98626448583927,3.2113808292864
"rbf_truth","adjoint",-0.63,3.4933727397307,3.49283317174408,3.4931455864076,3.98583239137671,3.23517859170765
"rbf_truth","adjoint",-0.624,3.46837918092302,3.46810021363815,3.46835404156283,3.98540029691415,3.25876328112072
"rbf_truth","adjoint",-0.618,3.44321618897067,3.4431984349425,3.44339372978585,3.98496820245159,3.28213489752559
"rbf_truth","adjoint",-0.612,3.41797403014379,3.41821762367209,3.41835454796256,3.98453610798903,3.30529344092226
"rbf_truth","adjoint",-0.606,3.39274218460474,3.39324677828212,3.3933256024617,3.98410401352647,3.32823891131075
"rbf_truth","adjoint",-0.6,3.36760915656861,3.36837391892409,3.36839502016211,3.98367191906391,3.35097130869104
"rbf_truth","adjoint",-0.594,3.34266229550708,3.34368590974769,3.34364977053913,3.98323982460135,3.37349063306314
"rbf_truth","adjoint",-0.588,3.31798762872815,3.31926829257841,3.31917549914051,3.98280773013879,3.39579688442705
"rbf_truth","adjoint",-0.582,3.29366970555664,3.29520513219272,3.29505637267405,3.98237563567622,3.41789006278276
"rbf_truth","adjoint",-0.576,3.26979145323328,3.27157887330655,3.27137493582261,3.98194354121366,3.43977016813028
"rbf_truth","adjoint",-0.57,3.24643404454403,3.24847020928566,3.2482119797953,3.9815114467511,3.46143720046961
"rbf_truth","adjoint",-0.564,3.22367677708712,3.22595796248332,3.22564642252011,3.98107935228854,3.48289115980075
"rbf_truth","adjoint",-0.558,3.2015969639841,3.20411897600922,3.20375520028151,3.98064725782598,3.50413204612369
"rbf_truth","adjoint",-0.552,3.18026983574399,3.18302801663646,3.18261317050979,3.98021516336342,3.52515985943844
"rbf_truth","adjoint",-0.546,3.15976845289714,3.16275768846115,3.16229302533591,3.97978306890086,3.545974599745
"rbf_truth","adjoint",-0.54,3.14016362892835,3.14337835684217,3.14286521543906,3.9793509744383,3.56657626704336
"rbf_truth","adjoint",-0.534,3.12152386295827,3.12495808206839,3.12439788363347,3.97891887997574,3.58696486133353
"rbf_truth","adjoint",-0.528,3.10391528154872,3.10756256212696,3.10695680756725,3.97848678551318,3.60714038261551
"rbf_truth","adjoint",-0.522,3.08740158894175,3.09125508388109,3.09060535084101,3.97805469105062,3.6271028308893
"rbf_truth","adjoint",-0.516,3.07204402498483,3.07609648190802,3.07540442179593,3.97762259658806,3.64685220615489
"rbf_truth","adjoint",-0.51,3.05790132994631,3.06214510419991,3.06141243917303,3.9771905021255,3.66638850841229
"rbf_truth","adjoint",-0.504,3.0450297153859,3.04945678389099,3.04868530380605,3.97675840766294,3.6857117376615
"rbf_truth","adjoint",-0.498,3.03348284021543,3.03808481614502,3.03727637548089,3.97632631320038,3.70482189390251
"rbf_truth","adjoint",-0.492,3.02331179106561,3.02807993931762,3.0272364540751,3.97589421873782,3.72371897713534
"rbf_truth","adjoint",-0.486,3.0145650660652,3.01949031949862,3.01861376408148,3.97546212427525,3.74240298735996
"rbf_truth","adjoint",-0.48,3.00728856113943,3.01236153754042,3.01145394162072,3.97503002981269,3.7608739245764
"rbf_truth","adjoint",-0.474,3.00152555794569,3.00673657768942,3.00580002305902,3.97459793535013,3.77913178878464
"rbf_truth","adjoint",-0.468,2.99731671258556,3.00265581695839,3.00169243436763,3.97416584088757,3.7971765799847
"rbf_truth","adjoint",-0.462,2.99470004426292,3.0001570144092,2.9991689803925,3.97373374642501,3.81500829817655
"rbf_truth","adjoint",-0.456,2.99371092309882,2.99927529955524,2.99826483324274,3.97330165196245,3.83262694336022
"rbf_truth","adjoint",-0.45,2.99438205636313,3.00004315914333,2.99901251905639,3.97286955749989,3.85003251553569
"rbf_truth","adjoint",-0.444,2.99674347244197,3.00249042163287,3.00144190246086,3.97243746303733,3.86722501470297
"rbf_truth","adjoint",-0.438,3.00082250192628,3.00664423875752,3.00558016811217,3.97200536857477,3.88420444086206
"rbf_truth","adjoint",-0.432,3.00664375528158,3.01252906362827,3.01145179877153,3.97157327411221,3.90097079401295
"rbf_truth","adjoint",-0.426,3.01422909664003,3.02016662491883,3.01907854945936,3.97114117964965,3.91752407415565
"rbf_truth","adjoint",-0.42,3.02359761334334,3.02957589676095,3.02847941731419,3.97070908518709,3.93386428129016
"rbf_truth","adjoint",-0.414,3.03476558095767,3.04077306407059,3.03967060687671,3.97027699072453,3.94999141541648
"rbf_truth","adjoint",-0.408,3.04774642357888,3.05377148312247,3.05266549061656,3.96984489626197,3.9659054765346
"rbf_truth","adjoint",-0.402,3.0625506693468,3.06858163729123,3.06747456461983,3.96941280179941,3.98160646464453
"rbf_truth","adjoint",-0.396,3.07918590119036,3.08521108798063,3.08410539945872,3.96898070733685,3.99709437974627
"rbf_truth","adjoint",-0.39,3.0976567029298,3.10366442086632,3.10256258636917,3.96854861287429,4.01236922183982
"rbf_truth","adjoint",-0.384,3.1179646009673,3.12394318768314,3.12284767896755,3.96811651841172,4.02743099092517
"rbf_truth","adjoint",-0.378,3.14010800190142,3.14604584389196,3.14495913084192,3.96768442394916,4.04227968700233
"rbf_truth","adjoint",-0.372,3.16408212650396,3.16996768266386,3.16889222945618,3.9672523294866,4.05691531007129
"rbf_truth","adjoint",-0.366,3.18987894059724,3.19570076571972,3.19463902690578,3.96682023502404,4.07133786013207
"rbf_truth","adjoint",-0.36,3.2174870834669,3.22323385165945,3.22218826816007,3.96638814056148,4.08554733718465
"rbf_truth","adjoint",-0.354,3.24689179453633,3.25255232250684,3.25152531751805,3.96595604609892,4.09954374122904
"rbf_truth","adjoint",-0.348,3.27807483911523,3.28363810928209,3.2826320840907,3.96552395163636,4.11332707226523
"rbf_truth","adjoint",-0.342,3.31101443411396,3.31646961749341,3.31548694720219,3.9650918571738,4.12689733029324
"rbf_truth","adjoint",-0.336,3.34568517468743,3.35102165351099,3.35006468267461,3.96465976271124,4.14025451531305
"rbf_truth","adjoint",-0.33,3.38205796283564,3.38726535285055,3.38633639102453,3.96422766824868,4.15339862732466
"rbf_truth","adjoint",-0.324,3.42009993904278,3.42516811144778,3.42426942865414,3.96379557378612,4.16632966632809
"rbf_truth","adjoint",-0.318,3.45977441808143,3.46469352105052,3.4638273431651,3.96336347932356,4.17904763232332
"rbf_truth","adjoint",-0.312,3.50104083014308,3.50580130988955,3.50496981395731,3.962931384861,4.19155252531036
"rbf_truth","adjoint",-0.306,3.54385466847967,3.54844728981282,3.54765259929916,3.96249929039844,4.2038443452892
"rbf_truth","adjoint",-0.3,3.58816744475341,3.5925833110806,3.59182749106775,3.96206719593588,4.21592309225986
"rbf_truth","adjoint",-0.294,3.63392665329284,3.63815722601957,3.637442278359,3.96163510147332,4.22778876622232
"rbf_truth","adjoint",-0.288,3.68107574544223,3.68511286272337,3.68444072115627,3.96120300701075,4.23944136717659
"rbf_truth","adjoint",-0.282,3.72955411516848,3.73339000996421,3.73276253522366,3.96077091254819,4.25088089512266
"rbf_truth","adjoint",-0.276,3.7792970970548,3.78292441444523,3.78234338935509,3.96033881808563,4.26210735006054
"rbf_truth","adjoint",-0.27,3.83023597776391,3.83364779147729,3.83311491606396,3.95990672362307,4.27312073199023
"rbf_truth","adjoint",-0.264,3.88229802199507,3.885487850105,3.88500473673973,3.95947462916051,4.28392104091173
"rbf_truth","adjoint",-0.258,3.93540651388977,3.93836833363804,3.93793650222834,3.95904253469795,4.29450827682503
"rbf_truth","adjoint",-0.252,3.98948081476022,3.99220907646286,3.99182994971277,3.95861044023539,4.30488243973014
"rbf_truth","adjoint",-0.246,4.04443643792393,4.04692607791936,4.04660097667938,3.95817834577283,4.31504352962706
"rbf_truth","adjoint",-0.24,4.10018514132699,4.10243159392662,4.10216173265464,3.95774625131027,4.32499154651579
"rbf_truth","adjoint",-0.234,4.15663503852871,4.15863424693177,4.1584207292874,3.95731415684771,4.33472649039632
"rbf_truth","adjoint",-0.228,4.21369072850228,4.21543915463863,4.21528296923358,3.95688206238515,4.34424836126866
"rbf_truth","adjoint",-0.222,4.27125344458064,4.27274807784712,4.27265009417481,3.95644996792259,4.35355715913281
"rbf_truth","adjoint",-0.216,4.32922122274482,4.33045958760266,4.33042055217059,3.95601787346003,4.36265288398876
"rbf_truth","adjoint",-0.21,4.38748908931444,4.38846925171788,4.38848978440606,3.95558577899747,4.37153553583652
"rbf_truth","adjoint",-0.204,4.44594926795883,4.44666984058705,4.44675043125607,3.95515368453491,4.38020511467609
"rbf_truth","adjoint",-0.198,4.50449140580165,4.50495155206924,4.50509255744099,3.95472159007235,4.38866162050747
"rbf_truth","adjoint",-0.192,4.56300281824578,4.56320225506933,4.56340389590303,3.95428949560978,4.39690505333065
"rbf_truth","adjoint",-0.186,4.62136875199671,4.62130775129824,4.62157010988394,3.95385740114722,4.40493541314564
"rbf_truth","adjoint",-0.18,4.67947266561591,4.67915205454698,4.67947507253764,3.95342530668466,4.41275269995244
"rbf_truth","adjoint",-0.174,4.7371965267898,4.73661768666324,4.73700116326567,3.9529932122221,4.42035691375105
"rbf_truth","adjoint",-0.168,4.79442112535702,4.79358598927677,4.79402957982061,3.95256111775954,4.42774805454146
"rbf_truth","adjoint",-0.162,4.8510264009983,4.84993745018121,4.85044066508362,3.95212902329698,4.43492612232368
"rbf_truth","adjoint",-0.156,4.90689178435983,4.905552043147,4.90611424728937,3.95169692883442,4.4418911170977
"rbf_truth","adjoint",-0.15,4.96189655025413,4.9603095798131,4.96092999234449,3.95126483437186,4.44864303886354
"rbf_truth","adjoint",-0.144,5.01592018146346,5.01409007218639,5.01476776676644,3.9508327399093,4.45518188762118
"rbf_truth","adjoint",-0.138,5.06884274156027,5.06677410416702,5.06750800965945,3.95040064544674,4.46150766337063
"rbf_truth","adjoint",-0.132,5.12054525505854,5.11824321041785,5.11903211204324,3.94996855098418,4.46762036611188
"rbf_truth","adjoint",-0.126,5.1709100931199,5.1683802608055,5.16922280176029,3.94953645652162,4.47351999584495
"rbf_truth","adjoint",-0.12,5.21982136295992,5.21706984856285,5.21796453210896,3.94910436205906,4.47920655256982
"rbf_truth","adjoint",-0.114,5.26716529903409,5.26419868025613,5.26514387228348,3.9486722675965,4.48468003628649
"rbf_truth","adjoint",-0.108,5.31283065402952,5.30965596558702,5.31064989764863,3.94824017313394,4.48994044699498
"rbf_truth","adjoint",-0.102,5.3567090876492,5.35333380502053,5.3543745778377,3.94780807867138,4.49498778469527
"rbf_truth","adjoint",-0.096,5.39869555115017,5.3951275732038,5.39621316063612,3.94737598420882,4.49982204938737
"rbf_truth","adjoint",-0.09,5.43868866558559,5.43493629612993,5.4360645496027,3.94694388974625,4.50444324107127
"rbf_truth","adjoint",-0.084,5.47659109170464,5.47266302000446,5.47383167338329,3.94651179528369,4.50885135974699
"rbf_truth","adjoint",-0.078,5.51230988948217,5.50821516979003,5.50942184469028,3.94607970082113,4.51304640541451
"rbf_truth","adjoint",-0.072,5.54575686528317,5.54150489543811,5.54274710695404,3.94564760635857,4.51702837807384
"rbf_truth","adjoint",-0.0660000000000001,5.57684890471486,5.57244940386359,5.57372456670012,3.94521551189601,4.52079727772497
"rbf_truth","adjoint",-0.0600000000000001,5.60550828928087,5.60097127478039,5.6022767097678,3.94478341743345,4.52435310436791
"rbf_truth","adjoint",-0.054,5.63166299502832,5.62699875859157,5.62833169956139,3.94435132297089,4.52769585800266
"rbf_truth","adjoint",-0.048,5.65524697146775,5.65046605461692,5.65182365561517,3.94391922850833,4.53082553862922
"rbf_truth","adjoint",-0.042,5.67620039914831,5.67131356804292,5.67269291085498,3.94348713404577,4.53374214624758
"rbf_truth","adjoint",-0.036,5.69446992438492,5.68948814409435,5.69088624605365,3.94305503958321,4.53644568085775
"rbf_truth","adjoint",-0.03,5.71000886976023,5.70494327805217,5.70635710010366,3.94262294512065,4.53893614245973
"rbf_truth","adjoint",-0.024,5.72277741916007,5.71763929987849,5.71906575486589,3.94219085065809,4.54121353105352
"rbf_truth","adjoint",-0.018,5.73274277624701,5.72754353235464,5.72897949349946,3.94175875619553,4.54327784663911
"rbf_truth","adjoint",-0.012,5.73987929543051,5.73463042179212,5.73607273133117,3.94132666173297,4.54512908921651
"rbf_truth","adjoint",-0.00600000000000001,5.74416858455332,5.73888164053704,5.74032711848427,3.94089456727041,4.54676725878572
"rbf_truth","adjoint",0,5.74559957868105,5.74028616065564,5.74173161365327,3.94046247280785,4.54819235534673
"rbf_truth","adjoint",0.00600000000000001,5.74416858455332,5.73884029835968,5.74028252858318,3.94003037834529,4.54940437889955
"rbf_truth","adjoint",0.012,5.73987929543051,5.73454772890559,5.73598354298683,3.93959828388272,4.55040332944418
"rbf_truth","adjoint",0.018,5.73274277624701,5.72741947187821,5.72884568981066,3.93916618942016,4.55118920698062
"rbf_truth","adjoint",0.024,5.72277741916007,5.71747384694738,5.71888731093771,3.9387340949576,4.55176201150886
"rbf_truth","adjoint",0.03,5.71000886976023,5.70473640036266,5.70613398359321,3.93830200049504,4.55212174302891
"rbf_truth","adjoint",0.036,5.69446992438492,5.68923980262634,5.69061841789352,3.93786990603248,4.55226840154077
"rbf_truth","adjoint",0.042,5.67620039914831,5.67102371795644,5.67238032615082,3.93743781156992,4.55220198704443
"rbf_truth","adjoint",0.048,5.65524697146775,5.65013464631809,5.65146626471298,3.93700571710736,4.55192249953991
"rbf_truth","adjoint",0.054,5.63166299502832,5.62662573896278,5.62792944927914,3.9365736226448,4.55142993902719
"rbf_truth","adjoint",0.0599999999999999,5.60550828928087,5.60055658856855,5.60182954478542,3.93614152818224,4.55072430550627
"rbf_truth","adjoint",0.0659999999999999,5.57684890471486,5.5719929952195,5.57323243110068,3.93570943371968,4.54980559897717
"rbf_truth","adjoint",0.072,5.54575686528317,5.54100670959929,5.54220994590866,3.93527733925712,4.54867381943987
"rbf_truth","adjoint",0.078,5.51230988948217,5.50767515489856,5.50883960627817,3.93484524479456,4.54732896689438
"rbf_truth","adjoint",0.084,5.47659109170464,5.47208112905066,5.47320431053776,3.934413150332,4.54577104134069
"rbf_truth","adjoint",0.09,5.43868866558559,5.43431248901205,5.43539202217337,3.93398105586944,4.54400004277882
"rbf_truth","adjoint",0.096,5.39869555115017,5.39446181889327,5.3954954375568,3.93354896140688,4.54201597120875
"rbf_truth","adjoint",0.102,5.3567090876492,5.35262608382171,5.35361163938887,3.93311686694432,4.53981882663048
"rbf_truth","adjoint",0.108,5.31283065402952,5.30890627147991,5.309841737803,3.93268477248175,4.53740860904403
"rbf_truth","adjoint",0.114,5.26716529903409,5.26340702330983,5.26429050112234,3.93225267801919,4.53478531844938
"rbf_truth","adjoint",0.12,5.21982136295992,5.21623625740739,5.21706597829707,3.93182058355663,4.53194895484654
"rbf_truth","adjoint",0.126,5.1709100931199,5.16750478514901,5.16827911506604,3.93138848909407,4.5288995182355
"rbf_truth","adjoint",0.132,5.12054525505854,5.11732592359587,5.11804336589111,3.93095639463151,4.52563700861628
"rbf_truth","adjoint",0.138,5.06884274156027,5.06581510571047,5.06647430370103,3.93052430016895,4.52216142598886
"rbf_truth","adjoint",0.144,5.01592018146346,5.0130894903943,5.01368922945634,3.93009220570639,4.51847277035325
"rbf_truth","adjoint",0.15,4.96189655025413,4.95926757431646,4.95980678350724,3.92966011124383,4.51457104170944
"rbf_truth","adjoint",0.156,4.90689178435983,4.90446880744949,4.90494656066329,3.92922801678127,4.51045624005744
"rbf_truth","adjoint",0.162,4.8510264009983,4.84881321416299,4.8492287308276,3.92879592231871,4.50612836539725
"rbf_truth","adjoint",0.168,4.79442112535702,4.79242102164728,4.79277366696993,3.92836382785615,4.50158741772887
"rbf_truth","adjoint",0.174,4.7371965267898,4.73541229734915,4.73570158212277,3.92793173339359,4.49683339705229
"rbf_truth","adjoint",0.18,4.67947266561591,4.67790659700157,4.67813217698438,3.92749963893103,4.49186630336752
"rbf_truth","adjoint",0.186,4.62136875199671,4.62002262471887,4.62018429960174,3.92706754446847,4.48668613667456
"rbf_truth","adjoint",0.192,4.56300281824578,4.56187790650966,4.56197561848759,3.92663545000591,4.48129289697341
"rbf_truth","adjoint",0.198,4.50449140580165,4.50358847843348,4.50362231039904,3.92620335554335,4.47568658426406
"rbf_truth","adjoint",0.204,4.44594926795883,4.44526859049394,4.44523876387158,3.92577126108078,4.46986719854652
"rbf_truth","adjoint",0.21,4.38748908931444,4.3870304272224,4.38693729946401,3.92533916661822,4.46383473982079
"rbf_truth","adjoint",0.216,4.32922122274482,4.32898384576417,4.32882790752705,3.92490707215566,4.45758920808686
"rbf_truth","adjoint",0.222,4.27125344458064,4.27123613213324,4.27101800416251,3.9244749776931,4.45113060334474
"rbf_truth","adjoint",0.228,4.21369072850228,4.21389177615474,4.21361220589288,3.92404288323054,4.44445892559443
"rbf_truth","adjoint",0.234,4.15663503852871,4.15705226546682,4.15671212341341,3.92361078876798,4.43757417483593
"rbf_truth","adjoint",0.24,4.10018514132699,4.10081589880663,4.10041617465171,3.92317869430542,4.43047635106923
"rbf_truth","adjoint",0.246,4.04443643792393,4.04527761866085,4.04481941721534,3.92274659984286,4.42316545429434
"rbf_truth","adjoint",0.252,3.98948081476022,3.9905288632193,3.99001340016594,3.9223145053803,4.41564148451126
"rbf_truth","adjoint",0.258,3.93540651388977,3.9366574374333,3.93608603492124,3.92188241091774,4.40790444171999
"rbf_truth","adjoint",0.264,3.88229802199507,3.88374740284867,3.88312148495443,3.92145031645518,4.39995432592052
"rbf_truth","adjoint",0.27,3.83023597776391,3.83187898575778,3.83120007383493,3.92101822199262,4.39179113711286
"rbf_truth","adjoint",0.276,3.7792970970548,3.78112850309749,3.78039821103638,3.92058612753006,4.383414875297
"rbf_truth","adjoint",0.282,3.72955411516848,3.7315683054099,3.73078833482828,3.9201540330675,4.37482554047296
"rbf_truth","adjoint",0.288,3.68107574544223,3.68326673608242,3.68243887146668,3.91972193860494,4.36602313264072
"rbf_truth","adjoint",0.294,3.63392665329284,3.63628810599296,3.63541420980853,3.91928984414238,4.35700765180029
"rbf_truth","adjoint",0.3,3.58816744475341,3.59069268260545,3.58977469039406,3.91885774967981,4.34777909795166
"rbf_truth","adjoint",0.306,3.54385466847967,3.54653669249166,3.54557660797159,3.91842565521725,4.33833747109485
"rbf_truth","adjoint",0.312,3.50104083014308,3.50387233619686,3.50287222638127,3.91799356075469,4.32868277122984
"rbf_truth","adjoint",0.318,3.45977441808143,3.46274781432062,3.4617098046675,3.91756146629213,4.31881499835663
"rbf_truth","adjoint",0.324,3.42009993904278,3.42320736364907,3.42213363325497,3.91712937182957,4.30873415247524
"rbf_truth","adjoint",0.33,3.38205796283564,3.38529130215229,3.38418407900061,3.91669727736701,4.29844023358565
"rbf_truth","adjoint",0.336,3.34568517468743,3.34903608164944,3.34789763792262,3.91626518290445,4.28793324168787
"rbf_truth","adjoint",0.342,3.31101443411396,3.31447434694546,3.31330699440884,3.91583308844189,4.27721317678189
"rbf_truth","adjoint",0.348,3.27807483911523,3.28163500025516,3.28044108571897,3.91540099397933,4.26628003886773
"rbf_truth","adjoint",0.354,3.24689179453633,3.2505432697547,3.24932517061917,3.91496889951677,4.25513382794537
"rbf_truth","adjoint",0.36,3.2174870834669,3.22122078113455,3.21998090102176,3.91453680505421,4.24377454401482
"rbf_truth","adjoint",0.366,3.18987894059724,3.19368563107324,3.19242639554809,3.91410471059165,4.23220218707607
"rbf_truth","adjoint",0.372,3.16408212650396,3.1679524616054,3.16667631398674,3.91367261612909,4.22041675712913
"rbf_truth","adjoint",0.378,3.14010800190142,3.14403253442163,3.14274193168349,3.91324052166653,4.208418254174
"rbf_truth","adjoint",0.384,3.1179646009673,3.12193380420908,3.12063121297081,3.91280842720397,4.19620667821068
"rbf_truth","adjoint",0.39,3.0976567029298,3.10166099022147,3.10034888282466,3.91237633274141,4.18378202923916
"rbf_truth","adjoint",0.396,3.07918590119036,3.08321564535293,3.0818964960221,3.91194423827885,4.17114430725945
"rbf_truth","adjoint",0.402,3.0625506693468,3.06659622208169,3.06527250316496,3.91151214381628,4.15829351227155
"rbf_truth","adjoint",0.408,3.04774642357888,3.05179813474616,3.05047231303137,3.91108004935372,4.14522964427546
"rbf_truth","adjoint",0.414,3.03476558095767,3.03881381771555,3.03748835081697,3.91064795489116,4.13195270327117
"rbf_truth","adjoint",0.42,3.02359761334334,3.02763277912035,3.0263101119305,3.9102158604286,4.11846268925869
"rbf_truth","adjoint",0.426,3.01422909664003,3.01824164991178,3.01692421111278,3.90978376596604,4.10475960223802
"rbf_truth","adjoint",0.432,3.00664375528158,3.0106242281247,3.00931442675325,3.90935167150348,4.09084344220915
"rbf_truth","adjoint",0.438,3.00082250192628,3.00476151832246,3.00346174038267,3.90891957704092,4.07671420917209
"rbf_truth","adjoint",0.444,2.99674347244197,3.0006317663055,2.9993443714238,3.90848748257836,4.06237190312684
"rbf_truth","adjoint",0.45,2.99438205636313,2.99821048926568,2.99693780738228,3.9080553881158,4.0478165240734
"rbf_truth","adjoint",0.456,2.99371092309882,2.99747050166558,2.99621482975732,3.90762329365324,4.03304807201176
"rbf_truth","adjoint",0.462,2.99470004426292,2.99838193721433,2.99714553604422,3.90719119919068,4.01806654694193
"rbf_truth","adjoint",0.468,2.99731671258556,3.00091226739925,2.99969735828839,3.90675910472812,4.00287194886391
"rbf_truth","adjoint",0.474,3.00152555794569,3.00502631711335,3.00383507873186,3.90632701026556,3.9874642777777
"rbf_truth","adjoint",0.48,3.00728856113943,3.01068627799341,3.00952084316753,3.905894915803,3.97184353368329
"rbf_truth","adjoint",0.486,3.0145650660652,3.01785172015001,3.0167141726834,3.90546282134044,3.95600971658069
"rbf_truth","adjoint",0.492,3.02331179106561,3.02647960302933,3.02537197453757,3.90503072687788,3.9399628264699
"rbf_truth","adjoint",0.498,3.03348284021543,3.03652428619639,3.03544855295454,3.90459863241531,3.92370286335091
"rbf_truth","adjoint",0.504,3.0450297153859,3.04793754087006,3.04689562067418,3.90416653795275,3.90722982722373
"rbf_truth","adjoint",0.51,3.05790132994631,3.06066856307076,3.0596623121154,3.90373444349019,3.89054371808836
"rbf_truth","adjoint",0.516,3.07204402498483,3.07466398926335,3.07369519903803,3.90330234902763,3.87364453594479
"rbf_truth","adjoint",0.522,3.08740158894175,3.08986791538821,3.08893830959695,3.90287025456507,3.85653228079304
"rbf_truth","adjoint",0.528,3.10391528154872,3.10622192017465,3.10533315168373,3.90243816010251,3.83920695263309
"rbf_truth","adjoint",0.534,3.12152386295827,3.12366509362111,3.12281874144144,3.90200606563995,3.82166855146495
"rbf_truth","adjoint",0.54,3.14016362892835,3.14213407150731,3.1413316378186,3.90157397117739,3.80391707728861
"rbf_truth","adjoint",0.546,3.15976845289714,3.16156307677408,3.16080598399918,3.90114187671483,3.78595253010408
"rbf_truth","adjoint",0.552,3.180269835744,3.18188396856734,3.18117355650608,3.90070978225227,3.76777490991136
"rbf_truth","adjoint",0.558,3.2015969639841,3.20302629969436,3.20236382272702,3.90027768778971,3.74938421671045
"rbf_truth","adjoint",0.564,3.22367677708713,3.22491738318343,3.22430400755495,3.89984559332715,3.73078045050134
"rbf_truth","adjoint",0.57,3.24643404454403,3.24748236857199,3.24691916976866,3.89941349886459,3.71196361128404
"rbf_truth","adjoint",0.576,3.26979145323327,3.27064432847536,3.27013228870646,3.89898140440203,3.69293369905855
"rbf_truth","adjoint",0.582,3.29366970555664,3.29432435590742,3.29386436170495,3.89854930993947,3.67369071382486
"rbf_truth","adjoint",0.588,3.31798762872815,3.3184416727381,3.31803451268789,3.89811721547691,3.65423465558299
"rbf_truth","adjoint",0.594,3.34266229550708,3.34291374957986,3.34256011219813,3.89768512101434,3.63456552433292
"rbf_truth","adjoint",0.6,3.36760915656861,3.36765643729831,3.36735690906772,3.89725302655178,3.61468332007465
"rbf_truth","adjoint",0.606,3.39274218460473,3.39258411024127,3.39233917382053,3.89682093208922,3.5945880428082
"rbf_truth","adjoint",0.612,3.41797403014379,3.41760982117625,3.41741985379769,3.89638883762666,3.57427969253355
"rbf_truth","adjoint",0.618,3.44321618897067,3.44264546782051,3.44251073988955,3.8959567431641,3.55375826925071
"rbf_truth","adjoint",0.624,3.46837918092302,3.46760197074087,3.46752264465118,3.89552464870154,3.53302377295967
"rbf_truth","adjoint",0.63,3.4933727397307,3.49238946229283,3.49236559147059,3.89509255423898,3.51207620366044
"rbf_truth","adjoint",0.636,3.51810601345985,3.51691748616252,3.51694901435266,3.89466045977642,3.49091556135302
"rbf_truth","adjoint",0.642,3.54248777501768,3.54109520697003,3.54118196777659,3.89422836531386,3.46954184603741
"rbf_truth","adjoint",0.648,3.56642664207249,3.56483162929112,3.5649733459832,3.8937962708513,3.44795505771361
"rbf_truth","adjoint",0.654,3.58983130564467,3.58803582535566,3.58823211094943,3.89336417638874,3.42615519638161
"rbf_truth","adjoint",0.66,3.61261076653083,3.61061717058745,3.6108675282138,3.89293208192618,3.40414226204142
"rbf_truth","adjoint",0.666,3.63467457863445,3.63248558606186,3.63278940962804,3.89249998746362,3.38191625469303
"rbf_truth","adjoint",0.672,3.65593309819435,3.65355178687503,3.65390836202736,3.89206789300106,3.35947717433646
"rbf_truth","adjoint",0.678,3.67629773782632,3.67372753534307,3.6741360407368,3.8916357985385,3.33682502097169
"rbf_truth","adjoint",0.684,3.69568122422594,3.69292589788193,3.69338540676248,3.89120370407594,3.31395979459872
"rbf_truth","adjoint",0.69,3.71399785832011,3.71106150435858,3.71157098645726,3.89077160961337,3.29088149521757
"rbf_truth","adjoint",0.696,3.73116377660436,3.72805080865325,3.72860913239895,3.89033951515081,3.26759012282822
"rbf_truth","adjoint",0.702,3.74709721236072,3.74381234913032,3.74441828417703,3.88990742068825,3.24408567743068
"rbf_truth","adjoint",0.708,3.7617187554189,3.75826700768366,3.75891922775204,3.88947532622569,3.22036815902495
"rbf_truth","adjoint",0.714,3.77495160910063,3.7713382659988,3.77203535202854,3.88904323176313,3.19643756761102
"rbf_truth","adjoint",0.72,3.78672184297517,3.7829524576627,3.78369290127054,3.88861113730057,3.1722939031889
"rbf_truth","adjoint",0.726,3.79695864005131,3.793039014749,3.79382122198575,3.88817904283801,3.14793716575859
"rbf_truth","adjoint",0.732,3.80559453703961,3.80153070751516,3.80235300291334,3.88774694837545,3.12336735532009
"rbf_truth","adjoint",0.738,3.81256565633694,3.80836387586551,3.80922450676769,3.88731485391289,3.09858447187339
"rbf_truth","adjoint",0.744,3.81781192841333,3.81347865126296,3.81437579241914,3.88688275945033,3.0735885154185
"rbf_truth","adjoint",0.75,3.82127730332043,3.81681916781024,3.81775092623117,3.88645066498777,3.04837948595542
"rbf_truth","adjoint",0.756,3.82290995008742,3.81833376126875,3.81929818132059,3.88601857052521,3.02295738348414
"rbf_truth","adjoint",0.762,3.82266244282876,3.8179751548409,3.81897022356514,3.88558647606265,2.99732220800467
"rbf_truth","adjoint",0.768,3.82049193245313,3.81570063060687,3.81672428324811,3.88515438160009,2.97147395951701
"rbf_truth","adjoint",0.774,3.81636030293741,3.81147218558095,3.81252231130392,3.88472228713753,2.94541263802116
"rbf_truth","adjoint",0.78,3.81023431121154,3.80525667143426,3.80633111921025,3.88429019267497,2.91913824351711
"rbf_truth","adjoint",0.786,3.802085709789,3.79702591701957,3.79812250166142,3.88385809821241,2.89265077600487
"rbf_truth","adjoint",0.792,3.79189135137281,3.78675683292847,3.78787334125238,3.88342600374984,2.86595023548444
"rbf_truth","adjoint",0.798,3.77963327476808,3.77443149741259,3.77556569450402,3.88299390928728,2.83903662195582
"rbf_truth","adjoint",0.804,3.76529877153767,3.76003722310514,3.76118685866571,3.88256181482472,2.811909935419
"rbf_truth","adjoint",0.81,3.74888043294754,3.74356660408945,3.74472941884086,3.88212972036216,2.78457017587399
"rbf_truth","adjoint",0.816,3.73037617686107,3.72501754297329,3.72619127509408,3.8816976258996,2.75701734332078
"rbf_truth","adjoint",0.822,3.709789254357,3.70439325774277,3.7055756493134,3.88126553143704,2.72925143775939
"rbf_truth","adjoint",0.828,3.68712823596244,3.68170226828653,3.68289107171811,3.88083343697448,2.7012724591898
"rbf_truth","adjoint",0.834,3.66240697750911,3.65695836259711,3.65815134701914,3.88040134251192,2.67308040761202
"rbf_truth","adjoint",0.84,3.63564456573879,3.63018054277392,3.63137550035656,3.87996924804936,2.64467528302604
"rbf_truth","adjoint",0.846,3.60686524389886,3.60139295106704,3.60258770325374,3.8795371535868,2.61605708543188
"rbf_truth","adjoint",0.852,3.57609831768278,3.57062477631494,3.57181717994157,3.87910505912424,2.58722581482952
"rbf_truth","adjoint",0.858,3.54337804198167,3.53791014123975,3.53909809451711,3.87867296466168,2.55818147121896
"rbf_truth","adjoint",0.864,3.5087434890195,3.50328797117066,3.50446941950779,3.87824087019912,2.52892405460022
"rbf_truth","adjoint",0.87,3.47223839854817,3.46680184486874,3.46797478651536,3.87780877573656,2.49945356497328
"rbf_truth","adjoint",0.876,3.43391101087577,3.42849982822402,3.42966231971133,3.877376681274,2.46977000233815
"rbf_truth","adjoint",0.882,3.39381388359381,3.38843429168752,3.3895844530476,3.87694458681144,2.43987336669483
"rbf_truth","adjoint",0.888,3.35200369295451,3.34666171238629,3.34779773213162,3.87651249234887,2.40976365804331
"rbf_truth","adjoint",0.894,3.30854102092818,3.30324246194829,3.30436260179392,3.87608039788631,2.3794408763836
"rbf_truth","adjoint",0.9,3.26349012904206,3.25824058113509,3.25934318044762,3.87564830342375,2.3489050217157
