scale,loss,grid_round,selected,scored_rows,paired_rows,informative,kind,fold,horizon_or_depth,candidate,weight,penalty_status,boundary_failures,constant,failed,failure,beta_correct,ratio_correct,m_correct,estimator
1e-10,-0.00112676416713769,0,FALSE,2666,2666,TRUE,beta,1,1,1,0.329193647168514,interior,0,FALSE,,,,,,
1.77827941003892e-10,-0.00112674936774415,0,FALSE,2666,2666,TRUE,beta,1,1,1,0.329193647168514,interior,0,FALSE,,,,,,
3.16227766016838e-10,-0.00112676304484123,0,FALSE,2666,2666,TRUE,beta,1,1,1,0.329193647168514,interior,0,FALSE,,,,,,
5.62341325190349e-10,-0.00112676838802696,0,FALSE,2666,2666,TRUE,beta,1,1,1,0.329193647168514,interior,0,FALSE,,,,,,
1e-09,-0.00112675774698996,0,FALSE,2666,2666,TRUE,beta,1,1,1,0.329193647168514,interior,0,FALSE,,,,,,
1.77827941003892e-09,-0.00112675776100812,0,FALSE,2666,2666,TRUE,beta,1,1,1,0.329193647168514,interior,0,FALSE,,,,,,
3.16227766016838e-09,-0.00112676013396338,0,FALSE,2666,2666,TRUE,beta,1,1,1,0.329193647168514,interior,0,FALSE,,,,,,
5.62341325190349e-09,-0.00112675949066345,0,FALSE,2666,2666,TRUE,beta,1,1,1,0.329193647168514,interior,0,FALSE,,,,,,
1e-08,-0.00112675985258538,0,FALSE,2666,2666,TRUE,beta,1,1,1,0.329193647168514,interior,0,FALSE,,,,,,
1.77827941003892e-08,-0.00112675986057177,0,FALSE,2666,2666,TRUE,beta,1,1,1,0.329193647168514,interior,0,FALSE,,,,,,
3.16227766016838e-08,-0.00112675977143936,0,FALSE,2666,2666,TRUE,beta,1,1,1,0.329193647168514,interior,0,FALSE,,,,,,
5.62341325190349e-08,-0.00112675975164668,0,FALSE,2666,2666,TRUE,beta,1,1,1,0.329193647168514,interior,0,FALSE,,,,,,
1e-07,-0.00112675977862684,0,FALSE,2666,2666,TRUE,beta,1,1,1,0.329193647168514,interior,0,FALSE,,,,,,
1.77827941003892e-07,-0.00112675985115502,0,FALSE,2666,2666,TRUE,beta,1,1,1,0.329193647168514,interior,0,FALSE,,,,,,
3.16227766016838e-07,-0.0011267599585676,0,FALSE,2666,2666,TRUE,beta,1,1,1,0.329193647168514,interior,0,FALSE,,,,,,
5.62341325190349e-07,-0.0011267601613678,0,FALSE,2666,2666,TRUE,beta,1,1,1,0.329193647168514,interior,0,FALSE,,,,,,
1e-06,-0.0011267605086063,0,FALSE,2666,2666,TRUE,beta,1,1,1,0.329193647168514,interior,0,FALSE,,,,,,
1.77827941003892e-06,-0.00112676112084638,0,FALSE,2666,2666,TRUE,beta,1,1,1,0.329193647168514,interior,0,FALSE,,,,,,
3.16227766016838e-06,-0.00112676220985962,0,FALSE,2666,2666,TRUE,beta,1,1,1,0.329193647168514,interior,0,FALSE,,,,,,
5.62341325190349e-06,-0.00112676414458315,0,FALSE,2666,2666,TRUE,beta,1,1,1,0.329193647168514,interior,0,FALSE,,,,,,
1e-05,-0.00112676757753793,0,FALSE,2666,2666,TRUE,beta,1,1,1,0.329193647168514,interior,0,FALSE,,,,,,
1.77827941003892e-05,-0.00112677365181258,0,FALSE,2666,2666,TRUE,beta,1,1,1,0.329193647168514,interior,0,FALSE,,,,,,
3.16227766016838e-05,-0.00112678436000775,0,FALSE,2666,2666,TRUE,beta,1,1,1,0.329193647168514,interior,0,FALSE,,,,,,
5.62341325190349e-05,-0.00112680310671891,0,FALSE,2666,2666,TRUE,beta,1,1,1,0.329193647168514,interior,0,FALSE,,,,,,
1e-04,-0.00112683551121205,0,FALSE,2666,2666,TRUE,beta,1,1,1,0.329193647168514,interior,0,FALSE,,,,,,
0.000177827941003892,-0.00112689020373999,0,FALSE,2666,2666,TRUE,beta,1,1,1,0.329193647168514,interior,0,FALSE,,,,,,
0.000316227766016838,-0.00112697827431624,0,FALSE,2666,2666,TRUE,beta,1,1,1,0.329193647168514,interior,0,FALSE,,,,,,
0.000562341325190349,-0.00112710629873662,0,FALSE,2666,2666,TRUE,beta,1,1,1,0.329193647168514,interior,0,FALSE,,,,,,
0.001,-0.00112730421070186,0,TRUE,2666,2666,TRUE,beta,1,1,1,0.329193647168514,interior,0,FALSE,,,,,,
0.00177827941003892,-0.0011273036990175,0,FALSE,2666,2666,TRUE,beta,1,1,1,0.329193647168514,interior,0,FALSE,,,,,,
0.00316227766016838,-0.001126517462181,0,FALSE,2666,2666,TRUE,beta,1,1,1,0.329193647168514,interior,0,FALSE,,,,,,
0.00562341325190349,-0.00112307013918043,0,FALSE,2666,2666,TRUE,beta,1,1,1,0.329193647168514,interior,0,FALSE,,,,,,
0.01,-0.00111184926795399,0,FALSE,2666,2666,TRUE,beta,1,1,1,0.329193647168514,interior,0,FALSE,,,,,,
0.0177827941003892,-0.00108183135625717,0,FALSE,2666,2666,TRUE,beta,1,1,1,0.329193647168514,interior,0,FALSE,,,,,,
0.0316227766016838,-0.0010135217281691,0,FALSE,2666,2666,TRUE,beta,1,1,1,0.329193647168514,interior,0,FALSE,,,,,,
0.0562341325190349,-0.000882656410670401,0,FALSE,2666,2666,TRUE,beta,1,1,1,0.329193647168514,interior,0,FALSE,,,,,,
0.1,-0.000674224202543747,0,FALSE,2666,2666,TRUE,beta,1,1,1,0.329193647168514,interior,0,FALSE,,,,,,
0.177827941003892,-0.000403813138552874,0,FALSE,2666,2666,TRUE,beta,1,1,1,0.329193647168514,interior,0,FALSE,,,,,,
0.316227766016838,-0.000122246584402904,0,FALSE,2666,2666,TRUE,beta,1,1,1,0.329193647168514,interior,0,FALSE,,,,,,
0.562341325190349,0.000116895957716884,0,FALSE,2666,2666,TRUE,beta,1,1,1,0.329193647168514,interior,0,FALSE,,,,,,
1,0.000290882599511409,0,FALSE,2666,2666,TRUE,beta,1,1,1,0.329193647168514,interior,0,FALSE,,,,,,
1e-10,-0.000692708597133928,0,FALSE,2666,2580,TRUE,beta,1,2,1,0.329638495409506,interior,0,FALSE,,,,,,
1.77827941003892e-10,-0.000692707487715763,0,FALSE,2666,2580,TRUE,beta,1,2,1,0.329638495409506,interior,0,FALSE,,,,,,
3.16227766016838e-10,-0.000692706378033228,0,FALSE,2666,2580,TRUE,beta,1,2,1,0.329638495409506,interior,0,FALSE,,,,,,
5.62341325190349e-10,-0.000692705670168242,0,FALSE,2666,2580,TRUE,beta,1,2,1,0.329638495409506,interior,0,FALSE,,,,,,
1e-09,-0.000692706045103632,0,FALSE,2666,2580,TRUE,beta,1,2,1,0.329638495409506,interior,0,FALSE,,,,,,
1.77827941003892e-09,-0.000692705913492404,0,FALSE,2666,2580,TRUE,beta,1,2,1,0.329638495409506,interior,0,FALSE,,,,,,
3.16227766016838e-09,-0.000692705996907129,0,FALSE,2666,2580,TRUE,beta,1,2,1,0.329638495409506,interior,0,FALSE,,,,,,
5.62341325190349e-09,-0.000692706017454547,0,FALSE,2666,2580,TRUE,beta,1,2,1,0.329638495409506,interior,0,FALSE,,,,,,
1e-08,-0.000692706100234383,0,FALSE,2666,2580,TRUE,beta,1,2,1,0.329638495409506,interior,0,FALSE,,,,,,
1.77827941003892e-08,-0.000692706151668966,0,FALSE,2666,2580,TRUE,beta,1,2,1,0.329638495409506,interior,0,FALSE,,,,,,
3.16227766016838e-08,-0.000692706343062296,0,FALSE,2666,2580,TRUE,beta,1,2,1,0.329638495409506,interior,0,FALSE,,,,,,
5.62341325190349e-08,-0.000692706665320066,0,FALSE,2666,2580,TRUE,beta,1,2,1,0.329638495409506,interior,0,FALSE,,,,,,
1e-07,-0.000692707231958186,0,FALSE,2666,2580,TRUE,beta,1,2,1,0.329638495409506,interior,0,FALSE,,,,,,
1.77827941003892e-07,-0.000692708241237849,0,FALSE,2666,2580,TRUE,beta,1,2,1,0.329638495409506,interior,0,FALSE,,,,,,
3.16227766016838e-07,-0.000692710032836339,0,FALSE,2666,2580,TRUE,beta,1,2,1,0.329638495409506,interior,0,FALSE,,,,,,
5.62341325190349e-07,-0.000692713219446204,0,FALSE,2666,2580,TRUE,beta,1,2,1,0.329638495409506,interior,0,FALSE,,,,,,
1e-06,-0.000692718886017496,0,FALSE,2666,2580,TRUE,beta,1,2,1,0.329638495409506,interior,0,FALSE,,,,,,
1.77827941003892e-06,-0.000692728962125526,0,FALSE,2666,2580,TRUE,beta,1,2,1,0.329638495409506,interior,0,FALSE,,,,,,
3.16227766016838e-06,-0.000692746878199734,0,FALSE,2666,2580,TRUE,beta,1,2,1,0.329638495409506,interior,0,FALSE,,,,,,
5.62341325190349e-06,-0.000692778730855133,0,FALSE,2666,2580,TRUE,beta,1,2,1,0.329638495409506,interior,0,FALSE,,,,,,
1e-05,-0.000692835350689286,0,FALSE,2666,2580,TRUE,beta,1,2,1,0.329638495409506,interior,0,FALSE,,,,,,
1.77827941003892e-05,-0.000692935964467202,0,FALSE,2666,2580,TRUE,beta,1,2,1,0.329638495409506,interior,0,FALSE,,,,,,
3.16227766016838e-05,-0.000693114655724138,0,FALSE,2666,2580,TRUE,beta,1,2,1,0.329638495409506,interior,0,FALSE,,,,,,
5.62341325190349e-05,-0.000693431699122739,0,FALSE,2666,2580,TRUE,beta,1,2,1,0.329638495409506,interior,0,FALSE,,,,,,
1e-04,-0.000693993227935514,0,FALSE,2666,2580,TRUE,beta,1,2,1,0.329638495409506,interior,0,FALSE,,,,,,
0.000177827941003892,-0.000694984694239883,0,FALSE,2666,2580,TRUE,beta,1,2,1,0.329638495409506,interior,0,FALSE,,,,,,
0.000316227766016838,-0.000696725752410072,0,FALSE,2666,2580,TRUE,beta,1,2,1,0.329638495409506,interior,0,FALSE,,,,,,
0.000562341325190349,-0.00069975412869812,0,FALSE,2666,2580,TRUE,beta,1,2,1,0.329638495409506,interior,0,FALSE,,,,,,
0.001,-0.000704935849225204,0,FALSE,2666,2580,TRUE,beta,1,2,1,0.329638495409506,interior,0,FALSE,,,,,,
0.00177827941003892,-0.00071355951352323,0,FALSE,2666,2580,TRUE,beta,1,2,1,0.329638495409506,interior,0,FALSE,,,,,,
0.00316227766016838,-0.000727272376384387,0,FALSE,2666,2580,TRUE,beta,1,2,1,0.329638495409506,interior,0,FALSE,,,,,,
0.00562341325190349,-0.000747551416943901,0,FALSE,2666,2580,TRUE,beta,1,2,1,0.329638495409506,interior,0,FALSE,,,,,,
0.01,-0.00077429930004992,0,FALSE,2666,2580,TRUE,beta,1,2,1,0.329638495409506,interior,0,FALSE,,,,,,
0.0177827941003892,-0.00080335384273022,0,FALSE,2666,2580,TRUE,beta,1,2,1,0.329638495409506,interior,0,FALSE,,,,,,
0.0316227766016838,-0.000823749304058346,0,TRUE,2666,2580,TRUE,beta,1,2,1,0.329638495409506,interior,0,FALSE,,,,,,
0.0562341325190349,-0.000816700665332063,0,FALSE,2666,2580,TRUE,beta,1,2,1,0.329638495409506,interior,0,FALSE,,,,,,
0.1,-0.000761379730461416,0,FALSE,2666,2580,TRUE,beta,1,2,1,0.329638495409506,interior,0,FALSE,,,,,,
0.177827941003892,-0.000646679208743063,0,FALSE,2666,2580,TRUE,beta,1,2,1,0.329638495409506,interior,0,FALSE,,,,,,
0.316227766016838,-0.000474045773748888,0,FALSE,2666,2580,TRUE,beta,1,2,1,0.329638495409506,interior,0,FALSE,,,,,,
0.562341325190349,-0.000252640669165997,0,FALSE,2666,2580,TRUE,beta,1,2,1,0.329638495409506,interior,0,FALSE,,,,,,
1,-6.32206285822156e-06,0,FALSE,2666,2580,TRUE,beta,1,2,1,0.329638495409506,interior,0,FALSE,,,,,,
1e-10,0.00165694042525533,0,FALSE,1184,1184,TRUE,adjoint,1,1,1,0,interior,0,FALSE,,,,,,
1.77827941003892e-10,0.00165694042378062,0,FALSE,1184,1184,TRUE,adjoint,1,1,1,0,interior,0,FALSE,,,,,,
3.16227766016838e-10,0.00165694042115818,0,FALSE,1184,1184,TRUE,adjoint,1,1,1,0,interior,0,FALSE,,,,,,
5.62341325190349e-10,0.00165694041649476,0,FALSE,1184,1184,TRUE,adjoint,1,1,1,0,interior,0,FALSE,,,,,,
1e-09,0.00165694040820188,0,FALSE,1184,1184,TRUE,adjoint,1,1,1,0,interior,0,FALSE,,,,,,
1.77827941003892e-09,0.00165694039345487,0,FALSE,1184,1184,TRUE,adjoint,1,1,1,0,interior,0,FALSE,,,,,,
3.16227766016838e-09,0.00165694036723063,0,FALSE,1184,1184,TRUE,adjoint,1,1,1,0,interior,0,FALSE,,,,,,
5.62341325190349e-09,0.00165694032059687,0,FALSE,1184,1184,TRUE,adjoint,1,1,1,0,interior,0,FALSE,,,,,,
1e-08,0.00165694023766978,0,FALSE,1184,1184,TRUE,adjoint,1,1,1,0,interior,0,FALSE,,,,,,
1.77827941003892e-08,0.00165694009020473,0,FALSE,1184,1184,TRUE,adjoint,1,1,1,0,interior,0,FALSE,,,,,,
3.16227766016838e-08,0.00165693982797849,0,FALSE,1184,1184,TRUE,adjoint,1,1,1,0,interior,0,FALSE,,,,,,
5.62341325190349e-08,0.00165693936169177,0,FALSE,1184,1184,TRUE,adjoint,1,1,1,0,interior,0,FALSE,,,,,,
1e-07,0.00165693853258206,0,FALSE,1184,1184,TRUE,adjoint,1,1,1,0,interior,0,FALSE,,,,,,
1.77827941003892e-07,0.00165693705844118,0,FALSE,1184,1184,TRUE,adjoint,1,1,1,0,interior,0,FALSE,,,,,,
3.16227766016838e-07,0.00165693443779052,0,FALSE,1184,1184,TRUE,adjoint,1,1,1,0,interior,0,FALSE,,,,,,
5.62341325190349e-07,0.00165692978001965,0,FALSE,1184,1184,TRUE,adjoint,1,1,1,0,interior,0,FALSE,,,,,,
1e-06,0.00165692150503826,0,FALSE,1184,1184,TRUE,adjoint,1,1,1,0,interior,0,FALSE,,,,,,
1.77827941003892e-06,0.00165690681458901,0,FALSE,1184,1184,TRUE,adjoint,1,1,1,0,interior,0,FALSE,,,,,,
3.16227766016838e-06,0.00165688076921572,0,FALSE,1184,1184,TRUE,adjoint,1,1,1,0,interior,0,FALSE,,,,,,
5.62341325190349e-06,0.00165683470097143,0,FALSE,1184,1184,TRUE,adjoint,1,1,1,0,interior,0,FALSE,,,,,,
1e-05,0.00165675356175176,0,FALSE,1184,1184,TRUE,adjoint,1,1,1,0,interior,0,FALSE,,,,,,
1.77827941003892e-05,0.00165661174774494,0,FALSE,1184,1184,TRUE,adjoint,1,1,1,0,interior,0,FALSE,,,,,,
3.16227766016838e-05,0.00165636737659942,0,FALSE,1184,1184,TRUE,adjoint,1,1,1,0,interior,0,FALSE,,,,,,
5.62341325190349e-05,0.00165595746791727,0,FALSE,1184,1184,TRUE,adjoint,1,1,1,0,interior,0,FALSE,,,,,,
1e-04,0.00165530616672728,0,FALSE,1184,1184,TRUE,adjoint,1,1,1,0,interior,0,FALSE,,,,,,
0.000177827941003892,0.00165439165504736,0,FALSE,1184,1184,TRUE,adjoint,1,1,1,0,interior,0,FALSE,,,,,,
0.000316227766016838,0.00165352597494892,0,TRUE,1184,1184,TRUE,adjoint,1,1,1,0,interior,0,FALSE,,,,,,
0.000562341325190349,0.0016543367503195,0,FALSE,1184,1184,TRUE,adjoint,1,1,1,0,interior,0,FALSE,,,,,,
0.001,0.00166291452661619,0,FALSE,1184,1184,TRUE,adjoint,1,1,1,0,interior,0,FALSE,,,,,,
0.00177827941003892,0.00169918912040107,0,FALSE,1184,1184,TRUE,adjoint,1,1,1,0,interior,0,FALSE,,,,,,
0.00316227766016838,0.00182250474112415,0,FALSE,1184,1184,TRUE,adjoint,1,1,1,0,interior,0,FALSE,,,,,,
0.00562341325190349,0.00219265474235351,0,FALSE,1184,1184,TRUE,adjoint,1,1,1,0,interior,0,FALSE,,,,,,
0.01,0.00318508336560431,0,FALSE,1184,1184,TRUE,adjoint,1,1,1,0,interior,0,FALSE,,,,,,
0.0177827941003892,0.00551691679757271,0,FALSE,1184,1184,TRUE,adjoint,1,1,1,0,interior,0,FALSE,,,,,,
0.0316227766016838,0.0101533677187391,0,FALSE,1184,1184,TRUE,adjoint,1,1,1,0,interior,0,FALSE,,,,,,
0.0562341325190349,0.0176609053449981,0,FALSE,1184,1184,TRUE,adjoint,1,1,1,0,interior,0,FALSE,,,,,,
0.1,0.0273200187562062,0,FALSE,1184,1184,TRUE,adjoint,1,1,1,0,interior,0,FALSE,,,,,,
0.177827941003892,0.037228905422752,0,FALSE,1184,1184,TRUE,adjoint,1,1,1,0,interior,0,FALSE,,,,,,
0.316227766016838,0.0455969198272571,0,FALSE,1184,1184,TRUE,adjoint,1,1,1,0,interior,0,FALSE,,,,,,
0.562341325190349,0.0516940357763429,0,FALSE,1184,1184,TRUE,adjoint,1,1,1,0,interior,0,FALSE,,,,,,
1,0.0557086438612839,0,FALSE,1184,1184,TRUE,adjoint,1,1,1,0,interior,0,FALSE,,,,,,
1e-12,0.00439072527838213,2,FALSE,1246,1146,TRUE,adjoint,1,2,1,0.44385706626761,interior_after_extension,2,FALSE,,,,,,
1.77827941003892e-12,0.00439072529840478,2,FALSE,1246,1146,TRUE,adjoint,1,2,1,0.44385706626761,interior_after_extension,2,FALSE,,,,,,
3.16227766016838e-12,0.0043907249666629,2,TRUE,1246,1146,TRUE,adjoint,1,2,1,0.44385706626761,interior_after_extension,2,FALSE,,,,,,
5.62341325190349e-12,0.00439072498959158,2,FALSE,1246,1146,TRUE,adjoint,1,2,1,0.44385706626761,interior_after_extension,2,FALSE,,,,,,
1e-11,0.00439072510428711,1,FALSE,1246,1146,TRUE,adjoint,1,2,1,0.44385706626761,interior_after_extension,2,FALSE,,,,,,
1.77827941003892e-11,0.0043907255955759,1,FALSE,1246,1146,TRUE,adjoint,1,2,1,0.44385706626761,interior_after_extension,2,FALSE,,,,,,
3.16227766016838e-11,0.00439072636334171,1,FALSE,1246,1146,TRUE,adjoint,1,2,1,0.44385706626761,interior_after_extension,2,FALSE,,,,,,
5.62341325190349e-11,0.00439072778031245,1,FALSE,1246,1146,TRUE,adjoint,1,2,1,0.44385706626761,interior_after_extension,2,FALSE,,,,,,
1e-10,0.0043907302727174,0,FALSE,1246,1146,TRUE,adjoint,1,2,1,0.44385706626761,interior_after_extension,2,FALSE,,,,,,
1.77827941003892e-10,0.00439073478746058,0,FALSE,1246,1146,TRUE,adjoint,1,2,1,0.44385706626761,interior_after_extension,2,FALSE,,,,,,
3.16227766016838e-10,0.00439074281534835,0,FALSE,1246,1146,TRUE,adjoint,1,2,1,0.44385706626761,interior_after_extension,2,FALSE,,,,,,
5.62341325190349e-10,0.00439075709476841,0,FALSE,1246,1146,TRUE,adjoint,1,2,1,0.44385706626761,interior_after_extension,2,FALSE,,,,,,
1e-09,0.00439078247115141,0,FALSE,1246,1146,TRUE,adjoint,1,2,1,0.44385706626761,interior_after_extension,2,FALSE,,,,,,
1.77827941003892e-09,0.00439082760236644,0,FALSE,1246,1146,TRUE,adjoint,1,2,1,0.44385706626761,interior_after_extension,2,FALSE,,,,,,
3.16227766016838e-09,0.00439090785294163,0,FALSE,1246,1146,TRUE,adjoint,1,2,1,0.44385706626761,interior_after_extension,2,FALSE,,,,,,
5.62341325190349e-09,0.00439105054638425,0,FALSE,1246,1146,TRUE,adjoint,1,2,1,0.44385706626761,interior_after_extension,2,FALSE,,,,,,
1e-08,0.00439130425095924,0,FALSE,1246,1146,TRUE,adjoint,1,2,1,0.44385706626761,interior_after_extension,2,FALSE,,,,,,
1.77827941003892e-08,0.00439175526613687,0,FALSE,1246,1146,TRUE,adjoint,1,2,1,0.44385706626761,interior_after_extension,2,FALSE,,,,,,
3.16227766016838e-08,0.00439255684676079,0,FALSE,1246,1146,TRUE,adjoint,1,2,1,0.44385706626761,interior_after_extension,2,FALSE,,,,,,
5.62341325190349e-08,0.00439398086045112,0,FALSE,1246,1146,TRUE,adjoint,1,2,1,0.44385706626761,interior_after_extension,2,FALSE,,,,,,
1e-07,0.00439650866750899,0,FALSE,1246,1146,TRUE,adjoint,1,2,1,0.44385706626761,interior_after_extension,2,FALSE,,,,,,
1.77827941003892e-07,0.00440098965830404,0,FALSE,1246,1146,TRUE,adjoint,1,2,1,0.44385706626761,interior_after_extension,2,FALSE,,,,,,
3.16227766016838e-07,0.00440891353410066,0,FALSE,1246,1146,TRUE,adjoint,1,2,1,0.44385706626761,interior_after_extension,2,FALSE,,,,,,
5.62341325190349e-07,0.00442286449335885,0,FALSE,1246,1146,TRUE,adjoint,1,2,1,0.44385706626761,interior_after_extension,2,FALSE,,,,,,
1e-06,0.00444723674627652,0,FALSE,1246,1146,TRUE,adjoint,1,2,1,0.44385706626761,interior_after_extension,2,FALSE,,,,,,
1.77827941003892e-06,0.00448923073641861,0,FALSE,1246,1146,TRUE,adjoint,1,2,1,0.44385706626761,interior_after_extension,2,FALSE,,,,,,
3.16227766016838e-06,0.00455983545414954,0,FALSE,1246,1146,TRUE,adjoint,1,2,1,0.44385706626761,interior_after_extension,2,FALSE,,,,,,
5.62341325190349e-06,0.00467352346354114,0,FALSE,1246,1146,TRUE,adjoint,1,2,1,0.44385706626761,interior_after_extension,2,FALSE,,,,,,
1e-05,0.00484334374832079,0,FALSE,1246,1146,TRUE,adjoint,1,2,1,0.44385706626761,interior_after_extension,2,FALSE,,,,,,
1.77827941003892e-05,0.00506664726374317,0,FALSE,1246,1146,TRUE,adjoint,1,2,1,0.44385706626761,interior_after_extension,2,FALSE,,,,,,
3.16227766016838e-05,0.00530356165662713,0,FALSE,1246,1146,TRUE,adjoint,1,2,1,0.44385706626761,interior_after_extension,2,FALSE,,,,,,
5.62341325190349e-05,0.00547116026999832,0,FALSE,1246,1146,TRUE,adjoint,1,2,1,0.44385706626761,interior_after_extension,2,FALSE,,,,,,
1e-04,0.00548225049402919,0,FALSE,1246,1146,TRUE,adjoint,1,2,1,0.44385706626761,interior_after_extension,2,FALSE,,,,,,
0.000177827941003892,0.00531369747174794,0,FALSE,1246,1146,TRUE,adjoint,1,2,1,0.44385706626761,interior_after_extension,2,FALSE,,,,,,
0.000316227766016838,0.00504940950921078,0,FALSE,1246,1146,TRUE,adjoint,1,2,1,0.44385706626761,interior_after_extension,2,FALSE,,,,,,
0.000562341325190349,0.00486435679524687,0,FALSE,1246,1146,TRUE,adjoint,1,2,1,0.44385706626761,interior_after_extension,2,FALSE,,,,,,
0.001,0.004963004340674,0,FALSE,1246,1146,TRUE,adjoint,1,2,1,0.44385706626761,interior_after_extension,2,FALSE,,,,,,
0.00177827941003892,0.005525628493498,0,FALSE,1246,1146,TRUE,adjoint,1,2,1,0.44385706626761,interior_after_extension,2,FALSE,,,,,,
0.00316227766016838,0.00670063478918672,0,FALSE,1246,1146,TRUE,adjoint,1,2,1,0.44385706626761,interior_after_extension,2,FALSE,,,,,,
0.00562341325190349,0.0086000657284208,0,FALSE,1246,1146,TRUE,adjoint,1,2,1,0.44385706626761,interior_after_extension,2,FALSE,,,,,,
0.01,0.0112692957218984,0,FALSE,1246,1146,TRUE,adjoint,1,2,1,0.44385706626761,interior_after_extension,2,FALSE,,,,,,
0.0177827941003892,0.0146990254688372,0,FALSE,1246,1146,TRUE,adjoint,1,2,1,0.44385706626761,interior_after_extension,2,FALSE,,,,,,
0.0316227766016838,0.0188742018950975,0,FALSE,1246,1146,TRUE,adjoint,1,2,1,0.44385706626761,interior_after_extension,2,FALSE,,,,,,
0.0562341325190349,0.0236997025195074,0,FALSE,1246,1146,TRUE,adjoint,1,2,1,0.44385706626761,interior_after_extension,2,FALSE,,,,,,
0.1,0.02880133061079,0,FALSE,1246,1146,TRUE,adjoint,1,2,1,0.44385706626761,interior_after_extension,2,FALSE,,,,,,
0.177827941003892,0.0335409327496424,0,FALSE,1246,1146,TRUE,adjoint,1,2,1,0.44385706626761,interior_after_extension,2,FALSE,,,,,,
0.316227766016838,0.0373691882742448,0,FALSE,1246,1146,TRUE,adjoint,1,2,1,0.44385706626761,interior_after_extension,2,FALSE,,,,,,
0.562341325190349,0.0401079912536057,0,FALSE,1246,1146,TRUE,adjoint,1,2,1,0.44385706626761,interior_after_extension,2,FALSE,,,,,,
1,0.0418985582519841,0,FALSE,1246,1146,TRUE,adjoint,1,2,1,0.44385706626761,interior_after_extension,2,FALSE,,,,,,
1e-19,0.420238640141002,14,FALSE,,,,ratio,1,1,1,0.999212500998746,interior_after_extension,14,FALSE,,,,,,
1.77827941003892e-19,0.420238640316292,14,FALSE,,,,ratio,1,1,1,0.999212500998746,interior_after_extension,14,FALSE,,,,,,
3.16227766016838e-19,0.420238640491622,14,FALSE,,,,ratio,1,1,1,0.999212500998746,interior_after_extension,14,FALSE,,,,,,
5.62341325190349e-19,0.420238640666987,14,FALSE,,,,ratio,1,1,1,0.999212500998746,interior_after_extension,14,FALSE,,,,,,
1e-18,0.420238640141002,13,TRUE,,,,ratio,1,1,1,0.999212500998746,interior_after_extension,14,FALSE,,,,,,
1.77827941003892e-18,0.420238640316292,13,FALSE,,,,ratio,1,1,1,0.999212500998746,interior_after_extension,14,FALSE,,,,,,
3.16227766016838e-18,0.420238640491622,13,FALSE,,,,ratio,1,1,1,0.999212500998746,interior_after_extension,14,FALSE,,,,,,
5.62341325190349e-18,0.420238640666987,13,FALSE,,,,ratio,1,1,1,0.999212500998746,interior_after_extension,14,FALSE,,,,,,
1e-17,0.420238640141002,12,FALSE,,,,ratio,1,1,1,0.999212500998746,interior_after_extension,14,FALSE,,,,,,
1.77827941003892e-17,0.420238640316292,12,FALSE,,,,ratio,1,1,1,0.999212500998746,interior_after_extension,14,FALSE,,,,,,
3.16227766016838e-17,0.420238640491622,12,FALSE,,,,ratio,1,1,1,0.999212500998746,interior_after_extension,14,FALSE,,,,,,
5.62341325190349e-17,0.420238640666987,12,FALSE,,,,ratio,1,1,1,0.999212500998746,interior_after_extension,14,FALSE,,,,,,
1e-16,0.420238640141002,11,FALSE,,,,ratio,1,1,1,0.999212500998746,interior_after_extension,14,FALSE,,,,,,
1.77827941003892e-16,0.420238640316292,11,FALSE,,,,ratio,1,1,1,0.999212500998746,interior_after_extension,14,FALSE,,,,,,
3.16227766016838e-16,0.420238640491622,11,FALSE,,,,ratio,1,1,1,0.999212500998746,interior_after_extension,14,FALSE,,,,,,
5.62341325190349e-16,0.420238640666987,11,FALSE,,,,ratio,1,1,1,0.999212500998746,interior_after_extension,14,FALSE,,,,,,
1e-15,0.420238640141006,10,FALSE,,,,ratio,1,1,1,0.999212500998746,interior_after_extension,14,FALSE,,,,,,
1.77827941003892e-15,0.420238640316292,10,FALSE,,,,ratio,1,1,1,0.999212500998746,interior_after_extension,14,FALSE,,,,,,
3.16227766016838e-15,0.420238640491622,10,FALSE,,,,ratio,1,1,1,0.999212500998746,interior_after_extension,14,FALSE,,,,,,
5.62341325190349e-15,0.420238640666987,10,FALSE,,,,ratio,1,1,1,0.999212500998746,interior_after_extension,14,FALSE,,,,,,
1e-14,0.42023864014101,9,FALSE,,,,ratio,1,1,1,0.999212500998746,interior_after_extension,14,FALSE,,,,,,
1.77827941003892e-14,0.420238640316292,9,FALSE,,,,ratio,1,1,1,0.999212500998746,interior_after_extension,14,FALSE,,,,,,
3.16227766016838e-14,0.420238640491625,9,FALSE,,,,ratio,1,1,1,0.999212500998746,interior_after_extension,14,FALSE,,,,,,
5.62341325190349e-14,0.420238640666989,9,FALSE,,,,ratio,1,1,1,0.999212500998746,interior_after_extension,14,FALSE,,,,,,
1e-13,0.420238640141029,8,FALSE,,,,ratio,1,1,1,0.999212500998746,interior_after_extension,14,FALSE,,,,,,
1.77827941003892e-13,0.420238640316309,8,FALSE,,,,ratio,1,1,1,0.999212500998746,interior_after_extension,14,FALSE,,,,,,
3.16227766016838e-13,0.420238640491633,8,FALSE,,,,ratio,1,1,1,0.999212500998746,interior_after_extension,14,FALSE,,,,,,
5.62341325190349e-13,0.420238640667009,8,FALSE,,,,ratio,1,1,1,0.999212500998746,interior_after_extension,14,FALSE,,,,,,
1e-12,0.420238640141229,7,FALSE,,,,ratio,1,1,1,0.999212500998746,interior_after_extension,14,FALSE,,,,,,
1.77827941003892e-12,0.420238640316508,7,FALSE,,,,ratio,1,1,1,0.999212500998746,interior_after_extension,14,FALSE,,,,,,
3.16227766016838e-12,0.420238640491829,7,FALSE,,,,ratio,1,1,1,0.999212500998746,interior_after_extension,14,FALSE,,,,,,
5.62341325190349e-12,0.420238640667197,7,FALSE,,,,ratio,1,1,1,0.999212500998746,interior_after_extension,14,FALSE,,,,,,
1e-11,0.42023864014317,6,FALSE,,,,ratio,1,1,1,0.999212500998746,interior_after_extension,14,FALSE,,,,,,
1.77827941003892e-11,0.420238640318448,6,FALSE,,,,ratio,1,1,1,0.999212500998746,interior_after_extension,14,FALSE,,,,,,
3.16227766016838e-11,0.420238640493759,6,FALSE,,,,ratio,1,1,1,0.999212500998746,interior_after_extension,14,FALSE,,,,,,
5.62341325190349e-11,0.420238640669121,6,FALSE,,,,ratio,1,1,1,0.999212500998746,interior_after_extension,14,FALSE,,,,,,
1e-10,0.420238640162585,5,FALSE,,,,ratio,1,1,1,0.999212500998746,interior_after_extension,14,FALSE,,,,,,
1.77827941003892e-10,0.420238640337829,5,FALSE,,,,ratio,1,1,1,0.999212500998746,interior_after_extension,14,FALSE,,,,,,
3.16227766016838e-10,0.420238640513082,5,FALSE,,,,ratio,1,1,1,0.999212500998746,interior_after_extension,14,FALSE,,,,,,
5.62341325190349e-10,0.420238640688307,5,FALSE,,,,ratio,1,1,1,0.999212500998746,interior_after_extension,14,FALSE,,,,,,
1e-09,0.420238640710997,4,FALSE,,,,ratio,1,1,1,0.999212500998746,interior_after_extension,14,FALSE,,,,,,
1.77827941003892e-09,0.420238640885966,4,FALSE,,,,ratio,1,1,1,0.999212500998746,interior_after_extension,14,FALSE,,,,,,
3.16227766016838e-09,0.420238641060658,4,FALSE,,,,ratio,1,1,1,0.999212500998746,interior_after_extension,14,FALSE,,,,,,
5.62341325190349e-09,0.420238641234686,4,FALSE,,,,ratio,1,1,1,0.999212500998746,interior_after_extension,14,FALSE,,,,,,
1e-08,0.420238642633811,3,FALSE,,,,ratio,1,1,1,0.999212500998746,interior_after_extension,14,FALSE,,,,,,
1.77827941003892e-08,0.420238642804906,3,FALSE,,,,ratio,1,1,1,0.999212500998746,interior_after_extension,14,FALSE,,,,,,
3.16227766016838e-08,0.420238643789677,3,FALSE,,,,ratio,1,1,1,0.999212500998746,interior_after_extension,14,FALSE,,,,,,
5.62341325190349e-08,0.420238645422557,3,FALSE,,,,ratio,1,1,1,0.999212500998746,interior_after_extension,14,FALSE,,,,,,
1e-07,0.420238655891054,2,FALSE,,,,ratio,1,1,1,0.999212500998746,interior_after_extension,14,FALSE,,,,,,
1.77827941003892e-07,0.420238661356626,2,FALSE,,,,ratio,1,1,1,0.999212500998746,interior_after_extension,14,FALSE,,,,,,
3.16227766016838e-07,0.420238670953984,2,FALSE,,,,ratio,1,1,1,0.999212500998746,interior_after_extension,14,FALSE,,,,,,
5.62341325190349e-07,0.420238687795835,2,FALSE,,,,ratio,1,1,1,0.999212500998746,interior_after_extension,14,FALSE,,,,,,
1e-06,0.42023875759252,1,FALSE,,,,ratio,1,1,1,0.999212500998746,interior_after_extension,14,FALSE,,,,,,
1.77827941003892e-06,0.42023882112052,1,FALSE,,,,ratio,1,1,1,0.999212500998746,interior_after_extension,14,FALSE,,,,,,
3.16227766016838e-06,0.420238933474594,1,FALSE,,,,ratio,1,1,1,0.999212500998746,interior_after_extension,14,FALSE,,,,,,
5.62341325190349e-06,0.420239128623219,1,FALSE,,,,ratio,1,1,1,0.999212500998746,interior_after_extension,14,FALSE,,,,,,
1e-05,0.420239503325871,0,FALSE,,,,ratio,1,1,1,0.999212500998746,interior_after_extension,14,FALSE,,,,,,
1.77827941003892e-05,0.420240183370676,0,FALSE,,,,ratio,1,1,1,0.999212500998746,interior_after_extension,14,FALSE,,,,,,
3.16227766016838e-05,0.420241472451146,0,FALSE,,,,ratio,1,1,1,0.999212500998746,interior_after_extension,14,FALSE,,,,,,
5.62341325190349e-05,0.420243797565013,0,FALSE,,,,ratio,1,1,1,0.999212500998746,interior_after_extension,14,FALSE,,,,,,
1e-04,0.42024788190345,0,FALSE,,,,ratio,1,1,1,0.999212500998746,interior_after_extension,14,FALSE,,,,,,
0.000177827941003892,0.420255174023627,0,FALSE,,,,ratio,1,1,1,0.999212500998746,interior_after_extension,14,FALSE,,,,,,
0.000316227766016838,0.420268283777363,0,FALSE,,,,ratio,1,1,1,0.999212500998746,interior_after_extension,14,FALSE,,,,,,
0.000562341325190349,0.420291692946281,0,FALSE,,,,ratio,1,1,1,0.999212500998746,interior_after_extension,14,FALSE,,,,,,
0.001,0.420333323350273,0,FALSE,,,,ratio,1,1,1,0.999212500998746,interior_after_extension,14,FALSE,,,,,,
0.00177827941003892,0.420407239781399,0,FALSE,,,,ratio,1,1,1,0.999212500998746,interior_after_extension,14,FALSE,,,,,,
0.00316227766016838,0.420538762786772,0,FALSE,,,,ratio,1,1,1,0.999212500998746,interior_after_extension,14,FALSE,,,,,,
0.00562341325190349,0.420773230130404,0,FALSE,,,,ratio,1,1,1,0.999212500998746,interior_after_extension,14,FALSE,,,,,,
0.01,0.421191721475145,0,FALSE,,,,ratio,1,1,1,0.999212500998746,interior_after_extension,14,FALSE,,,,,,
0.0177827941003892,0.421940550594365,0,FALSE,,,,ratio,1,1,1,0.999212500998746,interior_after_extension,14,FALSE,,,,,,
0.0316227766016838,0.423286431196591,0,FALSE,,,,ratio,1,1,1,0.999212500998746,interior_after_extension,14,FALSE,,,,,,
0.0562341325190349,0.425724642621318,0,FALSE,,,,ratio,1,1,1,0.999212500998746,interior_after_extension,14,FALSE,,,,,,
0.1,0.430201270793031,0,FALSE,,,,ratio,1,1,1,0.999212500998746,interior_after_extension,14,FALSE,,,,,,
0.177827941003892,0.438604610634094,0,FALSE,,,,ratio,1,1,1,0.999212500998746,interior_after_extension,14,FALSE,,,,,,
0.316227766016838,0.454941143689898,0,FALSE,,,,ratio,1,1,1,0.999212500998746,interior_after_extension,14,FALSE,,,,,,
0.562341325190349,0.488430790375706,0,FALSE,,,,ratio,1,1,1,0.999212500998746,interior_after_extension,14,FALSE,,,,,,
1,0.562906127799586,0,FALSE,,,,ratio,1,1,1,0.999212500998746,interior_after_extension,14,FALSE,,,,,,
1e-05,0.61425020363589,0,FALSE,,,,ratio,1,2,1,0.988855085880415,interior,0,FALSE,,,,,,
1.77827941003892e-05,0.612191349404353,0,FALSE,,,,ratio,1,2,1,0.988855085880415,interior,0,FALSE,,,,,,
3.16227766016838e-05,0.610152525059898,0,FALSE,,,,ratio,1,2,1,0.988855085880415,interior,0,FALSE,,,,,,
5.62341325190349e-05,0.60813884077093,0,FALSE,,,,ratio,1,2,1,0.988855085880415,interior,0,FALSE,,,,,,
1e-04,0.606159559486169,0,FALSE,,,,ratio,1,2,1,0.988855085880415,interior,0,FALSE,,,,,,
0.000177827941003892,0.604240519927187,0,FALSE,,,,ratio,1,2,1,0.988855085880415,interior,0,FALSE,,,,,,
0.000316227766016838,0.602428203397862,0,FALSE,,,,ratio,1,2,1,0.988855085880415,interior,0,FALSE,,,,,,
0.000562341325190349,0.600808391049528,0,FALSE,,,,ratio,1,2,1,0.988855085880415,interior,0,FALSE,,,,,,
0.001,0.599544281066075,0,FALSE,,,,ratio,1,2,1,0.988855085880415,interior,0,FALSE,,,,,,
0.00177827941003892,0.598957521217061,0,TRUE,,,,ratio,1,2,1,0.988855085880415,interior,0,FALSE,,,,,,
0.00316227766016838,0.599732595490915,0,FALSE,,,,ratio,1,2,1,0.988855085880415,interior,0,FALSE,,,,,,
0.00562341325190349,0.603568594057136,0,FALSE,,,,ratio,1,2,1,0.988855085880415,interior,0,FALSE,,,,,,
0.01,0.609008658000159,0,FALSE,,,,ratio,1,2,1,0.988855085880415,interior,0,FALSE,,,,,,
0.0177827941003892,0.618175157999022,0,FALSE,,,,ratio,1,2,1,0.988855085880415,interior,0,FALSE,,,,,,
0.0316227766016838,0.630621714743731,0,FALSE,,,,ratio,1,2,1,0.988855085880415,interior,0,FALSE,,,,,,
0.0562341325190349,0.649116798810333,0,FALSE,,,,ratio,1,2,1,0.988855085880415,interior,0,FALSE,,,,,,
0.1,0.672310389163033,0,FALSE,,,,ratio,1,2,1,0.988855085880415,interior,0,FALSE,,,,,,
0.177827941003892,0.692294023336389,0,FALSE,,,,ratio,1,2,1,0.988855085880415,interior,0,FALSE,,,,,,
0.316227766016838,0.693147180559914,0,FALSE,,,,ratio,1,2,1,0.988855085880415,interior,0,FALSE,,,,,,
0.562341325190349,0.693147180559914,0,FALSE,,,,ratio,1,2,1,0.988855085880415,interior,0,FALSE,,,,,,
1,0.693147180559914,0,FALSE,,,,ratio,1,2,1,0.988855085880415,interior,0,FALSE,,,,,,
1e-10,-0.000557151846400529,0,FALSE,2667,2667,TRUE,beta,2,1,1,0.326829990667598,interior,0,FALSE,,,,,,
1.77827941003892e-10,-0.000557152548267272,0,FALSE,2667,2667,TRUE,beta,2,1,1,0.326829990667598,interior,0,FALSE,,,,,,
3.16227766016838e-10,-0.000557163091618193,0,FALSE,2667,2667,TRUE,beta,2,1,1,0.326829990667598,interior,0,FALSE,,,,,,
5.62341325190349e-10,-0.000557163124357062,0,FALSE,2667,2667,TRUE,beta,2,1,1,0.326829990667598,interior,0,FALSE,,,,,,
1e-09,-0.000557160723160114,0,FALSE,2667,2667,TRUE,beta,2,1,1,0.326829990667598,interior,0,FALSE,,,,,,
1.77827941003892e-09,-0.000557161986324753,0,FALSE,2667,2667,TRUE,beta,2,1,1,0.326829990667598,interior,0,FALSE,,,,,,
3.16227766016838e-09,-0.000557162072627361,0,FALSE,2667,2667,TRUE,beta,2,1,1,0.326829990667598,interior,0,FALSE,,,,,,
5.62341325190349e-09,-0.000557161939215298,0,FALSE,2667,2667,TRUE,beta,2,1,1,0.326829990667598,interior,0,FALSE,,,,,,
1e-08,-0.000557162202288251,0,FALSE,2667,2667,TRUE,beta,2,1,1,0.326829990667598,interior,0,FALSE,,,,,,
1.77827941003892e-08,-0.000557162218219281,0,FALSE,2667,2667,TRUE,beta,2,1,1,0.326829990667598,interior,0,FALSE,,,,,,
3.16227766016838e-08,-0.000557162051286512,0,FALSE,2667,2667,TRUE,beta,2,1,1,0.326829990667598,interior,0,FALSE,,,,,,
5.62341325190349e-08,-0.000557162187557817,0,FALSE,2667,2667,TRUE,beta,2,1,1,0.326829990667598,interior,0,FALSE,,,,,,
1e-07,-0.000557162197963982,0,FALSE,2667,2667,TRUE,beta,2,1,1,0.326829990667598,interior,0,FALSE,,,,,,
1.77827941003892e-07,-0.000557162336030146,0,FALSE,2667,2667,TRUE,beta,2,1,1,0.326829990667598,interior,0,FALSE,,,,,,
3.16227766016838e-07,-0.000557162540185472,0,FALSE,2667,2667,TRUE,beta,2,1,1,0.326829990667598,interior,0,FALSE,,,,,,
5.62341325190349e-07,-0.000557162899621582,0,FALSE,2667,2667,TRUE,beta,2,1,1,0.326829990667598,interior,0,FALSE,,,,,,
1e-06,-0.000557163539858258,0,FALSE,2667,2667,TRUE,beta,2,1,1,0.326829990667598,interior,0,FALSE,,,,,,
1.77827941003892e-06,-0.000557164670065851,0,FALSE,2667,2667,TRUE,beta,2,1,1,0.326829990667598,interior,0,FALSE,,,,,,
3.16227766016838e-06,-0.000557166679701745,0,FALSE,2667,2667,TRUE,beta,2,1,1,0.326829990667598,interior,0,FALSE,,,,,,
5.62341325190349e-06,-0.000557170253088246,0,FALSE,2667,2667,TRUE,beta,2,1,1,0.326829990667598,interior,0,FALSE,,,,,,
1e-05,-0.000557176599546661,0,FALSE,2667,2667,TRUE,beta,2,1,1,0.326829990667598,interior,0,FALSE,,,,,,
1.77827941003892e-05,-0.000557187858642274,0,FALSE,2667,2667,TRUE,beta,2,1,1,0.326829990667598,interior,0,FALSE,,,,,,
3.16227766016838e-05,-0.000557207799243818,0,FALSE,2667,2667,TRUE,beta,2,1,1,0.326829990667598,interior,0,FALSE,,,,,,
5.62341325190349e-05,-0.000557243002341421,0,FALSE,2667,2667,TRUE,beta,2,1,1,0.326829990667598,interior,0,FALSE,,,,,,
1e-04,-0.000557304790887229,0,FALSE,2667,2667,TRUE,beta,2,1,1,0.326829990667598,interior,0,FALSE,,,,,,
0.000177827941003892,-0.000557412114268312,0,FALSE,2667,2667,TRUE,beta,2,1,1,0.326829990667598,interior,0,FALSE,,,,,,
0.000316227766016838,-0.000557594955561261,0,FALSE,2667,2667,TRUE,beta,2,1,1,0.326829990667598,interior,0,FALSE,,,,,,
0.000562341325190349,-0.000557895147033597,0,FALSE,2667,2667,TRUE,beta,2,1,1,0.326829990667598,interior,0,FALSE,,,,,,
0.001,-0.000558380453065493,0,FALSE,2667,2667,TRUE,beta,2,1,1,0.326829990667598,interior,0,FALSE,,,,,,
0.00177827941003892,-0.000558954739768203,0,FALSE,2667,2667,TRUE,beta,2,1,1,0.326829990667598,interior,0,FALSE,,,,,,
0.00316227766016838,-0.0005593151534596,0,TRUE,2667,2667,TRUE,beta,2,1,1,0.326829990667598,interior,0,FALSE,,,,,,
0.00562341325190349,-0.000558109759177278,0,FALSE,2667,2667,TRUE,beta,2,1,1,0.326829990667598,interior,0,FALSE,,,,,,
0.01,-0.000551372221272373,0,FALSE,2667,2667,TRUE,beta,2,1,1,0.326829990667598,interior,0,FALSE,,,,,,
0.0177827941003892,-0.000529606605083855,0,FALSE,2667,2667,TRUE,beta,2,1,1,0.326829990667598,interior,0,FALSE,,,,,,
0.0316227766016838,-0.000474570350084493,0,FALSE,2667,2667,TRUE,beta,2,1,1,0.326829990667598,interior,0,FALSE,,,,,,
0.0562341325190349,-0.000359074626032449,0,FALSE,2667,2667,TRUE,beta,2,1,1,0.326829990667598,interior,0,FALSE,,,,,,
0.1,-0.000154560914423563,0,FALSE,2667,2667,TRUE,beta,2,1,1,0.326829990667598,interior,0,FALSE,,,,,,
0.177827941003892,0.00014612609122879,0,FALSE,2667,2667,TRUE,beta,2,1,1,0.326829990667598,interior,0,FALSE,,,,,,
0.316227766016838,0.000498295762105595,0,FALSE,2667,2667,TRUE,beta,2,1,1,0.326829990667598,interior,0,FALSE,,,,,,
0.562341325190349,0.000823390922395045,0,FALSE,2667,2667,TRUE,beta,2,1,1,0.326829990667598,interior,0,FALSE,,,,,,
1,0.00107114537555431,0,FALSE,2667,2667,TRUE,beta,2,1,1,0.326829990667598,interior,0,FALSE,,,,,,
1e-10,-0.000807587629098285,0,FALSE,2667,2584,TRUE,beta,2,2,1,0.310170907518622,interior,0,FALSE,,,,,,
1.77827941003892e-10,-0.000807584769408569,0,FALSE,2667,2584,TRUE,beta,2,2,1,0.310170907518622,interior,0,FALSE,,,,,,
3.16227766016838e-10,-0.000807588232801667,0,FALSE,2667,2584,TRUE,beta,2,2,1,0.310170907518622,interior,0,FALSE,,,,,,
5.62341325190349e-10,-0.000807586208070505,0,FALSE,2667,2584,TRUE,beta,2,2,1,0.310170907518622,interior,0,FALSE,,,,,,
1e-09,-0.000807585945484479,0,FALSE,2667,2584,TRUE,beta,2,2,1,0.310170907518622,interior,0,FALSE,,,,,,
1.77827941003892e-09,-0.000807586349442081,0,FALSE,2667,2584,TRUE,beta,2,2,1,0.310170907518622,interior,0,FALSE,,,,,,
3.16227766016838e-09,-0.000807586333890824,0,FALSE,2667,2584,TRUE,beta,2,2,1,0.310170907518622,interior,0,FALSE,,,,,,
5.62341325190349e-09,-0.000807586188934446,0,FALSE,2667,2584,TRUE,beta,2,2,1,0.310170907518622,interior,0,FALSE,,,,,,
1e-08,-0.000807586293805312,0,FALSE,2667,2584,TRUE,beta,2,2,1,0.310170907518622,interior,0,FALSE,,,,,,
1.77827941003892e-08,-0.000807586318122475,0,FALSE,2667,2584,TRUE,beta,2,2,1,0.310170907518622,interior,0,FALSE,,,,,,
3.16227766016838e-08,-0.000807586336707264,0,FALSE,2667,2584,TRUE,beta,2,2,1,0.310170907518622,interior,0,FALSE,,,,,,
5.62341325190349e-08,-0.000807586421803571,0,FALSE,2667,2584,TRUE,beta,2,2,1,0.310170907518622,interior,0,FALSE,,,,,,
1e-07,-0.000807586557206101,0,FALSE,2667,2584,TRUE,beta,2,2,1,0.310170907518622,interior,0,FALSE,,,,,,
1.77827941003892e-07,-0.00080758681166926,0,FALSE,2667,2584,TRUE,beta,2,2,1,0.310170907518622,interior,0,FALSE,,,,,,
3.16227766016838e-07,-0.000807587256089398,0,FALSE,2667,2584,TRUE,beta,2,2,1,0.310170907518622,interior,0,FALSE,,,,,,
5.62341325190349e-07,-0.000807588043351741,0,FALSE,2667,2584,TRUE,beta,2,2,1,0.310170907518622,interior,0,FALSE,,,,,,
1e-06,-0.000807589446043497,0,FALSE,2667,2584,TRUE,beta,2,2,1,0.310170907518622,interior,0,FALSE,,,,,,
1.77827941003892e-06,-0.000807591939663616,0,FALSE,2667,2584,TRUE,beta,2,2,1,0.310170907518622,interior,0,FALSE,,,,,,
3.16227766016838e-06,-0.000807596373186894,0,FALSE,2667,2584,TRUE,beta,2,2,1,0.310170907518622,interior,0,FALSE,,,,,,
5.62341325190349e-06,-0.000807604254276911,0,FALSE,2667,2584,TRUE,beta,2,2,1,0.310170907518622,interior,0,FALSE,,,,,,
1e-05,-0.00080761825943764,0,FALSE,2667,2584,TRUE,beta,2,2,1,0.310170907518622,interior,0,FALSE,,,,,,
1.77827941003892e-05,-0.000807643135426996,0,FALSE,2667,2584,TRUE,beta,2,2,1,0.310170907518622,interior,0,FALSE,,,,,,
3.16227766016838e-05,-0.000807687279139554,0,FALSE,2667,2584,TRUE,beta,2,2,1,0.310170907518622,interior,0,FALSE,,,,,,
5.62341325190349e-05,-0.000807765487277572,0,FALSE,2667,2584,TRUE,beta,2,2,1,0.310170907518622,interior,0,FALSE,,,,,,
1e-04,-0.000807903649000062,0,FALSE,2667,2584,TRUE,beta,2,2,1,0.310170907518622,interior,0,FALSE,,,,,,
0.000177827941003892,-0.000808146492388266,0,FALSE,2667,2584,TRUE,beta,2,2,1,0.310170907518622,interior,0,FALSE,,,,,,
0.000316227766016838,-0.000808569574007673,0,FALSE,2667,2584,TRUE,beta,2,2,1,0.310170907518622,interior,0,FALSE,,,,,,
0.000562341325190349,-0.000809295490764921,0,FALSE,2667,2584,TRUE,beta,2,2,1,0.310170907518622,interior,0,FALSE,,,,,,
0.001,-0.000810509140939709,0,FALSE,2667,2584,TRUE,beta,2,2,1,0.310170907518622,interior,0,FALSE,,,,,,
0.00177827941003892,-0.000812452898222299,0,FALSE,2667,2584,TRUE,beta,2,2,1,0.310170907518622,interior,0,FALSE,,,,,,
0.00316227766016838,-0.0008153549511083,0,FALSE,2667,2584,TRUE,beta,2,2,1,0.310170907518622,interior,0,FALSE,,,,,,
0.00562341325190349,-0.000819262240020128,0,FALSE,2667,2584,TRUE,beta,2,2,1,0.310170907518622,interior,0,FALSE,,,,,,
0.01,-0.000823191001056495,0,FALSE,2667,2584,TRUE,beta,2,2,1,0.310170907518622,interior,0,FALSE,,,,,,
0.0177827941003892,-0.000824149287033821,0,TRUE,2667,2584,TRUE,beta,2,2,1,0.310170907518622,interior,0,FALSE,,,,,,
0.0316227766016838,-0.000815027494471528,0,FALSE,2667,2584,TRUE,beta,2,2,1,0.310170907518622,interior,0,FALSE,,,,,,
0.0562341325190349,-0.000784507120714476,0,FALSE,2667,2584,TRUE,beta,2,2,1,0.310170907518622,interior,0,FALSE,,,,,,
0.1,-0.000723672707444981,0,FALSE,2667,2584,TRUE,beta,2,2,1,0.310170907518622,interior,0,FALSE,,,,,,
0.177827941003892,-0.000630336805565758,0,FALSE,2667,2584,TRUE,beta,2,2,1,0.310170907518622,interior,0,FALSE,,,,,,
0.316227766016838,-0.000503566936176871,0,FALSE,2667,2584,TRUE,beta,2,2,1,0.310170907518622,interior,0,FALSE,,,,,,
0.562341325190349,-0.000344089374341701,0,FALSE,2667,2584,TRUE,beta,2,2,1,0.310170907518622,interior,0,FALSE,,,,,,
1,-0.000166849464416013,0,FALSE,2667,2584,TRUE,beta,2,2,1,0.310170907518622,interior,0,FALSE,,,,,,
1e-10,0.000422377143719042,0,FALSE,1177,1177,TRUE,adjoint,2,1,1,0.894976633196644,interior,0,FALSE,,,,,,
1.77827941003892e-10,0.000422377138533355,0,FALSE,1177,1177,TRUE,adjoint,2,1,1,0.894976633196644,interior,0,FALSE,,,,,,
3.16227766016838e-10,0.000422377129311776,0,FALSE,1177,1177,TRUE,adjoint,2,1,1,0.894976633196644,interior,0,FALSE,,,,,,
5.62341325190349e-10,0.000422377112913219,0,FALSE,1177,1177,TRUE,adjoint,2,1,1,0.894976633196644,interior,0,FALSE,,,,,,
1e-09,0.000422377083752017,0,FALSE,1177,1177,TRUE,adjoint,2,1,1,0.894976633196644,interior,0,FALSE,,,,,,
1.77827941003892e-09,0.000422377031895276,0,FALSE,1177,1177,TRUE,adjoint,2,1,1,0.894976633196644,interior,0,FALSE,,,,,,
3.16227766016838e-09,0.000422376939679589,0,FALSE,1177,1177,TRUE,adjoint,2,1,1,0.894976633196644,interior,0,FALSE,,,,,,
5.62341325190349e-09,0.000422376775694594,0,FALSE,1177,1177,TRUE,adjoint,2,1,1,0.894976633196644,interior,0,FALSE,,,,,,
1e-08,0.000422376484084288,0,FALSE,1177,1177,TRUE,adjoint,2,1,1,0.894976633196644,interior,0,FALSE,,,,,,
1.77827941003892e-08,0.000422375965522303,0,FALSE,1177,1177,TRUE,adjoint,2,1,1,0.894976633196644,interior,0,FALSE,,,,,,
3.16227766016838e-08,0.000422375043382538,0,FALSE,1177,1177,TRUE,adjoint,2,1,1,0.894976633196644,interior,0,FALSE,,,,,,
5.62341325190349e-08,0.000422373403586697,0,FALSE,1177,1177,TRUE,adjoint,2,1,1,0.894976633196644,interior,0,FALSE,,,,,,
1e-07,0.000422370487654743,0,FALSE,1177,1177,TRUE,adjoint,2,1,1,0.894976633196644,interior,0,FALSE,,,,,,
1.77827941003892e-07,0.000422365302576126,0,FALSE,1177,1177,TRUE,adjoint,2,1,1,0.894976633196644,interior,0,FALSE,,,,,,
3.16227766016838e-07,0.000422356082889761,0,FALSE,1177,1177,TRUE,adjoint,2,1,1,0.894976633196644,interior,0,FALSE,,,,,,
5.62341325190349e-07,0.000422339690342822,0,FALSE,1177,1177,TRUE,adjoint,2,1,1,0.894976633196644,interior,0,FALSE,,,,,,
1e-06,0.000422310548135329,0,FALSE,1177,1177,TRUE,adjoint,2,1,1,0.894976633196644,interior,0,FALSE,,,,,,
1.77827941003892e-06,0.000422258751459894,0,FALSE,1177,1177,TRUE,adjoint,2,1,1,0.894976633196644,interior,0,FALSE,,,,,,
3.16227766016838e-06,0.000422166725694463,0,FALSE,1177,1177,TRUE,adjoint,2,1,1,0.894976633196644,interior,0,FALSE,,,,,,
5.62341325190349e-06,0.000422003341202057,0,FALSE,1177,1177,TRUE,adjoint,2,1,1,0.894976633196644,interior,0,FALSE,,,,,,
1e-05,0.000421713629379059,0,FALSE,1177,1177,TRUE,adjoint,2,1,1,0.894976633196644,interior,0,FALSE,,,,,,
1.77827941003892e-05,0.000421201068289904,0,FALSE,1177,1177,TRUE,adjoint,2,1,1,0.894976633196644,interior,0,FALSE,,,,,,
3.16227766016838e-05,0.000420297890096865,0,FALSE,1177,1177,TRUE,adjoint,2,1,1,0.894976633196644,interior,0,FALSE,,,,,,
5.62341325190349e-05,0.000418717972369015,0,FALSE,1177,1177,TRUE,adjoint,2,1,1,0.894976633196644,interior,0,FALSE,,,,,,
1e-04,0.000415990922866014,0,FALSE,1177,1177,TRUE,adjoint,2,1,1,0.894976633196644,interior,0,FALSE,,,,,,
0.000177827941003892,0.000411400522812502,0,FALSE,1177,1177,TRUE,adjoint,2,1,1,0.894976633196644,interior,0,FALSE,,,,,,
0.000316227766016838,0.000404046796414753,0,FALSE,1177,1177,TRUE,adjoint,2,1,1,0.894976633196644,interior,0,FALSE,,,,,,
0.000562341325190349,0.000393474470074114,0,FALSE,1177,1177,TRUE,adjoint,2,1,1,0.894976633196644,interior,0,FALSE,,,,,,
0.001,0.000382299476504309,0,TRUE,1177,1177,TRUE,adjoint,2,1,1,0.894976633196644,interior,0,FALSE,,,,,,
0.00177827941003892,0.000384992142715161,0,FALSE,1177,1177,TRUE,adjoint,2,1,1,0.894976633196644,interior,0,FALSE,,,,,,
0.00316227766016838,0.000453372065112715,0,FALSE,1177,1177,TRUE,adjoint,2,1,1,0.894976633196644,interior,0,FALSE,,,,,,
0.00562341325190349,0.000739949047638452,0,FALSE,1177,1177,TRUE,adjoint,2,1,1,0.894976633196644,interior,0,FALSE,,,,,,
0.01,0.00162136060465368,0,FALSE,1177,1177,TRUE,adjoint,2,1,1,0.894976633196644,interior,0,FALSE,,,,,,
0.0177827941003892,0.00383903160424324,0,FALSE,1177,1177,TRUE,adjoint,2,1,1,0.894976633196644,interior,0,FALSE,,,,,,
0.0316227766016838,0.00841081686569163,0,FALSE,1177,1177,TRUE,adjoint,2,1,1,0.894976633196644,interior,0,FALSE,,,,,,
0.0562341325190349,0.0159548317201341,0,FALSE,1177,1177,TRUE,adjoint,2,1,1,0.894976633196644,interior,0,FALSE,,,,,,
0.1,0.0257580690747123,0,FALSE,1177,1177,TRUE,adjoint,2,1,1,0.894976633196644,interior,0,FALSE,,,,,,
0.177827941003892,0.0358763413483342,0,FALSE,1177,1177,TRUE,adjoint,2,1,1,0.894976633196644,interior,0,FALSE,,,,,,
0.316227766016838,0.0444607506658404,0,FALSE,1177,1177,TRUE,adjoint,2,1,1,0.894976633196644,interior,0,FALSE,,,,,,
0.562341325190349,0.0507387684779507,0,FALSE,1177,1177,TRUE,adjoint,2,1,1,0.894976633196644,interior,0,FALSE,,,,,,
1,0.0548839391870092,0,FALSE,1177,1177,TRUE,adjoint,2,1,1,0.894976633196644,interior,0,FALSE,,,,,,
1e-11,0.0025737075070631,1,FALSE,1264,1190,TRUE,adjoint,2,2,1,0.527881523562586,interior_after_extension,1,FALSE,,,,,,
1.77827941003892e-11,0.00257370739957181,1,FALSE,1264,1190,TRUE,adjoint,2,2,1,0.527881523562586,interior_after_extension,1,FALSE,,,,,,
3.16227766016838e-11,0.00257370726722781,1,TRUE,1264,1190,TRUE,adjoint,2,2,1,0.527881523562586,interior_after_extension,1,FALSE,,,,,,
5.62341325190349e-11,0.00257370788005414,1,FALSE,1264,1190,TRUE,adjoint,2,2,1,0.527881523562586,interior_after_extension,1,FALSE,,,,,,
1e-10,0.00257370910057614,0,FALSE,1264,1190,TRUE,adjoint,2,2,1,0.527881523562586,interior_after_extension,1,FALSE,,,,,,
1.77827941003892e-10,0.00257371076530778,0,FALSE,1264,1190,TRUE,adjoint,2,2,1,0.527881523562586,interior_after_extension,1,FALSE,,,,,,
3.16227766016838e-10,0.00257371400634597,0,FALSE,1264,1190,TRUE,adjoint,2,2,1,0.527881523562586,interior_after_extension,1,FALSE,,,,,,
5.62341325190349e-10,0.00257371986998376,0,FALSE,1264,1190,TRUE,adjoint,2,2,1,0.527881523562586,interior_after_extension,1,FALSE,,,,,,
1e-09,0.00257373020348893,0,FALSE,1264,1190,TRUE,adjoint,2,2,1,0.527881523562586,interior_after_extension,1,FALSE,,,,,,
1.77827941003892e-09,0.00257374859129237,0,FALSE,1264,1190,TRUE,adjoint,2,2,1,0.527881523562586,interior_after_extension,1,FALSE,,,,,,
3.16227766016838e-09,0.00257378130558244,0,FALSE,1264,1190,TRUE,adjoint,2,2,1,0.527881523562586,interior_after_extension,1,FALSE,,,,,,
5.62341325190349e-09,0.00257383947786892,0,FALSE,1264,1190,TRUE,adjoint,2,2,1,0.527881523562586,interior_after_extension,1,FALSE,,,,,,
1e-08,0.00257394291694855,0,FALSE,1264,1190,TRUE,adjoint,2,2,1,0.527881523562586,interior_after_extension,1,FALSE,,,,,,
1.77827941003892e-08,0.00257412684145237,0,FALSE,1264,1190,TRUE,adjoint,2,2,1,0.527881523562586,interior_after_extension,1,FALSE,,,,,,
3.16227766016838e-08,0.00257445385295882,0,FALSE,1264,1190,TRUE,adjoint,2,2,1,0.527881523562586,interior_after_extension,1,FALSE,,,,,,
5.62341325190349e-08,0.00257503518617706,0,FALSE,1264,1190,TRUE,adjoint,2,2,1,0.527881523562586,interior_after_extension,1,FALSE,,,,,,
1e-07,0.00257606837703169,0,FALSE,1264,1190,TRUE,adjoint,2,2,1,0.527881523562586,interior_after_extension,1,FALSE,,,,,,
1.77827941003892e-07,0.0025779038424682,0,FALSE,1264,1190,TRUE,adjoint,2,2,1,0.527881523562586,interior_after_extension,1,FALSE,,,,,,
3.16227766016838e-07,0.00258116201472293,0,FALSE,1264,1190,TRUE,adjoint,2,2,1,0.527881523562586,interior_after_extension,1,FALSE,,,,,,
5.62341325190349e-07,0.00258693768782047,0,FALSE,1264,1190,TRUE,adjoint,2,2,1,0.527881523562586,interior_after_extension,1,FALSE,,,,,,
1e-06,0.0025971510525988,0,FALSE,1264,1190,TRUE,adjoint,2,2,1,0.527881523562586,interior_after_extension,1,FALSE,,,,,,
1.77827941003892e-06,0.00261513383485185,0,FALSE,1264,1190,TRUE,adjoint,2,2,1,0.527881523562586,interior_after_extension,1,FALSE,,,,,,
3.16227766016838e-06,0.0026465561934976,0,FALSE,1264,1190,TRUE,adjoint,2,2,1,0.527881523562586,interior_after_extension,1,FALSE,,,,,,
5.62341325190349e-06,0.00270073701140472,0,FALSE,1264,1190,TRUE,adjoint,2,2,1,0.527881523562586,interior_after_extension,1,FALSE,,,,,,
1e-05,0.00279204249707504,0,FALSE,1264,1190,TRUE,adjoint,2,2,1,0.527881523562586,interior_after_extension,1,FALSE,,,,,,
1.77827941003892e-05,0.00294007693069294,0,FALSE,1264,1190,TRUE,adjoint,2,2,1,0.527881523562586,interior_after_extension,1,FALSE,,,,,,
3.16227766016838e-05,0.00316546120717575,0,FALSE,1264,1190,TRUE,adjoint,2,2,1,0.527881523562586,interior_after_extension,1,FALSE,,,,,,
5.62341325190349e-05,0.0034769387813137,0,FALSE,1264,1190,TRUE,adjoint,2,2,1,0.527881523562586,interior_after_extension,1,FALSE,,,,,,
1e-04,0.0038517763741601,0,FALSE,1264,1190,TRUE,adjoint,2,2,1,0.527881523562586,interior_after_extension,1,FALSE,,,,,,
0.000177827941003892,0.00422797126371879,0,FALSE,1264,1190,TRUE,adjoint,2,2,1,0.527881523562586,interior_after_extension,1,FALSE,,,,,,
0.000316227766016838,0.00453021830849768,0,FALSE,1264,1190,TRUE,adjoint,2,2,1,0.527881523562586,interior_after_extension,1,FALSE,,,,,,
0.000562341325190349,0.00472421194649991,0,FALSE,1264,1190,TRUE,adjoint,2,2,1,0.527881523562586,interior_after_extension,1,FALSE,,,,,,
0.001,0.00488013055747759,0,FALSE,1264,1190,TRUE,adjoint,2,2,1,0.527881523562586,interior_after_extension,1,FALSE,,,,,,
0.00177827941003892,0.00520977869750992,0,FALSE,1264,1190,TRUE,adjoint,2,2,1,0.527881523562586,interior_after_extension,1,FALSE,,,,,,
0.00316227766016838,0.00601593643027982,0,FALSE,1264,1190,TRUE,adjoint,2,2,1,0.527881523562586,interior_after_extension,1,FALSE,,,,,,
0.00562341325190349,0.00758384534769256,0,FALSE,1264,1190,TRUE,adjoint,2,2,1,0.527881523562586,interior_after_extension,1,FALSE,,,,,,
0.01,0.0101154114686281,0,FALSE,1264,1190,TRUE,adjoint,2,2,1,0.527881523562586,interior_after_extension,1,FALSE,,,,,,
0.0177827941003892,0.0137210219866633,0,FALSE,1264,1190,TRUE,adjoint,2,2,1,0.527881523562586,interior_after_extension,1,FALSE,,,,,,
0.0316227766016838,0.0184167771603191,0,FALSE,1264,1190,TRUE,adjoint,2,2,1,0.527881523562586,interior_after_extension,1,FALSE,,,,,,
0.0562341325190349,0.0240347297365598,0,FALSE,1264,1190,TRUE,adjoint,2,2,1,0.527881523562586,interior_after_extension,1,FALSE,,,,,,
0.1,0.0300554179641227,0,FALSE,1264,1190,TRUE,adjoint,2,2,1,0.527881523562586,interior_after_extension,1,FALSE,,,,,,
0.177827941003892,0.035673266541254,0,FALSE,1264,1190,TRUE,adjoint,2,2,1,0.527881523562586,interior_after_extension,1,FALSE,,,,,,
0.316227766016838,0.0402158624300527,0,FALSE,1264,1190,TRUE,adjoint,2,2,1,0.527881523562586,interior_after_extension,1,FALSE,,,,,,
0.562341325190349,0.0434658359050901,0,FALSE,1264,1190,TRUE,adjoint,2,2,1,0.527881523562586,interior_after_extension,1,FALSE,,,,,,
1,0.0455900630735301,0,FALSE,1264,1190,TRUE,adjoint,2,2,1,0.527881523562586,interior_after_extension,1,FALSE,,,,,,
1e-18,0.424436705859607,13,FALSE,,,,ratio,2,1,1,0.999340502709111,interior_after_extension,13,FALSE,,,,,,
1.77827941003892e-18,0.424436706032462,13,FALSE,,,,ratio,2,1,1,0.999340502709111,interior_after_extension,13,FALSE,,,,,,
3.16227766016838e-18,0.424436706205372,13,FALSE,,,,ratio,2,1,1,0.999340502709111,interior_after_extension,13,FALSE,,,,,,
5.62341325190349e-18,0.424436706378316,13,FALSE,,,,ratio,2,1,1,0.999340502709111,interior_after_extension,13,FALSE,,,,,,
1e-17,0.424436705859607,12,TRUE,,,,ratio,2,1,1,0.999340502709111,interior_after_extension,13,FALSE,,,,,,
1.77827941003892e-17,0.424436706032462,12,FALSE,,,,ratio,2,1,1,0.999340502709111,interior_after_extension,13,FALSE,,,,,,
3.16227766016838e-17,0.424436706205372,12,FALSE,,,,ratio,2,1,1,0.999340502709111,interior_after_extension,13,FALSE,,,,,,
5.62341325190349e-17,0.424436706378316,12,FALSE,,,,ratio,2,1,1,0.999340502709111,interior_after_extension,13,FALSE,,,,,,
1e-16,0.424436705859607,11,FALSE,,,,ratio,2,1,1,0.999340502709111,interior_after_extension,13,FALSE,,,,,,
1.77827941003892e-16,0.424436706032462,11,FALSE,,,,ratio,2,1,1,0.999340502709111,interior_after_extension,13,FALSE,,,,,,
3.16227766016838e-16,0.424436706205373,11,FALSE,,,,ratio,2,1,1,0.999340502709111,interior_after_extension,13,FALSE,,,,,,
5.62341325190349e-16,0.424436706378316,11,FALSE,,,,ratio,2,1,1,0.999340502709111,interior_after_extension,13,FALSE,,,,,,
1e-15,0.424436705859607,10,FALSE,,,,ratio,2,1,1,0.999340502709111,interior_after_extension,13,FALSE,,,,,,
1.77827941003892e-15,0.424436706032463,10,FALSE,,,,ratio,2,1,1,0.999340502709111,interior_after_extension,13,FALSE,,,,,,
3.16227766016838e-15,0.424436706205373,10,FALSE,,,,ratio,2,1,1,0.999340502709111,interior_after_extension,13,FALSE,,,,,,
5.62341325190349e-15,0.424436706378316,10,FALSE,,,,ratio,2,1,1,0.999340502709111,interior_after_extension,13,FALSE,,,,,,
1e-14,0.424436705859611,9,FALSE,,,,ratio,2,1,1,0.999340502709111,interior_after_extension,13,FALSE,,,,,,
1.77827941003892e-14,0.424436706032468,9,FALSE,,,,ratio,2,1,1,0.999340502709111,interior_after_extension,13,FALSE,,,,,,
3.16227766016838e-14,0.424436706205373,9,FALSE,,,,ratio,2,1,1,0.999340502709111,interior_after_extension,13,FALSE,,,,,,
5.62341325190349e-14,0.424436706378317,9,FALSE,,,,ratio,2,1,1,0.999340502709111,interior_after_extension,13,FALSE,,,,,,
1e-13,0.424436705859631,8,FALSE,,,,ratio,2,1,1,0.999340502709111,interior_after_extension,13,FALSE,,,,,,
1.77827941003892e-13,0.424436706032498,8,FALSE,,,,ratio,2,1,1,0.999340502709111,interior_after_extension,13,FALSE,,,,,,
3.16227766016838e-13,0.424436706205391,8,FALSE,,,,ratio,2,1,1,0.999340502709111,interior_after_extension,13,FALSE,,,,,,
5.62341325190349e-13,0.424436706378331,8,FALSE,,,,ratio,2,1,1,0.999340502709111,interior_after_extension,13,FALSE,,,,,,
1e-12,0.424436705859827,7,FALSE,,,,ratio,2,1,1,0.999340502709111,interior_after_extension,13,FALSE,,,,,,
1.77827941003892e-12,0.424436706032692,7,FALSE,,,,ratio,2,1,1,0.999340502709111,interior_after_extension,13,FALSE,,,,,,
3.16227766016838e-12,0.424436706205587,7,FALSE,,,,ratio,2,1,1,0.999340502709111,interior_after_extension,13,FALSE,,,,,,
5.62341325190349e-12,0.42443670637854,7,FALSE,,,,ratio,2,1,1,0.999340502709111,interior_after_extension,13,FALSE,,,,,,
1e-11,0.424436705861805,6,FALSE,,,,ratio,2,1,1,0.999340502709111,interior_after_extension,13,FALSE,,,,,,
1.77827941003892e-11,0.424436706034662,6,FALSE,,,,ratio,2,1,1,0.999340502709111,interior_after_extension,13,FALSE,,,,,,
3.16227766016838e-11,0.424436706207556,6,FALSE,,,,ratio,2,1,1,0.999340502709111,interior_after_extension,13,FALSE,,,,,,
5.62341325190349e-11,0.424436706380493,6,FALSE,,,,ratio,2,1,1,0.999340502709111,interior_after_extension,13,FALSE,,,,,,
1e-10,0.424436705939282,5,FALSE,,,,ratio,2,1,1,0.999340502709111,interior_after_extension,13,FALSE,,,,,,
1.77827941003892e-10,0.424436706112123,5,FALSE,,,,ratio,2,1,1,0.999340502709111,interior_after_extension,13,FALSE,,,,,,
3.16227766016838e-10,0.424436706284976,5,FALSE,,,,ratio,2,1,1,0.999340502709111,interior_after_extension,13,FALSE,,,,,,
5.62341325190349e-10,0.424436706457816,5,FALSE,,,,ratio,2,1,1,0.999340502709111,interior_after_extension,13,FALSE,,,,,,
1e-09,0.424436706394262,4,FALSE,,,,ratio,2,1,1,0.999340502709111,interior_after_extension,13,FALSE,,,,,,
1.77827941003892e-09,0.424436706566861,4,FALSE,,,,ratio,2,1,1,0.999340502709111,interior_after_extension,13,FALSE,,,,,,
3.16227766016838e-09,0.424436706739229,4,FALSE,,,,ratio,2,1,1,0.999340502709111,interior_after_extension,13,FALSE,,,,,,
5.62341325190349e-09,0.424436706910974,4,FALSE,,,,ratio,2,1,1,0.999340502709111,interior_after_extension,13,FALSE,,,,,,
1e-08,0.424436708170725,3,FALSE,,,,ratio,2,1,1,0.999340502709111,interior_after_extension,13,FALSE,,,,,,
1.77827941003892e-08,0.424436708500532,3,FALSE,,,,ratio,2,1,1,0.999340502709111,interior_after_extension,13,FALSE,,,,,,
3.16227766016838e-08,0.424436709422449,3,FALSE,,,,ratio,2,1,1,0.999340502709111,interior_after_extension,13,FALSE,,,,,,
5.62341325190349e-08,0.424436711208725,3,FALSE,,,,ratio,2,1,1,0.999340502709111,interior_after_extension,13,FALSE,,,,,,
1e-07,0.424436720809562,2,FALSE,,,,ratio,2,1,1,0.999340502709111,interior_after_extension,13,FALSE,,,,,,
1.77827941003892e-07,0.424436726386455,2,FALSE,,,,ratio,2,1,1,0.999340502709111,interior_after_extension,13,FALSE,,,,,,
3.16227766016838e-07,0.424436736471932,2,FALSE,,,,ratio,2,1,1,0.999340502709111,interior_after_extension,13,FALSE,,,,,,
5.62341325190349e-07,0.424436754100504,2,FALSE,,,,ratio,2,1,1,0.999340502709111,interior_after_extension,13,FALSE,,,,,,
1e-06,0.42443682273332,1,FALSE,,,,ratio,2,1,1,0.999340502709111,interior_after_extension,13,FALSE,,,,,,
1.77827941003892e-06,0.424436886990674,1,FALSE,,,,ratio,2,1,1,0.999340502709111,interior_after_extension,13,FALSE,,,,,,
3.16227766016838e-06,0.424437000596221,1,FALSE,,,,ratio,2,1,1,0.999340502709111,interior_after_extension,13,FALSE,,,,,,
5.62341325190349e-06,0.424437198498639,1,FALSE,,,,ratio,2,1,1,0.999340502709111,interior_after_extension,13,FALSE,,,,,,
1e-05,0.424437579985443,0,FALSE,,,,ratio,2,1,1,0.999340502709111,interior_after_extension,13,FALSE,,,,,,
1.77827941003892e-05,0.424438263824413,0,FALSE,,,,ratio,2,1,1,0.999340502709111,interior_after_extension,13,FALSE,,,,,,
3.16227766016838e-05,0.424439552562841,0,FALSE,,,,ratio,2,1,1,0.999340502709111,interior_after_extension,13,FALSE,,,,,,
5.62341325190349e-05,0.424441882116127,0,FALSE,,,,ratio,2,1,1,0.999340502709111,interior_after_extension,13,FALSE,,,,,,
1e-04,0.424445981271789,0,FALSE,,,,ratio,2,1,1,0.999340502709111,interior_after_extension,13,FALSE,,,,,,
0.000177827941003892,0.424453285971417,0,FALSE,,,,ratio,2,1,1,0.999340502709111,interior_after_extension,13,FALSE,,,,,,
0.000316227766016838,0.424466410653285,0,FALSE,,,,ratio,2,1,1,0.999340502709111,interior_after_extension,13,FALSE,,,,,,
0.000562341325190349,0.424489836937178,0,FALSE,,,,ratio,2,1,1,0.999340502709111,interior_after_extension,13,FALSE,,,,,,
0.001,0.424531510287015,0,FALSE,,,,ratio,2,1,1,0.999340502709111,interior_after_extension,13,FALSE,,,,,,
0.00177827941003892,0.424605499281274,0,FALSE,,,,ratio,2,1,1,0.999340502709111,interior_after_extension,13,FALSE,,,,,,
0.00316227766016838,0.424737163172013,0,FALSE,,,,ratio,2,1,1,0.999340502709111,interior_after_extension,13,FALSE,,,,,,
0.00562341325190349,0.424971873232533,0,FALSE,,,,ratio,2,1,1,0.999340502709111,interior_after_extension,13,FALSE,,,,,,
0.01,0.42539076560474,0,FALSE,,,,ratio,2,1,1,0.999340502709111,interior_after_extension,13,FALSE,,,,,,
0.0177827941003892,0.426140168017788,0,FALSE,,,,ratio,2,1,1,0.999340502709111,interior_after_extension,13,FALSE,,,,,,
0.0316227766016838,0.427486893645973,0,FALSE,,,,ratio,2,1,1,0.999340502709111,interior_after_extension,13,FALSE,,,,,,
0.0562341325190349,0.429925877083012,0,FALSE,,,,ratio,2,1,1,0.999340502709111,interior_after_extension,13,FALSE,,,,,,
0.1,0.43440171732309,0,FALSE,,,,ratio,2,1,1,0.999340502709111,interior_after_extension,13,FALSE,,,,,,
0.177827941003892,0.442797468272247,0,FALSE,,,,ratio,2,1,1,0.999340502709111,interior_after_extension,13,FALSE,,,,,,
0.316227766016838,0.459104330828698,0,FALSE,,,,ratio,2,1,1,0.999340502709111,interior_after_extension,13,FALSE,,,,,,
0.562341325190349,0.492503435914608,0,FALSE,,,,ratio,2,1,1,0.999340502709111,interior_after_extension,13,FALSE,,,,,,
1,0.566738143413415,0,FALSE,,,,ratio,2,1,1,0.999340502709111,interior_after_extension,13,FALSE,,,,,,
1e-05,0.608124978816953,0,FALSE,,,,ratio,2,2,1,1,interior,0,FALSE,,,,,,
1.77827941003892e-05,0.606832552009072,0,FALSE,,,,ratio,2,2,1,1,interior,0,FALSE,,,,,,
3.16227766016838e-05,0.605552089529454,0,FALSE,,,,ratio,2,2,1,1,interior,0,FALSE,,,,,,
5.62341325190349e-05,0.604288378972135,0,FALSE,,,,ratio,2,2,1,1,interior,0,FALSE,,,,,,
1e-04,0.603051534483413,0,FALSE,,,,ratio,2,2,1,1,interior,0,FALSE,,,,,,
0.000177827941003892,0.601861869572896,0,FALSE,,,,ratio,2,2,1,1,interior,0,FALSE,,,,,,
0.000316227766016838,0.60075701339198,0,FALSE,,,,ratio,2,2,1,1,interior,0,FALSE,,,,,,
0.000562341325190349,0.599806762371997,0,FALSE,,,,ratio,2,2,1,1,interior,0,FALSE,,,,,,
0.001,0.599144995892874,0,FALSE,,,,ratio,2,2,1,1,interior,0,FALSE,,,,,,
0.00177827941003892,0.599041218715205,0,TRUE,,,,ratio,2,2,1,1,interior,0,FALSE,,,,,,
0.00316227766016838,0.600084330334549,0,FALSE,,,,ratio,2,2,1,1,interior,0,FALSE,,,,,,
0.00562341325190349,0.603780479668886,0,FALSE,,,,ratio,2,2,1,1,interior,0,FALSE,,,,,,
0.01,0.609208320012364,0,FALSE,,,,ratio,2,2,1,1,interior,0,FALSE,,,,,,
0.0177827941003892,0.617414985628715,0,FALSE,,,,ratio,2,2,1,1,interior,0,FALSE,,,,,,
0.0316227766016838,0.62825953201242,0,FALSE,,,,ratio,2,2,1,1,interior,0,FALSE,,,,,,
0.0562341325190349,0.64588017785857,0,FALSE,,,,ratio,2,2,1,1,interior,0,FALSE,,,,,,
0.1,0.67367145866239,0,FALSE,,,,ratio,2,2,1,1,interior,0,FALSE,,,,,,
0.177827941003892,0.690757868613464,0,FALSE,,,,ratio,2,2,1,1,interior,0,FALSE,,,,,,
0.316227766016838,0.693147180559914,0,FALSE,,,,ratio,2,2,1,1,interior,0,FALSE,,,,,,
0.562341325190349,0.693147180559914,0,FALSE,,,,ratio,2,2,1,1,interior,0,FALSE,,,,,,
1,0.693147180559914,0,FALSE,,,,ratio,2,2,1,1,interior,0,FALSE,,,,,,
1e-10,-0.000741450719734345,0,FALSE,2667,2667,TRUE,beta,3,1,1,0.33991223285944,interior,0,FALSE,,,,,,
1.77827941003892e-10,-0.000741398372148808,0,FALSE,2667,2667,TRUE,beta,3,1,1,0.33991223285944,interior,0,FALSE,,,,,,
3.16227766016838e-10,-0.000741419591635426,0,FALSE,2667,2667,TRUE,beta,3,1,1,0.33991223285944,interior,0,FALSE,,,,,,
5.62341325190349e-10,-0.000741404991124709,0,FALSE,2667,2667,TRUE,beta,3,1,1,0.33991223285944,interior,0,FALSE,,,,,,
1e-09,-0.000741403824540533,0,FALSE,2667,2667,TRUE,beta,3,1,1,0.33991223285944,interior,0,FALSE,,,,,,
1.77827941003892e-09,-0.000741405400539917,0,FALSE,2667,2667,TRUE,beta,3,1,1,0.33991223285944,interior,0,FALSE,,,,,,
3.16227766016838e-09,-0.000741405769059714,0,FALSE,2667,2667,TRUE,beta,3,1,1,0.33991223285944,interior,0,FALSE,,,,,,
5.62341325190349e-09,-0.000741406084589627,0,FALSE,2667,2667,TRUE,beta,3,1,1,0.33991223285944,interior,0,FALSE,,,,,,
1e-08,-0.000741405821715681,0,FALSE,2667,2667,TRUE,beta,3,1,1,0.33991223285944,interior,0,FALSE,,,,,,
1.77827941003892e-08,-0.000741406194414598,0,FALSE,2667,2667,TRUE,beta,3,1,1,0.33991223285944,interior,0,FALSE,,,,,,
3.16227766016838e-08,-0.000741406115222585,0,FALSE,2667,2667,TRUE,beta,3,1,1,0.33991223285944,interior,0,FALSE,,,,,,
5.62341325190349e-08,-0.000741406476661381,0,FALSE,2667,2667,TRUE,beta,3,1,1,0.33991223285944,interior,0,FALSE,,,,,,
1e-07,-0.000741406873699391,0,FALSE,2667,2667,TRUE,beta,3,1,1,0.33991223285944,interior,0,FALSE,,,,,,
1.77827941003892e-07,-0.000741407600610766,0,FALSE,2667,2667,TRUE,beta,3,1,1,0.33991223285944,interior,0,FALSE,,,,,,
3.16227766016838e-07,-0.000741408909818313,0,FALSE,2667,2667,TRUE,beta,3,1,1,0.33991223285944,interior,0,FALSE,,,,,,
5.62341325190349e-07,-0.00074141128459772,0,FALSE,2667,2667,TRUE,beta,3,1,1,0.33991223285944,interior,0,FALSE,,,,,,
1e-06,-0.00074141550233598,0,FALSE,2667,2667,TRUE,beta,3,1,1,0.33991223285944,interior,0,FALSE,,,,,,
1.77827941003892e-06,-0.000741422994639356,0,FALSE,2667,2667,TRUE,beta,3,1,1,0.33991223285944,interior,0,FALSE,,,,,,
3.16227766016838e-06,-0.000741436315973906,0,FALSE,2667,2667,TRUE,beta,3,1,1,0.33991223285944,interior,0,FALSE,,,,,,
5.62341325190349e-06,-0.000741460004551637,0,FALSE,2667,2667,TRUE,beta,3,1,1,0.33991223285944,interior,0,FALSE,,,,,,
1e-05,-0.000741502114520649,0,FALSE,2667,2667,TRUE,beta,3,1,1,0.33991223285944,interior,0,FALSE,,,,,,
1.77827941003892e-05,-0.000741576943477924,0,FALSE,2667,2667,TRUE,beta,3,1,1,0.33991223285944,interior,0,FALSE,,,,,,
3.16227766016838e-05,-0.000741709846213378,0,FALSE,2667,2667,TRUE,beta,3,1,1,0.33991223285944,interior,0,FALSE,,,,,,
5.62341325190349e-05,-0.00074194566588482,0,FALSE,2667,2667,TRUE,beta,3,1,1,0.33991223285944,interior,0,FALSE,,,,,,
1e-04,-0.00074236338389151,0,FALSE,2667,2667,TRUE,beta,3,1,1,0.33991223285944,interior,0,FALSE,,,,,,
0.000177827941003892,-0.000743101054043275,0,FALSE,2667,2667,TRUE,beta,3,1,1,0.33991223285944,interior,0,FALSE,,,,,,
0.000316227766016838,-0.000744396678671569,0,FALSE,2667,2667,TRUE,beta,3,1,1,0.33991223285944,interior,0,FALSE,,,,,,
0.000562341325190349,-0.000746621948618918,0,FALSE,2667,2667,TRUE,beta,3,1,1,0.33991223285944,interior,0,FALSE,,,,,,
0.001,-0.00075048519906826,0,FALSE,2667,2667,TRUE,beta,3,1,1,0.33991223285944,interior,0,FALSE,,,,,,
0.00177827941003892,-0.000756933179779516,0,FALSE,2667,2667,TRUE,beta,3,1,1,0.33991223285944,interior,0,FALSE,,,,,,
0.00316227766016838,-0.000766915091609586,0,FALSE,2667,2667,TRUE,beta,3,1,1,0.33991223285944,interior,0,FALSE,,,,,,
0.00562341325190349,-0.000780755426965157,0,FALSE,2667,2667,TRUE,beta,3,1,1,0.33991223285944,interior,0,FALSE,,,,,,
0.01,-0.000795527817041061,0,FALSE,2667,2667,TRUE,beta,3,1,1,0.33991223285944,interior,0,FALSE,,,,,,
0.0177827941003892,-0.000800091034515486,0,TRUE,2667,2667,TRUE,beta,3,1,1,0.33991223285944,interior,0,FALSE,,,,,,
0.0316227766016838,-0.000769478338941194,0,FALSE,2667,2667,TRUE,beta,3,1,1,0.33991223285944,interior,0,FALSE,,,,,,
0.0562341325190349,-0.000665817746740593,0,FALSE,2667,2667,TRUE,beta,3,1,1,0.33991223285944,interior,0,FALSE,,,,,,
0.1,-0.000456143992180332,0,FALSE,2667,2667,TRUE,beta,3,1,1,0.33991223285944,interior,0,FALSE,,,,,,
0.177827941003892,-0.000146265633426029,0,FALSE,2667,2667,TRUE,beta,3,1,1,0.33991223285944,interior,0,FALSE,,,,,,
0.316227766016838,0.000202866211269171,0,FALSE,2667,2667,TRUE,beta,3,1,1,0.33991223285944,interior,0,FALSE,,,,,,
0.562341325190349,0.000514575504612447,0,FALSE,2667,2667,TRUE,beta,3,1,1,0.33991223285944,interior,0,FALSE,,,,,,
1,0.000748375890759507,0,FALSE,2667,2667,TRUE,beta,3,1,1,0.33991223285944,interior,0,FALSE,,,,,,
1e-11,-0.00103984409038167,1,FALSE,2667,2588,TRUE,beta,3,2,1,0.338988580039361,interior_after_extension,1,FALSE,,,,,,
1.77827941003892e-11,-0.00103985724120429,1,TRUE,2667,2588,TRUE,beta,3,2,1,0.338988580039361,interior_after_extension,1,FALSE,,,,,,
3.16227766016838e-11,-0.00103984938270575,1,FALSE,2667,2588,TRUE,beta,3,2,1,0.338988580039361,interior_after_extension,1,FALSE,,,,,,
5.62341325190349e-11,-0.0010398515889881,1,FALSE,2667,2588,TRUE,beta,3,2,1,0.338988580039361,interior_after_extension,1,FALSE,,,,,,
1e-10,-0.0010398519670227,0,FALSE,2667,2588,TRUE,beta,3,2,1,0.338988580039361,interior_after_extension,1,FALSE,,,,,,
1.77827941003892e-10,-0.00103985185035196,0,FALSE,2667,2588,TRUE,beta,3,2,1,0.338988580039361,interior_after_extension,1,FALSE,,,,,,
3.16227766016838e-10,-0.00103985180983984,0,FALSE,2667,2588,TRUE,beta,3,2,1,0.338988580039361,interior_after_extension,1,FALSE,,,,,,
5.62341325190349e-10,-0.00103985183260745,0,FALSE,2667,2588,TRUE,beta,3,2,1,0.338988580039361,interior_after_extension,1,FALSE,,,,,,
1e-09,-0.00103985182920409,0,FALSE,2667,2588,TRUE,beta,3,2,1,0.338988580039361,interior_after_extension,1,FALSE,,,,,,
1.77827941003892e-09,-0.00103985181523185,0,FALSE,2667,2588,TRUE,beta,3,2,1,0.338988580039361,interior_after_extension,1,FALSE,,,,,,
3.16227766016838e-09,-0.0010398518152226,0,FALSE,2667,2588,TRUE,beta,3,2,1,0.338988580039361,interior_after_extension,1,FALSE,,,,,,
5.62341325190349e-09,-0.00103985180866856,0,FALSE,2667,2588,TRUE,beta,3,2,1,0.338988580039361,interior_after_extension,1,FALSE,,,,,,
1e-08,-0.00103985179275049,0,FALSE,2667,2588,TRUE,beta,3,2,1,0.338988580039361,interior_after_extension,1,FALSE,,,,,,
1.77827941003892e-08,-0.00103985176950176,0,FALSE,2667,2588,TRUE,beta,3,2,1,0.338988580039361,interior_after_extension,1,FALSE,,,,,,
3.16227766016838e-08,-0.0010398517266471,0,FALSE,2667,2588,TRUE,beta,3,2,1,0.338988580039361,interior_after_extension,1,FALSE,,,,,,
5.62341325190349e-08,-0.00103985165154448,0,FALSE,2667,2588,TRUE,beta,3,2,1,0.338988580039361,interior_after_extension,1,FALSE,,,,,,
1e-07,-0.00103985151719744,0,FALSE,2667,2588,TRUE,beta,3,2,1,0.338988580039361,interior_after_extension,1,FALSE,,,,,,
1.77827941003892e-07,-0.00103985127907194,0,FALSE,2667,2588,TRUE,beta,3,2,1,0.338988580039361,interior_after_extension,1,FALSE,,,,,,
3.16227766016838e-07,-0.00103985085560041,0,FALSE,2667,2588,TRUE,beta,3,2,1,0.338988580039361,interior_after_extension,1,FALSE,,,,,,
5.62341325190349e-07,-0.00103985010235172,0,FALSE,2667,2588,TRUE,beta,3,2,1,0.338988580039361,interior_after_extension,1,FALSE,,,,,,
1e-06,-0.00103984876292219,0,FALSE,2667,2588,TRUE,beta,3,2,1,0.338988580039361,interior_after_extension,1,FALSE,,,,,,
1.77827941003892e-06,-0.00103984638104899,0,FALSE,2667,2588,TRUE,beta,3,2,1,0.338988580039361,interior_after_extension,1,FALSE,,,,,,
3.16227766016838e-06,-0.0010398421453697,0,FALSE,2667,2588,TRUE,beta,3,2,1,0.338988580039361,interior_after_extension,1,FALSE,,,,,,
5.62341325190349e-06,-0.00103983461299034,0,FALSE,2667,2588,TRUE,beta,3,2,1,0.338988580039361,interior_after_extension,1,FALSE,,,,,,
1e-05,-0.00103982121782488,0,FALSE,2667,2588,TRUE,beta,3,2,1,0.338988580039361,interior_after_extension,1,FALSE,,,,,,
1.77827941003892e-05,-0.00103979739594538,0,FALSE,2667,2588,TRUE,beta,3,2,1,0.338988580039361,interior_after_extension,1,FALSE,,,,,,
3.16227766016838e-05,-0.00103975502918895,0,FALSE,2667,2588,TRUE,beta,3,2,1,0.338988580039361,interior_after_extension,1,FALSE,,,,,,
5.62341325190349e-05,-0.00103967967436362,0,FALSE,2667,2588,TRUE,beta,3,2,1,0.338988580039361,interior_after_extension,1,FALSE,,,,,,
1e-04,-0.00103954562684703,0,FALSE,2667,2588,TRUE,beta,3,2,1,0.338988580039361,interior_after_extension,1,FALSE,,,,,,
0.000177827941003892,-0.00103930711721169,0,FALSE,2667,2588,TRUE,beta,3,2,1,0.338988580039361,interior_after_extension,1,FALSE,,,,,,
0.000316227766016838,-0.00103888259739464,0,FALSE,2667,2588,TRUE,beta,3,2,1,0.338988580039361,interior_after_extension,1,FALSE,,,,,,
0.000562341325190349,-0.00103812671730369,0,FALSE,2667,2588,TRUE,beta,3,2,1,0.338988580039361,interior_after_extension,1,FALSE,,,,,,
0.001,-0.00103678076170801,0,FALSE,2667,2588,TRUE,beta,3,2,1,0.338988580039361,interior_after_extension,1,FALSE,,,,,,
0.00177827941003892,-0.0010343876643616,0,FALSE,2667,2588,TRUE,beta,3,2,1,0.338988580039361,interior_after_extension,1,FALSE,,,,,,
0.00316227766016838,-0.00103015896374161,0,FALSE,2667,2588,TRUE,beta,3,2,1,0.338988580039361,interior_after_extension,1,FALSE,,,,,,
0.00562341325190349,-0.00102281217057781,0,FALSE,2667,2588,TRUE,beta,3,2,1,0.338988580039361,interior_after_extension,1,FALSE,,,,,,
0.01,-0.0010104906109879,0,FALSE,2667,2588,TRUE,beta,3,2,1,0.338988580039361,interior_after_extension,1,FALSE,,,,,,
0.0177827941003892,-0.000990949418980405,0,FALSE,2667,2588,TRUE,beta,3,2,1,0.338988580039361,interior_after_extension,1,FALSE,,,,,,
0.0316227766016838,-0.000961912911374658,0,FALSE,2667,2588,TRUE,beta,3,2,1,0.338988580039361,interior_after_extension,1,FALSE,,,,,,
0.0562341325190349,-0.000921061363407643,0,FALSE,2667,2588,TRUE,beta,3,2,1,0.338988580039361,interior_after_extension,1,FALSE,,,,,,
0.1,-0.000865903130794215,0,FALSE,2667,2588,TRUE,beta,3,2,1,0.338988580039361,interior_after_extension,1,FALSE,,,,,,
0.177827941003892,-0.000793751019014304,0,FALSE,2667,2588,TRUE,beta,3,2,1,0.338988580039361,interior_after_extension,1,FALSE,,,,,,
0.316227766016838,-0.000701145351897926,0,FALSE,2667,2588,TRUE,beta,3,2,1,0.338988580039361,interior_after_extension,1,FALSE,,,,,,
0.562341325190349,-0.000585656321794433,0,FALSE,2667,2588,TRUE,beta,3,2,1,0.338988580039361,interior_after_extension,1,FALSE,,,,,,
1,-0.000454128844422337,0,FALSE,2667,2588,TRUE,beta,3,2,1,0.338988580039361,interior_after_extension,1,FALSE,,,,,,
1e-17,0.000195566949982326,7,FALSE,1189,1189,TRUE,adjoint,3,1,1,0.655842508945176,interior_after_extension,7,FALSE,,,,,,
1.77827941003892e-17,0.00019556694998232,7,TRUE,1189,1189,TRUE,adjoint,3,1,1,0.655842508945176,interior_after_extension,7,FALSE,,,,,,
3.16227766016838e-17,0.000195566949982324,7,FALSE,1189,1189,TRUE,adjoint,3,1,1,0.655842508945176,interior_after_extension,7,FALSE,,,,,,
5.62341325190349e-17,0.000195566949982327,7,FALSE,1189,1189,TRUE,adjoint,3,1,1,0.655842508945176,interior_after_extension,7,FALSE,,,,,,
1e-16,0.000195566949982327,6,FALSE,1189,1189,TRUE,adjoint,3,1,1,0.655842508945176,interior_after_extension,7,FALSE,,,,,,
1.77827941003892e-16,0.000195566949982328,6,FALSE,1189,1189,TRUE,adjoint,3,1,1,0.655842508945176,interior_after_extension,7,FALSE,,,,,,
3.16227766016838e-16,0.000195566949982331,6,FALSE,1189,1189,TRUE,adjoint,3,1,1,0.655842508945176,interior_after_extension,7,FALSE,,,,,,
5.62341325190349e-16,0.000195566949982334,6,FALSE,1189,1189,TRUE,adjoint,3,1,1,0.655842508945176,interior_after_extension,7,FALSE,,,,,,
1e-15,0.00019556694998234,5,FALSE,1189,1189,TRUE,adjoint,3,1,1,0.655842508945176,interior_after_extension,7,FALSE,,,,,,
1.77827941003892e-15,0.000195566949982353,5,FALSE,1189,1189,TRUE,adjoint,3,1,1,0.655842508945176,interior_after_extension,7,FALSE,,,,,,
3.16227766016838e-15,0.000195566949982379,5,FALSE,1189,1189,TRUE,adjoint,3,1,1,0.655842508945176,interior_after_extension,7,FALSE,,,,,,
5.62341325190349e-15,0.000195566949982423,5,FALSE,1189,1189,TRUE,adjoint,3,1,1,0.655842508945176,interior_after_extension,7,FALSE,,,,,,
1e-14,0.000195566949982502,4,FALSE,1189,1189,TRUE,adjoint,3,1,1,0.655842508945176,interior_after_extension,7,FALSE,,,,,,
1.77827941003892e-14,0.000195566949982643,4,FALSE,1189,1189,TRUE,adjoint,3,1,1,0.655842508945176,interior_after_extension,7,FALSE,,,,,,
3.16227766016838e-14,0.000195566949982879,4,FALSE,1189,1189,TRUE,adjoint,3,1,1,0.655842508945176,interior_after_extension,7,FALSE,,,,,,
5.62341325190349e-14,0.000195566949983314,4,FALSE,1189,1189,TRUE,adjoint,3,1,1,0.655842508945176,interior_after_extension,7,FALSE,,,,,,
1e-13,0.000195566949984088,3,FALSE,1189,1189,TRUE,adjoint,3,1,1,0.655842508945176,interior_after_extension,7,FALSE,,,,,,
1.77827941003892e-13,0.000195566949985459,3,FALSE,1189,1189,TRUE,adjoint,3,1,1,0.655842508945176,interior_after_extension,7,FALSE,,,,,,
3.16227766016838e-13,0.000195566949987903,3,FALSE,1189,1189,TRUE,adjoint,3,1,1,0.655842508945176,interior_after_extension,7,FALSE,,,,,,
5.62341325190349e-13,0.000195566949992247,3,FALSE,1189,1189,TRUE,adjoint,3,1,1,0.655842508945176,interior_after_extension,7,FALSE,,,,,,
1e-12,0.000195566949999967,2,FALSE,1189,1189,TRUE,adjoint,3,1,1,0.655842508945176,interior_after_extension,7,FALSE,,,,,,
1.77827941003892e-12,0.000195566950013701,2,FALSE,1189,1189,TRUE,adjoint,3,1,1,0.655842508945176,interior_after_extension,7,FALSE,,,,,,
3.16227766016838e-12,0.000195566950038117,2,FALSE,1189,1189,TRUE,adjoint,3,1,1,0.655842508945176,interior_after_extension,7,FALSE,,,,,,
5.62341325190349e-12,0.000195566950081535,2,FALSE,1189,1189,TRUE,adjoint,3,1,1,0.655842508945176,interior_after_extension,7,FALSE,,,,,,
1e-11,0.000195566950158752,1,FALSE,1189,1189,TRUE,adjoint,3,1,1,0.655842508945176,interior_after_extension,7,FALSE,,,,,,
1.77827941003892e-11,0.000195566950296069,1,FALSE,1189,1189,TRUE,adjoint,3,1,1,0.655842508945176,interior_after_extension,7,FALSE,,,,,,
3.16227766016838e-11,0.000195566950540248,1,FALSE,1189,1189,TRUE,adjoint,3,1,1,0.655842508945176,interior_after_extension,7,FALSE,,,,,,
5.62341325190349e-11,0.000195566950974476,1,FALSE,1189,1189,TRUE,adjoint,3,1,1,0.655842508945176,interior_after_extension,7,FALSE,,,,,,
1e-10,0.000195566951746646,0,FALSE,1189,1189,TRUE,adjoint,3,1,1,0.655842508945176,interior_after_extension,7,FALSE,,,,,,
1.77827941003892e-10,0.000195566953119785,0,FALSE,1189,1189,TRUE,adjoint,3,1,1,0.655842508945176,interior_after_extension,7,FALSE,,,,,,
3.16227766016838e-10,0.000195566955561609,0,FALSE,1189,1189,TRUE,adjoint,3,1,1,0.655842508945176,interior_after_extension,7,FALSE,,,,,,
5.62341325190349e-10,0.000195566959903857,0,FALSE,1189,1189,TRUE,adjoint,3,1,1,0.655842508945176,interior_after_extension,7,FALSE,,,,,,
1e-09,0.000195566967625593,0,FALSE,1189,1189,TRUE,adjoint,3,1,1,0.655842508945176,interior_after_extension,7,FALSE,,,,,,
1.77827941003892e-09,0.00019556698135703,0,FALSE,1189,1189,TRUE,adjoint,3,1,1,0.655842508945176,interior_after_extension,7,FALSE,,,,,,
3.16227766016838e-09,0.000195567005775449,0,FALSE,1189,1189,TRUE,adjoint,3,1,1,0.655842508945176,interior_after_extension,7,FALSE,,,,,,
5.62341325190349e-09,0.000195567049198513,0,FALSE,1189,1189,TRUE,adjoint,3,1,1,0.655842508945176,interior_after_extension,7,FALSE,,,,,,
1e-08,0.000195567126417748,0,FALSE,1189,1189,TRUE,adjoint,3,1,1,0.655842508945176,interior_after_extension,7,FALSE,,,,,,
1.77827941003892e-08,0.00019556726373796,0,FALSE,1189,1189,TRUE,adjoint,3,1,1,0.655842508945176,interior_after_extension,7,FALSE,,,,,,
3.16227766016838e-08,0.000195567507940664,0,FALSE,1189,1189,TRUE,adjoint,3,1,1,0.655842508945176,interior_after_extension,7,FALSE,,,,,,
5.62341325190349e-08,0.000195567942229756,0,FALSE,1189,1189,TRUE,adjoint,3,1,1,0.655842508945176,interior_after_extension,7,FALSE,,,,,,
1e-07,0.000195568714607039,0,FALSE,1189,1189,TRUE,adjoint,3,1,1,0.655842508945176,interior_after_extension,7,FALSE,,,,,,
1.77827941003892e-07,0.000195570088394091,0,FALSE,1189,1189,TRUE,adjoint,3,1,1,0.655842508945176,interior_after_extension,7,FALSE,,,,,,
3.16227766016838e-07,0.000195572532270746,0,FALSE,1189,1189,TRUE,adjoint,3,1,1,0.655842508945176,interior_after_extension,7,FALSE,,,,,,
5.62341325190349e-07,0.000195576881010415,0,FALSE,1189,1189,TRUE,adjoint,3,1,1,0.655842508945176,interior_after_extension,7,FALSE,,,,,,
1e-06,0.000195584623278034,0,FALSE,1189,1189,TRUE,adjoint,3,1,1,0.655842508945176,interior_after_extension,7,FALSE,,,,,,
1.77827941003892e-06,0.000195598419629793,0,FALSE,1189,1189,TRUE,adjoint,3,1,1,0.655842508945176,interior_after_extension,7,FALSE,,,,,,
3.16227766016838e-06,0.000195623043305858,0,FALSE,1189,1189,TRUE,adjoint,3,1,1,0.655842508945176,interior_after_extension,7,FALSE,,,,,,
5.62341325190349e-06,0.000195667115300909,0,FALSE,1189,1189,TRUE,adjoint,3,1,1,0.655842508945176,interior_after_extension,7,FALSE,,,,,,
1e-05,0.000195746385870206,0,FALSE,1189,1189,TRUE,adjoint,3,1,1,0.655842508945176,interior_after_extension,7,FALSE,,,,,,
1.77827941003892e-05,0.000195890188617626,0,FALSE,1189,1189,TRUE,adjoint,3,1,1,0.655842508945176,interior_after_extension,7,FALSE,,,,,,
3.16227766016838e-05,0.000196154866389555,0,FALSE,1189,1189,TRUE,adjoint,3,1,1,0.655842508945176,interior_after_extension,7,FALSE,,,,,,
5.62341325190349e-05,0.000196653765993217,0,FALSE,1189,1189,TRUE,adjoint,3,1,1,0.655842508945176,interior_after_extension,7,FALSE,,,,,,
1e-04,0.000197629691895681,0,FALSE,1189,1189,TRUE,adjoint,3,1,1,0.655842508945176,interior_after_extension,7,FALSE,,,,,,
0.000177827941003892,0.000199642882796757,0,FALSE,1189,1189,TRUE,adjoint,3,1,1,0.655842508945176,interior_after_extension,7,FALSE,,,,,,
0.000316227766016838,0.000204085132312209,0,FALSE,1189,1189,TRUE,adjoint,3,1,1,0.655842508945176,interior_after_extension,7,FALSE,,,,,,
0.000562341325190349,0.000214624716118199,0,FALSE,1189,1189,TRUE,adjoint,3,1,1,0.655842508945176,interior_after_extension,7,FALSE,,,,,,
0.001,0.00024125983133853,0,FALSE,1189,1189,TRUE,adjoint,3,1,1,0.655842508945176,interior_after_extension,7,FALSE,,,,,,
0.00177827941003892,0.000311295442676323,0,FALSE,1189,1189,TRUE,adjoint,3,1,1,0.655842508945176,interior_after_extension,7,FALSE,,,,,,
0.00316227766016838,0.000496862127521889,0,FALSE,1189,1189,TRUE,adjoint,3,1,1,0.655842508945176,interior_after_extension,7,FALSE,,,,,,
0.00562341325190349,0.000975240650775357,0,FALSE,1189,1189,TRUE,adjoint,3,1,1,0.655842508945176,interior_after_extension,7,FALSE,,,,,,
0.01,0.00213397685846518,0,FALSE,1189,1189,TRUE,adjoint,3,1,1,0.655842508945176,interior_after_extension,7,FALSE,,,,,,
0.0177827941003892,0.00467921779517289,0,FALSE,1189,1189,TRUE,adjoint,3,1,1,0.655842508945176,interior_after_extension,7,FALSE,,,,,,
0.0316227766016838,0.00954826527465481,0,FALSE,1189,1189,TRUE,adjoint,3,1,1,0.655842508945176,interior_after_extension,7,FALSE,,,,,,
0.0562341325190349,0.0173105282656139,0,FALSE,1189,1189,TRUE,adjoint,3,1,1,0.655842508945176,interior_after_extension,7,FALSE,,,,,,
0.1,0.0272917385030831,0,FALSE,1189,1189,TRUE,adjoint,3,1,1,0.655842508945176,interior_after_extension,7,FALSE,,,,,,
0.177827941003892,0.0376023062557958,0,FALSE,1189,1189,TRUE,adjoint,3,1,1,0.655842508945176,interior_after_extension,7,FALSE,,,,,,
0.316227766016838,0.046389970524565,0,FALSE,1189,1189,TRUE,adjoint,3,1,1,0.655842508945176,interior_after_extension,7,FALSE,,,,,,
0.562341325190349,0.0528475463922875,0,FALSE,1189,1189,TRUE,adjoint,3,1,1,0.655842508945176,interior_after_extension,7,FALSE,,,,,,
1,0.0571276177894804,0,FALSE,1189,1189,TRUE,adjoint,3,1,1,0.655842508945176,interior_after_extension,7,FALSE,,,,,,
1e-10,0.00409161679601599,0,FALSE,1264,1196,TRUE,adjoint,3,2,1,0.657337058317106,interior,0,FALSE,,,,,,
1.77827941003892e-10,0.00409161551623534,0,FALSE,1264,1196,TRUE,adjoint,3,2,1,0.657337058317106,interior,0,FALSE,,,,,,
3.16227766016838e-10,0.0040916132233769,0,FALSE,1264,1196,TRUE,adjoint,3,2,1,0.657337058317106,interior,0,FALSE,,,,,,
5.62341325190349e-10,0.00409160916554306,0,FALSE,1264,1196,TRUE,adjoint,3,2,1,0.657337058317106,interior,0,FALSE,,,,,,
1e-09,0.00409160196099618,0,FALSE,1264,1196,TRUE,adjoint,3,2,1,0.657337058317106,interior,0,FALSE,,,,,,
1.77827941003892e-09,0.0040915891214419,0,FALSE,1264,1196,TRUE,adjoint,3,2,1,0.657337058317106,interior,0,FALSE,,,,,,
3.16227766016838e-09,0.00409156629655497,0,FALSE,1264,1196,TRUE,adjoint,3,2,1,0.657337058317106,interior,0,FALSE,,,,,,
5.62341325190349e-09,0.00409152570361307,0,FALSE,1264,1196,TRUE,adjoint,3,2,1,0.657337058317106,interior,0,FALSE,,,,,,
1e-08,0.00409145351901558,0,FALSE,1264,1196,TRUE,adjoint,3,2,1,0.657337058317106,interior,0,FALSE,,,,,,
1.77827941003892e-08,0.00409132516558914,0,FALSE,1264,1196,TRUE,adjoint,3,2,1,0.657337058317106,interior,0,FALSE,,,,,,
3.16227766016838e-08,0.00409109694709122,0,FALSE,1264,1196,TRUE,adjoint,3,2,1,0.657337058317106,interior,0,FALSE,,,,,,
5.62341325190349e-08,0.00409069120536639,0,FALSE,1264,1196,TRUE,adjoint,3,2,1,0.657337058317106,interior,0,FALSE,,,,,,
1e-07,0.00408996998391807,0,FALSE,1264,1196,TRUE,adjoint,3,2,1,0.657337058317106,interior,0,FALSE,,,,,,
1.77827941003892e-07,0.00408868840339445,0,FALSE,1264,1196,TRUE,adjoint,3,2,1,0.657337058317106,interior,0,FALSE,,,,,,
3.16227766016838e-07,0.00408641242478058,0,FALSE,1264,1196,TRUE,adjoint,3,2,1,0.657337058317106,interior,0,FALSE,,,,,,
5.62341325190349e-07,0.00408237477037309,0,FALSE,1264,1196,TRUE,adjoint,3,2,1,0.657337058317106,interior,0,FALSE,,,,,,
1e-06,0.00407522575320241,0,FALSE,1264,1196,TRUE,adjoint,3,2,1,0.657337058317106,interior,0,FALSE,,,,,,
1.77827941003892e-06,0.00406261339261022,0,FALSE,1264,1196,TRUE,adjoint,3,2,1,0.657337058317106,interior,0,FALSE,,,,,,
3.16227766016838e-06,0.00404051374939227,0,FALSE,1264,1196,TRUE,adjoint,3,2,1,0.657337058317106,interior,0,FALSE,,,,,,
5.62341325190349e-06,0.00400229115611723,0,FALSE,1264,1196,TRUE,adjoint,3,2,1,0.657337058317106,interior,0,FALSE,,,,,,
1e-05,0.00393778605629566,0,FALSE,1264,1196,TRUE,adjoint,3,2,1,0.657337058317106,interior,0,FALSE,,,,,,
1.77827941003892e-05,0.00383359239100332,0,FALSE,1264,1196,TRUE,adjoint,3,2,1,0.657337058317106,interior,0,FALSE,,,,,,
3.16227766016838e-05,0.0036766733677573,0,FALSE,1264,1196,TRUE,adjoint,3,2,1,0.657337058317106,interior,0,FALSE,,,,,,
5.62341325190349e-05,0.00346173270617739,0,FALSE,1264,1196,TRUE,adjoint,3,2,1,0.657337058317106,interior,0,FALSE,,,,,,
1e-04,0.00319655401944834,0,FALSE,1264,1196,TRUE,adjoint,3,2,1,0.657337058317106,interior,0,FALSE,,,,,,
0.000177827941003892,0.00289929316718089,0,FALSE,1264,1196,TRUE,adjoint,3,2,1,0.657337058317106,interior,0,FALSE,,,,,,
0.000316227766016838,0.00259484124329772,0,FALSE,1264,1196,TRUE,adjoint,3,2,1,0.657337058317106,interior,0,FALSE,,,,,,
0.000562341325190349,0.0023232750770081,0,FALSE,1264,1196,TRUE,adjoint,3,2,1,0.657337058317106,interior,0,FALSE,,,,,,
0.001,0.00217035456756263,0,TRUE,1264,1196,TRUE,adjoint,3,2,1,0.657337058317106,interior,0,FALSE,,,,,,
0.00177827941003892,0.00231725605329835,0,FALSE,1264,1196,TRUE,adjoint,3,2,1,0.657337058317106,interior,0,FALSE,,,,,,
0.00316227766016838,0.00305038046039687,0,FALSE,1264,1196,TRUE,adjoint,3,2,1,0.657337058317106,interior,0,FALSE,,,,,,
0.00562341325190349,0.00467064802367875,0,FALSE,1264,1196,TRUE,adjoint,3,2,1,0.657337058317106,interior,0,FALSE,,,,,,
0.01,0.00737665808818738,0,FALSE,1264,1196,TRUE,adjoint,3,2,1,0.657337058317106,interior,0,FALSE,,,,,,
0.0177827941003892,0.0112412357354306,0,FALSE,1264,1196,TRUE,adjoint,3,2,1,0.657337058317106,interior,0,FALSE,,,,,,
0.0316227766016838,0.0162394418736682,0,FALSE,1264,1196,TRUE,adjoint,3,2,1,0.657337058317106,interior,0,FALSE,,,,,,
0.0562341325190349,0.0221495363244761,0,FALSE,1264,1196,TRUE,adjoint,3,2,1,0.657337058317106,interior,0,FALSE,,,,,,
0.1,0.0283713782367725,0,FALSE,1264,1196,TRUE,adjoint,3,2,1,0.657337058317106,interior,0,FALSE,,,,,,
0.177827941003892,0.0340520951496058,0,FALSE,1264,1196,TRUE,adjoint,3,2,1,0.657337058317106,interior,0,FALSE,,,,,,
0.316227766016838,0.0385511715958307,0,FALSE,1264,1196,TRUE,adjoint,3,2,1,0.657337058317106,interior,0,FALSE,,,,,,
0.562341325190349,0.0417175658901011,0,FALSE,1264,1196,TRUE,adjoint,3,2,1,0.657337058317106,interior,0,FALSE,,,,,,
1,0.0437636703220949,0,FALSE,1264,1196,TRUE,adjoint,3,2,1,0.657337058317106,interior,0,FALSE,,,,,,
1e-15,0.434043850383313,10,FALSE,,,,ratio,3,1,1,0.997504695949151,interior_after_extension,10,FALSE,,,,,,
1.77827941003892e-15,0.434043850550458,10,FALSE,,,,ratio,3,1,1,0.997504695949151,interior_after_extension,10,FALSE,,,,,,
3.16227766016838e-15,0.434043850717646,10,FALSE,,,,ratio,3,1,1,0.997504695949151,interior_after_extension,10,FALSE,,,,,,
5.62341325190349e-15,0.43404385088488,10,FALSE,,,,ratio,3,1,1,0.997504695949151,interior_after_extension,10,FALSE,,,,,,
1e-14,0.434043850383313,9,TRUE,,,,ratio,3,1,1,0.997504695949151,interior_after_extension,10,FALSE,,,,,,
1.77827941003892e-14,0.434043850550457,9,FALSE,,,,ratio,3,1,1,0.997504695949151,interior_after_extension,10,FALSE,,,,,,
3.16227766016838e-14,0.434043850717646,9,FALSE,,,,ratio,3,1,1,0.997504695949151,interior_after_extension,10,FALSE,,,,,,
5.62341325190349e-14,0.434043850884884,9,FALSE,,,,ratio,3,1,1,0.997504695949151,interior_after_extension,10,FALSE,,,,,,
1e-13,0.434043850383344,8,FALSE,,,,ratio,3,1,1,0.997504695949151,interior_after_extension,10,FALSE,,,,,,
1.77827941003892e-13,0.434043850550475,8,FALSE,,,,ratio,3,1,1,0.997504695949151,interior_after_extension,10,FALSE,,,,,,
3.16227766016838e-13,0.434043850717665,8,FALSE,,,,ratio,3,1,1,0.997504695949151,interior_after_extension,10,FALSE,,,,,,
5.62341325190349e-13,0.434043850884897,8,FALSE,,,,ratio,3,1,1,0.997504695949151,interior_after_extension,10,FALSE,,,,,,
1e-12,0.434043850383536,7,FALSE,,,,ratio,3,1,1,0.997504695949151,interior_after_extension,10,FALSE,,,,,,
1.77827941003892e-12,0.434043850550675,7,FALSE,,,,ratio,3,1,1,0.997504695949151,interior_after_extension,10,FALSE,,,,,,
3.16227766016838e-12,0.434043850717859,7,FALSE,,,,ratio,3,1,1,0.997504695949151,interior_after_extension,10,FALSE,,,,,,
5.62341325190349e-12,0.434043850885089,7,FALSE,,,,ratio,3,1,1,0.997504695949151,interior_after_extension,10,FALSE,,,,,,
1e-11,0.434043850385516,6,FALSE,,,,ratio,3,1,1,0.997504695949151,interior_after_extension,10,FALSE,,,,,,
1.77827941003892e-11,0.434043850552654,6,FALSE,,,,ratio,3,1,1,0.997504695949151,interior_after_extension,10,FALSE,,,,,,
3.16227766016838e-11,0.434043850719807,6,FALSE,,,,ratio,3,1,1,0.997504695949151,interior_after_extension,10,FALSE,,,,,,
5.62341325190349e-11,0.434043850887014,6,FALSE,,,,ratio,3,1,1,0.997504695949151,interior_after_extension,10,FALSE,,,,,,
1e-10,0.434043850405337,5,FALSE,,,,ratio,3,1,1,0.997504695949151,interior_after_extension,10,FALSE,,,,,,
1.77827941003892e-10,0.434043850572375,5,FALSE,,,,ratio,3,1,1,0.997504695949151,interior_after_extension,10,FALSE,,,,,,
3.16227766016838e-10,0.434043850739363,5,FALSE,,,,ratio,3,1,1,0.997504695949151,interior_after_extension,10,FALSE,,,,,,
5.62341325190349e-10,0.434043850906223,5,FALSE,,,,ratio,3,1,1,0.997504695949151,interior_after_extension,10,FALSE,,,,,,
1e-09,0.434043850904865,4,FALSE,,,,ratio,3,1,1,0.997504695949151,interior_after_extension,10,FALSE,,,,,,
1.77827941003892e-09,0.43404385107103,4,FALSE,,,,ratio,3,1,1,0.997504695949151,interior_after_extension,10,FALSE,,,,,,
3.16227766016838e-09,0.43404385123641,4,FALSE,,,,ratio,3,1,1,0.997504695949151,interior_after_extension,10,FALSE,,,,,,
5.62341325190349e-09,0.434043851399802,4,FALSE,,,,ratio,3,1,1,0.997504695949151,interior_after_extension,10,FALSE,,,,,,
1e-08,0.434043852635018,3,FALSE,,,,ratio,3,1,1,0.997504695949151,interior_after_extension,10,FALSE,,,,,,
1.77827941003892e-08,0.434043852944929,3,FALSE,,,,ratio,3,1,1,0.997504695949151,interior_after_extension,10,FALSE,,,,,,
3.16227766016838e-08,0.434043853878844,3,FALSE,,,,ratio,3,1,1,0.997504695949151,interior_after_extension,10,FALSE,,,,,,
5.62341325190349e-08,0.434043855584774,3,FALSE,,,,ratio,3,1,1,0.997504695949151,interior_after_extension,10,FALSE,,,,,,
1e-07,0.434043865389158,2,FALSE,,,,ratio,3,1,1,0.997504695949151,interior_after_extension,10,FALSE,,,,,,
1.77827941003892e-07,0.43404387093077,2,FALSE,,,,ratio,3,1,1,0.997504695949151,interior_after_extension,10,FALSE,,,,,,
3.16227766016838e-07,0.434043880615425,2,FALSE,,,,ratio,3,1,1,0.997504695949151,interior_after_extension,10,FALSE,,,,,,
5.62341325190349e-07,0.434043897665703,2,FALSE,,,,ratio,3,1,1,0.997504695949151,interior_after_extension,10,FALSE,,,,,,
1e-06,0.434043963729663,1,FALSE,,,,ratio,3,1,1,0.997504695949151,interior_after_extension,10,FALSE,,,,,,
1.77827941003892e-06,0.434044027079651,1,FALSE,,,,ratio,3,1,1,0.997504695949151,interior_after_extension,10,FALSE,,,,,,
3.16227766016838e-06,0.434044139077708,1,FALSE,,,,ratio,3,1,1,0.997504695949151,interior_after_extension,10,FALSE,,,,,,
5.62341325190349e-06,0.434044333031897,1,FALSE,,,,ratio,3,1,1,0.997504695949151,interior_after_extension,10,FALSE,,,,,,
1e-05,0.434044713199993,0,FALSE,,,,ratio,3,1,1,0.997504695949151,interior_after_extension,10,FALSE,,,,,,
1.77827941003892e-05,0.434045396082928,0,FALSE,,,,ratio,3,1,1,0.997504695949151,interior_after_extension,10,FALSE,,,,,,
3.16227766016838e-05,0.434046674956486,0,FALSE,,,,ratio,3,1,1,0.997504695949151,interior_after_extension,10,FALSE,,,,,,
5.62341325190349e-05,0.434048973295922,0,FALSE,,,,ratio,3,1,1,0.997504695949151,interior_after_extension,10,FALSE,,,,,,
1e-04,0.434053021557302,0,FALSE,,,,ratio,3,1,1,0.997504695949151,interior_after_extension,10,FALSE,,,,,,
0.000177827941003892,0.434060256769993,0,FALSE,,,,ratio,3,1,1,0.997504695949151,interior_after_extension,10,FALSE,,,,,,
0.000316227766016838,0.43407324427888,0,FALSE,,,,ratio,3,1,1,0.997504695949151,interior_after_extension,10,FALSE,,,,,,
0.000562341325190349,0.434096419263806,0,FALSE,,,,ratio,3,1,1,0.997504695949151,interior_after_extension,10,FALSE,,,,,,
0.001,0.434137629397788,0,FALSE,,,,ratio,3,1,1,0.997504695949151,interior_after_extension,10,FALSE,,,,,,
0.00177827941003892,0.434210812945802,0,FALSE,,,,ratio,3,1,1,0.997504695949151,interior_after_extension,10,FALSE,,,,,,
0.00316227766016838,0.434341049118223,0,FALSE,,,,ratio,3,1,1,0.997504695949151,interior_after_extension,10,FALSE,,,,,,
0.00562341325190349,0.434573227452753,0,FALSE,,,,ratio,3,1,1,0.997504695949151,interior_after_extension,10,FALSE,,,,,,
0.01,0.43498765365246,0,FALSE,,,,ratio,3,1,1,0.997504695949151,interior_after_extension,10,FALSE,,,,,,
0.0177827941003892,0.435729123381476,0,FALSE,,,,ratio,3,1,1,0.997504695949151,interior_after_extension,10,FALSE,,,,,,
0.0316227766016838,0.437061863398427,0,FALSE,,,,ratio,3,1,1,0.997504695949151,interior_after_extension,10,FALSE,,,,,,
0.0562341325190349,0.439476544035981,0,FALSE,,,,ratio,3,1,1,0.997504695949151,interior_after_extension,10,FALSE,,,,,,
0.1,0.443910805393122,0,FALSE,,,,ratio,3,1,1,0.997504695949151,interior_after_extension,10,FALSE,,,,,,
0.177827941003892,0.452238126993226,0,FALSE,,,,ratio,3,1,1,0.997504695949151,interior_after_extension,10,FALSE,,,,,,
0.316227766016838,0.468442720355676,0,FALSE,,,,ratio,3,1,1,0.997504695949151,interior_after_extension,10,FALSE,,,,,,
0.562341325190349,0.501735838196527,0,FALSE,,,,ratio,3,1,1,0.997504695949151,interior_after_extension,10,FALSE,,,,,,
1,0.576148850019183,0,FALSE,,,,ratio,3,1,1,0.997504695949151,interior_after_extension,10,FALSE,,,,,,
1e-05,0.597390079525757,0,FALSE,,,,ratio,3,2,1,1,interior,0,FALSE,,,,,,
1.77827941003892e-05,0.596749924936642,0,FALSE,,,,ratio,3,2,1,1,interior,0,FALSE,,,,,,
3.16227766016838e-05,0.596119659854729,0,FALSE,,,,ratio,3,2,1,1,interior,0,FALSE,,,,,,
5.62341325190349e-05,0.595504905935834,0,FALSE,,,,ratio,3,2,1,1,interior,0,FALSE,,,,,,
1e-04,0.59491647382055,0,FALSE,,,,ratio,3,2,1,1,interior,0,FALSE,,,,,,
0.000177827941003892,0.594375139803578,0,FALSE,,,,ratio,3,2,1,1,interior,0,FALSE,,,,,,
0.000316227766016838,0.593918863460827,0,FALSE,,,,ratio,3,2,1,1,interior,0,FALSE,,,,,,
0.000562341325190349,0.59361744630243,0,FALSE,,,,ratio,3,2,1,1,interior,0,FALSE,,,,,,
0.001,0.5936041026965,0,TRUE,,,,ratio,3,2,1,1,interior,0,FALSE,,,,,,
0.00177827941003892,0.594144879472704,0,FALSE,,,,ratio,3,2,1,1,interior,0,FALSE,,,,,,
0.00316227766016838,0.595814025128116,0,FALSE,,,,ratio,3,2,1,1,interior,0,FALSE,,,,,,
0.00562341325190349,0.600051751513375,0,FALSE,,,,ratio,3,2,1,1,interior,0,FALSE,,,,,,
0.01,0.605815622596818,0,FALSE,,,,ratio,3,2,1,1,interior,0,FALSE,,,,,,
0.0177827941003892,0.616337853842626,0,FALSE,,,,ratio,3,2,1,1,interior,0,FALSE,,,,,,
0.0316227766016838,0.627793625834213,0,FALSE,,,,ratio,3,2,1,1,interior,0,FALSE,,,,,,
0.0562341325190349,0.644889466124885,0,FALSE,,,,ratio,3,2,1,1,interior,0,FALSE,,,,,,
0.1,0.672004254474386,0,FALSE,,,,ratio,3,2,1,1,interior,0,FALSE,,,,,,
0.177827941003892,0.691153193305483,0,FALSE,,,,ratio,3,2,1,1,interior,0,FALSE,,,,,,
0.316227766016838,0.693147180559914,0,FALSE,,,,ratio,3,2,1,1,interior,0,FALSE,,,,,,
0.562341325190349,0.693147180559914,0,FALSE,,,,ratio,3,2,1,1,interior,0,FALSE,,,,,,
1,0.693147180559914,0,FALSE,,,,ratio,3,2,1,1,interior,0,FALSE,,,,,,
1e-05,2.27419207451229e-05,0,FALSE,,,,regression,1,1,1,0.00801443447464428,interior,0,,FALSE,"",TRUE,TRUE,TRUE,sdr
1.77827941003892e-05,2.26971041410917e-05,0,FALSE,,,,regression,1,1,1,0.00801443447464428,interior,0,,FALSE,"",TRUE,TRUE,TRUE,sdr
3.16227766016838e-05,2.26375019263438e-05,0,FALSE,,,,regression,1,1,1,0.00801443447464428,interior,0,,FALSE,"",TRUE,TRUE,TRUE,sdr
5.62341325190349e-05,2.2580702941839e-05,0,FALSE,,,,regression,1,1,1,0.00801443447464428,interior,0,,FALSE,"",TRUE,TRUE,TRUE,sdr
1e-04,2.25588794605443e-05,0,TRUE,,,,regression,1,1,1,0.00801443447464428,interior,0,,FALSE,"",TRUE,TRUE,TRUE,sdr
0.000177827941003892,2.26027825837069e-05,0,FALSE,,,,regression,1,1,1,0.00801443447464428,interior,0,,FALSE,"",TRUE,TRUE,TRUE,sdr
0.000316227766016838,2.27076804358492e-05,0,FALSE,,,,regression,1,1,1,0.00801443447464428,interior,0,,FALSE,"",TRUE,TRUE,TRUE,sdr
0.000562341325190349,2.28996610014572e-05,0,FALSE,,,,regression,1,1,1,0.00801443447464428,interior,0,,FALSE,"",TRUE,TRUE,TRUE,sdr
0.001,2.31159685912034e-05,0,FALSE,,,,regression,1,1,1,0.00801443447464428,interior,0,,FALSE,"",TRUE,TRUE,TRUE,sdr
0.00177827941003892,2.36187943845046e-05,0,FALSE,,,,regression,1,1,1,0.00801443447464428,interior,0,,FALSE,"",TRUE,TRUE,TRUE,sdr
0.00316227766016838,2.48858450581631e-05,0,FALSE,,,,regression,1,1,1,0.00801443447464428,interior,0,,FALSE,"",TRUE,TRUE,TRUE,sdr
0.00562341325190349,2.56203801932378e-05,0,FALSE,,,,regression,1,1,1,0.00801443447464428,interior,0,,FALSE,"",TRUE,TRUE,TRUE,sdr
0.01,2.56203801932378e-05,0,FALSE,,,,regression,1,1,1,0.00801443447464428,interior,0,,FALSE,"",TRUE,TRUE,TRUE,sdr
0.0177827941003892,2.56203801932378e-05,0,FALSE,,,,regression,1,1,1,0.00801443447464428,interior,0,,FALSE,"",TRUE,TRUE,TRUE,sdr
0.0316227766016838,2.56203801932378e-05,0,FALSE,,,,regression,1,1,1,0.00801443447464428,interior,0,,FALSE,"",TRUE,TRUE,TRUE,sdr
0.0562341325190349,2.56203801932378e-05,0,FALSE,,,,regression,1,1,1,0.00801443447464428,interior,0,,FALSE,"",TRUE,TRUE,TRUE,sdr
0.1,2.56203801932378e-05,0,FALSE,,,,regression,1,1,1,0.00801443447464428,interior,0,,FALSE,"",TRUE,TRUE,TRUE,sdr
0.177827941003892,2.56203801932378e-05,0,FALSE,,,,regression,1,1,1,0.00801443447464428,interior,0,,FALSE,"",TRUE,TRUE,TRUE,sdr
0.316227766016838,2.56203801932378e-05,0,FALSE,,,,regression,1,1,1,0.00801443447464428,interior,0,,FALSE,"",TRUE,TRUE,TRUE,sdr
0.562341325190349,2.56203801932378e-05,0,FALSE,,,,regression,1,1,1,0.00801443447464428,interior,0,,FALSE,"",TRUE,TRUE,TRUE,sdr
1,2.56203801932378e-05,0,FALSE,,,,regression,1,1,1,0.00801443447464428,interior,0,,FALSE,"",TRUE,TRUE,TRUE,sdr
1e-11,0.000105458421280385,6,FALSE,,,,regression,1,2,1,0,interior_after_extension,6,,FALSE,"",TRUE,TRUE,TRUE,sdr
1.77827941003892e-11,0.000105458421280706,6,FALSE,,,,regression,1,2,1,0,interior_after_extension,6,,FALSE,"",TRUE,TRUE,TRUE,sdr
3.16227766016838e-11,0.000105458421278274,6,TRUE,,,,regression,1,2,1,0,interior_after_extension,6,,FALSE,"",TRUE,TRUE,TRUE,sdr
5.62341325190349e-11,0.000105458421309858,6,FALSE,,,,regression,1,2,1,0,interior_after_extension,6,,FALSE,"",TRUE,TRUE,TRUE,sdr
1e-10,0.000105458421283274,5,FALSE,,,,regression,1,2,1,0,interior_after_extension,6,,FALSE,"",TRUE,TRUE,TRUE,sdr
1.77827941003892e-10,0.000105458421285843,5,FALSE,,,,regression,1,2,1,0,interior_after_extension,6,,FALSE,"",TRUE,TRUE,TRUE,sdr
3.16227766016838e-10,0.000105458421287421,5,FALSE,,,,regression,1,2,1,0,interior_after_extension,6,,FALSE,"",TRUE,TRUE,TRUE,sdr
5.62341325190349e-10,0.000105458421325876,5,FALSE,,,,regression,1,2,1,0,interior_after_extension,6,,FALSE,"",TRUE,TRUE,TRUE,sdr
1e-09,0.000105458421312164,4,FALSE,,,,regression,1,2,1,0,interior_after_extension,6,,FALSE,"",TRUE,TRUE,TRUE,sdr
1.77827941003892e-09,0.000105458421337214,4,FALSE,,,,regression,1,2,1,0,interior_after_extension,6,,FALSE,"",TRUE,TRUE,TRUE,sdr
3.16227766016838e-09,0.000105458421378904,4,FALSE,,,,regression,1,2,1,0,interior_after_extension,6,,FALSE,"",TRUE,TRUE,TRUE,sdr
5.62341325190349e-09,0.00010545842148606,4,FALSE,,,,regression,1,2,1,0,interior_after_extension,6,,FALSE,"",TRUE,TRUE,TRUE,sdr
1e-08,0.000105458421601068,3,FALSE,,,,regression,1,2,1,0,interior_after_extension,6,,FALSE,"",TRUE,TRUE,TRUE,sdr
1.77827941003892e-08,0.000105458421850942,3,FALSE,,,,regression,1,2,1,0,interior_after_extension,6,,FALSE,"",TRUE,TRUE,TRUE,sdr
3.16227766016838e-08,0.000105458422293754,3,FALSE,,,,regression,1,2,1,0,interior_after_extension,6,,FALSE,"",TRUE,TRUE,TRUE,sdr
5.62341325190349e-08,0.000105458423088009,3,FALSE,,,,regression,1,2,1,0,interior_after_extension,6,,FALSE,"",TRUE,TRUE,TRUE,sdr
1e-07,0.000105458424490446,2,FALSE,,,,regression,1,2,1,0,interior_after_extension,6,,FALSE,"",TRUE,TRUE,TRUE,sdr
1.77827941003892e-07,0.000105458426989293,2,FALSE,,,,regression,1,2,1,0,interior_after_extension,6,,FALSE,"",TRUE,TRUE,TRUE,sdr
3.16227766016838e-07,0.000105458431445651,2,FALSE,,,,regression,1,2,1,0,interior_after_extension,6,,FALSE,"",TRUE,TRUE,TRUE,sdr
5.62341325190349e-07,0.000105458439118329,2,FALSE,,,,regression,1,2,1,0,interior_after_extension,6,,FALSE,"",TRUE,TRUE,TRUE,sdr
1e-06,0.000105458453126648,1,FALSE,,,,regression,1,2,1,0,interior_after_extension,6,,FALSE,"",TRUE,TRUE,TRUE,sdr
1.77827941003892e-06,0.000105458477964313,1,FALSE,,,,regression,1,2,1,0,interior_after_extension,6,,FALSE,"",TRUE,TRUE,TRUE,sdr
3.16227766016838e-06,0.000105458521709733,1,FALSE,,,,regression,1,2,1,0,interior_after_extension,6,,FALSE,"",TRUE,TRUE,TRUE,sdr
5.62341325190349e-06,0.000105458600504613,1,FALSE,,,,regression,1,2,1,0,interior_after_extension,6,,FALSE,"",TRUE,TRUE,TRUE,sdr
1e-05,0.000105458741426187,0,FALSE,,,,regression,1,2,1,0,interior_after_extension,6,,FALSE,"",TRUE,TRUE,TRUE,sdr
1.77827941003892e-05,0.000105458996270842,0,FALSE,,,,regression,1,2,1,0,interior_after_extension,6,,FALSE,"",TRUE,TRUE,TRUE,sdr
3.16227766016838e-05,0.000105459460590421,0,FALSE,,,,regression,1,2,1,0,interior_after_extension,6,,FALSE,"",TRUE,TRUE,TRUE,sdr
5.62341325190349e-05,0.00010546032266669,0,FALSE,,,,regression,1,2,1,0,interior_after_extension,6,,FALSE,"",TRUE,TRUE,TRUE,sdr
1e-04,0.000105461970540584,0,FALSE,,,,regression,1,2,1,0,interior_after_extension,6,,FALSE,"",TRUE,TRUE,TRUE,sdr
0.000177827941003892,0.00010546526486431,0,FALSE,,,,regression,1,2,1,0,interior_after_extension,6,,FALSE,"",TRUE,TRUE,TRUE,sdr
0.000316227766016838,0.00010547227393393,0,FALSE,,,,regression,1,2,1,0,interior_after_extension,6,,FALSE,"",TRUE,TRUE,TRUE,sdr
0.000562341325190349,0.000105488375245218,0,FALSE,,,,regression,1,2,1,0,interior_after_extension,6,,FALSE,"",TRUE,TRUE,TRUE,sdr
0.001,0.000105528511694761,0,FALSE,,,,regression,1,2,1,0,interior_after_extension,6,,FALSE,"",TRUE,TRUE,TRUE,sdr
0.00177827941003892,0.000105636262059541,0,FALSE,,,,regression,1,2,1,0,interior_after_extension,6,,FALSE,"",TRUE,TRUE,TRUE,sdr
0.00316227766016838,0.000105917311026845,0,FALSE,,,,regression,1,2,1,0,interior_after_extension,6,,FALSE,"",TRUE,TRUE,TRUE,sdr
0.00562341325190349,0.000106645937873716,0,FALSE,,,,regression,1,2,1,0,interior_after_extension,6,,FALSE,"",TRUE,TRUE,TRUE,sdr
0.01,0.000107493479336949,0,FALSE,,,,regression,1,2,1,0,interior_after_extension,6,,FALSE,"",TRUE,TRUE,TRUE,sdr
0.0177827941003892,0.00010753723733406,0,FALSE,,,,regression,1,2,1,0,interior_after_extension,6,,FALSE,"",TRUE,TRUE,TRUE,sdr
0.0316227766016838,0.00010753723733406,0,FALSE,,,,regression,1,2,1,0,interior_after_extension,6,,FALSE,"",TRUE,TRUE,TRUE,sdr
0.0562341325190349,0.00010753723733406,0,FALSE,,,,regression,1,2,1,0,interior_after_extension,6,,FALSE,"",TRUE,TRUE,TRUE,sdr
0.1,0.00010753723733406,0,FALSE,,,,regression,1,2,1,0,interior_after_extension,6,,FALSE,"",TRUE,TRUE,TRUE,sdr
0.177827941003892,0.00010753723733406,0,FALSE,,,,regression,1,2,1,0,interior_after_extension,6,,FALSE,"",TRUE,TRUE,TRUE,sdr
0.316227766016838,0.00010753723733406,0,FALSE,,,,regression,1,2,1,0,interior_after_extension,6,,FALSE,"",TRUE,TRUE,TRUE,sdr
0.562341325190349,0.00010753723733406,0,FALSE,,,,regression,1,2,1,0,interior_after_extension,6,,FALSE,"",TRUE,TRUE,TRUE,sdr
1,0.00010753723733406,0,FALSE,,,,regression,1,2,1,0,interior_after_extension,6,,FALSE,"",TRUE,TRUE,TRUE,sdr
1e-05,2.36562622272963e-05,0,FALSE,,,,regression,2,1,1,0,interior,0,,FALSE,"",TRUE,TRUE,TRUE,sdr
1.77827941003892e-05,2.36162889358795e-05,0,FALSE,,,,regression,2,1,1,0,interior,0,,FALSE,"",TRUE,TRUE,TRUE,sdr
3.16227766016838e-05,2.3559274318352e-05,0,FALSE,,,,regression,2,1,1,0,interior,0,,FALSE,"",TRUE,TRUE,TRUE,sdr
5.62341325190349e-05,2.3491764874506e-05,0,FALSE,,,,regression,2,1,1,0,interior,0,,FALSE,"",TRUE,TRUE,TRUE,sdr
1e-04,2.34556372143319e-05,0,TRUE,,,,regression,2,1,1,0,interior,0,,FALSE,"",TRUE,TRUE,TRUE,sdr
0.000177827941003892,2.34803568607809e-05,0,FALSE,,,,regression,2,1,1,0,interior,0,,FALSE,"",TRUE,TRUE,TRUE,sdr
0.000316227766016838,2.35248141515804e-05,0,FALSE,,,,regression,2,1,1,0,interior,0,,FALSE,"",TRUE,TRUE,TRUE,sdr
0.000562341325190349,2.36288607265562e-05,0,FALSE,,,,regression,2,1,1,0,interior,0,,FALSE,"",TRUE,TRUE,TRUE,sdr
0.001,2.38581393900195e-05,0,FALSE,,,,regression,2,1,1,0,interior,0,,FALSE,"",TRUE,TRUE,TRUE,sdr
0.00177827941003892,2.43388134851724e-05,0,FALSE,,,,regression,2,1,1,0,interior,0,,FALSE,"",TRUE,TRUE,TRUE,sdr
0.00316227766016838,2.56209916973837e-05,0,FALSE,,,,regression,2,1,1,0,interior,0,,FALSE,"",TRUE,TRUE,TRUE,sdr
0.00562341325190349,2.64329792589487e-05,0,FALSE,,,,regression,2,1,1,0,interior,0,,FALSE,"",TRUE,TRUE,TRUE,sdr
0.01,2.64329792589487e-05,0,FALSE,,,,regression,2,1,1,0,interior,0,,FALSE,"",TRUE,TRUE,TRUE,sdr
0.0177827941003892,2.64329792589487e-05,0,FALSE,,,,regression,2,1,1,0,interior,0,,FALSE,"",TRUE,TRUE,TRUE,sdr
0.0316227766016838,2.64329792589487e-05,0,FALSE,,,,regression,2,1,1,0,interior,0,,FALSE,"",TRUE,TRUE,TRUE,sdr
0.0562341325190349,2.64329792589487e-05,0,FALSE,,,,regression,2,1,1,0,interior,0,,FALSE,"",TRUE,TRUE,TRUE,sdr
0.1,2.64329792589487e-05,0,FALSE,,,,regression,2,1,1,0,interior,0,,FALSE,"",TRUE,TRUE,TRUE,sdr
0.177827941003892,2.64329792589487e-05,0,FALSE,,,,regression,2,1,1,0,interior,0,,FALSE,"",TRUE,TRUE,TRUE,sdr
0.316227766016838,2.64329792589487e-05,0,FALSE,,,,regression,2,1,1,0,interior,0,,FALSE,"",TRUE,TRUE,TRUE,sdr
0.562341325190349,2.64329792589487e-05,0,FALSE,,,,regression,2,1,1,0,interior,0,,FALSE,"",TRUE,TRUE,TRUE,sdr
1,2.64329792589487e-05,0,FALSE,,,,regression,2,1,1,0,interior,0,,FALSE,"",TRUE,TRUE,TRUE,sdr
1e-05,6.86212324480546e-05,0,FALSE,,,,regression,2,2,1,0,interior,0,,FALSE,"",TRUE,TRUE,TRUE,sdr
1.77827941003892e-05,6.86209930894855e-05,0,FALSE,,,,regression,2,2,1,0,interior,0,,FALSE,"",TRUE,TRUE,TRUE,sdr
3.16227766016838e-05,6.86205789968228e-05,0,FALSE,,,,regression,2,2,1,0,interior,0,,FALSE,"",TRUE,TRUE,TRUE,sdr
5.62341325190349e-05,6.86198779824156e-05,0,FALSE,,,,regression,2,2,1,0,interior,0,,FALSE,"",TRUE,TRUE,TRUE,sdr
1e-04,6.86187440899811e-05,0,FALSE,,,,regression,2,2,1,0,interior,0,,FALSE,"",TRUE,TRUE,TRUE,sdr
0.000177827941003892,6.86170841233968e-05,0,FALSE,,,,regression,2,2,1,0,interior,0,,FALSE,"",TRUE,TRUE,TRUE,sdr
0.000316227766016838,6.86152599219939e-05,0,TRUE,,,,regression,2,2,1,0,interior,0,,FALSE,"",TRUE,TRUE,TRUE,sdr
0.000562341325190349,6.86155794480507e-05,0,FALSE,,,,regression,2,2,1,0,interior,0,,FALSE,"",TRUE,TRUE,TRUE,sdr
0.001,6.86274182915128e-05,0,FALSE,,,,regression,2,2,1,0,interior,0,,FALSE,"",TRUE,TRUE,TRUE,sdr
0.00177827941003892,6.86841120107498e-05,0,FALSE,,,,regression,2,2,1,0,interior,0,,FALSE,"",TRUE,TRUE,TRUE,sdr
0.00316227766016838,6.88976066100331e-05,0,FALSE,,,,regression,2,2,1,0,interior,0,,FALSE,"",TRUE,TRUE,TRUE,sdr
0.00562341325190349,6.96336409601168e-05,0,FALSE,,,,regression,2,2,1,0,interior,0,,FALSE,"",TRUE,TRUE,TRUE,sdr
0.01,7.0669764750713e-05,0,FALSE,,,,regression,2,2,1,0,interior,0,,FALSE,"",TRUE,TRUE,TRUE,sdr
0.0177827941003892,7.07325258972817e-05,0,FALSE,,,,regression,2,2,1,0,interior,0,,FALSE,"",TRUE,TRUE,TRUE,sdr
0.0316227766016838,7.07325258972817e-05,0,FALSE,,,,regression,2,2,1,0,interior,0,,FALSE,"",TRUE,TRUE,TRUE,sdr
0.0562341325190349,7.07325258972817e-05,0,FALSE,,,,regression,2,2,1,0,interior,0,,FALSE,"",TRUE,TRUE,TRUE,sdr
0.1,7.07325258972817e-05,0,FALSE,,,,regression,2,2,1,0,interior,0,,FALSE,"",TRUE,TRUE,TRUE,sdr
0.177827941003892,7.07325258972817e-05,0,FALSE,,,,regression,2,2,1,0,interior,0,,FALSE,"",TRUE,TRUE,TRUE,sdr
0.316227766016838,7.07325258972817e-05,0,FALSE,,,,regression,2,2,1,0,interior,0,,FALSE,"",TRUE,TRUE,TRUE,sdr
0.562341325190349,7.07325258972817e-05,0,FALSE,,,,regression,2,2,1,0,interior,0,,FALSE,"",TRUE,TRUE,TRUE,sdr
1,7.07325258972817e-05,0,FALSE,,,,regression,2,2,1,0,interior,0,,FALSE,"",TRUE,TRUE,TRUE,sdr
1e-05,2.22494347981576e-05,0,FALSE,,,,regression,3,1,1,0.0667918902426032,interior,0,,FALSE,"",TRUE,TRUE,TRUE,sdr
1.77827941003892e-05,2.22115459703949e-05,0,FALSE,,,,regression,3,1,1,0.0667918902426032,interior,0,,FALSE,"",TRUE,TRUE,TRUE,sdr
3.16227766016838e-05,2.21632479966226e-05,0,FALSE,,,,regression,3,1,1,0.0667918902426032,interior,0,,FALSE,"",TRUE,TRUE,TRUE,sdr
5.62341325190349e-05,2.21251423619559e-05,0,TRUE,,,,regression,3,1,1,0.0667918902426032,interior,0,,FALSE,"",TRUE,TRUE,TRUE,sdr
1e-04,2.21307617267399e-05,0,FALSE,,,,regression,3,1,1,0.0667918902426032,interior,0,,FALSE,"",TRUE,TRUE,TRUE,sdr
0.000177827941003892,2.22680249613545e-05,0,FALSE,,,,regression,3,1,1,0.0667918902426032,interior,0,,FALSE,"",TRUE,TRUE,TRUE,sdr
0.000316227766016838,2.2451860332035e-05,0,FALSE,,,,regression,3,1,1,0.0667918902426032,interior,0,,FALSE,"",TRUE,TRUE,TRUE,sdr
0.000562341325190349,2.26536589318038e-05,0,FALSE,,,,regression,3,1,1,0.0667918902426032,interior,0,,FALSE,"",TRUE,TRUE,TRUE,sdr
0.001,2.28736334520961e-05,0,FALSE,,,,regression,3,1,1,0.0667918902426032,interior,0,,FALSE,"",TRUE,TRUE,TRUE,sdr
0.00177827941003892,2.33567949534908e-05,0,FALSE,,,,regression,3,1,1,0.0667918902426032,interior,0,,FALSE,"",TRUE,TRUE,TRUE,sdr
0.00316227766016838,2.46112835002876e-05,0,FALSE,,,,regression,3,1,1,0.0667918902426032,interior,0,,FALSE,"",TRUE,TRUE,TRUE,sdr
0.00562341325190349,2.55080892836447e-05,0,FALSE,,,,regression,3,1,1,0.0667918902426032,interior,0,,FALSE,"",TRUE,TRUE,TRUE,sdr
0.01,2.55139377538169e-05,0,FALSE,,,,regression,3,1,1,0.0667918902426032,interior,0,,FALSE,"",TRUE,TRUE,TRUE,sdr
0.0177827941003892,2.55139377538169e-05,0,FALSE,,,,regression,3,1,1,0.0667918902426032,interior,0,,FALSE,"",TRUE,TRUE,TRUE,sdr
0.0316227766016838,2.55139377538169e-05,0,FALSE,,,,regression,3,1,1,0.0667918902426032,interior,0,,FALSE,"",TRUE,TRUE,TRUE,sdr
0.0562341325190349,2.55139377538169e-05,0,FALSE,,,,regression,3,1,1,0.0667918902426032,interior,0,,FALSE,"",TRUE,TRUE,TRUE,sdr
0.1,2.55139377538169e-05,0,FALSE,,,,regression,3,1,1,0.0667918902426032,interior,0,,FALSE,"",TRUE,TRUE,TRUE,sdr
0.177827941003892,2.55139377538169e-05,0,FALSE,,,,regression,3,1,1,0.0667918902426032,interior,0,,FALSE,"",TRUE,TRUE,TRUE,sdr
0.316227766016838,2.55139377538169e-05,0,FALSE,,,,regression,3,1,1,0.0667918902426032,interior,0,,FALSE,"",TRUE,TRUE,TRUE,sdr
0.562341325190349,2.55139377538169e-05,0,FALSE,,,,regression,3,1,1,0.0667918902426032,interior,0,,FALSE,"",TRUE,TRUE,TRUE,sdr
1,2.55139377538169e-05,0,FALSE,,,,regression,3,1,1,0.0667918902426032,interior,0,,FALSE,"",TRUE,TRUE,TRUE,sdr
1e-05,8.3844031046099e-05,0,FALSE,,,,regression,3,2,1,0.327002661431178,interior,0,,FALSE,"",TRUE,TRUE,TRUE,sdr
1.77827941003892e-05,8.38439768116386e-05,0,FALSE,,,,regression,3,2,1,0.327002661431178,interior,0,,FALSE,"",TRUE,TRUE,TRUE,sdr
3.16227766016838e-05,8.38438917881609e-05,0,FALSE,,,,regression,3,2,1,0.327002661431178,interior,0,,FALSE,"",TRUE,TRUE,TRUE,sdr
5.62341325190349e-05,8.38437767623648e-05,0,FALSE,,,,regression,3,2,1,0.327002661431178,interior,0,,FALSE,"",TRUE,TRUE,TRUE,sdr
1e-04,8.38436862864563e-05,0,TRUE,,,,regression,3,2,1,0.327002661431178,interior,0,,FALSE,"",TRUE,TRUE,TRUE,sdr
0.000177827941003892,8.38438862273221e-05,0,FALSE,,,,regression,3,2,1,0.327002661431178,interior,0,,FALSE,"",TRUE,TRUE,TRUE,sdr
0.000316227766016838,8.38453826073328e-05,0,FALSE,,,,regression,3,2,1,0.327002661431178,interior,0,,FALSE,"",TRUE,TRUE,TRUE,sdr
0.000562341325190349,8.38516521416132e-05,0,FALSE,,,,regression,3,2,1,0.327002661431178,interior,0,,FALSE,"",TRUE,TRUE,TRUE,sdr
0.001,8.38742117803672e-05,0,FALSE,,,,regression,3,2,1,0.327002661431178,interior,0,,FALSE,"",TRUE,TRUE,TRUE,sdr
0.00177827941003892,8.39504128547331e-05,0,FALSE,,,,regression,3,2,1,0.327002661431178,interior,0,,FALSE,"",TRUE,TRUE,TRUE,sdr
0.00316227766016838,8.42000253799402e-05,0,FALSE,,,,regression,3,2,1,0.327002661431178,interior,0,,FALSE,"",TRUE,TRUE,TRUE,sdr
0.00562341325190349,8.49817184123711e-05,0,FALSE,,,,regression,3,2,1,0.327002661431178,interior,0,,FALSE,"",TRUE,TRUE,TRUE,sdr
0.01,8.6086741858671e-05,0,FALSE,,,,regression,3,2,1,0.327002661431178,interior,0,,FALSE,"",TRUE,TRUE,TRUE,sdr
0.0177827941003892,8.65236914599137e-05,0,FALSE,,,,regression,3,2,1,0.327002661431178,interior,0,,FALSE,"",TRUE,TRUE,TRUE,sdr
0.0316227766016838,8.65236914599137e-05,0,FALSE,,,,regression,3,2,1,0.327002661431178,interior,0,,FALSE,"",TRUE,TRUE,TRUE,sdr
0.0562341325190349,8.65236914599137e-05,0,FALSE,,,,regression,3,2,1,0.327002661431178,interior,0,,FALSE,"",TRUE,TRUE,TRUE,sdr
0.1,8.65236914599137e-05,0,FALSE,,,,regression,3,2,1,0.327002661431178,interior,0,,FALSE,"",TRUE,TRUE,TRUE,sdr
0.177827941003892,8.65236914599137e-05,0,FALSE,,,,regression,3,2,1,0.327002661431178,interior,0,,FALSE,"",TRUE,TRUE,TRUE,sdr
0.316227766016838,8.65236914599137e-05,0,FALSE,,,,regression,3,2,1,0.327002661431178,interior,0,,FALSE,"",TRUE,TRUE,TRUE,sdr
0.562341325190349,8.65236914599137e-05,0,FALSE,,,,regression,3,2,1,0.327002661431178,interior,0,,FALSE,"",TRUE,TRUE,TRUE,sdr
1,8.65236914599137e-05,0,FALSE,,,,regression,3,2,1,0.327002661431178,interior,0,,FALSE,"",TRUE,TRUE,TRUE,sdr
1e-05,2.27419207451229e-05,0,FALSE,,,,regression,1,1,1,0.00801443447464428,interior,0,,FALSE,"",TRUE,TRUE,TRUE,tmle
1.77827941003892e-05,2.26971041410917e-05,0,FALSE,,,,regression,1,1,1,0.00801443447464428,interior,0,,FALSE,"",TRUE,TRUE,TRUE,tmle
3.16227766016838e-05,2.26375019263438e-05,0,FALSE,,,,regression,1,1,1,0.00801443447464428,interior,0,,FALSE,"",TRUE,TRUE,TRUE,tmle
5.62341325190349e-05,2.2580702941839e-05,0,FALSE,,,,regression,1,1,1,0.00801443447464428,interior,0,,FALSE,"",TRUE,TRUE,TRUE,tmle
1e-04,2.25588794605443e-05,0,TRUE,,,,regression,1,1,1,0.00801443447464428,interior,0,,FALSE,"",TRUE,TRUE,TRUE,tmle
0.000177827941003892,2.26027825837069e-05,0,FALSE,,,,regression,1,1,1,0.00801443447464428,interior,0,,FALSE,"",TRUE,TRUE,TRUE,tmle
0.000316227766016838,2.27076804358492e-05,0,FALSE,,,,regression,1,1,1,0.00801443447464428,interior,0,,FALSE,"",TRUE,TRUE,TRUE,tmle
0.000562341325190349,2.28996610014572e-05,0,FALSE,,,,regression,1,1,1,0.00801443447464428,interior,0,,FALSE,"",TRUE,TRUE,TRUE,tmle
0.001,2.31159685912034e-05,0,FALSE,,,,regression,1,1,1,0.00801443447464428,interior,0,,FALSE,"",TRUE,TRUE,TRUE,tmle
0.00177827941003892,2.36187943845046e-05,0,FALSE,,,,regression,1,1,1,0.00801443447464428,interior,0,,FALSE,"",TRUE,TRUE,TRUE,tmle
0.00316227766016838,2.48858450581631e-05,0,FALSE,,,,regression,1,1,1,0.00801443447464428,interior,0,,FALSE,"",TRUE,TRUE,TRUE,tmle
0.00562341325190349,2.56203801932378e-05,0,FALSE,,,,regression,1,1,1,0.00801443447464428,interior,0,,FALSE,"",TRUE,TRUE,TRUE,tmle
0.01,2.56203801932378e-05,0,FALSE,,,,regression,1,1,1,0.00801443447464428,interior,0,,FALSE,"",TRUE,TRUE,TRUE,tmle
0.0177827941003892,2.56203801932378e-05,0,FALSE,,,,regression,1,1,1,0.00801443447464428,interior,0,,FALSE,"",TRUE,TRUE,TRUE,tmle
0.0316227766016838,2.56203801932378e-05,0,FALSE,,,,regression,1,1,1,0.00801443447464428,interior,0,,FALSE,"",TRUE,TRUE,TRUE,tmle
0.0562341325190349,2.56203801932378e-05,0,FALSE,,,,regression,1,1,1,0.00801443447464428,interior,0,,FALSE,"",TRUE,TRUE,TRUE,tmle
0.1,2.56203801932378e-05,0,FALSE,,,,regression,1,1,1,0.00801443447464428,interior,0,,FALSE,"",TRUE,TRUE,TRUE,tmle
0.177827941003892,2.56203801932378e-05,0,FALSE,,,,regression,1,1,1,0.00801443447464428,interior,0,,FALSE,"",TRUE,TRUE,TRUE,tmle
0.316227766016838,2.56203801932378e-05,0,FALSE,,,,regression,1,1,1,0.00801443447464428,interior,0,,FALSE,"",TRUE,TRUE,TRUE,tmle
0.562341325190349,2.56203801932378e-05,0,FALSE,,,,regression,1,1,1,0.00801443447464428,interior,0,,FALSE,"",TRUE,TRUE,TRUE,tmle
1,2.56203801932378e-05,0,FALSE,,,,regression,1,1,1,0.00801443447464428,interior,0,,FALSE,"",TRUE,TRUE,TRUE,tmle
1e-05,1.73511688320273e-06,0,FALSE,,,,regression,1,2,1,0.740028588289081,interior,0,,FALSE,"",TRUE,TRUE,TRUE,tmle
1.77827941003892e-05,1.73477641497437e-06,0,FALSE,,,,regression,1,2,1,0.740028588289081,interior,0,,FALSE,"",TRUE,TRUE,TRUE,tmle
3.16227766016838e-05,1.7341824519252e-06,0,FALSE,,,,regression,1,2,1,0.740028588289081,interior,0,,FALSE,"",TRUE,TRUE,TRUE,tmle
5.62341325190349e-05,1.73316252560077e-06,0,FALSE,,,,regression,1,2,1,0.740028588289081,interior,0,,FALSE,"",TRUE,TRUE,TRUE,tmle
1e-04,1.731463937693e-06,0,FALSE,,,,regression,1,2,1,0.740028588289081,interior,0,,FALSE,"",TRUE,TRUE,TRUE,tmle
0.000177827941003892,1.72880714923899e-06,0,FALSE,,,,regression,1,2,1,0.740028588289081,interior,0,,FALSE,"",TRUE,TRUE,TRUE,tmle
0.000316227766016838,1.72523310626543e-06,0,FALSE,,,,regression,1,2,1,0.740028588289081,interior,0,,FALSE,"",TRUE,TRUE,TRUE,tmle
0.000562341325190349,1.72251496485666e-06,0,TRUE,,,,regression,1,2,1,0.740028588289081,interior,0,,FALSE,"",TRUE,TRUE,TRUE,tmle
0.001,1.72918496919938e-06,0,FALSE,,,,regression,1,2,1,0.740028588289081,interior,0,,FALSE,"",TRUE,TRUE,TRUE,tmle
0.00177827941003892,1.77742340952506e-06,0,FALSE,,,,regression,1,2,1,0.740028588289081,interior,0,,FALSE,"",TRUE,TRUE,TRUE,tmle
0.00316227766016838,1.97824031490777e-06,0,FALSE,,,,regression,1,2,1,0.740028588289081,interior,0,,FALSE,"",TRUE,TRUE,TRUE,tmle
0.00562341325190349,2.69839780651067e-06,0,FALSE,,,,regression,1,2,1,0.740028588289081,interior,0,,FALSE,"",TRUE,TRUE,TRUE,tmle
0.01,3.37318037396806e-06,0,FALSE,,,,regression,1,2,1,0.740028588289081,interior,0,,FALSE,"",TRUE,TRUE,TRUE,tmle
0.0177827941003892,3.39732546018433e-06,0,FALSE,,,,regression,1,2,1,0.740028588289081,interior,0,,FALSE,"",TRUE,TRUE,TRUE,tmle
0.0316227766016838,3.39732546018433e-06,0,FALSE,,,,regression,1,2,1,0.740028588289081,interior,0,,FALSE,"",TRUE,TRUE,TRUE,tmle
0.0562341325190349,3.39732546018433e-06,0,FALSE,,,,regression,1,2,1,0.740028588289081,interior,0,,FALSE,"",TRUE,TRUE,TRUE,tmle
0.1,3.39732546018433e-06,0,FALSE,,,,regression,1,2,1,0.740028588289081,interior,0,,FALSE,"",TRUE,TRUE,TRUE,tmle
0.177827941003892,3.39732546018433e-06,0,FALSE,,,,regression,1,2,1,0.740028588289081,interior,0,,FALSE,"",TRUE,TRUE,TRUE,tmle
0.316227766016838,3.39732546018433e-06,0,FALSE,,,,regression,1,2,1,0.740028588289081,interior,0,,FALSE,"",TRUE,TRUE,TRUE,tmle
0.562341325190349,3.39732546018433e-06,0,FALSE,,,,regression,1,2,1,0.740028588289081,interior,0,,FALSE,"",TRUE,TRUE,TRUE,tmle
1,3.39732546018433e-06,0,FALSE,,,,regression,1,2,1,0.740028588289081,interior,0,,FALSE,"",TRUE,TRUE,TRUE,tmle
1e-05,2.36562622272963e-05,0,FALSE,,,,regression,2,1,1,0,interior,0,,FALSE,"",TRUE,TRUE,TRUE,tmle
1.77827941003892e-05,2.36162889358795e-05,0,FALSE,,,,regression,2,1,1,0,interior,0,,FALSE,"",TRUE,TRUE,TRUE,tmle
3.16227766016838e-05,2.3559274318352e-05,0,FALSE,,,,regression,2,1,1,0,interior,0,,FALSE,"",TRUE,TRUE,TRUE,tmle
5.62341325190349e-05,2.3491764874506e-05,0,FALSE,,,,regression,2,1,1,0,interior,0,,FALSE,"",TRUE,TRUE,TRUE,tmle
1e-04,2.34556372143319e-05,0,TRUE,,,,regression,2,1,1,0,interior,0,,FALSE,"",TRUE,TRUE,TRUE,tmle
0.000177827941003892,2.34803568607809e-05,0,FALSE,,,,regression,2,1,1,0,interior,0,,FALSE,"",TRUE,TRUE,TRUE,tmle
0.000316227766016838,2.35248141515804e-05,0,FALSE,,,,regression,2,1,1,0,interior,0,,FALSE,"",TRUE,TRUE,TRUE,tmle
0.000562341325190349,2.36288607265562e-05,0,FALSE,,,,regression,2,1,1,0,interior,0,,FALSE,"",TRUE,TRUE,TRUE,tmle
0.001,2.38581393900195e-05,0,FALSE,,,,regression,2,1,1,0,interior,0,,FALSE,"",TRUE,TRUE,TRUE,tmle
0.00177827941003892,2.43388134851724e-05,0,FALSE,,,,regression,2,1,1,0,interior,0,,FALSE,"",TRUE,TRUE,TRUE,tmle
0.00316227766016838,2.56209916973837e-05,0,FALSE,,,,regression,2,1,1,0,interior,0,,FALSE,"",TRUE,TRUE,TRUE,tmle
0.00562341325190349,2.64329792589487e-05,0,FALSE,,,,regression,2,1,1,0,interior,0,,FALSE,"",TRUE,TRUE,TRUE,tmle
0.01,2.64329792589487e-05,0,FALSE,,,,regression,2,1,1,0,interior,0,,FALSE,"",TRUE,TRUE,TRUE,tmle
0.0177827941003892,2.64329792589487e-05,0,FALSE,,,,regression,2,1,1,0,interior,0,,FALSE,"",TRUE,TRUE,TRUE,tmle
0.0316227766016838,2.64329792589487e-05,0,FALSE,,,,regression,2,1,1,0,interior,0,,FALSE,"",TRUE,TRUE,TRUE,tmle
0.0562341325190349,2.64329792589487e-05,0,FALSE,,,,regression,2,1,1,0,interior,0,,FALSE,"",TRUE,TRUE,TRUE,tmle
0.1,2.64329792589487e-05,0,FALSE,,,,regression,2,1,1,0,interior,0,,FALSE,"",TRUE,TRUE,TRUE,tmle
0.177827941003892,2.64329792589487e-05,0,FALSE,,,,regression,2,1,1,0,interior,0,,FALSE,"",TRUE,TRUE,TRUE,tmle
0.316227766016838,2.64329792589487e-05,0,FALSE,,,,regression,2,1,1,0,interior,0,,FALSE,"",TRUE,TRUE,TRUE,tmle
0.562341325190349,2.64329792589487e-05,0,FALSE,,,,regression,2,1,1,0,interior,0,,FALSE,"",TRUE,TRUE,TRUE,tmle
1,2.64329792589487e-05,0,FALSE,,,,regression,2,1,1,0,interior,0,,FALSE,"",TRUE,TRUE,TRUE,tmle
1e-10,1.93830546466303e-06,5,FALSE,,,,regression,2,2,1,1,interior_after_extension,5,,FALSE,"",TRUE,TRUE,TRUE,tmle
1.77827941003892e-10,1.93830546592417e-06,5,FALSE,,,,regression,2,2,1,1,interior_after_extension,5,,FALSE,"",TRUE,TRUE,TRUE,tmle
3.16227766016838e-10,1.93830546845851e-06,5,FALSE,,,,regression,2,2,1,1,interior_after_extension,5,,FALSE,"",TRUE,TRUE,TRUE,tmle
5.62341325190349e-10,1.9383054428331e-06,5,TRUE,,,,regression,2,2,1,1,interior_after_extension,5,,FALSE,"",TRUE,TRUE,TRUE,tmle
1e-09,1.93830547927445e-06,4,FALSE,,,,regression,2,2,1,1,interior_after_extension,5,,FALSE,"",TRUE,TRUE,TRUE,tmle
1.77827941003892e-09,1.93830549190754e-06,4,FALSE,,,,regression,2,2,1,1,interior_after_extension,5,,FALSE,"",TRUE,TRUE,TRUE,tmle
3.16227766016838e-09,1.93830551465446e-06,4,FALSE,,,,regression,2,2,1,1,interior_after_extension,5,,FALSE,"",TRUE,TRUE,TRUE,tmle
5.62341325190349e-09,1.93830552559393e-06,4,FALSE,,,,regression,2,2,1,1,interior_after_extension,5,,FALSE,"",TRUE,TRUE,TRUE,tmle
1e-08,1.93830562539207e-06,3,FALSE,,,,regression,2,2,1,1,interior_after_extension,5,,FALSE,"",TRUE,TRUE,TRUE,tmle
1.77827941003892e-08,1.93830575175175e-06,3,FALSE,,,,regression,2,2,1,1,interior_after_extension,5,,FALSE,"",TRUE,TRUE,TRUE,tmle
3.16227766016838e-08,1.93830597664695e-06,3,FALSE,,,,regression,2,2,1,1,interior_after_extension,5,,FALSE,"",TRUE,TRUE,TRUE,tmle
5.62341325190349e-08,1.93830635330829e-06,3,FALSE,,,,regression,2,2,1,1,interior_after_extension,5,,FALSE,"",TRUE,TRUE,TRUE,tmle
1e-07,1.93830708690137e-06,2,FALSE,,,,regression,2,2,1,1,interior_after_extension,5,,FALSE,"",TRUE,TRUE,TRUE,tmle
1.77827941003892e-07,1.9383083512477e-06,2,FALSE,,,,regression,2,2,1,1,interior_after_extension,5,,FALSE,"",TRUE,TRUE,TRUE,tmle
3.16227766016838e-07,1.93831059990389e-06,2,FALSE,,,,regression,2,2,1,1,interior_after_extension,5,,FALSE,"",TRUE,TRUE,TRUE,tmle
5.62341325190349e-07,1.93831464106347e-06,2,FALSE,,,,regression,2,2,1,1,interior_after_extension,5,,FALSE,"",TRUE,TRUE,TRUE,tmle
1e-06,1.93832184859729e-06,1,FALSE,,,,regression,2,2,1,1,interior_after_extension,5,,FALSE,"",TRUE,TRUE,TRUE,tmle
1.77827941003892e-06,1.93833465327402e-06,1,FALSE,,,,regression,2,2,1,1,interior_after_extension,5,,FALSE,"",TRUE,TRUE,TRUE,tmle
3.16227766016838e-06,1.9383575563042e-06,1,FALSE,,,,regression,2,2,1,1,interior_after_extension,5,,FALSE,"",TRUE,TRUE,TRUE,tmle
5.62341325190349e-06,1.93839857977401e-06,1,FALSE,,,,regression,2,2,1,1,interior_after_extension,5,,FALSE,"",TRUE,TRUE,TRUE,tmle
1e-05,1.93847277176184e-06,0,FALSE,,,,regression,2,2,1,1,interior_after_extension,5,,FALSE,"",TRUE,TRUE,TRUE,tmle
1.77827941003892e-05,1.93860819775742e-06,0,FALSE,,,,regression,2,2,1,1,interior_after_extension,5,,FALSE,"",TRUE,TRUE,TRUE,tmle
3.16227766016838e-05,1.93886022855402e-06,0,FALSE,,,,regression,2,2,1,1,interior_after_extension,5,,FALSE,"",TRUE,TRUE,TRUE,tmle
5.62341325190349e-05,1.93934411565763e-06,0,FALSE,,,,regression,2,2,1,1,interior_after_extension,5,,FALSE,"",TRUE,TRUE,TRUE,tmle
1e-04,1.94031730982951e-06,0,FALSE,,,,regression,2,2,1,1,interior_after_extension,5,,FALSE,"",TRUE,TRUE,TRUE,tmle
0.000177827941003892,1.94240433402631e-06,0,FALSE,,,,regression,2,2,1,1,interior_after_extension,5,,FALSE,"",TRUE,TRUE,TRUE,tmle
0.000316227766016838,1.94724267172564e-06,0,FALSE,,,,regression,2,2,1,1,interior_after_extension,5,,FALSE,"",TRUE,TRUE,TRUE,tmle
0.000562341325190349,1.95941069922478e-06,0,FALSE,,,,regression,2,2,1,1,interior_after_extension,5,,FALSE,"",TRUE,TRUE,TRUE,tmle
0.001,1.99231946913254e-06,0,FALSE,,,,regression,2,2,1,1,interior_after_extension,5,,FALSE,"",TRUE,TRUE,TRUE,tmle
0.00177827941003892,2.08648127788334e-06,0,FALSE,,,,regression,2,2,1,1,interior_after_extension,5,,FALSE,"",TRUE,TRUE,TRUE,tmle
0.00316227766016838,2.36663408846681e-06,0,FALSE,,,,regression,2,2,1,1,interior_after_extension,5,,FALSE,"",TRUE,TRUE,TRUE,tmle
0.00562341325190349,3.20470091950228e-06,0,FALSE,,,,regression,2,2,1,1,interior_after_extension,5,,FALSE,"",TRUE,TRUE,TRUE,tmle
0.01,3.68551669168616e-06,0,FALSE,,,,regression,2,2,1,1,interior_after_extension,5,,FALSE,"",TRUE,TRUE,TRUE,tmle
0.0177827941003892,3.68551669168616e-06,0,FALSE,,,,regression,2,2,1,1,interior_after_extension,5,,FALSE,"",TRUE,TRUE,TRUE,tmle
0.0316227766016838,3.68551669168616e-06,0,FALSE,,,,regression,2,2,1,1,interior_after_extension,5,,FALSE,"",TRUE,TRUE,TRUE,tmle
0.0562341325190349,3.68551669168616e-06,0,FALSE,,,,regression,2,2,1,1,interior_after_extension,5,,FALSE,"",TRUE,TRUE,TRUE,tmle
0.1,3.68551669168616e-06,0,FALSE,,,,regression,2,2,1,1,interior_after_extension,5,,FALSE,"",TRUE,TRUE,TRUE,tmle
0.177827941003892,3.68551669168616e-06,0,FALSE,,,,regression,2,2,1,1,interior_after_extension,5,,FALSE,"",TRUE,TRUE,TRUE,tmle
0.316227766016838,3.68551669168616e-06,0,FALSE,,,,regression,2,2,1,1,interior_after_extension,5,,FALSE,"",TRUE,TRUE,TRUE,tmle
0.562341325190349,3.68551669168616e-06,0,FALSE,,,,regression,2,2,1,1,interior_after_extension,5,,FALSE,"",TRUE,TRUE,TRUE,tmle
1,3.68551669168616e-06,0,FALSE,,,,regression,2,2,1,1,interior_after_extension,5,,FALSE,"",TRUE,TRUE,TRUE,tmle
1e-05,2.22494347981576e-05,0,FALSE,,,,regression,3,1,1,0.0667918902426032,interior,0,,FALSE,"",TRUE,TRUE,TRUE,tmle
1.77827941003892e-05,2.22115459703949e-05,0,FALSE,,,,regression,3,1,1,0.0667918902426032,interior,0,,FALSE,"",TRUE,TRUE,TRUE,tmle
3.16227766016838e-05,2.21632479966226e-05,0,FALSE,,,,regression,3,1,1,0.0667918902426032,interior,0,,FALSE,"",TRUE,TRUE,TRUE,tmle
5.62341325190349e-05,2.21251423619559e-05,0,TRUE,,,,regression,3,1,1,0.0667918902426032,interior,0,,FALSE,"",TRUE,TRUE,TRUE,tmle
1e-04,2.21307617267399e-05,0,FALSE,,,,regression,3,1,1,0.0667918902426032,interior,0,,FALSE,"",TRUE,TRUE,TRUE,tmle
0.000177827941003892,2.22680249613545e-05,0,FALSE,,,,regression,3,1,1,0.0667918902426032,interior,0,,FALSE,"",TRUE,TRUE,TRUE,tmle
0.000316227766016838,2.2451860332035e-05,0,FALSE,,,,regression,3,1,1,0.0667918902426032,interior,0,,FALSE,"",TRUE,TRUE,TRUE,tmle
0.000562341325190349,2.26536589318038e-05,0,FALSE,,,,regression,3,1,1,0.0667918902426032,interior,0,,FALSE,"",TRUE,TRUE,TRUE,tmle
0.001,2.28736334520961e-05,0,FALSE,,,,regression,3,1,1,0.0667918902426032,interior,0,,FALSE,"",TRUE,TRUE,TRUE,tmle
0.00177827941003892,2.33567949534908e-05,0,FALSE,,,,regression,3,1,1,0.0667918902426032,interior,0,,FALSE,"",TRUE,TRUE,TRUE,tmle
0.00316227766016838,2.46112835002876e-05,0,FALSE,,,,regression,3,1,1,0.0667918902426032,interior,0,,FALSE,"",TRUE,TRUE,TRUE,tmle
0.00562341325190349,2.55080892836447e-05,0,FALSE,,,,regression,3,1,1,0.0667918902426032,interior,0,,FALSE,"",TRUE,TRUE,TRUE,tmle
0.01,2.55139377538169e-05,0,FALSE,,,,regression,3,1,1,0.0667918902426032,interior,0,,FALSE,"",TRUE,TRUE,TRUE,tmle
0.0177827941003892,2.55139377538169e-05,0,FALSE,,,,regression,3,1,1,0.0667918902426032,interior,0,,FALSE,"",TRUE,TRUE,TRUE,tmle
0.0316227766016838,2.55139377538169e-05,0,FALSE,,,,regression,3,1,1,0.0667918902426032,interior,0,,FALSE,"",TRUE,TRUE,TRUE,tmle
0.0562341325190349,2.55139377538169e-05,0,FALSE,,,,regression,3,1,1,0.0667918902426032,interior,0,,FALSE,"",TRUE,TRUE,TRUE,tmle
0.1,2.55139377538169e-05,0,FALSE,,,,regression,3,1,1,0.0667918902426032,interior,0,,FALSE,"",TRUE,TRUE,TRUE,tmle
0.177827941003892,2.55139377538169e-05,0,FALSE,,,,regression,3,1,1,0.0667918902426032,interior,0,,FALSE,"",TRUE,TRUE,TRUE,tmle
0.316227766016838,2.55139377538169e-05,0,FALSE,,,,regression,3,1,1,0.0667918902426032,interior,0,,FALSE,"",TRUE,TRUE,TRUE,tmle
0.562341325190349,2.55139377538169e-05,0,FALSE,,,,regression,3,1,1,0.0667918902426032,interior,0,,FALSE,"",TRUE,TRUE,TRUE,tmle
1,2.55139377538169e-05,0,FALSE,,,,regression,3,1,1,0.0667918902426032,interior,0,,FALSE,"",TRUE,TRUE,TRUE,tmle
1e-10,1.52992036507854e-06,5,FALSE,,,,regression,3,2,1,0.899795542228628,interior_after_extension,5,,FALSE,"",TRUE,TRUE,TRUE,tmle
1.77827941003892e-10,1.5299203688757e-06,5,FALSE,,,,regression,3,2,1,0.899795542228628,interior_after_extension,5,,FALSE,"",TRUE,TRUE,TRUE,tmle
3.16227766016838e-10,1.52992037603539e-06,5,FALSE,,,,regression,3,2,1,0.899795542228628,interior_after_extension,5,,FALSE,"",TRUE,TRUE,TRUE,tmle
5.62341325190349e-10,1.52992035781863e-06,5,TRUE,,,,regression,3,2,1,0.899795542228628,interior_after_extension,5,,FALSE,"",TRUE,TRUE,TRUE,tmle
1e-09,1.52992040903044e-06,4,FALSE,,,,regression,3,2,1,0.899795542228628,interior_after_extension,5,,FALSE,"",TRUE,TRUE,TRUE,tmle
1.77827941003892e-09,1.52992044703462e-06,4,FALSE,,,,regression,3,2,1,0.899795542228628,interior_after_extension,5,,FALSE,"",TRUE,TRUE,TRUE,tmle
3.16227766016838e-09,1.52992051501196e-06,4,FALSE,,,,regression,3,2,1,0.899795542228628,interior_after_extension,5,,FALSE,"",TRUE,TRUE,TRUE,tmle
5.62341325190349e-09,1.52992060511244e-06,4,FALSE,,,,regression,3,2,1,0.899795542228628,interior_after_extension,5,,FALSE,"",TRUE,TRUE,TRUE,tmle
1e-08,1.52992084855263e-06,3,FALSE,,,,regression,3,2,1,0.899795542228628,interior_after_extension,5,,FALSE,"",TRUE,TRUE,TRUE,tmle
1.77827941003892e-08,1.52992122863466e-06,3,FALSE,,,,regression,3,2,1,0.899795542228628,interior_after_extension,5,,FALSE,"",TRUE,TRUE,TRUE,tmle
3.16227766016838e-08,1.52992190481159e-06,3,FALSE,,,,regression,3,2,1,0.899795542228628,interior_after_extension,5,,FALSE,"",TRUE,TRUE,TRUE,tmle
5.62341325190349e-08,1.52992307815799e-06,3,FALSE,,,,regression,3,2,1,0.899795542228628,interior_after_extension,5,,FALSE,"",TRUE,TRUE,TRUE,tmle
1e-07,1.52992524411392e-06,2,FALSE,,,,regression,3,2,1,0.899795542228628,interior_after_extension,5,,FALSE,"",TRUE,TRUE,TRUE,tmle
1.77827941003892e-07,1.52992904570818e-06,2,FALSE,,,,regression,3,2,1,0.899795542228628,interior_after_extension,5,,FALSE,"",TRUE,TRUE,TRUE,tmle
3.16227766016838e-07,1.52993580620063e-06,2,FALSE,,,,regression,3,2,1,0.899795542228628,interior_after_extension,5,,FALSE,"",TRUE,TRUE,TRUE,tmle
5.62341325190349e-07,1.52994781935703e-06,2,FALSE,,,,regression,3,2,1,0.899795542228628,interior_after_extension,5,,FALSE,"",TRUE,TRUE,TRUE,tmle
1e-06,1.52996924625892e-06,1,FALSE,,,,regression,3,2,1,0.899795542228628,interior_after_extension,5,,FALSE,"",TRUE,TRUE,TRUE,tmle
1.77827941003892e-06,1.53000734603322e-06,1,FALSE,,,,regression,3,2,1,0.899795542228628,interior_after_extension,5,,FALSE,"",TRUE,TRUE,TRUE,tmle
3.16227766016838e-06,1.53007526137605e-06,1,FALSE,,,,regression,3,2,1,0.899795542228628,interior_after_extension,5,,FALSE,"",TRUE,TRUE,TRUE,tmle
5.62341325190349e-06,1.5301963056836e-06,1,FALSE,,,,regression,3,2,1,0.899795542228628,interior_after_extension,5,,FALSE,"",TRUE,TRUE,TRUE,tmle
1e-05,1.53041280732044e-06,0,FALSE,,,,regression,3,2,1,0.899795542228628,interior_after_extension,5,,FALSE,"",TRUE,TRUE,TRUE,tmle
1.77827941003892e-05,1.53080135725024e-06,0,FALSE,,,,regression,3,2,1,0.899795542228628,interior_after_extension,5,,FALSE,"",TRUE,TRUE,TRUE,tmle
3.16227766016838e-05,1.53150363739103e-06,0,FALSE,,,,regression,3,2,1,0.899795542228628,interior_after_extension,5,,FALSE,"",TRUE,TRUE,TRUE,tmle
5.62341325190349e-05,1.53278864093233e-06,0,FALSE,,,,regression,3,2,1,0.899795542228628,interior_after_extension,5,,FALSE,"",TRUE,TRUE,TRUE,tmle
1e-04,1.53518784290546e-06,0,FALSE,,,,regression,3,2,1,0.899795542228628,interior_after_extension,5,,FALSE,"",TRUE,TRUE,TRUE,tmle
0.000177827941003892,1.53981513123388e-06,0,FALSE,,,,regression,3,2,1,0.899795542228628,interior_after_extension,5,,FALSE,"",TRUE,TRUE,TRUE,tmle
0.000316227766016838,1.54918474255586e-06,0,FALSE,,,,regression,3,2,1,0.899795542228628,interior_after_extension,5,,FALSE,"",TRUE,TRUE,TRUE,tmle
0.000562341325190349,1.56945493527325e-06,0,FALSE,,,,regression,3,2,1,0.899795542228628,interior_after_extension,5,,FALSE,"",TRUE,TRUE,TRUE,tmle
0.001,1.61691160155762e-06,0,FALSE,,,,regression,3,2,1,0.899795542228628,interior_after_extension,5,,FALSE,"",TRUE,TRUE,TRUE,tmle
0.00177827941003892,1.73738625138326e-06,0,FALSE,,,,regression,3,2,1,0.899795542228628,interior_after_extension,5,,FALSE,"",TRUE,TRUE,TRUE,tmle
0.00316227766016838,2.06573034011e-06,0,FALSE,,,,regression,3,2,1,0.899795542228628,interior_after_extension,5,,FALSE,"",TRUE,TRUE,TRUE,tmle
0.00562341325190349,2.99113811477348e-06,0,FALSE,,,,regression,3,2,1,0.899795542228628,interior_after_extension,5,,FALSE,"",TRUE,TRUE,TRUE,tmle
0.01,3.66488378252391e-06,0,FALSE,,,,regression,3,2,1,0.899795542228628,interior_after_extension,5,,FALSE,"",TRUE,TRUE,TRUE,tmle
0.0177827941003892,3.66507814330579e-06,0,FALSE,,,,regression,3,2,1,0.899795542228628,interior_after_extension,5,,FALSE,"",TRUE,TRUE,TRUE,tmle
0.0316227766016838,3.66507814330579e-06,0,FALSE,,,,regression,3,2,1,0.899795542228628,interior_after_extension,5,,FALSE,"",TRUE,TRUE,TRUE,tmle
0.0562341325190349,3.66507814330579e-06,0,FALSE,,,,regression,3,2,1,0.899795542228628,interior_after_extension,5,,FALSE,"",TRUE,TRUE,TRUE,tmle
0.1,3.66507814330579e-06,0,FALSE,,,,regression,3,2,1,0.899795542228628,interior_after_extension,5,,FALSE,"",TRUE,TRUE,TRUE,tmle
0.177827941003892,3.66507814330579e-06,0,FALSE,,,,regression,3,2,1,0.899795542228628,interior_after_extension,5,,FALSE,"",TRUE,TRUE,TRUE,tmle
0.316227766016838,3.66507814330579e-06,0,FALSE,,,,regression,3,2,1,0.899795542228628,interior_after_extension,5,,FALSE,"",TRUE,TRUE,TRUE,tmle
0.562341325190349,3.66507814330579e-06,0,FALSE,,,,regression,3,2,1,0.899795542228628,interior_after_extension,5,,FALSE,"",TRUE,TRUE,TRUE,tmle
1,3.66507814330579e-06,0,FALSE,,,,regression,3,2,1,0.899795542228628,interior_after_extension,5,,FALSE,"",TRUE,TRUE,TRUE,tmle
