basis,candidate,probability,reference,fitted
joint_categories,ensemble,0.00174025820357453,1.77880078307141,1.80766183806691
joint_categories,ensemble,0.00185715841286508,1.70468808971871,1.80019369184968
joint_categories,ensemble,0.000153781324673641,1.77880078307141,1.81206333200338
joint_categories,ensemble,0.000206020115638397,1.70468808971871,1.80086386086085
joint_categories,ensemble,0.000218590353129231,1.67032004603564,1.84073798693272
joint_categories,ensemble,0.000405237579754544,1.60653065971263,1.82783696850978
joint_categories,ensemble,2.61991607316705e-05,1.67032004603564,1.84451315870722
joint_categories,ensemble,6.08890250111459e-05,1.60653065971263,1.82816396917362
joint_categories,ensemble,0.00111195371404149,1.77880078307141,1.81325548569454
joint_categories,ensemble,0.000790707671674256,1.70468808971871,1.80639740090781
joint_categories,ensemble,0.000122135010800397,1.77880078307141,1.81752574179281
joint_categories,ensemble,0.000107582624184099,1.70468808971871,1.80671526968119
joint_categories,ensemble,0.000844955970725827,1.67032004603564,1.84647795323689
joint_categories,ensemble,0.00104377474085108,1.60653065971263,1.83389290920879
joint_categories,ensemble,0.000125879214514111,1.67032004603564,1.85015353816235
joint_categories,ensemble,0.000192354164932859,1.60653065971263,1.83394215517598
joint_categories,ensemble,0.000227563895766465,1.77880078307141,1.81799088003772
joint_categories,ensemble,0.000135487210700482,1.70468808971871,1.81129309974965
joint_categories,ensemble,3.15543757120446e-05,1.77880078307141,1.82219205343855
joint_categories,ensemble,2.38855707681118e-05,1.70468808971871,1.81148947719729
joint_categories,ensemble,0.00104611829392598,1.67032004603564,1.85142980305719
joint_categories,ensemble,0.00108197991693023,1.60653065971263,1.83891647740087
joint_categories,ensemble,0.000196744911497615,1.67032004603564,1.85510582316757
joint_categories,ensemble,0.000258359926197505,1.60653065971263,1.83893810318179
joint_categories,ensemble,3.00816663850815e-05,1.77880078307141,1.82190318441816
joint_categories,ensemble,1.67730587187752e-05,1.70468808971871,1.81488094883034
joint_categories,ensemble,5.71611579007489e-06,1.77880078307141,1.82611013492797
joint_categories,ensemble,4.10300159486762e-06,1.70468808971871,1.8152065250713
joint_categories,ensemble,0.000836583692690115,1.67032004603564,1.85563336639898
joint_categories,ensemble,0.000810332453417692,1.60653065971263,1.84292315870573
joint_categories,ensemble,0.000215613029419814,1.67032004603564,1.8594138323479
joint_categories,ensemble,0.000268485775424074,1.60653065971263,1.84317453614553
joint_categories,ensemble,0.00024759362023438,1.77880078307141,1.75495926869189
joint_categories,ensemble,0.000244247456629939,1.70468808971871,1.74805303235145
joint_categories,ensemble,0.000800736255372642,1.77880078307141,1.76057996616632
joint_categories,ensemble,0.000991632750084089,1.70468808971871,1.75017406244172
joint_categories,ensemble,3.10997395492295e-05,1.67032004603564,1.78545445159013
joint_categories,ensemble,5.32955333806034e-05,1.60653065971263,1.77321320119284
joint_categories,ensemble,0.000136418501418851,1.67032004603564,1.79023061685807
joint_categories,ensemble,0.00029307599956753,1.60653065971263,1.77467961666472
joint_categories,ensemble,0.000123274331780955,1.77880078307141,1.75992499272697
joint_categories,ensemble,8.13999490101135e-05,1.70468808971871,1.75348283174429
joint_categories,ensemble,0.000495548604316552,1.77880078307141,1.76542914881157
joint_categories,ensemble,0.000405331586648643,1.70468808971871,1.75529177543206
joint_categories,ensemble,9.36742072626127e-05,1.67032004603564,1.79058963943389
joint_categories,ensemble,0.000107452113754531,1.60653065971263,1.77855519403148
joint_categories,ensemble,0.000510740275504435,1.67032004603564,1.7952787120099
joint_categories,ensemble,0.000724719437381358,1.60653065971263,1.77977392001999
joint_categories,ensemble,1.98038556846727e-05,1.77880078307141,1.76424403775848
joint_categories,ensemble,1.10538051851225e-05,1.70468808971871,1.75786462259511
joint_categories,ensemble,0.000100500013471292,1.77880078307141,1.76962398528453
joint_categories,ensemble,7.13196597694096e-05,1.70468808971871,1.7595050655909
joint_categories,ensemble,9.10389394250258e-05,1.67032004603564,1.79514701222832
joint_categories,ensemble,8.82739791758016e-05,1.60653065971263,1.7831158094207
joint_categories,ensemble,0.000626628345823079,1.67032004603564,1.79978680493116
joint_categories,ensemble,0.00077143402656534,1.60653065971263,1.78426342982235
joint_categories,ensemble,2.0845515000537e-06,1.77880078307141,1.76795645646956
joint_categories,ensemble,1.10493550609278e-06,1.70468808971871,1.76121852667156
joint_categories,ensemble,1.44967914449915e-05,1.77880078307141,1.77322365279848
joint_categories,ensemble,9.89205409702311e-06,1.70468808971871,1.76285869379606
joint_categories,ensemble,5.79722469225475e-05,1.67032004603564,1.79916608922403
joint_categories,ensemble,5.33811461900052e-05,1.60653065971263,1.78692063267197
joint_categories,ensemble,0.000546821869100191,1.67032004603564,1.80380420809967
joint_categories,ensemble,0.000647300702514553,1.60653065971263,1.78818553241277
joint_categories,ensemble,0.000217422827268939,2.22140275816017,2.19429381641958
joint_categories,ensemble,0.000298198692714622,2.10517091807565,2.17737174233381
joint_categories,ensemble,2.5934829145966e-05,2.22140275816017,2.19899253560218
joint_categories,ensemble,4.46534230144018e-05,2.10517091807565,2.17799952777999
joint_categories,ensemble,2.73328081314994e-05,2.05127109637602,2.24366997134467
joint_categories,ensemble,6.49841175686607e-05,1.95122942450071,2.2204810725566
joint_categories,ensemble,4.42210433327707e-06,2.05127109637602,2.24785160663812
joint_categories,ensemble,1.3180287317488e-05,1.95122942450071,2.22081607151276
joint_categories,ensemble,0.000138924281352335,2.22140275816017,2.20411232837119
joint_categories,ensemble,0.000126961702555535,2.10517091807565,2.18783860619517
joint_categories,ensemble,2.05977588278114e-05,2.22140275816017,2.20849617872516
joint_categories,ensemble,2.33177833718129e-05,2.10517091807565,2.18784390455537
joint_categories,ensemble,0.000105654339712604,2.05127109637602,2.25386749720626
joint_categories,ensemble,0.000167380282242702,1.95122942450071,2.23097315382856
joint_categories,ensemble,2.12469027414097e-05,2.05127109637602,2.25777205279453
joint_categories,ensemble,4.163776904075e-05,1.95122942450071,2.23077193811364
joint_categories,ensemble,2.84311750407215e-05,2.22140275816017,2.21070210687563
joint_categories,ensemble,2.1754799607054e-05,2.10517091807565,2.19454339857428
joint_categories,ensemble,5.32156518118335e-06,2.22140275816017,2.21499009929174
joint_categories,ensemble,5.17703085518578e-06,2.10517091807565,2.19437008200875
joint_categories,ensemble,0.000130807925424896,2.05127109637602,2.26100954547648
joint_categories,ensemble,0.000173506884952062,1.95122942450071,2.23814961638647
joint_categories,ensemble,3.32081830633641e-05,2.05127109637602,2.26490193741397
joint_categories,ensemble,5.59256460090264e-05,1.95122942450071,2.23788019673951
joint_categories,ensemble,3.75831640441126e-06,2.22140275816017,2.21421860486962
joint_categories,ensemble,2.69320277048856e-06,2.10517091807565,2.19759778788798
joint_categories,ensemble,9.64008384690171e-07,2.22140275816017,2.21865058608498
joint_categories,ensemble,8.89296976058208e-07,2.10517091807565,2.19772277957748
joint_categories,ensemble,0.000104607459711278,2.05127109637602,2.26522494222427
joint_categories,ensemble,0.000129945350711285,1.95122942450071,2.24210436282129
joint_categories,ensemble,3.63928952333109e-05,2.05127109637602,2.26937845657502
joint_categories,ensemble,5.811752873527e-05,1.95122942450071,2.24225067555287
joint_categories,ensemble,3.09336308914031e-05,2.22140275816017,2.11455491342583
joint_categories,ensemble,3.92181257998104e-05,2.10517091807565,2.09899613645834
joint_categories,ensemble,0.000135042132184401,2.22140275816017,2.12129324596633
joint_categories,ensemble,0.00021492948165391,2.10517091807565,2.10191360153194
joint_categories,ensemble,3.88874990076138e-06,2.05127109637602,2.16014110007937
joint_categories,ensemble,8.54650057180629e-06,1.95122942450071,2.13836272737515
joint_categories,ensemble,2.30258080570583e-05,2.05127109637602,2.16606569391783
joint_categories,ensemble,6.34404291980849e-05,1.95122942450071,2.1405842975613
joint_categories,ensemble,1.54015385133373e-05,2.22140275816017,2.12336092886448
joint_categories,ensemble,1.30701604201904e-05,2.10517091807565,2.10826968791465
joint_categories,ensemble,8.35730113116567e-05,2.22140275816017,2.12984796074356
joint_categories,ensemble,8.78527941003989e-05,2.10517091807565,2.11066183043554
joint_categories,ensemble,1.17131387425208e-05,2.05127109637602,2.16934857491713
joint_categories,ensemble,1.72310791053856e-05,1.95122942450071,2.14772408431559
joint_categories,ensemble,8.62068372578466e-05,2.05127109637602,2.17505747137172
joint_categories,ensemble,0.000156875732654711,1.95122942450071,2.14949461079041
joint_categories,ensemble,2.47423645809763e-06,2.22140275816017,2.12933793992756
joint_categories,ensemble,1.77487834795981e-06,2.10517091807565,2.11423189246876
joint_categories,ensemble,1.69490715733964e-05,2.22140275816017,2.13564764051695
joint_categories,ensemble,1.54580387796516e-05,2.10517091807565,2.11637603118071
joint_categories,ensemble,1.13836215925243e-05,2.05127109637602,2.17589083087858
joint_categories,ensemble,1.41556630668073e-05,1.95122942450071,2.15420592768877
joint_categories,ensemble,0.000105767354603416,2.05127109637602,2.18151763876126
joint_categories,ensemble,0.000166987763636494,1.95122942450071,2.15584876863506
joint_categories,ensemble,2.6043783606274e-07,2.22140275816017,2.13264588250207
joint_categories,ensemble,1.77416380405872e-07,2.10517091807565,2.11702279899269
joint_categories,ensemble,2.44484699353745e-06,2.22140275816017,2.13888554872003
joint_categories,ensemble,2.14403372557565e-06,2.10517091807565,2.11923893361366
joint_categories,ensemble,7.24892146154825e-06,2.05127109637602,2.17989550458327
joint_categories,ensemble,8.56022948824815e-06,1.95122942450071,2.1579184950361
joint_categories,ensemble,9.22969778171376e-05,2.05127109637602,2.1855926845091
joint_categories,ensemble,0.000140117356755045,1.95122942450071,2.15978095175839
joint_categories,ensemble,0.000205349404718872,2.49182469764127,2.46772919173967
joint_categories,ensemble,0.000272007536725472,2.349858807576,2.44621083286093
joint_categories,ensemble,1.81461023506442e-05,2.49182469764127,2.474434184887
joint_categories,ensemble,3.01746064215624e-05,2.349858807576,2.4482547190511
joint_categories,ensemble,3.56687614762618e-05,2.28402541668774,2.52980902831579
joint_categories,ensemble,8.2071715817762e-05,2.16183424272828,2.50081059543472
joint_categories,ensemble,4.27508168424856e-06,2.28402541668774,2.53656243233363
joint_categories,ensemble,1.23316962858239e-05,2.16183424272828,2.50331057174118
joint_categories,ensemble,0.000131209858849879,2.49182469764127,2.47953968304126
joint_categories,ensemble,0.00011581050089865,2.349858807576,2.45872816762727
joint_categories,ensemble,1.4411856649593e-05,2.49182469764127,2.48597360049717
joint_categories,ensemble,1.57570212621948e-05,2.349858807576,2.46016221897537
joint_categories,ensemble,0.000137876775193024,2.28402541668774,2.5418613278931
joint_categories,ensemble,0.000211392990651992,2.16183424272828,2.51313924870857
joint_categories,ensemble,2.05405024194666e-05,2.28402541668774,2.54841933120928
joint_categories,ensemble,3.89569900459249e-05,2.16183424272828,2.51517496598693
joint_categories,ensemble,2.68524006582278e-05,2.49182469764127,2.48851660427038
joint_categories,ensemble,1.98440489433469e-05,2.349858807576,2.46772632458379
joint_categories,ensemble,3.72339705420413e-06,2.49182469764127,2.49490456573745
joint_categories,ensemble,3.49838507200517e-06,2.349858807576,2.46902935854352
joint_categories,ensemble,0.000170701695513249,2.28402541668774,2.5513614840872
joint_categories,ensemble,0.000219130585856846,2.16183424272828,2.52254785955269
joint_categories,ensemble,3.2104103495033e-05,2.28402541668774,2.55796888310693
joint_categories,ensemble,5.23249656520579e-05,2.16183424272828,2.52458229296118
joint_categories,ensemble,3.54961825345226e-06,2.49182469764127,2.49477399014844
joint_categories,ensemble,2.45665547636684e-06,2.349858807576,2.47328265221142
joint_categories,ensemble,6.7449817066514e-07,2.49182469764127,2.5013566653195
joint_categories,ensemble,6.0094354324835e-07,2.349858807576,2.47496153298401
joint_categories,ensemble,0.000136510617977055,2.28402541668774,2.55841809727487
joint_categories,ensemble,0.000164114529741021,2.16183424272828,2.52912228975896
joint_categories,ensemble,3.51829328579878e-05,2.28402541668774,2.56532142064375
joint_categories,ensemble,5.43757276288712e-05,2.16183424272828,2.53162627319492
joint_categories,ensemble,2.92158959072207e-05,2.49182469764127,2.36749545173674
joint_categories,ensemble,3.57735498324438e-05,2.349858807576,2.34747023312117
joint_categories,ensemble,9.44863888817453e-05,2.49182469764127,2.37594557088996
joint_categories,ensemble,0.000145238865902967,2.349858807576,2.35161014151547
joint_categories,ensemble,5.07473992367594e-06,2.28402541668774,2.42503490124051
joint_categories,ensemble,1.07938061238504e-05,2.16183424272828,2.397729982391
joint_categories,ensemble,2.22602640894283e-05,2.28402541668774,2.43317407754629
joint_categories,ensemble,5.93559219361692e-05,2.16183424272828,2.40182931164851
joint_categories,ensemble,1.45462958291704e-05,2.49182469764127,2.37816081664949
joint_categories,ensemble,1.19221922408126e-05,2.349858807576,2.3586404223436
joint_categories,ensemble,5.84744325276865e-05,2.49182469764127,2.38639959016754
joint_categories,ensemble,5.93666354348492e-05,2.349858807576,2.36227070028312
joint_categories,ensemble,1.52854090196409e-05,2.28402541668774,2.4359873643547
joint_categories,ensemble,2.17619978616527e-05,2.16183424272828,2.40881158675624
joint_categories,ensemble,8.33407000926419e-05,2.28402541668774,2.44398048342721
joint_categories,ensemble,0.000146775547688341,2.16183424272828,2.41252226964664
joint_categories,ensemble,2.33684287057683e-06,2.49182469764127,2.38638384351932
joint_categories,ensemble,1.61898861132147e-06,2.349858807576,2.36676101009428
joint_categories,ensemble,1.18589401838062e-05,2.49182469764127,2.39450128993759
joint_categories,ensemble,1.04457890288679e-05,2.349858807576,2.3701960619996
joint_categories,ensemble,1.48553958073498e-05,2.28402541668774,2.44474950965153
joint_categories,ensemble,1.78779000146227e-05,2.16183424272828,2.41739873273897
joint_categories,ensemble,0.000102250884732383,2.28402541668774,2.4527240465096
joint_categories,ensemble,0.000156236532255403,2.16183424272828,2.42104798444266
joint_categories,ensemble,2.45975803339188e-07,2.49182469764127,2.39228155884371
joint_categories,ensemble,1.61833682668536e-07,2.349858807576,2.37193537101962
joint_categories,ensemble,1.71061253292644e-06,2.49182469764127,2.40039409367038
joint_categories,ensemble,1.44883347023442e-06,2.349858807576,2.37552588758996
joint_categories,ensemble,9.4596958105503e-06,2.28402541668774,2.45142534739676
joint_categories,ensemble,1.0811145064054e-05,2.16183424272828,2.42358826491392
joint_categories,ensemble,8.92283604455648e-05,2.28402541668774,2.45952022315466
joint_categories,ensemble,0.000131096132144483,2.16183424272828,2.42751909272515
joint_categories,ensemble,3.39238318341238e-05,3.33964685192599,3.18362283298839
joint_categories,ensemble,5.77016444067416e-05,3.11700001661268,3.14393891568689
joint_categories,ensemble,4.04653363055672e-06,3.33964685192599,3.19194476286552
joint_categories,ensemble,8.64046690770244e-06,3.11700001661268,3.14723735902513
joint_categories,ensemble,5.89062051576216e-06,3.01375270747048,3.2776291567801
joint_categories,ensemble,1.73764283013827e-05,2.82211880039051,3.22921936852818
joint_categories,ensemble,9.53028257584074e-07,3.01375270747048,3.28642852178999
joint_categories,ensemble,3.5243429646016e-06,2.82211880039051,3.23328213553542
joint_categories,ensemble,2.16759390790353e-05,3.33964685192599,3.20290059119569
joint_categories,ensemble,2.4567173475656e-05,3.11700001661268,3.16389648296609
joint_categories,ensemble,3.213806551095e-06,3.33964685192599,3.21065712073259
joint_categories,ensemble,4.51200651560671e-06,3.11700001661268,3.16618001889977
joint_categories,ensemble,2.2770057803652e-05,3.01375270747048,3.29748181127774
joint_categories,ensemble,4.4756651044503e-05,2.82211880039051,3.2492506152685
joint_categories,ensemble,4.57901875953665e-06,3.01375270747048,3.30581618990195
joint_categories,ensemble,1.1133731370618e-05,2.82211880039051,3.25247415197335
joint_categories,ensemble,4.43603099565509e-06,3.33964685192599,3.21580810954464
joint_categories,ensemble,4.20956812264588e-06,3.11700001661268,3.17670844885741
joint_categories,ensemble,8.30307859429547e-07,3.33964685192599,3.22351857252946
joint_categories,ensemble,1.00175889695982e-06,3.11700001661268,3.1788145997149
joint_categories,ensemble,2.8191023967427e-05,3.01375270747048,3.31147497232341
joint_categories,ensemble,4.639487399333e-05,2.82211880039051,3.26304371206567
joint_categories,ensemble,7.1568498744482e-06,3.01375270747048,3.3198714367651
joint_categories,ensemble,1.49542382730301e-05,2.82211880039051,3.26623680388566
joint_categories,ensemble,5.86398839920204e-07,3.33964685192599,3.22267119114796
joint_categories,ensemble,5.21136518618822e-07,3.11700001661268,3.18265692803508
joint_categories,ensemble,1.50411337851215e-07,3.33964685192599,3.23087592057085
joint_categories,ensemble,1.72079553459374e-07,3.11700001661268,3.18546566262978
joint_categories,ensemble,2.25444398289572e-05,3.01375270747048,3.31987096077541
joint_categories,ensemble,3.47467374216004e-05,2.82211880039051,3.27082833699553
joint_categories,ensemble,7.84320199585596e-06,3.01375270747048,3.32886039820078
joint_categories,ensemble,1.5540336760824e-05,2.82211880039051,3.27481728843947
joint_categories,ensemble,4.82648167885698e-06,3.33964685192599,3.03231960602152
joint_categories,ensemble,7.58873329926089e-06,3.11700001661268,2.99561763156217
joint_categories,ensemble,2.10702189843137e-05,3.33964685192599,3.0434451988643
joint_categories,ensemble,4.15889969537452e-05,3.11700001661268,3.00209024921965
joint_categories,ensemble,8.3808256494853e-07,3.01375270747048,3.11950250395156
joint_categories,ensemble,2.28529154461177e-06,2.82211880039051,3.07420944235133
joint_categories,ensemble,4.96239891197264e-06,3.01375270747048,3.13060537128218
joint_categories,ensemble,1.6963653745159e-05,2.82211880039051,3.08079795134855
joint_categories,ensemble,2.40305587539326e-06,3.33964685192599,3.04979099041394
joint_categories,ensemble,2.52908469195281e-06,3.11700001661268,3.01352577298377
joint_categories,ensemble,1.30396463757741e-05,3.33964685192599,3.06049513380472
joint_categories,ensemble,1.69995738048765e-05,3.11700001661268,3.0191782042368
joint_categories,ensemble,2.5243529698343e-06,3.01375270747048,3.13759817684256
joint_categories,ensemble,4.60750444620304e-06,2.82211880039051,3.09229816035248
joint_categories,ensemble,1.85788361630073e-05,3.01375270747048,3.14836620993473
joint_categories,ensemble,4.19477869776609e-05,2.82211880039051,3.09821190865126
joint_categories,ensemble,3.86047695987961e-07,3.33964685192599,3.06158425521048
joint_categories,ensemble,3.43440135055226e-07,3.11700001661268,3.02505901709414
joint_categories,ensemble,2.64451281874473e-06,3.33964685192599,3.07212759553861
joint_categories,ensemble,2.99114073495515e-06,3.11700001661268,3.03043578791131
joint_categories,ensemble,2.45333719733385e-06,3.01375270747048,3.15047086636713
joint_categories,ensemble,3.78515356585425e-06,2.82211880039051,3.10485503861294
joint_categories,ensemble,2.27944141680328e-05,3.01375270747048,3.16120302052324
joint_categories,ensemble,4.4651693530684e-05,2.82211880039051,3.11065371831632
joint_categories,ensemble,4.06353346831752e-08,3.33964685192599,3.06802346838971
joint_categories,ensemble,3.43301870337436e-08,3.11700001661268,3.03053370309598
joint_categories,ensemble,3.81462145951849e-07,3.33964685192599,3.0787084717382
joint_categories,ensemble,4.14871944953906e-07,3.11700001661268,3.03623826303561
joint_categories,ensemble,1.56224875516303e-06,3.01375270747048,3.15837430452643
joint_categories,ensemble,2.28896258826264e-06,2.82211880039051,3.11212707090991
joint_categories,ensemble,1.98913506602313e-05,3.01375270747048,3.16939056952216
joint_categories,ensemble,3.74666810064907e-05,2.82211880039051,3.11840161281793
joint_categories,ensemble,0.00111195371404149,1.77880078307141,1.80766183806691
joint_categories,ensemble,0.00108763265079501,1.70468808971871,1.80019369184968
joint_categories,ensemble,0.000130541965321263,1.77880078307141,1.81206333200338
joint_categories,ensemble,0.000159893967251896,1.70468808971871,1.80086386086085
joint_categories,ensemble,0.000102157130587946,1.67032004603564,1.84073798693272
joint_categories,ensemble,0.000172534804216459,1.60653065971263,1.82783696850978
joint_categories,ensemble,1.62666679880279e-05,1.67032004603564,1.84451315870722
joint_categories,ensemble,3.43554140825183e-05,1.60653065971263,1.82816396917362
joint_categories,ensemble,0.000710492879522693,1.77880078307141,1.81325548569454
joint_categories,ensemble,0.000463072764816157,1.70468808971871,1.80639740090781
joint_categories,ensemble,0.000103678027083287,1.77880078307141,1.81752574179281
joint_categories,ensemble,8.34957913447523e-05,1.70468808971871,1.80671526968119
joint_categories,ensemble,0.000394886033197775,1.67032004603564,1.84647795323689
joint_categories,ensemble,0.000444399728840319,1.60653065971263,1.83389290920879
joint_categories,ensemble,7.81565260836593e-05,1.67032004603564,1.85015353816235
joint_categories,ensemble,0.000108531988902034,1.60653065971263,1.83394215517598
joint_categories,ensemble,0.000145404008761183,1.77880078307141,1.81799088003772
joint_categories,ensemble,7.93471968261721e-05,1.70468808971871,1.81129309974965
joint_categories,ensemble,2.67858937271978e-05,1.77880078307141,1.82219205343855
joint_categories,ensemble,1.85377950029531e-05,1.70468808971871,1.81148947719729
joint_categories,ensemble,0.000488898259384093,1.67032004603564,1.85142980305719
joint_categories,ensemble,0.000460666044957554,1.60653065971263,1.83891647740087
joint_categories,ensemble,0.000122155979973698,1.67032004603564,1.85510582316757
joint_categories,ensemble,0.000145774419038889,1.60653065971263,1.83893810318179
joint_categories,ensemble,1.92209527257176e-05,1.77880078307141,1.82190318441816
joint_categories,ensemble,9.82303189101573e-06,1.70468808971871,1.81488094883034
joint_categories,ensemble,4.85229913855844e-06,1.77880078307141,1.82611013492797
joint_categories,ensemble,3.18437449960332e-06,1.70468808971871,1.8152065250713
joint_categories,ensemble,0.000390973290076366,1.67032004603564,1.85563336639898
joint_categories,ensemble,0.000345008849587317,1.60653065971263,1.84292315870573
joint_categories,ensemble,0.000133870912865741,1.67032004603564,1.8594138323479
joint_categories,ensemble,0.000151487726864925,1.60653065971263,1.84317453614553
joint_categories,ensemble,0.000158202182312428,1.77880078307141,1.75495926869189
joint_categories,ensemble,0.000143041921929822,1.70468808971871,1.74805303235145
joint_categories,ensemble,0.000679729380028229,1.77880078307141,1.76057996616632
joint_categories,ensemble,0.000769614627079171,1.70468808971871,1.75017406244172
joint_categories,ensemble,1.45343109103422e-05,1.67032004603564,1.78545445159013
joint_categories,ensemble,2.26912183786208e-05,1.60653065971263,1.77321320119284
joint_categories,ensemble,8.47002120690936e-05,1.67032004603564,1.79023061685807
joint_categories,ensemble,0.000165362268831655,1.60653065971263,1.77467961666472
joint_categories,ensemble,7.87672488991916e-05,1.77880078307141,1.75992499272697
joint_categories,ensemble,4.76713465599663e-05,1.70468808971871,1.75348283174429
joint_categories,ensemble,0.000420661539084662,1.77880078307141,1.76542914881157
joint_categories,ensemble,0.000314581298243277,1.70468808971871,1.75529177543206
joint_categories,ensemble,4.37781818230173e-05,1.67032004603564,1.79058963943389
joint_categories,ensemble,4.5749037935998e-05,1.60653065971263,1.77855519403148
joint_categories,ensemble,0.000317111016449526,1.67032004603564,1.7952787120099
joint_categories,ensemble,0.00040890844220824,1.60653065971263,1.77977392001999
joint_categories,ensemble,1.26538526499584e-05,1.77880078307141,1.76424403775848
joint_categories,ensemble,6.47358854881906e-06,1.70468808971871,1.75786462259511
joint_categories,ensemble,8.53125000789169e-05,1.77880078307141,1.76962398528453
joint_categories,ensemble,5.53517956644666e-05,1.70468808971871,1.7595050655909
joint_categories,ensemble,4.25466023101766e-05,1.67032004603564,1.79514701222832
joint_categories,ensemble,3.75837150239862e-05,1.60653065971263,1.7831158094207
joint_categories,ensemble,0.000389064190177256,1.67032004603564,1.79978680493116
joint_categories,ensemble,0.000435266214480281,1.60653065971263,1.78426342982235
joint_categories,ensemble,1.33194302881859e-06,1.77880078307141,1.76795645646956
joint_categories,ensemble,6.47098236275508e-07,1.70468808971871,1.76121852667156
joint_categories,ensemble,1.23060433384734e-05,1.77880078307141,1.77322365279848
joint_categories,ensemble,7.67730747525417e-06,1.70468808971871,1.76285869379606
joint_categories,ensemble,2.70930455738917e-05,1.67032004603564,1.79916608922403
joint_categories,ensemble,2.27276690684051e-05,1.60653065971263,1.78692063267197
joint_categories,ensemble,0.000339513539549879,1.67032004603564,1.80380420809967
joint_categories,ensemble,0.000365226470069469,1.60653065971263,1.78818553241277
joint_categories,ensemble,0.00017267987132443,2.22140275816017,2.19429381641958
joint_categories,ensemble,0.000215592621754242,2.10517091807565,2.17737174233381
joint_categories,ensemble,2.73648768428543e-05,2.22140275816017,2.19899253560218
joint_categories,ensemble,4.27830832863072e-05,2.10517091807565,2.17799952777999
joint_categories,ensemble,1.57268216024432e-05,2.05127109637602,2.24366997134467
joint_categories,ensemble,3.39343654703859e-05,1.95122942450071,2.2204810725566
joint_categories,ensemble,3.38033094889078e-06,2.05127109637602,2.24785160663812
joint_categories,ensemble,9.1210859764716e-06,1.95122942450071,2.22081607151276
joint_categories,ensemble,0.000110335365099851,2.22140275816017,2.20411232837119
joint_categories,ensemble,9.1791168053594e-05,2.10517091807565,2.18783860619517
joint_categories,ensemble,2.17335202167524e-05,2.22140275816017,2.20849617872516
joint_categories,ensemble,2.23411017723454e-05,2.10517091807565,2.18784390455537
joint_categories,ensemble,6.0791666344343e-05,2.05127109637602,2.25386749720626
joint_categories,ensemble,8.74051057807916e-05,1.95122942450071,2.23097315382856
joint_categories,ensemble,1.62414899088632e-05,2.05127109637602,2.25777205279453
joint_categories,ensemble,2.88143696826126e-05,1.95122942450071,2.23077193811364
joint_categories,ensemble,2.25803873001862e-05,2.22140275816017,2.21070210687563
joint_categories,ensemble,1.57283529324906e-05,2.10517091807565,2.19454339857428
joint_categories,ensemble,5.6149965351499e-06,2.22140275816017,2.21499009929174
joint_categories,ensemble,4.96018731154742e-06,2.10517091807565,2.19437008200875
joint_categories,ensemble,7.52646013335254e-05,2.05127109637602,2.26100954547648
joint_categories,ensemble,9.06043855926874e-05,1.95122942450071,2.23814961638647
joint_categories,ensemble,2.53848938209769e-05,2.05127109637602,2.26490193741397
joint_categories,ensemble,3.87019351893208e-05,1.95122942450071,2.23788019673951
joint_categories,ensemble,2.98490090144709e-06,2.22140275816017,2.21421860486962
joint_categories,ensemble,1.94714014645626e-06,2.10517091807565,2.19759778788798
joint_categories,ensemble,1.01716385228736e-06,2.22140275816017,2.21865058608498
joint_categories,ensemble,8.52048152740461e-07,2.10517091807565,2.19772277957748
joint_categories,ensemble,6.01893098304859e-05,2.05127109637602,2.26522494222427
joint_categories,ensemble,6.78567808134828e-05,1.95122942450071,2.24210436282129
joint_categories,ensemble,2.7819341382598e-05,2.05127109637602,2.26937845657502
joint_categories,ensemble,4.02187724414105e-05,1.95122942450071,2.24225067555287
joint_categories,ensemble,2.45678683743618e-05,2.22140275816017,2.11455491342583
joint_categories,ensemble,2.83540430190967e-05,2.10517091807565,2.09899613645834
joint_categories,ensemble,0.000142488361694003,2.22140275816017,2.12129324596633
joint_categories,ensemble,0.000205927010597068,2.10517091807565,2.10191360153194
joint_categories,ensemble,2.23751894249433e-06,2.05127109637602,2.16014110007937
joint_categories,ensemble,4.46293778768493e-06,1.95122942450071,2.13836272737515
joint_categories,ensemble,1.7601315060066e-05,2.05127109637602,2.16606569391783
joint_categories,ensemble,4.39023516833529e-05,1.95122942450071,2.1405842975613
joint_categories,ensemble,1.22320904483118e-05,2.22140275816017,2.12336092886448
joint_categories,ensemble,9.44950538208441e-06,2.10517091807565,2.10826968791465
joint_categories,ensemble,8.81812310795837e-05,2.22140275816017,2.12984796074356
joint_categories,ensemble,8.41730186221093e-05,2.10517091807565,2.11066183043554
joint_categories,ensemble,6.73953596432704e-06,2.05127109637602,2.16934857491713
joint_categories,ensemble,8.99797916303898e-06,1.95122942450071,2.14772408431559
joint_categories,ensemble,6.58979567252177e-05,2.05127109637602,2.17505747137172
joint_categories,ensemble,0.000108561900867446,1.95122942450071,2.14949461079041
joint_categories,ensemble,1.96506888709541e-06,2.22140275816017,2.12933793992756
joint_categories,ensemble,1.2832070886967e-06,2.10517091807565,2.11423189246876
joint_categories,ensemble,1.78836441758035e-05,2.22140275816017,2.13564764051695
joint_categories,ensemble,1.48105680574478e-05,2.10517091807565,2.11637603118071
joint_categories,ensemble,6.54993753711793e-06,2.05127109637602,2.17589083087858
joint_categories,ensemble,7.39201303267898e-06,1.95122942450071,2.15420592768877
joint_categories,ensemble,8.08503452661144e-05,2.05127109637602,2.18151763876126
joint_categories,ensemble,0.000115559677301289,1.95122942450071,2.15584876863506
joint_categories,ensemble,2.06842917941173e-07,2.22140275816017,2.13264588250207
joint_categories,ensemble,1.28269048551648e-07,2.10517091807565,2.11702279899269
joint_categories,ensemble,2.57965597155982e-06,2.22140275816017,2.13888554872003
joint_categories,ensemble,2.05422937946706e-06,2.10517091807565,2.11923893361366
joint_categories,ensemble,4.17090311714114e-06,2.05127109637602,2.17989550458327
joint_categories,ensemble,4.47010695586758e-06,1.95122942450071,2.1579184950361
joint_categories,ensemble,7.05533626279569e-05,2.05127109637602,2.1855926845091
joint_categories,ensemble,9.69646887790524e-05,1.95122942450071,2.15978095175839
joint_categories,ensemble,0.00079377338989715,2.49182469764127,2.46772919173967
joint_categories,ensemble,0.000963705398045466,2.349858807576,2.44621083286093
joint_categories,ensemble,9.3187996072496e-05,2.49182469764127,2.474434184887
joint_categories,ensemble,0.000141675297484793,2.349858807576,2.4482547190511
joint_categories,ensemble,0.000100845329948217,2.28402541668774,2.52980902831579
joint_categories,ensemble,0.000211392990651992,2.16183424272828,2.50081059543472
joint_categories,ensemble,1.60577875569691e-05,2.28402541668774,2.53656243233363
joint_categories,ensemble,4.20929200979051e-05,2.16183424272828,2.50331057174118
joint_categories,ensemble,0.000507188684524214,2.49182469764127,2.47953968304126
joint_categories,ensemble,0.000410309237052574,2.349858807576,2.45872816762727
joint_categories,ensemble,7.40110473813112e-05,2.49182469764127,2.48597360049717
joint_categories,ensemble,7.39820975162884e-05,2.349858807576,2.46016221897537
joint_categories,ensemble,0.000389815298066636,2.28402541668774,2.5418613278931
joint_categories,ensemble,0.000544487172609129,2.16183424272828,2.51313924870857
joint_categories,ensemble,7.71529174238875e-05,2.28402541668774,2.54841933120928
joint_categories,ensemble,0.00013297549917306,2.16183424272828,2.51517496598693
joint_categories,ensemble,0.000103797335699796,2.49182469764127,2.48851660427038
joint_categories,ensemble,7.03062029677612e-05,2.349858807576,2.46772632458379
joint_categories,ensemble,1.91212362500094e-05,2.49182469764127,2.49490456573745
joint_categories,ensemble,1.64255579300122e-05,2.349858807576,2.46902935854352
joint_categories,ensemble,0.000482620312404464,2.28402541668774,2.5513614840872
joint_categories,ensemble,0.000564416978809849,2.16183424272828,2.52254785955269
joint_categories,ensemble,0.000120587373927757,2.28402541668774,2.55796888310693
joint_categories,ensemble,0.000178605647371452,2.16183424272828,2.52458229296118
joint_categories,ensemble,1.37209675272298e-05,2.49182469764127,2.49477399014844
joint_categories,ensemble,8.70377406528301e-06,2.349858807576,2.47328265221142
joint_categories,ensemble,3.46383656744983e-06,2.49182469764127,2.5013566653195
joint_categories,ensemble,2.82153987600768e-06,2.349858807576,2.47496153298401
joint_categories,ensemble,0.00038595279851511,2.28402541668774,2.55841809727487
joint_categories,ensemble,0.000422711538387158,2.16183424272828,2.52912228975896
joint_categories,ensemble,0.000132151875260362,2.28402541668774,2.56532142064375
joint_categories,ensemble,0.000185605703002814,2.16183424272828,2.53162627319492
joint_categories,ensemble,0.000112933372097697,2.49182469764127,2.36749545173674
joint_categories,ensemble,0.000126743411214996,2.349858807576,2.34747023312117
joint_categories,ensemble,0.000485228015684802,2.49182469764127,2.37594557088996
joint_categories,ensemble,0.000681923046341805,2.349858807576,2.35161014151547
joint_categories,ensemble,1.43476756922183e-05,2.28402541668774,2.42503490124051
joint_categories,ensemble,2.78017211447736e-05,2.16183424272828,2.397729982391
joint_categories,ensemble,8.36125758782775e-05,2.28402541668774,2.43317407754629
joint_categories,ensemble,0.000202605061095189,2.16183424272828,2.40182931164851
joint_categories,ensemble,5.62283711831293e-05,2.49182469764127,2.37816081664949
joint_categories,ensemble,4.22395686432867e-05,2.349858807576,2.3586404223436
joint_categories,ensemble,0.000300291218656001,2.49182469764127,2.38639959016754
joint_categories,ensemble,0.000278737214278735,2.349858807576,2.36227070028312
joint_categories,ensemble,4.32160257934669e-05,2.28402541668774,2.4359873643547
joint_categories,ensemble,5.60526091686927e-05,2.16183424272828,2.40881158675624
joint_categories,ensemble,0.000313038991013325,2.28402541668774,2.44398048342721
joint_categories,ensemble,0.000501002559418682,2.16183424272828,2.41252226964664
joint_categories,ensemble,9.033012243567e-06,2.49182469764127,2.38638384351932
joint_categories,ensemble,5.73597365310989e-06,2.349858807576,2.36676101009428
joint_categories,ensemble,6.09007295295712e-05,2.49182469764127,2.39450128993759
joint_categories,ensemble,4.90448905100127e-05,2.349858807576,2.3701960619996
joint_categories,ensemble,4.20002610043123e-05,2.28402541668774,2.44474950965153
joint_categories,ensemble,4.60482970657045e-05,2.16183424272828,2.41739873273897
joint_categories,ensemble,0.000384068213385106,2.28402541668774,2.4527240465096
joint_categories,ensemble,0.000533296613553527,2.16183424272828,2.42104798444266
joint_categories,ensemble,9.50813797179121e-07,2.49182469764127,2.39228155884371
joint_categories,ensemble,5.73366442160941e-07,2.349858807576,2.37193537101962
joint_categories,ensemble,8.7847269303125e-06,2.49182469764127,2.40039409367038
joint_categories,ensemble,6.80253820161538e-06,2.349858807576,2.37552588758996
joint_categories,ensemble,2.67451435301334e-05,2.28402541668774,2.45142534739676
joint_categories,ensemble,2.78463812373261e-05,2.16183424272828,2.42358826491392
joint_categories,ensemble,0.000335153843111512,2.28402541668774,2.45952022315466
joint_categories,ensemble,0.000447482559382012,2.16183424272828,2.42751909272515
joint_categories,ensemble,0.000162993973292671,3.33964685192599,3.18362283298839
joint_categories,ensemble,0.000252375048924369,3.11700001661268,3.14393891568689
joint_categories,ensemble,2.58299358869769e-05,3.33964685192599,3.19194476286552
joint_categories,ensemble,5.00823388558505e-05,3.11700001661268,3.14723735902513
joint_categories,ensemble,2.05044356555019e-05,3.01375270747048,3.2776291567801
joint_categories,ensemble,5.48937736286024e-05,2.82211880039051,3.22921936852818
joint_categories,ensemble,4.40723371752782e-06,3.01375270747048,3.28642852178999
joint_categories,ensemble,1.47546836930368e-05,2.82211880039051,3.23328213553542
joint_categories,ensemble,0.000104146472975614,3.33964685192599,3.20290059119569
joint_categories,ensemble,0.000107451731603125,3.11700001661268,3.16389648296609
joint_categories,ensemble,2.05144513173141e-05,3.33964685192599,3.21065712073259
joint_categories,ensemble,2.6152734759389e-05,3.11700001661268,3.16618001889977
joint_categories,ensemble,7.92594233252236e-05,3.01375270747048,3.29748181127774
joint_categories,ensemble,0.000141390476120792,2.82211880039051,3.2492506152685
joint_categories,ensemble,2.11754538332165e-05,3.01375270747048,3.30581618990195
joint_categories,ensemble,4.6611435477954e-05,2.82211880039051,3.25247415197335
joint_categories,ensemble,2.1313816232987e-05,3.33964685192599,3.21580810954464
joint_categories,ensemble,1.84117796264935e-05,3.11700001661268,3.17670844885741
joint_categories,ensemble,5.30004214312375e-06,3.33964685192599,3.22351857252946
joint_categories,ensemble,5.8064487793687e-06,3.11700001661268,3.1788145997149
joint_categories,ensemble,9.81290571097037e-05,3.01375270747048,3.31147497232341
joint_categories,ensemble,0.000146565776714582,2.82211880039051,3.26304371206567
joint_categories,ensemble,3.30965108609807e-05,3.01375270747048,3.3198714367651
joint_categories,ensemble,6.26060113345994e-05,2.82211880039051,3.26623680388566
joint_categories,ensemble,2.81747289988226e-06,3.33964685192599,3.22267119114796
joint_categories,ensemble,2.27934326196316e-06,3.11700001661268,3.18265692803508
joint_categories,ensemble,9.60109458632322e-07,3.33964685192599,3.23087592057085
joint_categories,ensemble,9.97416759831956e-07,3.11700001661268,3.18546566262978
joint_categories,ensemble,7.84740783462906e-05,3.01375270747048,3.31987096077541
joint_categories,ensemble,0.000109768216187561,2.82211880039051,3.27082833699553
joint_categories,ensemble,3.6270513507275e-05,3.01375270747048,3.32886039820078
joint_categories,ensemble,6.50597162910191e-05,2.82211880039051,3.27481728843947
joint_categories,ensemble,2.31898162244118e-05,3.33964685192599,3.03231960602152
joint_categories,ensemble,3.31915486528351e-05,3.11700001661268,2.99561763156217
joint_categories,ensemble,0.000134495955100837,3.33964685192599,3.0434451988643
joint_categories,ensemble,0.000241060380227328,3.11700001661268,3.00209024921965
joint_categories,ensemble,2.91724954629193e-06,3.01375270747048,3.11950250395156
joint_categories,ensemble,7.21945123298416e-06,2.82211880039051,3.07420944235133
joint_categories,ensemble,2.29483770608342e-05,3.01375270747048,3.13060537128218
joint_categories,ensemble,7.10184416789055e-05,2.82211880039051,3.08079795134855
joint_categories,ensemble,1.15459723739302e-05,3.33964685192599,3.04979099041394
joint_categories,ensemble,1.10616929452862e-05,3.11700001661268,3.01352577298377
joint_categories,ensemble,8.32350007749117e-05,3.33964685192599,3.06049513380472
joint_categories,ensemble,9.85338436910061e-05,3.11700001661268,3.0191782042368
joint_categories,ensemble,8.78692370408883e-06,3.01375270747048,3.13759817684256
joint_categories,ensemble,1.4555540510159e-05,2.82211880039051,3.09229816035248
joint_categories,ensemble,8.59169416210177e-05,3.01375270747048,3.14836620993473
joint_categories,ensemble,0.000175614670505893,2.82211880039051,3.09821190865126
joint_categories,ensemble,1.8548449407848e-06,3.33964685192599,3.06158425521048
joint_categories,ensemble,1.50213606177622e-06,3.11700001661268,3.02505901709414
joint_categories,ensemble,1.68805211563426e-05,3.33964685192599,3.07212759553861
joint_categories,ensemble,1.73374107503405e-05,3.11700001661268,3.03043578791131
joint_categories,ensemble,8.53972761772325e-06,3.01375270747048,3.15047086636713
joint_categories,ensemble,1.19576566248063e-05,2.82211880039051,3.10485503861294
joint_categories,ensemble,0.000105411681021206,3.01375270747048,3.16120302052324
joint_categories,ensemble,0.000186934592070307,2.82211880039051,3.11065371831632
joint_categories,ensemble,1.95240758428293e-07,3.33964685192599,3.06802346838971
joint_categories,ensemble,1.50153132052013e-07,3.11700001661268,3.03053370309598
joint_categories,ensemble,2.43495882471865e-06,3.33964685192599,3.0787084717382
joint_categories,ensemble,2.40470307344678e-06,3.11700001661268,3.03623826303561
joint_categories,ensemble,5.43797194071728e-06,3.01375270747048,3.15837430452643
joint_categories,ensemble,7.23104840563992e-06,2.82211880039051,3.11212707090991
joint_categories,ensemble,9.1986602306183e-05,3.01375270747048,3.16939056952216
joint_categories,ensemble,0.000156854492548278,2.82211880039051,3.11840161281793
joint_categories,ensemble,0.000227563895766465,1.77880078307141,1.80766183806691
joint_categories,ensemble,0.000225966552493047,1.70468808971871,1.80019369184968
joint_categories,ensemble,2.89579343037954e-05,1.77880078307141,1.81206333200338
joint_categories,ensemble,3.59231933956659e-05,1.70468808971871,1.80086386086085
joint_categories,ensemble,1.70941360687318e-05,1.67032004603564,1.84073798693272
joint_categories,ensemble,2.95637189437463e-05,1.60653065971263,1.82783696850978
joint_categories,ensemble,2.95037931649826e-06,1.67032004603564,1.84451315870722
joint_categories,ensemble,6.36588035502524e-06,1.60653065971263,1.82816396917362
joint_categories,ensemble,0.000145404008761183,1.77880078307141,1.81325548569454
joint_categories,ensemble,9.62079946224899e-05,1.70468808971871,1.80639740090781
joint_categories,ensemble,2.29987459560326e-05,1.77880078307141,1.81752574179281
joint_categories,ensemble,1.87589032391473e-05,1.70468808971871,1.80671526968119
joint_categories,ensemble,6.60769888922567e-05,1.67032004603564,1.84647795323689
joint_categories,ensemble,7.61475850729192e-05,1.60653065971263,1.83389290920879
joint_categories,ensemble,1.41756995456167e-05,1.67032004603564,1.85015353816235
joint_categories,ensemble,2.01104156213574e-05,1.60653065971263,1.83394215517598
joint_categories,ensemble,2.97572662206347e-05,1.77880078307141,1.81799088003772
joint_categories,ensemble,1.64851730992918e-05,1.70468808971871,1.81129309974965
joint_categories,ensemble,5.9418758474467e-06,1.77880078307141,1.82219205343855
joint_categories,ensemble,4.16486504441522e-06,1.70468808971871,1.81148947719729
joint_categories,ensemble,8.18082234845382e-05,1.67032004603564,1.85142980305719
joint_categories,ensemble,7.89348070489373e-05,1.60653065971263,1.83891647740087
joint_categories,ensemble,2.21561340629948e-05,1.67032004603564,1.85510582316757
joint_categories,ensemble,2.70112451037836e-05,1.60653065971263,1.83893810318179
joint_categories,ensemble,3.93361236836894e-06,1.77880078307141,1.82190318441816
joint_categories,ensemble,2.04083304213017e-06,1.70468808971871,1.81488094883034
joint_categories,ensemble,1.07637846060412e-06,1.77880078307141,1.82611013492797
joint_categories,ensemble,7.15429749849555e-07,1.70468808971871,1.8152065250713
joint_categories,ensemble,6.54222625610214e-05,1.67032004603564,1.85563336639898
joint_categories,ensemble,5.91170269014726e-05,1.60653065971263,1.84292315870573
joint_categories,ensemble,2.42809389538483e-05,1.67032004603564,1.8594138323479
joint_categories,ensemble,2.80698914634118e-05,1.60653065971263,1.84317453614553
joint_categories,ensemble,3.2376441996784e-05,1.77880078307141,1.75495926869189
joint_categories,ensemble,2.97183887747716e-05,1.70468808971871,1.74805303235145
joint_categories,ensemble,0.000150783379756662,1.77880078307141,1.76057996616632
joint_categories,ensemble,0.000172908431530399,1.70468808971871,1.75017406244172
joint_categories,ensemble,2.43205233875235e-06,1.67032004603564,1.78545445159013
joint_categories,ensemble,3.88812451889474e-06,1.60653065971263,1.77321320119284
joint_categories,ensemble,1.53625655835351e-05,1.67032004603564,1.79023061685807
joint_categories,ensemble,3.06407722546848e-05,1.60653065971263,1.77467961666472
joint_categories,ensemble,1.61198994094444e-05,1.77880078307141,1.75992499272697
joint_categories,ensemble,9.90419865290265e-06,1.70468808971871,1.75348283174429
joint_categories,ensemble,9.33147373947413e-05,1.77880078307141,1.76542914881157
joint_categories,ensemble,7.06766178216701e-05,1.70468808971871,1.75529177543206
joint_categories,ensemble,7.3254817614527e-06,1.67032004603564,1.79058963943389
joint_categories,ensemble,7.83906589530655e-06,1.60653065971263,1.77855519403148
joint_categories,ensemble,5.75162525389348e-05,1.67032004603564,1.7952787120099
joint_categories,ensemble,7.5768617225952e-05,1.60653065971263,1.77977392001999
joint_categories,ensemble,2.58964017037486e-06,1.77880078307141,1.76424403775848
joint_categories,ensemble,1.34495271502365e-06,1.70468808971871,1.75786462259511
joint_categories,ensemble,1.89247478119238e-05,1.77880078307141,1.76962398528453
joint_categories,ensemble,1.24358241566392e-05,1.70468808971871,1.7595050655909
joint_categories,ensemble,7.11939935045705e-06,1.67032004603564,1.79514701222832
joint_categories,ensemble,6.43994348199452e-06,1.60653065971263,1.7831158094207
joint_categories,ensemble,7.05668143183319e-05,1.67032004603564,1.79978680493116
joint_categories,ensemble,8.06525759611255e-05,1.60653065971263,1.78426342982235
joint_categories,ensemble,2.72585217126795e-07,1.77880078307141,1.76795645646956
joint_categories,ensemble,1.34441125382385e-07,1.70468808971871,1.76121852667156
joint_categories,ensemble,2.72983169556377e-06,1.77880078307141,1.77322365279848
joint_categories,ensemble,1.72485182481628e-06,1.70468808971871,1.76285869379606
joint_categories,ensemble,4.53352795728489e-06,1.67032004603564,1.79916608922403
joint_categories,ensemble,3.89437031928836e-06,1.60653065971263,1.78692063267197
joint_categories,ensemble,6.15795272575989e-05,1.67032004603564,1.80380420809967
joint_categories,ensemble,6.76745739511699e-05,1.60653065971263,1.78818553241277
joint_categories,ensemble,4.46129697125378e-05,2.22140275816017,2.19429381641958
joint_categories,ensemble,5.71231267180301e-05,2.10517091807565,2.17737174233381
joint_categories,ensemble,7.6632623987053e-06,2.22140275816017,2.19899253560218
joint_categories,ensemble,1.22583238963042e-05,2.10517091807565,2.17799952777999
joint_categories,ensemble,3.37379792278474e-06,2.05127109637602,2.24366997134467
joint_categories,ensemble,7.53413196657895e-06,1.95122942450071,2.2204810725566
joint_categories,ensemble,7.86028167298402e-07,2.05127109637602,2.24785160663812
joint_categories,ensemble,2.18988331457546e-06,1.95122942450071,2.22081607151276
joint_categories,ensemble,2.85058603742719e-05,2.22140275816017,2.20411232837119
joint_categories,ensemble,2.43208625678225e-05,2.10517091807565,2.18783860619517
joint_categories,ensemble,6.08625681836499e-06,2.22140275816017,2.20849617872516
joint_categories,ensemble,6.40123246594892e-06,2.10517091807565,2.18784390455537
joint_categories,ensemble,1.30413380923266e-05,2.05127109637602,2.25386749720626
joint_categories,ensemble,1.94057437755823e-05,1.95122942450071,2.23097315382856
joint_categories,ensemble,3.776632744036e-06,2.05127109637602,2.25777205279453
joint_categories,ensemble,6.91804764813455e-06,1.95122942450071,2.23077193811364
joint_categories,ensemble,5.83379016323174e-06,2.22140275816017,2.21070210687563
joint_categories,ensemble,4.16736291955634e-06,2.10517091807565,2.19454339857428
joint_categories,ensemble,1.57242409910245e-06,2.22140275816017,2.21499009929174
joint_categories,ensemble,1.42120618666928e-06,2.10517091807565,2.19437008200875
joint_categories,ensemble,1.61461458683312e-05,2.05127109637602,2.26100954547648
joint_categories,ensemble,2.01160501557582e-05,1.95122942450071,2.23814961638647
joint_categories,ensemble,5.90274794653299e-06,2.05127109637602,2.26490193741397
joint_categories,ensemble,9.29195518291345e-06,1.95122942450071,2.23788019673951
joint_categories,ensemble,7.71168593593608e-07,2.22140275816017,2.21421860486962
joint_categories,ensemble,5.15911594834512e-07,2.10517091807565,2.19759778788798
joint_categories,ensemble,2.848466502268e-07,2.22140275816017,2.21865058608498
joint_categories,ensemble,2.441311244831e-07,2.10517091807565,2.19772277957748
joint_categories,ensemble,1.29121175030302e-05,2.05127109637602,2.26522494222427
joint_categories,ensemble,1.50656107573945e-05,1.95122942450071,2.24210436282129
joint_categories,ensemble,6.46882990246484e-06,2.05127109637602,2.26937845657502
joint_categories,ensemble,9.65613293519494e-06,1.95122942450071,2.24225067555287
joint_categories,ensemble,6.34726884656856e-06,2.22140275816017,2.11455491342583
joint_categories,ensemble,7.51264852743723e-06,2.10517091807565,2.09899613645834
joint_categories,ensemble,3.99024527204444e-05,2.22140275816017,2.12129324596633
joint_categories,ensemble,5.90027599928603e-05,2.10517091807565,2.10191360153194
joint_categories,ensemble,4.80003967184707e-07,2.05127109637602,2.16014110007937
joint_categories,ensemble,9.90864623073438e-07,1.95122942450071,2.13836272737515
joint_categories,ensemble,4.09283281071793e-06,2.05127109637602,2.16606569391783
joint_categories,ensemble,1.05405241952548e-05,1.95122942450071,2.1405842975613
joint_categories,ensemble,3.16024025560155e-06,2.22140275816017,2.12336092886448
joint_categories,ensemble,2.5037280449181e-06,2.10517091807565,2.10826968791465
joint_categories,ensemble,2.46942793232477e-05,2.22140275816017,2.12984796074356
joint_categories,ensemble,2.41174793012101e-05,2.10517091807565,2.11066183043554
joint_categories,ensemble,1.44579960349059e-06,2.05127109637602,2.16934857491713
joint_categories,ensemble,1.99773773598403e-06,1.95122942450071,2.14772408431559
joint_categories,ensemble,1.53232482075251e-05,2.05127109637602,2.17505747137172
joint_categories,ensemble,2.60646479949291e-05,1.95122942450071,2.14949461079041
joint_categories,ensemble,5.07688348796189e-07,2.22140275816017,2.12933793992756
joint_categories,ensemble,3.39996798297917e-07,2.10517091807565,2.11423189246876
joint_categories,ensemble,5.00813721001807e-06,2.22140275816017,2.13564764051695
joint_categories,ensemble,4.24356372637964e-06,2.10517091807565,2.11637603118071
joint_categories,ensemble,1.40512598258667e-06,2.05127109637602,2.17589083087858
joint_categories,ensemble,1.64117999305091e-06,1.95122942450071,2.15420592768877
joint_categories,ensemble,1.88001262822566e-05,2.05127109637602,2.18151763876126
joint_categories,ensemble,2.77447455064679e-05,1.95122942450071,2.15584876863506
joint_categories,ensemble,5.34392153676396e-08,2.22140275816017,2.13264588250207
joint_categories,ensemble,3.39859919824588e-08,2.10517091807565,2.11702279899269
joint_categories,ensemble,7.22407073928126e-07,2.22140275816017,2.13888554872003
joint_categories,ensemble,5.88583317436371e-07,2.10517091807565,2.11923893361366
joint_categories,ensemble,8.94763393930855e-07,2.05127109637602,2.17989550458327
joint_categories,ensemble,9.92456326894328e-07,1.95122942450071,2.1579184950361
joint_categories,ensemble,1.64057694828342e-05,2.05127109637602,2.1855926845091
joint_categories,ensemble,2.32802710782463e-05,1.95122942450071,2.15978095175839
joint_categories,ensemble,0.000982750454665396,2.49182469764127,2.46772919173967
joint_categories,ensemble,0.00121125695047093,2.349858807576,2.44621083286093
joint_categories,ensemble,0.000125056846154676,2.49182469764127,2.474434184887
joint_categories,ensemble,0.00019256043517746,2.349858807576,2.4482547190511
joint_categories,ensemble,0.00010208556327329,2.28402541668774,2.52980902831579
joint_categories,ensemble,0.000219130585856846,2.16183424272828,2.50081059543472
joint_categories,ensemble,1.76195587295881e-05,2.28402541668774,2.53656243233363
joint_categories,ensemble,4.71848313246919e-05,2.16183424272828,2.50331057174118
joint_categories,ensemble,0.00062793728872909,2.49182469764127,2.47953968304126
joint_categories,ensemble,0.000515707306641968,2.349858807576,2.45872816762727
joint_categories,ensemble,9.93216782868755e-05,2.49182469764127,2.48597360049717
joint_categories,ensemble,0.000100554049619037,2.349858807576,2.46016221897537
joint_categories,ensemble,0.000394609391392858,2.28402541668774,2.5418613278931
joint_categories,ensemble,0.000564416978809849,2.16183424272828,2.51313924870857
joint_categories,ensemble,8.46567657522201e-05,2.28402541668774,2.54841933120928
joint_categories,ensemble,0.000149061326327651,2.16183424272828,2.51517496598693
joint_categories,ensemble,0.000128508816433426,2.49182469764127,2.48851660427038
joint_categories,ensemble,8.83660890336765e-05,2.349858807576,2.46772632458379
joint_categories,ensemble,2.56604026353819e-05,2.49182469764127,2.49490456573745
joint_categories,ensemble,2.23250816422335e-05,2.349858807576,2.46902935854352
joint_categories,ensemble,0.000488555756267937,2.28402541668774,2.5513614840872
joint_categories,ensemble,0.000585076273592082,2.16183424272828,2.52254785955269
joint_categories,ensemble,0.000132315632488537,2.28402541668774,2.55796888310693
joint_categories,ensemble,0.000200211278411135,2.16183424272828,2.52458229296118
joint_categories,ensemble,1.69875776228545e-05,2.49182469764127,2.49477399014844
joint_categories,ensemble,1.09395535744475e-05,2.349858807576,2.47328265221142
joint_categories,ensemble,4.64841497807853e-06,2.49182469764127,2.5013566653195
joint_categories,ensemble,3.83494480717721e-06,2.349858807576,2.47496153298401
joint_categories,ensemble,0.000390699389387184,2.28402541668774,2.55841809727487
joint_categories,ensemble,0.00043818400397068,2.16183424272828,2.52912228975896
joint_categories,ensemble,0.000145004890562561,2.28402541668774,2.56532142064375
joint_categories,ensemble,0.000208058119244725,2.16183424272828,2.53162627319492
joint_categories,ensemble,0.000139819908538743,2.49182469764127,2.36749545173674
joint_categories,ensemble,0.000159300589238077,2.349858807576,2.34747023312117
joint_categories,ensemble,0.000651168475178131,2.49182469764127,2.37594557088996
joint_categories,ensemble,0.000926847523120334,2.349858807576,2.35161014151547
joint_categories,ensemble,1.45241287370937e-05,2.28402541668774,2.42503490124051
joint_categories,ensemble,2.88193445936543e-05,2.16183424272828,2.397729982391
joint_categories,ensemble,9.17446868687757e-05,2.28402541668774,2.43317407754629
joint_categories,ensemble,0.000227113861691462,2.16183424272828,2.40182931164851
joint_categories,ensemble,6.96149027526292e-05,2.49182469764127,2.37816081664949
joint_categories,ensemble,5.30898459299291e-05,2.349858807576,2.3586404223436
joint_categories,ensemble,0.000402986160404703,2.49182469764127,2.38639959016754
joint_categories,ensemble,0.000378850514059638,2.349858807576,2.36227070028312
joint_categories,ensemble,4.374751253057e-05,2.28402541668774,2.4359873643547
joint_categories,ensemble,5.8104296874068e-05,2.16183424272828,2.40881158675624
joint_categories,ensemble,0.000343484983049019,2.28402541668774,2.44398048342721
joint_categories,ensemble,0.0005616080139944,2.16183424272828,2.41252226964664
joint_categories,ensemble,1.11835405448824e-05,2.49182469764127,2.38638384351932
joint_categories,ensemble,7.2094002681094e-06,2.349858807576,2.36676101009428
joint_categories,ensemble,8.17278349623719e-05,2.49182469764127,2.39450128993759
joint_categories,ensemble,6.66602126658855e-05,2.349858807576,2.3701960619996
joint_categories,ensemble,4.25167958144622e-05,2.28402541668774,2.44474950965153
joint_categories,ensemble,4.77337979967824e-05,2.16183424272828,2.41739873273897
joint_categories,ensemble,0.000421422466694045,2.28402541668774,2.4527240465096
joint_categories,ensemble,0.00059780862667698,2.16183424272828,2.42104798444266
joint_categories,ensemble,1.1771781510602e-06,2.49182469764127,2.39228155884371
joint_categories,ensemble,7.20649785341827e-07,2.349858807576,2.37193537101962
joint_categories,ensemble,1.17889673620653e-05,2.49182469764127,2.40039409367038
joint_categories,ensemble,9.2457876543718e-06,2.349858807576,2.37552588758996
joint_categories,ensemble,2.70740652393187e-05,2.28402541668774,2.45142534739676
joint_categories,ensemble,2.88656393748354e-05,2.16183424272828,2.42358826491392
joint_categories,ensemble,0.000367750712929787,2.28402541668774,2.45952022315466
joint_categories,ensemble,0.00050161378768855,2.16183424272828,2.42751909272515
joint_categories,ensemble,0.000254754011406039,3.33964685192599,3.18362283298839
joint_categories,ensemble,0.000404533564154839,3.11700001661268,3.14393891568689
joint_categories,ensemble,4.37596252638298e-05,3.33964685192599,3.19194476286552
joint_categories,ensemble,8.68107847249752e-05,3.11700001661268,3.14723735902513
joint_categories,ensemble,2.66106813309499e-05,3.01375270747048,3.2776291567801
joint_categories,ensemble,7.37304092601198e-05,2.82211880039051,3.22921936852818
joint_categories,ensemble,6.19976227262111e-06,3.01375270747048,3.28642852178999
joint_categories,ensemble,2.14306032508841e-05,2.82211880039051,3.23328213553542
joint_categories,ensemble,0.000162777378993566,3.33964685192599,3.20290059119569
joint_categories,ensemble,0.000172235061054104,3.11700001661268,3.16389648296609
joint_categories,ensemble,3.47544301335783e-05,3.33964685192599,3.21065712073259
joint_categories,ensemble,4.53321366180861e-05,3.11700001661268,3.16618001889977
joint_categories,ensemble,0.000102862975212704,3.01375270747048,3.29748181127774
joint_categories,ensemble,0.00018990819870393,2.82211880039051,3.2492506152685
joint_categories,ensemble,2.97880230990897e-05,3.01375270747048,3.30581618990195
joint_categories,ensemble,6.77012941425261e-05,2.82211880039051,3.25247415197335
joint_categories,ensemble,3.33127665645336e-05,3.33964685192599,3.21580810954464
joint_categories,ensemble,2.95123581609326e-05,3.11700001661268,3.17670844885741
joint_categories,ensemble,8.97903343935654e-06,3.33964685192599,3.22351857252946
joint_categories,ensemble,1.00646732264879e-05,3.11700001661268,3.1788145997149
joint_categories,ensemble,0.000127352008703162,3.01375270747048,3.31147497232341
joint_categories,ensemble,0.000196859388348969,2.82211880039051,3.26304371206567
joint_categories,ensemble,4.65576623665881e-05,3.01375270747048,3.3198714367651
joint_categories,ensemble,9.09327924573089e-05,2.82211880039051,3.26623680388566
joint_categories,ensemble,4.40361388076602e-06,3.33964685192599,3.22267119114796
joint_categories,ensemble,3.65357374916486e-06,3.11700001661268,3.18265692803508
joint_categories,ensemble,1.6265634690635e-06,3.33964685192599,3.23087592057085
joint_categories,ensemble,1.72888354651471e-06,3.11700001661268,3.18546566262978
joint_categories,ensemble,0.000101843753551579,3.01375270747048,3.31987096077541
joint_categories,ensemble,0.000147434854051374,2.82211880039051,3.27082833699553
joint_categories,ensemble,5.10226086619102e-05,3.01375270747048,3.32886039820078
joint_categories,ensemble,9.44967033150235e-05,2.82211880039051,3.27481728843947
joint_categories,ensemble,3.62448904557343e-05,3.33964685192599,3.03231960602152
joint_categories,ensemble,5.3202943530182e-05,3.11700001661268,2.99561763156217
joint_categories,ensemble,0.000227855485993711,3.33964685192599,3.0434451988643
joint_categories,ensemble,0.00041784471835206,3.11700001661268,3.00209024921965
joint_categories,ensemble,3.78600998064546e-06,3.01375270747048,3.11950250395156
joint_categories,ensemble,9.69678451408281e-06,2.82211880039051,3.07420944235133
joint_categories,ensemble,3.22820370868488e-05,3.01375270747048,3.13060537128218
joint_categories,ensemble,0.00010315151980079,2.82211880039051,3.08079795134855
joint_categories,ensemble,1.80459603408801e-05,3.33964685192599,3.04979099041394
joint_categories,ensemble,1.77308576731928e-05,3.11700001661268,3.01352577298377
joint_categories,ensemble,0.000141012058980028,3.33964685192599,3.06049513380472
joint_categories,ensemble,0.00017079474497795,3.11700001661268,3.0191782042368
joint_categories,ensemble,1.14036801840062e-05,3.01375270747048,3.13759817684256
joint_categories,ensemble,1.95502310713267e-05,2.82211880039051,3.09229816035248
joint_categories,ensemble,0.000120861439937378,3.01375270747048,3.14836620993473
joint_categories,ensemble,0.000255073467310091,2.82211880039051,3.09821190865126
joint_categories,ensemble,2.89905926983358e-06,3.33964685192599,3.06158425521048
joint_categories,ensemble,2.40778340610822e-06,3.11700001661268,3.02505901709414
joint_categories,ensemble,2.85980299483492e-05,3.33964685192599,3.07212759553861
joint_categories,ensemble,3.00519957078734e-05,3.11700001661268,3.03043578791131
joint_categories,ensemble,1.10828688048953e-05,3.01375270747048,3.15047086636713
joint_categories,ensemble,1.60608910348181e-05,2.82211880039051,3.10485503861294
joint_categories,ensemble,0.000148285161390404,3.01375270747048,3.16120302052324
joint_categories,ensemble,0.000271515212380679,2.82211880039051,3.11065371831632
joint_categories,ensemble,3.05154634829689e-07,3.33964685192599,3.06802346838971
joint_categories,ensemble,2.40681406251915e-07,3.11700001661268,3.03053370309598
joint_categories,ensemble,4.12517035151706e-06,3.33964685192599,3.0787084717382
joint_categories,ensemble,4.16821908891518e-06,3.11700001661268,3.03623826303561
joint_categories,ensemble,7.05740654521481e-06,3.01375270747048,3.15837430452643
joint_categories,ensemble,9.71236122214363e-06,2.82211880039051,3.11212707090991
joint_categories,ensemble,0.00012939977843616,3.01375270747048,3.16939056952216
joint_categories,ensemble,0.000227825039686029,2.82211880039051,3.11840161281793
joint_categories,ensemble,3.00816663850815e-05,1.77880078307141,1.80766183806691
joint_categories,ensemble,3.17209983260963e-05,1.70468808971871,1.80019369184968
joint_categories,ensemble,4.13594762180718e-06,1.77880078307141,1.81206333200338
joint_categories,ensemble,5.43870265097525e-06,1.70468808971871,1.80086386086085
joint_categories,ensemble,1.98313625685525e-06,1.67032004603564,1.84073798693272
joint_categories,ensemble,3.65993211628691e-06,1.60653065971263,1.82783696850978
joint_categories,ensemble,3.69821515533816e-07,1.67032004603564,1.84451315870722
joint_categories,ensemble,8.49943641118638e-07,1.60653065971263,1.82816396917362
joint_categories,ensemble,1.92209527257176e-05,1.77880078307141,1.81325548569454
joint_categories,ensemble,1.35055989601425e-05,1.70468808971871,1.80639740090781
joint_categories,ensemble,3.28482023764151e-06,1.77880078307141,1.81752574179281
joint_categories,ensemble,2.84006200819685e-06,1.70468808971871,1.80671526968119
joint_categories,ensemble,7.66576748243807e-06,1.67032004603564,1.84647795323689
joint_categories,ensemble,9.42692604798354e-06,1.60653065971263,1.83389290920879
joint_categories,ensemble,1.77688294532046e-06,1.67032004603564,1.85015353816235
joint_categories,ensemble,2.68505201548952e-06,1.60653065971263,1.83394215517598
joint_categories,ensemble,3.93361236836894e-06,1.77880078307141,1.81799088003772
joint_categories,ensemble,2.3141750074013e-06,1.70468808971871,1.81129309974965
joint_categories,ensemble,8.48654707981008e-07,1.77880078307141,1.82219205343855
joint_categories,ensemble,6.30552587809415e-07,1.70468808971871,1.81148947719729
joint_categories,ensemble,9.49078990881937e-06,1.67032004603564,1.85142980305719
joint_categories,ensemble,9.77197882177901e-06,1.60653065971263,1.83891647740087
joint_categories,ensemble,2.77720733457155e-06,1.67032004603564,1.85510582316757
joint_categories,ensemble,3.6064196520022e-06,1.60653065971263,1.83893810318179
joint_categories,ensemble,5.19984132610118e-07,1.77880078307141,1.82190318441816
joint_categories,ensemble,2.86490459756185e-07,1.70468808971871,1.81488094883034
joint_categories,ensemble,1.53734893089961e-07,1.77880078307141,1.82611013492797
joint_categories,ensemble,1.08314693358046e-07,1.70468808971871,1.8152065250713
joint_categories,ensemble,7.58981093683847e-06,1.67032004603564,1.85563336639898
joint_categories,ensemble,7.31857537232692e-06,1.60653065971263,1.84292315870573
joint_categories,ensemble,3.04354548321399e-06,1.67032004603564,1.8594138323479
joint_categories,ensemble,3.74776534048174e-06,1.60653065971263,1.84317453614553
joint_categories,ensemble,4.2798411567127e-06,1.77880078307141,1.75495926869189
joint_categories,ensemble,4.17184291293648e-06,1.70468808971871,1.74805303235145
joint_categories,ensemble,2.15357958330225e-05,1.77880078307141,1.76057996616632
joint_categories,ensemble,2.61780052397517e-05,1.70468808971871,1.75017406244172
joint_categories,ensemble,2.82148869773635e-07,1.67032004603564,1.78545445159013
joint_categories,ensemble,4.81342412499007e-07,1.60653065971263,1.77321320119284
joint_categories,ensemble,1.92565317104166e-06,1.67032004603564,1.79023061685807
joint_categories,ensemble,4.0910177515786e-06,1.60653065971263,1.77467961666472
joint_categories,ensemble,2.13088914901341e-06,1.77880078307141,1.75992499272697
joint_categories,ensemble,1.39034324073124e-06,1.70468808971871,1.75348283174429
joint_categories,ensemble,1.33277761513796e-05,1.77880078307141,1.76542914881157
joint_categories,ensemble,1.07003045212305e-05,1.70468808971871,1.75529177543206
joint_categories,ensemble,8.49848651119723e-07,1.67032004603564,1.79058963943389
joint_categories,ensemble,9.70461432356121e-07,1.60653065971263,1.77855519403148
joint_categories,ensemble,7.20949593255025e-06,1.67032004603564,1.7952787120099
joint_categories,ensemble,1.0116284129769e-05,1.60653065971263,1.77977392001999
joint_categories,ensemble,3.42324477264912e-07,1.77880078307141,1.76424403775848
joint_categories,ensemble,1.88803353200941e-07,1.70468808971871,1.75786462259511
joint_categories,ensemble,2.70294713997498e-06,1.77880078307141,1.76962398528453
joint_categories,ensemble,1.8827599501757e-06,1.70468808971871,1.7595050655909
joint_categories,ensemble,8.2594048170406e-07,1.67032004603564,1.79514701222832
joint_categories,ensemble,7.97252741499562e-07,1.60653065971263,1.7831158094207
joint_categories,ensemble,8.84534611250361e-06,1.67032004603564,1.79978680493116
joint_categories,ensemble,1.07683682782198e-05,1.60653065971263,1.78426342982235
joint_categories,ensemble,3.60330338672362e-08,1.77880078307141,1.76795645646956
joint_categories,ensemble,1.88727343324157e-08,1.70468808971871,1.76121852667156
joint_categories,ensemble,3.89891101718572e-07,1.77880078307141,1.77322365279848
joint_categories,ensemble,2.61139261447163e-07,1.70468808971871,1.76285869379606
joint_categories,ensemble,5.25946653718523e-07,1.67032004603564,1.79916608922403
joint_categories,ensemble,4.82115630695812e-07,1.60653065971263,1.78692063267197
joint_categories,ensemble,7.71881566851901e-06,1.67032004603564,1.80380420809967
joint_categories,ensemble,9.03560396792626e-06,1.60653065971263,1.78818553241277
joint_categories,ensemble,8.08169690768527e-06,2.22140275816017,2.19429381641958
joint_categories,ensemble,1.10501845857885e-05,2.10517091807565,2.17737174233381
joint_categories,ensemble,1.4999060022472e-06,2.22140275816017,2.19899253560218
joint_categories,ensemble,2.55744525314275e-06,2.10517091807565,2.17799952777999
joint_categories,ensemble,5.40701166275234e-07,2.05127109637602,2.24366997134467
joint_categories,ensemble,1.29419371112898e-06,1.95122942450071,2.2204810725566
joint_categories,ensemble,1.36108507041146e-07,2.05127109637602,2.24785160663812
joint_categories,ensemble,4.05699739169481e-07,1.95122942450071,2.22081607151276
joint_categories,ensemble,5.16387331132807e-06,2.22140275816017,2.20411232837119
joint_categories,ensemble,4.70474982902511e-06,2.10517091807565,2.18783860619517
joint_categories,ensemble,1.19124371033228e-06,2.22140275816017,2.20849617872516
joint_categories,ensemble,1.33548450202396e-06,2.10517091807565,2.18784390455537
joint_categories,ensemble,2.0900678931269e-06,2.05127109637602,2.25386749720626
joint_categories,ensemble,3.33346849584625e-06,1.95122942450071,2.23097315382856
joint_categories,ensemble,6.53961099384247e-07,2.05127109637602,2.25777205279453
joint_categories,ensemble,1.28164368746484e-06,1.95122942450071,2.23077193811364
joint_categories,ensemble,1.05679859973601e-06,2.22140275816017,2.21070210687563
joint_categories,ensemble,8.06155617572889e-07,2.10517091807565,2.19454339857428
joint_categories,ensemble,3.07765573148112e-07,2.22140275816017,2.21499009929174
joint_categories,ensemble,2.96505219357947e-07,2.10517091807565,2.19437008200875
joint_categories,ensemble,2.58765939800293e-06,2.05127109637602,2.26100954547648
joint_categories,ensemble,3.45548308946848e-06,1.95122942450071,2.23814961638647
joint_categories,ensemble,1.02211885510942e-06,2.05127109637602,2.26490193741397
joint_categories,ensemble,1.72143591806549e-06,1.95122942450071,2.23788019673951
joint_categories,ensemble,1.39698183696522e-07,2.22140275816017,2.21421860486962
joint_categories,ensemble,9.98005305453712e-08,2.10517091807565,2.19759778788798
joint_categories,ensemble,5.57521298588665e-08,2.22140275816017,2.21865058608498
joint_categories,ensemble,5.09329000224851e-08,2.10517091807565,2.19772277957748
joint_categories,ensemble,2.0693583767485e-06,2.05127109637602,2.26522494222427
joint_categories,ensemble,2.58793166658462e-06,1.95122942450071,2.24210436282129
joint_categories,ensemble,1.12014151268114e-06,2.05127109637602,2.26937845657502
joint_categories,ensemble,1.78890381378785e-06,1.95122942450071,2.24225067555287
joint_categories,ensemble,1.14981592438452e-06,2.22140275816017,2.11455491342583
joint_categories,ensemble,1.45328447033573e-06,2.10517091807565,2.09899613645834
joint_categories,ensemble,7.80998029636714e-06,2.22140275816017,2.12129324596633
joint_categories,ensemble,1.23097031651738e-05,2.10517091807565,2.10191360153194
joint_categories,ensemble,7.6927756437554e-08,2.05127109637602,2.16014110007937
joint_categories,ensemble,1.70208163256281e-07,1.95122942450071,2.13836272737515
joint_categories,ensemble,7.08714250470814e-07,2.05127109637602,2.16606569391783
joint_categories,ensemble,1.95274692868899e-06,1.95122942450071,2.1405842975613
joint_categories,ensemble,5.72481591470023e-07,2.22140275816017,2.12336092886448
joint_categories,ensemble,4.84333730286296e-07,2.10517091807565,2.10826968791465
joint_categories,ensemble,4.83333283542083e-06,2.22140275816017,2.12984796074356
joint_categories,ensemble,5.03161227247748e-06,2.10517091807565,2.11066183043554
joint_categories,ensemble,2.31710834406578e-07,2.05127109637602,2.16934857491713
joint_categories,ensemble,3.4316622350983e-07,1.95122942450071,2.14772408431559
joint_categories,ensemble,2.65337111736784e-06,2.05127109637602,2.17505747137172
joint_categories,ensemble,4.82875997214357e-06,1.95122942450071,2.14949461079041
joint_categories,ensemble,9.19683980907669e-08,2.22140275816017,2.12933793992756
joint_categories,ensemble,6.57706886094388e-08,2.10517091807565,2.11423189246876
joint_categories,ensemble,9.80226784698478e-07,2.22140275816017,2.13564764051695
joint_categories,ensemble,8.85331632631305e-07,2.10517091807565,2.11637603118071
joint_categories,ensemble,2.25192283277341e-07,2.05127109637602,2.17589083087858
joint_categories,ensemble,2.81917656242177e-07,1.95122942450071,2.15420592768877
joint_categories,ensemble,3.25542674794697e-06,2.05127109637602,2.18151763876126
joint_categories,ensemble,5.14001633803023e-06,1.95122942450071,2.15584876863506
joint_categories,ensemble,9.68058267289943e-09,2.22140275816017,2.13264588250207
joint_categories,ensemble,6.574421014996e-09,2.10517091807565,2.11702279899269
joint_categories,ensemble,1.41394441410971e-07,2.22140275816017,2.13888554872003
joint_categories,ensemble,1.22795712039432e-07,2.10517091807565,2.11923893361366
joint_categories,ensemble,1.43399107389179e-07,2.05127109637602,2.17989550458327
joint_categories,ensemble,1.70481582023581e-07,1.95122942450071,2.1579184950361
joint_categories,ensemble,2.84082032180159e-06,2.05127109637602,2.1855926845091
joint_categories,ensemble,4.31292381716253e-06,1.95122942450071,2.15978095175839
joint_categories,ensemble,0.000785908256389827,2.49182469764127,2.46772919173967
joint_categories,ensemble,0.00102865333116636,2.349858807576,2.44621083286093
joint_categories,ensemble,0.000108055030674303,2.49182469764127,2.474434184887
joint_categories,ensemble,0.000176367072109029,2.349858807576,2.4482547190511
joint_categories,ensemble,7.1647294397174e-05,2.28402541668774,2.52980902831579
joint_categories,ensemble,0.000164114529741021,2.16183424272828,2.50081059543472
joint_categories,ensemble,1.33610138518053e-05,2.28402541668774,2.53656243233363
joint_categories,ensemble,3.81122098816605e-05,2.16183424272828,2.50331057174118
joint_categories,ensemble,0.000502163186355646,2.49182469764127,2.47953968304126
joint_categories,ensemble,0.000437961605650929,2.349858807576,2.45872816762727
joint_categories,ensemble,8.58186282791549e-05,2.49182469764127,2.48597360049717
joint_categories,ensemble,9.20979603295557e-05,2.349858807576,2.46016221897537
joint_categories,ensemble,0.000276950964763997,2.28402541668774,2.5418613278931
joint_categories,ensemble,0.000422711538387158,2.16183424272828,2.51313924870857
joint_categories,ensemble,6.41957177942842e-05,2.28402541668774,2.54841933120928
joint_categories,ensemble,0.000120400060670879,2.16183424272828,2.51517496598693
joint_categories,ensemble,0.000102768855892619,2.49182469764127,2.48851660427038
joint_categories,ensemble,7.50444171332057e-05,2.349858807576,2.46772632458379
joint_categories,ensemble,2.21718016976992e-05,2.49182469764127,2.49490456573745
joint_categories,ensemble,2.044765468154e-05,2.349858807576,2.46902935854352
joint_categories,ensemble,0.000342885879025377,2.28402541668774,2.5513614840872
joint_categories,ensemble,0.00043818400397068,2.16183424272828,2.52254785955269
joint_categories,ensemble,0.000100335713602236,2.28402541668774,2.55796888310693
joint_categories,ensemble,0.000161714984440089,2.16183424272828,2.52458229296118
joint_categories,ensemble,1.35850128040999e-05,2.49182469764127,2.49477399014844
joint_categories,ensemble,9.29035595746489e-06,2.349858807576,2.47328265221142
joint_categories,ensemble,4.0164504262479e-06,2.49182469764127,2.5013566653195
joint_categories,ensemble,3.51244525760576e-06,2.349858807576,2.47496153298401
joint_categories,ensemble,0.00027420678570663,2.28402541668774,2.55841809727487
joint_categories,ensemble,0.000328171265870959,2.16183424272828,2.52912228975896
joint_categories,ensemble,0.000109958051794591,2.28402541668774,2.56532142064375
joint_categories,ensemble,0.000168053047676976,2.16183424272828,2.53162627319492
joint_categories,ensemble,0.000111814367530038,2.49182469764127,2.36749545173674
joint_categories,ensemble,0.000135285152925482,2.349858807576,2.34747023312117
joint_categories,ensemble,0.000562640364946396,2.49182469764127,2.37594557088996
joint_categories,ensemble,0.000848904313046409,2.349858807576,2.35161014151547
joint_categories,ensemble,1.01935522920435e-05,2.28402541668774,2.42503490124051
joint_categories,ensemble,2.15838111641879e-05,2.16183424272828,2.397729982391
joint_categories,ensemble,6.95705295970208e-05,2.28402541668774,2.43317407754629
joint_categories,ensemble,0.000183444783435939,2.16183424272828,2.40182931164851
joint_categories,ensemble,5.5671230251116e-05,2.49182469764127,2.37816081664949
joint_categories,ensemble,4.50862608843634e-05,2.349858807576,2.3586404223436
joint_categories,ensemble,0.000348199105149284,2.49182469764127,2.38639959016754
joint_categories,ensemble,0.00034699109331635,2.349858807576,2.36227070028312
joint_categories,ensemble,3.07035667818262e-05,2.28402541668774,2.4359873643547
joint_categories,ensemble,4.35163321456637e-05,2.16183424272828,2.40881158675624
joint_categories,ensemble,0.000260466660194977,2.28402541668774,2.44398048342721
joint_categories,ensemble,0.000453622952539332,2.16183424272828,2.41252226964664
joint_categories,ensemble,8.94350830179572e-06,2.49182469764127,2.38638384351932
joint_categories,ensemble,6.12254369200453e-06,2.349858807576,2.36676101009428
joint_categories,ensemble,7.06167154006169e-05,2.49182469764127,2.39450128993759
joint_categories,ensemble,6.10544244107713e-05,2.349858807576,2.3701960619996
joint_categories,ensemble,2.98398058341352e-05,2.28402541668774,2.44474950965153
joint_categories,ensemble,3.57495042527406e-05,2.16183424272828,2.41739873273897
joint_categories,ensemble,0.000319567107291156,2.28402541668774,2.4527240465096
joint_categories,ensemble,0.000482862971199338,2.16183424272828,2.42104798444266
joint_categories,ensemble,9.41392622886055e-07,2.49182469764127,2.39228155884371
joint_categories,ensemble,6.12007883222454e-07,2.349858807576,2.37193537101962
joint_categories,ensemble,1.01862254574273e-05,2.49182469764127,2.40039409367038
joint_categories,ensemble,8.46826346461352e-06,2.349858807576,2.37552588758996
joint_categories,ensemble,1.90015459633291e-05,2.28402541668774,2.45142534739676
joint_categories,ensemble,2.16184829386154e-05,2.16183424272828,2.42358826491392
joint_categories,ensemble,0.000278867504281762,2.28402541668774,2.45952022315466
joint_categories,ensemble,0.000405164316989228,2.16183424272828,2.42751909272515
joint_categories,ensemble,0.000279185284834023,3.33964685192599,3.18362283298839
joint_categories,ensemble,0.000473415191318013,3.11700001661268,3.14393891568689
joint_categories,ensemble,5.18148217193636e-05,3.33964685192599,3.19194476286552
joint_categories,ensemble,0.0001095668062739,3.11700001661268,3.14723735902513
joint_categories,ensemble,2.58002730061212e-05,3.01375270747048,3.2776291567801
joint_categories,ensemble,7.66201105329499e-05,2.82211880039051,3.22921936852818
joint_categories,ensemble,6.49459786504253e-06,3.01375270747048,3.28642852178999
joint_categories,ensemble,2.40186291982813e-05,2.82211880039051,3.23328213553542
joint_categories,ensemble,0.000178387962050269,3.33964685192599,3.20290059119569
joint_categories,ensemble,0.000201562247500899,3.11700001661268,3.16389648296609
joint_categories,ensemble,4.11519657783247e-05,3.33964685192599,3.21065712073259
joint_categories,ensemble,5.72152117568273e-05,3.11700001661268,3.16618001889977
joint_categories,ensemble,9.9730360515911e-05,3.01375270747048,3.29748181127774
joint_categories,ensemble,0.000197351232982766,2.82211880039051,3.2492506152685
joint_categories,ensemble,3.12046208735347e-05,3.01375270747048,3.30581618990195
joint_categories,ensemble,7.58771118673957e-05,2.82211880039051,3.25247415197335
joint_categories,ensemble,3.65075084415654e-05,3.33964685192599,3.21580810954464
joint_categories,ensemble,3.45375512021937e-05,3.11700001661268,3.17670844885741
joint_categories,ensemble,1.06318784511398e-05,3.33964685192599,3.22351857252946
joint_categories,ensemble,1.27029620237892e-05,3.11700001661268,3.1788145997149
joint_categories,ensemble,0.000123473598873924,3.01375270747048,3.31147497232341
joint_categories,ensemble,0.000204574859221695,2.82211880039051,3.26304371206567
joint_categories,ensemble,4.87717562885807e-05,3.01375270747048,3.3198714367651
joint_categories,ensemble,0.000101914117788834,2.82211880039051,3.26623680388566
joint_categories,ensemble,4.82592673934857e-06,3.33964685192599,3.22267119114796
joint_categories,ensemble,4.27568307976865e-06,3.11700001661268,3.18265692803508
joint_categories,ensemble,1.92597847117347e-06,3.33964685192599,3.23087592057085
joint_categories,ensemble,2.18208197531259e-06,3.11700001661268,3.18546566262978
joint_categories,ensemble,9.87421784854038e-05,3.01375270747048,3.31987096077541
joint_categories,ensemble,0.000153213238976768,2.82211880039051,3.27082833699553
joint_categories,ensemble,5.34490373522736e-05,3.01375270747048,3.32886039820078
joint_categories,ensemble,0.000105908417547225,2.82211880039051,3.27481728843947
joint_categories,ensemble,3.97208272003769e-05,3.33964685192599,3.03231960602152
joint_categories,ensemble,6.22620319345912e-05,3.11700001661268,2.99561763156217
joint_categories,ensemble,0.000269798731441647,3.33964685192599,3.0434451988643
joint_categories,ensemble,0.00052737584913319,3.11700001661268,3.00209024921965
joint_categories,ensemble,3.67070988862448e-06,3.01375270747048,3.11950250395156
joint_categories,ensemble,1.00768286618624e-05,2.82211880039051,3.07420944235133
joint_categories,ensemble,3.38172400689218e-05,3.01375270747048,3.13060537128218
joint_categories,ensemble,0.0001156084164468,2.82211880039051,3.08079795134855
joint_categories,ensemble,1.97765937033353e-05,3.33964685192599,3.04979099041394
joint_categories,ensemble,2.07499651978794e-05,3.11700001661268,3.01352577298377
joint_categories,ensemble,0.000166969315945442,3.33964685192599,3.06049513380472
joint_categories,ensemble,0.000215565782464531,3.11700001661268,3.0191782042368
joint_categories,ensemble,1.10563896640881e-05,3.01375270747048,3.13759817684256
joint_categories,ensemble,2.03164593911998e-05,2.82211880039051,3.09229816035248
joint_categories,ensemble,0.000126609120683494,3.01375270747048,3.14836620993473
joint_categories,ensemble,0.000285876928330902,2.82211880039051,3.09821190865126
joint_categories,ensemble,3.1770831930461e-06,3.33964685192599,3.06158425521048
joint_categories,ensemble,2.81776678836657e-06,3.11700001661268,3.02505901709414
joint_categories,ensemble,3.386230604958e-05,3.33964685192599,3.07212759553861
joint_categories,ensemble,3.7929632848041e-05,3.11700001661268,3.03043578791131
joint_categories,ensemble,1.07453483547134e-05,3.01375270747048,3.15047086636713
joint_categories,ensemble,1.66903623443067e-05,2.82211880039051,3.10485503861294
joint_categories,ensemble,0.000155337003297136,3.01375270747048,3.16120302052324
joint_categories,ensemble,0.000304304229401246,2.82211880039051,3.11065371831632
joint_categories,ensemble,3.34419400005292e-07,3.33964685192599,3.06802346838971
joint_categories,ensemble,2.81663239057777e-07,3.11700001661268,3.03053370309598
joint_categories,ensemble,4.88452460543658e-06,3.33964685192599,3.0787084717382
joint_categories,ensemble,5.26084926969852e-06,3.11700001661268,3.03623826303561
joint_categories,ensemble,6.8424785264688e-06,3.01375270747048,3.15837430452643
joint_categories,ensemble,1.00930158647457e-05,2.82211880039051,3.11212707090991
joint_categories,ensemble,0.000135553507991712,3.01375270747048,3.16939056952216
joint_categories,ensemble,0.000255337896289817,2.82211880039051,3.11840161281793
joint_categories,ensemble,0.00024759362023438,1.77880078307141,1.80766183806691
joint_categories,ensemble,0.000180942966226626,1.70468808971871,1.80019369184968
joint_categories,ensemble,1.76621755506619e-05,1.77880078307141,1.81206333200338
joint_categories,ensemble,1.62616805429327e-05,1.70468808971871,1.80086386086085
joint_categories,ensemble,4.19802573438472e-05,1.67032004603564,1.84073798693272
joint_categories,ensemble,5.32955333806034e-05,1.60653065971263,1.82783696850978
joint_categories,ensemble,4.06177931248382e-06,1.67032004603564,1.84451315870722
joint_categories,ensemble,6.48758652535278e-06,1.60653065971263,1.82816396917362
joint_categories,ensemble,0.000158202182312428,1.77880078307141,1.81325548569454
joint_categories,ensemble,7.70386578440376e-05,1.70468808971871,1.80639740090781
joint_categories,ensemble,1.40275160603318e-05,1.77880078307141,1.81752574179281
joint_categories,ensemble,8.49176431646534e-06,1.70468808971871,1.80671526968119
joint_categories,ensemble,0.000162273716966456,1.67032004603564,1.84647795323689
joint_categories,ensemble,0.000137273871728664,1.60653065971263,1.83389290920879
joint_categories,ensemble,1.95156476431346e-05,1.67032004603564,1.85015353816235
joint_categories,ensemble,2.04948968764973e-05,1.60653065971263,1.83394215517598
joint_categories,ensemble,3.2376441996784e-05,1.77880078307141,1.81799088003772
joint_categories,ensemble,1.32005205480003e-05,1.70468808971871,1.81129309974965
joint_categories,ensemble,3.62410015910861e-06,1.77880078307141,1.82219205343855
joint_categories,ensemble,1.88534755556779e-06,1.70468808971871,1.81148947719729
joint_categories,ensemble,0.000200906922754983,1.67032004603564,1.85142980305719
joint_categories,ensemble,0.000142298492688722,1.60653065971263,1.83891647740087
joint_categories,ensemble,3.05022904948038e-05,1.67032004603564,1.85510582316757
joint_categories,ensemble,2.7527659961434e-05,1.60653065971263,1.83893810318179
joint_categories,ensemble,4.2798411567127e-06,1.77880078307141,1.82190318441816
joint_categories,ensemble,1.6341993102174e-06,1.70468808971871,1.81488094883034
joint_categories,ensemble,6.5651041026257e-07,1.77880078307141,1.82611013492797
joint_categories,ensemble,3.23860128881732e-07,1.70468808971871,1.8152065250713
joint_categories,ensemble,0.00016066582173475,1.67032004603564,1.85563336639898
joint_categories,ensemble,0.000106572298518483,1.60653065971263,1.84292315870573
joint_categories,ensemble,3.34275037039908e-05,1.67032004603564,1.8594138323479
joint_categories,ensemble,2.8606546065917e-05,1.60653065971263,1.84317453614553
joint_categories,ensemble,3.52261524495902e-05,1.77880078307141,1.75495926869189
joint_categories,ensemble,2.379703260087e-05,1.70468808971871,1.74805303235145
joint_categories,ensemble,9.19665917964057e-05,1.77880078307141,1.76057996616632
joint_categories,ensemble,7.82720412897965e-05,1.70468808971871,1.75017406244172
joint_categories,ensemble,5.97270213855877e-06,1.67032004603564,1.78545445159013
joint_categories,ensemble,7.00925585441377e-06,1.60653065971263,1.77321320119284
joint_categories,ensemble,2.11496029425597e-05,1.67032004603564,1.79023061685807
joint_categories,ensemble,3.12265782766362e-05,1.60653065971263,1.77467961666472
joint_categories,ensemble,1.75387411045831e-05,1.77880078307141,1.75992499272697
joint_categories,ensemble,7.9307979990052e-06,1.70468808971871,1.75348283174429
joint_categories,ensemble,5.69150152783454e-05,1.77880078307141,1.76542914881157
joint_categories,ensemble,3.19938310665223e-05,1.70468808971871,1.75529177543206
joint_categories,ensemble,1.79901229449064e-05,1.67032004603564,1.79058963943389
joint_categories,ensemble,1.41317538193021e-05,1.60653065971263,1.77855519403148
joint_categories,ensemble,7.91824710090216e-05,1.67032004603564,1.7952787120099
joint_categories,ensemble,7.72172005670297e-05,1.60653065971263,1.77977392001999
joint_categories,ensemble,2.81757518137011e-06,1.77880078307141,1.76424403775848
joint_categories,ensemble,1.07697237049461e-06,1.70468808971871,1.75786462259511
joint_categories,ensemble,1.15426816912971e-05,1.77880078307141,1.76962398528453
joint_categories,ensemble,5.62943827114635e-06,1.70468808971871,1.7595050655909
joint_categories,ensemble,1.74840199975066e-05,1.67032004603564,1.79514701222832
joint_categories,ensemble,1.16095077032398e-05,1.60653065971263,1.7831158094207
joint_categories,ensemble,9.71491444992499e-05,1.67032004603564,1.79978680493116
joint_categories,ensemble,8.21945333338447e-05,1.60653065971263,1.78426342982235
joint_categories,ensemble,2.96577629344414e-07,1.77880078307141,1.76795645646956
joint_categories,ensemble,1.07653879484146e-07,1.70468808971871,1.76121852667156
joint_categories,ensemble,1.66499330114472e-06,1.77880078307141,1.77322365279848
joint_categories,ensemble,7.80804452714412e-07,1.70468808971871,1.76285869379606
joint_categories,ensemble,1.1133564724015e-05,1.67032004603564,1.79916608922403
joint_categories,ensemble,7.02051537369144e-06,1.60653065971263,1.78692063267197
joint_categories,ensemble,8.47763704445683e-05,1.67032004603564,1.80380420809967
joint_categories,ensemble,6.89684112155858e-05,1.60653065971263,1.78818553241277
joint_categories,ensemble,0.00113211627555777,2.22140275816017,2.19429381641958
joint_categories,ensemble,0.0010633068839552,2.10517091807565,2.17737174233381
joint_categories,ensemble,0.000109014464450542,2.22140275816017,2.19899253560218
joint_categories,ensemble,0.000128994350404805,2.10517091807565,2.17799952777999
joint_categories,ensemble,0.0001921137690565,2.05127109637602,2.24366997134467
joint_categories,ensemble,0.000312786831599994,1.95122942450071,2.2204810725566
joint_categories,ensemble,2.50910053944911e-05,2.05127109637602,2.24785160663812
joint_categories,ensemble,5.13959804886413e-05,1.95122942450071,2.22081607151276
joint_categories,ensemble,0.000723375930507067,2.22140275816017,2.20411232837119
joint_categories,ensemble,0.000452715775166618,2.10517091807565,2.18783860619517
joint_categories,ensemble,8.65806223305908e-05,2.22140275816017,2.20849617872516
joint_categories,ensemble,6.73601734397128e-05,2.10517091807565,2.18784390455537
joint_categories,ensemble,0.000742611345373341,2.05127109637602,2.25386749720626
joint_categories,ensemble,0.000805648366305678,1.95122942450071,2.23097315382856
joint_categories,ensemble,0.000120554856042004,2.05127109637602,2.25777205279453
joint_categories,ensemble,0.000162364743169864,1.95122942450071,2.23077193811364
joint_categories,ensemble,0.000148040554900056,2.22140275816017,2.21070210687563
joint_categories,ensemble,7.75725338386502e-05,2.10517091807565,2.19454339857428
joint_categories,ensemble,2.23686678250429e-05,2.22140275816017,2.21499009929174
joint_categories,ensemble,1.4955353634926e-05,2.10517091807565,2.19437008200875
joint_categories,ensemble,0.00091940804087662,2.05127109637602,2.26100954547648
joint_categories,ensemble,0.000835137427966135,1.95122942450071,2.23814961638647
joint_categories,ensemble,0.000188423121117687,2.05127109637602,2.26490193741397
joint_categories,ensemble,0.000218079723291071,1.95122942450071,2.23788019673951
joint_categories,ensemble,1.95694777019285e-05,2.22140275816017,2.21421860486962
joint_categories,ensemble,9.60333199209652e-06,2.10517091807565,2.19759778788798
joint_categories,ensemble,4.05211297870368e-06,2.22140275816017,2.21865058608498
joint_categories,ensemble,2.56899198313616e-06,2.10517091807565,2.19772277957748
joint_categories,ensemble,0.000735253152909657,2.05127109637602,2.26522494222427
joint_categories,ensemble,0.000625463514022301,1.95122942450071,2.24210436282129
joint_categories,ensemble,0.000206493167460718,2.05127109637602,2.26937845657502
joint_categories,ensemble,0.000226626878532667,1.95122942450071,2.24225067555287
joint_categories,ensemble,0.000161070792032964,2.22140275816017,2.11455491342583
joint_categories,ensemble,0.000139842675898876,2.10517091807565,2.09899613645834
joint_categories,ensemble,0.000567636117264789,2.22140275816017,2.12129324596633
joint_categories,ensemble,0.000620886082122882,2.10517091807565,2.10191360153194
joint_categories,ensemble,2.73328081314994e-05,2.05127109637602,2.16014110007937
joint_categories,ensemble,4.11367105554423e-05,1.95122942450071,2.13836272737515
joint_categories,ensemble,0.000130648358932776,2.05127109637602,2.16606569391783
joint_categories,ensemble,0.000247383306806186,1.95122942450071,2.1405842975613
joint_categories,ensemble,8.0195500346481e-05,2.22140275816017,2.12336092886448
joint_categories,ensemble,4.66051390858619e-05,2.10517091807565,2.10826968791465
joint_categories,ensemble,0.0003512908074074,2.22140275816017,2.12984796074356
joint_categories,ensemble,0.000253788250512689,2.10517091807565,2.11066183043554
joint_categories,ensemble,8.23279928092752e-05,2.05127109637602,2.16934857491713
joint_categories,ensemble,8.29380291688633e-05,1.95122942450071,2.14772408431559
joint_categories,ensemble,0.000489137310126671,2.05127109637602,2.17505747137172
joint_categories,ensemble,0.000611730374342061,1.95122942450071,2.14949461079041
joint_categories,ensemble,1.28832993249873e-05,2.22140275816017,2.12933793992756
joint_categories,ensemble,6.32880160670185e-06,2.10517091807565,2.11423189246876
joint_categories,ensemble,7.12437298163237e-05,2.22140275816017,2.13564764051695
joint_categories,ensemble,4.46550238773484e-05,2.10517091807565,2.11637603118071
joint_categories,ensemble,8.00119197095036e-05,2.05127109637602,2.17589083087858
joint_categories,ensemble,6.81351869583443e-05,1.95122942450071,2.15420592768877
joint_categories,ensemble,0.000600123620997585,2.05127109637602,2.18151763876126
joint_categories,ensemble,0.000651161817262938,1.95122942450071,2.15584876863506
joint_categories,ensemble,1.35609455861306e-06,2.22140275816017,2.13264588250207
joint_categories,ensemble,6.32625371005616e-07,2.10517091807565,2.11702279899269
joint_categories,ensemble,1.02766701937367e-05,2.22140275816017,2.13888554872003
joint_categories,ensemble,6.19366263561531e-06,2.10517091807565,2.11923893361366
joint_categories,ensemble,5.09504042494514e-05,2.05127109637602,2.17989550458327
joint_categories,ensemble,4.12027916908923e-05,1.95122942450071,2.1579184950361
joint_categories,ensemble,0.000523692747563205,2.05127109637602,2.1855926845091
joint_categories,ensemble,0.000546381786711675,1.95122942450071,2.15978095175839
joint_categories,ensemble,2.92158959072207e-05,2.49182469764127,2.46772919173967
joint_categories,ensemble,2.65016975343398e-05,2.349858807576,2.44621083286093
joint_categories,ensemble,2.08412592333647e-06,2.49182469764127,2.474434184887
joint_categories,ensemble,2.38175679406677e-06,2.349858807576,2.4482547190511
joint_categories,ensemble,6.85018238213155e-06,2.28402541668774,2.52980902831579
joint_categories,ensemble,1.07938061238504e-05,2.16183424272828,2.50081059543472
joint_categories,ensemble,6.62786053419966e-07,2.28402541668774,2.53656243233363
joint_categories,ensemble,1.31391406980173e-06,2.16183424272828,2.50331057174118
joint_categories,ensemble,1.8667760850864e-05,2.49182469764127,2.47953968304126
joint_categories,ensemble,1.12834184782682e-05,2.349858807576,2.45872816762727
joint_categories,ensemble,1.65523832426525e-06,2.49182469764127,2.48597360049717
joint_categories,ensemble,1.24374090986217e-06,2.349858807576,2.46016221897537
joint_categories,ensemble,2.64792220767445e-05,2.28402541668774,2.5418613278931
joint_categories,ensemble,2.78017211447736e-05,2.16183424272828,2.51313924870857
joint_categories,ensemble,3.18449085640208e-06,2.28402541668774,2.54841933120928
joint_categories,ensemble,4.1507782994387e-06,2.16183424272828,2.51517496598693
joint_categories,ensemble,3.82040037351845e-06,2.49182469764127,2.48851660427038
joint_categories,ensemble,1.9334059242777e-06,2.349858807576,2.46772632458379
joint_categories,ensemble,4.27641604438872e-07,2.49182469764127,2.49490456573745
joint_categories,ensemble,2.76136241749152e-07,2.349858807576,2.46902935854352
joint_categories,ensemble,3.27832450247273e-05,2.28402541668774,2.5513614840872
joint_categories,ensemble,2.88193445936543e-05,2.16183424272828,2.52254785955269
joint_categories,ensemble,4.97725040727478e-06,2.28402541668774,2.55796888310693
joint_categories,ensemble,5.57510556363315e-06,2.16183424272828,2.52458229296118
joint_categories,ensemble,5.05018641496461e-07,2.49182469764127,2.49477399014844
joint_categories,ensemble,2.39351972245027e-07,2.349858807576,2.47328265221142
joint_categories,ensemble,7.74678272811758e-08,2.49182469764127,2.5013566653195
joint_categories,ensemble,4.74339697090307e-08,2.349858807576,2.47496153298401
joint_categories,ensemble,2.62168517082561e-05,2.28402541668774,2.55841809727487
joint_categories,ensemble,2.15838111641879e-05,2.16183424272828,2.52912228975896
joint_categories,ensemble,5.45457582777957e-06,2.28402541668774,2.56532142064375
joint_categories,ensemble,5.79360956768059e-06,2.16183424272828,2.53162627319492
joint_categories,ensemble,4.15666446576804e-06,2.49182469764127,2.36749545173674
joint_categories,ensemble,3.48541738512892e-06,2.349858807576,2.34747023312117
joint_categories,ensemble,1.08520016401156e-05,2.49182469764127,2.37594557088996
joint_categories,ensemble,1.14640652074836e-05,2.349858807576,2.35161014151547
joint_categories,ensemble,9.74603338616057e-07,2.28402541668774,2.42503490124051
joint_categories,ensemble,1.41956640577577e-06,2.16183424272828,2.397729982391
joint_categories,ensemble,3.45111360989391e-06,2.28402541668774,2.43317407754629
joint_categories,ensemble,6.32423789480113e-06,2.16183424272828,2.40182931164851
joint_categories,ensemble,2.06956073411799e-06,2.49182469764127,2.37816081664949
joint_categories,ensemble,1.16157933164607e-06,2.349858807576,2.3586404223436
joint_categories,ensemble,6.71593702760165e-06,2.49182469764127,2.38639959016754
joint_categories,ensemble,4.68595630751281e-06,2.349858807576,2.36227070028312
joint_categories,ensemble,2.93556140545289e-06,2.28402541668774,2.4359873643547
joint_categories,ensemble,2.86206744242931e-06,2.16183424272828,2.40881158675624
joint_categories,ensemble,1.29207013534218e-05,2.28402541668774,2.44398048342721
joint_categories,ensemble,1.56385993249169e-05,2.16183424272828,2.41252226964664
joint_categories,ensemble,3.32472149854882e-07,2.49182469764127,2.38638384351932
joint_categories,ensemble,1.57738079633013e-07,2.349858807576,2.36676101009428
joint_categories,ensemble,1.36202938696032e-06,2.49182469764127,2.39450128993759
joint_categories,ensemble,8.24512129215904e-07,2.349858807576,2.3701960619996
joint_categories,ensemble,2.85297740732666e-06,2.28402541668774,2.44474950965153
joint_categories,ensemble,2.3512434793968e-06,2.16183424272828,2.41739873273897
joint_categories,ensemble,1.58524363640055e-05,2.28402541668774,2.4527240465096
joint_categories,ensemble,1.66466456186884e-05,2.16183424272828,2.42104798444266
joint_categories,ensemble,3.49959790528299e-08,2.49182469764127,2.39228155884371
joint_categories,ensemble,1.57674576248175e-08,2.349858807576,2.37193537101962
joint_categories,ensemble,1.96468192219233e-07,2.49182469764127,2.40039409367038
joint_categories,ensemble,1.14360032173818e-07,2.349858807576,2.37552588758996
joint_categories,ensemble,1.81673371599631e-06,2.28402541668774,2.45142534739676
joint_categories,ensemble,1.42184676700723e-06,2.16183424272828,2.42358826491392
joint_categories,ensemble,1.38334930747049e-05,2.28402541668774,2.45952022315466
joint_categories,ensemble,1.39679934154099e-05,2.16183424272828,2.42751909272515
joint_categories,ensemble,0.000176640708020924,3.33964685192599,3.18362283298839
joint_categories,ensemble,0.000205750585808033,3.11700001661268,3.14393891568689
joint_categories,ensemble,1.70092000272485e-05,3.33964685192599,3.19194476286552
joint_categories,ensemble,2.49604921798227e-05,3.11700001661268,3.14723735902513
joint_categories,ensemble,4.1403331261102e-05,3.01375270747048,3.2776291567801
joint_categories,ensemble,8.36376357218567e-05,2.82211880039051,3.22921936852818
joint_categories,ensemble,5.40747918862958e-06,3.01375270747048,3.28642852178999
joint_categories,ensemble,1.37430283483735e-05,2.82211880039051,3.23328213553542
joint_categories,ensemble,0.000112866177519716,3.33964685192599,3.20290059119569
joint_categories,ensemble,8.76008021302289e-05,3.11700001661268,3.16389648296609
joint_categories,ensemble,1.35089149052582e-05,3.33964685192599,3.21065712073259
joint_categories,ensemble,1.30342381437414e-05,3.11700001661268,3.16618001889977
joint_categories,ensemble,0.000160043622493829,3.01375270747048,3.29748181127774
joint_categories,ensemble,0.00021542634719084,2.82211880039051,3.2492506152685
joint_categories,ensemble,2.59813373312853e-05,3.01375270747048,3.30581618990195
joint_categories,ensemble,4.34155209599115e-05,2.82211880039051,3.25247415197335
joint_categories,ensemble,2.30983239071206e-05,3.33964685192599,3.21580810954464
joint_categories,ensemble,1.50103366401118e-05,3.11700001661268,3.17670844885741
joint_categories,ensemble,3.49011617216947e-06,3.33964685192599,3.22351857252946
joint_categories,ensemble,2.89387082674241e-06,3.11700001661268,3.1788145997149
joint_categories,ensemble,0.000198145900043949,3.01375270747048,3.31147497232341
joint_categories,ensemble,0.000223311574917085,2.82211880039051,3.26304371206567
joint_categories,ensemble,4.06079425706963e-05,3.01375270747048,3.3198714367651
joint_categories,ensemble,5.83134282272714e-05,2.82211880039051,3.26623680388566
joint_categories,ensemble,3.05336693014617e-06,3.33964685192599,3.22267119114796
joint_categories,ensemble,1.85825109655374e-06,3.11700001661268,3.18265692803508
joint_categories,ensemble,6.32239038508963e-07,3.33964685192599,3.23087592057085
joint_categories,ensemble,4.971016490557e-07,3.11700001661268,3.18546566262978
joint_categories,ensemble,0.000158457824237134,3.01375270747048,3.31987096077541
joint_categories,ensemble,0.000167245818104034,2.82211880039051,3.27082833699553
joint_categories,ensemble,4.45023022426673e-05,3.01375270747048,3.32886039820078
joint_categories,ensemble,6.05988948273134e-05,2.82211880039051,3.27481728843947
joint_categories,ensemble,2.51313927380614e-05,3.33964685192599,3.03231960602152
joint_categories,ensemble,2.70596503430227e-05,3.11700001661268,2.99561763156217
joint_categories,ensemble,8.85665614183497e-05,3.33964685192599,3.0434451988643
joint_categories,ensemble,0.000120141867831846,3.11700001661268,3.00209024921965
joint_categories,ensemble,5.89062051576216e-06,3.01375270747048,3.11950250395156
joint_categories,ensemble,1.09997508355195e-05,2.82211880039051,3.07420944235133
joint_categories,ensemble,2.81566350510891e-05,3.01375270747048,3.13060537128218
joint_categories,ensemble,6.61490600243174e-05,2.82211880039051,3.08079795134855
joint_categories,ensemble,1.25126634667587e-05,3.33964685192599,3.04979099041394
joint_categories,ensemble,9.01812525929719e-06,3.11700001661268,3.01352577298377
joint_categories,ensemble,5.48108513952008e-05,3.33964685192599,3.06049513380472
joint_categories,ensemble,4.91081944470715e-05,3.11700001661268,3.0191782042368
joint_categories,ensemble,1.77428883680981e-05,3.01375270747048,3.13759817684256
joint_categories,ensemble,2.21772145445852e-05,2.82211880039051,3.09229816035248
joint_categories,ensemble,0.000105416255080514,3.01375270747048,3.14836620993473
joint_categories,ensemble,0.000163573645180327,2.82211880039051,3.09821190865126
joint_categories,ensemble,2.01014256533857e-06,3.33964685192599,3.06158425521048
joint_categories,ensemble,1.22462729969177e-06,3.11700001661268,3.02505901709414
joint_categories,ensemble,1.11159455512701e-05,3.33964685192599,3.07212759553861
joint_categories,ensemble,8.64077667574215e-06,3.11700001661268,3.03043578791131
joint_categories,ensemble,1.72437406898982e-05,3.01375270747048,3.15047086636713
joint_categories,ensemble,1.82190085097646e-05,2.82211880039051,3.10485503861294
joint_categories,ensemble,0.000129335430770023,3.01375270747048,3.16120302052324
joint_categories,ensemble,0.000174117415971871,2.82211880039051,3.11065371831632
joint_categories,ensemble,2.11587367965995e-07,3.33964685192599,3.06802346838971
joint_categories,ensemble,1.22413428000448e-07,3.11700001661268,3.03053370309598
joint_categories,ensemble,1.60343803751503e-06,3.33964685192599,3.0787084717382
joint_categories,ensemble,1.19847781934314e-06,3.11700001661268,3.03623826303561
joint_categories,ensemble,1.09805584232055e-05,3.01375270747048,3.15837430452643
joint_categories,ensemble,1.10174206009204e-05,2.82211880039051,3.11212707090991
joint_categories,ensemble,0.00011286345800659,3.01375270747048,3.16939056952216
joint_categories,ensemble,0.000146099759405757,2.82211880039051,3.11840161281793
joint_categories,ensemble,0.000123274331780955,1.77880078307141,1.80766183806691
joint_categories,ensemble,8.2947265334077e-05,1.70468808971871,1.80019369184968
joint_categories,ensemble,1.17517693137172e-05,1.77880078307141,1.81206333200338
joint_categories,ensemble,9.98038038002363e-06,1.70468808971871,1.80086386086085
joint_categories,ensemble,1.52877290779201e-05,1.67032004603564,1.84073798693272
joint_categories,ensemble,1.77617149406835e-05,1.60653065971263,1.82783696850978
joint_categories,ensemble,1.97669679488102e-06,1.67032004603564,1.84451315870722
joint_categories,ensemble,2.89466658291685e-06,1.60653065971263,1.82816396917362
joint_categories,ensemble,7.87672488991916e-05,1.77880078307141,1.81325548569454
joint_categories,ensemble,3.53158021360558e-05,1.70468808971871,1.80639740090781
joint_categories,ensemble,9.33339906585319e-06,1.77880078307141,1.81752574179281
joint_categories,ensemble,5.21170230543411e-06,1.70468808971871,1.80671526968119
joint_categories,ensemble,5.90943643134636e-05,1.67032004603564,1.84647795323689
joint_categories,ensemble,4.5749037935998e-05,1.60653065971263,1.83389290920879
joint_categories,ensemble,9.4974431593679e-06,1.67032004603564,1.85015353816235
joint_categories,ensemble,9.14452437387686e-06,1.60653065971263,1.83394215517598
joint_categories,ensemble,1.61198994094444e-05,1.77880078307141,1.81799088003772
joint_categories,ensemble,6.05133818283669e-06,1.70468808971871,1.81129309974965
joint_categories,ensemble,2.41134445286692e-06,1.77880078307141,1.82219205343855
joint_categories,ensemble,1.15710585406204e-06,1.70468808971871,1.81148947719729
joint_categories,ensemble,7.31632152656865e-05,1.67032004603564,1.85142980305719
joint_categories,ensemble,4.74235851169072e-05,1.60653065971263,1.83891647740087
joint_categories,ensemble,1.48441791685473e-05,1.67032004603564,1.85510582316757
joint_categories,ensemble,1.22824407944105e-05,1.60653065971263,1.83893810318179
joint_categories,ensemble,2.13088914901341e-06,1.77880078307141,1.82190318441816
joint_categories,ensemble,7.49144145363422e-07,1.70468808971871,1.81488094883034
joint_categories,ensemble,4.3681815251635e-07,1.77880078307141,1.82611013492797
joint_categories,ensemble,1.98764652129874e-07,1.70468808971871,1.8152065250713
joint_categories,ensemble,5.85088255806573e-05,1.67032004603564,1.85563336639898
joint_categories,ensemble,3.55171750199169e-05,1.60653065971263,1.84292315870573
joint_categories,ensemble,1.62677571451183e-05,1.67032004603564,1.8594138323479
joint_categories,ensemble,1.27638240547672e-05,1.60653065971263,1.84317453614553
joint_categories,ensemble,1.75387411045831e-05,1.77880078307141,1.75495926869189
joint_categories,ensemble,1.09089555591555e-05,1.70468808971871,1.74805303235145
joint_categories,ensemble,6.11912257501968e-05,1.77880078307141,1.76057996616632
joint_categories,ensemble,4.80383772839877e-05,1.70468808971871,1.75017406244172
joint_categories,ensemble,2.17504746122723e-06,1.67032004603564,1.78545445159013
joint_categories,ensemble,2.33596319495179e-06,1.60653065971263,1.77321320119284
joint_categories,ensemble,1.02926203353966e-05,1.67032004603564,1.79023061685807
joint_categories,ensemble,1.39328442530947e-05,1.60653065971263,1.77467961666472
joint_categories,ensemble,8.73235985604137e-06,1.77880078307141,1.75992499272697
joint_categories,ensemble,3.63560971533166e-06,1.70468808971871,1.75348283174429
joint_categories,ensemble,3.78691814108223e-05,1.77880078307141,1.76542914881157
joint_categories,ensemble,1.96357690716585e-05,1.70468808971871,1.75529177543206
joint_categories,ensemble,6.55136826359908e-06,1.67032004603564,1.79058963943389
joint_categories,ensemble,4.70966640220754e-06,1.60653065971263,1.77855519403148
joint_categories,ensemble,3.85347712450136e-05,1.67032004603564,1.7952787120099
joint_categories,ensemble,3.44531898317324e-05,1.60653065971263,1.77977392001999
joint_categories,ensemble,1.40284187208541e-06,1.77880078307141,1.76424403775848
joint_categories,ensemble,4.93702047865186e-07,1.70468808971871,1.75786462259511
joint_categories,ensemble,7.68008063948314e-06,1.77880078307141,1.76962398528453
joint_categories,ensemble,3.45498948424002e-06,1.70468808971871,1.7595050655909
joint_categories,ensemble,6.36706342044359e-06,1.67032004603564,1.79514701222832
joint_categories,ensemble,3.86908157863864e-06,1.60653065971263,1.7831158094207
joint_categories,ensemble,4.7278393970565e-05,1.67032004603564,1.79978680493116
joint_categories,ensemble,3.66740031921173e-05,1.60653065971263,1.78426342982235
joint_categories,ensemble,1.47662969037744e-07,1.77880078307141,1.76795645646956
joint_categories,ensemble,4.93503289574139e-08,1.70468808971871,1.76121852667156
joint_categories,ensemble,1.10782599390504e-06,1.77880078307141,1.77322365279848
joint_categories,ensemble,4.79207878910934e-07,1.70468808971871,1.76285869379606
joint_categories,ensemble,4.05445159085421e-06,1.67032004603564,1.79916608922403
joint_categories,ensemble,2.33971563646224e-06,1.60653065971263,1.78692063267197
joint_categories,ensemble,4.12570863277526e-05,1.67032004603564,1.80380420809967
joint_categories,ensemble,3.07727002086909e-05,1.60653065971263,1.78818553241277
joint_categories,ensemble,0.000700628498475599,2.22140275816017,2.19429381641958
joint_categories,ensemble,0.000601746904034938,2.10517091807565,2.17737174233381
joint_categories,ensemble,9.01585137293281e-05,2.22140275816017,2.19899253560218
joint_categories,ensemble,9.7734350326959e-05,2.10517091807565,2.17799952777999
joint_categories,ensemble,8.61341529362622e-05,2.05127109637602,2.24366997134467
joint_categories,ensemble,0.000127852153657165,1.95122942450071,2.2204810725566
joint_categories,ensemble,1.50335245806039e-05,2.05127109637602,2.24785160663812
joint_categories,ensemble,2.81261341858703e-05,1.95122942450071,2.22081607151276
joint_categories,ensemble,0.000447672913963591,2.22140275816017,2.20411232837119
joint_categories,ensemble,0.000256201027403268,2.10517091807565,2.18783860619517
joint_categories,ensemble,7.16049954144183e-05,2.22140275816017,2.20849617872516
joint_categories,ensemble,5.10363653011301e-05,2.10517091807565,2.18784390455537
joint_categories,ensemble,0.000332949582472557,2.05127109637602,2.25386749720626
joint_categories,ensemble,0.00032931015092823,1.95122942450071,2.23097315382856
joint_categories,ensemble,7.22316369202388e-05,2.05127109637602,2.25777205279453
joint_categories,ensemble,8.88531069946063e-05,1.95122942450071,2.23077193811364
joint_categories,ensemble,9.16172957958927e-05,2.22140275816017,2.21070210687563
joint_categories,ensemble,4.38998682129477e-05,2.10517091807565,2.19454339857428
joint_categories,ensemble,1.84996170496793e-05,2.22140275816017,2.21499009929174
joint_categories,ensemble,1.13311301373472e-05,2.10517091807565,2.19437008200875
joint_categories,ensemble,0.000412216329899841,2.05127109637602,2.26100954547648
joint_categories,ensemble,0.000341363855437888,1.95122942450071,2.23814961638647
joint_categories,ensemble,0.000112895580640973,2.05127109637602,2.26490193741397
joint_categories,ensemble,0.000119342787163243,1.95122942450071,2.23788019673951
joint_categories,ensemble,1.21108883197521e-05,2.22140275816017,2.21421860486962
joint_categories,ensemble,5.43472009996622e-06,2.10517091807565,2.19759778788798
joint_categories,ensemble,3.35122944890481e-06,2.22140275816017,2.21865058608498
joint_categories,ensemble,1.94643224047451e-06,2.10517091807565,2.19772277957748
joint_categories,ensemble,0.000329650539004126,2.05127109637602,2.26522494222427
joint_categories,ensemble,0.00025565928364911,1.95122942450071,2.24210436282129
joint_categories,ensemble,0.000123722428015142,2.05127109637602,2.26937845657502
joint_categories,ensemble,0.000124020165295677,1.95122942450071,2.24225067555287
joint_categories,ensemble,9.96812691476689e-05,2.22140275816017,2.11455491342583
joint_categories,ensemble,7.9139802952367e-05,2.10517091807565,2.09899613645834
joint_categories,ensemble,0.000469453562237129,2.22140275816017,2.12129324596633
joint_categories,ensemble,0.000470422911336048,2.10517091807565,2.10191360153194
joint_categories,ensemble,1.22546566408975e-05,2.05127109637602,2.16014110007937
joint_categories,ensemble,1.68147009641719e-05,1.95122942450071,2.13836272737515
joint_categories,ensemble,7.8279259222617e-05,2.05127109637602,2.16606569391783
joint_categories,ensemble,0.000135378992995626,1.95122942450071,2.1405842975613
joint_categories,ensemble,4.96302846318255e-05,2.22140275816017,2.12336092886448
joint_categories,ensemble,2.63747922450361e-05,2.10517091807565,2.10826968791465
joint_categories,ensemble,0.000290528942578952,2.22140275816017,2.12984796074356
joint_categories,ensemble,0.000192286171500028,2.10517091807565,2.11066183043554
joint_categories,ensemble,3.69117318263851e-05,2.05127109637602,2.16934857491713
joint_categories,ensemble,3.39010616114444e-05,1.95122942450071,2.14772408431559
joint_categories,ensemble,0.00029307146762219,2.05127109637602,2.17505747137172
joint_categories,ensemble,0.000334765684606794,1.95122942450071,2.14949461079041
joint_categories,ensemble,7.9730385088143e-06,2.22140275816017,2.12933793992756
joint_categories,ensemble,3.58159702579772e-06,2.10517091807565,2.11423189246876
joint_categories,ensemble,5.89208856379573e-05,2.22140275816017,2.13564764051695
joint_categories,ensemble,3.38334952948832e-05,2.10517091807565,2.11637603118071
joint_categories,ensemble,3.58733211202341e-05,2.05127109637602,2.17589083087858
joint_categories,ensemble,2.78503744799531e-05,1.95122942450071,2.15420592768877
joint_categories,ensemble,0.000359570015861105,2.05127109637602,2.18151763876126
joint_categories,ensemble,0.000356344299202544,1.95122942450071,2.15584876863506
joint_categories,ensemble,8.39241087602857e-07,2.22140275816017,2.13264588250207
joint_categories,ensemble,3.58015511947559e-07,2.10517091807565,2.11702279899269
joint_categories,ensemble,8.49914105824128e-06,2.22140275816017,2.13888554872003
joint_categories,ensemble,4.69271399822231e-06,2.10517091807565,2.11923893361366
joint_categories,ensemble,2.28435990472706e-05,2.05127109637602,2.17989550458327
joint_categories,ensemble,1.68417117415764e-05,1.95122942450071,2.1579184950361
joint_categories,ensemble,0.000313775700470895,2.05127109637602,2.1855926845091
joint_categories,ensemble,0.000299004071985054,1.95122942450071,2.15978095175839
joint_categories,ensemble,8.79999616795412e-05,2.49182469764127,2.46772919173967
joint_categories,ensemble,7.34960717638712e-05,2.349858807576,2.44621083286093
joint_categories,ensemble,8.3890558101869e-06,2.49182469764127,2.474434184887
joint_categories,ensemble,8.84319392190498e-06,2.349858807576,2.4482547190511
joint_categories,ensemble,1.50914192102781e-05,2.28402541668774,2.52980902831579
joint_categories,ensemble,2.17619978616527e-05,2.16183424272828,2.50081059543472
joint_categories,ensemble,1.95131401342318e-06,2.28402541668774,2.53656243233363
joint_categories,ensemble,3.54660167658394e-06,2.16183424272828,2.50331057174118
joint_categories,ensemble,5.62283711831293e-05,2.49182469764127,2.47953968304126
joint_categories,ensemble,3.1291842084683e-05,2.349858807576,2.45872816762727
joint_categories,ensemble,6.66269083165163e-06,2.49182469764127,2.48597360049717
joint_categories,ensemble,4.61786949948735e-06,2.349858807576,2.46016221897537
joint_categories,ensemble,5.8335533045743e-05,2.28402541668774,2.5418613278931
joint_categories,ensemble,5.60526091686927e-05,2.16183424272828,2.51313924870857
joint_categories,ensemble,9.37548640568326e-06,2.28402541668774,2.54841933120928
joint_categories,ensemble,1.12040487382398e-05,2.16183424272828,2.51517496598693
joint_categories,ensemble,1.15072660286635e-05,2.49182469764127,2.48851660427038
joint_categories,ensemble,5.36183542111911e-06,2.349858807576,2.46772632458379
joint_categories,ensemble,1.72134958172409e-06,2.49182469764127,2.49490456573745
joint_categories,ensemble,1.0252626719642e-06,2.349858807576,2.46902935854352
joint_categories,ensemble,7.22237257553826e-05,2.28402541668774,2.5513614840872
joint_categories,ensemble,5.8104296874068e-05,2.16183424272828,2.52254785955269
joint_categories,ensemble,1.46535649293114e-05,2.28402541668774,2.55796888310693
joint_categories,ensemble,1.50486848368231e-05,2.16183424272828,2.52458229296118
joint_categories,ensemble,1.52114524368082e-06,2.49182469764127,2.49477399014844
joint_categories,ensemble,6.63785016267369e-07,2.349858807576,2.47328265221142
joint_categories,ensemble,3.11824693162162e-07,2.49182469764127,2.5013566653195
joint_categories,ensemble,1.7611697116501e-07,2.349858807576,2.47496153298401
joint_categories,ensemble,5.77575132211113e-05,2.28402541668774,2.55841809727487
joint_categories,ensemble,4.35163321456637e-05,2.16183424272828,2.52912228975896
joint_categories,ensemble,1.60588627281833e-05,2.28402541668774,2.56532142064375
joint_categories,ensemble,1.56384849500162e-05,2.16183424272828,2.53162627319492
joint_categories,ensemble,1.25201128476055e-05,2.49182469764127,2.36749545173674
joint_categories,ensemble,9.66596520591003e-06,2.349858807576,2.34747023312117
joint_categories,ensemble,4.36816443727291e-05,2.49182469764127,2.37594557088996
joint_categories,ensemble,4.25647790805878e-05,2.349858807576,2.35161014151547
joint_categories,ensemble,2.14711765706519e-06,2.28402541668774,2.42503490124051
joint_categories,ensemble,2.86206744242931e-06,2.16183424272828,2.397729982391
joint_categories,ensemble,1.01604527043879e-05,2.28402541668774,2.43317407754629
joint_categories,ensemble,1.70707911851512e-05,2.16183424272828,2.40182931164851
joint_categories,ensemble,6.23363616416963e-06,2.49182469764127,2.37816081664949
joint_categories,ensemble,3.22136036031159e-06,2.349858807576,2.3586404223436
joint_categories,ensemble,2.70330933037174e-05,2.49182469764127,2.38639959016754
joint_categories,ensemble,1.73984264221009e-05,2.349858807576,2.36227070028312
joint_categories,ensemble,6.46724208435124e-06,2.28402541668774,2.4359873643547
joint_categories,ensemble,5.77037468038513e-06,2.16183424272828,2.40881158675624
joint_categories,ensemble,3.80399458982163e-05,2.28402541668774,2.44398048342721
joint_categories,ensemble,4.22127168434574e-05,2.16183424272828,2.41252226964664
joint_categories,ensemble,1.00142526998508e-06,2.49182469764127,2.38638384351932
joint_categories,ensemble,4.37448552326932e-07,2.349858807576,2.36676101009428
joint_categories,ensemble,5.48246169503649e-06,2.49182469764127,2.39450128993759
joint_categories,ensemble,3.06132039500529e-06,2.349858807576,2.3701960619996
joint_categories,ensemble,6.28530390135706e-06,2.28402541668774,2.44474950965153
joint_categories,ensemble,4.74047384062196e-06,2.16183424272828,2.41739873273897
joint_categories,ensemble,4.66712916851056e-05,2.28402541668774,2.4527240465096
joint_categories,ensemble,4.4933700473767e-05,2.16183424272828,2.42104798444266
joint_categories,ensemble,1.05409905120381e-07,2.49182469764127,2.39228155884371
joint_categories,ensemble,4.37272440992054e-08,2.349858807576,2.37193537101962
joint_categories,ensemble,7.90826797459102e-07,2.49182469764127,2.40039409367038
joint_categories,ensemble,4.24605880813544e-07,2.349858807576,2.37552588758996
joint_categories,ensemble,4.00238834123061e-06,2.28402541668774,2.45142534739676
joint_categories,ensemble,2.86666500659466e-06,2.16183424272828,2.42358826491392
joint_categories,ensemble,4.07273037083055e-05,2.28402541668774,2.45952022315466
joint_categories,ensemble,3.77033095269934e-05,2.16183424272828,2.42751909272515
joint_categories,ensemble,0.000661329093499621,3.33964685192599,3.18362283298839
joint_categories,ensemble,0.00070441141774796,3.11700001661268,3.14393891568689
joint_categories,ensemble,8.51013743883075e-05,3.33964685192599,3.19194476286552
joint_categories,ensemble,0.000114408884889737,3.11700001661268,3.14723735902513
joint_categories,ensemble,0.000112300644165021,3.01375270747048,3.2776291567801
joint_categories,ensemble,0.000206819461142141,2.82211880039051,3.22921936852818
joint_categories,ensemble,1.96005235660911e-05,3.01375270747048,3.28642852178999
joint_categories,ensemble,4.54981144230985e-05,2.82211880039051,3.23328213553542
joint_categories,ensemble,0.000422562203821325,3.33964685192599,3.20290059119569
joint_categories,ensemble,0.000299911686676733,3.11700001661268,3.16389648296609
joint_categories,ensemble,6.75885534352282e-05,3.33964685192599,3.21065712073259
joint_categories,ensemble,5.97437198220874e-05,3.11700001661268,3.16618001889977
joint_categories,ensemble,0.000434095551085425,3.01375270747048,3.29748181127774
joint_categories,ensemble,0.000532707084045252,2.82211880039051,3.2492506152685
joint_categories,ensemble,9.41747155885917e-05,3.01375270747048,3.30581618990195
joint_categories,ensemble,0.000143732828769597,2.82211880039051,3.25247415197335
joint_categories,ensemble,8.64783309691398e-05,3.33964685192599,3.21580810954464
joint_categories,ensemble,5.13896593392953e-05,3.11700001661268,3.17670844885741
joint_categories,ensemble,1.74619430984802e-05,3.33964685192599,3.22351857252946
joint_categories,ensemble,1.32643431835122e-05,3.11700001661268,3.1788145997149
joint_categories,ensemble,0.000537442556814235,3.01375270747048,3.31147497232341
joint_categories,ensemble,0.000552205704914314,2.82211880039051,3.26304371206567
joint_categories,ensemble,0.00014719186289261,3.01375270747048,3.3198714367651
joint_categories,ensemble,0.000193054322717856,2.82211880039051,3.26623680388566
joint_categories,ensemble,1.14315686721324e-05,3.33964685192599,3.22267119114796
joint_categories,ensemble,6.36194198093999e-06,3.11700001661268,3.18265692803508
joint_categories,ensemble,3.16325347652218e-06,3.33964685192599,3.23087592057085
joint_categories,ensemble,2.27851457958375e-06,3.11700001661268,3.18546566262978
joint_categories,ensemble,0.000429794298980382,3.01375270747048,3.31987096077541
joint_categories,ensemble,0.000413566089954807,2.82211880039051,3.27082833699553
joint_categories,ensemble,0.000161307772702454,3.01375270747048,3.32886039820078
joint_categories,ensemble,0.000200620662409732,2.82211880039051,3.27481728843947
joint_categories,ensemble,9.40899827908091e-05,3.33964685192599,3.03231960602152
joint_categories,ensemble,9.26419071276756e-05,3.11700001661268,2.99561763156217
joint_categories,ensemble,0.000443121139705197,3.33964685192599,3.0434451988643
joint_categories,ensemble,0.000550682135119234,3.11700001661268,3.00209024921965
joint_categories,ensemble,1.59774698871458e-05,3.01375270747048,3.11950250395156
joint_categories,ensemble,2.72002253634419e-05,2.82211880039051,3.07420944235133
joint_categories,ensemble,0.0001020595308108,3.01375270747048,3.13060537128218
joint_categories,ensemble,0.000218995218933897,2.82211880039051,3.08079795134855
joint_categories,ensemble,4.68464403276573e-05,3.33964685192599,3.04979099041394
joint_categories,ensemble,3.08746163437762e-05,3.11700001661268,3.01352577298377
joint_categories,ensemble,0.000274232696285096,3.33964685192599,3.06049513380472
joint_categories,ensemble,0.000225092266817543,3.11700001661268,3.0191782042368
joint_categories,ensemble,4.8125059805452e-05,3.01375270747048,3.13759817684256
joint_categories,ensemble,5.48398997910237e-05,2.82211880039051,3.09229816035248
joint_categories,ensemble,0.000382102957751434,3.01375270747048,3.14836620993473
joint_categories,ensemble,0.000541532203555316,2.82211880039051,3.09821190865126
joint_categories,ensemble,7.52581766363214e-06,3.33964685192599,3.06158425521048
joint_categories,ensemble,4.19265611809042e-06,3.11700001661268,3.02505901709414
joint_categories,ensemble,5.56159162408124e-05,3.33964685192599,3.07212759553861
joint_categories,ensemble,3.96058546013788e-05,3.11700001661268,3.03043578791131
joint_categories,ensemble,4.67711927593001e-05,3.01375270747048,3.15047086636713
joint_categories,ensemble,4.50520329754958e-05,2.82211880039051,3.10485503861294
joint_categories,ensemble,0.000468802943165988,3.01375270747048,3.16120302052324
joint_categories,ensemble,0.000576438752371491,2.82211880039051,3.11065371831632
joint_categories,ensemble,7.9216667449242e-07,3.33964685192599,3.06802346838971
joint_categories,ensemble,4.19096820699387e-07,3.11700001661268,3.03053370309598
joint_categories,ensemble,8.02241025565115e-06,3.33964685192599,3.0787084717382
joint_categories,ensemble,5.49334163318196e-06,3.11700001661268,3.03623826303561
joint_categories,ensemble,2.9783202139972e-05,3.01375270747048,3.15837430452643
joint_categories,ensemble,2.72439192259857e-05,2.82211880039051,3.11212707090991
joint_categories,ensemble,0.000409096880679691,3.01375270747048,3.16939056952216
joint_categories,ensemble,0.000483682591793317,2.82211880039051,3.11840161281793
joint_categories,ensemble,1.98038556846727e-05,1.77880078307141,1.80766183806691
joint_categories,ensemble,1.36574405715996e-05,1.70468808971871,1.80019369184968
joint_categories,ensemble,2.07075251564843e-06,1.77880078307141,1.81206333200338
joint_categories,ensemble,1.805078242669e-06,1.70468808971871,1.80086386086085
joint_categories,ensemble,2.00808408421895e-06,1.67032004603564,1.84073798693272
joint_categories,ensemble,2.41197370631769e-06,1.60653065971263,1.82783696850978
joint_categories,ensemble,2.84791365864583e-07,1.67032004603564,1.84451315870722
joint_categories,ensemble,4.31785358478911e-07,1.60653065971263,1.82816396917362
joint_categories,ensemble,1.26538526499584e-05,1.77880078307141,1.81325548569454
joint_categories,ensemble,5.81482062089637e-06,1.70468808971871,1.80639740090781
joint_categories,ensemble,1.64461700014879e-06,1.77880078307141,1.81752574179281
joint_categories,ensemble,9.42602393956524e-07,1.70468808971871,1.80671526968119
joint_categories,ensemble,7.76220273397513e-06,1.67032004603564,1.84647795323689
joint_categories,ensemble,6.21254630870186e-06,1.60653065971263,1.83389290920879
joint_categories,ensemble,1.36833823810617e-06,1.67032004603564,1.85015353816235
joint_categories,ensemble,1.36405061577587e-06,1.60653065971263,1.83394215517598
joint_categories,ensemble,2.58964017037486e-06,1.77880078307141,1.81799088003772
joint_categories,ensemble,9.96365477244863e-07,1.70468808971871,1.81129309974965
joint_categories,ensemble,4.2489751615875e-07,1.77880078307141,1.82219205343855
joint_categories,ensemble,2.0927725418291e-07,1.70468808971871,1.81148947719729
joint_categories,ensemble,9.61018391786532e-06,1.67032004603564,1.85142980305719
joint_categories,ensemble,6.43994348199452e-06,1.60653065971263,1.83891647740087
joint_categories,ensemble,2.13866591552986e-06,1.67032004603564,1.85510582316757
joint_categories,ensemble,1.83212053944622e-06,1.60653065971263,1.83893810318179
joint_categories,ensemble,3.42324477264912e-07,1.77880078307141,1.82190318441816
joint_categories,ensemble,1.23348149015582e-07,1.70468808971871,1.81488094883034
joint_categories,ensemble,7.69707321559066e-08,1.77880078307141,1.82611013492797
joint_categories,ensemble,3.59491056763168e-08,1.70468808971871,1.8152065250713
joint_categories,ensemble,7.68529065605635e-06,1.67032004603564,1.85563336639898
joint_categories,ensemble,4.82309802610911e-06,1.60653065971263,1.84292315870573
joint_categories,ensemble,2.34376703038586e-06,1.67032004603564,1.8594138323479
joint_categories,ensemble,1.90392647553071e-06,1.60653065971263,1.84317453614553
joint_categories,ensemble,2.81757518137011e-06,1.77880078307141,1.75495926869189
joint_categories,ensemble,1.7961823291862e-06,1.70468808971871,1.74805303235145
joint_categories,ensemble,1.07823665760633e-05,1.77880078307141,1.76057996616632
joint_categories,ensemble,8.68834917575013e-06,1.70468808971871,1.75017406244172
joint_categories,ensemble,2.85698298749905e-07,1.67032004603564,1.78545445159013
joint_categories,ensemble,3.17214966233028e-07,1.60653065971263,1.77321320119284
joint_categories,ensemble,1.48290289701188e-06,1.67032004603564,1.79023061685807
joint_categories,ensemble,2.07830434978499e-06,1.60653065971263,1.77467961666472
joint_categories,ensemble,1.40284187208541e-06,1.77880078307141,1.75992499272697
joint_categories,ensemble,5.98610736938588e-07,1.70468808971871,1.75348283174429
joint_categories,ensemble,6.67284224005948e-06,1.77880078307141,1.76542914881157
joint_categories,ensemble,3.55137762086377e-06,1.70468808971871,1.75529177543206
joint_categories,ensemble,8.60539735688479e-07,1.67032004603564,1.79058963943389
joint_categories,ensemble,6.39554883387589e-07,1.60653065971263,1.77855519403148
joint_categories,ensemble,5.55187328909855e-06,1.67032004603564,1.7952787120099
joint_categories,ensemble,5.13923883670437e-06,1.60653065971263,1.77977392001999
joint_categories,ensemble,2.25364660930069e-07,1.77880078307141,1.76424403775848
joint_categories,ensemble,8.12890738668601e-08,1.70468808971871,1.75786462259511
joint_categories,ensemble,1.35328952432968e-06,1.77880078307141,1.76962398528453
joint_categories,ensemble,6.24878622776209e-07,1.70468808971871,1.7595050655909
joint_categories,ensemble,8.36330801824028e-07,1.67032004603564,1.79514701222832
joint_categories,ensemble,5.2540664380888e-07,1.60653065971263,1.7831158094207
joint_categories,ensemble,6.81160531530659e-06,1.67032004603564,1.79978680493116
joint_categories,ensemble,5.47050831643916e-06,1.60653065971263,1.78426342982235
joint_categories,ensemble,2.37218574746765e-08,1.77880078307141,1.76795645646956
joint_categories,ensemble,8.12563478988953e-09,1.70468808971871,1.76121852667156
joint_categories,ensemble,1.95207496210964e-07,1.77880078307141,1.77322365279848
joint_categories,ensemble,8.66708164419322e-08,1.70468808971871,1.76285869379606
joint_categories,ensemble,5.32563055528598e-07,1.67032004603564,1.79916608922403
joint_categories,ensemble,3.17724533596762e-07,1.60653065971263,1.78692063267197
joint_categories,ensemble,5.94408914776475e-06,1.67032004603564,1.80380420809967
joint_categories,ensemble,4.59023552812243e-06,1.60653065971263,1.78818553241277
joint_categories,ensemble,0.000142091356774742,2.22140275816017,2.19429381641958
joint_categories,ensemble,0.000126356406309473,2.10517091807565,2.17737174233381
joint_categories,ensemble,2.0055544182453e-05,2.22140275816017,2.19899253560218
joint_categories,ensemble,2.25430317316789e-05,2.10517091807565,2.17799952777999
joint_categories,ensemble,1.4504873271867e-05,2.05127109637602,2.24366997134467
joint_categories,ensemble,2.24960807397412e-05,1.95122942450071,2.2204810725566
joint_categories,ensemble,2.77681666961595e-06,2.05127109637602,2.24785160663812
joint_categories,ensemble,5.43613895250765e-06,1.95122942450071,2.22081607151276
joint_categories,ensemble,9.07905571565963e-05,2.22140275816017,2.20411232837119
joint_categories,ensemble,5.37977692920416e-05,2.10517091807565,2.18783860619517
joint_categories,ensemble,1.59283587297099e-05,2.22140275816017,2.20849617872516
joint_categories,ensemble,1.17718529729212e-05,2.10517091807565,2.18784390455537
joint_categories,ensemble,5.60682532428122e-05,2.05127109637602,2.25386749720626
joint_categories,ensemble,5.79433942392778e-05,1.95122942450071,2.23097315382856
joint_categories,ensemble,1.33417823876474e-05,2.05127109637602,2.25777205279453
joint_categories,ensemble,1.71732749617387e-05,1.95122942450071,2.23077193811364
joint_categories,ensemble,1.85804972135667e-05,2.22140275816017,2.21070210687563
joint_categories,ensemble,9.21821042643118e-06,2.10517091807565,2.19454339857428
joint_categories,ensemble,4.11519524614361e-06,2.22140275816017,2.21499009929174
joint_categories,ensemble,2.61359517290967e-06,2.10517091807565,2.19437008200875
joint_categories,ensemble,6.94166648415962e-05,2.05127109637602,2.26100954547648
joint_categories,ensemble,6.00642901499511e-05,1.95122942450071,2.23814961638647
joint_categories,ensemble,2.08527500366939e-05,2.05127109637602,2.26490193741397
joint_categories,ensemble,2.30662333369957e-05,1.95122942450071,2.23788019673951
joint_categories,ensemble,2.45615551871659e-06,2.22140275816017,2.21421860486962
joint_categories,ensemble,1.14119689943552e-06,2.10517091807565,2.19759778788798
joint_categories,ensemble,7.45472917619591e-07,2.22140275816017,2.21865058608498
joint_categories,ensemble,4.48956621840626e-07,2.10517091807565,2.19772277957748
joint_categories,ensemble,5.55126988454365e-05,2.05127109637602,2.26522494222427
joint_categories,ensemble,4.49842393915159e-05,1.95122942450071,2.24210436282129
joint_categories,ensemble,2.28525585384719e-05,2.05127109637602,2.26937845657502
joint_categories,ensemble,2.39702636347004e-05,1.95122942450071,2.24225067555287
joint_categories,ensemble,2.02159158655945e-05,2.22140275816017,2.11455491342583
joint_categories,ensemble,1.66179851197379e-05,2.10517091807565,2.09899613645834
joint_categories,ensemble,0.000104428813981147,2.22140275816017,2.12129324596633
joint_categories,ensemble,0.000108505950897308,2.10517091807565,2.10191360153194
joint_categories,ensemble,2.06366737823491e-06,2.05127109637602,2.16014110007937
joint_categories,ensemble,2.95861164387526e-06,1.95122942450071,2.13836272737515
joint_categories,ensemble,1.4458828382467e-05,2.05127109637602,2.16606569391783
joint_categories,ensemble,2.61656654381069e-05,1.95122942450071,2.1405842975613
joint_categories,ensemble,1.00652977944749e-05,2.22140275816017,2.12336092886448
joint_categories,ensemble,5.53824862728041e-06,2.10517091807565,2.10826968791465
joint_categories,ensemble,6.46274633770735e-05,2.22140275816017,2.12984796074356
joint_categories,ensemble,4.43519934515032e-05,2.10517091807565,2.11066183043554
joint_categories,ensemble,6.21588503671758e-06,2.05127109637602,2.16934857491713
joint_categories,ensemble,5.96502285928648e-06,1.95122942450071,2.14772408431559
joint_categories,ensemble,5.41327306393654e-05,2.05127109637602,2.17505747137172
joint_categories,ensemble,6.47025562072485e-05,1.95122942450071,2.14949461079041
joint_categories,ensemble,1.61697656004518e-06,2.22140275816017,2.12933793992756
joint_categories,ensemble,7.5207321548965e-07,2.10517091807565,2.11423189246876
joint_categories,ensemble,1.31068090666286e-05,2.22140275816017,2.13564764051695
joint_categories,ensemble,7.80390472208189e-06,2.10517091807565,2.11637603118071
joint_categories,ensemble,6.04101809737452e-06,2.05127109637602,2.17589083087858
joint_categories,ensemble,4.90038106525038e-06,1.95122942450071,2.15420592768877
joint_categories,ensemble,6.64155640005666e-05,2.05127109637602,2.18151763876126
joint_categories,ensemble,6.88732092578919e-05,1.95122942450071,2.15584876863506
joint_categories,ensemble,1.70202760889769e-07,2.22140275816017,2.13264588250207
joint_categories,ensemble,7.51770440186815e-08,2.10517091807565,2.11702279899269
joint_categories,ensemble,1.89061345352469e-06,2.22140275816017,2.13888554872003
joint_categories,ensemble,1.08240347652302e-06,2.10517091807565,2.11923893361366
joint_categories,ensemble,3.8468307629285e-06,2.05127109637602,2.17989550458327
joint_categories,ensemble,2.96336429458901e-06,1.95122942450071,2.1579184950361
joint_categories,ensemble,5.79569741557573e-05,2.05127109637602,2.1855926845091
joint_categories,ensemble,5.77906537718545e-05,1.95122942450071,2.15978095175839
joint_categories,ensemble,8.55243232354085e-05,2.49182469764127,2.46772919173967
joint_categories,ensemble,7.32084887585417e-05,2.349858807576,2.44621083286093
joint_categories,ensemble,8.94268824761831e-06,2.49182469764127,2.474434184887
joint_categories,ensemble,9.67582831819301e-06,2.349858807576,2.4482547190511
joint_categories,ensemble,1.1992205632e-05,2.28402541668774,2.52980902831579
joint_categories,ensemble,1.78779000146227e-05,2.16183424272828,2.50081059543472
joint_categories,ensemble,1.70076375212874e-06,2.28402541668774,2.53656243233363
joint_categories,ensemble,3.20045589487336e-06,2.16183424272828,2.50331057174118
joint_categories,ensemble,5.46465396153062e-05,2.49182469764127,2.47953968304126
joint_categories,ensemble,3.11694001395145e-05,2.349858807576,2.45872816762727
joint_categories,ensemble,7.10239249158098e-06,2.49182469764127,2.48597360049717
joint_categories,ensemble,5.05266681556998e-06,2.349858807576,2.46016221897537
joint_categories,ensemble,4.63555944069487e-05,2.28402541668774,2.5418613278931
joint_categories,ensemble,4.60482970657045e-05,2.16183424272828,2.51313924870857
joint_categories,ensemble,8.17166654247965e-06,2.28402541668774,2.54841933120928
joint_categories,ensemble,1.0110541611565e-05,2.16183424272828,2.51517496598693
joint_categories,ensemble,1.11835405448824e-05,2.49182469764127,2.48851660427038
joint_categories,ensemble,5.34085507880311e-06,2.349858807576,2.46772632458379
joint_categories,ensemble,1.83494937008695e-06,2.49182469764127,2.49490456573745
joint_categories,ensemble,1.12179668144611e-06,2.349858807576,2.46902935854352
joint_categories,ensemble,5.73916713000624e-05,2.28402541668774,2.5513614840872
joint_categories,ensemble,4.77337979967824e-05,2.16183424272828,2.52254785955269
joint_categories,ensemble,1.27720356128211e-05,2.28402541668774,2.55796888310693
joint_categories,ensemble,1.35799439824581e-05,2.16183424272828,2.52458229296118
joint_categories,ensemble,1.47835197908737e-06,2.49182469764127,2.49477399014844
joint_categories,ensemble,6.61187689834956e-07,2.349858807576,2.47328265221142
joint_categories,ensemble,3.32403441096708e-07,2.49182469764127,2.5013566653195
joint_categories,ensemble,1.92699333743176e-07,2.349858807576,2.47496153298401
joint_categories,ensemble,4.58962782551825e-05,2.28402541668774,2.55841809727487
joint_categories,ensemble,3.57495042527406e-05,2.16183424272828,2.52912228975896
joint_categories,ensemble,1.3996892063821e-05,2.28402541668774,2.56532142064375
joint_categories,ensemble,1.41121800273256e-05,2.16183424272828,2.53162627319492
joint_categories,ensemble,1.21678936863826e-05,2.49182469764127,2.36749545173674
joint_categories,ensemble,9.62814322091664e-06,2.349858807576,2.34747023312117
joint_categories,ensemble,4.65643973061069e-05,2.49182469764127,2.37594557088996
joint_categories,ensemble,4.65724825693815e-05,2.349858807576,2.35161014151547
joint_categories,ensemble,1.70617992256736e-06,2.28402541668774,2.42503490124051
joint_categories,ensemble,2.3512434793968e-06,2.16183424272828,2.397729982391
joint_categories,ensemble,8.85584254813308e-06,2.28402541668774,2.43317407754629
joint_categories,ensemble,1.54046942004755e-05,2.16183424272828,2.40182931164851
joint_categories,ensemble,6.05826984536427e-06,2.49182469764127,2.37816081664949
joint_categories,ensemble,3.2087554894466e-06,2.349858807576,2.3586404223436
joint_categories,ensemble,2.88171316598425e-05,2.49182469764127,2.38639959016754
joint_categories,ensemble,1.90365820939384e-05,2.349858807576,2.36227070028312
joint_categories,ensemble,5.13911222442516e-06,2.28402541668774,2.4359873643547
joint_categories,ensemble,4.74047384062196e-06,2.16183424272828,2.40881158675624
joint_categories,ensemble,3.31555867848903e-05,2.28402541668774,2.44398048342721
joint_categories,ensemble,3.80927859342779e-05,2.16183424272828,2.41252226964664
joint_categories,ensemble,9.73252906611452e-07,2.49182469764127,2.38638384351932
joint_categories,ensemble,4.35736858540638e-07,2.349858807576,2.36676101009428
joint_categories,ensemble,5.84427459746845e-06,2.49182469764127,2.39450128993759
joint_categories,ensemble,3.34956021892519e-06,2.349858807576,2.3701960619996
joint_categories,ensemble,4.99453734565613e-06,2.28402541668774,2.44474950965153
joint_categories,ensemble,3.89439048213091e-06,2.16183424272828,2.41739873273897
joint_categories,ensemble,4.06786609520652e-05,2.28402541668774,2.4527240465096
joint_categories,ensemble,4.05482035124555e-05,2.16183424272828,2.42104798444266
joint_categories,ensemble,1.02444485493737e-07,2.49182469764127,2.39228155884371
joint_categories,ensemble,4.35561436312345e-08,2.349858807576,2.37193537101962
joint_categories,ensemble,8.43017100798329e-07,2.49182469764127,2.40039409367038
joint_categories,ensemble,4.64584814257014e-07,2.349858807576,2.37552588758996
joint_categories,ensemble,3.18044733489798e-06,2.28402541668774,2.45142534739676
joint_categories,ensemble,2.35502046683065e-06,2.16183424272828,2.42358826491392
joint_categories,ensemble,3.54978857285552e-05,2.28402541668774,2.45952022315466
joint_categories,ensemble,3.40234935399137e-05,2.16183424272828,2.42751909272515
joint_categories,ensemble,0.000811386091482705,3.33964685192599,3.18362283298839
joint_categories,ensemble,0.00089482859806472,3.11700001661268,3.14393891568689
joint_categories,ensemble,0.00011452343039103,3.33964685192599,3.19194476286552
joint_categories,ensemble,0.000159644849594574,3.11700001661268,3.14723735902513
joint_categories,ensemble,0.000114406543965405,3.01375270747048,3.2776291567801
joint_categories,ensemble,0.000220150807956044,2.82211880039051,3.22921936852818
joint_categories,ensemble,2.19020182004938e-05,3.01375270747048,3.28642852178999
joint_categories,ensemble,5.31990614899283e-05,2.82211880039051,3.23328213553542
joint_categories,ensemble,0.000518442479450815,3.33964685192599,3.20290059119569
joint_categories,ensemble,0.000380984105837122,3.11700001661268,3.16389648296609
joint_categories,ensemble,9.09559105267904e-05,3.33964685192599,3.21065712073259
joint_categories,ensemble,8.33657034102696e-05,3.11700001661268,3.16618001889977
joint_categories,ensemble,0.00044223585821523,3.01375270747048,3.29748181127774
joint_categories,ensemble,0.000567044775713202,2.82211880039051,3.2492506152685
joint_categories,ensemble,0.000105232716253355,3.01375270747048,3.30581618990195
joint_categories,ensemble,0.000168060845878773,2.82211880039051,3.25247415197335
joint_categories,ensemble,0.000106100450823488,3.33964685192599,3.21580810954464
joint_categories,ensemble,6.52813620889641e-05,3.11700001661268,3.17670844885741
joint_categories,ensemble,2.34990520341784e-05,3.33964685192599,3.22351857252946
joint_categories,ensemble,1.85089127871796e-05,3.11700001661268,3.1788145997149
joint_categories,ensemble,0.000547520862077111,3.01375270747048,3.31147497232341
joint_categories,ensemble,0.000587800255466639,2.82211880039051,3.26304371206567
joint_categories,ensemble,0.000164475140124099,3.01375270747048,3.3198714367651
joint_categories,ensemble,0.000225730426752579,2.82211880039051,3.26623680388566
joint_categories,ensemble,1.40254162648644e-05,3.33964685192599,3.22267119114796
joint_categories,ensemble,8.08170833172174e-06,3.11700001661268,3.18265692803508
joint_categories,ensemble,4.25688353368645e-06,3.33964685192599,3.23087592057085
joint_categories,ensemble,3.17941318724732e-06,3.11700001661268,3.18546566262978
joint_categories,ensemble,0.000437853947570633,3.01375270747048,3.31987096077541
joint_categories,ensemble,0.000440224088893641,2.82211880039051,3.27082833699553
joint_categories,ensemble,0.000180248540897259,3.01375270747048,3.32886039820078
joint_categories,ensemble,0.000234577434494013,2.82211880039051,3.27481728843947
joint_categories,ensemble,0.000115439202863912,3.33964685192599,3.03231960602152
joint_categories,ensemble,0.000117684957665978,3.11700001661268,2.99561763156217
joint_categories,ensemble,0.000596321191785531,3.33964685192599,3.0434451988643
joint_categories,ensemble,0.000768415553741798,3.11700001661268,3.00209024921965
joint_categories,ensemble,1.62770848260996e-05,3.01375270747048,3.11950250395156
joint_categories,ensemble,2.89535208982715e-05,2.82211880039051,3.07420944235133
joint_categories,ensemble,0.000114043366944497,3.01375270747048,3.13060537128218
joint_categories,ensemble,0.000256062042697534,2.82211880039051,3.08079795134855
joint_categories,ensemble,5.74759986986077e-05,3.33964685192599,3.04979099041394
joint_categories,ensemble,3.92206726958144e-05,3.11700001661268,3.01352577298377
joint_categories,ensemble,0.000369043030499702,3.33964685192599,3.06049513380472
joint_categories,ensemble,0.000314091174960938,3.11700001661268,3.0191782042368
joint_categories,ensemble,4.902751726321e-05,3.01375270747048,3.13759817684256
joint_categories,ensemble,5.83748172466463e-05,2.82211880039051,3.09229816035248
joint_categories,ensemble,0.000426969509611085,3.01375270747048,3.14836620993473
joint_categories,ensemble,0.000633191185195355,2.82211880039051,3.09821190865126
joint_categories,ensemble,9.23344192676061e-06,3.33964685192599,3.06158425521048
joint_categories,ensemble,5.32601900223697e-06,3.11700001661268,3.02505901709414
joint_categories,ensemble,7.48439794071431e-05,3.33964685192599,3.07212759553861
joint_categories,ensemble,5.52655565780177e-05,3.11700001661268,3.03043578791131
joint_categories,ensemble,4.76482620426319e-05,3.01375270747048,3.15047086636713
joint_categories,ensemble,4.7956035688543e-05,2.82211880039051,3.10485503861294
joint_categories,ensemble,0.000523849812432037,3.01375270747048,3.16120302052324
joint_categories,ensemble,0.00067400596753126,2.82211880039051,3.11065371831632
joint_categories,ensemble,9.71911001855274e-07,3.33964685192599,3.06802346838971
joint_categories,ensemble,5.32387481336932e-07,3.11700001661268,3.03053370309598
joint_categories,ensemble,1.07959941785333e-05,3.33964685192599,3.0787084717382
joint_categories,ensemble,7.66534609306042e-06,3.11700001661268,3.03623826303561
joint_categories,ensemble,3.03417068565539e-05,3.01375270747048,3.15837430452643
joint_categories,ensemble,2.90000312174097e-05,2.82211880039051,3.11212707090991
joint_categories,ensemble,0.000457133060563378,3.01375270747048,3.16939056952216
joint_categories,ensemble,0.00056555002924159,2.82211880039051,3.11840161281793
joint_categories,ensemble,2.0845515000537e-06,1.77880078307141,1.80766183806691
joint_categories,ensemble,1.54804351555004e-06,1.70468808971871,1.80019369184968
joint_categories,ensemble,2.39549795321223e-07,1.77880078307141,1.81206333200338
joint_categories,ensemble,2.25113839387877e-07,1.70468808971871,1.80086386086085
joint_categories,ensemble,1.85503299115649e-07,1.67032004603564,1.84073798693272
joint_categories,ensemble,2.41100267576598e-07,1.60653065971263,1.82783696850978
joint_categories,ensemble,2.89135416785279e-08,1.67032004603564,1.84451315870722
joint_categories,ensemble,4.7488161180796e-08,1.60653065971263,1.82816396917362
joint_categories,ensemble,1.33194302881859e-06,1.77880078307141,1.81325548569454
joint_categories,ensemble,6.5909826289004e-07,1.70468808971871,1.80639740090781
joint_categories,ensemble,1.90253380251999e-07,1.77880078307141,1.81752574179281
joint_categories,ensemble,1.17553266614087e-07,1.70468808971871,1.80671526968119
joint_categories,ensemble,7.17058726212131e-07,1.67032004603564,1.84647795323689
joint_categories,ensemble,6.21004521499016e-07,1.60653065971263,1.83389290920879
joint_categories,ensemble,1.38921011729754e-07,1.67032004603564,1.85015353816235
joint_categories,ensemble,1.50019573912653e-07,1.60653065971263,1.83394215517598
joint_categories,ensemble,2.72585217126795e-07,1.77880078307141,1.81799088003772
joint_categories,ensemble,1.12936029857179e-07,1.70468808971871,1.81129309974965
joint_categories,ensemble,4.91532002299424e-08,1.77880078307141,1.82219205343855
joint_categories,ensemble,2.60992598946893e-08,1.70468808971871,1.81148947719729
joint_categories,ensemble,8.8777199913198e-07,1.67032004603564,1.85142980305719
joint_categories,ensemble,6.43735084101509e-07,1.60653065971263,1.83891647740087
joint_categories,ensemble,2.17128794959755e-07,1.67032004603564,1.85510582316757
joint_categories,ensemble,2.0149834581322e-07,1.60653065971263,1.83893810318179
joint_categories,ensemble,3.60330338672362e-08,1.77880078307141,1.82190318441816
joint_categories,ensemble,1.3981265467539e-08,1.70468808971871,1.81488094883034
joint_categories,ensemble,8.90416551197492e-09,1.77880078307141,1.82611013492797
joint_categories,ensemble,4.48326338995165e-09,1.70468808971871,1.8152065250713
joint_categories,ensemble,7.09953722837074e-07,1.67032004603564,1.85563336639898
joint_categories,ensemble,4.82115630695812e-07,1.60653065971263,1.84292315870573
joint_categories,ensemble,2.37951756409793e-07,1.67032004603564,1.8594138323479
joint_categories,ensemble,2.09395630423636e-07,1.60653065971263,1.84317453614553
joint_categories,ensemble,2.96577629344414e-07,1.77880078307141,1.75495926869189
joint_categories,ensemble,2.03593666973327e-07,1.70468808971871,1.74805303235145
joint_categories,ensemble,1.24733095184267e-06,1.77880078307141,1.76057996616632
joint_categories,ensemble,1.08353621170662e-06,1.70468808971871,1.75017406244172
joint_categories,ensemble,2.63923096579142e-08,1.67032004603564,1.78545445159013
joint_categories,ensemble,3.1708725944134e-08,1.60653065971263,1.77321320119284
joint_categories,ensemble,1.50552228252419e-07,1.67032004603564,1.79023061685807
joint_categories,ensemble,2.28573873586219e-07,1.60653065971263,1.77467961666472
joint_categories,ensemble,1.47662969037744e-07,1.77880078307141,1.75992499272697
joint_categories,ensemble,6.78513272525903e-08,1.70468808971871,1.75348283174429
joint_categories,ensemble,7.71930967480444e-07,1.77880078307141,1.76542914881157
joint_categories,ensemble,4.42897284145829e-07,1.70468808971871,1.75529177543206
joint_categories,ensemble,7.94951572221692e-08,1.67032004603564,1.79058963943389
joint_categories,ensemble,6.39297406562847e-08,1.60653065971263,1.77855519403148
joint_categories,ensemble,5.63655851191029e-07,1.67032004603564,1.7952787120099
joint_categories,ensemble,5.65218336915755e-07,1.60653065971263,1.77977392001999
joint_categories,ensemble,2.37218574746765e-08,1.77880078307141,1.76424403775848
joint_categories,ensemble,9.21395359730434e-09,1.70468808971871,1.75786462259511
joint_categories,ensemble,1.56551894112763e-07,1.77880078307141,1.76962398528453
joint_categories,ensemble,7.79294894810583e-08,1.70468808971871,1.7595050655909
joint_categories,ensemble,7.72587782103437e-08,1.67032004603564,1.79514701222832
joint_categories,ensemble,5.25195121642667e-08,1.60653065971263,1.7831158094207
joint_categories,ensemble,6.91550579786353e-07,1.67032004603564,1.79978680493116
joint_categories,ensemble,6.01651666900223e-07,1.60653065971263,1.78426342982235
joint_categories,ensemble,2.49695990368019e-09,1.77880078307141,1.76795645646956
joint_categories,ensemble,9.21024417442731e-10,1.70468808971871,1.76121852667156
joint_categories,ensemble,2.25820881100617e-08,1.77880078307141,1.77322365279848
joint_categories,ensemble,1.080883908017e-08,1.70468808971871,1.76285869379606
joint_categories,ensemble,4.91972445596524e-08,1.67032004603564,1.79916608922403
joint_categories,ensemble,3.17596621659604e-08,1.60653065971263,1.78692063267197
joint_categories,ensemble,6.03475701564994e-07,1.67032004603564,1.80380420809967
joint_categories,ensemble,5.0483843496963e-07,1.60653065971263,1.78818553241277
joint_categories,ensemble,2.04962038725271e-05,2.22140275816017,2.19429381641958
joint_categories,ensemble,1.97363112280223e-05,2.10517091807565,2.17737174233381
joint_categories,ensemble,3.17939840392559e-06,2.22140275816017,2.19899253560218
joint_categories,ensemble,3.87412259928247e-06,2.10517091807565,2.17799952777999
joint_categories,ensemble,1.85104307145978e-06,2.05127109637602,2.24366997134467
joint_categories,ensemble,3.12021185137464e-06,1.95122942450071,2.2204810725566
joint_categories,ensemble,3.89452524779254e-07,2.05127109637602,2.24785160663812
joint_categories,ensemble,8.29583465688274e-07,1.95122942450071,2.22081607151276
joint_categories,ensemble,1.30962347845826e-05,2.22140275816017,2.20411232837119
joint_categories,ensemble,8.40297337612291e-06,2.10517091807565,2.18783860619517
joint_categories,ensemble,2.52511713776892e-06,2.22140275816017,2.20849617872516
joint_categories,ensemble,2.02304650859079e-06,2.10517091807565,2.18784390455537
joint_categories,ensemble,7.15516431951571e-06,2.05127109637602,2.25386749720626
joint_categories,ensemble,8.03676282575203e-06,1.95122942450071,2.23097315382856
joint_categories,ensemble,1.87120413557706e-06,2.05127109637602,2.25777205279453
joint_categories,ensemble,2.62073230365184e-06,1.95122942450071,2.23077193811364
joint_categories,ensemble,2.68017469595926e-06,2.22140275816017,2.21070210687563
joint_categories,ensemble,1.43984365538106e-06,2.10517091807565,2.19454339857428
joint_categories,ensemble,6.52380462898558e-07,2.22140275816017,2.21499009929174
joint_categories,ensemble,4.4915822526728e-07,2.10517091807565,2.19437008200875
joint_categories,ensemble,8.85862524204898e-06,2.05127109637602,2.26100954547648
joint_categories,ensemble,8.33093160264141e-06,1.95122942450071,2.23814961638647
joint_categories,ensemble,2.92462813236579e-06,2.05127109637602,2.26490193741397
joint_categories,ensemble,3.52002882178946e-06,1.95122942450071,2.23788019673951
joint_categories,ensemble,3.5429223421418e-07,2.22140275816017,2.21421860486962
joint_categories,ensemble,1.78249903091972e-07,2.10517091807565,2.19759778788798
joint_categories,ensemble,1.18179560867921e-07,2.22140275816017,2.21865058608498
joint_categories,ensemble,7.7155238721777e-08,2.10517091807565,2.19772277957748
joint_categories,ensemble,7.08426710457239e-06,2.05127109637602,2.26522494222427
joint_categories,ensemble,6.23932490722812e-06,1.95122942450071,2.24210436282129
joint_categories,ensemble,3.20510414600201e-06,2.05127109637602,2.26937845657502
joint_categories,ensemble,3.65798861163462e-06,1.95122942450071,2.24225067555287
joint_categories,ensemble,2.91607837701169e-06,2.22140275816017,2.11455491342583
joint_categories,ensemble,2.59565570029354e-06,2.10517091807565,2.09899613645834
joint_categories,ensemble,1.65550633518084e-05,2.22140275816017,2.12129324596633
joint_categories,ensemble,1.86472414860318e-05,2.10517091807565,2.10191360153194
joint_categories,ensemble,2.63355434458588e-07,2.05127109637602,2.16014110007937
joint_categories,ensemble,4.10360152136474e-07,1.95122942450071,2.13836272737515
joint_categories,ensemble,2.02787144016984e-06,2.05127109637602,2.16606569391783
joint_categories,ensemble,3.9930185018857e-06,1.95122942450071,2.1405842975613
joint_categories,ensemble,1.45188560596478e-06,2.22140275816017,2.12336092886448
joint_categories,ensemble,8.65049915225221e-07,2.10517091807565,2.10826968791465
joint_categories,ensemble,1.02453691628374e-05,2.22140275816017,2.12984796074356
joint_categories,ensemble,7.62209192618207e-06,2.10517091807565,2.11066183043554
joint_categories,ensemble,7.9324174121003e-07,2.05127109637602,2.16934857491713
joint_categories,ensemble,8.27350116431013e-07,1.95122942450071,2.14772408431559
joint_categories,ensemble,7.59219319423485e-06,2.05127109637602,2.17505747137172
joint_categories,ensemble,9.87395121541902e-06,1.95122942450071,2.14949461079041
joint_categories,ensemble,2.33243470848993e-07,2.22140275816017,2.12933793992756
joint_categories,ensemble,1.17470506487888e-07,2.10517091807565,2.11423189246876
joint_categories,ensemble,2.07781785664314e-06,2.22140275816017,2.13564764051695
joint_categories,ensemble,1.34113654304886e-06,2.10517091807565,2.11637603118071
joint_categories,ensemble,7.70926052514828e-07,2.05127109637602,2.17589083087858
joint_categories,ensemble,6.79684041542165e-07,1.95122942450071,2.15420592768877
joint_categories,ensemble,9.31487820844727e-06,2.05127109637602,2.18151763876126
joint_categories,ensemble,1.05104148603264e-05,1.95122942450071,2.15584876863506
joint_categories,ensemble,2.45511800720857e-08,2.22140275816017,2.13264588250207
joint_categories,ensemble,1.1742321432611e-08,2.10517091807565,2.11702279899269
joint_categories,ensemble,2.99718289461116e-07,2.22140275816017,2.13888554872003
joint_categories,ensemble,1.86015963595835e-07,2.10517091807565,2.11923893361366
joint_categories,ensemble,4.90914280830571e-07,2.05127109637602,2.17989550458327
joint_categories,ensemble,4.11019345942456e-07,1.95122942450071,2.1579184950361
joint_categories,ensemble,8.1285488381368e-06,2.05127109637602,2.1855926845091
joint_categories,ensemble,8.81915846141698e-06,1.95122942450071,2.15978095175839
joint_categories,ensemble,5.44606210902754e-05,2.49182469764127,2.46772919173967
joint_categories,ensemble,5.02001892465975e-05,2.349858807576,2.44621083286093
joint_categories,ensemble,6.25843527248239e-06,2.49182469764127,2.474434184887
joint_categories,ensemble,7.30002562963114e-06,2.349858807576,2.4482547190511
joint_categories,ensemble,6.7019144234001e-06,2.28402541668774,2.52980902831579
joint_categories,ensemble,1.0811145064054e-05,2.16183424272828,2.50081059543472
joint_categories,ensemble,1.04459641920492e-06,2.28402541668774,2.53656243233363
joint_categories,ensemble,2.129410325883e-06,2.16183424272828,2.50331057174118
joint_categories,ensemble,3.4798106261445e-05,2.49182469764127,2.47953968304126
joint_categories,ensemble,2.137333815027e-05,2.349858807576,2.45872816762727
joint_categories,ensemble,4.97052591542177e-06,2.49182469764127,2.48597360049717
joint_categories,ensemble,3.81203510838398e-06,2.349858807576,2.46016221897537
joint_categories,ensemble,2.59060957003788e-05,2.28402541668774,2.5418613278931
joint_categories,ensemble,2.78463812373261e-05,2.16183424272828,2.51313924870857
joint_categories,ensemble,5.01897667946345e-06,2.28402541668774,2.54841933120928
joint_categories,ensemble,6.72700778111741e-06,2.16183424272828,2.51517496598693
joint_categories,ensemble,7.12151281672361e-06,2.49182469764127,2.48851660427038
joint_categories,ensemble,3.66230665652533e-06,2.349858807576,2.46772632458379
joint_categories,ensemble,1.28416775168586e-06,2.49182469764127,2.49490456573745
joint_categories,ensemble,8.46350747087371e-07,2.349858807576,2.46902935854352
joint_categories,ensemble,3.20736719726158e-05,2.28402541668774,2.5513614840872
joint_categories,ensemble,2.88656393748354e-05,2.16183424272828,2.52254785955269
joint_categories,ensemble,7.84448907169604e-06,2.28402541668774,2.55796888310693
joint_categories,ensemble,9.03536055206385e-06,2.16183424272828,2.52458229296118
joint_categories,ensemble,9.41392622886055e-07,2.49182469764127,2.49477399014844
joint_categories,ensemble,4.53386591092043e-07,2.349858807576,2.47328265221142
joint_categories,ensemble,2.32628641729539e-07,2.49182469764127,2.5013566653195
joint_categories,ensemble,1.45383943253009e-07,2.349858807576,2.47496153298401
joint_categories,ensemble,2.564940417616e-05,2.28402541668774,2.55841809727487
joint_categories,ensemble,2.16184829386154e-05,2.16183424272828,2.52912228975896
joint_categories,ensemble,8.59678677392131e-06,2.28402541668774,2.56532142064375
joint_categories,ensemble,9.38948164198842e-06,2.16183424272828,2.53162627319492
joint_categories,ensemble,7.74833430364383e-06,2.49182469764127,2.36749545173674
joint_categories,ensemble,6.6021662238857e-06,2.349858807576,2.34747023312117
joint_categories,ensemble,3.25875462135266e-05,2.49182469764127,2.37594557088996
joint_categories,ensemble,3.51370761460066e-05,2.349858807576,2.35161014151547
joint_categories,ensemble,9.53508652441513e-07,2.28402541668774,2.42503490124051
joint_categories,ensemble,1.42184676700723e-06,2.16183424272828,2.397729982391
joint_categories,ensemble,5.43919248234434e-06,2.28402541668774,2.43317407754629
joint_categories,ensemble,1.02494506954799e-05,2.16183424272828,2.40182931164851
joint_categories,ensemble,3.85781642028154e-06,2.49182469764127,2.37816081664949
joint_categories,ensemble,2.20029310190457e-06,2.349858807576,2.3586404223436
joint_categories,ensemble,2.01673309230879e-05,2.49182469764127,2.38639959016754
joint_categories,ensemble,1.43623401135625e-05,2.349858807576,2.36227070028312
joint_categories,ensemble,2.87202299537308e-06,2.28402541668774,2.4359873643547
joint_categories,ensemble,2.86666500659466e-06,2.16183424272828,2.40881158675624
joint_categories,ensemble,2.03639142642738e-05,2.28402541668774,2.44398048342721
joint_categories,ensemble,2.53448803465894e-05,2.16183424272828,2.41252226964664
joint_categories,ensemble,6.19753021910274e-07,2.49182469764127,2.38638384351932
joint_categories,ensemble,2.98791480761249e-07,2.349858807576,2.36676101009428
joint_categories,ensemble,4.0900468930705e-06,2.49182469764127,2.39450128993759
joint_categories,ensemble,2.52710927085912e-06,2.349858807576,2.3701960619996
joint_categories,ensemble,2.79122647678287e-06,2.28402541668774,2.44474950965153
joint_categories,ensemble,2.35502046683065e-06,2.16183424272828,2.41739873273897
joint_categories,ensemble,2.49845303413792e-05,2.28402541668774,2.4527240465096
joint_categories,ensemble,2.69785824556237e-05,2.16183424272828,2.42104798444266
joint_categories,ensemble,6.52351295654891e-08,2.49182469764127,2.39228155884371
joint_categories,ensemble,2.98671191035184e-08,2.349858807576,2.37193537101962
joint_categories,ensemble,5.89975610560644e-07,2.49182469764127,2.40039409367038
joint_categories,ensemble,3.50510668408283e-07,2.349858807576,2.37552588758996
joint_categories,ensemble,1.77741163891819e-06,2.28402541668774,2.45142534739676
joint_categories,ensemble,1.42413079136239e-06,2.16183424272828,2.42358826491392
joint_categories,ensemble,2.180253681617e-05,2.28402541668774,2.45952022315466
joint_categories,ensemble,2.26373931859394e-05,2.16183424272828,2.42751909272515
joint_categories,ensemble,0.000708049136404276,3.33964685192599,3.18362283298839
joint_categories,ensemble,0.000845548731189756,3.11700001661268,3.14393891568689
joint_categories,ensemble,0.000109833523719097,3.33964685192599,3.19194476286552
joint_categories,ensemble,0.000165976276440443,3.11700001661268,3.14723735902513
joint_categories,ensemble,8.832497425286e-05,3.01375270747048,3.2776291567801
joint_categories,ensemble,0.000184725806409608,2.82211880039051,3.22921936852818
joint_categories,ensemble,1.85832435528966e-05,3.01375270747048,3.28642852178999
joint_categories,ensemble,4.91138044411409e-05,2.82211880039051,3.23328213553542
joint_categories,ensemble,0.000452414397663194,3.33964685192599,3.20290059119569
joint_categories,ensemble,0.00036000260607534,3.11700001661268,3.16389648296609
joint_categories,ensemble,8.72311292294187e-05,3.33964685192599,3.21065712073259
joint_categories,ensemble,8.66719413123188e-05,3.11700001661268,3.16618001889977
joint_categories,ensemble,0.000341418151765541,3.01375270747048,3.29748181127774
joint_categories,ensemble,0.000475800222749539,2.82211880039051,3.2492506152685
joint_categories,ensemble,8.92869861565941e-05,3.01375270747048,3.30581618990195
joint_categories,ensemble,0.000155155134085692,2.82211880039051,3.25247415197335
joint_categories,ensemble,9.25876513860307e-05,3.33964685192599,3.21580810954464
joint_categories,ensemble,6.16861966683259e-05,3.11700001661268,3.17670844885741
joint_categories,ensemble,2.2536730520206e-05,3.33964685192599,3.22351857252946
joint_categories,ensemble,1.92429660786337e-05,3.11700001661268,3.1788145997149
joint_categories,ensemble,0.000422701048119135,3.01375270747048,3.31147497232341
joint_categories,ensemble,0.000493215887813269,2.82211880039051,3.26304371206567
joint_categories,ensemble,0.000139552508784511,3.01375270747048,3.3198714367651
joint_categories,ensemble,0.000208396158229978,2.82211880039051,3.26623680388566
joint_categories,ensemble,1.22391596039078e-05,3.33964685192599,3.22267119114796
joint_categories,ensemble,7.63663369779645e-06,3.11700001661268,3.18265692803508
joint_categories,ensemble,4.08255775233226e-06,3.33964685192599,3.23087592057085
joint_categories,ensemble,3.30550696389573e-06,3.11700001661268,3.18546566262978
joint_categories,ensemble,0.000338035197159558,3.01375270747048,3.31987096077541
joint_categories,ensemble,0.000369386560861724,2.82211880039051,3.27082833699553
joint_categories,ensemble,0.000152935793628027,3.01375270747048,3.32886039820078
joint_categories,ensemble,0.000216563787431187,2.82211880039051,3.27481728843947
joint_categories,ensemble,0.000100737033519551,3.33964685192599,3.03231960602152
joint_categories,ensemble,0.000111203829258249,3.11700001661268,2.99561763156217
joint_categories,ensemble,0.000571900942353418,3.33964685192599,3.0434451988643
joint_categories,ensemble,0.000798890491568475,3.11700001661268,3.00209024921965
joint_categories,ensemble,1.25663537097284e-05,3.01375270747048,3.11950250395156
joint_categories,ensemble,2.42945394840365e-05,2.82211880039051,3.07420944235133
joint_categories,ensemble,9.67625743035028e-05,3.01375270747048,3.13060537128218
joint_categories,ensemble,0.000236398551734351,2.82211880039051,3.08079795134855
joint_categories,ensemble,5.01559389170155e-05,3.33964685192599,3.04979099041394
joint_categories,ensemble,3.70607176682522e-05,3.11700001661268,3.01352577298377
joint_categories,ensemble,0.000353930163507669,3.33964685192599,3.06049513380472
joint_categories,ensemble,0.000326547858043721,3.11700001661268,3.0191782042368
joint_categories,ensemble,3.78505813554172e-05,3.01375270747048,3.13759817684256
joint_categories,ensemble,4.89815835336534e-05,2.82211880039051,3.09229816035248
joint_categories,ensemble,0.000362271563932165,3.01375270747048,3.14836620993473
joint_categories,ensemble,0.00058456723055963,2.82211880039051,3.09821190865126
joint_categories,ensemble,8.05748416310047e-06,3.33964685192599,3.06158425521048
joint_categories,ensemble,5.03270527939506e-06,3.11700001661268,3.02505901709414
joint_categories,ensemble,7.17790059150192e-05,3.33964685192599,3.07212759553861
joint_categories,ensemble,5.74573581266336e-05,3.11700001661268,3.03043578791131
joint_categories,ensemble,3.67857586833634e-05,3.01375270747048,3.15047086636713
joint_categories,ensemble,4.02393134371e-05,2.82211880039051,3.10485503861294
joint_categories,ensemble,0.000444471763307377,3.01375270747048,3.16120302052324
joint_categories,ensemble,0.000622247768182139,2.82211880039051,3.11065371831632
joint_categories,ensemble,8.48129827155301e-07,3.33964685192599,3.06802346838971
joint_categories,ensemble,5.03067917497641e-07,3.11700001661268,3.03053370309598
joint_categories,ensemble,1.03538819840664e-05,3.33964685192599,3.0787084717382
joint_categories,ensemble,7.96934949911911e-06,3.11700001661268,3.03623826303561
joint_categories,ensemble,2.3424625760073e-05,3.01375270747048,3.15837430452643
joint_categories,ensemble,2.4333565714687e-05,2.82211880039051,3.11212707090991
joint_categories,ensemble,0.000387864484576986,3.01375270747048,3.16939056952216
joint_categories,ensemble,0.000522120367539033,2.82211880039051,3.11840161281793
joint_categories,sieve_md,0.00174025820357453,1.77880078307141,1.76853842796594
joint_categories,sieve_md,0.00185715841286508,1.70468808971871,1.78208496790562
joint_categories,sieve_md,0.000153781324673641,1.77880078307141,1.7738698903901
joint_categories,sieve_md,0.000206020115638397,1.70468808971871,1.79021932994569
joint_categories,sieve_md,0.000218590353129231,1.67032004603564,1.80942604480724
joint_categories,sieve_md,0.000405237579754544,1.60653065971263,1.82638085929601
joint_categories,sieve_md,2.61991607316705e-05,1.67032004603564,1.81491425127884
joint_categories,sieve_md,6.08890250111459e-05,1.60653065971263,1.83208357297583
joint_categories,sieve_md,0.00111195371404149,1.77880078307141,1.77504976736249
joint_categories,sieve_md,0.000790707671674256,1.70468808971871,1.79214607168089
joint_categories,sieve_md,0.000122135010800397,1.77880078307141,1.78052293980772
joint_categories,sieve_md,0.000107582624184099,1.70468808971871,1.79701717528744
joint_categories,sieve_md,0.000844955970725827,1.67032004603564,1.81648754196383
joint_categories,sieve_md,0.00104377474085108,1.60653065971263,1.83416600483638
joint_categories,sieve_md,0.000125879214514111,1.67032004603564,1.82192016383883
joint_categories,sieve_md,0.000192354164932859,1.60653065971263,1.83923709219055
joint_categories,sieve_md,0.000227563895766465,1.77880078307141,1.78190315936563
joint_categories,sieve_md,0.000135487210700482,1.70468808971871,1.79828771432779
joint_categories,sieve_md,3.15543757120446e-05,1.77880078307141,1.78723318626467
joint_categories,sieve_md,2.38855707681118e-05,1.70468808971871,1.80386930546206
joint_categories,sieve_md,0.00104611829392598,1.67032004603564,1.82342428644168
joint_categories,sieve_md,0.00108197991693023,1.60653065971263,1.84128983484251
joint_categories,sieve_md,0.000196744911497615,1.67032004603564,1.82914543440944
joint_categories,sieve_md,0.000258359926197505,1.60653065971263,1.84639987620873
joint_categories,sieve_md,3.00816663850815e-05,1.77880078307141,1.78858594777177
joint_categories,sieve_md,1.67730587187752e-05,1.70468808971871,1.80515068661661
joint_categories,sieve_md,5.71611579007489e-06,1.77880078307141,1.79400112149054
joint_categories,sieve_md,4.10300159486762e-06,1.70468808971871,1.81072982719331
joint_categories,sieve_md,0.000836583692690115,1.67032004603564,1.83114480629354
joint_categories,sieve_md,0.000810332453417692,1.60653065971263,1.84784376378086
joint_categories,sieve_md,0.000215613029419814,1.67032004603564,1.83609846816194
joint_categories,sieve_md,0.000268485775424074,1.60653065971263,1.85377106355347
joint_categories,sieve_md,0.00024759362023438,1.77880078307141,1.70885667681623
joint_categories,sieve_md,0.000244247456629939,1.70468808971871,1.72373569420929
joint_categories,sieve_md,0.000800736255372642,1.77880078307141,1.71397472580524
joint_categories,sieve_md,0.000991632750084089,1.70468808971871,1.72870384379909
joint_categories,sieve_md,3.10997395492295e-05,1.67032004603564,1.74636664354496
joint_categories,sieve_md,5.32955333806034e-05,1.60653065971263,1.76209174466672
joint_categories,sieve_md,0.000136418501418851,1.67032004603564,1.75163060138034
joint_categories,sieve_md,0.00029307599956753,1.60653065971263,1.76746599892993
joint_categories,sieve_md,0.000123274331780955,1.77880078307141,1.71486820347041
joint_categories,sieve_md,8.13999490101135e-05,1.70468808971871,1.72997401564755
joint_categories,sieve_md,0.000495548604316552,1.77880078307141,1.71999892835737
joint_categories,sieve_md,0.000405331586648643,1.70468808971871,1.73496171049968
joint_categories,sieve_md,9.36742072626127e-05,1.67032004603564,1.75278324435193
joint_categories,sieve_md,0.000107452113754531,1.60653065971263,1.76864353599624
joint_categories,sieve_md,0.000510740275504435,1.67032004603564,1.75798283464513
joint_categories,sieve_md,0.000724719437381358,1.60653065971263,1.77494219508493
joint_categories,sieve_md,1.98038556846727e-05,1.77880078307141,1.72101400852606
joint_categories,sieve_md,1.10538051851225e-05,1.70468808971871,1.73620495829899
joint_categories,sieve_md,0.000100500013471292,1.77880078307141,1.72601013978224
joint_categories,sieve_md,7.13196597694096e-05,1.70468808971871,1.74130635239066
joint_categories,sieve_md,9.10389394250258e-05,1.67032004603564,1.75925500942204
joint_categories,sieve_md,8.82739791758016e-05,1.60653065971263,1.77525165383752
joint_categories,sieve_md,0.000626628345823079,1.67032004603564,1.76475968304859
joint_categories,sieve_md,0.00077143402656534,1.60653065971263,1.78061510139638
joint_categories,sieve_md,2.0845515000537e-06,1.77880078307141,1.72721264978228
joint_categories,sieve_md,1.10493550609278e-06,1.70468808971871,1.7425341979165
joint_categories,sieve_md,1.44967914449915e-05,1.77880078307141,1.73225173335972
joint_categories,sieve_md,9.89205409702311e-06,1.70468808971871,1.74767944928627
joint_categories,sieve_md,5.79722469225475e-05,1.67032004603564,1.76578241300885
joint_categories,sieve_md,5.33811461900052e-05,1.60653065971263,1.78191658243614
joint_categories,sieve_md,0.000546821869100191,1.67032004603564,1.77128108758247
joint_categories,sieve_md,0.000647300702514553,1.60653065971263,1.78733801753768
joint_categories,sieve_md,0.000217422827268939,2.22140275816017,2.14976550062419
joint_categories,sieve_md,0.000298198692714622,2.10517091807565,2.17282424519127
joint_categories,sieve_md,2.5934829145966e-05,2.22140275816017,2.15581123336097
joint_categories,sieve_md,4.46534230144018e-05,2.10517091807565,2.18004474442984
joint_categories,sieve_md,2.73328081314994e-05,2.05127109637602,2.20873720736022
joint_categories,sieve_md,6.49841175686607e-05,1.95122942450071,2.2346265327121
joint_categories,sieve_md,4.42210433327707e-06,2.05127109637602,2.21711292498954
joint_categories,sieve_md,1.3180287317488e-05,1.95122942450071,2.24275611789961
joint_categories,sieve_md,0.000138924281352335,2.22140275816017,2.15836384422509
joint_categories,sieve_md,0.000126961702555535,2.10517091807565,2.18261756816801
joint_categories,sieve_md,2.05977588278114e-05,2.22140275816017,2.16574787690853
joint_categories,sieve_md,2.33177833718129e-05,2.10517091807565,2.1903088663437
joint_categories,sieve_md,0.000105654339712604,2.05127109637602,2.2203892974684
joint_categories,sieve_md,0.000167380282242702,1.95122942450071,2.24588028887734
joint_categories,sieve_md,2.12469027414097e-05,2.05127109637602,2.22757658630694
joint_categories,sieve_md,4.163776904075e-05,1.95122942450071,2.25353395476245
joint_categories,sieve_md,2.84311750407215e-05,2.22140275816017,2.16825837153274
joint_categories,sieve_md,2.1754799607054e-05,2.10517091807565,2.19228040673479
joint_categories,sieve_md,5.32156518118335e-06,2.22140275816017,2.1757699469359
joint_categories,sieve_md,5.17703085518578e-06,2.10517091807565,2.20054209005269
joint_categories,sieve_md,0.000130807925424896,2.05127109637602,2.22645730242735
joint_categories,sieve_md,0.000173506884952062,1.95122942450071,2.25758031726022
joint_categories,sieve_md,3.32081830633641e-05,2.05127109637602,2.23741805238487
joint_categories,sieve_md,5.59256460090264e-05,1.95122942450071,2.26447326333234
joint_categories,sieve_md,3.75831640441126e-06,2.22140275816017,2.17771740612616
joint_categories,sieve_md,2.69320277048856e-06,2.10517091807565,2.20253058000573
joint_categories,sieve_md,9.64008384690171e-07,2.22140275816017,2.18587817786445
joint_categories,sieve_md,8.89296976058208e-07,2.10517091807565,2.21086328997563
joint_categories,sieve_md,0.000104607459711278,2.05127109637602,2.24022534300082
joint_categories,sieve_md,0.000129945350711285,1.95122942450071,2.2661039717283
joint_categories,sieve_md,3.63928952333109e-05,2.05127109637602,2.24854206971028
joint_categories,sieve_md,5.811752873527e-05,1.95122942450071,2.2754047472989
joint_categories,sieve_md,3.09336308914031e-05,2.22140275816017,2.05858861771214
joint_categories,sieve_md,3.92181257998104e-05,2.10517091807565,2.08077388525571
joint_categories,sieve_md,0.000135042132184401,2.22140275816017,2.06606582967401
joint_categories,sieve_md,0.00021492948165391,2.10517091807565,2.08753844132957
joint_categories,sieve_md,3.88874990076138e-06,2.05127109637602,2.11473383514163
joint_categories,sieve_md,8.54650057180629e-06,1.95122942450071,2.13822001640798
joint_categories,sieve_md,2.30258080570583e-05,2.05127109637602,2.12268877257874
joint_categories,sieve_md,6.34404291980849e-05,1.95122942450071,2.14617341369787
joint_categories,sieve_md,1.54015385133373e-05,2.22140275816017,2.06768942712989
joint_categories,sieve_md,1.30701604201904e-05,2.10517091807565,2.09018443592143
joint_categories,sieve_md,8.35730113116567e-05,2.22140275816017,2.07523728105983
joint_categories,sieve_md,8.78527941003989e-05,2.10517091807565,2.09742411811565
joint_categories,sieve_md,1.17131387425208e-05,2.05127109637602,2.12431733152105
joint_categories,sieve_md,1.72310791053856e-05,1.95122942450071,2.14800542621824
joint_categories,sieve_md,8.62068372578466e-05,2.05127109637602,2.13162398065595
joint_categories,sieve_md,0.000156875732654711,1.95122942450071,2.15642296287074
joint_categories,sieve_md,2.47423645809763e-06,2.22140275816017,2.07686847726425
joint_categories,sieve_md,1.77487834795981e-06,2.10517091807565,2.09955687826164
joint_categories,sieve_md,1.69490715733964e-05,2.22140275816017,2.08466948830596
joint_categories,sieve_md,1.54580387796516e-05,2.10517091807565,2.10717605129083
joint_categories,sieve_md,1.13836215925243e-05,2.05127109637602,2.13398321833301
joint_categories,sieve_md,1.41556630668073e-05,1.95122942450071,2.15787496233429
joint_categories,sieve_md,0.000105767354603416,2.05127109637602,2.14230143258164
joint_categories,sieve_md,0.000166987763636494,1.95122942450071,2.16489064918781
joint_categories,sieve_md,2.6043783606274e-07,2.22140275816017,2.08612644075978
joint_categories,sieve_md,1.77416380405872e-07,2.10517091807565,2.10900989657829
joint_categories,sieve_md,2.44484699353745e-06,2.22140275816017,2.09365255009285
joint_categories,sieve_md,2.14403372557565e-06,2.10517091807565,2.11669457252381
joint_categories,sieve_md,7.24892146154825e-06,2.05127109637602,2.14373220389765
joint_categories,sieve_md,8.56022948824815e-06,1.95122942450071,2.16782934799976
joint_categories,sieve_md,9.22969778171376e-05,2.05127109637602,2.15186604282054
joint_categories,sieve_md,0.000140117356755045,1.95122942450071,2.17700261754887
joint_categories,sieve_md,0.000205349404718872,2.49182469764127,2.41744062581112
joint_categories,sieve_md,0.000272007536725472,2.349858807576,2.43262371861144
joint_categories,sieve_md,1.81461023506442e-05,2.49182469764127,2.42637537614216
joint_categories,sieve_md,3.01746064215624e-05,2.349858807576,2.45587225187643
joint_categories,sieve_md,3.56687614762618e-05,2.28402541668774,2.49112377894824
joint_categories,sieve_md,8.2071715817762e-05,2.16183424272828,2.52256663501796
joint_categories,sieve_md,4.27508168424856e-06,2.28402541668774,2.50140425805919
joint_categories,sieve_md,1.23316962858239e-05,2.16183424272828,2.53303714785513
joint_categories,sieve_md,0.000131209858849879,2.49182469764127,2.42791713795063
joint_categories,sieve_md,0.00011581050089865,2.349858807576,2.45765893278408
joint_categories,sieve_md,1.4411856649593e-05,2.49182469764127,2.43774976423723
joint_categories,sieve_md,1.57570212621948e-05,2.349858807576,2.46833934932487
joint_categories,sieve_md,0.000137876775193024,2.28402541668774,2.50411876025577
joint_categories,sieve_md,0.000211392990651992,2.16183424272828,2.53531122862373
joint_categories,sieve_md,2.05405024194666e-05,2.28402541668774,2.51395402257559
joint_categories,sieve_md,3.89569900459249e-05,2.16183424272828,2.54649482045582
joint_categories,sieve_md,2.68524006582278e-05,2.49182469764127,2.44042330887705
joint_categories,sieve_md,1.98440489433469e-05,2.349858807576,2.47048665491255
joint_categories,sieve_md,3.72339705420413e-06,2.49182469764127,2.45045994366975
joint_categories,sieve_md,3.49838507200517e-06,2.349858807576,2.48096283341982
joint_categories,sieve_md,0.000170701695513249,2.28402541668774,2.51745748739516
joint_categories,sieve_md,0.000219130585856846,2.16183424272828,2.55181209769591
joint_categories,sieve_md,3.2104103495033e-05,2.28402541668774,2.52756120762392
joint_categories,sieve_md,5.23249656520579e-05,2.16183424272828,2.55984517965542
joint_categories,sieve_md,3.54961825345226e-06,2.49182469764127,2.45280679552675
joint_categories,sieve_md,2.45665547636684e-06,2.349858807576,2.48341579174547
joint_categories,sieve_md,6.7449817066514e-07,2.49182469764127,2.46287374756165
joint_categories,sieve_md,6.0094354324835e-07,2.349858807576,2.49369484307513
joint_categories,sieve_md,0.000136510617977055,2.28402541668774,2.52950062126203
joint_categories,sieve_md,0.000164114529741021,2.16183424272828,2.56143389639144
joint_categories,sieve_md,3.51829328579878e-05,2.28402541668774,2.54046136115818
joint_categories,sieve_md,5.43757276288712e-05,2.16183424272828,2.57334582569688
joint_categories,sieve_md,2.92158959072207e-05,2.49182469764127,2.30591648180322
joint_categories,sieve_md,3.57735498324438e-05,2.349858807576,2.3333979662586
joint_categories,sieve_md,9.44863888817453e-05,2.49182469764127,2.31631726245805
joint_categories,sieve_md,0.000145238865902967,2.349858807576,2.34378802257269
joint_categories,sieve_md,5.07473992367594e-06,2.28402541668774,2.37511162055787
joint_categories,sieve_md,1.07938061238504e-05,2.16183424272828,2.4040836673046
joint_categories,sieve_md,2.22602640894283e-05,2.28402541668774,2.38434436253903
joint_categories,sieve_md,5.93559219361692e-05,2.16183424272828,2.41381300156657
joint_categories,sieve_md,1.45462958291704e-05,2.49182469764127,2.31707865331507
joint_categories,sieve_md,1.19221922408126e-05,2.349858807576,2.34489080570133
joint_categories,sieve_md,5.84744325276865e-05,2.49182469764127,2.32700341596036
joint_categories,sieve_md,5.93666354348492e-05,2.349858807576,2.35317112443533
joint_categories,sieve_md,1.52854090196409e-05,2.28402541668774,2.38693361502997
joint_categories,sieve_md,2.17619978616527e-05,2.16183424272828,2.41615473783087
joint_categories,sieve_md,8.33407000926419e-05,2.28402541668774,2.39713201666578
joint_categories,sieve_md,0.000146775547688341,2.16183424272828,2.4253934258457
joint_categories,sieve_md,2.33684287057683e-06,2.49182469764127,2.32840173162089
joint_categories,sieve_md,1.61898861132147e-06,2.349858807576,2.35638965383141
joint_categories,sieve_md,1.18589401838062e-05,2.49182469764127,2.3376066421131
joint_categories,sieve_md,1.04457890288679e-05,2.349858807576,2.36578850137796
joint_categories,sieve_md,1.48553958073498e-05,2.28402541668774,2.39885724456297
joint_categories,sieve_md,1.78779000146227e-05,2.16183424272828,2.4283870920488
joint_categories,sieve_md,0.000102250884732383,2.28402541668774,2.40907274027649
joint_categories,sieve_md,0.000156236532255403,2.16183424272828,2.43553598744895
joint_categories,sieve_md,2.45975803339188e-07,2.49182469764127,2.33982215574732
joint_categories,sieve_md,1.61833682668536e-07,2.349858807576,2.36805069337895
joint_categories,sieve_md,1.71061253292644e-06,2.49182469764127,2.34916871896288
joint_categories,sieve_md,1.44883347023442e-06,2.349858807576,2.37753034391057
joint_categories,sieve_md,9.4596958105503e-06,2.28402541668774,2.41088338292531
joint_categories,sieve_md,1.0811145064054e-05,2.16183424272828,2.44060910025123
joint_categories,sieve_md,8.92283604455648e-05,2.28402541668774,2.42049481484802
joint_categories,sieve_md,0.000131096132144483,2.16183424272828,2.44925960350575
joint_categories,sieve_md,3.39238318341238e-05,3.33964685192599,3.11820513147592
joint_categories,sieve_md,5.77016444067416e-05,3.11700001661268,3.16176976553755
joint_categories,sieve_md,4.04653363055672e-06,3.33964685192599,3.1294754688086
joint_categories,sieve_md,8.64046690770244e-06,3.11700001661268,3.17535555351636
joint_categories,sieve_md,5.89062051576216e-06,3.01375270747048,3.2269866886697
joint_categories,sieve_md,1.73764283013827e-05,2.82211880039051,3.27370773368254
joint_categories,sieve_md,9.53028257584074e-07,3.01375270747048,3.24241817498034
joint_categories,sieve_md,3.5243429646016e-06,2.82211880039051,3.28986765931381
joint_categories,sieve_md,2.16759390790353e-05,3.33964685192599,3.13214786946162
joint_categories,sieve_md,2.4567173475656e-05,3.11700001661268,3.17927133897917
joint_categories,sieve_md,3.213806551095e-06,3.33964685192599,3.14772210239058
joint_categories,sieve_md,4.51200651560671e-06,3.11700001661268,3.1930341720365
joint_categories,sieve_md,2.2770057803652e-05,3.01375270747048,3.24613235214116
joint_categories,sieve_md,4.4756651044503e-05,2.82211880039051,3.29183175652787
joint_categories,sieve_md,4.57901875953665e-06,3.01375270747048,3.26070684760727
joint_categories,sieve_md,1.1133731370618e-05,2.82211880039051,3.30880379202219
joint_categories,sieve_md,4.43603099565509e-06,3.33964685192599,3.15120711019239
joint_categories,sieve_md,4.20956812264588e-06,3.11700001661268,3.19711242747117
joint_categories,sieve_md,8.30307859429547e-07,3.33964685192599,3.16624755556466
joint_categories,sieve_md,1.00175889695982e-06,3.11700001661268,3.21188794177516
joint_categories,sieve_md,2.8191023967427e-05,3.01375270747048,3.26462818874365
joint_categories,sieve_md,4.639487399333e-05,2.82211880039051,3.3133639690566
joint_categories,sieve_md,7.1568498744482e-06,3.01375270747048,3.28013914083416
joint_categories,sieve_md,1.49542382730301e-05,2.82211880039051,3.3265301021156
joint_categories,sieve_md,5.86398839920204e-07,3.33964685192599,3.16983556929257
joint_categories,sieve_md,5.21136518618822e-07,3.11700001661268,3.21555155089467
joint_categories,sieve_md,1.50411337851215e-07,3.33964685192599,3.1848710376473
joint_categories,sieve_md,1.72079553459374e-07,3.11700001661268,3.23090379956419
joint_categories,sieve_md,2.25444398289572e-05,3.01375270747048,3.28641455471545
joint_categories,sieve_md,3.47467374216004e-05,2.82211880039051,3.32988864482812
joint_categories,sieve_md,7.84320199585596e-06,3.01375270747048,3.30063379159544
joint_categories,sieve_md,1.5540336760824e-05,2.82211880039051,3.34923202318756
joint_categories,sieve_md,4.82648167885698e-06,3.33964685192599,2.95030249733915
joint_categories,sieve_md,7.58873329926089e-06,3.11700001661268,2.99104336479447
joint_categories,sieve_md,2.10702189843137e-05,3.33964685192599,2.96418161892393
joint_categories,sieve_md,4.15889969537452e-05,3.11700001661268,3.0032745433589
joint_categories,sieve_md,8.3808256494853e-07,3.01375270747048,3.05379415571371
joint_categories,sieve_md,2.28529154461177e-06,2.82211880039051,3.09695729699064
joint_categories,sieve_md,4.96239891197264e-06,3.01375270747048,3.06802553687106
joint_categories,sieve_md,1.6963653745159e-05,2.82211880039051,3.11148193713021
joint_categories,sieve_md,2.40305587539326e-06,3.33964685192599,2.96711917807544
joint_categories,sieve_md,2.52908469195281e-06,3.11700001661268,3.00856415456431
joint_categories,sieve_md,1.30396463757741e-05,3.33964685192599,2.98446759073625
joint_categories,sieve_md,1.69995738048765e-05,3.11700001661268,3.02295017225151
joint_categories,sieve_md,2.5243529698343e-06,3.01375270747048,3.07145086284403
joint_categories,sieve_md,4.60750444620304e-06,2.82211880039051,3.11509398994343
joint_categories,sieve_md,1.85788361630073e-05,3.01375270747048,3.0881598915632
joint_categories,sieve_md,4.19477869776609e-05,2.82211880039051,3.13683143476927
joint_categories,sieve_md,3.86047695987961e-07,3.33964685192599,2.98403073034618
joint_categories,sieve_md,3.43440135055226e-07,3.11700001661268,3.02583201411631
joint_categories,sieve_md,2.64451281874473e-06,3.33964685192599,2.99802516529238
joint_categories,sieve_md,2.99114073495515e-06,3.11700001661268,3.03986963686123
joint_categories,sieve_md,2.45333719733385e-06,3.01375270747048,3.08925936673831
joint_categories,sieve_md,3.78515356585425e-06,2.82211880039051,3.13315296350533
joint_categories,sieve_md,2.27944141680328e-05,3.01375270747048,3.10114575976497
joint_categories,sieve_md,4.4651693530684e-05,2.82211880039051,3.13371454665374
joint_categories,sieve_md,4.06353346831752e-08,3.33964685192599,3.00108767319793
joint_categories,sieve_md,3.43301870337436e-08,3.11700001661268,3.04324832746444
joint_categories,sieve_md,3.81462145951849e-07,3.33964685192599,3.01495383467634
joint_categories,sieve_md,4.14871944953906e-07,3.11700001661268,3.05740663328411
joint_categories,sieve_md,1.56224875516303e-06,3.01375270747048,3.10722097241098
joint_categories,sieve_md,2.28896258826264e-06,2.82211880039051,3.15161773526694
joint_categories,sieve_md,1.98913506602313e-05,3.01375270747048,3.12333394673924
joint_categories,sieve_md,3.74666810064907e-05,2.82211880039051,3.1668720096812
joint_categories,sieve_md,0.00111195371404149,1.77880078307141,1.76853842796594
joint_categories,sieve_md,0.00108763265079501,1.70468808971871,1.78208496790562
joint_categories,sieve_md,0.000130541965321263,1.77880078307141,1.7738698903901
joint_categories,sieve_md,0.000159893967251896,1.70468808971871,1.79021932994569
joint_categories,sieve_md,0.000102157130587946,1.67032004603564,1.80942604480724
joint_categories,sieve_md,0.000172534804216459,1.60653065971263,1.82638085929601
joint_categories,sieve_md,1.62666679880279e-05,1.67032004603564,1.81491425127884
joint_categories,sieve_md,3.43554140825183e-05,1.60653065971263,1.83208357297583
joint_categories,sieve_md,0.000710492879522693,1.77880078307141,1.77504976736249
joint_categories,sieve_md,0.000463072764816157,1.70468808971871,1.79214607168089
joint_categories,sieve_md,0.000103678027083287,1.77880078307141,1.78052293980772
joint_categories,sieve_md,8.34957913447523e-05,1.70468808971871,1.79701717528744
joint_categories,sieve_md,0.000394886033197775,1.67032004603564,1.81648754196383
joint_categories,sieve_md,0.000444399728840319,1.60653065971263,1.83416600483638
joint_categories,sieve_md,7.81565260836593e-05,1.67032004603564,1.82192016383883
joint_categories,sieve_md,0.000108531988902034,1.60653065971263,1.83923709219055
joint_categories,sieve_md,0.000145404008761183,1.77880078307141,1.78190315936563
joint_categories,sieve_md,7.93471968261721e-05,1.70468808971871,1.79828771432779
joint_categories,sieve_md,2.67858937271978e-05,1.77880078307141,1.78723318626467
joint_categories,sieve_md,1.85377950029531e-05,1.70468808971871,1.80386930546206
joint_categories,sieve_md,0.000488898259384093,1.67032004603564,1.82342428644168
joint_categories,sieve_md,0.000460666044957554,1.60653065971263,1.84128983484251
joint_categories,sieve_md,0.000122155979973698,1.67032004603564,1.82914543440944
joint_categories,sieve_md,0.000145774419038889,1.60653065971263,1.84639987620873
joint_categories,sieve_md,1.92209527257176e-05,1.77880078307141,1.78858594777177
joint_categories,sieve_md,9.82303189101573e-06,1.70468808971871,1.80515068661661
joint_categories,sieve_md,4.85229913855844e-06,1.77880078307141,1.79400112149054
joint_categories,sieve_md,3.18437449960332e-06,1.70468808971871,1.81072982719331
joint_categories,sieve_md,0.000390973290076366,1.67032004603564,1.83114480629354
joint_categories,sieve_md,0.000345008849587317,1.60653065971263,1.84784376378086
joint_categories,sieve_md,0.000133870912865741,1.67032004603564,1.83609846816194
joint_categories,sieve_md,0.000151487726864925,1.60653065971263,1.85377106355347
joint_categories,sieve_md,0.000158202182312428,1.77880078307141,1.70885667681623
joint_categories,sieve_md,0.000143041921929822,1.70468808971871,1.72373569420929
joint_categories,sieve_md,0.000679729380028229,1.77880078307141,1.71397472580524
joint_categories,sieve_md,0.000769614627079171,1.70468808971871,1.72870384379909
joint_categories,sieve_md,1.45343109103422e-05,1.67032004603564,1.74636664354496
joint_categories,sieve_md,2.26912183786208e-05,1.60653065971263,1.76209174466672
joint_categories,sieve_md,8.47002120690936e-05,1.67032004603564,1.75163060138034
joint_categories,sieve_md,0.000165362268831655,1.60653065971263,1.76746599892993
joint_categories,sieve_md,7.87672488991916e-05,1.77880078307141,1.71486820347041
joint_categories,sieve_md,4.76713465599663e-05,1.70468808971871,1.72997401564755
joint_categories,sieve_md,0.000420661539084662,1.77880078307141,1.71999892835737
joint_categories,sieve_md,0.000314581298243277,1.70468808971871,1.73496171049968
joint_categories,sieve_md,4.37781818230173e-05,1.67032004603564,1.75278324435193
joint_categories,sieve_md,4.5749037935998e-05,1.60653065971263,1.76864353599624
joint_categories,sieve_md,0.000317111016449526,1.67032004603564,1.75798283464513
joint_categories,sieve_md,0.00040890844220824,1.60653065971263,1.77494219508493
joint_categories,sieve_md,1.26538526499584e-05,1.77880078307141,1.72101400852606
joint_categories,sieve_md,6.47358854881906e-06,1.70468808971871,1.73620495829899
joint_categories,sieve_md,8.53125000789169e-05,1.77880078307141,1.72601013978224
joint_categories,sieve_md,5.53517956644666e-05,1.70468808971871,1.74130635239066
joint_categories,sieve_md,4.25466023101766e-05,1.67032004603564,1.75925500942204
joint_categories,sieve_md,3.75837150239862e-05,1.60653065971263,1.77525165383752
joint_categories,sieve_md,0.000389064190177256,1.67032004603564,1.76475968304859
joint_categories,sieve_md,0.000435266214480281,1.60653065971263,1.78061510139638
joint_categories,sieve_md,1.33194302881859e-06,1.77880078307141,1.72721264978228
joint_categories,sieve_md,6.47098236275508e-07,1.70468808971871,1.7425341979165
joint_categories,sieve_md,1.23060433384734e-05,1.77880078307141,1.73225173335972
joint_categories,sieve_md,7.67730747525417e-06,1.70468808971871,1.74767944928627
joint_categories,sieve_md,2.70930455738917e-05,1.67032004603564,1.76578241300885
joint_categories,sieve_md,2.27276690684051e-05,1.60653065971263,1.78191658243614
joint_categories,sieve_md,0.000339513539549879,1.67032004603564,1.77128108758247
joint_categories,sieve_md,0.000365226470069469,1.60653065971263,1.78733801753768
joint_categories,sieve_md,0.00017267987132443,2.22140275816017,2.14976550062419
joint_categories,sieve_md,0.000215592621754242,2.10517091807565,2.17282424519127
joint_categories,sieve_md,2.73648768428543e-05,2.22140275816017,2.15581123336097
joint_categories,sieve_md,4.27830832863072e-05,2.10517091807565,2.18004474442984
joint_categories,sieve_md,1.57268216024432e-05,2.05127109637602,2.20873720736022
joint_categories,sieve_md,3.39343654703859e-05,1.95122942450071,2.2346265327121
joint_categories,sieve_md,3.38033094889078e-06,2.05127109637602,2.21711292498954
joint_categories,sieve_md,9.1210859764716e-06,1.95122942450071,2.24275611789961
joint_categories,sieve_md,0.000110335365099851,2.22140275816017,2.15836384422509
joint_categories,sieve_md,9.1791168053594e-05,2.10517091807565,2.18261756816801
joint_categories,sieve_md,2.17335202167524e-05,2.22140275816017,2.16574787690853
joint_categories,sieve_md,2.23411017723454e-05,2.10517091807565,2.1903088663437
joint_categories,sieve_md,6.0791666344343e-05,2.05127109637602,2.2203892974684
joint_categories,sieve_md,8.74051057807916e-05,1.95122942450071,2.24588028887734
joint_categories,sieve_md,1.62414899088632e-05,2.05127109637602,2.22757658630694
joint_categories,sieve_md,2.88143696826126e-05,1.95122942450071,2.25353395476245
joint_categories,sieve_md,2.25803873001862e-05,2.22140275816017,2.16825837153274
joint_categories,sieve_md,1.57283529324906e-05,2.10517091807565,2.19228040673479
joint_categories,sieve_md,5.6149965351499e-06,2.22140275816017,2.1757699469359
joint_categories,sieve_md,4.96018731154742e-06,2.10517091807565,2.20054209005269
joint_categories,sieve_md,7.52646013335254e-05,2.05127109637602,2.22645730242735
joint_categories,sieve_md,9.06043855926874e-05,1.95122942450071,2.25758031726022
joint_categories,sieve_md,2.53848938209769e-05,2.05127109637602,2.23741805238487
joint_categories,sieve_md,3.87019351893208e-05,1.95122942450071,2.26447326333234
joint_categories,sieve_md,2.98490090144709e-06,2.22140275816017,2.17771740612616
joint_categories,sieve_md,1.94714014645626e-06,2.10517091807565,2.20253058000573
joint_categories,sieve_md,1.01716385228736e-06,2.22140275816017,2.18587817786445
joint_categories,sieve_md,8.52048152740461e-07,2.10517091807565,2.21086328997563
joint_categories,sieve_md,6.01893098304859e-05,2.05127109637602,2.24022534300082
joint_categories,sieve_md,6.78567808134828e-05,1.95122942450071,2.2661039717283
joint_categories,sieve_md,2.7819341382598e-05,2.05127109637602,2.24854206971028
joint_categories,sieve_md,4.02187724414105e-05,1.95122942450071,2.2754047472989
joint_categories,sieve_md,2.45678683743618e-05,2.22140275816017,2.05858861771214
joint_categories,sieve_md,2.83540430190967e-05,2.10517091807565,2.08077388525571
joint_categories,sieve_md,0.000142488361694003,2.22140275816017,2.06606582967401
joint_categories,sieve_md,0.000205927010597068,2.10517091807565,2.08753844132957
joint_categories,sieve_md,2.23751894249433e-06,2.05127109637602,2.11473383514163
joint_categories,sieve_md,4.46293778768493e-06,1.95122942450071,2.13822001640798
joint_categories,sieve_md,1.7601315060066e-05,2.05127109637602,2.12268877257874
joint_categories,sieve_md,4.39023516833529e-05,1.95122942450071,2.14617341369787
joint_categories,sieve_md,1.22320904483118e-05,2.22140275816017,2.06768942712989
joint_categories,sieve_md,9.44950538208441e-06,2.10517091807565,2.09018443592143
joint_categories,sieve_md,8.81812310795837e-05,2.22140275816017,2.07523728105983
joint_categories,sieve_md,8.41730186221093e-05,2.10517091807565,2.09742411811565
joint_categories,sieve_md,6.73953596432704e-06,2.05127109637602,2.12431733152105
joint_categories,sieve_md,8.99797916303898e-06,1.95122942450071,2.14800542621824
joint_categories,sieve_md,6.58979567252177e-05,2.05127109637602,2.13162398065595
joint_categories,sieve_md,0.000108561900867446,1.95122942450071,2.15642296287074
joint_categories,sieve_md,1.96506888709541e-06,2.22140275816017,2.07686847726425
joint_categories,sieve_md,1.2832070886967e-06,2.10517091807565,2.09955687826164
joint_categories,sieve_md,1.78836441758035e-05,2.22140275816017,2.08466948830596
joint_categories,sieve_md,1.48105680574478e-05,2.10517091807565,2.10717605129083
joint_categories,sieve_md,6.54993753711793e-06,2.05127109637602,2.13398321833301
joint_categories,sieve_md,7.39201303267898e-06,1.95122942450071,2.15787496233429
joint_categories,sieve_md,8.08503452661144e-05,2.05127109637602,2.14230143258164
joint_categories,sieve_md,0.000115559677301289,1.95122942450071,2.16489064918781
joint_categories,sieve_md,2.06842917941173e-07,2.22140275816017,2.08612644075978
joint_categories,sieve_md,1.28269048551648e-07,2.10517091807565,2.10900989657829
joint_categories,sieve_md,2.57965597155982e-06,2.22140275816017,2.09365255009285
joint_categories,sieve_md,2.05422937946706e-06,2.10517091807565,2.11669457252381
joint_categories,sieve_md,4.17090311714114e-06,2.05127109637602,2.14373220389765
joint_categories,sieve_md,4.47010695586758e-06,1.95122942450071,2.16782934799976
joint_categories,sieve_md,7.05533626279569e-05,2.05127109637602,2.15186604282054
joint_categories,sieve_md,9.69646887790524e-05,1.95122942450071,2.17700261754887
joint_categories,sieve_md,0.00079377338989715,2.49182469764127,2.41744062581112
joint_categories,sieve_md,0.000963705398045466,2.349858807576,2.43262371861144
joint_categories,sieve_md,9.3187996072496e-05,2.49182469764127,2.42637537614216
joint_categories,sieve_md,0.000141675297484793,2.349858807576,2.45587225187643
joint_categories,sieve_md,0.000100845329948217,2.28402541668774,2.49112377894824
joint_categories,sieve_md,0.000211392990651992,2.16183424272828,2.52256663501796
joint_categories,sieve_md,1.60577875569691e-05,2.28402541668774,2.50140425805919
joint_categories,sieve_md,4.20929200979051e-05,2.16183424272828,2.53303714785513
joint_categories,sieve_md,0.000507188684524214,2.49182469764127,2.42791713795063
joint_categories,sieve_md,0.000410309237052574,2.349858807576,2.45765893278408
joint_categories,sieve_md,7.40110473813112e-05,2.49182469764127,2.43774976423723
joint_categories,sieve_md,7.39820975162884e-05,2.349858807576,2.46833934932487
joint_categories,sieve_md,0.000389815298066636,2.28402541668774,2.50411876025577
joint_categories,sieve_md,0.000544487172609129,2.16183424272828,2.53531122862373
joint_categories,sieve_md,7.71529174238875e-05,2.28402541668774,2.51395402257559
joint_categories,sieve_md,0.00013297549917306,2.16183424272828,2.54649482045582
joint_categories,sieve_md,0.000103797335699796,2.49182469764127,2.44042330887705
joint_categories,sieve_md,7.03062029677612e-05,2.349858807576,2.47048665491255
joint_categories,sieve_md,1.91212362500094e-05,2.49182469764127,2.45045994366975
joint_categories,sieve_md,1.64255579300122e-05,2.349858807576,2.48096283341982
joint_categories,sieve_md,0.000482620312404464,2.28402541668774,2.51745748739516
joint_categories,sieve_md,0.000564416978809849,2.16183424272828,2.55181209769591
joint_categories,sieve_md,0.000120587373927757,2.28402541668774,2.52756120762392
joint_categories,sieve_md,0.000178605647371452,2.16183424272828,2.55984517965542
joint_categories,sieve_md,1.37209675272298e-05,2.49182469764127,2.45280679552675
joint_categories,sieve_md,8.70377406528301e-06,2.349858807576,2.48341579174547
joint_categories,sieve_md,3.46383656744983e-06,2.49182469764127,2.46287374756165
joint_categories,sieve_md,2.82153987600768e-06,2.349858807576,2.49369484307513
joint_categories,sieve_md,0.00038595279851511,2.28402541668774,2.52950062126203
joint_categories,sieve_md,0.000422711538387158,2.16183424272828,2.56143389639144
joint_categories,sieve_md,0.000132151875260362,2.28402541668774,2.54046136115818
joint_categories,sieve_md,0.000185605703002814,2.16183424272828,2.57334582569688
joint_categories,sieve_md,0.000112933372097697,2.49182469764127,2.30591648180322
joint_categories,sieve_md,0.000126743411214996,2.349858807576,2.3333979662586
joint_categories,sieve_md,0.000485228015684802,2.49182469764127,2.31631726245805
joint_categories,sieve_md,0.000681923046341805,2.349858807576,2.34378802257269
joint_categories,sieve_md,1.43476756922183e-05,2.28402541668774,2.37511162055787
joint_categories,sieve_md,2.78017211447736e-05,2.16183424272828,2.4040836673046
joint_categories,sieve_md,8.36125758782775e-05,2.28402541668774,2.38434436253903
joint_categories,sieve_md,0.000202605061095189,2.16183424272828,2.41381300156657
joint_categories,sieve_md,5.62283711831293e-05,2.49182469764127,2.31707865331507
joint_categories,sieve_md,4.22395686432867e-05,2.349858807576,2.34489080570133
joint_categories,sieve_md,0.000300291218656001,2.49182469764127,2.32700341596036
joint_categories,sieve_md,0.000278737214278735,2.349858807576,2.35317112443533
joint_categories,sieve_md,4.32160257934669e-05,2.28402541668774,2.38693361502997
joint_categories,sieve_md,5.60526091686927e-05,2.16183424272828,2.41615473783087
joint_categories,sieve_md,0.000313038991013325,2.28402541668774,2.39713201666578
joint_categories,sieve_md,0.000501002559418682,2.16183424272828,2.4253934258457
joint_categories,sieve_md,9.033012243567e-06,2.49182469764127,2.32840173162089
joint_categories,sieve_md,5.73597365310989e-06,2.349858807576,2.35638965383141
joint_categories,sieve_md,6.09007295295712e-05,2.49182469764127,2.3376066421131
joint_categories,sieve_md,4.90448905100127e-05,2.349858807576,2.36578850137796
joint_categories,sieve_md,4.20002610043123e-05,2.28402541668774,2.39885724456297
joint_categories,sieve_md,4.60482970657045e-05,2.16183424272828,2.4283870920488
joint_categories,sieve_md,0.000384068213385106,2.28402541668774,2.40907274027649
joint_categories,sieve_md,0.000533296613553527,2.16183424272828,2.43553598744895
joint_categories,sieve_md,9.50813797179121e-07,2.49182469764127,2.33982215574732
joint_categories,sieve_md,5.73366442160941e-07,2.349858807576,2.36805069337895
joint_categories,sieve_md,8.7847269303125e-06,2.49182469764127,2.34916871896288
joint_categories,sieve_md,6.80253820161538e-06,2.349858807576,2.37753034391057
joint_categories,sieve_md,2.67451435301334e-05,2.28402541668774,2.41088338292531
joint_categories,sieve_md,2.78463812373261e-05,2.16183424272828,2.44060910025123
joint_categories,sieve_md,0.000335153843111512,2.28402541668774,2.42049481484802
joint_categories,sieve_md,0.000447482559382012,2.16183424272828,2.44925960350575
joint_categories,sieve_md,0.000162993973292671,3.33964685192599,3.11820513147592
joint_categories,sieve_md,0.000252375048924369,3.11700001661268,3.16176976553755
joint_categories,sieve_md,2.58299358869769e-05,3.33964685192599,3.1294754688086
joint_categories,sieve_md,5.00823388558505e-05,3.11700001661268,3.17535555351636
joint_categories,sieve_md,2.05044356555019e-05,3.01375270747048,3.2269866886697
joint_categories,sieve_md,5.48937736286024e-05,2.82211880039051,3.27370773368254
joint_categories,sieve_md,4.40723371752782e-06,3.01375270747048,3.24241817498034
joint_categories,sieve_md,1.47546836930368e-05,2.82211880039051,3.28986765931381
joint_categories,sieve_md,0.000104146472975614,3.33964685192599,3.13214786946162
joint_categories,sieve_md,0.000107451731603125,3.11700001661268,3.17927133897917
joint_categories,sieve_md,2.05144513173141e-05,3.33964685192599,3.14772210239058
joint_categories,sieve_md,2.6152734759389e-05,3.11700001661268,3.1930341720365
joint_categories,sieve_md,7.92594233252236e-05,3.01375270747048,3.24613235214116
joint_categories,sieve_md,0.000141390476120792,2.82211880039051,3.29183175652787
joint_categories,sieve_md,2.11754538332165e-05,3.01375270747048,3.26070684760727
joint_categories,sieve_md,4.6611435477954e-05,2.82211880039051,3.30880379202219
joint_categories,sieve_md,2.1313816232987e-05,3.33964685192599,3.15120711019239
joint_categories,sieve_md,1.84117796264935e-05,3.11700001661268,3.19711242747117
joint_categories,sieve_md,5.30004214312375e-06,3.33964685192599,3.16624755556466
joint_categories,sieve_md,5.8064487793687e-06,3.11700001661268,3.21188794177516
joint_categories,sieve_md,9.81290571097037e-05,3.01375270747048,3.26462818874365
joint_categories,sieve_md,0.000146565776714582,2.82211880039051,3.3133639690566
joint_categories,sieve_md,3.30965108609807e-05,3.01375270747048,3.28013914083416
joint_categories,sieve_md,6.26060113345994e-05,2.82211880039051,3.3265301021156
joint_categories,sieve_md,2.81747289988226e-06,3.33964685192599,3.16983556929257
joint_categories,sieve_md,2.27934326196316e-06,3.11700001661268,3.21555155089467
joint_categories,sieve_md,9.60109458632322e-07,3.33964685192599,3.1848710376473
joint_categories,sieve_md,9.97416759831956e-07,3.11700001661268,3.23090379956419
joint_categories,sieve_md,7.84740783462906e-05,3.01375270747048,3.28641455471545
joint_categories,sieve_md,0.000109768216187561,2.82211880039051,3.32988864482812
joint_categories,sieve_md,3.6270513507275e-05,3.01375270747048,3.30063379159544
joint_categories,sieve_md,6.50597162910191e-05,2.82211880039051,3.34923202318756
joint_categories,sieve_md,2.31898162244118e-05,3.33964685192599,2.95030249733915
joint_categories,sieve_md,3.31915486528351e-05,3.11700001661268,2.99104336479447
joint_categories,sieve_md,0.000134495955100837,3.33964685192599,2.96418161892393
joint_categories,sieve_md,0.000241060380227328,3.11700001661268,3.0032745433589
joint_categories,sieve_md,2.91724954629193e-06,3.01375270747048,3.05379415571371
joint_categories,sieve_md,7.21945123298416e-06,2.82211880039051,3.09695729699064
joint_categories,sieve_md,2.29483770608342e-05,3.01375270747048,3.06802553687106
joint_categories,sieve_md,7.10184416789055e-05,2.82211880039051,3.11148193713021
joint_categories,sieve_md,1.15459723739302e-05,3.33964685192599,2.96711917807544
joint_categories,sieve_md,1.10616929452862e-05,3.11700001661268,3.00856415456431
joint_categories,sieve_md,8.32350007749117e-05,3.33964685192599,2.98446759073625
joint_categories,sieve_md,9.85338436910061e-05,3.11700001661268,3.02295017225151
joint_categories,sieve_md,8.78692370408883e-06,3.01375270747048,3.07145086284403
joint_categories,sieve_md,1.4555540510159e-05,2.82211880039051,3.11509398994343
joint_categories,sieve_md,8.59169416210177e-05,3.01375270747048,3.0881598915632
joint_categories,sieve_md,0.000175614670505893,2.82211880039051,3.13683143476927
joint_categories,sieve_md,1.8548449407848e-06,3.33964685192599,2.98403073034618
joint_categories,sieve_md,1.50213606177622e-06,3.11700001661268,3.02583201411631
joint_categories,sieve_md,1.68805211563426e-05,3.33964685192599,2.99802516529238
joint_categories,sieve_md,1.73374107503405e-05,3.11700001661268,3.03986963686123
joint_categories,sieve_md,8.53972761772325e-06,3.01375270747048,3.08925936673831
joint_categories,sieve_md,1.19576566248063e-05,2.82211880039051,3.13315296350533
joint_categories,sieve_md,0.000105411681021206,3.01375270747048,3.10114575976497
joint_categories,sieve_md,0.000186934592070307,2.82211880039051,3.13371454665374
joint_categories,sieve_md,1.95240758428293e-07,3.33964685192599,3.00108767319793
joint_categories,sieve_md,1.50153132052013e-07,3.11700001661268,3.04324832746444
joint_categories,sieve_md,2.43495882471865e-06,3.33964685192599,3.01495383467634
joint_categories,sieve_md,2.40470307344678e-06,3.11700001661268,3.05740663328411
joint_categories,sieve_md,5.43797194071728e-06,3.01375270747048,3.10722097241098
joint_categories,sieve_md,7.23104840563992e-06,2.82211880039051,3.15161773526694
joint_categories,sieve_md,9.1986602306183e-05,3.01375270747048,3.12333394673924
joint_categories,sieve_md,0.000156854492548278,2.82211880039051,3.1668720096812
joint_categories,sieve_md,0.000227563895766465,1.77880078307141,1.76853842796594
joint_categories,sieve_md,0.000225966552493047,1.70468808971871,1.78208496790562
joint_categories,sieve_md,2.89579343037954e-05,1.77880078307141,1.7738698903901
joint_categories,sieve_md,3.59231933956659e-05,1.70468808971871,1.79021932994569
joint_categories,sieve_md,1.70941360687318e-05,1.67032004603564,1.80942604480724
joint_categories,sieve_md,2.95637189437463e-05,1.60653065971263,1.82638085929601
joint_categories,sieve_md,2.95037931649826e-06,1.67032004603564,1.81491425127884
joint_categories,sieve_md,6.36588035502524e-06,1.60653065971263,1.83208357297583
joint_categories,sieve_md,0.000145404008761183,1.77880078307141,1.77504976736249
joint_categories,sieve_md,9.62079946224899e-05,1.70468808971871,1.79214607168089
joint_categories,sieve_md,2.29987459560326e-05,1.77880078307141,1.78052293980772
joint_categories,sieve_md,1.87589032391473e-05,1.70468808971871,1.79701717528744
joint_categories,sieve_md,6.60769888922567e-05,1.67032004603564,1.81648754196383
joint_categories,sieve_md,7.61475850729192e-05,1.60653065971263,1.83416600483638
joint_categories,sieve_md,1.41756995456167e-05,1.67032004603564,1.82192016383883
joint_categories,sieve_md,2.01104156213574e-05,1.60653065971263,1.83923709219055
joint_categories,sieve_md,2.97572662206347e-05,1.77880078307141,1.78190315936563
joint_categories,sieve_md,1.64851730992918e-05,1.70468808971871,1.79828771432779
joint_categories,sieve_md,5.9418758474467e-06,1.77880078307141,1.78723318626467
joint_categories,sieve_md,4.16486504441522e-06,1.70468808971871,1.80386930546206
joint_categories,sieve_md,8.18082234845382e-05,1.67032004603564,1.82342428644168
joint_categories,sieve_md,7.89348070489373e-05,1.60653065971263,1.84128983484251
joint_categories,sieve_md,2.21561340629948e-05,1.67032004603564,1.82914543440944
joint_categories,sieve_md,2.70112451037836e-05,1.60653065971263,1.84639987620873
joint_categories,sieve_md,3.93361236836894e-06,1.77880078307141,1.78858594777177
joint_categories,sieve_md,2.04083304213017e-06,1.70468808971871,1.80515068661661
joint_categories,sieve_md,1.07637846060412e-06,1.77880078307141,1.79400112149054
joint_categories,sieve_md,7.15429749849555e-07,1.70468808971871,1.81072982719331
joint_categories,sieve_md,6.54222625610214e-05,1.67032004603564,1.83114480629354
joint_categories,sieve_md,5.91170269014726e-05,1.60653065971263,1.84784376378086
joint_categories,sieve_md,2.42809389538483e-05,1.67032004603564,1.83609846816194
joint_categories,sieve_md,2.80698914634118e-05,1.60653065971263,1.85377106355347
joint_categories,sieve_md,3.2376441996784e-05,1.77880078307141,1.70885667681623
joint_categories,sieve_md,2.97183887747716e-05,1.70468808971871,1.72373569420929
joint_categories,sieve_md,0.000150783379756662,1.77880078307141,1.71397472580524
joint_categories,sieve_md,0.000172908431530399,1.70468808971871,1.72870384379909
joint_categories,sieve_md,2.43205233875235e-06,1.67032004603564,1.74636664354496
joint_categories,sieve_md,3.88812451889474e-06,1.60653065971263,1.76209174466672
joint_categories,sieve_md,1.53625655835351e-05,1.67032004603564,1.75163060138034
joint_categories,sieve_md,3.06407722546848e-05,1.60653065971263,1.76746599892993
joint_categories,sieve_md,1.61198994094444e-05,1.77880078307141,1.71486820347041
joint_categories,sieve_md,9.90419865290265e-06,1.70468808971871,1.72997401564755
joint_categories,sieve_md,9.33147373947413e-05,1.77880078307141,1.71999892835737
joint_categories,sieve_md,7.06766178216701e-05,1.70468808971871,1.73496171049968
joint_categories,sieve_md,7.3254817614527e-06,1.67032004603564,1.75278324435193
joint_categories,sieve_md,7.83906589530655e-06,1.60653065971263,1.76864353599624
joint_categories,sieve_md,5.75162525389348e-05,1.67032004603564,1.75798283464513
joint_categories,sieve_md,7.5768617225952e-05,1.60653065971263,1.77494219508493
joint_categories,sieve_md,2.58964017037486e-06,1.77880078307141,1.72101400852606
joint_categories,sieve_md,1.34495271502365e-06,1.70468808971871,1.73620495829899
joint_categories,sieve_md,1.89247478119238e-05,1.77880078307141,1.72601013978224
joint_categories,sieve_md,1.24358241566392e-05,1.70468808971871,1.74130635239066
joint_categories,sieve_md,7.11939935045705e-06,1.67032004603564,1.75925500942204
joint_categories,sieve_md,6.43994348199452e-06,1.60653065971263,1.77525165383752
joint_categories,sieve_md,7.05668143183319e-05,1.67032004603564,1.76475968304859
joint_categories,sieve_md,8.06525759611255e-05,1.60653065971263,1.78061510139638
joint_categories,sieve_md,2.72585217126795e-07,1.77880078307141,1.72721264978228
joint_categories,sieve_md,1.34441125382385e-07,1.70468808971871,1.7425341979165
joint_categories,sieve_md,2.72983169556377e-06,1.77880078307141,1.73225173335972
joint_categories,sieve_md,1.72485182481628e-06,1.70468808971871,1.74767944928627
joint_categories,sieve_md,4.53352795728489e-06,1.67032004603564,1.76578241300885
joint_categories,sieve_md,3.89437031928836e-06,1.60653065971263,1.78191658243614
joint_categories,sieve_md,6.15795272575989e-05,1.67032004603564,1.77128108758247
joint_categories,sieve_md,6.76745739511699e-05,1.60653065971263,1.78733801753768
joint_categories,sieve_md,4.46129697125378e-05,2.22140275816017,2.14976550062419
joint_categories,sieve_md,5.71231267180301e-05,2.10517091807565,2.17282424519127
joint_categories,sieve_md,7.6632623987053e-06,2.22140275816017,2.15581123336097
joint_categories,sieve_md,1.22583238963042e-05,2.10517091807565,2.18004474442984
joint_categories,sieve_md,3.37379792278474e-06,2.05127109637602,2.20873720736022
joint_categories,sieve_md,7.53413196657895e-06,1.95122942450071,2.2346265327121
joint_categories,sieve_md,7.86028167298402e-07,2.05127109637602,2.21711292498954
joint_categories,sieve_md,2.18988331457546e-06,1.95122942450071,2.24275611789961
joint_categories,sieve_md,2.85058603742719e-05,2.22140275816017,2.15836384422509
joint_categories,sieve_md,2.43208625678225e-05,2.10517091807565,2.18261756816801
joint_categories,sieve_md,6.08625681836499e-06,2.22140275816017,2.16574787690853
joint_categories,sieve_md,6.40123246594892e-06,2.10517091807565,2.1903088663437
joint_categories,sieve_md,1.30413380923266e-05,2.05127109637602,2.2203892974684
joint_categories,sieve_md,1.94057437755823e-05,1.95122942450071,2.24588028887734
joint_categories,sieve_md,3.776632744036e-06,2.05127109637602,2.22757658630694
joint_categories,sieve_md,6.91804764813455e-06,1.95122942450071,2.25353395476245
joint_categories,sieve_md,5.83379016323174e-06,2.22140275816017,2.16825837153274
joint_categories,sieve_md,4.16736291955634e-06,2.10517091807565,2.19228040673479
joint_categories,sieve_md,1.57242409910245e-06,2.22140275816017,2.1757699469359
joint_categories,sieve_md,1.42120618666928e-06,2.10517091807565,2.20054209005269
joint_categories,sieve_md,1.61461458683312e-05,2.05127109637602,2.22645730242735
joint_categories,sieve_md,2.01160501557582e-05,1.95122942450071,2.25758031726022
joint_categories,sieve_md,5.90274794653299e-06,2.05127109637602,2.23741805238487
joint_categories,sieve_md,9.29195518291345e-06,1.95122942450071,2.26447326333234
joint_categories,sieve_md,7.71168593593608e-07,2.22140275816017,2.17771740612616
joint_categories,sieve_md,5.15911594834512e-07,2.10517091807565,2.20253058000573
joint_categories,sieve_md,2.848466502268e-07,2.22140275816017,2.18587817786445
joint_categories,sieve_md,2.441311244831e-07,2.10517091807565,2.21086328997563
joint_categories,sieve_md,1.29121175030302e-05,2.05127109637602,2.24022534300082
joint_categories,sieve_md,1.50656107573945e-05,1.95122942450071,2.2661039717283
joint_categories,sieve_md,6.46882990246484e-06,2.05127109637602,2.24854206971028
joint_categories,sieve_md,9.65613293519494e-06,1.95122942450071,2.2754047472989
joint_categories,sieve_md,6.34726884656856e-06,2.22140275816017,2.05858861771214
joint_categories,sieve_md,7.51264852743723e-06,2.10517091807565,2.08077388525571
joint_categories,sieve_md,3.99024527204444e-05,2.22140275816017,2.06606582967401
joint_categories,sieve_md,5.90027599928603e-05,2.10517091807565,2.08753844132957
joint_categories,sieve_md,4.80003967184707e-07,2.05127109637602,2.11473383514163
joint_categories,sieve_md,9.90864623073438e-07,1.95122942450071,2.13822001640798
joint_categories,sieve_md,4.09283281071793e-06,2.05127109637602,2.12268877257874
joint_categories,sieve_md,1.05405241952548e-05,1.95122942450071,2.14617341369787
joint_categories,sieve_md,3.16024025560155e-06,2.22140275816017,2.06768942712989
joint_categories,sieve_md,2.5037280449181e-06,2.10517091807565,2.09018443592143
joint_categories,sieve_md,2.46942793232477e-05,2.22140275816017,2.07523728105983
joint_categories,sieve_md,2.41174793012101e-05,2.10517091807565,2.09742411811565
joint_categories,sieve_md,1.44579960349059e-06,2.05127109637602,2.12431733152105
joint_categories,sieve_md,1.99773773598403e-06,1.95122942450071,2.14800542621824
joint_categories,sieve_md,1.53232482075251e-05,2.05127109637602,2.13162398065595
joint_categories,sieve_md,2.60646479949291e-05,1.95122942450071,2.15642296287074
joint_categories,sieve_md,5.07688348796189e-07,2.22140275816017,2.07686847726425
joint_categories,sieve_md,3.39996798297917e-07,2.10517091807565,2.09955687826164
joint_categories,sieve_md,5.00813721001807e-06,2.22140275816017,2.08466948830596
joint_categories,sieve_md,4.24356372637964e-06,2.10517091807565,2.10717605129083
joint_categories,sieve_md,1.40512598258667e-06,2.05127109637602,2.13398321833301
joint_categories,sieve_md,1.64117999305091e-06,1.95122942450071,2.15787496233429
joint_categories,sieve_md,1.88001262822566e-05,2.05127109637602,2.14230143258164
joint_categories,sieve_md,2.77447455064679e-05,1.95122942450071,2.16489064918781
joint_categories,sieve_md,5.34392153676396e-08,2.22140275816017,2.08612644075978
joint_categories,sieve_md,3.39859919824588e-08,2.10517091807565,2.10900989657829
joint_categories,sieve_md,7.22407073928126e-07,2.22140275816017,2.09365255009285
joint_categories,sieve_md,5.88583317436371e-07,2.10517091807565,2.11669457252381
joint_categories,sieve_md,8.94763393930855e-07,2.05127109637602,2.14373220389765
joint_categories,sieve_md,9.92456326894328e-07,1.95122942450071,2.16782934799976
joint_categories,sieve_md,1.64057694828342e-05,2.05127109637602,2.15186604282054
joint_categories,sieve_md,2.32802710782463e-05,1.95122942450071,2.17700261754887
joint_categories,sieve_md,0.000982750454665396,2.49182469764127,2.41744062581112
joint_categories,sieve_md,0.00121125695047093,2.349858807576,2.43262371861144
joint_categories,sieve_md,0.000125056846154676,2.49182469764127,2.42637537614216
joint_categories,sieve_md,0.00019256043517746,2.349858807576,2.45587225187643
joint_categories,sieve_md,0.00010208556327329,2.28402541668774,2.49112377894824
joint_categories,sieve_md,0.000219130585856846,2.16183424272828,2.52256663501796
joint_categories,sieve_md,1.76195587295881e-05,2.28402541668774,2.50140425805919
joint_categories,sieve_md,4.71848313246919e-05,2.16183424272828,2.53303714785513
joint_categories,sieve_md,0.00062793728872909,2.49182469764127,2.42791713795063
joint_categories,sieve_md,0.000515707306641968,2.349858807576,2.45765893278408
joint_categories,sieve_md,9.93216782868755e-05,2.49182469764127,2.43774976423723
joint_categories,sieve_md,0.000100554049619037,2.349858807576,2.46833934932487
joint_categories,sieve_md,0.000394609391392858,2.28402541668774,2.50411876025577
joint_categories,sieve_md,0.000564416978809849,2.16183424272828,2.53531122862373
joint_categories,sieve_md,8.46567657522201e-05,2.28402541668774,2.51395402257559
joint_categories,sieve_md,0.000149061326327651,2.16183424272828,2.54649482045582
joint_categories,sieve_md,0.000128508816433426,2.49182469764127,2.44042330887705
joint_categories,sieve_md,8.83660890336765e-05,2.349858807576,2.47048665491255
joint_categories,sieve_md,2.56604026353819e-05,2.49182469764127,2.45045994366975
joint_categories,sieve_md,2.23250816422335e-05,2.349858807576,2.48096283341982
joint_categories,sieve_md,0.000488555756267937,2.28402541668774,2.51745748739516
joint_categories,sieve_md,0.000585076273592082,2.16183424272828,2.55181209769591
joint_categories,sieve_md,0.000132315632488537,2.28402541668774,2.52756120762392
joint_categories,sieve_md,0.000200211278411135,2.16183424272828,2.55984517965542
joint_categories,sieve_md,1.69875776228545e-05,2.49182469764127,2.45280679552675
joint_categories,sieve_md,1.09395535744475e-05,2.349858807576,2.48341579174547
joint_categories,sieve_md,4.64841497807853e-06,2.49182469764127,2.46287374756165
joint_categories,sieve_md,3.83494480717721e-06,2.349858807576,2.49369484307513
joint_categories,sieve_md,0.000390699389387184,2.28402541668774,2.52950062126203
joint_categories,sieve_md,0.00043818400397068,2.16183424272828,2.56143389639144
joint_categories,sieve_md,0.000145004890562561,2.28402541668774,2.54046136115818
joint_categories,sieve_md,0.000208058119244725,2.16183424272828,2.57334582569688
joint_categories,sieve_md,0.000139819908538743,2.49182469764127,2.30591648180322
joint_categories,sieve_md,0.000159300589238077,2.349858807576,2.3333979662586
joint_categories,sieve_md,0.000651168475178131,2.49182469764127,2.31631726245805
joint_categories,sieve_md,0.000926847523120334,2.349858807576,2.34378802257269
joint_categories,sieve_md,1.45241287370937e-05,2.28402541668774,2.37511162055787
joint_categories,sieve_md,2.88193445936543e-05,2.16183424272828,2.4040836673046
joint_categories,sieve_md,9.17446868687757e-05,2.28402541668774,2.38434436253903
joint_categories,sieve_md,0.000227113861691462,2.16183424272828,2.41381300156657
joint_categories,sieve_md,6.96149027526292e-05,2.49182469764127,2.31707865331507
joint_categories,sieve_md,5.30898459299291e-05,2.349858807576,2.34489080570133
joint_categories,sieve_md,0.000402986160404703,2.49182469764127,2.32700341596036
joint_categories,sieve_md,0.000378850514059638,2.349858807576,2.35317112443533
joint_categories,sieve_md,4.374751253057e-05,2.28402541668774,2.38693361502997
joint_categories,sieve_md,5.8104296874068e-05,2.16183424272828,2.41615473783087
joint_categories,sieve_md,0.000343484983049019,2.28402541668774,2.39713201666578
joint_categories,sieve_md,0.0005616080139944,2.16183424272828,2.4253934258457
joint_categories,sieve_md,1.11835405448824e-05,2.49182469764127,2.32840173162089
joint_categories,sieve_md,7.2094002681094e-06,2.349858807576,2.35638965383141
joint_categories,sieve_md,8.17278349623719e-05,2.49182469764127,2.3376066421131
joint_categories,sieve_md,6.66602126658855e-05,2.349858807576,2.36578850137796
joint_categories,sieve_md,4.25167958144622e-05,2.28402541668774,2.39885724456297
joint_categories,sieve_md,4.77337979967824e-05,2.16183424272828,2.4283870920488
joint_categories,sieve_md,0.000421422466694045,2.28402541668774,2.40907274027649
joint_categories,sieve_md,0.00059780862667698,2.16183424272828,2.43553598744895
joint_categories,sieve_md,1.1771781510602e-06,2.49182469764127,2.33982215574732
joint_categories,sieve_md,7.20649785341827e-07,2.349858807576,2.36805069337895
joint_categories,sieve_md,1.17889673620653e-05,2.49182469764127,2.34916871896288
joint_categories,sieve_md,9.2457876543718e-06,2.349858807576,2.37753034391057
joint_categories,sieve_md,2.70740652393187e-05,2.28402541668774,2.41088338292531
joint_categories,sieve_md,2.88656393748354e-05,2.16183424272828,2.44060910025123
joint_categories,sieve_md,0.000367750712929787,2.28402541668774,2.42049481484802
joint_categories,sieve_md,0.00050161378768855,2.16183424272828,2.44925960350575
joint_categories,sieve_md,0.000254754011406039,3.33964685192599,3.11820513147592
joint_categories,sieve_md,0.000404533564154839,3.11700001661268,3.16176976553755
joint_categories,sieve_md,4.37596252638298e-05,3.33964685192599,3.1294754688086
joint_categories,sieve_md,8.68107847249752e-05,3.11700001661268,3.17535555351636
joint_categories,sieve_md,2.66106813309499e-05,3.01375270747048,3.2269866886697
joint_categories,sieve_md,7.37304092601198e-05,2.82211880039051,3.27370773368254
joint_categories,sieve_md,6.19976227262111e-06,3.01375270747048,3.24241817498034
joint_categories,sieve_md,2.14306032508841e-05,2.82211880039051,3.28986765931381
joint_categories,sieve_md,0.000162777378993566,3.33964685192599,3.13214786946162
joint_categories,sieve_md,0.000172235061054104,3.11700001661268,3.17927133897917
joint_categories,sieve_md,3.47544301335783e-05,3.33964685192599,3.14772210239058
joint_categories,sieve_md,4.53321366180861e-05,3.11700001661268,3.1930341720365
joint_categories,sieve_md,0.000102862975212704,3.01375270747048,3.24613235214116
joint_categories,sieve_md,0.00018990819870393,2.82211880039051,3.29183175652787
joint_categories,sieve_md,2.97880230990897e-05,3.01375270747048,3.26070684760727
joint_categories,sieve_md,6.77012941425261e-05,2.82211880039051,3.30880379202219
joint_categories,sieve_md,3.33127665645336e-05,3.33964685192599,3.15120711019239
joint_categories,sieve_md,2.95123581609326e-05,3.11700001661268,3.19711242747117
joint_categories,sieve_md,8.97903343935654e-06,3.33964685192599,3.16624755556466
joint_categories,sieve_md,1.00646732264879e-05,3.11700001661268,3.21188794177516
joint_categories,sieve_md,0.000127352008703162,3.01375270747048,3.26462818874365
joint_categories,sieve_md,0.000196859388348969,2.82211880039051,3.3133639690566
joint_categories,sieve_md,4.65576623665881e-05,3.01375270747048,3.28013914083416
joint_categories,sieve_md,9.09327924573089e-05,2.82211880039051,3.3265301021156
joint_categories,sieve_md,4.40361388076602e-06,3.33964685192599,3.16983556929257
joint_categories,sieve_md,3.65357374916486e-06,3.11700001661268,3.21555155089467
joint_categories,sieve_md,1.6265634690635e-06,3.33964685192599,3.1848710376473
joint_categories,sieve_md,1.72888354651471e-06,3.11700001661268,3.23090379956419
joint_categories,sieve_md,0.000101843753551579,3.01375270747048,3.28641455471545
joint_categories,sieve_md,0.000147434854051374,2.82211880039051,3.32988864482812
joint_categories,sieve_md,5.10226086619102e-05,3.01375270747048,3.30063379159544
joint_categories,sieve_md,9.44967033150235e-05,2.82211880039051,3.34923202318756
joint_categories,sieve_md,3.62448904557343e-05,3.33964685192599,2.95030249733915
joint_categories,sieve_md,5.3202943530182e-05,3.11700001661268,2.99104336479447
joint_categories,sieve_md,0.000227855485993711,3.33964685192599,2.96418161892393
joint_categories,sieve_md,0.00041784471835206,3.11700001661268,3.0032745433589
joint_categories,sieve_md,3.78600998064546e-06,3.01375270747048,3.05379415571371
joint_categories,sieve_md,9.69678451408281e-06,2.82211880039051,3.09695729699064
joint_categories,sieve_md,3.22820370868488e-05,3.01375270747048,3.06802553687106
joint_categories,sieve_md,0.00010315151980079,2.82211880039051,3.11148193713021
joint_categories,sieve_md,1.80459603408801e-05,3.33964685192599,2.96711917807544
joint_categories,sieve_md,1.77308576731928e-05,3.11700001661268,3.00856415456431
joint_categories,sieve_md,0.000141012058980028,3.33964685192599,2.98446759073625
joint_categories,sieve_md,0.00017079474497795,3.11700001661268,3.02295017225151
joint_categories,sieve_md,1.14036801840062e-05,3.01375270747048,3.07145086284403
joint_categories,sieve_md,1.95502310713267e-05,2.82211880039051,3.11509398994343
joint_categories,sieve_md,0.000120861439937378,3.01375270747048,3.0881598915632
joint_categories,sieve_md,0.000255073467310091,2.82211880039051,3.13683143476927
joint_categories,sieve_md,2.89905926983358e-06,3.33964685192599,2.98403073034618
joint_categories,sieve_md,2.40778340610822e-06,3.11700001661268,3.02583201411631
joint_categories,sieve_md,2.85980299483492e-05,3.33964685192599,2.99802516529238
joint_categories,sieve_md,3.00519957078734e-05,3.11700001661268,3.03986963686123
joint_categories,sieve_md,1.10828688048953e-05,3.01375270747048,3.08925936673831
joint_categories,sieve_md,1.60608910348181e-05,2.82211880039051,3.13315296350533
joint_categories,sieve_md,0.000148285161390404,3.01375270747048,3.10114575976497
joint_categories,sieve_md,0.000271515212380679,2.82211880039051,3.13371454665374
joint_categories,sieve_md,3.05154634829689e-07,3.33964685192599,3.00108767319793
joint_categories,sieve_md,2.40681406251915e-07,3.11700001661268,3.04324832746444
joint_categories,sieve_md,4.12517035151706e-06,3.33964685192599,3.01495383467634
joint_categories,sieve_md,4.16821908891518e-06,3.11700001661268,3.05740663328411
joint_categories,sieve_md,7.05740654521481e-06,3.01375270747048,3.10722097241098
joint_categories,sieve_md,9.71236122214363e-06,2.82211880039051,3.15161773526694
joint_categories,sieve_md,0.00012939977843616,3.01375270747048,3.12333394673924
joint_categories,sieve_md,0.000227825039686029,2.82211880039051,3.1668720096812
joint_categories,sieve_md,3.00816663850815e-05,1.77880078307141,1.76853842796594
joint_categories,sieve_md,3.17209983260963e-05,1.70468808971871,1.78208496790562
joint_categories,sieve_md,4.13594762180718e-06,1.77880078307141,1.7738698903901
joint_categories,sieve_md,5.43870265097525e-06,1.70468808971871,1.79021932994569
joint_categories,sieve_md,1.98313625685525e-06,1.67032004603564,1.80942604480724
joint_categories,sieve_md,3.65993211628691e-06,1.60653065971263,1.82638085929601
joint_categories,sieve_md,3.69821515533816e-07,1.67032004603564,1.81491425127884
joint_categories,sieve_md,8.49943641118638e-07,1.60653065971263,1.83208357297583
joint_categories,sieve_md,1.92209527257176e-05,1.77880078307141,1.77504976736249
joint_categories,sieve_md,1.35055989601425e-05,1.70468808971871,1.79214607168089
joint_categories,sieve_md,3.28482023764151e-06,1.77880078307141,1.78052293980772
joint_categories,sieve_md,2.84006200819685e-06,1.70468808971871,1.79701717528744
joint_categories,sieve_md,7.66576748243807e-06,1.67032004603564,1.81648754196383
joint_categories,sieve_md,9.42692604798354e-06,1.60653065971263,1.83416600483638
joint_categories,sieve_md,1.77688294532046e-06,1.67032004603564,1.82192016383883
joint_categories,sieve_md,2.68505201548952e-06,1.60653065971263,1.83923709219055
joint_categories,sieve_md,3.93361236836894e-06,1.77880078307141,1.78190315936563
joint_categories,sieve_md,2.3141750074013e-06,1.70468808971871,1.79828771432779
joint_categories,sieve_md,8.48654707981008e-07,1.77880078307141,1.78723318626467
joint_categories,sieve_md,6.30552587809415e-07,1.70468808971871,1.80386930546206
joint_categories,sieve_md,9.49078990881937e-06,1.67032004603564,1.82342428644168
joint_categories,sieve_md,9.77197882177901e-06,1.60653065971263,1.84128983484251
joint_categories,sieve_md,2.77720733457155e-06,1.67032004603564,1.82914543440944
joint_categories,sieve_md,3.6064196520022e-06,1.60653065971263,1.84639987620873
joint_categories,sieve_md,5.19984132610118e-07,1.77880078307141,1.78858594777177
joint_categories,sieve_md,2.86490459756185e-07,1.70468808971871,1.80515068661661
joint_categories,sieve_md,1.53734893089961e-07,1.77880078307141,1.79400112149054
joint_categories,sieve_md,1.08314693358046e-07,1.70468808971871,1.81072982719331
joint_categories,sieve_md,7.58981093683847e-06,1.67032004603564,1.83114480629354
joint_categories,sieve_md,7.31857537232692e-06,1.60653065971263,1.84784376378086
joint_categories,sieve_md,3.04354548321399e-06,1.67032004603564,1.83609846816194
joint_categories,sieve_md,3.74776534048174e-06,1.60653065971263,1.85377106355347
joint_categories,sieve_md,4.2798411567127e-06,1.77880078307141,1.70885667681623
joint_categories,sieve_md,4.17184291293648e-06,1.70468808971871,1.72373569420929
joint_categories,sieve_md,2.15357958330225e-05,1.77880078307141,1.71397472580524
joint_categories,sieve_md,2.61780052397517e-05,1.70468808971871,1.72870384379909
joint_categories,sieve_md,2.82148869773635e-07,1.67032004603564,1.74636664354496
joint_categories,sieve_md,4.81342412499007e-07,1.60653065971263,1.76209174466672
joint_categories,sieve_md,1.92565317104166e-06,1.67032004603564,1.75163060138034
joint_categories,sieve_md,4.0910177515786e-06,1.60653065971263,1.76746599892993
joint_categories,sieve_md,2.13088914901341e-06,1.77880078307141,1.71486820347041
joint_categories,sieve_md,1.39034324073124e-06,1.70468808971871,1.72997401564755
joint_categories,sieve_md,1.33277761513796e-05,1.77880078307141,1.71999892835737
joint_categories,sieve_md,1.07003045212305e-05,1.70468808971871,1.73496171049968
joint_categories,sieve_md,8.49848651119723e-07,1.67032004603564,1.75278324435193
joint_categories,sieve_md,9.70461432356121e-07,1.60653065971263,1.76864353599624
joint_categories,sieve_md,7.20949593255025e-06,1.67032004603564,1.75798283464513
joint_categories,sieve_md,1.0116284129769e-05,1.60653065971263,1.77494219508493
joint_categories,sieve_md,3.42324477264912e-07,1.77880078307141,1.72101400852606
joint_categories,sieve_md,1.88803353200941e-07,1.70468808971871,1.73620495829899
joint_categories,sieve_md,2.70294713997498e-06,1.77880078307141,1.72601013978224
joint_categories,sieve_md,1.8827599501757e-06,1.70468808971871,1.74130635239066
joint_categories,sieve_md,8.2594048170406e-07,1.67032004603564,1.75925500942204
joint_categories,sieve_md,7.97252741499562e-07,1.60653065971263,1.77525165383752
joint_categories,sieve_md,8.84534611250361e-06,1.67032004603564,1.76475968304859
joint_categories,sieve_md,1.07683682782198e-05,1.60653065971263,1.78061510139638
joint_categories,sieve_md,3.60330338672362e-08,1.77880078307141,1.72721264978228
joint_categories,sieve_md,1.88727343324157e-08,1.70468808971871,1.7425341979165
joint_categories,sieve_md,3.89891101718572e-07,1.77880078307141,1.73225173335972
joint_categories,sieve_md,2.61139261447163e-07,1.70468808971871,1.74767944928627
joint_categories,sieve_md,5.25946653718523e-07,1.67032004603564,1.76578241300885
joint_categories,sieve_md,4.82115630695812e-07,1.60653065971263,1.78191658243614
joint_categories,sieve_md,7.71881566851901e-06,1.67032004603564,1.77128108758247
joint_categories,sieve_md,9.03560396792626e-06,1.60653065971263,1.78733801753768
joint_categories,sieve_md,8.08169690768527e-06,2.22140275816017,2.14976550062419
joint_categories,sieve_md,1.10501845857885e-05,2.10517091807565,2.17282424519127
joint_categories,sieve_md,1.4999060022472e-06,2.22140275816017,2.15581123336097
joint_categories,sieve_md,2.55744525314275e-06,2.10517091807565,2.18004474442984
joint_categories,sieve_md,5.40701166275234e-07,2.05127109637602,2.20873720736022
joint_categories,sieve_md,1.29419371112898e-06,1.95122942450071,2.2346265327121
joint_categories,sieve_md,1.36108507041146e-07,2.05127109637602,2.21711292498954
joint_categories,sieve_md,4.05699739169481e-07,1.95122942450071,2.24275611789961
joint_categories,sieve_md,5.16387331132807e-06,2.22140275816017,2.15836384422509
joint_categories,sieve_md,4.70474982902511e-06,2.10517091807565,2.18261756816801
joint_categories,sieve_md,1.19124371033228e-06,2.22140275816017,2.16574787690853
joint_categories,sieve_md,1.33548450202396e-06,2.10517091807565,2.1903088663437
joint_categories,sieve_md,2.0900678931269e-06,2.05127109637602,2.2203892974684
joint_categories,sieve_md,3.33346849584625e-06,1.95122942450071,2.24588028887734
joint_categories,sieve_md,6.53961099384247e-07,2.05127109637602,2.22757658630694
joint_categories,sieve_md,1.28164368746484e-06,1.95122942450071,2.25353395476245
joint_categories,sieve_md,1.05679859973601e-06,2.22140275816017,2.16825837153274
joint_categories,sieve_md,8.06155617572889e-07,2.10517091807565,2.19228040673479
joint_categories,sieve_md,3.07765573148112e-07,2.22140275816017,2.1757699469359
joint_categories,sieve_md,2.96505219357947e-07,2.10517091807565,2.20054209005269
joint_categories,sieve_md,2.58765939800293e-06,2.05127109637602,2.22645730242735
joint_categories,sieve_md,3.45548308946848e-06,1.95122942450071,2.25758031726022
joint_categories,sieve_md,1.02211885510942e-06,2.05127109637602,2.23741805238487
joint_categories,sieve_md,1.72143591806549e-06,1.95122942450071,2.26447326333234
joint_categories,sieve_md,1.39698183696522e-07,2.22140275816017,2.17771740612616
joint_categories,sieve_md,9.98005305453712e-08,2.10517091807565,2.20253058000573
joint_categories,sieve_md,5.57521298588665e-08,2.22140275816017,2.18587817786445
joint_categories,sieve_md,5.09329000224851e-08,2.10517091807565,2.21086328997563
joint_categories,sieve_md,2.0693583767485e-06,2.05127109637602,2.24022534300082
joint_categories,sieve_md,2.58793166658462e-06,1.95122942450071,2.2661039717283
joint_categories,sieve_md,1.12014151268114e-06,2.05127109637602,2.24854206971028
joint_categories,sieve_md,1.78890381378785e-06,1.95122942450071,2.2754047472989
joint_categories,sieve_md,1.14981592438452e-06,2.22140275816017,2.05858861771214
joint_categories,sieve_md,1.45328447033573e-06,2.10517091807565,2.08077388525571
joint_categories,sieve_md,7.80998029636714e-06,2.22140275816017,2.06606582967401
joint_categories,sieve_md,1.23097031651738e-05,2.10517091807565,2.08753844132957
joint_categories,sieve_md,7.6927756437554e-08,2.05127109637602,2.11473383514163
joint_categories,sieve_md,1.70208163256281e-07,1.95122942450071,2.13822001640798
joint_categories,sieve_md,7.08714250470814e-07,2.05127109637602,2.12268877257874
joint_categories,sieve_md,1.95274692868899e-06,1.95122942450071,2.14617341369787
joint_categories,sieve_md,5.72481591470023e-07,2.22140275816017,2.06768942712989
joint_categories,sieve_md,4.84333730286296e-07,2.10517091807565,2.09018443592143
joint_categories,sieve_md,4.83333283542083e-06,2.22140275816017,2.07523728105983
joint_categories,sieve_md,5.03161227247748e-06,2.10517091807565,2.09742411811565
joint_categories,sieve_md,2.31710834406578e-07,2.05127109637602,2.12431733152105
joint_categories,sieve_md,3.4316622350983e-07,1.95122942450071,2.14800542621824
joint_categories,sieve_md,2.65337111736784e-06,2.05127109637602,2.13162398065595
joint_categories,sieve_md,4.82875997214357e-06,1.95122942450071,2.15642296287074
joint_categories,sieve_md,9.19683980907669e-08,2.22140275816017,2.07686847726425
joint_categories,sieve_md,6.57706886094388e-08,2.10517091807565,2.09955687826164
joint_categories,sieve_md,9.80226784698478e-07,2.22140275816017,2.08466948830596
joint_categories,sieve_md,8.85331632631305e-07,2.10517091807565,2.10717605129083
joint_categories,sieve_md,2.25192283277341e-07,2.05127109637602,2.13398321833301
joint_categories,sieve_md,2.81917656242177e-07,1.95122942450071,2.15787496233429
joint_categories,sieve_md,3.25542674794697e-06,2.05127109637602,2.14230143258164
joint_categories,sieve_md,5.14001633803023e-06,1.95122942450071,2.16489064918781
joint_categories,sieve_md,9.68058267289943e-09,2.22140275816017,2.08612644075978
joint_categories,sieve_md,6.574421014996e-09,2.10517091807565,2.10900989657829
joint_categories,sieve_md,1.41394441410971e-07,2.22140275816017,2.09365255009285
joint_categories,sieve_md,1.22795712039432e-07,2.10517091807565,2.11669457252381
joint_categories,sieve_md,1.43399107389179e-07,2.05127109637602,2.14373220389765
joint_categories,sieve_md,1.70481582023581e-07,1.95122942450071,2.16782934799976
joint_categories,sieve_md,2.84082032180159e-06,2.05127109637602,2.15186604282054
joint_categories,sieve_md,4.31292381716253e-06,1.95122942450071,2.17700261754887
joint_categories,sieve_md,0.000785908256389827,2.49182469764127,2.41744062581112
joint_categories,sieve_md,0.00102865333116636,2.349858807576,2.43262371861144
joint_categories,sieve_md,0.000108055030674303,2.49182469764127,2.42637537614216
joint_categories,sieve_md,0.000176367072109029,2.349858807576,2.45587225187643
joint_categories,sieve_md,7.1647294397174e-05,2.28402541668774,2.49112377894824
joint_categories,sieve_md,0.000164114529741021,2.16183424272828,2.52256663501796
joint_categories,sieve_md,1.33610138518053e-05,2.28402541668774,2.50140425805919
joint_categories,sieve_md,3.81122098816605e-05,2.16183424272828,2.53303714785513
joint_categories,sieve_md,0.000502163186355646,2.49182469764127,2.42791713795063
joint_categories,sieve_md,0.000437961605650929,2.349858807576,2.45765893278408
joint_categories,sieve_md,8.58186282791549e-05,2.49182469764127,2.43774976423723
joint_categories,sieve_md,9.20979603295557e-05,2.349858807576,2.46833934932487
joint_categories,sieve_md,0.000276950964763997,2.28402541668774,2.50411876025577
joint_categories,sieve_md,0.000422711538387158,2.16183424272828,2.53531122862373
joint_categories,sieve_md,6.41957177942842e-05,2.28402541668774,2.51395402257559
joint_categories,sieve_md,0.000120400060670879,2.16183424272828,2.54649482045582
joint_categories,sieve_md,0.000102768855892619,2.49182469764127,2.44042330887705
joint_categories,sieve_md,7.50444171332057e-05,2.349858807576,2.47048665491255
joint_categories,sieve_md,2.21718016976992e-05,2.49182469764127,2.45045994366975
joint_categories,sieve_md,2.044765468154e-05,2.349858807576,2.48096283341982
joint_categories,sieve_md,0.000342885879025377,2.28402541668774,2.51745748739516
joint_categories,sieve_md,0.00043818400397068,2.16183424272828,2.55181209769591
joint_categories,sieve_md,0.000100335713602236,2.28402541668774,2.52756120762392
joint_categories,sieve_md,0.000161714984440089,2.16183424272828,2.55984517965542
joint_categories,sieve_md,1.35850128040999e-05,2.49182469764127,2.45280679552675
joint_categories,sieve_md,9.29035595746489e-06,2.349858807576,2.48341579174547
joint_categories,sieve_md,4.0164504262479e-06,2.49182469764127,2.46287374756165
joint_categories,sieve_md,3.51244525760576e-06,2.349858807576,2.49369484307513
joint_categories,sieve_md,0.00027420678570663,2.28402541668774,2.52950062126203
joint_categories,sieve_md,0.000328171265870959,2.16183424272828,2.56143389639144
joint_categories,sieve_md,0.000109958051794591,2.28402541668774,2.54046136115818
joint_categories,sieve_md,0.000168053047676976,2.16183424272828,2.57334582569688
joint_categories,sieve_md,0.000111814367530038,2.49182469764127,2.30591648180322
joint_categories,sieve_md,0.000135285152925482,2.349858807576,2.3333979662586
joint_categories,sieve_md,0.000562640364946396,2.49182469764127,2.31631726245805
joint_categories,sieve_md,0.000848904313046409,2.349858807576,2.34378802257269
joint_categories,sieve_md,1.01935522920435e-05,2.28402541668774,2.37511162055787
joint_categories,sieve_md,2.15838111641879e-05,2.16183424272828,2.4040836673046
joint_categories,sieve_md,6.95705295970208e-05,2.28402541668774,2.38434436253903
joint_categories,sieve_md,0.000183444783435939,2.16183424272828,2.41381300156657
joint_categories,sieve_md,5.5671230251116e-05,2.49182469764127,2.31707865331507
joint_categories,sieve_md,4.50862608843634e-05,2.349858807576,2.34489080570133
joint_categories,sieve_md,0.000348199105149284,2.49182469764127,2.32700341596036
joint_categories,sieve_md,0.00034699109331635,2.349858807576,2.35317112443533
joint_categories,sieve_md,3.07035667818262e-05,2.28402541668774,2.38693361502997
joint_categories,sieve_md,4.35163321456637e-05,2.16183424272828,2.41615473783087
joint_categories,sieve_md,0.000260466660194977,2.28402541668774,2.39713201666578
joint_categories,sieve_md,0.000453622952539332,2.16183424272828,2.4253934258457
joint_categories,sieve_md,8.94350830179572e-06,2.49182469764127,2.32840173162089
joint_categories,sieve_md,6.12254369200453e-06,2.349858807576,2.35638965383141
joint_categories,sieve_md,7.06167154006169e-05,2.49182469764127,2.3376066421131
joint_categories,sieve_md,6.10544244107713e-05,2.349858807576,2.36578850137796
joint_categories,sieve_md,2.98398058341352e-05,2.28402541668774,2.39885724456297
joint_categories,sieve_md,3.57495042527406e-05,2.16183424272828,2.4283870920488
joint_categories,sieve_md,0.000319567107291156,2.28402541668774,2.40907274027649
joint_categories,sieve_md,0.000482862971199338,2.16183424272828,2.43553598744895
joint_categories,sieve_md,9.41392622886055e-07,2.49182469764127,2.33982215574732
joint_categories,sieve_md,6.12007883222454e-07,2.349858807576,2.36805069337895
joint_categories,sieve_md,1.01862254574273e-05,2.49182469764127,2.34916871896288
joint_categories,sieve_md,8.46826346461352e-06,2.349858807576,2.37753034391057
joint_categories,sieve_md,1.90015459633291e-05,2.28402541668774,2.41088338292531
joint_categories,sieve_md,2.16184829386154e-05,2.16183424272828,2.44060910025123
joint_categories,sieve_md,0.000278867504281762,2.28402541668774,2.42049481484802
joint_categories,sieve_md,0.000405164316989228,2.16183424272828,2.44925960350575
joint_categories,sieve_md,0.000279185284834023,3.33964685192599,3.11820513147592
joint_categories,sieve_md,0.000473415191318013,3.11700001661268,3.16176976553755
joint_categories,sieve_md,5.18148217193636e-05,3.33964685192599,3.1294754688086
joint_categories,sieve_md,0.0001095668062739,3.11700001661268,3.17535555351636
joint_categories,sieve_md,2.58002730061212e-05,3.01375270747048,3.2269866886697
joint_categories,sieve_md,7.66201105329499e-05,2.82211880039051,3.27370773368254
joint_categories,sieve_md,6.49459786504253e-06,3.01375270747048,3.24241817498034
joint_categories,sieve_md,2.40186291982813e-05,2.82211880039051,3.28986765931381
joint_categories,sieve_md,0.000178387962050269,3.33964685192599,3.13214786946162
joint_categories,sieve_md,0.000201562247500899,3.11700001661268,3.17927133897917
joint_categories,sieve_md,4.11519657783247e-05,3.33964685192599,3.14772210239058
joint_categories,sieve_md,5.72152117568273e-05,3.11700001661268,3.1930341720365
joint_categories,sieve_md,9.9730360515911e-05,3.01375270747048,3.24613235214116
joint_categories,sieve_md,0.000197351232982766,2.82211880039051,3.29183175652787
joint_categories,sieve_md,3.12046208735347e-05,3.01375270747048,3.26070684760727
joint_categories,sieve_md,7.58771118673957e-05,2.82211880039051,3.30880379202219
joint_categories,sieve_md,3.65075084415654e-05,3.33964685192599,3.15120711019239
joint_categories,sieve_md,3.45375512021937e-05,3.11700001661268,3.19711242747117
joint_categories,sieve_md,1.06318784511398e-05,3.33964685192599,3.16624755556466
joint_categories,sieve_md,1.27029620237892e-05,3.11700001661268,3.21188794177516
joint_categories,sieve_md,0.000123473598873924,3.01375270747048,3.26462818874365
joint_categories,sieve_md,0.000204574859221695,2.82211880039051,3.3133639690566
joint_categories,sieve_md,4.87717562885807e-05,3.01375270747048,3.28013914083416
joint_categories,sieve_md,0.000101914117788834,2.82211880039051,3.3265301021156
joint_categories,sieve_md,4.82592673934857e-06,3.33964685192599,3.16983556929257
joint_categories,sieve_md,4.27568307976865e-06,3.11700001661268,3.21555155089467
joint_categories,sieve_md,1.92597847117347e-06,3.33964685192599,3.1848710376473
joint_categories,sieve_md,2.18208197531259e-06,3.11700001661268,3.23090379956419
joint_categories,sieve_md,9.87421784854038e-05,3.01375270747048,3.28641455471545
joint_categories,sieve_md,0.000153213238976768,2.82211880039051,3.32988864482812
joint_categories,sieve_md,5.34490373522736e-05,3.01375270747048,3.30063379159544
joint_categories,sieve_md,0.000105908417547225,2.82211880039051,3.34923202318756
joint_categories,sieve_md,3.97208272003769e-05,3.33964685192599,2.95030249733915
joint_categories,sieve_md,6.22620319345912e-05,3.11700001661268,2.99104336479447
joint_categories,sieve_md,0.000269798731441647,3.33964685192599,2.96418161892393
joint_categories,sieve_md,0.00052737584913319,3.11700001661268,3.0032745433589
joint_categories,sieve_md,3.67070988862448e-06,3.01375270747048,3.05379415571371
joint_categories,sieve_md,1.00768286618624e-05,2.82211880039051,3.09695729699064
joint_categories,sieve_md,3.38172400689218e-05,3.01375270747048,3.06802553687106
joint_categories,sieve_md,0.0001156084164468,2.82211880039051,3.11148193713021
joint_categories,sieve_md,1.97765937033353e-05,3.33964685192599,2.96711917807544
joint_categories,sieve_md,2.07499651978794e-05,3.11700001661268,3.00856415456431
joint_categories,sieve_md,0.000166969315945442,3.33964685192599,2.98446759073625
joint_categories,sieve_md,0.000215565782464531,3.11700001661268,3.02295017225151
joint_categories,sieve_md,1.10563896640881e-05,3.01375270747048,3.07145086284403
joint_categories,sieve_md,2.03164593911998e-05,2.82211880039051,3.11509398994343
joint_categories,sieve_md,0.000126609120683494,3.01375270747048,3.0881598915632
joint_categories,sieve_md,0.000285876928330902,2.82211880039051,3.13683143476927
joint_categories,sieve_md,3.1770831930461e-06,3.33964685192599,2.98403073034618
joint_categories,sieve_md,2.81776678836657e-06,3.11700001661268,3.02583201411631
joint_categories,sieve_md,3.386230604958e-05,3.33964685192599,2.99802516529238
joint_categories,sieve_md,3.7929632848041e-05,3.11700001661268,3.03986963686123
joint_categories,sieve_md,1.07453483547134e-05,3.01375270747048,3.08925936673831
joint_categories,sieve_md,1.66903623443067e-05,2.82211880039051,3.13315296350533
joint_categories,sieve_md,0.000155337003297136,3.01375270747048,3.10114575976497
joint_categories,sieve_md,0.000304304229401246,2.82211880039051,3.13371454665374
joint_categories,sieve_md,3.34419400005292e-07,3.33964685192599,3.00108767319793
joint_categories,sieve_md,2.81663239057777e-07,3.11700001661268,3.04324832746444
joint_categories,sieve_md,4.88452460543658e-06,3.33964685192599,3.01495383467634
joint_categories,sieve_md,5.26084926969852e-06,3.11700001661268,3.05740663328411
joint_categories,sieve_md,6.8424785264688e-06,3.01375270747048,3.10722097241098
joint_categories,sieve_md,1.00930158647457e-05,2.82211880039051,3.15161773526694
joint_categories,sieve_md,0.000135553507991712,3.01375270747048,3.12333394673924
joint_categories,sieve_md,0.000255337896289817,2.82211880039051,3.1668720096812
joint_categories,sieve_md,0.00024759362023438,1.77880078307141,1.76853842796594
joint_categories,sieve_md,0.000180942966226626,1.70468808971871,1.78208496790562
joint_categories,sieve_md,1.76621755506619e-05,1.77880078307141,1.7738698903901
joint_categories,sieve_md,1.62616805429327e-05,1.70468808971871,1.79021932994569
joint_categories,sieve_md,4.19802573438472e-05,1.67032004603564,1.80942604480724
joint_categories,sieve_md,5.32955333806034e-05,1.60653065971263,1.82638085929601
joint_categories,sieve_md,4.06177931248382e-06,1.67032004603564,1.81491425127884
joint_categories,sieve_md,6.48758652535278e-06,1.60653065971263,1.83208357297583
joint_categories,sieve_md,0.000158202182312428,1.77880078307141,1.77504976736249
joint_categories,sieve_md,7.70386578440376e-05,1.70468808971871,1.79214607168089
joint_categories,sieve_md,1.40275160603318e-05,1.77880078307141,1.78052293980772
joint_categories,sieve_md,8.49176431646534e-06,1.70468808971871,1.79701717528744
joint_categories,sieve_md,0.000162273716966456,1.67032004603564,1.81648754196383
joint_categories,sieve_md,0.000137273871728664,1.60653065971263,1.83416600483638
joint_categories,sieve_md,1.95156476431346e-05,1.67032004603564,1.82192016383883
joint_categories,sieve_md,2.04948968764973e-05,1.60653065971263,1.83923709219055
joint_categories,sieve_md,3.2376441996784e-05,1.77880078307141,1.78190315936563
joint_categories,sieve_md,1.32005205480003e-05,1.70468808971871,1.79828771432779
joint_categories,sieve_md,3.62410015910861e-06,1.77880078307141,1.78723318626467
joint_categories,sieve_md,1.88534755556779e-06,1.70468808971871,1.80386930546206
joint_categories,sieve_md,0.000200906922754983,1.67032004603564,1.82342428644168
joint_categories,sieve_md,0.000142298492688722,1.60653065971263,1.84128983484251
joint_categories,sieve_md,3.05022904948038e-05,1.67032004603564,1.82914543440944
joint_categories,sieve_md,2.7527659961434e-05,1.60653065971263,1.84639987620873
joint_categories,sieve_md,4.2798411567127e-06,1.77880078307141,1.78858594777177
joint_categories,sieve_md,1.6341993102174e-06,1.70468808971871,1.80515068661661
joint_categories,sieve_md,6.5651041026257e-07,1.77880078307141,1.79400112149054
joint_categories,sieve_md,3.23860128881732e-07,1.70468808971871,1.81072982719331
joint_categories,sieve_md,0.00016066582173475,1.67032004603564,1.83114480629354
joint_categories,sieve_md,0.000106572298518483,1.60653065971263,1.84784376378086
joint_categories,sieve_md,3.34275037039908e-05,1.67032004603564,1.83609846816194
joint_categories,sieve_md,2.8606546065917e-05,1.60653065971263,1.85377106355347
joint_categories,sieve_md,3.52261524495902e-05,1.77880078307141,1.70885667681623
joint_categories,sieve_md,2.379703260087e-05,1.70468808971871,1.72373569420929
joint_categories,sieve_md,9.19665917964057e-05,1.77880078307141,1.71397472580524
joint_categories,sieve_md,7.82720412897965e-05,1.70468808971871,1.72870384379909
joint_categories,sieve_md,5.97270213855877e-06,1.67032004603564,1.74636664354496
joint_categories,sieve_md,7.00925585441377e-06,1.60653065971263,1.76209174466672
joint_categories,sieve_md,2.11496029425597e-05,1.67032004603564,1.75163060138034
joint_categories,sieve_md,3.12265782766362e-05,1.60653065971263,1.76746599892993
joint_categories,sieve_md,1.75387411045831e-05,1.77880078307141,1.71486820347041
joint_categories,sieve_md,7.9307979990052e-06,1.70468808971871,1.72997401564755
joint_categories,sieve_md,5.69150152783454e-05,1.77880078307141,1.71999892835737
joint_categories,sieve_md,3.19938310665223e-05,1.70468808971871,1.73496171049968
joint_categories,sieve_md,1.79901229449064e-05,1.67032004603564,1.75278324435193
joint_categories,sieve_md,1.41317538193021e-05,1.60653065971263,1.76864353599624
joint_categories,sieve_md,7.91824710090216e-05,1.67032004603564,1.75798283464513
joint_categories,sieve_md,7.72172005670297e-05,1.60653065971263,1.77494219508493
joint_categories,sieve_md,2.81757518137011e-06,1.77880078307141,1.72101400852606
joint_categories,sieve_md,1.07697237049461e-06,1.70468808971871,1.73620495829899
joint_categories,sieve_md,1.15426816912971e-05,1.77880078307141,1.72601013978224
joint_categories,sieve_md,5.62943827114635e-06,1.70468808971871,1.74130635239066
joint_categories,sieve_md,1.74840199975066e-05,1.67032004603564,1.75925500942204
joint_categories,sieve_md,1.16095077032398e-05,1.60653065971263,1.77525165383752
joint_categories,sieve_md,9.71491444992499e-05,1.67032004603564,1.76475968304859
joint_categories,sieve_md,8.21945333338447e-05,1.60653065971263,1.78061510139638
joint_categories,sieve_md,2.96577629344414e-07,1.77880078307141,1.72721264978228
joint_categories,sieve_md,1.07653879484146e-07,1.70468808971871,1.7425341979165
joint_categories,sieve_md,1.66499330114472e-06,1.77880078307141,1.73225173335972
joint_categories,sieve_md,7.80804452714412e-07,1.70468808971871,1.74767944928627
joint_categories,sieve_md,1.1133564724015e-05,1.67032004603564,1.76578241300885
joint_categories,sieve_md,7.02051537369144e-06,1.60653065971263,1.78191658243614
joint_categories,sieve_md,8.47763704445683e-05,1.67032004603564,1.77128108758247
joint_categories,sieve_md,6.89684112155858e-05,1.60653065971263,1.78733801753768
joint_categories,sieve_md,0.00113211627555777,2.22140275816017,2.14976550062419
joint_categories,sieve_md,0.0010633068839552,2.10517091807565,2.17282424519127
joint_categories,sieve_md,0.000109014464450542,2.22140275816017,2.15581123336097
joint_categories,sieve_md,0.000128994350404805,2.10517091807565,2.18004474442984
joint_categories,sieve_md,0.0001921137690565,2.05127109637602,2.20873720736022
joint_categories,sieve_md,0.000312786831599994,1.95122942450071,2.2346265327121
joint_categories,sieve_md,2.50910053944911e-05,2.05127109637602,2.21711292498954
joint_categories,sieve_md,5.13959804886413e-05,1.95122942450071,2.24275611789961
joint_categories,sieve_md,0.000723375930507067,2.22140275816017,2.15836384422509
joint_categories,sieve_md,0.000452715775166618,2.10517091807565,2.18261756816801
joint_categories,sieve_md,8.65806223305908e-05,2.22140275816017,2.16574787690853
joint_categories,sieve_md,6.73601734397128e-05,2.10517091807565,2.1903088663437
joint_categories,sieve_md,0.000742611345373341,2.05127109637602,2.2203892974684
joint_categories,sieve_md,0.000805648366305678,1.95122942450071,2.24588028887734
joint_categories,sieve_md,0.000120554856042004,2.05127109637602,2.22757658630694
joint_categories,sieve_md,0.000162364743169864,1.95122942450071,2.25353395476245
joint_categories,sieve_md,0.000148040554900056,2.22140275816017,2.16825837153274
joint_categories,sieve_md,7.75725338386502e-05,2.10517091807565,2.19228040673479
joint_categories,sieve_md,2.23686678250429e-05,2.22140275816017,2.1757699469359
joint_categories,sieve_md,1.4955353634926e-05,2.10517091807565,2.20054209005269
joint_categories,sieve_md,0.00091940804087662,2.05127109637602,2.22645730242735
joint_categories,sieve_md,0.000835137427966135,1.95122942450071,2.25758031726022
joint_categories,sieve_md,0.000188423121117687,2.05127109637602,2.23741805238487
joint_categories,sieve_md,0.000218079723291071,1.95122942450071,2.26447326333234
joint_categories,sieve_md,1.95694777019285e-05,2.22140275816017,2.17771740612616
joint_categories,sieve_md,9.60333199209652e-06,2.10517091807565,2.20253058000573
joint_categories,sieve_md,4.05211297870368e-06,2.22140275816017,2.18587817786445
joint_categories,sieve_md,2.56899198313616e-06,2.10517091807565,2.21086328997563
joint_categories,sieve_md,0.000735253152909657,2.05127109637602,2.24022534300082
joint_categories,sieve_md,0.000625463514022301,1.95122942450071,2.2661039717283
joint_categories,sieve_md,0.000206493167460718,2.05127109637602,2.24854206971028
joint_categories,sieve_md,0.000226626878532667,1.95122942450071,2.2754047472989
joint_categories,sieve_md,0.000161070792032964,2.22140275816017,2.05858861771214
joint_categories,sieve_md,0.000139842675898876,2.10517091807565,2.08077388525571
joint_categories,sieve_md,0.000567636117264789,2.22140275816017,2.06606582967401
joint_categories,sieve_md,0.000620886082122882,2.10517091807565,2.08753844132957
joint_categories,sieve_md,2.73328081314994e-05,2.05127109637602,2.11473383514163
joint_categories,sieve_md,4.11367105554423e-05,1.95122942450071,2.13822001640798
joint_categories,sieve_md,0.000130648358932776,2.05127109637602,2.12268877257874
joint_categories,sieve_md,0.000247383306806186,1.95122942450071,2.14617341369787
joint_categories,sieve_md,8.0195500346481e-05,2.22140275816017,2.06768942712989
joint_categories,sieve_md,4.66051390858619e-05,2.10517091807565,2.09018443592143
joint_categories,sieve_md,0.0003512908074074,2.22140275816017,2.07523728105983
joint_categories,sieve_md,0.000253788250512689,2.10517091807565,2.09742411811565
joint_categories,sieve_md,8.23279928092752e-05,2.05127109637602,2.12431733152105
joint_categories,sieve_md,8.29380291688633e-05,1.95122942450071,2.14800542621824
joint_categories,sieve_md,0.000489137310126671,2.05127109637602,2.13162398065595
joint_categories,sieve_md,0.000611730374342061,1.95122942450071,2.15642296287074
joint_categories,sieve_md,1.28832993249873e-05,2.22140275816017,2.07686847726425
joint_categories,sieve_md,6.32880160670185e-06,2.10517091807565,2.09955687826164
joint_categories,sieve_md,7.12437298163237e-05,2.22140275816017,2.08466948830596
joint_categories,sieve_md,4.46550238773484e-05,2.10517091807565,2.10717605129083
joint_categories,sieve_md,8.00119197095036e-05,2.05127109637602,2.13398321833301
joint_categories,sieve_md,6.81351869583443e-05,1.95122942450071,2.15787496233429
joint_categories,sieve_md,0.000600123620997585,2.05127109637602,2.14230143258164
joint_categories,sieve_md,0.000651161817262938,1.95122942450071,2.16489064918781
joint_categories,sieve_md,1.35609455861306e-06,2.22140275816017,2.08612644075978
joint_categories,sieve_md,6.32625371005616e-07,2.10517091807565,2.10900989657829
joint_categories,sieve_md,1.02766701937367e-05,2.22140275816017,2.09365255009285
joint_categories,sieve_md,6.19366263561531e-06,2.10517091807565,2.11669457252381
joint_categories,sieve_md,5.09504042494514e-05,2.05127109637602,2.14373220389765
joint_categories,sieve_md,4.12027916908923e-05,1.95122942450071,2.16782934799976
joint_categories,sieve_md,0.000523692747563205,2.05127109637602,2.15186604282054
joint_categories,sieve_md,0.000546381786711675,1.95122942450071,2.17700261754887
joint_categories,sieve_md,2.92158959072207e-05,2.49182469764127,2.41744062581112
joint_categories,sieve_md,2.65016975343398e-05,2.349858807576,2.43262371861144
joint_categories,sieve_md,2.08412592333647e-06,2.49182469764127,2.42637537614216
joint_categories,sieve_md,2.38175679406677e-06,2.349858807576,2.45587225187643
joint_categories,sieve_md,6.85018238213155e-06,2.28402541668774,2.49112377894824
joint_categories,sieve_md,1.07938061238504e-05,2.16183424272828,2.52256663501796
joint_categories,sieve_md,6.62786053419966e-07,2.28402541668774,2.50140425805919
joint_categories,sieve_md,1.31391406980173e-06,2.16183424272828,2.53303714785513
joint_categories,sieve_md,1.8667760850864e-05,2.49182469764127,2.42791713795063
joint_categories,sieve_md,1.12834184782682e-05,2.349858807576,2.45765893278408
joint_categories,sieve_md,1.65523832426525e-06,2.49182469764127,2.43774976423723
joint_categories,sieve_md,1.24374090986217e-06,2.349858807576,2.46833934932487
joint_categories,sieve_md,2.64792220767445e-05,2.28402541668774,2.50411876025577
joint_categories,sieve_md,2.78017211447736e-05,2.16183424272828,2.53531122862373
joint_categories,sieve_md,3.18449085640208e-06,2.28402541668774,2.51395402257559
joint_categories,sieve_md,4.1507782994387e-06,2.16183424272828,2.54649482045582
joint_categories,sieve_md,3.82040037351845e-06,2.49182469764127,2.44042330887705
joint_categories,sieve_md,1.9334059242777e-06,2.349858807576,2.47048665491255
joint_categories,sieve_md,4.27641604438872e-07,2.49182469764127,2.45045994366975
joint_categories,sieve_md,2.76136241749152e-07,2.349858807576,2.48096283341982
joint_categories,sieve_md,3.27832450247273e-05,2.28402541668774,2.51745748739516
joint_categories,sieve_md,2.88193445936543e-05,2.16183424272828,2.55181209769591
joint_categories,sieve_md,4.97725040727478e-06,2.28402541668774,2.52756120762392
joint_categories,sieve_md,5.57510556363315e-06,2.16183424272828,2.55984517965542
joint_categories,sieve_md,5.05018641496461e-07,2.49182469764127,2.45280679552675
joint_categories,sieve_md,2.39351972245027e-07,2.349858807576,2.48341579174547
joint_categories,sieve_md,7.74678272811758e-08,2.49182469764127,2.46287374756165
joint_categories,sieve_md,4.74339697090307e-08,2.349858807576,2.49369484307513
joint_categories,sieve_md,2.62168517082561e-05,2.28402541668774,2.52950062126203
joint_categories,sieve_md,2.15838111641879e-05,2.16183424272828,2.56143389639144
joint_categories,sieve_md,5.45457582777957e-06,2.28402541668774,2.54046136115818
joint_categories,sieve_md,5.79360956768059e-06,2.16183424272828,2.57334582569688
joint_categories,sieve_md,4.15666446576804e-06,2.49182469764127,2.30591648180322
joint_categories,sieve_md,3.48541738512892e-06,2.349858807576,2.3333979662586
joint_categories,sieve_md,1.08520016401156e-05,2.49182469764127,2.31631726245805
joint_categories,sieve_md,1.14640652074836e-05,2.349858807576,2.34378802257269
joint_categories,sieve_md,9.74603338616057e-07,2.28402541668774,2.37511162055787
joint_categories,sieve_md,1.41956640577577e-06,2.16183424272828,2.4040836673046
joint_categories,sieve_md,3.45111360989391e-06,2.28402541668774,2.38434436253903
joint_categories,sieve_md,6.32423789480113e-06,2.16183424272828,2.41381300156657
joint_categories,sieve_md,2.06956073411799e-06,2.49182469764127,2.31707865331507
joint_categories,sieve_md,1.16157933164607e-06,2.349858807576,2.34489080570133
joint_categories,sieve_md,6.71593702760165e-06,2.49182469764127,2.32700341596036
joint_categories,sieve_md,4.68595630751281e-06,2.349858807576,2.35317112443533
joint_categories,sieve_md,2.93556140545289e-06,2.28402541668774,2.38693361502997
joint_categories,sieve_md,2.86206744242931e-06,2.16183424272828,2.41615473783087
joint_categories,sieve_md,1.29207013534218e-05,2.28402541668774,2.39713201666578
joint_categories,sieve_md,1.56385993249169e-05,2.16183424272828,2.4253934258457
joint_categories,sieve_md,3.32472149854882e-07,2.49182469764127,2.32840173162089
joint_categories,sieve_md,1.57738079633013e-07,2.349858807576,2.35638965383141
joint_categories,sieve_md,1.36202938696032e-06,2.49182469764127,2.3376066421131
joint_categories,sieve_md,8.24512129215904e-07,2.349858807576,2.36578850137796
joint_categories,sieve_md,2.85297740732666e-06,2.28402541668774,2.39885724456297
joint_categories,sieve_md,2.3512434793968e-06,2.16183424272828,2.4283870920488
joint_categories,sieve_md,1.58524363640055e-05,2.28402541668774,2.40907274027649
joint_categories,sieve_md,1.66466456186884e-05,2.16183424272828,2.43553598744895
joint_categories,sieve_md,3.49959790528299e-08,2.49182469764127,2.33982215574732
joint_categories,sieve_md,1.57674576248175e-08,2.349858807576,2.36805069337895
joint_categories,sieve_md,1.96468192219233e-07,2.49182469764127,2.34916871896288
joint_categories,sieve_md,1.14360032173818e-07,2.349858807576,2.37753034391057
joint_categories,sieve_md,1.81673371599631e-06,2.28402541668774,2.41088338292531
joint_categories,sieve_md,1.42184676700723e-06,2.16183424272828,2.44060910025123
joint_categories,sieve_md,1.38334930747049e-05,2.28402541668774,2.42049481484802
joint_categories,sieve_md,1.39679934154099e-05,2.16183424272828,2.44925960350575
joint_categories,sieve_md,0.000176640708020924,3.33964685192599,3.11820513147592
joint_categories,sieve_md,0.000205750585808033,3.11700001661268,3.16176976553755
joint_categories,sieve_md,1.70092000272485e-05,3.33964685192599,3.1294754688086
joint_categories,sieve_md,2.49604921798227e-05,3.11700001661268,3.17535555351636
joint_categories,sieve_md,4.1403331261102e-05,3.01375270747048,3.2269866886697
joint_categories,sieve_md,8.36376357218567e-05,2.82211880039051,3.27370773368254
joint_categories,sieve_md,5.40747918862958e-06,3.01375270747048,3.24241817498034
joint_categories,sieve_md,1.37430283483735e-05,2.82211880039051,3.28986765931381
joint_categories,sieve_md,0.000112866177519716,3.33964685192599,3.13214786946162
joint_categories,sieve_md,8.76008021302289e-05,3.11700001661268,3.17927133897917
joint_categories,sieve_md,1.35089149052582e-05,3.33964685192599,3.14772210239058
joint_categories,sieve_md,1.30342381437414e-05,3.11700001661268,3.1930341720365
joint_categories,sieve_md,0.000160043622493829,3.01375270747048,3.24613235214116
joint_categories,sieve_md,0.00021542634719084,2.82211880039051,3.29183175652787
joint_categories,sieve_md,2.59813373312853e-05,3.01375270747048,3.26070684760727
joint_categories,sieve_md,4.34155209599115e-05,2.82211880039051,3.30880379202219
joint_categories,sieve_md,2.30983239071206e-05,3.33964685192599,3.15120711019239
joint_categories,sieve_md,1.50103366401118e-05,3.11700001661268,3.19711242747117
joint_categories,sieve_md,3.49011617216947e-06,3.33964685192599,3.16624755556466
joint_categories,sieve_md,2.89387082674241e-06,3.11700001661268,3.21188794177516
joint_categories,sieve_md,0.000198145900043949,3.01375270747048,3.26462818874365
joint_categories,sieve_md,0.000223311574917085,2.82211880039051,3.3133639690566
joint_categories,sieve_md,4.06079425706963e-05,3.01375270747048,3.28013914083416
joint_categories,sieve_md,5.83134282272714e-05,2.82211880039051,3.3265301021156
joint_categories,sieve_md,3.05336693014617e-06,3.33964685192599,3.16983556929257
joint_categories,sieve_md,1.85825109655374e-06,3.11700001661268,3.21555155089467
joint_categories,sieve_md,6.32239038508963e-07,3.33964685192599,3.1848710376473
joint_categories,sieve_md,4.971016490557e-07,3.11700001661268,3.23090379956419
joint_categories,sieve_md,0.000158457824237134,3.01375270747048,3.28641455471545
joint_categories,sieve_md,0.000167245818104034,2.82211880039051,3.32988864482812
joint_categories,sieve_md,4.45023022426673e-05,3.01375270747048,3.30063379159544
joint_categories,sieve_md,6.05988948273134e-05,2.82211880039051,3.34923202318756
joint_categories,sieve_md,2.51313927380614e-05,3.33964685192599,2.95030249733915
joint_categories,sieve_md,2.70596503430227e-05,3.11700001661268,2.99104336479447
joint_categories,sieve_md,8.85665614183497e-05,3.33964685192599,2.96418161892393
joint_categories,sieve_md,0.000120141867831846,3.11700001661268,3.0032745433589
joint_categories,sieve_md,5.89062051576216e-06,3.01375270747048,3.05379415571371
joint_categories,sieve_md,1.09997508355195e-05,2.82211880039051,3.09695729699064
joint_categories,sieve_md,2.81566350510891e-05,3.01375270747048,3.06802553687106
joint_categories,sieve_md,6.61490600243174e-05,2.82211880039051,3.11148193713021
joint_categories,sieve_md,1.25126634667587e-05,3.33964685192599,2.96711917807544
joint_categories,sieve_md,9.01812525929719e-06,3.11700001661268,3.00856415456431
joint_categories,sieve_md,5.48108513952008e-05,3.33964685192599,2.98446759073625
joint_categories,sieve_md,4.91081944470715e-05,3.11700001661268,3.02295017225151
joint_categories,sieve_md,1.77428883680981e-05,3.01375270747048,3.07145086284403
joint_categories,sieve_md,2.21772145445852e-05,2.82211880039051,3.11509398994343
joint_categories,sieve_md,0.000105416255080514,3.01375270747048,3.0881598915632
joint_categories,sieve_md,0.000163573645180327,2.82211880039051,3.13683143476927
joint_categories,sieve_md,2.01014256533857e-06,3.33964685192599,2.98403073034618
joint_categories,sieve_md,1.22462729969177e-06,3.11700001661268,3.02583201411631
joint_categories,sieve_md,1.11159455512701e-05,3.33964685192599,2.99802516529238
joint_categories,sieve_md,8.64077667574215e-06,3.11700001661268,3.03986963686123
joint_categories,sieve_md,1.72437406898982e-05,3.01375270747048,3.08925936673831
joint_categories,sieve_md,1.82190085097646e-05,2.82211880039051,3.13315296350533
joint_categories,sieve_md,0.000129335430770023,3.01375270747048,3.10114575976497
joint_categories,sieve_md,0.000174117415971871,2.82211880039051,3.13371454665374
joint_categories,sieve_md,2.11587367965995e-07,3.33964685192599,3.00108767319793
joint_categories,sieve_md,1.22413428000448e-07,3.11700001661268,3.04324832746444
joint_categories,sieve_md,1.60343803751503e-06,3.33964685192599,3.01495383467634
joint_categories,sieve_md,1.19847781934314e-06,3.11700001661268,3.05740663328411
joint_categories,sieve_md,1.09805584232055e-05,3.01375270747048,3.10722097241098
joint_categories,sieve_md,1.10174206009204e-05,2.82211880039051,3.15161773526694
joint_categories,sieve_md,0.00011286345800659,3.01375270747048,3.12333394673924
joint_categories,sieve_md,0.000146099759405757,2.82211880039051,3.1668720096812
joint_categories,sieve_md,0.000123274331780955,1.77880078307141,1.76853842796594
joint_categories,sieve_md,8.2947265334077e-05,1.70468808971871,1.78208496790562
joint_categories,sieve_md,1.17517693137172e-05,1.77880078307141,1.7738698903901
joint_categories,sieve_md,9.98038038002363e-06,1.70468808971871,1.79021932994569
joint_categories,sieve_md,1.52877290779201e-05,1.67032004603564,1.80942604480724
joint_categories,sieve_md,1.77617149406835e-05,1.60653065971263,1.82638085929601
joint_categories,sieve_md,1.97669679488102e-06,1.67032004603564,1.81491425127884
joint_categories,sieve_md,2.89466658291685e-06,1.60653065971263,1.83208357297583
joint_categories,sieve_md,7.87672488991916e-05,1.77880078307141,1.77504976736249
joint_categories,sieve_md,3.53158021360558e-05,1.70468808971871,1.79214607168089
joint_categories,sieve_md,9.33339906585319e-06,1.77880078307141,1.78052293980772
joint_categories,sieve_md,5.21170230543411e-06,1.70468808971871,1.79701717528744
joint_categories,sieve_md,5.90943643134636e-05,1.67032004603564,1.81648754196383
joint_categories,sieve_md,4.5749037935998e-05,1.60653065971263,1.83416600483638
joint_categories,sieve_md,9.4974431593679e-06,1.67032004603564,1.82192016383883
joint_categories,sieve_md,9.14452437387686e-06,1.60653065971263,1.83923709219055
joint_categories,sieve_md,1.61198994094444e-05,1.77880078307141,1.78190315936563
joint_categories,sieve_md,6.05133818283669e-06,1.70468808971871,1.79828771432779
joint_categories,sieve_md,2.41134445286692e-06,1.77880078307141,1.78723318626467
joint_categories,sieve_md,1.15710585406204e-06,1.70468808971871,1.80386930546206
joint_categories,sieve_md,7.31632152656865e-05,1.67032004603564,1.82342428644168
joint_categories,sieve_md,4.74235851169072e-05,1.60653065971263,1.84128983484251
joint_categories,sieve_md,1.48441791685473e-05,1.67032004603564,1.82914543440944
joint_categories,sieve_md,1.22824407944105e-05,1.60653065971263,1.84639987620873
joint_categories,sieve_md,2.13088914901341e-06,1.77880078307141,1.78858594777177
joint_categories,sieve_md,7.49144145363422e-07,1.70468808971871,1.80515068661661
joint_categories,sieve_md,4.3681815251635e-07,1.77880078307141,1.79400112149054
joint_categories,sieve_md,1.98764652129874e-07,1.70468808971871,1.81072982719331
joint_categories,sieve_md,5.85088255806573e-05,1.67032004603564,1.83114480629354
joint_categories,sieve_md,3.55171750199169e-05,1.60653065971263,1.84784376378086
joint_categories,sieve_md,1.62677571451183e-05,1.67032004603564,1.83609846816194
joint_categories,sieve_md,1.27638240547672e-05,1.60653065971263,1.85377106355347
joint_categories,sieve_md,1.75387411045831e-05,1.77880078307141,1.70885667681623
joint_categories,sieve_md,1.09089555591555e-05,1.70468808971871,1.72373569420929
joint_categories,sieve_md,6.11912257501968e-05,1.77880078307141,1.71397472580524
joint_categories,sieve_md,4.80383772839877e-05,1.70468808971871,1.72870384379909
joint_categories,sieve_md,2.17504746122723e-06,1.67032004603564,1.74636664354496
joint_categories,sieve_md,2.33596319495179e-06,1.60653065971263,1.76209174466672
joint_categories,sieve_md,1.02926203353966e-05,1.67032004603564,1.75163060138034
joint_categories,sieve_md,1.39328442530947e-05,1.60653065971263,1.76746599892993
joint_categories,sieve_md,8.73235985604137e-06,1.77880078307141,1.71486820347041
joint_categories,sieve_md,3.63560971533166e-06,1.70468808971871,1.72997401564755
joint_categories,sieve_md,3.78691814108223e-05,1.77880078307141,1.71999892835737
joint_categories,sieve_md,1.96357690716585e-05,1.70468808971871,1.73496171049968
joint_categories,sieve_md,6.55136826359908e-06,1.67032004603564,1.75278324435193
joint_categories,sieve_md,4.70966640220754e-06,1.60653065971263,1.76864353599624
joint_categories,sieve_md,3.85347712450136e-05,1.67032004603564,1.75798283464513
joint_categories,sieve_md,3.44531898317324e-05,1.60653065971263,1.77494219508493
joint_categories,sieve_md,1.40284187208541e-06,1.77880078307141,1.72101400852606
joint_categories,sieve_md,4.93702047865186e-07,1.70468808971871,1.73620495829899
joint_categories,sieve_md,7.68008063948314e-06,1.77880078307141,1.72601013978224
joint_categories,sieve_md,3.45498948424002e-06,1.70468808971871,1.74130635239066
joint_categories,sieve_md,6.36706342044359e-06,1.67032004603564,1.75925500942204
joint_categories,sieve_md,3.86908157863864e-06,1.60653065971263,1.77525165383752
joint_categories,sieve_md,4.7278393970565e-05,1.67032004603564,1.76475968304859
joint_categories,sieve_md,3.66740031921173e-05,1.60653065971263,1.78061510139638
joint_categories,sieve_md,1.47662969037744e-07,1.77880078307141,1.72721264978228
joint_categories,sieve_md,4.93503289574139e-08,1.70468808971871,1.7425341979165
joint_categories,sieve_md,1.10782599390504e-06,1.77880078307141,1.73225173335972
joint_categories,sieve_md,4.79207878910934e-07,1.70468808971871,1.74767944928627
joint_categories,sieve_md,4.05445159085421e-06,1.67032004603564,1.76578241300885
joint_categories,sieve_md,2.33971563646224e-06,1.60653065971263,1.78191658243614
joint_categories,sieve_md,4.12570863277526e-05,1.67032004603564,1.77128108758247
joint_categories,sieve_md,3.07727002086909e-05,1.60653065971263,1.78733801753768
joint_categories,sieve_md,0.000700628498475599,2.22140275816017,2.14976550062419
joint_categories,sieve_md,0.000601746904034938,2.10517091807565,2.17282424519127
joint_categories,sieve_md,9.01585137293281e-05,2.22140275816017,2.15581123336097
joint_categories,sieve_md,9.7734350326959e-05,2.10517091807565,2.18004474442984
joint_categories,sieve_md,8.61341529362622e-05,2.05127109637602,2.20873720736022
joint_categories,sieve_md,0.000127852153657165,1.95122942450071,2.2346265327121
joint_categories,sieve_md,1.50335245806039e-05,2.05127109637602,2.21711292498954
joint_categories,sieve_md,2.81261341858703e-05,1.95122942450071,2.24275611789961
joint_categories,sieve_md,0.000447672913963591,2.22140275816017,2.15836384422509
joint_categories,sieve_md,0.000256201027403268,2.10517091807565,2.18261756816801
joint_categories,sieve_md,7.16049954144183e-05,2.22140275816017,2.16574787690853
joint_categories,sieve_md,5.10363653011301e-05,2.10517091807565,2.1903088663437
joint_categories,sieve_md,0.000332949582472557,2.05127109637602,2.2203892974684
joint_categories,sieve_md,0.00032931015092823,1.95122942450071,2.24588028887734
joint_categories,sieve_md,7.22316369202388e-05,2.05127109637602,2.22757658630694
joint_categories,sieve_md,8.88531069946063e-05,1.95122942450071,2.25353395476245
joint_categories,sieve_md,9.16172957958927e-05,2.22140275816017,2.16825837153274
joint_categories,sieve_md,4.38998682129477e-05,2.10517091807565,2.19228040673479
joint_categories,sieve_md,1.84996170496793e-05,2.22140275816017,2.1757699469359
joint_categories,sieve_md,1.13311301373472e-05,2.10517091807565,2.20054209005269
joint_categories,sieve_md,0.000412216329899841,2.05127109637602,2.22645730242735
joint_categories,sieve_md,0.000341363855437888,1.95122942450071,2.25758031726022
joint_categories,sieve_md,0.000112895580640973,2.05127109637602,2.23741805238487
joint_categories,sieve_md,0.000119342787163243,1.95122942450071,2.26447326333234
joint_categories,sieve_md,1.21108883197521e-05,2.22140275816017,2.17771740612616
joint_categories,sieve_md,5.43472009996622e-06,2.10517091807565,2.20253058000573
joint_categories,sieve_md,3.35122944890481e-06,2.22140275816017,2.18587817786445
joint_categories,sieve_md,1.94643224047451e-06,2.10517091807565,2.21086328997563
joint_categories,sieve_md,0.000329650539004126,2.05127109637602,2.24022534300082
joint_categories,sieve_md,0.00025565928364911,1.95122942450071,2.2661039717283
joint_categories,sieve_md,0.000123722428015142,2.05127109637602,2.24854206971028
joint_categories,sieve_md,0.000124020165295677,1.95122942450071,2.2754047472989
joint_categories,sieve_md,9.96812691476689e-05,2.22140275816017,2.05858861771214
joint_categories,sieve_md,7.9139802952367e-05,2.10517091807565,2.08077388525571
joint_categories,sieve_md,0.000469453562237129,2.22140275816017,2.06606582967401
joint_categories,sieve_md,0.000470422911336048,2.10517091807565,2.08753844132957
joint_categories,sieve_md,1.22546566408975e-05,2.05127109637602,2.11473383514163
joint_categories,sieve_md,1.68147009641719e-05,1.95122942450071,2.13822001640798
joint_categories,sieve_md,7.8279259222617e-05,2.05127109637602,2.12268877257874
joint_categories,sieve_md,0.000135378992995626,1.95122942450071,2.14617341369787
joint_categories,sieve_md,4.96302846318255e-05,2.22140275816017,2.06768942712989
joint_categories,sieve_md,2.63747922450361e-05,2.10517091807565,2.09018443592143
joint_categories,sieve_md,0.000290528942578952,2.22140275816017,2.07523728105983
joint_categories,sieve_md,0.000192286171500028,2.10517091807565,2.09742411811565
joint_categories,sieve_md,3.69117318263851e-05,2.05127109637602,2.12431733152105
joint_categories,sieve_md,3.39010616114444e-05,1.95122942450071,2.14800542621824
joint_categories,sieve_md,0.00029307146762219,2.05127109637602,2.13162398065595
joint_categories,sieve_md,0.000334765684606794,1.95122942450071,2.15642296287074
joint_categories,sieve_md,7.9730385088143e-06,2.22140275816017,2.07686847726425
joint_categories,sieve_md,3.58159702579772e-06,2.10517091807565,2.09955687826164
joint_categories,sieve_md,5.89208856379573e-05,2.22140275816017,2.08466948830596
joint_categories,sieve_md,3.38334952948832e-05,2.10517091807565,2.10717605129083
joint_categories,sieve_md,3.58733211202341e-05,2.05127109637602,2.13398321833301
joint_categories,sieve_md,2.78503744799531e-05,1.95122942450071,2.15787496233429
joint_categories,sieve_md,0.000359570015861105,2.05127109637602,2.14230143258164
joint_categories,sieve_md,0.000356344299202544,1.95122942450071,2.16489064918781
joint_categories,sieve_md,8.39241087602857e-07,2.22140275816017,2.08612644075978
joint_categories,sieve_md,3.58015511947559e-07,2.10517091807565,2.10900989657829
joint_categories,sieve_md,8.49914105824128e-06,2.22140275816017,2.09365255009285
joint_categories,sieve_md,4.69271399822231e-06,2.10517091807565,2.11669457252381
joint_categories,sieve_md,2.28435990472706e-05,2.05127109637602,2.14373220389765
joint_categories,sieve_md,1.68417117415764e-05,1.95122942450071,2.16782934799976
joint_categories,sieve_md,0.000313775700470895,2.05127109637602,2.15186604282054
joint_categories,sieve_md,0.000299004071985054,1.95122942450071,2.17700261754887
joint_categories,sieve_md,8.79999616795412e-05,2.49182469764127,2.41744062581112
joint_categories,sieve_md,7.34960717638712e-05,2.349858807576,2.43262371861144
joint_categories,sieve_md,8.3890558101869e-06,2.49182469764127,2.42637537614216
joint_categories,sieve_md,8.84319392190498e-06,2.349858807576,2.45587225187643
joint_categories,sieve_md,1.50914192102781e-05,2.28402541668774,2.49112377894824
joint_categories,sieve_md,2.17619978616527e-05,2.16183424272828,2.52256663501796
joint_categories,sieve_md,1.95131401342318e-06,2.28402541668774,2.50140425805919
joint_categories,sieve_md,3.54660167658394e-06,2.16183424272828,2.53303714785513
joint_categories,sieve_md,5.62283711831293e-05,2.49182469764127,2.42791713795063
joint_categories,sieve_md,3.1291842084683e-05,2.349858807576,2.45765893278408
joint_categories,sieve_md,6.66269083165163e-06,2.49182469764127,2.43774976423723
joint_categories,sieve_md,4.61786949948735e-06,2.349858807576,2.46833934932487
joint_categories,sieve_md,5.8335533045743e-05,2.28402541668774,2.50411876025577
joint_categories,sieve_md,5.60526091686927e-05,2.16183424272828,2.53531122862373
joint_categories,sieve_md,9.37548640568326e-06,2.28402541668774,2.51395402257559
joint_categories,sieve_md,1.12040487382398e-05,2.16183424272828,2.54649482045582
joint_categories,sieve_md,1.15072660286635e-05,2.49182469764127,2.44042330887705
joint_categories,sieve_md,5.36183542111911e-06,2.349858807576,2.47048665491255
joint_categories,sieve_md,1.72134958172409e-06,2.49182469764127,2.45045994366975
joint_categories,sieve_md,1.0252626719642e-06,2.349858807576,2.48096283341982
joint_categories,sieve_md,7.22237257553826e-05,2.28402541668774,2.51745748739516
joint_categories,sieve_md,5.8104296874068e-05,2.16183424272828,2.55181209769591
joint_categories,sieve_md,1.46535649293114e-05,2.28402541668774,2.52756120762392
joint_categories,sieve_md,1.50486848368231e-05,2.16183424272828,2.55984517965542
joint_categories,sieve_md,1.52114524368082e-06,2.49182469764127,2.45280679552675
joint_categories,sieve_md,6.63785016267369e-07,2.349858807576,2.48341579174547
joint_categories,sieve_md,3.11824693162162e-07,2.49182469764127,2.46287374756165
joint_categories,sieve_md,1.7611697116501e-07,2.349858807576,2.49369484307513
joint_categories,sieve_md,5.77575132211113e-05,2.28402541668774,2.52950062126203
joint_categories,sieve_md,4.35163321456637e-05,2.16183424272828,2.56143389639144
joint_categories,sieve_md,1.60588627281833e-05,2.28402541668774,2.54046136115818
joint_categories,sieve_md,1.56384849500162e-05,2.16183424272828,2.57334582569688
joint_categories,sieve_md,1.25201128476055e-05,2.49182469764127,2.30591648180322
joint_categories,sieve_md,9.66596520591003e-06,2.349858807576,2.3333979662586
joint_categories,sieve_md,4.36816443727291e-05,2.49182469764127,2.31631726245805
joint_categories,sieve_md,4.25647790805878e-05,2.349858807576,2.34378802257269
joint_categories,sieve_md,2.14711765706519e-06,2.28402541668774,2.37511162055787
joint_categories,sieve_md,2.86206744242931e-06,2.16183424272828,2.4040836673046
joint_categories,sieve_md,1.01604527043879e-05,2.28402541668774,2.38434436253903
joint_categories,sieve_md,1.70707911851512e-05,2.16183424272828,2.41381300156657
joint_categories,sieve_md,6.23363616416963e-06,2.49182469764127,2.31707865331507
joint_categories,sieve_md,3.22136036031159e-06,2.349858807576,2.34489080570133
joint_categories,sieve_md,2.70330933037174e-05,2.49182469764127,2.32700341596036
joint_categories,sieve_md,1.73984264221009e-05,2.349858807576,2.35317112443533
joint_categories,sieve_md,6.46724208435124e-06,2.28402541668774,2.38693361502997
joint_categories,sieve_md,5.77037468038513e-06,2.16183424272828,2.41615473783087
joint_categories,sieve_md,3.80399458982163e-05,2.28402541668774,2.39713201666578
joint_categories,sieve_md,4.22127168434574e-05,2.16183424272828,2.4253934258457
joint_categories,sieve_md,1.00142526998508e-06,2.49182469764127,2.32840173162089
joint_categories,sieve_md,4.37448552326932e-07,2.349858807576,2.35638965383141
joint_categories,sieve_md,5.48246169503649e-06,2.49182469764127,2.3376066421131
joint_categories,sieve_md,3.06132039500529e-06,2.349858807576,2.36578850137796
joint_categories,sieve_md,6.28530390135706e-06,2.28402541668774,2.39885724456297
joint_categories,sieve_md,4.74047384062196e-06,2.16183424272828,2.4283870920488
joint_categories,sieve_md,4.66712916851056e-05,2.28402541668774,2.40907274027649
joint_categories,sieve_md,4.4933700473767e-05,2.16183424272828,2.43553598744895
joint_categories,sieve_md,1.05409905120381e-07,2.49182469764127,2.33982215574732
joint_categories,sieve_md,4.37272440992054e-08,2.349858807576,2.36805069337895
joint_categories,sieve_md,7.90826797459102e-07,2.49182469764127,2.34916871896288
joint_categories,sieve_md,4.24605880813544e-07,2.349858807576,2.37753034391057
joint_categories,sieve_md,4.00238834123061e-06,2.28402541668774,2.41088338292531
joint_categories,sieve_md,2.86666500659466e-06,2.16183424272828,2.44060910025123
joint_categories,sieve_md,4.07273037083055e-05,2.28402541668774,2.42049481484802
joint_categories,sieve_md,3.77033095269934e-05,2.16183424272828,2.44925960350575
joint_categories,sieve_md,0.000661329093499621,3.33964685192599,3.11820513147592
joint_categories,sieve_md,0.00070441141774796,3.11700001661268,3.16176976553755
joint_categories,sieve_md,8.51013743883075e-05,3.33964685192599,3.1294754688086
joint_categories,sieve_md,0.000114408884889737,3.11700001661268,3.17535555351636
joint_categories,sieve_md,0.000112300644165021,3.01375270747048,3.2269866886697
joint_categories,sieve_md,0.000206819461142141,2.82211880039051,3.27370773368254
joint_categories,sieve_md,1.96005235660911e-05,3.01375270747048,3.24241817498034
joint_categories,sieve_md,4.54981144230985e-05,2.82211880039051,3.28986765931381
joint_categories,sieve_md,0.000422562203821325,3.33964685192599,3.13214786946162
joint_categories,sieve_md,0.000299911686676733,3.11700001661268,3.17927133897917
joint_categories,sieve_md,6.75885534352282e-05,3.33964685192599,3.14772210239058
joint_categories,sieve_md,5.97437198220874e-05,3.11700001661268,3.1930341720365
joint_categories,sieve_md,0.000434095551085425,3.01375270747048,3.24613235214116
joint_categories,sieve_md,0.000532707084045252,2.82211880039051,3.29183175652787
joint_categories,sieve_md,9.41747155885917e-05,3.01375270747048,3.26070684760727
joint_categories,sieve_md,0.000143732828769597,2.82211880039051,3.30880379202219
joint_categories,sieve_md,8.64783309691398e-05,3.33964685192599,3.15120711019239
joint_categories,sieve_md,5.13896593392953e-05,3.11700001661268,3.19711242747117
joint_categories,sieve_md,1.74619430984802e-05,3.33964685192599,3.16624755556466
joint_categories,sieve_md,1.32643431835122e-05,3.11700001661268,3.21188794177516
joint_categories,sieve_md,0.000537442556814235,3.01375270747048,3.26462818874365
joint_categories,sieve_md,0.000552205704914314,2.82211880039051,3.3133639690566
joint_categories,sieve_md,0.00014719186289261,3.01375270747048,3.28013914083416
joint_categories,sieve_md,0.000193054322717856,2.82211880039051,3.3265301021156
joint_categories,sieve_md,1.14315686721324e-05,3.33964685192599,3.16983556929257
joint_categories,sieve_md,6.36194198093999e-06,3.11700001661268,3.21555155089467
joint_categories,sieve_md,3.16325347652218e-06,3.33964685192599,3.1848710376473
joint_categories,sieve_md,2.27851457958375e-06,3.11700001661268,3.23090379956419
joint_categories,sieve_md,0.000429794298980382,3.01375270747048,3.28641455471545
joint_categories,sieve_md,0.000413566089954807,2.82211880039051,3.32988864482812
joint_categories,sieve_md,0.000161307772702454,3.01375270747048,3.30063379159544
joint_categories,sieve_md,0.000200620662409732,2.82211880039051,3.34923202318756
joint_categories,sieve_md,9.40899827908091e-05,3.33964685192599,2.95030249733915
joint_categories,sieve_md,9.26419071276756e-05,3.11700001661268,2.99104336479447
joint_categories,sieve_md,0.000443121139705197,3.33964685192599,2.96418161892393
joint_categories,sieve_md,0.000550682135119234,3.11700001661268,3.0032745433589
joint_categories,sieve_md,1.59774698871458e-05,3.01375270747048,3.05379415571371
joint_categories,sieve_md,2.72002253634419e-05,2.82211880039051,3.09695729699064
joint_categories,sieve_md,0.0001020595308108,3.01375270747048,3.06802553687106
joint_categories,sieve_md,0.000218995218933897,2.82211880039051,3.11148193713021
joint_categories,sieve_md,4.68464403276573e-05,3.33964685192599,2.96711917807544
joint_categories,sieve_md,3.08746163437762e-05,3.11700001661268,3.00856415456431
joint_categories,sieve_md,0.000274232696285096,3.33964685192599,2.98446759073625
joint_categories,sieve_md,0.000225092266817543,3.11700001661268,3.02295017225151
joint_categories,sieve_md,4.8125059805452e-05,3.01375270747048,3.07145086284403
joint_categories,sieve_md,5.48398997910237e-05,2.82211880039051,3.11509398994343
joint_categories,sieve_md,0.000382102957751434,3.01375270747048,3.0881598915632
joint_categories,sieve_md,0.000541532203555316,2.82211880039051,3.13683143476927
joint_categories,sieve_md,7.52581766363214e-06,3.33964685192599,2.98403073034618
joint_categories,sieve_md,4.19265611809042e-06,3.11700001661268,3.02583201411631
joint_categories,sieve_md,5.56159162408124e-05,3.33964685192599,2.99802516529238
joint_categories,sieve_md,3.96058546013788e-05,3.11700001661268,3.03986963686123
joint_categories,sieve_md,4.67711927593001e-05,3.01375270747048,3.08925936673831
joint_categories,sieve_md,4.50520329754958e-05,2.82211880039051,3.13315296350533
joint_categories,sieve_md,0.000468802943165988,3.01375270747048,3.10114575976497
joint_categories,sieve_md,0.000576438752371491,2.82211880039051,3.13371454665374
joint_categories,sieve_md,7.9216667449242e-07,3.33964685192599,3.00108767319793
joint_categories,sieve_md,4.19096820699387e-07,3.11700001661268,3.04324832746444
joint_categories,sieve_md,8.02241025565115e-06,3.33964685192599,3.01495383467634
joint_categories,sieve_md,5.49334163318196e-06,3.11700001661268,3.05740663328411
joint_categories,sieve_md,2.9783202139972e-05,3.01375270747048,3.10722097241098
joint_categories,sieve_md,2.72439192259857e-05,2.82211880039051,3.15161773526694
joint_categories,sieve_md,0.000409096880679691,3.01375270747048,3.12333394673924
joint_categories,sieve_md,0.000483682591793317,2.82211880039051,3.1668720096812
joint_categories,sieve_md,1.98038556846727e-05,1.77880078307141,1.76853842796594
joint_categories,sieve_md,1.36574405715996e-05,1.70468808971871,1.78208496790562
joint_categories,sieve_md,2.07075251564843e-06,1.77880078307141,1.7738698903901
joint_categories,sieve_md,1.805078242669e-06,1.70468808971871,1.79021932994569
joint_categories,sieve_md,2.00808408421895e-06,1.67032004603564,1.80942604480724
joint_categories,sieve_md,2.41197370631769e-06,1.60653065971263,1.82638085929601
joint_categories,sieve_md,2.84791365864583e-07,1.67032004603564,1.81491425127884
joint_categories,sieve_md,4.31785358478911e-07,1.60653065971263,1.83208357297583
joint_categories,sieve_md,1.26538526499584e-05,1.77880078307141,1.77504976736249
joint_categories,sieve_md,5.81482062089637e-06,1.70468808971871,1.79214607168089
joint_categories,sieve_md,1.64461700014879e-06,1.77880078307141,1.78052293980772
joint_categories,sieve_md,9.42602393956524e-07,1.70468808971871,1.79701717528744
joint_categories,sieve_md,7.76220273397513e-06,1.67032004603564,1.81648754196383
joint_categories,sieve_md,6.21254630870186e-06,1.60653065971263,1.83416600483638
joint_categories,sieve_md,1.36833823810617e-06,1.67032004603564,1.82192016383883
joint_categories,sieve_md,1.36405061577587e-06,1.60653065971263,1.83923709219055
joint_categories,sieve_md,2.58964017037486e-06,1.77880078307141,1.78190315936563
joint_categories,sieve_md,9.96365477244863e-07,1.70468808971871,1.79828771432779
joint_categories,sieve_md,4.2489751615875e-07,1.77880078307141,1.78723318626467
joint_categories,sieve_md,2.0927725418291e-07,1.70468808971871,1.80386930546206
joint_categories,sieve_md,9.61018391786532e-06,1.67032004603564,1.82342428644168
joint_categories,sieve_md,6.43994348199452e-06,1.60653065971263,1.84128983484251
joint_categories,sieve_md,2.13866591552986e-06,1.67032004603564,1.82914543440944
joint_categories,sieve_md,1.83212053944622e-06,1.60653065971263,1.84639987620873
joint_categories,sieve_md,3.42324477264912e-07,1.77880078307141,1.78858594777177
joint_categories,sieve_md,1.23348149015582e-07,1.70468808971871,1.80515068661661
joint_categories,sieve_md,7.69707321559066e-08,1.77880078307141,1.79400112149054
joint_categories,sieve_md,3.59491056763168e-08,1.70468808971871,1.81072982719331
joint_categories,sieve_md,7.68529065605635e-06,1.67032004603564,1.83114480629354
joint_categories,sieve_md,4.82309802610911e-06,1.60653065971263,1.84784376378086
joint_categories,sieve_md,2.34376703038586e-06,1.67032004603564,1.83609846816194
joint_categories,sieve_md,1.90392647553071e-06,1.60653065971263,1.85377106355347
joint_categories,sieve_md,2.81757518137011e-06,1.77880078307141,1.70885667681623
joint_categories,sieve_md,1.7961823291862e-06,1.70468808971871,1.72373569420929
joint_categories,sieve_md,1.07823665760633e-05,1.77880078307141,1.71397472580524
joint_categories,sieve_md,8.68834917575013e-06,1.70468808971871,1.72870384379909
joint_categories,sieve_md,2.85698298749905e-07,1.67032004603564,1.74636664354496
joint_categories,sieve_md,3.17214966233028e-07,1.60653065971263,1.76209174466672
joint_categories,sieve_md,1.48290289701188e-06,1.67032004603564,1.75163060138034
joint_categories,sieve_md,2.07830434978499e-06,1.60653065971263,1.76746599892993
joint_categories,sieve_md,1.40284187208541e-06,1.77880078307141,1.71486820347041
joint_categories,sieve_md,5.98610736938588e-07,1.70468808971871,1.72997401564755
joint_categories,sieve_md,6.67284224005948e-06,1.77880078307141,1.71999892835737
joint_categories,sieve_md,3.55137762086377e-06,1.70468808971871,1.73496171049968
joint_categories,sieve_md,8.60539735688479e-07,1.67032004603564,1.75278324435193
joint_categories,sieve_md,6.39554883387589e-07,1.60653065971263,1.76864353599624
joint_categories,sieve_md,5.55187328909855e-06,1.67032004603564,1.75798283464513
joint_categories,sieve_md,5.13923883670437e-06,1.60653065971263,1.77494219508493
joint_categories,sieve_md,2.25364660930069e-07,1.77880078307141,1.72101400852606
joint_categories,sieve_md,8.12890738668601e-08,1.70468808971871,1.73620495829899
joint_categories,sieve_md,1.35328952432968e-06,1.77880078307141,1.72601013978224
joint_categories,sieve_md,6.24878622776209e-07,1.70468808971871,1.74130635239066
joint_categories,sieve_md,8.36330801824028e-07,1.67032004603564,1.75925500942204
joint_categories,sieve_md,5.2540664380888e-07,1.60653065971263,1.77525165383752
joint_categories,sieve_md,6.81160531530659e-06,1.67032004603564,1.76475968304859
joint_categories,sieve_md,5.47050831643916e-06,1.60653065971263,1.78061510139638
joint_categories,sieve_md,2.37218574746765e-08,1.77880078307141,1.72721264978228
joint_categories,sieve_md,8.12563478988953e-09,1.70468808971871,1.7425341979165
joint_categories,sieve_md,1.95207496210964e-07,1.77880078307141,1.73225173335972
joint_categories,sieve_md,8.66708164419322e-08,1.70468808971871,1.74767944928627
joint_categories,sieve_md,5.32563055528598e-07,1.67032004603564,1.76578241300885
joint_categories,sieve_md,3.17724533596762e-07,1.60653065971263,1.78191658243614
joint_categories,sieve_md,5.94408914776475e-06,1.67032004603564,1.77128108758247
joint_categories,sieve_md,4.59023552812243e-06,1.60653065971263,1.78733801753768
joint_categories,sieve_md,0.000142091356774742,2.22140275816017,2.14976550062419
joint_categories,sieve_md,0.000126356406309473,2.10517091807565,2.17282424519127
joint_categories,sieve_md,2.0055544182453e-05,2.22140275816017,2.15581123336097
joint_categories,sieve_md,2.25430317316789e-05,2.10517091807565,2.18004474442984
joint_categories,sieve_md,1.4504873271867e-05,2.05127109637602,2.20873720736022
joint_categories,sieve_md,2.24960807397412e-05,1.95122942450071,2.2346265327121
joint_categories,sieve_md,2.77681666961595e-06,2.05127109637602,2.21711292498954
joint_categories,sieve_md,5.43613895250765e-06,1.95122942450071,2.24275611789961
joint_categories,sieve_md,9.07905571565963e-05,2.22140275816017,2.15836384422509
joint_categories,sieve_md,5.37977692920416e-05,2.10517091807565,2.18261756816801
joint_categories,sieve_md,1.59283587297099e-05,2.22140275816017,2.16574787690853
joint_categories,sieve_md,1.17718529729212e-05,2.10517091807565,2.1903088663437
joint_categories,sieve_md,5.60682532428122e-05,2.05127109637602,2.2203892974684
joint_categories,sieve_md,5.79433942392778e-05,1.95122942450071,2.24588028887734
joint_categories,sieve_md,1.33417823876474e-05,2.05127109637602,2.22757658630694
joint_categories,sieve_md,1.71732749617387e-05,1.95122942450071,2.25353395476245
joint_categories,sieve_md,1.85804972135667e-05,2.22140275816017,2.16825837153274
joint_categories,sieve_md,9.21821042643118e-06,2.10517091807565,2.19228040673479
joint_categories,sieve_md,4.11519524614361e-06,2.22140275816017,2.1757699469359
joint_categories,sieve_md,2.61359517290967e-06,2.10517091807565,2.20054209005269
joint_categories,sieve_md,6.94166648415962e-05,2.05127109637602,2.22645730242735
joint_categories,sieve_md,6.00642901499511e-05,1.95122942450071,2.25758031726022
joint_categories,sieve_md,2.08527500366939e-05,2.05127109637602,2.23741805238487
joint_categories,sieve_md,2.30662333369957e-05,1.95122942450071,2.26447326333234
joint_categories,sieve_md,2.45615551871659e-06,2.22140275816017,2.17771740612616
joint_categories,sieve_md,1.14119689943552e-06,2.10517091807565,2.20253058000573
joint_categories,sieve_md,7.45472917619591e-07,2.22140275816017,2.18587817786445
joint_categories,sieve_md,4.48956621840626e-07,2.10517091807565,2.21086328997563
joint_categories,sieve_md,5.55126988454365e-05,2.05127109637602,2.24022534300082
joint_categories,sieve_md,4.49842393915159e-05,1.95122942450071,2.2661039717283
joint_categories,sieve_md,2.28525585384719e-05,2.05127109637602,2.24854206971028
joint_categories,sieve_md,2.39702636347004e-05,1.95122942450071,2.2754047472989
joint_categories,sieve_md,2.02159158655945e-05,2.22140275816017,2.05858861771214
joint_categories,sieve_md,1.66179851197379e-05,2.10517091807565,2.08077388525571
joint_categories,sieve_md,0.000104428813981147,2.22140275816017,2.06606582967401
joint_categories,sieve_md,0.000108505950897308,2.10517091807565,2.08753844132957
joint_categories,sieve_md,2.06366737823491e-06,2.05127109637602,2.11473383514163
joint_categories,sieve_md,2.95861164387526e-06,1.95122942450071,2.13822001640798
joint_categories,sieve_md,1.4458828382467e-05,2.05127109637602,2.12268877257874
joint_categories,sieve_md,2.61656654381069e-05,1.95122942450071,2.14617341369787
joint_categories,sieve_md,1.00652977944749e-05,2.22140275816017,2.06768942712989
joint_categories,sieve_md,5.53824862728041e-06,2.10517091807565,2.09018443592143
joint_categories,sieve_md,6.46274633770735e-05,2.22140275816017,2.07523728105983
joint_categories,sieve_md,4.43519934515032e-05,2.10517091807565,2.09742411811565
joint_categories,sieve_md,6.21588503671758e-06,2.05127109637602,2.12431733152105
joint_categories,sieve_md,5.96502285928648e-06,1.95122942450071,2.14800542621824
joint_categories,sieve_md,5.41327306393654e-05,2.05127109637602,2.13162398065595
joint_categories,sieve_md,6.47025562072485e-05,1.95122942450071,2.15642296287074
joint_categories,sieve_md,1.61697656004518e-06,2.22140275816017,2.07686847726425
joint_categories,sieve_md,7.5207321548965e-07,2.10517091807565,2.09955687826164
joint_categories,sieve_md,1.31068090666286e-05,2.22140275816017,2.08466948830596
joint_categories,sieve_md,7.80390472208189e-06,2.10517091807565,2.10717605129083
joint_categories,sieve_md,6.04101809737452e-06,2.05127109637602,2.13398321833301
joint_categories,sieve_md,4.90038106525038e-06,1.95122942450071,2.15787496233429
joint_categories,sieve_md,6.64155640005666e-05,2.05127109637602,2.14230143258164
joint_categories,sieve_md,6.88732092578919e-05,1.95122942450071,2.16489064918781
joint_categories,sieve_md,1.70202760889769e-07,2.22140275816017,2.08612644075978
joint_categories,sieve_md,7.51770440186815e-08,2.10517091807565,2.10900989657829
joint_categories,sieve_md,1.89061345352469e-06,2.22140275816017,2.09365255009285
joint_categories,sieve_md,1.08240347652302e-06,2.10517091807565,2.11669457252381
joint_categories,sieve_md,3.8468307629285e-06,2.05127109637602,2.14373220389765
joint_categories,sieve_md,2.96336429458901e-06,1.95122942450071,2.16782934799976
joint_categories,sieve_md,5.79569741557573e-05,2.05127109637602,2.15186604282054
joint_categories,sieve_md,5.77906537718545e-05,1.95122942450071,2.17700261754887
joint_categories,sieve_md,8.55243232354085e-05,2.49182469764127,2.41744062581112
joint_categories,sieve_md,7.32084887585417e-05,2.349858807576,2.43262371861144
joint_categories,sieve_md,8.94268824761831e-06,2.49182469764127,2.42637537614216
joint_categories,sieve_md,9.67582831819301e-06,2.349858807576,2.45587225187643
joint_categories,sieve_md,1.1992205632e-05,2.28402541668774,2.49112377894824
joint_categories,sieve_md,1.78779000146227e-05,2.16183424272828,2.52256663501796
joint_categories,sieve_md,1.70076375212874e-06,2.28402541668774,2.50140425805919
joint_categories,sieve_md,3.20045589487336e-06,2.16183424272828,2.53303714785513
joint_categories,sieve_md,5.46465396153062e-05,2.49182469764127,2.42791713795063
joint_categories,sieve_md,3.11694001395145e-05,2.349858807576,2.45765893278408
joint_categories,sieve_md,7.10239249158098e-06,2.49182469764127,2.43774976423723
joint_categories,sieve_md,5.05266681556998e-06,2.349858807576,2.46833934932487
joint_categories,sieve_md,4.63555944069487e-05,2.28402541668774,2.50411876025577
joint_categories,sieve_md,4.60482970657045e-05,2.16183424272828,2.53531122862373
joint_categories,sieve_md,8.17166654247965e-06,2.28402541668774,2.51395402257559
joint_categories,sieve_md,1.0110541611565e-05,2.16183424272828,2.54649482045582
joint_categories,sieve_md,1.11835405448824e-05,2.49182469764127,2.44042330887705
joint_categories,sieve_md,5.34085507880311e-06,2.349858807576,2.47048665491255
joint_categories,sieve_md,1.83494937008695e-06,2.49182469764127,2.45045994366975
joint_categories,sieve_md,1.12179668144611e-06,2.349858807576,2.48096283341982
joint_categories,sieve_md,5.73916713000624e-05,2.28402541668774,2.51745748739516
joint_categories,sieve_md,4.77337979967824e-05,2.16183424272828,2.55181209769591
joint_categories,sieve_md,1.27720356128211e-05,2.28402541668774,2.52756120762392
joint_categories,sieve_md,1.35799439824581e-05,2.16183424272828,2.55984517965542
joint_categories,sieve_md,1.47835197908737e-06,2.49182469764127,2.45280679552675
joint_categories,sieve_md,6.61187689834956e-07,2.349858807576,2.48341579174547
joint_categories,sieve_md,3.32403441096708e-07,2.49182469764127,2.46287374756165
joint_categories,sieve_md,1.92699333743176e-07,2.349858807576,2.49369484307513
joint_categories,sieve_md,4.58962782551825e-05,2.28402541668774,2.52950062126203
joint_categories,sieve_md,3.57495042527406e-05,2.16183424272828,2.56143389639144
joint_categories,sieve_md,1.3996892063821e-05,2.28402541668774,2.54046136115818
joint_categories,sieve_md,1.41121800273256e-05,2.16183424272828,2.57334582569688
joint_categories,sieve_md,1.21678936863826e-05,2.49182469764127,2.30591648180322
joint_categories,sieve_md,9.62814322091664e-06,2.349858807576,2.3333979662586
joint_categories,sieve_md,4.65643973061069e-05,2.49182469764127,2.31631726245805
joint_categories,sieve_md,4.65724825693815e-05,2.349858807576,2.34378802257269
joint_categories,sieve_md,1.70617992256736e-06,2.28402541668774,2.37511162055787
joint_categories,sieve_md,2.3512434793968e-06,2.16183424272828,2.4040836673046
joint_categories,sieve_md,8.85584254813308e-06,2.28402541668774,2.38434436253903
joint_categories,sieve_md,1.54046942004755e-05,2.16183424272828,2.41381300156657
joint_categories,sieve_md,6.05826984536427e-06,2.49182469764127,2.31707865331507
joint_categories,sieve_md,3.2087554894466e-06,2.349858807576,2.34489080570133
joint_categories,sieve_md,2.88171316598425e-05,2.49182469764127,2.32700341596036
joint_categories,sieve_md,1.90365820939384e-05,2.349858807576,2.35317112443533
joint_categories,sieve_md,5.13911222442516e-06,2.28402541668774,2.38693361502997
joint_categories,sieve_md,4.74047384062196e-06,2.16183424272828,2.41615473783087
joint_categories,sieve_md,3.31555867848903e-05,2.28402541668774,2.39713201666578
joint_categories,sieve_md,3.80927859342779e-05,2.16183424272828,2.4253934258457
joint_categories,sieve_md,9.73252906611452e-07,2.49182469764127,2.32840173162089
joint_categories,sieve_md,4.35736858540638e-07,2.349858807576,2.35638965383141
joint_categories,sieve_md,5.84427459746845e-06,2.49182469764127,2.3376066421131
joint_categories,sieve_md,3.34956021892519e-06,2.349858807576,2.36578850137796
joint_categories,sieve_md,4.99453734565613e-06,2.28402541668774,2.39885724456297
joint_categories,sieve_md,3.89439048213091e-06,2.16183424272828,2.4283870920488
joint_categories,sieve_md,4.06786609520652e-05,2.28402541668774,2.40907274027649
joint_categories,sieve_md,4.05482035124555e-05,2.16183424272828,2.43553598744895
joint_categories,sieve_md,1.02444485493737e-07,2.49182469764127,2.33982215574732
joint_categories,sieve_md,4.35561436312345e-08,2.349858807576,2.36805069337895
joint_categories,sieve_md,8.43017100798329e-07,2.49182469764127,2.34916871896288
joint_categories,sieve_md,4.64584814257014e-07,2.349858807576,2.37753034391057
joint_categories,sieve_md,3.18044733489798e-06,2.28402541668774,2.41088338292531
joint_categories,sieve_md,2.35502046683065e-06,2.16183424272828,2.44060910025123
joint_categories,sieve_md,3.54978857285552e-05,2.28402541668774,2.42049481484802
joint_categories,sieve_md,3.40234935399137e-05,2.16183424272828,2.44925960350575
joint_categories,sieve_md,0.000811386091482705,3.33964685192599,3.11820513147592
joint_categories,sieve_md,0.00089482859806472,3.11700001661268,3.16176976553755
joint_categories,sieve_md,0.00011452343039103,3.33964685192599,3.1294754688086
joint_categories,sieve_md,0.000159644849594574,3.11700001661268,3.17535555351636
joint_categories,sieve_md,0.000114406543965405,3.01375270747048,3.2269866886697
joint_categories,sieve_md,0.000220150807956044,2.82211880039051,3.27370773368254
joint_categories,sieve_md,2.19020182004938e-05,3.01375270747048,3.24241817498034
joint_categories,sieve_md,5.31990614899283e-05,2.82211880039051,3.28986765931381
joint_categories,sieve_md,0.000518442479450815,3.33964685192599,3.13214786946162
joint_categories,sieve_md,0.000380984105837122,3.11700001661268,3.17927133897917
joint_categories,sieve_md,9.09559105267904e-05,3.33964685192599,3.14772210239058
joint_categories,sieve_md,8.33657034102696e-05,3.11700001661268,3.1930341720365
joint_categories,sieve_md,0.00044223585821523,3.01375270747048,3.24613235214116
joint_categories,sieve_md,0.000567044775713202,2.82211880039051,3.29183175652787
joint_categories,sieve_md,0.000105232716253355,3.01375270747048,3.26070684760727
joint_categories,sieve_md,0.000168060845878773,2.82211880039051,3.30880379202219
joint_categories,sieve_md,0.000106100450823488,3.33964685192599,3.15120711019239
joint_categories,sieve_md,6.52813620889641e-05,3.11700001661268,3.19711242747117
joint_categories,sieve_md,2.34990520341784e-05,3.33964685192599,3.16624755556466
joint_categories,sieve_md,1.85089127871796e-05,3.11700001661268,3.21188794177516
joint_categories,sieve_md,0.000547520862077111,3.01375270747048,3.26462818874365
joint_categories,sieve_md,0.000587800255466639,2.82211880039051,3.3133639690566
joint_categories,sieve_md,0.000164475140124099,3.01375270747048,3.28013914083416
joint_categories,sieve_md,0.000225730426752579,2.82211880039051,3.3265301021156
joint_categories,sieve_md,1.40254162648644e-05,3.33964685192599,3.16983556929257
joint_categories,sieve_md,8.08170833172174e-06,3.11700001661268,3.21555155089467
joint_categories,sieve_md,4.25688353368645e-06,3.33964685192599,3.1848710376473
joint_categories,sieve_md,3.17941318724732e-06,3.11700001661268,3.23090379956419
joint_categories,sieve_md,0.000437853947570633,3.01375270747048,3.28641455471545
joint_categories,sieve_md,0.000440224088893641,2.82211880039051,3.32988864482812
joint_categories,sieve_md,0.000180248540897259,3.01375270747048,3.30063379159544
joint_categories,sieve_md,0.000234577434494013,2.82211880039051,3.34923202318756
joint_categories,sieve_md,0.000115439202863912,3.33964685192599,2.95030249733915
joint_categories,sieve_md,0.000117684957665978,3.11700001661268,2.99104336479447
joint_categories,sieve_md,0.000596321191785531,3.33964685192599,2.96418161892393
joint_categories,sieve_md,0.000768415553741798,3.11700001661268,3.0032745433589
joint_categories,sieve_md,1.62770848260996e-05,3.01375270747048,3.05379415571371
joint_categories,sieve_md,2.89535208982715e-05,2.82211880039051,3.09695729699064
joint_categories,sieve_md,0.000114043366944497,3.01375270747048,3.06802553687106
joint_categories,sieve_md,0.000256062042697534,2.82211880039051,3.11148193713021
joint_categories,sieve_md,5.74759986986077e-05,3.33964685192599,2.96711917807544
joint_categories,sieve_md,3.92206726958144e-05,3.11700001661268,3.00856415456431
joint_categories,sieve_md,0.000369043030499702,3.33964685192599,2.98446759073625
joint_categories,sieve_md,0.000314091174960938,3.11700001661268,3.02295017225151
joint_categories,sieve_md,4.902751726321e-05,3.01375270747048,3.07145086284403
joint_categories,sieve_md,5.83748172466463e-05,2.82211880039051,3.11509398994343
joint_categories,sieve_md,0.000426969509611085,3.01375270747048,3.0881598915632
joint_categories,sieve_md,0.000633191185195355,2.82211880039051,3.13683143476927
joint_categories,sieve_md,9.23344192676061e-06,3.33964685192599,2.98403073034618
joint_categories,sieve_md,5.32601900223697e-06,3.11700001661268,3.02583201411631
joint_categories,sieve_md,7.48439794071431e-05,3.33964685192599,2.99802516529238
joint_categories,sieve_md,5.52655565780177e-05,3.11700001661268,3.03986963686123
joint_categories,sieve_md,4.76482620426319e-05,3.01375270747048,3.08925936673831
joint_categories,sieve_md,4.7956035688543e-05,2.82211880039051,3.13315296350533
joint_categories,sieve_md,0.000523849812432037,3.01375270747048,3.10114575976497
joint_categories,sieve_md,0.00067400596753126,2.82211880039051,3.13371454665374
joint_categories,sieve_md,9.71911001855274e-07,3.33964685192599,3.00108767319793
joint_categories,sieve_md,5.32387481336932e-07,3.11700001661268,3.04324832746444
joint_categories,sieve_md,1.07959941785333e-05,3.33964685192599,3.01495383467634
joint_categories,sieve_md,7.66534609306042e-06,3.11700001661268,3.05740663328411
joint_categories,sieve_md,3.03417068565539e-05,3.01375270747048,3.10722097241098
joint_categories,sieve_md,2.90000312174097e-05,2.82211880039051,3.15161773526694
joint_categories,sieve_md,0.000457133060563378,3.01375270747048,3.12333394673924
joint_categories,sieve_md,0.00056555002924159,2.82211880039051,3.1668720096812
joint_categories,sieve_md,2.0845515000537e-06,1.77880078307141,1.76853842796594
joint_categories,sieve_md,1.54804351555004e-06,1.70468808971871,1.78208496790562
joint_categories,sieve_md,2.39549795321223e-07,1.77880078307141,1.7738698903901
joint_categories,sieve_md,2.25113839387877e-07,1.70468808971871,1.79021932994569
joint_categories,sieve_md,1.85503299115649e-07,1.67032004603564,1.80942604480724
joint_categories,sieve_md,2.41100267576598e-07,1.60653065971263,1.82638085929601
joint_categories,sieve_md,2.89135416785279e-08,1.67032004603564,1.81491425127884
joint_categories,sieve_md,4.7488161180796e-08,1.60653065971263,1.83208357297583
joint_categories,sieve_md,1.33194302881859e-06,1.77880078307141,1.77504976736249
joint_categories,sieve_md,6.5909826289004e-07,1.70468808971871,1.79214607168089
joint_categories,sieve_md,1.90253380251999e-07,1.77880078307141,1.78052293980772
joint_categories,sieve_md,1.17553266614087e-07,1.70468808971871,1.79701717528744
joint_categories,sieve_md,7.17058726212131e-07,1.67032004603564,1.81648754196383
joint_categories,sieve_md,6.21004521499016e-07,1.60653065971263,1.83416600483638
joint_categories,sieve_md,1.38921011729754e-07,1.67032004603564,1.82192016383883
joint_categories,sieve_md,1.50019573912653e-07,1.60653065971263,1.83923709219055
joint_categories,sieve_md,2.72585217126795e-07,1.77880078307141,1.78190315936563
joint_categories,sieve_md,1.12936029857179e-07,1.70468808971871,1.79828771432779
joint_categories,sieve_md,4.91532002299424e-08,1.77880078307141,1.78723318626467
joint_categories,sieve_md,2.60992598946893e-08,1.70468808971871,1.80386930546206
joint_categories,sieve_md,8.8777199913198e-07,1.67032004603564,1.82342428644168
joint_categories,sieve_md,6.43735084101509e-07,1.60653065971263,1.84128983484251
joint_categories,sieve_md,2.17128794959755e-07,1.67032004603564,1.82914543440944
joint_categories,sieve_md,2.0149834581322e-07,1.60653065971263,1.84639987620873
joint_categories,sieve_md,3.60330338672362e-08,1.77880078307141,1.78858594777177
joint_categories,sieve_md,1.3981265467539e-08,1.70468808971871,1.80515068661661
joint_categories,sieve_md,8.90416551197492e-09,1.77880078307141,1.79400112149054
joint_categories,sieve_md,4.48326338995165e-09,1.70468808971871,1.81072982719331
joint_categories,sieve_md,7.09953722837074e-07,1.67032004603564,1.83114480629354
joint_categories,sieve_md,4.82115630695812e-07,1.60653065971263,1.84784376378086
joint_categories,sieve_md,2.37951756409793e-07,1.67032004603564,1.83609846816194
joint_categories,sieve_md,2.09395630423636e-07,1.60653065971263,1.85377106355347
joint_categories,sieve_md,2.96577629344414e-07,1.77880078307141,1.70885667681623
joint_categories,sieve_md,2.03593666973327e-07,1.70468808971871,1.72373569420929
joint_categories,sieve_md,1.24733095184267e-06,1.77880078307141,1.71397472580524
joint_categories,sieve_md,1.08353621170662e-06,1.70468808971871,1.72870384379909
joint_categories,sieve_md,2.63923096579142e-08,1.67032004603564,1.74636664354496
joint_categories,sieve_md,3.1708725944134e-08,1.60653065971263,1.76209174466672
joint_categories,sieve_md,1.50552228252419e-07,1.67032004603564,1.75163060138034
joint_categories,sieve_md,2.28573873586219e-07,1.60653065971263,1.76746599892993
joint_categories,sieve_md,1.47662969037744e-07,1.77880078307141,1.71486820347041
joint_categories,sieve_md,6.78513272525903e-08,1.70468808971871,1.72997401564755
joint_categories,sieve_md,7.71930967480444e-07,1.77880078307141,1.71999892835737
joint_categories,sieve_md,4.42897284145829e-07,1.70468808971871,1.73496171049968
joint_categories,sieve_md,7.94951572221692e-08,1.67032004603564,1.75278324435193
joint_categories,sieve_md,6.39297406562847e-08,1.60653065971263,1.76864353599624
joint_categories,sieve_md,5.63655851191029e-07,1.67032004603564,1.75798283464513
joint_categories,sieve_md,5.65218336915755e-07,1.60653065971263,1.77494219508493
joint_categories,sieve_md,2.37218574746765e-08,1.77880078307141,1.72101400852606
joint_categories,sieve_md,9.21395359730434e-09,1.70468808971871,1.73620495829899
joint_categories,sieve_md,1.56551894112763e-07,1.77880078307141,1.72601013978224
joint_categories,sieve_md,7.79294894810583e-08,1.70468808971871,1.74130635239066
joint_categories,sieve_md,7.72587782103437e-08,1.67032004603564,1.75925500942204
joint_categories,sieve_md,5.25195121642667e-08,1.60653065971263,1.77525165383752
joint_categories,sieve_md,6.91550579786353e-07,1.67032004603564,1.76475968304859
joint_categories,sieve_md,6.01651666900223e-07,1.60653065971263,1.78061510139638
joint_categories,sieve_md,2.49695990368019e-09,1.77880078307141,1.72721264978228
joint_categories,sieve_md,9.21024417442731e-10,1.70468808971871,1.7425341979165
joint_categories,sieve_md,2.25820881100617e-08,1.77880078307141,1.73225173335972
joint_categories,sieve_md,1.080883908017e-08,1.70468808971871,1.74767944928627
joint_categories,sieve_md,4.91972445596524e-08,1.67032004603564,1.76578241300885
joint_categories,sieve_md,3.17596621659604e-08,1.60653065971263,1.78191658243614
joint_categories,sieve_md,6.03475701564994e-07,1.67032004603564,1.77128108758247
joint_categories,sieve_md,5.0483843496963e-07,1.60653065971263,1.78733801753768
joint_categories,sieve_md,2.04962038725271e-05,2.22140275816017,2.14976550062419
joint_categories,sieve_md,1.97363112280223e-05,2.10517091807565,2.17282424519127
joint_categories,sieve_md,3.17939840392559e-06,2.22140275816017,2.15581123336097
joint_categories,sieve_md,3.87412259928247e-06,2.10517091807565,2.18004474442984
joint_categories,sieve_md,1.85104307145978e-06,2.05127109637602,2.20873720736022
joint_categories,sieve_md,3.12021185137464e-06,1.95122942450071,2.2346265327121
joint_categories,sieve_md,3.89452524779254e-07,2.05127109637602,2.21711292498954
joint_categories,sieve_md,8.29583465688274e-07,1.95122942450071,2.24275611789961
joint_categories,sieve_md,1.30962347845826e-05,2.22140275816017,2.15836384422509
joint_categories,sieve_md,8.40297337612291e-06,2.10517091807565,2.18261756816801
joint_categories,sieve_md,2.52511713776892e-06,2.22140275816017,2.16574787690853
joint_categories,sieve_md,2.02304650859079e-06,2.10517091807565,2.1903088663437
joint_categories,sieve_md,7.15516431951571e-06,2.05127109637602,2.2203892974684
joint_categories,sieve_md,8.03676282575203e-06,1.95122942450071,2.24588028887734
joint_categories,sieve_md,1.87120413557706e-06,2.05127109637602,2.22757658630694
joint_categories,sieve_md,2.62073230365184e-06,1.95122942450071,2.25353395476245
joint_categories,sieve_md,2.68017469595926e-06,2.22140275816017,2.16825837153274
joint_categories,sieve_md,1.43984365538106e-06,2.10517091807565,2.19228040673479
joint_categories,sieve_md,6.52380462898558e-07,2.22140275816017,2.1757699469359
joint_categories,sieve_md,4.4915822526728e-07,2.10517091807565,2.20054209005269
joint_categories,sieve_md,8.85862524204898e-06,2.05127109637602,2.22645730242735
joint_categories,sieve_md,8.33093160264141e-06,1.95122942450071,2.25758031726022
joint_categories,sieve_md,2.92462813236579e-06,2.05127109637602,2.23741805238487
joint_categories,sieve_md,3.52002882178946e-06,1.95122942450071,2.26447326333234
joint_categories,sieve_md,3.5429223421418e-07,2.22140275816017,2.17771740612616
joint_categories,sieve_md,1.78249903091972e-07,2.10517091807565,2.20253058000573
joint_categories,sieve_md,1.18179560867921e-07,2.22140275816017,2.18587817786445
joint_categories,sieve_md,7.7155238721777e-08,2.10517091807565,2.21086328997563
joint_categories,sieve_md,7.08426710457239e-06,2.05127109637602,2.24022534300082
joint_categories,sieve_md,6.23932490722812e-06,1.95122942450071,2.2661039717283
joint_categories,sieve_md,3.20510414600201e-06,2.05127109637602,2.24854206971028
joint_categories,sieve_md,3.65798861163462e-06,1.95122942450071,2.2754047472989
joint_categories,sieve_md,2.91607837701169e-06,2.22140275816017,2.05858861771214
joint_categories,sieve_md,2.59565570029354e-06,2.10517091807565,2.08077388525571
joint_categories,sieve_md,1.65550633518084e-05,2.22140275816017,2.06606582967401
joint_categories,sieve_md,1.86472414860318e-05,2.10517091807565,2.08753844132957
joint_categories,sieve_md,2.63355434458588e-07,2.05127109637602,2.11473383514163
joint_categories,sieve_md,4.10360152136474e-07,1.95122942450071,2.13822001640798
joint_categories,sieve_md,2.02787144016984e-06,2.05127109637602,2.12268877257874
joint_categories,sieve_md,3.9930185018857e-06,1.95122942450071,2.14617341369787
joint_categories,sieve_md,1.45188560596478e-06,2.22140275816017,2.06768942712989
joint_categories,sieve_md,8.65049915225221e-07,2.10517091807565,2.09018443592143
joint_categories,sieve_md,1.02453691628374e-05,2.22140275816017,2.07523728105983
joint_categories,sieve_md,7.62209192618207e-06,2.10517091807565,2.09742411811565
joint_categories,sieve_md,7.9324174121003e-07,2.05127109637602,2.12431733152105
joint_categories,sieve_md,8.27350116431013e-07,1.95122942450071,2.14800542621824
joint_categories,sieve_md,7.59219319423485e-06,2.05127109637602,2.13162398065595
joint_categories,sieve_md,9.87395121541902e-06,1.95122942450071,2.15642296287074
joint_categories,sieve_md,2.33243470848993e-07,2.22140275816017,2.07686847726425
joint_categories,sieve_md,1.17470506487888e-07,2.10517091807565,2.09955687826164
joint_categories,sieve_md,2.07781785664314e-06,2.22140275816017,2.08466948830596
joint_categories,sieve_md,1.34113654304886e-06,2.10517091807565,2.10717605129083
joint_categories,sieve_md,7.70926052514828e-07,2.05127109637602,2.13398321833301
joint_categories,sieve_md,6.79684041542165e-07,1.95122942450071,2.15787496233429
joint_categories,sieve_md,9.31487820844727e-06,2.05127109637602,2.14230143258164
joint_categories,sieve_md,1.05104148603264e-05,1.95122942450071,2.16489064918781
joint_categories,sieve_md,2.45511800720857e-08,2.22140275816017,2.08612644075978
joint_categories,sieve_md,1.1742321432611e-08,2.10517091807565,2.10900989657829
joint_categories,sieve_md,2.99718289461116e-07,2.22140275816017,2.09365255009285
joint_categories,sieve_md,1.86015963595835e-07,2.10517091807565,2.11669457252381
joint_categories,sieve_md,4.90914280830571e-07,2.05127109637602,2.14373220389765
joint_categories,sieve_md,4.11019345942456e-07,1.95122942450071,2.16782934799976
joint_categories,sieve_md,8.1285488381368e-06,2.05127109637602,2.15186604282054
joint_categories,sieve_md,8.81915846141698e-06,1.95122942450071,2.17700261754887
joint_categories,sieve_md,5.44606210902754e-05,2.49182469764127,2.41744062581112
joint_categories,sieve_md,5.02001892465975e-05,2.349858807576,2.43262371861144
joint_categories,sieve_md,6.25843527248239e-06,2.49182469764127,2.42637537614216
joint_categories,sieve_md,7.30002562963114e-06,2.349858807576,2.45587225187643
joint_categories,sieve_md,6.7019144234001e-06,2.28402541668774,2.49112377894824
joint_categories,sieve_md,1.0811145064054e-05,2.16183424272828,2.52256663501796
joint_categories,sieve_md,1.04459641920492e-06,2.28402541668774,2.50140425805919
joint_categories,sieve_md,2.129410325883e-06,2.16183424272828,2.53303714785513
joint_categories,sieve_md,3.4798106261445e-05,2.49182469764127,2.42791713795063
joint_categories,sieve_md,2.137333815027e-05,2.349858807576,2.45765893278408
joint_categories,sieve_md,4.97052591542177e-06,2.49182469764127,2.43774976423723
joint_categories,sieve_md,3.81203510838398e-06,2.349858807576,2.46833934932487
joint_categories,sieve_md,2.59060957003788e-05,2.28402541668774,2.50411876025577
joint_categories,sieve_md,2.78463812373261e-05,2.16183424272828,2.53531122862373
joint_categories,sieve_md,5.01897667946345e-06,2.28402541668774,2.51395402257559
joint_categories,sieve_md,6.72700778111741e-06,2.16183424272828,2.54649482045582
joint_categories,sieve_md,7.12151281672361e-06,2.49182469764127,2.44042330887705
joint_categories,sieve_md,3.66230665652533e-06,2.349858807576,2.47048665491255
joint_categories,sieve_md,1.28416775168586e-06,2.49182469764127,2.45045994366975
joint_categories,sieve_md,8.46350747087371e-07,2.349858807576,2.48096283341982
joint_categories,sieve_md,3.20736719726158e-05,2.28402541668774,2.51745748739516
joint_categories,sieve_md,2.88656393748354e-05,2.16183424272828,2.55181209769591
joint_categories,sieve_md,7.84448907169604e-06,2.28402541668774,2.52756120762392
joint_categories,sieve_md,9.03536055206385e-06,2.16183424272828,2.55984517965542
joint_categories,sieve_md,9.41392622886055e-07,2.49182469764127,2.45280679552675
joint_categories,sieve_md,4.53386591092043e-07,2.349858807576,2.48341579174547
joint_categories,sieve_md,2.32628641729539e-07,2.49182469764127,2.46287374756165
joint_categories,sieve_md,1.45383943253009e-07,2.349858807576,2.49369484307513
joint_categories,sieve_md,2.564940417616e-05,2.28402541668774,2.52950062126203
joint_categories,sieve_md,2.16184829386154e-05,2.16183424272828,2.56143389639144
joint_categories,sieve_md,8.59678677392131e-06,2.28402541668774,2.54046136115818
joint_categories,sieve_md,9.38948164198842e-06,2.16183424272828,2.57334582569688
joint_categories,sieve_md,7.74833430364383e-06,2.49182469764127,2.30591648180322
joint_categories,sieve_md,6.6021662238857e-06,2.349858807576,2.3333979662586
joint_categories,sieve_md,3.25875462135266e-05,2.49182469764127,2.31631726245805
joint_categories,sieve_md,3.51370761460066e-05,2.349858807576,2.34378802257269
joint_categories,sieve_md,9.53508652441513e-07,2.28402541668774,2.37511162055787
joint_categories,sieve_md,1.42184676700723e-06,2.16183424272828,2.4040836673046
joint_categories,sieve_md,5.43919248234434e-06,2.28402541668774,2.38434436253903
joint_categories,sieve_md,1.02494506954799e-05,2.16183424272828,2.41381300156657
joint_categories,sieve_md,3.85781642028154e-06,2.49182469764127,2.31707865331507
joint_categories,sieve_md,2.20029310190457e-06,2.349858807576,2.34489080570133
joint_categories,sieve_md,2.01673309230879e-05,2.49182469764127,2.32700341596036
joint_categories,sieve_md,1.43623401135625e-05,2.349858807576,2.35317112443533
joint_categories,sieve_md,2.87202299537308e-06,2.28402541668774,2.38693361502997
joint_categories,sieve_md,2.86666500659466e-06,2.16183424272828,2.41615473783087
joint_categories,sieve_md,2.03639142642738e-05,2.28402541668774,2.39713201666578
joint_categories,sieve_md,2.53448803465894e-05,2.16183424272828,2.4253934258457
joint_categories,sieve_md,6.19753021910274e-07,2.49182469764127,2.32840173162089
joint_categories,sieve_md,2.98791480761249e-07,2.349858807576,2.35638965383141
joint_categories,sieve_md,4.0900468930705e-06,2.49182469764127,2.3376066421131
joint_categories,sieve_md,2.52710927085912e-06,2.349858807576,2.36578850137796
joint_categories,sieve_md,2.79122647678287e-06,2.28402541668774,2.39885724456297
joint_categories,sieve_md,2.35502046683065e-06,2.16183424272828,2.4283870920488
joint_categories,sieve_md,2.49845303413792e-05,2.28402541668774,2.40907274027649
joint_categories,sieve_md,2.69785824556237e-05,2.16183424272828,2.43553598744895
joint_categories,sieve_md,6.52351295654891e-08,2.49182469764127,2.33982215574732
joint_categories,sieve_md,2.98671191035184e-08,2.349858807576,2.36805069337895
joint_categories,sieve_md,5.89975610560644e-07,2.49182469764127,2.34916871896288
joint_categories,sieve_md,3.50510668408283e-07,2.349858807576,2.37753034391057
joint_categories,sieve_md,1.77741163891819e-06,2.28402541668774,2.41088338292531
joint_categories,sieve_md,1.42413079136239e-06,2.16183424272828,2.44060910025123
joint_categories,sieve_md,2.180253681617e-05,2.28402541668774,2.42049481484802
joint_categories,sieve_md,2.26373931859394e-05,2.16183424272828,2.44925960350575
joint_categories,sieve_md,0.000708049136404276,3.33964685192599,3.11820513147592
joint_categories,sieve_md,0.000845548731189756,3.11700001661268,3.16176976553755
joint_categories,sieve_md,0.000109833523719097,3.33964685192599,3.1294754688086
joint_categories,sieve_md,0.000165976276440443,3.11700001661268,3.17535555351636
joint_categories,sieve_md,8.832497425286e-05,3.01375270747048,3.2269866886697
joint_categories,sieve_md,0.000184725806409608,2.82211880039051,3.27370773368254
joint_categories,sieve_md,1.85832435528966e-05,3.01375270747048,3.24241817498034
joint_categories,sieve_md,4.91138044411409e-05,2.82211880039051,3.28986765931381
joint_categories,sieve_md,0.000452414397663194,3.33964685192599,3.13214786946162
joint_categories,sieve_md,0.00036000260607534,3.11700001661268,3.17927133897917
joint_categories,sieve_md,8.72311292294187e-05,3.33964685192599,3.14772210239058
joint_categories,sieve_md,8.66719413123188e-05,3.11700001661268,3.1930341720365
joint_categories,sieve_md,0.000341418151765541,3.01375270747048,3.24613235214116
joint_categories,sieve_md,0.000475800222749539,2.82211880039051,3.29183175652787
joint_categories,sieve_md,8.92869861565941e-05,3.01375270747048,3.26070684760727
joint_categories,sieve_md,0.000155155134085692,2.82211880039051,3.30880379202219
joint_categories,sieve_md,9.25876513860307e-05,3.33964685192599,3.15120711019239
joint_categories,sieve_md,6.16861966683259e-05,3.11700001661268,3.19711242747117
joint_categories,sieve_md,2.2536730520206e-05,3.33964685192599,3.16624755556466
joint_categories,sieve_md,1.92429660786337e-05,3.11700001661268,3.21188794177516
joint_categories,sieve_md,0.000422701048119135,3.01375270747048,3.26462818874365
joint_categories,sieve_md,0.000493215887813269,2.82211880039051,3.3133639690566
joint_categories,sieve_md,0.000139552508784511,3.01375270747048,3.28013914083416
joint_categories,sieve_md,0.000208396158229978,2.82211880039051,3.3265301021156
joint_categories,sieve_md,1.22391596039078e-05,3.33964685192599,3.16983556929257
joint_categories,sieve_md,7.63663369779645e-06,3.11700001661268,3.21555155089467
joint_categories,sieve_md,4.08255775233226e-06,3.33964685192599,3.1848710376473
joint_categories,sieve_md,3.30550696389573e-06,3.11700001661268,3.23090379956419
joint_categories,sieve_md,0.000338035197159558,3.01375270747048,3.28641455471545
joint_categories,sieve_md,0.000369386560861724,2.82211880039051,3.32988864482812
joint_categories,sieve_md,0.000152935793628027,3.01375270747048,3.30063379159544
joint_categories,sieve_md,0.000216563787431187,2.82211880039051,3.34923202318756
joint_categories,sieve_md,0.000100737033519551,3.33964685192599,2.95030249733915
joint_categories,sieve_md,0.000111203829258249,3.11700001661268,2.99104336479447
joint_categories,sieve_md,0.000571900942353418,3.33964685192599,2.96418161892393
joint_categories,sieve_md,0.000798890491568475,3.11700001661268,3.0032745433589
joint_categories,sieve_md,1.25663537097284e-05,3.01375270747048,3.05379415571371
joint_categories,sieve_md,2.42945394840365e-05,2.82211880039051,3.09695729699064
joint_categories,sieve_md,9.67625743035028e-05,3.01375270747048,3.06802553687106
joint_categories,sieve_md,0.000236398551734351,2.82211880039051,3.11148193713021
joint_categories,sieve_md,5.01559389170155e-05,3.33964685192599,2.96711917807544
joint_categories,sieve_md,3.70607176682522e-05,3.11700001661268,3.00856415456431
joint_categories,sieve_md,0.000353930163507669,3.33964685192599,2.98446759073625
joint_categories,sieve_md,0.000326547858043721,3.11700001661268,3.02295017225151
joint_categories,sieve_md,3.78505813554172e-05,3.01375270747048,3.07145086284403
joint_categories,sieve_md,4.89815835336534e-05,2.82211880039051,3.11509398994343
joint_categories,sieve_md,0.000362271563932165,3.01375270747048,3.0881598915632
joint_categories,sieve_md,0.00058456723055963,2.82211880039051,3.13683143476927
joint_categories,sieve_md,8.05748416310047e-06,3.33964685192599,2.98403073034618
joint_categories,sieve_md,5.03270527939506e-06,3.11700001661268,3.02583201411631
joint_categories,sieve_md,7.17790059150192e-05,3.33964685192599,2.99802516529238
joint_categories,sieve_md,5.74573581266336e-05,3.11700001661268,3.03986963686123
joint_categories,sieve_md,3.67857586833634e-05,3.01375270747048,3.08925936673831
joint_categories,sieve_md,4.02393134371e-05,2.82211880039051,3.13315296350533
joint_categories,sieve_md,0.000444471763307377,3.01375270747048,3.10114575976497
joint_categories,sieve_md,0.000622247768182139,2.82211880039051,3.13371454665374
joint_categories,sieve_md,8.48129827155301e-07,3.33964685192599,3.00108767319793
joint_categories,sieve_md,5.03067917497641e-07,3.11700001661268,3.04324832746444
joint_categories,sieve_md,1.03538819840664e-05,3.33964685192599,3.01495383467634
joint_categories,sieve_md,7.96934949911911e-06,3.11700001661268,3.05740663328411
joint_categories,sieve_md,2.3424625760073e-05,3.01375270747048,3.10722097241098
joint_categories,sieve_md,2.4333565714687e-05,2.82211880039051,3.15161773526694
joint_categories,sieve_md,0.000387864484576986,3.01375270747048,3.12333394673924
joint_categories,sieve_md,0.000522120367539033,2.82211880039051,3.1668720096812
joint_categories,landweber,0.00174025820357453,1.77880078307141,1.75768980704503
joint_categories,landweber,0.00185715841286508,1.70468808971871,1.73737243956639
joint_categories,landweber,0.000153781324673641,1.77880078307141,1.76383303887949
joint_categories,landweber,0.000206020115638397,1.70468808971871,1.74335094132592
joint_categories,landweber,0.000218590353129231,1.67032004603564,1.79775337731395
joint_categories,landweber,0.000405237579754544,1.60653065971263,1.77636170967699
joint_categories,landweber,2.61991607316705e-05,1.67032004603564,1.80422143838326
joint_categories,landweber,6.08890250111459e-05,1.60653065971263,1.78265633041176
joint_categories,landweber,0.00111195371404149,1.77880078307141,1.76339155511851
joint_categories,landweber,0.000790707671674256,1.70468808971871,1.74292129590264
joint_categories,landweber,0.000122135010800397,1.77880078307141,1.76958101584499
joint_categories,landweber,0.000107582624184099,1.70468808971871,1.74894478693162
joint_categories,landweber,0.000844955970725827,1.67032004603564,1.80375661074789
joint_categories,landweber,0.00104377474085108,1.60653065971263,1.78220396707747
joint_categories,landweber,0.000125879214514111,1.67032004603564,1.81027334510593
joint_categories,landweber,0.000192354164932859,1.60653065971263,1.78854595593216
joint_categories,landweber,0.000227563895766465,1.77880078307141,1.76913620984163
joint_categories,landweber,0.000135487210700482,1.70468808971871,1.74851190835152
joint_categories,landweber,3.15543757120446e-05,1.77880078307141,1.77537224734062
joint_categories,landweber,2.38855707681118e-05,1.70468808971871,1.75458072720207
joint_categories,landweber,0.00104611829392598,1.67032004603564,1.80980501956145
joint_categories,landweber,0.00108197991693023,1.60653065971263,1.78809018848481
joint_categories,landweber,0.000196744911497615,1.67032004603564,1.81637079348321
joint_categories,landweber,0.000258359926197505,1.60653065971263,1.7944799019128
joint_categories,landweber,3.00816663850815e-05,1.77880078307141,1.77492409409444
joint_categories,landweber,1.67730587187752e-05,1.70468808971871,1.75414459113508
joint_categories,landweber,5.71611579007489e-06,1.77880078307141,1.78120705886428
joint_categories,landweber,4.10300159486762e-06,1.70468808971871,1.76025907890695
joint_categories,landweber,0.000836583692690115,1.67032004603564,1.81589894370725
joint_categories,landweber,0.000810332453417692,1.60653065971263,1.79402070473584
joint_categories,landweber,0.000215613029419814,1.67032004603564,1.822514126224
joint_categories,landweber,0.000268485775424074,1.60653065971263,1.80045850187287
joint_categories,landweber,0.00024759362023438,1.77880078307141,1.70256881891037
joint_categories,landweber,0.000244247456629939,1.70468808971871,1.68372951456694
joint_categories,landweber,0.000800736255372642,1.77880078307141,1.70826513829345
joint_categories,landweber,0.000991632750084089,1.70468808971871,1.68927308778252
joint_categories,landweber,3.10997395492295e-05,1.67032004603564,1.73971781442734
joint_categories,landweber,5.32955333806034e-05,1.60653065971263,1.71988236392177
joint_categories,landweber,0.000136418501418851,1.67032004603564,1.74571533212371
joint_categories,landweber,0.00029307599956753,1.60653065971263,1.72571905885153
joint_categories,landweber,0.000123274331780955,1.77880078307141,1.70785577192527
joint_categories,landweber,8.13999490101135e-05,1.70468808971871,1.68887469852774
joint_categories,landweber,0.000495548604316552,1.77880078307141,1.71359495710615
joint_categories,landweber,0.000405331586648643,1.70468808971871,1.69445998809954
joint_categories,landweber,9.36742072626127e-05,1.67032004603564,1.74528432011887
joint_categories,landweber,0.000107452113754531,1.60653065971263,1.72529960438543
joint_categories,landweber,0.000510740275504435,1.67032004603564,1.75132697018293
joint_categories,landweber,0.000724719437381358,1.60653065971263,1.73118022146349
joint_categories,landweber,1.98038556846727e-05,1.77880078307141,1.71318251018457
joint_categories,landweber,1.10538051851225e-05,1.70468808971871,1.69405860089606
joint_categories,landweber,0.000100500013471292,1.77880078307141,1.71896488373587
joint_categories,landweber,7.13196597694096e-05,1.70468808971871,1.69968592074696
joint_categories,landweber,9.10389394250258e-05,1.67032004603564,1.75089271473751
joint_categories,landweber,8.82739791758016e-05,1.60653065971263,1.7307576105293
joint_categories,landweber,0.000626628345823079,1.67032004603564,1.75698083679822
joint_categories,landweber,0.00077143402656534,1.60653065971263,1.73668248027749
joint_categories,landweber,2.0845515000537e-06,1.77880078307141,1.71854933307921
joint_categories,landweber,1.10493550609278e-06,1.70468808971871,1.69928151303471
joint_categories,landweber,1.44967914449915e-05,1.77880078307141,1.72437522000096
joint_categories,landweber,9.89205409702311e-06,1.70468808971871,1.70495117944988
joint_categories,landweber,5.79722469225475e-05,1.67032004603564,1.75654331350476
joint_categories,landweber,5.33811461900052e-05,1.60653065971263,1.73625668912224
joint_categories,landweber,0.000546821869100191,1.67032004603564,1.76267724974682
joint_categories,landweber,0.000647300702514553,1.60653065971263,1.74222614454964
joint_categories,landweber,0.000217422827268939,2.22140275816017,2.14583593391554
joint_categories,landweber,0.000298198692714622,2.10517091807565,2.11511047143323
joint_categories,landweber,2.5934829145966e-05,2.22140275816017,2.15512619454839
joint_categories,landweber,4.46534230144018e-05,2.10517091807565,2.1241516147657
joint_categories,landweber,2.73328081314994e-05,2.05127109637602,2.20642310036313
joint_categories,landweber,6.49841175686607e-05,1.95122942450071,2.17407299978517
joint_categories,landweber,4.42210433327707e-06,2.05127109637602,2.21620459237618
joint_categories,landweber,1.3180287317488e-05,1.95122942450071,2.1835922021833
joint_categories,landweber,0.000138924281352335,2.22140275816017,2.15445854935524
joint_categories,landweber,0.000126961702555535,2.10517091807565,2.12350187240377
joint_categories,landweber,2.05977588278114e-05,2.22140275816017,2.16381872082121
joint_categories,landweber,2.33177833718129e-05,2.10517091807565,2.13261105191821
joint_categories,landweber,0.000105654339712604,2.05127109637602,2.21550164480749
joint_categories,landweber,0.000167380282242702,1.95122942450071,2.18290810407509
joint_categories,landweber,2.12469027414097e-05,2.05127109637602,2.22535674425556
joint_categories,landweber,4.163776904075e-05,1.95122942450071,2.1924989401331
joint_categories,landweber,2.84311750407215e-05,2.22140275816017,2.16314605148143
joint_categories,landweber,2.1754799607054e-05,2.10517091807565,2.13195642013157
joint_categories,landweber,5.32156518118335e-06,2.22140275816017,2.17257665987176
joint_categories,landweber,5.17703085518578e-06,2.10517091807565,2.14113414781211
joint_categories,landweber,0.000130807925424896,2.05127109637602,2.2246485068837
joint_categories,landweber,0.000173506884952062,1.95122942450071,2.1918096940672
joint_categories,landweber,3.32081830633641e-05,2.05127109637602,2.2345777676756
joint_categories,landweber,5.59256460090264e-05,1.95122942450071,2.20147270284089
joint_categories,landweber,3.75831640441126e-06,2.22140275816017,2.17189892857776
joint_categories,landweber,2.69320277048856e-06,2.10517091807565,2.14047458980699
joint_categories,landweber,9.64008384690171e-07,2.22140275816017,2.1814005039426
joint_categories,landweber,8.89296976058208e-07,2.10517091807565,2.14972138149055
joint_categories,landweber,0.000104607459711278,2.05127109637602,2.23386420069387
joint_categories,landweber,0.000129945350711285,1.95122942450071,2.20077827007801
joint_categories,landweber,3.63928952333109e-05,2.05127109637602,2.24386818090665
joint_categories,landweber,5.811752873527e-05,1.95122942450071,2.21051399467966
joint_categories,landweber,3.09336308914031e-05,2.22140275816017,2.06247779931962
joint_categories,landweber,3.92181257998104e-05,2.10517091807565,2.03398757589843
joint_categories,landweber,0.000135042132184401,2.22140275816017,2.07109220508237
joint_categories,landweber,0.00021492948165391,2.10517091807565,2.0423709873336
joint_categories,landweber,3.88874990076138e-06,2.05127109637602,2.11865732499942
joint_categories,landweber,8.54650057180629e-06,1.95122942450071,2.08866065387707
joint_categories,landweber,2.30258080570583e-05,2.05127109637602,2.12772722567235
joint_categories,landweber,6.34404291980849e-05,1.95122942450071,2.09748734617732
joint_categories,landweber,1.54015385133373e-05,2.22140275816017,2.07047313024404
joint_categories,landweber,1.30701604201904e-05,2.10517091807565,2.04176851291786
joint_categories,landweber,8.35730113116567e-05,2.22140275816017,2.07915236091404
joint_categories,landweber,8.78527941003989e-05,2.10517091807565,2.05021501098763
joint_categories,landweber,1.17131387425208e-05,2.05127109637602,2.12707541666225
joint_categories,landweber,1.72310791053856e-05,1.95122942450071,2.09685301535297
joint_categories,landweber,8.62068372578466e-05,2.05127109637602,2.13621356992114
joint_categories,landweber,0.000156875732654711,1.95122942450071,2.10574613005372
joint_categories,landweber,2.47423645809763e-06,2.22140275816017,2.07852862742947
joint_categories,landweber,1.77487834795981e-06,2.10517091807565,2.04960800284673
joint_categories,landweber,1.69490715733964e-05,2.22140275816017,2.08727317082546
joint_categories,landweber,1.54580387796516e-05,2.10517091807565,2.05811806228905
joint_categories,landweber,1.13836215925243e-05,2.05127109637602,2.13555685593445
joint_categories,landweber,1.41556630668073e-05,1.95122942450071,2.10510702577917
joint_categories,landweber,0.000105767354603416,2.05127109637602,2.14476377539193
joint_categories,landweber,0.000166987763636494,1.95122942450071,2.11406706272058
joint_categories,landweber,2.6043783606274e-07,2.22140275816017,2.08664474363753
joint_categories,landweber,1.77416380405872e-07,2.10517091807565,2.05750648630592
joint_categories,landweber,2.44484699353745e-06,2.22140275816017,2.09545509124917
joint_categories,landweber,2.14403372557565e-06,2.10517091807565,2.0660805854312
joint_categories,landweber,7.24892146154825e-06,2.05127109637602,2.14410211951784
joint_categories,landweber,8.56022948824815e-06,1.95122942450071,2.1134231490748
joint_categories,landweber,9.22969778171376e-05,2.05127109637602,2.15337832265156
joint_categories,landweber,0.000140117356755045,1.95122942450071,2.12245061185841
joint_categories,landweber,0.000205349404718872,2.49182469764127,2.46719232665195
joint_categories,landweber,0.000272007536725472,2.349858807576,2.42784972842078
joint_categories,landweber,1.81461023506442e-05,2.49182469764127,2.47908809524295
joint_categories,landweber,3.01746064215624e-05,2.349858807576,2.43942651330676
joint_categories,landweber,3.56687614762618e-05,2.28402541668774,2.54477151846672
joint_categories,landweber,8.2071715817762e-05,2.16183424272828,2.50334864287911
joint_categories,landweber,4.27508168424856e-06,2.28402541668774,2.55729628715303
joint_categories,landweber,1.23316962858239e-05,2.16183424272828,2.51553756129316
joint_categories,landweber,0.000131209858849879,2.49182469764127,2.47823320504853
joint_categories,landweber,0.00011581050089865,2.349858807576,2.43859454689734
joint_categories,landweber,1.4411856649593e-05,2.49182469764127,2.49021849137491
joint_categories,landweber,1.57570212621948e-05,2.349858807576,2.45025844911064
joint_categories,landweber,0.000137876775193024,2.28402541668774,2.55639619382527
joint_categories,landweber,0.000211392990651992,2.16183424272828,2.51466160386737
joint_categories,landweber,2.05405024194666e-05,2.28402541668774,2.56901521358249
joint_categories,landweber,3.89569900459249e-05,2.16183424272828,2.5269422460204
joint_categories,landweber,2.68524006582278e-05,2.49182469764127,2.48935716798253
joint_categories,landweber,1.98440489433469e-05,2.349858807576,2.44942022200874
joint_categories,landweber,3.72339705420413e-06,2.49182469764127,2.50143264568087
joint_categories,landweber,3.49838507200517e-06,2.349858807576,2.46117189712244
joint_categories,landweber,0.000170701695513249,2.28402541668774,2.5681083468953
joint_categories,landweber,0.000219130585856846,2.16183424272828,2.52605969686206
joint_categories,landweber,3.2104103495033e-05,2.28402541668774,2.58082232697918
joint_categories,landweber,5.23249656520579e-05,2.16183424272828,2.5384327529912
joint_categories,landweber,3.54961825345226e-06,2.49182469764127,2.5005648406796
joint_categories,landweber,2.45665547636684e-06,2.349858807576,2.46032736221527
joint_categories,landweber,6.7449817066514e-07,2.49182469764127,2.51273118845573
joint_categories,landweber,6.0094354324835e-07,2.349858807576,2.47216747073578
joint_categories,landweber,0.000136510617977055,2.28402541668774,2.57990863596186
joint_categories,landweber,0.000164114529741021,2.16183424272828,2.53754356249637
joint_categories,landweber,3.51829328579878e-05,2.28402541668774,2.59271829096545
joint_categories,landweber,5.43757276288712e-05,2.16183424272828,2.55000972803295
joint_categories,landweber,2.92158959072207e-05,2.49182469764127,2.36045591542314
joint_categories,landweber,3.57735498324438e-05,2.349858807576,2.32397544212769
joint_categories,landweber,9.44863888817453e-05,2.49182469764127,2.37148628169084
joint_categories,landweber,0.000145238865902967,2.349858807576,2.33471003035694
joint_categories,landweber,5.07473992367594e-06,2.28402541668774,2.43239131782467
joint_categories,landweber,1.07938061238504e-05,2.16183424272828,2.39398190475502
joint_categories,landweber,2.22602640894283e-05,2.28402541668774,2.44400492521552
joint_categories,landweber,5.93559219361692e-05,2.16183424272828,2.40528409456189
joint_categories,landweber,1.45462958291704e-05,2.49182469764127,2.37069358369147
joint_categories,landweber,1.19221922408126e-05,2.349858807576,2.3339385884658
joint_categories,landweber,5.84744325276865e-05,2.49182469764127,2.38180695539098
joint_categories,landweber,5.93666354348492e-05,2.349858807576,2.34475395634549
joint_categories,landweber,1.52854090196409e-05,2.28402541668774,2.44317031255436
joint_categories,landweber,2.17619978616527e-05,2.16183424272828,2.40447186194595
joint_categories,landweber,8.33407000926419e-05,2.28402541668774,2.45487131436829
joint_categories,landweber,0.000146775547688341,2.16183424272828,2.41585910270422
joint_categories,landweber,2.33684287057683e-06,2.49182469764127,2.38100829220077
joint_categories,landweber,1.61898861132147e-06,2.349858807576,2.34397670921945
joint_categories,landweber,1.18589401838062e-05,2.49182469764127,2.39220529396247
joint_categories,landweber,1.04457890288679e-05,2.349858807576,2.35487346463055
joint_categories,landweber,1.48553958073498e-05,2.28402541668774,2.45403042110115
joint_categories,landweber,1.78779000146227e-05,2.16183424272828,2.41504075789604
joint_categories,landweber,0.000102250884732383,2.28402541668774,2.46581947499647
joint_categories,landweber,0.000156236532255403,2.16183424272828,2.42651368962897
joint_categories,landweber,2.45975803339188e-07,2.49182469764127,2.39140062069233
joint_categories,landweber,1.61833682668536e-07,2.349858807576,2.35409036858419
joint_categories,landweber,1.71061253292644e-06,2.49182469764127,2.40268188184702
joint_categories,landweber,1.44883347023442e-06,2.349858807576,2.36506912398209
joint_categories,landweber,9.4596958105503e-06,2.28402541668774,2.46497225386069
joint_categories,landweber,1.0811145064054e-05,2.16183424272828,2.42568918663325
joint_categories,landweber,8.92283604455648e-05,2.28402541668774,2.47685002244467
joint_categories,landweber,0.000131096132144483,2.16183424272828,2.43724845418038
joint_categories,landweber,3.39238318341238e-05,3.33964685192599,3.21879940077252
joint_categories,landweber,5.77016444067416e-05,3.11700001661268,3.15930254286613
joint_categories,landweber,4.04653363055672e-06,3.33964685192599,3.23678908333968
joint_categories,landweber,8.64046690770244e-06,3.11700001661268,3.1768098341062
joint_categories,landweber,5.89062051576216e-06,3.01375270747048,3.33612053255885
joint_categories,landweber,1.73764283013827e-05,2.82211880039051,3.27347772161818
joint_categories,landweber,9.53028257584074e-07,3.01375270747048,3.35506143672743
joint_categories,landweber,3.5243429646016e-06,2.82211880039051,3.29191072755877
joint_categories,landweber,2.16759390790353e-05,3.33964685192599,3.23549625361542
joint_categories,landweber,2.4567173475656e-05,3.11700001661268,3.17555167146648
joint_categories,landweber,3.213806551095e-06,3.33964685192599,3.25362131168448
joint_categories,landweber,4.51200651560671e-06,3.11700001661268,3.1931907081295
joint_categories,landweber,2.2770057803652e-05,3.01375270747048,3.35370024740004
joint_categories,landweber,4.4756651044503e-05,2.82211880039051,3.29058603837103
joint_categories,landweber,4.57901875953665e-06,3.01375270747048,3.37278368517915
joint_categories,landweber,1.1133731370618e-05,2.82211880039051,3.30915775589931
joint_categories,landweber,4.43603099565509e-06,3.33964685192599,3.25231875319084
joint_categories,landweber,4.20956812264588e-06,3.11700001661268,3.19192307759627
joint_categories,landweber,8.30307859429547e-07,3.33964685192599,3.2705802054861
joint_categories,landweber,1.00175889695982e-06,3.11700001661268,3.20969485108956
joint_categories,landweber,2.8191023967427e-05,3.01375270747048,3.37141225266444
joint_categories,landweber,4.639487399333e-05,2.82211880039051,3.30782309819417
joint_categories,landweber,7.1568498744482e-06,3.01375270747048,3.39063929664437
joint_categories,landweber,1.49542382730301e-05,2.82211880039051,3.32653457113905
joint_categories,landweber,5.86398839920204e-07,3.33964685192599,3.2692678450124
joint_categories,landweber,5.21136518618822e-07,3.11700001661268,3.20841768141526
joint_categories,landweber,1.50411337851215e-07,3.33964685192599,3.28766671792422
joint_categories,landweber,1.72079553459374e-07,3.11700001661268,3.22632319060664
joint_categories,landweber,2.25444398289572e-05,3.01375270747048,3.38925754386056
joint_categories,landweber,3.47467374216004e-05,2.82211880039051,3.32518986990168
joint_categories,landweber,7.84320199585596e-06,3.01375270747048,3.40862927470305
joint_categories,landweber,1.5540336760824e-05,2.82211880039051,3.34404214994707
joint_categories,landweber,4.82648167885698e-06,3.33964685192599,3.05738451264023
joint_categories,landweber,7.58873329926089e-06,3.11700001661268,3.00221597691557
joint_categories,landweber,2.10702189843137e-05,3.33964685192599,3.07406546824536
joint_categories,landweber,4.15889969537452e-05,3.11700001661268,3.0184496345608
joint_categories,landweber,8.3808256494853e-07,3.01375270747048,3.16617067846421
joint_categories,landweber,2.28529154461177e-06,2.82211880039051,3.10808505386349
joint_categories,landweber,4.96239891197264e-06,3.01375270747048,3.18373365548606
joint_categories,landweber,1.6963653745159e-05,2.82211880039051,3.12517708161975
joint_categories,landweber,2.40305587539326e-06,3.33964685192599,3.07286669027054
joint_categories,landweber,2.52908469195281e-06,3.11700001661268,3.01728300168338
joint_categories,landweber,1.30396463757741e-05,3.33964685192599,3.08967317297872
joint_categories,landweber,1.69995738048765e-05,3.11700001661268,3.03363882043643
joint_categories,landweber,2.5243529698343e-06,3.01375270747048,3.18247149098396
joint_categories,landweber,4.60750444620304e-06,2.82211880039051,3.12394876191768
joint_categories,landweber,1.85788361630073e-05,3.01375270747048,3.20016663247399
joint_categories,landweber,4.19477869776609e-05,2.82211880039051,3.14116941016668
joint_categories,landweber,3.86047695987961e-07,3.33964685192599,3.08846537399036
joint_categories,landweber,3.43440135055226e-07,3.11700001661268,3.03246340844293
joint_categories,landweber,2.64451281874473e-06,3.33964685192599,3.10539832841495
joint_categories,landweber,2.99114073495515e-06,3.11700001661268,3.04894230758745
joint_categories,landweber,2.45333719733385e-06,3.01375270747048,3.19889496996366
joint_categories,landweber,3.78515356585425e-06,2.82211880039051,3.13993184714442
joint_categories,landweber,2.27944141680328e-05,3.01375270747048,3.21672327048257
joint_categories,landweber,4.4651693530684e-05,2.82211880039051,3.15728208377783
joint_categories,landweber,4.06353346831752e-08,3.33964685192599,3.10418144052835
joint_categories,landweber,3.43301870337436e-08,3.11700001661268,3.0477580504135
joint_categories,landweber,3.81462145951849e-07,3.33964685192599,3.1212418183911
joint_categories,landweber,4.14871944953906e-07,3.11700001661268,3.06436095615093
joint_categories,landweber,1.56224875516303e-06,3.01375270747048,3.21544203848985
joint_categories,landweber,2.28896258826264e-06,2.82211880039051,3.15603520787777
joint_categories,landweber,1.98913506602313e-05,3.01375270747048,3.23340450008259
joint_categories,landweber,3.74666810064907e-05,2.82211880039051,3.17351600807081
joint_categories,landweber,0.00111195371404149,1.77880078307141,1.75768980704503
joint_categories,landweber,0.00108763265079501,1.70468808971871,1.73737243956639
joint_categories,landweber,0.000130541965321263,1.77880078307141,1.76383303887949
joint_categories,landweber,0.000159893967251896,1.70468808971871,1.74335094132592
joint_categories,landweber,0.000102157130587946,1.67032004603564,1.79775337731395
joint_categories,landweber,0.000172534804216459,1.60653065971263,1.77636170967699
joint_categories,landweber,1.62666679880279e-05,1.67032004603564,1.80422143838326
joint_categories,landweber,3.43554140825183e-05,1.60653065971263,1.78265633041176
joint_categories,landweber,0.000710492879522693,1.77880078307141,1.76339155511851
joint_categories,landweber,0.000463072764816157,1.70468808971871,1.74292129590264
joint_categories,landweber,0.000103678027083287,1.77880078307141,1.76958101584499
joint_categories,landweber,8.34957913447523e-05,1.70468808971871,1.74894478693162
joint_categories,landweber,0.000394886033197775,1.67032004603564,1.80375661074789
joint_categories,landweber,0.000444399728840319,1.60653065971263,1.78220396707747
joint_categories,landweber,7.81565260836593e-05,1.67032004603564,1.81027334510593
joint_categories,landweber,0.000108531988902034,1.60653065971263,1.78854595593216
joint_categories,landweber,0.000145404008761183,1.77880078307141,1.76913620984163
joint_categories,landweber,7.93471968261721e-05,1.70468808971871,1.74851190835152
joint_categories,landweber,2.67858937271978e-05,1.77880078307141,1.77537224734062
joint_categories,landweber,1.85377950029531e-05,1.70468808971871,1.75458072720207
joint_categories,landweber,0.000488898259384093,1.67032004603564,1.80980501956145
joint_categories,landweber,0.000460666044957554,1.60653065971263,1.78809018848481
joint_categories,landweber,0.000122155979973698,1.67032004603564,1.81637079348321
joint_categories,landweber,0.000145774419038889,1.60653065971263,1.7944799019128
joint_categories,landweber,1.92209527257176e-05,1.77880078307141,1.77492409409444
joint_categories,landweber,9.82303189101573e-06,1.70468808971871,1.75414459113508
joint_categories,landweber,4.85229913855844e-06,1.77880078307141,1.78120705886428
joint_categories,landweber,3.18437449960332e-06,1.70468808971871,1.76025907890695
joint_categories,landweber,0.000390973290076366,1.67032004603564,1.81589894370725
joint_categories,landweber,0.000345008849587317,1.60653065971263,1.79402070473584
joint_categories,landweber,0.000133870912865741,1.67032004603564,1.822514126224
joint_categories,landweber,0.000151487726864925,1.60653065971263,1.80045850187287
joint_categories,landweber,0.000158202182312428,1.77880078307141,1.70256881891037
joint_categories,landweber,0.000143041921929822,1.70468808971871,1.68372951456694
joint_categories,landweber,0.000679729380028229,1.77880078307141,1.70826513829345
joint_categories,landweber,0.000769614627079171,1.70468808971871,1.68927308778252
joint_categories,landweber,1.45343109103422e-05,1.67032004603564,1.73971781442734
joint_categories,landweber,2.26912183786208e-05,1.60653065971263,1.71988236392177
joint_categories,landweber,8.47002120690936e-05,1.67032004603564,1.74571533212371
joint_categories,landweber,0.000165362268831655,1.60653065971263,1.72571905885153
joint_categories,landweber,7.87672488991916e-05,1.77880078307141,1.70785577192527
joint_categories,landweber,4.76713465599663e-05,1.70468808971871,1.68887469852774
joint_categories,landweber,0.000420661539084662,1.77880078307141,1.71359495710615
joint_categories,landweber,0.000314581298243277,1.70468808971871,1.69445998809954
joint_categories,landweber,4.37781818230173e-05,1.67032004603564,1.74528432011887
joint_categories,landweber,4.5749037935998e-05,1.60653065971263,1.72529960438543
joint_categories,landweber,0.000317111016449526,1.67032004603564,1.75132697018293
joint_categories,landweber,0.00040890844220824,1.60653065971263,1.73118022146349
joint_categories,landweber,1.26538526499584e-05,1.77880078307141,1.71318251018457
joint_categories,landweber,6.47358854881906e-06,1.70468808971871,1.69405860089606
joint_categories,landweber,8.53125000789169e-05,1.77880078307141,1.71896488373587
joint_categories,landweber,5.53517956644666e-05,1.70468808971871,1.69968592074696
joint_categories,landweber,4.25466023101766e-05,1.67032004603564,1.75089271473751
joint_categories,landweber,3.75837150239862e-05,1.60653065971263,1.7307576105293
joint_categories,landweber,0.000389064190177256,1.67032004603564,1.75698083679822
joint_categories,landweber,0.000435266214480281,1.60653065971263,1.73668248027749
joint_categories,landweber,1.33194302881859e-06,1.77880078307141,1.71854933307921
joint_categories,landweber,6.47098236275508e-07,1.70468808971871,1.69928151303471
joint_categories,landweber,1.23060433384734e-05,1.77880078307141,1.72437522000096
joint_categories,landweber,7.67730747525417e-06,1.70468808971871,1.70495117944988
joint_categories,landweber,2.70930455738917e-05,1.67032004603564,1.75654331350476
joint_categories,landweber,2.27276690684051e-05,1.60653065971263,1.73625668912224
joint_categories,landweber,0.000339513539549879,1.67032004603564,1.76267724974682
joint_categories,landweber,0.000365226470069469,1.60653065971263,1.74222614454964
joint_categories,landweber,0.00017267987132443,2.22140275816017,2.14583593391554
joint_categories,landweber,0.000215592621754242,2.10517091807565,2.11511047143323
joint_categories,landweber,2.73648768428543e-05,2.22140275816017,2.15512619454839
joint_categories,landweber,4.27830832863072e-05,2.10517091807565,2.1241516147657
joint_categories,landweber,1.57268216024432e-05,2.05127109637602,2.20642310036313
joint_categories,landweber,3.39343654703859e-05,1.95122942450071,2.17407299978517
joint_categories,landweber,3.38033094889078e-06,2.05127109637602,2.21620459237618
joint_categories,landweber,9.1210859764716e-06,1.95122942450071,2.1835922021833
joint_categories,landweber,0.000110335365099851,2.22140275816017,2.15445854935524
joint_categories,landweber,9.1791168053594e-05,2.10517091807565,2.12350187240377
joint_categories,landweber,2.17335202167524e-05,2.22140275816017,2.16381872082121
joint_categories,landweber,2.23411017723454e-05,2.10517091807565,2.13261105191821
joint_categories,landweber,6.0791666344343e-05,2.05127109637602,2.21550164480749
joint_categories,landweber,8.74051057807916e-05,1.95122942450071,2.18290810407509
joint_categories,landweber,1.62414899088632e-05,2.05127109637602,2.22535674425556
joint_categories,landweber,2.88143696826126e-05,1.95122942450071,2.1924989401331
joint_categories,landweber,2.25803873001862e-05,2.22140275816017,2.16314605148143
joint_categories,landweber,1.57283529324906e-05,2.10517091807565,2.13195642013157
joint_categories,landweber,5.6149965351499e-06,2.22140275816017,2.17257665987176
joint_categories,landweber,4.96018731154742e-06,2.10517091807565,2.14113414781211
joint_categories,landweber,7.52646013335254e-05,2.05127109637602,2.2246485068837
joint_categories,landweber,9.06043855926874e-05,1.95122942450071,2.1918096940672
joint_categories,landweber,2.53848938209769e-05,2.05127109637602,2.2345777676756
joint_categories,landweber,3.87019351893208e-05,1.95122942450071,2.20147270284089
joint_categories,landweber,2.98490090144709e-06,2.22140275816017,2.17189892857776
joint_categories,landweber,1.94714014645626e-06,2.10517091807565,2.14047458980699
joint_categories,landweber,1.01716385228736e-06,2.22140275816017,2.1814005039426
joint_categories,landweber,8.52048152740461e-07,2.10517091807565,2.14972138149055
joint_categories,landweber,6.01893098304859e-05,2.05127109637602,2.23386420069387
joint_categories,landweber,6.78567808134828e-05,1.95122942450071,2.20077827007801
joint_categories,landweber,2.7819341382598e-05,2.05127109637602,2.24386818090665
joint_categories,landweber,4.02187724414105e-05,1.95122942450071,2.21051399467966
joint_categories,landweber,2.45678683743618e-05,2.22140275816017,2.06247779931962
joint_categories,landweber,2.83540430190967e-05,2.10517091807565,2.03398757589843
joint_categories,landweber,0.000142488361694003,2.22140275816017,2.07109220508237
joint_categories,landweber,0.000205927010597068,2.10517091807565,2.0423709873336
joint_categories,landweber,2.23751894249433e-06,2.05127109637602,2.11865732499942
joint_categories,landweber,4.46293778768493e-06,1.95122942450071,2.08866065387707
joint_categories,landweber,1.7601315060066e-05,2.05127109637602,2.12772722567235
joint_categories,landweber,4.39023516833529e-05,1.95122942450071,2.09748734617732
joint_categories,landweber,1.22320904483118e-05,2.22140275816017,2.07047313024404
joint_categories,landweber,9.44950538208441e-06,2.10517091807565,2.04176851291786
joint_categories,landweber,8.81812310795837e-05,2.22140275816017,2.07915236091404
joint_categories,landweber,8.41730186221093e-05,2.10517091807565,2.05021501098763
joint_categories,landweber,6.73953596432704e-06,2.05127109637602,2.12707541666225
joint_categories,landweber,8.99797916303898e-06,1.95122942450071,2.09685301535297
joint_categories,landweber,6.58979567252177e-05,2.05127109637602,2.13621356992114
joint_categories,landweber,0.000108561900867446,1.95122942450071,2.10574613005372
joint_categories,landweber,1.96506888709541e-06,2.22140275816017,2.07852862742947
joint_categories,landweber,1.2832070886967e-06,2.10517091807565,2.04960800284673
joint_categories,landweber,1.78836441758035e-05,2.22140275816017,2.08727317082546
joint_categories,landweber,1.48105680574478e-05,2.10517091807565,2.05811806228905
joint_categories,landweber,6.54993753711793e-06,2.05127109637602,2.13555685593445
joint_categories,landweber,7.39201303267898e-06,1.95122942450071,2.10510702577917
joint_categories,landweber,8.08503452661144e-05,2.05127109637602,2.14476377539193
joint_categories,landweber,0.000115559677301289,1.95122942450071,2.11406706272058
joint_categories,landweber,2.06842917941173e-07,2.22140275816017,2.08664474363753
joint_categories,landweber,1.28269048551648e-07,2.10517091807565,2.05750648630592
joint_categories,landweber,2.57965597155982e-06,2.22140275816017,2.09545509124917
joint_categories,landweber,2.05422937946706e-06,2.10517091807565,2.0660805854312
joint_categories,landweber,4.17090311714114e-06,2.05127109637602,2.14410211951784
joint_categories,landweber,4.47010695586758e-06,1.95122942450071,2.1134231490748
joint_categories,landweber,7.05533626279569e-05,2.05127109637602,2.15337832265156
joint_categories,landweber,9.69646887790524e-05,1.95122942450071,2.12245061185841
joint_categories,landweber,0.00079377338989715,2.49182469764127,2.46719232665195
joint_categories,landweber,0.000963705398045466,2.349858807576,2.42784972842078
joint_categories,landweber,9.3187996072496e-05,2.49182469764127,2.47908809524295
joint_categories,landweber,0.000141675297484793,2.349858807576,2.43942651330676
joint_categories,landweber,0.000100845329948217,2.28402541668774,2.54477151846672
joint_categories,landweber,0.000211392990651992,2.16183424272828,2.50334864287911
joint_categories,landweber,1.60577875569691e-05,2.28402541668774,2.55729628715303
joint_categories,landweber,4.20929200979051e-05,2.16183424272828,2.51553756129316
joint_categories,landweber,0.000507188684524214,2.49182469764127,2.47823320504853
joint_categories,landweber,0.000410309237052574,2.349858807576,2.43859454689734
joint_categories,landweber,7.40110473813112e-05,2.49182469764127,2.49021849137491
joint_categories,landweber,7.39820975162884e-05,2.349858807576,2.45025844911064
joint_categories,landweber,0.000389815298066636,2.28402541668774,2.55639619382527
joint_categories,landweber,0.000544487172609129,2.16183424272828,2.51466160386737
joint_categories,landweber,7.71529174238875e-05,2.28402541668774,2.56901521358249
joint_categories,landweber,0.00013297549917306,2.16183424272828,2.5269422460204
joint_categories,landweber,0.000103797335699796,2.49182469764127,2.48935716798253
joint_categories,landweber,7.03062029677612e-05,2.349858807576,2.44942022200874
joint_categories,landweber,1.91212362500094e-05,2.49182469764127,2.50143264568087
joint_categories,landweber,1.64255579300122e-05,2.349858807576,2.46117189712244
joint_categories,landweber,0.000482620312404464,2.28402541668774,2.5681083468953
joint_categories,landweber,0.000564416978809849,2.16183424272828,2.52605969686206
joint_categories,landweber,0.000120587373927757,2.28402541668774,2.58082232697918
joint_categories,landweber,0.000178605647371452,2.16183424272828,2.5384327529912
joint_categories,landweber,1.37209675272298e-05,2.49182469764127,2.5005648406796
joint_categories,landweber,8.70377406528301e-06,2.349858807576,2.46032736221527
joint_categories,landweber,3.46383656744983e-06,2.49182469764127,2.51273118845573
joint_categories,landweber,2.82153987600768e-06,2.349858807576,2.47216747073578
joint_categories,landweber,0.00038595279851511,2.28402541668774,2.57990863596186
joint_categories,landweber,0.000422711538387158,2.16183424272828,2.53754356249637
joint_categories,landweber,0.000132151875260362,2.28402541668774,2.59271829096545
joint_categories,landweber,0.000185605703002814,2.16183424272828,2.55000972803295
joint_categories,landweber,0.000112933372097697,2.49182469764127,2.36045591542314
joint_categories,landweber,0.000126743411214996,2.349858807576,2.32397544212769
joint_categories,landweber,0.000485228015684802,2.49182469764127,2.37148628169084
joint_categories,landweber,0.000681923046341805,2.349858807576,2.33471003035694
joint_categories,landweber,1.43476756922183e-05,2.28402541668774,2.43239131782467
joint_categories,landweber,2.78017211447736e-05,2.16183424272828,2.39398190475502
joint_categories,landweber,8.36125758782775e-05,2.28402541668774,2.44400492521552
joint_categories,landweber,0.000202605061095189,2.16183424272828,2.40528409456189
joint_categories,landweber,5.62283711831293e-05,2.49182469764127,2.37069358369147
joint_categories,landweber,4.22395686432867e-05,2.349858807576,2.3339385884658
joint_categories,landweber,0.000300291218656001,2.49182469764127,2.38180695539098
joint_categories,landweber,0.000278737214278735,2.349858807576,2.34475395634549
joint_categories,landweber,4.32160257934669e-05,2.28402541668774,2.44317031255436
joint_categories,landweber,5.60526091686927e-05,2.16183424272828,2.40447186194595
joint_categories,landweber,0.000313038991013325,2.28402541668774,2.45487131436829
joint_categories,landweber,0.000501002559418682,2.16183424272828,2.41585910270422
joint_categories,landweber,9.033012243567e-06,2.49182469764127,2.38100829220077
joint_categories,landweber,5.73597365310989e-06,2.349858807576,2.34397670921945
joint_categories,landweber,6.09007295295712e-05,2.49182469764127,2.39220529396247
joint_categories,landweber,4.90448905100127e-05,2.349858807576,2.35487346463055
joint_categories,landweber,4.20002610043123e-05,2.28402541668774,2.45403042110115
joint_categories,landweber,4.60482970657045e-05,2.16183424272828,2.41504075789604
joint_categories,landweber,0.000384068213385106,2.28402541668774,2.46581947499647
joint_categories,landweber,0.000533296613553527,2.16183424272828,2.42651368962897
joint_categories,landweber,9.50813797179121e-07,2.49182469764127,2.39140062069233
joint_categories,landweber,5.73366442160941e-07,2.349858807576,2.35409036858419
joint_categories,landweber,8.7847269303125e-06,2.49182469764127,2.40268188184702
joint_categories,landweber,6.80253820161538e-06,2.349858807576,2.36506912398209
joint_categories,landweber,2.67451435301334e-05,2.28402541668774,2.46497225386069
joint_categories,landweber,2.78463812373261e-05,2.16183424272828,2.42568918663325
joint_categories,landweber,0.000335153843111512,2.28402541668774,2.47685002244467
joint_categories,landweber,0.000447482559382012,2.16183424272828,2.43724845418038
joint_categories,landweber,0.000162993973292671,3.33964685192599,3.21879940077252
joint_categories,landweber,0.000252375048924369,3.11700001661268,3.15930254286613
joint_categories,landweber,2.58299358869769e-05,3.33964685192599,3.23678908333968
joint_categories,landweber,5.00823388558505e-05,3.11700001661268,3.1768098341062
joint_categories,landweber,2.05044356555019e-05,3.01375270747048,3.33612053255885
joint_categories,landweber,5.48937736286024e-05,2.82211880039051,3.27347772161818
joint_categories,landweber,4.40723371752782e-06,3.01375270747048,3.35506143672743
joint_categories,landweber,1.47546836930368e-05,2.82211880039051,3.29191072755877
joint_categories,landweber,0.000104146472975614,3.33964685192599,3.23549625361542
joint_categories,landweber,0.000107451731603125,3.11700001661268,3.17555167146648
joint_categories,landweber,2.05144513173141e-05,3.33964685192599,3.25362131168448
joint_categories,landweber,2.6152734759389e-05,3.11700001661268,3.1931907081295
joint_categories,landweber,7.92594233252236e-05,3.01375270747048,3.35370024740004
joint_categories,landweber,0.000141390476120792,2.82211880039051,3.29058603837103
joint_categories,landweber,2.11754538332165e-05,3.01375270747048,3.37278368517915
joint_categories,landweber,4.6611435477954e-05,2.82211880039051,3.30915775589931
joint_categories,landweber,2.1313816232987e-05,3.33964685192599,3.25231875319084
joint_categories,landweber,1.84117796264935e-05,3.11700001661268,3.19192307759627
joint_categories,landweber,5.30004214312375e-06,3.33964685192599,3.2705802054861
joint_categories,landweber,5.8064487793687e-06,3.11700001661268,3.20969485108956
joint_categories,landweber,9.81290571097037e-05,3.01375270747048,3.37141225266444
joint_categories,landweber,0.000146565776714582,2.82211880039051,3.30782309819417
joint_categories,landweber,3.30965108609807e-05,3.01375270747048,3.39063929664437
joint_categories,landweber,6.26060113345994e-05,2.82211880039051,3.32653457113905
joint_categories,landweber,2.81747289988226e-06,3.33964685192599,3.2692678450124
joint_categories,landweber,2.27934326196316e-06,3.11700001661268,3.20841768141526
joint_categories,landweber,9.60109458632322e-07,3.33964685192599,3.28766671792422
joint_categories,landweber,9.97416759831956e-07,3.11700001661268,3.22632319060664
joint_categories,landweber,7.84740783462906e-05,3.01375270747048,3.38925754386056
joint_categories,landweber,0.000109768216187561,2.82211880039051,3.32518986990168
joint_categories,landweber,3.6270513507275e-05,3.01375270747048,3.40862927470305
joint_categories,landweber,6.50597162910191e-05,2.82211880039051,3.34404214994707
joint_categories,landweber,2.31898162244118e-05,3.33964685192599,3.05738451264023
joint_categories,landweber,3.31915486528351e-05,3.11700001661268,3.00221597691557
joint_categories,landweber,0.000134495955100837,3.33964685192599,3.07406546824536
joint_categories,landweber,0.000241060380227328,3.11700001661268,3.0184496345608
joint_categories,landweber,2.91724954629193e-06,3.01375270747048,3.16617067846421
joint_categories,landweber,7.21945123298416e-06,2.82211880039051,3.10808505386349
joint_categories,landweber,2.29483770608342e-05,3.01375270747048,3.18373365548606
joint_categories,landweber,7.10184416789055e-05,2.82211880039051,3.12517708161975
joint_categories,landweber,1.15459723739302e-05,3.33964685192599,3.07286669027054
joint_categories,landweber,1.10616929452862e-05,3.11700001661268,3.01728300168338
joint_categories,landweber,8.32350007749117e-05,3.33964685192599,3.08967317297872
joint_categories,landweber,9.85338436910061e-05,3.11700001661268,3.03363882043643
joint_categories,landweber,8.78692370408883e-06,3.01375270747048,3.18247149098396
joint_categories,landweber,1.4555540510159e-05,2.82211880039051,3.12394876191768
joint_categories,landweber,8.59169416210177e-05,3.01375270747048,3.20016663247399
joint_categories,landweber,0.000175614670505893,2.82211880039051,3.14116941016668
joint_categories,landweber,1.8548449407848e-06,3.33964685192599,3.08846537399036
joint_categories,landweber,1.50213606177622e-06,3.11700001661268,3.03246340844293
joint_categories,landweber,1.68805211563426e-05,3.33964685192599,3.10539832841495
joint_categories,landweber,1.73374107503405e-05,3.11700001661268,3.04894230758745
joint_categories,landweber,8.53972761772325e-06,3.01375270747048,3.19889496996366
joint_categories,landweber,1.19576566248063e-05,2.82211880039051,3.13993184714442
joint_categories,landweber,0.000105411681021206,3.01375270747048,3.21672327048257
joint_categories,landweber,0.000186934592070307,2.82211880039051,3.15728208377783
joint_categories,landweber,1.95240758428293e-07,3.33964685192599,3.10418144052835
joint_categories,landweber,1.50153132052013e-07,3.11700001661268,3.0477580504135
joint_categories,landweber,2.43495882471865e-06,3.33964685192599,3.1212418183911
joint_categories,landweber,2.40470307344678e-06,3.11700001661268,3.06436095615093
joint_categories,landweber,5.43797194071728e-06,3.01375270747048,3.21544203848985
joint_categories,landweber,7.23104840563992e-06,2.82211880039051,3.15603520787777
joint_categories,landweber,9.1986602306183e-05,3.01375270747048,3.23340450008259
joint_categories,landweber,0.000156854492548278,2.82211880039051,3.17351600807081
joint_categories,landweber,0.000227563895766465,1.77880078307141,1.75768980704503
joint_categories,landweber,0.000225966552493047,1.70468808971871,1.73737243956639
joint_categories,landweber,2.89579343037954e-05,1.77880078307141,1.76383303887949
joint_categories,landweber,3.59231933956659e-05,1.70468808971871,1.74335094132592
joint_categories,landweber,1.70941360687318e-05,1.67032004603564,1.79775337731395
joint_categories,landweber,2.95637189437463e-05,1.60653065971263,1.77636170967699
joint_categories,landweber,2.95037931649826e-06,1.67032004603564,1.80422143838326
joint_categories,landweber,6.36588035502524e-06,1.60653065971263,1.78265633041176
joint_categories,landweber,0.000145404008761183,1.77880078307141,1.76339155511851
joint_categories,landweber,9.62079946224899e-05,1.70468808971871,1.74292129590264
joint_categories,landweber,2.29987459560326e-05,1.77880078307141,1.76958101584499
joint_categories,landweber,1.87589032391473e-05,1.70468808971871,1.74894478693162
joint_categories,landweber,6.60769888922567e-05,1.67032004603564,1.80375661074789
joint_categories,landweber,7.61475850729192e-05,1.60653065971263,1.78220396707747
joint_categories,landweber,1.41756995456167e-05,1.67032004603564,1.81027334510593
joint_categories,landweber,2.01104156213574e-05,1.60653065971263,1.78854595593216
joint_categories,landweber,2.97572662206347e-05,1.77880078307141,1.76913620984163
joint_categories,landweber,1.64851730992918e-05,1.70468808971871,1.74851190835152
joint_categories,landweber,5.9418758474467e-06,1.77880078307141,1.77537224734062
joint_categories,landweber,4.16486504441522e-06,1.70468808971871,1.75458072720207
joint_categories,landweber,8.18082234845382e-05,1.67032004603564,1.80980501956145
joint_categories,landweber,7.89348070489373e-05,1.60653065971263,1.78809018848481
joint_categories,landweber,2.21561340629948e-05,1.67032004603564,1.81637079348321
joint_categories,landweber,2.70112451037836e-05,1.60653065971263,1.7944799019128
joint_categories,landweber,3.93361236836894e-06,1.77880078307141,1.77492409409444
joint_categories,landweber,2.04083304213017e-06,1.70468808971871,1.75414459113508
joint_categories,landweber,1.07637846060412e-06,1.77880078307141,1.78120705886428
joint_categories,landweber,7.15429749849555e-07,1.70468808971871,1.76025907890695
joint_categories,landweber,6.54222625610214e-05,1.67032004603564,1.81589894370725
joint_categories,landweber,5.91170269014726e-05,1.60653065971263,1.79402070473584
joint_categories,landweber,2.42809389538483e-05,1.67032004603564,1.822514126224
joint_categories,landweber,2.80698914634118e-05,1.60653065971263,1.80045850187287
joint_categories,landweber,3.2376441996784e-05,1.77880078307141,1.70256881891037
joint_categories,landweber,2.97183887747716e-05,1.70468808971871,1.68372951456694
joint_categories,landweber,0.000150783379756662,1.77880078307141,1.70826513829345
joint_categories,landweber,0.000172908431530399,1.70468808971871,1.68927308778252
joint_categories,landweber,2.43205233875235e-06,1.67032004603564,1.73971781442734
joint_categories,landweber,3.88812451889474e-06,1.60653065971263,1.71988236392177
joint_categories,landweber,1.53625655835351e-05,1.67032004603564,1.74571533212371
joint_categories,landweber,3.06407722546848e-05,1.60653065971263,1.72571905885153
joint_categories,landweber,1.61198994094444e-05,1.77880078307141,1.70785577192527
joint_categories,landweber,9.90419865290265e-06,1.70468808971871,1.68887469852774
joint_categories,landweber,9.33147373947413e-05,1.77880078307141,1.71359495710615
joint_categories,landweber,7.06766178216701e-05,1.70468808971871,1.69445998809954
joint_categories,landweber,7.3254817614527e-06,1.67032004603564,1.74528432011887
joint_categories,landweber,7.83906589530655e-06,1.60653065971263,1.72529960438543
joint_categories,landweber,5.75162525389348e-05,1.67032004603564,1.75132697018293
joint_categories,landweber,7.5768617225952e-05,1.60653065971263,1.73118022146349
joint_categories,landweber,2.58964017037486e-06,1.77880078307141,1.71318251018457
joint_categories,landweber,1.34495271502365e-06,1.70468808971871,1.69405860089606
joint_categories,landweber,1.89247478119238e-05,1.77880078307141,1.71896488373587
joint_categories,landweber,1.24358241566392e-05,1.70468808971871,1.69968592074696
joint_categories,landweber,7.11939935045705e-06,1.67032004603564,1.75089271473751
joint_categories,landweber,6.43994348199452e-06,1.60653065971263,1.7307576105293
joint_categories,landweber,7.05668143183319e-05,1.67032004603564,1.75698083679822
joint_categories,landweber,8.06525759611255e-05,1.60653065971263,1.73668248027749
joint_categories,landweber,2.72585217126795e-07,1.77880078307141,1.71854933307921
joint_categories,landweber,1.34441125382385e-07,1.70468808971871,1.69928151303471
joint_categories,landweber,2.72983169556377e-06,1.77880078307141,1.72437522000096
joint_categories,landweber,1.72485182481628e-06,1.70468808971871,1.70495117944988
joint_categories,landweber,4.53352795728489e-06,1.67032004603564,1.75654331350476
joint_categories,landweber,3.89437031928836e-06,1.60653065971263,1.73625668912224
joint_categories,landweber,6.15795272575989e-05,1.67032004603564,1.76267724974682
joint_categories,landweber,6.76745739511699e-05,1.60653065971263,1.74222614454964
joint_categories,landweber,4.46129697125378e-05,2.22140275816017,2.14583593391554
joint_categories,landweber,5.71231267180301e-05,2.10517091807565,2.11511047143323
joint_categories,landweber,7.6632623987053e-06,2.22140275816017,2.15512619454839
joint_categories,landweber,1.22583238963042e-05,2.10517091807565,2.1241516147657
joint_categories,landweber,3.37379792278474e-06,2.05127109637602,2.20642310036313
joint_categories,landweber,7.53413196657895e-06,1.95122942450071,2.17407299978517
joint_categories,landweber,7.86028167298402e-07,2.05127109637602,2.21620459237618
joint_categories,landweber,2.18988331457546e-06,1.95122942450071,2.1835922021833
joint_categories,landweber,2.85058603742719e-05,2.22140275816017,2.15445854935524
joint_categories,landweber,2.43208625678225e-05,2.10517091807565,2.12350187240377
joint_categories,landweber,6.08625681836499e-06,2.22140275816017,2.16381872082121
joint_categories,landweber,6.40123246594892e-06,2.10517091807565,2.13261105191821
joint_categories,landweber,1.30413380923266e-05,2.05127109637602,2.21550164480749
joint_categories,landweber,1.94057437755823e-05,1.95122942450071,2.18290810407509
joint_categories,landweber,3.776632744036e-06,2.05127109637602,2.22535674425556
joint_categories,landweber,6.91804764813455e-06,1.95122942450071,2.1924989401331
joint_categories,landweber,5.83379016323174e-06,2.22140275816017,2.16314605148143
joint_categories,landweber,4.16736291955634e-06,2.10517091807565,2.13195642013157
joint_categories,landweber,1.57242409910245e-06,2.22140275816017,2.17257665987176
joint_categories,landweber,1.42120618666928e-06,2.10517091807565,2.14113414781211
joint_categories,landweber,1.61461458683312e-05,2.05127109637602,2.2246485068837
joint_categories,landweber,2.01160501557582e-05,1.95122942450071,2.1918096940672
joint_categories,landweber,5.90274794653299e-06,2.05127109637602,2.2345777676756
joint_categories,landweber,9.29195518291345e-06,1.95122942450071,2.20147270284089
joint_categories,landweber,7.71168593593608e-07,2.22140275816017,2.17189892857776
joint_categories,landweber,5.15911594834512e-07,2.10517091807565,2.14047458980699
joint_categories,landweber,2.848466502268e-07,2.22140275816017,2.1814005039426
joint_categories,landweber,2.441311244831e-07,2.10517091807565,2.14972138149055
joint_categories,landweber,1.29121175030302e-05,2.05127109637602,2.23386420069387
joint_categories,landweber,1.50656107573945e-05,1.95122942450071,2.20077827007801
joint_categories,landweber,6.46882990246484e-06,2.05127109637602,2.24386818090665
joint_categories,landweber,9.65613293519494e-06,1.95122942450071,2.21051399467966
joint_categories,landweber,6.34726884656856e-06,2.22140275816017,2.06247779931962
joint_categories,landweber,7.51264852743723e-06,2.10517091807565,2.03398757589843
joint_categories,landweber,3.99024527204444e-05,2.22140275816017,2.07109220508237
joint_categories,landweber,5.90027599928603e-05,2.10517091807565,2.0423709873336
joint_categories,landweber,4.80003967184707e-07,2.05127109637602,2.11865732499942
joint_categories,landweber,9.90864623073438e-07,1.95122942450071,2.08866065387707
joint_categories,landweber,4.09283281071793e-06,2.05127109637602,2.12772722567235
joint_categories,landweber,1.05405241952548e-05,1.95122942450071,2.09748734617732
joint_categories,landweber,3.16024025560155e-06,2.22140275816017,2.07047313024404
joint_categories,landweber,2.5037280449181e-06,2.10517091807565,2.04176851291786
joint_categories,landweber,2.46942793232477e-05,2.22140275816017,2.07915236091404
joint_categories,landweber,2.41174793012101e-05,2.10517091807565,2.05021501098763
joint_categories,landweber,1.44579960349059e-06,2.05127109637602,2.12707541666225
joint_categories,landweber,1.99773773598403e-06,1.95122942450071,2.09685301535297
joint_categories,landweber,1.53232482075251e-05,2.05127109637602,2.13621356992114
joint_categories,landweber,2.60646479949291e-05,1.95122942450071,2.10574613005372
joint_categories,landweber,5.07688348796189e-07,2.22140275816017,2.07852862742947
joint_categories,landweber,3.39996798297917e-07,2.10517091807565,2.04960800284673
joint_categories,landweber,5.00813721001807e-06,2.22140275816017,2.08727317082546
joint_categories,landweber,4.24356372637964e-06,2.10517091807565,2.05811806228905
joint_categories,landweber,1.40512598258667e-06,2.05127109637602,2.13555685593445
joint_categories,landweber,1.64117999305091e-06,1.95122942450071,2.10510702577917
joint_categories,landweber,1.88001262822566e-05,2.05127109637602,2.14476377539193
joint_categories,landweber,2.77447455064679e-05,1.95122942450071,2.11406706272058
joint_categories,landweber,5.34392153676396e-08,2.22140275816017,2.08664474363753
joint_categories,landweber,3.39859919824588e-08,2.10517091807565,2.05750648630592
joint_categories,landweber,7.22407073928126e-07,2.22140275816017,2.09545509124917
joint_categories,landweber,5.88583317436371e-07,2.10517091807565,2.0660805854312
joint_categories,landweber,8.94763393930855e-07,2.05127109637602,2.14410211951784
joint_categories,landweber,9.92456326894328e-07,1.95122942450071,2.1134231490748
joint_categories,landweber,1.64057694828342e-05,2.05127109637602,2.15337832265156
joint_categories,landweber,2.32802710782463e-05,1.95122942450071,2.12245061185841
joint_categories,landweber,0.000982750454665396,2.49182469764127,2.46719232665195
joint_categories,landweber,0.00121125695047093,2.349858807576,2.42784972842078
joint_categories,landweber,0.000125056846154676,2.49182469764127,2.47908809524295
joint_categories,landweber,0.00019256043517746,2.349858807576,2.43942651330676
joint_categories,landweber,0.00010208556327329,2.28402541668774,2.54477151846672
joint_categories,landweber,0.000219130585856846,2.16183424272828,2.50334864287911
joint_categories,landweber,1.76195587295881e-05,2.28402541668774,2.55729628715303
joint_categories,landweber,4.71848313246919e-05,2.16183424272828,2.51553756129316
joint_categories,landweber,0.00062793728872909,2.49182469764127,2.47823320504853
joint_categories,landweber,0.000515707306641968,2.349858807576,2.43859454689734
joint_categories,landweber,9.93216782868755e-05,2.49182469764127,2.49021849137491
joint_categories,landweber,0.000100554049619037,2.349858807576,2.45025844911064
joint_categories,landweber,0.000394609391392858,2.28402541668774,2.55639619382527
joint_categories,landweber,0.000564416978809849,2.16183424272828,2.51466160386737
joint_categories,landweber,8.46567657522201e-05,2.28402541668774,2.56901521358249
joint_categories,landweber,0.000149061326327651,2.16183424272828,2.5269422460204
joint_categories,landweber,0.000128508816433426,2.49182469764127,2.48935716798253
joint_categories,landweber,8.83660890336765e-05,2.349858807576,2.44942022200874
joint_categories,landweber,2.56604026353819e-05,2.49182469764127,2.50143264568087
joint_categories,landweber,2.23250816422335e-05,2.349858807576,2.46117189712244
joint_categories,landweber,0.000488555756267937,2.28402541668774,2.5681083468953
joint_categories,landweber,0.000585076273592082,2.16183424272828,2.52605969686206
joint_categories,landweber,0.000132315632488537,2.28402541668774,2.58082232697918
joint_categories,landweber,0.000200211278411135,2.16183424272828,2.5384327529912
joint_categories,landweber,1.69875776228545e-05,2.49182469764127,2.5005648406796
joint_categories,landweber,1.09395535744475e-05,2.349858807576,2.46032736221527
joint_categories,landweber,4.64841497807853e-06,2.49182469764127,2.51273118845573
joint_categories,landweber,3.83494480717721e-06,2.349858807576,2.47216747073578
joint_categories,landweber,0.000390699389387184,2.28402541668774,2.57990863596186
joint_categories,landweber,0.00043818400397068,2.16183424272828,2.53754356249637
joint_categories,landweber,0.000145004890562561,2.28402541668774,2.59271829096545
joint_categories,landweber,0.000208058119244725,2.16183424272828,2.55000972803295
joint_categories,landweber,0.000139819908538743,2.49182469764127,2.36045591542314
joint_categories,landweber,0.000159300589238077,2.349858807576,2.32397544212769
joint_categories,landweber,0.000651168475178131,2.49182469764127,2.37148628169084
joint_categories,landweber,0.000926847523120334,2.349858807576,2.33471003035694
joint_categories,landweber,1.45241287370937e-05,2.28402541668774,2.43239131782467
joint_categories,landweber,2.88193445936543e-05,2.16183424272828,2.39398190475502
joint_categories,landweber,9.17446868687757e-05,2.28402541668774,2.44400492521552
joint_categories,landweber,0.000227113861691462,2.16183424272828,2.40528409456189
joint_categories,landweber,6.96149027526292e-05,2.49182469764127,2.37069358369147
joint_categories,landweber,5.30898459299291e-05,2.349858807576,2.3339385884658
joint_categories,landweber,0.000402986160404703,2.49182469764127,2.38180695539098
joint_categories,landweber,0.000378850514059638,2.349858807576,2.34475395634549
joint_categories,landweber,4.374751253057e-05,2.28402541668774,2.44317031255436
joint_categories,landweber,5.8104296874068e-05,2.16183424272828,2.40447186194595
joint_categories,landweber,0.000343484983049019,2.28402541668774,2.45487131436829
joint_categories,landweber,0.0005616080139944,2.16183424272828,2.41585910270422
joint_categories,landweber,1.11835405448824e-05,2.49182469764127,2.38100829220077
joint_categories,landweber,7.2094002681094e-06,2.349858807576,2.34397670921945
joint_categories,landweber,8.17278349623719e-05,2.49182469764127,2.39220529396247
joint_categories,landweber,6.66602126658855e-05,2.349858807576,2.35487346463055
joint_categories,landweber,4.25167958144622e-05,2.28402541668774,2.45403042110115
joint_categories,landweber,4.77337979967824e-05,2.16183424272828,2.41504075789604
joint_categories,landweber,0.000421422466694045,2.28402541668774,2.46581947499647
joint_categories,landweber,0.00059780862667698,2.16183424272828,2.42651368962897
joint_categories,landweber,1.1771781510602e-06,2.49182469764127,2.39140062069233
joint_categories,landweber,7.20649785341827e-07,2.349858807576,2.35409036858419
joint_categories,landweber,1.17889673620653e-05,2.49182469764127,2.40268188184702
joint_categories,landweber,9.2457876543718e-06,2.349858807576,2.36506912398209
joint_categories,landweber,2.70740652393187e-05,2.28402541668774,2.46497225386069
joint_categories,landweber,2.88656393748354e-05,2.16183424272828,2.42568918663325
joint_categories,landweber,0.000367750712929787,2.28402541668774,2.47685002244467
joint_categories,landweber,0.00050161378768855,2.16183424272828,2.43724845418038
joint_categories,landweber,0.000254754011406039,3.33964685192599,3.21879940077252
joint_categories,landweber,0.000404533564154839,3.11700001661268,3.15930254286613
joint_categories,landweber,4.37596252638298e-05,3.33964685192599,3.23678908333968
joint_categories,landweber,8.68107847249752e-05,3.11700001661268,3.1768098341062
joint_categories,landweber,2.66106813309499e-05,3.01375270747048,3.33612053255885
joint_categories,landweber,7.37304092601198e-05,2.82211880039051,3.27347772161818
joint_categories,landweber,6.19976227262111e-06,3.01375270747048,3.35506143672743
joint_categories,landweber,2.14306032508841e-05,2.82211880039051,3.29191072755877
joint_categories,landweber,0.000162777378993566,3.33964685192599,3.23549625361542
joint_categories,landweber,0.000172235061054104,3.11700001661268,3.17555167146648
joint_categories,landweber,3.47544301335783e-05,3.33964685192599,3.25362131168448
joint_categories,landweber,4.53321366180861e-05,3.11700001661268,3.1931907081295
joint_categories,landweber,0.000102862975212704,3.01375270747048,3.35370024740004
joint_categories,landweber,0.00018990819870393,2.82211880039051,3.29058603837103
joint_categories,landweber,2.97880230990897e-05,3.01375270747048,3.37278368517915
joint_categories,landweber,6.77012941425261e-05,2.82211880039051,3.30915775589931
joint_categories,landweber,3.33127665645336e-05,3.33964685192599,3.25231875319084
joint_categories,landweber,2.95123581609326e-05,3.11700001661268,3.19192307759627
joint_categories,landweber,8.97903343935654e-06,3.33964685192599,3.2705802054861
joint_categories,landweber,1.00646732264879e-05,3.11700001661268,3.20969485108956
joint_categories,landweber,0.000127352008703162,3.01375270747048,3.37141225266444
joint_categories,landweber,0.000196859388348969,2.82211880039051,3.30782309819417
joint_categories,landweber,4.65576623665881e-05,3.01375270747048,3.39063929664437
joint_categories,landweber,9.09327924573089e-05,2.82211880039051,3.32653457113905
joint_categories,landweber,4.40361388076602e-06,3.33964685192599,3.2692678450124
joint_categories,landweber,3.65357374916486e-06,3.11700001661268,3.20841768141526
joint_categories,landweber,1.6265634690635e-06,3.33964685192599,3.28766671792422
joint_categories,landweber,1.72888354651471e-06,3.11700001661268,3.22632319060664
joint_categories,landweber,0.000101843753551579,3.01375270747048,3.38925754386056
joint_categories,landweber,0.000147434854051374,2.82211880039051,3.32518986990168
joint_categories,landweber,5.10226086619102e-05,3.01375270747048,3.40862927470305
joint_categories,landweber,9.44967033150235e-05,2.82211880039051,3.34404214994707
joint_categories,landweber,3.62448904557343e-05,3.33964685192599,3.05738451264023
joint_categories,landweber,5.3202943530182e-05,3.11700001661268,3.00221597691557
joint_categories,landweber,0.000227855485993711,3.33964685192599,3.07406546824536
joint_categories,landweber,0.00041784471835206,3.11700001661268,3.0184496345608
joint_categories,landweber,3.78600998064546e-06,3.01375270747048,3.16617067846421
joint_categories,landweber,9.69678451408281e-06,2.82211880039051,3.10808505386349
joint_categories,landweber,3.22820370868488e-05,3.01375270747048,3.18373365548606
joint_categories,landweber,0.00010315151980079,2.82211880039051,3.12517708161975
joint_categories,landweber,1.80459603408801e-05,3.33964685192599,3.07286669027054
joint_categories,landweber,1.77308576731928e-05,3.11700001661268,3.01728300168338
joint_categories,landweber,0.000141012058980028,3.33964685192599,3.08967317297872
joint_categories,landweber,0.00017079474497795,3.11700001661268,3.03363882043643
joint_categories,landweber,1.14036801840062e-05,3.01375270747048,3.18247149098396
joint_categories,landweber,1.95502310713267e-05,2.82211880039051,3.12394876191768
joint_categories,landweber,0.000120861439937378,3.01375270747048,3.20016663247399
joint_categories,landweber,0.000255073467310091,2.82211880039051,3.14116941016668
joint_categories,landweber,2.89905926983358e-06,3.33964685192599,3.08846537399036
joint_categories,landweber,2.40778340610822e-06,3.11700001661268,3.03246340844293
joint_categories,landweber,2.85980299483492e-05,3.33964685192599,3.10539832841495
joint_categories,landweber,3.00519957078734e-05,3.11700001661268,3.04894230758745
joint_categories,landweber,1.10828688048953e-05,3.01375270747048,3.19889496996366
joint_categories,landweber,1.60608910348181e-05,2.82211880039051,3.13993184714442
joint_categories,landweber,0.000148285161390404,3.01375270747048,3.21672327048257
joint_categories,landweber,0.000271515212380679,2.82211880039051,3.15728208377783
joint_categories,landweber,3.05154634829689e-07,3.33964685192599,3.10418144052835
joint_categories,landweber,2.40681406251915e-07,3.11700001661268,3.0477580504135
joint_categories,landweber,4.12517035151706e-06,3.33964685192599,3.1212418183911
joint_categories,landweber,4.16821908891518e-06,3.11700001661268,3.06436095615093
joint_categories,landweber,7.05740654521481e-06,3.01375270747048,3.21544203848985
joint_categories,landweber,9.71236122214363e-06,2.82211880039051,3.15603520787777
joint_categories,landweber,0.00012939977843616,3.01375270747048,3.23340450008259
joint_categories,landweber,0.000227825039686029,2.82211880039051,3.17351600807081
joint_categories,landweber,3.00816663850815e-05,1.77880078307141,1.75768980704503
joint_categories,landweber,3.17209983260963e-05,1.70468808971871,1.73737243956639
joint_categories,landweber,4.13594762180718e-06,1.77880078307141,1.76383303887949
joint_categories,landweber,5.43870265097525e-06,1.70468808971871,1.74335094132592
joint_categories,landweber,1.98313625685525e-06,1.67032004603564,1.79775337731395
joint_categories,landweber,3.65993211628691e-06,1.60653065971263,1.77636170967699
joint_categories,landweber,3.69821515533816e-07,1.67032004603564,1.80422143838326
joint_categories,landweber,8.49943641118638e-07,1.60653065971263,1.78265633041176
joint_categories,landweber,1.92209527257176e-05,1.77880078307141,1.76339155511851
joint_categories,landweber,1.35055989601425e-05,1.70468808971871,1.74292129590264
joint_categories,landweber,3.28482023764151e-06,1.77880078307141,1.76958101584499
joint_categories,landweber,2.84006200819685e-06,1.70468808971871,1.74894478693162
joint_categories,landweber,7.66576748243807e-06,1.67032004603564,1.80375661074789
joint_categories,landweber,9.42692604798354e-06,1.60653065971263,1.78220396707747
joint_categories,landweber,1.77688294532046e-06,1.67032004603564,1.81027334510593
joint_categories,landweber,2.68505201548952e-06,1.60653065971263,1.78854595593216
joint_categories,landweber,3.93361236836894e-06,1.77880078307141,1.76913620984163
joint_categories,landweber,2.3141750074013e-06,1.70468808971871,1.74851190835152
joint_categories,landweber,8.48654707981008e-07,1.77880078307141,1.77537224734062
joint_categories,landweber,6.30552587809415e-07,1.70468808971871,1.75458072720207
joint_categories,landweber,9.49078990881937e-06,1.67032004603564,1.80980501956145
joint_categories,landweber,9.77197882177901e-06,1.60653065971263,1.78809018848481
joint_categories,landweber,2.77720733457155e-06,1.67032004603564,1.81637079348321
joint_categories,landweber,3.6064196520022e-06,1.60653065971263,1.7944799019128
joint_categories,landweber,5.19984132610118e-07,1.77880078307141,1.77492409409444
joint_categories,landweber,2.86490459756185e-07,1.70468808971871,1.75414459113508
joint_categories,landweber,1.53734893089961e-07,1.77880078307141,1.78120705886428
joint_categories,landweber,1.08314693358046e-07,1.70468808971871,1.76025907890695
joint_categories,landweber,7.58981093683847e-06,1.67032004603564,1.81589894370725
joint_categories,landweber,7.31857537232692e-06,1.60653065971263,1.79402070473584
joint_categories,landweber,3.04354548321399e-06,1.67032004603564,1.822514126224
joint_categories,landweber,3.74776534048174e-06,1.60653065971263,1.80045850187287
joint_categories,landweber,4.2798411567127e-06,1.77880078307141,1.70256881891037
joint_categories,landweber,4.17184291293648e-06,1.70468808971871,1.68372951456694
joint_categories,landweber,2.15357958330225e-05,1.77880078307141,1.70826513829345
joint_categories,landweber,2.61780052397517e-05,1.70468808971871,1.68927308778252
joint_categories,landweber,2.82148869773635e-07,1.67032004603564,1.73971781442734
joint_categories,landweber,4.81342412499007e-07,1.60653065971263,1.71988236392177
joint_categories,landweber,1.92565317104166e-06,1.67032004603564,1.74571533212371
joint_categories,landweber,4.0910177515786e-06,1.60653065971263,1.72571905885153
joint_categories,landweber,2.13088914901341e-06,1.77880078307141,1.70785577192527
joint_categories,landweber,1.39034324073124e-06,1.70468808971871,1.68887469852774
joint_categories,landweber,1.33277761513796e-05,1.77880078307141,1.71359495710615
joint_categories,landweber,1.07003045212305e-05,1.70468808971871,1.69445998809954
joint_categories,landweber,8.49848651119723e-07,1.67032004603564,1.74528432011887
joint_categories,landweber,9.70461432356121e-07,1.60653065971263,1.72529960438543
joint_categories,landweber,7.20949593255025e-06,1.67032004603564,1.75132697018293
joint_categories,landweber,1.0116284129769e-05,1.60653065971263,1.73118022146349
joint_categories,landweber,3.42324477264912e-07,1.77880078307141,1.71318251018457
joint_categories,landweber,1.88803353200941e-07,1.70468808971871,1.69405860089606
joint_categories,landweber,2.70294713997498e-06,1.77880078307141,1.71896488373587
joint_categories,landweber,1.8827599501757e-06,1.70468808971871,1.69968592074696
joint_categories,landweber,8.2594048170406e-07,1.67032004603564,1.75089271473751
joint_categories,landweber,7.97252741499562e-07,1.60653065971263,1.7307576105293
joint_categories,landweber,8.84534611250361e-06,1.67032004603564,1.75698083679822
joint_categories,landweber,1.07683682782198e-05,1.60653065971263,1.73668248027749
joint_categories,landweber,3.60330338672362e-08,1.77880078307141,1.71854933307921
joint_categories,landweber,1.88727343324157e-08,1.70468808971871,1.69928151303471
joint_categories,landweber,3.89891101718572e-07,1.77880078307141,1.72437522000096
joint_categories,landweber,2.61139261447163e-07,1.70468808971871,1.70495117944988
joint_categories,landweber,5.25946653718523e-07,1.67032004603564,1.75654331350476
joint_categories,landweber,4.82115630695812e-07,1.60653065971263,1.73625668912224
joint_categories,landweber,7.71881566851901e-06,1.67032004603564,1.76267724974682
joint_categories,landweber,9.03560396792626e-06,1.60653065971263,1.74222614454964
joint_categories,landweber,8.08169690768527e-06,2.22140275816017,2.14583593391554
joint_categories,landweber,1.10501845857885e-05,2.10517091807565,2.11511047143323
joint_categories,landweber,1.4999060022472e-06,2.22140275816017,2.15512619454839
joint_categories,landweber,2.55744525314275e-06,2.10517091807565,2.1241516147657
joint_categories,landweber,5.40701166275234e-07,2.05127109637602,2.20642310036313
joint_categories,landweber,1.29419371112898e-06,1.95122942450071,2.17407299978517
joint_categories,landweber,1.36108507041146e-07,2.05127109637602,2.21620459237618
joint_categories,landweber,4.05699739169481e-07,1.95122942450071,2.1835922021833
joint_categories,landweber,5.16387331132807e-06,2.22140275816017,2.15445854935524
joint_categories,landweber,4.70474982902511e-06,2.10517091807565,2.12350187240377
joint_categories,landweber,1.19124371033228e-06,2.22140275816017,2.16381872082121
joint_categories,landweber,1.33548450202396e-06,2.10517091807565,2.13261105191821
joint_categories,landweber,2.0900678931269e-06,2.05127109637602,2.21550164480749
joint_categories,landweber,3.33346849584625e-06,1.95122942450071,2.18290810407509
joint_categories,landweber,6.53961099384247e-07,2.05127109637602,2.22535674425556
joint_categories,landweber,1.28164368746484e-06,1.95122942450071,2.1924989401331
joint_categories,landweber,1.05679859973601e-06,2.22140275816017,2.16314605148143
joint_categories,landweber,8.06155617572889e-07,2.10517091807565,2.13195642013157
joint_categories,landweber,3.07765573148112e-07,2.22140275816017,2.17257665987176
joint_categories,landweber,2.96505219357947e-07,2.10517091807565,2.14113414781211
joint_categories,landweber,2.58765939800293e-06,2.05127109637602,2.2246485068837
joint_categories,landweber,3.45548308946848e-06,1.95122942450071,2.1918096940672
joint_categories,landweber,1.02211885510942e-06,2.05127109637602,2.2345777676756
joint_categories,landweber,1.72143591806549e-06,1.95122942450071,2.20147270284089
joint_categories,landweber,1.39698183696522e-07,2.22140275816017,2.17189892857776
joint_categories,landweber,9.98005305453712e-08,2.10517091807565,2.14047458980699
joint_categories,landweber,5.57521298588665e-08,2.22140275816017,2.1814005039426
joint_categories,landweber,5.09329000224851e-08,2.10517091807565,2.14972138149055
joint_categories,landweber,2.0693583767485e-06,2.05127109637602,2.23386420069387
joint_categories,landweber,2.58793166658462e-06,1.95122942450071,2.20077827007801
joint_categories,landweber,1.12014151268114e-06,2.05127109637602,2.24386818090665
joint_categories,landweber,1.78890381378785e-06,1.95122942450071,2.21051399467966
joint_categories,landweber,1.14981592438452e-06,2.22140275816017,2.06247779931962
joint_categories,landweber,1.45328447033573e-06,2.10517091807565,2.03398757589843
joint_categories,landweber,7.80998029636714e-06,2.22140275816017,2.07109220508237
joint_categories,landweber,1.23097031651738e-05,2.10517091807565,2.0423709873336
joint_categories,landweber,7.6927756437554e-08,2.05127109637602,2.11865732499942
joint_categories,landweber,1.70208163256281e-07,1.95122942450071,2.08866065387707
joint_categories,landweber,7.08714250470814e-07,2.05127109637602,2.12772722567235
joint_categories,landweber,1.95274692868899e-06,1.95122942450071,2.09748734617732
joint_categories,landweber,5.72481591470023e-07,2.22140275816017,2.07047313024404
joint_categories,landweber,4.84333730286296e-07,2.10517091807565,2.04176851291786
joint_categories,landweber,4.83333283542083e-06,2.22140275816017,2.07915236091404
joint_categories,landweber,5.03161227247748e-06,2.10517091807565,2.05021501098763
joint_categories,landweber,2.31710834406578e-07,2.05127109637602,2.12707541666225
joint_categories,landweber,3.4316622350983e-07,1.95122942450071,2.09685301535297
joint_categories,landweber,2.65337111736784e-06,2.05127109637602,2.13621356992114
joint_categories,landweber,4.82875997214357e-06,1.95122942450071,2.10574613005372
joint_categories,landweber,9.19683980907669e-08,2.22140275816017,2.07852862742947
joint_categories,landweber,6.57706886094388e-08,2.10517091807565,2.04960800284673
joint_categories,landweber,9.80226784698478e-07,2.22140275816017,2.08727317082546
joint_categories,landweber,8.85331632631305e-07,2.10517091807565,2.05811806228905
joint_categories,landweber,2.25192283277341e-07,2.05127109637602,2.13555685593445
joint_categories,landweber,2.81917656242177e-07,1.95122942450071,2.10510702577917
joint_categories,landweber,3.25542674794697e-06,2.05127109637602,2.14476377539193
joint_categories,landweber,5.14001633803023e-06,1.95122942450071,2.11406706272058
joint_categories,landweber,9.68058267289943e-09,2.22140275816017,2.08664474363753
joint_categories,landweber,6.574421014996e-09,2.10517091807565,2.05750648630592
joint_categories,landweber,1.41394441410971e-07,2.22140275816017,2.09545509124917
joint_categories,landweber,1.22795712039432e-07,2.10517091807565,2.0660805854312
joint_categories,landweber,1.43399107389179e-07,2.05127109637602,2.14410211951784
joint_categories,landweber,1.70481582023581e-07,1.95122942450071,2.1134231490748
joint_categories,landweber,2.84082032180159e-06,2.05127109637602,2.15337832265156
joint_categories,landweber,4.31292381716253e-06,1.95122942450071,2.12245061185841
joint_categories,landweber,0.000785908256389827,2.49182469764127,2.46719232665195
joint_categories,landweber,0.00102865333116636,2.349858807576,2.42784972842078
joint_categories,landweber,0.000108055030674303,2.49182469764127,2.47908809524295
joint_categories,landweber,0.000176367072109029,2.349858807576,2.43942651330676
joint_categories,landweber,7.1647294397174e-05,2.28402541668774,2.54477151846672
joint_categories,landweber,0.000164114529741021,2.16183424272828,2.50334864287911
joint_categories,landweber,1.33610138518053e-05,2.28402541668774,2.55729628715303
joint_categories,landweber,3.81122098816605e-05,2.16183424272828,2.51553756129316
joint_categories,landweber,0.000502163186355646,2.49182469764127,2.47823320504853
joint_categories,landweber,0.000437961605650929,2.349858807576,2.43859454689734
joint_categories,landweber,8.58186282791549e-05,2.49182469764127,2.49021849137491
joint_categories,landweber,9.20979603295557e-05,2.349858807576,2.45025844911064
joint_categories,landweber,0.000276950964763997,2.28402541668774,2.55639619382527
joint_categories,landweber,0.000422711538387158,2.16183424272828,2.51466160386737
joint_categories,landweber,6.41957177942842e-05,2.28402541668774,2.56901521358249
joint_categories,landweber,0.000120400060670879,2.16183424272828,2.5269422460204
joint_categories,landweber,0.000102768855892619,2.49182469764127,2.48935716798253
joint_categories,landweber,7.50444171332057e-05,2.349858807576,2.44942022200874
joint_categories,landweber,2.21718016976992e-05,2.49182469764127,2.50143264568087
joint_categories,landweber,2.044765468154e-05,2.349858807576,2.46117189712244
joint_categories,landweber,0.000342885879025377,2.28402541668774,2.5681083468953
joint_categories,landweber,0.00043818400397068,2.16183424272828,2.52605969686206
joint_categories,landweber,0.000100335713602236,2.28402541668774,2.58082232697918
joint_categories,landweber,0.000161714984440089,2.16183424272828,2.5384327529912
joint_categories,landweber,1.35850128040999e-05,2.49182469764127,2.5005648406796
joint_categories,landweber,9.29035595746489e-06,2.349858807576,2.46032736221527
joint_categories,landweber,4.0164504262479e-06,2.49182469764127,2.51273118845573
joint_categories,landweber,3.51244525760576e-06,2.349858807576,2.47216747073578
joint_categories,landweber,0.00027420678570663,2.28402541668774,2.57990863596186
joint_categories,landweber,0.000328171265870959,2.16183424272828,2.53754356249637
joint_categories,landweber,0.000109958051794591,2.28402541668774,2.59271829096545
joint_categories,landweber,0.000168053047676976,2.16183424272828,2.55000972803295
joint_categories,landweber,0.000111814367530038,2.49182469764127,2.36045591542314
joint_categories,landweber,0.000135285152925482,2.349858807576,2.32397544212769
joint_categories,landweber,0.000562640364946396,2.49182469764127,2.37148628169084
joint_categories,landweber,0.000848904313046409,2.349858807576,2.33471003035694
joint_categories,landweber,1.01935522920435e-05,2.28402541668774,2.43239131782467
joint_categories,landweber,2.15838111641879e-05,2.16183424272828,2.39398190475502
joint_categories,landweber,6.95705295970208e-05,2.28402541668774,2.44400492521552
joint_categories,landweber,0.000183444783435939,2.16183424272828,2.40528409456189
joint_categories,landweber,5.5671230251116e-05,2.49182469764127,2.37069358369147
joint_categories,landweber,4.50862608843634e-05,2.349858807576,2.3339385884658
joint_categories,landweber,0.000348199105149284,2.49182469764127,2.38180695539098
joint_categories,landweber,0.00034699109331635,2.349858807576,2.34475395634549
joint_categories,landweber,3.07035667818262e-05,2.28402541668774,2.44317031255436
joint_categories,landweber,4.35163321456637e-05,2.16183424272828,2.40447186194595
joint_categories,landweber,0.000260466660194977,2.28402541668774,2.45487131436829
joint_categories,landweber,0.000453622952539332,2.16183424272828,2.41585910270422
joint_categories,landweber,8.94350830179572e-06,2.49182469764127,2.38100829220077
joint_categories,landweber,6.12254369200453e-06,2.349858807576,2.34397670921945
joint_categories,landweber,7.06167154006169e-05,2.49182469764127,2.39220529396247
joint_categories,landweber,6.10544244107713e-05,2.349858807576,2.35487346463055
joint_categories,landweber,2.98398058341352e-05,2.28402541668774,2.45403042110115
joint_categories,landweber,3.57495042527406e-05,2.16183424272828,2.41504075789604
joint_categories,landweber,0.000319567107291156,2.28402541668774,2.46581947499647
joint_categories,landweber,0.000482862971199338,2.16183424272828,2.42651368962897
joint_categories,landweber,9.41392622886055e-07,2.49182469764127,2.39140062069233
joint_categories,landweber,6.12007883222454e-07,2.349858807576,2.35409036858419
joint_categories,landweber,1.01862254574273e-05,2.49182469764127,2.40268188184702
joint_categories,landweber,8.46826346461352e-06,2.349858807576,2.36506912398209
joint_categories,landweber,1.90015459633291e-05,2.28402541668774,2.46497225386069
joint_categories,landweber,2.16184829386154e-05,2.16183424272828,2.42568918663325
joint_categories,landweber,0.000278867504281762,2.28402541668774,2.47685002244467
joint_categories,landweber,0.000405164316989228,2.16183424272828,2.43724845418038
joint_categories,landweber,0.000279185284834023,3.33964685192599,3.21879940077252
joint_categories,landweber,0.000473415191318013,3.11700001661268,3.15930254286613
joint_categories,landweber,5.18148217193636e-05,3.33964685192599,3.23678908333968
joint_categories,landweber,0.0001095668062739,3.11700001661268,3.1768098341062
joint_categories,landweber,2.58002730061212e-05,3.01375270747048,3.33612053255885
joint_categories,landweber,7.66201105329499e-05,2.82211880039051,3.27347772161818
joint_categories,landweber,6.49459786504253e-06,3.01375270747048,3.35506143672743
joint_categories,landweber,2.40186291982813e-05,2.82211880039051,3.29191072755877
joint_categories,landweber,0.000178387962050269,3.33964685192599,3.23549625361542
joint_categories,landweber,0.000201562247500899,3.11700001661268,3.17555167146648
joint_categories,landweber,4.11519657783247e-05,3.33964685192599,3.25362131168448
joint_categories,landweber,5.72152117568273e-05,3.11700001661268,3.1931907081295
joint_categories,landweber,9.9730360515911e-05,3.01375270747048,3.35370024740004
joint_categories,landweber,0.000197351232982766,2.82211880039051,3.29058603837103
joint_categories,landweber,3.12046208735347e-05,3.01375270747048,3.37278368517915
joint_categories,landweber,7.58771118673957e-05,2.82211880039051,3.30915775589931
joint_categories,landweber,3.65075084415654e-05,3.33964685192599,3.25231875319084
joint_categories,landweber,3.45375512021937e-05,3.11700001661268,3.19192307759627
joint_categories,landweber,1.06318784511398e-05,3.33964685192599,3.2705802054861
joint_categories,landweber,1.27029620237892e-05,3.11700001661268,3.20969485108956
joint_categories,landweber,0.000123473598873924,3.01375270747048,3.37141225266444
joint_categories,landweber,0.000204574859221695,2.82211880039051,3.30782309819417
joint_categories,landweber,4.87717562885807e-05,3.01375270747048,3.39063929664437
joint_categories,landweber,0.000101914117788834,2.82211880039051,3.32653457113905
joint_categories,landweber,4.82592673934857e-06,3.33964685192599,3.2692678450124
joint_categories,landweber,4.27568307976865e-06,3.11700001661268,3.20841768141526
joint_categories,landweber,1.92597847117347e-06,3.33964685192599,3.28766671792422
joint_categories,landweber,2.18208197531259e-06,3.11700001661268,3.22632319060664
joint_categories,landweber,9.87421784854038e-05,3.01375270747048,3.38925754386056
joint_categories,landweber,0.000153213238976768,2.82211880039051,3.32518986990168
joint_categories,landweber,5.34490373522736e-05,3.01375270747048,3.40862927470305
joint_categories,landweber,0.000105908417547225,2.82211880039051,3.34404214994707
joint_categories,landweber,3.97208272003769e-05,3.33964685192599,3.05738451264023
joint_categories,landweber,6.22620319345912e-05,3.11700001661268,3.00221597691557
joint_categories,landweber,0.000269798731441647,3.33964685192599,3.07406546824536
joint_categories,landweber,0.00052737584913319,3.11700001661268,3.0184496345608
joint_categories,landweber,3.67070988862448e-06,3.01375270747048,3.16617067846421
joint_categories,landweber,1.00768286618624e-05,2.82211880039051,3.10808505386349
joint_categories,landweber,3.38172400689218e-05,3.01375270747048,3.18373365548606
joint_categories,landweber,0.0001156084164468,2.82211880039051,3.12517708161975
joint_categories,landweber,1.97765937033353e-05,3.33964685192599,3.07286669027054
joint_categories,landweber,2.07499651978794e-05,3.11700001661268,3.01728300168338
joint_categories,landweber,0.000166969315945442,3.33964685192599,3.08967317297872
joint_categories,landweber,0.000215565782464531,3.11700001661268,3.03363882043643
joint_categories,landweber,1.10563896640881e-05,3.01375270747048,3.18247149098396
joint_categories,landweber,2.03164593911998e-05,2.82211880039051,3.12394876191768
joint_categories,landweber,0.000126609120683494,3.01375270747048,3.20016663247399
joint_categories,landweber,0.000285876928330902,2.82211880039051,3.14116941016668
joint_categories,landweber,3.1770831930461e-06,3.33964685192599,3.08846537399036
joint_categories,landweber,2.81776678836657e-06,3.11700001661268,3.03246340844293
joint_categories,landweber,3.386230604958e-05,3.33964685192599,3.10539832841495
joint_categories,landweber,3.7929632848041e-05,3.11700001661268,3.04894230758745
joint_categories,landweber,1.07453483547134e-05,3.01375270747048,3.19889496996366
joint_categories,landweber,1.66903623443067e-05,2.82211880039051,3.13993184714442
joint_categories,landweber,0.000155337003297136,3.01375270747048,3.21672327048257
joint_categories,landweber,0.000304304229401246,2.82211880039051,3.15728208377783
joint_categories,landweber,3.34419400005292e-07,3.33964685192599,3.10418144052835
joint_categories,landweber,2.81663239057777e-07,3.11700001661268,3.0477580504135
joint_categories,landweber,4.88452460543658e-06,3.33964685192599,3.1212418183911
joint_categories,landweber,5.26084926969852e-06,3.11700001661268,3.06436095615093
joint_categories,landweber,6.8424785264688e-06,3.01375270747048,3.21544203848985
joint_categories,landweber,1.00930158647457e-05,2.82211880039051,3.15603520787777
joint_categories,landweber,0.000135553507991712,3.01375270747048,3.23340450008259
joint_categories,landweber,0.000255337896289817,2.82211880039051,3.17351600807081
joint_categories,landweber,0.00024759362023438,1.77880078307141,1.75768980704503
joint_categories,landweber,0.000180942966226626,1.70468808971871,1.73737243956639
joint_categories,landweber,1.76621755506619e-05,1.77880078307141,1.76383303887949
joint_categories,landweber,1.62616805429327e-05,1.70468808971871,1.74335094132592
joint_categories,landweber,4.19802573438472e-05,1.67032004603564,1.79775337731395
joint_categories,landweber,5.32955333806034e-05,1.60653065971263,1.77636170967699
joint_categories,landweber,4.06177931248382e-06,1.67032004603564,1.80422143838326
joint_categories,landweber,6.48758652535278e-06,1.60653065971263,1.78265633041176
joint_categories,landweber,0.000158202182312428,1.77880078307141,1.76339155511851
joint_categories,landweber,7.70386578440376e-05,1.70468808971871,1.74292129590264
joint_categories,landweber,1.40275160603318e-05,1.77880078307141,1.76958101584499
joint_categories,landweber,8.49176431646534e-06,1.70468808971871,1.74894478693162
joint_categories,landweber,0.000162273716966456,1.67032004603564,1.80375661074789
joint_categories,landweber,0.000137273871728664,1.60653065971263,1.78220396707747
joint_categories,landweber,1.95156476431346e-05,1.67032004603564,1.81027334510593
joint_categories,landweber,2.04948968764973e-05,1.60653065971263,1.78854595593216
joint_categories,landweber,3.2376441996784e-05,1.77880078307141,1.76913620984163
joint_categories,landweber,1.32005205480003e-05,1.70468808971871,1.74851190835152
joint_categories,landweber,3.62410015910861e-06,1.77880078307141,1.77537224734062
joint_categories,landweber,1.88534755556779e-06,1.70468808971871,1.75458072720207
joint_categories,landweber,0.000200906922754983,1.67032004603564,1.80980501956145
joint_categories,landweber,0.000142298492688722,1.60653065971263,1.78809018848481
joint_categories,landweber,3.05022904948038e-05,1.67032004603564,1.81637079348321
joint_categories,landweber,2.7527659961434e-05,1.60653065971263,1.7944799019128
joint_categories,landweber,4.2798411567127e-06,1.77880078307141,1.77492409409444
joint_categories,landweber,1.6341993102174e-06,1.70468808971871,1.75414459113508
joint_categories,landweber,6.5651041026257e-07,1.77880078307141,1.78120705886428
joint_categories,landweber,3.23860128881732e-07,1.70468808971871,1.76025907890695
joint_categories,landweber,0.00016066582173475,1.67032004603564,1.81589894370725
joint_categories,landweber,0.000106572298518483,1.60653065971263,1.79402070473584
joint_categories,landweber,3.34275037039908e-05,1.67032004603564,1.822514126224
joint_categories,landweber,2.8606546065917e-05,1.60653065971263,1.80045850187287
joint_categories,landweber,3.52261524495902e-05,1.77880078307141,1.70256881891037
joint_categories,landweber,2.379703260087e-05,1.70468808971871,1.68372951456694
joint_categories,landweber,9.19665917964057e-05,1.77880078307141,1.70826513829345
joint_categories,landweber,7.82720412897965e-05,1.70468808971871,1.68927308778252
joint_categories,landweber,5.97270213855877e-06,1.67032004603564,1.73971781442734
joint_categories,landweber,7.00925585441377e-06,1.60653065971263,1.71988236392177
joint_categories,landweber,2.11496029425597e-05,1.67032004603564,1.74571533212371
joint_categories,landweber,3.12265782766362e-05,1.60653065971263,1.72571905885153
joint_categories,landweber,1.75387411045831e-05,1.77880078307141,1.70785577192527
joint_categories,landweber,7.9307979990052e-06,1.70468808971871,1.68887469852774
joint_categories,landweber,5.69150152783454e-05,1.77880078307141,1.71359495710615
joint_categories,landweber,3.19938310665223e-05,1.70468808971871,1.69445998809954
joint_categories,landweber,1.79901229449064e-05,1.67032004603564,1.74528432011887
joint_categories,landweber,1.41317538193021e-05,1.60653065971263,1.72529960438543
joint_categories,landweber,7.91824710090216e-05,1.67032004603564,1.75132697018293
joint_categories,landweber,7.72172005670297e-05,1.60653065971263,1.73118022146349
joint_categories,landweber,2.81757518137011e-06,1.77880078307141,1.71318251018457
joint_categories,landweber,1.07697237049461e-06,1.70468808971871,1.69405860089606
joint_categories,landweber,1.15426816912971e-05,1.77880078307141,1.71896488373587
joint_categories,landweber,5.62943827114635e-06,1.70468808971871,1.69968592074696
joint_categories,landweber,1.74840199975066e-05,1.67032004603564,1.75089271473751
joint_categories,landweber,1.16095077032398e-05,1.60653065971263,1.7307576105293
joint_categories,landweber,9.71491444992499e-05,1.67032004603564,1.75698083679822
joint_categories,landweber,8.21945333338447e-05,1.60653065971263,1.73668248027749
joint_categories,landweber,2.96577629344414e-07,1.77880078307141,1.71854933307921
joint_categories,landweber,1.07653879484146e-07,1.70468808971871,1.69928151303471
joint_categories,landweber,1.66499330114472e-06,1.77880078307141,1.72437522000096
joint_categories,landweber,7.80804452714412e-07,1.70468808971871,1.70495117944988
joint_categories,landweber,1.1133564724015e-05,1.67032004603564,1.75654331350476
joint_categories,landweber,7.02051537369144e-06,1.60653065971263,1.73625668912224
joint_categories,landweber,8.47763704445683e-05,1.67032004603564,1.76267724974682
joint_categories,landweber,6.89684112155858e-05,1.60653065971263,1.74222614454964
joint_categories,landweber,0.00113211627555777,2.22140275816017,2.14583593391554
joint_categories,landweber,0.0010633068839552,2.10517091807565,2.11511047143323
joint_categories,landweber,0.000109014464450542,2.22140275816017,2.15512619454839
joint_categories,landweber,0.000128994350404805,2.10517091807565,2.1241516147657
joint_categories,landweber,0.0001921137690565,2.05127109637602,2.20642310036313
joint_categories,landweber,0.000312786831599994,1.95122942450071,2.17407299978517
joint_categories,landweber,2.50910053944911e-05,2.05127109637602,2.21620459237618
joint_categories,landweber,5.13959804886413e-05,1.95122942450071,2.1835922021833
joint_categories,landweber,0.000723375930507067,2.22140275816017,2.15445854935524
joint_categories,landweber,0.000452715775166618,2.10517091807565,2.12350187240377
joint_categories,landweber,8.65806223305908e-05,2.22140275816017,2.16381872082121
joint_categories,landweber,6.73601734397128e-05,2.10517091807565,2.13261105191821
joint_categories,landweber,0.000742611345373341,2.05127109637602,2.21550164480749
joint_categories,landweber,0.000805648366305678,1.95122942450071,2.18290810407509
joint_categories,landweber,0.000120554856042004,2.05127109637602,2.22535674425556
joint_categories,landweber,0.000162364743169864,1.95122942450071,2.1924989401331
joint_categories,landweber,0.000148040554900056,2.22140275816017,2.16314605148143
joint_categories,landweber,7.75725338386502e-05,2.10517091807565,2.13195642013157
joint_categories,landweber,2.23686678250429e-05,2.22140275816017,2.17257665987176
joint_categories,landweber,1.4955353634926e-05,2.10517091807565,2.14113414781211
joint_categories,landweber,0.00091940804087662,2.05127109637602,2.2246485068837
joint_categories,landweber,0.000835137427966135,1.95122942450071,2.1918096940672
joint_categories,landweber,0.000188423121117687,2.05127109637602,2.2345777676756
joint_categories,landweber,0.000218079723291071,1.95122942450071,2.20147270284089
joint_categories,landweber,1.95694777019285e-05,2.22140275816017,2.17189892857776
joint_categories,landweber,9.60333199209652e-06,2.10517091807565,2.14047458980699
joint_categories,landweber,4.05211297870368e-06,2.22140275816017,2.1814005039426
joint_categories,landweber,2.56899198313616e-06,2.10517091807565,2.14972138149055
joint_categories,landweber,0.000735253152909657,2.05127109637602,2.23386420069387
joint_categories,landweber,0.000625463514022301,1.95122942450071,2.20077827007801
joint_categories,landweber,0.000206493167460718,2.05127109637602,2.24386818090665
joint_categories,landweber,0.000226626878532667,1.95122942450071,2.21051399467966
joint_categories,landweber,0.000161070792032964,2.22140275816017,2.06247779931962
joint_categories,landweber,0.000139842675898876,2.10517091807565,2.03398757589843
joint_categories,landweber,0.000567636117264789,2.22140275816017,2.07109220508237
joint_categories,landweber,0.000620886082122882,2.10517091807565,2.0423709873336
joint_categories,landweber,2.73328081314994e-05,2.05127109637602,2.11865732499942
joint_categories,landweber,4.11367105554423e-05,1.95122942450071,2.08866065387707
joint_categories,landweber,0.000130648358932776,2.05127109637602,2.12772722567235
joint_categories,landweber,0.000247383306806186,1.95122942450071,2.09748734617732
joint_categories,landweber,8.0195500346481e-05,2.22140275816017,2.07047313024404
joint_categories,landweber,4.66051390858619e-05,2.10517091807565,2.04176851291786
joint_categories,landweber,0.0003512908074074,2.22140275816017,2.07915236091404
joint_categories,landweber,0.000253788250512689,2.10517091807565,2.05021501098763
joint_categories,landweber,8.23279928092752e-05,2.05127109637602,2.12707541666225
joint_categories,landweber,8.29380291688633e-05,1.95122942450071,2.09685301535297
joint_categories,landweber,0.000489137310126671,2.05127109637602,2.13621356992114
joint_categories,landweber,0.000611730374342061,1.95122942450071,2.10574613005372
joint_categories,landweber,1.28832993249873e-05,2.22140275816017,2.07852862742947
joint_categories,landweber,6.32880160670185e-06,2.10517091807565,2.04960800284673
joint_categories,landweber,7.12437298163237e-05,2.22140275816017,2.08727317082546
joint_categories,landweber,4.46550238773484e-05,2.10517091807565,2.05811806228905
joint_categories,landweber,8.00119197095036e-05,2.05127109637602,2.13555685593445
joint_categories,landweber,6.81351869583443e-05,1.95122942450071,2.10510702577917
joint_categories,landweber,0.000600123620997585,2.05127109637602,2.14476377539193
joint_categories,landweber,0.000651161817262938,1.95122942450071,2.11406706272058
joint_categories,landweber,1.35609455861306e-06,2.22140275816017,2.08664474363753
joint_categories,landweber,6.32625371005616e-07,2.10517091807565,2.05750648630592
joint_categories,landweber,1.02766701937367e-05,2.22140275816017,2.09545509124917
joint_categories,landweber,6.19366263561531e-06,2.10517091807565,2.0660805854312
joint_categories,landweber,5.09504042494514e-05,2.05127109637602,2.14410211951784
joint_categories,landweber,4.12027916908923e-05,1.95122942450071,2.1134231490748
joint_categories,landweber,0.000523692747563205,2.05127109637602,2.15337832265156
joint_categories,landweber,0.000546381786711675,1.95122942450071,2.12245061185841
joint_categories,landweber,2.92158959072207e-05,2.49182469764127,2.46719232665195
joint_categories,landweber,2.65016975343398e-05,2.349858807576,2.42784972842078
joint_categories,landweber,2.08412592333647e-06,2.49182469764127,2.47908809524295
joint_categories,landweber,2.38175679406677e-06,2.349858807576,2.43942651330676
joint_categories,landweber,6.85018238213155e-06,2.28402541668774,2.54477151846672
joint_categories,landweber,1.07938061238504e-05,2.16183424272828,2.50334864287911
joint_categories,landweber,6.62786053419966e-07,2.28402541668774,2.55729628715303
joint_categories,landweber,1.31391406980173e-06,2.16183424272828,2.51553756129316
joint_categories,landweber,1.8667760850864e-05,2.49182469764127,2.47823320504853
joint_categories,landweber,1.12834184782682e-05,2.349858807576,2.43859454689734
joint_categories,landweber,1.65523832426525e-06,2.49182469764127,2.49021849137491
joint_categories,landweber,1.24374090986217e-06,2.349858807576,2.45025844911064
joint_categories,landweber,2.64792220767445e-05,2.28402541668774,2.55639619382527
joint_categories,landweber,2.78017211447736e-05,2.16183424272828,2.51466160386737
joint_categories,landweber,3.18449085640208e-06,2.28402541668774,2.56901521358249
joint_categories,landweber,4.1507782994387e-06,2.16183424272828,2.5269422460204
joint_categories,landweber,3.82040037351845e-06,2.49182469764127,2.48935716798253
joint_categories,landweber,1.9334059242777e-06,2.349858807576,2.44942022200874
joint_categories,landweber,4.27641604438872e-07,2.49182469764127,2.50143264568087
joint_categories,landweber,2.76136241749152e-07,2.349858807576,2.46117189712244
joint_categories,landweber,3.27832450247273e-05,2.28402541668774,2.5681083468953
joint_categories,landweber,2.88193445936543e-05,2.16183424272828,2.52605969686206
joint_categories,landweber,4.97725040727478e-06,2.28402541668774,2.58082232697918
joint_categories,landweber,5.57510556363315e-06,2.16183424272828,2.5384327529912
joint_categories,landweber,5.05018641496461e-07,2.49182469764127,2.5005648406796
joint_categories,landweber,2.39351972245027e-07,2.349858807576,2.46032736221527
joint_categories,landweber,7.74678272811758e-08,2.49182469764127,2.51273118845573
joint_categories,landweber,4.74339697090307e-08,2.349858807576,2.47216747073578
joint_categories,landweber,2.62168517082561e-05,2.28402541668774,2.57990863596186
joint_categories,landweber,2.15838111641879e-05,2.16183424272828,2.53754356249637
joint_categories,landweber,5.45457582777957e-06,2.28402541668774,2.59271829096545
joint_categories,landweber,5.79360956768059e-06,2.16183424272828,2.55000972803295
joint_categories,landweber,4.15666446576804e-06,2.49182469764127,2.36045591542314
joint_categories,landweber,3.48541738512892e-06,2.349858807576,2.32397544212769
joint_categories,landweber,1.08520016401156e-05,2.49182469764127,2.37148628169084
joint_categories,landweber,1.14640652074836e-05,2.349858807576,2.33471003035694
joint_categories,landweber,9.74603338616057e-07,2.28402541668774,2.43239131782467
joint_categories,landweber,1.41956640577577e-06,2.16183424272828,2.39398190475502
joint_categories,landweber,3.45111360989391e-06,2.28402541668774,2.44400492521552
joint_categories,landweber,6.32423789480113e-06,2.16183424272828,2.40528409456189
joint_categories,landweber,2.06956073411799e-06,2.49182469764127,2.37069358369147
joint_categories,landweber,1.16157933164607e-06,2.349858807576,2.3339385884658
joint_categories,landweber,6.71593702760165e-06,2.49182469764127,2.38180695539098
joint_categories,landweber,4.68595630751281e-06,2.349858807576,2.34475395634549
joint_categories,landweber,2.93556140545289e-06,2.28402541668774,2.44317031255436
joint_categories,landweber,2.86206744242931e-06,2.16183424272828,2.40447186194595
joint_categories,landweber,1.29207013534218e-05,2.28402541668774,2.45487131436829
joint_categories,landweber,1.56385993249169e-05,2.16183424272828,2.41585910270422
joint_categories,landweber,3.32472149854882e-07,2.49182469764127,2.38100829220077
joint_categories,landweber,1.57738079633013e-07,2.349858807576,2.34397670921945
joint_categories,landweber,1.36202938696032e-06,2.49182469764127,2.39220529396247
joint_categories,landweber,8.24512129215904e-07,2.349858807576,2.35487346463055
joint_categories,landweber,2.85297740732666e-06,2.28402541668774,2.45403042110115
joint_categories,landweber,2.3512434793968e-06,2.16183424272828,2.41504075789604
joint_categories,landweber,1.58524363640055e-05,2.28402541668774,2.46581947499647
joint_categories,landweber,1.66466456186884e-05,2.16183424272828,2.42651368962897
joint_categories,landweber,3.49959790528299e-08,2.49182469764127,2.39140062069233
joint_categories,landweber,1.57674576248175e-08,2.349858807576,2.35409036858419
joint_categories,landweber,1.96468192219233e-07,2.49182469764127,2.40268188184702
joint_categories,landweber,1.14360032173818e-07,2.349858807576,2.36506912398209
joint_categories,landweber,1.81673371599631e-06,2.28402541668774,2.46497225386069
joint_categories,landweber,1.42184676700723e-06,2.16183424272828,2.42568918663325
joint_categories,landweber,1.38334930747049e-05,2.28402541668774,2.47685002244467
joint_categories,landweber,1.39679934154099e-05,2.16183424272828,2.43724845418038
joint_categories,landweber,0.000176640708020924,3.33964685192599,3.21879940077252
joint_categories,landweber,0.000205750585808033,3.11700001661268,3.15930254286613
joint_categories,landweber,1.70092000272485e-05,3.33964685192599,3.23678908333968
joint_categories,landweber,2.49604921798227e-05,3.11700001661268,3.1768098341062
joint_categories,landweber,4.1403331261102e-05,3.01375270747048,3.33612053255885
joint_categories,landweber,8.36376357218567e-05,2.82211880039051,3.27347772161818
joint_categories,landweber,5.40747918862958e-06,3.01375270747048,3.35506143672743
joint_categories,landweber,1.37430283483735e-05,2.82211880039051,3.29191072755877
joint_categories,landweber,0.000112866177519716,3.33964685192599,3.23549625361542
joint_categories,landweber,8.76008021302289e-05,3.11700001661268,3.17555167146648
joint_categories,landweber,1.35089149052582e-05,3.33964685192599,3.25362131168448
joint_categories,landweber,1.30342381437414e-05,3.11700001661268,3.1931907081295
joint_categories,landweber,0.000160043622493829,3.01375270747048,3.35370024740004
joint_categories,landweber,0.00021542634719084,2.82211880039051,3.29058603837103
joint_categories,landweber,2.59813373312853e-05,3.01375270747048,3.37278368517915
joint_categories,landweber,4.34155209599115e-05,2.82211880039051,3.30915775589931
joint_categories,landweber,2.30983239071206e-05,3.33964685192599,3.25231875319084
joint_categories,landweber,1.50103366401118e-05,3.11700001661268,3.19192307759627
joint_categories,landweber,3.49011617216947e-06,3.33964685192599,3.2705802054861
joint_categories,landweber,2.89387082674241e-06,3.11700001661268,3.20969485108956
joint_categories,landweber,0.000198145900043949,3.01375270747048,3.37141225266444
joint_categories,landweber,0.000223311574917085,2.82211880039051,3.30782309819417
joint_categories,landweber,4.06079425706963e-05,3.01375270747048,3.39063929664437
joint_categories,landweber,5.83134282272714e-05,2.82211880039051,3.32653457113905
joint_categories,landweber,3.05336693014617e-06,3.33964685192599,3.2692678450124
joint_categories,landweber,1.85825109655374e-06,3.11700001661268,3.20841768141526
joint_categories,landweber,6.32239038508963e-07,3.33964685192599,3.28766671792422
joint_categories,landweber,4.971016490557e-07,3.11700001661268,3.22632319060664
joint_categories,landweber,0.000158457824237134,3.01375270747048,3.38925754386056
joint_categories,landweber,0.000167245818104034,2.82211880039051,3.32518986990168
joint_categories,landweber,4.45023022426673e-05,3.01375270747048,3.40862927470305
joint_categories,landweber,6.05988948273134e-05,2.82211880039051,3.34404214994707
joint_categories,landweber,2.51313927380614e-05,3.33964685192599,3.05738451264023
joint_categories,landweber,2.70596503430227e-05,3.11700001661268,3.00221597691557
joint_categories,landweber,8.85665614183497e-05,3.33964685192599,3.07406546824536
joint_categories,landweber,0.000120141867831846,3.11700001661268,3.0184496345608
joint_categories,landweber,5.89062051576216e-06,3.01375270747048,3.16617067846421
joint_categories,landweber,1.09997508355195e-05,2.82211880039051,3.10808505386349
joint_categories,landweber,2.81566350510891e-05,3.01375270747048,3.18373365548606
joint_categories,landweber,6.61490600243174e-05,2.82211880039051,3.12517708161975
joint_categories,landweber,1.25126634667587e-05,3.33964685192599,3.07286669027054
joint_categories,landweber,9.01812525929719e-06,3.11700001661268,3.01728300168338
joint_categories,landweber,5.48108513952008e-05,3.33964685192599,3.08967317297872
joint_categories,landweber,4.91081944470715e-05,3.11700001661268,3.03363882043643
joint_categories,landweber,1.77428883680981e-05,3.01375270747048,3.18247149098396
joint_categories,landweber,2.21772145445852e-05,2.82211880039051,3.12394876191768
joint_categories,landweber,0.000105416255080514,3.01375270747048,3.20016663247399
joint_categories,landweber,0.000163573645180327,2.82211880039051,3.14116941016668
joint_categories,landweber,2.01014256533857e-06,3.33964685192599,3.08846537399036
joint_categories,landweber,1.22462729969177e-06,3.11700001661268,3.03246340844293
joint_categories,landweber,1.11159455512701e-05,3.33964685192599,3.10539832841495
joint_categories,landweber,8.64077667574215e-06,3.11700001661268,3.04894230758745
joint_categories,landweber,1.72437406898982e-05,3.01375270747048,3.19889496996366
joint_categories,landweber,1.82190085097646e-05,2.82211880039051,3.13993184714442
joint_categories,landweber,0.000129335430770023,3.01375270747048,3.21672327048257
joint_categories,landweber,0.000174117415971871,2.82211880039051,3.15728208377783
joint_categories,landweber,2.11587367965995e-07,3.33964685192599,3.10418144052835
joint_categories,landweber,1.22413428000448e-07,3.11700001661268,3.0477580504135
joint_categories,landweber,1.60343803751503e-06,3.33964685192599,3.1212418183911
joint_categories,landweber,1.19847781934314e-06,3.11700001661268,3.06436095615093
joint_categories,landweber,1.09805584232055e-05,3.01375270747048,3.21544203848985
joint_categories,landweber,1.10174206009204e-05,2.82211880039051,3.15603520787777
joint_categories,landweber,0.00011286345800659,3.01375270747048,3.23340450008259
joint_categories,landweber,0.000146099759405757,2.82211880039051,3.17351600807081
joint_categories,landweber,0.000123274331780955,1.77880078307141,1.75768980704503
joint_categories,landweber,8.2947265334077e-05,1.70468808971871,1.73737243956639
joint_categories,landweber,1.17517693137172e-05,1.77880078307141,1.76383303887949
joint_categories,landweber,9.98038038002363e-06,1.70468808971871,1.74335094132592
joint_categories,landweber,1.52877290779201e-05,1.67032004603564,1.79775337731395
joint_categories,landweber,1.77617149406835e-05,1.60653065971263,1.77636170967699
joint_categories,landweber,1.97669679488102e-06,1.67032004603564,1.80422143838326
joint_categories,landweber,2.89466658291685e-06,1.60653065971263,1.78265633041176
joint_categories,landweber,7.87672488991916e-05,1.77880078307141,1.76339155511851
joint_categories,landweber,3.53158021360558e-05,1.70468808971871,1.74292129590264
joint_categories,landweber,9.33339906585319e-06,1.77880078307141,1.76958101584499
joint_categories,landweber,5.21170230543411e-06,1.70468808971871,1.74894478693162
joint_categories,landweber,5.90943643134636e-05,1.67032004603564,1.80375661074789
joint_categories,landweber,4.5749037935998e-05,1.60653065971263,1.78220396707747
joint_categories,landweber,9.4974431593679e-06,1.67032004603564,1.81027334510593
joint_categories,landweber,9.14452437387686e-06,1.60653065971263,1.78854595593216
joint_categories,landweber,1.61198994094444e-05,1.77880078307141,1.76913620984163
joint_categories,landweber,6.05133818283669e-06,1.70468808971871,1.74851190835152
joint_categories,landweber,2.41134445286692e-06,1.77880078307141,1.77537224734062
joint_categories,landweber,1.15710585406204e-06,1.70468808971871,1.75458072720207
joint_categories,landweber,7.31632152656865e-05,1.67032004603564,1.80980501956145
joint_categories,landweber,4.74235851169072e-05,1.60653065971263,1.78809018848481
joint_categories,landweber,1.48441791685473e-05,1.67032004603564,1.81637079348321
joint_categories,landweber,1.22824407944105e-05,1.60653065971263,1.7944799019128
joint_categories,landweber,2.13088914901341e-06,1.77880078307141,1.77492409409444
joint_categories,landweber,7.49144145363422e-07,1.70468808971871,1.75414459113508
joint_categories,landweber,4.3681815251635e-07,1.77880078307141,1.78120705886428
joint_categories,landweber,1.98764652129874e-07,1.70468808971871,1.76025907890695
joint_categories,landweber,5.85088255806573e-05,1.67032004603564,1.81589894370725
joint_categories,landweber,3.55171750199169e-05,1.60653065971263,1.79402070473584
joint_categories,landweber,1.62677571451183e-05,1.67032004603564,1.822514126224
joint_categories,landweber,1.27638240547672e-05,1.60653065971263,1.80045850187287
joint_categories,landweber,1.75387411045831e-05,1.77880078307141,1.70256881891037
joint_categories,landweber,1.09089555591555e-05,1.70468808971871,1.68372951456694
joint_categories,landweber,6.11912257501968e-05,1.77880078307141,1.70826513829345
joint_categories,landweber,4.80383772839877e-05,1.70468808971871,1.68927308778252
joint_categories,landweber,2.17504746122723e-06,1.67032004603564,1.73971781442734
joint_categories,landweber,2.33596319495179e-06,1.60653065971263,1.71988236392177
joint_categories,landweber,1.02926203353966e-05,1.67032004603564,1.74571533212371
joint_categories,landweber,1.39328442530947e-05,1.60653065971263,1.72571905885153
joint_categories,landweber,8.73235985604137e-06,1.77880078307141,1.70785577192527
joint_categories,landweber,3.63560971533166e-06,1.70468808971871,1.68887469852774
joint_categories,landweber,3.78691814108223e-05,1.77880078307141,1.71359495710615
joint_categories,landweber,1.96357690716585e-05,1.70468808971871,1.69445998809954
joint_categories,landweber,6.55136826359908e-06,1.67032004603564,1.74528432011887
joint_categories,landweber,4.70966640220754e-06,1.60653065971263,1.72529960438543
joint_categories,landweber,3.85347712450136e-05,1.67032004603564,1.75132697018293
joint_categories,landweber,3.44531898317324e-05,1.60653065971263,1.73118022146349
joint_categories,landweber,1.40284187208541e-06,1.77880078307141,1.71318251018457
joint_categories,landweber,4.93702047865186e-07,1.70468808971871,1.69405860089606
joint_categories,landweber,7.68008063948314e-06,1.77880078307141,1.71896488373587
joint_categories,landweber,3.45498948424002e-06,1.70468808971871,1.69968592074696
joint_categories,landweber,6.36706342044359e-06,1.67032004603564,1.75089271473751
joint_categories,landweber,3.86908157863864e-06,1.60653065971263,1.7307576105293
joint_categories,landweber,4.7278393970565e-05,1.67032004603564,1.75698083679822
joint_categories,landweber,3.66740031921173e-05,1.60653065971263,1.73668248027749
joint_categories,landweber,1.47662969037744e-07,1.77880078307141,1.71854933307921
joint_categories,landweber,4.93503289574139e-08,1.70468808971871,1.69928151303471
joint_categories,landweber,1.10782599390504e-06,1.77880078307141,1.72437522000096
joint_categories,landweber,4.79207878910934e-07,1.70468808971871,1.70495117944988
joint_categories,landweber,4.05445159085421e-06,1.67032004603564,1.75654331350476
joint_categories,landweber,2.33971563646224e-06,1.60653065971263,1.73625668912224
joint_categories,landweber,4.12570863277526e-05,1.67032004603564,1.76267724974682
joint_categories,landweber,3.07727002086909e-05,1.60653065971263,1.74222614454964
joint_categories,landweber,0.000700628498475599,2.22140275816017,2.14583593391554
joint_categories,landweber,0.000601746904034938,2.10517091807565,2.11511047143323
joint_categories,landweber,9.01585137293281e-05,2.22140275816017,2.15512619454839
joint_categories,landweber,9.7734350326959e-05,2.10517091807565,2.1241516147657
joint_categories,landweber,8.61341529362622e-05,2.05127109637602,2.20642310036313
joint_categories,landweber,0.000127852153657165,1.95122942450071,2.17407299978517
joint_categories,landweber,1.50335245806039e-05,2.05127109637602,2.21620459237618
joint_categories,landweber,2.81261341858703e-05,1.95122942450071,2.1835922021833
joint_categories,landweber,0.000447672913963591,2.22140275816017,2.15445854935524
joint_categories,landweber,0.000256201027403268,2.10517091807565,2.12350187240377
joint_categories,landweber,7.16049954144183e-05,2.22140275816017,2.16381872082121
joint_categories,landweber,5.10363653011301e-05,2.10517091807565,2.13261105191821
joint_categories,landweber,0.000332949582472557,2.05127109637602,2.21550164480749
joint_categories,landweber,0.00032931015092823,1.95122942450071,2.18290810407509
joint_categories,landweber,7.22316369202388e-05,2.05127109637602,2.22535674425556
joint_categories,landweber,8.88531069946063e-05,1.95122942450071,2.1924989401331
joint_categories,landweber,9.16172957958927e-05,2.22140275816017,2.16314605148143
joint_categories,landweber,4.38998682129477e-05,2.10517091807565,2.13195642013157
joint_categories,landweber,1.84996170496793e-05,2.22140275816017,2.17257665987176
joint_categories,landweber,1.13311301373472e-05,2.10517091807565,2.14113414781211
joint_categories,landweber,0.000412216329899841,2.05127109637602,2.2246485068837
joint_categories,landweber,0.000341363855437888,1.95122942450071,2.1918096940672
joint_categories,landweber,0.000112895580640973,2.05127109637602,2.2345777676756
joint_categories,landweber,0.000119342787163243,1.95122942450071,2.20147270284089
joint_categories,landweber,1.21108883197521e-05,2.22140275816017,2.17189892857776
joint_categories,landweber,5.43472009996622e-06,2.10517091807565,2.14047458980699
joint_categories,landweber,3.35122944890481e-06,2.22140275816017,2.1814005039426
joint_categories,landweber,1.94643224047451e-06,2.10517091807565,2.14972138149055
joint_categories,landweber,0.000329650539004126,2.05127109637602,2.23386420069387
joint_categories,landweber,0.00025565928364911,1.95122942450071,2.20077827007801
joint_categories,landweber,0.000123722428015142,2.05127109637602,2.24386818090665
joint_categories,landweber,0.000124020165295677,1.95122942450071,2.21051399467966
joint_categories,landweber,9.96812691476689e-05,2.22140275816017,2.06247779931962
joint_categories,landweber,7.9139802952367e-05,2.10517091807565,2.03398757589843
joint_categories,landweber,0.000469453562237129,2.22140275816017,2.07109220508237
joint_categories,landweber,0.000470422911336048,2.10517091807565,2.0423709873336
joint_categories,landweber,1.22546566408975e-05,2.05127109637602,2.11865732499942
joint_categories,landweber,1.68147009641719e-05,1.95122942450071,2.08866065387707
joint_categories,landweber,7.8279259222617e-05,2.05127109637602,2.12772722567235
joint_categories,landweber,0.000135378992995626,1.95122942450071,2.09748734617732
joint_categories,landweber,4.96302846318255e-05,2.22140275816017,2.07047313024404
joint_categories,landweber,2.63747922450361e-05,2.10517091807565,2.04176851291786
joint_categories,landweber,0.000290528942578952,2.22140275816017,2.07915236091404
joint_categories,landweber,0.000192286171500028,2.10517091807565,2.05021501098763
joint_categories,landweber,3.69117318263851e-05,2.05127109637602,2.12707541666225
joint_categories,landweber,3.39010616114444e-05,1.95122942450071,2.09685301535297
joint_categories,landweber,0.00029307146762219,2.05127109637602,2.13621356992114
joint_categories,landweber,0.000334765684606794,1.95122942450071,2.10574613005372
joint_categories,landweber,7.9730385088143e-06,2.22140275816017,2.07852862742947
joint_categories,landweber,3.58159702579772e-06,2.10517091807565,2.04960800284673
joint_categories,landweber,5.89208856379573e-05,2.22140275816017,2.08727317082546
joint_categories,landweber,3.38334952948832e-05,2.10517091807565,2.05811806228905
joint_categories,landweber,3.58733211202341e-05,2.05127109637602,2.13555685593445
joint_categories,landweber,2.78503744799531e-05,1.95122942450071,2.10510702577917
joint_categories,landweber,0.000359570015861105,2.05127109637602,2.14476377539193
joint_categories,landweber,0.000356344299202544,1.95122942450071,2.11406706272058
joint_categories,landweber,8.39241087602857e-07,2.22140275816017,2.08664474363753
joint_categories,landweber,3.58015511947559e-07,2.10517091807565,2.05750648630592
joint_categories,landweber,8.49914105824128e-06,2.22140275816017,2.09545509124917
joint_categories,landweber,4.69271399822231e-06,2.10517091807565,2.0660805854312
joint_categories,landweber,2.28435990472706e-05,2.05127109637602,2.14410211951784
joint_categories,landweber,1.68417117415764e-05,1.95122942450071,2.1134231490748
joint_categories,landweber,0.000313775700470895,2.05127109637602,2.15337832265156
joint_categories,landweber,0.000299004071985054,1.95122942450071,2.12245061185841
joint_categories,landweber,8.79999616795412e-05,2.49182469764127,2.46719232665195
joint_categories,landweber,7.34960717638712e-05,2.349858807576,2.42784972842078
joint_categories,landweber,8.3890558101869e-06,2.49182469764127,2.47908809524295
joint_categories,landweber,8.84319392190498e-06,2.349858807576,2.43942651330676
joint_categories,landweber,1.50914192102781e-05,2.28402541668774,2.54477151846672
joint_categories,landweber,2.17619978616527e-05,2.16183424272828,2.50334864287911
joint_categories,landweber,1.95131401342318e-06,2.28402541668774,2.55729628715303
joint_categories,landweber,3.54660167658394e-06,2.16183424272828,2.51553756129316
joint_categories,landweber,5.62283711831293e-05,2.49182469764127,2.47823320504853
joint_categories,landweber,3.1291842084683e-05,2.349858807576,2.43859454689734
joint_categories,landweber,6.66269083165163e-06,2.49182469764127,2.49021849137491
joint_categories,landweber,4.61786949948735e-06,2.349858807576,2.45025844911064
joint_categories,landweber,5.8335533045743e-05,2.28402541668774,2.55639619382527
joint_categories,landweber,5.60526091686927e-05,2.16183424272828,2.51466160386737
joint_categories,landweber,9.37548640568326e-06,2.28402541668774,2.56901521358249
joint_categories,landweber,1.12040487382398e-05,2.16183424272828,2.5269422460204
joint_categories,landweber,1.15072660286635e-05,2.49182469764127,2.48935716798253
joint_categories,landweber,5.36183542111911e-06,2.349858807576,2.44942022200874
joint_categories,landweber,1.72134958172409e-06,2.49182469764127,2.50143264568087
joint_categories,landweber,1.0252626719642e-06,2.349858807576,2.46117189712244
joint_categories,landweber,7.22237257553826e-05,2.28402541668774,2.5681083468953
joint_categories,landweber,5.8104296874068e-05,2.16183424272828,2.52605969686206
joint_categories,landweber,1.46535649293114e-05,2.28402541668774,2.58082232697918
joint_categories,landweber,1.50486848368231e-05,2.16183424272828,2.5384327529912
joint_categories,landweber,1.52114524368082e-06,2.49182469764127,2.5005648406796
joint_categories,landweber,6.63785016267369e-07,2.349858807576,2.46032736221527
joint_categories,landweber,3.11824693162162e-07,2.49182469764127,2.51273118845573
joint_categories,landweber,1.7611697116501e-07,2.349858807576,2.47216747073578
joint_categories,landweber,5.77575132211113e-05,2.28402541668774,2.57990863596186
joint_categories,landweber,4.35163321456637e-05,2.16183424272828,2.53754356249637
joint_categories,landweber,1.60588627281833e-05,2.28402541668774,2.59271829096545
joint_categories,landweber,1.56384849500162e-05,2.16183424272828,2.55000972803295
joint_categories,landweber,1.25201128476055e-05,2.49182469764127,2.36045591542314
joint_categories,landweber,9.66596520591003e-06,2.349858807576,2.32397544212769
joint_categories,landweber,4.36816443727291e-05,2.49182469764127,2.37148628169084
joint_categories,landweber,4.25647790805878e-05,2.349858807576,2.33471003035694
joint_categories,landweber,2.14711765706519e-06,2.28402541668774,2.43239131782467
joint_categories,landweber,2.86206744242931e-06,2.16183424272828,2.39398190475502
joint_categories,landweber,1.01604527043879e-05,2.28402541668774,2.44400492521552
joint_categories,landweber,1.70707911851512e-05,2.16183424272828,2.40528409456189
joint_categories,landweber,6.23363616416963e-06,2.49182469764127,2.37069358369147
joint_categories,landweber,3.22136036031159e-06,2.349858807576,2.3339385884658
joint_categories,landweber,2.70330933037174e-05,2.49182469764127,2.38180695539098
joint_categories,landweber,1.73984264221009e-05,2.349858807576,2.34475395634549
joint_categories,landweber,6.46724208435124e-06,2.28402541668774,2.44317031255436
joint_categories,landweber,5.77037468038513e-06,2.16183424272828,2.40447186194595
joint_categories,landweber,3.80399458982163e-05,2.28402541668774,2.45487131436829
joint_categories,landweber,4.22127168434574e-05,2.16183424272828,2.41585910270422
joint_categories,landweber,1.00142526998508e-06,2.49182469764127,2.38100829220077
joint_categories,landweber,4.37448552326932e-07,2.349858807576,2.34397670921945
joint_categories,landweber,5.48246169503649e-06,2.49182469764127,2.39220529396247
joint_categories,landweber,3.06132039500529e-06,2.349858807576,2.35487346463055
joint_categories,landweber,6.28530390135706e-06,2.28402541668774,2.45403042110115
joint_categories,landweber,4.74047384062196e-06,2.16183424272828,2.41504075789604
joint_categories,landweber,4.66712916851056e-05,2.28402541668774,2.46581947499647
joint_categories,landweber,4.4933700473767e-05,2.16183424272828,2.42651368962897
joint_categories,landweber,1.05409905120381e-07,2.49182469764127,2.39140062069233
joint_categories,landweber,4.37272440992054e-08,2.349858807576,2.35409036858419
joint_categories,landweber,7.90826797459102e-07,2.49182469764127,2.40268188184702
joint_categories,landweber,4.24605880813544e-07,2.349858807576,2.36506912398209
joint_categories,landweber,4.00238834123061e-06,2.28402541668774,2.46497225386069
joint_categories,landweber,2.86666500659466e-06,2.16183424272828,2.42568918663325
joint_categories,landweber,4.07273037083055e-05,2.28402541668774,2.47685002244467
joint_categories,landweber,3.77033095269934e-05,2.16183424272828,2.43724845418038
joint_categories,landweber,0.000661329093499621,3.33964685192599,3.21879940077252
joint_categories,landweber,0.00070441141774796,3.11700001661268,3.15930254286613
joint_categories,landweber,8.51013743883075e-05,3.33964685192599,3.23678908333968
joint_categories,landweber,0.000114408884889737,3.11700001661268,3.1768098341062
joint_categories,landweber,0.000112300644165021,3.01375270747048,3.33612053255885
joint_categories,landweber,0.000206819461142141,2.82211880039051,3.27347772161818
joint_categories,landweber,1.96005235660911e-05,3.01375270747048,3.35506143672743
joint_categories,landweber,4.54981144230985e-05,2.82211880039051,3.29191072755877
joint_categories,landweber,0.000422562203821325,3.33964685192599,3.23549625361542
joint_categories,landweber,0.000299911686676733,3.11700001661268,3.17555167146648
joint_categories,landweber,6.75885534352282e-05,3.33964685192599,3.25362131168448
joint_categories,landweber,5.97437198220874e-05,3.11700001661268,3.1931907081295
joint_categories,landweber,0.000434095551085425,3.01375270747048,3.35370024740004
joint_categories,landweber,0.000532707084045252,2.82211880039051,3.29058603837103
joint_categories,landweber,9.41747155885917e-05,3.01375270747048,3.37278368517915
joint_categories,landweber,0.000143732828769597,2.82211880039051,3.30915775589931
joint_categories,landweber,8.64783309691398e-05,3.33964685192599,3.25231875319084
joint_categories,landweber,5.13896593392953e-05,3.11700001661268,3.19192307759627
joint_categories,landweber,1.74619430984802e-05,3.33964685192599,3.2705802054861
joint_categories,landweber,1.32643431835122e-05,3.11700001661268,3.20969485108956
joint_categories,landweber,0.000537442556814235,3.01375270747048,3.37141225266444
joint_categories,landweber,0.000552205704914314,2.82211880039051,3.30782309819417
joint_categories,landweber,0.00014719186289261,3.01375270747048,3.39063929664437
joint_categories,landweber,0.000193054322717856,2.82211880039051,3.32653457113905
joint_categories,landweber,1.14315686721324e-05,3.33964685192599,3.2692678450124
joint_categories,landweber,6.36194198093999e-06,3.11700001661268,3.20841768141526
joint_categories,landweber,3.16325347652218e-06,3.33964685192599,3.28766671792422
joint_categories,landweber,2.27851457958375e-06,3.11700001661268,3.22632319060664
joint_categories,landweber,0.000429794298980382,3.01375270747048,3.38925754386056
joint_categories,landweber,0.000413566089954807,2.82211880039051,3.32518986990168
joint_categories,landweber,0.000161307772702454,3.01375270747048,3.40862927470305
joint_categories,landweber,0.000200620662409732,2.82211880039051,3.34404214994707
joint_categories,landweber,9.40899827908091e-05,3.33964685192599,3.05738451264023
joint_categories,landweber,9.26419071276756e-05,3.11700001661268,3.00221597691557
joint_categories,landweber,0.000443121139705197,3.33964685192599,3.07406546824536
joint_categories,landweber,0.000550682135119234,3.11700001661268,3.0184496345608
joint_categories,landweber,1.59774698871458e-05,3.01375270747048,3.16617067846421
joint_categories,landweber,2.72002253634419e-05,2.82211880039051,3.10808505386349
joint_categories,landweber,0.0001020595308108,3.01375270747048,3.18373365548606
joint_categories,landweber,0.000218995218933897,2.82211880039051,3.12517708161975
joint_categories,landweber,4.68464403276573e-05,3.33964685192599,3.07286669027054
joint_categories,landweber,3.08746163437762e-05,3.11700001661268,3.01728300168338
joint_categories,landweber,0.000274232696285096,3.33964685192599,3.08967317297872
joint_categories,landweber,0.000225092266817543,3.11700001661268,3.03363882043643
joint_categories,landweber,4.8125059805452e-05,3.01375270747048,3.18247149098396
joint_categories,landweber,5.48398997910237e-05,2.82211880039051,3.12394876191768
joint_categories,landweber,0.000382102957751434,3.01375270747048,3.20016663247399
joint_categories,landweber,0.000541532203555316,2.82211880039051,3.14116941016668
joint_categories,landweber,7.52581766363214e-06,3.33964685192599,3.08846537399036
joint_categories,landweber,4.19265611809042e-06,3.11700001661268,3.03246340844293
joint_categories,landweber,5.56159162408124e-05,3.33964685192599,3.10539832841495
joint_categories,landweber,3.96058546013788e-05,3.11700001661268,3.04894230758745
joint_categories,landweber,4.67711927593001e-05,3.01375270747048,3.19889496996366
joint_categories,landweber,4.50520329754958e-05,2.82211880039051,3.13993184714442
joint_categories,landweber,0.000468802943165988,3.01375270747048,3.21672327048257
joint_categories,landweber,0.000576438752371491,2.82211880039051,3.15728208377783
joint_categories,landweber,7.9216667449242e-07,3.33964685192599,3.10418144052835
joint_categories,landweber,4.19096820699387e-07,3.11700001661268,3.0477580504135
joint_categories,landweber,8.02241025565115e-06,3.33964685192599,3.1212418183911
joint_categories,landweber,5.49334163318196e-06,3.11700001661268,3.06436095615093
joint_categories,landweber,2.9783202139972e-05,3.01375270747048,3.21544203848985
joint_categories,landweber,2.72439192259857e-05,2.82211880039051,3.15603520787777
joint_categories,landweber,0.000409096880679691,3.01375270747048,3.23340450008259
joint_categories,landweber,0.000483682591793317,2.82211880039051,3.17351600807081
joint_categories,landweber,1.98038556846727e-05,1.77880078307141,1.75768980704503
joint_categories,landweber,1.36574405715996e-05,1.70468808971871,1.73737243956639
joint_categories,landweber,2.07075251564843e-06,1.77880078307141,1.76383303887949
joint_categories,landweber,1.805078242669e-06,1.70468808971871,1.74335094132592
joint_categories,landweber,2.00808408421895e-06,1.67032004603564,1.79775337731395
joint_categories,landweber,2.41197370631769e-06,1.60653065971263,1.77636170967699
joint_categories,landweber,2.84791365864583e-07,1.67032004603564,1.80422143838326
joint_categories,landweber,4.31785358478911e-07,1.60653065971263,1.78265633041176
joint_categories,landweber,1.26538526499584e-05,1.77880078307141,1.76339155511851
joint_categories,landweber,5.81482062089637e-06,1.70468808971871,1.74292129590264
joint_categories,landweber,1.64461700014879e-06,1.77880078307141,1.76958101584499
joint_categories,landweber,9.42602393956524e-07,1.70468808971871,1.74894478693162
joint_categories,landweber,7.76220273397513e-06,1.67032004603564,1.80375661074789
joint_categories,landweber,6.21254630870186e-06,1.60653065971263,1.78220396707747
joint_categories,landweber,1.36833823810617e-06,1.67032004603564,1.81027334510593
joint_categories,landweber,1.36405061577587e-06,1.60653065971263,1.78854595593216
joint_categories,landweber,2.58964017037486e-06,1.77880078307141,1.76913620984163
joint_categories,landweber,9.96365477244863e-07,1.70468808971871,1.74851190835152
joint_categories,landweber,4.2489751615875e-07,1.77880078307141,1.77537224734062
joint_categories,landweber,2.0927725418291e-07,1.70468808971871,1.75458072720207
joint_categories,landweber,9.61018391786532e-06,1.67032004603564,1.80980501956145
joint_categories,landweber,6.43994348199452e-06,1.60653065971263,1.78809018848481
joint_categories,landweber,2.13866591552986e-06,1.67032004603564,1.81637079348321
joint_categories,landweber,1.83212053944622e-06,1.60653065971263,1.7944799019128
joint_categories,landweber,3.42324477264912e-07,1.77880078307141,1.77492409409444
joint_categories,landweber,1.23348149015582e-07,1.70468808971871,1.75414459113508
joint_categories,landweber,7.69707321559066e-08,1.77880078307141,1.78120705886428
joint_categories,landweber,3.59491056763168e-08,1.70468808971871,1.76025907890695
joint_categories,landweber,7.68529065605635e-06,1.67032004603564,1.81589894370725
joint_categories,landweber,4.82309802610911e-06,1.60653065971263,1.79402070473584
joint_categories,landweber,2.34376703038586e-06,1.67032004603564,1.822514126224
joint_categories,landweber,1.90392647553071e-06,1.60653065971263,1.80045850187287
joint_categories,landweber,2.81757518137011e-06,1.77880078307141,1.70256881891037
joint_categories,landweber,1.7961823291862e-06,1.70468808971871,1.68372951456694
joint_categories,landweber,1.07823665760633e-05,1.77880078307141,1.70826513829345
joint_categories,landweber,8.68834917575013e-06,1.70468808971871,1.68927308778252
joint_categories,landweber,2.85698298749905e-07,1.67032004603564,1.73971781442734
joint_categories,landweber,3.17214966233028e-07,1.60653065971263,1.71988236392177
joint_categories,landweber,1.48290289701188e-06,1.67032004603564,1.74571533212371
joint_categories,landweber,2.07830434978499e-06,1.60653065971263,1.72571905885153
joint_categories,landweber,1.40284187208541e-06,1.77880078307141,1.70785577192527
joint_categories,landweber,5.98610736938588e-07,1.70468808971871,1.68887469852774
joint_categories,landweber,6.67284224005948e-06,1.77880078307141,1.71359495710615
joint_categories,landweber,3.55137762086377e-06,1.70468808971871,1.69445998809954
joint_categories,landweber,8.60539735688479e-07,1.67032004603564,1.74528432011887
joint_categories,landweber,6.39554883387589e-07,1.60653065971263,1.72529960438543
joint_categories,landweber,5.55187328909855e-06,1.67032004603564,1.75132697018293
joint_categories,landweber,5.13923883670437e-06,1.60653065971263,1.73118022146349
joint_categories,landweber,2.25364660930069e-07,1.77880078307141,1.71318251018457
joint_categories,landweber,8.12890738668601e-08,1.70468808971871,1.69405860089606
joint_categories,landweber,1.35328952432968e-06,1.77880078307141,1.71896488373587
joint_categories,landweber,6.24878622776209e-07,1.70468808971871,1.69968592074696
joint_categories,landweber,8.36330801824028e-07,1.67032004603564,1.75089271473751
joint_categories,landweber,5.2540664380888e-07,1.60653065971263,1.7307576105293
joint_categories,landweber,6.81160531530659e-06,1.67032004603564,1.75698083679822
joint_categories,landweber,5.47050831643916e-06,1.60653065971263,1.73668248027749
joint_categories,landweber,2.37218574746765e-08,1.77880078307141,1.71854933307921
joint_categories,landweber,8.12563478988953e-09,1.70468808971871,1.69928151303471
joint_categories,landweber,1.95207496210964e-07,1.77880078307141,1.72437522000096
joint_categories,landweber,8.66708164419322e-08,1.70468808971871,1.70495117944988
joint_categories,landweber,5.32563055528598e-07,1.67032004603564,1.75654331350476
joint_categories,landweber,3.17724533596762e-07,1.60653065971263,1.73625668912224
joint_categories,landweber,5.94408914776475e-06,1.67032004603564,1.76267724974682
joint_categories,landweber,4.59023552812243e-06,1.60653065971263,1.74222614454964
joint_categories,landweber,0.000142091356774742,2.22140275816017,2.14583593391554
joint_categories,landweber,0.000126356406309473,2.10517091807565,2.11511047143323
joint_categories,landweber,2.0055544182453e-05,2.22140275816017,2.15512619454839
joint_categories,landweber,2.25430317316789e-05,2.10517091807565,2.1241516147657
joint_categories,landweber,1.4504873271867e-05,2.05127109637602,2.20642310036313
joint_categories,landweber,2.24960807397412e-05,1.95122942450071,2.17407299978517
joint_categories,landweber,2.77681666961595e-06,2.05127109637602,2.21620459237618
joint_categories,landweber,5.43613895250765e-06,1.95122942450071,2.1835922021833
joint_categories,landweber,9.07905571565963e-05,2.22140275816017,2.15445854935524
joint_categories,landweber,5.37977692920416e-05,2.10517091807565,2.12350187240377
joint_categories,landweber,1.59283587297099e-05,2.22140275816017,2.16381872082121
joint_categories,landweber,1.17718529729212e-05,2.10517091807565,2.13261105191821
joint_categories,landweber,5.60682532428122e-05,2.05127109637602,2.21550164480749
joint_categories,landweber,5.79433942392778e-05,1.95122942450071,2.18290810407509
joint_categories,landweber,1.33417823876474e-05,2.05127109637602,2.22535674425556
joint_categories,landweber,1.71732749617387e-05,1.95122942450071,2.1924989401331
joint_categories,landweber,1.85804972135667e-05,2.22140275816017,2.16314605148143
joint_categories,landweber,9.21821042643118e-06,2.10517091807565,2.13195642013157
joint_categories,landweber,4.11519524614361e-06,2.22140275816017,2.17257665987176
joint_categories,landweber,2.61359517290967e-06,2.10517091807565,2.14113414781211
joint_categories,landweber,6.94166648415962e-05,2.05127109637602,2.2246485068837
joint_categories,landweber,6.00642901499511e-05,1.95122942450071,2.1918096940672
joint_categories,landweber,2.08527500366939e-05,2.05127109637602,2.2345777676756
joint_categories,landweber,2.30662333369957e-05,1.95122942450071,2.20147270284089
joint_categories,landweber,2.45615551871659e-06,2.22140275816017,2.17189892857776
joint_categories,landweber,1.14119689943552e-06,2.10517091807565,2.14047458980699
joint_categories,landweber,7.45472917619591e-07,2.22140275816017,2.1814005039426
joint_categories,landweber,4.48956621840626e-07,2.10517091807565,2.14972138149055
joint_categories,landweber,5.55126988454365e-05,2.05127109637602,2.23386420069387
joint_categories,landweber,4.49842393915159e-05,1.95122942450071,2.20077827007801
joint_categories,landweber,2.28525585384719e-05,2.05127109637602,2.24386818090665
joint_categories,landweber,2.39702636347004e-05,1.95122942450071,2.21051399467966
joint_categories,landweber,2.02159158655945e-05,2.22140275816017,2.06247779931962
joint_categories,landweber,1.66179851197379e-05,2.10517091807565,2.03398757589843
joint_categories,landweber,0.000104428813981147,2.22140275816017,2.07109220508237
joint_categories,landweber,0.000108505950897308,2.10517091807565,2.0423709873336
joint_categories,landweber,2.06366737823491e-06,2.05127109637602,2.11865732499942
joint_categories,landweber,2.95861164387526e-06,1.95122942450071,2.08866065387707
joint_categories,landweber,1.4458828382467e-05,2.05127109637602,2.12772722567235
joint_categories,landweber,2.61656654381069e-05,1.95122942450071,2.09748734617732
joint_categories,landweber,1.00652977944749e-05,2.22140275816017,2.07047313024404
joint_categories,landweber,5.53824862728041e-06,2.10517091807565,2.04176851291786
joint_categories,landweber,6.46274633770735e-05,2.22140275816017,2.07915236091404
joint_categories,landweber,4.43519934515032e-05,2.10517091807565,2.05021501098763
joint_categories,landweber,6.21588503671758e-06,2.05127109637602,2.12707541666225
joint_categories,landweber,5.96502285928648e-06,1.95122942450071,2.09685301535297
joint_categories,landweber,5.41327306393654e-05,2.05127109637602,2.13621356992114
joint_categories,landweber,6.47025562072485e-05,1.95122942450071,2.10574613005372
joint_categories,landweber,1.61697656004518e-06,2.22140275816017,2.07852862742947
joint_categories,landweber,7.5207321548965e-07,2.10517091807565,2.04960800284673
joint_categories,landweber,1.31068090666286e-05,2.22140275816017,2.08727317082546
joint_categories,landweber,7.80390472208189e-06,2.10517091807565,2.05811806228905
joint_categories,landweber,6.04101809737452e-06,2.05127109637602,2.13555685593445
joint_categories,landweber,4.90038106525038e-06,1.95122942450071,2.10510702577917
joint_categories,landweber,6.64155640005666e-05,2.05127109637602,2.14476377539193
joint_categories,landweber,6.88732092578919e-05,1.95122942450071,2.11406706272058
joint_categories,landweber,1.70202760889769e-07,2.22140275816017,2.08664474363753
joint_categories,landweber,7.51770440186815e-08,2.10517091807565,2.05750648630592
joint_categories,landweber,1.89061345352469e-06,2.22140275816017,2.09545509124917
joint_categories,landweber,1.08240347652302e-06,2.10517091807565,2.0660805854312
joint_categories,landweber,3.8468307629285e-06,2.05127109637602,2.14410211951784
joint_categories,landweber,2.96336429458901e-06,1.95122942450071,2.1134231490748
joint_categories,landweber,5.79569741557573e-05,2.05127109637602,2.15337832265156
joint_categories,landweber,5.77906537718545e-05,1.95122942450071,2.12245061185841
joint_categories,landweber,8.55243232354085e-05,2.49182469764127,2.46719232665195
joint_categories,landweber,7.32084887585417e-05,2.349858807576,2.42784972842078
joint_categories,landweber,8.94268824761831e-06,2.49182469764127,2.47908809524295
joint_categories,landweber,9.67582831819301e-06,2.349858807576,2.43942651330676
joint_categories,landweber,1.1992205632e-05,2.28402541668774,2.54477151846672
joint_categories,landweber,1.78779000146227e-05,2.16183424272828,2.50334864287911
joint_categories,landweber,1.70076375212874e-06,2.28402541668774,2.55729628715303
joint_categories,landweber,3.20045589487336e-06,2.16183424272828,2.51553756129316
joint_categories,landweber,5.46465396153062e-05,2.49182469764127,2.47823320504853
joint_categories,landweber,3.11694001395145e-05,2.349858807576,2.43859454689734
joint_categories,landweber,7.10239249158098e-06,2.49182469764127,2.49021849137491
joint_categories,landweber,5.05266681556998e-06,2.349858807576,2.45025844911064
joint_categories,landweber,4.63555944069487e-05,2.28402541668774,2.55639619382527
joint_categories,landweber,4.60482970657045e-05,2.16183424272828,2.51466160386737
joint_categories,landweber,8.17166654247965e-06,2.28402541668774,2.56901521358249
joint_categories,landweber,1.0110541611565e-05,2.16183424272828,2.5269422460204
joint_categories,landweber,1.11835405448824e-05,2.49182469764127,2.48935716798253
joint_categories,landweber,5.34085507880311e-06,2.349858807576,2.44942022200874
joint_categories,landweber,1.83494937008695e-06,2.49182469764127,2.50143264568087
joint_categories,landweber,1.12179668144611e-06,2.349858807576,2.46117189712244
joint_categories,landweber,5.73916713000624e-05,2.28402541668774,2.5681083468953
joint_categories,landweber,4.77337979967824e-05,2.16183424272828,2.52605969686206
joint_categories,landweber,1.27720356128211e-05,2.28402541668774,2.58082232697918
joint_categories,landweber,1.35799439824581e-05,2.16183424272828,2.5384327529912
joint_categories,landweber,1.47835197908737e-06,2.49182469764127,2.5005648406796
joint_categories,landweber,6.61187689834956e-07,2.349858807576,2.46032736221527
joint_categories,landweber,3.32403441096708e-07,2.49182469764127,2.51273118845573
joint_categories,landweber,1.92699333743176e-07,2.349858807576,2.47216747073578
joint_categories,landweber,4.58962782551825e-05,2.28402541668774,2.57990863596186
joint_categories,landweber,3.57495042527406e-05,2.16183424272828,2.53754356249637
joint_categories,landweber,1.3996892063821e-05,2.28402541668774,2.59271829096545
joint_categories,landweber,1.41121800273256e-05,2.16183424272828,2.55000972803295
joint_categories,landweber,1.21678936863826e-05,2.49182469764127,2.36045591542314
joint_categories,landweber,9.62814322091664e-06,2.349858807576,2.32397544212769
joint_categories,landweber,4.65643973061069e-05,2.49182469764127,2.37148628169084
joint_categories,landweber,4.65724825693815e-05,2.349858807576,2.33471003035694
joint_categories,landweber,1.70617992256736e-06,2.28402541668774,2.43239131782467
joint_categories,landweber,2.3512434793968e-06,2.16183424272828,2.39398190475502
joint_categories,landweber,8.85584254813308e-06,2.28402541668774,2.44400492521552
joint_categories,landweber,1.54046942004755e-05,2.16183424272828,2.40528409456189
joint_categories,landweber,6.05826984536427e-06,2.49182469764127,2.37069358369147
joint_categories,landweber,3.2087554894466e-06,2.349858807576,2.3339385884658
joint_categories,landweber,2.88171316598425e-05,2.49182469764127,2.38180695539098
joint_categories,landweber,1.90365820939384e-05,2.349858807576,2.34475395634549
joint_categories,landweber,5.13911222442516e-06,2.28402541668774,2.44317031255436
joint_categories,landweber,4.74047384062196e-06,2.16183424272828,2.40447186194595
joint_categories,landweber,3.31555867848903e-05,2.28402541668774,2.45487131436829
joint_categories,landweber,3.80927859342779e-05,2.16183424272828,2.41585910270422
joint_categories,landweber,9.73252906611452e-07,2.49182469764127,2.38100829220077
joint_categories,landweber,4.35736858540638e-07,2.349858807576,2.34397670921945
joint_categories,landweber,5.84427459746845e-06,2.49182469764127,2.39220529396247
joint_categories,landweber,3.34956021892519e-06,2.349858807576,2.35487346463055
joint_categories,landweber,4.99453734565613e-06,2.28402541668774,2.45403042110115
joint_categories,landweber,3.89439048213091e-06,2.16183424272828,2.41504075789604
joint_categories,landweber,4.06786609520652e-05,2.28402541668774,2.46581947499647
joint_categories,landweber,4.05482035124555e-05,2.16183424272828,2.42651368962897
joint_categories,landweber,1.02444485493737e-07,2.49182469764127,2.39140062069233
joint_categories,landweber,4.35561436312345e-08,2.349858807576,2.35409036858419
joint_categories,landweber,8.43017100798329e-07,2.49182469764127,2.40268188184702
joint_categories,landweber,4.64584814257014e-07,2.349858807576,2.36506912398209
joint_categories,landweber,3.18044733489798e-06,2.28402541668774,2.46497225386069
joint_categories,landweber,2.35502046683065e-06,2.16183424272828,2.42568918663325
joint_categories,landweber,3.54978857285552e-05,2.28402541668774,2.47685002244467
joint_categories,landweber,3.40234935399137e-05,2.16183424272828,2.43724845418038
joint_categories,landweber,0.000811386091482705,3.33964685192599,3.21879940077252
joint_categories,landweber,0.00089482859806472,3.11700001661268,3.15930254286613
joint_categories,landweber,0.00011452343039103,3.33964685192599,3.23678908333968
joint_categories,landweber,0.000159644849594574,3.11700001661268,3.1768098341062
joint_categories,landweber,0.000114406543965405,3.01375270747048,3.33612053255885
joint_categories,landweber,0.000220150807956044,2.82211880039051,3.27347772161818
joint_categories,landweber,2.19020182004938e-05,3.01375270747048,3.35506143672743
joint_categories,landweber,5.31990614899283e-05,2.82211880039051,3.29191072755877
joint_categories,landweber,0.000518442479450815,3.33964685192599,3.23549625361542
joint_categories,landweber,0.000380984105837122,3.11700001661268,3.17555167146648
joint_categories,landweber,9.09559105267904e-05,3.33964685192599,3.25362131168448
joint_categories,landweber,8.33657034102696e-05,3.11700001661268,3.1931907081295
joint_categories,landweber,0.00044223585821523,3.01375270747048,3.35370024740004
joint_categories,landweber,0.000567044775713202,2.82211880039051,3.29058603837103
joint_categories,landweber,0.000105232716253355,3.01375270747048,3.37278368517915
joint_categories,landweber,0.000168060845878773,2.82211880039051,3.30915775589931
joint_categories,landweber,0.000106100450823488,3.33964685192599,3.25231875319084
joint_categories,landweber,6.52813620889641e-05,3.11700001661268,3.19192307759627
joint_categories,landweber,2.34990520341784e-05,3.33964685192599,3.2705802054861
joint_categories,landweber,1.85089127871796e-05,3.11700001661268,3.20969485108956
joint_categories,landweber,0.000547520862077111,3.01375270747048,3.37141225266444
joint_categories,landweber,0.000587800255466639,2.82211880039051,3.30782309819417
joint_categories,landweber,0.000164475140124099,3.01375270747048,3.39063929664437
joint_categories,landweber,0.000225730426752579,2.82211880039051,3.32653457113905
joint_categories,landweber,1.40254162648644e-05,3.33964685192599,3.2692678450124
joint_categories,landweber,8.08170833172174e-06,3.11700001661268,3.20841768141526
joint_categories,landweber,4.25688353368645e-06,3.33964685192599,3.28766671792422
joint_categories,landweber,3.17941318724732e-06,3.11700001661268,3.22632319060664
joint_categories,landweber,0.000437853947570633,3.01375270747048,3.38925754386056
joint_categories,landweber,0.000440224088893641,2.82211880039051,3.32518986990168
joint_categories,landweber,0.000180248540897259,3.01375270747048,3.40862927470305
joint_categories,landweber,0.000234577434494013,2.82211880039051,3.34404214994707
joint_categories,landweber,0.000115439202863912,3.33964685192599,3.05738451264023
joint_categories,landweber,0.000117684957665978,3.11700001661268,3.00221597691557
joint_categories,landweber,0.000596321191785531,3.33964685192599,3.07406546824536
joint_categories,landweber,0.000768415553741798,3.11700001661268,3.0184496345608
joint_categories,landweber,1.62770848260996e-05,3.01375270747048,3.16617067846421
joint_categories,landweber,2.89535208982715e-05,2.82211880039051,3.10808505386349
joint_categories,landweber,0.000114043366944497,3.01375270747048,3.18373365548606
joint_categories,landweber,0.000256062042697534,2.82211880039051,3.12517708161975
joint_categories,landweber,5.74759986986077e-05,3.33964685192599,3.07286669027054
joint_categories,landweber,3.92206726958144e-05,3.11700001661268,3.01728300168338
joint_categories,landweber,0.000369043030499702,3.33964685192599,3.08967317297872
joint_categories,landweber,0.000314091174960938,3.11700001661268,3.03363882043643
joint_categories,landweber,4.902751726321e-05,3.01375270747048,3.18247149098396
joint_categories,landweber,5.83748172466463e-05,2.82211880039051,3.12394876191768
joint_categories,landweber,0.000426969509611085,3.01375270747048,3.20016663247399
joint_categories,landweber,0.000633191185195355,2.82211880039051,3.14116941016668
joint_categories,landweber,9.23344192676061e-06,3.33964685192599,3.08846537399036
joint_categories,landweber,5.32601900223697e-06,3.11700001661268,3.03246340844293
joint_categories,landweber,7.48439794071431e-05,3.33964685192599,3.10539832841495
joint_categories,landweber,5.52655565780177e-05,3.11700001661268,3.04894230758745
joint_categories,landweber,4.76482620426319e-05,3.01375270747048,3.19889496996366
joint_categories,landweber,4.7956035688543e-05,2.82211880039051,3.13993184714442
joint_categories,landweber,0.000523849812432037,3.01375270747048,3.21672327048257
joint_categories,landweber,0.00067400596753126,2.82211880039051,3.15728208377783
joint_categories,landweber,9.71911001855274e-07,3.33964685192599,3.10418144052835
joint_categories,landweber,5.32387481336932e-07,3.11700001661268,3.0477580504135
joint_categories,landweber,1.07959941785333e-05,3.33964685192599,3.1212418183911
joint_categories,landweber,7.66534609306042e-06,3.11700001661268,3.06436095615093
joint_categories,landweber,3.03417068565539e-05,3.01375270747048,3.21544203848985
joint_categories,landweber,2.90000312174097e-05,2.82211880039051,3.15603520787777
joint_categories,landweber,0.000457133060563378,3.01375270747048,3.23340450008259
joint_categories,landweber,0.00056555002924159,2.82211880039051,3.17351600807081
joint_categories,landweber,2.0845515000537e-06,1.77880078307141,1.75768980704503
joint_categories,landweber,1.54804351555004e-06,1.70468808971871,1.73737243956639
joint_categories,landweber,2.39549795321223e-07,1.77880078307141,1.76383303887949
joint_categories,landweber,2.25113839387877e-07,1.70468808971871,1.74335094132592
joint_categories,landweber,1.85503299115649e-07,1.67032004603564,1.79775337731395
joint_categories,landweber,2.41100267576598e-07,1.60653065971263,1.77636170967699
joint_categories,landweber,2.89135416785279e-08,1.67032004603564,1.80422143838326
joint_categories,landweber,4.7488161180796e-08,1.60653065971263,1.78265633041176
joint_categories,landweber,1.33194302881859e-06,1.77880078307141,1.76339155511851
joint_categories,landweber,6.5909826289004e-07,1.70468808971871,1.74292129590264
joint_categories,landweber,1.90253380251999e-07,1.77880078307141,1.76958101584499
joint_categories,landweber,1.17553266614087e-07,1.70468808971871,1.74894478693162
joint_categories,landweber,7.17058726212131e-07,1.67032004603564,1.80375661074789
joint_categories,landweber,6.21004521499016e-07,1.60653065971263,1.78220396707747
joint_categories,landweber,1.38921011729754e-07,1.67032004603564,1.81027334510593
joint_categories,landweber,1.50019573912653e-07,1.60653065971263,1.78854595593216
joint_categories,landweber,2.72585217126795e-07,1.77880078307141,1.76913620984163
joint_categories,landweber,1.12936029857179e-07,1.70468808971871,1.74851190835152
joint_categories,landweber,4.91532002299424e-08,1.77880078307141,1.77537224734062
joint_categories,landweber,2.60992598946893e-08,1.70468808971871,1.75458072720207
joint_categories,landweber,8.8777199913198e-07,1.67032004603564,1.80980501956145
joint_categories,landweber,6.43735084101509e-07,1.60653065971263,1.78809018848481
joint_categories,landweber,2.17128794959755e-07,1.67032004603564,1.81637079348321
joint_categories,landweber,2.0149834581322e-07,1.60653065971263,1.7944799019128
joint_categories,landweber,3.60330338672362e-08,1.77880078307141,1.77492409409444
joint_categories,landweber,1.3981265467539e-08,1.70468808971871,1.75414459113508
joint_categories,landweber,8.90416551197492e-09,1.77880078307141,1.78120705886428
joint_categories,landweber,4.48326338995165e-09,1.70468808971871,1.76025907890695
joint_categories,landweber,7.09953722837074e-07,1.67032004603564,1.81589894370725
joint_categories,landweber,4.82115630695812e-07,1.60653065971263,1.79402070473584
joint_categories,landweber,2.37951756409793e-07,1.67032004603564,1.822514126224
joint_categories,landweber,2.09395630423636e-07,1.60653065971263,1.80045850187287
joint_categories,landweber,2.96577629344414e-07,1.77880078307141,1.70256881891037
joint_categories,landweber,2.03593666973327e-07,1.70468808971871,1.68372951456694
joint_categories,landweber,1.24733095184267e-06,1.77880078307141,1.70826513829345
joint_categories,landweber,1.08353621170662e-06,1.70468808971871,1.68927308778252
joint_categories,landweber,2.63923096579142e-08,1.67032004603564,1.73971781442734
joint_categories,landweber,3.1708725944134e-08,1.60653065971263,1.71988236392177
joint_categories,landweber,1.50552228252419e-07,1.67032004603564,1.74571533212371
joint_categories,landweber,2.28573873586219e-07,1.60653065971263,1.72571905885153
joint_categories,landweber,1.47662969037744e-07,1.77880078307141,1.70785577192527
joint_categories,landweber,6.78513272525903e-08,1.70468808971871,1.68887469852774
joint_categories,landweber,7.71930967480444e-07,1.77880078307141,1.71359495710615
joint_categories,landweber,4.42897284145829e-07,1.70468808971871,1.69445998809954
joint_categories,landweber,7.94951572221692e-08,1.67032004603564,1.74528432011887
joint_categories,landweber,6.39297406562847e-08,1.60653065971263,1.72529960438543
joint_categories,landweber,5.63655851191029e-07,1.67032004603564,1.75132697018293
joint_categories,landweber,5.65218336915755e-07,1.60653065971263,1.73118022146349
joint_categories,landweber,2.37218574746765e-08,1.77880078307141,1.71318251018457
joint_categories,landweber,9.21395359730434e-09,1.70468808971871,1.69405860089606
joint_categories,landweber,1.56551894112763e-07,1.77880078307141,1.71896488373587
joint_categories,landweber,7.79294894810583e-08,1.70468808971871,1.69968592074696
joint_categories,landweber,7.72587782103437e-08,1.67032004603564,1.75089271473751
joint_categories,landweber,5.25195121642667e-08,1.60653065971263,1.7307576105293
joint_categories,landweber,6.91550579786353e-07,1.67032004603564,1.75698083679822
joint_categories,landweber,6.01651666900223e-07,1.60653065971263,1.73668248027749
joint_categories,landweber,2.49695990368019e-09,1.77880078307141,1.71854933307921
joint_categories,landweber,9.21024417442731e-10,1.70468808971871,1.69928151303471
joint_categories,landweber,2.25820881100617e-08,1.77880078307141,1.72437522000096
joint_categories,landweber,1.080883908017e-08,1.70468808971871,1.70495117944988
joint_categories,landweber,4.91972445596524e-08,1.67032004603564,1.75654331350476
joint_categories,landweber,3.17596621659604e-08,1.60653065971263,1.73625668912224
joint_categories,landweber,6.03475701564994e-07,1.67032004603564,1.76267724974682
joint_categories,landweber,5.0483843496963e-07,1.60653065971263,1.74222614454964
joint_categories,landweber,2.04962038725271e-05,2.22140275816017,2.14583593391554
joint_categories,landweber,1.97363112280223e-05,2.10517091807565,2.11511047143323
joint_categories,landweber,3.17939840392559e-06,2.22140275816017,2.15512619454839
joint_categories,landweber,3.87412259928247e-06,2.10517091807565,2.1241516147657
joint_categories,landweber,1.85104307145978e-06,2.05127109637602,2.20642310036313
joint_categories,landweber,3.12021185137464e-06,1.95122942450071,2.17407299978517
joint_categories,landweber,3.89452524779254e-07,2.05127109637602,2.21620459237618
joint_categories,landweber,8.29583465688274e-07,1.95122942450071,2.1835922021833
joint_categories,landweber,1.30962347845826e-05,2.22140275816017,2.15445854935524
joint_categories,landweber,8.40297337612291e-06,2.10517091807565,2.12350187240377
joint_categories,landweber,2.52511713776892e-06,2.22140275816017,2.16381872082121
joint_categories,landweber,2.02304650859079e-06,2.10517091807565,2.13261105191821
joint_categories,landweber,7.15516431951571e-06,2.05127109637602,2.21550164480749
joint_categories,landweber,8.03676282575203e-06,1.95122942450071,2.18290810407509
joint_categories,landweber,1.87120413557706e-06,2.05127109637602,2.22535674425556
joint_categories,landweber,2.62073230365184e-06,1.95122942450071,2.1924989401331
joint_categories,landweber,2.68017469595926e-06,2.22140275816017,2.16314605148143
joint_categories,landweber,1.43984365538106e-06,2.10517091807565,2.13195642013157
joint_categories,landweber,6.52380462898558e-07,2.22140275816017,2.17257665987176
joint_categories,landweber,4.4915822526728e-07,2.10517091807565,2.14113414781211
joint_categories,landweber,8.85862524204898e-06,2.05127109637602,2.2246485068837
joint_categories,landweber,8.33093160264141e-06,1.95122942450071,2.1918096940672
joint_categories,landweber,2.92462813236579e-06,2.05127109637602,2.2345777676756
joint_categories,landweber,3.52002882178946e-06,1.95122942450071,2.20147270284089
joint_categories,landweber,3.5429223421418e-07,2.22140275816017,2.17189892857776
joint_categories,landweber,1.78249903091972e-07,2.10517091807565,2.14047458980699
joint_categories,landweber,1.18179560867921e-07,2.22140275816017,2.1814005039426
joint_categories,landweber,7.7155238721777e-08,2.10517091807565,2.14972138149055
joint_categories,landweber,7.08426710457239e-06,2.05127109637602,2.23386420069387
joint_categories,landweber,6.23932490722812e-06,1.95122942450071,2.20077827007801
joint_categories,landweber,3.20510414600201e-06,2.05127109637602,2.24386818090665
joint_categories,landweber,3.65798861163462e-06,1.95122942450071,2.21051399467966
joint_categories,landweber,2.91607837701169e-06,2.22140275816017,2.06247779931962
joint_categories,landweber,2.59565570029354e-06,2.10517091807565,2.03398757589843
joint_categories,landweber,1.65550633518084e-05,2.22140275816017,2.07109220508237
joint_categories,landweber,1.86472414860318e-05,2.10517091807565,2.0423709873336
joint_categories,landweber,2.63355434458588e-07,2.05127109637602,2.11865732499942
joint_categories,landweber,4.10360152136474e-07,1.95122942450071,2.08866065387707
joint_categories,landweber,2.02787144016984e-06,2.05127109637602,2.12772722567235
joint_categories,landweber,3.9930185018857e-06,1.95122942450071,2.09748734617732
joint_categories,landweber,1.45188560596478e-06,2.22140275816017,2.07047313024404
joint_categories,landweber,8.65049915225221e-07,2.10517091807565,2.04176851291786
joint_categories,landweber,1.02453691628374e-05,2.22140275816017,2.07915236091404
joint_categories,landweber,7.62209192618207e-06,2.10517091807565,2.05021501098763
joint_categories,landweber,7.9324174121003e-07,2.05127109637602,2.12707541666225
joint_categories,landweber,8.27350116431013e-07,1.95122942450071,2.09685301535297
joint_categories,landweber,7.59219319423485e-06,2.05127109637602,2.13621356992114
joint_categories,landweber,9.87395121541902e-06,1.95122942450071,2.10574613005372
joint_categories,landweber,2.33243470848993e-07,2.22140275816017,2.07852862742947
joint_categories,landweber,1.17470506487888e-07,2.10517091807565,2.04960800284673
joint_categories,landweber,2.07781785664314e-06,2.22140275816017,2.08727317082546
joint_categories,landweber,1.34113654304886e-06,2.10517091807565,2.05811806228905
joint_categories,landweber,7.70926052514828e-07,2.05127109637602,2.13555685593445
joint_categories,landweber,6.79684041542165e-07,1.95122942450071,2.10510702577917
joint_categories,landweber,9.31487820844727e-06,2.05127109637602,2.14476377539193
joint_categories,landweber,1.05104148603264e-05,1.95122942450071,2.11406706272058
joint_categories,landweber,2.45511800720857e-08,2.22140275816017,2.08664474363753
joint_categories,landweber,1.1742321432611e-08,2.10517091807565,2.05750648630592
joint_categories,landweber,2.99718289461116e-07,2.22140275816017,2.09545509124917
joint_categories,landweber,1.86015963595835e-07,2.10517091807565,2.0660805854312
joint_categories,landweber,4.90914280830571e-07,2.05127109637602,2.14410211951784
joint_categories,landweber,4.11019345942456e-07,1.95122942450071,2.1134231490748
joint_categories,landweber,8.1285488381368e-06,2.05127109637602,2.15337832265156
joint_categories,landweber,8.81915846141698e-06,1.95122942450071,2.12245061185841
joint_categories,landweber,5.44606210902754e-05,2.49182469764127,2.46719232665195
joint_categories,landweber,5.02001892465975e-05,2.349858807576,2.42784972842078
joint_categories,landweber,6.25843527248239e-06,2.49182469764127,2.47908809524295
joint_categories,landweber,7.30002562963114e-06,2.349858807576,2.43942651330676
joint_categories,landweber,6.7019144234001e-06,2.28402541668774,2.54477151846672
joint_categories,landweber,1.0811145064054e-05,2.16183424272828,2.50334864287911
joint_categories,landweber,1.04459641920492e-06,2.28402541668774,2.55729628715303
joint_categories,landweber,2.129410325883e-06,2.16183424272828,2.51553756129316
joint_categories,landweber,3.4798106261445e-05,2.49182469764127,2.47823320504853
joint_categories,landweber,2.137333815027e-05,2.349858807576,2.43859454689734
joint_categories,landweber,4.97052591542177e-06,2.49182469764127,2.49021849137491
joint_categories,landweber,3.81203510838398e-06,2.349858807576,2.45025844911064
joint_categories,landweber,2.59060957003788e-05,2.28402541668774,2.55639619382527
joint_categories,landweber,2.78463812373261e-05,2.16183424272828,2.51466160386737
joint_categories,landweber,5.01897667946345e-06,2.28402541668774,2.56901521358249
joint_categories,landweber,6.72700778111741e-06,2.16183424272828,2.5269422460204
joint_categories,landweber,7.12151281672361e-06,2.49182469764127,2.48935716798253
joint_categories,landweber,3.66230665652533e-06,2.349858807576,2.44942022200874
joint_categories,landweber,1.28416775168586e-06,2.49182469764127,2.50143264568087
joint_categories,landweber,8.46350747087371e-07,2.349858807576,2.46117189712244
joint_categories,landweber,3.20736719726158e-05,2.28402541668774,2.5681083468953
joint_categories,landweber,2.88656393748354e-05,2.16183424272828,2.52605969686206
joint_categories,landweber,7.84448907169604e-06,2.28402541668774,2.58082232697918
joint_categories,landweber,9.03536055206385e-06,2.16183424272828,2.5384327529912
joint_categories,landweber,9.41392622886055e-07,2.49182469764127,2.5005648406796
joint_categories,landweber,4.53386591092043e-07,2.349858807576,2.46032736221527
joint_categories,landweber,2.32628641729539e-07,2.49182469764127,2.51273118845573
joint_categories,landweber,1.45383943253009e-07,2.349858807576,2.47216747073578
joint_categories,landweber,2.564940417616e-05,2.28402541668774,2.57990863596186
joint_categories,landweber,2.16184829386154e-05,2.16183424272828,2.53754356249637
joint_categories,landweber,8.59678677392131e-06,2.28402541668774,2.59271829096545
joint_categories,landweber,9.38948164198842e-06,2.16183424272828,2.55000972803295
joint_categories,landweber,7.74833430364383e-06,2.49182469764127,2.36045591542314
joint_categories,landweber,6.6021662238857e-06,2.349858807576,2.32397544212769
joint_categories,landweber,3.25875462135266e-05,2.49182469764127,2.37148628169084
joint_categories,landweber,3.51370761460066e-05,2.349858807576,2.33471003035694
joint_categories,landweber,9.53508652441513e-07,2.28402541668774,2.43239131782467
joint_categories,landweber,1.42184676700723e-06,2.16183424272828,2.39398190475502
joint_categories,landweber,5.43919248234434e-06,2.28402541668774,2.44400492521552
joint_categories,landweber,1.02494506954799e-05,2.16183424272828,2.40528409456189
joint_categories,landweber,3.85781642028154e-06,2.49182469764127,2.37069358369147
joint_categories,landweber,2.20029310190457e-06,2.349858807576,2.3339385884658
joint_categories,landweber,2.01673309230879e-05,2.49182469764127,2.38180695539098
joint_categories,landweber,1.43623401135625e-05,2.349858807576,2.34475395634549
joint_categories,landweber,2.87202299537308e-06,2.28402541668774,2.44317031255436
joint_categories,landweber,2.86666500659466e-06,2.16183424272828,2.40447186194595
joint_categories,landweber,2.03639142642738e-05,2.28402541668774,2.45487131436829
joint_categories,landweber,2.53448803465894e-05,2.16183424272828,2.41585910270422
joint_categories,landweber,6.19753021910274e-07,2.49182469764127,2.38100829220077
joint_categories,landweber,2.98791480761249e-07,2.349858807576,2.34397670921945
joint_categories,landweber,4.0900468930705e-06,2.49182469764127,2.39220529396247
joint_categories,landweber,2.52710927085912e-06,2.349858807576,2.35487346463055
joint_categories,landweber,2.79122647678287e-06,2.28402541668774,2.45403042110115
joint_categories,landweber,2.35502046683065e-06,2.16183424272828,2.41504075789604
joint_categories,landweber,2.49845303413792e-05,2.28402541668774,2.46581947499647
joint_categories,landweber,2.69785824556237e-05,2.16183424272828,2.42651368962897
joint_categories,landweber,6.52351295654891e-08,2.49182469764127,2.39140062069233
joint_categories,landweber,2.98671191035184e-08,2.349858807576,2.35409036858419
joint_categories,landweber,5.89975610560644e-07,2.49182469764127,2.40268188184702
joint_categories,landweber,3.50510668408283e-07,2.349858807576,2.36506912398209
joint_categories,landweber,1.77741163891819e-06,2.28402541668774,2.46497225386069
joint_categories,landweber,1.42413079136239e-06,2.16183424272828,2.42568918663325
joint_categories,landweber,2.180253681617e-05,2.28402541668774,2.47685002244467
joint_categories,landweber,2.26373931859394e-05,2.16183424272828,2.43724845418038
joint_categories,landweber,0.000708049136404276,3.33964685192599,3.21879940077252
joint_categories,landweber,0.000845548731189756,3.11700001661268,3.15930254286613
joint_categories,landweber,0.000109833523719097,3.33964685192599,3.23678908333968
joint_categories,landweber,0.000165976276440443,3.11700001661268,3.1768098341062
joint_categories,landweber,8.832497425286e-05,3.01375270747048,3.33612053255885
joint_categories,landweber,0.000184725806409608,2.82211880039051,3.27347772161818
joint_categories,landweber,1.85832435528966e-05,3.01375270747048,3.35506143672743
joint_categories,landweber,4.91138044411409e-05,2.82211880039051,3.29191072755877
joint_categories,landweber,0.000452414397663194,3.33964685192599,3.23549625361542
joint_categories,landweber,0.00036000260607534,3.11700001661268,3.17555167146648
joint_categories,landweber,8.72311292294187e-05,3.33964685192599,3.25362131168448
joint_categories,landweber,8.66719413123188e-05,3.11700001661268,3.1931907081295
joint_categories,landweber,0.000341418151765541,3.01375270747048,3.35370024740004
joint_categories,landweber,0.000475800222749539,2.82211880039051,3.29058603837103
joint_categories,landweber,8.92869861565941e-05,3.01375270747048,3.37278368517915
joint_categories,landweber,0.000155155134085692,2.82211880039051,3.30915775589931
joint_categories,landweber,9.25876513860307e-05,3.33964685192599,3.25231875319084
joint_categories,landweber,6.16861966683259e-05,3.11700001661268,3.19192307759627
joint_categories,landweber,2.2536730520206e-05,3.33964685192599,3.2705802054861
joint_categories,landweber,1.92429660786337e-05,3.11700001661268,3.20969485108956
joint_categories,landweber,0.000422701048119135,3.01375270747048,3.37141225266444
joint_categories,landweber,0.000493215887813269,2.82211880039051,3.30782309819417
joint_categories,landweber,0.000139552508784511,3.01375270747048,3.39063929664437
joint_categories,landweber,0.000208396158229978,2.82211880039051,3.32653457113905
joint_categories,landweber,1.22391596039078e-05,3.33964685192599,3.2692678450124
joint_categories,landweber,7.63663369779645e-06,3.11700001661268,3.20841768141526
joint_categories,landweber,4.08255775233226e-06,3.33964685192599,3.28766671792422
joint_categories,landweber,3.30550696389573e-06,3.11700001661268,3.22632319060664
joint_categories,landweber,0.000338035197159558,3.01375270747048,3.38925754386056
joint_categories,landweber,0.000369386560861724,2.82211880039051,3.32518986990168
joint_categories,landweber,0.000152935793628027,3.01375270747048,3.40862927470305
joint_categories,landweber,0.000216563787431187,2.82211880039051,3.34404214994707
joint_categories,landweber,0.000100737033519551,3.33964685192599,3.05738451264023
joint_categories,landweber,0.000111203829258249,3.11700001661268,3.00221597691557
joint_categories,landweber,0.000571900942353418,3.33964685192599,3.07406546824536
joint_categories,landweber,0.000798890491568475,3.11700001661268,3.0184496345608
joint_categories,landweber,1.25663537097284e-05,3.01375270747048,3.16617067846421
joint_categories,landweber,2.42945394840365e-05,2.82211880039051,3.10808505386349
joint_categories,landweber,9.67625743035028e-05,3.01375270747048,3.18373365548606
joint_categories,landweber,0.000236398551734351,2.82211880039051,3.12517708161975
joint_categories,landweber,5.01559389170155e-05,3.33964685192599,3.07286669027054
joint_categories,landweber,3.70607176682522e-05,3.11700001661268,3.01728300168338
joint_categories,landweber,0.000353930163507669,3.33964685192599,3.08967317297872
joint_categories,landweber,0.000326547858043721,3.11700001661268,3.03363882043643
joint_categories,landweber,3.78505813554172e-05,3.01375270747048,3.18247149098396
joint_categories,landweber,4.89815835336534e-05,2.82211880039051,3.12394876191768
joint_categories,landweber,0.000362271563932165,3.01375270747048,3.20016663247399
joint_categories,landweber,0.00058456723055963,2.82211880039051,3.14116941016668
joint_categories,landweber,8.05748416310047e-06,3.33964685192599,3.08846537399036
joint_categories,landweber,5.03270527939506e-06,3.11700001661268,3.03246340844293
joint_categories,landweber,7.17790059150192e-05,3.33964685192599,3.10539832841495
joint_categories,landweber,5.74573581266336e-05,3.11700001661268,3.04894230758745
joint_categories,landweber,3.67857586833634e-05,3.01375270747048,3.19889496996366
joint_categories,landweber,4.02393134371e-05,2.82211880039051,3.13993184714442
joint_categories,landweber,0.000444471763307377,3.01375270747048,3.21672327048257
joint_categories,landweber,0.000622247768182139,2.82211880039051,3.15728208377783
joint_categories,landweber,8.48129827155301e-07,3.33964685192599,3.10418144052835
joint_categories,landweber,5.03067917497641e-07,3.11700001661268,3.0477580504135
joint_categories,landweber,1.03538819840664e-05,3.33964685192599,3.1212418183911
joint_categories,landweber,7.96934949911911e-06,3.11700001661268,3.06436095615093
joint_categories,landweber,2.3424625760073e-05,3.01375270747048,3.21544203848985
joint_categories,landweber,2.4333565714687e-05,2.82211880039051,3.15603520787777
joint_categories,landweber,0.000387864484576986,3.01375270747048,3.23340450008259
joint_categories,landweber,0.000522120367539033,2.82211880039051,3.17351600807081
joint_categories,pmmr,0.00174025820357453,1.77880078307141,2.14986152224475
joint_categories,pmmr,0.00185715841286508,1.70468808971871,2.23038258454423
joint_categories,pmmr,0.000153781324673641,1.77880078307141,2.1423359012246
joint_categories,pmmr,0.000206020115638397,1.70468808971871,2.19470222401204
joint_categories,pmmr,0.000218590353129231,1.67032004603564,2.13508903761568
joint_categories,pmmr,0.000405237579754544,1.60653065971263,2.18033049249405
joint_categories,pmmr,2.61991607316705e-05,1.67032004603564,2.1204237768649
joint_categories,pmmr,6.08890250111459e-05,1.60653065971263,2.13979227992149
joint_categories,pmmr,0.00111195371404149,1.77880078307141,2.15471491702149
joint_categories,pmmr,0.000790707671674256,1.70468808971871,2.24107060992943
joint_categories,pmmr,0.000122135010800397,1.77880078307141,2.14584279719032
joint_categories,pmmr,0.000107582624184099,1.70468808971871,2.2023173804509
joint_categories,pmmr,0.000844955970725827,1.67032004603564,2.13902619689316
joint_categories,pmmr,0.00104377474085108,1.60653065971263,2.18784969885941
joint_categories,pmmr,0.000125879214514111,1.67032004603564,2.12324608993163
joint_categories,pmmr,0.000192354164932859,1.60653065971263,2.14480734769349
joint_categories,pmmr,0.000227563895766465,1.77880078307141,2.15253907369415
joint_categories,pmmr,0.000135487210700482,1.70468808971871,2.2412076625446
joint_categories,pmmr,3.15543757120446e-05,1.77880078307141,2.14280585544639
joint_categories,pmmr,2.38855707681118e-05,1.70468808971871,2.20119059354367
joint_categories,pmmr,0.00104611829392598,1.67032004603564,2.13646900348463
joint_categories,pmmr,0.00108197991693023,1.60653065971263,2.18696596947359
joint_categories,pmmr,0.000196744911497615,1.67032004603564,2.12035649746583
joint_categories,pmmr,0.000258359926197505,1.60653065971263,2.14338005045229
joint_categories,pmmr,3.00816663850815e-05,1.77880078307141,2.14360773680473
joint_categories,pmmr,1.67730587187752e-05,1.70468808971871,2.23079284987618
joint_categories,pmmr,5.71611579007489e-06,1.77880078307141,2.13359850659092
joint_categories,pmmr,4.10300159486762e-06,1.70468808971871,2.19147697754878
joint_categories,pmmr,0.000836583692690115,1.67032004603564,2.12772770833484
joint_categories,pmmr,0.000810332453417692,1.60653065971263,2.17779856724559
joint_categories,pmmr,0.000215613029419814,1.67032004603564,2.11209653352374
joint_categories,pmmr,0.000268485775424074,1.60653065971263,2.13568643006938
joint_categories,pmmr,0.00024759362023438,1.77880078307141,2.11371985941752
joint_categories,pmmr,0.000244247456629939,1.70468808971871,2.18852917512478
joint_categories,pmmr,0.000800736255372642,1.77880078307141,2.11882271135462
joint_categories,pmmr,0.000991632750084089,1.70468808971871,2.16721323151967
joint_categories,pmmr,3.10997395492295e-05,1.67032004603564,2.09865090313344
joint_categories,pmmr,5.32955333806034e-05,1.60653065971263,2.13841340014229
joint_categories,pmmr,0.000136418501418851,1.67032004603564,2.09506346166516
joint_categories,pmmr,0.00029307599956753,1.60653065971263,2.10995291010979
joint_categories,pmmr,0.000123274331780955,1.77880078307141,2.11648586386564
joint_categories,pmmr,8.13999490101135e-05,1.70468808971871,2.19590797096556
joint_categories,pmmr,0.000495548604316552,1.77880078307141,2.1203805820131
joint_categories,pmmr,0.000405331586648643,1.70468808971871,2.17185716185887
joint_categories,pmmr,9.36742072626127e-05,1.67032004603564,2.1008325021742
joint_categories,pmmr,0.000107452113754531,1.60653065971263,2.14324011047213
joint_categories,pmmr,0.000510740275504435,1.67032004603564,2.09625251404871
joint_categories,pmmr,0.000724719437381358,1.60653065971263,2.11253502576307
joint_categories,pmmr,1.98038556846727e-05,1.77880078307141,2.11390440280908
joint_categories,pmmr,1.10538051851225e-05,1.70468808971871,2.19479704314244
joint_categories,pmmr,0.000100500013471292,1.77880078307141,2.11652860765404
joint_categories,pmmr,7.13196597694096e-05,1.70468808971871,2.16913605426177
joint_categories,pmmr,9.10389394250258e-05,1.67032004603564,2.09819266226875
joint_categories,pmmr,8.82739791758016e-05,1.60653065971263,2.14165555172003
joint_categories,pmmr,0.000626628345823079,1.67032004603564,2.09291455012141
joint_categories,pmmr,0.00077143402656534,1.60653065971263,2.11008940835825
joint_categories,pmmr,2.0845515000537e-06,1.77880078307141,2.10628775248813
joint_categories,pmmr,1.10493550609278e-06,1.70468808971871,2.18535230854984
joint_categories,pmmr,1.44967914449915e-05,1.77880078307141,2.10772913384597
joint_categories,pmmr,9.89205409702311e-06,1.70468808971871,2.15939917285146
joint_categories,pmmr,5.79722469225475e-05,1.67032004603564,2.09103936496762
joint_categories,pmmr,5.33811461900052e-05,1.60653065971263,2.13385841221365
joint_categories,pmmr,0.000546821869100191,1.67032004603564,2.08543438945808
joint_categories,pmmr,0.000647300702514553,1.60653065971263,2.10290734159603
joint_categories,pmmr,0.000217422827268939,2.22140275816017,2.52612487770959
joint_categories,pmmr,0.000298198692714622,2.10517091807565,2.60372598095506
joint_categories,pmmr,2.5934829145966e-05,2.22140275816017,2.49938152815829
joint_categories,pmmr,4.46534230144018e-05,2.10517091807565,2.54674057052564
joint_categories,pmmr,2.73328081314994e-05,2.05127109637602,2.49872999643982
joint_categories,pmmr,6.49841175686607e-05,1.95122942450071,2.53827539712051
joint_categories,pmmr,4.42210433327707e-06,2.05127109637602,2.46456479728002
joint_categories,pmmr,1.3180287317488e-05,1.95122942450071,2.47571858533777
joint_categories,pmmr,0.000138924281352335,2.22140275816017,2.54413267875595
joint_categories,pmmr,0.000126961702555535,2.10517091807565,2.62840524986054
joint_categories,pmmr,2.05977588278114e-05,2.22140275816017,2.51443955689016
joint_categories,pmmr,2.33177833718129e-05,2.10517091807565,2.56606877038886
joint_categories,pmmr,0.000105654339712604,2.05127109637602,2.51659011034809
joint_categories,pmmr,0.000167380282242702,1.95122942450071,2.56011416549621
joint_categories,pmmr,2.12469027414097e-05,2.05127109637602,2.47974638759205
joint_categories,pmmr,4.163776904075e-05,1.95122942450071,2.49285870052165
joint_categories,pmmr,2.84311750407215e-05,2.22140275816017,2.53635761464387
joint_categories,pmmr,2.1754799607054e-05,2.10517091807565,2.62312802519
joint_categories,pmmr,5.32156518118335e-06,2.22140275816017,2.5054298768557
joint_categories,pmmr,5.17703085518578e-06,2.10517091807565,2.55892040138699
joint_categories,pmmr,0.000130807925424896,2.05127109637602,2.51000354608815
joint_categories,pmmr,0.000173506884952062,1.95122942450071,2.55547725863377
joint_categories,pmmr,3.32081830633641e-05,2.05127109637602,2.47255652129279
joint_categories,pmmr,5.59256460090264e-05,1.95122942450071,2.48719231511947
joint_categories,pmmr,3.75831640441126e-06,2.22140275816017,2.50401630901419
joint_categories,pmmr,2.69320277048856e-06,2.10517091807565,2.58876740702921
joint_categories,pmmr,9.64008384690171e-07,2.22140275816017,2.47373260064507
joint_categories,pmmr,8.89296976058208e-07,2.10517091807565,2.52642791582164
joint_categories,pmmr,0.000104607459711278,2.05127109637602,2.47997778752266
joint_categories,pmmr,0.000129945350711285,1.95122942450071,2.52509818148083
joint_categories,pmmr,3.63928952333109e-05,2.05127109637602,2.44406834006576
joint_categories,pmmr,5.811752873527e-05,1.95122942450071,2.45957788738678
joint_categories,pmmr,3.09336308914031e-05,2.22140275816017,2.47116983652627
joint_categories,pmmr,3.92181257998104e-05,2.10517091807565,2.54416333173842
joint_categories,pmmr,0.000135042132184401,2.22140275816017,2.4650611494235
joint_categories,pmmr,0.00021492948165391,2.10517091807565,2.50965095695128
joint_categories,pmmr,3.88874990076138e-06,2.05127109637602,2.44421469966251
joint_categories,pmmr,8.54650057180629e-06,1.95122942450071,2.47871378988407
joint_categories,pmmr,2.30258080570583e-05,2.05127109637602,2.42860078519163
joint_categories,pmmr,6.34404291980849e-05,1.95122942450071,2.43570464490459
joint_categories,pmmr,1.54015385133373e-05,2.22140275816017,2.48552727701332
joint_categories,pmmr,1.30701604201904e-05,2.10517091807565,2.56365804448148
joint_categories,pmmr,8.35730113116567e-05,2.22140275816017,2.47700251692463
joint_categories,pmmr,8.78527941003989e-05,2.10517091807565,2.52459102445957
joint_categories,pmmr,1.17131387425208e-05,2.05127109637602,2.45882773172161
joint_categories,pmmr,1.72310791053856e-05,1.95122942450071,2.49608022227555
joint_categories,pmmr,8.62068372578466e-05,2.05127109637602,2.4410536803872
joint_categories,pmmr,0.000156875732654711,1.95122942450071,2.44907651661291
joint_categories,pmmr,2.47423645809763e-06,2.22140275816017,2.47727118047423
joint_categories,pmmr,1.77487834795981e-06,2.10517091807565,2.556764928785
joint_categories,pmmr,1.69490715733964e-05,2.22140275816017,2.46690750552927
joint_categories,pmmr,1.54580387796516e-05,2.10517091807565,2.51531636135937
joint_categories,pmmr,1.13836215925243e-05,2.05127109637602,2.4520908012475
joint_categories,pmmr,1.41556630668073e-05,1.95122942450071,2.49042657718742
joint_categories,pmmr,0.000105767354603416,2.05127109637602,2.43320163439058
joint_categories,pmmr,0.000166987763636494,1.95122942450071,2.44196254620165
joint_categories,pmmr,2.6043783606274e-07,2.22140275816017,2.44765359520389
joint_categories,pmmr,1.77416380405872e-07,2.10517091807565,2.52458004628425
joint_categories,pmmr,2.44484699353745e-06,2.22140275816017,2.43628968712138
joint_categories,pmmr,2.14403372557565e-06,2.10517091807565,2.48325795760504
joint_categories,pmmr,7.24892146154825e-06,2.05127109637602,2.42500231362372
joint_categories,pmmr,8.56022948824815e-06,1.95122942450071,2.46261480263017
joint_categories,pmmr,9.22969778171376e-05,2.05127109637602,2.40619097175528
joint_categories,pmmr,0.000140117356755045,1.95122942450071,2.41541255733454
joint_categories,pmmr,0.000205349404718872,2.49182469764127,2.4714055494883
joint_categories,pmmr,0.000272007536725472,2.349858807576,2.57194444848733
joint_categories,pmmr,1.81461023506442e-05,2.49182469764127,2.44256502485021
joint_categories,pmmr,3.01746064215624e-05,2.349858807576,2.50870872013516
joint_categories,pmmr,3.56687614762618e-05,2.28402541668774,2.42734852592156
joint_categories,pmmr,8.2071715817762e-05,2.16183424272828,2.48343049268248
joint_categories,pmmr,4.27508168424856e-06,2.28402541668774,2.39458063920054
joint_categories,pmmr,1.23316962858239e-05,2.16183424272828,2.41958229659255
joint_categories,pmmr,0.000131209858849879,2.49182469764127,2.48848621467814
joint_categories,pmmr,0.00011581050089865,2.349858807576,2.59659966322688
joint_categories,pmmr,1.4411856649593e-05,2.49182469764127,2.45690533394834
joint_categories,pmmr,1.57570212621948e-05,2.349858807576,2.52798149408941
joint_categories,pmmr,0.000137876775193024,2.28402541668774,2.44232912097961
joint_categories,pmmr,0.000211392990651992,2.16183424272828,2.50271442818609
joint_categories,pmmr,2.05405024194666e-05,2.28402541668774,2.40738234913449
joint_categories,pmmr,3.89569900459249e-05,2.16183424272828,2.43459470081176
joint_categories,pmmr,2.68524006582278e-05,2.49182469764127,2.48276057172682
joint_categories,pmmr,1.98440489433469e-05,2.349858807576,2.59308329710642
joint_categories,pmmr,3.72339705420413e-06,2.49182469764127,2.45020142181383
joint_categories,pmmr,3.49838507200517e-06,2.349858807576,2.52283587314278
joint_categories,pmmr,0.000170701695513249,2.28402541668774,2.43668191139997
joint_categories,pmmr,0.000219130585856846,2.16183424272828,2.49849941498135
joint_categories,pmmr,3.2104103495033e-05,2.28402541668774,2.40147251672877
joint_categories,pmmr,5.23249656520579e-05,2.16183424272828,2.4297367773583
joint_categories,pmmr,3.54961825345226e-06,2.49182469764127,2.45511926364718
joint_categories,pmmr,2.45665547636684e-06,2.349858807576,2.56199820077846
joint_categories,pmmr,6.7449817066514e-07,2.49182469764127,2.42346593033644
joint_categories,pmmr,6.0094354324835e-07,2.349858807576,2.49409478010974
joint_categories,pmmr,0.000136510617977055,2.28402541668774,2.41125466602914
joint_categories,pmmr,0.000164114529741021,2.16183424272828,2.47145489437423
joint_categories,pmmr,3.51829328579878e-05,2.28402541668774,2.37771246859936
joint_categories,pmmr,5.43757276288712e-05,2.16183424272828,2.40573960597269
joint_categories,pmmr,2.92158959072207e-05,2.49182469764127,2.41570095897768
joint_categories,pmmr,3.57735498324438e-05,2.349858807576,2.50835843184722
joint_categories,pmmr,9.44863888817453e-05,2.49182469764127,2.40648199945589
joint_categories,pmmr,0.000145238865902967,2.349858807576,2.46733913196791
joint_categories,pmmr,5.07473992367594e-06,2.28402541668774,2.374659453609
joint_categories,pmmr,1.07938061238504e-05,2.16183424272828,2.42339615919183
joint_categories,pmmr,2.22602640894283e-05,2.28402541668774,2.35900633659208
joint_categories,pmmr,5.93559219361692e-05,2.16183424272828,2.37817156555161
joint_categories,pmmr,1.45462958291704e-05,2.49182469764127,2.42929511532949
joint_categories,pmmr,1.19221922408126e-05,2.349858807576,2.52779423856318
joint_categories,pmmr,5.84744325276865e-05,2.49182469764127,2.41784914580783
joint_categories,pmmr,5.93666354348492e-05,2.349858807576,2.48222228361295
joint_categories,pmmr,1.52854090196409e-05,2.28402541668774,2.38679979772744
joint_categories,pmmr,2.17619978616527e-05,2.16183424272828,2.43852925940499
joint_categories,pmmr,8.33407000926419e-05,2.28402541668774,2.36940198757135
joint_categories,pmmr,0.000146775547688341,2.16183424272828,2.38967222342859
joint_categories,pmmr,2.33684287057683e-06,2.49182469764127,2.42319467401532
joint_categories,pmmr,1.61898861132147e-06,2.349858807576,2.52278389738032
joint_categories,pmmr,1.18589401838062e-05,2.49182469764127,2.41022386677691
joint_categories,pmmr,1.04457890288679e-05,2.349858807576,2.47512251532263
joint_categories,pmmr,1.48553958073498e-05,2.28402541668774,2.3811954594759
joint_categories,pmmr,1.78779000146227e-05,2.16183424272828,2.43354572997021
joint_categories,pmmr,0.000102250884732383,2.28402541668774,2.36304885419221
joint_categories,pmmr,0.000156236532255403,2.16183424272828,2.38361979610777
joint_categories,pmmr,2.45975803339188e-07,2.49182469764127,2.39831406845
joint_categories,pmmr,1.61833682668536e-07,2.349858807576,2.49413481083987
joint_categories,pmmr,1.71061253292644e-06,2.49182469764127,2.3847277223922
joint_categories,pmmr,1.44883347023442e-06,2.349858807576,2.44713196664989
joint_categories,pmmr,9.4596958105503e-06,2.28402541668774,2.35865851325482
joint_categories,pmmr,1.0811145064054e-05,2.16183424272828,2.40920152228743
joint_categories,pmmr,8.92283604455648e-05,2.28402541668774,2.34084880390999
joint_categories,pmmr,0.000131096132144483,2.16183424272828,2.36089413574119
joint_categories,pmmr,3.39238318341238e-05,3.33964685192599,2.94273988026386
joint_categories,pmmr,5.77016444067416e-05,3.11700001661268,3.03873149743609
joint_categories,pmmr,4.04653363055672e-06,3.33964685192599,2.88485873915142
joint_categories,pmmr,8.64046690770244e-06,3.11700001661268,2.94473024802402
joint_categories,pmmr,5.89062051576216e-06,3.01375270747048,2.87709049726773
joint_categories,pmmr,1.73764283013827e-05,2.82211880039051,2.92614594645735
joint_categories,pmmr,9.53028257584074e-07,3.01375270747048,2.81644238483441
joint_categories,pmmr,3.5243429646016e-06,2.82211880039051,2.83180384330039
joint_categories,pmmr,2.16759390790353e-05,3.33964685192599,2.97969122472598
joint_categories,pmmr,2.4567173475656e-05,3.11700001661268,3.08408380090564
joint_categories,pmmr,3.213806551095e-06,3.33964685192599,2.9164458934912
joint_categories,pmmr,4.51200651560671e-06,3.11700001661268,2.98121556708885
joint_categories,pmmr,2.2770057803652e-05,3.01375270747048,2.91250784298736
joint_categories,pmmr,4.4756651044503e-05,2.82211880039051,2.96619290394896
joint_categories,pmmr,4.57901875953665e-06,3.01375270747048,2.84723455402637
joint_categories,pmmr,1.1133731370618e-05,2.82211880039051,2.86431479633233
joint_categories,pmmr,4.43603099565509e-06,3.33964685192599,2.96578963982526
joint_categories,pmmr,4.20956812264588e-06,3.11700001661268,3.07252134573487
joint_categories,pmmr,8.30307859429547e-07,3.33964685192599,2.9012487827023
joint_categories,pmmr,1.00175889695982e-06,3.11700001661268,2.96735206654079
joint_categories,pmmr,2.8191023967427e-05,3.01375270747048,2.90103501253473
joint_categories,pmmr,4.639487399333e-05,2.82211880039051,2.95640234733621
joint_categories,pmmr,7.1568498744482e-06,3.01375270747048,2.83526557213602
joint_categories,pmmr,1.49542382730301e-05,2.82211880039051,2.8533282930888
joint_categories,pmmr,5.86398839920204e-07,3.33964685192599,2.90358549640852
joint_categories,pmmr,5.21136518618822e-07,3.11700001661268,3.00625181720377
joint_categories,pmmr,1.50411337851215e-07,3.33964685192599,2.8419825231818
joint_categories,pmmr,1.72079553459374e-07,3.11700001661268,2.90568049312472
joint_categories,pmmr,2.25444398289572e-05,3.01375270747048,2.84472383682674
joint_categories,pmmr,3.47467374216004e-05,2.82211880039051,2.8985701155163
joint_categories,pmmr,7.84320199585596e-06,3.01375270747048,2.78261715396789
joint_categories,pmmr,1.5540336760824e-05,2.82211880039051,2.80077760542588
joint_categories,pmmr,4.82648167885698e-06,3.33964685192599,2.86067953149441
joint_categories,pmmr,7.58873329926089e-06,3.11700001661268,2.95043332246255
joint_categories,pmmr,2.10702189843137e-05,3.33964685192599,2.83376297668183
joint_categories,pmmr,4.15889969537452e-05,3.11700001661268,2.89006405411392
joint_categories,pmmr,8.3808256494853e-07,3.01375270747048,2.79992704838532
joint_categories,pmmr,2.28529154461177e-06,2.82211880039051,2.84223520949063
joint_categories,pmmr,4.96239891197264e-06,3.01375270747048,2.76679222013131
joint_categories,pmmr,1.6963653745159e-05,2.82211880039051,2.7768974683715
joint_categories,pmmr,2.40305587539326e-06,3.33964685192599,2.89177265412394
joint_categories,pmmr,2.52908469195281e-06,3.11700001661268,2.98779693130775
joint_categories,pmmr,1.30396463757741e-05,3.33964685192599,2.8606890505599
joint_categories,pmmr,1.69995738048765e-05,3.11700001661268,2.92015444643989
joint_categories,pmmr,2.5243529698343e-06,3.01375270747048,2.83031360959183
joint_categories,pmmr,4.60750444620304e-06,2.82211880039051,2.87556040448847
joint_categories,pmmr,1.85788361630073e-05,3.01375270747048,2.79364602204702
joint_categories,pmmr,4.19477869776609e-05,2.82211880039051,2.80404648949489
joint_categories,pmmr,3.86047695987961e-07,3.33964685192599,2.8775070790638
joint_categories,pmmr,3.43440135055226e-07,3.11700001661268,2.97435504670768
joint_categories,pmmr,2.64451281874473e-06,3.33964685192599,2.84429546524827
joint_categories,pmmr,2.99114073495515e-06,3.11700001661268,2.90370639431044
joint_categories,pmmr,2.45333719733385e-06,3.01375270747048,2.81887111709793
joint_categories,pmmr,3.78515356585425e-06,2.82211880039051,2.86465521971457
joint_categories,pmmr,2.27944141680328e-05,3.01375270747048,2.7810101083472
joint_categories,pmmr,4.4651693530684e-05,2.82211880039051,2.79135086813459
joint_categories,pmmr,4.06353346831752e-08,3.33964685192599,2.82042003116022
joint_categories,pmmr,3.43301870337436e-08,3.11700001661268,2.91258440042213
joint_categories,pmmr,3.81462145951849e-07,3.33964685192599,2.78744759052099
joint_categories,pmmr,4.14871944953906e-07,3.11700001661268,2.84365900408822
joint_categories,pmmr,1.56224875516303e-06,3.01375270747048,2.76758449391264
joint_categories,pmmr,2.28896258826264e-06,2.82211880039051,2.81145186728131
joint_categories,pmmr,1.98913506602313e-05,3.01375270747048,2.73103442563897
joint_categories,pmmr,3.74666810064907e-05,2.82211880039051,2.74098792232916
joint_categories,pmmr,0.00111195371404149,1.77880078307141,2.14986152224475
joint_categories,pmmr,0.00108763265079501,1.70468808971871,2.23038258454423
joint_categories,pmmr,0.000130541965321263,1.77880078307141,2.1423359012246
joint_categories,pmmr,0.000159893967251896,1.70468808971871,2.19470222401204
joint_categories,pmmr,0.000102157130587946,1.67032004603564,2.13508903761568
joint_categories,pmmr,0.000172534804216459,1.60653065971263,2.18033049249405
joint_categories,pmmr,1.62666679880279e-05,1.67032004603564,2.1204237768649
joint_categories,pmmr,3.43554140825183e-05,1.60653065971263,2.13979227992149
joint_categories,pmmr,0.000710492879522693,1.77880078307141,2.15471491702149
joint_categories,pmmr,0.000463072764816157,1.70468808971871,2.24107060992943
joint_categories,pmmr,0.000103678027083287,1.77880078307141,2.14584279719032
joint_categories,pmmr,8.34957913447523e-05,1.70468808971871,2.2023173804509
joint_categories,pmmr,0.000394886033197775,1.67032004603564,2.13902619689316
joint_categories,pmmr,0.000444399728840319,1.60653065971263,2.18784969885941
joint_categories,pmmr,7.81565260836593e-05,1.67032004603564,2.12324608993163
joint_categories,pmmr,0.000108531988902034,1.60653065971263,2.14480734769349
joint_categories,pmmr,0.000145404008761183,1.77880078307141,2.15253907369415
joint_categories,pmmr,7.93471968261721e-05,1.70468808971871,2.2412076625446
joint_categories,pmmr,2.67858937271978e-05,1.77880078307141,2.14280585544639
joint_categories,pmmr,1.85377950029531e-05,1.70468808971871,2.20119059354367
joint_categories,pmmr,0.000488898259384093,1.67032004603564,2.13646900348463
joint_categories,pmmr,0.000460666044957554,1.60653065971263,2.18696596947359
joint_categories,pmmr,0.000122155979973698,1.67032004603564,2.12035649746583
joint_categories,pmmr,0.000145774419038889,1.60653065971263,2.14338005045229
joint_categories,pmmr,1.92209527257176e-05,1.77880078307141,2.14360773680473
joint_categories,pmmr,9.82303189101573e-06,1.70468808971871,2.23079284987618
joint_categories,pmmr,4.85229913855844e-06,1.77880078307141,2.13359850659092
joint_categories,pmmr,3.18437449960332e-06,1.70468808971871,2.19147697754878
joint_categories,pmmr,0.000390973290076366,1.67032004603564,2.12772770833484
joint_categories,pmmr,0.000345008849587317,1.60653065971263,2.17779856724559
joint_categories,pmmr,0.000133870912865741,1.67032004603564,2.11209653352374
joint_categories,pmmr,0.000151487726864925,1.60653065971263,2.13568643006938
joint_categories,pmmr,0.000158202182312428,1.77880078307141,2.11371985941752
joint_categories,pmmr,0.000143041921929822,1.70468808971871,2.18852917512478
joint_categories,pmmr,0.000679729380028229,1.77880078307141,2.11882271135462
joint_categories,pmmr,0.000769614627079171,1.70468808971871,2.16721323151967
joint_categories,pmmr,1.45343109103422e-05,1.67032004603564,2.09865090313344
joint_categories,pmmr,2.26912183786208e-05,1.60653065971263,2.13841340014229
joint_categories,pmmr,8.47002120690936e-05,1.67032004603564,2.09506346166516
joint_categories,pmmr,0.000165362268831655,1.60653065971263,2.10995291010979
joint_categories,pmmr,7.87672488991916e-05,1.77880078307141,2.11648586386564
joint_categories,pmmr,4.76713465599663e-05,1.70468808971871,2.19590797096556
joint_categories,pmmr,0.000420661539084662,1.77880078307141,2.1203805820131
joint_categories,pmmr,0.000314581298243277,1.70468808971871,2.17185716185887
joint_categories,pmmr,4.37781818230173e-05,1.67032004603564,2.1008325021742
joint_categories,pmmr,4.5749037935998e-05,1.60653065971263,2.14324011047213
joint_categories,pmmr,0.000317111016449526,1.67032004603564,2.09625251404871
joint_categories,pmmr,0.00040890844220824,1.60653065971263,2.11253502576307
joint_categories,pmmr,1.26538526499584e-05,1.77880078307141,2.11390440280908
joint_categories,pmmr,6.47358854881906e-06,1.70468808971871,2.19479704314244
joint_categories,pmmr,8.53125000789169e-05,1.77880078307141,2.11652860765404
joint_categories,pmmr,5.53517956644666e-05,1.70468808971871,2.16913605426177
joint_categories,pmmr,4.25466023101766e-05,1.67032004603564,2.09819266226875
joint_categories,pmmr,3.75837150239862e-05,1.60653065971263,2.14165555172003
joint_categories,pmmr,0.000389064190177256,1.67032004603564,2.09291455012141
joint_categories,pmmr,0.000435266214480281,1.60653065971263,2.11008940835825
joint_categories,pmmr,1.33194302881859e-06,1.77880078307141,2.10628775248813
joint_categories,pmmr,6.47098236275508e-07,1.70468808971871,2.18535230854984
joint_categories,pmmr,1.23060433384734e-05,1.77880078307141,2.10772913384597
joint_categories,pmmr,7.67730747525417e-06,1.70468808971871,2.15939917285146
joint_categories,pmmr,2.70930455738917e-05,1.67032004603564,2.09103936496762
joint_categories,pmmr,2.27276690684051e-05,1.60653065971263,2.13385841221365
joint_categories,pmmr,0.000339513539549879,1.67032004603564,2.08543438945808
joint_categories,pmmr,0.000365226470069469,1.60653065971263,2.10290734159603
joint_categories,pmmr,0.00017267987132443,2.22140275816017,2.52612487770959
joint_categories,pmmr,0.000215592621754242,2.10517091807565,2.60372598095506
joint_categories,pmmr,2.73648768428543e-05,2.22140275816017,2.49938152815829
joint_categories,pmmr,4.27830832863072e-05,2.10517091807565,2.54674057052564
joint_categories,pmmr,1.57268216024432e-05,2.05127109637602,2.49872999643982
joint_categories,pmmr,3.39343654703859e-05,1.95122942450071,2.53827539712051
joint_categories,pmmr,3.38033094889078e-06,2.05127109637602,2.46456479728002
joint_categories,pmmr,9.1210859764716e-06,1.95122942450071,2.47571858533777
joint_categories,pmmr,0.000110335365099851,2.22140275816017,2.54413267875595
joint_categories,pmmr,9.1791168053594e-05,2.10517091807565,2.62840524986054
joint_categories,pmmr,2.17335202167524e-05,2.22140275816017,2.51443955689016
joint_categories,pmmr,2.23411017723454e-05,2.10517091807565,2.56606877038886
joint_categories,pmmr,6.0791666344343e-05,2.05127109637602,2.51659011034809
joint_categories,pmmr,8.74051057807916e-05,1.95122942450071,2.56011416549621
joint_categories,pmmr,1.62414899088632e-05,2.05127109637602,2.47974638759205
joint_categories,pmmr,2.88143696826126e-05,1.95122942450071,2.49285870052165
joint_categories,pmmr,2.25803873001862e-05,2.22140275816017,2.53635761464387
joint_categories,pmmr,1.57283529324906e-05,2.10517091807565,2.62312802519
joint_categories,pmmr,5.6149965351499e-06,2.22140275816017,2.5054298768557
joint_categories,pmmr,4.96018731154742e-06,2.10517091807565,2.55892040138699
joint_categories,pmmr,7.52646013335254e-05,2.05127109637602,2.51000354608815
joint_categories,pmmr,9.06043855926874e-05,1.95122942450071,2.55547725863377
joint_categories,pmmr,2.53848938209769e-05,2.05127109637602,2.47255652129279
joint_categories,pmmr,3.87019351893208e-05,1.95122942450071,2.48719231511947
joint_categories,pmmr,2.98490090144709e-06,2.22140275816017,2.50401630901419
joint_categories,pmmr,1.94714014645626e-06,2.10517091807565,2.58876740702921
joint_categories,pmmr,1.01716385228736e-06,2.22140275816017,2.47373260064507
joint_categories,pmmr,8.52048152740461e-07,2.10517091807565,2.52642791582164
joint_categories,pmmr,6.01893098304859e-05,2.05127109637602,2.47997778752266
joint_categories,pmmr,6.78567808134828e-05,1.95122942450071,2.52509818148083
joint_categories,pmmr,2.7819341382598e-05,2.05127109637602,2.44406834006576
joint_categories,pmmr,4.02187724414105e-05,1.95122942450071,2.45957788738678
joint_categories,pmmr,2.45678683743618e-05,2.22140275816017,2.47116983652627
joint_categories,pmmr,2.83540430190967e-05,2.10517091807565,2.54416333173842
joint_categories,pmmr,0.000142488361694003,2.22140275816017,2.4650611494235
joint_categories,pmmr,0.000205927010597068,2.10517091807565,2.50965095695128
joint_categories,pmmr,2.23751894249433e-06,2.05127109637602,2.44421469966251
joint_categories,pmmr,4.46293778768493e-06,1.95122942450071,2.47871378988407
joint_categories,pmmr,1.7601315060066e-05,2.05127109637602,2.42860078519163
joint_categories,pmmr,4.39023516833529e-05,1.95122942450071,2.43570464490459
joint_categories,pmmr,1.22320904483118e-05,2.22140275816017,2.48552727701332
joint_categories,pmmr,9.44950538208441e-06,2.10517091807565,2.56365804448148
joint_categories,pmmr,8.81812310795837e-05,2.22140275816017,2.47700251692463
joint_categories,pmmr,8.41730186221093e-05,2.10517091807565,2.52459102445957
joint_categories,pmmr,6.73953596432704e-06,2.05127109637602,2.45882773172161
joint_categories,pmmr,8.99797916303898e-06,1.95122942450071,2.49608022227555
joint_categories,pmmr,6.58979567252177e-05,2.05127109637602,2.4410536803872
joint_categories,pmmr,0.000108561900867446,1.95122942450071,2.44907651661291
joint_categories,pmmr,1.96506888709541e-06,2.22140275816017,2.47727118047423
joint_categories,pmmr,1.2832070886967e-06,2.10517091807565,2.556764928785
joint_categories,pmmr,1.78836441758035e-05,2.22140275816017,2.46690750552927
joint_categories,pmmr,1.48105680574478e-05,2.10517091807565,2.51531636135937
joint_categories,pmmr,6.54993753711793e-06,2.05127109637602,2.4520908012475
joint_categories,pmmr,7.39201303267898e-06,1.95122942450071,2.49042657718742
joint_categories,pmmr,8.08503452661144e-05,2.05127109637602,2.43320163439058
joint_categories,pmmr,0.000115559677301289,1.95122942450071,2.44196254620165
joint_categories,pmmr,2.06842917941173e-07,2.22140275816017,2.44765359520389
joint_categories,pmmr,1.28269048551648e-07,2.10517091807565,2.52458004628425
joint_categories,pmmr,2.57965597155982e-06,2.22140275816017,2.43628968712138
joint_categories,pmmr,2.05422937946706e-06,2.10517091807565,2.48325795760504
joint_categories,pmmr,4.17090311714114e-06,2.05127109637602,2.42500231362372
joint_categories,pmmr,4.47010695586758e-06,1.95122942450071,2.46261480263017
joint_categories,pmmr,7.05533626279569e-05,2.05127109637602,2.40619097175528
joint_categories,pmmr,9.69646887790524e-05,1.95122942450071,2.41541255733454
joint_categories,pmmr,0.00079377338989715,2.49182469764127,2.4714055494883
joint_categories,pmmr,0.000963705398045466,2.349858807576,2.57194444848733
joint_categories,pmmr,9.3187996072496e-05,2.49182469764127,2.44256502485021
joint_categories,pmmr,0.000141675297484793,2.349858807576,2.50870872013516
joint_categories,pmmr,0.000100845329948217,2.28402541668774,2.42734852592156
joint_categories,pmmr,0.000211392990651992,2.16183424272828,2.48343049268248
joint_categories,pmmr,1.60577875569691e-05,2.28402541668774,2.39458063920054
joint_categories,pmmr,4.20929200979051e-05,2.16183424272828,2.41958229659255
joint_categories,pmmr,0.000507188684524214,2.49182469764127,2.48848621467814
joint_categories,pmmr,0.000410309237052574,2.349858807576,2.59659966322688
joint_categories,pmmr,7.40110473813112e-05,2.49182469764127,2.45690533394834
joint_categories,pmmr,7.39820975162884e-05,2.349858807576,2.52798149408941
joint_categories,pmmr,0.000389815298066636,2.28402541668774,2.44232912097961
joint_categories,pmmr,0.000544487172609129,2.16183424272828,2.50271442818609
joint_categories,pmmr,7.71529174238875e-05,2.28402541668774,2.40738234913449
joint_categories,pmmr,0.00013297549917306,2.16183424272828,2.43459470081176
joint_categories,pmmr,0.000103797335699796,2.49182469764127,2.48276057172682
joint_categories,pmmr,7.03062029677612e-05,2.349858807576,2.59308329710642
joint_categories,pmmr,1.91212362500094e-05,2.49182469764127,2.45020142181383
joint_categories,pmmr,1.64255579300122e-05,2.349858807576,2.52283587314278
joint_categories,pmmr,0.000482620312404464,2.28402541668774,2.43668191139997
joint_categories,pmmr,0.000564416978809849,2.16183424272828,2.49849941498135
joint_categories,pmmr,0.000120587373927757,2.28402541668774,2.40147251672877
joint_categories,pmmr,0.000178605647371452,2.16183424272828,2.4297367773583
joint_categories,pmmr,1.37209675272298e-05,2.49182469764127,2.45511926364718
joint_categories,pmmr,8.70377406528301e-06,2.349858807576,2.56199820077846
joint_categories,pmmr,3.46383656744983e-06,2.49182469764127,2.42346593033644
joint_categories,pmmr,2.82153987600768e-06,2.349858807576,2.49409478010974
joint_categories,pmmr,0.00038595279851511,2.28402541668774,2.41125466602914
joint_categories,pmmr,0.000422711538387158,2.16183424272828,2.47145489437423
joint_categories,pmmr,0.000132151875260362,2.28402541668774,2.37771246859936
joint_categories,pmmr,0.000185605703002814,2.16183424272828,2.40573960597269
joint_categories,pmmr,0.000112933372097697,2.49182469764127,2.41570095897768
joint_categories,pmmr,0.000126743411214996,2.349858807576,2.50835843184722
joint_categories,pmmr,0.000485228015684802,2.49182469764127,2.40648199945589
joint_categories,pmmr,0.000681923046341805,2.349858807576,2.46733913196791
joint_categories,pmmr,1.43476756922183e-05,2.28402541668774,2.374659453609
joint_categories,pmmr,2.78017211447736e-05,2.16183424272828,2.42339615919183
joint_categories,pmmr,8.36125758782775e-05,2.28402541668774,2.35900633659208
joint_categories,pmmr,0.000202605061095189,2.16183424272828,2.37817156555161
joint_categories,pmmr,5.62283711831293e-05,2.49182469764127,2.42929511532949
joint_categories,pmmr,4.22395686432867e-05,2.349858807576,2.52779423856318
joint_categories,pmmr,0.000300291218656001,2.49182469764127,2.41784914580783
joint_categories,pmmr,0.000278737214278735,2.349858807576,2.48222228361295
joint_categories,pmmr,4.32160257934669e-05,2.28402541668774,2.38679979772744
joint_categories,pmmr,5.60526091686927e-05,2.16183424272828,2.43852925940499
joint_categories,pmmr,0.000313038991013325,2.28402541668774,2.36940198757135
joint_categories,pmmr,0.000501002559418682,2.16183424272828,2.38967222342859
joint_categories,pmmr,9.033012243567e-06,2.49182469764127,2.42319467401532
joint_categories,pmmr,5.73597365310989e-06,2.349858807576,2.52278389738032
joint_categories,pmmr,6.09007295295712e-05,2.49182469764127,2.41022386677691
joint_categories,pmmr,4.90448905100127e-05,2.349858807576,2.47512251532263
joint_categories,pmmr,4.20002610043123e-05,2.28402541668774,2.3811954594759
joint_categories,pmmr,4.60482970657045e-05,2.16183424272828,2.43354572997021
joint_categories,pmmr,0.000384068213385106,2.28402541668774,2.36304885419221
joint_categories,pmmr,0.000533296613553527,2.16183424272828,2.38361979610777
joint_categories,pmmr,9.50813797179121e-07,2.49182469764127,2.39831406845
joint_categories,pmmr,5.73366442160941e-07,2.349858807576,2.49413481083987
joint_categories,pmmr,8.7847269303125e-06,2.49182469764127,2.3847277223922
joint_categories,pmmr,6.80253820161538e-06,2.349858807576,2.44713196664989
joint_categories,pmmr,2.67451435301334e-05,2.28402541668774,2.35865851325482
joint_categories,pmmr,2.78463812373261e-05,2.16183424272828,2.40920152228743
joint_categories,pmmr,0.000335153843111512,2.28402541668774,2.34084880390999
joint_categories,pmmr,0.000447482559382012,2.16183424272828,2.36089413574119
joint_categories,pmmr,0.000162993973292671,3.33964685192599,2.94273988026386
joint_categories,pmmr,0.000252375048924369,3.11700001661268,3.03873149743609
joint_categories,pmmr,2.58299358869769e-05,3.33964685192599,2.88485873915142
joint_categories,pmmr,5.00823388558505e-05,3.11700001661268,2.94473024802402
joint_categories,pmmr,2.05044356555019e-05,3.01375270747048,2.87709049726773
joint_categories,pmmr,5.48937736286024e-05,2.82211880039051,2.92614594645735
joint_categories,pmmr,4.40723371752782e-06,3.01375270747048,2.81644238483441
joint_categories,pmmr,1.47546836930368e-05,2.82211880039051,2.83180384330039
joint_categories,pmmr,0.000104146472975614,3.33964685192599,2.97969122472598
joint_categories,pmmr,0.000107451731603125,3.11700001661268,3.08408380090564
joint_categories,pmmr,2.05144513173141e-05,3.33964685192599,2.9164458934912
joint_categories,pmmr,2.6152734759389e-05,3.11700001661268,2.98121556708885
joint_categories,pmmr,7.92594233252236e-05,3.01375270747048,2.91250784298736
joint_categories,pmmr,0.000141390476120792,2.82211880039051,2.96619290394896
joint_categories,pmmr,2.11754538332165e-05,3.01375270747048,2.84723455402637
joint_categories,pmmr,4.6611435477954e-05,2.82211880039051,2.86431479633233
joint_categories,pmmr,2.1313816232987e-05,3.33964685192599,2.96578963982526
joint_categories,pmmr,1.84117796264935e-05,3.11700001661268,3.07252134573487
joint_categories,pmmr,5.30004214312375e-06,3.33964685192599,2.9012487827023
joint_categories,pmmr,5.8064487793687e-06,3.11700001661268,2.96735206654079
joint_categories,pmmr,9.81290571097037e-05,3.01375270747048,2.90103501253473
joint_categories,pmmr,0.000146565776714582,2.82211880039051,2.95640234733621
joint_categories,pmmr,3.30965108609807e-05,3.01375270747048,2.83526557213602
joint_categories,pmmr,6.26060113345994e-05,2.82211880039051,2.8533282930888
joint_categories,pmmr,2.81747289988226e-06,3.33964685192599,2.90358549640852
joint_categories,pmmr,2.27934326196316e-06,3.11700001661268,3.00625181720377
joint_categories,pmmr,9.60109458632322e-07,3.33964685192599,2.8419825231818
joint_categories,pmmr,9.97416759831956e-07,3.11700001661268,2.90568049312472
joint_categories,pmmr,7.84740783462906e-05,3.01375270747048,2.84472383682674
joint_categories,pmmr,0.000109768216187561,2.82211880039051,2.8985701155163
joint_categories,pmmr,3.6270513507275e-05,3.01375270747048,2.78261715396789
joint_categories,pmmr,6.50597162910191e-05,2.82211880039051,2.80077760542588
joint_categories,pmmr,2.31898162244118e-05,3.33964685192599,2.86067953149441
joint_categories,pmmr,3.31915486528351e-05,3.11700001661268,2.95043332246255
joint_categories,pmmr,0.000134495955100837,3.33964685192599,2.83376297668183
joint_categories,pmmr,0.000241060380227328,3.11700001661268,2.89006405411392
joint_categories,pmmr,2.91724954629193e-06,3.01375270747048,2.79992704838532
joint_categories,pmmr,7.21945123298416e-06,2.82211880039051,2.84223520949063
joint_categories,pmmr,2.29483770608342e-05,3.01375270747048,2.76679222013131
joint_categories,pmmr,7.10184416789055e-05,2.82211880039051,2.7768974683715
joint_categories,pmmr,1.15459723739302e-05,3.33964685192599,2.89177265412394
joint_categories,pmmr,1.10616929452862e-05,3.11700001661268,2.98779693130775
joint_categories,pmmr,8.32350007749117e-05,3.33964685192599,2.8606890505599
joint_categories,pmmr,9.85338436910061e-05,3.11700001661268,2.92015444643989
joint_categories,pmmr,8.78692370408883e-06,3.01375270747048,2.83031360959183
joint_categories,pmmr,1.4555540510159e-05,2.82211880039051,2.87556040448847
joint_categories,pmmr,8.59169416210177e-05,3.01375270747048,2.79364602204702
joint_categories,pmmr,0.000175614670505893,2.82211880039051,2.80404648949489
joint_categories,pmmr,1.8548449407848e-06,3.33964685192599,2.8775070790638
joint_categories,pmmr,1.50213606177622e-06,3.11700001661268,2.97435504670768
joint_categories,pmmr,1.68805211563426e-05,3.33964685192599,2.84429546524827
joint_categories,pmmr,1.73374107503405e-05,3.11700001661268,2.90370639431044
joint_categories,pmmr,8.53972761772325e-06,3.01375270747048,2.81887111709793
joint_categories,pmmr,1.19576566248063e-05,2.82211880039051,2.86465521971457
joint_categories,pmmr,0.000105411681021206,3.01375270747048,2.7810101083472
joint_categories,pmmr,0.000186934592070307,2.82211880039051,2.79135086813459
joint_categories,pmmr,1.95240758428293e-07,3.33964685192599,2.82042003116022
joint_categories,pmmr,1.50153132052013e-07,3.11700001661268,2.91258440042213
joint_categories,pmmr,2.43495882471865e-06,3.33964685192599,2.78744759052099
joint_categories,pmmr,2.40470307344678e-06,3.11700001661268,2.84365900408822
joint_categories,pmmr,5.43797194071728e-06,3.01375270747048,2.76758449391264
joint_categories,pmmr,7.23104840563992e-06,2.82211880039051,2.81145186728131
joint_categories,pmmr,9.1986602306183e-05,3.01375270747048,2.73103442563897
joint_categories,pmmr,0.000156854492548278,2.82211880039051,2.74098792232916
joint_categories,pmmr,0.000227563895766465,1.77880078307141,2.14986152224475
joint_categories,pmmr,0.000225966552493047,1.70468808971871,2.23038258454423
joint_categories,pmmr,2.89579343037954e-05,1.77880078307141,2.1423359012246
joint_categories,pmmr,3.59231933956659e-05,1.70468808971871,2.19470222401204
joint_categories,pmmr,1.70941360687318e-05,1.67032004603564,2.13508903761568
joint_categories,pmmr,2.95637189437463e-05,1.60653065971263,2.18033049249405
joint_categories,pmmr,2.95037931649826e-06,1.67032004603564,2.1204237768649
joint_categories,pmmr,6.36588035502524e-06,1.60653065971263,2.13979227992149
joint_categories,pmmr,0.000145404008761183,1.77880078307141,2.15471491702149
joint_categories,pmmr,9.62079946224899e-05,1.70468808971871,2.24107060992943
joint_categories,pmmr,2.29987459560326e-05,1.77880078307141,2.14584279719032
joint_categories,pmmr,1.87589032391473e-05,1.70468808971871,2.2023173804509
joint_categories,pmmr,6.60769888922567e-05,1.67032004603564,2.13902619689316
joint_categories,pmmr,7.61475850729192e-05,1.60653065971263,2.18784969885941
joint_categories,pmmr,1.41756995456167e-05,1.67032004603564,2.12324608993163
joint_categories,pmmr,2.01104156213574e-05,1.60653065971263,2.14480734769349
joint_categories,pmmr,2.97572662206347e-05,1.77880078307141,2.15253907369415
joint_categories,pmmr,1.64851730992918e-05,1.70468808971871,2.2412076625446
joint_categories,pmmr,5.9418758474467e-06,1.77880078307141,2.14280585544639
joint_categories,pmmr,4.16486504441522e-06,1.70468808971871,2.20119059354367
joint_categories,pmmr,8.18082234845382e-05,1.67032004603564,2.13646900348463
joint_categories,pmmr,7.89348070489373e-05,1.60653065971263,2.18696596947359
joint_categories,pmmr,2.21561340629948e-05,1.67032004603564,2.12035649746583
joint_categories,pmmr,2.70112451037836e-05,1.60653065971263,2.14338005045229
joint_categories,pmmr,3.93361236836894e-06,1.77880078307141,2.14360773680473
joint_categories,pmmr,2.04083304213017e-06,1.70468808971871,2.23079284987618
joint_categories,pmmr,1.07637846060412e-06,1.77880078307141,2.13359850659092
joint_categories,pmmr,7.15429749849555e-07,1.70468808971871,2.19147697754878
joint_categories,pmmr,6.54222625610214e-05,1.67032004603564,2.12772770833484
joint_categories,pmmr,5.91170269014726e-05,1.60653065971263,2.17779856724559
joint_categories,pmmr,2.42809389538483e-05,1.67032004603564,2.11209653352374
joint_categories,pmmr,2.80698914634118e-05,1.60653065971263,2.13568643006938
joint_categories,pmmr,3.2376441996784e-05,1.77880078307141,2.11371985941752
joint_categories,pmmr,2.97183887747716e-05,1.70468808971871,2.18852917512478
joint_categories,pmmr,0.000150783379756662,1.77880078307141,2.11882271135462
joint_categories,pmmr,0.000172908431530399,1.70468808971871,2.16721323151967
joint_categories,pmmr,2.43205233875235e-06,1.67032004603564,2.09865090313344
joint_categories,pmmr,3.88812451889474e-06,1.60653065971263,2.13841340014229
joint_categories,pmmr,1.53625655835351e-05,1.67032004603564,2.09506346166516
joint_categories,pmmr,3.06407722546848e-05,1.60653065971263,2.10995291010979
joint_categories,pmmr,1.61198994094444e-05,1.77880078307141,2.11648586386564
joint_categories,pmmr,9.90419865290265e-06,1.70468808971871,2.19590797096556
joint_categories,pmmr,9.33147373947413e-05,1.77880078307141,2.1203805820131
joint_categories,pmmr,7.06766178216701e-05,1.70468808971871,2.17185716185887
joint_categories,pmmr,7.3254817614527e-06,1.67032004603564,2.1008325021742
joint_categories,pmmr,7.83906589530655e-06,1.60653065971263,2.14324011047213
joint_categories,pmmr,5.75162525389348e-05,1.67032004603564,2.09625251404871
joint_categories,pmmr,7.5768617225952e-05,1.60653065971263,2.11253502576307
joint_categories,pmmr,2.58964017037486e-06,1.77880078307141,2.11390440280908
joint_categories,pmmr,1.34495271502365e-06,1.70468808971871,2.19479704314244
joint_categories,pmmr,1.89247478119238e-05,1.77880078307141,2.11652860765404
joint_categories,pmmr,1.24358241566392e-05,1.70468808971871,2.16913605426177
joint_categories,pmmr,7.11939935045705e-06,1.67032004603564,2.09819266226875
joint_categories,pmmr,6.43994348199452e-06,1.60653065971263,2.14165555172003
joint_categories,pmmr,7.05668143183319e-05,1.67032004603564,2.09291455012141
joint_categories,pmmr,8.06525759611255e-05,1.60653065971263,2.11008940835825
joint_categories,pmmr,2.72585217126795e-07,1.77880078307141,2.10628775248813
joint_categories,pmmr,1.34441125382385e-07,1.70468808971871,2.18535230854984
joint_categories,pmmr,2.72983169556377e-06,1.77880078307141,2.10772913384597
joint_categories,pmmr,1.72485182481628e-06,1.70468808971871,2.15939917285146
joint_categories,pmmr,4.53352795728489e-06,1.67032004603564,2.09103936496762
joint_categories,pmmr,3.89437031928836e-06,1.60653065971263,2.13385841221365
joint_categories,pmmr,6.15795272575989e-05,1.67032004603564,2.08543438945808
joint_categories,pmmr,6.76745739511699e-05,1.60653065971263,2.10290734159603
joint_categories,pmmr,4.46129697125378e-05,2.22140275816017,2.52612487770959
joint_categories,pmmr,5.71231267180301e-05,2.10517091807565,2.60372598095506
joint_categories,pmmr,7.6632623987053e-06,2.22140275816017,2.49938152815829
joint_categories,pmmr,1.22583238963042e-05,2.10517091807565,2.54674057052564
joint_categories,pmmr,3.37379792278474e-06,2.05127109637602,2.49872999643982
joint_categories,pmmr,7.53413196657895e-06,1.95122942450071,2.53827539712051
joint_categories,pmmr,7.86028167298402e-07,2.05127109637602,2.46456479728002
joint_categories,pmmr,2.18988331457546e-06,1.95122942450071,2.47571858533777
joint_categories,pmmr,2.85058603742719e-05,2.22140275816017,2.54413267875595
joint_categories,pmmr,2.43208625678225e-05,2.10517091807565,2.62840524986054
joint_categories,pmmr,6.08625681836499e-06,2.22140275816017,2.51443955689016
joint_categories,pmmr,6.40123246594892e-06,2.10517091807565,2.56606877038886
joint_categories,pmmr,1.30413380923266e-05,2.05127109637602,2.51659011034809
joint_categories,pmmr,1.94057437755823e-05,1.95122942450071,2.56011416549621
joint_categories,pmmr,3.776632744036e-06,2.05127109637602,2.47974638759205
joint_categories,pmmr,6.91804764813455e-06,1.95122942450071,2.49285870052165
joint_categories,pmmr,5.83379016323174e-06,2.22140275816017,2.53635761464387
joint_categories,pmmr,4.16736291955634e-06,2.10517091807565,2.62312802519
joint_categories,pmmr,1.57242409910245e-06,2.22140275816017,2.5054298768557
joint_categories,pmmr,1.42120618666928e-06,2.10517091807565,2.55892040138699
joint_categories,pmmr,1.61461458683312e-05,2.05127109637602,2.51000354608815
joint_categories,pmmr,2.01160501557582e-05,1.95122942450071,2.55547725863377
joint_categories,pmmr,5.90274794653299e-06,2.05127109637602,2.47255652129279
joint_categories,pmmr,9.29195518291345e-06,1.95122942450071,2.48719231511947
joint_categories,pmmr,7.71168593593608e-07,2.22140275816017,2.50401630901419
joint_categories,pmmr,5.15911594834512e-07,2.10517091807565,2.58876740702921
joint_categories,pmmr,2.848466502268e-07,2.22140275816017,2.47373260064507
joint_categories,pmmr,2.441311244831e-07,2.10517091807565,2.52642791582164
joint_categories,pmmr,1.29121175030302e-05,2.05127109637602,2.47997778752266
joint_categories,pmmr,1.50656107573945e-05,1.95122942450071,2.52509818148083
joint_categories,pmmr,6.46882990246484e-06,2.05127109637602,2.44406834006576
joint_categories,pmmr,9.65613293519494e-06,1.95122942450071,2.45957788738678
joint_categories,pmmr,6.34726884656856e-06,2.22140275816017,2.47116983652627
joint_categories,pmmr,7.51264852743723e-06,2.10517091807565,2.54416333173842
joint_categories,pmmr,3.99024527204444e-05,2.22140275816017,2.4650611494235
joint_categories,pmmr,5.90027599928603e-05,2.10517091807565,2.50965095695128
joint_categories,pmmr,4.80003967184707e-07,2.05127109637602,2.44421469966251
joint_categories,pmmr,9.90864623073438e-07,1.95122942450071,2.47871378988407
joint_categories,pmmr,4.09283281071793e-06,2.05127109637602,2.42860078519163
joint_categories,pmmr,1.05405241952548e-05,1.95122942450071,2.43570464490459
joint_categories,pmmr,3.16024025560155e-06,2.22140275816017,2.48552727701332
joint_categories,pmmr,2.5037280449181e-06,2.10517091807565,2.56365804448148
joint_categories,pmmr,2.46942793232477e-05,2.22140275816017,2.47700251692463
joint_categories,pmmr,2.41174793012101e-05,2.10517091807565,2.52459102445957
joint_categories,pmmr,1.44579960349059e-06,2.05127109637602,2.45882773172161
joint_categories,pmmr,1.99773773598403e-06,1.95122942450071,2.49608022227555
joint_categories,pmmr,1.53232482075251e-05,2.05127109637602,2.4410536803872
joint_categories,pmmr,2.60646479949291e-05,1.95122942450071,2.44907651661291
joint_categories,pmmr,5.07688348796189e-07,2.22140275816017,2.47727118047423
joint_categories,pmmr,3.39996798297917e-07,2.10517091807565,2.556764928785
joint_categories,pmmr,5.00813721001807e-06,2.22140275816017,2.46690750552927
joint_categories,pmmr,4.24356372637964e-06,2.10517091807565,2.51531636135937
joint_categories,pmmr,1.40512598258667e-06,2.05127109637602,2.4520908012475
joint_categories,pmmr,1.64117999305091e-06,1.95122942450071,2.49042657718742
joint_categories,pmmr,1.88001262822566e-05,2.05127109637602,2.43320163439058
joint_categories,pmmr,2.77447455064679e-05,1.95122942450071,2.44196254620165
joint_categories,pmmr,5.34392153676396e-08,2.22140275816017,2.44765359520389
joint_categories,pmmr,3.39859919824588e-08,2.10517091807565,2.52458004628425
joint_categories,pmmr,7.22407073928126e-07,2.22140275816017,2.43628968712138
joint_categories,pmmr,5.88583317436371e-07,2.10517091807565,2.48325795760504
joint_categories,pmmr,8.94763393930855e-07,2.05127109637602,2.42500231362372
joint_categories,pmmr,9.92456326894328e-07,1.95122942450071,2.46261480263017
joint_categories,pmmr,1.64057694828342e-05,2.05127109637602,2.40619097175528
joint_categories,pmmr,2.32802710782463e-05,1.95122942450071,2.41541255733454
joint_categories,pmmr,0.000982750454665396,2.49182469764127,2.4714055494883
joint_categories,pmmr,0.00121125695047093,2.349858807576,2.57194444848733
joint_categories,pmmr,0.000125056846154676,2.49182469764127,2.44256502485021
joint_categories,pmmr,0.00019256043517746,2.349858807576,2.50870872013516
joint_categories,pmmr,0.00010208556327329,2.28402541668774,2.42734852592156
joint_categories,pmmr,0.000219130585856846,2.16183424272828,2.48343049268248
joint_categories,pmmr,1.76195587295881e-05,2.28402541668774,2.39458063920054
joint_categories,pmmr,4.71848313246919e-05,2.16183424272828,2.41958229659255
joint_categories,pmmr,0.00062793728872909,2.49182469764127,2.48848621467814
joint_categories,pmmr,0.000515707306641968,2.349858807576,2.59659966322688
joint_categories,pmmr,9.93216782868755e-05,2.49182469764127,2.45690533394834
joint_categories,pmmr,0.000100554049619037,2.349858807576,2.52798149408941
joint_categories,pmmr,0.000394609391392858,2.28402541668774,2.44232912097961
joint_categories,pmmr,0.000564416978809849,2.16183424272828,2.50271442818609
joint_categories,pmmr,8.46567657522201e-05,2.28402541668774,2.40738234913449
joint_categories,pmmr,0.000149061326327651,2.16183424272828,2.43459470081176
joint_categories,pmmr,0.000128508816433426,2.49182469764127,2.48276057172682
joint_categories,pmmr,8.83660890336765e-05,2.349858807576,2.59308329710642
joint_categories,pmmr,2.56604026353819e-05,2.49182469764127,2.45020142181383
joint_categories,pmmr,2.23250816422335e-05,2.349858807576,2.52283587314278
joint_categories,pmmr,0.000488555756267937,2.28402541668774,2.43668191139997
joint_categories,pmmr,0.000585076273592082,2.16183424272828,2.49849941498135
joint_categories,pmmr,0.000132315632488537,2.28402541668774,2.40147251672877
joint_categories,pmmr,0.000200211278411135,2.16183424272828,2.4297367773583
joint_categories,pmmr,1.69875776228545e-05,2.49182469764127,2.45511926364718
joint_categories,pmmr,1.09395535744475e-05,2.349858807576,2.56199820077846
joint_categories,pmmr,4.64841497807853e-06,2.49182469764127,2.42346593033644
joint_categories,pmmr,3.83494480717721e-06,2.349858807576,2.49409478010974
joint_categories,pmmr,0.000390699389387184,2.28402541668774,2.41125466602914
joint_categories,pmmr,0.00043818400397068,2.16183424272828,2.47145489437423
joint_categories,pmmr,0.000145004890562561,2.28402541668774,2.37771246859936
joint_categories,pmmr,0.000208058119244725,2.16183424272828,2.40573960597269
joint_categories,pmmr,0.000139819908538743,2.49182469764127,2.41570095897768
joint_categories,pmmr,0.000159300589238077,2.349858807576,2.50835843184722
joint_categories,pmmr,0.000651168475178131,2.49182469764127,2.40648199945589
joint_categories,pmmr,0.000926847523120334,2.349858807576,2.46733913196791
joint_categories,pmmr,1.45241287370937e-05,2.28402541668774,2.374659453609
joint_categories,pmmr,2.88193445936543e-05,2.16183424272828,2.42339615919183
joint_categories,pmmr,9.17446868687757e-05,2.28402541668774,2.35900633659208
joint_categories,pmmr,0.000227113861691462,2.16183424272828,2.37817156555161
joint_categories,pmmr,6.96149027526292e-05,2.49182469764127,2.42929511532949
joint_categories,pmmr,5.30898459299291e-05,2.349858807576,2.52779423856318
joint_categories,pmmr,0.000402986160404703,2.49182469764127,2.41784914580783
joint_categories,pmmr,0.000378850514059638,2.349858807576,2.48222228361295
joint_categories,pmmr,4.374751253057e-05,2.28402541668774,2.38679979772744
joint_categories,pmmr,5.8104296874068e-05,2.16183424272828,2.43852925940499
joint_categories,pmmr,0.000343484983049019,2.28402541668774,2.36940198757135
joint_categories,pmmr,0.0005616080139944,2.16183424272828,2.38967222342859
joint_categories,pmmr,1.11835405448824e-05,2.49182469764127,2.42319467401532
joint_categories,pmmr,7.2094002681094e-06,2.349858807576,2.52278389738032
joint_categories,pmmr,8.17278349623719e-05,2.49182469764127,2.41022386677691
joint_categories,pmmr,6.66602126658855e-05,2.349858807576,2.47512251532263
joint_categories,pmmr,4.25167958144622e-05,2.28402541668774,2.3811954594759
joint_categories,pmmr,4.77337979967824e-05,2.16183424272828,2.43354572997021
joint_categories,pmmr,0.000421422466694045,2.28402541668774,2.36304885419221
joint_categories,pmmr,0.00059780862667698,2.16183424272828,2.38361979610777
joint_categories,pmmr,1.1771781510602e-06,2.49182469764127,2.39831406845
joint_categories,pmmr,7.20649785341827e-07,2.349858807576,2.49413481083987
joint_categories,pmmr,1.17889673620653e-05,2.49182469764127,2.3847277223922
joint_categories,pmmr,9.2457876543718e-06,2.349858807576,2.44713196664989
joint_categories,pmmr,2.70740652393187e-05,2.28402541668774,2.35865851325482
joint_categories,pmmr,2.88656393748354e-05,2.16183424272828,2.40920152228743
joint_categories,pmmr,0.000367750712929787,2.28402541668774,2.34084880390999
joint_categories,pmmr,0.00050161378768855,2.16183424272828,2.36089413574119
joint_categories,pmmr,0.000254754011406039,3.33964685192599,2.94273988026386
joint_categories,pmmr,0.000404533564154839,3.11700001661268,3.03873149743609
joint_categories,pmmr,4.37596252638298e-05,3.33964685192599,2.88485873915142
joint_categories,pmmr,8.68107847249752e-05,3.11700001661268,2.94473024802402
joint_categories,pmmr,2.66106813309499e-05,3.01375270747048,2.87709049726773
joint_categories,pmmr,7.37304092601198e-05,2.82211880039051,2.92614594645735
joint_categories,pmmr,6.19976227262111e-06,3.01375270747048,2.81644238483441
joint_categories,pmmr,2.14306032508841e-05,2.82211880039051,2.83180384330039
joint_categories,pmmr,0.000162777378993566,3.33964685192599,2.97969122472598
joint_categories,pmmr,0.000172235061054104,3.11700001661268,3.08408380090564
joint_categories,pmmr,3.47544301335783e-05,3.33964685192599,2.9164458934912
joint_categories,pmmr,4.53321366180861e-05,3.11700001661268,2.98121556708885
joint_categories,pmmr,0.000102862975212704,3.01375270747048,2.91250784298736
joint_categories,pmmr,0.00018990819870393,2.82211880039051,2.96619290394896
joint_categories,pmmr,2.97880230990897e-05,3.01375270747048,2.84723455402637
joint_categories,pmmr,6.77012941425261e-05,2.82211880039051,2.86431479633233
joint_categories,pmmr,3.33127665645336e-05,3.33964685192599,2.96578963982526
joint_categories,pmmr,2.95123581609326e-05,3.11700001661268,3.07252134573487
joint_categories,pmmr,8.97903343935654e-06,3.33964685192599,2.9012487827023
joint_categories,pmmr,1.00646732264879e-05,3.11700001661268,2.96735206654079
joint_categories,pmmr,0.000127352008703162,3.01375270747048,2.90103501253473
joint_categories,pmmr,0.000196859388348969,2.82211880039051,2.95640234733621
joint_categories,pmmr,4.65576623665881e-05,3.01375270747048,2.83526557213602
joint_categories,pmmr,9.09327924573089e-05,2.82211880039051,2.8533282930888
joint_categories,pmmr,4.40361388076602e-06,3.33964685192599,2.90358549640852
joint_categories,pmmr,3.65357374916486e-06,3.11700001661268,3.00625181720377
joint_categories,pmmr,1.6265634690635e-06,3.33964685192599,2.8419825231818
joint_categories,pmmr,1.72888354651471e-06,3.11700001661268,2.90568049312472
joint_categories,pmmr,0.000101843753551579,3.01375270747048,2.84472383682674
joint_categories,pmmr,0.000147434854051374,2.82211880039051,2.8985701155163
joint_categories,pmmr,5.10226086619102e-05,3.01375270747048,2.78261715396789
joint_categories,pmmr,9.44967033150235e-05,2.82211880039051,2.80077760542588
joint_categories,pmmr,3.62448904557343e-05,3.33964685192599,2.86067953149441
joint_categories,pmmr,5.3202943530182e-05,3.11700001661268,2.95043332246255
joint_categories,pmmr,0.000227855485993711,3.33964685192599,2.83376297668183
joint_categories,pmmr,0.00041784471835206,3.11700001661268,2.89006405411392
joint_categories,pmmr,3.78600998064546e-06,3.01375270747048,2.79992704838532
joint_categories,pmmr,9.69678451408281e-06,2.82211880039051,2.84223520949063
joint_categories,pmmr,3.22820370868488e-05,3.01375270747048,2.76679222013131
joint_categories,pmmr,0.00010315151980079,2.82211880039051,2.7768974683715
joint_categories,pmmr,1.80459603408801e-05,3.33964685192599,2.89177265412394
joint_categories,pmmr,1.77308576731928e-05,3.11700001661268,2.98779693130775
joint_categories,pmmr,0.000141012058980028,3.33964685192599,2.8606890505599
joint_categories,pmmr,0.00017079474497795,3.11700001661268,2.92015444643989
joint_categories,pmmr,1.14036801840062e-05,3.01375270747048,2.83031360959183
joint_categories,pmmr,1.95502310713267e-05,2.82211880039051,2.87556040448847
joint_categories,pmmr,0.000120861439937378,3.01375270747048,2.79364602204702
joint_categories,pmmr,0.000255073467310091,2.82211880039051,2.80404648949489
joint_categories,pmmr,2.89905926983358e-06,3.33964685192599,2.8775070790638
joint_categories,pmmr,2.40778340610822e-06,3.11700001661268,2.97435504670768
joint_categories,pmmr,2.85980299483492e-05,3.33964685192599,2.84429546524827
joint_categories,pmmr,3.00519957078734e-05,3.11700001661268,2.90370639431044
joint_categories,pmmr,1.10828688048953e-05,3.01375270747048,2.81887111709793
joint_categories,pmmr,1.60608910348181e-05,2.82211880039051,2.86465521971457
joint_categories,pmmr,0.000148285161390404,3.01375270747048,2.7810101083472
joint_categories,pmmr,0.000271515212380679,2.82211880039051,2.79135086813459
joint_categories,pmmr,3.05154634829689e-07,3.33964685192599,2.82042003116022
joint_categories,pmmr,2.40681406251915e-07,3.11700001661268,2.91258440042213
joint_categories,pmmr,4.12517035151706e-06,3.33964685192599,2.78744759052099
joint_categories,pmmr,4.16821908891518e-06,3.11700001661268,2.84365900408822
joint_categories,pmmr,7.05740654521481e-06,3.01375270747048,2.76758449391264
joint_categories,pmmr,9.71236122214363e-06,2.82211880039051,2.81145186728131
joint_categories,pmmr,0.00012939977843616,3.01375270747048,2.73103442563897
joint_categories,pmmr,0.000227825039686029,2.82211880039051,2.74098792232916
joint_categories,pmmr,3.00816663850815e-05,1.77880078307141,2.14986152224475
joint_categories,pmmr,3.17209983260963e-05,1.70468808971871,2.23038258454423
joint_categories,pmmr,4.13594762180718e-06,1.77880078307141,2.1423359012246
joint_categories,pmmr,5.43870265097525e-06,1.70468808971871,2.19470222401204
joint_categories,pmmr,1.98313625685525e-06,1.67032004603564,2.13508903761568
joint_categories,pmmr,3.65993211628691e-06,1.60653065971263,2.18033049249405
joint_categories,pmmr,3.69821515533816e-07,1.67032004603564,2.1204237768649
joint_categories,pmmr,8.49943641118638e-07,1.60653065971263,2.13979227992149
joint_categories,pmmr,1.92209527257176e-05,1.77880078307141,2.15471491702149
joint_categories,pmmr,1.35055989601425e-05,1.70468808971871,2.24107060992943
joint_categories,pmmr,3.28482023764151e-06,1.77880078307141,2.14584279719032
joint_categories,pmmr,2.84006200819685e-06,1.70468808971871,2.2023173804509
joint_categories,pmmr,7.66576748243807e-06,1.67032004603564,2.13902619689316
joint_categories,pmmr,9.42692604798354e-06,1.60653065971263,2.18784969885941
joint_categories,pmmr,1.77688294532046e-06,1.67032004603564,2.12324608993163
joint_categories,pmmr,2.68505201548952e-06,1.60653065971263,2.14480734769349
joint_categories,pmmr,3.93361236836894e-06,1.77880078307141,2.15253907369415
joint_categories,pmmr,2.3141750074013e-06,1.70468808971871,2.2412076625446
joint_categories,pmmr,8.48654707981008e-07,1.77880078307141,2.14280585544639
joint_categories,pmmr,6.30552587809415e-07,1.70468808971871,2.20119059354367
joint_categories,pmmr,9.49078990881937e-06,1.67032004603564,2.13646900348463
joint_categories,pmmr,9.77197882177901e-06,1.60653065971263,2.18696596947359
joint_categories,pmmr,2.77720733457155e-06,1.67032004603564,2.12035649746583
joint_categories,pmmr,3.6064196520022e-06,1.60653065971263,2.14338005045229
joint_categories,pmmr,5.19984132610118e-07,1.77880078307141,2.14360773680473
joint_categories,pmmr,2.86490459756185e-07,1.70468808971871,2.23079284987618
joint_categories,pmmr,1.53734893089961e-07,1.77880078307141,2.13359850659092
joint_categories,pmmr,1.08314693358046e-07,1.70468808971871,2.19147697754878
joint_categories,pmmr,7.58981093683847e-06,1.67032004603564,2.12772770833484
joint_categories,pmmr,7.31857537232692e-06,1.60653065971263,2.17779856724559
joint_categories,pmmr,3.04354548321399e-06,1.67032004603564,2.11209653352374
joint_categories,pmmr,3.74776534048174e-06,1.60653065971263,2.13568643006938
joint_categories,pmmr,4.2798411567127e-06,1.77880078307141,2.11371985941752
joint_categories,pmmr,4.17184291293648e-06,1.70468808971871,2.18852917512478
joint_categories,pmmr,2.15357958330225e-05,1.77880078307141,2.11882271135462
joint_categories,pmmr,2.61780052397517e-05,1.70468808971871,2.16721323151967
joint_categories,pmmr,2.82148869773635e-07,1.67032004603564,2.09865090313344
joint_categories,pmmr,4.81342412499007e-07,1.60653065971263,2.13841340014229
joint_categories,pmmr,1.92565317104166e-06,1.67032004603564,2.09506346166516
joint_categories,pmmr,4.0910177515786e-06,1.60653065971263,2.10995291010979
joint_categories,pmmr,2.13088914901341e-06,1.77880078307141,2.11648586386564
joint_categories,pmmr,1.39034324073124e-06,1.70468808971871,2.19590797096556
joint_categories,pmmr,1.33277761513796e-05,1.77880078307141,2.1203805820131
joint_categories,pmmr,1.07003045212305e-05,1.70468808971871,2.17185716185887
joint_categories,pmmr,8.49848651119723e-07,1.67032004603564,2.1008325021742
joint_categories,pmmr,9.70461432356121e-07,1.60653065971263,2.14324011047213
joint_categories,pmmr,7.20949593255025e-06,1.67032004603564,2.09625251404871
joint_categories,pmmr,1.0116284129769e-05,1.60653065971263,2.11253502576307
joint_categories,pmmr,3.42324477264912e-07,1.77880078307141,2.11390440280908
joint_categories,pmmr,1.88803353200941e-07,1.70468808971871,2.19479704314244
joint_categories,pmmr,2.70294713997498e-06,1.77880078307141,2.11652860765404
joint_categories,pmmr,1.8827599501757e-06,1.70468808971871,2.16913605426177
joint_categories,pmmr,8.2594048170406e-07,1.67032004603564,2.09819266226875
joint_categories,pmmr,7.97252741499562e-07,1.60653065971263,2.14165555172003
joint_categories,pmmr,8.84534611250361e-06,1.67032004603564,2.09291455012141
joint_categories,pmmr,1.07683682782198e-05,1.60653065971263,2.11008940835825
joint_categories,pmmr,3.60330338672362e-08,1.77880078307141,2.10628775248813
joint_categories,pmmr,1.88727343324157e-08,1.70468808971871,2.18535230854984
joint_categories,pmmr,3.89891101718572e-07,1.77880078307141,2.10772913384597
joint_categories,pmmr,2.61139261447163e-07,1.70468808971871,2.15939917285146
joint_categories,pmmr,5.25946653718523e-07,1.67032004603564,2.09103936496762
joint_categories,pmmr,4.82115630695812e-07,1.60653065971263,2.13385841221365
joint_categories,pmmr,7.71881566851901e-06,1.67032004603564,2.08543438945808
joint_categories,pmmr,9.03560396792626e-06,1.60653065971263,2.10290734159603
joint_categories,pmmr,8.08169690768527e-06,2.22140275816017,2.52612487770959
joint_categories,pmmr,1.10501845857885e-05,2.10517091807565,2.60372598095506
joint_categories,pmmr,1.4999060022472e-06,2.22140275816017,2.49938152815829
joint_categories,pmmr,2.55744525314275e-06,2.10517091807565,2.54674057052564
joint_categories,pmmr,5.40701166275234e-07,2.05127109637602,2.49872999643982
joint_categories,pmmr,1.29419371112898e-06,1.95122942450071,2.53827539712051
joint_categories,pmmr,1.36108507041146e-07,2.05127109637602,2.46456479728002
joint_categories,pmmr,4.05699739169481e-07,1.95122942450071,2.47571858533777
joint_categories,pmmr,5.16387331132807e-06,2.22140275816017,2.54413267875595
joint_categories,pmmr,4.70474982902511e-06,2.10517091807565,2.62840524986054
joint_categories,pmmr,1.19124371033228e-06,2.22140275816017,2.51443955689016
joint_categories,pmmr,1.33548450202396e-06,2.10517091807565,2.56606877038886
joint_categories,pmmr,2.0900678931269e-06,2.05127109637602,2.51659011034809
joint_categories,pmmr,3.33346849584625e-06,1.95122942450071,2.56011416549621
joint_categories,pmmr,6.53961099384247e-07,2.05127109637602,2.47974638759205
joint_categories,pmmr,1.28164368746484e-06,1.95122942450071,2.49285870052165
joint_categories,pmmr,1.05679859973601e-06,2.22140275816017,2.53635761464387
joint_categories,pmmr,8.06155617572889e-07,2.10517091807565,2.62312802519
joint_categories,pmmr,3.07765573148112e-07,2.22140275816017,2.5054298768557
joint_categories,pmmr,2.96505219357947e-07,2.10517091807565,2.55892040138699
joint_categories,pmmr,2.58765939800293e-06,2.05127109637602,2.51000354608815
joint_categories,pmmr,3.45548308946848e-06,1.95122942450071,2.55547725863377
joint_categories,pmmr,1.02211885510942e-06,2.05127109637602,2.47255652129279
joint_categories,pmmr,1.72143591806549e-06,1.95122942450071,2.48719231511947
joint_categories,pmmr,1.39698183696522e-07,2.22140275816017,2.50401630901419
joint_categories,pmmr,9.98005305453712e-08,2.10517091807565,2.58876740702921
joint_categories,pmmr,5.57521298588665e-08,2.22140275816017,2.47373260064507
joint_categories,pmmr,5.09329000224851e-08,2.10517091807565,2.52642791582164
joint_categories,pmmr,2.0693583767485e-06,2.05127109637602,2.47997778752266
joint_categories,pmmr,2.58793166658462e-06,1.95122942450071,2.52509818148083
joint_categories,pmmr,1.12014151268114e-06,2.05127109637602,2.44406834006576
joint_categories,pmmr,1.78890381378785e-06,1.95122942450071,2.45957788738678
joint_categories,pmmr,1.14981592438452e-06,2.22140275816017,2.47116983652627
joint_categories,pmmr,1.45328447033573e-06,2.10517091807565,2.54416333173842
joint_categories,pmmr,7.80998029636714e-06,2.22140275816017,2.4650611494235
joint_categories,pmmr,1.23097031651738e-05,2.10517091807565,2.50965095695128
joint_categories,pmmr,7.6927756437554e-08,2.05127109637602,2.44421469966251
joint_categories,pmmr,1.70208163256281e-07,1.95122942450071,2.47871378988407
joint_categories,pmmr,7.08714250470814e-07,2.05127109637602,2.42860078519163
joint_categories,pmmr,1.95274692868899e-06,1.95122942450071,2.43570464490459
joint_categories,pmmr,5.72481591470023e-07,2.22140275816017,2.48552727701332
joint_categories,pmmr,4.84333730286296e-07,2.10517091807565,2.56365804448148
joint_categories,pmmr,4.83333283542083e-06,2.22140275816017,2.47700251692463
joint_categories,pmmr,5.03161227247748e-06,2.10517091807565,2.52459102445957
joint_categories,pmmr,2.31710834406578e-07,2.05127109637602,2.45882773172161
joint_categories,pmmr,3.4316622350983e-07,1.95122942450071,2.49608022227555
joint_categories,pmmr,2.65337111736784e-06,2.05127109637602,2.4410536803872
joint_categories,pmmr,4.82875997214357e-06,1.95122942450071,2.44907651661291
joint_categories,pmmr,9.19683980907669e-08,2.22140275816017,2.47727118047423
joint_categories,pmmr,6.57706886094388e-08,2.10517091807565,2.556764928785
joint_categories,pmmr,9.80226784698478e-07,2.22140275816017,2.46690750552927
joint_categories,pmmr,8.85331632631305e-07,2.10517091807565,2.51531636135937
joint_categories,pmmr,2.25192283277341e-07,2.05127109637602,2.4520908012475
joint_categories,pmmr,2.81917656242177e-07,1.95122942450071,2.49042657718742
joint_categories,pmmr,3.25542674794697e-06,2.05127109637602,2.43320163439058
joint_categories,pmmr,5.14001633803023e-06,1.95122942450071,2.44196254620165
joint_categories,pmmr,9.68058267289943e-09,2.22140275816017,2.44765359520389
joint_categories,pmmr,6.574421014996e-09,2.10517091807565,2.52458004628425
joint_categories,pmmr,1.41394441410971e-07,2.22140275816017,2.43628968712138
joint_categories,pmmr,1.22795712039432e-07,2.10517091807565,2.48325795760504
joint_categories,pmmr,1.43399107389179e-07,2.05127109637602,2.42500231362372
joint_categories,pmmr,1.70481582023581e-07,1.95122942450071,2.46261480263017
joint_categories,pmmr,2.84082032180159e-06,2.05127109637602,2.40619097175528
joint_categories,pmmr,4.31292381716253e-06,1.95122942450071,2.41541255733454
joint_categories,pmmr,0.000785908256389827,2.49182469764127,2.4714055494883
joint_categories,pmmr,0.00102865333116636,2.349858807576,2.57194444848733
joint_categories,pmmr,0.000108055030674303,2.49182469764127,2.44256502485021
joint_categories,pmmr,0.000176367072109029,2.349858807576,2.50870872013516
joint_categories,pmmr,7.1647294397174e-05,2.28402541668774,2.42734852592156
joint_categories,pmmr,0.000164114529741021,2.16183424272828,2.48343049268248
joint_categories,pmmr,1.33610138518053e-05,2.28402541668774,2.39458063920054
joint_categories,pmmr,3.81122098816605e-05,2.16183424272828,2.41958229659255
joint_categories,pmmr,0.000502163186355646,2.49182469764127,2.48848621467814
joint_categories,pmmr,0.000437961605650929,2.349858807576,2.59659966322688
joint_categories,pmmr,8.58186282791549e-05,2.49182469764127,2.45690533394834
joint_categories,pmmr,9.20979603295557e-05,2.349858807576,2.52798149408941
joint_categories,pmmr,0.000276950964763997,2.28402541668774,2.44232912097961
joint_categories,pmmr,0.000422711538387158,2.16183424272828,2.50271442818609
joint_categories,pmmr,6.41957177942842e-05,2.28402541668774,2.40738234913449
joint_categories,pmmr,0.000120400060670879,2.16183424272828,2.43459470081176
joint_categories,pmmr,0.000102768855892619,2.49182469764127,2.48276057172682
joint_categories,pmmr,7.50444171332057e-05,2.349858807576,2.59308329710642
joint_categories,pmmr,2.21718016976992e-05,2.49182469764127,2.45020142181383
joint_categories,pmmr,2.044765468154e-05,2.349858807576,2.52283587314278
joint_categories,pmmr,0.000342885879025377,2.28402541668774,2.43668191139997
joint_categories,pmmr,0.00043818400397068,2.16183424272828,2.49849941498135
joint_categories,pmmr,0.000100335713602236,2.28402541668774,2.40147251672877
joint_categories,pmmr,0.000161714984440089,2.16183424272828,2.4297367773583
joint_categories,pmmr,1.35850128040999e-05,2.49182469764127,2.45511926364718
joint_categories,pmmr,9.29035595746489e-06,2.349858807576,2.56199820077846
joint_categories,pmmr,4.0164504262479e-06,2.49182469764127,2.42346593033644
joint_categories,pmmr,3.51244525760576e-06,2.349858807576,2.49409478010974
joint_categories,pmmr,0.00027420678570663,2.28402541668774,2.41125466602914
joint_categories,pmmr,0.000328171265870959,2.16183424272828,2.47145489437423
joint_categories,pmmr,0.000109958051794591,2.28402541668774,2.37771246859936
joint_categories,pmmr,0.000168053047676976,2.16183424272828,2.40573960597269
joint_categories,pmmr,0.000111814367530038,2.49182469764127,2.41570095897768
joint_categories,pmmr,0.000135285152925482,2.349858807576,2.50835843184722
joint_categories,pmmr,0.000562640364946396,2.49182469764127,2.40648199945589
joint_categories,pmmr,0.000848904313046409,2.349858807576,2.46733913196791
joint_categories,pmmr,1.01935522920435e-05,2.28402541668774,2.374659453609
joint_categories,pmmr,2.15838111641879e-05,2.16183424272828,2.42339615919183
joint_categories,pmmr,6.95705295970208e-05,2.28402541668774,2.35900633659208
joint_categories,pmmr,0.000183444783435939,2.16183424272828,2.37817156555161
joint_categories,pmmr,5.5671230251116e-05,2.49182469764127,2.42929511532949
joint_categories,pmmr,4.50862608843634e-05,2.349858807576,2.52779423856318
joint_categories,pmmr,0.000348199105149284,2.49182469764127,2.41784914580783
joint_categories,pmmr,0.00034699109331635,2.349858807576,2.48222228361295
joint_categories,pmmr,3.07035667818262e-05,2.28402541668774,2.38679979772744
joint_categories,pmmr,4.35163321456637e-05,2.16183424272828,2.43852925940499
joint_categories,pmmr,0.000260466660194977,2.28402541668774,2.36940198757135
joint_categories,pmmr,0.000453622952539332,2.16183424272828,2.38967222342859
joint_categories,pmmr,8.94350830179572e-06,2.49182469764127,2.42319467401532
joint_categories,pmmr,6.12254369200453e-06,2.349858807576,2.52278389738032
joint_categories,pmmr,7.06167154006169e-05,2.49182469764127,2.41022386677691
joint_categories,pmmr,6.10544244107713e-05,2.349858807576,2.47512251532263
joint_categories,pmmr,2.98398058341352e-05,2.28402541668774,2.3811954594759
joint_categories,pmmr,3.57495042527406e-05,2.16183424272828,2.43354572997021
joint_categories,pmmr,0.000319567107291156,2.28402541668774,2.36304885419221
joint_categories,pmmr,0.000482862971199338,2.16183424272828,2.38361979610777
joint_categories,pmmr,9.41392622886055e-07,2.49182469764127,2.39831406845
joint_categories,pmmr,6.12007883222454e-07,2.349858807576,2.49413481083987
joint_categories,pmmr,1.01862254574273e-05,2.49182469764127,2.3847277223922
joint_categories,pmmr,8.46826346461352e-06,2.349858807576,2.44713196664989
joint_categories,pmmr,1.90015459633291e-05,2.28402541668774,2.35865851325482
joint_categories,pmmr,2.16184829386154e-05,2.16183424272828,2.40920152228743
joint_categories,pmmr,0.000278867504281762,2.28402541668774,2.34084880390999
joint_categories,pmmr,0.000405164316989228,2.16183424272828,2.36089413574119
joint_categories,pmmr,0.000279185284834023,3.33964685192599,2.94273988026386
joint_categories,pmmr,0.000473415191318013,3.11700001661268,3.03873149743609
joint_categories,pmmr,5.18148217193636e-05,3.33964685192599,2.88485873915142
joint_categories,pmmr,0.0001095668062739,3.11700001661268,2.94473024802402
joint_categories,pmmr,2.58002730061212e-05,3.01375270747048,2.87709049726773
joint_categories,pmmr,7.66201105329499e-05,2.82211880039051,2.92614594645735
joint_categories,pmmr,6.49459786504253e-06,3.01375270747048,2.81644238483441
joint_categories,pmmr,2.40186291982813e-05,2.82211880039051,2.83180384330039
joint_categories,pmmr,0.000178387962050269,3.33964685192599,2.97969122472598
joint_categories,pmmr,0.000201562247500899,3.11700001661268,3.08408380090564
joint_categories,pmmr,4.11519657783247e-05,3.33964685192599,2.9164458934912
joint_categories,pmmr,5.72152117568273e-05,3.11700001661268,2.98121556708885
joint_categories,pmmr,9.9730360515911e-05,3.01375270747048,2.91250784298736
joint_categories,pmmr,0.000197351232982766,2.82211880039051,2.96619290394896
joint_categories,pmmr,3.12046208735347e-05,3.01375270747048,2.84723455402637
joint_categories,pmmr,7.58771118673957e-05,2.82211880039051,2.86431479633233
joint_categories,pmmr,3.65075084415654e-05,3.33964685192599,2.96578963982526
joint_categories,pmmr,3.45375512021937e-05,3.11700001661268,3.07252134573487
joint_categories,pmmr,1.06318784511398e-05,3.33964685192599,2.9012487827023
joint_categories,pmmr,1.27029620237892e-05,3.11700001661268,2.96735206654079
joint_categories,pmmr,0.000123473598873924,3.01375270747048,2.90103501253473
joint_categories,pmmr,0.000204574859221695,2.82211880039051,2.95640234733621
joint_categories,pmmr,4.87717562885807e-05,3.01375270747048,2.83526557213602
joint_categories,pmmr,0.000101914117788834,2.82211880039051,2.8533282930888
joint_categories,pmmr,4.82592673934857e-06,3.33964685192599,2.90358549640852
joint_categories,pmmr,4.27568307976865e-06,3.11700001661268,3.00625181720377
joint_categories,pmmr,1.92597847117347e-06,3.33964685192599,2.8419825231818
joint_categories,pmmr,2.18208197531259e-06,3.11700001661268,2.90568049312472
joint_categories,pmmr,9.87421784854038e-05,3.01375270747048,2.84472383682674
joint_categories,pmmr,0.000153213238976768,2.82211880039051,2.8985701155163
joint_categories,pmmr,5.34490373522736e-05,3.01375270747048,2.78261715396789
joint_categories,pmmr,0.000105908417547225,2.82211880039051,2.80077760542588
joint_categories,pmmr,3.97208272003769e-05,3.33964685192599,2.86067953149441
joint_categories,pmmr,6.22620319345912e-05,3.11700001661268,2.95043332246255
joint_categories,pmmr,0.000269798731441647,3.33964685192599,2.83376297668183
joint_categories,pmmr,0.00052737584913319,3.11700001661268,2.89006405411392
joint_categories,pmmr,3.67070988862448e-06,3.01375270747048,2.79992704838532
joint_categories,pmmr,1.00768286618624e-05,2.82211880039051,2.84223520949063
joint_categories,pmmr,3.38172400689218e-05,3.01375270747048,2.76679222013131
joint_categories,pmmr,0.0001156084164468,2.82211880039051,2.7768974683715
joint_categories,pmmr,1.97765937033353e-05,3.33964685192599,2.89177265412394
joint_categories,pmmr,2.07499651978794e-05,3.11700001661268,2.98779693130775
joint_categories,pmmr,0.000166969315945442,3.33964685192599,2.8606890505599
joint_categories,pmmr,0.000215565782464531,3.11700001661268,2.92015444643989
joint_categories,pmmr,1.10563896640881e-05,3.01375270747048,2.83031360959183
joint_categories,pmmr,2.03164593911998e-05,2.82211880039051,2.87556040448847
joint_categories,pmmr,0.000126609120683494,3.01375270747048,2.79364602204702
joint_categories,pmmr,0.000285876928330902,2.82211880039051,2.80404648949489
joint_categories,pmmr,3.1770831930461e-06,3.33964685192599,2.8775070790638
joint_categories,pmmr,2.81776678836657e-06,3.11700001661268,2.97435504670768
joint_categories,pmmr,3.386230604958e-05,3.33964685192599,2.84429546524827
joint_categories,pmmr,3.7929632848041e-05,3.11700001661268,2.90370639431044
joint_categories,pmmr,1.07453483547134e-05,3.01375270747048,2.81887111709793
joint_categories,pmmr,1.66903623443067e-05,2.82211880039051,2.86465521971457
joint_categories,pmmr,0.000155337003297136,3.01375270747048,2.7810101083472
joint_categories,pmmr,0.000304304229401246,2.82211880039051,2.79135086813459
joint_categories,pmmr,3.34419400005292e-07,3.33964685192599,2.82042003116022
joint_categories,pmmr,2.81663239057777e-07,3.11700001661268,2.91258440042213
joint_categories,pmmr,4.88452460543658e-06,3.33964685192599,2.78744759052099
joint_categories,pmmr,5.26084926969852e-06,3.11700001661268,2.84365900408822
joint_categories,pmmr,6.8424785264688e-06,3.01375270747048,2.76758449391264
joint_categories,pmmr,1.00930158647457e-05,2.82211880039051,2.81145186728131
joint_categories,pmmr,0.000135553507991712,3.01375270747048,2.73103442563897
joint_categories,pmmr,0.000255337896289817,2.82211880039051,2.74098792232916
joint_categories,pmmr,0.00024759362023438,1.77880078307141,2.14986152224475
joint_categories,pmmr,0.000180942966226626,1.70468808971871,2.23038258454423
joint_categories,pmmr,1.76621755506619e-05,1.77880078307141,2.1423359012246
joint_categories,pmmr,1.62616805429327e-05,1.70468808971871,2.19470222401204
joint_categories,pmmr,4.19802573438472e-05,1.67032004603564,2.13508903761568
joint_categories,pmmr,5.32955333806034e-05,1.60653065971263,2.18033049249405
joint_categories,pmmr,4.06177931248382e-06,1.67032004603564,2.1204237768649
joint_categories,pmmr,6.48758652535278e-06,1.60653065971263,2.13979227992149
joint_categories,pmmr,0.000158202182312428,1.77880078307141,2.15471491702149
joint_categories,pmmr,7.70386578440376e-05,1.70468808971871,2.24107060992943
joint_categories,pmmr,1.40275160603318e-05,1.77880078307141,2.14584279719032
joint_categories,pmmr,8.49176431646534e-06,1.70468808971871,2.2023173804509
joint_categories,pmmr,0.000162273716966456,1.67032004603564,2.13902619689316
joint_categories,pmmr,0.000137273871728664,1.60653065971263,2.18784969885941
joint_categories,pmmr,1.95156476431346e-05,1.67032004603564,2.12324608993163
joint_categories,pmmr,2.04948968764973e-05,1.60653065971263,2.14480734769349
joint_categories,pmmr,3.2376441996784e-05,1.77880078307141,2.15253907369415
joint_categories,pmmr,1.32005205480003e-05,1.70468808971871,2.2412076625446
joint_categories,pmmr,3.62410015910861e-06,1.77880078307141,2.14280585544639
joint_categories,pmmr,1.88534755556779e-06,1.70468808971871,2.20119059354367
joint_categories,pmmr,0.000200906922754983,1.67032004603564,2.13646900348463
joint_categories,pmmr,0.000142298492688722,1.60653065971263,2.18696596947359
joint_categories,pmmr,3.05022904948038e-05,1.67032004603564,2.12035649746583
joint_categories,pmmr,2.7527659961434e-05,1.60653065971263,2.14338005045229
joint_categories,pmmr,4.2798411567127e-06,1.77880078307141,2.14360773680473
joint_categories,pmmr,1.6341993102174e-06,1.70468808971871,2.23079284987618
joint_categories,pmmr,6.5651041026257e-07,1.77880078307141,2.13359850659092
joint_categories,pmmr,3.23860128881732e-07,1.70468808971871,2.19147697754878
joint_categories,pmmr,0.00016066582173475,1.67032004603564,2.12772770833484
joint_categories,pmmr,0.000106572298518483,1.60653065971263,2.17779856724559
joint_categories,pmmr,3.34275037039908e-05,1.67032004603564,2.11209653352374
joint_categories,pmmr,2.8606546065917e-05,1.60653065971263,2.13568643006938
joint_categories,pmmr,3.52261524495902e-05,1.77880078307141,2.11371985941752
joint_categories,pmmr,2.379703260087e-05,1.70468808971871,2.18852917512478
joint_categories,pmmr,9.19665917964057e-05,1.77880078307141,2.11882271135462
joint_categories,pmmr,7.82720412897965e-05,1.70468808971871,2.16721323151967
joint_categories,pmmr,5.97270213855877e-06,1.67032004603564,2.09865090313344
joint_categories,pmmr,7.00925585441377e-06,1.60653065971263,2.13841340014229
joint_categories,pmmr,2.11496029425597e-05,1.67032004603564,2.09506346166516
joint_categories,pmmr,3.12265782766362e-05,1.60653065971263,2.10995291010979
joint_categories,pmmr,1.75387411045831e-05,1.77880078307141,2.11648586386564
joint_categories,pmmr,7.9307979990052e-06,1.70468808971871,2.19590797096556
joint_categories,pmmr,5.69150152783454e-05,1.77880078307141,2.1203805820131
joint_categories,pmmr,3.19938310665223e-05,1.70468808971871,2.17185716185887
joint_categories,pmmr,1.79901229449064e-05,1.67032004603564,2.1008325021742
joint_categories,pmmr,1.41317538193021e-05,1.60653065971263,2.14324011047213
joint_categories,pmmr,7.91824710090216e-05,1.67032004603564,2.09625251404871
joint_categories,pmmr,7.72172005670297e-05,1.60653065971263,2.11253502576307
joint_categories,pmmr,2.81757518137011e-06,1.77880078307141,2.11390440280908
joint_categories,pmmr,1.07697237049461e-06,1.70468808971871,2.19479704314244
joint_categories,pmmr,1.15426816912971e-05,1.77880078307141,2.11652860765404
joint_categories,pmmr,5.62943827114635e-06,1.70468808971871,2.16913605426177
joint_categories,pmmr,1.74840199975066e-05,1.67032004603564,2.09819266226875
joint_categories,pmmr,1.16095077032398e-05,1.60653065971263,2.14165555172003
joint_categories,pmmr,9.71491444992499e-05,1.67032004603564,2.09291455012141
joint_categories,pmmr,8.21945333338447e-05,1.60653065971263,2.11008940835825
joint_categories,pmmr,2.96577629344414e-07,1.77880078307141,2.10628775248813
joint_categories,pmmr,1.07653879484146e-07,1.70468808971871,2.18535230854984
joint_categories,pmmr,1.66499330114472e-06,1.77880078307141,2.10772913384597
joint_categories,pmmr,7.80804452714412e-07,1.70468808971871,2.15939917285146
joint_categories,pmmr,1.1133564724015e-05,1.67032004603564,2.09103936496762
joint_categories,pmmr,7.02051537369144e-06,1.60653065971263,2.13385841221365
joint_categories,pmmr,8.47763704445683e-05,1.67032004603564,2.08543438945808
joint_categories,pmmr,6.89684112155858e-05,1.60653065971263,2.10290734159603
joint_categories,pmmr,0.00113211627555777,2.22140275816017,2.52612487770959
joint_categories,pmmr,0.0010633068839552,2.10517091807565,2.60372598095506
joint_categories,pmmr,0.000109014464450542,2.22140275816017,2.49938152815829
joint_categories,pmmr,0.000128994350404805,2.10517091807565,2.54674057052564
joint_categories,pmmr,0.0001921137690565,2.05127109637602,2.49872999643982
joint_categories,pmmr,0.000312786831599994,1.95122942450071,2.53827539712051
joint_categories,pmmr,2.50910053944911e-05,2.05127109637602,2.46456479728002
joint_categories,pmmr,5.13959804886413e-05,1.95122942450071,2.47571858533777
joint_categories,pmmr,0.000723375930507067,2.22140275816017,2.54413267875595
joint_categories,pmmr,0.000452715775166618,2.10517091807565,2.62840524986054
joint_categories,pmmr,8.65806223305908e-05,2.22140275816017,2.51443955689016
joint_categories,pmmr,6.73601734397128e-05,2.10517091807565,2.56606877038886
joint_categories,pmmr,0.000742611345373341,2.05127109637602,2.51659011034809
joint_categories,pmmr,0.000805648366305678,1.95122942450071,2.56011416549621
joint_categories,pmmr,0.000120554856042004,2.05127109637602,2.47974638759205
joint_categories,pmmr,0.000162364743169864,1.95122942450071,2.49285870052165
joint_categories,pmmr,0.000148040554900056,2.22140275816017,2.53635761464387
joint_categories,pmmr,7.75725338386502e-05,2.10517091807565,2.62312802519
joint_categories,pmmr,2.23686678250429e-05,2.22140275816017,2.5054298768557
joint_categories,pmmr,1.4955353634926e-05,2.10517091807565,2.55892040138699
joint_categories,pmmr,0.00091940804087662,2.05127109637602,2.51000354608815
joint_categories,pmmr,0.000835137427966135,1.95122942450071,2.55547725863377
joint_categories,pmmr,0.000188423121117687,2.05127109637602,2.47255652129279
joint_categories,pmmr,0.000218079723291071,1.95122942450071,2.48719231511947
joint_categories,pmmr,1.95694777019285e-05,2.22140275816017,2.50401630901419
joint_categories,pmmr,9.60333199209652e-06,2.10517091807565,2.58876740702921
joint_categories,pmmr,4.05211297870368e-06,2.22140275816017,2.47373260064507
joint_categories,pmmr,2.56899198313616e-06,2.10517091807565,2.52642791582164
joint_categories,pmmr,0.000735253152909657,2.05127109637602,2.47997778752266
joint_categories,pmmr,0.000625463514022301,1.95122942450071,2.52509818148083
joint_categories,pmmr,0.000206493167460718,2.05127109637602,2.44406834006576
joint_categories,pmmr,0.000226626878532667,1.95122942450071,2.45957788738678
joint_categories,pmmr,0.000161070792032964,2.22140275816017,2.47116983652627
joint_categories,pmmr,0.000139842675898876,2.10517091807565,2.54416333173842
joint_categories,pmmr,0.000567636117264789,2.22140275816017,2.4650611494235
joint_categories,pmmr,0.000620886082122882,2.10517091807565,2.50965095695128
joint_categories,pmmr,2.73328081314994e-05,2.05127109637602,2.44421469966251
joint_categories,pmmr,4.11367105554423e-05,1.95122942450071,2.47871378988407
joint_categories,pmmr,0.000130648358932776,2.05127109637602,2.42860078519163
joint_categories,pmmr,0.000247383306806186,1.95122942450071,2.43570464490459
joint_categories,pmmr,8.0195500346481e-05,2.22140275816017,2.48552727701332
joint_categories,pmmr,4.66051390858619e-05,2.10517091807565,2.56365804448148
joint_categories,pmmr,0.0003512908074074,2.22140275816017,2.47700251692463
joint_categories,pmmr,0.000253788250512689,2.10517091807565,2.52459102445957
joint_categories,pmmr,8.23279928092752e-05,2.05127109637602,2.45882773172161
joint_categories,pmmr,8.29380291688633e-05,1.95122942450071,2.49608022227555
joint_categories,pmmr,0.000489137310126671,2.05127109637602,2.4410536803872
joint_categories,pmmr,0.000611730374342061,1.95122942450071,2.44907651661291
joint_categories,pmmr,1.28832993249873e-05,2.22140275816017,2.47727118047423
joint_categories,pmmr,6.32880160670185e-06,2.10517091807565,2.556764928785
joint_categories,pmmr,7.12437298163237e-05,2.22140275816017,2.46690750552927
joint_categories,pmmr,4.46550238773484e-05,2.10517091807565,2.51531636135937
joint_categories,pmmr,8.00119197095036e-05,2.05127109637602,2.4520908012475
joint_categories,pmmr,6.81351869583443e-05,1.95122942450071,2.49042657718742
joint_categories,pmmr,0.000600123620997585,2.05127109637602,2.43320163439058
joint_categories,pmmr,0.000651161817262938,1.95122942450071,2.44196254620165
joint_categories,pmmr,1.35609455861306e-06,2.22140275816017,2.44765359520389
joint_categories,pmmr,6.32625371005616e-07,2.10517091807565,2.52458004628425
joint_categories,pmmr,1.02766701937367e-05,2.22140275816017,2.43628968712138
joint_categories,pmmr,6.19366263561531e-06,2.10517091807565,2.48325795760504
joint_categories,pmmr,5.09504042494514e-05,2.05127109637602,2.42500231362372
joint_categories,pmmr,4.12027916908923e-05,1.95122942450071,2.46261480263017
joint_categories,pmmr,0.000523692747563205,2.05127109637602,2.40619097175528
joint_categories,pmmr,0.000546381786711675,1.95122942450071,2.41541255733454
joint_categories,pmmr,2.92158959072207e-05,2.49182469764127,2.4714055494883
joint_categories,pmmr,2.65016975343398e-05,2.349858807576,2.57194444848733
joint_categories,pmmr,2.08412592333647e-06,2.49182469764127,2.44256502485021
joint_categories,pmmr,2.38175679406677e-06,2.349858807576,2.50870872013516
joint_categories,pmmr,6.85018238213155e-06,2.28402541668774,2.42734852592156
joint_categories,pmmr,1.07938061238504e-05,2.16183424272828,2.48343049268248
joint_categories,pmmr,6.62786053419966e-07,2.28402541668774,2.39458063920054
joint_categories,pmmr,1.31391406980173e-06,2.16183424272828,2.41958229659255
joint_categories,pmmr,1.8667760850864e-05,2.49182469764127,2.48848621467814
joint_categories,pmmr,1.12834184782682e-05,2.349858807576,2.59659966322688
joint_categories,pmmr,1.65523832426525e-06,2.49182469764127,2.45690533394834
joint_categories,pmmr,1.24374090986217e-06,2.349858807576,2.52798149408941
joint_categories,pmmr,2.64792220767445e-05,2.28402541668774,2.44232912097961
joint_categories,pmmr,2.78017211447736e-05,2.16183424272828,2.50271442818609
joint_categories,pmmr,3.18449085640208e-06,2.28402541668774,2.40738234913449
joint_categories,pmmr,4.1507782994387e-06,2.16183424272828,2.43459470081176
joint_categories,pmmr,3.82040037351845e-06,2.49182469764127,2.48276057172682
joint_categories,pmmr,1.9334059242777e-06,2.349858807576,2.59308329710642
joint_categories,pmmr,4.27641604438872e-07,2.49182469764127,2.45020142181383
joint_categories,pmmr,2.76136241749152e-07,2.349858807576,2.52283587314278
joint_categories,pmmr,3.27832450247273e-05,2.28402541668774,2.43668191139997
joint_categories,pmmr,2.88193445936543e-05,2.16183424272828,2.49849941498135
joint_categories,pmmr,4.97725040727478e-06,2.28402541668774,2.40147251672877
joint_categories,pmmr,5.57510556363315e-06,2.16183424272828,2.4297367773583
joint_categories,pmmr,5.05018641496461e-07,2.49182469764127,2.45511926364718
joint_categories,pmmr,2.39351972245027e-07,2.349858807576,2.56199820077846
joint_categories,pmmr,7.74678272811758e-08,2.49182469764127,2.42346593033644
joint_categories,pmmr,4.74339697090307e-08,2.349858807576,2.49409478010974
joint_categories,pmmr,2.62168517082561e-05,2.28402541668774,2.41125466602914
joint_categories,pmmr,2.15838111641879e-05,2.16183424272828,2.47145489437423
joint_categories,pmmr,5.45457582777957e-06,2.28402541668774,2.37771246859936
joint_categories,pmmr,5.79360956768059e-06,2.16183424272828,2.40573960597269
joint_categories,pmmr,4.15666446576804e-06,2.49182469764127,2.41570095897768
joint_categories,pmmr,3.48541738512892e-06,2.349858807576,2.50835843184722
joint_categories,pmmr,1.08520016401156e-05,2.49182469764127,2.40648199945589
joint_categories,pmmr,1.14640652074836e-05,2.349858807576,2.46733913196791
joint_categories,pmmr,9.74603338616057e-07,2.28402541668774,2.374659453609
joint_categories,pmmr,1.41956640577577e-06,2.16183424272828,2.42339615919183
joint_categories,pmmr,3.45111360989391e-06,2.28402541668774,2.35900633659208
joint_categories,pmmr,6.32423789480113e-06,2.16183424272828,2.37817156555161
joint_categories,pmmr,2.06956073411799e-06,2.49182469764127,2.42929511532949
joint_categories,pmmr,1.16157933164607e-06,2.349858807576,2.52779423856318
joint_categories,pmmr,6.71593702760165e-06,2.49182469764127,2.41784914580783
joint_categories,pmmr,4.68595630751281e-06,2.349858807576,2.48222228361295
joint_categories,pmmr,2.93556140545289e-06,2.28402541668774,2.38679979772744
joint_categories,pmmr,2.86206744242931e-06,2.16183424272828,2.43852925940499
joint_categories,pmmr,1.29207013534218e-05,2.28402541668774,2.36940198757135
joint_categories,pmmr,1.56385993249169e-05,2.16183424272828,2.38967222342859
joint_categories,pmmr,3.32472149854882e-07,2.49182469764127,2.42319467401532
joint_categories,pmmr,1.57738079633013e-07,2.349858807576,2.52278389738032
joint_categories,pmmr,1.36202938696032e-06,2.49182469764127,2.41022386677691
joint_categories,pmmr,8.24512129215904e-07,2.349858807576,2.47512251532263
joint_categories,pmmr,2.85297740732666e-06,2.28402541668774,2.3811954594759
joint_categories,pmmr,2.3512434793968e-06,2.16183424272828,2.43354572997021
joint_categories,pmmr,1.58524363640055e-05,2.28402541668774,2.36304885419221
joint_categories,pmmr,1.66466456186884e-05,2.16183424272828,2.38361979610777
joint_categories,pmmr,3.49959790528299e-08,2.49182469764127,2.39831406845
joint_categories,pmmr,1.57674576248175e-08,2.349858807576,2.49413481083987
joint_categories,pmmr,1.96468192219233e-07,2.49182469764127,2.3847277223922
joint_categories,pmmr,1.14360032173818e-07,2.349858807576,2.44713196664989
joint_categories,pmmr,1.81673371599631e-06,2.28402541668774,2.35865851325482
joint_categories,pmmr,1.42184676700723e-06,2.16183424272828,2.40920152228743
joint_categories,pmmr,1.38334930747049e-05,2.28402541668774,2.34084880390999
joint_categories,pmmr,1.39679934154099e-05,2.16183424272828,2.36089413574119
joint_categories,pmmr,0.000176640708020924,3.33964685192599,2.94273988026386
joint_categories,pmmr,0.000205750585808033,3.11700001661268,3.03873149743609
joint_categories,pmmr,1.70092000272485e-05,3.33964685192599,2.88485873915142
joint_categories,pmmr,2.49604921798227e-05,3.11700001661268,2.94473024802402
joint_categories,pmmr,4.1403331261102e-05,3.01375270747048,2.87709049726773
joint_categories,pmmr,8.36376357218567e-05,2.82211880039051,2.92614594645735
joint_categories,pmmr,5.40747918862958e-06,3.01375270747048,2.81644238483441
joint_categories,pmmr,1.37430283483735e-05,2.82211880039051,2.83180384330039
joint_categories,pmmr,0.000112866177519716,3.33964685192599,2.97969122472598
joint_categories,pmmr,8.76008021302289e-05,3.11700001661268,3.08408380090564
joint_categories,pmmr,1.35089149052582e-05,3.33964685192599,2.9164458934912
joint_categories,pmmr,1.30342381437414e-05,3.11700001661268,2.98121556708885
joint_categories,pmmr,0.000160043622493829,3.01375270747048,2.91250784298736
joint_categories,pmmr,0.00021542634719084,2.82211880039051,2.96619290394896
joint_categories,pmmr,2.59813373312853e-05,3.01375270747048,2.84723455402637
joint_categories,pmmr,4.34155209599115e-05,2.82211880039051,2.86431479633233
joint_categories,pmmr,2.30983239071206e-05,3.33964685192599,2.96578963982526
joint_categories,pmmr,1.50103366401118e-05,3.11700001661268,3.07252134573487
joint_categories,pmmr,3.49011617216947e-06,3.33964685192599,2.9012487827023
joint_categories,pmmr,2.89387082674241e-06,3.11700001661268,2.96735206654079
joint_categories,pmmr,0.000198145900043949,3.01375270747048,2.90103501253473
joint_categories,pmmr,0.000223311574917085,2.82211880039051,2.95640234733621
joint_categories,pmmr,4.06079425706963e-05,3.01375270747048,2.83526557213602
joint_categories,pmmr,5.83134282272714e-05,2.82211880039051,2.8533282930888
joint_categories,pmmr,3.05336693014617e-06,3.33964685192599,2.90358549640852
joint_categories,pmmr,1.85825109655374e-06,3.11700001661268,3.00625181720377
joint_categories,pmmr,6.32239038508963e-07,3.33964685192599,2.8419825231818
joint_categories,pmmr,4.971016490557e-07,3.11700001661268,2.90568049312472
joint_categories,pmmr,0.000158457824237134,3.01375270747048,2.84472383682674
joint_categories,pmmr,0.000167245818104034,2.82211880039051,2.8985701155163
joint_categories,pmmr,4.45023022426673e-05,3.01375270747048,2.78261715396789
joint_categories,pmmr,6.05988948273134e-05,2.82211880039051,2.80077760542588
joint_categories,pmmr,2.51313927380614e-05,3.33964685192599,2.86067953149441
joint_categories,pmmr,2.70596503430227e-05,3.11700001661268,2.95043332246255
joint_categories,pmmr,8.85665614183497e-05,3.33964685192599,2.83376297668183
joint_categories,pmmr,0.000120141867831846,3.11700001661268,2.89006405411392
joint_categories,pmmr,5.89062051576216e-06,3.01375270747048,2.79992704838532
joint_categories,pmmr,1.09997508355195e-05,2.82211880039051,2.84223520949063
joint_categories,pmmr,2.81566350510891e-05,3.01375270747048,2.76679222013131
joint_categories,pmmr,6.61490600243174e-05,2.82211880039051,2.7768974683715
joint_categories,pmmr,1.25126634667587e-05,3.33964685192599,2.89177265412394
joint_categories,pmmr,9.01812525929719e-06,3.11700001661268,2.98779693130775
joint_categories,pmmr,5.48108513952008e-05,3.33964685192599,2.8606890505599
joint_categories,pmmr,4.91081944470715e-05,3.11700001661268,2.92015444643989
joint_categories,pmmr,1.77428883680981e-05,3.01375270747048,2.83031360959183
joint_categories,pmmr,2.21772145445852e-05,2.82211880039051,2.87556040448847
joint_categories,pmmr,0.000105416255080514,3.01375270747048,2.79364602204702
joint_categories,pmmr,0.000163573645180327,2.82211880039051,2.80404648949489
joint_categories,pmmr,2.01014256533857e-06,3.33964685192599,2.8775070790638
joint_categories,pmmr,1.22462729969177e-06,3.11700001661268,2.97435504670768
joint_categories,pmmr,1.11159455512701e-05,3.33964685192599,2.84429546524827
joint_categories,pmmr,8.64077667574215e-06,3.11700001661268,2.90370639431044
joint_categories,pmmr,1.72437406898982e-05,3.01375270747048,2.81887111709793
joint_categories,pmmr,1.82190085097646e-05,2.82211880039051,2.86465521971457
joint_categories,pmmr,0.000129335430770023,3.01375270747048,2.7810101083472
joint_categories,pmmr,0.000174117415971871,2.82211880039051,2.79135086813459
joint_categories,pmmr,2.11587367965995e-07,3.33964685192599,2.82042003116022
joint_categories,pmmr,1.22413428000448e-07,3.11700001661268,2.91258440042213
joint_categories,pmmr,1.60343803751503e-06,3.33964685192599,2.78744759052099
joint_categories,pmmr,1.19847781934314e-06,3.11700001661268,2.84365900408822
joint_categories,pmmr,1.09805584232055e-05,3.01375270747048,2.76758449391264
joint_categories,pmmr,1.10174206009204e-05,2.82211880039051,2.81145186728131
joint_categories,pmmr,0.00011286345800659,3.01375270747048,2.73103442563897
joint_categories,pmmr,0.000146099759405757,2.82211880039051,2.74098792232916
joint_categories,pmmr,0.000123274331780955,1.77880078307141,2.14986152224475
joint_categories,pmmr,8.2947265334077e-05,1.70468808971871,2.23038258454423
joint_categories,pmmr,1.17517693137172e-05,1.77880078307141,2.1423359012246
joint_categories,pmmr,9.98038038002363e-06,1.70468808971871,2.19470222401204
joint_categories,pmmr,1.52877290779201e-05,1.67032004603564,2.13508903761568
joint_categories,pmmr,1.77617149406835e-05,1.60653065971263,2.18033049249405
joint_categories,pmmr,1.97669679488102e-06,1.67032004603564,2.1204237768649
joint_categories,pmmr,2.89466658291685e-06,1.60653065971263,2.13979227992149
joint_categories,pmmr,7.87672488991916e-05,1.77880078307141,2.15471491702149
joint_categories,pmmr,3.53158021360558e-05,1.70468808971871,2.24107060992943
joint_categories,pmmr,9.33339906585319e-06,1.77880078307141,2.14584279719032
joint_categories,pmmr,5.21170230543411e-06,1.70468808971871,2.2023173804509
joint_categories,pmmr,5.90943643134636e-05,1.67032004603564,2.13902619689316
joint_categories,pmmr,4.5749037935998e-05,1.60653065971263,2.18784969885941
joint_categories,pmmr,9.4974431593679e-06,1.67032004603564,2.12324608993163
joint_categories,pmmr,9.14452437387686e-06,1.60653065971263,2.14480734769349
joint_categories,pmmr,1.61198994094444e-05,1.77880078307141,2.15253907369415
joint_categories,pmmr,6.05133818283669e-06,1.70468808971871,2.2412076625446
joint_categories,pmmr,2.41134445286692e-06,1.77880078307141,2.14280585544639
joint_categories,pmmr,1.15710585406204e-06,1.70468808971871,2.20119059354367
joint_categories,pmmr,7.31632152656865e-05,1.67032004603564,2.13646900348463
joint_categories,pmmr,4.74235851169072e-05,1.60653065971263,2.18696596947359
joint_categories,pmmr,1.48441791685473e-05,1.67032004603564,2.12035649746583
joint_categories,pmmr,1.22824407944105e-05,1.60653065971263,2.14338005045229
joint_categories,pmmr,2.13088914901341e-06,1.77880078307141,2.14360773680473
joint_categories,pmmr,7.49144145363422e-07,1.70468808971871,2.23079284987618
joint_categories,pmmr,4.3681815251635e-07,1.77880078307141,2.13359850659092
joint_categories,pmmr,1.98764652129874e-07,1.70468808971871,2.19147697754878
joint_categories,pmmr,5.85088255806573e-05,1.67032004603564,2.12772770833484
joint_categories,pmmr,3.55171750199169e-05,1.60653065971263,2.17779856724559
joint_categories,pmmr,1.62677571451183e-05,1.67032004603564,2.11209653352374
joint_categories,pmmr,1.27638240547672e-05,1.60653065971263,2.13568643006938
joint_categories,pmmr,1.75387411045831e-05,1.77880078307141,2.11371985941752
joint_categories,pmmr,1.09089555591555e-05,1.70468808971871,2.18852917512478
joint_categories,pmmr,6.11912257501968e-05,1.77880078307141,2.11882271135462
joint_categories,pmmr,4.80383772839877e-05,1.70468808971871,2.16721323151967
joint_categories,pmmr,2.17504746122723e-06,1.67032004603564,2.09865090313344
joint_categories,pmmr,2.33596319495179e-06,1.60653065971263,2.13841340014229
joint_categories,pmmr,1.02926203353966e-05,1.67032004603564,2.09506346166516
joint_categories,pmmr,1.39328442530947e-05,1.60653065971263,2.10995291010979
joint_categories,pmmr,8.73235985604137e-06,1.77880078307141,2.11648586386564
joint_categories,pmmr,3.63560971533166e-06,1.70468808971871,2.19590797096556
joint_categories,pmmr,3.78691814108223e-05,1.77880078307141,2.1203805820131
joint_categories,pmmr,1.96357690716585e-05,1.70468808971871,2.17185716185887
joint_categories,pmmr,6.55136826359908e-06,1.67032004603564,2.1008325021742
joint_categories,pmmr,4.70966640220754e-06,1.60653065971263,2.14324011047213
joint_categories,pmmr,3.85347712450136e-05,1.67032004603564,2.09625251404871
joint_categories,pmmr,3.44531898317324e-05,1.60653065971263,2.11253502576307
joint_categories,pmmr,1.40284187208541e-06,1.77880078307141,2.11390440280908
joint_categories,pmmr,4.93702047865186e-07,1.70468808971871,2.19479704314244
joint_categories,pmmr,7.68008063948314e-06,1.77880078307141,2.11652860765404
joint_categories,pmmr,3.45498948424002e-06,1.70468808971871,2.16913605426177
joint_categories,pmmr,6.36706342044359e-06,1.67032004603564,2.09819266226875
joint_categories,pmmr,3.86908157863864e-06,1.60653065971263,2.14165555172003
joint_categories,pmmr,4.7278393970565e-05,1.67032004603564,2.09291455012141
joint_categories,pmmr,3.66740031921173e-05,1.60653065971263,2.11008940835825
joint_categories,pmmr,1.47662969037744e-07,1.77880078307141,2.10628775248813
joint_categories,pmmr,4.93503289574139e-08,1.70468808971871,2.18535230854984
joint_categories,pmmr,1.10782599390504e-06,1.77880078307141,2.10772913384597
joint_categories,pmmr,4.79207878910934e-07,1.70468808971871,2.15939917285146
joint_categories,pmmr,4.05445159085421e-06,1.67032004603564,2.09103936496762
joint_categories,pmmr,2.33971563646224e-06,1.60653065971263,2.13385841221365
joint_categories,pmmr,4.12570863277526e-05,1.67032004603564,2.08543438945808
joint_categories,pmmr,3.07727002086909e-05,1.60653065971263,2.10290734159603
joint_categories,pmmr,0.000700628498475599,2.22140275816017,2.52612487770959
joint_categories,pmmr,0.000601746904034938,2.10517091807565,2.60372598095506
joint_categories,pmmr,9.01585137293281e-05,2.22140275816017,2.49938152815829
joint_categories,pmmr,9.7734350326959e-05,2.10517091807565,2.54674057052564
joint_categories,pmmr,8.61341529362622e-05,2.05127109637602,2.49872999643982
joint_categories,pmmr,0.000127852153657165,1.95122942450071,2.53827539712051
joint_categories,pmmr,1.50335245806039e-05,2.05127109637602,2.46456479728002
joint_categories,pmmr,2.81261341858703e-05,1.95122942450071,2.47571858533777
joint_categories,pmmr,0.000447672913963591,2.22140275816017,2.54413267875595
joint_categories,pmmr,0.000256201027403268,2.10517091807565,2.62840524986054
joint_categories,pmmr,7.16049954144183e-05,2.22140275816017,2.51443955689016
joint_categories,pmmr,5.10363653011301e-05,2.10517091807565,2.56606877038886
joint_categories,pmmr,0.000332949582472557,2.05127109637602,2.51659011034809
joint_categories,pmmr,0.00032931015092823,1.95122942450071,2.56011416549621
joint_categories,pmmr,7.22316369202388e-05,2.05127109637602,2.47974638759205
joint_categories,pmmr,8.88531069946063e-05,1.95122942450071,2.49285870052165
joint_categories,pmmr,9.16172957958927e-05,2.22140275816017,2.53635761464387
joint_categories,pmmr,4.38998682129477e-05,2.10517091807565,2.62312802519
joint_categories,pmmr,1.84996170496793e-05,2.22140275816017,2.5054298768557
joint_categories,pmmr,1.13311301373472e-05,2.10517091807565,2.55892040138699
joint_categories,pmmr,0.000412216329899841,2.05127109637602,2.51000354608815
joint_categories,pmmr,0.000341363855437888,1.95122942450071,2.55547725863377
joint_categories,pmmr,0.000112895580640973,2.05127109637602,2.47255652129279
joint_categories,pmmr,0.000119342787163243,1.95122942450071,2.48719231511947
joint_categories,pmmr,1.21108883197521e-05,2.22140275816017,2.50401630901419
joint_categories,pmmr,5.43472009996622e-06,2.10517091807565,2.58876740702921
joint_categories,pmmr,3.35122944890481e-06,2.22140275816017,2.47373260064507
joint_categories,pmmr,1.94643224047451e-06,2.10517091807565,2.52642791582164
joint_categories,pmmr,0.000329650539004126,2.05127109637602,2.47997778752266
joint_categories,pmmr,0.00025565928364911,1.95122942450071,2.52509818148083
joint_categories,pmmr,0.000123722428015142,2.05127109637602,2.44406834006576
joint_categories,pmmr,0.000124020165295677,1.95122942450071,2.45957788738678
joint_categories,pmmr,9.96812691476689e-05,2.22140275816017,2.47116983652627
joint_categories,pmmr,7.9139802952367e-05,2.10517091807565,2.54416333173842
joint_categories,pmmr,0.000469453562237129,2.22140275816017,2.4650611494235
joint_categories,pmmr,0.000470422911336048,2.10517091807565,2.50965095695128
joint_categories,pmmr,1.22546566408975e-05,2.05127109637602,2.44421469966251
joint_categories,pmmr,1.68147009641719e-05,1.95122942450071,2.47871378988407
joint_categories,pmmr,7.8279259222617e-05,2.05127109637602,2.42860078519163
joint_categories,pmmr,0.000135378992995626,1.95122942450071,2.43570464490459
joint_categories,pmmr,4.96302846318255e-05,2.22140275816017,2.48552727701332
joint_categories,pmmr,2.63747922450361e-05,2.10517091807565,2.56365804448148
joint_categories,pmmr,0.000290528942578952,2.22140275816017,2.47700251692463
joint_categories,pmmr,0.000192286171500028,2.10517091807565,2.52459102445957
joint_categories,pmmr,3.69117318263851e-05,2.05127109637602,2.45882773172161
joint_categories,pmmr,3.39010616114444e-05,1.95122942450071,2.49608022227555
joint_categories,pmmr,0.00029307146762219,2.05127109637602,2.4410536803872
joint_categories,pmmr,0.000334765684606794,1.95122942450071,2.44907651661291
joint_categories,pmmr,7.9730385088143e-06,2.22140275816017,2.47727118047423
joint_categories,pmmr,3.58159702579772e-06,2.10517091807565,2.556764928785
joint_categories,pmmr,5.89208856379573e-05,2.22140275816017,2.46690750552927
joint_categories,pmmr,3.38334952948832e-05,2.10517091807565,2.51531636135937
joint_categories,pmmr,3.58733211202341e-05,2.05127109637602,2.4520908012475
joint_categories,pmmr,2.78503744799531e-05,1.95122942450071,2.49042657718742
joint_categories,pmmr,0.000359570015861105,2.05127109637602,2.43320163439058
joint_categories,pmmr,0.000356344299202544,1.95122942450071,2.44196254620165
joint_categories,pmmr,8.39241087602857e-07,2.22140275816017,2.44765359520389
joint_categories,pmmr,3.58015511947559e-07,2.10517091807565,2.52458004628425
joint_categories,pmmr,8.49914105824128e-06,2.22140275816017,2.43628968712138
joint_categories,pmmr,4.69271399822231e-06,2.10517091807565,2.48325795760504
joint_categories,pmmr,2.28435990472706e-05,2.05127109637602,2.42500231362372
joint_categories,pmmr,1.68417117415764e-05,1.95122942450071,2.46261480263017
joint_categories,pmmr,0.000313775700470895,2.05127109637602,2.40619097175528
joint_categories,pmmr,0.000299004071985054,1.95122942450071,2.41541255733454
joint_categories,pmmr,8.79999616795412e-05,2.49182469764127,2.4714055494883
joint_categories,pmmr,7.34960717638712e-05,2.349858807576,2.57194444848733
joint_categories,pmmr,8.3890558101869e-06,2.49182469764127,2.44256502485021
joint_categories,pmmr,8.84319392190498e-06,2.349858807576,2.50870872013516
joint_categories,pmmr,1.50914192102781e-05,2.28402541668774,2.42734852592156
joint_categories,pmmr,2.17619978616527e-05,2.16183424272828,2.48343049268248
joint_categories,pmmr,1.95131401342318e-06,2.28402541668774,2.39458063920054
joint_categories,pmmr,3.54660167658394e-06,2.16183424272828,2.41958229659255
joint_categories,pmmr,5.62283711831293e-05,2.49182469764127,2.48848621467814
joint_categories,pmmr,3.1291842084683e-05,2.349858807576,2.59659966322688
joint_categories,pmmr,6.66269083165163e-06,2.49182469764127,2.45690533394834
joint_categories,pmmr,4.61786949948735e-06,2.349858807576,2.52798149408941
joint_categories,pmmr,5.8335533045743e-05,2.28402541668774,2.44232912097961
joint_categories,pmmr,5.60526091686927e-05,2.16183424272828,2.50271442818609
joint_categories,pmmr,9.37548640568326e-06,2.28402541668774,2.40738234913449
joint_categories,pmmr,1.12040487382398e-05,2.16183424272828,2.43459470081176
joint_categories,pmmr,1.15072660286635e-05,2.49182469764127,2.48276057172682
joint_categories,pmmr,5.36183542111911e-06,2.349858807576,2.59308329710642
joint_categories,pmmr,1.72134958172409e-06,2.49182469764127,2.45020142181383
joint_categories,pmmr,1.0252626719642e-06,2.349858807576,2.52283587314278
joint_categories,pmmr,7.22237257553826e-05,2.28402541668774,2.43668191139997
joint_categories,pmmr,5.8104296874068e-05,2.16183424272828,2.49849941498135
joint_categories,pmmr,1.46535649293114e-05,2.28402541668774,2.40147251672877
joint_categories,pmmr,1.50486848368231e-05,2.16183424272828,2.4297367773583
joint_categories,pmmr,1.52114524368082e-06,2.49182469764127,2.45511926364718
joint_categories,pmmr,6.63785016267369e-07,2.349858807576,2.56199820077846
joint_categories,pmmr,3.11824693162162e-07,2.49182469764127,2.42346593033644
joint_categories,pmmr,1.7611697116501e-07,2.349858807576,2.49409478010974
joint_categories,pmmr,5.77575132211113e-05,2.28402541668774,2.41125466602914
joint_categories,pmmr,4.35163321456637e-05,2.16183424272828,2.47145489437423
joint_categories,pmmr,1.60588627281833e-05,2.28402541668774,2.37771246859936
joint_categories,pmmr,1.56384849500162e-05,2.16183424272828,2.40573960597269
joint_categories,pmmr,1.25201128476055e-05,2.49182469764127,2.41570095897768
joint_categories,pmmr,9.66596520591003e-06,2.349858807576,2.50835843184722
joint_categories,pmmr,4.36816443727291e-05,2.49182469764127,2.40648199945589
joint_categories,pmmr,4.25647790805878e-05,2.349858807576,2.46733913196791
joint_categories,pmmr,2.14711765706519e-06,2.28402541668774,2.374659453609
joint_categories,pmmr,2.86206744242931e-06,2.16183424272828,2.42339615919183
joint_categories,pmmr,1.01604527043879e-05,2.28402541668774,2.35900633659208
joint_categories,pmmr,1.70707911851512e-05,2.16183424272828,2.37817156555161
joint_categories,pmmr,6.23363616416963e-06,2.49182469764127,2.42929511532949
joint_categories,pmmr,3.22136036031159e-06,2.349858807576,2.52779423856318
joint_categories,pmmr,2.70330933037174e-05,2.49182469764127,2.41784914580783
joint_categories,pmmr,1.73984264221009e-05,2.349858807576,2.48222228361295
joint_categories,pmmr,6.46724208435124e-06,2.28402541668774,2.38679979772744
joint_categories,pmmr,5.77037468038513e-06,2.16183424272828,2.43852925940499
joint_categories,pmmr,3.80399458982163e-05,2.28402541668774,2.36940198757135
joint_categories,pmmr,4.22127168434574e-05,2.16183424272828,2.38967222342859
joint_categories,pmmr,1.00142526998508e-06,2.49182469764127,2.42319467401532
joint_categories,pmmr,4.37448552326932e-07,2.349858807576,2.52278389738032
joint_categories,pmmr,5.48246169503649e-06,2.49182469764127,2.41022386677691
joint_categories,pmmr,3.06132039500529e-06,2.349858807576,2.47512251532263
joint_categories,pmmr,6.28530390135706e-06,2.28402541668774,2.3811954594759
joint_categories,pmmr,4.74047384062196e-06,2.16183424272828,2.43354572997021
joint_categories,pmmr,4.66712916851056e-05,2.28402541668774,2.36304885419221
joint_categories,pmmr,4.4933700473767e-05,2.16183424272828,2.38361979610777
joint_categories,pmmr,1.05409905120381e-07,2.49182469764127,2.39831406845
joint_categories,pmmr,4.37272440992054e-08,2.349858807576,2.49413481083987
joint_categories,pmmr,7.90826797459102e-07,2.49182469764127,2.3847277223922
joint_categories,pmmr,4.24605880813544e-07,2.349858807576,2.44713196664989
joint_categories,pmmr,4.00238834123061e-06,2.28402541668774,2.35865851325482
joint_categories,pmmr,2.86666500659466e-06,2.16183424272828,2.40920152228743
joint_categories,pmmr,4.07273037083055e-05,2.28402541668774,2.34084880390999
joint_categories,pmmr,3.77033095269934e-05,2.16183424272828,2.36089413574119
joint_categories,pmmr,0.000661329093499621,3.33964685192599,2.94273988026386
joint_categories,pmmr,0.00070441141774796,3.11700001661268,3.03873149743609
joint_categories,pmmr,8.51013743883075e-05,3.33964685192599,2.88485873915142
joint_categories,pmmr,0.000114408884889737,3.11700001661268,2.94473024802402
joint_categories,pmmr,0.000112300644165021,3.01375270747048,2.87709049726773
joint_categories,pmmr,0.000206819461142141,2.82211880039051,2.92614594645735
joint_categories,pmmr,1.96005235660911e-05,3.01375270747048,2.81644238483441
joint_categories,pmmr,4.54981144230985e-05,2.82211880039051,2.83180384330039
joint_categories,pmmr,0.000422562203821325,3.33964685192599,2.97969122472598
joint_categories,pmmr,0.000299911686676733,3.11700001661268,3.08408380090564
joint_categories,pmmr,6.75885534352282e-05,3.33964685192599,2.9164458934912
joint_categories,pmmr,5.97437198220874e-05,3.11700001661268,2.98121556708885
joint_categories,pmmr,0.000434095551085425,3.01375270747048,2.91250784298736
joint_categories,pmmr,0.000532707084045252,2.82211880039051,2.96619290394896
joint_categories,pmmr,9.41747155885917e-05,3.01375270747048,2.84723455402637
joint_categories,pmmr,0.000143732828769597,2.82211880039051,2.86431479633233
joint_categories,pmmr,8.64783309691398e-05,3.33964685192599,2.96578963982526
joint_categories,pmmr,5.13896593392953e-05,3.11700001661268,3.07252134573487
joint_categories,pmmr,1.74619430984802e-05,3.33964685192599,2.9012487827023
joint_categories,pmmr,1.32643431835122e-05,3.11700001661268,2.96735206654079
joint_categories,pmmr,0.000537442556814235,3.01375270747048,2.90103501253473
joint_categories,pmmr,0.000552205704914314,2.82211880039051,2.95640234733621
joint_categories,pmmr,0.00014719186289261,3.01375270747048,2.83526557213602
joint_categories,pmmr,0.000193054322717856,2.82211880039051,2.8533282930888
joint_categories,pmmr,1.14315686721324e-05,3.33964685192599,2.90358549640852
joint_categories,pmmr,6.36194198093999e-06,3.11700001661268,3.00625181720377
joint_categories,pmmr,3.16325347652218e-06,3.33964685192599,2.8419825231818
joint_categories,pmmr,2.27851457958375e-06,3.11700001661268,2.90568049312472
joint_categories,pmmr,0.000429794298980382,3.01375270747048,2.84472383682674
joint_categories,pmmr,0.000413566089954807,2.82211880039051,2.8985701155163
joint_categories,pmmr,0.000161307772702454,3.01375270747048,2.78261715396789
joint_categories,pmmr,0.000200620662409732,2.82211880039051,2.80077760542588
joint_categories,pmmr,9.40899827908091e-05,3.33964685192599,2.86067953149441
joint_categories,pmmr,9.26419071276756e-05,3.11700001661268,2.95043332246255
joint_categories,pmmr,0.000443121139705197,3.33964685192599,2.83376297668183
joint_categories,pmmr,0.000550682135119234,3.11700001661268,2.89006405411392
joint_categories,pmmr,1.59774698871458e-05,3.01375270747048,2.79992704838532
joint_categories,pmmr,2.72002253634419e-05,2.82211880039051,2.84223520949063
joint_categories,pmmr,0.0001020595308108,3.01375270747048,2.76679222013131
joint_categories,pmmr,0.000218995218933897,2.82211880039051,2.7768974683715
joint_categories,pmmr,4.68464403276573e-05,3.33964685192599,2.89177265412394
joint_categories,pmmr,3.08746163437762e-05,3.11700001661268,2.98779693130775
joint_categories,pmmr,0.000274232696285096,3.33964685192599,2.8606890505599
joint_categories,pmmr,0.000225092266817543,3.11700001661268,2.92015444643989
joint_categories,pmmr,4.8125059805452e-05,3.01375270747048,2.83031360959183
joint_categories,pmmr,5.48398997910237e-05,2.82211880039051,2.87556040448847
joint_categories,pmmr,0.000382102957751434,3.01375270747048,2.79364602204702
joint_categories,pmmr,0.000541532203555316,2.82211880039051,2.80404648949489
joint_categories,pmmr,7.52581766363214e-06,3.33964685192599,2.8775070790638
joint_categories,pmmr,4.19265611809042e-06,3.11700001661268,2.97435504670768
joint_categories,pmmr,5.56159162408124e-05,3.33964685192599,2.84429546524827
joint_categories,pmmr,3.96058546013788e-05,3.11700001661268,2.90370639431044
joint_categories,pmmr,4.67711927593001e-05,3.01375270747048,2.81887111709793
joint_categories,pmmr,4.50520329754958e-05,2.82211880039051,2.86465521971457
joint_categories,pmmr,0.000468802943165988,3.01375270747048,2.7810101083472
joint_categories,pmmr,0.000576438752371491,2.82211880039051,2.79135086813459
joint_categories,pmmr,7.9216667449242e-07,3.33964685192599,2.82042003116022
joint_categories,pmmr,4.19096820699387e-07,3.11700001661268,2.91258440042213
joint_categories,pmmr,8.02241025565115e-06,3.33964685192599,2.78744759052099
joint_categories,pmmr,5.49334163318196e-06,3.11700001661268,2.84365900408822
joint_categories,pmmr,2.9783202139972e-05,3.01375270747048,2.76758449391264
joint_categories,pmmr,2.72439192259857e-05,2.82211880039051,2.81145186728131
joint_categories,pmmr,0.000409096880679691,3.01375270747048,2.73103442563897
joint_categories,pmmr,0.000483682591793317,2.82211880039051,2.74098792232916
joint_categories,pmmr,1.98038556846727e-05,1.77880078307141,2.14986152224475
joint_categories,pmmr,1.36574405715996e-05,1.70468808971871,2.23038258454423
joint_categories,pmmr,2.07075251564843e-06,1.77880078307141,2.1423359012246
joint_categories,pmmr,1.805078242669e-06,1.70468808971871,2.19470222401204
joint_categories,pmmr,2.00808408421895e-06,1.67032004603564,2.13508903761568
joint_categories,pmmr,2.41197370631769e-06,1.60653065971263,2.18033049249405
joint_categories,pmmr,2.84791365864583e-07,1.67032004603564,2.1204237768649
joint_categories,pmmr,4.31785358478911e-07,1.60653065971263,2.13979227992149
joint_categories,pmmr,1.26538526499584e-05,1.77880078307141,2.15471491702149
joint_categories,pmmr,5.81482062089637e-06,1.70468808971871,2.24107060992943
joint_categories,pmmr,1.64461700014879e-06,1.77880078307141,2.14584279719032
joint_categories,pmmr,9.42602393956524e-07,1.70468808971871,2.2023173804509
joint_categories,pmmr,7.76220273397513e-06,1.67032004603564,2.13902619689316
joint_categories,pmmr,6.21254630870186e-06,1.60653065971263,2.18784969885941
joint_categories,pmmr,1.36833823810617e-06,1.67032004603564,2.12324608993163
joint_categories,pmmr,1.36405061577587e-06,1.60653065971263,2.14480734769349
joint_categories,pmmr,2.58964017037486e-06,1.77880078307141,2.15253907369415
joint_categories,pmmr,9.96365477244863e-07,1.70468808971871,2.2412076625446
joint_categories,pmmr,4.2489751615875e-07,1.77880078307141,2.14280585544639
joint_categories,pmmr,2.0927725418291e-07,1.70468808971871,2.20119059354367
joint_categories,pmmr,9.61018391786532e-06,1.67032004603564,2.13646900348463
joint_categories,pmmr,6.43994348199452e-06,1.60653065971263,2.18696596947359
joint_categories,pmmr,2.13866591552986e-06,1.67032004603564,2.12035649746583
joint_categories,pmmr,1.83212053944622e-06,1.60653065971263,2.14338005045229
joint_categories,pmmr,3.42324477264912e-07,1.77880078307141,2.14360773680473
joint_categories,pmmr,1.23348149015582e-07,1.70468808971871,2.23079284987618
joint_categories,pmmr,7.69707321559066e-08,1.77880078307141,2.13359850659092
joint_categories,pmmr,3.59491056763168e-08,1.70468808971871,2.19147697754878
joint_categories,pmmr,7.68529065605635e-06,1.67032004603564,2.12772770833484
joint_categories,pmmr,4.82309802610911e-06,1.60653065971263,2.17779856724559
joint_categories,pmmr,2.34376703038586e-06,1.67032004603564,2.11209653352374
joint_categories,pmmr,1.90392647553071e-06,1.60653065971263,2.13568643006938
joint_categories,pmmr,2.81757518137011e-06,1.77880078307141,2.11371985941752
joint_categories,pmmr,1.7961823291862e-06,1.70468808971871,2.18852917512478
joint_categories,pmmr,1.07823665760633e-05,1.77880078307141,2.11882271135462
joint_categories,pmmr,8.68834917575013e-06,1.70468808971871,2.16721323151967
joint_categories,pmmr,2.85698298749905e-07,1.67032004603564,2.09865090313344
joint_categories,pmmr,3.17214966233028e-07,1.60653065971263,2.13841340014229
joint_categories,pmmr,1.48290289701188e-06,1.67032004603564,2.09506346166516
joint_categories,pmmr,2.07830434978499e-06,1.60653065971263,2.10995291010979
joint_categories,pmmr,1.40284187208541e-06,1.77880078307141,2.11648586386564
joint_categories,pmmr,5.98610736938588e-07,1.70468808971871,2.19590797096556
joint_categories,pmmr,6.67284224005948e-06,1.77880078307141,2.1203805820131
joint_categories,pmmr,3.55137762086377e-06,1.70468808971871,2.17185716185887
joint_categories,pmmr,8.60539735688479e-07,1.67032004603564,2.1008325021742
joint_categories,pmmr,6.39554883387589e-07,1.60653065971263,2.14324011047213
joint_categories,pmmr,5.55187328909855e-06,1.67032004603564,2.09625251404871
joint_categories,pmmr,5.13923883670437e-06,1.60653065971263,2.11253502576307
joint_categories,pmmr,2.25364660930069e-07,1.77880078307141,2.11390440280908
joint_categories,pmmr,8.12890738668601e-08,1.70468808971871,2.19479704314244
joint_categories,pmmr,1.35328952432968e-06,1.77880078307141,2.11652860765404
joint_categories,pmmr,6.24878622776209e-07,1.70468808971871,2.16913605426177
joint_categories,pmmr,8.36330801824028e-07,1.67032004603564,2.09819266226875
joint_categories,pmmr,5.2540664380888e-07,1.60653065971263,2.14165555172003
joint_categories,pmmr,6.81160531530659e-06,1.67032004603564,2.09291455012141
joint_categories,pmmr,5.47050831643916e-06,1.60653065971263,2.11008940835825
joint_categories,pmmr,2.37218574746765e-08,1.77880078307141,2.10628775248813
joint_categories,pmmr,8.12563478988953e-09,1.70468808971871,2.18535230854984
joint_categories,pmmr,1.95207496210964e-07,1.77880078307141,2.10772913384597
joint_categories,pmmr,8.66708164419322e-08,1.70468808971871,2.15939917285146
joint_categories,pmmr,5.32563055528598e-07,1.67032004603564,2.09103936496762
joint_categories,pmmr,3.17724533596762e-07,1.60653065971263,2.13385841221365
joint_categories,pmmr,5.94408914776475e-06,1.67032004603564,2.08543438945808
joint_categories,pmmr,4.59023552812243e-06,1.60653065971263,2.10290734159603
joint_categories,pmmr,0.000142091356774742,2.22140275816017,2.52612487770959
joint_categories,pmmr,0.000126356406309473,2.10517091807565,2.60372598095506
joint_categories,pmmr,2.0055544182453e-05,2.22140275816017,2.49938152815829
joint_categories,pmmr,2.25430317316789e-05,2.10517091807565,2.54674057052564
joint_categories,pmmr,1.4504873271867e-05,2.05127109637602,2.49872999643982
joint_categories,pmmr,2.24960807397412e-05,1.95122942450071,2.53827539712051
joint_categories,pmmr,2.77681666961595e-06,2.05127109637602,2.46456479728002
joint_categories,pmmr,5.43613895250765e-06,1.95122942450071,2.47571858533777
joint_categories,pmmr,9.07905571565963e-05,2.22140275816017,2.54413267875595
joint_categories,pmmr,5.37977692920416e-05,2.10517091807565,2.62840524986054
joint_categories,pmmr,1.59283587297099e-05,2.22140275816017,2.51443955689016
joint_categories,pmmr,1.17718529729212e-05,2.10517091807565,2.56606877038886
joint_categories,pmmr,5.60682532428122e-05,2.05127109637602,2.51659011034809
joint_categories,pmmr,5.79433942392778e-05,1.95122942450071,2.56011416549621
joint_categories,pmmr,1.33417823876474e-05,2.05127109637602,2.47974638759205
joint_categories,pmmr,1.71732749617387e-05,1.95122942450071,2.49285870052165
joint_categories,pmmr,1.85804972135667e-05,2.22140275816017,2.53635761464387
joint_categories,pmmr,9.21821042643118e-06,2.10517091807565,2.62312802519
joint_categories,pmmr,4.11519524614361e-06,2.22140275816017,2.5054298768557
joint_categories,pmmr,2.61359517290967e-06,2.10517091807565,2.55892040138699
joint_categories,pmmr,6.94166648415962e-05,2.05127109637602,2.51000354608815
joint_categories,pmmr,6.00642901499511e-05,1.95122942450071,2.55547725863377
joint_categories,pmmr,2.08527500366939e-05,2.05127109637602,2.47255652129279
joint_categories,pmmr,2.30662333369957e-05,1.95122942450071,2.48719231511947
joint_categories,pmmr,2.45615551871659e-06,2.22140275816017,2.50401630901419
joint_categories,pmmr,1.14119689943552e-06,2.10517091807565,2.58876740702921
joint_categories,pmmr,7.45472917619591e-07,2.22140275816017,2.47373260064507
joint_categories,pmmr,4.48956621840626e-07,2.10517091807565,2.52642791582164
joint_categories,pmmr,5.55126988454365e-05,2.05127109637602,2.47997778752266
joint_categories,pmmr,4.49842393915159e-05,1.95122942450071,2.52509818148083
joint_categories,pmmr,2.28525585384719e-05,2.05127109637602,2.44406834006576
joint_categories,pmmr,2.39702636347004e-05,1.95122942450071,2.45957788738678
joint_categories,pmmr,2.02159158655945e-05,2.22140275816017,2.47116983652627
joint_categories,pmmr,1.66179851197379e-05,2.10517091807565,2.54416333173842
joint_categories,pmmr,0.000104428813981147,2.22140275816017,2.4650611494235
joint_categories,pmmr,0.000108505950897308,2.10517091807565,2.50965095695128
joint_categories,pmmr,2.06366737823491e-06,2.05127109637602,2.44421469966251
joint_categories,pmmr,2.95861164387526e-06,1.95122942450071,2.47871378988407
joint_categories,pmmr,1.4458828382467e-05,2.05127109637602,2.42860078519163
joint_categories,pmmr,2.61656654381069e-05,1.95122942450071,2.43570464490459
joint_categories,pmmr,1.00652977944749e-05,2.22140275816017,2.48552727701332
joint_categories,pmmr,5.53824862728041e-06,2.10517091807565,2.56365804448148
joint_categories,pmmr,6.46274633770735e-05,2.22140275816017,2.47700251692463
joint_categories,pmmr,4.43519934515032e-05,2.10517091807565,2.52459102445957
joint_categories,pmmr,6.21588503671758e-06,2.05127109637602,2.45882773172161
joint_categories,pmmr,5.96502285928648e-06,1.95122942450071,2.49608022227555
joint_categories,pmmr,5.41327306393654e-05,2.05127109637602,2.4410536803872
joint_categories,pmmr,6.47025562072485e-05,1.95122942450071,2.44907651661291
joint_categories,pmmr,1.61697656004518e-06,2.22140275816017,2.47727118047423
joint_categories,pmmr,7.5207321548965e-07,2.10517091807565,2.556764928785
joint_categories,pmmr,1.31068090666286e-05,2.22140275816017,2.46690750552927
joint_categories,pmmr,7.80390472208189e-06,2.10517091807565,2.51531636135937
joint_categories,pmmr,6.04101809737452e-06,2.05127109637602,2.4520908012475
joint_categories,pmmr,4.90038106525038e-06,1.95122942450071,2.49042657718742
joint_categories,pmmr,6.64155640005666e-05,2.05127109637602,2.43320163439058
joint_categories,pmmr,6.88732092578919e-05,1.95122942450071,2.44196254620165
joint_categories,pmmr,1.70202760889769e-07,2.22140275816017,2.44765359520389
joint_categories,pmmr,7.51770440186815e-08,2.10517091807565,2.52458004628425
joint_categories,pmmr,1.89061345352469e-06,2.22140275816017,2.43628968712138
joint_categories,pmmr,1.08240347652302e-06,2.10517091807565,2.48325795760504
joint_categories,pmmr,3.8468307629285e-06,2.05127109637602,2.42500231362372
joint_categories,pmmr,2.96336429458901e-06,1.95122942450071,2.46261480263017
joint_categories,pmmr,5.79569741557573e-05,2.05127109637602,2.40619097175528
joint_categories,pmmr,5.77906537718545e-05,1.95122942450071,2.41541255733454
joint_categories,pmmr,8.55243232354085e-05,2.49182469764127,2.4714055494883
joint_categories,pmmr,7.32084887585417e-05,2.349858807576,2.57194444848733
joint_categories,pmmr,8.94268824761831e-06,2.49182469764127,2.44256502485021
joint_categories,pmmr,9.67582831819301e-06,2.349858807576,2.50870872013516
joint_categories,pmmr,1.1992205632e-05,2.28402541668774,2.42734852592156
joint_categories,pmmr,1.78779000146227e-05,2.16183424272828,2.48343049268248
joint_categories,pmmr,1.70076375212874e-06,2.28402541668774,2.39458063920054
joint_categories,pmmr,3.20045589487336e-06,2.16183424272828,2.41958229659255
joint_categories,pmmr,5.46465396153062e-05,2.49182469764127,2.48848621467814
joint_categories,pmmr,3.11694001395145e-05,2.349858807576,2.59659966322688
joint_categories,pmmr,7.10239249158098e-06,2.49182469764127,2.45690533394834
joint_categories,pmmr,5.05266681556998e-06,2.349858807576,2.52798149408941
joint_categories,pmmr,4.63555944069487e-05,2.28402541668774,2.44232912097961
joint_categories,pmmr,4.60482970657045e-05,2.16183424272828,2.50271442818609
joint_categories,pmmr,8.17166654247965e-06,2.28402541668774,2.40738234913449
joint_categories,pmmr,1.0110541611565e-05,2.16183424272828,2.43459470081176
joint_categories,pmmr,1.11835405448824e-05,2.49182469764127,2.48276057172682
joint_categories,pmmr,5.34085507880311e-06,2.349858807576,2.59308329710642
joint_categories,pmmr,1.83494937008695e-06,2.49182469764127,2.45020142181383
joint_categories,pmmr,1.12179668144611e-06,2.349858807576,2.52283587314278
joint_categories,pmmr,5.73916713000624e-05,2.28402541668774,2.43668191139997
joint_categories,pmmr,4.77337979967824e-05,2.16183424272828,2.49849941498135
joint_categories,pmmr,1.27720356128211e-05,2.28402541668774,2.40147251672877
joint_categories,pmmr,1.35799439824581e-05,2.16183424272828,2.4297367773583
joint_categories,pmmr,1.47835197908737e-06,2.49182469764127,2.45511926364718
joint_categories,pmmr,6.61187689834956e-07,2.349858807576,2.56199820077846
joint_categories,pmmr,3.32403441096708e-07,2.49182469764127,2.42346593033644
joint_categories,pmmr,1.92699333743176e-07,2.349858807576,2.49409478010974
joint_categories,pmmr,4.58962782551825e-05,2.28402541668774,2.41125466602914
joint_categories,pmmr,3.57495042527406e-05,2.16183424272828,2.47145489437423
joint_categories,pmmr,1.3996892063821e-05,2.28402541668774,2.37771246859936
joint_categories,pmmr,1.41121800273256e-05,2.16183424272828,2.40573960597269
joint_categories,pmmr,1.21678936863826e-05,2.49182469764127,2.41570095897768
joint_categories,pmmr,9.62814322091664e-06,2.349858807576,2.50835843184722
joint_categories,pmmr,4.65643973061069e-05,2.49182469764127,2.40648199945589
joint_categories,pmmr,4.65724825693815e-05,2.349858807576,2.46733913196791
joint_categories,pmmr,1.70617992256736e-06,2.28402541668774,2.374659453609
joint_categories,pmmr,2.3512434793968e-06,2.16183424272828,2.42339615919183
joint_categories,pmmr,8.85584254813308e-06,2.28402541668774,2.35900633659208
joint_categories,pmmr,1.54046942004755e-05,2.16183424272828,2.37817156555161
joint_categories,pmmr,6.05826984536427e-06,2.49182469764127,2.42929511532949
joint_categories,pmmr,3.2087554894466e-06,2.349858807576,2.52779423856318
joint_categories,pmmr,2.88171316598425e-05,2.49182469764127,2.41784914580783
joint_categories,pmmr,1.90365820939384e-05,2.349858807576,2.48222228361295
joint_categories,pmmr,5.13911222442516e-06,2.28402541668774,2.38679979772744
joint_categories,pmmr,4.74047384062196e-06,2.16183424272828,2.43852925940499
joint_categories,pmmr,3.31555867848903e-05,2.28402541668774,2.36940198757135
joint_categories,pmmr,3.80927859342779e-05,2.16183424272828,2.38967222342859
joint_categories,pmmr,9.73252906611452e-07,2.49182469764127,2.42319467401532
joint_categories,pmmr,4.35736858540638e-07,2.349858807576,2.52278389738032
joint_categories,pmmr,5.84427459746845e-06,2.49182469764127,2.41022386677691
joint_categories,pmmr,3.34956021892519e-06,2.349858807576,2.47512251532263
joint_categories,pmmr,4.99453734565613e-06,2.28402541668774,2.3811954594759
joint_categories,pmmr,3.89439048213091e-06,2.16183424272828,2.43354572997021
joint_categories,pmmr,4.06786609520652e-05,2.28402541668774,2.36304885419221
joint_categories,pmmr,4.05482035124555e-05,2.16183424272828,2.38361979610777
joint_categories,pmmr,1.02444485493737e-07,2.49182469764127,2.39831406845
joint_categories,pmmr,4.35561436312345e-08,2.349858807576,2.49413481083987
joint_categories,pmmr,8.43017100798329e-07,2.49182469764127,2.3847277223922
joint_categories,pmmr,4.64584814257014e-07,2.349858807576,2.44713196664989
joint_categories,pmmr,3.18044733489798e-06,2.28402541668774,2.35865851325482
joint_categories,pmmr,2.35502046683065e-06,2.16183424272828,2.40920152228743
joint_categories,pmmr,3.54978857285552e-05,2.28402541668774,2.34084880390999
joint_categories,pmmr,3.40234935399137e-05,2.16183424272828,2.36089413574119
joint_categories,pmmr,0.000811386091482705,3.33964685192599,2.94273988026386
joint_categories,pmmr,0.00089482859806472,3.11700001661268,3.03873149743609
joint_categories,pmmr,0.00011452343039103,3.33964685192599,2.88485873915142
joint_categories,pmmr,0.000159644849594574,3.11700001661268,2.94473024802402
joint_categories,pmmr,0.000114406543965405,3.01375270747048,2.87709049726773
joint_categories,pmmr,0.000220150807956044,2.82211880039051,2.92614594645735
joint_categories,pmmr,2.19020182004938e-05,3.01375270747048,2.81644238483441
joint_categories,pmmr,5.31990614899283e-05,2.82211880039051,2.83180384330039
joint_categories,pmmr,0.000518442479450815,3.33964685192599,2.97969122472598
joint_categories,pmmr,0.000380984105837122,3.11700001661268,3.08408380090564
joint_categories,pmmr,9.09559105267904e-05,3.33964685192599,2.9164458934912
joint_categories,pmmr,8.33657034102696e-05,3.11700001661268,2.98121556708885
joint_categories,pmmr,0.00044223585821523,3.01375270747048,2.91250784298736
joint_categories,pmmr,0.000567044775713202,2.82211880039051,2.96619290394896
joint_categories,pmmr,0.000105232716253355,3.01375270747048,2.84723455402637
joint_categories,pmmr,0.000168060845878773,2.82211880039051,2.86431479633233
joint_categories,pmmr,0.000106100450823488,3.33964685192599,2.96578963982526
joint_categories,pmmr,6.52813620889641e-05,3.11700001661268,3.07252134573487
joint_categories,pmmr,2.34990520341784e-05,3.33964685192599,2.9012487827023
joint_categories,pmmr,1.85089127871796e-05,3.11700001661268,2.96735206654079
joint_categories,pmmr,0.000547520862077111,3.01375270747048,2.90103501253473
joint_categories,pmmr,0.000587800255466639,2.82211880039051,2.95640234733621
joint_categories,pmmr,0.000164475140124099,3.01375270747048,2.83526557213602
joint_categories,pmmr,0.000225730426752579,2.82211880039051,2.8533282930888
joint_categories,pmmr,1.40254162648644e-05,3.33964685192599,2.90358549640852
joint_categories,pmmr,8.08170833172174e-06,3.11700001661268,3.00625181720377
joint_categories,pmmr,4.25688353368645e-06,3.33964685192599,2.8419825231818
joint_categories,pmmr,3.17941318724732e-06,3.11700001661268,2.90568049312472
joint_categories,pmmr,0.000437853947570633,3.01375270747048,2.84472383682674
joint_categories,pmmr,0.000440224088893641,2.82211880039051,2.8985701155163
joint_categories,pmmr,0.000180248540897259,3.01375270747048,2.78261715396789
joint_categories,pmmr,0.000234577434494013,2.82211880039051,2.80077760542588
joint_categories,pmmr,0.000115439202863912,3.33964685192599,2.86067953149441
joint_categories,pmmr,0.000117684957665978,3.11700001661268,2.95043332246255
joint_categories,pmmr,0.000596321191785531,3.33964685192599,2.83376297668183
joint_categories,pmmr,0.000768415553741798,3.11700001661268,2.89006405411392
joint_categories,pmmr,1.62770848260996e-05,3.01375270747048,2.79992704838532
joint_categories,pmmr,2.89535208982715e-05,2.82211880039051,2.84223520949063
joint_categories,pmmr,0.000114043366944497,3.01375270747048,2.76679222013131
joint_categories,pmmr,0.000256062042697534,2.82211880039051,2.7768974683715
joint_categories,pmmr,5.74759986986077e-05,3.33964685192599,2.89177265412394
joint_categories,pmmr,3.92206726958144e-05,3.11700001661268,2.98779693130775
joint_categories,pmmr,0.000369043030499702,3.33964685192599,2.8606890505599
joint_categories,pmmr,0.000314091174960938,3.11700001661268,2.92015444643989
joint_categories,pmmr,4.902751726321e-05,3.01375270747048,2.83031360959183
joint_categories,pmmr,5.83748172466463e-05,2.82211880039051,2.87556040448847
joint_categories,pmmr,0.000426969509611085,3.01375270747048,2.79364602204702
joint_categories,pmmr,0.000633191185195355,2.82211880039051,2.80404648949489
joint_categories,pmmr,9.23344192676061e-06,3.33964685192599,2.8775070790638
joint_categories,pmmr,5.32601900223697e-06,3.11700001661268,2.97435504670768
joint_categories,pmmr,7.48439794071431e-05,3.33964685192599,2.84429546524827
joint_categories,pmmr,5.52655565780177e-05,3.11700001661268,2.90370639431044
joint_categories,pmmr,4.76482620426319e-05,3.01375270747048,2.81887111709793
joint_categories,pmmr,4.7956035688543e-05,2.82211880039051,2.86465521971457
joint_categories,pmmr,0.000523849812432037,3.01375270747048,2.7810101083472
joint_categories,pmmr,0.00067400596753126,2.82211880039051,2.79135086813459
joint_categories,pmmr,9.71911001855274e-07,3.33964685192599,2.82042003116022
joint_categories,pmmr,5.32387481336932e-07,3.11700001661268,2.91258440042213
joint_categories,pmmr,1.07959941785333e-05,3.33964685192599,2.78744759052099
joint_categories,pmmr,7.66534609306042e-06,3.11700001661268,2.84365900408822
joint_categories,pmmr,3.03417068565539e-05,3.01375270747048,2.76758449391264
joint_categories,pmmr,2.90000312174097e-05,2.82211880039051,2.81145186728131
joint_categories,pmmr,0.000457133060563378,3.01375270747048,2.73103442563897
joint_categories,pmmr,0.00056555002924159,2.82211880039051,2.74098792232916
joint_categories,pmmr,2.0845515000537e-06,1.77880078307141,2.14986152224475
joint_categories,pmmr,1.54804351555004e-06,1.70468808971871,2.23038258454423
joint_categories,pmmr,2.39549795321223e-07,1.77880078307141,2.1423359012246
joint_categories,pmmr,2.25113839387877e-07,1.70468808971871,2.19470222401204
joint_categories,pmmr,1.85503299115649e-07,1.67032004603564,2.13508903761568
joint_categories,pmmr,2.41100267576598e-07,1.60653065971263,2.18033049249405
joint_categories,pmmr,2.89135416785279e-08,1.67032004603564,2.1204237768649
joint_categories,pmmr,4.7488161180796e-08,1.60653065971263,2.13979227992149
joint_categories,pmmr,1.33194302881859e-06,1.77880078307141,2.15471491702149
joint_categories,pmmr,6.5909826289004e-07,1.70468808971871,2.24107060992943
joint_categories,pmmr,1.90253380251999e-07,1.77880078307141,2.14584279719032
joint_categories,pmmr,1.17553266614087e-07,1.70468808971871,2.2023173804509
joint_categories,pmmr,7.17058726212131e-07,1.67032004603564,2.13902619689316
joint_categories,pmmr,6.21004521499016e-07,1.60653065971263,2.18784969885941
joint_categories,pmmr,1.38921011729754e-07,1.67032004603564,2.12324608993163
joint_categories,pmmr,1.50019573912653e-07,1.60653065971263,2.14480734769349
joint_categories,pmmr,2.72585217126795e-07,1.77880078307141,2.15253907369415
joint_categories,pmmr,1.12936029857179e-07,1.70468808971871,2.2412076625446
joint_categories,pmmr,4.91532002299424e-08,1.77880078307141,2.14280585544639
joint_categories,pmmr,2.60992598946893e-08,1.70468808971871,2.20119059354367
joint_categories,pmmr,8.8777199913198e-07,1.67032004603564,2.13646900348463
joint_categories,pmmr,6.43735084101509e-07,1.60653065971263,2.18696596947359
joint_categories,pmmr,2.17128794959755e-07,1.67032004603564,2.12035649746583
joint_categories,pmmr,2.0149834581322e-07,1.60653065971263,2.14338005045229
joint_categories,pmmr,3.60330338672362e-08,1.77880078307141,2.14360773680473
joint_categories,pmmr,1.3981265467539e-08,1.70468808971871,2.23079284987618
joint_categories,pmmr,8.90416551197492e-09,1.77880078307141,2.13359850659092
joint_categories,pmmr,4.48326338995165e-09,1.70468808971871,2.19147697754878
joint_categories,pmmr,7.09953722837074e-07,1.67032004603564,2.12772770833484
joint_categories,pmmr,4.82115630695812e-07,1.60653065971263,2.17779856724559
joint_categories,pmmr,2.37951756409793e-07,1.67032004603564,2.11209653352374
joint_categories,pmmr,2.09395630423636e-07,1.60653065971263,2.13568643006938
joint_categories,pmmr,2.96577629344414e-07,1.77880078307141,2.11371985941752
joint_categories,pmmr,2.03593666973327e-07,1.70468808971871,2.18852917512478
joint_categories,pmmr,1.24733095184267e-06,1.77880078307141,2.11882271135462
joint_categories,pmmr,1.08353621170662e-06,1.70468808971871,2.16721323151967
joint_categories,pmmr,2.63923096579142e-08,1.67032004603564,2.09865090313344
joint_categories,pmmr,3.1708725944134e-08,1.60653065971263,2.13841340014229
joint_categories,pmmr,1.50552228252419e-07,1.67032004603564,2.09506346166516
joint_categories,pmmr,2.28573873586219e-07,1.60653065971263,2.10995291010979
joint_categories,pmmr,1.47662969037744e-07,1.77880078307141,2.11648586386564
joint_categories,pmmr,6.78513272525903e-08,1.70468808971871,2.19590797096556
joint_categories,pmmr,7.71930967480444e-07,1.77880078307141,2.1203805820131
joint_categories,pmmr,4.42897284145829e-07,1.70468808971871,2.17185716185887
joint_categories,pmmr,7.94951572221692e-08,1.67032004603564,2.1008325021742
joint_categories,pmmr,6.39297406562847e-08,1.60653065971263,2.14324011047213
joint_categories,pmmr,5.63655851191029e-07,1.67032004603564,2.09625251404871
joint_categories,pmmr,5.65218336915755e-07,1.60653065971263,2.11253502576307
joint_categories,pmmr,2.37218574746765e-08,1.77880078307141,2.11390440280908
joint_categories,pmmr,9.21395359730434e-09,1.70468808971871,2.19479704314244
joint_categories,pmmr,1.56551894112763e-07,1.77880078307141,2.11652860765404
joint_categories,pmmr,7.79294894810583e-08,1.70468808971871,2.16913605426177
joint_categories,pmmr,7.72587782103437e-08,1.67032004603564,2.09819266226875
joint_categories,pmmr,5.25195121642667e-08,1.60653065971263,2.14165555172003
joint_categories,pmmr,6.91550579786353e-07,1.67032004603564,2.09291455012141
joint_categories,pmmr,6.01651666900223e-07,1.60653065971263,2.11008940835825
joint_categories,pmmr,2.49695990368019e-09,1.77880078307141,2.10628775248813
joint_categories,pmmr,9.21024417442731e-10,1.70468808971871,2.18535230854984
joint_categories,pmmr,2.25820881100617e-08,1.77880078307141,2.10772913384597
joint_categories,pmmr,1.080883908017e-08,1.70468808971871,2.15939917285146
joint_categories,pmmr,4.91972445596524e-08,1.67032004603564,2.09103936496762
joint_categories,pmmr,3.17596621659604e-08,1.60653065971263,2.13385841221365
joint_categories,pmmr,6.03475701564994e-07,1.67032004603564,2.08543438945808
joint_categories,pmmr,5.0483843496963e-07,1.60653065971263,2.10290734159603
joint_categories,pmmr,2.04962038725271e-05,2.22140275816017,2.52612487770959
joint_categories,pmmr,1.97363112280223e-05,2.10517091807565,2.60372598095506
joint_categories,pmmr,3.17939840392559e-06,2.22140275816017,2.49938152815829
joint_categories,pmmr,3.87412259928247e-06,2.10517091807565,2.54674057052564
joint_categories,pmmr,1.85104307145978e-06,2.05127109637602,2.49872999643982
joint_categories,pmmr,3.12021185137464e-06,1.95122942450071,2.53827539712051
joint_categories,pmmr,3.89452524779254e-07,2.05127109637602,2.46456479728002
joint_categories,pmmr,8.29583465688274e-07,1.95122942450071,2.47571858533777
joint_categories,pmmr,1.30962347845826e-05,2.22140275816017,2.54413267875595
joint_categories,pmmr,8.40297337612291e-06,2.10517091807565,2.62840524986054
joint_categories,pmmr,2.52511713776892e-06,2.22140275816017,2.51443955689016
joint_categories,pmmr,2.02304650859079e-06,2.10517091807565,2.56606877038886
joint_categories,pmmr,7.15516431951571e-06,2.05127109637602,2.51659011034809
joint_categories,pmmr,8.03676282575203e-06,1.95122942450071,2.56011416549621
joint_categories,pmmr,1.87120413557706e-06,2.05127109637602,2.47974638759205
joint_categories,pmmr,2.62073230365184e-06,1.95122942450071,2.49285870052165
joint_categories,pmmr,2.68017469595926e-06,2.22140275816017,2.53635761464387
joint_categories,pmmr,1.43984365538106e-06,2.10517091807565,2.62312802519
joint_categories,pmmr,6.52380462898558e-07,2.22140275816017,2.5054298768557
joint_categories,pmmr,4.4915822526728e-07,2.10517091807565,2.55892040138699
joint_categories,pmmr,8.85862524204898e-06,2.05127109637602,2.51000354608815
joint_categories,pmmr,8.33093160264141e-06,1.95122942450071,2.55547725863377
joint_categories,pmmr,2.92462813236579e-06,2.05127109637602,2.47255652129279
joint_categories,pmmr,3.52002882178946e-06,1.95122942450071,2.48719231511947
joint_categories,pmmr,3.5429223421418e-07,2.22140275816017,2.50401630901419
joint_categories,pmmr,1.78249903091972e-07,2.10517091807565,2.58876740702921
joint_categories,pmmr,1.18179560867921e-07,2.22140275816017,2.47373260064507
joint_categories,pmmr,7.7155238721777e-08,2.10517091807565,2.52642791582164
joint_categories,pmmr,7.08426710457239e-06,2.05127109637602,2.47997778752266
joint_categories,pmmr,6.23932490722812e-06,1.95122942450071,2.52509818148083
joint_categories,pmmr,3.20510414600201e-06,2.05127109637602,2.44406834006576
joint_categories,pmmr,3.65798861163462e-06,1.95122942450071,2.45957788738678
joint_categories,pmmr,2.91607837701169e-06,2.22140275816017,2.47116983652627
joint_categories,pmmr,2.59565570029354e-06,2.10517091807565,2.54416333173842
joint_categories,pmmr,1.65550633518084e-05,2.22140275816017,2.4650611494235
joint_categories,pmmr,1.86472414860318e-05,2.10517091807565,2.50965095695128
joint_categories,pmmr,2.63355434458588e-07,2.05127109637602,2.44421469966251
joint_categories,pmmr,4.10360152136474e-07,1.95122942450071,2.47871378988407
joint_categories,pmmr,2.02787144016984e-06,2.05127109637602,2.42860078519163
joint_categories,pmmr,3.9930185018857e-06,1.95122942450071,2.43570464490459
joint_categories,pmmr,1.45188560596478e-06,2.22140275816017,2.48552727701332
joint_categories,pmmr,8.65049915225221e-07,2.10517091807565,2.56365804448148
joint_categories,pmmr,1.02453691628374e-05,2.22140275816017,2.47700251692463
joint_categories,pmmr,7.62209192618207e-06,2.10517091807565,2.52459102445957
joint_categories,pmmr,7.9324174121003e-07,2.05127109637602,2.45882773172161
joint_categories,pmmr,8.27350116431013e-07,1.95122942450071,2.49608022227555
joint_categories,pmmr,7.59219319423485e-06,2.05127109637602,2.4410536803872
joint_categories,pmmr,9.87395121541902e-06,1.95122942450071,2.44907651661291
joint_categories,pmmr,2.33243470848993e-07,2.22140275816017,2.47727118047423
joint_categories,pmmr,1.17470506487888e-07,2.10517091807565,2.556764928785
joint_categories,pmmr,2.07781785664314e-06,2.22140275816017,2.46690750552927
joint_categories,pmmr,1.34113654304886e-06,2.10517091807565,2.51531636135937
joint_categories,pmmr,7.70926052514828e-07,2.05127109637602,2.4520908012475
joint_categories,pmmr,6.79684041542165e-07,1.95122942450071,2.49042657718742
joint_categories,pmmr,9.31487820844727e-06,2.05127109637602,2.43320163439058
joint_categories,pmmr,1.05104148603264e-05,1.95122942450071,2.44196254620165
joint_categories,pmmr,2.45511800720857e-08,2.22140275816017,2.44765359520389
joint_categories,pmmr,1.1742321432611e-08,2.10517091807565,2.52458004628425
joint_categories,pmmr,2.99718289461116e-07,2.22140275816017,2.43628968712138
joint_categories,pmmr,1.86015963595835e-07,2.10517091807565,2.48325795760504
joint_categories,pmmr,4.90914280830571e-07,2.05127109637602,2.42500231362372
joint_categories,pmmr,4.11019345942456e-07,1.95122942450071,2.46261480263017
joint_categories,pmmr,8.1285488381368e-06,2.05127109637602,2.40619097175528
joint_categories,pmmr,8.81915846141698e-06,1.95122942450071,2.41541255733454
joint_categories,pmmr,5.44606210902754e-05,2.49182469764127,2.4714055494883
joint_categories,pmmr,5.02001892465975e-05,2.349858807576,2.57194444848733
joint_categories,pmmr,6.25843527248239e-06,2.49182469764127,2.44256502485021
joint_categories,pmmr,7.30002562963114e-06,2.349858807576,2.50870872013516
joint_categories,pmmr,6.7019144234001e-06,2.28402541668774,2.42734852592156
joint_categories,pmmr,1.0811145064054e-05,2.16183424272828,2.48343049268248
joint_categories,pmmr,1.04459641920492e-06,2.28402541668774,2.39458063920054
joint_categories,pmmr,2.129410325883e-06,2.16183424272828,2.41958229659255
joint_categories,pmmr,3.4798106261445e-05,2.49182469764127,2.48848621467814
joint_categories,pmmr,2.137333815027e-05,2.349858807576,2.59659966322688
joint_categories,pmmr,4.97052591542177e-06,2.49182469764127,2.45690533394834
joint_categories,pmmr,3.81203510838398e-06,2.349858807576,2.52798149408941
joint_categories,pmmr,2.59060957003788e-05,2.28402541668774,2.44232912097961
joint_categories,pmmr,2.78463812373261e-05,2.16183424272828,2.50271442818609
joint_categories,pmmr,5.01897667946345e-06,2.28402541668774,2.40738234913449
joint_categories,pmmr,6.72700778111741e-06,2.16183424272828,2.43459470081176
joint_categories,pmmr,7.12151281672361e-06,2.49182469764127,2.48276057172682
joint_categories,pmmr,3.66230665652533e-06,2.349858807576,2.59308329710642
joint_categories,pmmr,1.28416775168586e-06,2.49182469764127,2.45020142181383
joint_categories,pmmr,8.46350747087371e-07,2.349858807576,2.52283587314278
joint_categories,pmmr,3.20736719726158e-05,2.28402541668774,2.43668191139997
joint_categories,pmmr,2.88656393748354e-05,2.16183424272828,2.49849941498135
joint_categories,pmmr,7.84448907169604e-06,2.28402541668774,2.40147251672877
joint_categories,pmmr,9.03536055206385e-06,2.16183424272828,2.4297367773583
joint_categories,pmmr,9.41392622886055e-07,2.49182469764127,2.45511926364718
joint_categories,pmmr,4.53386591092043e-07,2.349858807576,2.56199820077846
joint_categories,pmmr,2.32628641729539e-07,2.49182469764127,2.42346593033644
joint_categories,pmmr,1.45383943253009e-07,2.349858807576,2.49409478010974
joint_categories,pmmr,2.564940417616e-05,2.28402541668774,2.41125466602914
joint_categories,pmmr,2.16184829386154e-05,2.16183424272828,2.47145489437423
joint_categories,pmmr,8.59678677392131e-06,2.28402541668774,2.37771246859936
joint_categories,pmmr,9.38948164198842e-06,2.16183424272828,2.40573960597269
joint_categories,pmmr,7.74833430364383e-06,2.49182469764127,2.41570095897768
joint_categories,pmmr,6.6021662238857e-06,2.349858807576,2.50835843184722
joint_categories,pmmr,3.25875462135266e-05,2.49182469764127,2.40648199945589
joint_categories,pmmr,3.51370761460066e-05,2.349858807576,2.46733913196791
joint_categories,pmmr,9.53508652441513e-07,2.28402541668774,2.374659453609
joint_categories,pmmr,1.42184676700723e-06,2.16183424272828,2.42339615919183
joint_categories,pmmr,5.43919248234434e-06,2.28402541668774,2.35900633659208
joint_categories,pmmr,1.02494506954799e-05,2.16183424272828,2.37817156555161
joint_categories,pmmr,3.85781642028154e-06,2.49182469764127,2.42929511532949
joint_categories,pmmr,2.20029310190457e-06,2.349858807576,2.52779423856318
joint_categories,pmmr,2.01673309230879e-05,2.49182469764127,2.41784914580783
joint_categories,pmmr,1.43623401135625e-05,2.349858807576,2.48222228361295
joint_categories,pmmr,2.87202299537308e-06,2.28402541668774,2.38679979772744
joint_categories,pmmr,2.86666500659466e-06,2.16183424272828,2.43852925940499
joint_categories,pmmr,2.03639142642738e-05,2.28402541668774,2.36940198757135
joint_categories,pmmr,2.53448803465894e-05,2.16183424272828,2.38967222342859
joint_categories,pmmr,6.19753021910274e-07,2.49182469764127,2.42319467401532
joint_categories,pmmr,2.98791480761249e-07,2.349858807576,2.52278389738032
joint_categories,pmmr,4.0900468930705e-06,2.49182469764127,2.41022386677691
joint_categories,pmmr,2.52710927085912e-06,2.349858807576,2.47512251532263
joint_categories,pmmr,2.79122647678287e-06,2.28402541668774,2.3811954594759
joint_categories,pmmr,2.35502046683065e-06,2.16183424272828,2.43354572997021
joint_categories,pmmr,2.49845303413792e-05,2.28402541668774,2.36304885419221
joint_categories,pmmr,2.69785824556237e-05,2.16183424272828,2.38361979610777
joint_categories,pmmr,6.52351295654891e-08,2.49182469764127,2.39831406845
joint_categories,pmmr,2.98671191035184e-08,2.349858807576,2.49413481083987
joint_categories,pmmr,5.89975610560644e-07,2.49182469764127,2.3847277223922
joint_categories,pmmr,3.50510668408283e-07,2.349858807576,2.44713196664989
joint_categories,pmmr,1.77741163891819e-06,2.28402541668774,2.35865851325482
joint_categories,pmmr,1.42413079136239e-06,2.16183424272828,2.40920152228743
joint_categories,pmmr,2.180253681617e-05,2.28402541668774,2.34084880390999
joint_categories,pmmr,2.26373931859394e-05,2.16183424272828,2.36089413574119
joint_categories,pmmr,0.000708049136404276,3.33964685192599,2.94273988026386
joint_categories,pmmr,0.000845548731189756,3.11700001661268,3.03873149743609
joint_categories,pmmr,0.000109833523719097,3.33964685192599,2.88485873915142
joint_categories,pmmr,0.000165976276440443,3.11700001661268,2.94473024802402
joint_categories,pmmr,8.832497425286e-05,3.01375270747048,2.87709049726773
joint_categories,pmmr,0.000184725806409608,2.82211880039051,2.92614594645735
joint_categories,pmmr,1.85832435528966e-05,3.01375270747048,2.81644238483441
joint_categories,pmmr,4.91138044411409e-05,2.82211880039051,2.83180384330039
joint_categories,pmmr,0.000452414397663194,3.33964685192599,2.97969122472598
joint_categories,pmmr,0.00036000260607534,3.11700001661268,3.08408380090564
joint_categories,pmmr,8.72311292294187e-05,3.33964685192599,2.9164458934912
joint_categories,pmmr,8.66719413123188e-05,3.11700001661268,2.98121556708885
joint_categories,pmmr,0.000341418151765541,3.01375270747048,2.91250784298736
joint_categories,pmmr,0.000475800222749539,2.82211880039051,2.96619290394896
joint_categories,pmmr,8.92869861565941e-05,3.01375270747048,2.84723455402637
joint_categories,pmmr,0.000155155134085692,2.82211880039051,2.86431479633233
joint_categories,pmmr,9.25876513860307e-05,3.33964685192599,2.96578963982526
joint_categories,pmmr,6.16861966683259e-05,3.11700001661268,3.07252134573487
joint_categories,pmmr,2.2536730520206e-05,3.33964685192599,2.9012487827023
joint_categories,pmmr,1.92429660786337e-05,3.11700001661268,2.96735206654079
joint_categories,pmmr,0.000422701048119135,3.01375270747048,2.90103501253473
joint_categories,pmmr,0.000493215887813269,2.82211880039051,2.95640234733621
joint_categories,pmmr,0.000139552508784511,3.01375270747048,2.83526557213602
joint_categories,pmmr,0.000208396158229978,2.82211880039051,2.8533282930888
joint_categories,pmmr,1.22391596039078e-05,3.33964685192599,2.90358549640852
joint_categories,pmmr,7.63663369779645e-06,3.11700001661268,3.00625181720377
joint_categories,pmmr,4.08255775233226e-06,3.33964685192599,2.8419825231818
joint_categories,pmmr,3.30550696389573e-06,3.11700001661268,2.90568049312472
joint_categories,pmmr,0.000338035197159558,3.01375270747048,2.84472383682674
joint_categories,pmmr,0.000369386560861724,2.82211880039051,2.8985701155163
joint_categories,pmmr,0.000152935793628027,3.01375270747048,2.78261715396789
joint_categories,pmmr,0.000216563787431187,2.82211880039051,2.80077760542588
joint_categories,pmmr,0.000100737033519551,3.33964685192599,2.86067953149441
joint_categories,pmmr,0.000111203829258249,3.11700001661268,2.95043332246255
joint_categories,pmmr,0.000571900942353418,3.33964685192599,2.83376297668183
joint_categories,pmmr,0.000798890491568475,3.11700001661268,2.89006405411392
joint_categories,pmmr,1.25663537097284e-05,3.01375270747048,2.79992704838532
joint_categories,pmmr,2.42945394840365e-05,2.82211880039051,2.84223520949063
joint_categories,pmmr,9.67625743035028e-05,3.01375270747048,2.76679222013131
joint_categories,pmmr,0.000236398551734351,2.82211880039051,2.7768974683715
joint_categories,pmmr,5.01559389170155e-05,3.33964685192599,2.89177265412394
joint_categories,pmmr,3.70607176682522e-05,3.11700001661268,2.98779693130775
joint_categories,pmmr,0.000353930163507669,3.33964685192599,2.8606890505599
joint_categories,pmmr,0.000326547858043721,3.11700001661268,2.92015444643989
joint_categories,pmmr,3.78505813554172e-05,3.01375270747048,2.83031360959183
joint_categories,pmmr,4.89815835336534e-05,2.82211880039051,2.87556040448847
joint_categories,pmmr,0.000362271563932165,3.01375270747048,2.79364602204702
joint_categories,pmmr,0.00058456723055963,2.82211880039051,2.80404648949489
joint_categories,pmmr,8.05748416310047e-06,3.33964685192599,2.8775070790638
joint_categories,pmmr,5.03270527939506e-06,3.11700001661268,2.97435504670768
joint_categories,pmmr,7.17790059150192e-05,3.33964685192599,2.84429546524827
joint_categories,pmmr,5.74573581266336e-05,3.11700001661268,2.90370639431044
joint_categories,pmmr,3.67857586833634e-05,3.01375270747048,2.81887111709793
joint_categories,pmmr,4.02393134371e-05,2.82211880039051,2.86465521971457
joint_categories,pmmr,0.000444471763307377,3.01375270747048,2.7810101083472
joint_categories,pmmr,0.000622247768182139,2.82211880039051,2.79135086813459
joint_categories,pmmr,8.48129827155301e-07,3.33964685192599,2.82042003116022
joint_categories,pmmr,5.03067917497641e-07,3.11700001661268,2.91258440042213
joint_categories,pmmr,1.03538819840664e-05,3.33964685192599,2.78744759052099
joint_categories,pmmr,7.96934949911911e-06,3.11700001661268,2.84365900408822
joint_categories,pmmr,2.3424625760073e-05,3.01375270747048,2.76758449391264
joint_categories,pmmr,2.4333565714687e-05,2.82211880039051,2.81145186728131
joint_categories,pmmr,0.000387864484576986,3.01375270747048,2.73103442563897
joint_categories,pmmr,0.000522120367539033,2.82211880039051,2.74098792232916
