scale,loss,grid_round,selected,failed,failure,scored_rows,paired_rows,informative,kind,fold,horizon_or_depth,candidate,weight,penalty_status,boundary_failures,constant,beta_correct,ratio_correct,m_correct,estimator
1e-10,-0.000905698744800129,0,FALSE,FALSE,"",2666,2666,TRUE,beta,1,1,1,0.33599843550779,interior,0,FALSE,,,,
1.77827941003892e-10,-0.000905719024905713,0,FALSE,FALSE,"",2666,2666,TRUE,beta,1,1,1,0.33599843550779,interior,0,FALSE,,,,
3.16227766016838e-10,-0.000905726476892278,0,TRUE,FALSE,"",2666,2666,TRUE,beta,1,1,1,0.33599843550779,interior,0,FALSE,,,,
5.62341325190349e-10,-0.000905715102462458,0,FALSE,FALSE,"",2666,2666,TRUE,beta,1,1,1,0.33599843550779,interior,0,FALSE,,,,
1e-09,-0.00090571429485235,0,FALSE,FALSE,"",2666,2666,TRUE,beta,1,1,1,0.33599843550779,interior,0,FALSE,,,,
1.77827941003892e-09,-0.000905717280498852,0,FALSE,FALSE,"",2666,2666,TRUE,beta,1,1,1,0.33599843550779,interior,0,FALSE,,,,
3.16227766016838e-09,-0.000905714951746494,0,FALSE,FALSE,"",2666,2666,TRUE,beta,1,1,1,0.33599843550779,interior,0,FALSE,,,,
5.62341325190349e-09,-0.000905713889965855,0,FALSE,FALSE,"",2666,2666,TRUE,beta,1,1,1,0.33599843550779,interior,0,FALSE,,,,
1e-08,-0.000905713827050457,0,FALSE,FALSE,"",2666,2666,TRUE,beta,1,1,1,0.33599843550779,interior,0,FALSE,,,,
1.77827941003892e-08,-0.00090571402339511,0,FALSE,FALSE,"",2666,2666,TRUE,beta,1,1,1,0.33599843550779,interior,0,FALSE,,,,
3.16227766016838e-08,-0.000905713962752935,0,FALSE,FALSE,"",2666,2666,TRUE,beta,1,1,1,0.33599843550779,interior,0,FALSE,,,,
5.62341325190349e-08,-0.000905713936708736,0,FALSE,FALSE,"",2666,2666,TRUE,beta,1,1,1,0.33599843550779,interior,0,FALSE,,,,
1e-07,-0.000905713777933692,0,FALSE,FALSE,"",2666,2666,TRUE,beta,1,1,1,0.33599843550779,interior,0,FALSE,,,,
1.77827941003892e-07,-0.000905713622945028,0,FALSE,FALSE,"",2666,2666,TRUE,beta,1,1,1,0.33599843550779,interior,0,FALSE,,,,
3.16227766016838e-07,-0.000905713316675718,0,FALSE,FALSE,"",2666,2666,TRUE,beta,1,1,1,0.33599843550779,interior,0,FALSE,,,,
5.62341325190349e-07,-0.000905712694061978,0,FALSE,FALSE,"",2666,2666,TRUE,beta,1,1,1,0.33599843550779,interior,0,FALSE,,,,
1e-06,-0.000905711600129226,0,FALSE,FALSE,"",2666,2666,TRUE,beta,1,1,1,0.33599843550779,interior,0,FALSE,,,,
1.77827941003892e-06,-0.00090570965522903,0,FALSE,FALSE,"",2666,2666,TRUE,beta,1,1,1,0.33599843550779,interior,0,FALSE,,,,
3.16227766016838e-06,-0.000905706199166133,0,FALSE,FALSE,"",2666,2666,TRUE,beta,1,1,1,0.33599843550779,interior,0,FALSE,,,,
5.62341325190349e-06,-0.000905700047513283,0,FALSE,FALSE,"",2666,2666,TRUE,beta,1,1,1,0.33599843550779,interior,0,FALSE,,,,
1e-05,-0.000905689102446889,0,FALSE,FALSE,"",2666,2666,TRUE,beta,1,1,1,0.33599843550779,interior,0,FALSE,,,,
1.77827941003892e-05,-0.000905669609726009,0,FALSE,FALSE,"",2666,2666,TRUE,beta,1,1,1,0.33599843550779,interior,0,FALSE,,,,
3.16227766016838e-05,-0.000905634858290564,0,FALSE,FALSE,"",2666,2666,TRUE,beta,1,1,1,0.33599843550779,interior,0,FALSE,,,,
5.62341325190349e-05,-0.000905572782901618,0,FALSE,FALSE,"",2666,2666,TRUE,beta,1,1,1,0.33599843550779,interior,0,FALSE,,,,
1e-04,-0.000905461520871772,0,FALSE,FALSE,"",2666,2666,TRUE,beta,1,1,1,0.33599843550779,interior,0,FALSE,,,,
0.000177827941003892,-0.000905257389790991,0,FALSE,FALSE,"",2666,2666,TRUE,beta,1,1,1,0.33599843550779,interior,0,FALSE,,,,
0.000316227766016838,-0.000904893112537041,0,FALSE,FALSE,"",2666,2666,TRUE,beta,1,1,1,0.33599843550779,interior,0,FALSE,,,,
0.000562341325190349,-0.000904218435607346,0,FALSE,FALSE,"",2666,2666,TRUE,beta,1,1,1,0.33599843550779,interior,0,FALSE,,,,
0.001,-0.000902936298211936,0,FALSE,FALSE,"",2666,2666,TRUE,beta,1,1,1,0.33599843550779,interior,0,FALSE,,,,
0.00177827941003892,-0.000900393886577939,0,FALSE,FALSE,"",2666,2666,TRUE,beta,1,1,1,0.33599843550779,interior,0,FALSE,,,,
0.00316227766016838,-0.000895188407271682,0,FALSE,FALSE,"",2666,2666,TRUE,beta,1,1,1,0.33599843550779,interior,0,FALSE,,,,
0.00562341325190349,-0.000884058826194413,0,FALSE,FALSE,"",2666,2666,TRUE,beta,1,1,1,0.33599843550779,interior,0,FALSE,,,,
0.01,-0.000859831963141197,0,FALSE,FALSE,"",2666,2666,TRUE,beta,1,1,1,0.33599843550779,interior,0,FALSE,,,,
0.0177827941003892,-0.000808162877436717,0,FALSE,FALSE,"",2666,2666,TRUE,beta,1,1,1,0.33599843550779,interior,0,FALSE,,,,
0.0316227766016838,-0.000704910470559658,0,FALSE,FALSE,"",2666,2666,TRUE,beta,1,1,1,0.33599843550779,interior,0,FALSE,,,,
0.0562341325190349,-0.000518746762414708,0,FALSE,FALSE,"",2666,2666,TRUE,beta,1,1,1,0.33599843550779,interior,0,FALSE,,,,
0.1,-0.000224302061583131,0,FALSE,FALSE,"",2666,2666,TRUE,beta,1,1,1,0.33599843550779,interior,0,FALSE,,,,
0.177827941003892,0.000171395830010429,0,FALSE,FALSE,"",2666,2666,TRUE,beta,1,1,1,0.33599843550779,interior,0,FALSE,,,,
0.316227766016838,0.000607953974058246,0,FALSE,FALSE,"",2666,2666,TRUE,beta,1,1,1,0.33599843550779,interior,0,FALSE,,,,
0.562341325190349,0.00100127077912193,0,FALSE,FALSE,"",2666,2666,TRUE,beta,1,1,1,0.33599843550779,interior,0,FALSE,,,,
1,0.0013014994484969,0,FALSE,FALSE,"",2666,2666,TRUE,beta,1,1,1,0.33599843550779,interior,0,FALSE,,,,
1e-10,-0.00053292591618328,0,FALSE,FALSE,"",2666,2607,TRUE,beta,1,2,1,0.302088046611954,interior,0,FALSE,,,,
1.77827941003892e-10,-0.000532929432728716,0,FALSE,FALSE,"",2666,2607,TRUE,beta,1,2,1,0.302088046611954,interior,0,FALSE,,,,
3.16227766016838e-10,-0.000532932736494449,0,FALSE,FALSE,"",2666,2607,TRUE,beta,1,2,1,0.302088046611954,interior,0,FALSE,,,,
5.62341325190349e-10,-0.000532931578023426,0,FALSE,FALSE,"",2666,2607,TRUE,beta,1,2,1,0.302088046611954,interior,0,FALSE,,,,
1e-09,-0.000532931365601173,0,FALSE,FALSE,"",2666,2607,TRUE,beta,1,2,1,0.302088046611954,interior,0,FALSE,,,,
1.77827941003892e-09,-0.000532931850566726,0,FALSE,FALSE,"",2666,2607,TRUE,beta,1,2,1,0.302088046611954,interior,0,FALSE,,,,
3.16227766016838e-09,-0.000532931547942569,0,FALSE,FALSE,"",2666,2607,TRUE,beta,1,2,1,0.302088046611954,interior,0,FALSE,,,,
5.62341325190349e-09,-0.000532931568349664,0,FALSE,FALSE,"",2666,2607,TRUE,beta,1,2,1,0.302088046611954,interior,0,FALSE,,,,
1e-08,-0.000532931680135913,0,FALSE,FALSE,"",2666,2607,TRUE,beta,1,2,1,0.302088046611954,interior,0,FALSE,,,,
1.77827941003892e-08,-0.000532931775839553,0,FALSE,FALSE,"",2666,2607,TRUE,beta,1,2,1,0.302088046611954,interior,0,FALSE,,,,
3.16227766016838e-08,-0.000532931898427386,0,FALSE,FALSE,"",2666,2607,TRUE,beta,1,2,1,0.302088046611954,interior,0,FALSE,,,,
5.62341325190349e-08,-0.000532932200128802,0,FALSE,FALSE,"",2666,2607,TRUE,beta,1,2,1,0.302088046611954,interior,0,FALSE,,,,
1e-07,-0.000532932724559345,0,FALSE,FALSE,"",2666,2607,TRUE,beta,1,2,1,0.302088046611954,interior,0,FALSE,,,,
1.77827941003892e-07,-0.000532933659522161,0,FALSE,FALSE,"",2666,2607,TRUE,beta,1,2,1,0.302088046611954,interior,0,FALSE,,,,
3.16227766016838e-07,-0.000532935312116027,0,FALSE,FALSE,"",2666,2607,TRUE,beta,1,2,1,0.302088046611954,interior,0,FALSE,,,,
5.62341325190349e-07,-0.000532938252850343,0,FALSE,FALSE,"",2666,2607,TRUE,beta,1,2,1,0.302088046611954,interior,0,FALSE,,,,
1e-06,-0.000532943484322856,0,FALSE,FALSE,"",2666,2607,TRUE,beta,1,2,1,0.302088046611954,interior,0,FALSE,,,,
1.77827941003892e-06,-0.000532952785818621,0,FALSE,FALSE,"",2666,2607,TRUE,beta,1,2,1,0.302088046611954,interior,0,FALSE,,,,
3.16227766016838e-06,-0.000532969326583189,0,FALSE,FALSE,"",2666,2607,TRUE,beta,1,2,1,0.302088046611954,interior,0,FALSE,,,,
5.62341325190349e-06,-0.000532998736408781,0,FALSE,FALSE,"",2666,2607,TRUE,beta,1,2,1,0.302088046611954,interior,0,FALSE,,,,
1e-05,-0.000533051021929476,0,FALSE,FALSE,"",2666,2607,TRUE,beta,1,2,1,0.302088046611954,interior,0,FALSE,,,,
1.77827941003892e-05,-0.000533143959227489,0,FALSE,FALSE,"",2666,2607,TRUE,beta,1,2,1,0.302088046611954,interior,0,FALSE,,,,
3.16227766016838e-05,-0.00053330909837246,0,FALSE,FALSE,"",2666,2607,TRUE,beta,1,2,1,0.302088046611954,interior,0,FALSE,,,,
5.62341325190349e-05,-0.000533602353255871,0,FALSE,FALSE,"",2666,2607,TRUE,beta,1,2,1,0.302088046611954,interior,0,FALSE,,,,
1e-04,-0.000534122556274372,0,FALSE,FALSE,"",2666,2607,TRUE,beta,1,2,1,0.302088046611954,interior,0,FALSE,,,,
0.000177827941003892,-0.000535043579326654,0,FALSE,FALSE,"",2666,2607,TRUE,beta,1,2,1,0.302088046611954,interior,0,FALSE,,,,
0.000316227766016838,-0.000536668780012441,0,FALSE,FALSE,"",2666,2607,TRUE,beta,1,2,1,0.302088046611954,interior,0,FALSE,,,,
0.000562341325190349,-0.000539485321263913,0,FALSE,FALSE,"",2666,2607,TRUE,beta,1,2,1,0.302088046611954,interior,0,FALSE,,,,
0.001,-0.000544430275500397,0,FALSE,FALSE,"",2666,2607,TRUE,beta,1,2,1,0.302088046611954,interior,0,FALSE,,,,
0.00177827941003892,-0.000552868195574879,0,FALSE,FALSE,"",2666,2607,TRUE,beta,1,2,1,0.302088046611954,interior,0,FALSE,,,,
0.00316227766016838,-0.000566857013179204,0,FALSE,FALSE,"",2666,2607,TRUE,beta,1,2,1,0.302088046611954,interior,0,FALSE,,,,
0.00562341325190349,-0.000588999060075889,0,FALSE,FALSE,"",2666,2607,TRUE,beta,1,2,1,0.302088046611954,interior,0,FALSE,,,,
0.01,-0.000621604594718191,0,FALSE,FALSE,"",2666,2607,TRUE,beta,1,2,1,0.302088046611954,interior,0,FALSE,,,,
0.0177827941003892,-0.00066452258121142,0,FALSE,FALSE,"",2666,2607,TRUE,beta,1,2,1,0.302088046611954,interior,0,FALSE,,,,
0.0316227766016838,-0.000711617907800584,0,FALSE,FALSE,"",2666,2607,TRUE,beta,1,2,1,0.302088046611954,interior,0,FALSE,,,,
0.0562341325190349,-0.000748496636602093,0,FALSE,FALSE,"",2666,2607,TRUE,beta,1,2,1,0.302088046611954,interior,0,FALSE,,,,
0.1,-0.000756321818383046,0,TRUE,FALSE,"",2666,2607,TRUE,beta,1,2,1,0.302088046611954,interior,0,FALSE,,,,
0.177827941003892,-0.000718252553162684,0,FALSE,FALSE,"",2666,2607,TRUE,beta,1,2,1,0.302088046611954,interior,0,FALSE,,,,
0.316227766016838,-0.000620082420355711,0,FALSE,FALSE,"",2666,2607,TRUE,beta,1,2,1,0.302088046611954,interior,0,FALSE,,,,
0.562341325190349,-0.000455475035012224,0,FALSE,FALSE,"",2666,2607,TRUE,beta,1,2,1,0.302088046611954,interior,0,FALSE,,,,
1,-0.000242571553328352,0,FALSE,FALSE,"",2666,2607,TRUE,beta,1,2,1,0.302088046611954,interior,0,FALSE,,,,
1e-10,0.000747146187972117,0,FALSE,FALSE,"",1249,1249,TRUE,adjoint,1,1,1,0.448665894575848,interior,0,FALSE,,,,
1.77827941003892e-10,0.000747146185458341,0,FALSE,FALSE,"",1249,1249,TRUE,adjoint,1,1,1,0.448665894575848,interior,0,FALSE,,,,
3.16227766016838e-10,0.000747146180988128,0,FALSE,FALSE,"",1249,1249,TRUE,adjoint,1,1,1,0.448665894575848,interior,0,FALSE,,,,
5.62341325190349e-10,0.00074714617303885,0,FALSE,FALSE,"",1249,1249,TRUE,adjoint,1,1,1,0.448665894575848,interior,0,FALSE,,,,
1e-09,0.000747146158902819,0,FALSE,FALSE,"",1249,1249,TRUE,adjoint,1,1,1,0.448665894575848,interior,0,FALSE,,,,
1.77827941003892e-09,0.000747146133765029,0,FALSE,FALSE,"",1249,1249,TRUE,adjoint,1,1,1,0.448665894575848,interior,0,FALSE,,,,
3.16227766016838e-09,0.000747146089063054,0,FALSE,FALSE,"",1249,1249,TRUE,adjoint,1,1,1,0.448665894575848,interior,0,FALSE,,,,
5.62341325190349e-09,0.000747146009570638,0,FALSE,FALSE,"",1249,1249,TRUE,adjoint,1,1,1,0.448665894575848,interior,0,FALSE,,,,
1e-08,0.000747145868211433,0,FALSE,FALSE,"",1249,1249,TRUE,adjoint,1,1,1,0.448665894575848,interior,0,FALSE,,,,
1.77827941003892e-08,0.000747145616836963,0,FALSE,FALSE,"",1249,1249,TRUE,adjoint,1,1,1,0.448665894575848,interior,0,FALSE,,,,
3.16227766016838e-08,0.000747145169828259,0,FALSE,FALSE,"",1249,1249,TRUE,adjoint,1,1,1,0.448665894575848,interior,0,FALSE,,,,
5.62341325190349e-08,0.000747144374938763,0,FALSE,FALSE,"",1249,1249,TRUE,adjoint,1,1,1,0.448665894575848,interior,0,FALSE,,,,
1e-07,0.000747142961456545,0,FALSE,FALSE,"",1249,1249,TRUE,adjoint,1,1,1,0.448665894575848,interior,0,FALSE,,,,
1.77827941003892e-07,0.000747140448059097,0,FALSE,FALSE,"",1249,1249,TRUE,adjoint,1,1,1,0.448665894575848,interior,0,FALSE,,,,
3.16227766016838e-07,0.00074713597907016,0,FALSE,FALSE,"",1249,1249,TRUE,adjoint,1,1,1,0.448665894575848,interior,0,FALSE,,,,
5.62341325190349e-07,0.0007471280336478,0,FALSE,FALSE,"",1249,1249,TRUE,adjoint,1,1,1,0.448665894575848,interior,0,FALSE,,,,
1e-06,0.000747113909806629,0,FALSE,FALSE,"",1249,1249,TRUE,adjoint,1,1,1,0.448665894575848,interior,0,FALSE,,,,
1.77827941003892e-06,0.00074708881055575,0,FALSE,FALSE,"",1249,1249,TRUE,adjoint,1,1,1,0.448665894575848,interior,0,FALSE,,,,
3.16227766016838e-06,0.000747044230465027,0,FALSE,FALSE,"",1249,1249,TRUE,adjoint,1,1,1,0.448665894575848,interior,0,FALSE,,,,
5.62341325190349e-06,0.000746965123414597,0,FALSE,FALSE,"",1249,1249,TRUE,adjoint,1,1,1,0.448665894575848,interior,0,FALSE,,,,
1e-05,0.000746824982632905,0,FALSE,FALSE,"",1249,1249,TRUE,adjoint,1,1,1,0.448665894575848,interior,0,FALSE,,,,
1.77827941003892e-05,0.000746577459854391,0,FALSE,FALSE,"",1249,1249,TRUE,adjoint,1,1,1,0.448665894575848,interior,0,FALSE,,,,
3.16227766016838e-05,0.000746142624000404,0,FALSE,FALSE,"",1249,1249,TRUE,adjoint,1,1,1,0.448665894575848,interior,0,FALSE,,,,
5.62341325190349e-05,0.000745386187616362,0,FALSE,FALSE,"",1249,1249,TRUE,adjoint,1,1,1,0.448665894575848,interior,0,FALSE,,,,
1e-04,0.000744094075686785,0,FALSE,FALSE,"",1249,1249,TRUE,adjoint,1,1,1,0.448665894575848,interior,0,FALSE,,,,
0.000177827941003892,0.000741963201303516,0,FALSE,FALSE,"",1249,1249,TRUE,adjoint,1,1,1,0.448665894575848,interior,0,FALSE,,,,
0.000316227766016838,0.000738696688153691,0,FALSE,FALSE,"",1249,1249,TRUE,adjoint,1,1,1,0.448665894575848,interior,0,FALSE,,,,
0.000562341325190349,0.000734514002218895,0,FALSE,FALSE,"",1249,1249,TRUE,adjoint,1,1,1,0.448665894575848,interior,0,FALSE,,,,
0.001,0.0007320697546139,0,TRUE,FALSE,"",1249,1249,TRUE,adjoint,1,1,1,0.448665894575848,interior,0,FALSE,,,,
0.00177827941003892,0.000742717225702511,0,FALSE,FALSE,"",1249,1249,TRUE,adjoint,1,1,1,0.448665894575848,interior,0,FALSE,,,,
0.00316227766016838,0.000804922972114978,0,FALSE,FALSE,"",1249,1249,TRUE,adjoint,1,1,1,0.448665894575848,interior,0,FALSE,,,,
0.00562341325190349,0.00103205263674054,0,FALSE,FALSE,"",1249,1249,TRUE,adjoint,1,1,1,0.448665894575848,interior,0,FALSE,,,,
0.01,0.00171373669082118,0,FALSE,FALSE,"",1249,1249,TRUE,adjoint,1,1,1,0.448665894575848,interior,0,FALSE,,,,
0.0177827941003892,0.00345735713359407,0,FALSE,FALSE,"",1249,1249,TRUE,adjoint,1,1,1,0.448665894575848,interior,0,FALSE,,,,
0.0316227766016838,0.00719194561905666,0,FALSE,FALSE,"",1249,1249,TRUE,adjoint,1,1,1,0.448665894575848,interior,0,FALSE,,,,
0.0562341325190349,0.0136735760987344,0,FALSE,FALSE,"",1249,1249,TRUE,adjoint,1,1,1,0.448665894575848,interior,0,FALSE,,,,
0.1,0.0225661347272627,0,FALSE,FALSE,"",1249,1249,TRUE,adjoint,1,1,1,0.448665894575848,interior,0,FALSE,,,,
0.177827941003892,0.0322108195687428,0,FALSE,FALSE,"",1249,1249,TRUE,adjoint,1,1,1,0.448665894575848,interior,0,FALSE,,,,
0.316227766016838,0.0407183720579019,0,FALSE,FALSE,"",1249,1249,TRUE,adjoint,1,1,1,0.448665894575848,interior,0,FALSE,,,,
0.562341325190349,0.0471104983795581,0,FALSE,FALSE,"",1249,1249,TRUE,adjoint,1,1,1,0.448665894575848,interior,0,FALSE,,,,
1,0.0514039302954435,0,FALSE,FALSE,"",1249,1249,TRUE,adjoint,1,1,1,0.448665894575848,interior,0,FALSE,,,,
1e-10,0.152175431820795,0,FALSE,FALSE,"",1233,1159,TRUE,adjoint,1,2,1,0.738094112051441,interior,0,FALSE,,,,
1.77827941003892e-10,0.152168342969872,0,FALSE,FALSE,"",1233,1159,TRUE,adjoint,1,2,1,0.738094112051441,interior,0,FALSE,,,,
3.16227766016838e-10,0.152155737757985,0,FALSE,FALSE,"",1233,1159,TRUE,adjoint,1,2,1,0.738094112051441,interior,0,FALSE,,,,
5.62341325190349e-10,0.152133325904902,0,FALSE,FALSE,"",1233,1159,TRUE,adjoint,1,2,1,0.738094112051441,interior,0,FALSE,,,,
1e-09,0.152093483279578,0,FALSE,FALSE,"",1233,1159,TRUE,adjoint,1,2,1,0.738094112051441,interior,0,FALSE,,,,
1.77827941003892e-09,0.152022669541313,0,FALSE,FALSE,"",1233,1159,TRUE,adjoint,1,2,1,0.738094112051441,interior,0,FALSE,,,,
3.16227766016838e-09,0.151896861566582,0,FALSE,FALSE,"",1233,1159,TRUE,adjoint,1,2,1,0.738094112051441,interior,0,FALSE,,,,
5.62341325190349e-09,0.151673514437037,0,FALSE,FALSE,"",1233,1159,TRUE,adjoint,1,2,1,0.738094112051441,interior,0,FALSE,,,,
1e-08,0.151277521722288,0,FALSE,FALSE,"",1233,1159,TRUE,adjoint,1,2,1,0.738094112051441,interior,0,FALSE,,,,
1.77827941003892e-08,0.150577049568369,0,FALSE,FALSE,"",1233,1159,TRUE,adjoint,1,2,1,0.738094112051441,interior,0,FALSE,,,,
3.16227766016838e-08,0.149343042485631,0,FALSE,FALSE,"",1233,1159,TRUE,adjoint,1,2,1,0.738094112051441,interior,0,FALSE,,,,
5.62341325190349e-08,0.147184768355752,0,FALSE,FALSE,"",1233,1159,TRUE,adjoint,1,2,1,0.738094112051441,interior,0,FALSE,,,,
1e-07,0.143457557253,0,FALSE,FALSE,"",1233,1159,TRUE,adjoint,1,2,1,0.738094112051441,interior,0,FALSE,,,,
1.77827941003892e-07,0.137161479451217,0,FALSE,FALSE,"",1233,1159,TRUE,adjoint,1,2,1,0.738094112051441,interior,0,FALSE,,,,
3.16227766016838e-07,0.126920771920693,0,FALSE,FALSE,"",1233,1159,TRUE,adjoint,1,2,1,0.738094112051441,interior,0,FALSE,,,,
5.62341325190349e-07,0.11128208417008,0,FALSE,FALSE,"",1233,1159,TRUE,adjoint,1,2,1,0.738094112051441,interior,0,FALSE,,,,
1e-06,0.0896888136769199,0,FALSE,FALSE,"",1233,1159,TRUE,adjoint,1,2,1,0.738094112051441,interior,0,FALSE,,,,
1.77827941003892e-06,0.0640494053708047,0,FALSE,FALSE,"",1233,1159,TRUE,adjoint,1,2,1,0.738094112051441,interior,0,FALSE,,,,
3.16227766016838e-06,0.0392985396969698,0,FALSE,FALSE,"",1233,1159,TRUE,adjoint,1,2,1,0.738094112051441,interior,0,FALSE,,,,
5.62341325190349e-06,0.0208094976192199,0,FALSE,FALSE,"",1233,1159,TRUE,adjoint,1,2,1,0.738094112051441,interior,0,FALSE,,,,
1e-05,0.0104866995008339,0,FALSE,FALSE,"",1233,1159,TRUE,adjoint,1,2,1,0.738094112051441,interior,0,FALSE,,,,
1.77827941003892e-05,0.00636103987370594,0,FALSE,FALSE,"",1233,1159,TRUE,adjoint,1,2,1,0.738094112051441,interior,0,FALSE,,,,
3.16227766016838e-05,0.00540922732833519,0,TRUE,FALSE,"",1233,1159,TRUE,adjoint,1,2,1,0.738094112051441,interior,0,FALSE,,,,
5.62341325190349e-05,0.00558056764605975,0,FALSE,FALSE,"",1233,1159,TRUE,adjoint,1,2,1,0.738094112051441,interior,0,FALSE,,,,
1e-04,0.00596859342765173,0,FALSE,FALSE,"",1233,1159,TRUE,adjoint,1,2,1,0.738094112051441,interior,0,FALSE,,,,
0.000177827941003892,0.0063276678594743,0,FALSE,FALSE,"",1233,1159,TRUE,adjoint,1,2,1,0.738094112051441,interior,0,FALSE,,,,
0.000316227766016838,0.00670329101624965,0,FALSE,FALSE,"",1233,1159,TRUE,adjoint,1,2,1,0.738094112051441,interior,0,FALSE,,,,
0.000562341325190349,0.00725312533990446,0,FALSE,FALSE,"",1233,1159,TRUE,adjoint,1,2,1,0.738094112051441,interior,0,FALSE,,,,
0.001,0.00815327515492975,0,FALSE,FALSE,"",1233,1159,TRUE,adjoint,1,2,1,0.738094112051441,interior,0,FALSE,,,,
0.00177827941003892,0.00953462431187105,0,FALSE,FALSE,"",1233,1159,TRUE,adjoint,1,2,1,0.738094112051441,interior,0,FALSE,,,,
0.00316227766016838,0.0114736629501233,0,FALSE,FALSE,"",1233,1159,TRUE,adjoint,1,2,1,0.738094112051441,interior,0,FALSE,,,,
0.00562341325190349,0.014056855032747,0,FALSE,FALSE,"",1233,1159,TRUE,adjoint,1,2,1,0.738094112051441,interior,0,FALSE,,,,
0.01,0.0174263458041251,0,FALSE,FALSE,"",1233,1159,TRUE,adjoint,1,2,1,0.738094112051441,interior,0,FALSE,,,,
0.0177827941003892,0.021726655059944,0,FALSE,FALSE,"",1233,1159,TRUE,adjoint,1,2,1,0.738094112051441,interior,0,FALSE,,,,
0.0316227766016838,0.0270146212648308,0,FALSE,FALSE,"",1233,1159,TRUE,adjoint,1,2,1,0.738094112051441,interior,0,FALSE,,,,
0.0562341325190349,0.0331336118586624,0,FALSE,FALSE,"",1233,1159,TRUE,adjoint,1,2,1,0.738094112051441,interior,0,FALSE,,,,
0.1,0.0395489902398291,0,FALSE,FALSE,"",1233,1159,TRUE,adjoint,1,2,1,0.738094112051441,interior,0,FALSE,,,,
0.177827941003892,0.0454414443146206,0,FALSE,FALSE,"",1233,1159,TRUE,adjoint,1,2,1,0.738094112051441,interior,0,FALSE,,,,
0.316227766016838,0.0501517865202299,0,FALSE,FALSE,"",1233,1159,TRUE,adjoint,1,2,1,0.738094112051441,interior,0,FALSE,,,,
0.562341325190349,0.053495135756191,0,FALSE,FALSE,"",1233,1159,TRUE,adjoint,1,2,1,0.738094112051441,interior,0,FALSE,,,,
1,0.055669147872209,0,FALSE,FALSE,"",1233,1159,TRUE,adjoint,1,2,1,0.738094112051441,interior,0,FALSE,,,,
1e-17,0.445609015106917,12,FALSE,FALSE,"",,,,ratio,1,1,1,0.999591546929326,interior_after_extension,12,FALSE,,,,
1.77827941003892e-17,0.445609015265942,12,FALSE,FALSE,"",,,,ratio,1,1,1,0.999591546929326,interior_after_extension,12,FALSE,,,,
3.16227766016838e-17,0.445609015425,12,FALSE,FALSE,"",,,,ratio,1,1,1,0.999591546929326,interior_after_extension,12,FALSE,,,,
5.62341325190349e-17,0.44560901558411,12,FALSE,FALSE,"",,,,ratio,1,1,1,0.999591546929326,interior_after_extension,12,FALSE,,,,
1e-16,0.445609015106917,11,TRUE,FALSE,"",,,,ratio,1,1,1,0.999591546929326,interior_after_extension,12,FALSE,,,,
1.77827941003892e-16,0.445609015265943,11,FALSE,FALSE,"",,,,ratio,1,1,1,0.999591546929326,interior_after_extension,12,FALSE,,,,
3.16227766016838e-16,0.445609015425,11,FALSE,FALSE,"",,,,ratio,1,1,1,0.999591546929326,interior_after_extension,12,FALSE,,,,
5.62341325190349e-16,0.44560901558411,11,FALSE,FALSE,"",,,,ratio,1,1,1,0.999591546929326,interior_after_extension,12,FALSE,,,,
1e-15,0.445609015106917,10,FALSE,FALSE,"",,,,ratio,1,1,1,0.999591546929326,interior_after_extension,12,FALSE,,,,
1.77827941003892e-15,0.445609015265942,10,FALSE,FALSE,"",,,,ratio,1,1,1,0.999591546929326,interior_after_extension,12,FALSE,,,,
3.16227766016838e-15,0.445609015424999,10,FALSE,FALSE,"",,,,ratio,1,1,1,0.999591546929326,interior_after_extension,12,FALSE,,,,
5.62341325190349e-15,0.445609015584111,10,FALSE,FALSE,"",,,,ratio,1,1,1,0.999591546929326,interior_after_extension,12,FALSE,,,,
1e-14,0.445609015106917,9,FALSE,FALSE,"",,,,ratio,1,1,1,0.999591546929326,interior_after_extension,12,FALSE,,,,
1.77827941003892e-14,0.445609015265943,9,FALSE,FALSE,"",,,,ratio,1,1,1,0.999591546929326,interior_after_extension,12,FALSE,,,,
3.16227766016838e-14,0.445609015425003,9,FALSE,FALSE,"",,,,ratio,1,1,1,0.999591546929326,interior_after_extension,12,FALSE,,,,
5.62341325190349e-14,0.445609015584111,9,FALSE,FALSE,"",,,,ratio,1,1,1,0.999591546929326,interior_after_extension,12,FALSE,,,,
1e-13,0.445609015106929,8,FALSE,FALSE,"",,,,ratio,1,1,1,0.999591546929326,interior_after_extension,12,FALSE,,,,
1.77827941003892e-13,0.445609015265954,8,FALSE,FALSE,"",,,,ratio,1,1,1,0.999591546929326,interior_after_extension,12,FALSE,,,,
3.16227766016838e-13,0.445609015425022,8,FALSE,FALSE,"",,,,ratio,1,1,1,0.999591546929326,interior_after_extension,12,FALSE,,,,
5.62341325190349e-13,0.445609015584125,8,FALSE,FALSE,"",,,,ratio,1,1,1,0.999591546929326,interior_after_extension,12,FALSE,,,,
1e-12,0.44560901510714,7,FALSE,FALSE,"",,,,ratio,1,1,1,0.999591546929326,interior_after_extension,12,FALSE,,,,
1.77827941003892e-12,0.445609015266143,7,FALSE,FALSE,"",,,,ratio,1,1,1,0.999591546929326,interior_after_extension,12,FALSE,,,,
3.16227766016838e-12,0.445609015425222,7,FALSE,FALSE,"",,,,ratio,1,1,1,0.999591546929326,interior_after_extension,12,FALSE,,,,
5.62341325190349e-12,0.445609015584326,7,FALSE,FALSE,"",,,,ratio,1,1,1,0.999591546929326,interior_after_extension,12,FALSE,,,,
1e-11,0.445609015109076,6,FALSE,FALSE,"",,,,ratio,1,1,1,0.999591546929326,interior_after_extension,12,FALSE,,,,
1.77827941003892e-11,0.445609015268107,6,FALSE,FALSE,"",,,,ratio,1,1,1,0.999591546929326,interior_after_extension,12,FALSE,,,,
3.16227766016838e-11,0.445609015427169,6,FALSE,FALSE,"",,,,ratio,1,1,1,0.999591546929326,interior_after_extension,12,FALSE,,,,
5.62341325190349e-11,0.445609015586276,6,FALSE,FALSE,"",,,,ratio,1,1,1,0.999591546929326,interior_after_extension,12,FALSE,,,,
1e-10,0.44560901512846,5,FALSE,FALSE,"",,,,ratio,1,1,1,0.999591546929326,interior_after_extension,12,FALSE,,,,
1.77827941003892e-10,0.445609015287482,5,FALSE,FALSE,"",,,,ratio,1,1,1,0.999591546929326,interior_after_extension,12,FALSE,,,,
3.16227766016838e-10,0.445609015446539,5,FALSE,FALSE,"",,,,ratio,1,1,1,0.999591546929326,interior_after_extension,12,FALSE,,,,
5.62341325190349e-10,0.445609015605625,5,FALSE,FALSE,"",,,,ratio,1,1,1,0.999591546929326,interior_after_extension,12,FALSE,,,,
1e-09,0.445609015616452,4,FALSE,FALSE,"",,,,ratio,1,1,1,0.999591546929326,interior_after_extension,12,FALSE,,,,
1.77827941003892e-09,0.445609015775521,4,FALSE,FALSE,"",,,,ratio,1,1,1,0.999591546929326,interior_after_extension,12,FALSE,,,,
3.16227766016838e-09,0.445609015934587,4,FALSE,FALSE,"",,,,ratio,1,1,1,0.999591546929326,interior_after_extension,12,FALSE,,,,
5.62341325190349e-09,0.44560901609359,4,FALSE,FALSE,"",,,,ratio,1,1,1,0.999591546929326,interior_after_extension,12,FALSE,,,,
1e-08,0.445609017326201,3,FALSE,FALSE,"",,,,ratio,1,1,1,0.999591546929326,interior_after_extension,12,FALSE,,,,
1.77827941003892e-08,0.445609017632015,3,FALSE,FALSE,"",,,,ratio,1,1,1,0.999591546929326,interior_after_extension,12,FALSE,,,,
3.16227766016838e-08,0.445609018538825,3,FALSE,FALSE,"",,,,ratio,1,1,1,0.999591546929326,interior_after_extension,12,FALSE,,,,
5.62341325190349e-08,0.445609020294377,3,FALSE,FALSE,"",,,,ratio,1,1,1,0.999591546929326,interior_after_extension,12,FALSE,,,,
1e-07,0.445609030407691,2,FALSE,FALSE,"",,,,ratio,1,1,1,0.999591546929326,interior_after_extension,12,FALSE,,,,
1.77827941003892e-07,0.445609035889205,2,FALSE,FALSE,"",,,,ratio,1,1,1,0.999591546929326,interior_after_extension,12,FALSE,,,,
3.16227766016838e-07,0.445609045489369,2,FALSE,FALSE,"",,,,ratio,1,1,1,0.999591546929326,interior_after_extension,12,FALSE,,,,
5.62341325190349e-07,0.445609062315183,2,FALSE,FALSE,"",,,,ratio,1,1,1,0.999591546929326,interior_after_extension,12,FALSE,,,,
1e-06,0.44560912992268,1,FALSE,FALSE,"",,,,ratio,1,1,1,0.999591546929326,interior_after_extension,12,FALSE,,,,
1.77827941003892e-06,0.445609193680274,1,FALSE,FALSE,"",,,,ratio,1,1,1,0.999591546929326,interior_after_extension,12,FALSE,,,,
3.16227766016838e-06,0.445609306104869,1,FALSE,FALSE,"",,,,ratio,1,1,1,0.999591546929326,interior_after_extension,12,FALSE,,,,
5.62341325190349e-06,0.445609499360433,1,FALSE,FALSE,"",,,,ratio,1,1,1,0.999591546929326,interior_after_extension,12,FALSE,,,,
1e-05,0.445609882356332,0,FALSE,FALSE,"",,,,ratio,1,1,1,0.999591546929326,interior_after_extension,12,FALSE,,,,
1.77827941003892e-05,0.445610572413035,0,FALSE,FALSE,"",,,,ratio,1,1,1,0.999591546929326,interior_after_extension,12,FALSE,,,,
3.16227766016838e-05,0.445611871082741,0,FALSE,FALSE,"",,,,ratio,1,1,1,0.999591546929326,interior_after_extension,12,FALSE,,,,
5.62341325190349e-05,0.4456141990026,0,FALSE,FALSE,"",,,,ratio,1,1,1,0.999591546929326,interior_after_extension,12,FALSE,,,,
1e-04,0.445618291076667,0,FALSE,FALSE,"",,,,ratio,1,1,1,0.999591546929326,interior_after_extension,12,FALSE,,,,
0.000177827941003892,0.445625616414681,0,FALSE,FALSE,"",,,,ratio,1,1,1,0.999591546929326,interior_after_extension,12,FALSE,,,,
0.000316227766016838,0.445638768000087,0,FALSE,FALSE,"",,,,ratio,1,1,1,0.999591546929326,interior_after_extension,12,FALSE,,,,
0.000562341325190349,0.445662232207138,0,FALSE,FALSE,"",,,,ratio,1,1,1,0.999591546929326,interior_after_extension,12,FALSE,,,,
0.001,0.445703945554131,0,FALSE,FALSE,"",,,,ratio,1,1,1,0.999591546929326,interior_after_extension,12,FALSE,,,,
0.00177827941003892,0.445778009236403,0,FALSE,FALSE,"",,,,ratio,1,1,1,0.999591546929326,interior_after_extension,12,FALSE,,,,
0.00316227766016838,0.445909828590243,0,FALSE,FALSE,"",,,,ratio,1,1,1,0.999591546929326,interior_after_extension,12,FALSE,,,,
0.00562341325190349,0.446144821009729,0,FALSE,FALSE,"",,,,ratio,1,1,1,0.999591546929326,interior_after_extension,12,FALSE,,,,
0.01,0.446564176490259,0,FALSE,FALSE,"",,,,ratio,1,1,1,0.999591546929326,interior_after_extension,12,FALSE,,,,
0.0177827941003892,0.4473143693754,0,FALSE,FALSE,"",,,,ratio,1,1,1,0.999591546929326,interior_after_extension,12,FALSE,,,,
0.0316227766016838,0.448662274643328,0,FALSE,FALSE,"",,,,ratio,1,1,1,0.999591546929326,interior_after_extension,12,FALSE,,,,
0.0562341325190349,0.451102755069739,0,FALSE,FALSE,"",,,,ratio,1,1,1,0.999591546929326,interior_after_extension,12,FALSE,,,,
0.1,0.455580145597448,0,FALSE,FALSE,"",,,,ratio,1,1,1,0.999591546929326,interior_after_extension,12,FALSE,,,,
0.177827941003892,0.463976812946117,0,FALSE,FALSE,"",,,,ratio,1,1,1,0.999591546929326,interior_after_extension,12,FALSE,,,,
0.316227766016838,0.480290439938486,0,FALSE,FALSE,"",,,,ratio,1,1,1,0.999591546929326,interior_after_extension,12,FALSE,,,,
0.562341325190349,0.513779214808647,0,FALSE,FALSE,"",,,,ratio,1,1,1,0.999591546929326,interior_after_extension,12,FALSE,,,,
1,0.588822280034265,0,FALSE,FALSE,"",,,,ratio,1,1,1,0.999591546929326,interior_after_extension,12,FALSE,,,,
1e-05,0.609738700863738,0,FALSE,FALSE,"",,,,ratio,1,2,1,1,interior,0,FALSE,,,,
1.77827941003892e-05,0.607677326911977,0,FALSE,FALSE,"",,,,ratio,1,2,1,1,interior,0,FALSE,,,,
3.16227766016838e-05,0.605635352925818,0,FALSE,FALSE,"",,,,ratio,1,2,1,1,interior,0,FALSE,,,,
5.62341325190349e-05,0.603612348542683,0,FALSE,FALSE,"",,,,ratio,1,2,1,1,interior,0,FALSE,,,,
1e-04,0.601619562586792,0,FALSE,FALSE,"",,,,ratio,1,2,1,1,interior,0,FALSE,,,,
0.000177827941003892,0.599675957295294,0,FALSE,FALSE,"",,,,ratio,1,2,1,1,interior,0,FALSE,,,,
0.000316227766016838,0.597820511030471,0,FALSE,FALSE,"",,,,ratio,1,2,1,1,interior,0,FALSE,,,,
0.000562341325190349,0.596123855357906,0,FALSE,FALSE,"",,,,ratio,1,2,1,1,interior,0,FALSE,,,,
0.001,0.594721129572702,0,FALSE,FALSE,"",,,,ratio,1,2,1,1,interior,0,FALSE,,,,
0.00177827941003892,0.593880030028473,0,TRUE,FALSE,"",,,,ratio,1,2,1,1,interior,0,FALSE,,,,
0.00316227766016838,0.594172134360037,0,FALSE,FALSE,"",,,,ratio,1,2,1,1,interior,0,FALSE,,,,
0.00562341325190349,0.597008973363041,0,FALSE,FALSE,"",,,,ratio,1,2,1,1,interior,0,FALSE,,,,
0.01,0.60192273612923,0,FALSE,FALSE,"",,,,ratio,1,2,1,1,interior,0,FALSE,,,,
0.0177827941003892,0.611605220036465,0,FALSE,FALSE,"",,,,ratio,1,2,1,1,interior,0,FALSE,,,,
0.0316227766016838,0.625938907286393,0,FALSE,FALSE,"",,,,ratio,1,2,1,1,interior,0,FALSE,,,,
0.0562341325190349,0.642893909195163,0,FALSE,FALSE,"",,,,ratio,1,2,1,1,interior,0,FALSE,,,,
0.1,0.670184344283506,0,FALSE,FALSE,"",,,,ratio,1,2,1,1,interior,0,FALSE,,,,
0.177827941003892,0.692259831301499,0,FALSE,FALSE,"",,,,ratio,1,2,1,1,interior,0,FALSE,,,,
0.316227766016838,0.693147180559914,0,FALSE,FALSE,"",,,,ratio,1,2,1,1,interior,0,FALSE,,,,
0.562341325190349,0.693147180559914,0,FALSE,FALSE,"",,,,ratio,1,2,1,1,interior,0,FALSE,,,,
1,0.693147180559914,0,FALSE,FALSE,"",,,,ratio,1,2,1,1,interior,0,FALSE,,,,
1e-10,-0.000859476797974356,0,FALSE,FALSE,"",2667,2667,TRUE,beta,2,1,1,0.328756148871411,interior,0,FALSE,,,,
1.77827941003892e-10,-0.000859470691865187,0,FALSE,FALSE,"",2667,2667,TRUE,beta,2,1,1,0.328756148871411,interior,0,FALSE,,,,
3.16227766016838e-10,-0.000859478121763049,0,FALSE,FALSE,"",2667,2667,TRUE,beta,2,1,1,0.328756148871411,interior,0,FALSE,,,,
5.62341325190349e-10,-0.000859481425376817,0,FALSE,FALSE,"",2667,2667,TRUE,beta,2,1,1,0.328756148871411,interior,0,FALSE,,,,
1e-09,-0.000859479248165518,0,FALSE,FALSE,"",2667,2667,TRUE,beta,2,1,1,0.328756148871411,interior,0,FALSE,,,,
1.77827941003892e-09,-0.000859479984953763,0,FALSE,FALSE,"",2667,2667,TRUE,beta,2,1,1,0.328756148871411,interior,0,FALSE,,,,
3.16227766016838e-09,-0.000859480059147358,0,FALSE,FALSE,"",2667,2667,TRUE,beta,2,1,1,0.328756148871411,interior,0,FALSE,,,,
5.62341325190349e-09,-0.000859479945809994,0,FALSE,FALSE,"",2667,2667,TRUE,beta,2,1,1,0.328756148871411,interior,0,FALSE,,,,
1e-08,-0.000859479733849185,0,FALSE,FALSE,"",2667,2667,TRUE,beta,2,1,1,0.328756148871411,interior,0,FALSE,,,,
1.77827941003892e-08,-0.000859479927489238,0,FALSE,FALSE,"",2667,2667,TRUE,beta,2,1,1,0.328756148871411,interior,0,FALSE,,,,
3.16227766016838e-08,-0.000859479847082715,0,FALSE,FALSE,"",2667,2667,TRUE,beta,2,1,1,0.328756148871411,interior,0,FALSE,,,,
5.62341325190349e-08,-0.000859479984373284,0,FALSE,FALSE,"",2667,2667,TRUE,beta,2,1,1,0.328756148871411,interior,0,FALSE,,,,
1e-07,-0.000859480198249009,0,FALSE,FALSE,"",2667,2667,TRUE,beta,2,1,1,0.328756148871411,interior,0,FALSE,,,,
1.77827941003892e-07,-0.00085948064167939,0,FALSE,FALSE,"",2667,2667,TRUE,beta,2,1,1,0.328756148871411,interior,0,FALSE,,,,
3.16227766016838e-07,-0.000859481403723207,0,FALSE,FALSE,"",2667,2667,TRUE,beta,2,1,1,0.328756148871411,interior,0,FALSE,,,,
5.62341325190349e-07,-0.00085948276376002,0,FALSE,FALSE,"",2667,2667,TRUE,beta,2,1,1,0.328756148871411,interior,0,FALSE,,,,
1e-06,-0.000859485180739329,0,FALSE,FALSE,"",2667,2667,TRUE,beta,2,1,1,0.328756148871411,interior,0,FALSE,,,,
1.77827941003892e-06,-0.000859489473675138,0,FALSE,FALSE,"",2667,2667,TRUE,beta,2,1,1,0.328756148871411,interior,0,FALSE,,,,
3.16227766016838e-06,-0.000859497107994524,0,FALSE,FALSE,"",2667,2667,TRUE,beta,2,1,1,0.328756148871411,interior,0,FALSE,,,,
5.62341325190349e-06,-0.000859510681482995,0,FALSE,FALSE,"",2667,2667,TRUE,beta,2,1,1,0.328756148871411,interior,0,FALSE,,,,
1e-05,-0.000859534809597309,0,FALSE,FALSE,"",2667,2667,TRUE,beta,2,1,1,0.328756148871411,interior,0,FALSE,,,,
1.77827941003892e-05,-0.000859577686506369,0,FALSE,FALSE,"",2667,2667,TRUE,beta,2,1,1,0.328756148871411,interior,0,FALSE,,,,
3.16227766016838e-05,-0.000859653839808111,0,FALSE,FALSE,"",2667,2667,TRUE,beta,2,1,1,0.328756148871411,interior,0,FALSE,,,,
5.62341325190349e-05,-0.000859788965189037,0,FALSE,FALSE,"",2667,2667,TRUE,beta,2,1,1,0.328756148871411,interior,0,FALSE,,,,
1e-04,-0.00086002832130677,0,FALSE,FALSE,"",2667,2667,TRUE,beta,2,1,1,0.328756148871411,interior,0,FALSE,,,,
0.000177827941003892,-0.000860451018586028,0,FALSE,FALSE,"",2667,2667,TRUE,beta,2,1,1,0.328756148871411,interior,0,FALSE,,,,
0.000316227766016838,-0.000861193441849305,0,FALSE,FALSE,"",2667,2667,TRUE,beta,2,1,1,0.328756148871411,interior,0,FALSE,,,,
0.000562341325190349,-0.000862484767318873,0,FALSE,FALSE,"",2667,2667,TRUE,beta,2,1,1,0.328756148871411,interior,0,FALSE,,,,
0.001,-0.000864691569693838,0,FALSE,FALSE,"",2667,2667,TRUE,beta,2,1,1,0.328756148871411,interior,0,FALSE,,,,
0.00177827941003892,-0.000868342962729471,0,FALSE,FALSE,"",2667,2667,TRUE,beta,2,1,1,0.328756148871411,interior,0,FALSE,,,,
0.00316227766016838,-0.000874094059247011,0,FALSE,FALSE,"",2667,2667,TRUE,beta,2,1,1,0.328756148871411,interior,0,FALSE,,,,
0.00562341325190349,-0.000881938050145749,0,FALSE,FALSE,"",2667,2667,TRUE,beta,2,1,1,0.328756148871411,interior,0,FALSE,,,,
0.01,-0.000889817485205675,0,FALSE,FALSE,"",2667,2667,TRUE,beta,2,1,1,0.328756148871411,interior,0,FALSE,,,,
0.0177827941003892,-0.000890071619019245,0,TRUE,FALSE,"",2667,2667,TRUE,beta,2,1,1,0.328756148871411,interior,0,FALSE,,,,
0.0316227766016838,-0.000864221502968339,0,FALSE,FALSE,"",2667,2667,TRUE,beta,2,1,1,0.328756148871411,interior,0,FALSE,,,,
0.0562341325190349,-0.000781350237587535,0,FALSE,FALSE,"",2667,2667,TRUE,beta,2,1,1,0.328756148871411,interior,0,FALSE,,,,
0.1,-0.000607701604712754,0,FALSE,FALSE,"",2667,2667,TRUE,beta,2,1,1,0.328756148871411,interior,0,FALSE,,,,
0.177827941003892,-0.000330595215211078,0,FALSE,FALSE,"",2667,2667,TRUE,beta,2,1,1,0.328756148871411,interior,0,FALSE,,,,
0.316227766016838,2.13322151994992e-05,0,FALSE,FALSE,"",2667,2667,TRUE,beta,2,1,1,0.328756148871411,interior,0,FALSE,,,,
0.562341325190349,0.000386166631257812,0,FALSE,FALSE,"",2667,2667,TRUE,beta,2,1,1,0.328756148871411,interior,0,FALSE,,,,
1,0.000702730466571741,0,FALSE,FALSE,"",2667,2667,TRUE,beta,2,1,1,0.328756148871411,interior,0,FALSE,,,,
1e-10,-0.00110471802434765,0,FALSE,FALSE,"",2667,2591,TRUE,beta,2,2,1,0.334463781249201,interior,0,FALSE,,,,
1.77827941003892e-10,-0.00110471636292713,0,FALSE,FALSE,"",2667,2591,TRUE,beta,2,2,1,0.334463781249201,interior,0,FALSE,,,,
3.16227766016838e-10,-0.00110471608897459,0,FALSE,FALSE,"",2667,2591,TRUE,beta,2,2,1,0.334463781249201,interior,0,FALSE,,,,
5.62341325190349e-10,-0.00110471720007175,0,FALSE,FALSE,"",2667,2591,TRUE,beta,2,2,1,0.334463781249201,interior,0,FALSE,,,,
1e-09,-0.0011047169418207,0,FALSE,FALSE,"",2667,2591,TRUE,beta,2,2,1,0.334463781249201,interior,0,FALSE,,,,
1.77827941003892e-09,-0.00110471678304341,0,FALSE,FALSE,"",2667,2591,TRUE,beta,2,2,1,0.334463781249201,interior,0,FALSE,,,,
3.16227766016838e-09,-0.00110471680555386,0,FALSE,FALSE,"",2667,2591,TRUE,beta,2,2,1,0.334463781249201,interior,0,FALSE,,,,
5.62341325190349e-09,-0.00110471680119245,0,FALSE,FALSE,"",2667,2591,TRUE,beta,2,2,1,0.334463781249201,interior,0,FALSE,,,,
1e-08,-0.00110471684012662,0,FALSE,FALSE,"",2667,2591,TRUE,beta,2,2,1,0.334463781249201,interior,0,FALSE,,,,
1.77827941003892e-08,-0.00110471685559451,0,FALSE,FALSE,"",2667,2591,TRUE,beta,2,2,1,0.334463781249201,interior,0,FALSE,,,,
3.16227766016838e-08,-0.00110471687465074,0,FALSE,FALSE,"",2667,2591,TRUE,beta,2,2,1,0.334463781249201,interior,0,FALSE,,,,
5.62341325190349e-08,-0.00110471689740533,0,FALSE,FALSE,"",2667,2591,TRUE,beta,2,2,1,0.334463781249201,interior,0,FALSE,,,,
1e-07,-0.00110471695292714,0,FALSE,FALSE,"",2667,2591,TRUE,beta,2,2,1,0.334463781249201,interior,0,FALSE,,,,
1.77827941003892e-07,-0.00110471704769711,0,FALSE,FALSE,"",2667,2591,TRUE,beta,2,2,1,0.334463781249201,interior,0,FALSE,,,,
3.16227766016838e-07,-0.00110471721683258,0,FALSE,FALSE,"",2667,2591,TRUE,beta,2,2,1,0.334463781249201,interior,0,FALSE,,,,
5.62341325190349e-07,-0.00110471751697022,0,FALSE,FALSE,"",2667,2591,TRUE,beta,2,2,1,0.334463781249201,interior,0,FALSE,,,,
1e-06,-0.00110471805114542,0,FALSE,FALSE,"",2667,2591,TRUE,beta,2,2,1,0.334463781249201,interior,0,FALSE,,,,
1.77827941003892e-06,-0.00110471900118186,0,FALSE,FALSE,"",2667,2591,TRUE,beta,2,2,1,0.334463781249201,interior,0,FALSE,,,,
3.16227766016838e-06,-0.00110472068919919,0,FALSE,FALSE,"",2667,2591,TRUE,beta,2,2,1,0.334463781249201,interior,0,FALSE,,,,
5.62341325190349e-06,-0.00110472368864032,0,FALSE,FALSE,"",2667,2591,TRUE,beta,2,2,1,0.334463781249201,interior,0,FALSE,,,,
1e-05,-0.0011047290148325,0,FALSE,FALSE,"",2667,2591,TRUE,beta,2,2,1,0.334463781249201,interior,0,FALSE,,,,
1.77827941003892e-05,-0.00110473846216016,0,FALSE,FALSE,"",2667,2591,TRUE,beta,2,2,1,0.334463781249201,interior,0,FALSE,,,,
3.16227766016838e-05,-0.00110475518559373,0,FALSE,FALSE,"",2667,2591,TRUE,beta,2,2,1,0.334463781249201,interior,0,FALSE,,,,
5.62341325190349e-05,-0.00110478468352971,0,FALSE,FALSE,"",2667,2591,TRUE,beta,2,2,1,0.334463781249201,interior,0,FALSE,,,,
1e-04,-0.00110483638207923,0,FALSE,FALSE,"",2667,2591,TRUE,beta,2,2,1,0.334463781249201,interior,0,FALSE,,,,
0.000177827941003892,-0.00110492595111572,0,FALSE,FALSE,"",2667,2591,TRUE,beta,2,2,1,0.334463781249201,interior,0,FALSE,,,,
0.000316227766016838,-0.00110507790688097,0,FALSE,FALSE,"",2667,2591,TRUE,beta,2,2,1,0.334463781249201,interior,0,FALSE,,,,
0.000562341325190349,-0.00110532581759221,0,FALSE,FALSE,"",2667,2591,TRUE,beta,2,2,1,0.334463781249201,interior,0,FALSE,,,,
0.001,-0.00110570057386579,0,FALSE,FALSE,"",2667,2591,TRUE,beta,2,2,1,0.334463781249201,interior,0,FALSE,,,,
0.00177827941003892,-0.00110616518854929,0,FALSE,FALSE,"",2667,2591,TRUE,beta,2,2,1,0.334463781249201,interior,0,FALSE,,,,
0.00316227766016838,-0.00110652373105583,0,TRUE,FALSE,"",2667,2591,TRUE,beta,2,2,1,0.334463781249201,interior,0,FALSE,,,,
0.00562341325190349,-0.00110603119860912,0,FALSE,FALSE,"",2667,2591,TRUE,beta,2,2,1,0.334463781249201,interior,0,FALSE,,,,
0.01,-0.00110297820253405,0,FALSE,FALSE,"",2667,2591,TRUE,beta,2,2,1,0.334463781249201,interior,0,FALSE,,,,
0.0177827941003892,-0.00109434483305707,0,FALSE,FALSE,"",2667,2591,TRUE,beta,2,2,1,0.334463781249201,interior,0,FALSE,,,,
0.0316227766016838,-0.00107603958576454,0,FALSE,FALSE,"",2667,2591,TRUE,beta,2,2,1,0.334463781249201,interior,0,FALSE,,,,
0.0562341325190349,-0.0010437958991621,0,FALSE,FALSE,"",2667,2591,TRUE,beta,2,2,1,0.334463781249201,interior,0,FALSE,,,,
0.1,-0.000994222720569146,0,FALSE,FALSE,"",2667,2591,TRUE,beta,2,2,1,0.334463781249201,interior,0,FALSE,,,,
0.177827941003892,-0.000924860316393002,0,FALSE,FALSE,"",2667,2591,TRUE,beta,2,2,1,0.334463781249201,interior,0,FALSE,,,,
0.316227766016838,-0.00083322494160534,0,FALSE,FALSE,"",2667,2591,TRUE,beta,2,2,1,0.334463781249201,interior,0,FALSE,,,,
0.562341325190349,-0.000719614885956271,0,FALSE,FALSE,"",2667,2591,TRUE,beta,2,2,1,0.334463781249201,interior,0,FALSE,,,,
1,-0.000594087077644617,0,FALSE,FALSE,"",2667,2591,TRUE,beta,2,2,1,0.334463781249201,interior,0,FALSE,,,,
1e-16,-0.000556724708927252,6,FALSE,FALSE,"",1244,1244,TRUE,adjoint,2,1,1,0.351526503735953,interior_after_extension,6,FALSE,,,,
1.77827941003892e-16,-0.000556724708927252,6,TRUE,FALSE,"",1244,1244,TRUE,adjoint,2,1,1,0.351526503735953,interior_after_extension,6,FALSE,,,,
3.16227766016838e-16,-0.000556724708927248,6,FALSE,FALSE,"",1244,1244,TRUE,adjoint,2,1,1,0.351526503735953,interior_after_extension,6,FALSE,,,,
5.62341325190349e-16,-0.000556724708927244,6,FALSE,FALSE,"",1244,1244,TRUE,adjoint,2,1,1,0.351526503735953,interior_after_extension,6,FALSE,,,,
1e-15,-0.000556724708927236,5,FALSE,FALSE,"",1244,1244,TRUE,adjoint,2,1,1,0.351526503735953,interior_after_extension,6,FALSE,,,,
1.77827941003892e-15,-0.000556724708927223,5,FALSE,FALSE,"",1244,1244,TRUE,adjoint,2,1,1,0.351526503735953,interior_after_extension,6,FALSE,,,,
3.16227766016838e-15,-0.000556724708927197,5,FALSE,FALSE,"",1244,1244,TRUE,adjoint,2,1,1,0.351526503735953,interior_after_extension,6,FALSE,,,,
5.62341325190349e-15,-0.000556724708927153,5,FALSE,FALSE,"",1244,1244,TRUE,adjoint,2,1,1,0.351526503735953,interior_after_extension,6,FALSE,,,,
1e-14,-0.000556724708927074,4,FALSE,FALSE,"",1244,1244,TRUE,adjoint,2,1,1,0.351526503735953,interior_after_extension,6,FALSE,,,,
1.77827941003892e-14,-0.000556724708926933,4,FALSE,FALSE,"",1244,1244,TRUE,adjoint,2,1,1,0.351526503735953,interior_after_extension,6,FALSE,,,,
3.16227766016838e-14,-0.000556724708926683,4,FALSE,FALSE,"",1244,1244,TRUE,adjoint,2,1,1,0.351526503735953,interior_after_extension,6,FALSE,,,,
5.62341325190349e-14,-0.000556724708926239,4,FALSE,FALSE,"",1244,1244,TRUE,adjoint,2,1,1,0.351526503735953,interior_after_extension,6,FALSE,,,,
1e-13,-0.00055672470892545,3,FALSE,FALSE,"",1244,1244,TRUE,adjoint,2,1,1,0.351526503735953,interior_after_extension,6,FALSE,,,,
1.77827941003892e-13,-0.000556724708924045,3,FALSE,FALSE,"",1244,1244,TRUE,adjoint,2,1,1,0.351526503735953,interior_after_extension,6,FALSE,,,,
3.16227766016838e-13,-0.000556724708921547,3,FALSE,FALSE,"",1244,1244,TRUE,adjoint,2,1,1,0.351526503735953,interior_after_extension,6,FALSE,,,,
5.62341325190349e-13,-0.000556724708917105,3,FALSE,FALSE,"",1244,1244,TRUE,adjoint,2,1,1,0.351526503735953,interior_after_extension,6,FALSE,,,,
1e-12,-0.000556724708909204,2,FALSE,FALSE,"",1244,1244,TRUE,adjoint,2,1,1,0.351526503735953,interior_after_extension,6,FALSE,,,,
1.77827941003892e-12,-0.000556724708895156,2,FALSE,FALSE,"",1244,1244,TRUE,adjoint,2,1,1,0.351526503735953,interior_after_extension,6,FALSE,,,,
3.16227766016838e-12,-0.000556724708870174,2,FALSE,FALSE,"",1244,1244,TRUE,adjoint,2,1,1,0.351526503735953,interior_after_extension,6,FALSE,,,,
5.62341325190349e-12,-0.00055672470882575,2,FALSE,FALSE,"",1244,1244,TRUE,adjoint,2,1,1,0.351526503735953,interior_after_extension,6,FALSE,,,,
1e-11,-0.00055672470874675,1,FALSE,FALSE,"",1244,1244,TRUE,adjoint,2,1,1,0.351526503735953,interior_after_extension,6,FALSE,,,,
1.77827941003892e-11,-0.000556724708606265,1,FALSE,FALSE,"",1244,1244,TRUE,adjoint,2,1,1,0.351526503735953,interior_after_extension,6,FALSE,,,,
3.16227766016838e-11,-0.000556724708356446,1,FALSE,FALSE,"",1244,1244,TRUE,adjoint,2,1,1,0.351526503735953,interior_after_extension,6,FALSE,,,,
5.62341325190349e-11,-0.000556724707912198,1,FALSE,FALSE,"",1244,1244,TRUE,adjoint,2,1,1,0.351526503735953,interior_after_extension,6,FALSE,,,,
1e-10,-0.000556724707122199,0,FALSE,FALSE,"",1244,1244,TRUE,adjoint,2,1,1,0.351526503735953,interior_after_extension,6,FALSE,,,,
1.77827941003892e-10,-0.000556724705717362,0,FALSE,FALSE,"",1244,1244,TRUE,adjoint,2,1,1,0.351526503735953,interior_after_extension,6,FALSE,,,,
3.16227766016838e-10,-0.000556724703219167,0,FALSE,FALSE,"",1244,1244,TRUE,adjoint,2,1,1,0.351526503735953,interior_after_extension,6,FALSE,,,,
5.62341325190349e-10,-0.000556724698776677,0,FALSE,FALSE,"",1244,1244,TRUE,adjoint,2,1,1,0.351526503735953,interior_after_extension,6,FALSE,,,,
1e-09,-0.000556724690876683,0,FALSE,FALSE,"",1244,1244,TRUE,adjoint,2,1,1,0.351526503735953,interior_after_extension,6,FALSE,,,,
1.77827941003892e-09,-0.000556724676828268,0,FALSE,FALSE,"",1244,1244,TRUE,adjoint,2,1,1,0.351526503735953,interior_after_extension,6,FALSE,,,,
3.16227766016838e-09,-0.000556724651846202,0,FALSE,FALSE,"",1244,1244,TRUE,adjoint,2,1,1,0.351526503735953,interior_after_extension,6,FALSE,,,,
5.62341325190349e-09,-0.000556724607420921,0,FALSE,FALSE,"",1244,1244,TRUE,adjoint,2,1,1,0.351526503735953,interior_after_extension,6,FALSE,,,,
1e-08,-0.000556724528419764,0,FALSE,FALSE,"",1244,1244,TRUE,adjoint,2,1,1,0.351526503735953,interior_after_extension,6,FALSE,,,,
1.77827941003892e-08,-0.000556724387931763,0,FALSE,FALSE,"",1244,1244,TRUE,adjoint,2,1,1,0.351526503735953,interior_after_extension,6,FALSE,,,,
3.16227766016838e-08,-0.000556724138098927,0,FALSE,FALSE,"",1244,1244,TRUE,adjoint,2,1,1,0.351526503735953,interior_after_extension,6,FALSE,,,,
5.62341325190349e-08,-0.000556723693807619,0,FALSE,FALSE,"",1244,1244,TRUE,adjoint,2,1,1,0.351526503735953,interior_after_extension,6,FALSE,,,,
1e-07,-0.000556722903674346,0,FALSE,FALSE,"",1244,1244,TRUE,adjoint,2,1,1,0.351526503735953,interior_after_extension,6,FALSE,,,,
1.77827941003892e-07,-0.000556721498409446,0,FALSE,FALSE,"",1244,1244,TRUE,adjoint,2,1,1,0.351526503735953,interior_after_extension,6,FALSE,,,,
3.16227766016838e-07,-0.000556718998863935,0,FALSE,FALSE,"",1244,1244,TRUE,adjoint,2,1,1,0.351526503735953,interior_after_extension,6,FALSE,,,,
5.62341325190349e-07,-0.000556714552101984,0,FALSE,FALSE,"",1244,1244,TRUE,adjoint,2,1,1,0.351526503735953,interior_after_extension,6,FALSE,,,,
1e-06,-0.000556706638598343,0,FALSE,FALSE,"",1244,1244,TRUE,adjoint,2,1,1,0.351526503735953,interior_after_extension,6,FALSE,,,,
1.77827941003892e-06,-0.00055669254746325,0,FALSE,FALSE,"",1244,1244,TRUE,adjoint,2,1,1,0.351526503735953,interior_after_extension,6,FALSE,,,,
3.16227766016838e-06,-0.000556667430313979,0,FALSE,FALSE,"",1244,1244,TRUE,adjoint,2,1,1,0.351526503735953,interior_after_extension,6,FALSE,,,,
5.62341325190349e-06,-0.000556622577917518,0,FALSE,FALSE,"",1244,1244,TRUE,adjoint,2,1,1,0.351526503735953,interior_after_extension,6,FALSE,,,,
1e-05,-0.000556542226411863,0,FALSE,FALSE,"",1244,1244,TRUE,adjoint,2,1,1,0.351526503735953,interior_after_extension,6,FALSE,,,,
1.77827941003892e-05,-0.000556397469946283,0,FALSE,FALSE,"",1244,1244,TRUE,adjoint,2,1,1,0.351526503735953,interior_after_extension,6,FALSE,,,,
3.16227766016838e-05,-0.000556134148678376,0,FALSE,FALSE,"",1244,1244,TRUE,adjoint,2,1,1,0.351526503735953,interior_after_extension,6,FALSE,,,,
5.62341325190349e-05,-0.000555647257339232,0,FALSE,FALSE,"",1244,1244,TRUE,adjoint,2,1,1,0.351526503735953,interior_after_extension,6,FALSE,,,,
1e-04,-0.000554722714472494,0,FALSE,FALSE,"",1244,1244,TRUE,adjoint,2,1,1,0.351526503735953,interior_after_extension,6,FALSE,,,,
0.000177827941003892,-0.000552894107387505,0,FALSE,FALSE,"",1244,1244,TRUE,adjoint,2,1,1,0.351526503735953,interior_after_extension,6,FALSE,,,,
0.000316227766016838,-0.000549065301107524,0,FALSE,FALSE,"",1244,1244,TRUE,adjoint,2,1,1,0.351526503735953,interior_after_extension,6,FALSE,,,,
0.000562341325190349,-0.000540467435416545,0,FALSE,FALSE,"",1244,1244,TRUE,adjoint,2,1,1,0.351526503735953,interior_after_extension,6,FALSE,,,,
0.001,-0.000519713508986416,0,FALSE,FALSE,"",1244,1244,TRUE,adjoint,2,1,1,0.351526503735953,interior_after_extension,6,FALSE,,,,
0.00177827941003892,-0.000466552541298696,0,FALSE,FALSE,"",1244,1244,TRUE,adjoint,2,1,1,0.351526503735953,interior_after_extension,6,FALSE,,,,
0.00316227766016838,-0.000325832101814392,0,FALSE,FALSE,"",1244,1244,TRUE,adjoint,2,1,1,0.351526503735953,interior_after_extension,6,FALSE,,,,
0.00562341325190349,4.56903093098076e-05,0,FALSE,FALSE,"",1244,1244,TRUE,adjoint,2,1,1,0.351526503735953,interior_after_extension,6,FALSE,,,,
0.01,0.000984328525308923,0,FALSE,FALSE,"",1244,1244,TRUE,adjoint,2,1,1,0.351526503735953,interior_after_extension,6,FALSE,,,,
0.0177827941003892,0.0031505898895154,0,FALSE,FALSE,"",1244,1244,TRUE,adjoint,2,1,1,0.351526503735953,interior_after_extension,6,FALSE,,,,
0.0316227766016838,0.0074942393590329,0,FALSE,FALSE,"",1244,1244,TRUE,adjoint,2,1,1,0.351526503735953,interior_after_extension,6,FALSE,,,,
0.0562341325190349,0.0147086823816188,0,FALSE,FALSE,"",1244,1244,TRUE,adjoint,2,1,1,0.351526503735953,interior_after_extension,6,FALSE,,,,
0.1,0.0243146748755452,0,FALSE,FALSE,"",1244,1244,TRUE,adjoint,2,1,1,0.351526503735953,interior_after_extension,6,FALSE,,,,
0.177827941003892,0.0345212893358071,0,FALSE,FALSE,"",1244,1244,TRUE,adjoint,2,1,1,0.351526503735953,interior_after_extension,6,FALSE,,,,
0.316227766016838,0.0434012546069147,0,FALSE,FALSE,"",1244,1244,TRUE,adjoint,2,1,1,0.351526503735953,interior_after_extension,6,FALSE,,,,
0.562341325190349,0.0500145796953017,0,FALSE,FALSE,"",1244,1244,TRUE,adjoint,2,1,1,0.351526503735953,interior_after_extension,6,FALSE,,,,
1,0.05443274480585,0,FALSE,FALSE,"",1244,1244,TRUE,adjoint,2,1,1,0.351526503735953,interior_after_extension,6,FALSE,,,,
1e-10,0.010126587757169,0,FALSE,FALSE,"",1243,1169,TRUE,adjoint,2,2,1,0,interior,0,FALSE,,,,
1.77827941003892e-10,0.0101265869610591,0,FALSE,FALSE,"",1243,1169,TRUE,adjoint,2,2,1,0,interior,0,FALSE,,,,
3.16227766016838e-10,0.0101265854230545,0,FALSE,FALSE,"",1243,1169,TRUE,adjoint,2,2,1,0,interior,0,FALSE,,,,
5.62341325190349e-10,0.0101265827534968,0,FALSE,FALSE,"",1243,1169,TRUE,adjoint,2,2,1,0,interior,0,FALSE,,,,
1e-09,0.0101265779589578,0,FALSE,FALSE,"",1243,1169,TRUE,adjoint,2,2,1,0,interior,0,FALSE,,,,
1.77827941003892e-09,0.0101265694263877,0,FALSE,FALSE,"",1243,1169,TRUE,adjoint,2,2,1,0,interior,0,FALSE,,,,
3.16227766016838e-09,0.0101265542568249,0,FALSE,FALSE,"",1243,1169,TRUE,adjoint,2,2,1,0,interior,0,FALSE,,,,
5.62341325190349e-09,0.0101265272816285,0,FALSE,FALSE,"",1243,1169,TRUE,adjoint,2,2,1,0,interior,0,FALSE,,,,
1e-08,0.0101264793056518,0,FALSE,FALSE,"",1243,1169,TRUE,adjoint,2,2,1,0,interior,0,FALSE,,,,
1.77827941003892e-08,0.010126393998149,0,FALSE,FALSE,"",1243,1169,TRUE,adjoint,2,2,1,0,interior,0,FALSE,,,,
3.16227766016838e-08,0.0101262423012709,0,FALSE,FALSE,"",1243,1169,TRUE,adjoint,2,2,1,0,interior,0,FALSE,,,,
5.62341325190349e-08,0.0101259725534454,0,FALSE,FALSE,"",1243,1169,TRUE,adjoint,2,2,1,0,interior,0,FALSE,,,,
1e-07,0.0101254929060209,0,FALSE,FALSE,"",1243,1169,TRUE,adjoint,2,2,1,0,interior,0,FALSE,,,,
1.77827941003892e-07,0.010124640082401,0,FALSE,FALSE,"",1243,1169,TRUE,adjoint,2,2,1,0,interior,0,FALSE,,,,
3.16227766016838e-07,0.0101231239151012,0,FALSE,FALSE,"",1243,1169,TRUE,adjoint,2,2,1,0,interior,0,FALSE,,,,
5.62341325190349e-07,0.010120428983847,0,FALSE,FALSE,"",1243,1169,TRUE,adjoint,2,2,1,0,interior,0,FALSE,,,,
1e-06,0.010115640558644,0,FALSE,FALSE,"",1243,1169,TRUE,adjoint,2,2,1,0,interior,0,FALSE,,,,
1.77827941003892e-06,0.0101071377902208,0,FALSE,FALSE,"",1243,1169,TRUE,adjoint,2,2,1,0,interior,0,FALSE,,,,
3.16227766016838e-06,0.0100920567082986,0,FALSE,FALSE,"",1243,1169,TRUE,adjoint,2,2,1,0,interior,0,FALSE,,,,
5.62341325190349e-06,0.0100653625139803,0,FALSE,FALSE,"",1243,1169,TRUE,adjoint,2,2,1,0,interior,0,FALSE,,,,
1e-05,0.0100182860952519,0,FALSE,FALSE,"",1243,1169,TRUE,adjoint,2,2,1,0,interior,0,FALSE,,,,
1.77827941003892e-05,0.00993581532388103,0,FALSE,FALSE,"",1243,1169,TRUE,adjoint,2,2,1,0,interior,0,FALSE,,,,
3.16227766016838e-05,0.00979307335442078,0,FALSE,FALSE,"",1243,1169,TRUE,adjoint,2,2,1,0,interior,0,FALSE,,,,
5.62341325190349e-05,0.00955134840699363,0,FALSE,FALSE,"",1243,1169,TRUE,adjoint,2,2,1,0,interior,0,FALSE,,,,
1e-04,0.00915756344834153,0,FALSE,FALSE,"",1243,1169,TRUE,adjoint,2,2,1,0,interior,0,FALSE,,,,
0.000177827941003892,0.00855731034181625,0,FALSE,FALSE,"",1243,1169,TRUE,adjoint,2,2,1,0,interior,0,FALSE,,,,
0.000316227766016838,0.00773710069074914,0,FALSE,FALSE,"",1243,1169,TRUE,adjoint,2,2,1,0,interior,0,FALSE,,,,
0.000562341325190349,0.00679799849640988,0,FALSE,FALSE,"",1243,1169,TRUE,adjoint,2,2,1,0,interior,0,FALSE,,,,
0.001,0.00601431286871731,0,FALSE,FALSE,"",1243,1169,TRUE,adjoint,2,2,1,0,interior,0,FALSE,,,,
0.00177827941003892,0.00579951797792289,0,TRUE,FALSE,"",1243,1169,TRUE,adjoint,2,2,1,0,interior,0,FALSE,,,,
0.00316227766016838,0.00657493073614583,0,FALSE,FALSE,"",1243,1169,TRUE,adjoint,2,2,1,0,interior,0,FALSE,,,,
0.00562341325190349,0.00862508133914333,0,FALSE,FALSE,"",1243,1169,TRUE,adjoint,2,2,1,0,interior,0,FALSE,,,,
0.01,0.0119927291466585,0,FALSE,FALSE,"",1243,1169,TRUE,adjoint,2,2,1,0,interior,0,FALSE,,,,
0.0177827941003892,0.0164693630079552,0,FALSE,FALSE,"",1243,1169,TRUE,adjoint,2,2,1,0,interior,0,FALSE,,,,
0.0316227766016838,0.021727919264193,0,FALSE,FALSE,"",1243,1169,TRUE,adjoint,2,2,1,0,interior,0,FALSE,,,,
0.0562341325190349,0.0274224295677454,0,FALSE,FALSE,"",1243,1169,TRUE,adjoint,2,2,1,0,interior,0,FALSE,,,,
0.1,0.0330949852019214,0,FALSE,FALSE,"",1243,1169,TRUE,adjoint,2,2,1,0,interior,0,FALSE,,,,
0.177827941003892,0.0381551985671131,0,FALSE,FALSE,"",1243,1169,TRUE,adjoint,2,2,1,0,interior,0,FALSE,,,,
0.316227766016838,0.0421437542381776,0,FALSE,FALSE,"",1243,1169,TRUE,adjoint,2,2,1,0,interior,0,FALSE,,,,
0.562341325190349,0.0449572312949219,0,FALSE,FALSE,"",1243,1169,TRUE,adjoint,2,2,1,0,interior,0,FALSE,,,,
1,0.0467818052581065,0,FALSE,FALSE,"",1243,1169,TRUE,adjoint,2,2,1,0,interior,0,FALSE,,,,
1e-16,0.44269541376073,11,FALSE,FALSE,"",,,,ratio,2,1,1,0.999331507957106,interior_after_extension,11,FALSE,,,,
1.77827941003892e-16,0.442695413921612,11,FALSE,FALSE,"",,,,ratio,2,1,1,0.999331507957106,interior_after_extension,11,FALSE,,,,
3.16227766016838e-16,0.442695414082535,11,FALSE,FALSE,"",,,,ratio,2,1,1,0.999331507957106,interior_after_extension,11,FALSE,,,,
5.62341325190349e-16,0.442695414243513,11,FALSE,FALSE,"",,,,ratio,2,1,1,0.999331507957106,interior_after_extension,11,FALSE,,,,
1e-15,0.442695413760729,10,TRUE,FALSE,"",,,,ratio,2,1,1,0.999331507957106,interior_after_extension,11,FALSE,,,,
1.77827941003892e-15,0.442695413921611,10,FALSE,FALSE,"",,,,ratio,2,1,1,0.999331507957106,interior_after_extension,11,FALSE,,,,
3.16227766016838e-15,0.442695414082535,10,FALSE,FALSE,"",,,,ratio,2,1,1,0.999331507957106,interior_after_extension,11,FALSE,,,,
5.62341325190349e-15,0.442695414243513,10,FALSE,FALSE,"",,,,ratio,2,1,1,0.999331507957106,interior_after_extension,11,FALSE,,,,
1e-14,0.44269541376073,9,FALSE,FALSE,"",,,,ratio,2,1,1,0.999331507957106,interior_after_extension,11,FALSE,,,,
1.77827941003892e-14,0.442695413921612,9,FALSE,FALSE,"",,,,ratio,2,1,1,0.999331507957106,interior_after_extension,11,FALSE,,,,
3.16227766016838e-14,0.442695414082535,9,FALSE,FALSE,"",,,,ratio,2,1,1,0.999331507957106,interior_after_extension,11,FALSE,,,,
5.62341325190349e-14,0.442695414243517,9,FALSE,FALSE,"",,,,ratio,2,1,1,0.999331507957106,interior_after_extension,11,FALSE,,,,
1e-13,0.442695413760757,8,FALSE,FALSE,"",,,,ratio,2,1,1,0.999331507957106,interior_after_extension,11,FALSE,,,,
1.77827941003892e-13,0.44269541392164,8,FALSE,FALSE,"",,,,ratio,2,1,1,0.999331507957106,interior_after_extension,11,FALSE,,,,
3.16227766016838e-13,0.442695414082562,8,FALSE,FALSE,"",,,,ratio,2,1,1,0.999331507957106,interior_after_extension,11,FALSE,,,,
5.62341325190349e-13,0.442695414243537,8,FALSE,FALSE,"",,,,ratio,2,1,1,0.999331507957106,interior_after_extension,11,FALSE,,,,
1e-12,0.442695413760955,7,FALSE,FALSE,"",,,,ratio,2,1,1,0.999331507957106,interior_after_extension,11,FALSE,,,,
1.77827941003892e-12,0.442695413921841,7,FALSE,FALSE,"",,,,ratio,2,1,1,0.999331507957106,interior_after_extension,11,FALSE,,,,
3.16227766016838e-12,0.442695414082761,7,FALSE,FALSE,"",,,,ratio,2,1,1,0.999331507957106,interior_after_extension,11,FALSE,,,,
5.62341325190349e-12,0.442695414243734,7,FALSE,FALSE,"",,,,ratio,2,1,1,0.999331507957106,interior_after_extension,11,FALSE,,,,
1e-11,0.442695413762968,6,FALSE,FALSE,"",,,,ratio,2,1,1,0.999331507957106,interior_after_extension,11,FALSE,,,,
1.77827941003892e-11,0.442695413923853,6,FALSE,FALSE,"",,,,ratio,2,1,1,0.999331507957106,interior_after_extension,11,FALSE,,,,
3.16227766016838e-11,0.442695414084772,6,FALSE,FALSE,"",,,,ratio,2,1,1,0.999331507957106,interior_after_extension,11,FALSE,,,,
5.62341325190349e-11,0.442695414245736,6,FALSE,FALSE,"",,,,ratio,2,1,1,0.999331507957106,interior_after_extension,11,FALSE,,,,
1e-10,0.442695413783097,5,FALSE,FALSE,"",,,,ratio,2,1,1,0.999331507957106,interior_after_extension,11,FALSE,,,,
1.77827941003892e-10,0.442695413943964,5,FALSE,FALSE,"",,,,ratio,2,1,1,0.999331507957106,interior_after_extension,11,FALSE,,,,
3.16227766016838e-10,0.442695414104857,5,FALSE,FALSE,"",,,,ratio,2,1,1,0.999331507957106,interior_after_extension,11,FALSE,,,,
5.62341325190349e-10,0.442695414265756,5,FALSE,FALSE,"",,,,ratio,2,1,1,0.999331507957106,interior_after_extension,11,FALSE,,,,
1e-09,0.442695414301964,4,FALSE,FALSE,"",,,,ratio,2,1,1,0.999331507957106,interior_after_extension,11,FALSE,,,,
1.77827941003892e-09,0.442695414462761,4,FALSE,FALSE,"",,,,ratio,2,1,1,0.999331507957106,interior_after_extension,11,FALSE,,,,
3.16227766016838e-09,0.442695414623435,4,FALSE,FALSE,"",,,,ratio,2,1,1,0.999331507957106,interior_after_extension,11,FALSE,,,,
5.62341325190349e-09,0.442695414783785,4,FALSE,FALSE,"",,,,ratio,2,1,1,0.999331507957106,interior_after_extension,11,FALSE,,,,
1e-08,0.442695415698469,3,FALSE,FALSE,"",,,,ratio,2,1,1,0.999331507957106,interior_after_extension,11,FALSE,,,,
1.77827941003892e-08,0.442695416175315,3,FALSE,FALSE,"",,,,ratio,2,1,1,0.999331507957106,interior_after_extension,11,FALSE,,,,
3.16227766016838e-08,0.442695417194954,3,FALSE,FALSE,"",,,,ratio,2,1,1,0.999331507957106,interior_after_extension,11,FALSE,,,,
5.62341325190349e-08,0.442695419023353,3,FALSE,FALSE,"",,,,ratio,2,1,1,0.999331507957106,interior_after_extension,11,FALSE,,,,
1e-07,0.442695427961182,2,FALSE,FALSE,"",,,,ratio,2,1,1,0.999331507957106,interior_after_extension,11,FALSE,,,,
1.77827941003892e-07,0.442695433715177,2,FALSE,FALSE,"",,,,ratio,2,1,1,0.999331507957106,interior_after_extension,11,FALSE,,,,
3.16227766016838e-07,0.44269544396089,2,FALSE,FALSE,"",,,,ratio,2,1,1,0.999331507957106,interior_after_extension,11,FALSE,,,,
5.62341325190349e-07,0.442695461854053,2,FALSE,FALSE,"",,,,ratio,2,1,1,0.999331507957106,interior_after_extension,11,FALSE,,,,
1e-06,0.442695527445913,1,FALSE,FALSE,"",,,,ratio,2,1,1,0.999331507957106,interior_after_extension,11,FALSE,,,,
1.77827941003892e-06,0.442695592277261,1,FALSE,FALSE,"",,,,ratio,2,1,1,0.999331507957106,interior_after_extension,11,FALSE,,,,
3.16227766016838e-06,0.442695706538627,1,FALSE,FALSE,"",,,,ratio,2,1,1,0.999331507957106,interior_after_extension,11,FALSE,,,,
5.62341325190349e-06,0.442695904280928,1,FALSE,FALSE,"",,,,ratio,2,1,1,0.999331507957106,interior_after_extension,11,FALSE,,,,
1e-05,0.442696294541677,0,FALSE,FALSE,"",,,,ratio,2,1,1,0.999331507957106,interior_after_extension,11,FALSE,,,,
1.77827941003892e-05,0.44269698729285,0,FALSE,FALSE,"",,,,ratio,2,1,1,0.999331507957106,interior_after_extension,11,FALSE,,,,
3.16227766016838e-05,0.44269828174192,0,FALSE,FALSE,"",,,,ratio,2,1,1,0.999331507957106,interior_after_extension,11,FALSE,,,,
5.62341325190349e-05,0.442700609375348,0,FALSE,FALSE,"",,,,ratio,2,1,1,0.999331507957106,interior_after_extension,11,FALSE,,,,
1e-04,0.442704711484876,0,FALSE,FALSE,"",,,,ratio,2,1,1,0.999331507957106,interior_after_extension,11,FALSE,,,,
0.000177827941003892,0.442712036097688,0,FALSE,FALSE,"",,,,ratio,2,1,1,0.999331507957106,interior_after_extension,11,FALSE,,,,
0.000316227766016838,0.442725173862634,0,FALSE,FALSE,"",,,,ratio,2,1,1,0.999331507957106,interior_after_extension,11,FALSE,,,,
0.000562341325190349,0.442748609842719,0,FALSE,FALSE,"",,,,ratio,2,1,1,0.999331507957106,interior_after_extension,11,FALSE,,,,
0.001,0.442790289013712,0,FALSE,FALSE,"",,,,ratio,2,1,1,0.999331507957106,interior_after_extension,11,FALSE,,,,
0.00177827941003892,0.442864306138535,0,FALSE,FALSE,"",,,,ratio,2,1,1,0.999331507957106,interior_after_extension,11,FALSE,,,,
0.00316227766016838,0.442996050075107,0,FALSE,FALSE,"",,,,ratio,2,1,1,0.999331507957106,interior_after_extension,11,FALSE,,,,
0.00562341325190349,0.443230865753129,0,FALSE,FALSE,"",,,,ratio,2,1,1,0.999331507957106,interior_after_extension,11,FALSE,,,,
0.01,0.443649915425126,0,FALSE,FALSE,"",,,,ratio,2,1,1,0.999331507957106,interior_after_extension,11,FALSE,,,,
0.0177827941003892,0.444399642795155,0,FALSE,FALSE,"",,,,ratio,2,1,1,0.999331507957106,interior_after_extension,11,FALSE,,,,
0.0316227766016838,0.445746855660853,0,FALSE,FALSE,"",,,,ratio,2,1,1,0.999331507957106,interior_after_extension,11,FALSE,,,,
0.0562341325190349,0.448186512389235,0,FALSE,FALSE,"",,,,ratio,2,1,1,0.999331507957106,interior_after_extension,11,FALSE,,,,
0.1,0.452663624585348,0,FALSE,FALSE,"",,,,ratio,2,1,1,0.999331507957106,interior_after_extension,11,FALSE,,,,
0.177827941003892,0.461062936698931,0,FALSE,FALSE,"",,,,ratio,2,1,1,0.999331507957106,interior_after_extension,11,FALSE,,,,
0.316227766016838,0.477388199444151,0,FALSE,FALSE,"",,,,ratio,2,1,1,0.999331507957106,interior_after_extension,11,FALSE,,,,
0.562341325190349,0.510904504570029,0,FALSE,FALSE,"",,,,ratio,2,1,1,0.999331507957106,interior_after_extension,11,FALSE,,,,
1,0.585932731124998,0,FALSE,FALSE,"",,,,ratio,2,1,1,0.999331507957106,interior_after_extension,11,FALSE,,,,
1e-05,0.594914855798501,0,FALSE,FALSE,"",,,,ratio,2,2,1,0.999037369752715,interior,0,FALSE,,,,
1.77827941003892e-05,0.594379342926367,0,FALSE,FALSE,"",,,,ratio,2,2,1,0.999037369752715,interior,0,FALSE,,,,
3.16227766016838e-05,0.593852022669276,0,FALSE,FALSE,"",,,,ratio,2,2,1,0.999037369752715,interior,0,FALSE,,,,
5.62341325190349e-05,0.593338511244532,0,FALSE,FALSE,"",,,,ratio,2,2,1,0.999037369752715,interior,0,FALSE,,,,
1e-04,0.592846820099589,0,FALSE,FALSE,"",,,,ratio,2,2,1,0.999037369752715,interior,0,FALSE,,,,
0.000177827941003892,0.592393481554448,0,FALSE,FALSE,"",,,,ratio,2,2,1,0.999037369752715,interior,0,FALSE,,,,
0.000316227766016838,0.592009165875001,0,FALSE,FALSE,"",,,,ratio,2,2,1,0.999037369752715,interior,0,FALSE,,,,
0.000562341325190349,0.591750338571238,0,FALSE,FALSE,"",,,,ratio,2,2,1,0.999037369752715,interior,0,FALSE,,,,
0.001,0.591724059847633,0,TRUE,FALSE,"",,,,ratio,2,2,1,0.999037369752715,interior,0,FALSE,,,,
0.00177827941003892,0.592141542018682,0,FALSE,FALSE,"",,,,ratio,2,2,1,0.999037369752715,interior,0,FALSE,,,,
0.00316227766016838,0.593446321341113,0,FALSE,FALSE,"",,,,ratio,2,2,1,0.999037369752715,interior,0,FALSE,,,,
0.00562341325190349,0.596676722352169,0,FALSE,FALSE,"",,,,ratio,2,2,1,0.999037369752715,interior,0,FALSE,,,,
0.01,0.602880029488819,0,FALSE,FALSE,"",,,,ratio,2,2,1,0.999037369752715,interior,0,FALSE,,,,
0.0177827941003892,0.613335818655239,0,FALSE,FALSE,"",,,,ratio,2,2,1,0.999037369752715,interior,0,FALSE,,,,
0.0316227766016838,0.626175820516315,0,FALSE,FALSE,"",,,,ratio,2,2,1,0.999037369752715,interior,0,FALSE,,,,
0.0562341325190349,0.643802999331535,0,FALSE,FALSE,"",,,,ratio,2,2,1,0.999037369752715,interior,0,FALSE,,,,
0.1,0.668498244156433,0,FALSE,FALSE,"",,,,ratio,2,2,1,0.999037369752715,interior,0,FALSE,,,,
0.177827941003892,0.689979554064171,0,FALSE,FALSE,"",,,,ratio,2,2,1,0.999037369752715,interior,0,FALSE,,,,
0.316227766016838,0.693147180559914,0,FALSE,FALSE,"",,,,ratio,2,2,1,0.999037369752715,interior,0,FALSE,,,,
0.562341325190349,0.693147180559914,0,FALSE,FALSE,"",,,,ratio,2,2,1,0.999037369752715,interior,0,FALSE,,,,
1,0.693147180559914,0,FALSE,FALSE,"",,,,ratio,2,2,1,0.999037369752715,interior,0,FALSE,,,,
1e-10,-1.71089928293487e-05,0,FALSE,FALSE,"",2667,2667,TRUE,beta,3,1,1,0.190345636687377,interior,0,FALSE,,,,
1.77827941003892e-10,-1.71082821323897e-05,0,FALSE,FALSE,"",2667,2667,TRUE,beta,3,1,1,0.190345636687377,interior,0,FALSE,,,,
3.16227766016838e-10,-1.71087353509251e-05,0,FALSE,FALSE,"",2667,2667,TRUE,beta,3,1,1,0.190345636687377,interior,0,FALSE,,,,
5.62341325190349e-10,-1.71084898900575e-05,0,FALSE,FALSE,"",2667,2667,TRUE,beta,3,1,1,0.190345636687377,interior,0,FALSE,,,,
1e-09,-1.71085619654935e-05,0,FALSE,FALSE,"",2667,2667,TRUE,beta,3,1,1,0.190345636687377,interior,0,FALSE,,,,
1.77827941003892e-09,-1.71085742539634e-05,0,FALSE,FALSE,"",2667,2667,TRUE,beta,3,1,1,0.190345636687377,interior,0,FALSE,,,,
3.16227766016838e-09,-1.71085034631718e-05,0,FALSE,FALSE,"",2667,2667,TRUE,beta,3,1,1,0.190345636687377,interior,0,FALSE,,,,
5.62341325190349e-09,-1.71085114526989e-05,0,FALSE,FALSE,"",2667,2667,TRUE,beta,3,1,1,0.190345636687377,interior,0,FALSE,,,,
1e-08,-1.71085674986122e-05,0,FALSE,FALSE,"",2667,2667,TRUE,beta,3,1,1,0.190345636687377,interior,0,FALSE,,,,
1.77827941003892e-08,-1.71086487875926e-05,0,FALSE,FALSE,"",2667,2667,TRUE,beta,3,1,1,0.190345636687377,interior,0,FALSE,,,,
3.16227766016838e-08,-1.71087934942335e-05,0,FALSE,FALSE,"",2667,2667,TRUE,beta,3,1,1,0.190345636687377,interior,0,FALSE,,,,
5.62341325190349e-08,-1.71090472898786e-05,0,FALSE,FALSE,"",2667,2667,TRUE,beta,3,1,1,0.190345636687377,interior,0,FALSE,,,,
1e-07,-1.71095026267323e-05,0,FALSE,FALSE,"",2667,2667,TRUE,beta,3,1,1,0.190345636687377,interior,0,FALSE,,,,
1.77827941003892e-07,-1.71103095578699e-05,0,FALSE,FALSE,"",2667,2667,TRUE,beta,3,1,1,0.190345636687377,interior,0,FALSE,,,,
3.16227766016838e-07,-1.71117448295847e-05,0,FALSE,FALSE,"",2667,2667,TRUE,beta,3,1,1,0.190345636687377,interior,0,FALSE,,,,
5.62341325190349e-07,-1.71142968706161e-05,0,FALSE,FALSE,"",2667,2667,TRUE,beta,3,1,1,0.190345636687377,interior,0,FALSE,,,,
1e-06,-1.71188345332271e-05,0,FALSE,FALSE,"",2667,2667,TRUE,beta,3,1,1,0.190345636687377,interior,0,FALSE,,,,
1.77827941003892e-06,-1.71269028711559e-05,0,FALSE,FALSE,"",2667,2667,TRUE,beta,3,1,1,0.190345636687377,interior,0,FALSE,,,,
3.16227766016838e-06,-1.71412492451918e-05,0,FALSE,FALSE,"",2667,2667,TRUE,beta,3,1,1,0.190345636687377,interior,0,FALSE,,,,
5.62341325190349e-06,-1.71667559605823e-05,0,FALSE,FALSE,"",2667,2667,TRUE,beta,3,1,1,0.190345636687377,interior,0,FALSE,,,,
1e-05,-1.72120979066564e-05,0,FALSE,FALSE,"",2667,2667,TRUE,beta,3,1,1,0.190345636687377,interior,0,FALSE,,,,
1.77827941003892e-05,-1.72926773889193e-05,0,FALSE,FALSE,"",2667,2667,TRUE,beta,3,1,1,0.190345636687377,interior,0,FALSE,,,,
3.16227766016838e-05,-1.74358087511009e-05,0,FALSE,FALSE,"",2667,2667,TRUE,beta,3,1,1,0.190345636687377,interior,0,FALSE,,,,
5.62341325190349e-05,-1.76898263704247e-05,0,FALSE,FALSE,"",2667,2667,TRUE,beta,3,1,1,0.190345636687377,interior,0,FALSE,,,,
1e-04,-1.81399322279963e-05,0,FALSE,FALSE,"",2667,2667,TRUE,beta,3,1,1,0.190345636687377,interior,0,FALSE,,,,
0.000177827941003892,-1.89352829236193e-05,0,FALSE,FALSE,"",2667,2667,TRUE,beta,3,1,1,0.190345636687377,interior,0,FALSE,,,,
0.000316227766016838,-2.03337558146103e-05,0,FALSE,FALSE,"",2667,2667,TRUE,beta,3,1,1,0.190345636687377,interior,0,FALSE,,,,
0.000562341325190349,-2.27711164444744e-05,0,FALSE,FALSE,"",2667,2667,TRUE,beta,3,1,1,0.190345636687377,interior,0,FALSE,,,,
0.001,-2.69527295275936e-05,0,FALSE,FALSE,"",2667,2667,TRUE,beta,3,1,1,0.190345636687377,interior,0,FALSE,,,,
0.00177827941003892,-3.39266985037423e-05,0,FALSE,FALSE,"",2667,2667,TRUE,beta,3,1,1,0.190345636687377,interior,0,FALSE,,,,
0.00316227766016838,-4.49739105621318e-05,0,FALSE,FALSE,"",2667,2667,TRUE,beta,3,1,1,0.190345636687377,interior,0,FALSE,,,,
0.00562341325190349,-6.08529918035602e-05,0,FALSE,FALSE,"",2667,2667,TRUE,beta,3,1,1,0.190345636687377,interior,0,FALSE,,,,
0.01,-7.94530306047002e-05,0,FALSE,FALSE,"",2667,2667,TRUE,beta,3,1,1,0.190345636687377,interior,0,FALSE,,,,
0.0177827941003892,-9.07049024082667e-05,0,TRUE,FALSE,"",2667,2667,TRUE,beta,3,1,1,0.190345636687377,interior,0,FALSE,,,,
0.0316227766016838,-6.89740282392991e-05,0,FALSE,FALSE,"",2667,2667,TRUE,beta,3,1,1,0.190345636687377,interior,0,FALSE,,,,
0.0562341325190349,3.27896196574037e-05,0,FALSE,FALSE,"",2667,2667,TRUE,beta,3,1,1,0.190345636687377,interior,0,FALSE,,,,
0.1,0.0002753814531612,0,FALSE,FALSE,"",2667,2667,TRUE,beta,3,1,1,0.190345636687377,interior,0,FALSE,,,,
0.177827941003892,0.000690450819059899,0,FALSE,FALSE,"",2667,2667,TRUE,beta,3,1,1,0.190345636687377,interior,0,FALSE,,,,
0.316227766016838,0.00122320885687365,0,FALSE,FALSE,"",2667,2667,TRUE,beta,3,1,1,0.190345636687377,interior,0,FALSE,,,,
0.562341325190349,0.00175435408574255,0,FALSE,FALSE,"",2667,2667,TRUE,beta,3,1,1,0.190345636687377,interior,0,FALSE,,,,
1,0.00219073263634157,0,FALSE,FALSE,"",2667,2667,TRUE,beta,3,1,1,0.190345636687377,interior,0,FALSE,,,,
1e-10,-0.00088923817883987,0,FALSE,FALSE,"",2667,2602,TRUE,beta,3,2,1,0.333346233995467,interior,0,FALSE,,,,
1.77827941003892e-10,-0.000889235881689668,0,FALSE,FALSE,"",2667,2602,TRUE,beta,3,2,1,0.333346233995467,interior,0,FALSE,,,,
3.16227766016838e-10,-0.000889237632158327,0,FALSE,FALSE,"",2667,2602,TRUE,beta,3,2,1,0.333346233995467,interior,0,FALSE,,,,
5.62341325190349e-10,-0.000889235708463664,0,FALSE,FALSE,"",2667,2602,TRUE,beta,3,2,1,0.333346233995467,interior,0,FALSE,,,,
1e-09,-0.000889235957401879,0,FALSE,FALSE,"",2667,2602,TRUE,beta,3,2,1,0.333346233995467,interior,0,FALSE,,,,
1.77827941003892e-09,-0.000889235608834366,0,FALSE,FALSE,"",2667,2602,TRUE,beta,3,2,1,0.333346233995467,interior,0,FALSE,,,,
3.16227766016838e-09,-0.000889235352083161,0,FALSE,FALSE,"",2667,2602,TRUE,beta,3,2,1,0.333346233995467,interior,0,FALSE,,,,
5.62341325190349e-09,-0.000889235370043776,0,FALSE,FALSE,"",2667,2602,TRUE,beta,3,2,1,0.333346233995467,interior,0,FALSE,,,,
1e-08,-0.000889235249281824,0,FALSE,FALSE,"",2667,2602,TRUE,beta,3,2,1,0.333346233995467,interior,0,FALSE,,,,
1.77827941003892e-08,-0.000889235430400213,0,FALSE,FALSE,"",2667,2602,TRUE,beta,3,2,1,0.333346233995467,interior,0,FALSE,,,,
3.16227766016838e-08,-0.000889235515578368,0,FALSE,FALSE,"",2667,2602,TRUE,beta,3,2,1,0.333346233995467,interior,0,FALSE,,,,
5.62341325190349e-08,-0.00088923572226835,0,FALSE,FALSE,"",2667,2602,TRUE,beta,3,2,1,0.333346233995467,interior,0,FALSE,,,,
1e-07,-0.000889236101656779,0,FALSE,FALSE,"",2667,2602,TRUE,beta,3,2,1,0.333346233995467,interior,0,FALSE,,,,
1.77827941003892e-07,-0.000889236739525428,0,FALSE,FALSE,"",2667,2602,TRUE,beta,3,2,1,0.333346233995467,interior,0,FALSE,,,,
3.16227766016838e-07,-0.000889237882557656,0,FALSE,FALSE,"",2667,2602,TRUE,beta,3,2,1,0.333346233995467,interior,0,FALSE,,,,
5.62341325190349e-07,-0.000889239916247065,0,FALSE,FALSE,"",2667,2602,TRUE,beta,3,2,1,0.333346233995467,interior,0,FALSE,,,,
1e-06,-0.000889243534241116,0,FALSE,FALSE,"",2667,2602,TRUE,beta,3,2,1,0.333346233995467,interior,0,FALSE,,,,
1.77827941003892e-06,-0.000889249966583436,0,FALSE,FALSE,"",2667,2602,TRUE,beta,3,2,1,0.333346233995467,interior,0,FALSE,,,,
3.16227766016838e-06,-0.000889261404786086,0,FALSE,FALSE,"",2667,2602,TRUE,beta,3,2,1,0.333346233995467,interior,0,FALSE,,,,
5.62341325190349e-06,-0.000889281741627798,0,FALSE,FALSE,"",2667,2602,TRUE,beta,3,2,1,0.333346233995467,interior,0,FALSE,,,,
1e-05,-0.000889317896751428,0,FALSE,FALSE,"",2667,2602,TRUE,beta,3,2,1,0.333346233995467,interior,0,FALSE,,,,
1.77827941003892e-05,-0.000889382160743175,0,FALSE,FALSE,"",2667,2602,TRUE,beta,3,2,1,0.333346233995467,interior,0,FALSE,,,,
3.16227766016838e-05,-0.000889496344708435,0,FALSE,FALSE,"",2667,2602,TRUE,beta,3,2,1,0.333346233995467,interior,0,FALSE,,,,
5.62341325190349e-05,-0.000889699095846732,0,FALSE,FALSE,"",2667,2602,TRUE,beta,3,2,1,0.333346233995467,interior,0,FALSE,,,,
1e-04,-0.000890058697638299,0,FALSE,FALSE,"",2667,2602,TRUE,beta,3,2,1,0.333346233995467,interior,0,FALSE,,,,
0.000177827941003892,-0.000890695193679655,0,FALSE,FALSE,"",2667,2602,TRUE,beta,3,2,1,0.333346233995467,interior,0,FALSE,,,,
0.000316227766016838,-0.00089181773998791,0,FALSE,FALSE,"",2667,2602,TRUE,beta,3,2,1,0.333346233995467,interior,0,FALSE,,,,
0.000562341325190349,-0.000893784958408397,0,FALSE,FALSE,"",2667,2602,TRUE,beta,3,2,1,0.333346233995467,interior,0,FALSE,,,,
0.001,-0.000897194261837285,0,FALSE,FALSE,"",2667,2602,TRUE,beta,3,2,1,0.333346233995467,interior,0,FALSE,,,,
0.00177827941003892,-0.000902989856932335,0,FALSE,FALSE,"",2667,2602,TRUE,beta,3,2,1,0.333346233995467,interior,0,FALSE,,,,
0.00316227766016838,-0.000912506656497979,0,FALSE,FALSE,"",2667,2602,TRUE,beta,3,2,1,0.333346233995467,interior,0,FALSE,,,,
0.00562341325190349,-0.000927322025688458,0,FALSE,FALSE,"",2667,2602,TRUE,beta,3,2,1,0.333346233995467,interior,0,FALSE,,,,
0.01,-0.000948475566079515,0,FALSE,FALSE,"",2667,2602,TRUE,beta,3,2,1,0.333346233995467,interior,0,FALSE,,,,
0.0177827941003892,-0.000974721519366399,0,FALSE,FALSE,"",2667,2602,TRUE,beta,3,2,1,0.333346233995467,interior,0,FALSE,,,,
0.0316227766016838,-0.00100052919385932,0,FALSE,FALSE,"",2667,2602,TRUE,beta,3,2,1,0.333346233995467,interior,0,FALSE,,,,
0.0562341325190349,-0.0010154176809917,0,TRUE,FALSE,"",2667,2602,TRUE,beta,3,2,1,0.333346233995467,interior,0,FALSE,,,,
0.1,-0.00100634039416775,0,FALSE,FALSE,"",2667,2602,TRUE,beta,3,2,1,0.333346233995467,interior,0,FALSE,,,,
0.177827941003892,-0.000961602295132436,0,FALSE,FALSE,"",2667,2602,TRUE,beta,3,2,1,0.333346233995467,interior,0,FALSE,,,,
0.316227766016838,-0.000873155253206779,0,FALSE,FALSE,"",2667,2602,TRUE,beta,3,2,1,0.333346233995467,interior,0,FALSE,,,,
0.562341325190349,-0.000740647546708318,0,FALSE,FALSE,"",2667,2602,TRUE,beta,3,2,1,0.333346233995467,interior,0,FALSE,,,,
1,-0.000580532489000638,0,FALSE,FALSE,"",2667,2602,TRUE,beta,3,2,1,0.333346233995467,interior,0,FALSE,,,,
1e-10,0.00140204356222599,0,FALSE,FALSE,"",1211,1211,TRUE,adjoint,3,1,1,0.236818999031551,interior,0,FALSE,,,,
1.77827941003892e-10,0.00140204356014095,0,FALSE,FALSE,"",1211,1211,TRUE,adjoint,3,1,1,0.236818999031551,interior,0,FALSE,,,,
3.16227766016838e-10,0.00140204355643316,0,FALSE,FALSE,"",1211,1211,TRUE,adjoint,3,1,1,0.236818999031551,interior,0,FALSE,,,,
5.62341325190349e-10,0.00140204354983968,0,FALSE,FALSE,"",1211,1211,TRUE,adjoint,3,1,1,0.236818999031551,interior,0,FALSE,,,,
1e-09,0.00140204353811463,0,FALSE,FALSE,"",1211,1211,TRUE,adjoint,3,1,1,0.236818999031551,interior,0,FALSE,,,,
1.77827941003892e-09,0.00140204351726423,0,FALSE,FALSE,"",1211,1211,TRUE,adjoint,3,1,1,0.236818999031551,interior,0,FALSE,,,,
3.16227766016838e-09,0.00140204348018645,0,FALSE,FALSE,"",1211,1211,TRUE,adjoint,3,1,1,0.236818999031551,interior,0,FALSE,,,,
5.62341325190349e-09,0.001402043414252,0,FALSE,FALSE,"",1211,1211,TRUE,adjoint,3,1,1,0.236818999031551,interior,0,FALSE,,,,
1e-08,0.00140204329700268,0,FALSE,FALSE,"",1211,1211,TRUE,adjoint,3,1,1,0.236818999031551,interior,0,FALSE,,,,
1.77827941003892e-08,0.00140204308850249,0,FALSE,FALSE,"",1211,1211,TRUE,adjoint,3,1,1,0.236818999031551,interior,0,FALSE,,,,
3.16227766016838e-08,0.00140204271773666,0,FALSE,FALSE,"",1211,1211,TRUE,adjoint,3,1,1,0.236818999031551,interior,0,FALSE,,,,
5.62341325190349e-08,0.00140204205842975,0,FALSE,FALSE,"",1211,1211,TRUE,adjoint,3,1,1,0.236818999031551,interior,0,FALSE,,,,
1e-07,0.00140204088605573,0,FALSE,FALSE,"",1211,1211,TRUE,adjoint,3,1,1,0.236818999031551,interior,0,FALSE,,,,
1.77827941003892e-07,0.00140203880143028,0,FALSE,FALSE,"",1211,1211,TRUE,adjoint,3,1,1,0.236818999031551,interior,0,FALSE,,,,
3.16227766016838e-07,0.0014020350949628,0,FALSE,FALSE,"",1211,1211,TRUE,adjoint,3,1,1,0.236818999031551,interior,0,FALSE,,,,
5.62341325190349e-07,0.00140202850565907,0,FALSE,FALSE,"",1211,1211,TRUE,adjoint,3,1,1,0.236818999031551,interior,0,FALSE,,,,
1e-06,0.00140201679382618,0,FALSE,FALSE,"",1211,1211,TRUE,adjoint,3,1,1,0.236818999031551,interior,0,FALSE,,,,
1.77827941003892e-06,0.00140199598522417,0,FALSE,FALSE,"",1211,1211,TRUE,adjoint,3,1,1,0.236818999031551,interior,0,FALSE,,,,
3.16227766016838e-06,0.00140195903960926,0,FALSE,FALSE,"",1211,1211,TRUE,adjoint,3,1,1,0.236818999031551,interior,0,FALSE,,,,
5.62341325190349e-06,0.00140189352302813,0,FALSE,FALSE,"",1211,1211,TRUE,adjoint,3,1,1,0.236818999031551,interior,0,FALSE,,,,
1e-05,0.0014017775949079,0,FALSE,FALSE,"",1211,1211,TRUE,adjoint,3,1,1,0.236818999031551,interior,0,FALSE,,,,
1.77827941003892e-05,0.00140157327125548,0,FALSE,FALSE,"",1211,1211,TRUE,adjoint,3,1,1,0.236818999031551,interior,0,FALSE,,,,
3.16227766016838e-05,0.0014012157048727,0,FALSE,FALSE,"",1211,1211,TRUE,adjoint,3,1,1,0.236818999031551,interior,0,FALSE,,,,
5.62341325190349e-05,0.00140059809351229,0,FALSE,FALSE,"",1211,1211,TRUE,adjoint,3,1,1,0.236818999031551,interior,0,FALSE,,,,
1e-04,0.00139955732137776,0,FALSE,FALSE,"",1211,1211,TRUE,adjoint,3,1,1,0.236818999031551,interior,0,FALSE,,,,
0.000177827941003892,0.0013978874511028,0,FALSE,FALSE,"",1211,1211,TRUE,adjoint,3,1,1,0.236818999031551,interior,0,FALSE,,,,
0.000316227766016838,0.00139548469778913,0,FALSE,FALSE,"",1211,1211,TRUE,adjoint,3,1,1,0.236818999031551,interior,0,FALSE,,,,
0.000562341325190349,0.00139297443544422,0,TRUE,FALSE,"",1211,1211,TRUE,adjoint,3,1,1,0.236818999031551,interior,0,FALSE,,,,
0.001,0.00139392117670537,0,FALSE,FALSE,"",1211,1211,TRUE,adjoint,3,1,1,0.236818999031551,interior,0,FALSE,,,,
0.00177827941003892,0.00141183871142979,0,FALSE,FALSE,"",1211,1211,TRUE,adjoint,3,1,1,0.236818999031551,interior,0,FALSE,,,,
0.00316227766016838,0.00149047696972704,0,FALSE,FALSE,"",1211,1211,TRUE,adjoint,3,1,1,0.236818999031551,interior,0,FALSE,,,,
0.00562341325190349,0.00175580521575656,0,FALSE,FALSE,"",1211,1211,TRUE,adjoint,3,1,1,0.236818999031551,interior,0,FALSE,,,,
0.01,0.00252413357042,0,FALSE,FALSE,"",1211,1211,TRUE,adjoint,3,1,1,0.236818999031551,interior,0,FALSE,,,,
0.0177827941003892,0.00444407286462464,0,FALSE,FALSE,"",1211,1211,TRUE,adjoint,3,1,1,0.236818999031551,interior,0,FALSE,,,,
0.0316227766016838,0.00846408518693041,0,FALSE,FALSE,"",1211,1211,TRUE,adjoint,3,1,1,0.236818999031551,interior,0,FALSE,,,,
0.0562341325190349,0.0152525807470173,0,FALSE,FALSE,"",1211,1211,TRUE,adjoint,3,1,1,0.236818999031551,interior,0,FALSE,,,,
0.1,0.0242718058748837,0,FALSE,FALSE,"",1211,1211,TRUE,adjoint,3,1,1,0.236818999031551,interior,0,FALSE,,,,
0.177827941003892,0.0337385723382971,0,FALSE,FALSE,"",1211,1211,TRUE,adjoint,3,1,1,0.236818999031551,interior,0,FALSE,,,,
0.316227766016838,0.0418539296161693,0,FALSE,FALSE,"",1211,1211,TRUE,adjoint,3,1,1,0.236818999031551,interior,0,FALSE,,,,
0.562341325190349,0.0478204349946565,0,FALSE,FALSE,"",1211,1211,TRUE,adjoint,3,1,1,0.236818999031551,interior,0,FALSE,,,,
1,0.0517690479089006,0,FALSE,FALSE,"",1211,1211,TRUE,adjoint,3,1,1,0.236818999031551,interior,0,FALSE,,,,
1e-13,-0.00604019655168665,3,FALSE,FALSE,"",1230,1154,TRUE,adjoint,3,2,1,0.400189855556231,interior_after_extension,3,FALSE,,,,
1.77827941003892e-13,-0.00604020651643184,3,TRUE,FALSE,"",1230,1154,TRUE,adjoint,3,2,1,0.400189855556231,interior_after_extension,3,FALSE,,,,
3.16227766016838e-13,-0.00604020404818283,3,FALSE,FALSE,"",1230,1154,TRUE,adjoint,3,2,1,0.400189855556231,interior_after_extension,3,FALSE,,,,
5.62341325190349e-13,-0.00604020429008523,3,FALSE,FALSE,"",1230,1154,TRUE,adjoint,3,2,1,0.400189855556231,interior_after_extension,3,FALSE,,,,
1e-12,-0.00604020001282576,2,FALSE,FALSE,"",1230,1154,TRUE,adjoint,3,2,1,0.400189855556231,interior_after_extension,3,FALSE,,,,
1.77827941003892e-12,-0.00604019613144911,2,FALSE,FALSE,"",1230,1154,TRUE,adjoint,3,2,1,0.400189855556231,interior_after_extension,3,FALSE,,,,
3.16227766016838e-12,-0.00604018839578136,2,FALSE,FALSE,"",1230,1154,TRUE,adjoint,3,2,1,0.400189855556231,interior_after_extension,3,FALSE,,,,
5.62341325190349e-12,-0.00604017338470921,2,FALSE,FALSE,"",1230,1154,TRUE,adjoint,3,2,1,0.400189855556231,interior_after_extension,3,FALSE,,,,
1e-11,-0.00604014709274578,1,FALSE,FALSE,"",1230,1154,TRUE,adjoint,3,2,1,0.400189855556231,interior_after_extension,3,FALSE,,,,
1.77827941003892e-11,-0.00604010080534526,1,FALSE,FALSE,"",1230,1154,TRUE,adjoint,3,2,1,0.400189855556231,interior_after_extension,3,FALSE,,,,
3.16227766016838e-11,-0.00604001823936823,1,FALSE,FALSE,"",1230,1154,TRUE,adjoint,3,2,1,0.400189855556231,interior_after_extension,3,FALSE,,,,
5.62341325190349e-11,-0.00603987137806596,1,FALSE,FALSE,"",1230,1154,TRUE,adjoint,3,2,1,0.400189855556231,interior_after_extension,3,FALSE,,,,
1e-10,-0.00603961034850281,0,FALSE,FALSE,"",1230,1154,TRUE,adjoint,3,2,1,0.400189855556231,interior_after_extension,3,FALSE,,,,
1.77827941003892e-10,-0.00603914635553404,0,FALSE,FALSE,"",1230,1154,TRUE,adjoint,3,2,1,0.400189855556231,interior_after_extension,3,FALSE,,,,
3.16227766016838e-10,-0.00603832205630349,0,FALSE,FALSE,"",1230,1154,TRUE,adjoint,3,2,1,0.400189855556231,interior_after_extension,3,FALSE,,,,
5.62341325190349e-10,-0.00603685865749774,0,FALSE,FALSE,"",1230,1154,TRUE,adjoint,3,2,1,0.400189855556231,interior_after_extension,3,FALSE,,,,
1e-09,-0.00603426402075275,0,FALSE,FALSE,"",1230,1154,TRUE,adjoint,3,2,1,0.400189855556231,interior_after_extension,3,FALSE,,,,
1.77827941003892e-09,-0.00602967423939685,0,FALSE,FALSE,"",1230,1154,TRUE,adjoint,3,2,1,0.400189855556231,interior_after_extension,3,FALSE,,,,
3.16227766016838e-09,-0.00602158813944852,0,FALSE,FALSE,"",1230,1154,TRUE,adjoint,3,2,1,0.400189855556231,interior_after_extension,3,FALSE,,,,
5.62341325190349e-09,-0.00600744438218291,0,FALSE,FALSE,"",1230,1154,TRUE,adjoint,3,2,1,0.400189855556231,interior_after_extension,3,FALSE,,,,
1e-08,-0.00598301520152979,0,FALSE,FALSE,"",1230,1154,TRUE,adjoint,3,2,1,0.400189855556231,interior_after_extension,3,FALSE,,,,
1.77827941003892e-08,-0.00594173730359124,0,FALSE,FALSE,"",1230,1154,TRUE,adjoint,3,2,1,0.400189855556231,interior_after_extension,3,FALSE,,,,
3.16227766016838e-08,-0.00587456235431958,0,FALSE,FALSE,"",1230,1154,TRUE,adjoint,3,2,1,0.400189855556231,interior_after_extension,3,FALSE,,,,
5.62341325190349e-08,-0.00577187402983199,0,FALSE,FALSE,"",1230,1154,TRUE,adjoint,3,2,1,0.400189855556231,interior_after_extension,3,FALSE,,,,
1e-07,-0.00562979736957518,0,FALSE,FALSE,"",1230,1154,TRUE,adjoint,3,2,1,0.400189855556231,interior_after_extension,3,FALSE,,,,
1.77827941003892e-07,-0.0054603912139914,0,FALSE,FALSE,"",1230,1154,TRUE,adjoint,3,2,1,0.400189855556231,interior_after_extension,3,FALSE,,,,
3.16227766016838e-07,-0.00529540563378166,0,FALSE,FALSE,"",1230,1154,TRUE,adjoint,3,2,1,0.400189855556231,interior_after_extension,3,FALSE,,,,
5.62341325190349e-07,-0.00516977090548387,0,FALSE,FALSE,"",1230,1154,TRUE,adjoint,3,2,1,0.400189855556231,interior_after_extension,3,FALSE,,,,
1e-06,-0.00509642609065218,0,FALSE,FALSE,"",1230,1154,TRUE,adjoint,3,2,1,0.400189855556231,interior_after_extension,3,FALSE,,,,
1.77827941003892e-06,-0.00506332337926996,0,FALSE,FALSE,"",1230,1154,TRUE,adjoint,3,2,1,0.400189855556231,interior_after_extension,3,FALSE,,,,
3.16227766016838e-06,-0.00505104799898556,0,FALSE,FALSE,"",1230,1154,TRUE,adjoint,3,2,1,0.400189855556231,interior_after_extension,3,FALSE,,,,
5.62341325190349e-06,-0.00504544562841049,0,FALSE,FALSE,"",1230,1154,TRUE,adjoint,3,2,1,0.400189855556231,interior_after_extension,3,FALSE,,,,
1e-05,-0.00503759385021229,0,FALSE,FALSE,"",1230,1154,TRUE,adjoint,3,2,1,0.400189855556231,interior_after_extension,3,FALSE,,,,
1.77827941003892e-05,-0.00501740722777925,0,FALSE,FALSE,"",1230,1154,TRUE,adjoint,3,2,1,0.400189855556231,interior_after_extension,3,FALSE,,,,
3.16227766016838e-05,-0.00496719607044726,0,FALSE,FALSE,"",1230,1154,TRUE,adjoint,3,2,1,0.400189855556231,interior_after_extension,3,FALSE,,,,
5.62341325190349e-05,-0.00486261644896544,0,FALSE,FALSE,"",1230,1154,TRUE,adjoint,3,2,1,0.400189855556231,interior_after_extension,3,FALSE,,,,
1e-04,-0.00468023579141769,0,FALSE,FALSE,"",1230,1154,TRUE,adjoint,3,2,1,0.400189855556231,interior_after_extension,3,FALSE,,,,
0.000177827941003892,-0.00439242434637114,0,FALSE,FALSE,"",1230,1154,TRUE,adjoint,3,2,1,0.400189855556231,interior_after_extension,3,FALSE,,,,
0.000316227766016838,-0.00394254289910072,0,FALSE,FALSE,"",1230,1154,TRUE,adjoint,3,2,1,0.400189855556231,interior_after_extension,3,FALSE,,,,
0.000562341325190349,-0.00322558418993009,0,FALSE,FALSE,"",1230,1154,TRUE,adjoint,3,2,1,0.400189855556231,interior_after_extension,3,FALSE,,,,
0.001,-0.00210505407693918,0,FALSE,FALSE,"",1230,1154,TRUE,adjoint,3,2,1,0.400189855556231,interior_after_extension,3,FALSE,,,,
0.00177827941003892,-0.000479859187945684,0,FALSE,FALSE,"",1230,1154,TRUE,adjoint,3,2,1,0.400189855556231,interior_after_extension,3,FALSE,,,,
0.00316227766016838,0.0016372753796961,0,FALSE,FALSE,"",1230,1154,TRUE,adjoint,3,2,1,0.400189855556231,interior_after_extension,3,FALSE,,,,
0.00562341325190349,0.0041260769319278,0,FALSE,FALSE,"",1230,1154,TRUE,adjoint,3,2,1,0.400189855556231,interior_after_extension,3,FALSE,,,,
0.01,0.00687423251439386,0,FALSE,FALSE,"",1230,1154,TRUE,adjoint,3,2,1,0.400189855556231,interior_after_extension,3,FALSE,,,,
0.0177827941003892,0.00987947225124302,0,FALSE,FALSE,"",1230,1154,TRUE,adjoint,3,2,1,0.400189855556231,interior_after_extension,3,FALSE,,,,
0.0316227766016838,0.0132231776465549,0,FALSE,FALSE,"",1230,1154,TRUE,adjoint,3,2,1,0.400189855556231,interior_after_extension,3,FALSE,,,,
0.0562341325190349,0.016913853498563,0,FALSE,FALSE,"",1230,1154,TRUE,adjoint,3,2,1,0.400189855556231,interior_after_extension,3,FALSE,,,,
0.1,0.0207188917452339,0,FALSE,FALSE,"",1230,1154,TRUE,adjoint,3,2,1,0.400189855556231,interior_after_extension,3,FALSE,,,,
0.177827941003892,0.0242017320325847,0,FALSE,FALSE,"",1230,1154,TRUE,adjoint,3,2,1,0.400189855556231,interior_after_extension,3,FALSE,,,,
0.316227766016838,0.0269899220074132,0,FALSE,FALSE,"",1230,1154,TRUE,adjoint,3,2,1,0.400189855556231,interior_after_extension,3,FALSE,,,,
0.562341325190349,0.0289742602862815,0,FALSE,FALSE,"",1230,1154,TRUE,adjoint,3,2,1,0.400189855556231,interior_after_extension,3,FALSE,,,,
1,0.0302677106759411,0,FALSE,FALSE,"",1230,1154,TRUE,adjoint,3,2,1,0.400189855556231,interior_after_extension,3,FALSE,,,,
1e-15,0.437566114804606,10,FALSE,FALSE,"",,,,ratio,3,1,1,0.999516387558483,interior_after_extension,10,FALSE,,,,
1.77827941003892e-15,0.437566114968584,10,FALSE,FALSE,"",,,,ratio,3,1,1,0.999516387558483,interior_after_extension,10,FALSE,,,,
3.16227766016838e-15,0.437566115132611,10,FALSE,FALSE,"",,,,ratio,3,1,1,0.999516387558483,interior_after_extension,10,FALSE,,,,
5.62341325190349e-15,0.437566115296664,10,FALSE,FALSE,"",,,,ratio,3,1,1,0.999516387558483,interior_after_extension,10,FALSE,,,,
1e-14,0.437566114804605,9,TRUE,FALSE,"",,,,ratio,3,1,1,0.999516387558483,interior_after_extension,10,FALSE,,,,
1.77827941003892e-14,0.437566114968588,9,FALSE,FALSE,"",,,,ratio,3,1,1,0.999516387558483,interior_after_extension,10,FALSE,,,,
3.16227766016838e-14,0.437566115132609,9,FALSE,FALSE,"",,,,ratio,3,1,1,0.999516387558483,interior_after_extension,10,FALSE,,,,
5.62341325190349e-14,0.43756611529667,9,FALSE,FALSE,"",,,,ratio,3,1,1,0.999516387558483,interior_after_extension,10,FALSE,,,,
1e-13,0.437566114804626,8,FALSE,FALSE,"",,,,ratio,3,1,1,0.999516387558483,interior_after_extension,10,FALSE,,,,
1.77827941003892e-13,0.437566114968608,8,FALSE,FALSE,"",,,,ratio,3,1,1,0.999516387558483,interior_after_extension,10,FALSE,,,,
3.16227766016838e-13,0.437566115132625,8,FALSE,FALSE,"",,,,ratio,3,1,1,0.999516387558483,interior_after_extension,10,FALSE,,,,
5.62341325190349e-13,0.437566115296687,8,FALSE,FALSE,"",,,,ratio,3,1,1,0.999516387558483,interior_after_extension,10,FALSE,,,,
1e-12,0.437566114804827,7,FALSE,FALSE,"",,,,ratio,3,1,1,0.999516387558483,interior_after_extension,10,FALSE,,,,
1.77827941003892e-12,0.437566114968801,7,FALSE,FALSE,"",,,,ratio,3,1,1,0.999516387558483,interior_after_extension,10,FALSE,,,,
3.16227766016838e-12,0.437566115132828,7,FALSE,FALSE,"",,,,ratio,3,1,1,0.999516387558483,interior_after_extension,10,FALSE,,,,
5.62341325190349e-12,0.437566115296881,7,FALSE,FALSE,"",,,,ratio,3,1,1,0.999516387558483,interior_after_extension,10,FALSE,,,,
1e-11,0.437566114806801,6,FALSE,FALSE,"",,,,ratio,3,1,1,0.999516387558483,interior_after_extension,10,FALSE,,,,
1.77827941003892e-11,0.437566114970781,6,FALSE,FALSE,"",,,,ratio,3,1,1,0.999516387558483,interior_after_extension,10,FALSE,,,,
3.16227766016838e-11,0.437566115134796,6,FALSE,FALSE,"",,,,ratio,3,1,1,0.999516387558483,interior_after_extension,10,FALSE,,,,
5.62341325190349e-11,0.437566115298844,6,FALSE,FALSE,"",,,,ratio,3,1,1,0.999516387558483,interior_after_extension,10,FALSE,,,,
1e-10,0.437566114826578,5,FALSE,FALSE,"",,,,ratio,3,1,1,0.999516387558483,interior_after_extension,10,FALSE,,,,
1.77827941003892e-10,0.437566114990542,5,FALSE,FALSE,"",,,,ratio,3,1,1,0.999516387558483,interior_after_extension,10,FALSE,,,,
3.16227766016838e-10,0.437566115154539,5,FALSE,FALSE,"",,,,ratio,3,1,1,0.999516387558483,interior_after_extension,10,FALSE,,,,
5.62341325190349e-10,0.437566115318554,5,FALSE,FALSE,"",,,,ratio,3,1,1,0.999516387558483,interior_after_extension,10,FALSE,,,,
1e-09,0.437566115241758,4,FALSE,FALSE,"",,,,ratio,3,1,1,0.999516387558483,interior_after_extension,10,FALSE,,,,
1.77827941003892e-09,0.437566115405655,4,FALSE,FALSE,"",,,,ratio,3,1,1,0.999516387558483,interior_after_extension,10,FALSE,,,,
3.16227766016838e-09,0.437566115569472,4,FALSE,FALSE,"",,,,ratio,3,1,1,0.999516387558483,interior_after_extension,10,FALSE,,,,
5.62341325190349e-09,0.437566115733118,4,FALSE,FALSE,"",,,,ratio,3,1,1,0.999516387558483,interior_after_extension,10,FALSE,,,,
1e-08,0.437566117102626,3,FALSE,FALSE,"",,,,ratio,3,1,1,0.999516387558483,interior_after_extension,10,FALSE,,,,
1.77827941003892e-08,0.437566117265431,3,FALSE,FALSE,"",,,,ratio,3,1,1,0.999516387558483,interior_after_extension,10,FALSE,,,,
3.16227766016838e-08,0.437566118249259,3,FALSE,FALSE,"",,,,ratio,3,1,1,0.999516387558483,interior_after_extension,10,FALSE,,,,
5.62341325190349e-08,0.437566119945721,3,FALSE,FALSE,"",,,,ratio,3,1,1,0.999516387558483,interior_after_extension,10,FALSE,,,,
1e-07,0.437566130017034,2,FALSE,FALSE,"",,,,ratio,3,1,1,0.999516387558483,interior_after_extension,10,FALSE,,,,
1.77827941003892e-07,0.437566135429248,2,FALSE,FALSE,"",,,,ratio,3,1,1,0.999516387558483,interior_after_extension,10,FALSE,,,,
3.16227766016838e-07,0.437566145184555,2,FALSE,FALSE,"",,,,ratio,3,1,1,0.999516387558483,interior_after_extension,10,FALSE,,,,
5.62341325190349e-07,0.437566162239363,2,FALSE,FALSE,"",,,,ratio,3,1,1,0.999516387558483,interior_after_extension,10,FALSE,,,,
1e-06,0.437566228733631,1,FALSE,FALSE,"",,,,ratio,3,1,1,0.999516387558483,interior_after_extension,10,FALSE,,,,
1.77827941003892e-06,0.437566292666267,1,FALSE,FALSE,"",,,,ratio,3,1,1,0.999516387558483,interior_after_extension,10,FALSE,,,,
3.16227766016838e-06,0.437566405642685,1,FALSE,FALSE,"",,,,ratio,3,1,1,0.999516387558483,interior_after_extension,10,FALSE,,,,
5.62341325190349e-06,0.437566600724687,1,FALSE,FALSE,"",,,,ratio,3,1,1,0.999516387558483,interior_after_extension,10,FALSE,,,,
1e-05,0.437566984544876,0,FALSE,FALSE,"",,,,ratio,3,1,1,0.999516387558483,interior_after_extension,10,FALSE,,,,
1.77827941003892e-05,0.437567675409368,0,FALSE,FALSE,"",,,,ratio,3,1,1,0.999516387558483,interior_after_extension,10,FALSE,,,,
3.16227766016838e-05,0.437568972395658,0,FALSE,FALSE,"",,,,ratio,3,1,1,0.999516387558483,interior_after_extension,10,FALSE,,,,
5.62341325190349e-05,0.437571298428124,0,FALSE,FALSE,"",,,,ratio,3,1,1,0.999516387558483,interior_after_extension,10,FALSE,,,,
1e-04,0.437575393347619,0,FALSE,FALSE,"",,,,ratio,3,1,1,0.999516387558483,interior_after_extension,10,FALSE,,,,
0.000177827941003892,0.437582718352668,0,FALSE,FALSE,"",,,,ratio,3,1,1,0.999516387558483,interior_after_extension,10,FALSE,,,,
0.000316227766016838,0.437595868582173,0,FALSE,FALSE,"",,,,ratio,3,1,1,0.999516387558483,interior_after_extension,10,FALSE,,,,
0.000562341325190349,0.437619330429528,0,FALSE,FALSE,"",,,,ratio,3,1,1,0.999516387558483,interior_after_extension,10,FALSE,,,,
0.001,0.437661041559289,0,FALSE,FALSE,"",,,,ratio,3,1,1,0.999516387558483,interior_after_extension,10,FALSE,,,,
0.00177827941003892,0.437735109144186,0,FALSE,FALSE,"",,,,ratio,3,1,1,0.999516387558483,interior_after_extension,10,FALSE,,,,
0.00316227766016838,0.437866942059349,0,FALSE,FALSE,"",,,,ratio,3,1,1,0.999516387558483,interior_after_extension,10,FALSE,,,,
0.00562341325190349,0.438101940224567,0,FALSE,FALSE,"",,,,ratio,3,1,1,0.999516387558483,interior_after_extension,10,FALSE,,,,
0.01,0.43852138089521,0,FALSE,FALSE,"",,,,ratio,3,1,1,0.999516387558483,interior_after_extension,10,FALSE,,,,
0.0177827941003892,0.439271722476697,0,FALSE,FALSE,"",,,,ratio,3,1,1,0.999516387558483,interior_after_extension,10,FALSE,,,,
0.0316227766016838,0.440620143709788,0,FALSE,FALSE,"",,,,ratio,3,1,1,0.999516387558483,interior_after_extension,10,FALSE,,,,
0.0562341325190349,0.443062366696089,0,FALSE,FALSE,"",,,,ratio,3,1,1,0.999516387558483,interior_after_extension,10,FALSE,,,,
0.1,0.447544701317573,0,FALSE,FALSE,"",,,,ratio,3,1,1,0.999516387558483,interior_after_extension,10,FALSE,,,,
0.177827941003892,0.455955326747084,0,FALSE,FALSE,"",,,,ratio,3,1,1,0.999516387558483,interior_after_extension,10,FALSE,,,,
0.316227766016838,0.472304761308744,0,FALSE,FALSE,"",,,,ratio,3,1,1,0.999516387558483,interior_after_extension,10,FALSE,,,,
0.562341325190349,0.505864915202229,0,FALSE,FALSE,"",,,,ratio,3,1,1,0.999516387558483,interior_after_extension,10,FALSE,,,,
1,0.580909742537026,0,FALSE,FALSE,"",,,,ratio,3,1,1,0.999516387558483,interior_after_extension,10,FALSE,,,,
1e-05,0.604794881749246,0,FALSE,FALSE,"",,,,ratio,3,2,1,1,interior,0,FALSE,,,,
1.77827941003892e-05,0.60328091207789,0,FALSE,FALSE,"",,,,ratio,3,2,1,1,interior,0,FALSE,,,,
3.16227766016838e-05,0.601782500623555,0,FALSE,FALSE,"",,,,ratio,3,2,1,1,interior,0,FALSE,,,,
5.62341325190349e-05,0.60030256740836,0,FALSE,FALSE,"",,,,ratio,3,2,1,1,interior,0,FALSE,,,,
1e-04,0.598851271287062,0,FALSE,FALSE,"",,,,ratio,3,2,1,1,interior,0,FALSE,,,,
0.000177827941003892,0.597449011762852,0,FALSE,FALSE,"",,,,ratio,3,2,1,1,interior,0,FALSE,,,,
0.000316227766016838,0.596134998602542,0,FALSE,FALSE,"",,,,ratio,3,2,1,1,interior,0,FALSE,,,,
0.000562341325190349,0.594979841878517,0,FALSE,FALSE,"",,,,ratio,3,2,1,1,interior,0,FALSE,,,,
0.001,0.594117673908549,0,FALSE,FALSE,"",,,,ratio,3,2,1,1,interior,0,FALSE,,,,
0.00177827941003892,0.593811638929703,0,TRUE,FALSE,"",,,,ratio,3,2,1,1,interior,0,FALSE,,,,
0.00316227766016838,0.594615393437592,0,FALSE,FALSE,"",,,,ratio,3,2,1,1,interior,0,FALSE,,,,
0.00562341325190349,0.597869246818875,0,FALSE,FALSE,"",,,,ratio,3,2,1,1,interior,0,FALSE,,,,
0.01,0.603448823048097,0,FALSE,FALSE,"",,,,ratio,3,2,1,1,interior,0,FALSE,,,,
0.0177827941003892,0.614220870632779,0,FALSE,FALSE,"",,,,ratio,3,2,1,1,interior,0,FALSE,,,,
0.0316227766016838,0.630541094727682,0,FALSE,FALSE,"",,,,ratio,3,2,1,1,interior,0,FALSE,,,,
0.0562341325190349,0.651030989162564,0,FALSE,FALSE,"",,,,ratio,3,2,1,1,interior,0,FALSE,,,,
0.1,0.674010213642541,0,FALSE,FALSE,"",,,,ratio,3,2,1,1,interior,0,FALSE,,,,
0.177827941003892,0.692126864844323,0,FALSE,FALSE,"",,,,ratio,3,2,1,1,interior,0,FALSE,,,,
0.316227766016838,0.693147180559914,0,FALSE,FALSE,"",,,,ratio,3,2,1,1,interior,0,FALSE,,,,
0.562341325190349,0.693147180559914,0,FALSE,FALSE,"",,,,ratio,3,2,1,1,interior,0,FALSE,,,,
1,0.693147180559914,0,FALSE,FALSE,"",,,,ratio,3,2,1,1,interior,0,FALSE,,,,
1e-05,2.33422601352015e-05,0,FALSE,FALSE,"",,,,regression,1,1,1,0.178985599547181,interior,0,,TRUE,TRUE,TRUE,sdr
1.77827941003892e-05,2.32919465539472e-05,0,FALSE,FALSE,"",,,,regression,1,1,1,0.178985599547181,interior,0,,TRUE,TRUE,TRUE,sdr
3.16227766016838e-05,2.32240671870431e-05,0,FALSE,FALSE,"",,,,regression,1,1,1,0.178985599547181,interior,0,,TRUE,TRUE,TRUE,sdr
5.62341325190349e-05,2.31441835844141e-05,0,FALSE,FALSE,"",,,,regression,1,1,1,0.178985599547181,interior,0,,TRUE,TRUE,TRUE,sdr
1e-04,2.30802546740873e-05,0,FALSE,FALSE,"",,,,regression,1,1,1,0.178985599547181,interior,0,,TRUE,TRUE,TRUE,sdr
0.000177827941003892,2.30665883642798e-05,0,TRUE,FALSE,"",,,,regression,1,1,1,0.178985599547181,interior,0,,TRUE,TRUE,TRUE,sdr
0.000316227766016838,2.31350767043518e-05,0,FALSE,FALSE,"",,,,regression,1,1,1,0.178985599547181,interior,0,,TRUE,TRUE,TRUE,sdr
0.000562341325190349,2.33230042584141e-05,0,FALSE,FALSE,"",,,,regression,1,1,1,0.178985599547181,interior,0,,TRUE,TRUE,TRUE,sdr
0.001,2.36025328276639e-05,0,FALSE,FALSE,"",,,,regression,1,1,1,0.178985599547181,interior,0,,TRUE,TRUE,TRUE,sdr
0.00177827941003892,2.41066419708798e-05,0,FALSE,FALSE,"",,,,regression,1,1,1,0.178985599547181,interior,0,,TRUE,TRUE,TRUE,sdr
0.00316227766016838,2.54311820707344e-05,0,FALSE,FALSE,"",,,,regression,1,1,1,0.178985599547181,interior,0,,TRUE,TRUE,TRUE,sdr
0.00562341325190349,2.63997653644475e-05,0,FALSE,FALSE,"",,,,regression,1,1,1,0.178985599547181,interior,0,,TRUE,TRUE,TRUE,sdr
0.01,2.6416892927783e-05,0,FALSE,FALSE,"",,,,regression,1,1,1,0.178985599547181,interior,0,,TRUE,TRUE,TRUE,sdr
0.0177827941003892,2.6416892927783e-05,0,FALSE,FALSE,"",,,,regression,1,1,1,0.178985599547181,interior,0,,TRUE,TRUE,TRUE,sdr
0.0316227766016838,2.6416892927783e-05,0,FALSE,FALSE,"",,,,regression,1,1,1,0.178985599547181,interior,0,,TRUE,TRUE,TRUE,sdr
0.0562341325190349,2.6416892927783e-05,0,FALSE,FALSE,"",,,,regression,1,1,1,0.178985599547181,interior,0,,TRUE,TRUE,TRUE,sdr
0.1,2.6416892927783e-05,0,FALSE,FALSE,"",,,,regression,1,1,1,0.178985599547181,interior,0,,TRUE,TRUE,TRUE,sdr
0.177827941003892,2.6416892927783e-05,0,FALSE,FALSE,"",,,,regression,1,1,1,0.178985599547181,interior,0,,TRUE,TRUE,TRUE,sdr
0.316227766016838,2.6416892927783e-05,0,FALSE,FALSE,"",,,,regression,1,1,1,0.178985599547181,interior,0,,TRUE,TRUE,TRUE,sdr
0.562341325190349,2.6416892927783e-05,0,FALSE,FALSE,"",,,,regression,1,1,1,0.178985599547181,interior,0,,TRUE,TRUE,TRUE,sdr
1,2.6416892927783e-05,0,FALSE,FALSE,"",,,,regression,1,1,1,0.178985599547181,interior,0,,TRUE,TRUE,TRUE,sdr
1e-11,8.23083407607006e-05,6,FALSE,FALSE,"",,,,regression,1,2,1,0,interior_after_extension,6,,TRUE,TRUE,TRUE,sdr
1.77827941003892e-11,8.23083407612676e-05,6,FALSE,FALSE,"",,,,regression,1,2,1,0,interior_after_extension,6,,TRUE,TRUE,TRUE,sdr
3.16227766016838e-11,8.23083407553608e-05,6,TRUE,FALSE,"",,,,regression,1,2,1,0,interior_after_extension,6,,TRUE,TRUE,TRUE,sdr
5.62341325190349e-11,8.23083410303326e-05,6,FALSE,FALSE,"",,,,regression,1,2,1,0,interior_after_extension,6,,TRUE,TRUE,TRUE,sdr
1e-10,8.23083407648018e-05,5,FALSE,FALSE,"",,,,regression,1,2,1,0,interior_after_extension,6,,TRUE,TRUE,TRUE,sdr
1.77827941003892e-10,8.23083407685607e-05,5,FALSE,FALSE,"",,,,regression,1,2,1,0,interior_after_extension,6,,TRUE,TRUE,TRUE,sdr
3.16227766016838e-10,8.23083407683321e-05,5,FALSE,FALSE,"",,,,regression,1,2,1,0,interior_after_extension,6,,TRUE,TRUE,TRUE,sdr
5.62341325190349e-10,8.23083410530365e-05,5,FALSE,FALSE,"",,,,regression,1,2,1,0,interior_after_extension,6,,TRUE,TRUE,TRUE,sdr
1e-09,8.23083408058146e-05,4,FALSE,FALSE,"",,,,regression,1,2,1,0,interior_after_extension,6,,TRUE,TRUE,TRUE,sdr
1.77827941003892e-09,8.23083408414911e-05,4,FALSE,FALSE,"",,,,regression,1,2,1,0,interior_after_extension,6,,TRUE,TRUE,TRUE,sdr
3.16227766016838e-09,8.23083408980462e-05,4,FALSE,FALSE,"",,,,regression,1,2,1,0,interior_after_extension,6,,TRUE,TRUE,TRUE,sdr
5.62341325190349e-09,8.23083412800772e-05,4,FALSE,FALSE,"",,,,regression,1,2,1,0,interior_after_extension,6,,TRUE,TRUE,TRUE,sdr
1e-08,8.23083412159481e-05,3,FALSE,FALSE,"",,,,regression,1,2,1,0,interior_after_extension,6,,TRUE,TRUE,TRUE,sdr
1.77827941003892e-08,8.2308341570807e-05,3,FALSE,FALSE,"",,,,regression,1,2,1,0,interior_after_extension,6,,TRUE,TRUE,TRUE,sdr
3.16227766016838e-08,8.23083421952182e-05,3,FALSE,FALSE,"",,,,regression,1,2,1,0,interior_after_extension,6,,TRUE,TRUE,TRUE,sdr
5.62341325190349e-08,8.23083435505859e-05,3,FALSE,FALSE,"",,,,regression,1,2,1,0,interior_after_extension,6,,TRUE,TRUE,TRUE,sdr
1e-07,8.23083453176036e-05,2,FALSE,FALSE,"",,,,regression,1,2,1,0,interior_after_extension,6,,TRUE,TRUE,TRUE,sdr
1.77827941003892e-07,8.23083488649906e-05,2,FALSE,FALSE,"",,,,regression,1,2,1,0,interior_after_extension,6,,TRUE,TRUE,TRUE,sdr
3.16227766016838e-07,8.23083551701736e-05,2,FALSE,FALSE,"",,,,regression,1,2,1,0,interior_after_extension,6,,TRUE,TRUE,TRUE,sdr
5.62341325190349e-07,8.23083662660804e-05,2,FALSE,FALSE,"",,,,regression,1,2,1,0,interior_after_extension,6,,TRUE,TRUE,TRUE,sdr
1e-06,8.23083855266022e-05,1,FALSE,FALSE,"",,,,regression,1,2,1,0,interior_after_extension,6,,TRUE,TRUE,TRUE,sdr
1.77827941003892e-06,8.2308420418121e-05,1,FALSE,FALSE,"",,,,regression,1,2,1,0,interior_after_extension,6,,TRUE,TRUE,TRUE,sdr
3.16227766016838e-06,8.23084824520089e-05,1,FALSE,FALSE,"",,,,regression,1,2,1,0,interior_after_extension,6,,TRUE,TRUE,TRUE,sdr
5.62341325190349e-06,8.23085944615249e-05,1,FALSE,FALSE,"",,,,regression,1,2,1,0,interior_after_extension,6,,TRUE,TRUE,TRUE,sdr
1e-05,8.23087930225298e-05,0,FALSE,FALSE,"",,,,regression,1,2,1,0,interior_after_extension,6,,TRUE,TRUE,TRUE,sdr
1.77827941003892e-05,8.23091501203275e-05,0,FALSE,FALSE,"",,,,regression,1,2,1,0,interior_after_extension,6,,TRUE,TRUE,TRUE,sdr
3.16227766016838e-05,8.23097961922019e-05,0,FALSE,FALSE,"",,,,regression,1,2,1,0,interior_after_extension,6,,TRUE,TRUE,TRUE,sdr
5.62341325190349e-05,8.23109801764798e-05,0,FALSE,FALSE,"",,,,regression,1,2,1,0,interior_after_extension,6,,TRUE,TRUE,TRUE,sdr
1e-04,8.23131962119622e-05,0,FALSE,FALSE,"",,,,regression,1,2,1,0,interior_after_extension,6,,TRUE,TRUE,TRUE,sdr
0.000177827941003892,8.23174862050209e-05,0,FALSE,FALSE,"",,,,regression,1,2,1,0,interior_after_extension,6,,TRUE,TRUE,TRUE,sdr
0.000316227766016838,8.23262198683987e-05,0,FALSE,FALSE,"",,,,regression,1,2,1,0,interior_after_extension,6,,TRUE,TRUE,TRUE,sdr
0.000562341325190349,8.23448258992318e-05,0,FALSE,FALSE,"",,,,regression,1,2,1,0,interior_after_extension,6,,TRUE,TRUE,TRUE,sdr
0.001,8.23657171994351e-05,0,FALSE,FALSE,"",,,,regression,1,2,1,0,interior_after_extension,6,,TRUE,TRUE,TRUE,sdr
0.00177827941003892,8.24354178127598e-05,0,FALSE,FALSE,"",,,,regression,1,2,1,0,interior_after_extension,6,,TRUE,TRUE,TRUE,sdr
0.00316227766016838,8.26622961727503e-05,0,FALSE,FALSE,"",,,,regression,1,2,1,0,interior_after_extension,6,,TRUE,TRUE,TRUE,sdr
0.00562341325190349,8.32844709989914e-05,0,FALSE,FALSE,"",,,,regression,1,2,1,0,interior_after_extension,6,,TRUE,TRUE,TRUE,sdr
0.01,8.39079193737274e-05,0,FALSE,FALSE,"",,,,regression,1,2,1,0,interior_after_extension,6,,TRUE,TRUE,TRUE,sdr
0.0177827941003892,8.39726558683418e-05,0,FALSE,FALSE,"",,,,regression,1,2,1,0,interior_after_extension,6,,TRUE,TRUE,TRUE,sdr
0.0316227766016838,8.39726558683418e-05,0,FALSE,FALSE,"",,,,regression,1,2,1,0,interior_after_extension,6,,TRUE,TRUE,TRUE,sdr
0.0562341325190349,8.39726558683418e-05,0,FALSE,FALSE,"",,,,regression,1,2,1,0,interior_after_extension,6,,TRUE,TRUE,TRUE,sdr
0.1,8.39726558683418e-05,0,FALSE,FALSE,"",,,,regression,1,2,1,0,interior_after_extension,6,,TRUE,TRUE,TRUE,sdr
0.177827941003892,8.39726558683418e-05,0,FALSE,FALSE,"",,,,regression,1,2,1,0,interior_after_extension,6,,TRUE,TRUE,TRUE,sdr
0.316227766016838,8.39726558683418e-05,0,FALSE,FALSE,"",,,,regression,1,2,1,0,interior_after_extension,6,,TRUE,TRUE,TRUE,sdr
0.562341325190349,8.39726558683418e-05,0,FALSE,FALSE,"",,,,regression,1,2,1,0,interior_after_extension,6,,TRUE,TRUE,TRUE,sdr
1,8.39726558683418e-05,0,FALSE,FALSE,"",,,,regression,1,2,1,0,interior_after_extension,6,,TRUE,TRUE,TRUE,sdr
1e-05,2.12014752450999e-05,0,FALSE,FALSE,"",,,,regression,2,1,1,0.0445616844631584,interior,0,,TRUE,TRUE,TRUE,sdr
1.77827941003892e-05,2.11652035018003e-05,0,FALSE,FALSE,"",,,,regression,2,1,1,0.0445616844631584,interior,0,,TRUE,TRUE,TRUE,sdr
3.16227766016838e-05,2.11141814487461e-05,0,FALSE,FALSE,"",,,,regression,2,1,1,0.0445616844631584,interior,0,,TRUE,TRUE,TRUE,sdr
5.62341325190349e-05,2.10658514088871e-05,0,FALSE,FALSE,"",,,,regression,2,1,1,0.0445616844631584,interior,0,,TRUE,TRUE,TRUE,sdr
1e-04,2.10603390278717e-05,0,TRUE,FALSE,"",,,,regression,2,1,1,0.0445616844631584,interior,0,,TRUE,TRUE,TRUE,sdr
0.000177827941003892,2.11394628748569e-05,0,FALSE,FALSE,"",,,,regression,2,1,1,0.0445616844631584,interior,0,,TRUE,TRUE,TRUE,sdr
0.000316227766016838,2.12749822243736e-05,0,FALSE,FALSE,"",,,,regression,2,1,1,0.0445616844631584,interior,0,,TRUE,TRUE,TRUE,sdr
0.000562341325190349,2.14630121836804e-05,0,FALSE,FALSE,"",,,,regression,2,1,1,0.0445616844631584,interior,0,,TRUE,TRUE,TRUE,sdr
0.001,2.17350279461688e-05,0,FALSE,FALSE,"",,,,regression,2,1,1,0.0445616844631584,interior,0,,TRUE,TRUE,TRUE,sdr
0.00177827941003892,2.22614923957348e-05,0,FALSE,FALSE,"",,,,regression,2,1,1,0.0445616844631584,interior,0,,TRUE,TRUE,TRUE,sdr
0.00316227766016838,2.36100621194604e-05,0,FALSE,FALSE,"",,,,regression,2,1,1,0.0445616844631584,interior,0,,TRUE,TRUE,TRUE,sdr
0.00562341325190349,2.45427694273902e-05,0,FALSE,FALSE,"",,,,regression,2,1,1,0.0445616844631584,interior,0,,TRUE,TRUE,TRUE,sdr
0.01,2.45602422203413e-05,0,FALSE,FALSE,"",,,,regression,2,1,1,0.0445616844631584,interior,0,,TRUE,TRUE,TRUE,sdr
0.0177827941003892,2.45602422203413e-05,0,FALSE,FALSE,"",,,,regression,2,1,1,0.0445616844631584,interior,0,,TRUE,TRUE,TRUE,sdr
0.0316227766016838,2.45602422203413e-05,0,FALSE,FALSE,"",,,,regression,2,1,1,0.0445616844631584,interior,0,,TRUE,TRUE,TRUE,sdr
0.0562341325190349,2.45602422203413e-05,0,FALSE,FALSE,"",,,,regression,2,1,1,0.0445616844631584,interior,0,,TRUE,TRUE,TRUE,sdr
0.1,2.45602422203413e-05,0,FALSE,FALSE,"",,,,regression,2,1,1,0.0445616844631584,interior,0,,TRUE,TRUE,TRUE,sdr
0.177827941003892,2.45602422203413e-05,0,FALSE,FALSE,"",,,,regression,2,1,1,0.0445616844631584,interior,0,,TRUE,TRUE,TRUE,sdr
0.316227766016838,2.45602422203413e-05,0,FALSE,FALSE,"",,,,regression,2,1,1,0.0445616844631584,interior,0,,TRUE,TRUE,TRUE,sdr
0.562341325190349,2.45602422203413e-05,0,FALSE,FALSE,"",,,,regression,2,1,1,0.0445616844631584,interior,0,,TRUE,TRUE,TRUE,sdr
1,2.45602422203413e-05,0,FALSE,FALSE,"",,,,regression,2,1,1,0.0445616844631584,interior,0,,TRUE,TRUE,TRUE,sdr
1e-09,6.60742764683093e-05,4,FALSE,FALSE,"",,,,regression,2,2,1,0,interior_after_extension,4,,TRUE,TRUE,TRUE,sdr
1.77827941003892e-09,6.60742764775937e-05,4,FALSE,FALSE,"",,,,regression,2,2,1,0,interior_after_extension,4,,TRUE,TRUE,TRUE,sdr
3.16227766016838e-09,6.60742765035863e-05,4,FALSE,FALSE,"",,,,regression,2,2,1,0,interior_after_extension,4,,TRUE,TRUE,TRUE,sdr
5.62341325190349e-09,6.60742761049851e-05,4,TRUE,FALSE,"",,,,regression,2,2,1,0,interior_after_extension,4,,TRUE,TRUE,TRUE,sdr
1e-08,6.60742765781221e-05,3,FALSE,FALSE,"",,,,regression,2,2,1,0,interior_after_extension,4,,TRUE,TRUE,TRUE,sdr
1.77827941003892e-08,6.60742766729159e-05,3,FALSE,FALSE,"",,,,regression,2,2,1,0,interior_after_extension,4,,TRUE,TRUE,TRUE,sdr
3.16227766016838e-08,6.60742768493171e-05,3,FALSE,FALSE,"",,,,regression,2,2,1,0,interior_after_extension,4,,TRUE,TRUE,TRUE,sdr
5.62341325190349e-08,6.6074276838899e-05,3,FALSE,FALSE,"",,,,regression,2,2,1,0,interior_after_extension,4,,TRUE,TRUE,TRUE,sdr
1e-07,6.60742776765824e-05,2,FALSE,FALSE,"",,,,regression,2,2,1,0,interior_after_extension,4,,TRUE,TRUE,TRUE,sdr
1.77827941003892e-07,6.60742786271878e-05,2,FALSE,FALSE,"",,,,regression,2,2,1,0,interior_after_extension,4,,TRUE,TRUE,TRUE,sdr
3.16227766016838e-07,6.60742803099424e-05,2,FALSE,FALSE,"",,,,regression,2,2,1,0,interior_after_extension,4,,TRUE,TRUE,TRUE,sdr
5.62341325190349e-07,6.60742841885704e-05,2,FALSE,FALSE,"",,,,regression,2,2,1,0,interior_after_extension,4,,TRUE,TRUE,TRUE,sdr
1e-06,6.60742907895716e-05,1,FALSE,FALSE,"",,,,regression,2,2,1,0,interior_after_extension,4,,TRUE,TRUE,TRUE,sdr
1.77827941003892e-06,6.60743019981594e-05,1,FALSE,FALSE,"",,,,regression,2,2,1,0,interior_after_extension,4,,TRUE,TRUE,TRUE,sdr
3.16227766016838e-06,6.60743227426219e-05,1,FALSE,FALSE,"",,,,regression,2,2,1,0,interior_after_extension,4,,TRUE,TRUE,TRUE,sdr
5.62341325190349e-06,6.60743587383866e-05,1,FALSE,FALSE,"",,,,regression,2,2,1,0,interior_after_extension,4,,TRUE,TRUE,TRUE,sdr
1e-05,6.60744253434985e-05,0,FALSE,FALSE,"",,,,regression,2,2,1,0,interior_after_extension,4,,TRUE,TRUE,TRUE,sdr
1.77827941003892e-05,6.60745463924656e-05,0,FALSE,FALSE,"",,,,regression,2,2,1,0,interior_after_extension,4,,TRUE,TRUE,TRUE,sdr
3.16227766016838e-05,6.60747725080042e-05,0,FALSE,FALSE,"",,,,regression,2,2,1,0,interior_after_extension,4,,TRUE,TRUE,TRUE,sdr
5.62341325190349e-05,6.60752100992604e-05,0,FALSE,FALSE,"",,,,regression,2,2,1,0,interior_after_extension,4,,TRUE,TRUE,TRUE,sdr
1e-04,6.60761003151697e-05,0,FALSE,FALSE,"",,,,regression,2,2,1,0,interior_after_extension,4,,TRUE,TRUE,TRUE,sdr
0.000177827941003892,6.60780370746388e-05,0,FALSE,FALSE,"",,,,regression,2,2,1,0,interior_after_extension,4,,TRUE,TRUE,TRUE,sdr
0.000316227766016838,6.60825987876462e-05,0,FALSE,FALSE,"",,,,regression,2,2,1,0,interior_after_extension,4,,TRUE,TRUE,TRUE,sdr
0.000562341325190349,6.60942487240957e-05,0,FALSE,FALSE,"",,,,regression,2,2,1,0,interior_after_extension,4,,TRUE,TRUE,TRUE,sdr
0.001,6.61261506764542e-05,0,FALSE,FALSE,"",,,,regression,2,2,1,0,interior_after_extension,4,,TRUE,TRUE,TRUE,sdr
0.00177827941003892,6.62182521805053e-05,0,FALSE,FALSE,"",,,,regression,2,2,1,0,interior_after_extension,4,,TRUE,TRUE,TRUE,sdr
0.00316227766016838,6.64938338172554e-05,0,FALSE,FALSE,"",,,,regression,2,2,1,0,interior_after_extension,4,,TRUE,TRUE,TRUE,sdr
0.00562341325190349,6.73376513152303e-05,0,FALSE,FALSE,"",,,,regression,2,2,1,0,interior_after_extension,4,,TRUE,TRUE,TRUE,sdr
0.01,6.81574842718806e-05,0,FALSE,FALSE,"",,,,regression,2,2,1,0,interior_after_extension,4,,TRUE,TRUE,TRUE,sdr
0.0177827941003892,6.82061302812703e-05,0,FALSE,FALSE,"",,,,regression,2,2,1,0,interior_after_extension,4,,TRUE,TRUE,TRUE,sdr
0.0316227766016838,6.82061302812703e-05,0,FALSE,FALSE,"",,,,regression,2,2,1,0,interior_after_extension,4,,TRUE,TRUE,TRUE,sdr
0.0562341325190349,6.82061302812703e-05,0,FALSE,FALSE,"",,,,regression,2,2,1,0,interior_after_extension,4,,TRUE,TRUE,TRUE,sdr
0.1,6.82061302812703e-05,0,FALSE,FALSE,"",,,,regression,2,2,1,0,interior_after_extension,4,,TRUE,TRUE,TRUE,sdr
0.177827941003892,6.82061302812703e-05,0,FALSE,FALSE,"",,,,regression,2,2,1,0,interior_after_extension,4,,TRUE,TRUE,TRUE,sdr
0.316227766016838,6.82061302812703e-05,0,FALSE,FALSE,"",,,,regression,2,2,1,0,interior_after_extension,4,,TRUE,TRUE,TRUE,sdr
0.562341325190349,6.82061302812703e-05,0,FALSE,FALSE,"",,,,regression,2,2,1,0,interior_after_extension,4,,TRUE,TRUE,TRUE,sdr
1,6.82061302812703e-05,0,FALSE,FALSE,"",,,,regression,2,2,1,0,interior_after_extension,4,,TRUE,TRUE,TRUE,sdr
1e-05,2.18652432463645e-05,0,FALSE,FALSE,"",,,,regression,3,1,1,0.215262033900562,interior,0,,TRUE,TRUE,TRUE,sdr
1.77827941003892e-05,2.18358405524817e-05,0,FALSE,FALSE,"",,,,regression,3,1,1,0.215262033900562,interior,0,,TRUE,TRUE,TRUE,sdr
3.16227766016838e-05,2.17944799036302e-05,0,FALSE,FALSE,"",,,,regression,3,1,1,0.215262033900562,interior,0,,TRUE,TRUE,TRUE,sdr
5.62341325190349e-05,2.17488287057181e-05,0,FALSE,FALSE,"",,,,regression,3,1,1,0.215262033900562,interior,0,,TRUE,TRUE,TRUE,sdr
1e-04,2.17335196776253e-05,0,TRUE,FALSE,"",,,,regression,3,1,1,0.215262033900562,interior,0,,TRUE,TRUE,TRUE,sdr
0.000177827941003892,2.18094379153362e-05,0,FALSE,FALSE,"",,,,regression,3,1,1,0.215262033900562,interior,0,,TRUE,TRUE,TRUE,sdr
0.000316227766016838,2.19646489220901e-05,0,FALSE,FALSE,"",,,,regression,3,1,1,0.215262033900562,interior,0,,TRUE,TRUE,TRUE,sdr
0.000562341325190349,2.21466689975231e-05,0,FALSE,FALSE,"",,,,regression,3,1,1,0.215262033900562,interior,0,,TRUE,TRUE,TRUE,sdr
0.001,2.23791442122173e-05,0,FALSE,FALSE,"",,,,regression,3,1,1,0.215262033900562,interior,0,,TRUE,TRUE,TRUE,sdr
0.00177827941003892,2.28053388878956e-05,0,FALSE,FALSE,"",,,,regression,3,1,1,0.215262033900562,interior,0,,TRUE,TRUE,TRUE,sdr
0.00316227766016838,2.39715002943776e-05,0,FALSE,FALSE,"",,,,regression,3,1,1,0.215262033900562,interior,0,,TRUE,TRUE,TRUE,sdr
0.00562341325190349,2.50801665285219e-05,0,FALSE,FALSE,"",,,,regression,3,1,1,0.215262033900562,interior,0,,TRUE,TRUE,TRUE,sdr
0.01,2.51222988587759e-05,0,FALSE,FALSE,"",,,,regression,3,1,1,0.215262033900562,interior,0,,TRUE,TRUE,TRUE,sdr
0.0177827941003892,2.51222988587759e-05,0,FALSE,FALSE,"",,,,regression,3,1,1,0.215262033900562,interior,0,,TRUE,TRUE,TRUE,sdr
0.0316227766016838,2.51222988587759e-05,0,FALSE,FALSE,"",,,,regression,3,1,1,0.215262033900562,interior,0,,TRUE,TRUE,TRUE,sdr
0.0562341325190349,2.51222988587759e-05,0,FALSE,FALSE,"",,,,regression,3,1,1,0.215262033900562,interior,0,,TRUE,TRUE,TRUE,sdr
0.1,2.51222988587759e-05,0,FALSE,FALSE,"",,,,regression,3,1,1,0.215262033900562,interior,0,,TRUE,TRUE,TRUE,sdr
0.177827941003892,2.51222988587759e-05,0,FALSE,FALSE,"",,,,regression,3,1,1,0.215262033900562,interior,0,,TRUE,TRUE,TRUE,sdr
0.316227766016838,2.51222988587759e-05,0,FALSE,FALSE,"",,,,regression,3,1,1,0.215262033900562,interior,0,,TRUE,TRUE,TRUE,sdr
0.562341325190349,2.51222988587759e-05,0,FALSE,FALSE,"",,,,regression,3,1,1,0.215262033900562,interior,0,,TRUE,TRUE,TRUE,sdr
1,2.51222988587759e-05,0,FALSE,FALSE,"",,,,regression,3,1,1,0.215262033900562,interior,0,,TRUE,TRUE,TRUE,sdr
1e-05,0.000111126369707308,0,FALSE,FALSE,"",,,,regression,3,2,1,0,interior,0,,TRUE,TRUE,TRUE,sdr
1.77827941003892e-05,0.000111126248053569,0,FALSE,FALSE,"",,,,regression,3,2,1,0,interior,0,,TRUE,TRUE,TRUE,sdr
3.16227766016838e-05,0.00011112604289633,0,TRUE,FALSE,"",,,,regression,3,2,1,0,interior,0,,TRUE,TRUE,TRUE,sdr
5.62341325190349e-05,0.000111126628927378,0,FALSE,FALSE,"",,,,regression,3,2,1,0,interior,0,,TRUE,TRUE,TRUE,sdr
1e-04,0.000111128233351435,0,FALSE,FALSE,"",,,,regression,3,2,1,0,interior,0,,TRUE,TRUE,TRUE,sdr
0.000177827941003892,0.000111131418717081,0,FALSE,FALSE,"",,,,regression,3,2,1,0,interior,0,,TRUE,TRUE,TRUE,sdr
0.000316227766016838,0.000111138104991667,0,FALSE,FALSE,"",,,,regression,3,2,1,0,interior,0,,TRUE,TRUE,TRUE,sdr
0.000562341325190349,0.000111153227666114,0,FALSE,FALSE,"",,,,regression,3,2,1,0,interior,0,,TRUE,TRUE,TRUE,sdr
0.001,0.000111190343962515,0,FALSE,FALSE,"",,,,regression,3,2,1,0,interior,0,,TRUE,TRUE,TRUE,sdr
0.00177827941003892,0.000111288674443051,0,FALSE,FALSE,"",,,,regression,3,2,1,0,interior,0,,TRUE,TRUE,TRUE,sdr
0.00316227766016838,0.000111558241013983,0,FALSE,FALSE,"",,,,regression,3,2,1,0,interior,0,,TRUE,TRUE,TRUE,sdr
0.00562341325190349,0.000112246013921487,0,FALSE,FALSE,"",,,,regression,3,2,1,0,interior,0,,TRUE,TRUE,TRUE,sdr
0.01,0.000113393893068993,0,FALSE,FALSE,"",,,,regression,3,2,1,0,interior,0,,TRUE,TRUE,TRUE,sdr
0.0177827941003892,0.000114060660949643,0,FALSE,FALSE,"",,,,regression,3,2,1,0,interior,0,,TRUE,TRUE,TRUE,sdr
0.0316227766016838,0.000114060660949643,0,FALSE,FALSE,"",,,,regression,3,2,1,0,interior,0,,TRUE,TRUE,TRUE,sdr
0.0562341325190349,0.000114060660949643,0,FALSE,FALSE,"",,,,regression,3,2,1,0,interior,0,,TRUE,TRUE,TRUE,sdr
0.1,0.000114060660949643,0,FALSE,FALSE,"",,,,regression,3,2,1,0,interior,0,,TRUE,TRUE,TRUE,sdr
0.177827941003892,0.000114060660949643,0,FALSE,FALSE,"",,,,regression,3,2,1,0,interior,0,,TRUE,TRUE,TRUE,sdr
0.316227766016838,0.000114060660949643,0,FALSE,FALSE,"",,,,regression,3,2,1,0,interior,0,,TRUE,TRUE,TRUE,sdr
0.562341325190349,0.000114060660949643,0,FALSE,FALSE,"",,,,regression,3,2,1,0,interior,0,,TRUE,TRUE,TRUE,sdr
1,0.000114060660949643,0,FALSE,FALSE,"",,,,regression,3,2,1,0,interior,0,,TRUE,TRUE,TRUE,sdr
1e-05,2.33422601352015e-05,0,FALSE,FALSE,"",,,,regression,1,1,1,0.178985599547181,interior,0,,TRUE,TRUE,TRUE,tmle
1.77827941003892e-05,2.32919465539472e-05,0,FALSE,FALSE,"",,,,regression,1,1,1,0.178985599547181,interior,0,,TRUE,TRUE,TRUE,tmle
3.16227766016838e-05,2.32240671870431e-05,0,FALSE,FALSE,"",,,,regression,1,1,1,0.178985599547181,interior,0,,TRUE,TRUE,TRUE,tmle
5.62341325190349e-05,2.31441835844141e-05,0,FALSE,FALSE,"",,,,regression,1,1,1,0.178985599547181,interior,0,,TRUE,TRUE,TRUE,tmle
1e-04,2.30802546740873e-05,0,FALSE,FALSE,"",,,,regression,1,1,1,0.178985599547181,interior,0,,TRUE,TRUE,TRUE,tmle
0.000177827941003892,2.30665883642798e-05,0,TRUE,FALSE,"",,,,regression,1,1,1,0.178985599547181,interior,0,,TRUE,TRUE,TRUE,tmle
0.000316227766016838,2.31350767043518e-05,0,FALSE,FALSE,"",,,,regression,1,1,1,0.178985599547181,interior,0,,TRUE,TRUE,TRUE,tmle
0.000562341325190349,2.33230042584141e-05,0,FALSE,FALSE,"",,,,regression,1,1,1,0.178985599547181,interior,0,,TRUE,TRUE,TRUE,tmle
0.001,2.36025328276639e-05,0,FALSE,FALSE,"",,,,regression,1,1,1,0.178985599547181,interior,0,,TRUE,TRUE,TRUE,tmle
0.00177827941003892,2.41066419708798e-05,0,FALSE,FALSE,"",,,,regression,1,1,1,0.178985599547181,interior,0,,TRUE,TRUE,TRUE,tmle
0.00316227766016838,2.54311820707344e-05,0,FALSE,FALSE,"",,,,regression,1,1,1,0.178985599547181,interior,0,,TRUE,TRUE,TRUE,tmle
0.00562341325190349,2.63997653644475e-05,0,FALSE,FALSE,"",,,,regression,1,1,1,0.178985599547181,interior,0,,TRUE,TRUE,TRUE,tmle
0.01,2.6416892927783e-05,0,FALSE,FALSE,"",,,,regression,1,1,1,0.178985599547181,interior,0,,TRUE,TRUE,TRUE,tmle
0.0177827941003892,2.6416892927783e-05,0,FALSE,FALSE,"",,,,regression,1,1,1,0.178985599547181,interior,0,,TRUE,TRUE,TRUE,tmle
0.0316227766016838,2.6416892927783e-05,0,FALSE,FALSE,"",,,,regression,1,1,1,0.178985599547181,interior,0,,TRUE,TRUE,TRUE,tmle
0.0562341325190349,2.6416892927783e-05,0,FALSE,FALSE,"",,,,regression,1,1,1,0.178985599547181,interior,0,,TRUE,TRUE,TRUE,tmle
0.1,2.6416892927783e-05,0,FALSE,FALSE,"",,,,regression,1,1,1,0.178985599547181,interior,0,,TRUE,TRUE,TRUE,tmle
0.177827941003892,2.6416892927783e-05,0,FALSE,FALSE,"",,,,regression,1,1,1,0.178985599547181,interior,0,,TRUE,TRUE,TRUE,tmle
0.316227766016838,2.6416892927783e-05,0,FALSE,FALSE,"",,,,regression,1,1,1,0.178985599547181,interior,0,,TRUE,TRUE,TRUE,tmle
0.562341325190349,2.6416892927783e-05,0,FALSE,FALSE,"",,,,regression,1,1,1,0.178985599547181,interior,0,,TRUE,TRUE,TRUE,tmle
1,2.6416892927783e-05,0,FALSE,FALSE,"",,,,regression,1,1,1,0.178985599547181,interior,0,,TRUE,TRUE,TRUE,tmle
1e-10,2.04960596251246e-06,5,FALSE,FALSE,"",,,,regression,1,2,1,0.103618313943716,interior_after_extension,5,,TRUE,TRUE,TRUE,tmle
1.77827941003892e-10,2.04960596699114e-06,5,FALSE,FALSE,"",,,,regression,1,2,1,0.103618313943716,interior_after_extension,5,,TRUE,TRUE,TRUE,tmle
3.16227766016838e-10,2.04960597586491e-06,5,FALSE,FALSE,"",,,,regression,1,2,1,0.103618313943716,interior_after_extension,5,,TRUE,TRUE,TRUE,tmle
5.62341325190349e-10,2.04960591847914e-06,5,TRUE,FALSE,"",,,,regression,1,2,1,0.103618313943716,interior_after_extension,5,,TRUE,TRUE,TRUE,tmle
1e-09,2.04960601442326e-06,4,FALSE,FALSE,"",,,,regression,1,2,1,0.103618313943716,interior_after_extension,5,,TRUE,TRUE,TRUE,tmle
1.77827941003892e-09,2.04960605930336e-06,4,FALSE,FALSE,"",,,,regression,1,2,1,0.103618313943716,interior_after_extension,5,,TRUE,TRUE,TRUE,tmle
3.16227766016838e-09,2.04960614000244e-06,4,FALSE,FALSE,"",,,,regression,1,2,1,0.103618313943716,interior_after_extension,5,,TRUE,TRUE,TRUE,tmle
5.62341325190349e-09,2.04960621150179e-06,4,FALSE,FALSE,"",,,,regression,1,2,1,0.103618313943716,interior_after_extension,5,,TRUE,TRUE,TRUE,tmle
1e-08,2.04960653353427e-06,3,FALSE,FALSE,"",,,,regression,1,2,1,0.103618313943716,interior_after_extension,5,,TRUE,TRUE,TRUE,tmle
1.77827941003892e-08,2.04960698243563e-06,3,FALSE,FALSE,"",,,,regression,1,2,1,0.103618313943716,interior_after_extension,5,,TRUE,TRUE,TRUE,tmle
3.16227766016838e-08,2.04960778141039e-06,3,FALSE,FALSE,"",,,,regression,1,2,1,0.103618313943716,interior_after_extension,5,,TRUE,TRUE,TRUE,tmle
5.62341325190349e-08,2.04960914183245e-06,3,FALSE,FALSE,"",,,,regression,1,2,1,0.103618313943716,interior_after_extension,5,,TRUE,TRUE,TRUE,tmle
1e-07,2.04961172497131e-06,2,FALSE,FALSE,"",,,,regression,1,2,1,0.103618313943716,interior_after_extension,5,,TRUE,TRUE,TRUE,tmle
1.77827941003892e-07,2.0496162147914e-06,2,FALSE,FALSE,"",,,,regression,1,2,1,0.103618313943716,interior_after_extension,5,,TRUE,TRUE,TRUE,tmle
3.16227766016838e-07,2.04962419875558e-06,2,FALSE,FALSE,"",,,,regression,1,2,1,0.103618313943716,interior_after_extension,5,,TRUE,TRUE,TRUE,tmle
5.62341325190349e-07,2.04963845554393e-06,2,FALSE,FALSE,"",,,,regression,1,2,1,0.103618313943716,interior_after_extension,5,,TRUE,TRUE,TRUE,tmle
1e-06,2.04966386160667e-06,1,FALSE,FALSE,"",,,,regression,1,2,1,0.103618313943716,interior_after_extension,5,,TRUE,TRUE,TRUE,tmle
1.77827941003892e-06,2.0497090099647e-06,1,FALSE,FALSE,"",,,,regression,1,2,1,0.103618313943716,interior_after_extension,5,,TRUE,TRUE,TRUE,tmle
3.16227766016838e-06,2.04978942511695e-06,1,FALSE,FALSE,"",,,,regression,1,2,1,0.103618313943716,interior_after_extension,5,,TRUE,TRUE,TRUE,tmle
5.62341325190349e-06,2.04993263316015e-06,1,FALSE,FALSE,"",,,,regression,1,2,1,0.103618313943716,interior_after_extension,5,,TRUE,TRUE,TRUE,tmle
1e-05,2.0501886810696e-06,0,FALSE,FALSE,"",,,,regression,1,2,1,0.103618313943716,interior_after_extension,5,,TRUE,TRUE,TRUE,tmle
1.77827941003892e-05,2.05064731498356e-06,0,FALSE,FALSE,"",,,,regression,1,2,1,0.103618313943716,interior_after_extension,5,,TRUE,TRUE,TRUE,tmle
3.16227766016838e-05,2.05147379486934e-06,0,FALSE,FALSE,"",,,,regression,1,2,1,0.103618313943716,interior_after_extension,5,,TRUE,TRUE,TRUE,tmle
5.62341325190349e-05,2.0529784849963e-06,0,FALSE,FALSE,"",,,,regression,1,2,1,0.103618313943716,interior_after_extension,5,,TRUE,TRUE,TRUE,tmle
1e-04,2.05576487573911e-06,0,FALSE,FALSE,"",,,,regression,1,2,1,0.103618313943716,interior_after_extension,5,,TRUE,TRUE,TRUE,tmle
0.000177827941003892,2.06106932745904e-06,0,FALSE,FALSE,"",,,,regression,1,2,1,0.103618313943716,interior_after_extension,5,,TRUE,TRUE,TRUE,tmle
0.000316227766016838,2.07160754466166e-06,0,FALSE,FALSE,"",,,,regression,1,2,1,0.103618313943716,interior_after_extension,5,,TRUE,TRUE,TRUE,tmle
0.000562341325190349,2.09384175222062e-06,0,FALSE,FALSE,"",,,,regression,1,2,1,0.103618313943716,interior_after_extension,5,,TRUE,TRUE,TRUE,tmle
0.001,2.1444316957468e-06,0,FALSE,FALSE,"",,,,regression,1,2,1,0.103618313943716,interior_after_extension,5,,TRUE,TRUE,TRUE,tmle
0.00177827941003892,2.26934182649001e-06,0,FALSE,FALSE,"",,,,regression,1,2,1,0.103618313943716,interior_after_extension,5,,TRUE,TRUE,TRUE,tmle
0.00316227766016838,2.6019695242487e-06,0,FALSE,FALSE,"",,,,regression,1,2,1,0.103618313943716,interior_after_extension,5,,TRUE,TRUE,TRUE,tmle
0.00562341325190349,3.46747605398805e-06,0,FALSE,FALSE,"",,,,regression,1,2,1,0.103618313943716,interior_after_extension,5,,TRUE,TRUE,TRUE,tmle
0.01,3.70606870331952e-06,0,FALSE,FALSE,"",,,,regression,1,2,1,0.103618313943716,interior_after_extension,5,,TRUE,TRUE,TRUE,tmle
0.0177827941003892,3.70606870331952e-06,0,FALSE,FALSE,"",,,,regression,1,2,1,0.103618313943716,interior_after_extension,5,,TRUE,TRUE,TRUE,tmle
0.0316227766016838,3.70606870331952e-06,0,FALSE,FALSE,"",,,,regression,1,2,1,0.103618313943716,interior_after_extension,5,,TRUE,TRUE,TRUE,tmle
0.0562341325190349,3.70606870331952e-06,0,FALSE,FALSE,"",,,,regression,1,2,1,0.103618313943716,interior_after_extension,5,,TRUE,TRUE,TRUE,tmle
0.1,3.70606870331952e-06,0,FALSE,FALSE,"",,,,regression,1,2,1,0.103618313943716,interior_after_extension,5,,TRUE,TRUE,TRUE,tmle
0.177827941003892,3.70606870331952e-06,0,FALSE,FALSE,"",,,,regression,1,2,1,0.103618313943716,interior_after_extension,5,,TRUE,TRUE,TRUE,tmle
0.316227766016838,3.70606870331952e-06,0,FALSE,FALSE,"",,,,regression,1,2,1,0.103618313943716,interior_after_extension,5,,TRUE,TRUE,TRUE,tmle
0.562341325190349,3.70606870331952e-06,0,FALSE,FALSE,"",,,,regression,1,2,1,0.103618313943716,interior_after_extension,5,,TRUE,TRUE,TRUE,tmle
1,3.70606870331952e-06,0,FALSE,FALSE,"",,,,regression,1,2,1,0.103618313943716,interior_after_extension,5,,TRUE,TRUE,TRUE,tmle
1e-05,2.12014752450999e-05,0,FALSE,FALSE,"",,,,regression,2,1,1,0.0445616844631584,interior,0,,TRUE,TRUE,TRUE,tmle
1.77827941003892e-05,2.11652035018003e-05,0,FALSE,FALSE,"",,,,regression,2,1,1,0.0445616844631584,interior,0,,TRUE,TRUE,TRUE,tmle
3.16227766016838e-05,2.11141814487461e-05,0,FALSE,FALSE,"",,,,regression,2,1,1,0.0445616844631584,interior,0,,TRUE,TRUE,TRUE,tmle
5.62341325190349e-05,2.10658514088871e-05,0,FALSE,FALSE,"",,,,regression,2,1,1,0.0445616844631584,interior,0,,TRUE,TRUE,TRUE,tmle
1e-04,2.10603390278717e-05,0,TRUE,FALSE,"",,,,regression,2,1,1,0.0445616844631584,interior,0,,TRUE,TRUE,TRUE,tmle
0.000177827941003892,2.11394628748569e-05,0,FALSE,FALSE,"",,,,regression,2,1,1,0.0445616844631584,interior,0,,TRUE,TRUE,TRUE,tmle
0.000316227766016838,2.12749822243736e-05,0,FALSE,FALSE,"",,,,regression,2,1,1,0.0445616844631584,interior,0,,TRUE,TRUE,TRUE,tmle
0.000562341325190349,2.14630121836804e-05,0,FALSE,FALSE,"",,,,regression,2,1,1,0.0445616844631584,interior,0,,TRUE,TRUE,TRUE,tmle
0.001,2.17350279461688e-05,0,FALSE,FALSE,"",,,,regression,2,1,1,0.0445616844631584,interior,0,,TRUE,TRUE,TRUE,tmle
0.00177827941003892,2.22614923957348e-05,0,FALSE,FALSE,"",,,,regression,2,1,1,0.0445616844631584,interior,0,,TRUE,TRUE,TRUE,tmle
0.00316227766016838,2.36100621194604e-05,0,FALSE,FALSE,"",,,,regression,2,1,1,0.0445616844631584,interior,0,,TRUE,TRUE,TRUE,tmle
0.00562341325190349,2.45427694273902e-05,0,FALSE,FALSE,"",,,,regression,2,1,1,0.0445616844631584,interior,0,,TRUE,TRUE,TRUE,tmle
0.01,2.45602422203413e-05,0,FALSE,FALSE,"",,,,regression,2,1,1,0.0445616844631584,interior,0,,TRUE,TRUE,TRUE,tmle
0.0177827941003892,2.45602422203413e-05,0,FALSE,FALSE,"",,,,regression,2,1,1,0.0445616844631584,interior,0,,TRUE,TRUE,TRUE,tmle
0.0316227766016838,2.45602422203413e-05,0,FALSE,FALSE,"",,,,regression,2,1,1,0.0445616844631584,interior,0,,TRUE,TRUE,TRUE,tmle
0.0562341325190349,2.45602422203413e-05,0,FALSE,FALSE,"",,,,regression,2,1,1,0.0445616844631584,interior,0,,TRUE,TRUE,TRUE,tmle
0.1,2.45602422203413e-05,0,FALSE,FALSE,"",,,,regression,2,1,1,0.0445616844631584,interior,0,,TRUE,TRUE,TRUE,tmle
0.177827941003892,2.45602422203413e-05,0,FALSE,FALSE,"",,,,regression,2,1,1,0.0445616844631584,interior,0,,TRUE,TRUE,TRUE,tmle
0.316227766016838,2.45602422203413e-05,0,FALSE,FALSE,"",,,,regression,2,1,1,0.0445616844631584,interior,0,,TRUE,TRUE,TRUE,tmle
0.562341325190349,2.45602422203413e-05,0,FALSE,FALSE,"",,,,regression,2,1,1,0.0445616844631584,interior,0,,TRUE,TRUE,TRUE,tmle
1,2.45602422203413e-05,0,FALSE,FALSE,"",,,,regression,2,1,1,0.0445616844631584,interior,0,,TRUE,TRUE,TRUE,tmle
1e-10,2.03991631562735e-06,5,FALSE,FALSE,"",,,,regression,2,2,1,0.0780832731342624,interior_after_extension,5,,TRUE,TRUE,TRUE,tmle
1.77827941003892e-10,2.0399163194498e-06,5,FALSE,FALSE,"",,,,regression,2,2,1,0.0780832731342624,interior_after_extension,5,,TRUE,TRUE,TRUE,tmle
3.16227766016838e-10,2.03991632712582e-06,5,FALSE,FALSE,"",,,,regression,2,2,1,0.0780832731342624,interior_after_extension,5,,TRUE,TRUE,TRUE,tmle
5.62341325190349e-10,2.03991627916363e-06,5,TRUE,FALSE,"",,,,regression,2,2,1,0.0780832731342624,interior_after_extension,5,,TRUE,TRUE,TRUE,tmle
1e-09,2.03991635995992e-06,4,FALSE,FALSE,"",,,,regression,2,2,1,0.0780832731342624,interior_after_extension,5,,TRUE,TRUE,TRUE,tmle
1.77827941003892e-09,2.03991639828579e-06,4,FALSE,FALSE,"",,,,regression,2,2,1,0.0780832731342624,interior_after_extension,5,,TRUE,TRUE,TRUE,tmle
3.16227766016838e-09,2.03991646730501e-06,4,FALSE,FALSE,"",,,,regression,2,2,1,0.0780832731342624,interior_after_extension,5,,TRUE,TRUE,TRUE,tmle
5.62341325190349e-09,2.03991652901836e-06,4,FALSE,FALSE,"",,,,regression,2,2,1,0.0780832731342624,interior_after_extension,5,,TRUE,TRUE,TRUE,tmle
1e-08,2.03991680328891e-06,3,FALSE,FALSE,"",,,,regression,2,2,1,0.0780832731342624,interior_after_extension,5,,TRUE,TRUE,TRUE,tmle
1.77827941003892e-08,2.03991718665603e-06,3,FALSE,FALSE,"",,,,regression,2,2,1,0.0780832731342624,interior_after_extension,5,,TRUE,TRUE,TRUE,tmle
3.16227766016838e-08,2.03991786913006e-06,3,FALSE,FALSE,"",,,,regression,2,2,1,0.0780832731342624,interior_after_extension,5,,TRUE,TRUE,TRUE,tmle
5.62341325190349e-08,2.03991902767126e-06,3,FALSE,FALSE,"",,,,regression,2,2,1,0.0780832731342624,interior_after_extension,5,,TRUE,TRUE,TRUE,tmle
1e-07,2.03992123690953e-06,2,FALSE,FALSE,"",,,,regression,2,2,1,0.0780832731342624,interior_after_extension,5,,TRUE,TRUE,TRUE,tmle
1.77827941003892e-07,2.03992507140419e-06,2,FALSE,FALSE,"",,,,regression,2,2,1,0.0780832731342624,interior_after_extension,5,,TRUE,TRUE,TRUE,tmle
3.16227766016838e-07,2.03993189068672e-06,2,FALSE,FALSE,"",,,,regression,2,2,1,0.0780832731342624,interior_after_extension,5,,TRUE,TRUE,TRUE,tmle
5.62341325190349e-07,2.0399440247312e-06,2,FALSE,FALSE,"",,,,regression,2,2,1,0.0780832731342624,interior_after_extension,5,,TRUE,TRUE,TRUE,tmle
1e-06,2.03996567633462e-06,1,FALSE,FALSE,"",,,,regression,2,2,1,0.0780832731342624,interior_after_extension,5,,TRUE,TRUE,TRUE,tmle
1.77827941003892e-06,2.04000416615176e-06,1,FALSE,FALSE,"",,,,regression,2,2,1,0.0780832731342624,interior_after_extension,5,,TRUE,TRUE,TRUE,tmle
3.16227766016838e-06,2.04007280739436e-06,1,FALSE,FALSE,"",,,,regression,2,2,1,0.0780832731342624,interior_after_extension,5,,TRUE,TRUE,TRUE,tmle
5.62341325190349e-06,2.04019504843761e-06,1,FALSE,FALSE,"",,,,regression,2,2,1,0.0780832731342624,interior_after_extension,5,,TRUE,TRUE,TRUE,tmle
1e-05,2.04041372155747e-06,0,FALSE,FALSE,"",,,,regression,2,2,1,0.0780832731342624,interior_after_extension,5,,TRUE,TRUE,TRUE,tmle
1.77827941003892e-05,2.0408060193947e-06,0,FALSE,FALSE,"",,,,regression,2,2,1,0.0780832731342624,interior_after_extension,5,,TRUE,TRUE,TRUE,tmle
3.16227766016838e-05,2.04151483455579e-06,0,FALSE,FALSE,"",,,,regression,2,2,1,0.0780832731342624,interior_after_extension,5,,TRUE,TRUE,TRUE,tmle
5.62341325190349e-05,2.0428106612128e-06,0,FALSE,FALSE,"",,,,regression,2,2,1,0.0780832731342624,interior_after_extension,5,,TRUE,TRUE,TRUE,tmle
1e-04,2.04522691266699e-06,0,FALSE,FALSE,"",,,,regression,2,2,1,0.0780832731342624,interior_after_extension,5,,TRUE,TRUE,TRUE,tmle
0.000177827941003892,2.04987733319922e-06,0,FALSE,FALSE,"",,,,regression,2,2,1,0.0780832731342624,interior_after_extension,5,,TRUE,TRUE,TRUE,tmle
0.000316227766016838,2.05926538656285e-06,0,FALSE,FALSE,"",,,,regression,2,2,1,0.0780832731342624,interior_after_extension,5,,TRUE,TRUE,TRUE,tmle
0.000562341325190349,2.07949721403909e-06,0,FALSE,FALSE,"",,,,regression,2,2,1,0.0780832731342624,interior_after_extension,5,,TRUE,TRUE,TRUE,tmle
0.001,2.12666007288588e-06,0,FALSE,FALSE,"",,,,regression,2,2,1,0.0780832731342624,interior_after_extension,5,,TRUE,TRUE,TRUE,tmle
0.00177827941003892,2.2458993201866e-06,0,FALSE,FALSE,"",,,,regression,2,2,1,0.0780832731342624,interior_after_extension,5,,TRUE,TRUE,TRUE,tmle
0.00316227766016838,2.56979151130806e-06,0,FALSE,FALSE,"",,,,regression,2,2,1,0.0780832731342624,interior_after_extension,5,,TRUE,TRUE,TRUE,tmle
0.00562341325190349,3.45920757883352e-06,0,FALSE,FALSE,"",,,,regression,2,2,1,0.0780832731342624,interior_after_extension,5,,TRUE,TRUE,TRUE,tmle
0.01,3.77524840419177e-06,0,FALSE,FALSE,"",,,,regression,2,2,1,0.0780832731342624,interior_after_extension,5,,TRUE,TRUE,TRUE,tmle
0.0177827941003892,3.77524840419177e-06,0,FALSE,FALSE,"",,,,regression,2,2,1,0.0780832731342624,interior_after_extension,5,,TRUE,TRUE,TRUE,tmle
0.0316227766016838,3.77524840419177e-06,0,FALSE,FALSE,"",,,,regression,2,2,1,0.0780832731342624,interior_after_extension,5,,TRUE,TRUE,TRUE,tmle
0.0562341325190349,3.77524840419177e-06,0,FALSE,FALSE,"",,,,regression,2,2,1,0.0780832731342624,interior_after_extension,5,,TRUE,TRUE,TRUE,tmle
0.1,3.77524840419177e-06,0,FALSE,FALSE,"",,,,regression,2,2,1,0.0780832731342624,interior_after_extension,5,,TRUE,TRUE,TRUE,tmle
0.177827941003892,3.77524840419177e-06,0,FALSE,FALSE,"",,,,regression,2,2,1,0.0780832731342624,interior_after_extension,5,,TRUE,TRUE,TRUE,tmle
0.316227766016838,3.77524840419177e-06,0,FALSE,FALSE,"",,,,regression,2,2,1,0.0780832731342624,interior_after_extension,5,,TRUE,TRUE,TRUE,tmle
0.562341325190349,3.77524840419177e-06,0,FALSE,FALSE,"",,,,regression,2,2,1,0.0780832731342624,interior_after_extension,5,,TRUE,TRUE,TRUE,tmle
1,3.77524840419177e-06,0,FALSE,FALSE,"",,,,regression,2,2,1,0.0780832731342624,interior_after_extension,5,,TRUE,TRUE,TRUE,tmle
1e-05,2.18652432463645e-05,0,FALSE,FALSE,"",,,,regression,3,1,1,0.215262033900562,interior,0,,TRUE,TRUE,TRUE,tmle
1.77827941003892e-05,2.18358405524817e-05,0,FALSE,FALSE,"",,,,regression,3,1,1,0.215262033900562,interior,0,,TRUE,TRUE,TRUE,tmle
3.16227766016838e-05,2.17944799036302e-05,0,FALSE,FALSE,"",,,,regression,3,1,1,0.215262033900562,interior,0,,TRUE,TRUE,TRUE,tmle
5.62341325190349e-05,2.17488287057181e-05,0,FALSE,FALSE,"",,,,regression,3,1,1,0.215262033900562,interior,0,,TRUE,TRUE,TRUE,tmle
1e-04,2.17335196776253e-05,0,TRUE,FALSE,"",,,,regression,3,1,1,0.215262033900562,interior,0,,TRUE,TRUE,TRUE,tmle
0.000177827941003892,2.18094379153362e-05,0,FALSE,FALSE,"",,,,regression,3,1,1,0.215262033900562,interior,0,,TRUE,TRUE,TRUE,tmle
0.000316227766016838,2.19646489220901e-05,0,FALSE,FALSE,"",,,,regression,3,1,1,0.215262033900562,interior,0,,TRUE,TRUE,TRUE,tmle
0.000562341325190349,2.21466689975231e-05,0,FALSE,FALSE,"",,,,regression,3,1,1,0.215262033900562,interior,0,,TRUE,TRUE,TRUE,tmle
0.001,2.23791442122173e-05,0,FALSE,FALSE,"",,,,regression,3,1,1,0.215262033900562,interior,0,,TRUE,TRUE,TRUE,tmle
0.00177827941003892,2.28053388878956e-05,0,FALSE,FALSE,"",,,,regression,3,1,1,0.215262033900562,interior,0,,TRUE,TRUE,TRUE,tmle
0.00316227766016838,2.39715002943776e-05,0,FALSE,FALSE,"",,,,regression,3,1,1,0.215262033900562,interior,0,,TRUE,TRUE,TRUE,tmle
0.00562341325190349,2.50801665285219e-05,0,FALSE,FALSE,"",,,,regression,3,1,1,0.215262033900562,interior,0,,TRUE,TRUE,TRUE,tmle
0.01,2.51222988587759e-05,0,FALSE,FALSE,"",,,,regression,3,1,1,0.215262033900562,interior,0,,TRUE,TRUE,TRUE,tmle
0.0177827941003892,2.51222988587759e-05,0,FALSE,FALSE,"",,,,regression,3,1,1,0.215262033900562,interior,0,,TRUE,TRUE,TRUE,tmle
0.0316227766016838,2.51222988587759e-05,0,FALSE,FALSE,"",,,,regression,3,1,1,0.215262033900562,interior,0,,TRUE,TRUE,TRUE,tmle
0.0562341325190349,2.51222988587759e-05,0,FALSE,FALSE,"",,,,regression,3,1,1,0.215262033900562,interior,0,,TRUE,TRUE,TRUE,tmle
0.1,2.51222988587759e-05,0,FALSE,FALSE,"",,,,regression,3,1,1,0.215262033900562,interior,0,,TRUE,TRUE,TRUE,tmle
0.177827941003892,2.51222988587759e-05,0,FALSE,FALSE,"",,,,regression,3,1,1,0.215262033900562,interior,0,,TRUE,TRUE,TRUE,tmle
0.316227766016838,2.51222988587759e-05,0,FALSE,FALSE,"",,,,regression,3,1,1,0.215262033900562,interior,0,,TRUE,TRUE,TRUE,tmle
0.562341325190349,2.51222988587759e-05,0,FALSE,FALSE,"",,,,regression,3,1,1,0.215262033900562,interior,0,,TRUE,TRUE,TRUE,tmle
1,2.51222988587759e-05,0,FALSE,FALSE,"",,,,regression,3,1,1,0.215262033900562,interior,0,,TRUE,TRUE,TRUE,tmle
1e-10,2.22140912676991e-06,5,FALSE,FALSE,"",,,,regression,3,2,1,0,interior_after_extension,5,,TRUE,TRUE,TRUE,tmle
1.77827941003892e-10,2.22140914004969e-06,5,FALSE,FALSE,"",,,,regression,3,2,1,0,interior_after_extension,5,,TRUE,TRUE,TRUE,tmle
3.16227766016838e-10,2.22140916675134e-06,5,FALSE,FALSE,"",,,,regression,3,2,1,0,interior_after_extension,5,,TRUE,TRUE,TRUE,tmle
5.62341325190349e-10,2.2214089777602e-06,5,TRUE,FALSE,"",,,,regression,3,2,1,0,interior_after_extension,5,,TRUE,TRUE,TRUE,tmle
1e-09,2.22140928075262e-06,4,FALSE,FALSE,"",,,,regression,3,2,1,0,interior_after_extension,5,,TRUE,TRUE,TRUE,tmle
1.77827941003892e-09,2.22140941387494e-06,4,FALSE,FALSE,"",,,,regression,3,2,1,0,interior_after_extension,5,,TRUE,TRUE,TRUE,tmle
3.16227766016838e-09,2.22140965362875e-06,4,FALSE,FALSE,"",,,,regression,3,2,1,0,interior_after_extension,5,,TRUE,TRUE,TRUE,tmle
5.62341325190349e-09,2.22140984693926e-06,4,FALSE,FALSE,"",,,,regression,3,2,1,0,interior_after_extension,5,,TRUE,TRUE,TRUE,tmle
1e-08,2.22141082058324e-06,3,FALSE,FALSE,"",,,,regression,3,2,1,0,interior_after_extension,5,,TRUE,TRUE,TRUE,tmle
1.77827941003892e-08,2.22141215213817e-06,3,FALSE,FALSE,"",,,,regression,3,2,1,0,interior_after_extension,5,,TRUE,TRUE,TRUE,tmle
3.16227766016838e-08,2.22141452243567e-06,3,FALSE,FALSE,"",,,,regression,3,2,1,0,interior_after_extension,5,,TRUE,TRUE,TRUE,tmle
5.62341325190349e-08,2.22141853883558e-06,3,FALSE,FALSE,"",,,,regression,3,2,1,0,interior_after_extension,5,,TRUE,TRUE,TRUE,tmle
1e-07,2.22142621927832e-06,2,FALSE,FALSE,"",,,,regression,3,2,1,0,interior_after_extension,5,,TRUE,TRUE,TRUE,tmle
1.77827941003892e-07,2.22143953218442e-06,2,FALSE,FALSE,"",,,,regression,3,2,1,0,interior_after_extension,5,,TRUE,TRUE,TRUE,tmle
3.16227766016838e-07,2.2214634094182e-06,2,FALSE,FALSE,"",,,,regression,3,2,1,0,interior_after_extension,5,,TRUE,TRUE,TRUE,tmle
5.62341325190349e-07,2.22150546841475e-06,2,FALSE,FALSE,"",,,,regression,3,2,1,0,interior_after_extension,5,,TRUE,TRUE,TRUE,tmle
1e-06,2.22158082374686e-06,1,FALSE,FALSE,"",,,,regression,3,2,1,0,interior_after_extension,5,,TRUE,TRUE,TRUE,tmle
1.77827941003892e-06,2.22171464784824e-06,1,FALSE,FALSE,"",,,,regression,3,2,1,0,interior_after_extension,5,,TRUE,TRUE,TRUE,tmle
3.16227766016838e-06,2.22195260679843e-06,1,FALSE,FALSE,"",,,,regression,3,2,1,0,interior_after_extension,5,,TRUE,TRUE,TRUE,tmle
5.62341325190349e-06,2.22237582579639e-06,1,FALSE,FALSE,"",,,,regression,3,2,1,0,interior_after_extension,5,,TRUE,TRUE,TRUE,tmle
1e-05,2.22313032401719e-06,0,FALSE,FALSE,"",,,,regression,3,2,1,0,interior_after_extension,5,,TRUE,TRUE,TRUE,tmle
1.77827941003892e-05,2.22447512426257e-06,0,FALSE,FALSE,"",,,,regression,3,2,1,0,interior_after_extension,5,,TRUE,TRUE,TRUE,tmle
3.16227766016838e-05,2.22687758386942e-06,0,FALSE,FALSE,"",,,,regression,3,2,1,0,interior_after_extension,5,,TRUE,TRUE,TRUE,tmle
5.62341325190349e-05,2.23118565498613e-06,0,FALSE,FALSE,"",,,,regression,3,2,1,0,interior_after_extension,5,,TRUE,TRUE,TRUE,tmle
1e-04,2.23895943317953e-06,0,FALSE,FALSE,"",,,,regression,3,2,1,0,interior_after_extension,5,,TRUE,TRUE,TRUE,tmle
0.000177827941003892,2.25314031921276e-06,0,FALSE,FALSE,"",,,,regression,3,2,1,0,interior_after_extension,5,,TRUE,TRUE,TRUE,tmle
0.000316227766016838,2.27948508470643e-06,0,FALSE,FALSE,"",,,,regression,3,2,1,0,interior_after_extension,5,,TRUE,TRUE,TRUE,tmle
0.000562341325190349,2.32989893607161e-06,0,FALSE,FALSE,"",,,,regression,3,2,1,0,interior_after_extension,5,,TRUE,TRUE,TRUE,tmle
0.001,2.43082398476759e-06,0,FALSE,FALSE,"",,,,regression,3,2,1,0,interior_after_extension,5,,TRUE,TRUE,TRUE,tmle
0.00177827941003892,2.64595246148333e-06,0,FALSE,FALSE,"",,,,regression,3,2,1,0,interior_after_extension,5,,TRUE,TRUE,TRUE,tmle
0.00316227766016838,3.07005832660319e-06,0,FALSE,FALSE,"",,,,regression,3,2,1,0,interior_after_extension,5,,TRUE,TRUE,TRUE,tmle
0.00562341325190349,3.48368892149978e-06,0,FALSE,FALSE,"",,,,regression,3,2,1,0,interior_after_extension,5,,TRUE,TRUE,TRUE,tmle
0.01,3.65355315939041e-06,0,FALSE,FALSE,"",,,,regression,3,2,1,0,interior_after_extension,5,,TRUE,TRUE,TRUE,tmle
0.0177827941003892,3.65355315939041e-06,0,FALSE,FALSE,"",,,,regression,3,2,1,0,interior_after_extension,5,,TRUE,TRUE,TRUE,tmle
0.0316227766016838,3.65355315939041e-06,0,FALSE,FALSE,"",,,,regression,3,2,1,0,interior_after_extension,5,,TRUE,TRUE,TRUE,tmle
0.0562341325190349,3.65355315939041e-06,0,FALSE,FALSE,"",,,,regression,3,2,1,0,interior_after_extension,5,,TRUE,TRUE,TRUE,tmle
0.1,3.65355315939041e-06,0,FALSE,FALSE,"",,,,regression,3,2,1,0,interior_after_extension,5,,TRUE,TRUE,TRUE,tmle
0.177827941003892,3.65355315939041e-06,0,FALSE,FALSE,"",,,,regression,3,2,1,0,interior_after_extension,5,,TRUE,TRUE,TRUE,tmle
0.316227766016838,3.65355315939041e-06,0,FALSE,FALSE,"",,,,regression,3,2,1,0,interior_after_extension,5,,TRUE,TRUE,TRUE,tmle
0.562341325190349,3.65355315939041e-06,0,FALSE,FALSE,"",,,,regression,3,2,1,0,interior_after_extension,5,,TRUE,TRUE,TRUE,tmle
1,3.65355315939041e-06,0,FALSE,FALSE,"",,,,regression,3,2,1,0,interior_after_extension,5,,TRUE,TRUE,TRUE,tmle
