scale,loss,grid_round,selected,failed,failure,scored_rows,paired_rows,informative,mechanism,outer_fold,training_scope,candidate
1e-10,-0.000985643180082004,0,FALSE,FALSE,"",2666,2580,TRUE,binary_longitudinal,1,1,sieve_md
1.77827941003892e-10,-0.00104465905853903,0,FALSE,FALSE,"",2666,2580,TRUE,binary_longitudinal,1,1,sieve_md
3.16227766016838e-10,-0.00104964243070441,0,TRUE,FALSE,"",2666,2580,TRUE,binary_longitudinal,1,1,sieve_md
5.62341325190349e-10,-0.00103191358692964,0,FALSE,FALSE,"",2666,2580,TRUE,binary_longitudinal,1,1,sieve_md
1e-09,-0.00100568957919805,0,FALSE,FALSE,"",2666,2580,TRUE,binary_longitudinal,1,1,sieve_md
1.77827941003892e-09,-0.000975258996242624,0,FALSE,FALSE,"",2666,2580,TRUE,binary_longitudinal,1,1,sieve_md
3.16227766016838e-09,-0.000933089636354137,0,FALSE,FALSE,"",2666,2580,TRUE,binary_longitudinal,1,1,sieve_md
5.62341325190349e-09,-0.000907516419342871,0,FALSE,FALSE,"",2666,2580,TRUE,binary_longitudinal,1,1,sieve_md
1e-08,-0.000891603548790544,0,FALSE,FALSE,"",2666,2580,TRUE,binary_longitudinal,1,1,sieve_md
1.77827941003892e-08,-0.00088378405388794,0,FALSE,FALSE,"",2666,2580,TRUE,binary_longitudinal,1,1,sieve_md
3.16227766016838e-08,-0.000878522552411221,0,FALSE,FALSE,"",2666,2580,TRUE,binary_longitudinal,1,1,sieve_md
5.62341325190349e-08,-0.000876638153664881,0,FALSE,FALSE,"",2666,2580,TRUE,binary_longitudinal,1,1,sieve_md
1e-07,-0.00087621186294973,0,FALSE,FALSE,"",2666,2580,TRUE,binary_longitudinal,1,1,sieve_md
1.77827941003892e-07,-0.000877576271662284,0,FALSE,FALSE,"",2666,2580,TRUE,binary_longitudinal,1,1,sieve_md
3.16227766016838e-07,-0.000878195147922344,0,FALSE,FALSE,"",2666,2580,TRUE,binary_longitudinal,1,1,sieve_md
5.62341325190349e-07,-0.000876341731456542,0,FALSE,FALSE,"",2666,2580,TRUE,binary_longitudinal,1,1,sieve_md
1e-06,-0.000873705160060904,0,FALSE,FALSE,"",2666,2580,TRUE,binary_longitudinal,1,1,sieve_md
1.77827941003892e-06,-0.000870640783760941,0,FALSE,FALSE,"",2666,2580,TRUE,binary_longitudinal,1,1,sieve_md
3.16227766016838e-06,-0.000863161942390747,0,FALSE,FALSE,"",2666,2580,TRUE,binary_longitudinal,1,1,sieve_md
5.62341325190349e-06,-0.000825881467712018,0,FALSE,FALSE,"",2666,2580,TRUE,binary_longitudinal,1,1,sieve_md
1e-05,-0.000717293868664604,0,FALSE,FALSE,"",2666,2580,TRUE,binary_longitudinal,1,1,sieve_md
1.77827941003892e-05,-0.000485089301317643,0,FALSE,FALSE,"",2666,2580,TRUE,binary_longitudinal,1,1,sieve_md
3.16227766016838e-05,-0.000128813262827401,0,FALSE,FALSE,"",2666,2580,TRUE,binary_longitudinal,1,1,sieve_md
5.62341325190349e-05,0.00026250455840592,0,FALSE,FALSE,"",2666,2580,TRUE,binary_longitudinal,1,1,sieve_md
1e-04,0.000613822655965165,0,FALSE,FALSE,"",2666,2580,TRUE,binary_longitudinal,1,1,sieve_md
0.000177827941003892,0.000901129839100589,0,FALSE,FALSE,"",2666,2580,TRUE,binary_longitudinal,1,1,sieve_md
0.000316227766016838,0.00111980786027497,0,FALSE,FALSE,"",2666,2580,TRUE,binary_longitudinal,1,1,sieve_md
0.000562341325190349,0.00127362059472602,0,FALSE,FALSE,"",2666,2580,TRUE,binary_longitudinal,1,1,sieve_md
0.001,0.00137248548913536,0,FALSE,FALSE,"",2666,2580,TRUE,binary_longitudinal,1,1,sieve_md
0.00177827941003892,0.00142821215397893,0,FALSE,FALSE,"",2666,2580,TRUE,binary_longitudinal,1,1,sieve_md
0.00316227766016838,0.00145211850146731,0,FALSE,FALSE,"",2666,2580,TRUE,binary_longitudinal,1,1,sieve_md
0.00562341325190349,0.00145449386850584,0,FALSE,FALSE,"",2666,2580,TRUE,binary_longitudinal,1,1,sieve_md
0.01,0.0014483796767189,0,FALSE,FALSE,"",2666,2580,TRUE,binary_longitudinal,1,1,sieve_md
0.0177827941003892,0.0014550906780316,0,FALSE,FALSE,"",2666,2580,TRUE,binary_longitudinal,1,1,sieve_md
0.0316227766016838,0.00150492420532025,0,FALSE,FALSE,"",2666,2580,TRUE,binary_longitudinal,1,1,sieve_md
0.0562341325190349,0.00162247691631858,0,FALSE,FALSE,"",2666,2580,TRUE,binary_longitudinal,1,1,sieve_md
0.1,0.00181489678399796,0,FALSE,FALSE,"",2666,2580,TRUE,binary_longitudinal,1,1,sieve_md
0.177827941003892,0.00209196825105444,0,FALSE,FALSE,"",2666,2580,TRUE,binary_longitudinal,1,1,sieve_md
0.316227766016838,0.00248153536183182,0,FALSE,FALSE,"",2666,2580,TRUE,binary_longitudinal,1,1,sieve_md
0.562341325190349,0.00297193091253247,0,FALSE,FALSE,"",2666,2580,TRUE,binary_longitudinal,1,1,sieve_md
1,0.00347300749627382,0,FALSE,FALSE,"",2666,2580,TRUE,binary_longitudinal,1,1,sieve_md
1e-10,-0.000919606380120242,0,FALSE,FALSE,"",1777,1713,TRUE,binary_longitudinal,1,2,sieve_md
1.77827941003892e-10,-0.000922376361951351,0,FALSE,FALSE,"",1777,1713,TRUE,binary_longitudinal,1,2,sieve_md
3.16227766016838e-10,-0.000919589473272916,0,FALSE,FALSE,"",1777,1713,TRUE,binary_longitudinal,1,2,sieve_md
5.62341325190349e-10,-0.000917341775821919,0,FALSE,FALSE,"",1777,1713,TRUE,binary_longitudinal,1,2,sieve_md
1e-09,-0.000924311737631805,0,TRUE,FALSE,"",1777,1713,TRUE,binary_longitudinal,1,2,sieve_md
1.77827941003892e-09,-0.000918493586579949,0,FALSE,FALSE,"",1777,1713,TRUE,binary_longitudinal,1,2,sieve_md
3.16227766016838e-09,-0.000913283943241789,0,FALSE,FALSE,"",1777,1713,TRUE,binary_longitudinal,1,2,sieve_md
5.62341325190349e-09,-0.000914705513064463,0,FALSE,FALSE,"",1777,1713,TRUE,binary_longitudinal,1,2,sieve_md
1e-08,-0.000914588816403357,0,FALSE,FALSE,"",1777,1713,TRUE,binary_longitudinal,1,2,sieve_md
1.77827941003892e-08,-0.000918917548153923,0,FALSE,FALSE,"",1777,1713,TRUE,binary_longitudinal,1,2,sieve_md
3.16227766016838e-08,-0.000918330640237628,0,FALSE,FALSE,"",1777,1713,TRUE,binary_longitudinal,1,2,sieve_md
5.62341325190349e-08,-0.000918821978038098,0,FALSE,FALSE,"",1777,1713,TRUE,binary_longitudinal,1,2,sieve_md
1e-07,-0.000920349094658857,0,FALSE,FALSE,"",1777,1713,TRUE,binary_longitudinal,1,2,sieve_md
1.77827941003892e-07,-0.000920756390446837,0,FALSE,FALSE,"",1777,1713,TRUE,binary_longitudinal,1,2,sieve_md
3.16227766016838e-07,-0.000917458082407768,0,FALSE,FALSE,"",1777,1713,TRUE,binary_longitudinal,1,2,sieve_md
5.62341325190349e-07,-0.000907958648965313,0,FALSE,FALSE,"",1777,1713,TRUE,binary_longitudinal,1,2,sieve_md
1e-06,-0.000890848852650817,0,FALSE,FALSE,"",1777,1713,TRUE,binary_longitudinal,1,2,sieve_md
1.77827941003892e-06,-0.000864149021286245,0,FALSE,FALSE,"",1777,1713,TRUE,binary_longitudinal,1,2,sieve_md
3.16227766016838e-06,-0.000819586412879035,0,FALSE,FALSE,"",1777,1713,TRUE,binary_longitudinal,1,2,sieve_md
5.62341325190349e-06,-0.000723845465029462,0,FALSE,FALSE,"",1777,1713,TRUE,binary_longitudinal,1,2,sieve_md
1e-05,-0.000495280992610307,0,FALSE,FALSE,"",1777,1713,TRUE,binary_longitudinal,1,2,sieve_md
1.77827941003892e-05,-7.23919874728562e-05,0,FALSE,FALSE,"",1777,1713,TRUE,binary_longitudinal,1,2,sieve_md
3.16227766016838e-05,0.000742335435301299,0,FALSE,FALSE,"",1777,1713,TRUE,binary_longitudinal,1,2,sieve_md
5.62341325190349e-05,0.00160131448411747,0,FALSE,FALSE,"",1777,1713,TRUE,binary_longitudinal,1,2,sieve_md
1e-04,0.00238052925498119,0,FALSE,FALSE,"",1777,1713,TRUE,binary_longitudinal,1,2,sieve_md
0.000177827941003892,0.00304765561906259,0,FALSE,FALSE,"",1777,1713,TRUE,binary_longitudinal,1,2,sieve_md
0.000316227766016838,0.00357065842441118,0,FALSE,FALSE,"",1777,1713,TRUE,binary_longitudinal,1,2,sieve_md
0.000562341325190349,0.00394704680391868,0,FALSE,FALSE,"",1777,1713,TRUE,binary_longitudinal,1,2,sieve_md
0.001,0.00419661775741128,0,FALSE,FALSE,"",1777,1713,TRUE,binary_longitudinal,1,2,sieve_md
0.00177827941003892,0.00435057307355001,0,FALSE,FALSE,"",1777,1713,TRUE,binary_longitudinal,1,2,sieve_md
0.00316227766016838,0.00444144519363866,0,FALSE,FALSE,"",1777,1713,TRUE,binary_longitudinal,1,2,sieve_md
0.00562341325190349,0.00450056576511063,0,FALSE,FALSE,"",1777,1713,TRUE,binary_longitudinal,1,2,sieve_md
0.01,0.00456124695247456,0,FALSE,FALSE,"",1777,1713,TRUE,binary_longitudinal,1,2,sieve_md
0.0177827941003892,0.00466132630326102,0,FALSE,FALSE,"",1777,1713,TRUE,binary_longitudinal,1,2,sieve_md
0.0316227766016838,0.00482834267759639,0,FALSE,FALSE,"",1777,1713,TRUE,binary_longitudinal,1,2,sieve_md
0.0562341325190349,0.00505678818153884,0,FALSE,FALSE,"",1777,1713,TRUE,binary_longitudinal,1,2,sieve_md
0.1,0.00534495856176557,0,FALSE,FALSE,"",1777,1713,TRUE,binary_longitudinal,1,2,sieve_md
0.177827941003892,0.00577282683896441,0,FALSE,FALSE,"",1777,1713,TRUE,binary_longitudinal,1,2,sieve_md
0.316227766016838,0.00646202614864172,0,FALSE,FALSE,"",1777,1713,TRUE,binary_longitudinal,1,2,sieve_md
0.562341325190349,0.00738396658159472,0,FALSE,FALSE,"",1777,1713,TRUE,binary_longitudinal,1,2,sieve_md
1,0.00831291745605476,0,FALSE,FALSE,"",1777,1713,TRUE,binary_longitudinal,1,2,sieve_md
1e-10,-0.000626145684080926,0,FALSE,FALSE,"",1777,1725,TRUE,binary_longitudinal,1,3,sieve_md
1.77827941003892e-10,-0.000603240363406247,0,FALSE,FALSE,"",1777,1725,TRUE,binary_longitudinal,1,3,sieve_md
3.16227766016838e-10,-0.000565645752914654,0,FALSE,FALSE,"",1777,1725,TRUE,binary_longitudinal,1,3,sieve_md
5.62341325190349e-10,-0.000540481873805366,0,FALSE,FALSE,"",1777,1725,TRUE,binary_longitudinal,1,3,sieve_md
1e-09,-0.000541974461821527,0,FALSE,FALSE,"",1777,1725,TRUE,binary_longitudinal,1,3,sieve_md
1.77827941003892e-09,-0.000532999532616827,0,FALSE,FALSE,"",1777,1725,TRUE,binary_longitudinal,1,3,sieve_md
3.16227766016838e-09,-0.000536425699397429,0,FALSE,FALSE,"",1777,1725,TRUE,binary_longitudinal,1,3,sieve_md
5.62341325190349e-09,-0.000547375299540777,0,FALSE,FALSE,"",1777,1725,TRUE,binary_longitudinal,1,3,sieve_md
1e-08,-0.000560360810217425,0,FALSE,FALSE,"",1777,1725,TRUE,binary_longitudinal,1,3,sieve_md
1.77827941003892e-08,-0.000579846954762536,0,FALSE,FALSE,"",1777,1725,TRUE,binary_longitudinal,1,3,sieve_md
3.16227766016838e-08,-0.000599137225439149,0,FALSE,FALSE,"",1777,1725,TRUE,binary_longitudinal,1,3,sieve_md
5.62341325190349e-08,-0.000617858308675397,0,FALSE,FALSE,"",1777,1725,TRUE,binary_longitudinal,1,3,sieve_md
1e-07,-0.000638557163464926,0,FALSE,FALSE,"",1777,1725,TRUE,binary_longitudinal,1,3,sieve_md
1.77827941003892e-07,-0.00065754855803749,0,FALSE,FALSE,"",1777,1725,TRUE,binary_longitudinal,1,3,sieve_md
3.16227766016838e-07,-0.000671981789684963,0,FALSE,FALSE,"",1777,1725,TRUE,binary_longitudinal,1,3,sieve_md
5.62341325190349e-07,-0.000680902120528947,0,FALSE,FALSE,"",1777,1725,TRUE,binary_longitudinal,1,3,sieve_md
1e-06,-0.00068372219153575,0,TRUE,FALSE,"",1777,1725,TRUE,binary_longitudinal,1,3,sieve_md
1.77827941003892e-06,-0.000678981966424885,0,FALSE,FALSE,"",1777,1725,TRUE,binary_longitudinal,1,3,sieve_md
3.16227766016838e-06,-0.00066367775080425,0,FALSE,FALSE,"",1777,1725,TRUE,binary_longitudinal,1,3,sieve_md
5.62341325190349e-06,-0.000620534506157351,0,FALSE,FALSE,"",1777,1725,TRUE,binary_longitudinal,1,3,sieve_md
1e-05,-0.000475076087553699,0,FALSE,FALSE,"",1777,1725,TRUE,binary_longitudinal,1,3,sieve_md
1.77827941003892e-05,-5.33332671739115e-05,0,FALSE,FALSE,"",1777,1725,TRUE,binary_longitudinal,1,3,sieve_md
3.16227766016838e-05,0.000883928830159066,0,FALSE,FALSE,"",1777,1725,TRUE,binary_longitudinal,1,3,sieve_md
5.62341325190349e-05,0.00195009076072907,0,FALSE,FALSE,"",1777,1725,TRUE,binary_longitudinal,1,3,sieve_md
1e-04,0.00286459098554833,0,FALSE,FALSE,"",1777,1725,TRUE,binary_longitudinal,1,3,sieve_md
0.000177827941003892,0.00359550103244352,0,FALSE,FALSE,"",1777,1725,TRUE,binary_longitudinal,1,3,sieve_md
0.000316227766016838,0.00414200622807254,0,FALSE,FALSE,"",1777,1725,TRUE,binary_longitudinal,1,3,sieve_md
0.000562341325190349,0.00452188106437987,0,FALSE,FALSE,"",1777,1725,TRUE,binary_longitudinal,1,3,sieve_md
0.001,0.00476565111001465,0,FALSE,FALSE,"",1777,1725,TRUE,binary_longitudinal,1,3,sieve_md
0.00177827941003892,0.00490813646707127,0,FALSE,FALSE,"",1777,1725,TRUE,binary_longitudinal,1,3,sieve_md
0.00316227766016838,0.00497944584631318,0,FALSE,FALSE,"",1777,1725,TRUE,binary_longitudinal,1,3,sieve_md
0.00562341325190349,0.00500293318290353,0,FALSE,FALSE,"",1777,1725,TRUE,binary_longitudinal,1,3,sieve_md
0.01,0.00499813175406425,0,FALSE,FALSE,"",1777,1725,TRUE,binary_longitudinal,1,3,sieve_md
0.0177827941003892,0.00498649561590174,0,FALSE,FALSE,"",1777,1725,TRUE,binary_longitudinal,1,3,sieve_md
0.0316227766016838,0.00499039357092311,0,FALSE,FALSE,"",1777,1725,TRUE,binary_longitudinal,1,3,sieve_md
0.0562341325190349,0.00502358876147417,0,FALSE,FALSE,"",1777,1725,TRUE,binary_longitudinal,1,3,sieve_md
0.1,0.00510823097896798,0,FALSE,FALSE,"",1777,1725,TRUE,binary_longitudinal,1,3,sieve_md
0.177827941003892,0.00530892452034018,0,FALSE,FALSE,"",1777,1725,TRUE,binary_longitudinal,1,3,sieve_md
0.316227766016838,0.00570644564163247,0,FALSE,FALSE,"",1777,1725,TRUE,binary_longitudinal,1,3,sieve_md
0.562341325190349,0.00627868029460242,0,FALSE,FALSE,"",1777,1725,TRUE,binary_longitudinal,1,3,sieve_md
1,0.00687505751409887,0,FALSE,FALSE,"",1777,1725,TRUE,binary_longitudinal,1,3,sieve_md
1e-12,-0.000705930078626987,2,FALSE,FALSE,"",1778,1722,TRUE,binary_longitudinal,1,4,sieve_md
1.77827941003892e-12,-0.000716988912366538,2,FALSE,FALSE,"",1778,1722,TRUE,binary_longitudinal,1,4,sieve_md
3.16227766016838e-12,-0.000725268236423049,2,TRUE,FALSE,"",1778,1722,TRUE,binary_longitudinal,1,4,sieve_md
5.62341325190349e-12,-0.000720872572986003,2,FALSE,FALSE,"",1778,1722,TRUE,binary_longitudinal,1,4,sieve_md
1e-11,-0.00071606514854506,1,FALSE,FALSE,"",1778,1722,TRUE,binary_longitudinal,1,4,sieve_md
1.77827941003892e-11,-0.000703510675453809,1,FALSE,FALSE,"",1778,1722,TRUE,binary_longitudinal,1,4,sieve_md
3.16227766016838e-11,-0.000683264328745712,1,FALSE,FALSE,"",1778,1722,TRUE,binary_longitudinal,1,4,sieve_md
5.62341325190349e-11,-0.000663739940146717,1,FALSE,FALSE,"",1778,1722,TRUE,binary_longitudinal,1,4,sieve_md
1e-10,-0.0006411059840288,0,FALSE,FALSE,"",1778,1722,TRUE,binary_longitudinal,1,4,sieve_md
1.77827941003892e-10,-0.000623088680439896,0,FALSE,FALSE,"",1778,1722,TRUE,binary_longitudinal,1,4,sieve_md
3.16227766016838e-10,-0.000606107380459238,0,FALSE,FALSE,"",1778,1722,TRUE,binary_longitudinal,1,4,sieve_md
5.62341325190349e-10,-0.000594424487440117,0,FALSE,FALSE,"",1778,1722,TRUE,binary_longitudinal,1,4,sieve_md
1e-09,-0.000584831960709188,0,FALSE,FALSE,"",1778,1722,TRUE,binary_longitudinal,1,4,sieve_md
1.77827941003892e-09,-0.000576677716499985,0,FALSE,FALSE,"",1778,1722,TRUE,binary_longitudinal,1,4,sieve_md
3.16227766016838e-09,-0.000568220049187421,0,FALSE,FALSE,"",1778,1722,TRUE,binary_longitudinal,1,4,sieve_md
5.62341325190349e-09,-0.000560438823147029,0,FALSE,FALSE,"",1778,1722,TRUE,binary_longitudinal,1,4,sieve_md
1e-08,-0.00054787189604935,0,FALSE,FALSE,"",1778,1722,TRUE,binary_longitudinal,1,4,sieve_md
1.77827941003892e-08,-0.000533458103136607,0,FALSE,FALSE,"",1778,1722,TRUE,binary_longitudinal,1,4,sieve_md
3.16227766016838e-08,-0.000514716446636017,0,FALSE,FALSE,"",1778,1722,TRUE,binary_longitudinal,1,4,sieve_md
5.62341325190349e-08,-0.00049060814007091,0,FALSE,FALSE,"",1778,1722,TRUE,binary_longitudinal,1,4,sieve_md
1e-07,-0.000460619380746383,0,FALSE,FALSE,"",1778,1722,TRUE,binary_longitudinal,1,4,sieve_md
1.77827941003892e-07,-0.000424264032698617,0,FALSE,FALSE,"",1778,1722,TRUE,binary_longitudinal,1,4,sieve_md
3.16227766016838e-07,-0.000383590385959576,0,FALSE,FALSE,"",1778,1722,TRUE,binary_longitudinal,1,4,sieve_md
5.62341325190349e-07,-0.000343861570208451,0,FALSE,FALSE,"",1778,1722,TRUE,binary_longitudinal,1,4,sieve_md
1e-06,-0.000313176392284622,0,FALSE,FALSE,"",1778,1722,TRUE,binary_longitudinal,1,4,sieve_md
1.77827941003892e-06,-0.000307170022034938,0,FALSE,FALSE,"",1778,1722,TRUE,binary_longitudinal,1,4,sieve_md
3.16227766016838e-06,-0.000337045394820053,0,FALSE,FALSE,"",1778,1722,TRUE,binary_longitudinal,1,4,sieve_md
5.62341325190349e-06,-0.000392463610478286,0,FALSE,FALSE,"",1778,1722,TRUE,binary_longitudinal,1,4,sieve_md
1e-05,-0.000413356656294634,0,FALSE,FALSE,"",1778,1722,TRUE,binary_longitudinal,1,4,sieve_md
1.77827941003892e-05,-0.000271900669722433,0,FALSE,FALSE,"",1778,1722,TRUE,binary_longitudinal,1,4,sieve_md
3.16227766016838e-05,0.000281213243432291,0,FALSE,FALSE,"",1778,1722,TRUE,binary_longitudinal,1,4,sieve_md
5.62341325190349e-05,0.00102846662177211,0,FALSE,FALSE,"",1778,1722,TRUE,binary_longitudinal,1,4,sieve_md
1e-04,0.00174823276106851,0,FALSE,FALSE,"",1778,1722,TRUE,binary_longitudinal,1,4,sieve_md
0.000177827941003892,0.00238630456433842,0,FALSE,FALSE,"",1778,1722,TRUE,binary_longitudinal,1,4,sieve_md
0.000316227766016838,0.00290186872032673,0,FALSE,FALSE,"",1778,1722,TRUE,binary_longitudinal,1,4,sieve_md
0.000562341325190349,0.00328099581070197,0,FALSE,FALSE,"",1778,1722,TRUE,binary_longitudinal,1,4,sieve_md
0.001,0.00353439705545341,0,FALSE,FALSE,"",1778,1722,TRUE,binary_longitudinal,1,4,sieve_md
0.00177827941003892,0.00368717045815869,0,FALSE,FALSE,"",1778,1722,TRUE,binary_longitudinal,1,4,sieve_md
0.00316227766016838,0.003766980536107,0,FALSE,FALSE,"",1778,1722,TRUE,binary_longitudinal,1,4,sieve_md
0.00562341325190349,0.00379961422405975,0,FALSE,FALSE,"",1778,1722,TRUE,binary_longitudinal,1,4,sieve_md
0.01,0.00381042331644596,0,FALSE,FALSE,"",1778,1722,TRUE,binary_longitudinal,1,4,sieve_md
0.0177827941003892,0.00383174971862166,0,FALSE,FALSE,"",1778,1722,TRUE,binary_longitudinal,1,4,sieve_md
0.0316227766016838,0.00389705496404139,0,FALSE,FALSE,"",1778,1722,TRUE,binary_longitudinal,1,4,sieve_md
0.0562341325190349,0.00402531493297134,0,FALSE,FALSE,"",1778,1722,TRUE,binary_longitudinal,1,4,sieve_md
0.1,0.00423629837473599,0,FALSE,FALSE,"",1778,1722,TRUE,binary_longitudinal,1,4,sieve_md
0.177827941003892,0.00459328538100382,0,FALSE,FALSE,"",1778,1722,TRUE,binary_longitudinal,1,4,sieve_md
0.316227766016838,0.00518367272473107,0,FALSE,FALSE,"",1778,1722,TRUE,binary_longitudinal,1,4,sieve_md
0.562341325190349,0.00599031855674188,0,FALSE,FALSE,"",1778,1722,TRUE,binary_longitudinal,1,4,sieve_md
1,0.00683080391155347,0,FALSE,FALSE,"",1778,1722,TRUE,binary_longitudinal,1,4,sieve_md
1e-11,-0.000849663441539771,1,FALSE,FALSE,"",2667,2584,TRUE,binary_longitudinal,2,1,sieve_md
1.77827941003892e-11,-0.000859581647989905,1,FALSE,FALSE,"",2667,2584,TRUE,binary_longitudinal,2,1,sieve_md
3.16227766016838e-11,-0.000860450009202016,1,FALSE,FALSE,"",2667,2584,TRUE,binary_longitudinal,2,1,sieve_md
5.62341325190349e-11,-0.000862091920818725,1,TRUE,FALSE,"",2667,2584,TRUE,binary_longitudinal,2,1,sieve_md
1e-10,-0.000856392147370986,0,FALSE,FALSE,"",2667,2584,TRUE,binary_longitudinal,2,1,sieve_md
1.77827941003892e-10,-0.000849420403158266,0,FALSE,FALSE,"",2667,2584,TRUE,binary_longitudinal,2,1,sieve_md
3.16227766016838e-10,-0.000841936485436072,0,FALSE,FALSE,"",2667,2584,TRUE,binary_longitudinal,2,1,sieve_md
5.62341325190349e-10,-0.000832397135468157,0,FALSE,FALSE,"",2667,2584,TRUE,binary_longitudinal,2,1,sieve_md
1e-09,-0.00082916688146864,0,FALSE,FALSE,"",2667,2584,TRUE,binary_longitudinal,2,1,sieve_md
1.77827941003892e-09,-0.000810887528174797,0,FALSE,FALSE,"",2667,2584,TRUE,binary_longitudinal,2,1,sieve_md
3.16227766016838e-09,-0.00079911799218444,0,FALSE,FALSE,"",2667,2584,TRUE,binary_longitudinal,2,1,sieve_md
5.62341325190349e-09,-0.000786560738924513,0,FALSE,FALSE,"",2667,2584,TRUE,binary_longitudinal,2,1,sieve_md
1e-08,-0.000776583418584706,0,FALSE,FALSE,"",2667,2584,TRUE,binary_longitudinal,2,1,sieve_md
1.77827941003892e-08,-0.000760932708439004,0,FALSE,FALSE,"",2667,2584,TRUE,binary_longitudinal,2,1,sieve_md
3.16227766016838e-08,-0.000747381827937668,0,FALSE,FALSE,"",2667,2584,TRUE,binary_longitudinal,2,1,sieve_md
5.62341325190349e-08,-0.000734803266968142,0,FALSE,FALSE,"",2667,2584,TRUE,binary_longitudinal,2,1,sieve_md
1e-07,-0.000719090387200652,0,FALSE,FALSE,"",2667,2584,TRUE,binary_longitudinal,2,1,sieve_md
1.77827941003892e-07,-0.000705091463796371,0,FALSE,FALSE,"",2667,2584,TRUE,binary_longitudinal,2,1,sieve_md
3.16227766016838e-07,-0.000692722998209169,0,FALSE,FALSE,"",2667,2584,TRUE,binary_longitudinal,2,1,sieve_md
5.62341325190349e-07,-0.000686030640376624,0,FALSE,FALSE,"",2667,2584,TRUE,binary_longitudinal,2,1,sieve_md
1e-06,-0.000690899244453955,0,FALSE,FALSE,"",2667,2584,TRUE,binary_longitudinal,2,1,sieve_md
1.77827941003892e-06,-0.00071531974634037,0,FALSE,FALSE,"",2667,2584,TRUE,binary_longitudinal,2,1,sieve_md
3.16227766016838e-06,-0.00076435038378535,0,FALSE,FALSE,"",2667,2584,TRUE,binary_longitudinal,2,1,sieve_md
5.62341325190349e-06,-0.000816478530166827,0,FALSE,FALSE,"",2667,2584,TRUE,binary_longitudinal,2,1,sieve_md
1e-05,-0.000797045932346444,0,FALSE,FALSE,"",2667,2584,TRUE,binary_longitudinal,2,1,sieve_md
1.77827941003892e-05,-0.000650073899903875,0,FALSE,FALSE,"",2667,2584,TRUE,binary_longitudinal,2,1,sieve_md
3.16227766016838e-05,-0.000383929605042203,0,FALSE,FALSE,"",2667,2584,TRUE,binary_longitudinal,2,1,sieve_md
5.62341325190349e-05,-5.05948881625593e-05,0,FALSE,FALSE,"",2667,2584,TRUE,binary_longitudinal,2,1,sieve_md
1e-04,0.000268142804803625,0,FALSE,FALSE,"",2667,2584,TRUE,binary_longitudinal,2,1,sieve_md
0.000177827941003892,0.000525298280314247,0,FALSE,FALSE,"",2667,2584,TRUE,binary_longitudinal,2,1,sieve_md
0.000316227766016838,0.000710434885949544,0,FALSE,FALSE,"",2667,2584,TRUE,binary_longitudinal,2,1,sieve_md
0.000562341325190349,0.000831392566949232,0,FALSE,FALSE,"",2667,2584,TRUE,binary_longitudinal,2,1,sieve_md
0.001,0.000902474385574362,0,FALSE,FALSE,"",2667,2584,TRUE,binary_longitudinal,2,1,sieve_md
0.00177827941003892,0.00093706725689621,0,FALSE,FALSE,"",2667,2584,TRUE,binary_longitudinal,2,1,sieve_md
0.00316227766016838,0.000945111392722764,0,FALSE,FALSE,"",2667,2584,TRUE,binary_longitudinal,2,1,sieve_md
0.00562341325190349,0.000934599307990672,0,FALSE,FALSE,"",2667,2584,TRUE,binary_longitudinal,2,1,sieve_md
0.01,0.000916605079848146,0,FALSE,FALSE,"",2667,2584,TRUE,binary_longitudinal,2,1,sieve_md
0.0177827941003892,0.000912248900588799,0,FALSE,FALSE,"",2667,2584,TRUE,binary_longitudinal,2,1,sieve_md
0.0316227766016838,0.000953961657946893,0,FALSE,FALSE,"",2667,2584,TRUE,binary_longitudinal,2,1,sieve_md
0.0562341325190349,0.00107279676948736,0,FALSE,FALSE,"",2667,2584,TRUE,binary_longitudinal,2,1,sieve_md
0.1,0.00127904177263601,0,FALSE,FALSE,"",2667,2584,TRUE,binary_longitudinal,2,1,sieve_md
0.177827941003892,0.00157208467934472,0,FALSE,FALSE,"",2667,2584,TRUE,binary_longitudinal,2,1,sieve_md
0.316227766016838,0.00196333845294391,0,FALSE,FALSE,"",2667,2584,TRUE,binary_longitudinal,2,1,sieve_md
0.562341325190349,0.00243987460817049,0,FALSE,FALSE,"",2667,2584,TRUE,binary_longitudinal,2,1,sieve_md
1,0.00292288056784115,0,FALSE,FALSE,"",2667,2584,TRUE,binary_longitudinal,2,1,sieve_md
1e-10,-0.000250768167001913,0,FALSE,FALSE,"",1778,1717,TRUE,binary_longitudinal,2,2,sieve_md
1.77827941003892e-10,-0.000277138012136111,0,FALSE,FALSE,"",1778,1717,TRUE,binary_longitudinal,2,2,sieve_md
3.16227766016838e-10,-0.000303975562881612,0,FALSE,FALSE,"",1778,1717,TRUE,binary_longitudinal,2,2,sieve_md
5.62341325190349e-10,-0.000328567117793887,0,FALSE,FALSE,"",1778,1717,TRUE,binary_longitudinal,2,2,sieve_md
1e-09,-0.000367323132833837,0,FALSE,FALSE,"",1778,1717,TRUE,binary_longitudinal,2,2,sieve_md
1.77827941003892e-09,-0.000402562113760644,0,FALSE,FALSE,"",1778,1717,TRUE,binary_longitudinal,2,2,sieve_md
3.16227766016838e-09,-0.000436669267344225,0,FALSE,FALSE,"",1778,1717,TRUE,binary_longitudinal,2,2,sieve_md
5.62341325190349e-09,-0.000472761251474035,0,FALSE,FALSE,"",1778,1717,TRUE,binary_longitudinal,2,2,sieve_md
1e-08,-0.000508688917094636,0,FALSE,FALSE,"",1778,1717,TRUE,binary_longitudinal,2,2,sieve_md
1.77827941003892e-08,-0.000544051251161184,0,FALSE,FALSE,"",1778,1717,TRUE,binary_longitudinal,2,2,sieve_md
3.16227766016838e-08,-0.00057802873521107,0,FALSE,FALSE,"",1778,1717,TRUE,binary_longitudinal,2,2,sieve_md
5.62341325190349e-08,-0.000608126216254658,0,FALSE,FALSE,"",1778,1717,TRUE,binary_longitudinal,2,2,sieve_md
1e-07,-0.000633528453260534,0,FALSE,FALSE,"",1778,1717,TRUE,binary_longitudinal,2,2,sieve_md
1.77827941003892e-07,-0.000646952031446934,0,FALSE,FALSE,"",1778,1717,TRUE,binary_longitudinal,2,2,sieve_md
3.16227766016838e-07,-0.000648090738134071,0,TRUE,FALSE,"",1778,1717,TRUE,binary_longitudinal,2,2,sieve_md
5.62341325190349e-07,-0.00063303214272534,0,FALSE,FALSE,"",1778,1717,TRUE,binary_longitudinal,2,2,sieve_md
1e-06,-0.000595937538171742,0,FALSE,FALSE,"",1778,1717,TRUE,binary_longitudinal,2,2,sieve_md
1.77827941003892e-06,-0.000523293803013886,0,FALSE,FALSE,"",1778,1717,TRUE,binary_longitudinal,2,2,sieve_md
3.16227766016838e-06,-0.000428917028955292,0,FALSE,FALSE,"",1778,1717,TRUE,binary_longitudinal,2,2,sieve_md
5.62341325190349e-06,-0.000268484688816342,0,FALSE,FALSE,"",1778,1717,TRUE,binary_longitudinal,2,2,sieve_md
1e-05,4.61354941820637e-05,0,FALSE,FALSE,"",1778,1717,TRUE,binary_longitudinal,2,2,sieve_md
1.77827941003892e-05,0.00059695601154087,0,FALSE,FALSE,"",1778,1717,TRUE,binary_longitudinal,2,2,sieve_md
3.16227766016838e-05,0.00127618779507429,0,FALSE,FALSE,"",1778,1717,TRUE,binary_longitudinal,2,2,sieve_md
5.62341325190349e-05,0.00197801088265583,0,FALSE,FALSE,"",1778,1717,TRUE,binary_longitudinal,2,2,sieve_md
1e-04,0.00262660191125485,0,FALSE,FALSE,"",1778,1717,TRUE,binary_longitudinal,2,2,sieve_md
0.000177827941003892,0.00316153091973362,0,FALSE,FALSE,"",1778,1717,TRUE,binary_longitudinal,2,2,sieve_md
0.000316227766016838,0.00355878606786145,0,FALSE,FALSE,"",1778,1717,TRUE,binary_longitudinal,2,2,sieve_md
0.000562341325190349,0.00382849410099892,0,FALSE,FALSE,"",1778,1717,TRUE,binary_longitudinal,2,2,sieve_md
0.001,0.00399456179725887,0,FALSE,FALSE,"",1778,1717,TRUE,binary_longitudinal,2,2,sieve_md
0.00177827941003892,0.00408164097828103,0,FALSE,FALSE,"",1778,1717,TRUE,binary_longitudinal,2,2,sieve_md
0.00316227766016838,0.00410983315632206,0,FALSE,FALSE,"",1778,1717,TRUE,binary_longitudinal,2,2,sieve_md
0.00562341325190349,0.004095597550781,0,FALSE,FALSE,"",1778,1717,TRUE,binary_longitudinal,2,2,sieve_md
0.01,0.00405787767035165,0,FALSE,FALSE,"",1778,1717,TRUE,binary_longitudinal,2,2,sieve_md
0.0177827941003892,0.00402604615714434,0,FALSE,FALSE,"",1778,1717,TRUE,binary_longitudinal,2,2,sieve_md
0.0316227766016838,0.00403608119713054,0,FALSE,FALSE,"",1778,1717,TRUE,binary_longitudinal,2,2,sieve_md
0.0562341325190349,0.00411754118782471,0,FALSE,FALSE,"",1778,1717,TRUE,binary_longitudinal,2,2,sieve_md
0.1,0.00429336124601638,0,FALSE,FALSE,"",1778,1717,TRUE,binary_longitudinal,2,2,sieve_md
0.177827941003892,0.00460740142144652,0,FALSE,FALSE,"",1778,1717,TRUE,binary_longitudinal,2,2,sieve_md
0.316227766016838,0.00512004636280152,0,FALSE,FALSE,"",1778,1717,TRUE,binary_longitudinal,2,2,sieve_md
0.562341325190349,0.00580325166341991,0,FALSE,FALSE,"",1778,1717,TRUE,binary_longitudinal,2,2,sieve_md
1,0.00650341823051516,0,FALSE,FALSE,"",1778,1717,TRUE,binary_longitudinal,2,2,sieve_md
1e-10,-0.000181541031349056,0,FALSE,FALSE,"",1778,1727,TRUE,binary_longitudinal,2,3,sieve_md
1.77827941003892e-10,-0.000182650184072748,0,FALSE,FALSE,"",1778,1727,TRUE,binary_longitudinal,2,3,sieve_md
3.16227766016838e-10,-0.000184647846466031,0,FALSE,FALSE,"",1778,1727,TRUE,binary_longitudinal,2,3,sieve_md
5.62341325190349e-10,-0.000182372241967861,0,FALSE,FALSE,"",1778,1727,TRUE,binary_longitudinal,2,3,sieve_md
1e-09,-0.00018950027313921,0,FALSE,FALSE,"",1778,1727,TRUE,binary_longitudinal,2,3,sieve_md
1.77827941003892e-09,-0.00019475076176292,0,FALSE,FALSE,"",1778,1727,TRUE,binary_longitudinal,2,3,sieve_md
3.16227766016838e-09,-0.000197408990836968,0,FALSE,FALSE,"",1778,1727,TRUE,binary_longitudinal,2,3,sieve_md
5.62341325190349e-09,-0.00020147243312383,0,FALSE,FALSE,"",1778,1727,TRUE,binary_longitudinal,2,3,sieve_md
1e-08,-0.000205586916452423,0,FALSE,FALSE,"",1778,1727,TRUE,binary_longitudinal,2,3,sieve_md
1.77827941003892e-08,-0.000210463765900203,0,FALSE,FALSE,"",1778,1727,TRUE,binary_longitudinal,2,3,sieve_md
3.16227766016838e-08,-0.000216528129552104,0,FALSE,FALSE,"",1778,1727,TRUE,binary_longitudinal,2,3,sieve_md
5.62341325190349e-08,-0.000223333548166403,0,FALSE,FALSE,"",1778,1727,TRUE,binary_longitudinal,2,3,sieve_md
1e-07,-0.000232878456639992,0,FALSE,FALSE,"",1778,1727,TRUE,binary_longitudinal,2,3,sieve_md
1.77827941003892e-07,-0.00023880327248401,0,FALSE,FALSE,"",1778,1727,TRUE,binary_longitudinal,2,3,sieve_md
3.16227766016838e-07,-0.00024509107574052,0,FALSE,FALSE,"",1778,1727,TRUE,binary_longitudinal,2,3,sieve_md
5.62341325190349e-07,-0.000246190095086526,0,TRUE,FALSE,"",1778,1727,TRUE,binary_longitudinal,2,3,sieve_md
1e-06,-0.000238702877949833,0,FALSE,FALSE,"",1778,1727,TRUE,binary_longitudinal,2,3,sieve_md
1.77827941003892e-06,-0.000218477066645292,0,FALSE,FALSE,"",1778,1727,TRUE,binary_longitudinal,2,3,sieve_md
3.16227766016838e-06,-0.000178491887104108,0,FALSE,FALSE,"",1778,1727,TRUE,binary_longitudinal,2,3,sieve_md
5.62341325190349e-06,-9.36694880129856e-05,0,FALSE,FALSE,"",1778,1727,TRUE,binary_longitudinal,2,3,sieve_md
1e-05,0.000106973551410875,0,FALSE,FALSE,"",1778,1727,TRUE,binary_longitudinal,2,3,sieve_md
1.77827941003892e-05,0.000499460543022554,0,FALSE,FALSE,"",1778,1727,TRUE,binary_longitudinal,2,3,sieve_md
3.16227766016838e-05,0.00121543778989331,0,FALSE,FALSE,"",1778,1727,TRUE,binary_longitudinal,2,3,sieve_md
5.62341325190349e-05,0.00213071597902937,0,FALSE,FALSE,"",1778,1727,TRUE,binary_longitudinal,2,3,sieve_md
1e-04,0.00298269846326225,0,FALSE,FALSE,"",1778,1727,TRUE,binary_longitudinal,2,3,sieve_md
0.000177827941003892,0.00370262818416066,0,FALSE,FALSE,"",1778,1727,TRUE,binary_longitudinal,2,3,sieve_md
0.000316227766016838,0.00423112657750101,0,FALSE,FALSE,"",1778,1727,TRUE,binary_longitudinal,2,3,sieve_md
0.000562341325190349,0.00458120033732745,0,FALSE,FALSE,"",1778,1727,TRUE,binary_longitudinal,2,3,sieve_md
0.001,0.00478978716408901,0,FALSE,FALSE,"",1778,1727,TRUE,binary_longitudinal,2,3,sieve_md
0.00177827941003892,0.00489111672024847,0,FALSE,FALSE,"",1778,1727,TRUE,binary_longitudinal,2,3,sieve_md
0.00316227766016838,0.00491065800683297,0,FALSE,FALSE,"",1778,1727,TRUE,binary_longitudinal,2,3,sieve_md
0.00562341325190349,0.00486881213832757,0,FALSE,FALSE,"",1778,1727,TRUE,binary_longitudinal,2,3,sieve_md
0.01,0.00478891961858839,0,FALSE,FALSE,"",1778,1727,TRUE,binary_longitudinal,2,3,sieve_md
0.0177827941003892,0.00470628710310932,0,FALSE,FALSE,"",1778,1727,TRUE,binary_longitudinal,2,3,sieve_md
0.0316227766016838,0.00466440816866686,0,FALSE,FALSE,"",1778,1727,TRUE,binary_longitudinal,2,3,sieve_md
0.0562341325190349,0.00469927956950617,0,FALSE,FALSE,"",1778,1727,TRUE,binary_longitudinal,2,3,sieve_md
0.1,0.0048390886014434,0,FALSE,FALSE,"",1778,1727,TRUE,binary_longitudinal,2,3,sieve_md
0.177827941003892,0.00512767246757796,0,FALSE,FALSE,"",1778,1727,TRUE,binary_longitudinal,2,3,sieve_md
0.316227766016838,0.00561684573587867,0,FALSE,FALSE,"",1778,1727,TRUE,binary_longitudinal,2,3,sieve_md
0.562341325190349,0.00627169341848195,0,FALSE,FALSE,"",1778,1727,TRUE,binary_longitudinal,2,3,sieve_md
1,0.00694463703102446,0,FALSE,FALSE,"",1778,1727,TRUE,binary_longitudinal,2,3,sieve_md
1e-10,-0.000607497819987604,0,FALSE,FALSE,"",1778,1724,TRUE,binary_longitudinal,2,4,sieve_md
1.77827941003892e-10,-0.00060120113633134,0,FALSE,FALSE,"",1778,1724,TRUE,binary_longitudinal,2,4,sieve_md
3.16227766016838e-10,-0.000599012961465328,0,FALSE,FALSE,"",1778,1724,TRUE,binary_longitudinal,2,4,sieve_md
5.62341325190349e-10,-0.000597862933006881,0,FALSE,FALSE,"",1778,1724,TRUE,binary_longitudinal,2,4,sieve_md
1e-09,-0.000598187822021512,0,FALSE,FALSE,"",1778,1724,TRUE,binary_longitudinal,2,4,sieve_md
1.77827941003892e-09,-0.000602197594758302,0,FALSE,FALSE,"",1778,1724,TRUE,binary_longitudinal,2,4,sieve_md
3.16227766016838e-09,-0.000608140940109412,0,FALSE,FALSE,"",1778,1724,TRUE,binary_longitudinal,2,4,sieve_md
5.62341325190349e-09,-0.000616281596212875,0,FALSE,FALSE,"",1778,1724,TRUE,binary_longitudinal,2,4,sieve_md
1e-08,-0.000626076696505899,0,FALSE,FALSE,"",1778,1724,TRUE,binary_longitudinal,2,4,sieve_md
1.77827941003892e-08,-0.000637025540520684,0,FALSE,FALSE,"",1778,1724,TRUE,binary_longitudinal,2,4,sieve_md
3.16227766016838e-08,-0.000648763184546566,0,FALSE,FALSE,"",1778,1724,TRUE,binary_longitudinal,2,4,sieve_md
5.62341325190349e-08,-0.000662418795539419,0,FALSE,FALSE,"",1778,1724,TRUE,binary_longitudinal,2,4,sieve_md
1e-07,-0.000680730863152703,0,FALSE,FALSE,"",1778,1724,TRUE,binary_longitudinal,2,4,sieve_md
1.77827941003892e-07,-0.000702697459453135,0,FALSE,FALSE,"",1778,1724,TRUE,binary_longitudinal,2,4,sieve_md
3.16227766016838e-07,-0.000723681083042505,0,FALSE,FALSE,"",1778,1724,TRUE,binary_longitudinal,2,4,sieve_md
5.62341325190349e-07,-0.000738844684647593,0,FALSE,FALSE,"",1778,1724,TRUE,binary_longitudinal,2,4,sieve_md
1e-06,-0.000743660775331503,0,TRUE,FALSE,"",1778,1724,TRUE,binary_longitudinal,2,4,sieve_md
1.77827941003892e-06,-0.000733620163758933,0,FALSE,FALSE,"",1778,1724,TRUE,binary_longitudinal,2,4,sieve_md
3.16227766016838e-06,-0.000704282368203739,0,FALSE,FALSE,"",1778,1724,TRUE,binary_longitudinal,2,4,sieve_md
5.62341325190349e-06,-0.000618756115489348,0,FALSE,FALSE,"",1778,1724,TRUE,binary_longitudinal,2,4,sieve_md
1e-05,-0.000398125366665553,0,FALSE,FALSE,"",1778,1724,TRUE,binary_longitudinal,2,4,sieve_md
1.77827941003892e-05,8.52564280775005e-05,0,FALSE,FALSE,"",1778,1724,TRUE,binary_longitudinal,2,4,sieve_md
3.16227766016838e-05,0.00090321570294348,0,FALSE,FALSE,"",1778,1724,TRUE,binary_longitudinal,2,4,sieve_md
5.62341325190349e-05,0.00182738918652267,0,FALSE,FALSE,"",1778,1724,TRUE,binary_longitudinal,2,4,sieve_md
1e-04,0.00261324030898147,0,FALSE,FALSE,"",1778,1724,TRUE,binary_longitudinal,2,4,sieve_md
0.000177827941003892,0.00325593127643173,0,FALSE,FALSE,"",1778,1724,TRUE,binary_longitudinal,2,4,sieve_md
0.000316227766016838,0.00374249771255479,0,FALSE,FALSE,"",1778,1724,TRUE,binary_longitudinal,2,4,sieve_md
0.000562341325190349,0.00408253361624764,0,FALSE,FALSE,"",1778,1724,TRUE,binary_longitudinal,2,4,sieve_md
0.001,0.0042978171762255,0,FALSE,FALSE,"",1778,1724,TRUE,binary_longitudinal,2,4,sieve_md
0.00177827941003892,0.00441443088765934,0,FALSE,FALSE,"",1778,1724,TRUE,binary_longitudinal,2,4,sieve_md
0.00316227766016838,0.00445672349812483,0,FALSE,FALSE,"",1778,1724,TRUE,binary_longitudinal,2,4,sieve_md
0.00562341325190349,0.00444839057679652,0,FALSE,FALSE,"",1778,1724,TRUE,binary_longitudinal,2,4,sieve_md
0.01,0.00441681754100804,0,FALSE,FALSE,"",1778,1724,TRUE,binary_longitudinal,2,4,sieve_md
0.0177827941003892,0.0043981116804317,0,FALSE,FALSE,"",1778,1724,TRUE,binary_longitudinal,2,4,sieve_md
0.0316227766016838,0.00442734102362515,0,FALSE,FALSE,"",1778,1724,TRUE,binary_longitudinal,2,4,sieve_md
0.0562341325190349,0.00452422376112288,0,FALSE,FALSE,"",1778,1724,TRUE,binary_longitudinal,2,4,sieve_md
0.1,0.00470742479990995,0,FALSE,FALSE,"",1778,1724,TRUE,binary_longitudinal,2,4,sieve_md
0.177827941003892,0.00503941009306113,0,FALSE,FALSE,"",1778,1724,TRUE,binary_longitudinal,2,4,sieve_md
0.316227766016838,0.00561196296086922,0,FALSE,FALSE,"",1778,1724,TRUE,binary_longitudinal,2,4,sieve_md
0.562341325190349,0.00641648074181467,0,FALSE,FALSE,"",1778,1724,TRUE,binary_longitudinal,2,4,sieve_md
1,0.00727890285848347,0,FALSE,FALSE,"",1778,1724,TRUE,binary_longitudinal,2,4,sieve_md
1e-17,-0.00131207795903855,7,FALSE,FALSE,"",2667,2588,TRUE,binary_longitudinal,3,1,sieve_md
1.77827941003892e-17,-0.00131378314257088,7,TRUE,FALSE,"",2667,2588,TRUE,binary_longitudinal,3,1,sieve_md
3.16227766016838e-17,-0.00130933197057588,7,FALSE,FALSE,"",2667,2588,TRUE,binary_longitudinal,3,1,sieve_md
5.62341325190349e-17,-0.00130790426839701,7,FALSE,FALSE,"",2667,2588,TRUE,binary_longitudinal,3,1,sieve_md
1e-16,-0.00130467630628017,6,FALSE,FALSE,"",2667,2588,TRUE,binary_longitudinal,3,1,sieve_md
1.77827941003892e-16,-0.00130032695050965,6,FALSE,FALSE,"",2667,2588,TRUE,binary_longitudinal,3,1,sieve_md
3.16227766016838e-16,-0.00130019202557559,6,FALSE,FALSE,"",2667,2588,TRUE,binary_longitudinal,3,1,sieve_md
5.62341325190349e-16,-0.00127555280787667,6,FALSE,FALSE,"",2667,2588,TRUE,binary_longitudinal,3,1,sieve_md
1e-15,-0.00125990280666562,5,FALSE,FALSE,"",2667,2588,TRUE,binary_longitudinal,3,1,sieve_md
1.77827941003892e-15,-0.00124349466249528,5,FALSE,FALSE,"",2667,2588,TRUE,binary_longitudinal,3,1,sieve_md
3.16227766016838e-15,-0.00123587910805246,5,FALSE,FALSE,"",2667,2588,TRUE,binary_longitudinal,3,1,sieve_md
5.62341325190349e-15,-0.00124045812692461,5,FALSE,FALSE,"",2667,2588,TRUE,binary_longitudinal,3,1,sieve_md
1e-14,-0.00123830988810253,4,FALSE,FALSE,"",2667,2588,TRUE,binary_longitudinal,3,1,sieve_md
1.77827941003892e-14,-0.00123324026596264,4,FALSE,FALSE,"",2667,2588,TRUE,binary_longitudinal,3,1,sieve_md
3.16227766016838e-14,-0.00119922061344773,4,FALSE,FALSE,"",2667,2588,TRUE,binary_longitudinal,3,1,sieve_md
5.62341325190349e-14,-0.00117555589804555,4,FALSE,FALSE,"",2667,2588,TRUE,binary_longitudinal,3,1,sieve_md
1e-13,-0.00122240990217298,3,FALSE,FALSE,"",2667,2588,TRUE,binary_longitudinal,3,1,sieve_md
1.77827941003892e-13,-0.00120345254996228,3,FALSE,FALSE,"",2667,2588,TRUE,binary_longitudinal,3,1,sieve_md
3.16227766016838e-13,-0.00119713188829937,3,FALSE,FALSE,"",2667,2588,TRUE,binary_longitudinal,3,1,sieve_md
5.62341325190349e-13,-0.00119173410032561,3,FALSE,FALSE,"",2667,2588,TRUE,binary_longitudinal,3,1,sieve_md
1e-12,-0.00117778650981564,2,FALSE,FALSE,"",2667,2588,TRUE,binary_longitudinal,3,1,sieve_md
1.77827941003892e-12,-0.00117757939594815,2,FALSE,FALSE,"",2667,2588,TRUE,binary_longitudinal,3,1,sieve_md
3.16227766016838e-12,-0.00116573117809896,2,FALSE,FALSE,"",2667,2588,TRUE,binary_longitudinal,3,1,sieve_md
5.62341325190349e-12,-0.00116564134357198,2,FALSE,FALSE,"",2667,2588,TRUE,binary_longitudinal,3,1,sieve_md
1e-11,-0.00116096483188564,1,FALSE,FALSE,"",2667,2588,TRUE,binary_longitudinal,3,1,sieve_md
1.77827941003892e-11,-0.00115339956582731,1,FALSE,FALSE,"",2667,2588,TRUE,binary_longitudinal,3,1,sieve_md
3.16227766016838e-11,-0.00115070545442991,1,FALSE,FALSE,"",2667,2588,TRUE,binary_longitudinal,3,1,sieve_md
5.62341325190349e-11,-0.00114706168826248,1,FALSE,FALSE,"",2667,2588,TRUE,binary_longitudinal,3,1,sieve_md
1e-10,-0.00114337525830354,0,FALSE,FALSE,"",2667,2588,TRUE,binary_longitudinal,3,1,sieve_md
1.77827941003892e-10,-0.00113935561825085,0,FALSE,FALSE,"",2667,2588,TRUE,binary_longitudinal,3,1,sieve_md
3.16227766016838e-10,-0.00113642175574472,0,FALSE,FALSE,"",2667,2588,TRUE,binary_longitudinal,3,1,sieve_md
5.62341325190349e-10,-0.00113403903319294,0,FALSE,FALSE,"",2667,2588,TRUE,binary_longitudinal,3,1,sieve_md
1e-09,-0.00113030060596086,0,FALSE,FALSE,"",2667,2588,TRUE,binary_longitudinal,3,1,sieve_md
1.77827941003892e-09,-0.00112680833167151,0,FALSE,FALSE,"",2667,2588,TRUE,binary_longitudinal,3,1,sieve_md
3.16227766016838e-09,-0.00112329005125903,0,FALSE,FALSE,"",2667,2588,TRUE,binary_longitudinal,3,1,sieve_md
5.62341325190349e-09,-0.00111969711381237,0,FALSE,FALSE,"",2667,2588,TRUE,binary_longitudinal,3,1,sieve_md
1e-08,-0.00111575673712145,0,FALSE,FALSE,"",2667,2588,TRUE,binary_longitudinal,3,1,sieve_md
1.77827941003892e-08,-0.00111156320410513,0,FALSE,FALSE,"",2667,2588,TRUE,binary_longitudinal,3,1,sieve_md
3.16227766016838e-08,-0.00110724383037052,0,FALSE,FALSE,"",2667,2588,TRUE,binary_longitudinal,3,1,sieve_md
5.62341325190349e-08,-0.00110286323451473,0,FALSE,FALSE,"",2667,2588,TRUE,binary_longitudinal,3,1,sieve_md
1e-07,-0.00109966876759,0,FALSE,FALSE,"",2667,2588,TRUE,binary_longitudinal,3,1,sieve_md
1.77827941003892e-07,-0.00109782440774624,0,FALSE,FALSE,"",2667,2588,TRUE,binary_longitudinal,3,1,sieve_md
3.16227766016838e-07,-0.00109875282357461,0,FALSE,FALSE,"",2667,2588,TRUE,binary_longitudinal,3,1,sieve_md
5.62341325190349e-07,-0.00110011937573192,0,FALSE,FALSE,"",2667,2588,TRUE,binary_longitudinal,3,1,sieve_md
1e-06,-0.00109783747589951,0,FALSE,FALSE,"",2667,2588,TRUE,binary_longitudinal,3,1,sieve_md
1.77827941003892e-06,-0.00108822500420597,0,FALSE,FALSE,"",2667,2588,TRUE,binary_longitudinal,3,1,sieve_md
3.16227766016838e-06,-0.00105245698792071,0,FALSE,FALSE,"",2667,2588,TRUE,binary_longitudinal,3,1,sieve_md
5.62341325190349e-06,-0.000931908366759545,0,FALSE,FALSE,"",2667,2588,TRUE,binary_longitudinal,3,1,sieve_md
1e-05,-0.000726471398308228,0,FALSE,FALSE,"",2667,2588,TRUE,binary_longitudinal,3,1,sieve_md
1.77827941003892e-05,-0.000432754719977565,0,FALSE,FALSE,"",2667,2588,TRUE,binary_longitudinal,3,1,sieve_md
3.16227766016838e-05,-5.2535970101405e-05,0,FALSE,FALSE,"",2667,2588,TRUE,binary_longitudinal,3,1,sieve_md
5.62341325190349e-05,0.000352507955419097,0,FALSE,FALSE,"",2667,2588,TRUE,binary_longitudinal,3,1,sieve_md
1e-04,0.000720198435472605,0,FALSE,FALSE,"",2667,2588,TRUE,binary_longitudinal,3,1,sieve_md
0.000177827941003892,0.0010228006932732,0,FALSE,FALSE,"",2667,2588,TRUE,binary_longitudinal,3,1,sieve_md
0.000316227766016838,0.00125382395851753,0,FALSE,FALSE,"",2667,2588,TRUE,binary_longitudinal,3,1,sieve_md
0.000562341325190349,0.0014162413954258,0,FALSE,FALSE,"",2667,2588,TRUE,binary_longitudinal,3,1,sieve_md
0.001,0.00152083135239356,0,FALSE,FALSE,"",2667,2588,TRUE,binary_longitudinal,3,1,sieve_md
0.00177827941003892,0.00158196200044452,0,FALSE,FALSE,"",2667,2588,TRUE,binary_longitudinal,3,1,sieve_md
0.00316227766016838,0.00161284328419231,0,FALSE,FALSE,"",2667,2588,TRUE,binary_longitudinal,3,1,sieve_md
0.00562341325190349,0.00162415881267288,0,FALSE,FALSE,"",2667,2588,TRUE,binary_longitudinal,3,1,sieve_md
0.01,0.00162650010629028,0,FALSE,FALSE,"",2667,2588,TRUE,binary_longitudinal,3,1,sieve_md
0.0177827941003892,0.00163410042929365,0,FALSE,FALSE,"",2667,2588,TRUE,binary_longitudinal,3,1,sieve_md
0.0316227766016838,0.00166527030308778,0,FALSE,FALSE,"",2667,2588,TRUE,binary_longitudinal,3,1,sieve_md
0.0562341325190349,0.00173530768801526,0,FALSE,FALSE,"",2667,2588,TRUE,binary_longitudinal,3,1,sieve_md
0.1,0.00184669517779444,0,FALSE,FALSE,"",2667,2588,TRUE,binary_longitudinal,3,1,sieve_md
0.177827941003892,0.00199319926421611,0,FALSE,FALSE,"",2667,2588,TRUE,binary_longitudinal,3,1,sieve_md
0.316227766016838,0.00217070584586082,0,FALSE,FALSE,"",2667,2588,TRUE,binary_longitudinal,3,1,sieve_md
0.562341325190349,0.00236789153660457,0,FALSE,FALSE,"",2667,2588,TRUE,binary_longitudinal,3,1,sieve_md
1,0.00255687808473185,0,FALSE,FALSE,"",2667,2588,TRUE,binary_longitudinal,3,1,sieve_md
1e-10,0.000846916995031837,0,FALSE,FALSE,"",1778,1729,TRUE,binary_longitudinal,3,2,sieve_md
1.77827941003892e-10,0.000849716963935623,0,FALSE,FALSE,"",1778,1729,TRUE,binary_longitudinal,3,2,sieve_md
3.16227766016838e-10,0.000852731308917201,0,FALSE,FALSE,"",1778,1729,TRUE,binary_longitudinal,3,2,sieve_md
5.62341325190349e-10,0.000855691385029004,0,FALSE,FALSE,"",1778,1729,TRUE,binary_longitudinal,3,2,sieve_md
1e-09,0.00085758838130803,0,FALSE,FALSE,"",1778,1729,TRUE,binary_longitudinal,3,2,sieve_md
1.77827941003892e-09,0.000857564886884695,0,FALSE,FALSE,"",1778,1729,TRUE,binary_longitudinal,3,2,sieve_md
3.16227766016838e-09,0.000857323840322697,0,FALSE,FALSE,"",1778,1729,TRUE,binary_longitudinal,3,2,sieve_md
5.62341325190349e-09,0.000854492222613933,0,FALSE,FALSE,"",1778,1729,TRUE,binary_longitudinal,3,2,sieve_md
1e-08,0.000851248400929207,0,FALSE,FALSE,"",1778,1729,TRUE,binary_longitudinal,3,2,sieve_md
1.77827941003892e-08,0.000846248472154088,0,FALSE,FALSE,"",1778,1729,TRUE,binary_longitudinal,3,2,sieve_md
3.16227766016838e-08,0.000839533611272375,0,FALSE,FALSE,"",1778,1729,TRUE,binary_longitudinal,3,2,sieve_md
5.62341325190349e-08,0.000831526904010278,0,FALSE,FALSE,"",1778,1729,TRUE,binary_longitudinal,3,2,sieve_md
1e-07,0.000820846048562962,0,FALSE,FALSE,"",1778,1729,TRUE,binary_longitudinal,3,2,sieve_md
1.77827941003892e-07,0.00080823038749739,0,FALSE,FALSE,"",1778,1729,TRUE,binary_longitudinal,3,2,sieve_md
3.16227766016838e-07,0.000792512287009666,0,FALSE,FALSE,"",1778,1729,TRUE,binary_longitudinal,3,2,sieve_md
5.62341325190349e-07,0.000772793360859074,0,FALSE,FALSE,"",1778,1729,TRUE,binary_longitudinal,3,2,sieve_md
1e-06,0.000747117915832457,0,FALSE,FALSE,"",1778,1729,TRUE,binary_longitudinal,3,2,sieve_md
1.77827941003892e-06,0.000723069572954846,0,FALSE,FALSE,"",1778,1729,TRUE,binary_longitudinal,3,2,sieve_md
3.16227766016838e-06,0.000698265312022132,0,FALSE,FALSE,"",1778,1729,TRUE,binary_longitudinal,3,2,sieve_md
5.62341325190349e-06,0.000652825993778965,0,FALSE,FALSE,"",1778,1729,TRUE,binary_longitudinal,3,2,sieve_md
1e-05,0.000593980166305498,0,TRUE,FALSE,"",1778,1729,TRUE,binary_longitudinal,3,2,sieve_md
1.77827941003892e-05,0.000740800311707778,0,FALSE,FALSE,"",1778,1729,TRUE,binary_longitudinal,3,2,sieve_md
3.16227766016838e-05,0.00136995441728848,0,FALSE,FALSE,"",1778,1729,TRUE,binary_longitudinal,3,2,sieve_md
5.62341325190349e-05,0.0023004177563158,0,FALSE,FALSE,"",1778,1729,TRUE,binary_longitudinal,3,2,sieve_md
1e-04,0.00306038972698715,0,FALSE,FALSE,"",1778,1729,TRUE,binary_longitudinal,3,2,sieve_md
0.000177827941003892,0.00361937485624164,0,FALSE,FALSE,"",1778,1729,TRUE,binary_longitudinal,3,2,sieve_md
0.000316227766016838,0.00402830440283538,0,FALSE,FALSE,"",1778,1729,TRUE,binary_longitudinal,3,2,sieve_md
0.000562341325190349,0.00431581884997847,0,FALSE,FALSE,"",1778,1729,TRUE,binary_longitudinal,3,2,sieve_md
0.001,0.00450375602726893,0,FALSE,FALSE,"",1778,1729,TRUE,binary_longitudinal,3,2,sieve_md
0.00177827941003892,0.00461484630534514,0,FALSE,FALSE,"",1778,1729,TRUE,binary_longitudinal,3,2,sieve_md
0.00316227766016838,0.00467202597550702,0,FALSE,FALSE,"",1778,1729,TRUE,binary_longitudinal,3,2,sieve_md
0.00562341325190349,0.0046981725941224,0,FALSE,FALSE,"",1778,1729,TRUE,binary_longitudinal,3,2,sieve_md
0.01,0.00472103070147172,0,FALSE,FALSE,"",1778,1729,TRUE,binary_longitudinal,3,2,sieve_md
0.0177827941003892,0.00477455165599605,0,FALSE,FALSE,"",1778,1729,TRUE,binary_longitudinal,3,2,sieve_md
0.0316227766016838,0.00488688495791859,0,FALSE,FALSE,"",1778,1729,TRUE,binary_longitudinal,3,2,sieve_md
0.0562341325190349,0.00505769172942508,0,FALSE,FALSE,"",1778,1729,TRUE,binary_longitudinal,3,2,sieve_md
0.1,0.00527242135954973,0,FALSE,FALSE,"",1778,1729,TRUE,binary_longitudinal,3,2,sieve_md
0.177827941003892,0.00554631008340651,0,FALSE,FALSE,"",1778,1729,TRUE,binary_longitudinal,3,2,sieve_md
0.316227766016838,0.00591769014686804,0,FALSE,FALSE,"",1778,1729,TRUE,binary_longitudinal,3,2,sieve_md
0.562341325190349,0.00637652186213228,0,FALSE,FALSE,"",1778,1729,TRUE,binary_longitudinal,3,2,sieve_md
1,0.00684054617960498,0,FALSE,FALSE,"",1778,1729,TRUE,binary_longitudinal,3,2,sieve_md
1e-10,0.000147180482390411,0,FALSE,FALSE,"",1778,1725,TRUE,binary_longitudinal,3,3,sieve_md
1.77827941003892e-10,0.000115895234211992,0,FALSE,FALSE,"",1778,1725,TRUE,binary_longitudinal,3,3,sieve_md
3.16227766016838e-10,8.89985317103853e-05,0,FALSE,FALSE,"",1778,1725,TRUE,binary_longitudinal,3,3,sieve_md
5.62341325190349e-10,6.25635492538221e-05,0,FALSE,FALSE,"",1778,1725,TRUE,binary_longitudinal,3,3,sieve_md
1e-09,3.76907013955213e-05,0,FALSE,FALSE,"",1778,1725,TRUE,binary_longitudinal,3,3,sieve_md
1.77827941003892e-09,1.38453723641749e-05,0,FALSE,FALSE,"",1778,1725,TRUE,binary_longitudinal,3,3,sieve_md
3.16227766016838e-09,-8.75034746341913e-06,0,FALSE,FALSE,"",1778,1725,TRUE,binary_longitudinal,3,3,sieve_md
5.62341325190349e-09,-3.13537861226392e-05,0,FALSE,FALSE,"",1778,1725,TRUE,binary_longitudinal,3,3,sieve_md
1e-08,-5.53717603084179e-05,0,FALSE,FALSE,"",1778,1725,TRUE,binary_longitudinal,3,3,sieve_md
1.77827941003892e-08,-7.9143003788348e-05,0,FALSE,FALSE,"",1778,1725,TRUE,binary_longitudinal,3,3,sieve_md
3.16227766016838e-08,-0.000103240567240729,0,FALSE,FALSE,"",1778,1725,TRUE,binary_longitudinal,3,3,sieve_md
5.62341325190349e-08,-0.000127345677255153,0,FALSE,FALSE,"",1778,1725,TRUE,binary_longitudinal,3,3,sieve_md
1e-07,-0.000145328567387266,0,FALSE,FALSE,"",1778,1725,TRUE,binary_longitudinal,3,3,sieve_md
1.77827941003892e-07,-0.000161538130576287,0,FALSE,FALSE,"",1778,1725,TRUE,binary_longitudinal,3,3,sieve_md
3.16227766016838e-07,-0.000174148936261405,0,FALSE,FALSE,"",1778,1725,TRUE,binary_longitudinal,3,3,sieve_md
5.62341325190349e-07,-0.000187922858937322,0,FALSE,FALSE,"",1778,1725,TRUE,binary_longitudinal,3,3,sieve_md
1e-06,-0.000208545827218524,0,FALSE,FALSE,"",1778,1725,TRUE,binary_longitudinal,3,3,sieve_md
1.77827941003892e-06,-0.000247199819177782,0,FALSE,FALSE,"",1778,1725,TRUE,binary_longitudinal,3,3,sieve_md
3.16227766016838e-06,-0.000323205770743373,0,FALSE,FALSE,"",1778,1725,TRUE,binary_longitudinal,3,3,sieve_md
5.62341325190349e-06,-0.000436204337371061,0,FALSE,FALSE,"",1778,1725,TRUE,binary_longitudinal,3,3,sieve_md
1e-05,-0.000516204445839816,0,TRUE,FALSE,"",1778,1725,TRUE,binary_longitudinal,3,3,sieve_md
1.77827941003892e-05,-0.000264827366008989,0,FALSE,FALSE,"",1778,1725,TRUE,binary_longitudinal,3,3,sieve_md
3.16227766016838e-05,0.000640855338152061,0,FALSE,FALSE,"",1778,1725,TRUE,binary_longitudinal,3,3,sieve_md
5.62341325190349e-05,0.00176270718720864,0,FALSE,FALSE,"",1778,1725,TRUE,binary_longitudinal,3,3,sieve_md
1e-04,0.00272105424372698,0,FALSE,FALSE,"",1778,1725,TRUE,binary_longitudinal,3,3,sieve_md
0.000177827941003892,0.0035086786447441,0,FALSE,FALSE,"",1778,1725,TRUE,binary_longitudinal,3,3,sieve_md
0.000316227766016838,0.00413360077272044,0,FALSE,FALSE,"",1778,1725,TRUE,binary_longitudinal,3,3,sieve_md
0.000562341325190349,0.00458817666867815,0,FALSE,FALSE,"",1778,1725,TRUE,binary_longitudinal,3,3,sieve_md
0.001,0.00488938145455532,0,FALSE,FALSE,"",1778,1725,TRUE,binary_longitudinal,3,3,sieve_md
0.00177827941003892,0.00507207665896304,0,FALSE,FALSE,"",1778,1725,TRUE,binary_longitudinal,3,3,sieve_md
0.00316227766016838,0.00517223285914975,0,FALSE,FALSE,"",1778,1725,TRUE,binary_longitudinal,3,3,sieve_md
0.00562341325190349,0.00522094301434548,0,FALSE,FALSE,"",1778,1725,TRUE,binary_longitudinal,3,3,sieve_md
0.01,0.00524809680266225,0,FALSE,FALSE,"",1778,1725,TRUE,binary_longitudinal,3,3,sieve_md
0.0177827941003892,0.00528654051731116,0,FALSE,FALSE,"",1778,1725,TRUE,binary_longitudinal,3,3,sieve_md
0.0316227766016838,0.00536634345831869,0,FALSE,FALSE,"",1778,1725,TRUE,binary_longitudinal,3,3,sieve_md
0.0562341325190349,0.00549601411805507,0,FALSE,FALSE,"",1778,1725,TRUE,binary_longitudinal,3,3,sieve_md
0.1,0.00566761084385454,0,FALSE,FALSE,"",1778,1725,TRUE,binary_longitudinal,3,3,sieve_md
0.177827941003892,0.00588505054234833,0,FALSE,FALSE,"",1778,1725,TRUE,binary_longitudinal,3,3,sieve_md
0.316227766016838,0.00616042726070068,0,FALSE,FALSE,"",1778,1725,TRUE,binary_longitudinal,3,3,sieve_md
0.562341325190349,0.00647372017367748,0,FALSE,FALSE,"",1778,1725,TRUE,binary_longitudinal,3,3,sieve_md
1,0.00676844751855392,0,FALSE,FALSE,"",1778,1725,TRUE,binary_longitudinal,3,3,sieve_md
1e-10,0.00104789351571135,0,FALSE,FALSE,"",1778,1722,TRUE,binary_longitudinal,3,4,sieve_md
1.77827941003892e-10,0.0010268031043888,0,FALSE,FALSE,"",1778,1722,TRUE,binary_longitudinal,3,4,sieve_md
3.16227766016838e-10,0.000997772756988601,0,FALSE,FALSE,"",1778,1722,TRUE,binary_longitudinal,3,4,sieve_md
5.62341325190349e-10,0.000966015821195533,0,FALSE,FALSE,"",1778,1722,TRUE,binary_longitudinal,3,4,sieve_md
1e-09,0.000928914427037446,0,FALSE,FALSE,"",1778,1722,TRUE,binary_longitudinal,3,4,sieve_md
1.77827941003892e-09,0.000885909968453642,0,FALSE,FALSE,"",1778,1722,TRUE,binary_longitudinal,3,4,sieve_md
3.16227766016838e-09,0.000837740230895291,0,FALSE,FALSE,"",1778,1722,TRUE,binary_longitudinal,3,4,sieve_md
5.62341325190349e-09,0.000780748732597653,0,FALSE,FALSE,"",1778,1722,TRUE,binary_longitudinal,3,4,sieve_md
1e-08,0.000716358190533026,0,FALSE,FALSE,"",1778,1722,TRUE,binary_longitudinal,3,4,sieve_md
1.77827941003892e-08,0.000645962355800317,0,FALSE,FALSE,"",1778,1722,TRUE,binary_longitudinal,3,4,sieve_md
3.16227766016838e-08,0.000568398165087522,0,FALSE,FALSE,"",1778,1722,TRUE,binary_longitudinal,3,4,sieve_md
5.62341325190349e-08,0.000484355181261058,0,FALSE,FALSE,"",1778,1722,TRUE,binary_longitudinal,3,4,sieve_md
1e-07,0.000397631198172418,0,FALSE,FALSE,"",1778,1722,TRUE,binary_longitudinal,3,4,sieve_md
1.77827941003892e-07,0.0003141226560936,0,FALSE,FALSE,"",1778,1722,TRUE,binary_longitudinal,3,4,sieve_md
3.16227766016838e-07,0.000243709763767049,0,FALSE,FALSE,"",1778,1722,TRUE,binary_longitudinal,3,4,sieve_md
5.62341325190349e-07,0.000197083849588679,0,FALSE,FALSE,"",1778,1722,TRUE,binary_longitudinal,3,4,sieve_md
1e-06,0.000192355306190851,0,TRUE,FALSE,"",1778,1722,TRUE,binary_longitudinal,3,4,sieve_md
1.77827941003892e-06,0.000264900197603468,0,FALSE,FALSE,"",1778,1722,TRUE,binary_longitudinal,3,4,sieve_md
3.16227766016838e-06,0.000425981935839555,0,FALSE,FALSE,"",1778,1722,TRUE,binary_longitudinal,3,4,sieve_md
5.62341325190349e-06,0.000654206568114275,0,FALSE,FALSE,"",1778,1722,TRUE,binary_longitudinal,3,4,sieve_md
1e-05,0.00101556981513653,0,FALSE,FALSE,"",1778,1722,TRUE,binary_longitudinal,3,4,sieve_md
1.77827941003892e-05,0.0016164010698232,0,FALSE,FALSE,"",1778,1722,TRUE,binary_longitudinal,3,4,sieve_md
3.16227766016838e-05,0.00248566982305313,0,FALSE,FALSE,"",1778,1722,TRUE,binary_longitudinal,3,4,sieve_md
5.62341325190349e-05,0.00339163848362296,0,FALSE,FALSE,"",1778,1722,TRUE,binary_longitudinal,3,4,sieve_md
1e-04,0.00416472089232456,0,FALSE,FALSE,"",1778,1722,TRUE,binary_longitudinal,3,4,sieve_md
0.000177827941003892,0.00479261952391548,0,FALSE,FALSE,"",1778,1722,TRUE,binary_longitudinal,3,4,sieve_md
0.000316227766016838,0.00527815341936909,0,FALSE,FALSE,"",1778,1722,TRUE,binary_longitudinal,3,4,sieve_md
0.000562341325190349,0.00562093893690348,0,FALSE,FALSE,"",1778,1722,TRUE,binary_longitudinal,3,4,sieve_md
0.001,0.00584038802311128,0,FALSE,FALSE,"",1778,1722,TRUE,binary_longitudinal,3,4,sieve_md
0.00177827941003892,0.0059656117446373,0,FALSE,FALSE,"",1778,1722,TRUE,binary_longitudinal,3,4,sieve_md
0.00316227766016838,0.00602252042854722,0,FALSE,FALSE,"",1778,1722,TRUE,binary_longitudinal,3,4,sieve_md
0.00562341325190349,0.00603027737575913,0,FALSE,FALSE,"",1778,1722,TRUE,binary_longitudinal,3,4,sieve_md
0.01,0.00600439433013822,0,FALSE,FALSE,"",1778,1722,TRUE,binary_longitudinal,3,4,sieve_md
0.0177827941003892,0.00596172282133754,0,FALSE,FALSE,"",1778,1722,TRUE,binary_longitudinal,3,4,sieve_md
0.0316227766016838,0.00592174092711841,0,FALSE,FALSE,"",1778,1722,TRUE,binary_longitudinal,3,4,sieve_md
0.0562341325190349,0.00590383691543116,0,FALSE,FALSE,"",1778,1722,TRUE,binary_longitudinal,3,4,sieve_md
0.1,0.00592614741199026,0,FALSE,FALSE,"",1778,1722,TRUE,binary_longitudinal,3,4,sieve_md
0.177827941003892,0.00601414409858491,0,FALSE,FALSE,"",1778,1722,TRUE,binary_longitudinal,3,4,sieve_md
0.316227766016838,0.00619856742143382,0,FALSE,FALSE,"",1778,1722,TRUE,binary_longitudinal,3,4,sieve_md
0.562341325190349,0.0064797594859223,0,FALSE,FALSE,"",1778,1722,TRUE,binary_longitudinal,3,4,sieve_md
1,0.00680276743904633,0,FALSE,FALSE,"",1778,1722,TRUE,binary_longitudinal,3,4,sieve_md
1e-10,0.00627381858177975,0,FALSE,FALSE,"",2666,2361,TRUE,discrete_dose,1,1,sieve_md
1.77827941003892e-10,0.00618532506193855,0,FALSE,FALSE,"",2666,2361,TRUE,discrete_dose,1,1,sieve_md
3.16227766016838e-10,0.00608845650716168,0,FALSE,FALSE,"",2666,2361,TRUE,discrete_dose,1,1,sieve_md
5.62341325190349e-10,0.00597729672679602,0,FALSE,FALSE,"",2666,2361,TRUE,discrete_dose,1,1,sieve_md
1e-09,0.0058647983775169,0,FALSE,FALSE,"",2666,2361,TRUE,discrete_dose,1,1,sieve_md
1.77827941003892e-09,0.00572749188172297,0,FALSE,FALSE,"",2666,2361,TRUE,discrete_dose,1,1,sieve_md
3.16227766016838e-09,0.005587522499585,0,FALSE,FALSE,"",2666,2361,TRUE,discrete_dose,1,1,sieve_md
5.62341325190349e-09,0.00543698804001364,0,FALSE,FALSE,"",2666,2361,TRUE,discrete_dose,1,1,sieve_md
1e-08,0.00526743206465382,0,FALSE,FALSE,"",2666,2361,TRUE,discrete_dose,1,1,sieve_md
1.77827941003892e-08,0.00509454611843711,0,FALSE,FALSE,"",2666,2361,TRUE,discrete_dose,1,1,sieve_md
3.16227766016838e-08,0.00491502695171821,0,FALSE,FALSE,"",2666,2361,TRUE,discrete_dose,1,1,sieve_md
5.62341325190349e-08,0.00472633521254006,0,FALSE,FALSE,"",2666,2361,TRUE,discrete_dose,1,1,sieve_md
1e-07,0.00453809237991135,0,FALSE,FALSE,"",2666,2361,TRUE,discrete_dose,1,1,sieve_md
1.77827941003892e-07,0.00435700077924087,0,FALSE,FALSE,"",2666,2361,TRUE,discrete_dose,1,1,sieve_md
3.16227766016838e-07,0.00420110975601038,0,FALSE,FALSE,"",2666,2361,TRUE,discrete_dose,1,1,sieve_md
5.62341325190349e-07,0.00410343491386444,0,TRUE,FALSE,"",2666,2361,TRUE,discrete_dose,1,1,sieve_md
1e-06,0.00412080397694798,0,FALSE,FALSE,"",2666,2361,TRUE,discrete_dose,1,1,sieve_md
1.77827941003892e-06,0.00434929077043178,0,FALSE,FALSE,"",2666,2361,TRUE,discrete_dose,1,1,sieve_md
3.16227766016838e-06,0.00496411497319355,0,FALSE,FALSE,"",2666,2361,TRUE,discrete_dose,1,1,sieve_md
5.62341325190349e-06,0.00614797630884404,0,FALSE,FALSE,"",2666,2361,TRUE,discrete_dose,1,1,sieve_md
1e-05,0.00807128074979446,0,FALSE,FALSE,"",2666,2361,TRUE,discrete_dose,1,1,sieve_md
1.77827941003892e-05,0.0101036894523281,0,FALSE,FALSE,"",2666,2361,TRUE,discrete_dose,1,1,sieve_md
3.16227766016838e-05,0.011733352534866,0,FALSE,FALSE,"",2666,2361,TRUE,discrete_dose,1,1,sieve_md
5.62341325190349e-05,0.0130320210540572,0,FALSE,FALSE,"",2666,2361,TRUE,discrete_dose,1,1,sieve_md
1e-04,0.0140383514786028,0,FALSE,FALSE,"",2666,2361,TRUE,discrete_dose,1,1,sieve_md
0.000177827941003892,0.0148165072039278,0,FALSE,FALSE,"",2666,2361,TRUE,discrete_dose,1,1,sieve_md
0.000316227766016838,0.0153901466274377,0,FALSE,FALSE,"",2666,2361,TRUE,discrete_dose,1,1,sieve_md
0.000562341325190349,0.0157739266637259,0,FALSE,FALSE,"",2666,2361,TRUE,discrete_dose,1,1,sieve_md
0.001,0.0159980790393333,0,FALSE,FALSE,"",2666,2361,TRUE,discrete_dose,1,1,sieve_md
0.00177827941003892,0.0160970979122357,0,FALSE,FALSE,"",2666,2361,TRUE,discrete_dose,1,1,sieve_md
0.00316227766016838,0.0160979076684889,0,FALSE,FALSE,"",2666,2361,TRUE,discrete_dose,1,1,sieve_md
0.00562341325190349,0.0160187395248899,0,FALSE,FALSE,"",2666,2361,TRUE,discrete_dose,1,1,sieve_md
0.01,0.015876648928662,0,FALSE,FALSE,"",2666,2361,TRUE,discrete_dose,1,1,sieve_md
0.0177827941003892,0.0156890834765417,0,FALSE,FALSE,"",2666,2361,TRUE,discrete_dose,1,1,sieve_md
0.0316227766016838,0.0154747802711834,0,FALSE,FALSE,"",2666,2361,TRUE,discrete_dose,1,1,sieve_md
0.0562341325190349,0.0152750948213584,0,FALSE,FALSE,"",2666,2361,TRUE,discrete_dose,1,1,sieve_md
0.1,0.0152066049597081,0,FALSE,FALSE,"",2666,2361,TRUE,discrete_dose,1,1,sieve_md
0.177827941003892,0.0154901442082114,0,FALSE,FALSE,"",2666,2361,TRUE,discrete_dose,1,1,sieve_md
0.316227766016838,0.0163183839732197,0,FALSE,FALSE,"",2666,2361,TRUE,discrete_dose,1,1,sieve_md
0.562341325190349,0.0175984573362214,0,FALSE,FALSE,"",2666,2361,TRUE,discrete_dose,1,1,sieve_md
1,0.0189748314920422,0,FALSE,FALSE,"",2666,2361,TRUE,discrete_dose,1,1,sieve_md
1e-10,0.0180497844922869,0,FALSE,FALSE,"",1777,1583,TRUE,discrete_dose,1,2,sieve_md
1.77827941003892e-10,0.0179303223712715,0,FALSE,FALSE,"",1777,1583,TRUE,discrete_dose,1,2,sieve_md
3.16227766016838e-10,0.0178027421123072,0,FALSE,FALSE,"",1777,1583,TRUE,discrete_dose,1,2,sieve_md
5.62341325190349e-10,0.0176525866471817,0,FALSE,FALSE,"",1777,1583,TRUE,discrete_dose,1,2,sieve_md
1e-09,0.0174811217559848,0,FALSE,FALSE,"",1777,1583,TRUE,discrete_dose,1,2,sieve_md
1.77827941003892e-09,0.0172833973432553,0,FALSE,FALSE,"",1777,1583,TRUE,discrete_dose,1,2,sieve_md
3.16227766016838e-09,0.0170639982690596,0,FALSE,FALSE,"",1777,1583,TRUE,discrete_dose,1,2,sieve_md
5.62341325190349e-09,0.0167965277163065,0,FALSE,FALSE,"",1777,1583,TRUE,discrete_dose,1,2,sieve_md
1e-08,0.0165044716721451,0,FALSE,FALSE,"",1777,1583,TRUE,discrete_dose,1,2,sieve_md
1.77827941003892e-08,0.0161690069636398,0,FALSE,FALSE,"",1777,1583,TRUE,discrete_dose,1,2,sieve_md
3.16227766016838e-08,0.0157913542161756,0,FALSE,FALSE,"",1777,1583,TRUE,discrete_dose,1,2,sieve_md
5.62341325190349e-08,0.0153713603869799,0,FALSE,FALSE,"",1777,1583,TRUE,discrete_dose,1,2,sieve_md
1e-07,0.0149088911501728,0,FALSE,FALSE,"",1777,1583,TRUE,discrete_dose,1,2,sieve_md
1.77827941003892e-07,0.014422517882493,0,FALSE,FALSE,"",1777,1583,TRUE,discrete_dose,1,2,sieve_md
3.16227766016838e-07,0.0139502679907316,0,FALSE,FALSE,"",1777,1583,TRUE,discrete_dose,1,2,sieve_md
5.62341325190349e-07,0.0135307606839693,0,FALSE,FALSE,"",1777,1583,TRUE,discrete_dose,1,2,sieve_md
1e-06,0.0132121454926481,0,FALSE,FALSE,"",1777,1583,TRUE,discrete_dose,1,2,sieve_md
1.77827941003892e-06,0.0131105277150131,0,TRUE,FALSE,"",1777,1583,TRUE,discrete_dose,1,2,sieve_md
3.16227766016838e-06,0.0134028680768493,0,FALSE,FALSE,"",1777,1583,TRUE,discrete_dose,1,2,sieve_md
5.62341325190349e-06,0.0145190774994254,0,FALSE,FALSE,"",1777,1583,TRUE,discrete_dose,1,2,sieve_md
1e-05,0.0166745795784352,0,FALSE,FALSE,"",1777,1583,TRUE,discrete_dose,1,2,sieve_md
1.77827941003892e-05,0.0182459532017699,0,FALSE,FALSE,"",1777,1583,TRUE,discrete_dose,1,2,sieve_md
3.16227766016838e-05,0.0197597078853229,0,FALSE,FALSE,"",1777,1583,TRUE,discrete_dose,1,2,sieve_md
5.62341325190349e-05,0.0212913952183428,0,FALSE,FALSE,"",1777,1583,TRUE,discrete_dose,1,2,sieve_md
1e-04,0.0228668023313178,0,FALSE,FALSE,"",1777,1583,TRUE,discrete_dose,1,2,sieve_md
0.000177827941003892,0.0242841169595364,0,FALSE,FALSE,"",1777,1583,TRUE,discrete_dose,1,2,sieve_md
0.000316227766016838,0.0254041071387342,0,FALSE,FALSE,"",1777,1583,TRUE,discrete_dose,1,2,sieve_md
0.000562341325190349,0.0261767647840934,0,FALSE,FALSE,"",1777,1583,TRUE,discrete_dose,1,2,sieve_md
0.001,0.0266243507796008,0,FALSE,FALSE,"",1777,1583,TRUE,discrete_dose,1,2,sieve_md
0.00177827941003892,0.0268040486136688,0,FALSE,FALSE,"",1777,1583,TRUE,discrete_dose,1,2,sieve_md
0.00316227766016838,0.0267741732372152,0,FALSE,FALSE,"",1777,1583,TRUE,discrete_dose,1,2,sieve_md
0.00562341325190349,0.0265819624693014,0,FALSE,FALSE,"",1777,1583,TRUE,discrete_dose,1,2,sieve_md
0.01,0.0262655657244023,0,FALSE,FALSE,"",1777,1583,TRUE,discrete_dose,1,2,sieve_md
0.0177827941003892,0.0258591912172143,0,FALSE,FALSE,"",1777,1583,TRUE,discrete_dose,1,2,sieve_md
0.0316227766016838,0.0254009326277545,0,FALSE,FALSE,"",1777,1583,TRUE,discrete_dose,1,2,sieve_md
0.0562341325190349,0.0249816502570936,0,FALSE,FALSE,"",1777,1583,TRUE,discrete_dose,1,2,sieve_md
0.1,0.0248219274274028,0,FALSE,FALSE,"",1777,1583,TRUE,discrete_dose,1,2,sieve_md
0.177827941003892,0.0252697031727475,0,FALSE,FALSE,"",1777,1583,TRUE,discrete_dose,1,2,sieve_md
0.316227766016838,0.0266076006715955,0,FALSE,FALSE,"",1777,1583,TRUE,discrete_dose,1,2,sieve_md
0.562341325190349,0.028704742116551,0,FALSE,FALSE,"",1777,1583,TRUE,discrete_dose,1,2,sieve_md
1,0.0310561083019477,0,FALSE,FALSE,"",1777,1583,TRUE,discrete_dose,1,2,sieve_md
1e-10,0.0197800228786887,0,FALSE,FALSE,"",1777,1571,TRUE,discrete_dose,1,3,sieve_md
1.77827941003892e-10,0.0195933006170749,0,FALSE,FALSE,"",1777,1571,TRUE,discrete_dose,1,3,sieve_md
3.16227766016838e-10,0.0193915737373426,0,FALSE,FALSE,"",1777,1571,TRUE,discrete_dose,1,3,sieve_md
5.62341325190349e-10,0.0191640854632929,0,FALSE,FALSE,"",1777,1571,TRUE,discrete_dose,1,3,sieve_md
1e-09,0.0189139186778268,0,FALSE,FALSE,"",1777,1571,TRUE,discrete_dose,1,3,sieve_md
1.77827941003892e-09,0.0186360655138333,0,FALSE,FALSE,"",1777,1571,TRUE,discrete_dose,1,3,sieve_md
3.16227766016838e-09,0.0183344566734961,0,FALSE,FALSE,"",1777,1571,TRUE,discrete_dose,1,3,sieve_md
5.62341325190349e-09,0.0179805239406754,0,FALSE,FALSE,"",1777,1571,TRUE,discrete_dose,1,3,sieve_md
1e-08,0.0176044400681682,0,FALSE,FALSE,"",1777,1571,TRUE,discrete_dose,1,3,sieve_md
1.77827941003892e-08,0.0171748345165113,0,FALSE,FALSE,"",1777,1571,TRUE,discrete_dose,1,3,sieve_md
3.16227766016838e-08,0.016714028960568,0,FALSE,FALSE,"",1777,1571,TRUE,discrete_dose,1,3,sieve_md
5.62341325190349e-08,0.0162131260214743,0,FALSE,FALSE,"",1777,1571,TRUE,discrete_dose,1,3,sieve_md
1e-07,0.0156570636553607,0,FALSE,FALSE,"",1777,1571,TRUE,discrete_dose,1,3,sieve_md
1.77827941003892e-07,0.0150798436532485,0,FALSE,FALSE,"",1777,1571,TRUE,discrete_dose,1,3,sieve_md
3.16227766016838e-07,0.0145146723191744,0,FALSE,FALSE,"",1777,1571,TRUE,discrete_dose,1,3,sieve_md
5.62341325190349e-07,0.0140091286931803,0,FALSE,FALSE,"",1777,1571,TRUE,discrete_dose,1,3,sieve_md
1e-06,0.0136203269661699,0,FALSE,FALSE,"",1777,1571,TRUE,discrete_dose,1,3,sieve_md
1.77827941003892e-06,0.0134768680445468,0,TRUE,FALSE,"",1777,1571,TRUE,discrete_dose,1,3,sieve_md
3.16227766016838e-06,0.0138190099656868,0,FALSE,FALSE,"",1777,1571,TRUE,discrete_dose,1,3,sieve_md
5.62341325190349e-06,0.0148610432437831,0,FALSE,FALSE,"",1777,1571,TRUE,discrete_dose,1,3,sieve_md
1e-05,0.0165104440428929,0,FALSE,FALSE,"",1777,1571,TRUE,discrete_dose,1,3,sieve_md
1.77827941003892e-05,0.0181169847778794,0,FALSE,FALSE,"",1777,1571,TRUE,discrete_dose,1,3,sieve_md
3.16227766016838e-05,0.0196253085717177,0,FALSE,FALSE,"",1777,1571,TRUE,discrete_dose,1,3,sieve_md
5.62341325190349e-05,0.0211665176424114,0,FALSE,FALSE,"",1777,1571,TRUE,discrete_dose,1,3,sieve_md
1e-04,0.0227543725501782,0,FALSE,FALSE,"",1777,1571,TRUE,discrete_dose,1,3,sieve_md
0.000177827941003892,0.0242111146655867,0,FALSE,FALSE,"",1777,1571,TRUE,discrete_dose,1,3,sieve_md
0.000316227766016838,0.0253783099486104,0,FALSE,FALSE,"",1777,1571,TRUE,discrete_dose,1,3,sieve_md
0.000562341325190349,0.0262070703757637,0,FALSE,FALSE,"",1777,1571,TRUE,discrete_dose,1,3,sieve_md
0.001,0.0267119639444012,0,FALSE,FALSE,"",1777,1571,TRUE,discrete_dose,1,3,sieve_md
0.00177827941003892,0.0269404598286643,0,FALSE,FALSE,"",1777,1571,TRUE,discrete_dose,1,3,sieve_md
0.00316227766016838,0.0269412841816638,0,FALSE,FALSE,"",1777,1571,TRUE,discrete_dose,1,3,sieve_md
0.00562341325190349,0.0267573602737029,0,FALSE,FALSE,"",1777,1571,TRUE,discrete_dose,1,3,sieve_md
0.01,0.0264216816269256,0,FALSE,FALSE,"",1777,1571,TRUE,discrete_dose,1,3,sieve_md
0.0177827941003892,0.025968747397883,0,FALSE,FALSE,"",1777,1571,TRUE,discrete_dose,1,3,sieve_md
0.0316227766016838,0.0254573845179702,0,FALSE,FALSE,"",1777,1571,TRUE,discrete_dose,1,3,sieve_md
0.0562341325190349,0.0250352437636565,0,FALSE,FALSE,"",1777,1571,TRUE,discrete_dose,1,3,sieve_md
0.1,0.0250131767492519,0,FALSE,FALSE,"",1777,1571,TRUE,discrete_dose,1,3,sieve_md
0.177827941003892,0.0258514038817695,0,FALSE,FALSE,"",1777,1571,TRUE,discrete_dose,1,3,sieve_md
0.316227766016838,0.0278558679924061,0,FALSE,FALSE,"",1777,1571,TRUE,discrete_dose,1,3,sieve_md
0.562341325190349,0.0306381442141383,0,FALSE,FALSE,"",1777,1571,TRUE,discrete_dose,1,3,sieve_md
1,0.0334429834510445,0,FALSE,FALSE,"",1777,1571,TRUE,discrete_dose,1,3,sieve_md
1e-10,0.0168200061166435,0,FALSE,FALSE,"",1778,1568,TRUE,discrete_dose,1,4,sieve_md
1.77827941003892e-10,0.0167405944297477,0,FALSE,FALSE,"",1778,1568,TRUE,discrete_dose,1,4,sieve_md
3.16227766016838e-10,0.0166534890953011,0,FALSE,FALSE,"",1778,1568,TRUE,discrete_dose,1,4,sieve_md
5.62341325190349e-10,0.0164941270435585,0,FALSE,FALSE,"",1778,1568,TRUE,discrete_dose,1,4,sieve_md
1e-09,0.0163207580638554,0,FALSE,FALSE,"",1778,1568,TRUE,discrete_dose,1,4,sieve_md
1.77827941003892e-09,0.0161119698681642,0,FALSE,FALSE,"",1778,1568,TRUE,discrete_dose,1,4,sieve_md
3.16227766016838e-09,0.0158684808039242,0,FALSE,FALSE,"",1778,1568,TRUE,discrete_dose,1,4,sieve_md
5.62341325190349e-09,0.0155919725450438,0,FALSE,FALSE,"",1778,1568,TRUE,discrete_dose,1,4,sieve_md
1e-08,0.0152580214090659,0,FALSE,FALSE,"",1778,1568,TRUE,discrete_dose,1,4,sieve_md
1.77827941003892e-08,0.0148992489640585,0,FALSE,FALSE,"",1778,1568,TRUE,discrete_dose,1,4,sieve_md
3.16227766016838e-08,0.0144964611025622,0,FALSE,FALSE,"",1778,1568,TRUE,discrete_dose,1,4,sieve_md
5.62341325190349e-08,0.0140658330019569,0,FALSE,FALSE,"",1778,1568,TRUE,discrete_dose,1,4,sieve_md
1e-07,0.0136142084856785,0,FALSE,FALSE,"",1778,1568,TRUE,discrete_dose,1,4,sieve_md
1.77827941003892e-07,0.0131517815923587,0,FALSE,FALSE,"",1778,1568,TRUE,discrete_dose,1,4,sieve_md
3.16227766016838e-07,0.012704425334591,0,FALSE,FALSE,"",1778,1568,TRUE,discrete_dose,1,4,sieve_md
5.62341325190349e-07,0.0123065177651181,0,FALSE,FALSE,"",1778,1568,TRUE,discrete_dose,1,4,sieve_md
1e-06,0.0120192578750534,0,FALSE,FALSE,"",1778,1568,TRUE,discrete_dose,1,4,sieve_md
1.77827941003892e-06,0.0119402708195987,0,TRUE,FALSE,"",1778,1568,TRUE,discrete_dose,1,4,sieve_md
3.16227766016838e-06,0.0123168368100435,0,FALSE,FALSE,"",1778,1568,TRUE,discrete_dose,1,4,sieve_md
5.62341325190349e-06,0.0139993615563839,0,FALSE,FALSE,"",1778,1568,TRUE,discrete_dose,1,4,sieve_md
1e-05,0.0165458029166599,0,FALSE,FALSE,"",1778,1568,TRUE,discrete_dose,1,4,sieve_md
1.77827941003892e-05,0.0180441851422847,0,FALSE,FALSE,"",1778,1568,TRUE,discrete_dose,1,4,sieve_md
3.16227766016838e-05,0.019334215335867,0,FALSE,FALSE,"",1778,1568,TRUE,discrete_dose,1,4,sieve_md
5.62341325190349e-05,0.0205434401326833,0,FALSE,FALSE,"",1778,1568,TRUE,discrete_dose,1,4,sieve_md
1e-04,0.0218285187848931,0,FALSE,FALSE,"",1778,1568,TRUE,discrete_dose,1,4,sieve_md
0.000177827941003892,0.023121970618044,0,FALSE,FALSE,"",1778,1568,TRUE,discrete_dose,1,4,sieve_md
0.000316227766016838,0.0242127917980475,0,FALSE,FALSE,"",1778,1568,TRUE,discrete_dose,1,4,sieve_md
0.000562341325190349,0.0249909485163104,0,FALSE,FALSE,"",1778,1568,TRUE,discrete_dose,1,4,sieve_md
0.001,0.0254712731748784,0,FALSE,FALSE,"",1778,1568,TRUE,discrete_dose,1,4,sieve_md
0.00177827941003892,0.0257111488674173,0,FALSE,FALSE,"",1778,1568,TRUE,discrete_dose,1,4,sieve_md
0.00316227766016838,0.0257633367586443,0,FALSE,FALSE,"",1778,1568,TRUE,discrete_dose,1,4,sieve_md
0.00562341325190349,0.0256539825467592,0,FALSE,FALSE,"",1778,1568,TRUE,discrete_dose,1,4,sieve_md
0.01,0.0253883878705833,0,FALSE,FALSE,"",1778,1568,TRUE,discrete_dose,1,4,sieve_md
0.0177827941003892,0.024977248329072,0,FALSE,FALSE,"",1778,1568,TRUE,discrete_dose,1,4,sieve_md
0.0316227766016838,0.0244797786436996,0,FALSE,FALSE,"",1778,1568,TRUE,discrete_dose,1,4,sieve_md
0.0562341325190349,0.0240636385529212,0,FALSE,FALSE,"",1778,1568,TRUE,discrete_dose,1,4,sieve_md
0.1,0.024071581935414,0,FALSE,FALSE,"",1778,1568,TRUE,discrete_dose,1,4,sieve_md
0.177827941003892,0.0249992315171445,0,FALSE,FALSE,"",1778,1568,TRUE,discrete_dose,1,4,sieve_md
0.316227766016838,0.0271572641651255,0,FALSE,FALSE,"",1778,1568,TRUE,discrete_dose,1,4,sieve_md
0.562341325190349,0.0300983788395717,0,FALSE,FALSE,"",1778,1568,TRUE,discrete_dose,1,4,sieve_md
1,0.033000286910289,0,FALSE,FALSE,"",1778,1568,TRUE,discrete_dose,1,4,sieve_md
1e-10,0.00506328543006712,0,FALSE,FALSE,"",2667,2385,TRUE,discrete_dose,2,1,sieve_md
1.77827941003892e-10,0.00502469101460461,0,FALSE,FALSE,"",2667,2385,TRUE,discrete_dose,2,1,sieve_md
3.16227766016838e-10,0.00498131543544169,0,FALSE,FALSE,"",2667,2385,TRUE,discrete_dose,2,1,sieve_md
5.62341325190349e-10,0.00493384441388622,0,FALSE,FALSE,"",2667,2385,TRUE,discrete_dose,2,1,sieve_md
1e-09,0.00487543865484538,0,FALSE,FALSE,"",2667,2385,TRUE,discrete_dose,2,1,sieve_md
1.77827941003892e-09,0.00481127523536188,0,FALSE,FALSE,"",2667,2385,TRUE,discrete_dose,2,1,sieve_md
3.16227766016838e-09,0.00474504419851575,0,FALSE,FALSE,"",2667,2385,TRUE,discrete_dose,2,1,sieve_md
5.62341325190349e-09,0.0046672908105116,0,FALSE,FALSE,"",2667,2385,TRUE,discrete_dose,2,1,sieve_md
1e-08,0.00458278124957765,0,FALSE,FALSE,"",2667,2385,TRUE,discrete_dose,2,1,sieve_md
1.77827941003892e-08,0.00449037350426005,0,FALSE,FALSE,"",2667,2385,TRUE,discrete_dose,2,1,sieve_md
3.16227766016838e-08,0.00439595760415066,0,FALSE,FALSE,"",2667,2385,TRUE,discrete_dose,2,1,sieve_md
5.62341325190349e-08,0.00430264877309081,0,FALSE,FALSE,"",2667,2385,TRUE,discrete_dose,2,1,sieve_md
1e-07,0.00421960494498875,0,FALSE,FALSE,"",2667,2385,TRUE,discrete_dose,2,1,sieve_md
1.77827941003892e-07,0.00415344473372679,0,FALSE,FALSE,"",2667,2385,TRUE,discrete_dose,2,1,sieve_md
3.16227766016838e-07,0.00412671515451227,0,TRUE,FALSE,"",2667,2385,TRUE,discrete_dose,2,1,sieve_md
5.62341325190349e-07,0.00416459428197735,0,FALSE,FALSE,"",2667,2385,TRUE,discrete_dose,2,1,sieve_md
1e-06,0.0042949393672912,0,FALSE,FALSE,"",2667,2385,TRUE,discrete_dose,2,1,sieve_md
1.77827941003892e-06,0.00458292018622123,0,FALSE,FALSE,"",2667,2385,TRUE,discrete_dose,2,1,sieve_md
3.16227766016838e-06,0.0051704280768096,0,FALSE,FALSE,"",2667,2385,TRUE,discrete_dose,2,1,sieve_md
5.62341325190349e-06,0.00625197477448467,0,FALSE,FALSE,"",2667,2385,TRUE,discrete_dose,2,1,sieve_md
1e-05,0.00781412544601446,0,FALSE,FALSE,"",2667,2385,TRUE,discrete_dose,2,1,sieve_md
1.77827941003892e-05,0.00940097617363828,0,FALSE,FALSE,"",2667,2385,TRUE,discrete_dose,2,1,sieve_md
3.16227766016838e-05,0.0106231368943946,0,FALSE,FALSE,"",2667,2385,TRUE,discrete_dose,2,1,sieve_md
5.62341325190349e-05,0.0115037478957689,0,FALSE,FALSE,"",2667,2385,TRUE,discrete_dose,2,1,sieve_md
1e-04,0.0121569714348844,0,FALSE,FALSE,"",2667,2385,TRUE,discrete_dose,2,1,sieve_md
0.000177827941003892,0.0126579900953715,0,FALSE,FALSE,"",2667,2385,TRUE,discrete_dose,2,1,sieve_md
0.000316227766016838,0.0130311748807913,0,FALSE,FALSE,"",2667,2385,TRUE,discrete_dose,2,1,sieve_md
0.000562341325190349,0.0132876117418052,0,FALSE,FALSE,"",2667,2385,TRUE,discrete_dose,2,1,sieve_md
0.001,0.0134457768444436,0,FALSE,FALSE,"",2667,2385,TRUE,discrete_dose,2,1,sieve_md
0.00177827941003892,0.0135280413174381,0,FALSE,FALSE,"",2667,2385,TRUE,discrete_dose,2,1,sieve_md
0.00316227766016838,0.0135540395034421,0,FALSE,FALSE,"",2667,2385,TRUE,discrete_dose,2,1,sieve_md
0.00562341325190349,0.0135356120100815,0,FALSE,FALSE,"",2667,2385,TRUE,discrete_dose,2,1,sieve_md
0.01,0.0134758508162313,0,FALSE,FALSE,"",2667,2385,TRUE,discrete_dose,2,1,sieve_md
0.0177827941003892,0.0133686710965981,0,FALSE,FALSE,"",2667,2385,TRUE,discrete_dose,2,1,sieve_md
0.0316227766016838,0.0132081640244917,0,FALSE,FALSE,"",2667,2385,TRUE,discrete_dose,2,1,sieve_md
0.0562341325190349,0.0130185699590021,0,FALSE,FALSE,"",2667,2385,TRUE,discrete_dose,2,1,sieve_md
0.1,0.012892719351302,0,FALSE,FALSE,"",2667,2385,TRUE,discrete_dose,2,1,sieve_md
0.177827941003892,0.0130007393720331,0,FALSE,FALSE,"",2667,2385,TRUE,discrete_dose,2,1,sieve_md
0.316227766016838,0.0134861078684648,0,FALSE,FALSE,"",2667,2385,TRUE,discrete_dose,2,1,sieve_md
0.562341325190349,0.0143013262772486,0,FALSE,FALSE,"",2667,2385,TRUE,discrete_dose,2,1,sieve_md
1,0.0152237026261043,0,FALSE,FALSE,"",2667,2385,TRUE,discrete_dose,2,1,sieve_md
1e-10,0.0109561984438873,0,FALSE,FALSE,"",1778,1593,TRUE,discrete_dose,2,2,sieve_md
1.77827941003892e-10,0.0108709930659922,0,FALSE,FALSE,"",1778,1593,TRUE,discrete_dose,2,2,sieve_md
3.16227766016838e-10,0.0107787218602124,0,FALSE,FALSE,"",1778,1593,TRUE,discrete_dose,2,2,sieve_md
5.62341325190349e-10,0.0106526480148076,0,FALSE,FALSE,"",1778,1593,TRUE,discrete_dose,2,2,sieve_md
1e-09,0.0105199277681383,0,FALSE,FALSE,"",1778,1593,TRUE,discrete_dose,2,2,sieve_md
1.77827941003892e-09,0.0103696964136381,0,FALSE,FALSE,"",1778,1593,TRUE,discrete_dose,2,2,sieve_md
3.16227766016838e-09,0.0102008318561749,0,FALSE,FALSE,"",1778,1593,TRUE,discrete_dose,2,2,sieve_md
5.62341325190349e-09,0.0100181695410122,0,FALSE,FALSE,"",1778,1593,TRUE,discrete_dose,2,2,sieve_md
1e-08,0.00982209565014462,0,FALSE,FALSE,"",1778,1593,TRUE,discrete_dose,2,2,sieve_md
1.77827941003892e-08,0.0095933396322624,0,FALSE,FALSE,"",1778,1593,TRUE,discrete_dose,2,2,sieve_md
3.16227766016838e-08,0.00934958560216652,0,FALSE,FALSE,"",1778,1593,TRUE,discrete_dose,2,2,sieve_md
5.62341325190349e-08,0.00908937391923543,0,FALSE,FALSE,"",1778,1593,TRUE,discrete_dose,2,2,sieve_md
1e-07,0.0088027138745586,0,FALSE,FALSE,"",1778,1593,TRUE,discrete_dose,2,2,sieve_md
1.77827941003892e-07,0.00851446953025649,0,FALSE,FALSE,"",1778,1593,TRUE,discrete_dose,2,2,sieve_md
3.16227766016838e-07,0.0082424075177789,0,FALSE,FALSE,"",1778,1593,TRUE,discrete_dose,2,2,sieve_md
5.62341325190349e-07,0.00802641642965808,0,FALSE,FALSE,"",1778,1593,TRUE,discrete_dose,2,2,sieve_md
1e-06,0.00793157299678188,0,TRUE,FALSE,"",1778,1593,TRUE,discrete_dose,2,2,sieve_md
1.77827941003892e-06,0.00805364184165815,0,FALSE,FALSE,"",1778,1593,TRUE,discrete_dose,2,2,sieve_md
3.16227766016838e-06,0.00857304733182765,0,FALSE,FALSE,"",1778,1593,TRUE,discrete_dose,2,2,sieve_md
5.62341325190349e-06,0.0100900722398622,0,FALSE,FALSE,"",1778,1593,TRUE,discrete_dose,2,2,sieve_md
1e-05,0.0125907950258721,0,FALSE,FALSE,"",1778,1593,TRUE,discrete_dose,2,2,sieve_md
1.77827941003892e-05,0.0147782822963149,0,FALSE,FALSE,"",1778,1593,TRUE,discrete_dose,2,2,sieve_md
3.16227766016838e-05,0.0164325713129753,0,FALSE,FALSE,"",1778,1593,TRUE,discrete_dose,2,2,sieve_md
5.62341325190349e-05,0.0176340773636063,0,FALSE,FALSE,"",1778,1593,TRUE,discrete_dose,2,2,sieve_md
1e-04,0.0185823923539132,0,FALSE,FALSE,"",1778,1593,TRUE,discrete_dose,2,2,sieve_md
0.000177827941003892,0.0194232367192941,0,FALSE,FALSE,"",1778,1593,TRUE,discrete_dose,2,2,sieve_md
0.000316227766016838,0.0201597656663876,0,FALSE,FALSE,"",1778,1593,TRUE,discrete_dose,2,2,sieve_md
0.000562341325190349,0.0207391778689219,0,FALSE,FALSE,"",1778,1593,TRUE,discrete_dose,2,2,sieve_md
0.001,0.0211375443305496,0,FALSE,FALSE,"",1778,1593,TRUE,discrete_dose,2,2,sieve_md
0.00177827941003892,0.021377381952829,0,FALSE,FALSE,"",1778,1593,TRUE,discrete_dose,2,2,sieve_md
0.00316227766016838,0.0215098715635201,0,FALSE,FALSE,"",1778,1593,TRUE,discrete_dose,2,2,sieve_md
0.00562341325190349,0.0215761642982393,0,FALSE,FALSE,"",1778,1593,TRUE,discrete_dose,2,2,sieve_md
0.01,0.0215735145827705,0,FALSE,FALSE,"",1778,1593,TRUE,discrete_dose,2,2,sieve_md
0.0177827941003892,0.0214657627375128,0,FALSE,FALSE,"",1778,1593,TRUE,discrete_dose,2,2,sieve_md
0.0316227766016838,0.0212514855430203,0,FALSE,FALSE,"",1778,1593,TRUE,discrete_dose,2,2,sieve_md
0.0562341325190349,0.0210305053289202,0,FALSE,FALSE,"",1778,1593,TRUE,discrete_dose,2,2,sieve_md
0.1,0.0210540904955297,0,FALSE,FALSE,"",1778,1593,TRUE,discrete_dose,2,2,sieve_md
0.177827941003892,0.021659814723045,0,FALSE,FALSE,"",1778,1593,TRUE,discrete_dose,2,2,sieve_md
0.316227766016838,0.0230640208134589,0,FALSE,FALSE,"",1778,1593,TRUE,discrete_dose,2,2,sieve_md
0.562341325190349,0.0250669709746103,0,FALSE,FALSE,"",1778,1593,TRUE,discrete_dose,2,2,sieve_md
1,0.0271982561623395,0,FALSE,FALSE,"",1778,1593,TRUE,discrete_dose,2,2,sieve_md
1e-10,0.00859866994137648,0,FALSE,FALSE,"",1778,1591,TRUE,discrete_dose,2,3,sieve_md
1.77827941003892e-10,0.00854808097221219,0,FALSE,FALSE,"",1778,1591,TRUE,discrete_dose,2,3,sieve_md
3.16227766016838e-10,0.00849298222945327,0,FALSE,FALSE,"",1778,1591,TRUE,discrete_dose,2,3,sieve_md
5.62341325190349e-10,0.00841185851565564,0,FALSE,FALSE,"",1778,1591,TRUE,discrete_dose,2,3,sieve_md
1e-09,0.00832555573965445,0,FALSE,FALSE,"",1778,1591,TRUE,discrete_dose,2,3,sieve_md
1.77827941003892e-09,0.00826921275867839,0,FALSE,FALSE,"",1778,1591,TRUE,discrete_dose,2,3,sieve_md
3.16227766016838e-09,0.0081005714444009,0,FALSE,FALSE,"",1778,1591,TRUE,discrete_dose,2,3,sieve_md
5.62341325190349e-09,0.00796456199108592,0,FALSE,FALSE,"",1778,1591,TRUE,discrete_dose,2,3,sieve_md
1e-08,0.00781643600502085,0,FALSE,FALSE,"",1778,1591,TRUE,discrete_dose,2,3,sieve_md
1.77827941003892e-08,0.00763243167846508,0,FALSE,FALSE,"",1778,1591,TRUE,discrete_dose,2,3,sieve_md
3.16227766016838e-08,0.00742942975780297,0,FALSE,FALSE,"",1778,1591,TRUE,discrete_dose,2,3,sieve_md
5.62341325190349e-08,0.00721578311019085,0,FALSE,FALSE,"",1778,1591,TRUE,discrete_dose,2,3,sieve_md
1e-07,0.00699255619117011,0,FALSE,FALSE,"",1778,1591,TRUE,discrete_dose,2,3,sieve_md
1.77827941003892e-07,0.00676926792499087,0,FALSE,FALSE,"",1778,1591,TRUE,discrete_dose,2,3,sieve_md
3.16227766016838e-07,0.00657301776009541,0,FALSE,FALSE,"",1778,1591,TRUE,discrete_dose,2,3,sieve_md
5.62341325190349e-07,0.00645544776336359,0,TRUE,FALSE,"",1778,1591,TRUE,discrete_dose,2,3,sieve_md
1e-06,0.00647518945698572,0,FALSE,FALSE,"",1778,1591,TRUE,discrete_dose,2,3,sieve_md
1.77827941003892e-06,0.00673479888466056,0,FALSE,FALSE,"",1778,1591,TRUE,discrete_dose,2,3,sieve_md
3.16227766016838e-06,0.00745401815211894,0,FALSE,FALSE,"",1778,1591,TRUE,discrete_dose,2,3,sieve_md
5.62341325190349e-06,0.00918519323579885,0,FALSE,FALSE,"",1778,1591,TRUE,discrete_dose,2,3,sieve_md
1e-05,0.0122450345891586,0,FALSE,FALSE,"",1778,1591,TRUE,discrete_dose,2,3,sieve_md
1.77827941003892e-05,0.0147027653723277,0,FALSE,FALSE,"",1778,1591,TRUE,discrete_dose,2,3,sieve_md
3.16227766016838e-05,0.016252254615978,0,FALSE,FALSE,"",1778,1591,TRUE,discrete_dose,2,3,sieve_md
5.62341325190349e-05,0.0173886859387923,0,FALSE,FALSE,"",1778,1591,TRUE,discrete_dose,2,3,sieve_md
1e-04,0.0183185473181939,0,FALSE,FALSE,"",1778,1591,TRUE,discrete_dose,2,3,sieve_md
0.000177827941003892,0.0191140928846673,0,FALSE,FALSE,"",1778,1591,TRUE,discrete_dose,2,3,sieve_md
0.000316227766016838,0.0197533295813329,0,FALSE,FALSE,"",1778,1591,TRUE,discrete_dose,2,3,sieve_md
0.000562341325190349,0.0202132528736331,0,FALSE,FALSE,"",1778,1591,TRUE,discrete_dose,2,3,sieve_md
0.001,0.0205052258042483,0,FALSE,FALSE,"",1778,1591,TRUE,discrete_dose,2,3,sieve_md
0.00177827941003892,0.0206587385032671,0,FALSE,FALSE,"",1778,1591,TRUE,discrete_dose,2,3,sieve_md
0.00316227766016838,0.0206983880647871,0,FALSE,FALSE,"",1778,1591,TRUE,discrete_dose,2,3,sieve_md
0.00562341325190349,0.0206325902116028,0,FALSE,FALSE,"",1778,1591,TRUE,discrete_dose,2,3,sieve_md
0.01,0.020454894465036,0,FALSE,FALSE,"",1778,1591,TRUE,discrete_dose,2,3,sieve_md
0.0177827941003892,0.0201575722474616,0,FALSE,FALSE,"",1778,1591,TRUE,discrete_dose,2,3,sieve_md
0.0316227766016838,0.0197610605030925,0,FALSE,FALSE,"",1778,1591,TRUE,discrete_dose,2,3,sieve_md
0.0562341325190349,0.0193543639931131,0,FALSE,FALSE,"",1778,1591,TRUE,discrete_dose,2,3,sieve_md
0.1,0.0191394097202403,0,FALSE,FALSE,"",1778,1591,TRUE,discrete_dose,2,3,sieve_md
0.177827941003892,0.0193971250367805,0,FALSE,FALSE,"",1778,1591,TRUE,discrete_dose,2,3,sieve_md
0.316227766016838,0.0203545224175353,0,FALSE,FALSE,"",1778,1591,TRUE,discrete_dose,2,3,sieve_md
0.562341325190349,0.021958627099574,0,FALSE,FALSE,"",1778,1591,TRUE,discrete_dose,2,3,sieve_md
1,0.0238520233697786,0,FALSE,FALSE,"",1778,1591,TRUE,discrete_dose,2,3,sieve_md
1e-10,0.0122144936747205,0,FALSE,FALSE,"",1778,1586,TRUE,discrete_dose,2,4,sieve_md
1.77827941003892e-10,0.0121525654369031,0,FALSE,FALSE,"",1778,1586,TRUE,discrete_dose,2,4,sieve_md
3.16227766016838e-10,0.0120786701016031,0,FALSE,FALSE,"",1778,1586,TRUE,discrete_dose,2,4,sieve_md
5.62341325190349e-10,0.0119908262461801,0,FALSE,FALSE,"",1778,1586,TRUE,discrete_dose,2,4,sieve_md
1e-09,0.0118900121749291,0,FALSE,FALSE,"",1778,1586,TRUE,discrete_dose,2,4,sieve_md
1.77827941003892e-09,0.0118089697374198,0,FALSE,FALSE,"",1778,1586,TRUE,discrete_dose,2,4,sieve_md
3.16227766016838e-09,0.0116325086681528,0,FALSE,FALSE,"",1778,1586,TRUE,discrete_dose,2,4,sieve_md
5.62341325190349e-09,0.0114559501431534,0,FALSE,FALSE,"",1778,1586,TRUE,discrete_dose,2,4,sieve_md
1e-08,0.0112591746669722,0,FALSE,FALSE,"",1778,1586,TRUE,discrete_dose,2,4,sieve_md
1.77827941003892e-08,0.0110222101475815,0,FALSE,FALSE,"",1778,1586,TRUE,discrete_dose,2,4,sieve_md
3.16227766016838e-08,0.010769254178282,0,FALSE,FALSE,"",1778,1586,TRUE,discrete_dose,2,4,sieve_md
5.62341325190349e-08,0.0105001816298807,0,FALSE,FALSE,"",1778,1586,TRUE,discrete_dose,2,4,sieve_md
1e-07,0.0102195448510484,0,FALSE,FALSE,"",1778,1586,TRUE,discrete_dose,2,4,sieve_md
1.77827941003892e-07,0.00993964852279434,0,FALSE,FALSE,"",1778,1586,TRUE,discrete_dose,2,4,sieve_md
3.16227766016838e-07,0.0096780339536345,0,FALSE,FALSE,"",1778,1586,TRUE,discrete_dose,2,4,sieve_md
5.62341325190349e-07,0.00946592467827594,0,FALSE,FALSE,"",1778,1586,TRUE,discrete_dose,2,4,sieve_md
1e-06,0.00936408945351065,0,TRUE,FALSE,"",1778,1586,TRUE,discrete_dose,2,4,sieve_md
1.77827941003892e-06,0.00948485971134675,0,FALSE,FALSE,"",1778,1586,TRUE,discrete_dose,2,4,sieve_md
3.16227766016838e-06,0.0100215102158684,0,FALSE,FALSE,"",1778,1586,TRUE,discrete_dose,2,4,sieve_md
5.62341325190349e-06,0.0115946121960979,0,FALSE,FALSE,"",1778,1586,TRUE,discrete_dose,2,4,sieve_md
1e-05,0.0139941903557028,0,FALSE,FALSE,"",1778,1586,TRUE,discrete_dose,2,4,sieve_md
1.77827941003892e-05,0.0165483757608211,0,FALSE,FALSE,"",1778,1586,TRUE,discrete_dose,2,4,sieve_md
3.16227766016838e-05,0.0184518320813593,0,FALSE,FALSE,"",1778,1586,TRUE,discrete_dose,2,4,sieve_md
5.62341325190349e-05,0.0197541827763794,0,FALSE,FALSE,"",1778,1586,TRUE,discrete_dose,2,4,sieve_md
1e-04,0.0207089160736237,0,FALSE,FALSE,"",1778,1586,TRUE,discrete_dose,2,4,sieve_md
0.000177827941003892,0.0214555420006475,0,FALSE,FALSE,"",1778,1586,TRUE,discrete_dose,2,4,sieve_md
0.000316227766016838,0.0220184843226679,0,FALSE,FALSE,"",1778,1586,TRUE,discrete_dose,2,4,sieve_md
0.000562341325190349,0.0223946841203504,0,FALSE,FALSE,"",1778,1586,TRUE,discrete_dose,2,4,sieve_md
0.001,0.0225916312819319,0,FALSE,FALSE,"",1778,1586,TRUE,discrete_dose,2,4,sieve_md
0.00177827941003892,0.0226361543204,0,FALSE,FALSE,"",1778,1586,TRUE,discrete_dose,2,4,sieve_md
0.00316227766016838,0.022571172732404,0,FALSE,FALSE,"",1778,1586,TRUE,discrete_dose,2,4,sieve_md
0.00562341325190349,0.0224337230193117,0,FALSE,FALSE,"",1778,1586,TRUE,discrete_dose,2,4,sieve_md
0.01,0.0222225508798398,0,FALSE,FALSE,"",1778,1586,TRUE,discrete_dose,2,4,sieve_md
0.0177827941003892,0.0219027383827657,0,FALSE,FALSE,"",1778,1586,TRUE,discrete_dose,2,4,sieve_md
0.0316227766016838,0.0214711014303017,0,FALSE,FALSE,"",1778,1586,TRUE,discrete_dose,2,4,sieve_md
0.0562341325190349,0.0210338713144498,0,FALSE,FALSE,"",1778,1586,TRUE,discrete_dose,2,4,sieve_md
0.1,0.0208611502421492,0,FALSE,FALSE,"",1778,1586,TRUE,discrete_dose,2,4,sieve_md
0.177827941003892,0.0213315168774377,0,FALSE,FALSE,"",1778,1586,TRUE,discrete_dose,2,4,sieve_md
0.316227766016838,0.0226795009038321,0,FALSE,FALSE,"",1778,1586,TRUE,discrete_dose,2,4,sieve_md
0.562341325190349,0.0246781243778317,0,FALSE,FALSE,"",1778,1586,TRUE,discrete_dose,2,4,sieve_md
1,0.0268011694148587,0,FALSE,FALSE,"",1778,1586,TRUE,discrete_dose,2,4,sieve_md
1e-10,0.00173423715392246,0,FALSE,FALSE,"",2667,2367,TRUE,discrete_dose,3,1,sieve_md
1.77827941003892e-10,0.00170082741282489,0,FALSE,FALSE,"",2667,2367,TRUE,discrete_dose,3,1,sieve_md
3.16227766016838e-10,0.00166233230628852,0,FALSE,FALSE,"",2667,2367,TRUE,discrete_dose,3,1,sieve_md
5.62341325190349e-10,0.00162188260109139,0,FALSE,FALSE,"",2667,2367,TRUE,discrete_dose,3,1,sieve_md
1e-09,0.00157822611573618,0,FALSE,FALSE,"",2667,2367,TRUE,discrete_dose,3,1,sieve_md
1.77827941003892e-09,0.0015304508380801,0,FALSE,FALSE,"",2667,2367,TRUE,discrete_dose,3,1,sieve_md
3.16227766016838e-09,0.00147934438145181,0,FALSE,FALSE,"",2667,2367,TRUE,discrete_dose,3,1,sieve_md
5.62341325190349e-09,0.00142310689542115,0,FALSE,FALSE,"",2667,2367,TRUE,discrete_dose,3,1,sieve_md
1e-08,0.00136508113419962,0,FALSE,FALSE,"",2667,2367,TRUE,discrete_dose,3,1,sieve_md
1.77827941003892e-08,0.00130487107321249,0,FALSE,FALSE,"",2667,2367,TRUE,discrete_dose,3,1,sieve_md
3.16227766016838e-08,0.00124368363265816,0,FALSE,FALSE,"",2667,2367,TRUE,discrete_dose,3,1,sieve_md
5.62341325190349e-08,0.00118459867218868,0,FALSE,FALSE,"",2667,2367,TRUE,discrete_dose,3,1,sieve_md
1e-07,0.00113246538341333,0,FALSE,FALSE,"",2667,2367,TRUE,discrete_dose,3,1,sieve_md
1.77827941003892e-07,0.00109591313478295,0,FALSE,FALSE,"",2667,2367,TRUE,discrete_dose,3,1,sieve_md
3.16227766016838e-07,0.00108987618310616,0,TRUE,FALSE,"",2667,2367,TRUE,discrete_dose,3,1,sieve_md
5.62341325190349e-07,0.00114946893043391,0,FALSE,FALSE,"",2667,2367,TRUE,discrete_dose,3,1,sieve_md
1e-06,0.0013422374276484,0,FALSE,FALSE,"",2667,2367,TRUE,discrete_dose,3,1,sieve_md
1.77827941003892e-06,0.00177933344352094,0,FALSE,FALSE,"",2667,2367,TRUE,discrete_dose,3,1,sieve_md
3.16227766016838e-06,0.00259770765726073,0,FALSE,FALSE,"",2667,2367,TRUE,discrete_dose,3,1,sieve_md
5.62341325190349e-06,0.00396374078795852,0,FALSE,FALSE,"",2667,2367,TRUE,discrete_dose,3,1,sieve_md
1e-05,0.00584515423555548,0,FALSE,FALSE,"",2667,2367,TRUE,discrete_dose,3,1,sieve_md
1.77827941003892e-05,0.00745824538015053,0,FALSE,FALSE,"",2667,2367,TRUE,discrete_dose,3,1,sieve_md
3.16227766016838e-05,0.00874722348614806,0,FALSE,FALSE,"",2667,2367,TRUE,discrete_dose,3,1,sieve_md
5.62341325190349e-05,0.00978552612226694,0,FALSE,FALSE,"",2667,2367,TRUE,discrete_dose,3,1,sieve_md
1e-04,0.0106659240496952,0,FALSE,FALSE,"",2667,2367,TRUE,discrete_dose,3,1,sieve_md
0.000177827941003892,0.0114291083848722,0,FALSE,FALSE,"",2667,2367,TRUE,discrete_dose,3,1,sieve_md
0.000316227766016838,0.0120371692239779,0,FALSE,FALSE,"",2667,2367,TRUE,discrete_dose,3,1,sieve_md
0.000562341325190349,0.0124692451043889,0,FALSE,FALSE,"",2667,2367,TRUE,discrete_dose,3,1,sieve_md
0.001,0.0127454872958044,0,FALSE,FALSE,"",2667,2367,TRUE,discrete_dose,3,1,sieve_md
0.00177827941003892,0.0129038698838453,0,FALSE,FALSE,"",2667,2367,TRUE,discrete_dose,3,1,sieve_md
0.00316227766016838,0.0129785208219802,0,FALSE,FALSE,"",2667,2367,TRUE,discrete_dose,3,1,sieve_md
0.00562341325190349,0.0129930159062034,0,FALSE,FALSE,"",2667,2367,TRUE,discrete_dose,3,1,sieve_md
0.01,0.0129623468640837,0,FALSE,FALSE,"",2667,2367,TRUE,discrete_dose,3,1,sieve_md
0.0177827941003892,0.0128970100211521,0,FALSE,FALSE,"",2667,2367,TRUE,discrete_dose,3,1,sieve_md
0.0316227766016838,0.0128079952237557,0,FALSE,FALSE,"",2667,2367,TRUE,discrete_dose,3,1,sieve_md
0.0562341325190349,0.0127197912203504,0,FALSE,FALSE,"",2667,2367,TRUE,discrete_dose,3,1,sieve_md
0.1,0.0127018520381365,0,FALSE,FALSE,"",2667,2367,TRUE,discrete_dose,3,1,sieve_md
0.177827941003892,0.0128915703523635,0,FALSE,FALSE,"",2667,2367,TRUE,discrete_dose,3,1,sieve_md
0.316227766016838,0.0134167976524683,0,FALSE,FALSE,"",2667,2367,TRUE,discrete_dose,3,1,sieve_md
0.562341325190349,0.0142392560745411,0,FALSE,FALSE,"",2667,2367,TRUE,discrete_dose,3,1,sieve_md
1,0.0151493747834196,0,FALSE,FALSE,"",2667,2367,TRUE,discrete_dose,3,1,sieve_md
1e-10,0.0115964285435269,0,FALSE,FALSE,"",1778,1583,TRUE,discrete_dose,3,2,sieve_md
1.77827941003892e-10,0.0114939103277809,0,FALSE,FALSE,"",1778,1583,TRUE,discrete_dose,3,2,sieve_md
3.16227766016838e-10,0.0113678906190921,0,FALSE,FALSE,"",1778,1583,TRUE,discrete_dose,3,2,sieve_md
5.62341325190349e-10,0.0112210856971256,0,FALSE,FALSE,"",1778,1583,TRUE,discrete_dose,3,2,sieve_md
1e-09,0.0110626842983788,0,FALSE,FALSE,"",1778,1583,TRUE,discrete_dose,3,2,sieve_md
1.77827941003892e-09,0.0108722617324684,0,FALSE,FALSE,"",1778,1583,TRUE,discrete_dose,3,2,sieve_md
3.16227766016838e-09,0.0106835882789358,0,FALSE,FALSE,"",1778,1583,TRUE,discrete_dose,3,2,sieve_md
5.62341325190349e-09,0.0104784663932622,0,FALSE,FALSE,"",1778,1583,TRUE,discrete_dose,3,2,sieve_md
1e-08,0.0102424778690938,0,FALSE,FALSE,"",1778,1583,TRUE,discrete_dose,3,2,sieve_md
1.77827941003892e-08,0.00998283348206571,0,FALSE,FALSE,"",1778,1583,TRUE,discrete_dose,3,2,sieve_md
3.16227766016838e-08,0.00971081175171377,0,FALSE,FALSE,"",1778,1583,TRUE,discrete_dose,3,2,sieve_md
5.62341325190349e-08,0.00940406174957774,0,FALSE,FALSE,"",1778,1583,TRUE,discrete_dose,3,2,sieve_md
1e-07,0.00908256458061234,0,FALSE,FALSE,"",1778,1583,TRUE,discrete_dose,3,2,sieve_md
1.77827941003892e-07,0.00875487206004626,0,FALSE,FALSE,"",1778,1583,TRUE,discrete_dose,3,2,sieve_md
3.16227766016838e-07,0.00842866470851238,0,FALSE,FALSE,"",1778,1583,TRUE,discrete_dose,3,2,sieve_md
5.62341325190349e-07,0.00813452250623663,0,FALSE,FALSE,"",1778,1583,TRUE,discrete_dose,3,2,sieve_md
1e-06,0.00791193121317181,0,FALSE,FALSE,"",1778,1583,TRUE,discrete_dose,3,2,sieve_md
1.77827941003892e-06,0.00784496814775583,0,TRUE,FALSE,"",1778,1583,TRUE,discrete_dose,3,2,sieve_md
3.16227766016838e-06,0.00806788777621818,0,FALSE,FALSE,"",1778,1583,TRUE,discrete_dose,3,2,sieve_md
5.62341325190349e-06,0.00885683514246225,0,FALSE,FALSE,"",1778,1583,TRUE,discrete_dose,3,2,sieve_md
1e-05,0.0105879839333463,0,FALSE,FALSE,"",1778,1583,TRUE,discrete_dose,3,2,sieve_md
1.77827941003892e-05,0.0127859319720086,0,FALSE,FALSE,"",1778,1583,TRUE,discrete_dose,3,2,sieve_md
3.16227766016838e-05,0.0144934481308775,0,FALSE,FALSE,"",1778,1583,TRUE,discrete_dose,3,2,sieve_md
5.62341325190349e-05,0.0157896064639085,0,FALSE,FALSE,"",1778,1583,TRUE,discrete_dose,3,2,sieve_md
1e-04,0.0170179924209899,0,FALSE,FALSE,"",1778,1583,TRUE,discrete_dose,3,2,sieve_md
0.000177827941003892,0.0182798033513534,0,FALSE,FALSE,"",1778,1583,TRUE,discrete_dose,3,2,sieve_md
0.000316227766016838,0.0194514251518269,0,FALSE,FALSE,"",1778,1583,TRUE,discrete_dose,3,2,sieve_md
0.000562341325190349,0.0203721730286014,0,FALSE,FALSE,"",1778,1583,TRUE,discrete_dose,3,2,sieve_md
0.001,0.0209944250929514,0,FALSE,FALSE,"",1778,1583,TRUE,discrete_dose,3,2,sieve_md
0.00177827941003892,0.021370181705499,0,FALSE,FALSE,"",1778,1583,TRUE,discrete_dose,3,2,sieve_md
0.00316227766016838,0.0215692579113363,0,FALSE,FALSE,"",1778,1583,TRUE,discrete_dose,3,2,sieve_md
0.00562341325190349,0.0216494036702258,0,FALSE,FALSE,"",1778,1583,TRUE,discrete_dose,3,2,sieve_md
0.01,0.021648421268971,0,FALSE,FALSE,"",1778,1583,TRUE,discrete_dose,3,2,sieve_md
0.0177827941003892,0.021597297026457,0,FALSE,FALSE,"",1778,1583,TRUE,discrete_dose,3,2,sieve_md
0.0316227766016838,0.0215302651437298,0,FALSE,FALSE,"",1778,1583,TRUE,discrete_dose,3,2,sieve_md
0.0562341325190349,0.0215019729868981,0,FALSE,FALSE,"",1778,1583,TRUE,discrete_dose,3,2,sieve_md
0.1,0.0216263712267738,0,FALSE,FALSE,"",1778,1583,TRUE,discrete_dose,3,2,sieve_md
0.177827941003892,0.0220996276430717,0,FALSE,FALSE,"",1778,1583,TRUE,discrete_dose,3,2,sieve_md
0.316227766016838,0.0231260462215879,0,FALSE,FALSE,"",1778,1583,TRUE,discrete_dose,3,2,sieve_md
0.562341325190349,0.0247289651223978,0,FALSE,FALSE,"",1778,1583,TRUE,discrete_dose,3,2,sieve_md
1,0.0266461852489327,0,FALSE,FALSE,"",1778,1583,TRUE,discrete_dose,3,2,sieve_md
1e-10,0.0153414414283848,0,FALSE,FALSE,"",1778,1562,TRUE,discrete_dose,3,3,sieve_md
1.77827941003892e-10,0.0151376773263658,0,FALSE,FALSE,"",1778,1562,TRUE,discrete_dose,3,3,sieve_md
3.16227766016838e-10,0.0149068523820999,0,FALSE,FALSE,"",1778,1562,TRUE,discrete_dose,3,3,sieve_md
5.62341325190349e-10,0.014680029121454,0,FALSE,FALSE,"",1778,1562,TRUE,discrete_dose,3,3,sieve_md
1e-09,0.0144305945197019,0,FALSE,FALSE,"",1778,1562,TRUE,discrete_dose,3,3,sieve_md
1.77827941003892e-09,0.0141532997740257,0,FALSE,FALSE,"",1778,1562,TRUE,discrete_dose,3,3,sieve_md
3.16227766016838e-09,0.0138682258695519,0,FALSE,FALSE,"",1778,1562,TRUE,discrete_dose,3,3,sieve_md
5.62341325190349e-09,0.0135558393077025,0,FALSE,FALSE,"",1778,1562,TRUE,discrete_dose,3,3,sieve_md
1e-08,0.0132217828374301,0,FALSE,FALSE,"",1778,1562,TRUE,discrete_dose,3,3,sieve_md
1.77827941003892e-08,0.0128610304889558,0,FALSE,FALSE,"",1778,1562,TRUE,discrete_dose,3,3,sieve_md
3.16227766016838e-08,0.0124789176588403,0,FALSE,FALSE,"",1778,1562,TRUE,discrete_dose,3,3,sieve_md
5.62341325190349e-08,0.0120683373308919,0,FALSE,FALSE,"",1778,1562,TRUE,discrete_dose,3,3,sieve_md
1e-07,0.011642129323822,0,FALSE,FALSE,"",1778,1562,TRUE,discrete_dose,3,3,sieve_md
1.77827941003892e-07,0.0112067109014061,0,FALSE,FALSE,"",1778,1562,TRUE,discrete_dose,3,3,sieve_md
3.16227766016838e-07,0.0107925576201406,0,FALSE,FALSE,"",1778,1562,TRUE,discrete_dose,3,3,sieve_md
5.62341325190349e-07,0.0104384422037424,0,FALSE,FALSE,"",1778,1562,TRUE,discrete_dose,3,3,sieve_md
1e-06,0.0101990523123123,0,FALSE,FALSE,"",1778,1562,TRUE,discrete_dose,3,3,sieve_md
1.77827941003892e-06,0.0101923753011969,0,TRUE,FALSE,"",1778,1562,TRUE,discrete_dose,3,3,sieve_md
3.16227766016838e-06,0.0106202713951913,0,FALSE,FALSE,"",1778,1562,TRUE,discrete_dose,3,3,sieve_md
5.62341325190349e-06,0.011749624200586,0,FALSE,FALSE,"",1778,1562,TRUE,discrete_dose,3,3,sieve_md
1e-05,0.0137697008257334,0,FALSE,FALSE,"",1778,1562,TRUE,discrete_dose,3,3,sieve_md
1.77827941003892e-05,0.0156875339936975,0,FALSE,FALSE,"",1778,1562,TRUE,discrete_dose,3,3,sieve_md
3.16227766016838e-05,0.0171284503979112,0,FALSE,FALSE,"",1778,1562,TRUE,discrete_dose,3,3,sieve_md
5.62341325190349e-05,0.0183160937990441,0,FALSE,FALSE,"",1778,1562,TRUE,discrete_dose,3,3,sieve_md
1e-04,0.0194581831896466,0,FALSE,FALSE,"",1778,1562,TRUE,discrete_dose,3,3,sieve_md
0.000177827941003892,0.0205541710643142,0,FALSE,FALSE,"",1778,1562,TRUE,discrete_dose,3,3,sieve_md
0.000316227766016838,0.0214734354506647,0,FALSE,FALSE,"",1778,1562,TRUE,discrete_dose,3,3,sieve_md
0.000562341325190349,0.0221311751906569,0,FALSE,FALSE,"",1778,1562,TRUE,discrete_dose,3,3,sieve_md
0.001,0.0225369766316465,0,FALSE,FALSE,"",1778,1562,TRUE,discrete_dose,3,3,sieve_md
0.00177827941003892,0.0227399574241547,0,FALSE,FALSE,"",1778,1562,TRUE,discrete_dose,3,3,sieve_md
0.00316227766016838,0.0227826845984761,0,FALSE,FALSE,"",1778,1562,TRUE,discrete_dose,3,3,sieve_md
0.00562341325190349,0.0226869307908778,0,FALSE,FALSE,"",1778,1562,TRUE,discrete_dose,3,3,sieve_md
0.01,0.0224589378243723,0,FALSE,FALSE,"",1778,1562,TRUE,discrete_dose,3,3,sieve_md
0.0177827941003892,0.0221053653888468,0,FALSE,FALSE,"",1778,1562,TRUE,discrete_dose,3,3,sieve_md
0.0316227766016838,0.0216664868901042,0,FALSE,FALSE,"",1778,1562,TRUE,discrete_dose,3,3,sieve_md
0.0562341325190349,0.0212670709734402,0,FALSE,FALSE,"",1778,1562,TRUE,discrete_dose,3,3,sieve_md
0.1,0.0211653250508495,0,FALSE,FALSE,"",1778,1562,TRUE,discrete_dose,3,3,sieve_md
0.177827941003892,0.0217291834003203,0,FALSE,FALSE,"",1778,1562,TRUE,discrete_dose,3,3,sieve_md
0.316227766016838,0.0231692311256035,0,FALSE,FALSE,"",1778,1562,TRUE,discrete_dose,3,3,sieve_md
0.562341325190349,0.0252110908856316,0,FALSE,FALSE,"",1778,1562,TRUE,discrete_dose,3,3,sieve_md
1,0.0273161951745231,0,FALSE,FALSE,"",1778,1562,TRUE,discrete_dose,3,3,sieve_md
1e-10,0.00876682100313994,0,FALSE,FALSE,"",1778,1589,TRUE,discrete_dose,3,4,sieve_md
1.77827941003892e-10,0.00869682068455004,0,FALSE,FALSE,"",1778,1589,TRUE,discrete_dose,3,4,sieve_md
3.16227766016838e-10,0.00860719165590577,0,FALSE,FALSE,"",1778,1589,TRUE,discrete_dose,3,4,sieve_md
5.62341325190349e-10,0.00851873680285666,0,FALSE,FALSE,"",1778,1589,TRUE,discrete_dose,3,4,sieve_md
1e-09,0.00840863479548091,0,FALSE,FALSE,"",1778,1589,TRUE,discrete_dose,3,4,sieve_md
1.77827941003892e-09,0.00827906675592815,0,FALSE,FALSE,"",1778,1589,TRUE,discrete_dose,3,4,sieve_md
3.16227766016838e-09,0.008139282186464,0,FALSE,FALSE,"",1778,1589,TRUE,discrete_dose,3,4,sieve_md
5.62341325190349e-09,0.00797523927205821,0,FALSE,FALSE,"",1778,1589,TRUE,discrete_dose,3,4,sieve_md
1e-08,0.00779596203963707,0,FALSE,FALSE,"",1778,1589,TRUE,discrete_dose,3,4,sieve_md
1.77827941003892e-08,0.00760324485086497,0,FALSE,FALSE,"",1778,1589,TRUE,discrete_dose,3,4,sieve_md
3.16227766016838e-08,0.00738820378465631,0,FALSE,FALSE,"",1778,1589,TRUE,discrete_dose,3,4,sieve_md
5.62341325190349e-08,0.00716630785188052,0,FALSE,FALSE,"",1778,1589,TRUE,discrete_dose,3,4,sieve_md
1e-07,0.00693549388960016,0,FALSE,FALSE,"",1778,1589,TRUE,discrete_dose,3,4,sieve_md
1.77827941003892e-07,0.00670663433695383,0,FALSE,FALSE,"",1778,1589,TRUE,discrete_dose,3,4,sieve_md
3.16227766016838e-07,0.00650975256375005,0,FALSE,FALSE,"",1778,1589,TRUE,discrete_dose,3,4,sieve_md
5.62341325190349e-07,0.00636801554295379,0,FALSE,FALSE,"",1778,1589,TRUE,discrete_dose,3,4,sieve_md
1e-06,0.00631850766487184,0,TRUE,FALSE,"",1778,1589,TRUE,discrete_dose,3,4,sieve_md
1.77827941003892e-06,0.00644949867228118,0,FALSE,FALSE,"",1778,1589,TRUE,discrete_dose,3,4,sieve_md
3.16227766016838e-06,0.00693950924679042,0,FALSE,FALSE,"",1778,1589,TRUE,discrete_dose,3,4,sieve_md
5.62341325190349e-06,0.00817411969691932,0,FALSE,FALSE,"",1778,1589,TRUE,discrete_dose,3,4,sieve_md
1e-05,0.0106592641799367,0,FALSE,FALSE,"",1778,1589,TRUE,discrete_dose,3,4,sieve_md
1.77827941003892e-05,0.0131865326227666,0,FALSE,FALSE,"",1778,1589,TRUE,discrete_dose,3,4,sieve_md
3.16227766016838e-05,0.0152041766809013,0,FALSE,FALSE,"",1778,1589,TRUE,discrete_dose,3,4,sieve_md
5.62341325190349e-05,0.0167174005754907,0,FALSE,FALSE,"",1778,1589,TRUE,discrete_dose,3,4,sieve_md
1e-04,0.0179757770792113,0,FALSE,FALSE,"",1778,1589,TRUE,discrete_dose,3,4,sieve_md
0.000177827941003892,0.0191651770113277,0,FALSE,FALSE,"",1778,1589,TRUE,discrete_dose,3,4,sieve_md
0.000316227766016838,0.0202443487836701,0,FALSE,FALSE,"",1778,1589,TRUE,discrete_dose,3,4,sieve_md
0.000562341325190349,0.0210939614451583,0,FALSE,FALSE,"",1778,1589,TRUE,discrete_dose,3,4,sieve_md
0.001,0.0216712939621922,0,FALSE,FALSE,"",1778,1589,TRUE,discrete_dose,3,4,sieve_md
0.00177827941003892,0.02201628172885,0,FALSE,FALSE,"",1778,1589,TRUE,discrete_dose,3,4,sieve_md
0.00316227766016838,0.0221901545447144,0,FALSE,FALSE,"",1778,1589,TRUE,discrete_dose,3,4,sieve_md
0.00562341325190349,0.0222373495423623,0,FALSE,FALSE,"",1778,1589,TRUE,discrete_dose,3,4,sieve_md
0.01,0.0221815976854857,0,FALSE,FALSE,"",1778,1589,TRUE,discrete_dose,3,4,sieve_md
0.0177827941003892,0.0220374533417359,0,FALSE,FALSE,"",1778,1589,TRUE,discrete_dose,3,4,sieve_md
0.0316227766016838,0.0218335206440351,0,FALSE,FALSE,"",1778,1589,TRUE,discrete_dose,3,4,sieve_md
0.0562341325190349,0.0216513376599766,0,FALSE,FALSE,"",1778,1589,TRUE,discrete_dose,3,4,sieve_md
0.1,0.021686587272907,0,FALSE,FALSE,"",1778,1589,TRUE,discrete_dose,3,4,sieve_md
0.177827941003892,0.022242427497934,0,FALSE,FALSE,"",1778,1589,TRUE,discrete_dose,3,4,sieve_md
0.316227766016838,0.0235206168445047,0,FALSE,FALSE,"",1778,1589,TRUE,discrete_dose,3,4,sieve_md
0.562341325190349,0.0253380708579915,0,FALSE,FALSE,"",1778,1589,TRUE,discrete_dose,3,4,sieve_md
1,0.0272676781890888,0,FALSE,FALSE,"",1778,1589,TRUE,discrete_dose,3,4,sieve_md
